game_id,date,home_team,away_team,home_pf5,home_pa5,home_tot5,away_pf5,away_pa5,away_tot5,target_total,target_margin,target_1h_total,rest_home,rest_away,b2b_home,b2b_away,neutral_site,home_efg5,home_tov_rate5,home_orb_rate5,home_ftr5,home_poss5,away_efg5,away_tov_rate5,away_orb_rate5,away_ftr5,away_poss5,home_rating_margin,away_rating_margin,rating_margin_diff,home_off_rating,away_off_rating,off_rating_diff,home_def_rating,away_def_rating,def_rating_diff,home_tempo_rating,away_tempo_rating,tempo_rating_sum,home_conf,away_conf
400915560,2016-12-10,UCLA Bruins,Michigan Wolverines,99.2,74.0,173.2,,,,186,18,100.0,7.0,14.0,False,False,False,,,,,0.0,,,,,,17.221933449702984,15.336992047065849,1.884941402637136,,,,,,,,,,Big Ten,Big Ten
400915139,2016-12-27,Penn State Nittany Lions,Northwestern Wildcats,,,,,,,164,-10,83.0,,36.0,False,False,False,,,,,,,,,,,10.213968509412432,7.211198018538384,3.002770490874048,,,,,,,,,,Big Ten,Big Ten
400914957,2016-12-27,Maryland Terrapins,Illinois Fighting Illini,,,,,,,143,25,62.0,15.0,33.0,False,False,False,,,,,,,,,,,12.695141455510884,14.692714987512222,-1.997573532001338,,,,,,,,,,Big Ten,Big Ten
400914931,2016-12-27,Wisconsin Badgers,Rutgers Scarlet Knights,84.8,58.8,143.6,,,,124,20,51.0,4.0,,False,False,False,,,,,0.0,,,,,,14.787408366676976,9.720039823352574,5.0673685433244025,,,,,,,,,,Big Ten,Big Ten
400915072,2016-12-27,Minnesota Golden Gophers,Michigan State Spartans,,,,,,,149,-1,65.0,,33.0,False,False,False,,,,,,,,,,,7.085228313976824,17.585471382736248,-10.500243068759424,,,,,,,,,,Big Ten,Big Ten
400915596,2016-12-28,Oregon Ducks,UCLA Bruins,86.4,61.6,148.0,96.2,72.4,168.6,176,2,99.0,8.0,7.0,False,False,False,,,,,0.0,,,,,0.0,14.596831796008162,17.221933449702984,-2.6251016536948217,,,,,,,,,,Big Ten,Big Ten
400914975,2016-12-28,Indiana Hoosiers,Nebraska Cornhuskers,93.8,58.8,152.6,,,,170,-4,69.0,6.0,18.0,False,False,False,,,,,0.0,,,,,,11.724820526235712,5.893400049870473,5.831420476365239,,,,,,,,,,Big Ten,Big Ten
400915599,2016-12-30,Oregon Ducks,USC Trojans,78.6,67.2,145.8,,,,145,23,67.0,2.0,2.0,False,False,False,,,,,0.0,,,,,,14.596831796008162,10.115580145627325,4.4812516503808375,,,,,,,,,,Big Ten,Big Ten
400915094,2017-01-01,Purdue Boilermakers,Minnesota Golden Gophers,89.8,53.8,143.6,,,,173,-9,73.0,11.0,5.0,False,False,False,,,,,0.0,,,,,,18.93258727393362,7.085228313976824,11.847358959956797,,,,,,,,,,Big Ten,Big Ten
400914932,2017-01-03,Indiana Hoosiers,Wisconsin Badgers,89.6,68.6,158.2,81.2,55.2,136.4,143,-7,75.0,3.0,7.0,False,False,False,,,,,0.0,,,,,0.0,11.724820526235712,14.787408366676976,-3.062587840441264,,,,,,,,,,Big Ten,Big Ten
400915606,2017-01-04,Washington Huskies,Oregon Ducks,,,,82.4,68.2,150.6,144,-22,75.0,28.0,5.0,False,False,False,,,,,,,,,,0.0,5.191095219476611,14.596831796008162,-9.405736576531552,,,,,,,,,,Big Ten,Big Ten
400915159,2017-01-05,Ohio State Buckeyes,Purdue Boilermakers,,,,84.4,59.0,143.4,151,-1,82.0,45.0,4.0,False,False,False,,,,,,,,,,0.0,13.881446041273204,18.93258727393362,-5.051141232660417,,,,,,,,,,Big Ten,Big Ten
400914959,2017-01-07,Indiana Hoosiers,Illinois Fighting Illini,82.6,71.4,154.0,,,,176,16,77.0,4.0,11.0,False,False,False,,,,,0.0,,,,,,11.724820526235712,14.692714987512222,-2.9678944612765097,,,,,,,,,,Big Ten,Big Ten
400914933,2017-01-08,Purdue Boilermakers,Wisconsin Badgers,81.6,62.8,144.4,80.6,60.0,140.6,121,11,52.0,3.0,5.0,False,False,False,,,,,0.0,,,,,0.0,18.93258727393362,14.787408366676976,4.1451789072566445,,,,,,,,,,Big Ten,Big Ten
400915076,2017-01-11,Michigan State Spartans,Minnesota Golden Gophers,,,,,,,112,18,56.0,15.0,10.0,False,False,False,,,,,,,,,,,17.585471382736248,7.085228313976824,10.500243068759424,,,,,,,,,,Big Ten,Big Ten
400915008,2017-01-12,Iowa Hawkeyes,Purdue Boilermakers,,,,79.4,63.2,142.6,161,5,85.0,,4.0,False,False,False,,,,,,,,,,0.0,13.699476648217637,18.93258727393362,-5.233110625715986,,,,,,,,,,Big Ten,Big Ten
400914934,2017-01-12,Wisconsin Badgers,Ohio State Buckeyes,73.0,56.4,129.4,,,,155,23,72.0,4.0,7.0,False,False,False,,,,,0.0,,,,,,14.787408366676976,13.881446041273204,0.905962325403772,,,,,,,,,,Big Ten,Big Ten
400915097,2017-01-14,Penn State Nittany Lions,Minnesota Golden Gophers,,,,,,,102,2,54.0,18.0,3.0,False,False,False,,,,,,,,,,,10.213968509412432,7.085228313976824,3.128740195435608,,,,,,,,,,Big Ten,Big Ten
400914962,2017-01-17,Purdue Boilermakers,Illinois Fighting Illini,78.6,69.8,148.4,,,,159,23,74.0,5.0,10.0,False,False,False,,,,,0.0,,,,,,18.93258727393362,14.692714987512222,4.239872286421399,,,,,,,,,,Big Ten,Big Ten
400915010,2017-01-19,Iowa Hawkeyes,Maryland Terrapins,,,,,,,160,-8,73.0,7.0,23.0,False,False,False,,,,,,,,,,,13.699476648217637,12.695141455510884,1.0043351927067512,,,,,,,,,,Big Ten,Big Ten
400914936,2017-01-21,Minnesota Golden Gophers,Wisconsin Badgers,,,,76.2,57.8,134.0,154,-2,66.0,7.0,9.0,False,False,False,,,,,,,,,,0.0,7.085228313976824,14.787408366676976,-7.702180052700152,,,,,,,,,,Big Ten,Big Ten
400915177,2017-01-21,Purdue Boilermakers,Penn State Nittany Lions,78.6,74.4,153.0,,,,129,25,64.0,4.0,7.0,False,False,False,,,,,0.0,,,,,,18.93258727393362,10.213968509412432,8.718618764521189,,,,,,,,,,Big Ten,Big Ten
400915141,2017-01-22,Ohio State Buckeyes,Northwestern Wildcats,,,,,,,146,-2,67.0,10.0,26.0,False,False,False,,,,,,,,,,,13.881446041273204,7.211198018538384,6.67024802273482,,,,,,,,,,Big Ten,Big Ten
400914937,2017-01-24,Wisconsin Badgers,Penn State Nittany Lions,73.8,65.6,139.4,,,,137,27,69.0,3.0,3.0,False,False,False,,,,,0.0,,,,,,14.787408366676976,10.213968509412432,4.573439857264544,,,,,,,,,,Big Ten,Big Ten
400915078,2017-01-24,Michigan State Spartans,Purdue Boilermakers,,,,77.6,66.6,144.2,157,-11,78.0,13.0,3.0,False,False,False,,,,,,,,,,0.0,17.585471382736248,18.93258727393362,-1.3471158911973724,,,,,,,,,,Big Ten,Big Ten
400915032,2017-01-24,Maryland Terrapins,Rutgers Scarlet Knights,,,,,,,122,12,63.0,5.0,28.0,False,False,False,,,,,,,,,,,12.695141455510884,9.720039823352574,2.97510163215831,,,,,,,,,,Big Ten,Big Ten
400915640,2017-01-25,USC Trojans,UCLA Bruins,71.4,73.6,145.0,92.6,84.4,177.0,160,8,88.0,3.0,4.0,False,False,False,,,,,0.0,,,,,0.0,10.115580145627325,17.221933449702984,-7.106353304075659,,,,,,,,,,Big Ten,Big Ten
400914938,2017-01-28,Rutgers Scarlet Knights,Wisconsin Badgers,,,,75.8,66.2,142.0,115,-7,45.0,4.0,4.0,False,False,True,,,,,,,,,,0.0,9.720039823352574,14.787408366676976,-5.0673685433244025,,,,,,,,,,Big Ten,Big Ten
400915033,2017-01-28,Minnesota Golden Gophers,Maryland Terrapins,67.6,70.4,138.0,77.8,62.4,140.2,163,-7,59.0,7.0,4.0,False,False,False,,,,,0.0,,,,,0.0,7.085228313976824,12.695141455510884,-5.60991314153406,,,,,,,,,,Big Ten,Big Ten
400915115,2017-01-29,Nebraska Cornhuskers,Purdue Boilermakers,,,,79.2,66.2,145.4,163,3,72.0,32.0,5.0,False,False,False,,,,,,,,,,0.0,5.893400049870473,18.93258727393362,-13.039187224063149,,,,,,,,,,Big Ten,Big Ten
400914939,2017-01-31,Illinois Fighting Illini,Wisconsin Badgers,68.8,88.8,157.6,73.0,63.4,136.4,100,-14,53.0,14.0,3.0,False,False,False,,,,,0.0,,,,,0.0,14.692714987512222,14.787408366676976,-0.0946933791647541,,,,,,,,,,Big Ten,Big Ten
400915034,2017-01-31,Ohio State Buckeyes,Maryland Terrapins,,,,82.4,66.8,149.2,148,-6,78.0,9.0,3.0,False,False,False,,,,,,,,,,0.0,13.881446041273204,12.695141455510884,1.1863045857623202,,,,,,,,,,Big Ten,Big Ten
400915142,2017-02-01,Purdue Boilermakers,Northwestern Wildcats,82.0,71.8,153.8,,,,139,21,68.0,3.0,10.0,False,False,False,,,,,0.0,,,,,,18.93258727393362,7.211198018538384,11.721389255395238,,,,,,,,,,Big Ten,Big Ten
400915660,2017-02-04,Washington Huskies,UCLA Bruins,,,,88.2,84.2,172.4,173,-41,86.0,6.0,3.0,False,False,False,,,,,,,,,,0.0,5.191095219476611,17.221933449702984,-12.030838230226372,,,,,,,,,,Big Ten,Big Ten
400915035,2017-02-04,Maryland Terrapins,Purdue Boilermakers,79.4,67.8,147.2,82.4,67.0,149.4,145,-1,70.0,4.0,3.0,False,False,False,,,,,0.0,,,,,0.0,12.695141455510884,18.93258727393362,-6.237445818422737,,,,,,,,,,Big Ten,Big Ten
400914940,2017-02-05,Wisconsin Badgers,Indiana Hoosiers,73.4,58.8,132.2,81.2,76.2,157.4,125,5,51.0,5.0,29.0,False,False,False,,,,,0.0,,,,,0.0,14.787408366676976,11.724820526235712,3.062587840441264,,,,,,,,,,Big Ten,Big Ten
400915036,2017-02-07,Penn State Nittany Lions,Maryland Terrapins,,,,77.0,70.6,147.6,134,6,64.0,14.0,3.0,False,False,False,,,,,,,,,,0.0,10.213968509412432,12.695141455510884,-2.481172946098452,,,,,,,,,,Big Ten,Big Ten
400915666,2017-02-09,UCLA Bruins,Oregon Ducks,93.0,81.0,174.0,72.6,64.2,136.8,161,3,87.0,5.0,5.0,False,False,False,,,,,0.0,,,,,0.0,17.221933449702984,14.596831796008162,2.6251016536948217,,,,,,,,,,Big Ten,Big Ten
400914984,2017-02-09,Indiana Hoosiers,Purdue Boilermakers,73.8,76.8,150.6,78.8,67.8,146.6,133,-5,68.0,4.0,5.0,False,False,False,,,,,0.0,,,,,0.0,11.724820526235712,18.93258727393362,-7.207766747697908,,,,,,,,,,Big Ten,Big Ten
400915671,2017-02-11,USC Trojans,Oregon Ducks,73.8,77.6,151.4,74.6,70.2,144.8,151,-11,68.0,17.0,2.0,False,False,False,,,,,0.0,,,,,0.0,10.115580145627325,14.596831796008162,-4.4812516503808375,,,,,,,,,,Big Ten,Big Ten
400915037,2017-02-11,Maryland Terrapins,Ohio State Buckeyes,73.0,69.4,142.4,70.0,70.8,140.8,163,9,76.0,4.0,11.0,False,False,False,,,,,0.0,,,,,0.0,12.695141455510884,13.881446041273204,-1.1863045857623202,,,,,,,,,,Big Ten,Big Ten
400914942,2017-02-12,Wisconsin Badgers,Northwestern Wildcats,68.6,57.6,126.2,,,,125,-7,53.0,7.0,11.0,False,False,False,,,,,0.0,,,,,,14.787408366676976,7.211198018538384,7.576210348138592,,,,,,,,,,Big Ten,Big Ten
400915194,2017-02-14,Purdue Boilermakers,Rutgers Scarlet Knights,77.2,70.2,147.4,,,,129,19,59.0,5.0,17.0,False,False,False,,,,,0.0,,,,,,18.93258727393362,9.720039823352574,9.212547450581049,,,,,,,,,,Big Ten,Big Ten
400915038,2017-02-15,Northwestern Wildcats,Maryland Terrapins,72.6,69.2,141.8,76.8,73.8,150.6,138,-10,54.0,3.0,4.0,False,False,False,,,,,0.0,,,,,0.0,7.211198018538384,12.695141455510884,-5.4839434369725,,,,,,,,,,Big Ten,Big Ten
400914943,2017-02-16,Michigan Wolverines,Wisconsin Badgers,,,,64.8,55.6,120.4,122,6,61.0,68.0,4.0,False,False,False,,,,,,,,,,0.0,15.336992047065849,14.787408366676976,0.5495836803888725,,,,,,,,,,Big Ten,Big Ten
400915682,2017-02-18,UCLA Bruins,USC Trojans,87.6,73.6,161.2,73.2,79.0,152.2,172,32,80.0,6.0,7.0,False,False,False,,,,,0.0,,,,,0.0,17.221933449702984,10.115580145627325,7.106353304075659,,,,,,,,,,Big Ten,Big Ten
400914944,2017-02-19,Wisconsin Badgers,Maryland Terrapins,60.0,57.4,117.4,74.6,71.0,145.6,131,11,60.0,3.0,4.0,False,False,False,,,,,0.0,,,,,0.0,14.787408366676976,12.695141455510884,2.0922669111660923,,,,,,,,,,Big Ten,Big Ten
400915179,2017-02-21,Penn State Nittany Lions,Purdue Boilermakers,61.2,72.0,133.2,75.2,66.6,141.8,144,-4,62.0,14.0,7.0,False,False,False,,,,,0.0,,,,,0.0,10.213968509412432,18.93258727393362,-8.718618764521189,,,,,,,,,,Big Ten,Big Ten
400915039,2017-02-22,Maryland Terrapins,Minnesota Golden Gophers,71.2,71.0,142.2,68.4,72.4,140.8,164,-14,69.0,3.0,25.0,False,False,False,,,,,0.0,,,,,0.0,12.695141455510884,7.085228313976824,5.60991314153406,,,,,,,,,,Big Ten,Big Ten
400914945,2017-02-23,Ohio State Buckeyes,Wisconsin Badgers,72.2,80.4,152.6,62.0,58.6,120.6,156,10,75.0,12.0,4.0,False,False,False,,,,,0.0,,,,,0.0,13.881446041273204,14.787408366676976,-0.905962325403772,,,,,,,,,,Big Ten,Big Ten
400915059,2017-02-25,Michigan Wolverines,Purdue Boilermakers,,,,74.0,64.0,138.0,152,12,75.0,9.0,4.0,False,False,False,,,,,,,,,,0.0,15.336992047065849,18.93258727393362,-3.595595226867772,,,,,,,,,,Big Ten,Big Ten
400915016,2017-02-25,Maryland Terrapins,Iowa Hawkeyes,71.8,74.2,146.0,,,,152,-14,87.0,3.0,37.0,False,False,False,,,,,0.0,,,,,,12.695141455510884,13.699476648217637,-1.0043351927067512,,,,,,,,,,Big Ten,Big Ten
400914946,2017-02-26,Michigan State Spartans,Wisconsin Badgers,74.2,66.2,140.4,65.2,66.6,131.8,158,10,75.0,33.0,3.0,False,False,False,,,,,0.0,,,,,0.0,17.585471382736248,14.787408366676976,2.798063016059272,,,,,,,,,,Big Ten,Big Ten
400914990,2017-02-28,Purdue Boilermakers,Indiana Hoosiers,72.0,68.6,140.6,70.0,73.2,143.2,161,11,72.0,3.0,19.0,False,False,False,,,,,0.0,,,,,0.0,18.93258727393362,11.724820526235712,7.207766747697908,,,,,,,,,,Big Ten,Big Ten
400915695,2017-03-01,UCLA Bruins,Washington Huskies,85.2,71.2,156.4,66.4,88.2,154.6,164,32,77.0,4.0,11.0,False,False,False,,,,,0.0,,,,,0.0,17.221933449702984,5.191095219476611,12.030838230226372,,,,,,,,,,Big Ten,Big Ten
400914947,2017-03-02,Wisconsin Badgers,Iowa Hawkeyes,67.0,71.4,138.4,,,,116,-2,57.0,4.0,5.0,False,False,False,,,,,0.0,,,,,,14.787408366676976,13.699476648217637,1.0879317184593411,,,,,,,,,,Big Ten,Big Ten
400915145,2017-03-05,Northwestern Wildcats,Purdue Boilermakers,70.0,72.4,142.4,74.6,69.2,143.8,134,-4,74.0,18.0,5.0,False,False,False,,,,,0.0,,,,,0.0,7.211198018538384,18.93258727393362,-11.721389255395238,,,,,,,,,,Big Ten,Big Ten
400914948,2017-03-05,Wisconsin Badgers,Minnesota Golden Gophers,66.6,70.0,136.6,68.0,71.0,139.0,115,17,56.0,3.0,11.0,False,False,False,,,,,0.0,,,,,0.0,14.787408366676976,7.085228313976824,7.702180052700152,,,,,,,,,,Big Ten,Big Ten
400945733,2017-03-08,Nebraska Cornhuskers,Penn State Nittany Lions,,,,59.8,69.4,129.2,143,-9,71.0,38.0,15.0,False,False,True,,,,,,,,,,0.0,5.893400049870473,10.213968509412432,-4.320568459541959,,,,,,,,,,Big Ten,Big Ten
400945734,2017-03-08,Ohio State Buckeyes,Rutgers Scarlet Knights,73.8,79.8,153.6,,,,123,-9,61.0,13.0,22.0,False,False,True,,,,,0.0,,,,,,13.881446041273204,9.720039823352574,4.16140621792063,,,,,,,,,,Big Ten,Big Ten
400945500,2017-03-08,USC Trojans,Washington Huskies,76.6,85.6,162.2,65.4,88.2,153.6,151,5,76.0,13.0,7.0,False,False,True,,,,,0.0,,,,,0.0,10.115580145627325,5.191095219476611,4.924484926150714,,,,,,,,,,Big Ten,Big Ten
400945735,2017-03-09,Michigan Wolverines,Illinois Fighting Illini,,,,61.4,83.4,144.8,130,20,69.0,12.0,37.0,False,False,True,,,,,,,,,,0.0,15.336992047065849,14.692714987512222,0.6442770595536267,,,,,,,,,,Big Ten,Big Ten
400945798,2017-03-09,Michigan State Spartans,Penn State Nittany Lions,71.0,70.4,141.4,64.6,72.8,137.4,129,27,72.0,11.0,1.0,False,True,True,,,,,0.0,,,,,0.0,17.585471382736248,10.213968509412432,7.371502873323816,,,,,,,,,,Big Ten,Big Ten
400945736,2017-03-09,Iowa Hawkeyes,Indiana Hoosiers,,,,72.6,75.0,147.6,168,-22,83.0,7.0,9.0,False,False,True,,,,,,,,,,0.0,13.699476648217637,11.724820526235712,1.9746561219819228,,,,,,,,,,Big Ten,Big Ten
400945799,2017-03-09,Northwestern Wildcats,Rutgers Scarlet Knights,65.6,70.8,136.4,56.4,66.2,122.6,144,22,66.0,4.0,1.0,False,True,True,,,,,0.0,,,,,0.0,7.211198018538384,9.720039823352574,-2.50884180481419,,,,,,,,,,Big Ten,Big Ten
400945806,2017-03-09,UCLA Bruins,USC Trojans,88.2,70.2,158.4,75.8,84.4,160.2,150,2,73.0,5.0,1.0,False,True,True,,,,,0.0,,,,,0.0,17.221933449702984,10.115580145627325,7.106353304075659,,,,,,,,,,Big Ten,Big Ten
400945800,2017-03-10,Purdue Boilermakers,Michigan Wolverines,74.6,69.4,144.0,73.8,66.4,140.2,144,-4,75.0,5.0,1.0,False,True,True,,,,,0.0,,,,,0.0,18.93258727393362,15.336992047065849,3.595595226867772,,,,,,,,,,Big Ten,Big Ten
400945801,2017-03-10,Minnesota Golden Gophers,Michigan State Spartans,68.4,71.2,139.6,75.0,66.0,141.0,121,5,54.0,5.0,1.0,False,True,True,,,,,0.0,,,,,0.0,7.085228313976824,17.585471382736248,-10.500243068759424,,,,,,,,,,Big Ten,Big Ten
400945803,2017-03-10,Wisconsin Badgers,Indiana Hoosiers,68.2,67.0,135.2,78.0,74.6,152.6,130,10,60.0,5.0,1.0,False,True,True,,,,,0.0,,,,,0.0,14.787408366676976,11.724820526235712,3.062587840441264,,,,,,,,,,Big Ten,Big Ten
400945802,2017-03-10,Maryland Terrapins,Northwestern Wildcats,72.8,76.8,149.6,67.4,68.6,136.0,136,-8,70.0,13.0,1.0,False,True,True,,,,,0.0,,,,,0.0,12.695141455510884,7.211198018538384,5.4839434369725,,,,,,,,,,Big Ten,Big Ten
400946255,2017-03-11,Minnesota Golden Gophers,Michigan Wolverines,71.0,72.4,143.4,75.8,71.0,146.8,161,-7,83.0,1.0,1.0,True,True,True,,,,,0.0,,,,,0.0,7.085228313976824,15.336992047065849,-8.251763733089025,,,,,,,,,,Big Ten,Big Ten
400946218,2017-03-11,Wisconsin Badgers,Northwestern Wildcats,68.0,67.0,135.0,70.0,65.4,135.4,124,28,59.0,1.0,1.0,True,True,True,,,,,0.0,,,,,0.0,14.787408366676976,7.211198018538384,7.576210348138592,,,,,,,,,,Big Ten,Big Ten
400946284,2017-03-12,Wisconsin Badgers,Michigan Wolverines,68.6,60.0,128.6,75.8,66.0,141.8,127,-15,65.0,1.0,1.0,True,True,True,,,,,0.0,,,,,0.0,14.787408366676976,15.336992047065849,-0.5495836803888725,,,,,,,,,,Big Ten,Big Ten
400947325,2017-03-23,Oregon Ducks,Michigan Wolverines,80.2,70.8,151.0,78.8,72.6,151.4,137,1,68.0,4.0,4.0,False,False,True,,,,,0.0,,,,,0.0,14.596831796008162,15.336992047065849,-0.7401602510576861,,,,,,,,,,Big Ten,Big Ten
400986399,2017-12-03,Michigan State Spartans,Nebraska Cornhuskers,75.4,65.6,141.0,73.6,79.2,152.8,143,29,64.0,10.0,10.0,False,False,False,,,,,0.0,,,,,0.0,17.585471382736248,5.893400049870473,11.692071332865776,,,,,,,,,,Big Ten,Big Ten
400986401,2017-12-03,Minnesota Golden Gophers,Rutgers Scarlet Knights,89.6,76.0,165.6,58.2,68.4,126.6,156,22,76.0,12.0,269.0,False,False,False,,,,,0.0,,,,,0.0,7.085228313976824,9.720039823352574,-2.6348115093757496,,,,,,,,,,Big Ten,Big Ten
400986406,2017-12-05,Rutgers Scarlet Knights,Michigan State Spartans,60.6,72.8,133.4,81.0,64.4,145.4,114,-10,52.0,2.0,2.0,False,False,False,,,,,0.0,,,,,0.0,9.720039823352574,17.585471382736248,-7.865431559383674,,,,,,,,,,Big Ten,Big Ten
400986407,2017-12-05,Nebraska Cornhuskers,Minnesota Golden Gophers,70.6,78.6,149.2,92.0,72.6,164.6,146,10,70.0,2.0,2.0,False,False,False,,,,,0.0,,,,,0.0,5.893400049870473,7.085228313976824,-1.1918282641063511,,,,,,,,,,Big Ten,Big Ten
400986485,2018-01-03,Purdue Boilermakers,Rutgers Scarlet Knights,86.8,60.4,147.2,60.2,73.0,133.2,133,31,69.0,4.0,29.0,False,False,False,,,,,0.0,,,,,0.0,18.93258727393362,9.720039823352574,9.212547450581049,,,,,,,,,,Big Ten,Big Ten
400986487,2018-01-04,Michigan State Spartans,Maryland Terrapins,93.4,57.8,151.2,66.6,78.2,144.8,152,30,76.0,4.0,294.0,False,False,False,,,,,0.0,,,,,0.0,17.585471382736248,12.695141455510884,4.890329927225364,,,,,,,,,,Big Ten,Big Ten
400986489,2018-01-05,Rutgers Scarlet Knights,Wisconsin Badgers,59.4,74.6,134.0,72.8,67.8,140.6,124,4,49.0,2.0,287.0,False,False,False,,,,,0.0,,,,,0.0,9.720039823352574,14.787408366676976,-5.0673685433244025,,,,,,,,,,Big Ten,Big Ten
400986490,2018-01-05,Penn State Nittany Lions,Northwestern Wildcats,64.4,73.0,137.4,78.8,71.0,149.8,141,15,75.0,302.0,14.0,False,False,False,,,,,0.0,,,,,0.0,10.213968509412432,7.211198018538384,3.002770490874048,,,,,,,,,,Big Ten,Big Ten
400986491,2018-01-06,Purdue Boilermakers,Nebraska Cornhuskers,88.6,55.2,143.8,68.8,75.6,144.4,136,12,72.0,3.0,32.0,False,False,False,,,,,0.0,,,,,0.0,18.93258727393362,5.893400049870473,13.039187224063149,,,,,,,,,,Big Ten,Big Ten
400986494,2018-01-07,Ohio State Buckeyes,Michigan State Spartans,69.4,77.6,147.0,99.2,59.6,158.8,144,16,70.0,45.0,3.0,False,False,False,,,,,0.0,,,,,0.0,13.881446041273204,17.585471382736248,-3.704025341463044,,,,,,,,,,Big Ten,Big Ten
400986497,2018-01-09,Michigan Wolverines,Purdue Boilermakers,77.6,72.4,150.0,87.4,57.6,145.0,139,-1,71.0,292.0,3.0,False,False,False,,,,,0.0,,,,,0.0,15.336992047065849,18.93258727393362,-3.595595226867772,,,,,,,,,,Big Ten,Big Ten
400986499,2018-01-10,Michigan State Spartans,Rutgers Scarlet Knights,94.4,63.0,157.4,59.0,75.2,134.2,148,4,57.0,3.0,5.0,False,False,False,,,,,0.0,,,,,0.0,17.585471382736248,9.720039823352574,7.865431559383674,,,,,,,,,,Big Ten,Big Ten
400986503,2018-01-12,Penn State Nittany Lions,Nebraska Cornhuskers,69.0,69.2,138.2,64.6,74.4,139.0,150,2,57.0,7.0,6.0,False,False,False,,,,,0.0,,,,,0.0,10.213968509412432,5.893400049870473,4.320568459541959,,,,,,,,,,Big Ten,Big Ten
400986504,2018-01-13,Michigan State Spartans,Michigan Wolverines,88.2,65.0,153.2,74.6,71.0,145.6,154,-10,71.0,3.0,4.0,False,False,False,,,,,0.0,,,,,0.0,17.585471382736248,15.336992047065849,2.2484793356704,,,,,,,,,,Big Ten,Big Ten
400986505,2018-01-13,Minnesota Golden Gophers,Purdue Boilermakers,80.8,72.8,153.6,84.2,59.2,143.4,128,-34,67.0,33.0,4.0,False,False,False,,,,,0.0,,,,,0.0,7.085228313976824,18.93258727393362,-11.847358959956797,,,,,,,,,,Big Ten,Big Ten
400986508,2018-01-15,Michigan Wolverines,Maryland Terrapins,76.8,74.2,151.0,66.8,82.2,149.0,135,1,50.0,2.0,11.0,False,False,False,,,,,0.0,,,,,0.0,15.336992047065849,12.695141455510884,2.641850591554965,,,,,,,,,,Big Ten,Big Ten
400986511,2018-01-16,Purdue Boilermakers,Wisconsin Badgers,81.0,59.0,140.0,69.6,71.0,140.6,128,28,61.0,3.0,11.0,False,False,False,,,,,0.0,,,,,0.0,18.93258727393362,14.787408366676976,4.1451789072566445,,,,,,,,,,Big Ten,Big Ten
400986512,2018-01-17,Northwestern Wildcats,Ohio State Buckeyes,77.8,73.4,151.2,71.2,75.0,146.2,136,-6,58.0,12.0,10.0,False,False,False,,,,,0.0,,,,,0.0,7.211198018538384,13.881446041273204,-6.67024802273482,,,,,,,,,,Big Ten,Big Ten
400986514,2018-01-18,Nebraska Cornhuskers,Michigan Wolverines,66.0,74.4,140.4,72.0,69.4,141.4,124,20,53.0,6.0,3.0,False,False,False,,,,,0.0,,,,,0.0,5.893400049870473,15.336992047065849,-9.443591997195377,,,,,,,,,,Big Ten,Big Ten
400986517,2018-01-19,Michigan State Spartans,Indiana Hoosiers,82.2,69.4,151.6,70.8,72.6,143.4,142,28,65.0,6.0,315.0,False,False,False,,,,,0.0,,,,,0.0,17.585471382736248,11.724820526235712,5.860650856500536,,,,,,,,,,Big Ten,Big Ten
400986518,2018-01-20,Iowa Hawkeyes,Purdue Boilermakers,74.8,76.6,151.4,77.0,55.8,132.8,151,-23,71.0,317.0,4.0,False,False,False,,,,,0.0,,,,,0.0,13.699476648217637,18.93258727393362,-5.233110625715986,,,,,,,,,,Big Ten,Big Ten
400986520,2018-01-20,Minnesota Golden Gophers,Ohio State Buckeyes,70.2,77.6,147.8,70.0,70.8,140.8,116,-18,69.0,7.0,3.0,False,False,True,,,,,0.0,,,,,0.0,7.085228313976824,13.881446041273204,-6.79621772729638,,,,,,,,,,Big Ten,Big Ten
400986521,2018-01-21,Michigan Wolverines,Rutgers Scarlet Knights,67.8,70.0,137.8,61.2,73.8,135.0,109,15,48.0,3.0,11.0,False,False,False,,,,,0.0,,,,,0.0,15.336992047065849,9.720039823352574,5.616952223713275,,,,,,,,,,Big Ten,Big Ten
400986523,2018-01-22,Illinois Fighting Illini,Michigan State Spartans,61.0,80.6,141.6,77.6,70.4,148.0,161,-13,71.0,319.0,3.0,False,False,False,,,,,0.0,,,,,0.0,14.692714987512222,17.585471382736248,-2.8927563952240263,,,,,,,,,,Big Ten,Big Ten
400986522,2018-01-22,Ohio State Buckeyes,Nebraska Cornhuskers,66.8,66.0,132.8,68.6,71.2,139.8,123,5,46.0,2.0,4.0,False,False,False,,,,,0.0,,,,,0.0,13.881446041273204,5.893400049870473,7.988045991402731,,,,,,,,,,Big Ten,Big Ten
400986530,2018-01-25,Purdue Boilermakers,Michigan Wolverines,78.0,58.4,136.4,66.6,65.6,132.2,180,4,77.0,5.0,4.0,False,False,False,,,,,0.0,,,,,0.0,18.93258727393362,15.336992047065849,3.595595226867772,,,,,,,,,,Big Ten,Big Ten
400986529,2018-01-25,Ohio State Buckeyes,Penn State Nittany Lions,68.2,64.6,132.8,70.2,71.2,141.4,161,-3,75.0,3.0,13.0,False,False,False,,,,,0.0,,,,,0.0,13.881446041273204,10.213968509412432,3.667477531860772,,,,,,,,,,Big Ten,Big Ten
400986531,2018-01-26,Michigan State Spartans,Wisconsin Badgers,76.8,73.0,149.8,68.4,72.4,140.8,137,15,58.0,4.0,10.0,False,False,False,,,,,0.0,,,,,0.0,17.585471382736248,14.787408366676976,2.798063016059272,,,,,,,,,,Big Ten,Big Ten
400986535,2018-01-28,Indiana Hoosiers,Purdue Boilermakers,70.2,76.6,146.8,81.6,63.6,145.2,141,-7,72.0,9.0,3.0,False,False,False,,,,,0.0,,,,,0.0,11.724820526235712,18.93258727393362,-7.207766747697908,,,,,,,,,,Big Ten,Big Ten
400986534,2018-01-28,Maryland Terrapins,Michigan State Spartans,65.2,78.0,143.2,79.2,69.2,148.4,142,-6,61.0,13.0,2.0,False,False,False,,,,,0.0,,,,,0.0,12.695141455510884,17.585471382736248,-4.890329927225364,,,,,,,,,,Big Ten,Big Ten
400986536,2018-01-29,Michigan Wolverines,Northwestern Wildcats,70.4,70.0,140.4,76.2,71.8,148.0,105,11,40.0,4.0,12.0,False,False,False,,,,,0.0,,,,,0.0,15.336992047065849,7.211198018538384,8.125794028527466,,,,,,,,,,Big Ten,Big Ten
400986538,2018-01-30,Ohio State Buckeyes,Indiana Hoosiers,72.2,63.8,136.0,70.8,77.6,148.4,127,15,61.0,5.0,2.0,False,False,False,,,,,0.0,,,,,0.0,13.881446041273204,11.724820526235712,2.156625515037492,,,,,,,,,,Big Ten,Big Ten
400986542,2018-01-31,Purdue Boilermakers,Maryland Terrapins,82.4,63.2,145.6,65.0,76.2,141.2,142,8,59.0,3.0,3.0,False,False,False,,,,,0.0,,,,,0.0,18.93258727393362,12.695141455510884,6.237445818422737,,,,,,,,,,Big Ten,Big Ten
400986541,2018-01-31,Michigan State Spartans,Penn State Nittany Lions,78.8,68.4,147.2,72.6,72.2,144.8,144,8,54.0,3.0,6.0,False,False,False,,,,,0.0,,,,,0.0,17.585471382736248,10.213968509412432,7.371502873323816,,,,,,,,,,Big Ten,Big Ten
400986546,2018-02-03,Rutgers Scarlet Knights,Purdue Boilermakers,57.2,68.4,125.6,81.2,67.2,148.4,154,-2,65.0,13.0,3.0,False,False,False,,,,,0.0,,,,,0.0,9.720039823352574,18.93258727393362,-9.212547450581049,,,,,,,,,,Big Ten,Big Ten
400986545,2018-02-03,Indiana Hoosiers,Michigan State Spartans,67.0,74.6,141.6,79.6,65.6,145.2,123,-3,56.0,4.0,3.0,False,False,False,,,,,0.0,,,,,0.0,11.724820526235712,17.585471382736248,-5.860650856500536,,,,,,,,,,Big Ten,Big Ten
400986544,2018-02-03,Michigan Wolverines,Minnesota Golden Gophers,65.6,65.0,130.6,62.2,77.6,139.8,149,3,66.0,5.0,14.0,False,False,False,,,,,0.0,,,,,0.0,15.336992047065849,7.085228313976824,8.251763733089025,,,,,,,,,,Big Ten,Big Ten
400986549,2018-02-04,Ohio State Buckeyes,Illinois Fighting Illini,70.4,62.2,132.6,64.0,81.2,145.2,142,8,64.0,5.0,13.0,False,False,False,,,,,0.0,,,,,0.0,13.881446041273204,14.692714987512222,-0.8112689462390179,,,,,,,,,,Big Ten,Big Ten
400986551,2018-02-06,Iowa Hawkeyes,Michigan State Spartans,71.0,78.4,149.4,75.2,66.2,141.4,189,-3,90.0,17.0,3.0,False,False,False,,,,,0.0,,,,,0.0,13.699476648217637,17.585471382736248,-3.885994734518613,,,,,,,,,,Big Ten,Big Ten
400986552,2018-02-06,Northwestern Wildcats,Michigan Wolverines,69.8,68.4,138.2,67.2,66.2,133.4,113,9,61.0,8.0,3.0,False,False,False,,,,,0.0,,,,,0.0,7.211198018538384,15.336992047065849,-8.125794028527466,,,,,,,,,,Big Ten,Big Ten
400986554,2018-02-07,Purdue Boilermakers,Ohio State Buckeyes,81.2,72.4,153.6,71.2,62.6,133.8,127,-1,60.0,4.0,3.0,False,False,False,,,,,0.0,,,,,0.0,18.93258727393362,13.881446041273204,5.051141232660417,,,,,,,,,,Big Ten,Big Ten
400986558,2018-02-10,Michigan State Spartans,Purdue Boilermakers,77.0,70.0,147.0,76.4,72.4,148.8,133,3,67.0,4.0,3.0,False,False,False,,,,,0.0,,,,,0.0,17.585471382736248,18.93258727393362,-1.3471158911973724,,,,,,,,,,Big Ten,Big Ten
400986559,2018-02-10,Ohio State Buckeyes,Iowa Hawkeyes,70.6,65.4,136.0,74.4,80.8,155.2,146,18,74.0,3.0,4.0,False,False,False,,,,,0.0,,,,,0.0,13.881446041273204,13.699476648217637,0.181969393055569,,,,,,,,,,Big Ten,Big Ten
400986564,2018-02-13,Minnesota Golden Gophers,Michigan State Spartans,63.2,77.2,140.4,75.4,70.8,146.2,144,-30,68.0,10.0,3.0,False,False,False,,,,,0.0,,,,,0.0,7.085228313976824,17.585471382736248,-10.500243068759424,,,,,,,,,,Big Ten,Big Ten
400986567,2018-02-14,Michigan Wolverines,Iowa Hawkeyes,67.2,64.0,131.2,70.6,83.4,154.0,133,15,61.0,8.0,4.0,False,False,False,,,,,0.0,,,,,0.0,15.336992047065849,13.699476648217637,1.6375153988482136,,,,,,,,,,Big Ten,Big Ten
400986569,2018-02-15,Wisconsin Badgers,Purdue Boilermakers,63.8,72.8,136.6,71.0,68.4,139.4,110,4,42.0,20.0,5.0,False,False,False,,,,,0.0,,,,,0.0,14.787408366676976,18.93258727393362,-4.1451789072566445,,,,,,,,,,Big Ten,Big Ten
400986570,2018-02-15,Penn State Nittany Lions,Ohio State Buckeyes,71.0,74.0,145.0,74.2,66.4,140.6,135,23,66.0,15.0,5.0,False,False,False,,,,,0.0,,,,,0.0,10.213968509412432,13.881446041273204,-3.667477531860772,,,,,,,,,,Big Ten,Big Ten
400986571,2018-02-17,Northwestern Wildcats,Michigan State Spartans,62.8,72.6,135.4,78.0,68.6,146.6,125,-5,76.0,11.0,4.0,False,False,False,,,,,0.0,,,,,0.0,7.211198018538384,17.585471382736248,-10.374273364197864,,,,,,,,,,Big Ten,Big Ten
400986576,2018-02-18,Purdue Boilermakers,Penn State Nittany Lions,66.8,66.4,133.2,76.6,69.6,146.2,149,3,68.0,3.0,3.0,False,False,False,,,,,0.0,,,,,0.0,18.93258727393362,10.213968509412432,8.718618764521189,,,,,,,,,,Big Ten,Big Ten
400986575,2018-02-18,Michigan Wolverines,Ohio State Buckeyes,69.6,66.4,136.0,69.6,65.8,135.4,136,12,61.0,4.0,3.0,False,False,False,,,,,0.0,,,,,0.0,15.336992047065849,13.881446041273204,1.4555460057926446,,,,,,,,,,Big Ten,Big Ten
400986579,2018-02-20,Michigan State Spartans,Illinois Fighting Illini,75.8,67.0,142.8,61.4,77.0,138.4,142,20,73.0,3.0,16.0,False,False,False,,,,,0.0,,,,,0.0,17.585471382736248,14.692714987512222,2.8927563952240263,,,,,,,,,,Big Ten,Big Ten
400986581,2018-02-20,Ohio State Buckeyes,Rutgers Scarlet Knights,67.8,69.4,137.2,62.0,71.6,133.6,131,27,59.0,2.0,17.0,False,False,False,,,,,0.0,,,,,0.0,13.881446041273204,9.720039823352574,4.16140621792063,,,,,,,,,,Big Ten,Big Ten
400986582,2018-02-21,Penn State Nittany Lions,Michigan Wolverines,75.6,72.2,147.8,66.8,60.4,127.2,135,-9,60.0,3.0,3.0,False,False,False,,,,,0.0,,,,,0.0,10.213968509412432,15.336992047065849,-5.123023537653417,,,,,,,,,,Big Ten,Big Ten
400986585,2018-02-22,Illinois Fighting Illini,Purdue Boilermakers,60.0,75.0,135.0,67.0,67.6,134.6,179,-7,81.0,2.0,4.0,False,False,False,,,,,0.0,,,,,0.0,14.692714987512222,18.93258727393362,-4.239872286421399,,,,,,,,,,Big Ten,Big Ten
400986586,2018-02-23,Indiana Hoosiers,Ohio State Buckeyes,60.0,72.6,132.6,68.6,66.4,135.0,158,-2,66.0,20.0,3.0,False,False,False,,,,,0.0,,,,,0.0,11.724820526235712,13.881446041273204,-2.156625515037492,,,,,,,,,,Big Ten,Big Ten
400986587,2018-02-24,Maryland Terrapins,Michigan Wolverines,65.6,76.8,142.4,69.6,63.6,133.2,146,-24,78.0,24.0,3.0,False,False,False,,,,,0.0,,,,,0.0,12.695141455510884,15.336992047065849,-2.641850591554965,,,,,,,,,,Big Ten,Big Ten
400986589,2018-02-25,Wisconsin Badgers,Michigan State Spartans,62.2,71.0,133.2,79.4,67.2,146.6,131,-5,61.0,10.0,5.0,False,False,False,,,,,0.0,,,,,0.0,14.787408366676976,17.585471382736248,-2.798063016059272,,,,,,,,,,Big Ten,Big Ten
400986590,2018-02-25,Purdue Boilermakers,Minnesota Golden Gophers,70.0,69.6,139.6,58.8,75.6,134.4,144,24,66.0,3.0,12.0,False,False,False,,,,,0.0,,,,,0.0,18.93258727393362,7.085228313976824,11.847358959956797,,,,,,,,,,Big Ten,Big Ten
401020052,2018-03-09,USC Trojans,Oregon Ducks,68.6,71.6,140.2,77.8,76.6,154.4,128,20,60.0,1.0,1.0,True,True,True,,,,,0.0,,,,,0.0,10.115580145627325,14.596831796008162,-4.4812516503808375,,,,,,,,,,Big Ten,Big Ten
401082474,2018-11-22,UCLA Bruins,Michigan State Spartans,78.4,71.8,150.2,82.0,62.2,144.2,154,-20,77.0,3.0,4.0,False,False,True,,,,,0.0,,,,,0.0,17.221933449702984,17.585471382736248,-0.363537933033264,,,,,,,,,,Big Ten,Big Ten
401082476,2018-11-30,Rutgers Scarlet Knights,Michigan State Spartans,62.0,66.2,128.2,85.0,63.8,148.8,145,-11,76.0,11.0,3.0,False,False,False,,,,,0.0,,,,,0.0,9.720039823352574,17.585471382736248,-7.865431559383674,,,,,,,,,,Big Ten,Big Ten
401082452,2018-12-01,Michigan Wolverines,Purdue Boilermakers,67.6,58.4,126.0,81.2,66.0,147.2,133,19,72.0,8.0,8.0,False,False,False,,,,,0.0,,,,,0.0,15.336992047065849,18.93258727393362,-3.595595226867772,,,,,,,,,,Big Ten,Big Ten
401082425,2018-12-01,Maryland Terrapins,Penn State Nittany Lions,71.0,75.8,146.8,69.2,68.4,137.6,125,7,61.0,13.0,4.0,False,False,False,,,,,0.0,,,,,0.0,12.695141455510884,10.213968509412432,2.481172946098452,,,,,,,,,,Big Ten,Big Ten
401082497,2018-12-02,Ohio State Buckeyes,Minnesota Golden Gophers,78.8,71.0,149.8,61.6,75.6,137.2,138,20,67.0,14.0,14.0,False,False,False,,,,,0.0,,,,,0.0,13.881446041273204,7.085228313976824,6.79621772729638,,,,,,,,,,Big Ten,Big Ten
401082397,2018-12-03,Michigan State Spartans,Iowa Hawkeyes,90.0,66.2,156.2,74.8,73.0,147.8,158,22,76.0,3.0,6.0,False,False,False,,,,,0.0,,,,,0.0,17.585471382736248,13.699476648217637,3.885994734518613,,,,,,,,,,Big Ten,Big Ten
401082597,2018-12-03,Wisconsin Badgers,Rutgers Scarlet Knights,67.6,66.0,133.6,61.0,66.6,127.6,133,5,57.0,6.0,3.0,False,False,False,,,,,0.0,,,,,0.0,14.787408366676976,9.720039823352574,5.0673685433244025,,,,,,,,,,Big Ten,Big Ten
401082453,2018-12-04,Northwestern Wildcats,Michigan Wolverines,68.2,60.8,129.0,71.2,59.0,130.2,122,-2,66.0,9.0,3.0,False,False,False,,,,,0.0,,,,,0.0,7.211198018538384,15.336992047065849,-8.125794028527466,,,,,,,,,,Big Ten,Big Ten
401082339,2018-12-05,Illinois Fighting Illini,Ohio State Buckeyes,84.6,76.0,160.6,82.2,68.0,150.2,144,-10,72.0,8.0,3.0,False,False,True,,,,,0.0,,,,,0.0,14.692714987512222,13.881446041273204,0.8112689462390179,,,,,,,,,,Big Ten,Big Ten
401082498,2018-12-05,Minnesota Golden Gophers,Nebraska Cornhuskers,63.6,78.0,141.6,70.4,65.6,136.0,163,7,83.0,3.0,16.0,False,False,False,,,,,0.0,,,,,0.0,7.085228313976824,5.893400049870473,1.1918282641063511,,,,,,,,,,Big Ten,Big Ten
401082426,2018-12-06,Purdue Boilermakers,Maryland Terrapins,75.8,69.2,145.0,70.8,74.0,144.8,122,2,64.0,5.0,5.0,False,False,False,,,,,0.0,,,,,0.0,18.93258727393362,12.695141455510884,6.237445818422737,,,,,,,,,,Big Ten,Big Ten
401082481,2019-01-02,Michigan State Spartans,Northwestern Wildcats,88.8,67.8,156.6,68.0,62.8,130.8,136,26,84.0,4.0,29.0,False,False,False,,,,,0.0,,,,,0.0,17.585471382736248,7.211198018538384,10.374273364197864,,,,,,,,,,Big Ten,Big Ten
401082431,2019-01-02,Maryland Terrapins,Nebraska Cornhuskers,66.8,64.8,131.6,80.4,69.6,150.0,146,2,74.0,25.0,11.0,False,False,False,,,,,0.0,,,,,0.0,12.695141455510884,5.893400049870473,6.801741405640411,,,,,,,,,,Big Ten,Big Ten
401082458,2019-01-03,Michigan Wolverines,Penn State Nittany Lions,70.6,56.2,126.8,67.4,66.4,133.8,123,13,45.0,4.0,33.0,False,False,False,,,,,0.0,,,,,0.0,15.336992047065849,10.213968509412432,5.123023537653417,,,,,,,,,,Big Ten,Big Ten
401082344,2019-01-03,Indiana Hoosiers,Illinois Fighting Illini,79.8,72.0,151.8,80.8,72.8,153.6,138,8,64.0,12.0,29.0,False,False,False,,,,,0.0,,,,,0.0,11.724820526235712,14.692714987512222,-2.9678944612765097,,,,,,,,,,Big Ten,Big Ten
401082503,2019-01-03,Wisconsin Badgers,Minnesota Golden Gophers,79.8,66.8,146.6,66.0,78.4,144.4,111,-7,43.0,5.0,29.0,False,False,False,,,,,0.0,,,,,0.0,14.787408366676976,7.085228313976824,7.702180052700152,,,,,,,,,,Big Ten,Big Ten
401082403,2019-01-03,Purdue Boilermakers,Iowa Hawkeyes,75.2,65.6,140.8,79.4,69.8,149.2,156,16,87.0,28.0,5.0,False,False,False,,,,,0.0,,,,,0.0,18.93258727393362,13.699476648217637,5.233110625715986,,,,,,,,,,Big Ten,Big Ten
401082482,2019-01-05,Ohio State Buckeyes,Michigan State Spartans,77.2,63.4,140.6,87.0,65.2,152.2,163,-9,79.0,7.0,3.0,False,False,False,,,,,0.0,,,,,0.0,13.881446041273204,17.585471382736248,-3.704025341463044,,,,,,,,,,Big Ten,Big Ten
401082375,2019-01-06,Michigan Wolverines,Indiana Hoosiers,69.0,55.8,124.8,78.8,69.0,147.8,137,11,73.0,3.0,3.0,False,False,False,,,,,0.0,,,,,0.0,15.336992047065849,11.724820526235712,3.612171520830136,,,,,,,,,,Big Ten,Big Ten
401082574,2019-01-06,Penn State Nittany Lions,Wisconsin Badgers,62.6,68.8,131.4,76.4,65.8,142.2,123,-19,56.0,3.0,3.0,False,False,False,,,,,0.0,,,,,0.0,10.213968509412432,14.787408366676976,-4.573439857264544,,,,,,,,,,Big Ten,Big Ten
401082404,2019-01-06,Iowa Hawkeyes,Nebraska Cornhuskers,79.6,73.4,153.0,83.0,71.6,154.6,177,9,84.0,3.0,4.0,False,False,False,,,,,0.0,,,,,0.0,13.699476648217637,5.893400049870473,7.806076598347162,,,,,,,,,,Big Ten,Big Ten
401082483,2019-01-08,Michigan State Spartans,Purdue Boilermakers,91.6,68.8,160.4,74.4,68.2,142.6,136,18,65.0,3.0,5.0,False,False,False,,,,,0.0,,,,,0.0,17.585471382736248,18.93258727393362,-1.3471158911973724,,,,,,,,,,Big Ten,Big Ten
401082558,2019-01-09,Rutgers Scarlet Knights,Ohio State Buckeyes,64.4,68.0,132.4,76.8,68.8,145.6,125,3,61.0,37.0,4.0,False,False,False,,,,,0.0,,,,,0.0,9.720039823352574,13.881446041273204,-4.16140621792063,,,,,,,,,,Big Ten,Big Ten
401082346,2019-01-10,Illinois Fighting Illini,Michigan Wolverines,74.0,75.4,149.4,71.4,56.4,127.8,148,-10,73.0,7.0,4.0,False,False,False,,,,,0.0,,,,,0.0,14.692714987512222,15.336992047065849,-0.6442770595536267,,,,,,,,,,Big Ten,Big Ten
401082376,2019-01-11,Maryland Terrapins,Indiana Hoosiers,69.4,62.2,131.6,77.0,69.2,146.2,153,3,62.0,9.0,5.0,False,False,False,,,,,0.0,,,,,0.0,12.695141455510884,11.724820526235712,0.9703209292751716,,,,,,,,,,Big Ten,Big Ten
401082406,2019-01-12,Iowa Hawkeyes,Ohio State Buckeyes,84.6,72.2,156.8,73.6,68.2,141.8,134,10,50.0,6.0,3.0,False,False,False,,,,,0.0,,,,,0.0,13.699476648217637,13.881446041273204,-0.181969393055569,,,,,,,,,,Big Ten,Big Ten
401082459,2019-01-13,Michigan Wolverines,Northwestern Wildcats,73.2,57.8,131.0,67.0,66.0,133.0,140,20,78.0,3.0,11.0,False,False,False,,,,,0.0,,,,,0.0,15.336992047065849,7.211198018538384,8.125794028527466,,,,,,,,,,Big Ten,Big Ten
401082484,2019-01-13,Penn State Nittany Lions,Michigan State Spartans,58.4,67.8,126.2,86.2,64.0,150.2,127,-15,64.0,7.0,5.0,False,False,False,,,,,0.0,,,,,0.0,10.213968509412432,17.585471382736248,-7.371502873323816,,,,,,,,,,Big Ten,Big Ten
401082434,2019-01-14,Maryland Terrapins,Wisconsin Badgers,66.6,61.8,128.4,76.8,61.4,138.2,124,4,48.0,3.0,8.0,False,False,False,,,,,0.0,,,,,0.0,12.695141455510884,14.787408366676976,-2.0922669111660923,,,,,,,,,,Big Ten,Big Ten
401082377,2019-01-14,Indiana Hoosiers,Nebraska Cornhuskers,78.2,66.8,145.0,82.8,77.8,160.6,117,-15,53.0,3.0,8.0,False,False,False,,,,,0.0,,,,,0.0,11.724820526235712,5.893400049870473,5.831420476365239,,,,,,,,,,Big Ten,Big Ten
401082407,2019-01-16,Penn State Nittany Lions,Iowa Hawkeyes,57.0,67.6,124.6,83.4,72.6,156.0,171,-7,85.0,3.0,4.0,False,False,False,,,,,0.0,,,,,0.0,10.213968509412432,13.699476648217637,-3.485508138805203,,,,,,,,,,Big Ten,Big Ten
401082485,2019-01-17,Nebraska Cornhuskers,Michigan State Spartans,80.4,71.0,151.4,80.6,61.4,142.0,134,-6,61.0,3.0,4.0,False,False,False,,,,,0.0,,,,,0.0,5.893400049870473,17.585471382736248,-11.692071332865776,,,,,,,,,,Big Ten,Big Ten
401082435,2019-01-18,Ohio State Buckeyes,Maryland Terrapins,71.4,68.4,139.8,66.2,62.0,128.2,136,-14,83.0,6.0,4.0,False,False,False,,,,,0.0,,,,,0.0,13.881446041273204,12.695141455510884,1.1863045857623202,,,,,,,,,,Big Ten,Big Ten
401082460,2019-01-19,Wisconsin Badgers,Michigan Wolverines,68.6,62.2,130.8,75.0,59.8,134.8,118,10,52.0,5.0,6.0,False,False,False,,,,,0.0,,,,,0.0,14.787408366676976,15.336992047065849,-0.5495836803888725,,,,,,,,,,Big Ten,Big Ten
401082378,2019-01-19,Purdue Boilermakers,Indiana Hoosiers,69.6,65.8,135.4,71.2,69.4,140.6,125,15,59.0,11.0,5.0,False,False,False,,,,,0.0,,,,,0.0,18.93258727393362,11.724820526235712,7.207766747697908,,,,,,,,,,Big Ten,Big Ten
401082348,2019-01-20,Iowa Hawkeyes,Illinois Fighting Illini,79.2,76.2,155.4,72.2,74.4,146.6,166,24,63.0,4.0,10.0,False,False,False,,,,,0.0,,,,,0.0,13.699476648217637,14.692714987512222,-0.9932383392945868,,,,,,,,,,Big Ten,Big Ten
401082436,2019-01-21,Michigan State Spartans,Maryland Terrapins,77.0,62.2,139.2,69.2,61.8,131.0,124,14,51.0,4.0,3.0,False,False,False,,,,,0.0,,,,,0.0,17.585471382736248,12.695141455510884,4.890329927225364,,,,,,,,,,Big Ten,Big Ten
401082461,2019-01-22,Michigan Wolverines,Minnesota Golden Gophers,71.0,62.2,133.2,66.4,71.4,137.8,116,2,59.0,3.0,19.0,False,False,False,,,,,0.0,,,,,0.0,15.336992047065849,7.085228313976824,8.251763733089025,,,,,,,,,,Big Ten,Big Ten
401082408,2019-01-24,Iowa Hawkeyes,Michigan State Spartans,83.8,77.0,160.8,74.6,62.2,136.8,149,-15,66.0,4.0,3.0,False,False,False,,,,,0.0,,,,,0.0,13.699476648217637,17.585471382736248,-3.885994734518613,,,,,,,,,,Big Ten,Big Ten
401082380,2019-01-25,Indiana Hoosiers,Michigan Wolverines,63.4,70.6,134.0,69.2,62.6,131.8,115,-23,51.0,6.0,3.0,False,False,False,,,,,0.0,,,,,0.0,11.724820526235712,15.336992047065849,-3.612171520830136,,,,,,,,,,Big Ten,Big Ten
401082350,2019-01-26,Maryland Terrapins,Illinois Fighting Illini,69.2,67.4,136.6,69.2,80.0,149.2,145,-11,64.0,5.0,6.0,False,False,True,,,,,0.0,,,,,0.0,12.695141455510884,14.692714987512222,-1.997573532001338,,,,,,,,,,Big Ten,Big Ten
401082486,2019-01-27,Purdue Boilermakers,Michigan State Spartans,66.8,67.6,134.4,73.8,60.2,134.0,136,10,56.0,8.0,3.0,False,False,False,,,,,0.0,,,,,0.0,18.93258727393362,17.585471382736248,1.3471158911973724,,,,,,,,,,Big Ten,Big Ten
401082409,2019-01-27,Minnesota Golden Gophers,Iowa Hawkeyes,65.8,66.4,132.2,83.2,76.2,159.4,179,5,101.0,5.0,3.0,False,False,False,,,,,0.0,,,,,0.0,7.085228313976824,13.699476648217637,-6.614248334240811,,,,,,,,,,Big Ten,Big Ten
401082462,2019-01-29,Michigan Wolverines,Ohio State Buckeyes,68.2,59.2,127.4,68.6,72.2,140.8,114,16,58.0,4.0,11.0,False,False,False,,,,,0.0,,,,,0.0,15.336992047065849,13.881446041273204,1.4555460057926446,,,,,,,,,,Big Ten,Big Ten
401082437,2019-01-29,Maryland Terrapins,Northwestern Wildcats,67.8,68.6,136.4,62.6,71.6,134.2,122,18,55.0,3.0,16.0,False,False,False,,,,,0.0,,,,,0.0,12.695141455510884,7.211198018538384,5.4839434369725,,,,,,,,,,Big Ten,Big Ten
401082525,2019-01-29,Nebraska Cornhuskers,Wisconsin Badgers,74.4,70.0,144.4,64.6,62.4,127.0,113,-11,49.0,12.0,10.0,False,False,False,,,,,0.0,,,,,0.0,5.893400049870473,14.787408366676976,-8.894008316806502,,,,,,,,,,Big Ten,Big Ten
401082576,2019-01-31,Penn State Nittany Lions,Purdue Boilermakers,60.8,73.0,133.8,70.0,65.0,135.0,189,-9,94.0,15.0,4.0,False,False,False,,,,,0.0,,,,,0.0,10.213968509412432,18.93258727393362,-8.718618764521189,,,,,,,,,,Big Ten,Big Ten
401082410,2019-02-01,Iowa Hawkeyes,Michigan Wolverines,82.0,77.8,159.8,65.4,55.2,120.6,133,15,71.0,5.0,3.0,False,False,False,,,,,0.0,,,,,0.0,13.699476648217637,15.336992047065849,-1.6375153988482136,,,,,,,,,,Big Ten,Big Ten
401082438,2019-02-01,Wisconsin Badgers,Maryland Terrapins,61.8,56.0,117.8,66.2,64.0,130.2,130,8,67.0,3.0,3.0,False,False,False,,,,,0.0,,,,,0.0,14.787408366676976,12.695141455510884,2.0922669111660923,,,,,,,,,,Big Ten,Big Ten
401082382,2019-02-02,Michigan State Spartans,Indiana Hoosiers,71.0,63.0,134.0,58.0,71.4,129.4,154,-4,59.0,6.0,8.0,False,False,False,,,,,0.0,,,,,0.0,17.585471382736248,11.724820526235712,5.860650856500536,,,,,,,,,,Big Ten,Big Ten
401082506,2019-02-03,Purdue Boilermakers,Minnesota Golden Gophers,77.4,71.0,148.4,70.4,71.0,141.4,136,10,55.0,3.0,7.0,False,False,False,,,,,0.0,,,,,0.0,18.93258727393362,7.085228313976824,11.847358959956797,,,,,,,,,,Big Ten,Big Ten
401082463,2019-02-05,Rutgers Scarlet Knights,Michigan Wolverines,62.0,64.6,126.6,61.2,58.0,119.2,142,-12,74.0,27.0,4.0,False,False,False,,,,,0.0,,,,,0.0,9.720039823352574,15.336992047065849,-5.616952223713275,,,,,,,,,,Big Ten,Big Ten
401082353,2019-02-05,Illinois Fighting Illini,Michigan State Spartans,70.0,78.2,148.2,71.8,67.6,139.4,153,5,73.0,10.0,3.0,False,False,False,,,,,0.0,,,,,0.0,14.692714987512222,17.585471382736248,-2.8927563952240263,,,,,,,,,,Big Ten,Big Ten
401082507,2019-02-06,Minnesota Golden Gophers,Wisconsin Badgers,71.2,69.8,141.0,65.2,56.4,121.6,107,-5,45.0,3.0,5.0,False,False,False,,,,,0.0,,,,,0.0,7.085228313976824,14.787408366676976,-7.702180052700152,,,,,,,,,,Big Ten,Big Ten
401082439,2019-02-06,Nebraska Cornhuskers,Maryland Terrapins,67.4,70.0,137.4,65.6,65.8,131.4,105,-15,48.0,8.0,5.0,False,False,False,,,,,0.0,,,,,0.0,5.893400049870473,12.695141455510884,-6.801741405640411,,,,,,,,,,Big Ten,Big Ten
401082383,2019-02-07,Indiana Hoosiers,Iowa Hawkeyes,61.2,71.6,132.8,82.4,77.2,159.6,149,-5,82.0,5.0,6.0,False,False,False,,,,,0.0,,,,,0.0,11.724820526235712,13.699476648217637,-1.9746561219819228,,,,,,,,,,Big Ten,Big Ten
401082464,2019-02-09,Michigan Wolverines,Wisconsin Badgers,65.8,58.2,124.0,62.2,56.2,118.4,113,9,54.0,4.0,3.0,False,False,False,,,,,0.0,,,,,0.0,15.336992047065849,14.787408366676976,0.5495836803888725,,,,,,,,,,Big Ten,Big Ten
401082487,2019-02-09,Michigan State Spartans,Minnesota Golden Gophers,72.6,70.6,143.2,64.4,65.4,129.8,134,24,59.0,4.0,3.0,False,False,False,,,,,0.0,,,,,0.0,17.585471382736248,7.085228313976824,10.500243068759424,,,,,,,,,,Big Ten,Big Ten
401082526,2019-02-09,Purdue Boilermakers,Nebraska Cornhuskers,74.8,69.6,144.4,62.0,67.2,129.2,143,19,64.0,6.0,3.0,False,False,False,,,,,0.0,,,,,0.0,18.93258727393362,5.893400049870473,13.039187224063149,,,,,,,,,,Big Ten,Big Ten
401082411,2019-02-10,Iowa Hawkeyes,Northwestern Wildcats,80.0,75.2,155.2,61.2,70.0,131.2,159,1,76.0,3.0,12.0,False,False,False,,,,,0.0,,,,,0.0,13.699476648217637,7.211198018538384,6.488278629679251,,,,,,,,,,Big Ten,Big Ten
401082465,2019-02-12,Penn State Nittany Lions,Michigan Wolverines,67.0,79.6,146.6,66.2,57.2,123.4,144,6,67.0,12.0,3.0,False,False,False,,,,,0.0,,,,,0.0,10.213968509412432,15.336992047065849,-5.123023537653417,,,,,,,,,,Big Ten,Big Ten
401082488,2019-02-12,Wisconsin Badgers,Michigan State Spartans,60.6,55.6,116.2,74.6,70.6,145.2,126,-8,75.0,3.0,3.0,False,False,False,,,,,0.0,,,,,0.0,14.787408366676976,17.585471382736248,-2.798063016059272,,,,,,,,,,Big Ten,Big Ten
401082440,2019-02-12,Maryland Terrapins,Purdue Boilermakers,62.6,62.6,125.2,79.2,66.6,145.8,126,14,68.0,6.0,3.0,False,False,False,,,,,0.0,,,,,0.0,12.695141455510884,18.93258727393362,-6.237445818422737,,,,,,,,,,Big Ten,Big Ten
401082441,2019-02-16,Michigan Wolverines,Maryland Terrapins,66.2,63.0,129.2,65.6,60.0,125.6,117,13,45.0,4.0,4.0,False,False,False,,,,,0.0,,,,,0.0,15.336992047065849,12.695141455510884,2.641850591554965,,,,,,,,,,Big Ten,Big Ten
401082577,2019-02-16,Purdue Boilermakers,Penn State Nittany Lions,76.4,69.6,146.0,71.0,79.8,150.8,140,12,63.0,4.0,4.0,False,False,False,,,,,0.0,,,,,0.0,18.93258727393362,10.213968509412432,8.718618764521189,,,,,,,,,,Big Ten,Big Ten
401082412,2019-02-16,Rutgers Scarlet Knights,Iowa Hawkeyes,64.6,64.2,128.8,77.0,76.8,153.8,140,-2,65.0,11.0,6.0,False,False,False,,,,,0.0,,,,,0.0,9.720039823352574,13.699476648217637,-3.979436824865061,,,,,,,,,,Big Ten,Big Ten
401082489,2019-02-17,Michigan State Spartans,Ohio State Buckeyes,71.6,69.0,140.6,62.0,72.4,134.4,106,18,56.0,5.0,19.0,False,False,False,,,,,0.0,,,,,0.0,17.585471382736248,13.881446041273204,3.704025341463044,,,,,,,,,,Big Ten,Big Ten
401082356,2019-02-18,Wisconsin Badgers,Illinois Fighting Illini,59.6,58.2,117.8,72.4,77.6,150.0,122,6,51.0,6.0,13.0,False,False,False,,,,,0.0,,,,,0.0,14.787408366676976,14.692714987512222,0.0946933791647541,,,,,,,,,,Big Ten,Big Ten
401082490,2019-02-20,Michigan State Spartans,Rutgers Scarlet Knights,71.4,63.2,134.6,65.8,71.2,137.0,131,11,57.0,3.0,4.0,False,False,False,,,,,0.0,,,,,0.0,17.585471382736248,9.720039823352574,7.865431559383674,,,,,,,,,,Big Ten,Big Ten
401082466,2019-02-21,Minnesota Golden Gophers,Michigan Wolverines,63.6,70.8,134.4,66.2,63.6,129.8,129,-9,46.0,12.0,5.0,False,False,False,,,,,0.0,,,,,0.0,7.085228313976824,15.336992047065849,-8.251763733089025,,,,,,,,,,Big Ten,Big Ten
401082387,2019-02-22,Iowa Hawkeyes,Indiana Hoosiers,77.8,74.2,152.0,60.6,71.4,132.0,146,6,56.0,6.0,15.0,False,False,False,,,,,0.0,,,,,0.0,13.699476648217637,11.724820526235712,1.9746561219819228,,,,,,,,,,Big Ten,Big Ten
401082529,2019-02-23,Nebraska Cornhuskers,Purdue Boilermakers,57.6,64.8,122.4,77.0,69.8,146.8,147,-3,74.0,14.0,7.0,False,False,False,,,,,0.0,,,,,0.0,5.893400049870473,18.93258727393362,-13.039187224063149,,,,,,,,,,Big Ten,Big Ten
401082544,2019-02-23,Northwestern Wildcats,Wisconsin Badgers,61.2,74.6,135.8,60.0,59.6,119.6,133,-5,63.0,13.0,5.0,False,False,False,,,,,0.0,,,,,0.0,7.211198018538384,14.787408366676976,-7.576210348138592,,,,,,,,,,Big Ten,Big Ten
401082442,2019-02-23,Maryland Terrapins,Ohio State Buckeyes,62.6,57.4,120.0,55.4,67.6,123.0,134,10,61.0,7.0,6.0,False,False,False,,,,,0.0,,,,,0.0,12.695141455510884,13.881446041273204,-1.1863045857623202,,,,,,,,,,Big Ten,Big Ten
401082467,2019-02-24,Michigan Wolverines,Michigan State Spartans,68.2,60.8,129.0,70.6,59.4,130.0,147,-7,76.0,3.0,4.0,False,False,False,,,,,0.0,,,,,0.0,15.336992047065849,17.585471382736248,-2.2484793356704,,,,,,,,,,Big Ten,Big Ten
401082388,2019-02-26,Indiana Hoosiers,Wisconsin Badgers,64.4,73.4,137.8,60.0,60.2,120.2,148,2,62.0,4.0,3.0,False,False,False,,,,,0.0,,,,,0.0,11.724820526235712,14.787408366676976,-3.062587840441264,,,,,,,,,,Big Ten,Big Ten
401082414,2019-02-26,Ohio State Buckeyes,Iowa Hawkeyes,55.6,69.2,124.8,75.6,69.8,145.4,160,20,69.0,3.0,4.0,False,False,False,,,,,0.0,,,,,0.0,13.881446041273204,13.699476648217637,0.181969393055569,,,,,,,,,,Big Ten,Big Ten
401082358,2019-02-27,Purdue Boilermakers,Illinois Fighting Illini,72.2,66.2,138.4,71.0,75.8,146.8,129,17,65.0,4.0,9.0,False,False,False,,,,,0.0,,,,,0.0,18.93258727393362,14.692714987512222,4.239872286421399,,,,,,,,,,Big Ten,Big Ten
401082443,2019-02-27,Penn State Nittany Lions,Maryland Terrapins,73.4,80.8,154.2,63.0,59.4,122.4,139,17,62.0,11.0,4.0,False,False,False,,,,,0.0,,,,,0.0,10.213968509412432,12.695141455510884,-2.481172946098452,,,,,,,,,,Big Ten,Big Ten
401082468,2019-02-28,Michigan Wolverines,Nebraska Cornhuskers,66.8,63.2,130.0,58.8,69.6,128.4,135,29,64.0,4.0,5.0,False,False,False,,,,,0.0,,,,,0.0,15.336992047065849,5.893400049870473,9.443591997195377,,,,,,,,,,Big Ten,Big Ten
401082389,2019-03-02,Indiana Hoosiers,Michigan State Spartans,68.4,74.0,142.4,71.2,57.6,128.8,125,1,63.0,4.0,6.0,False,False,False,,,,,0.0,,,,,0.0,11.724820526235712,17.585471382736248,-5.860650856500536,,,,,,,,,,Big Ten,Big Ten
401082562,2019-03-02,Purdue Boilermakers,Ohio State Buckeyes,72.2,64.8,137.0,61.2,68.8,130.0,137,35,68.0,3.0,4.0,False,False,False,,,,,0.0,,,,,0.0,18.93258727393362,13.881446041273204,5.051141232660417,,,,,,,,,,Big Ten,Big Ten
401082578,2019-03-02,Wisconsin Badgers,Penn State Nittany Lions,63.4,65.0,128.4,77.8,78.8,156.6,118,4,59.0,4.0,3.0,False,False,False,,,,,0.0,,,,,0.0,14.787408366676976,10.213968509412432,4.573439857264544,,,,,,,,,,Big Ten,Big Ten
401082415,2019-03-02,Iowa Hawkeyes,Rutgers Scarlet Knights,74.8,76.0,150.8,64.4,69.8,134.2,158,-14,69.0,4.0,10.0,False,False,False,,,,,0.0,,,,,0.0,13.699476648217637,9.720039823352574,3.979436824865061,,,,,,,,,,Big Ten,Big Ten
401082444,2019-03-03,Maryland Terrapins,Michigan Wolverines,63.0,61.2,124.2,71.0,63.4,134.4,131,-7,52.0,4.0,3.0,False,False,False,,,,,0.0,,,,,0.0,12.695141455510884,15.336992047065849,-2.641850591554965,,,,,,,,,,Big Ten,Big Ten
401082491,2019-03-05,Michigan State Spartans,Nebraska Cornhuskers,67.8,59.2,127.0,56.6,72.0,128.6,167,15,76.0,3.0,5.0,False,False,False,,,,,0.0,,,,,0.0,17.585471382736248,5.893400049870473,11.692071332865776,,,,,,,,,,Big Ten,Big Ten
401082511,2019-03-05,Minnesota Golden Gophers,Purdue Boilermakers,64.2,72.8,137.0,73.2,62.6,135.8,142,4,64.0,12.0,3.0,False,False,False,,,,,0.0,,,,,0.0,7.085228313976824,18.93258727393362,-11.847358959956797,,,,,,,,,,Big Ten,Big Ten
401082416,2019-03-07,Wisconsin Badgers,Iowa Hawkeyes,65.2,64.2,129.4,73.8,78.8,152.6,110,20,53.0,5.0,5.0,False,False,False,,,,,0.0,,,,,0.0,14.787408366676976,13.699476648217637,1.0879317184593411,,,,,,,,,,Big Ten,Big Ten
401082445,2019-03-08,Maryland Terrapins,Minnesota Golden Gophers,63.4,66.0,129.4,60.4,69.2,129.6,129,9,56.0,5.0,3.0,False,False,False,,,,,0.0,,,,,0.0,12.695141455510884,7.085228313976824,5.60991314153406,,,,,,,,,,Big Ten,Big Ten
401082469,2019-03-09,Michigan State Spartans,Michigan Wolverines,72.6,62.6,135.2,71.0,60.8,131.8,138,12,64.0,4.0,6.0,False,False,False,,,,,0.0,,,,,0.0,17.585471382736248,15.336992047065849,2.2484793356704,,,,,,,,,,Big Ten,Big Ten
401082546,2019-03-09,Northwestern Wildcats,Purdue Boilermakers,62.0,76.0,138.0,75.8,63.2,139.0,127,-13,58.0,14.0,4.0,False,False,False,,,,,0.0,,,,,0.0,7.211198018538384,18.93258727393362,-11.721389255395238,,,,,,,,,,Big Ten,Big Ten
401082563,2019-03-10,Ohio State Buckeyes,Wisconsin Badgers,59.2,71.0,130.2,66.4,59.8,126.2,140,-6,42.0,8.0,3.0,False,False,False,,,,,0.0,,,,,0.0,13.881446041273204,14.787408366676976,-0.905962325403772,,,,,,,,,,Big Ten,Big Ten
401120727,2019-03-13,Rutgers Scarlet Knights,Nebraska Cornhuskers,68.8,70.4,139.2,61.6,77.8,139.4,129,-7,51.0,11.0,8.0,False,False,True,,,,,0.0,,,,,0.0,9.720039823352574,5.893400049870473,3.8266397734821007,,,,,,,,,,Big Ten,Big Ten
401120728,2019-03-13,Illinois Fighting Illini,Northwestern Wildcats,68.4,74.6,143.0,62.4,73.8,136.2,143,5,57.0,14.0,4.0,False,False,True,,,,,0.0,,,,,0.0,14.692714987512222,7.211198018538384,7.481516968973838,,,,,,,,,,Big Ten,Big Ten
401120729,2019-03-14,Ohio State Buckeyes,Indiana Hoosiers,62.8,72.6,135.4,71.8,72.6,144.4,154,4,63.0,4.0,12.0,False,False,True,,,,,0.0,,,,,0.0,13.881446041273204,11.724820526235712,2.156625515037492,,,,,,,,,,Big Ten,Big Ten
401120753,2019-03-14,Washington Huskies,USC Trojans,75.8,69.0,144.8,70.6,77.4,148.0,153,3,81.0,11.0,1.0,False,True,True,,,,,0.0,,,,,0.0,5.191095219476611,10.115580145627325,-4.924484926150714,,,,,,,,,,Big Ten,Big Ten
401120730,2019-03-14,Maryland Terrapins,Nebraska Cornhuskers,63.2,66.8,130.0,66.2,78.0,144.2,130,-8,52.0,6.0,1.0,False,True,True,,,,,0.0,,,,,0.0,12.695141455510884,5.893400049870473,6.801741405640411,,,,,,,,,,Big Ten,Big Ten
401120731,2019-03-14,Minnesota Golden Gophers,Penn State Nittany Lions,59.8,68.4,128.2,72.8,73.2,146.0,149,5,64.0,6.0,12.0,False,False,True,,,,,0.0,,,,,0.0,7.085228313976824,10.213968509412432,-3.128740195435608,,,,,,,,,,Big Ten,Big Ten
401120732,2019-03-14,Iowa Hawkeyes,Illinois Fighting Illini,66.8,76.0,142.8,69.0,69.4,138.4,145,21,68.0,7.0,1.0,False,True,True,,,,,0.0,,,,,0.0,13.699476648217637,14.692714987512222,-0.9932383392945868,,,,,,,,,,Big Ten,Big Ten
401120733,2019-03-15,Michigan State Spartans,Ohio State Buckeyes,75.2,66.4,141.6,69.8,75.2,145.0,147,7,66.0,6.0,1.0,False,True,True,,,,,0.0,,,,,0.0,17.585471382736248,13.881446041273204,3.704025341463044,,,,,,,,,,Big Ten,Big Ten
401120734,2019-03-15,Wisconsin Badgers,Nebraska Cornhuskers,68.2,61.6,129.8,67.6,74.0,141.6,128,4,63.0,5.0,1.0,False,True,True,,,,,0.0,,,,,0.0,14.787408366676976,5.893400049870473,8.894008316806502,,,,,,,,,,Big Ten,Big Ten
401120735,2019-03-15,Purdue Boilermakers,Minnesota Golden Gophers,74.6,61.8,136.4,65.0,71.6,136.6,148,-2,81.0,6.0,1.0,False,True,True,,,,,0.0,,,,,0.0,18.93258727393362,7.085228313976824,11.847358959956797,,,,,,,,,,Big Ten,Big Ten
401120736,2019-03-15,Michigan Wolverines,Iowa Hawkeyes,70.6,65.4,136.0,69.2,74.6,143.8,127,21,67.0,6.0,1.0,False,True,True,,,,,0.0,,,,,0.0,15.336992047065849,13.699476648217637,1.6375153988482136,,,,,,,,,,Big Ten,Big Ten
401120737,2019-03-16,Michigan State Spartans,Wisconsin Badgers,76.4,68.4,144.8,67.6,61.2,128.8,122,12,62.0,1.0,1.0,True,True,True,,,,,0.0,,,,,0.0,17.585471382736248,14.787408366676976,2.798063016059272,,,,,,,,,,Big Ten,Big Ten
401120738,2019-03-16,Michigan Wolverines,Minnesota Golden Gophers,71.6,64.0,135.6,69.0,70.4,139.4,125,27,57.0,1.0,1.0,True,True,True,,,,,0.0,,,,,0.0,15.336992047065849,7.085228313976824,8.251763733089025,,,,,,,,,,Big Ten,Big Ten
401120759,2019-03-16,Washington Huskies,Oregon Ducks,71.6,70.8,142.4,74.8,66.8,141.6,116,-20,54.0,1.0,1.0,True,True,True,,,,,0.0,,,,,0.0,5.191095219476611,14.596831796008162,-9.405736576531552,,,,,,,,,,Big Ten,Big Ten
401120739,2019-03-17,Michigan State Spartans,Michigan Wolverines,74.4,65.4,139.8,72.8,58.4,131.2,125,5,54.0,1.0,1.0,True,True,True,,,,,0.0,,,,,0.0,17.585471382736248,15.336992047065849,2.2484793356704,,,,,,,,,,Big Ten,Big Ten
401123410,2019-03-22,Wisconsin Badgers,Oregon Ducks,64.0,59.6,123.6,71.6,58.6,130.2,126,-18,50.0,6.0,6.0,False,False,True,,,,,0.0,,,,,0.0,14.787408366676976,14.596831796008162,0.1905765706688136,,,,,,,,,,Big Ten,Big Ten
401123439,2019-03-23,Michigan State Spartans,Minnesota Golden Gophers,72.0,62.6,134.6,69.4,73.2,142.6,120,20,52.0,2.0,2.0,False,False,True,,,,,0.0,,,,,0.0,17.585471382736248,7.085228313976824,10.500243068759424,,,,,,,,,,Big Ten,Big Ten
401166103,2019-12-06,Michigan Wolverines,Iowa Hawkeyes,63.0,59.2,122.2,72.8,70.4,143.2,194,12,88.0,8.0,8.0,False,False,False,,,,,0.0,,,,,0.0,15.336992047065849,13.699476648217637,1.6375153988482136,,,,,,,,,,Big Ten,Big Ten
401166104,2019-12-07,Maryland Terrapins,Illinois Fighting Illini,77.8,58.4,136.2,69.2,74.4,143.6,117,1,64.0,9.0,17.0,False,False,False,,,,,0.0,,,,,0.0,12.695141455510884,14.692714987512222,-1.997573532001338,,,,,,,,,,Big Ten,Big Ten
401166105,2019-12-07,Ohio State Buckeyes,Penn State Nittany Lions,74.8,57.8,132.6,69.2,68.8,138.0,180,32,81.0,8.0,268.0,False,False,False,,,,,0.0,,,,,0.0,13.881446041273204,10.213968509412432,3.667477531860772,,,,,,,,,,Big Ten,Big Ten
401166107,2019-12-08,Michigan State Spartans,Rutgers Scarlet Knights,73.8,57.6,131.4,69.8,67.8,137.6,142,12,61.0,28.0,18.0,False,False,False,,,,,0.0,,,,,0.0,17.585471382736248,9.720039823352574,7.865431559383674,,,,,,,,,,Big Ten,Big Ten
401166109,2019-12-09,Iowa Hawkeyes,Minnesota Golden Gophers,74.4,78.6,153.0,67.4,73.4,140.8,124,20,66.0,3.0,261.0,False,False,False,,,,,0.0,,,,,0.0,13.699476648217637,7.085228313976824,6.614248334240811,,,,,,,,,,Big Ten,Big Ten
401166110,2019-12-10,Penn State Nittany Lions,Maryland Terrapins,69.0,76.2,145.2,75.0,59.0,134.0,145,7,70.0,3.0,3.0,False,False,False,,,,,0.0,,,,,0.0,10.213968509412432,12.695141455510884,-2.481172946098452,,,,,,,,,,Big Ten,Big Ten
401166111,2019-12-11,Illinois Fighting Illini,Michigan Wolverines,69.6,71.6,141.2,71.6,64.4,136.0,133,9,58.0,4.0,5.0,False,False,False,,,,,0.0,,,,,0.0,14.692714987512222,15.336992047065849,-0.6442770595536267,,,,,,,,,,Big Ten,Big Ten
401166114,2019-12-14,Michigan Wolverines,Oregon Ducks,69.2,67.6,136.8,82.4,65.0,147.4,141,-1,54.0,3.0,7.0,False,False,False,,,,,0.0,,,,,0.0,15.336992047065849,14.596831796008162,0.7401602510576861,,,,,,,,,,Big Ten,Big Ten
401166118,2019-12-15,Minnesota Golden Gophers,Ohio State Buckeyes,62.4,73.4,135.8,84.2,57.8,142.0,155,13,67.0,6.0,8.0,False,False,False,,,,,0.0,,,,,0.0,7.085228313976824,13.881446041273204,-6.79621772729638,,,,,,,,,,Big Ten,Big Ten
401166122,2019-12-18,Northwestern Wildcats,Michigan State Spartans,64.2,72.6,136.8,73.6,57.8,131.4,149,-5,64.0,280.0,4.0,False,False,False,,,,,0.0,,,,,0.0,7.211198018538384,17.585471382736248,-10.374273364197864,,,,,,,,,,Big Ten,Big Ten
401166145,2020-01-02,Michigan State Spartans,Illinois Fighting Illini,84.4,59.2,143.6,69.0,70.2,139.2,132,20,66.0,4.0,22.0,False,False,False,,,,,0.0,,,,,0.0,17.585471382736248,14.692714987512222,2.8927563952240263,,,,,,,,,,Big Ten,Big Ten
401166148,2020-01-03,Ohio State Buckeyes,Wisconsin Badgers,81.2,66.0,147.2,62.2,66.6,128.8,118,-4,54.0,5.0,59.0,False,False,False,,,,,0.0,,,,,0.0,13.881446041273204,14.787408366676976,-0.905962325403772,,,,,,,,,,Big Ten,Big Ten
401166149,2020-01-04,Maryland Terrapins,Indiana Hoosiers,67.2,65.0,132.2,72.4,68.8,141.2,134,16,48.0,6.0,45.0,False,False,False,,,,,0.0,,,,,0.0,12.695141455510884,11.724820526235712,0.9703209292751716,,,,,,,,,,Big Ten,Big Ten
401166150,2020-01-04,Penn State Nittany Lions,Iowa Hawkeyes,79.8,73.8,153.6,82.4,67.0,149.4,175,3,77.0,6.0,6.0,False,False,True,,,,,0.0,,,,,0.0,10.213968509412432,13.699476648217637,-3.485508138805203,,,,,,,,,,Big Ten,Big Ten
401166151,2020-01-05,Michigan State Spartans,Michigan Wolverines,84.2,57.4,141.6,81.4,67.4,148.8,156,18,78.0,3.0,7.0,False,False,False,,,,,0.0,,,,,0.0,17.585471382736248,15.336992047065849,2.2484793356704,,,,,,,,,,Big Ten,Big Ten
401166154,2020-01-07,Maryland Terrapins,Ohio State Buckeyes,67.0,63.0,130.0,74.6,66.8,141.4,122,12,50.0,3.0,4.0,False,False,False,,,,,0.0,,,,,0.0,12.695141455510884,13.881446041273204,-1.1863045857623202,,,,,,,,,,Big Ten,Big Ten
401166156,2020-01-07,Rutgers Scarlet Knights,Penn State Nittany Lions,70.8,69.0,139.8,83.2,75.6,158.8,133,11,61.0,30.0,3.0,False,False,False,,,,,0.0,,,,,0.0,9.720039823352574,10.213968509412432,-0.4939286860598582,,,,,,,,,,Big Ten,Big Ten
401166160,2020-01-09,Michigan State Spartans,Minnesota Golden Gophers,87.2,61.4,148.6,64.2,73.0,137.2,132,16,68.0,4.0,25.0,False,False,False,,,,,0.0,,,,,0.0,17.585471382736248,7.085228313976824,10.500243068759424,,,,,,,,,,Big Ten,Big Ten
401166159,2020-01-09,Michigan Wolverines,Purdue Boilermakers,74.6,66.6,141.2,81.2,72.4,153.6,162,6,60.0,4.0,61.0,False,False,False,,,,,0.0,,,,,0.0,15.336992047065849,18.93258727393362,-3.595595226867772,,,,,,,,,,Big Ten,Big Ten
401166161,2020-01-10,Iowa Hawkeyes,Maryland Terrapins,85.2,72.6,157.8,68.6,62.4,131.0,116,18,62.0,6.0,3.0,False,False,False,,,,,0.0,,,,,0.0,13.699476648217637,12.695141455510884,1.0043351927067512,,,,,,,,,,Big Ten,Big Ten
401166163,2020-01-11,Indiana Hoosiers,Ohio State Buckeyes,70.2,68.6,138.8,64.4,65.4,129.8,120,12,65.0,7.0,4.0,False,False,False,,,,,0.0,,,,,0.0,11.724820526235712,13.881446041273204,-2.156625515037492,,,,,,,,,,Big Ten,Big Ten
401166165,2020-01-11,Penn State Nittany Lions,Wisconsin Badgers,80.6,68.8,149.4,59.8,64.6,124.4,107,-9,53.0,4.0,8.0,False,False,False,,,,,0.0,,,,,0.0,10.213968509412432,14.787408366676976,-4.573439857264544,,,,,,,,,,Big Ten,Big Ten
401166167,2020-01-12,Purdue Boilermakers,Michigan State Spartans,79.4,77.0,156.4,86.6,58.6,145.2,113,29,57.0,3.0,3.0,False,False,False,,,,,0.0,,,,,0.0,18.93258727393362,17.585471382736248,1.3471158911973724,,,,,,,,,,Big Ten,Big Ten
401166166,2020-01-12,Minnesota Golden Gophers,Michigan Wolverines,66.0,72.6,138.6,79.0,68.0,147.0,142,8,61.0,3.0,3.0,False,False,False,,,,,0.0,,,,,0.0,7.085228313976824,15.336992047065849,-8.251763733089025,,,,,,,,,,Big Ten,Big Ten
401166170,2020-01-14,Wisconsin Badgers,Maryland Terrapins,58.2,62.0,120.2,64.6,60.6,125.2,110,2,55.0,3.0,4.0,False,False,False,,,,,0.0,,,,,0.0,14.787408366676976,12.695141455510884,2.0922669111660923,,,,,,,,,,Big Ten,Big Ten
401166169,2020-01-14,Ohio State Buckeyes,Nebraska Cornhuskers,61.0,61.8,122.8,65.6,72.2,137.8,148,12,63.0,3.0,305.0,False,False,False,,,,,0.0,,,,,0.0,13.881446041273204,5.893400049870473,7.988045991402731,,,,,,,,,,Big Ten,Big Ten
401166174,2020-01-17,Michigan State Spartans,Wisconsin Badgers,74.8,63.2,138.0,58.4,59.4,117.8,122,12,55.0,5.0,3.0,False,False,False,,,,,0.0,,,,,0.0,17.585471382736248,14.787408366676976,2.798063016059272,,,,,,,,,,Big Ten,Big Ten
401166173,2020-01-17,Iowa Hawkeyes,Michigan Wolverines,80.4,61.8,142.2,78.4,68.8,147.2,173,7,90.0,7.0,5.0,False,False,False,,,,,0.0,,,,,0.0,13.699476648217637,15.336992047065849,-1.6375153988482136,,,,,,,,,,Big Ten,Big Ten
401170673,2020-01-18,Washington Huskies,Oregon Ducks,78.6,70.4,149.0,69.4,70.4,139.8,125,-3,62.0,24.0,2.0,False,False,False,,,,,0.0,,,,,0.0,5.191095219476611,14.596831796008162,-9.405736576531552,,,,,,,,,,Big Ten,Big Ten
401166176,2020-01-18,Maryland Terrapins,Purdue Boilermakers,65.8,61.4,127.2,73.8,66.6,140.4,107,7,56.0,4.0,6.0,False,False,False,,,,,0.0,,,,,0.0,12.695141455510884,18.93258727393362,-6.237445818422737,,,,,,,,,,Big Ten,Big Ten
401166178,2020-01-18,Penn State Nittany Lions,Ohio State Buckeyes,75.2,66.6,141.8,61.0,65.8,126.8,166,14,69.0,7.0,4.0,False,False,False,,,,,0.0,,,,,0.0,10.213968509412432,13.881446041273204,-3.667477531860772,,,,,,,,,,Big Ten,Big Ten
401166175,2020-01-18,Illinois Fighting Illini,Northwestern Wildcats,67.8,68.8,136.6,68.2,74.0,142.2,146,4,72.0,16.0,31.0,False,False,False,,,,,0.0,,,,,0.0,14.692714987512222,7.211198018538384,7.481516968973838,,,,,,,,,,Big Ten,Big Ten
401166179,2020-01-19,Rutgers Scarlet Knights,Minnesota Golden Gophers,68.0,66.8,134.8,63.8,70.8,134.6,120,8,59.0,12.0,7.0,False,False,False,,,,,0.0,,,,,0.0,9.720039823352574,7.085228313976824,2.6348115093757496,,,,,,,,,,Big Ten,Big Ten
401166180,2020-01-21,Northwestern Wildcats,Maryland Terrapins,66.6,73.0,139.6,60.4,57.4,117.8,143,-11,66.0,3.0,3.0,False,False,False,,,,,0.0,,,,,0.0,7.211198018538384,12.695141455510884,-5.4839434369725,,,,,,,,,,Big Ten,Big Ten
401166181,2020-01-21,Purdue Boilermakers,Illinois Fighting Illini,68.8,62.0,130.8,69.0,65.0,134.0,141,-17,59.0,3.0,3.0,False,False,False,,,,,0.0,,,,,0.0,18.93258727393362,14.692714987512222,4.239872286421399,,,,,,,,,,Big Ten,Big Ten
401166183,2020-01-22,Iowa Hawkeyes,Rutgers Scarlet Knights,84.0,68.0,152.0,68.6,64.4,133.0,165,5,81.0,5.0,3.0,False,False,False,,,,,0.0,,,,,0.0,13.699476648217637,9.720039823352574,3.979436824865061,,,,,,,,,,Big Ten,Big Ten
401166185,2020-01-23,Indiana Hoosiers,Michigan State Spartans,68.4,64.8,133.2,69.2,61.8,131.0,130,4,67.0,12.0,6.0,False,False,False,,,,,0.0,,,,,0.0,11.724820526235712,17.585471382736248,-5.860650856500536,,,,,,,,,,Big Ten,Big Ten
401170677,2020-01-23,Oregon Ducks,USC Trojans,69.2,67.8,137.0,65.8,71.8,137.6,149,9,62.0,5.0,56.0,False,False,False,,,,,0.0,,,,,0.0,14.596831796008162,10.115580145627325,4.4812516503808375,,,,,,,,,,Big Ten,Big Ten
401166188,2020-01-25,Michigan Wolverines,Illinois Fighting Illini,77.8,78.0,155.8,67.8,66.0,133.8,126,-2,64.0,8.0,4.0,False,False,False,,,,,0.0,,,,,0.0,15.336992047065849,14.692714987512222,0.6442770595536267,,,,,,,,,,Big Ten,Big Ten
401166189,2020-01-25,Rutgers Scarlet Knights,Nebraska Cornhuskers,70.0,67.2,137.2,68.6,71.8,140.4,147,3,71.0,3.0,11.0,False,False,False,,,,,0.0,,,,,0.0,9.720039823352574,5.893400049870473,3.8266397734821007,,,,,,,,,,Big Ten,Big Ten
401166191,2020-01-26,Minnesota Golden Gophers,Michigan State Spartans,65.0,69.6,134.6,66.6,64.0,130.6,122,-18,52.0,7.0,3.0,False,False,False,,,,,0.0,,,,,0.0,7.085228313976824,17.585471382736248,-10.500243068759424,,,,,,,,,,Big Ten,Big Ten
401170685,2020-01-26,Oregon Ducks,UCLA Bruins,71.2,69.0,140.2,69.6,69.4,139.0,171,21,74.0,3.0,7.0,False,False,False,,,,,0.0,,,,,0.0,14.596831796008162,17.221933449702984,-2.6251016536948217,,,,,,,,,,Big Ten,Big Ten
401166190,2020-01-26,Indiana Hoosiers,Maryland Terrapins,69.2,65.0,134.2,60.8,58.8,119.6,153,-1,81.0,3.0,5.0,False,False,False,,,,,0.0,,,,,0.0,11.724820526235712,12.695141455510884,-0.9703209292751716,,,,,,,,,,Big Ten,Big Ten
401166193,2020-01-27,Iowa Hawkeyes,Wisconsin Badgers,84.2,70.4,154.6,58.6,58.4,117.0,130,6,60.0,5.0,10.0,False,False,False,,,,,0.0,,,,,0.0,13.699476648217637,14.787408366676976,-1.0879317184593411,,,,,,,,,,Big Ten,Big Ten
401166195,2020-01-28,Rutgers Scarlet Knights,Purdue Boilermakers,71.2,70.2,141.4,65.4,66.4,131.8,133,7,66.0,3.0,7.0,False,False,False,,,,,0.0,,,,,0.0,9.720039823352574,18.93258727393362,-9.212547450581049,,,,,,,,,,Big Ten,Big Ten
401166196,2020-01-29,Michigan State Spartans,Northwestern Wildcats,63.2,60.6,123.8,67.0,74.6,141.6,129,29,55.0,3.0,8.0,False,False,False,,,,,0.0,,,,,0.0,17.585471382736248,7.211198018538384,10.374273364197864,,,,,,,,,,Big Ten,Big Ten
401166197,2020-01-29,Penn State Nittany Lions,Indiana Hoosiers,75.8,70.2,146.0,69.4,64.6,134.0,113,15,56.0,11.0,3.0,False,False,False,,,,,0.0,,,,,0.0,10.213968509412432,11.724820526235712,-1.5108520168232804,,,,,,,,,,Big Ten,Big Ten
401166199,2020-01-30,Maryland Terrapins,Iowa Hawkeyes,62.8,63.0,125.8,79.2,72.6,151.8,154,10,68.0,4.0,3.0,False,False,False,,,,,0.0,,,,,0.0,12.695141455510884,13.699476648217637,-1.0043351927067512,,,,,,,,,,Big Ten,Big Ten
401166198,2020-01-30,Illinois Fighting Illini,Minnesota Golden Gophers,69.0,66.6,135.6,65.0,69.2,134.2,110,8,44.0,5.0,4.0,False,False,False,,,,,0.0,,,,,0.0,14.692714987512222,7.085228313976824,7.607486673535398,,,,,,,,,,Big Ten,Big Ten
401166204,2020-02-01,Wisconsin Badgers,Michigan State Spartans,58.4,59.0,117.4,64.2,59.0,123.2,127,1,70.0,5.0,3.0,False,False,False,,,,,0.0,,,,,0.0,14.787408366676976,17.585471382736248,-2.798063016059272,,,,,,,,,,Big Ten,Big Ten
401166201,2020-02-01,Nebraska Cornhuskers,Penn State Nittany Lions,67.8,68.6,136.4,70.6,68.2,138.8,140,-12,71.0,7.0,3.0,False,False,False,,,,,0.0,,,,,0.0,5.893400049870473,10.213968509412432,-4.320568459541959,,,,,,,,,,Big Ten,Big Ten
401166200,2020-02-01,Michigan Wolverines,Rutgers Scarlet Knights,73.0,78.8,151.8,72.2,67.4,139.6,132,6,71.0,7.0,4.0,False,False,True,,,,,0.0,,,,,0.0,15.336992047065849,9.720039823352574,5.616952223713275,,,,,,,,,,Big Ten,Big Ten
401166205,2020-02-02,Iowa Hawkeyes,Illinois Fighting Illini,76.4,71.2,147.6,66.6,64.4,131.0,137,7,61.0,3.0,3.0,False,False,False,,,,,0.0,,,,,0.0,13.699476648217637,14.692714987512222,-0.9932383392945868,,,,,,,,,,Big Ten,Big Ten
401166206,2020-02-04,Maryland Terrapins,Rutgers Scarlet Knights,69.4,64.0,133.4,70.4,69.0,139.4,107,5,45.0,5.0,3.0,False,False,False,,,,,0.0,,,,,0.0,12.695141455510884,9.720039823352574,2.97510163215831,,,,,,,,,,Big Ten,Big Ten
401166208,2020-02-04,Michigan State Spartans,Penn State Nittany Lions,68.4,57.6,126.0,68.0,63.8,131.8,145,-5,80.0,3.0,3.0,False,False,False,,,,,0.0,,,,,0.0,17.585471382736248,10.213968509412432,7.371502873323816,,,,,,,,,,Big Ten,Big Ten
401166210,2020-02-05,Purdue Boilermakers,Iowa Hawkeyes,64.8,66.4,131.2,77.4,74.4,151.8,172,36,97.0,8.0,3.0,False,False,False,,,,,0.0,,,,,0.0,18.93258727393362,13.699476648217637,5.233110625715986,,,,,,,,,,Big Ten,Big Ten
401166211,2020-02-07,Illinois Fighting Illini,Maryland Terrapins,68.4,63.6,132.0,69.8,63.0,132.8,141,-9,82.0,5.0,3.0,False,False,False,,,,,0.0,,,,,0.0,14.692714987512222,12.695141455510884,1.997573532001338,,,,,,,,,,Big Ten,Big Ten
401166214,2020-02-08,Michigan Wolverines,Michigan State Spartans,73.0,74.0,147.0,69.0,61.6,130.6,145,9,52.0,7.0,4.0,False,False,False,,,,,0.0,,,,,0.0,15.336992047065849,17.585471382736248,-2.2484793356704,,,,,,,,,,Big Ten,Big Ten
401166213,2020-02-08,Iowa Hawkeyes,Nebraska Cornhuskers,73.0,78.6,151.6,67.0,71.6,138.6,168,24,71.0,3.0,7.0,False,False,False,,,,,0.0,,,,,0.0,13.699476648217637,5.893400049870473,7.806076598347162,,,,,,,,,,Big Ten,Big Ten
401166215,2020-02-08,Penn State Nittany Lions,Minnesota Golden Gophers,70.8,63.4,134.2,58.4,66.8,125.2,160,6,58.0,4.0,9.0,False,False,False,,,,,0.0,,,,,0.0,10.213968509412432,7.085228313976824,3.128740195435608,,,,,,,,,,Big Ten,Big Ten
401166219,2020-02-11,Maryland Terrapins,Nebraska Cornhuskers,73.4,66.2,139.6,67.6,78.6,146.2,142,2,63.0,4.0,3.0,False,False,False,,,,,0.0,,,,,0.0,12.695141455510884,5.893400049870473,6.801741405640411,,,,,,,,,,Big Ten,Big Ten
401166220,2020-02-11,Purdue Boilermakers,Penn State Nittany Lions,70.0,63.2,133.2,77.6,67.2,144.8,164,-12,72.0,6.0,3.0,False,False,False,,,,,0.0,,,,,0.0,18.93258727393362,10.213968509412432,8.718618764521189,,,,,,,,,,Big Ten,Big Ten
401166218,2020-02-11,Illinois Fighting Illini,Michigan State Spartans,66.6,64.4,131.0,70.0,63.6,133.6,139,-1,57.0,4.0,3.0,False,False,False,,,,,0.0,,,,,0.0,14.692714987512222,17.585471382736248,-2.8927563952240263,,,,,,,,,,Big Ten,Big Ten
401166223,2020-02-13,Indiana Hoosiers,Iowa Hawkeyes,63.4,66.6,130.0,75.2,77.0,152.2,166,12,83.0,15.0,5.0,False,False,False,,,,,0.0,,,,,0.0,11.724820526235712,13.699476648217637,-1.9746561219819228,,,,,,,,,,Big Ten,Big Ten
401166224,2020-02-15,Michigan State Spartans,Maryland Terrapins,70.0,67.0,137.0,72.4,67.0,139.4,127,-7,70.0,4.0,4.0,False,False,False,,,,,0.0,,,,,0.0,17.585471382736248,12.695141455510884,4.890329927225364,,,,,,,,,,Big Ten,Big Ten
401166227,2020-02-15,Penn State Nittany Lions,Northwestern Wildcats,77.2,67.2,144.4,65.6,76.4,142.0,138,16,70.0,4.0,17.0,False,False,False,,,,,0.0,,,,,0.0,10.213968509412432,7.211198018538384,3.002770490874048,,,,,,,,,,Big Ten,Big Ten
401166228,2020-02-15,Rutgers Scarlet Knights,Illinois Fighting Illini,67.8,69.0,136.8,64.6,66.0,130.6,129,15,66.0,11.0,4.0,False,False,False,,,,,0.0,,,,,0.0,9.720039823352574,14.692714987512222,-4.972675164159648,,,,,,,,,,Big Ten,Big Ten
401166230,2020-02-16,Minnesota Golden Gophers,Iowa Hawkeyes,62.2,68.6,130.8,77.0,82.4,159.4,113,-3,57.0,8.0,3.0,False,False,False,,,,,0.0,,,,,0.0,7.085228313976824,13.699476648217637,-6.614248334240811,,,,,,,,,,Big Ten,Big Ten
401166232,2020-02-18,Penn State Nittany Lions,Illinois Fighting Illini,79.8,69.6,149.4,63.2,68.0,131.2,118,-6,56.0,3.0,3.0,False,False,False,,,,,0.0,,,,,0.0,10.213968509412432,14.692714987512222,-4.47874647809979,,,,,,,,,,Big Ten,Big Ten
401166236,2020-02-20,Iowa Hawkeyes,Ohio State Buckeyes,74.2,77.0,151.2,64.4,70.4,134.8,161,9,81.0,4.0,33.0,False,False,False,,,,,0.0,,,,,0.0,13.699476648217637,13.881446041273204,-0.181969393055569,,,,,,,,,,Big Ten,Big Ten
401166241,2020-02-23,Ohio State Buckeyes,Maryland Terrapins,68.2,75.2,143.4,70.4,63.8,134.2,151,7,73.0,3.0,8.0,False,False,False,,,,,0.0,,,,,0.0,13.881446041273204,12.695141455510884,1.1863045857623202,,,,,,,,,,Big Ten,Big Ten
401166239,2020-02-23,Indiana Hoosiers,Penn State Nittany Lions,69.4,67.0,136.4,75.8,69.2,145.0,128,8,61.0,10.0,5.0,False,False,False,,,,,0.0,,,,,0.0,11.724820526235712,10.213968509412432,1.5108520168232804,,,,,,,,,,Big Ten,Big Ten
401166244,2020-02-25,Michigan State Spartans,Iowa Hawkeyes,66.2,70.4,136.6,76.8,79.2,156.0,148,8,60.0,10.0,5.0,False,False,False,,,,,0.0,,,,,0.0,17.585471382736248,13.699476648217637,3.885994734518613,,,,,,,,,,Big Ten,Big Ten
401166245,2020-02-26,Minnesota Golden Gophers,Maryland Terrapins,58.2,66.8,125.0,68.4,65.2,133.6,147,-1,78.0,10.0,3.0,False,False,False,,,,,0.0,,,,,0.0,7.085228313976824,12.695141455510884,-5.60991314153406,,,,,,,,,,Big Ten,Big Ten
401166246,2020-02-26,Penn State Nittany Lions,Rutgers Scarlet Knights,72.8,68.8,141.6,66.2,63.4,129.6,129,1,66.0,3.0,11.0,False,False,False,,,,,0.0,,,,,0.0,10.213968509412432,9.720039823352574,0.4939286860598582,,,,,,,,,,Big Ten,Big Ten
401166247,2020-02-27,Michigan Wolverines,Wisconsin Badgers,71.6,72.0,143.6,59.0,60.2,119.2,155,-7,76.0,19.0,26.0,False,False,False,,,,,0.0,,,,,0.0,15.336992047065849,14.787408366676976,0.5495836803888725,,,,,,,,,,Big Ten,Big Ten
401166248,2020-02-27,Nebraska Cornhuskers,Ohio State Buckeyes,69.2,79.8,149.0,73.0,76.2,149.2,129,-21,70.0,16.0,4.0,False,False,False,,,,,0.0,,,,,0.0,5.893400049870473,13.881446041273204,-7.988045991402731,,,,,,,,,,Big Ten,Big Ten
401166252,2020-02-29,Maryland Terrapins,Michigan State Spartans,72.0,69.6,141.6,69.2,71.6,140.8,144,-12,69.0,3.0,4.0,False,False,False,,,,,0.0,,,,,0.0,12.695141455510884,17.585471382736248,-4.890329927225364,,,,,,,,,,Big Ten,Big Ten
401166251,2020-02-29,Iowa Hawkeyes,Penn State Nittany Lions,77.2,74.0,151.2,69.2,66.2,135.4,145,9,69.0,4.0,3.0,False,False,False,,,,,0.0,,,,,0.0,13.699476648217637,10.213968509412432,3.485508138805203,,,,,,,,,,Big Ten,Big Ten
401166255,2020-03-01,Ohio State Buckeyes,Michigan Wolverines,77.2,73.8,151.0,73.0,73.2,146.2,140,14,61.0,3.0,3.0,False,False,False,,,,,0.0,,,,,0.0,13.881446041273204,15.336992047065849,-1.4555460057926446,,,,,,,,,,Big Ten,Big Ten
401166259,2020-03-03,Rutgers Scarlet Knights,Maryland Terrapins,64.0,62.0,126.0,70.2,72.0,142.2,145,11,64.0,6.0,3.0,False,False,False,,,,,0.0,,,,,0.0,9.720039823352574,12.695141455510884,-2.97510163215831,,,,,,,,,,Big Ten,Big Ten
401166258,2020-03-03,Penn State Nittany Lions,Michigan State Spartans,65.2,66.4,131.6,70.8,69.8,140.6,150,-8,77.0,3.0,3.0,False,False,False,,,,,0.0,,,,,0.0,10.213968509412432,17.585471382736248,-7.371502873323816,,,,,,,,,,Big Ten,Big Ten
401166257,2020-03-03,Iowa Hawkeyes,Purdue Boilermakers,73.4,73.2,146.6,71.0,72.4,143.4,145,-9,67.0,3.0,21.0,False,False,False,,,,,0.0,,,,,0.0,13.699476648217637,18.93258727393362,-5.233110625715986,,,,,,,,,,Big Ten,Big Ten
401166261,2020-03-04,Wisconsin Badgers,Northwestern Wildcats,63.6,65.2,128.8,64.0,77.0,141.0,111,15,62.0,6.0,18.0,False,False,False,,,,,0.0,,,,,0.0,14.787408366676976,7.211198018538384,7.576210348138592,,,,,,,,,,Big Ten,Big Ten
401166263,2020-03-05,Ohio State Buckeyes,Illinois Fighting Illini,76.6,72.8,149.4,63.8,69.0,132.8,134,8,67.0,4.0,16.0,False,False,False,,,,,0.0,,,,,0.0,13.881446041273204,14.692714987512222,-0.8112689462390179,,,,,,,,,,Big Ten,Big Ten
401166262,2020-03-05,Michigan Wolverines,Nebraska Cornhuskers,69.0,70.6,139.6,66.4,78.8,145.2,140,24,60.0,4.0,7.0,False,False,False,,,,,0.0,,,,,0.0,15.336992047065849,5.893400049870473,9.443591997195377,,,,,,,,,,Big Ten,Big Ten
401166265,2020-03-07,Northwestern Wildcats,Penn State Nittany Lions,59.2,74.2,133.4,64.0,70.0,134.0,149,11,68.0,3.0,4.0,False,False,False,,,,,0.0,,,,,0.0,7.211198018538384,10.213968509412432,-3.002770490874048,,,,,,,,,,Big Ten,Big Ten
401166264,2020-03-07,Indiana Hoosiers,Wisconsin Badgers,69.8,68.2,138.0,65.0,64.0,129.0,116,-4,53.0,13.0,3.0,False,False,False,,,,,0.0,,,,,0.0,11.724820526235712,14.787408366676976,-3.062587840441264,,,,,,,,,,Big Ten,Big Ten
401166268,2020-03-08,Maryland Terrapins,Michigan Wolverines,69.2,73.6,142.8,73.0,69.4,142.4,153,13,69.0,5.0,3.0,False,False,False,,,,,0.0,,,,,0.0,12.695141455510884,15.336992047065849,-2.641850591554965,,,,,,,,,,Big Ten,Big Ten
401166269,2020-03-08,Michigan State Spartans,Ohio State Buckeyes,73.0,68.6,141.6,75.6,67.4,143.0,149,11,70.0,5.0,3.0,False,False,False,,,,,0.0,,,,,0.0,17.585471382736248,13.881446041273204,3.704025341463044,,,,,,,,,,Big Ten,Big Ten
401166267,2020-03-08,Illinois Fighting Illini,Iowa Hawkeyes,63.4,68.8,132.2,71.6,70.8,142.4,154,2,82.0,3.0,5.0,False,False,False,,,,,0.0,,,,,0.0,14.692714987512222,13.699476648217637,0.9932383392945868,,,,,,,,,,Big Ten,Big Ten
401211003,2020-03-11,Minnesota Golden Gophers,Northwestern Wildcats,61.6,68.8,130.4,61.0,73.0,134.0,131,17,60.0,14.0,4.0,False,False,True,,,,,0.0,,,,,0.0,7.085228313976824,7.211198018538384,-0.1259697045615597,,,,,,,,,,Big Ten,Big Ten
401211004,2020-03-11,Indiana Hoosiers,Nebraska Cornhuskers,67.6,67.6,135.2,63.6,80.2,143.8,153,25,77.0,4.0,6.0,False,False,True,,,,,0.0,,,,,0.0,11.724820526235712,5.893400049870473,5.831420476365239,,,,,,,,,,Big Ten,Big Ten
401211005,2020-03-12,Rutgers Scarlet Knights,Michigan Wolverines,65.6,62.8,128.4,73.2,73.4,146.6,0,0,,9.0,4.0,False,False,True,,,,,0.0,,,,,0.0,9.720039823352574,15.336992047065849,-5.616952223713275,,,,,,,,,,Big Ten,Big Ten
401211007,2020-03-12,Iowa Hawkeyes,Minnesota Golden Gophers,75.2,75.4,150.6,66.0,66.2,132.2,0,0,,4.0,1.0,False,True,True,,,,,0.0,,,,,0.0,13.699476648217637,7.085228313976824,6.614248334240811,,,,,,,,,,Big Ten,Big Ten
401211008,2020-03-12,Ohio State Buckeyes,Purdue Boilermakers,74.2,66.4,140.6,76.4,74.6,151.0,0,0,,4.0,9.0,False,False,True,,,,,0.0,,,,,0.0,13.881446041273204,18.93258727393362,-5.051141232660417,,,,,,,,,,Big Ten,Big Ten
401211009,2020-03-12,Penn State Nittany Lions,Indiana Hoosiers,66.6,73.6,140.2,70.2,65.0,135.2,0,0,,5.0,1.0,False,True,True,,,,,0.0,,,,,0.0,10.213968509412432,11.724820526235712,-1.5108520168232804,,,,,,,,,,Big Ten,Big Ten
401263327,2020-12-14,Maryland Terrapins,Rutgers Scarlet Knights,58.0,59.8,117.8,66.0,52.2,118.2,134,-14,55.0,276.0,15.0,False,False,False,,,,,0.0,,,,,0.0,12.695141455510884,9.720039823352574,2.97510163215831,,,,,,,,,,Big Ten,Big Ten
401263328,2020-12-15,Illinois Fighting Illini,Minnesota Golden Gophers,74.8,50.8,125.6,53.8,50.6,104.4,157,27,69.0,3.0,15.0,False,False,False,,,,,0.0,,,,,0.0,14.692714987512222,7.085228313976824,7.607486673535398,,,,,,,,,,Big Ten,Big Ten
401263329,2020-12-16,Purdue Boilermakers,Ohio State Buckeyes,64.0,58.8,122.8,62.4,47.2,109.6,127,7,71.0,279.0,3.0,False,False,False,,,,,0.0,,,,,0.0,18.93258727393362,13.881446041273204,5.051141232660417,,,,,,,,,,Big Ten,Big Ten
401263349,2020-12-20,Northwestern Wildcats,Michigan State Spartans,59.2,72.4,131.6,86.8,73.0,159.8,144,14,73.0,284.0,7.0,False,False,False,,,,,0.0,,,,,0.0,7.211198018538384,17.585471382736248,-10.374273364197864,,,,,,,,,,Big Ten,Big Ten
401263350,2020-12-20,Rutgers Scarlet Knights,Illinois Fighting Illini,65.2,50.8,116.0,68.8,51.8,120.6,179,3,78.0,6.0,5.0,False,False,False,,,,,0.0,,,,,0.0,9.720039823352574,14.692714987512222,-4.972675164159648,,,,,,,,,,Big Ten,Big Ten
401263331,2020-12-22,Iowa Hawkeyes,Purdue Boilermakers,100.2,72.6,172.8,64.8,56.8,121.6,125,15,64.0,3.0,6.0,False,False,False,,,,,0.0,,,,,0.0,13.699476648217637,18.93258727393362,-5.233110625715986,,,,,,,,,,Big Ten,Big Ten
401263330,2020-12-22,Wisconsin Badgers,Nebraska Cornhuskers,59.4,46.8,106.2,64.0,83.2,147.2,120,14,49.0,6.0,11.0,False,False,False,,,,,0.0,,,,,0.0,14.787408366676976,5.893400049870473,8.894008316806502,,,,,,,,,,Big Ten,Big Ten
401263333,2020-12-23,Ohio State Buckeyes,Rutgers Scarlet Knights,55.6,47.2,102.8,83.4,68.4,151.8,148,12,66.0,7.0,3.0,False,False,False,,,,,0.0,,,,,0.0,13.881446041273204,9.720039823352574,4.16140621792063,,,,,,,,,,Big Ten,Big Ten
401263334,2020-12-23,Penn State Nittany Lions,Illinois Fighting Illini,54.6,60.0,114.6,67.0,62.4,129.4,179,-17,86.0,286.0,3.0,False,False,False,,,,,0.0,,,,,0.0,10.213968509412432,14.692714987512222,-4.47874647809979,,,,,,,,,,Big Ten,Big Ten
401257449,2020-12-23,Oregon Ducks,UCLA Bruins,47.6,44.0,91.6,47.0,46.8,93.8,0,0,,19.0,23.0,False,False,False,,,,,0.0,,,,,0.0,14.596831796008162,17.221933449702984,-2.6251016536948217,,,,,,,,,,Big Ten,Big Ten
401263336,2020-12-25,Minnesota Golden Gophers,Iowa Hawkeyes,55.8,57.4,113.2,93.6,68.4,162.0,197,7,71.0,10.0,3.0,False,False,False,,,,,0.0,,,,,0.0,7.085228313976824,13.699476648217637,-6.614248334240811,,,,,,,,,,Big Ten,Big Ten
401263335,2020-12-25,Michigan State Spartans,Wisconsin Badgers,83.2,75.4,158.6,56.4,49.0,105.4,161,-9,84.0,5.0,3.0,False,False,False,,,,,0.0,,,,,0.0,17.585471382736248,14.787408366676976,2.798063016059272,,,,,,,,,,Big Ten,Big Ten
401263337,2020-12-25,Nebraska Cornhuskers,Michigan Wolverines,60.6,82.2,142.8,65.8,58.8,124.6,149,-11,70.0,3.0,26.0,False,False,False,,,,,0.0,,,,,0.0,5.893400049870473,15.336992047065849,-9.443591997195377,,,,,,,,,,Big Ten,Big Ten
401263339,2020-12-26,Illinois Fighting Illini,Indiana Hoosiers,71.2,63.6,134.8,58.4,48.4,106.8,129,9,56.0,3.0,26.0,False,False,False,,,,,0.0,,,,,0.0,14.692714987512222,11.724820526235712,2.9678944612765097,,,,,,,,,,Big Ten,Big Ten
401263340,2020-12-26,Northwestern Wildcats,Ohio State Buckeyes,65.0,69.6,134.6,56.8,48.0,104.8,141,1,68.0,6.0,3.0,False,False,False,,,,,0.0,,,,,0.0,7.211198018538384,13.881446041273204,-6.67024802273482,,,,,,,,,,Big Ten,Big Ten
401263342,2020-12-28,Wisconsin Badgers,Maryland Terrapins,60.4,50.8,111.2,55.2,60.0,115.2,134,-6,52.0,3.0,14.0,False,False,False,,,,,0.0,,,,,0.0,14.787408366676976,12.695141455510884,2.0922669111660923,,,,,,,,,,Big Ten,Big Ten
401263341,2020-12-28,Minnesota Golden Gophers,Michigan State Spartans,61.6,61.6,123.2,82.4,78.4,160.8,137,25,52.0,3.0,3.0,False,False,False,,,,,0.0,,,,,0.0,7.085228313976824,17.585471382736248,-10.500243068759424,,,,,,,,,,Big Ten,Big Ten
401263343,2020-12-29,Iowa Hawkeyes,Northwestern Wildcats,92.8,77.2,170.0,67.0,68.2,135.2,159,15,81.0,4.0,3.0,False,False,False,,,,,0.0,,,,,0.0,13.699476648217637,7.211198018538384,6.488278629679251,,,,,,,,,,Big Ten,Big Ten
401263344,2020-12-29,Rutgers Scarlet Knights,Purdue Boilermakers,79.8,71.8,151.6,55.0,57.2,112.2,157,5,74.0,6.0,7.0,False,False,False,,,,,0.0,,,,,0.0,9.720039823352574,18.93258727393362,-9.212547450581049,,,,,,,,,,Big Ten,Big Ten
401263346,2020-12-30,Ohio State Buckeyes,Nebraska Cornhuskers,55.4,53.4,108.8,63.6,83.2,146.8,144,36,59.0,4.0,5.0,False,False,False,,,,,0.0,,,,,0.0,13.881446041273204,5.893400049870473,7.988045991402731,,,,,,,,,,Big Ten,Big Ten
401263348,2020-12-31,Wisconsin Badgers,Minnesota Golden Gophers,58.6,52.4,111.0,63.0,61.4,124.4,130,12,51.0,3.0,3.0,False,False,False,,,,,0.0,,,,,0.0,14.787408366676976,7.085228313976824,7.702180052700152,,,,,,,,,,Big Ten,Big Ten
401263347,2020-12-31,Maryland Terrapins,Michigan Wolverines,56.0,57.2,113.2,65.4,61.0,126.4,157,-11,90.0,3.0,6.0,False,False,False,,,,,0.0,,,,,0.0,12.695141455510884,15.336992047065849,-2.641850591554965,,,,,,,,,,Big Ten,Big Ten
401263309,2021-01-02,Rutgers Scarlet Knights,Iowa Hawkeyes,76.8,72.0,148.8,89.2,76.2,165.4,152,-2,70.0,4.0,4.0,False,False,False,,,,,0.0,,,,,0.0,9.720039823352574,13.699476648217637,-3.979436824865061,,,,,,,,,,Big Ten,Big Ten
401263307,2021-01-02,Illinois Fighting Illini,Purdue Boilermakers,85.0,75.6,160.6,55.0,55.8,110.8,124,8,56.0,7.0,4.0,False,False,False,,,,,0.0,,,,,0.0,14.692714987512222,18.93258727393362,-4.239872286421399,,,,,,,,,,Big Ten,Big Ten
401263308,2021-01-02,Nebraska Cornhuskers,Michigan State Spartans,62.8,84.8,147.6,77.0,79.4,156.4,161,-7,73.0,3.0,5.0,False,False,False,,,,,0.0,,,,,0.0,5.893400049870473,17.585471382736248,-11.692071332865776,,,,,,,,,,Big Ten,Big Ten
401263418,2021-01-03,Michigan Wolverines,Northwestern Wildcats,68.2,59.0,127.2,71.8,73.0,144.8,151,19,72.0,3.0,5.0,False,False,False,,,,,0.0,,,,,0.0,15.336992047065849,7.211198018538384,8.125794028527466,,,,,,,,,,Big Ten,Big Ten
401263419,2021-01-03,Minnesota Golden Gophers,Ohio State Buckeyes,74.8,75.6,150.4,73.4,64.2,137.6,137,17,80.0,3.0,4.0,False,False,False,,,,,0.0,,,,,0.0,7.085228313976824,13.881446041273204,-6.79621772729638,,,,,,,,,,Big Ten,Big Ten
401263420,2021-01-03,Penn State Nittany Lions,Wisconsin Badgers,57.8,66.8,124.6,57.4,51.6,109.0,0,0,,11.0,3.0,False,False,False,,,,,0.0,,,,,0.0,10.213968509412432,14.787408366676976,-4.573439857264544,,,,,,,,,,Big Ten,Big Ten
401263424,2021-01-05,Michigan State Spartans,Rutgers Scarlet Knights,78.0,82.6,160.6,77.8,76.2,154.0,113,23,50.0,3.0,3.0,False,False,False,,,,,0.0,,,,,0.0,17.585471382736248,9.720039823352574,7.865431559383674,,,,,,,,,,Big Ten,Big Ten
401263426,2021-01-06,Michigan Wolverines,Minnesota Golden Gophers,85.2,72.2,157.4,76.8,74.8,151.6,139,25,58.0,3.0,3.0,False,False,False,,,,,0.0,,,,,0.0,15.336992047065849,7.085228313976824,8.251763733089025,,,,,,,,,,Big Ten,Big Ten
401263428,2021-01-07,Maryland Terrapins,Iowa Hawkeyes,57.2,58.4,115.6,83.4,80.6,164.0,156,-22,70.0,7.0,5.0,False,False,False,,,,,0.0,,,,,0.0,12.695141455510884,13.699476648217637,-1.0043351927067512,,,,,,,,,,Big Ten,Big Ten
401263430,2021-01-07,Wisconsin Badgers,Indiana Hoosiers,57.4,51.6,109.0,56.8,50.2,107.0,153,7,53.0,4.0,12.0,False,False,False,,,,,0.0,,,,,0.0,14.787408366676976,11.724820526235712,3.062587840441264,,,,,,,,,,Big Ten,Big Ten
401263429,2021-01-07,Northwestern Wildcats,Illinois Fighting Illini,69.0,76.2,145.2,82.6,71.0,153.6,137,-25,71.0,4.0,5.0,False,False,False,,,,,0.0,,,,,0.0,7.211198018538384,14.692714987512222,-7.481516968973838,,,,,,,,,,Big Ten,Big Ten
401263310,2021-01-08,Michigan State Spartans,Purdue Boilermakers,69.8,73.4,143.2,51.2,55.4,106.6,109,-1,47.0,3.0,6.0,False,False,False,,,,,0.0,,,,,0.0,17.585471382736248,18.93258727393362,-1.3471158911973724,,,,,,,,,,Big Ten,Big Ten
401263432,2021-01-09,Rutgers Scarlet Knights,Ohio State Buckeyes,72.0,77.8,149.8,72.0,67.4,139.4,147,-11,72.0,4.0,6.0,False,False,False,,,,,0.0,,,,,0.0,9.720039823352574,13.881446041273204,-4.16140621792063,,,,,,,,,,Big Ten,Big Ten
401263431,2021-01-09,Penn State Nittany Lions,Michigan Wolverines,44.2,51.4,95.6,82.4,67.2,149.6,0,0,,6.0,3.0,False,False,False,,,,,0.0,,,,,0.0,10.213968509412432,15.336992047065849,-5.123023537653417,,,,,,,,,,Big Ten,Big Ten
401267859,2021-01-10,Iowa Hawkeyes,Minnesota Golden Gophers,83.6,74.2,157.8,75.2,72.8,148.0,157,15,76.0,3.0,4.0,False,False,False,,,,,0.0,,,,,0.0,13.699476648217637,7.085228313976824,6.614248334240811,,,,,,,,,,Big Ten,Big Ten
401263391,2021-01-10,Illinois Fighting Illini,Maryland Terrapins,80.4,69.2,149.6,54.0,62.2,116.2,129,-3,66.0,3.0,3.0,False,False,False,,,,,0.0,,,,,0.0,14.692714987512222,12.695141455510884,1.997573532001338,,,,,,,,,,Big Ten,Big Ten
401263393,2021-01-12,Michigan Wolverines,Wisconsin Badgers,66.2,53.0,119.2,60.0,55.6,115.6,131,23,63.0,3.0,5.0,False,False,False,,,,,0.0,,,,,0.0,15.336992047065849,14.787408366676976,0.5495836803888725,,,,,,,,,,Big Ten,Big Ten
401263312,2021-01-13,Ohio State Buckeyes,Northwestern Wildcats,75.8,67.6,143.4,68.8,77.6,146.4,152,10,75.0,4.0,6.0,False,False,False,,,,,0.0,,,,,0.0,13.881446041273204,7.211198018538384,6.67024802273482,,,,,,,,,,Big Ten,Big Ten
401263311,2021-01-13,Nebraska Cornhuskers,Illinois Fighting Illini,65.4,83.8,149.2,75.4,64.2,139.6,0,0,,11.0,3.0,False,False,False,,,,,0.0,,,,,0.0,5.893400049870473,14.692714987512222,-8.79931493764175,,,,,,,,,,Big Ten,Big Ten
401263396,2021-01-14,Iowa Hawkeyes,Michigan State Spartans,86.8,77.4,164.2,67.6,68.6,136.2,0,0,,4.0,6.0,False,False,False,,,,,0.0,,,,,0.0,13.699476648217637,17.585471382736248,-3.885994734518613,,,,,,,,,,Big Ten,Big Ten
401263397,2021-01-15,Rutgers Scarlet Knights,Wisconsin Badgers,67.4,76.0,143.4,53.8,55.8,109.6,114,-6,65.0,6.0,3.0,False,False,False,,,,,0.0,,,,,0.0,9.720039823352574,14.787408366676976,-5.0673685433244025,,,,,,,,,,Big Ten,Big Ten
401263400,2021-01-16,Minnesota Golden Gophers,Michigan Wolverines,69.0,71.0,140.0,65.6,50.0,115.6,132,18,53.0,6.0,4.0,False,False,False,,,,,0.0,,,,,0.0,7.085228313976824,15.336992047065849,-8.251763733089025,,,,,,,,,,Big Ten,Big Ten
401263398,2021-01-16,Illinois Fighting Illini,Ohio State Buckeyes,55.8,48.0,103.8,76.0,68.2,144.2,168,-6,71.0,3.0,3.0,False,False,False,,,,,0.0,,,,,0.0,14.692714987512222,13.881446041273204,0.8112689462390179,,,,,,,,,,Big Ten,Big Ten
401267860,2021-01-17,Northwestern Wildcats,Iowa Hawkeyes,67.2,80.8,148.0,67.8,57.0,124.8,169,-23,86.0,4.0,3.0,False,False,False,,,,,0.0,,,,,0.0,7.211198018538384,13.699476648217637,-6.488278629679251,,,,,,,,,,Big Ten,Big Ten
401263403,2021-01-19,Michigan Wolverines,Maryland Terrapins,60.2,50.4,110.6,67.2,74.8,142.0,150,24,67.0,3.0,9.0,False,False,False,,,,,0.0,,,,,0.0,15.336992047065849,12.695141455510884,2.641850591554965,,,,,,,,,,Big Ten,Big Ten
401263414,2021-01-19,Ohio State Buckeyes,Purdue Boilermakers,79.4,70.2,149.6,62.2,66.2,128.4,132,-2,68.0,3.0,11.0,False,False,False,,,,,0.0,,,,,0.0,13.881446041273204,18.93258727393362,-5.051141232660417,,,,,,,,,,Big Ten,Big Ten
401263404,2021-01-19,Illinois Fighting Illini,Penn State Nittany Lions,58.2,53.4,111.6,30.0,35.6,65.6,144,14,70.0,3.0,10.0,False,False,False,,,,,0.0,,,,,0.0,14.692714987512222,10.213968509412432,4.47874647809979,,,,,,,,,,Big Ten,Big Ten
401275673,2021-01-19,Oregon Ducks,UCLA Bruins,44.8,41.6,86.4,33.0,34.2,67.2,0,0,,3.0,27.0,False,False,False,,,,,0.0,,,,,0.0,14.596831796008162,17.221933449702984,-2.6251016536948217,,,,,,,,,,Big Ten,Big Ten
401263415,2021-01-20,Wisconsin Badgers,Northwestern Wildcats,53.0,52.6,105.6,67.6,86.0,153.6,120,16,75.0,5.0,3.0,False,False,False,,,,,0.0,,,,,0.0,14.787408366676976,7.211198018538384,7.576210348138592,,,,,,,,,,Big Ten,Big Ten
401263405,2021-01-20,Nebraska Cornhuskers,Minnesota Golden Gophers,50.6,64.2,114.8,67.8,71.2,139.0,0,0,,7.0,4.0,False,False,False,,,,,0.0,,,,,0.0,5.893400049870473,7.085228313976824,-1.1918282641063511,,,,,,,,,,Big Ten,Big Ten
401263406,2021-01-21,Iowa Hawkeyes,Indiana Hoosiers,69.6,57.2,126.8,60.2,54.2,114.4,150,-12,68.0,4.0,14.0,False,False,False,,,,,0.0,,,,,0.0,13.699476648217637,11.724820526235712,1.9746561219819228,,,,,,,,,,Big Ten,Big Ten
401263407,2021-01-22,Purdue Boilermakers,Michigan Wolverines,62.2,67.2,129.4,60.6,49.8,110.4,123,-17,55.0,3.0,3.0,False,False,False,,,,,0.0,,,,,0.0,18.93258727393362,15.336992047065849,3.595595226867772,,,,,,,,,,Big Ten,Big Ten
401263411,2021-01-23,Wisconsin Badgers,Ohio State Buckeyes,52.4,51.2,103.6,74.4,72.8,147.2,136,-12,57.0,3.0,4.0,False,False,False,,,,,0.0,,,,,0.0,14.787408366676976,13.881446041273204,0.905962325403772,,,,,,,,,,Big Ten,Big Ten
401263409,2021-01-23,Minnesota Golden Gophers,Maryland Terrapins,56.0,57.0,113.0,67.8,77.4,145.2,112,-14,63.0,3.0,4.0,False,False,False,,,,,0.0,,,,,0.0,7.085228313976824,12.695141455510884,-5.60991314153406,,,,,,,,,,Big Ten,Big Ten
401263408,2021-01-23,Michigan State Spartans,Illinois Fighting Illini,52.4,51.6,104.0,60.8,54.8,115.6,0,0,,9.0,4.0,False,False,False,,,,,0.0,,,,,0.0,17.585471382736248,14.692714987512222,2.8927563952240263,,,,,,,,,,Big Ten,Big Ten
401263413,2021-01-24,Iowa Hawkeyes,Nebraska Cornhuskers,68.0,58.4,126.4,40.0,50.8,90.8,0,0,,3.0,4.0,False,False,False,,,,,0.0,,,,,0.0,13.699476648217637,5.893400049870473,7.806076598347162,,,,,,,,,,Big Ten,Big Ten
401280781,2021-01-27,Ohio State Buckeyes,Penn State Nittany Lions,77.2,69.8,147.0,29.2,35.4,64.6,162,4,82.0,4.0,8.0,False,False,False,,,,,0.0,,,,,0.0,13.881446041273204,10.213968509412432,3.667477531860772,,,,,,,,,,Big Ten,Big Ten
401263313,2021-01-27,Maryland Terrapins,Wisconsin Badgers,66.4,74.4,140.8,64.8,66.0,130.8,116,-6,58.0,4.0,4.0,False,False,False,,,,,0.0,,,,,0.0,12.695141455510884,14.787408366676976,-2.0922669111660923,,,,,,,,,,Big Ten,Big Ten
401265395,2021-01-28,UCLA Bruins,Oregon Ducks,26.6,26.0,52.6,28.6,29.6,58.2,0,0,,5.0,5.0,False,False,False,,,,,0.0,,,,,0.0,17.221933449702984,14.596831796008162,2.6251016536948217,,,,,,,,,,Big Ten,Big Ten
401263417,2021-01-29,Illinois Fighting Illini,Iowa Hawkeyes,44.6,43.6,88.2,50.2,45.0,95.2,155,5,84.0,6.0,5.0,False,False,False,,,,,0.0,,,,,0.0,14.692714987512222,13.699476648217637,0.9932383392945868,,,,,,,,,,Big Ten,Big Ten
401276828,2021-01-30,Penn State Nittany Lions,Wisconsin Badgers,45.0,52.0,97.0,61.0,62.4,123.4,152,10,65.0,3.0,3.0,False,False,False,,,,,0.0,,,,,0.0,10.213968509412432,14.787408366676976,-4.573439857264544,,,,,,,,,,Big Ten,Big Ten
401263316,2021-01-30,Purdue Boilermakers,Minnesota Golden Gophers,61.8,67.2,129.0,50.4,57.6,108.0,143,19,65.0,8.0,7.0,False,False,False,,,,,0.0,,,,,0.0,18.93258727393362,7.085228313976824,11.847358959956797,,,,,,,,,,Big Ten,Big Ten
401263314,2021-01-30,Michigan Wolverines,Indiana Hoosiers,58.2,49.0,107.2,58.6,55.2,113.8,0,0,,8.0,9.0,False,False,False,,,,,0.0,,,,,0.0,15.336992047065849,11.724820526235712,3.612171520830136,,,,,,,,,,Big Ten,Big Ten
401263422,2021-01-31,Ohio State Buckeyes,Michigan State Spartans,78.0,72.0,150.0,41.2,35.4,76.6,141,17,72.0,4.0,8.0,False,False,False,,,,,0.0,,,,,0.0,13.881446041273204,17.585471382736248,-3.704025341463044,,,,,,,,,,Big Ten,Big Ten
401276933,2021-02-01,UCLA Bruins,Oregon Ducks,38.0,36.4,74.4,12.8,15.0,27.8,0,0,,2.0,4.0,False,False,False,,,,,0.0,,,,,0.0,17.221933449702984,14.596831796008162,2.6251016536948217,,,,,,,,,,Big Ten,Big Ten
401281893,2021-02-02,Iowa Hawkeyes,Michigan State Spartans,48.0,46.8,94.8,36.8,35.8,72.6,162,6,91.0,4.0,2.0,False,False,False,,,,,0.0,,,,,0.0,13.699476648217637,17.585471382736248,-3.885994734518613,,,,,,,,,,Big Ten,Big Ten
401263365,2021-02-02,Indiana Hoosiers,Illinois Fighting Illini,58.6,55.2,113.8,48.0,45.4,93.4,146,-4,75.0,3.0,4.0,False,False,False,,,,,0.0,,,,,0.0,11.724820526235712,14.692714987512222,-2.9678944612765097,,,,,,,,,,Big Ten,Big Ten
401263367,2021-02-02,Wisconsin Badgers,Penn State Nittany Lions,64.4,63.2,127.6,45.0,46.6,91.6,128,16,64.0,3.0,3.0,False,False,False,,,,,0.0,,,,,0.0,14.787408366676976,10.213968509412432,4.573439857264544,,,,,,,,,,Big Ten,Big Ten
401263366,2021-02-02,Maryland Terrapins,Purdue Boilermakers,62.8,69.8,132.6,62.8,63.4,126.2,121,1,51.0,6.0,3.0,False,False,False,,,,,0.0,,,,,0.0,12.695141455510884,18.93258727393362,-6.237445818422737,,,,,,,,,,Big Ten,Big Ten
401263383,2021-02-03,Northwestern Wildcats,Michigan Wolverines,63.6,82.2,145.8,58.2,49.0,107.2,0,0,,14.0,4.0,False,False,False,,,,,0.0,,,,,0.0,7.211198018538384,15.336992047065849,-8.125794028527466,,,,,,,,,,Big Ten,Big Ten
401263384,2021-02-04,Iowa Hawkeyes,Ohio State Buckeyes,64.8,62.4,127.2,77.6,70.2,147.8,174,-4,87.0,2.0,4.0,False,False,False,,,,,0.0,,,,,0.0,13.699476648217637,13.881446041273204,-0.181969393055569,,,,,,,,,,Big Ten,Big Ten
401267861,2021-02-05,Penn State Nittany Lions,Maryland Terrapins,56.2,61.0,117.2,61.6,64.0,125.6,105,5,46.0,3.0,3.0,False,False,False,,,,,0.0,,,,,0.0,10.213968509412432,12.695141455510884,-2.481172946098452,,,,,,,,,,Big Ten,Big Ten
401263386,2021-02-06,Illinois Fighting Illini,Wisconsin Badgers,63.0,59.6,122.6,66.8,63.6,130.4,135,15,59.0,4.0,4.0,False,False,False,,,,,0.0,,,,,0.0,14.692714987512222,14.787408366676976,-0.0946933791647541,,,,,,,,,,Big Ten,Big Ten
401263388,2021-02-06,Purdue Boilermakers,Northwestern Wildcats,63.2,62.4,125.6,50.4,65.2,115.6,145,5,67.0,4.0,3.0,False,False,False,,,,,0.0,,,,,0.0,18.93258727393362,7.211198018538384,11.721389255395238,,,,,,,,,,Big Ten,Big Ten
401263389,2021-02-07,Indiana Hoosiers,Iowa Hawkeyes,57.0,58.6,115.6,62.6,65.6,128.2,132,2,64.0,5.0,3.0,False,False,False,,,,,0.0,,,,,0.0,11.724820526235712,13.699476648217637,-1.9746561219819228,,,,,,,,,,Big Ten,Big Ten
401267862,2021-02-08,Maryland Terrapins,Ohio State Buckeyes,58.4,62.4,120.8,78.0,71.0,149.0,138,-8,65.0,3.0,4.0,False,False,False,,,,,0.0,,,,,0.0,12.695141455510884,13.881446041273204,-1.1863045857623202,,,,,,,,,,Big Ten,Big Ten
401263317,2021-02-10,Iowa Hawkeyes,Rutgers Scarlet Knights,61.8,62.8,124.6,64.6,72.0,136.6,145,13,59.0,3.0,26.0,False,False,False,,,,,0.0,,,,,0.0,13.699476648217637,9.720039823352574,3.979436824865061,,,,,,,,,,Big Ten,Big Ten
401263353,2021-02-10,Nebraska Cornhuskers,Wisconsin Badgers,26.2,34.8,61.0,65.2,68.2,133.4,109,-13,57.0,17.0,4.0,False,False,False,,,,,0.0,,,,,0.0,5.893400049870473,14.787408366676976,-8.894008316806502,,,,,,,,,,Big Ten,Big Ten
401265417,2021-02-11,Washington Huskies,USC Trojans,63.2,75.6,138.8,54.6,62.4,117.0,123,-15,72.0,74.0,336.0,False,False,False,,,,,0.0,,,,,0.0,5.191095219476611,10.115580145627325,-4.924484926150714,,,,,,,,,,Big Ten,Big Ten
401263352,2021-02-11,Minnesota Golden Gophers,Purdue Boilermakers,51.4,57.4,108.8,67.2,65.6,132.8,139,3,62.0,12.0,5.0,False,False,False,,,,,0.0,,,,,0.0,7.085228313976824,18.93258727393362,-11.847358959956797,,,,,,,,,,Big Ten,Big Ten
401263351,2021-02-11,Michigan Wolverines,Illinois Fighting Illini,42.8,38.2,81.0,61.8,54.2,116.0,0,0,,8.0,5.0,False,False,False,,,,,0.0,,,,,0.0,15.336992047065849,14.692714987512222,0.6442770595536267,,,,,,,,,,Big Ten,Big Ten
401286622,2021-02-12,Nebraska Cornhuskers,Illinois Fighting Illini,25.0,29.0,54.0,46.0,41.2,87.2,149,-5,67.0,2.0,1.0,False,True,False,,,,,0.0,,,,,0.0,5.893400049870473,14.692714987512222,-8.79931493764175,,,,,,,,,,Big Ten,Big Ten
401263355,2021-02-13,Ohio State Buckeyes,Indiana Hoosiers,79.6,70.6,150.2,58.4,57.8,116.2,137,19,66.0,5.0,6.0,False,False,False,,,,,0.0,,,,,0.0,13.881446041273204,11.724820526235712,2.156625515037492,,,,,,,,,,Big Ten,Big Ten
401263354,2021-02-13,Michigan State Spartans,Iowa Hawkeyes,38.8,43.6,82.4,77.6,76.0,153.6,146,-30,73.0,11.0,3.0,False,False,False,,,,,0.0,,,,,0.0,17.585471382736248,13.699476648217637,3.885994734518613,,,,,,,,,,Big Ten,Big Ten
401263356,2021-02-13,Rutgers Scarlet Knights,Northwestern Wildcats,61.6,72.6,134.2,53.2,64.0,117.2,114,14,64.0,3.0,7.0,False,False,False,,,,,0.0,,,,,0.0,9.720039823352574,7.211198018538384,2.50884180481419,,,,,,,,,,Big Ten,Big Ten
401263359,2021-02-14,Wisconsin Badgers,Michigan Wolverines,65.0,63.0,128.0,31.4,23.2,54.6,126,-8,66.0,4.0,3.0,False,False,False,,,,,0.0,,,,,0.0,14.787408366676976,15.336992047065849,-0.5495836803888725,,,,,,,,,,Big Ten,Big Ten
401263360,2021-02-16,Illinois Fighting Illini,Northwestern Wildcats,61.4,55.6,117.0,49.0,60.6,109.6,139,7,64.0,4.0,3.0,False,False,False,,,,,0.0,,,,,0.0,14.692714987512222,7.211198018538384,7.481516968973838,,,,,,,,,,Big Ten,Big Ten
401263362,2021-02-18,Michigan Wolverines,Rutgers Scarlet Knights,27.4,22.4,49.8,59.4,67.2,126.6,135,7,65.0,4.0,5.0,False,False,False,,,,,0.0,,,,,0.0,15.336992047065849,9.720039823352574,5.616952223713275,,,,,,,,,,Big Ten,Big Ten
401263363,2021-02-18,Penn State Nittany Lions,Ohio State Buckeyes,67.2,71.0,138.2,80.4,70.0,150.4,174,-10,90.0,13.0,5.0,False,False,False,,,,,0.0,,,,,0.0,10.213968509412432,13.881446041273204,-3.667477531860772,,,,,,,,,,Big Ten,Big Ten
401263364,2021-02-18,Wisconsin Badgers,Iowa Hawkeyes,64.6,65.4,130.0,80.2,71.6,151.8,139,-15,63.0,4.0,5.0,False,False,False,,,,,0.0,,,,,0.0,14.787408366676976,13.699476648217637,1.0879317184593411,,,,,,,,,,Big Ten,Big Ten
401263369,2021-02-20,Minnesota Golden Gophers,Illinois Fighting Illini,51.4,53.8,105.2,60.0,53.8,113.8,157,-31,81.0,9.0,4.0,False,False,False,,,,,0.0,,,,,0.0,7.085228313976824,14.692714987512222,-7.607486673535398,,,,,,,,,,Big Ten,Big Ten
401263373,2021-02-21,Ohio State Buckeyes,Michigan Wolverines,82.2,70.6,152.8,27.6,24.6,52.2,179,-5,88.0,3.0,3.0,False,False,False,,,,,0.0,,,,,0.0,13.881446041273204,15.336992047065849,-1.4555460057926446,,,,,,,,,,Big Ten,Big Ten
401263371,2021-02-21,Iowa Hawkeyes,Penn State Nittany Lions,78.8,68.4,147.2,70.6,73.6,144.2,142,6,77.0,3.0,3.0,False,False,False,,,,,0.0,,,,,0.0,13.699476648217637,10.213968509412432,3.485508138805203,,,,,,,,,,Big Ten,Big Ten
401263372,2021-02-21,Northwestern Wildcats,Wisconsin Badgers,47.6,56.0,103.6,62.8,64.6,127.4,119,-17,58.0,5.0,3.0,False,False,False,,,,,0.0,,,,,0.0,7.211198018538384,14.787408366676976,-7.576210348138592,,,,,,,,,,Big Ten,Big Ten
401303433,2021-02-22,USC Trojans,Oregon Ducks,61.2,54.2,115.4,12.8,15.0,27.8,130,14,65.0,2.0,21.0,False,False,False,,,,,0.0,,,,,0.0,10.115580145627325,14.596831796008162,-4.4812516503808375,,,,,,,,,,Big Ten,Big Ten
401286699,2021-02-23,Michigan State Spartans,Illinois Fighting Illini,39.6,50.2,89.8,63.8,52.2,116.0,153,9,62.0,10.0,3.0,False,False,False,,,,,0.0,,,,,0.0,17.585471382736248,14.692714987512222,2.8927563952240263,,,,,,,,,,Big Ten,Big Ten
401263436,2021-02-25,Michigan Wolverines,Iowa Hawkeyes,46.0,42.0,88.0,76.6,64.2,140.8,136,22,61.0,4.0,4.0,False,False,False,,,,,0.0,,,,,0.0,15.336992047065849,13.699476648217637,1.6375153988482136,,,,,,,,,,Big Ten,Big Ten
401263375,2021-02-25,Michigan State Spartans,Ohio State Buckeyes,55.8,64.6,120.4,83.8,76.6,160.4,138,4,71.0,2.0,4.0,False,False,False,,,,,0.0,,,,,0.0,17.585471382736248,13.881446041273204,3.704025341463044,,,,,,,,,,Big Ten,Big Ten
401263321,2021-02-25,Illinois Fighting Illini,Nebraska Cornhuskers,63.2,56.4,119.6,24.0,27.6,51.6,156,16,64.0,2.0,13.0,False,False,False,,,,,0.0,,,,,0.0,14.692714987512222,5.893400049870473,8.79931493764175,,,,,,,,,,Big Ten,Big Ten
401263376,2021-02-27,Indiana Hoosiers,Michigan Wolverines,55.6,57.4,113.0,61.8,53.4,115.2,130,-16,75.0,14.0,2.0,False,False,False,,,,,0.0,,,,,0.0,11.724820526235712,15.336992047065849,-3.612171520830136,,,,,,,,,,Big Ten,Big Ten
401263378,2021-02-27,Wisconsin Badgers,Illinois Fighting Illini,62.0,63.6,125.6,80.4,70.4,150.8,143,-5,63.0,6.0,2.0,False,False,False,,,,,0.0,,,,,0.0,14.787408366676976,14.692714987512222,0.0946933791647541,,,,,,,,,,Big Ten,Big Ten
401263380,2021-02-28,Ohio State Buckeyes,Iowa Hawkeyes,79.4,73.8,153.2,75.0,66.6,141.6,130,-16,70.0,3.0,3.0,False,False,False,,,,,0.0,,,,,0.0,13.881446041273204,13.699476648217637,0.181969393055569,,,,,,,,,,Big Ten,Big Ten
401302748,2021-03-02,Michigan Wolverines,Illinois Fighting Illini,76.4,64.8,141.2,79.8,69.8,149.6,129,-23,55.0,3.0,3.0,False,False,False,,,,,0.0,,,,,0.0,15.336992047065849,14.692714987512222,0.6442770595536267,,,,,,,,,,Big Ten,Big Ten
401263433,2021-03-02,Purdue Boilermakers,Wisconsin Badgers,67.4,66.8,134.2,63.8,63.4,127.2,142,4,58.0,19.0,3.0,False,False,False,,,,,0.0,,,,,0.0,18.93258727393362,14.787408366676976,4.1451789072566445,,,,,,,,,,Big Ten,Big Ten
401302750,2021-03-04,Michigan Wolverines,Michigan State Spartans,73.6,68.2,141.8,70.0,78.0,148.0,119,19,67.0,2.0,7.0,False,False,False,,,,,0.0,,,,,0.0,15.336992047065849,17.585471382736248,-2.2484793356704,,,,,,,,,,Big Ten,Big Ten
401302751,2021-03-04,Iowa Hawkeyes,Nebraska Cornhuskers,73.8,64.8,138.6,38.0,44.8,82.8,166,38,74.0,4.0,7.0,False,False,False,,,,,0.0,,,,,0.0,13.699476648217637,5.893400049870473,7.806076598347162,,,,,,,,,,Big Ten,Big Ten
401263437,2021-03-06,Ohio State Buckeyes,Illinois Fighting Illini,76.2,75.4,151.6,80.4,67.2,147.6,141,-5,78.0,6.0,4.0,False,False,False,,,,,0.0,,,,,0.0,13.881446041273204,14.692714987512222,-0.8112689462390179,,,,,,,,,,Big Ten,Big Ten
401263438,2021-03-06,Purdue Boilermakers,Indiana Hoosiers,71.4,66.6,138.0,50.8,58.2,109.0,125,9,49.0,4.0,7.0,False,False,False,,,,,0.0,,,,,0.0,18.93258727393362,11.724820526235712,7.207766747697908,,,,,,,,,,Big Ten,Big Ten
401263325,2021-03-07,Michigan State Spartans,Michigan Wolverines,67.6,76.0,143.6,73.2,65.4,138.6,134,6,56.0,3.0,3.0,False,False,False,,,,,0.0,,,,,0.0,17.585471382736248,15.336992047065849,2.2484793356704,,,,,,,,,,Big Ten,Big Ten
401263324,2021-03-07,Iowa Hawkeyes,Wisconsin Badgers,76.6,66.0,142.6,65.4,68.4,133.8,150,4,61.0,3.0,5.0,False,False,False,,,,,0.0,,,,,0.0,13.699476648217637,14.787408366676976,-1.0879317184593411,,,,,,,,,,Big Ten,Big Ten
401296273,2021-03-10,Northwestern Wildcats,Minnesota Golden Gophers,47.4,56.0,103.4,49.0,61.2,110.2,97,-5,47.0,17.0,18.0,False,False,True,,,,,0.0,,,,,0.0,7.211198018538384,7.085228313976824,0.1259697045615597,,,,,,,,,,Big Ten,Big Ten
401296253,2021-03-10,Penn State Nittany Lions,Nebraska Cornhuskers,68.4,71.8,140.2,50.8,65.2,116.0,138,6,60.0,17.0,6.0,False,False,True,,,,,0.0,,,,,0.0,10.213968509412432,5.893400049870473,4.320568459541959,,,,,,,,,,Big Ten,Big Ten
401296473,2021-03-11,Maryland Terrapins,Michigan State Spartans,58.8,59.6,118.4,66.0,72.0,138.0,125,11,64.0,31.0,4.0,False,False,True,,,,,0.0,,,,,0.0,12.695141455510884,17.585471382736248,-4.890329927225364,,,,,,,,,,Big Ten,Big Ten
401296453,2021-03-11,Ohio State Buckeyes,Minnesota Golden Gophers,74.2,78.2,152.4,59.2,70.4,129.6,154,4,66.0,5.0,1.0,False,True,True,,,,,0.0,,,,,0.0,13.881446041273204,7.085228313976824,6.79621772729638,,,,,,,,,,Big Ten,Big Ten
401296433,2021-03-11,Rutgers Scarlet Knights,Indiana Hoosiers,63.2,67.8,131.0,62.4,71.6,134.0,111,11,65.0,21.0,5.0,False,False,True,,,,,0.0,,,,,0.0,9.720039823352574,11.724820526235712,-2.0047807028831386,,,,,,,,,,Big Ten,Big Ten
401296413,2021-03-11,Wisconsin Badgers,Penn State Nittany Lions,68.2,70.4,138.6,66.6,70.8,137.4,149,1,72.0,4.0,1.0,False,True,True,,,,,0.0,,,,,0.0,14.787408366676976,10.213968509412432,4.573439857264544,,,,,,,,,,Big Ten,Big Ten
401296493,2021-03-12,Michigan Wolverines,Maryland Terrapins,67.6,62.0,129.6,59.8,61.2,121.0,145,13,78.0,5.0,1.0,False,True,True,,,,,0.0,,,,,0.0,15.336992047065849,12.695141455510884,2.641850591554965,,,,,,,,,,Big Ten,Big Ten
401296393,2021-03-12,Purdue Boilermakers,Ohio State Buckeyes,68.6,65.8,134.4,71.6,76.8,148.4,165,-9,80.0,6.0,1.0,False,True,True,,,,,0.0,,,,,0.0,18.93258727393362,13.881446041273204,5.051141232660417,,,,,,,,,,Big Ten,Big Ten
401296373,2021-03-12,Illinois Fighting Illini,Rutgers Scarlet Knights,76.2,68.2,144.4,61.8,62.0,123.8,158,22,75.0,6.0,1.0,False,True,True,,,,,0.0,,,,,0.0,14.692714987512222,9.720039823352574,4.972675164159648,,,,,,,,,,Big Ten,Big Ten
401296353,2021-03-12,Iowa Hawkeyes,Wisconsin Badgers,76.6,68.2,144.8,70.8,69.8,140.6,119,5,58.0,5.0,1.0,False,True,True,,,,,0.0,,,,,0.0,13.699476648217637,14.787408366676976,-1.0879317184593411,,,,,,,,,,Big Ten,Big Ten
401296333,2021-03-13,Michigan Wolverines,Ohio State Buckeyes,67.6,63.8,131.4,71.6,74.0,145.6,135,-1,53.0,1.0,1.0,True,True,True,,,,,0.0,,,,,0.0,15.336992047065849,13.881446041273204,1.4555460057926446,,,,,,,,,,Big Ten,Big Ten
401296313,2021-03-13,Illinois Fighting Illini,Iowa Hawkeyes,79.8,65.6,145.4,74.2,66.0,140.2,153,11,82.0,1.0,1.0,True,True,True,,,,,0.0,,,,,0.0,14.692714987512222,13.699476648217637,0.9932383392945868,,,,,,,,,,Big Ten,Big Ten
401296293,2021-03-14,Illinois Fighting Illini,Ohio State Buckeyes,79.0,65.8,144.8,71.8,73.2,145.0,179,3,75.0,1.0,1.0,True,True,True,,,,,0.0,,,,,0.0,14.692714987512222,13.881446041273204,0.8112689462390179,,,,,,,,,,Big Ten,Big Ten
401310862,2021-03-18,Michigan State Spartans,UCLA Bruins,65.8,68.0,133.8,41.6,41.6,83.2,166,-6,77.0,7.0,7.0,False,False,True,,,,,0.0,,,,,0.0,17.585471382736248,17.221933449702984,0.363537933033264,,,,,,,,,,Big Ten,Big Ten
401310893,2021-03-22,Iowa Hawkeyes,Oregon Ducks,79.6,70.0,149.6,42.8,44.0,86.8,175,-15,102.0,2.0,2.0,False,False,True,,,,,0.0,,,,,0.0,13.699476648217637,14.596831796008162,-0.8973551477905275,,,,,,,,,,Big Ten,Big Ten
401310875,2021-03-28,USC Trojans,Oregon Ducks,75.8,67.0,142.8,61.8,60.0,121.8,150,14,67.0,6.0,6.0,False,False,True,,,,,0.0,,,,,0.0,10.115580145627325,14.596831796008162,-4.4812516503808375,,,,,,,,,,Big Ten,Big Ten
401310872,2021-03-30,Michigan Wolverines,UCLA Bruins,78.0,67.2,145.2,78.6,70.0,148.6,100,-2,50.0,2.0,2.0,False,False,True,,,,,0.0,,,,,0.0,15.336992047065849,17.221933449702984,-1.884941402637136,,,,,,,,,,Big Ten,Big Ten
401364342,2021-12-03,Purdue Boilermakers,Iowa Hawkeyes,92.2,60.0,152.2,75.2,76.2,151.4,147,7,65.0,7.0,256.0,False,False,False,,,,,0.0,,,,,0.0,18.93258727393362,13.699476648217637,5.233110625715986,,,,,,,,,,Big Ten,Big Ten
401370931,2021-12-05,Washington Huskies,UCLA Bruins,57.6,65.8,123.4,81.4,67.4,148.8,0,0,,3.0,4.0,False,False,False,,,,,0.0,,,,,0.0,5.191095219476611,17.221933449702984,-12.030838230226372,,,,,,,,,,Big Ten,Big Ten
401364350,2021-12-08,Minnesota Golden Gophers,Michigan State Spartans,64.4,73.6,138.0,70.4,69.2,139.6,142,-8,61.0,272.0,4.0,False,False,False,,,,,0.0,,,,,0.0,7.085228313976824,17.585471382736248,-10.500243068759424,,,,,,,,,,Big Ten,Big Ten
401364349,2021-12-08,Wisconsin Badgers,Indiana Hoosiers,71.8,67.8,139.6,62.2,56.0,118.2,123,5,67.0,4.0,15.0,False,False,False,,,,,0.0,,,,,0.0,14.787408366676976,11.724820526235712,3.062587840441264,,,,,,,,,,Big Ten,Big Ten
401364351,2021-12-09,Rutgers Scarlet Knights,Purdue Boilermakers,62.6,66.0,128.6,88.4,60.6,149.0,138,2,71.0,263.0,6.0,False,False,False,,,,,0.0,,,,,0.0,9.720039823352574,18.93258727393362,-9.212547450581049,,,,,,,,,,Big Ten,Big Ten
401364353,2021-12-11,Michigan State Spartans,Penn State Nittany Lions,71.4,69.8,141.2,70.2,71.4,141.6,144,16,71.0,3.0,275.0,False,False,False,,,,,0.0,,,,,0.0,17.585471382736248,10.213968509412432,7.371502873323816,,,,,,,,,,Big Ten,Big Ten
401364354,2021-12-11,Ohio State Buckeyes,Wisconsin Badgers,79.4,69.4,148.8,73.2,67.2,140.4,128,18,63.0,3.0,3.0,False,False,False,,,,,0.0,,,,,0.0,13.881446041273204,14.787408366676976,-0.905962325403772,,,,,,,,,,Big Ten,Big Ten
401364357,2022-01-02,Northwestern Wildcats,Michigan State Spartans,58.2,63.6,121.8,81.4,69.0,150.4,140,-6,59.0,40.0,4.0,False,False,False,,,,,0.0,,,,,0.0,7.211198018538384,17.585471382736248,-10.374273364197864,,,,,,,,,,Big Ten,Big Ten
401364358,2022-01-02,Nebraska Cornhuskers,Ohio State Buckeyes,72.2,78.4,150.6,66.2,52.2,118.4,166,-8,66.0,40.0,5.0,False,False,False,,,,,0.0,,,,,0.0,5.893400049870473,13.881446041273204,-7.988045991402731,,,,,,,,,,Big Ten,Big Ten
401364360,2022-01-03,Purdue Boilermakers,Wisconsin Badgers,85.0,65.8,150.8,59.4,58.6,118.0,143,-5,53.0,5.0,5.0,False,False,False,,,,,0.0,,,,,0.0,18.93258727393362,14.787408366676976,4.1451789072566445,,,,,,,,,,Big Ten,Big Ten
401364362,2022-01-05,Michigan State Spartans,Nebraska Cornhuskers,79.8,68.8,148.6,74.0,78.6,152.6,146,12,72.0,3.0,3.0,False,False,False,,,,,0.0,,,,,0.0,17.585471382736248,5.893400049870473,11.692071332865776,,,,,,,,,,Big Ten,Big Ten
401364366,2022-01-06,Indiana Hoosiers,Ohio State Buckeyes,62.6,54.2,116.8,66.8,53.2,120.0,118,16,63.0,29.0,4.0,False,False,False,,,,,0.0,,,,,0.0,11.724820526235712,13.881446041273204,-2.156625515037492,,,,,,,,,,Big Ten,Big Ten
401364364,2022-01-06,Wisconsin Badgers,Iowa Hawkeyes,56.4,57.2,113.6,72.0,80.2,152.2,165,9,77.0,3.0,28.0,False,False,False,,,,,0.0,,,,,0.0,14.787408366676976,13.699476648217637,1.0879317184593411,,,,,,,,,,Big Ten,Big Ten
401364369,2022-01-08,Penn State Nittany Lions,Purdue Boilermakers,72.0,77.4,149.4,79.4,72.6,152.0,141,-7,65.0,28.0,5.0,False,False,False,,,,,0.0,,,,,0.0,10.213968509412432,18.93258727393362,-8.718618764521189,,,,,,,,,,Big Ten,Big Ten
401364367,2022-01-08,Michigan Wolverines,Michigan State Spartans,67.2,63.8,131.0,80.6,68.8,149.4,0,0,,35.0,3.0,False,False,False,,,,,0.0,,,,,0.0,15.336992047065849,17.585471382736248,-2.2484793356704,,,,,,,,,,Big Ten,Big Ten
401364371,2022-01-09,Ohio State Buckeyes,Northwestern Wildcats,59.2,55.0,114.2,61.6,65.4,127.0,182,8,90.0,3.0,7.0,False,False,False,,,,,0.0,,,,,0.0,13.881446041273204,7.211198018538384,6.67024802273482,,,,,,,,,,Big Ten,Big Ten
401364372,2022-01-09,Maryland Terrapins,Wisconsin Badgers,75.0,70.2,145.2,61.0,61.0,122.0,139,-1,59.0,45.0,3.0,False,False,False,,,,,0.0,,,,,0.0,12.695141455510884,14.787408366676976,-2.0922669111660923,,,,,,,,,,Big Ten,Big Ten
401364373,2022-01-11,Nebraska Cornhuskers,Illinois Fighting Illini,74.6,74.0,148.6,81.6,66.4,148.0,152,-10,65.0,6.0,31.0,False,False,False,,,,,0.0,,,,,0.0,5.893400049870473,14.692714987512222,-8.79931493764175,,,,,,,,,,Big Ten,Big Ten
401364374,2022-01-11,Michigan Wolverines,Purdue Boilermakers,57.4,53.6,111.0,78.8,72.0,150.8,0,0,,3.0,3.0,False,False,False,,,,,0.0,,,,,0.0,15.336992047065849,18.93258727393362,-3.595595226867772,,,,,,,,,,Big Ten,Big Ten
401364377,2022-01-12,Michigan State Spartans,Minnesota Golden Gophers,64.6,56.0,120.6,65.4,72.4,137.8,140,2,65.0,4.0,35.0,False,False,False,,,,,0.0,,,,,0.0,17.585471382736248,7.085228313976824,10.500243068759424,,,,,,,,,,Big Ten,Big Ten
401377410,2022-01-13,UCLA Bruins,Oregon Ducks,31.2,26.0,57.2,73.4,69.0,142.4,165,-3,65.0,5.0,3.0,False,False,False,,,,,0.0,,,,,0.0,17.221933449702984,14.596831796008162,2.6251016536948217,,,,,,,,,,Big Ten,Big Ten
401364379,2022-01-13,Wisconsin Badgers,Ohio State Buckeyes,64.0,60.2,124.2,61.2,57.6,118.8,146,10,67.0,4.0,4.0,False,False,False,,,,,0.0,,,,,0.0,14.787408366676976,13.881446041273204,0.905962325403772,,,,,,,,,,Big Ten,Big Ten
401364381,2022-01-14,Purdue Boilermakers,Nebraska Cornhuskers,65.2,58.0,123.2,75.6,75.8,151.4,157,27,81.0,3.0,3.0,False,False,False,,,,,0.0,,,,,0.0,18.93258727393362,5.893400049870473,13.039187224063149,,,,,,,,,,Big Ten,Big Ten
401364380,2022-01-14,Illinois Fighting Illini,Michigan Wolverines,83.6,71.2,154.8,39.8,38.4,78.2,121,15,48.0,3.0,3.0,False,False,False,,,,,0.0,,,,,0.0,14.692714987512222,15.336992047065849,-0.6442770595536267,,,,,,,,,,Big Ten,Big Ten
401377418,2022-01-15,USC Trojans,Oregon Ducks,45.4,41.8,87.2,73.6,72.0,145.6,148,-10,74.0,2.0,2.0,False,False,False,,,,,0.0,,,,,0.0,10.115580145627325,14.596831796008162,-4.4812516503808375,,,,,,,,,,Big Ten,Big Ten
401364382,2022-01-15,Michigan State Spartans,Northwestern Wildcats,60.8,54.2,115.0,65.8,69.8,135.6,126,-2,71.0,3.0,6.0,False,False,False,,,,,0.0,,,,,0.0,17.585471382736248,7.211198018538384,10.374273364197864,,,,,,,,,,Big Ten,Big Ten
401364385,2022-01-16,Ohio State Buckeyes,Penn State Nittany Lions,60.2,62.2,122.4,69.0,73.8,142.8,117,5,49.0,3.0,8.0,False,False,False,,,,,0.0,,,,,0.0,13.881446041273204,10.213968509412432,3.667477531860772,,,,,,,,,,Big Ten,Big Ten
401364387,2022-01-17,Illinois Fighting Illini,Purdue Boilermakers,78.8,71.2,150.0,67.8,59.2,127.0,184,-8,63.0,3.0,3.0,False,False,False,,,,,0.0,,,,,0.0,14.692714987512222,18.93258727393362,-4.239872286421399,,,,,,,,,,Big Ten,Big Ten
401364389,2022-01-18,Northwestern Wildcats,Wisconsin Badgers,68.4,68.6,137.0,79.6,73.8,153.4,158,-6,76.0,3.0,5.0,False,False,False,,,,,0.0,,,,,0.0,7.211198018538384,14.787408366676976,-7.576210348138592,,,,,,,,,,Big Ten,Big Ten
401364392,2022-01-20,Indiana Hoosiers,Purdue Boilermakers,64.4,51.0,115.4,66.2,58.8,125.0,133,3,65.0,14.0,3.0,False,False,False,,,,,0.0,,,,,0.0,11.724820526235712,18.93258727393362,-7.207766747697908,,,,,,,,,,Big Ten,Big Ten
401364394,2022-01-21,Wisconsin Badgers,Michigan State Spartans,78.2,72.0,150.2,57.0,53.4,110.4,160,-12,68.0,3.0,6.0,False,False,False,,,,,0.0,,,,,0.0,14.787408366676976,17.585471382736248,-2.798063016059272,,,,,,,,,,Big Ten,Big Ten
401364393,2022-01-21,Maryland Terrapins,Illinois Fighting Illini,72.2,70.4,142.6,82.0,77.6,159.6,146,16,72.0,12.0,4.0,False,False,False,,,,,0.0,,,,,0.0,12.695141455510884,14.692714987512222,-1.997573532001338,,,,,,,,,,Big Ten,Big Ten
401364395,2022-01-22,Ohio State Buckeyes,Nebraska Cornhuskers,71.6,65.0,136.6,72.2,82.4,154.6,0,0,,4.0,8.0,False,False,False,,,,,0.0,,,,,0.0,13.881446041273204,5.893400049870473,7.988045991402731,,,,,,,,,,Big Ten,Big Ten
401364399,2022-01-23,Purdue Boilermakers,Northwestern Wildcats,65.4,57.6,123.0,74.4,74.8,149.2,140,20,68.0,3.0,5.0,False,False,False,,,,,0.0,,,,,0.0,18.93258727393362,7.211198018538384,11.721389255395238,,,,,,,,,,Big Ten,Big Ten
401364401,2022-01-25,Illinois Fighting Illini,Michigan State Spartans,76.2,76.8,153.0,59.6,54.8,114.4,111,1,54.0,4.0,4.0,False,False,False,,,,,0.0,,,,,0.0,14.692714987512222,17.585471382736248,-2.8927563952240263,,,,,,,,,,Big Ten,Big Ten
401364406,2022-01-27,Iowa Hawkeyes,Purdue Boilermakers,73.4,81.2,154.6,66.6,56.2,122.8,156,-10,81.0,21.0,4.0,False,False,False,,,,,0.0,,,,,0.0,13.699476648217637,18.93258727393362,-5.233110625715986,,,,,,,,,,Big Ten,Big Ten
401364402,2022-01-27,Nebraska Cornhuskers,Wisconsin Badgers,56.4,67.8,124.2,78.2,75.4,153.6,138,-8,70.0,5.0,6.0,False,False,False,,,,,0.0,,,,,0.0,5.893400049870473,14.787408366676976,-8.894008316806502,,,,,,,,,,Big Ten,Big Ten
401364405,2022-01-27,Minnesota Golden Gophers,Ohio State Buckeyes,65.0,73.0,138.0,61.4,51.6,113.0,139,-11,62.0,15.0,5.0,False,False,False,,,,,0.0,,,,,0.0,7.085228313976824,13.881446041273204,-6.79621772729638,,,,,,,,,,Big Ten,Big Ten
401364409,2022-01-29,Michigan State Spartans,Michigan Wolverines,54.8,52.6,107.4,38.0,36.0,74.0,150,16,74.0,4.0,15.0,False,False,False,,,,,0.0,,,,,0.0,17.585471382736248,15.336992047065849,2.2484793356704,,,,,,,,,,Big Ten,Big Ten
401364407,2022-01-29,Northwestern Wildcats,Illinois Fighting Illini,70.8,78.4,149.2,71.6,71.2,142.8,115,-3,43.0,6.0,4.0,False,False,False,,,,,0.0,,,,,0.0,7.211198018538384,14.692714987512222,-7.481516968973838,,,,,,,,,,Big Ten,Big Ten
401364412,2022-01-30,Purdue Boilermakers,Ohio State Buckeyes,83.2,70.8,154.0,57.4,47.0,104.4,159,3,69.0,3.0,3.0,False,False,False,,,,,0.0,,,,,0.0,18.93258727393362,13.881446041273204,5.051141232660417,,,,,,,,,,Big Ten,Big Ten
401364411,2022-01-30,Wisconsin Badgers,Minnesota Golden Gophers,75.4,72.8,148.2,65.2,69.2,134.4,126,6,57.0,3.0,3.0,False,False,False,,,,,0.0,,,,,0.0,14.787408366676976,7.085228313976824,7.702180052700152,,,,,,,,,,Big Ten,Big Ten
401364414,2022-02-01,Maryland Terrapins,Michigan State Spartans,74.2,70.6,144.8,71.4,66.0,137.4,128,-2,60.0,11.0,3.0,False,False,False,,,,,0.0,,,,,0.0,12.695141455510884,17.585471382736248,-4.890329927225364,,,,,,,,,,Big Ten,Big Ten
401364417,2022-02-02,Minnesota Golden Gophers,Purdue Boilermakers,67.0,73.2,140.2,81.0,73.4,154.4,161,-15,87.0,3.0,3.0,False,False,False,,,,,0.0,,,,,0.0,7.085228313976824,18.93258727393362,-11.847358959956797,,,,,,,,,,Big Ten,Big Ten
401364418,2022-02-02,Illinois Fighting Illini,Wisconsin Badgers,67.2,68.2,135.4,74.6,71.0,145.6,147,13,80.0,4.0,3.0,False,False,False,,,,,0.0,,,,,0.0,14.692714987512222,14.787408366676976,-0.0946933791647541,,,,,,,,,,Big Ten,Big Ten
401364419,2022-02-03,Ohio State Buckeyes,Iowa Hawkeyes,59.4,47.6,107.0,70.8,83.0,153.8,0,0,,4.0,7.0,False,False,False,,,,,0.0,,,,,0.0,13.881446041273204,13.699476648217637,0.181969393055569,,,,,,,,,,Big Ten,Big Ten
401364421,2022-02-05,Purdue Boilermakers,Michigan Wolverines,79.4,70.4,149.8,38.4,41.8,80.2,158,6,72.0,3.0,7.0,False,False,False,,,,,0.0,,,,,0.0,18.93258727393362,15.336992047065849,3.595595226867772,,,,,,,,,,Big Ten,Big Ten
401364424,2022-02-05,Wisconsin Badgers,Penn State Nittany Lions,72.4,73.4,145.8,66.6,71.2,137.8,100,2,31.0,3.0,20.0,False,False,False,,,,,0.0,,,,,0.0,14.787408366676976,10.213968509412432,4.573439857264544,,,,,,,,,,Big Ten,Big Ten
401364422,2022-02-05,Rutgers Scarlet Knights,Michigan State Spartans,63.8,65.4,129.2,70.2,64.8,135.0,147,21,78.0,58.0,4.0,False,False,False,,,,,0.0,,,,,0.0,9.720039823352574,17.585471382736248,-7.865431559383674,,,,,,,,,,Big Ten,Big Ten
401364420,2022-02-05,Indiana Hoosiers,Illinois Fighting Illini,68.0,51.8,119.8,69.6,71.0,140.6,131,-17,70.0,16.0,3.0,False,False,False,,,,,0.0,,,,,0.0,11.724820526235712,14.692714987512222,-2.9678944612765097,,,,,,,,,,Big Ten,Big Ten
401364425,2022-02-06,Ohio State Buckeyes,Maryland Terrapins,47.2,36.4,83.6,73.6,69.4,143.0,149,15,71.0,3.0,5.0,False,False,False,,,,,0.0,,,,,0.0,13.881446041273204,12.695141455510884,1.1863045857623202,,,,,,,,,,Big Ten,Big Ten
401364432,2022-02-08,Purdue Boilermakers,Illinois Fighting Illini,82.8,72.0,154.8,66.8,63.2,130.0,152,16,74.0,3.0,3.0,False,False,False,,,,,0.0,,,,,0.0,18.93258727393362,14.692714987512222,4.239872286421399,,,,,,,,,,Big Ten,Big Ten
401364429,2022-02-08,Michigan State Spartans,Wisconsin Badgers,70.4,68.8,139.2,66.2,68.0,134.2,132,-8,52.0,3.0,3.0,False,False,False,,,,,0.0,,,,,0.0,17.585471382736248,14.787408366676976,2.798063016059272,,,,,,,,,,Big Ten,Big Ten
401364431,2022-02-09,Rutgers Scarlet Knights,Ohio State Buckeyes,68.4,68.0,136.4,47.0,42.4,89.4,130,2,63.0,4.0,3.0,False,False,False,,,,,0.0,,,,,0.0,9.720039823352574,13.881446041273204,-4.16140621792063,,,,,,,,,,Big Ten,Big Ten
401409769,2022-02-10,Michigan Wolverines,Purdue Boilermakers,39.2,46.6,85.8,83.6,73.6,157.2,140,24,67.0,5.0,2.0,False,False,False,,,,,0.0,,,,,0.0,15.336992047065849,18.93258727393362,-3.595595226867772,,,,,,,,,,Big Ten,Big Ten
401377460,2022-02-12,USC Trojans,UCLA Bruins,67.0,65.8,132.8,75.2,66.6,141.8,131,3,64.0,4.0,4.0,False,False,False,,,,,0.0,,,,,0.0,10.115580145627325,17.221933449702984,-7.106353304075659,,,,,,,,,,Big Ten,Big Ten
401364437,2022-02-12,Wisconsin Badgers,Rutgers Scarlet Knights,65.4,63.2,128.6,68.0,62.8,130.8,138,-8,73.0,4.0,3.0,False,False,False,,,,,0.0,,,,,0.0,14.787408366676976,9.720039823352574,5.0673685433244025,,,,,,,,,,Big Ten,Big Ten
401364435,2022-02-12,Michigan Wolverines,Ohio State Buckeyes,55.6,58.2,113.8,59.8,55.6,115.4,125,-11,63.0,2.0,3.0,False,False,False,,,,,0.0,,,,,0.0,15.336992047065849,13.881446041273204,1.4555460057926446,,,,,,,,,,Big Ten,Big Ten
401364434,2022-02-12,Michigan State Spartans,Indiana Hoosiers,65.6,68.0,133.6,64.2,57.8,122.0,137,15,67.0,4.0,7.0,False,False,False,,,,,0.0,,,,,0.0,17.585471382736248,11.724820526235712,5.860650856500536,,,,,,,,,,Big Ten,Big Ten
401364438,2022-02-13,Purdue Boilermakers,Maryland Terrapins,78.6,75.4,154.0,73.2,72.4,145.6,123,1,49.0,3.0,7.0,False,False,False,,,,,0.0,,,,,0.0,18.93258727393362,12.695141455510884,6.237445818422737,,,,,,,,,,Big Ten,Big Ten
401364440,2022-02-13,Illinois Fighting Illini,Northwestern Wildcats,67.4,63.8,131.2,68.6,75.6,144.2,139,7,74.0,5.0,15.0,False,False,False,,,,,0.0,,,,,0.0,14.692714987512222,7.211198018538384,7.481516968973838,,,,,,,,,,Big Ten,Big Ten
401364443,2022-02-15,Indiana Hoosiers,Wisconsin Badgers,62.4,66.0,128.4,63.8,64.8,128.6,143,-5,63.0,3.0,3.0,False,False,False,,,,,0.0,,,,,0.0,11.724820526235712,14.787408366676976,-3.062587840441264,,,,,,,,,,Big Ten,Big Ten
401364442,2022-02-15,Ohio State Buckeyes,Minnesota Golden Gophers,58.4,54.2,112.6,66.6,75.0,141.6,115,25,48.0,3.0,13.0,False,False,False,,,,,0.0,,,,,0.0,13.881446041273204,7.085228313976824,6.79621772729638,,,,,,,,,,Big Ten,Big Ten
401364441,2022-02-15,Penn State Nittany Lions,Michigan State Spartans,62.0,68.2,130.2,69.8,69.0,138.8,120,4,48.0,10.0,3.0,False,False,False,,,,,0.0,,,,,0.0,10.213968509412432,17.585471382736248,-7.371502873323816,,,,,,,,,,Big Ten,Big Ten
401364445,2022-02-16,Northwestern Wildcats,Purdue Boilermakers,64.4,71.2,135.6,74.8,72.0,146.8,134,-6,60.0,3.0,3.0,False,False,False,,,,,0.0,,,,,0.0,7.211198018538384,18.93258727393362,-11.721389255395238,,,,,,,,,,Big Ten,Big Ten
401364444,2022-02-16,Rutgers Scarlet Knights,Illinois Fighting Illini,70.6,64.6,135.2,70.8,66.0,136.8,129,11,57.0,4.0,3.0,False,False,False,,,,,0.0,,,,,0.0,9.720039823352574,14.692714987512222,-4.972675164159648,,,,,,,,,,Big Ten,Big Ten
401377468,2022-02-17,USC Trojans,Washington Huskies,68.2,65.8,134.0,29.4,37.4,66.8,148,10,67.0,5.0,5.0,False,False,False,,,,,0.0,,,,,0.0,10.115580145627325,5.191095219476611,4.924484926150714,,,,,,,,,,Big Ten,Big Ten
401364447,2022-02-18,Nebraska Cornhuskers,Maryland Terrapins,53.6,65.0,118.6,68.2,68.8,137.0,164,-16,82.0,22.0,5.0,False,False,False,,,,,0.0,,,,,0.0,5.893400049870473,12.695141455510884,-6.801741405640411,,,,,,,,,,Big Ten,Big Ten
401364448,2022-02-19,Michigan State Spartans,Illinois Fighting Illini,64.8,68.0,132.8,70.8,68.8,139.6,153,-5,56.0,4.0,3.0,False,False,False,,,,,0.0,,,,,0.0,17.585471382736248,14.692714987512222,2.8927563952240263,,,,,,,,,,Big Ten,Big Ten
401377473,2022-02-19,UCLA Bruins,Washington Huskies,73.8,71.2,145.0,43.2,53.2,96.4,126,26,62.0,2.0,2.0,False,False,False,,,,,0.0,,,,,0.0,17.221933449702984,5.191095219476611,12.030838230226372,,,,,,,,,,Big Ten,Big Ten
401414550,2022-02-19,Ohio State Buckeyes,Iowa Hawkeyes,56.8,47.0,103.8,54.8,64.0,118.8,137,-13,77.0,4.0,16.0,False,False,False,,,,,0.0,,,,,0.0,13.881446041273204,13.699476648217637,0.181969393055569,,,,,,,,,,Big Ten,Big Ten
401364452,2022-02-20,Purdue Boilermakers,Rutgers Scarlet Knights,71.2,70.2,141.4,72.6,63.8,136.4,156,12,81.0,4.0,4.0,False,False,False,,,,,0.0,,,,,0.0,18.93258727393362,9.720039823352574,9.212547450581049,,,,,,,,,,Big Ten,Big Ten
401364451,2022-02-20,Wisconsin Badgers,Michigan Wolverines,65.4,66.6,132.0,67.0,71.8,138.8,140,14,62.0,5.0,8.0,False,False,False,,,,,0.0,,,,,0.0,14.787408366676976,15.336992047065849,-0.5495836803888725,,,,,,,,,,Big Ten,Big Ten
401364449,2022-02-21,Ohio State Buckeyes,Indiana Hoosiers,69.2,62.0,131.2,64.4,68.0,132.4,149,11,61.0,2.0,6.0,False,False,False,,,,,0.0,,,,,0.0,13.881446041273204,11.724820526235712,2.156625515037492,,,,,,,,,,Big Ten,Big Ten
401364454,2022-02-22,Iowa Hawkeyes,Michigan State Spartans,55.8,61.0,116.8,66.6,71.2,137.8,146,26,78.0,3.0,3.0,False,False,False,,,,,0.0,,,,,0.0,13.699476648217637,17.585471382736248,-3.885994734518613,,,,,,,,,,Big Ten,Big Ten
401364457,2022-02-23,Minnesota Golden Gophers,Wisconsin Badgers,62.2,74.0,136.2,67.4,63.2,130.6,135,-1,74.0,8.0,3.0,False,False,False,,,,,0.0,,,,,0.0,7.085228313976824,14.787408366676976,-7.702180052700152,,,,,,,,,,Big Ten,Big Ten
401377476,2022-02-24,Oregon Ducks,UCLA Bruins,78.4,77.6,156.0,72.2,59.0,131.2,131,5,65.0,5.0,3.0,False,False,False,,,,,0.0,,,,,0.0,14.596831796008162,17.221933449702984,-2.6251016536948217,,,,,,,,,,Big Ten,Big Ten
401364459,2022-02-24,Illinois Fighting Illini,Ohio State Buckeyes,70.6,70.2,140.8,68.8,62.4,131.2,169,-3,73.0,5.0,3.0,False,False,False,,,,,0.0,,,,,0.0,14.692714987512222,13.881446041273204,0.8112689462390179,,,,,,,,,,Big Ten,Big Ten
401364460,2022-02-25,Nebraska Cornhuskers,Iowa Hawkeyes,55.0,67.2,122.2,62.4,58.4,120.8,166,-10,71.0,7.0,3.0,False,False,False,,,,,0.0,,,,,0.0,5.893400049870473,13.699476648217637,-7.806076598347162,,,,,,,,,,Big Ten,Big Ten
401364462,2022-02-26,Michigan State Spartans,Purdue Boilermakers,66.0,71.6,137.6,71.6,69.4,141.0,133,3,68.0,4.0,6.0,False,False,False,,,,,0.0,,,,,0.0,17.585471382736248,18.93258727393362,-1.3471158911973724,,,,,,,,,,Big Ten,Big Ten
401364463,2022-02-26,Rutgers Scarlet Knights,Wisconsin Badgers,73.0,67.0,140.0,70.8,66.8,137.6,127,-5,57.0,6.0,3.0,False,False,False,,,,,0.0,,,,,0.0,9.720039823352574,14.787408366676976,-5.0673685433244025,,,,,,,,,,Big Ten,Big Ten
401377482,2022-02-26,Oregon Ducks,USC Trojans,78.0,74.6,152.6,75.2,70.4,145.6,139,-1,63.0,2.0,2.0,False,False,False,,,,,0.0,,,,,0.0,14.596831796008162,10.115580145627325,4.4812516503808375,,,,,,,,,,Big Ten,Big Ten
401364464,2022-02-27,Michigan Wolverines,Illinois Fighting Illini,69.0,73.6,142.6,72.4,76.0,148.4,178,-8,84.0,7.0,3.0,False,False,False,,,,,0.0,,,,,0.0,15.336992047065849,14.692714987512222,0.6442770595536267,,,,,,,,,,Big Ten,Big Ten
401364466,2022-02-27,Maryland Terrapins,Ohio State Buckeyes,72.4,69.6,142.0,73.2,65.8,139.0,135,15,60.0,9.0,3.0,False,False,False,,,,,0.0,,,,,0.0,12.695141455510884,13.881446041273204,-1.1863045857623202,,,,,,,,,,Big Ten,Big Ten
401413410,2022-02-28,Washington Huskies,UCLA Bruins,53.2,68.4,121.6,75.0,56.2,131.2,143,-11,54.0,9.0,2.0,False,False,False,,,,,0.0,,,,,0.0,5.191095219476611,17.221933449702984,-12.030838230226372,,,,,,,,,,Big Ten,Big Ten
401364468,2022-02-28,Iowa Hawkeyes,Northwestern Wildcats,64.4,56.6,121.0,64.4,72.8,137.2,143,21,53.0,3.0,12.0,False,False,False,,,,,0.0,,,,,0.0,13.699476648217637,7.211198018538384,6.488278629679251,,,,,,,,,,Big Ten,Big Ten
401364469,2022-03-01,Wisconsin Badgers,Purdue Boilermakers,70.0,66.6,136.6,67.8,69.4,137.2,137,3,61.0,3.0,3.0,False,False,False,,,,,0.0,,,,,0.0,14.787408366676976,18.93258727393362,-4.1451789072566445,,,,,,,,,,Big Ten,Big Ten
401413556,2022-03-01,Ohio State Buckeyes,Nebraska Cornhuskers,71.6,69.4,141.0,56.4,68.6,125.0,148,-8,82.0,2.0,4.0,False,False,False,,,,,0.0,,,,,0.0,13.881446041273204,5.893400049870473,7.988045991402731,,,,,,,,,,Big Ten,Big Ten
401364474,2022-03-03,Illinois Fighting Illini,Penn State Nittany Lions,77.4,76.2,153.6,59.6,64.8,124.4,115,5,59.0,4.0,16.0,False,False,False,,,,,0.0,,,,,0.0,14.692714987512222,10.213968509412432,4.47874647809979,,,,,,,,,,Big Ten,Big Ten
401364473,2022-03-03,Ohio State Buckeyes,Michigan State Spartans,71.6,76.0,147.6,67.2,70.6,137.8,149,11,76.0,2.0,5.0,False,False,False,,,,,0.0,,,,,0.0,13.881446041273204,17.585471382736248,-3.704025341463044,,,,,,,,,,Big Ten,Big Ten
401364472,2022-03-03,Michigan Wolverines,Iowa Hawkeyes,72.6,75.6,148.2,66.2,52.2,118.4,153,-11,77.0,4.0,3.0,False,False,False,,,,,0.0,,,,,0.0,15.336992047065849,13.699476648217637,1.6375153988482136,,,,,,,,,,Big Ten,Big Ten
401364475,2022-03-05,Purdue Boilermakers,Indiana Hoosiers,69.6,67.0,136.6,64.8,73.8,138.6,136,2,62.0,4.0,12.0,False,False,False,,,,,0.0,,,,,0.0,18.93258727393362,11.724820526235712,7.207766747697908,,,,,,,,,,Big Ten,Big Ten
401377493,2022-03-05,UCLA Bruins,USC Trojans,75.2,58.2,133.4,75.2,76.0,151.2,143,7,76.0,5.0,4.0,False,False,False,,,,,0.0,,,,,0.0,17.221933449702984,10.115580145627325,7.106353304075659,,,,,,,,,,Big Ten,Big Ten
401364480,2022-03-06,Wisconsin Badgers,Nebraska Cornhuskers,71.0,65.4,136.4,59.0,64.2,123.2,147,-1,76.0,5.0,5.0,False,False,False,,,,,0.0,,,,,0.0,14.787408366676976,5.893400049870473,8.894008316806502,,,,,,,,,,Big Ten,Big Ten
401364476,2022-03-06,Illinois Fighting Illini,Iowa Hawkeyes,74.8,74.0,148.8,82.6,66.4,149.0,146,2,80.0,3.0,3.0,False,False,False,,,,,0.0,,,,,0.0,14.692714987512222,13.699476648217637,0.9932383392945868,,,,,,,,,,Big Ten,Big Ten
401364478,2022-03-06,Ohio State Buckeyes,Michigan Wolverines,75.2,74.8,150.0,71.6,75.6,147.2,144,-6,67.0,3.0,3.0,False,False,False,,,,,0.0,,,,,0.0,13.881446041273204,15.336992047065849,-1.4555460057926446,,,,,,,,,,Big Ten,Big Ten
401403395,2022-03-09,Northwestern Wildcats,Nebraska Cornhuskers,61.4,72.8,134.2,73.8,78.8,152.6,140,2,64.0,9.0,3.0,False,False,True,,,,,0.0,,,,,0.0,7.211198018538384,5.893400049870473,1.3177979686679109,,,,,,,,,,Big Ten,Big Ten
401403396,2022-03-09,Penn State Nittany Lions,Minnesota Golden Gophers,57.8,60.8,118.6,61.8,73.4,135.2,111,9,52.0,6.0,14.0,False,False,True,,,,,0.0,,,,,0.0,10.213968509412432,7.085228313976824,3.128740195435608,,,,,,,,,,Big Ten,Big Ten
401403398,2022-03-10,Michigan Wolverines,Indiana Hoosiers,70.2,77.8,148.0,64.6,74.6,139.2,143,-5,69.0,4.0,5.0,False,False,True,,,,,0.0,,,,,0.0,15.336992047065849,11.724820526235712,3.612171520830136,,,,,,,,,,Big Ten,Big Ten
401403397,2022-03-10,Iowa Hawkeyes,Northwestern Wildcats,82.0,68.8,150.8,63.6,70.6,134.2,188,36,95.0,4.0,1.0,False,True,True,,,,,0.0,,,,,0.0,13.699476648217637,7.211198018538384,6.488278629679251,,,,,,,,,,Big Ten,Big Ten
401403399,2022-03-10,Michigan State Spartans,Maryland Terrapins,65.8,74.4,140.2,71.2,68.6,139.8,148,4,77.0,7.0,11.0,False,False,True,,,,,0.0,,,,,0.0,17.585471382736248,12.695141455510884,4.890329927225364,,,,,,,,,,Big Ten,Big Ten
401403400,2022-03-10,Ohio State Buckeyes,Penn State Nittany Lions,73.0,76.0,149.0,56.4,56.2,112.6,139,-3,57.0,4.0,1.0,False,True,True,,,,,0.0,,,,,0.0,13.881446041273204,10.213968509412432,3.667477531860772,,,,,,,,,,Big Ten,Big Ten
401409381,2022-03-10,USC Trojans,Washington Huskies,73.0,77.2,150.2,67.0,78.8,145.8,126,4,75.0,5.0,1.0,False,True,True,,,,,0.0,,,,,0.0,10.115580145627325,5.191095219476611,4.924484926150714,,,,,,,,,,Big Ten,Big Ten
401403401,2022-03-11,Illinois Fighting Illini,Indiana Hoosiers,77.8,74.4,152.2,68.0,73.6,141.6,128,-2,64.0,5.0,1.0,False,True,True,,,,,0.0,,,,,0.0,14.692714987512222,11.724820526235712,2.9678944612765097,,,,,,,,,,Big Ten,Big Ten
401403402,2022-03-11,Rutgers Scarlet Knights,Iowa Hawkeyes,68.4,67.6,136.0,87.2,72.0,159.2,158,-10,73.0,13.0,1.0,False,True,True,,,,,0.0,,,,,0.0,9.720039823352574,13.699476648217637,-3.979436824865061,,,,,,,,,,Big Ten,Big Ten
401403403,2022-03-11,Wisconsin Badgers,Michigan State Spartans,70.8,66.4,137.2,69.4,76.4,145.8,132,-6,46.0,5.0,1.0,False,True,True,,,,,0.0,,,,,0.0,14.787408366676976,17.585471382736248,-2.798063016059272,,,,,,,,,,Big Ten,Big Ten
401403404,2022-03-11,Purdue Boilermakers,Penn State Nittany Lions,71.0,68.2,139.2,59.4,57.6,117.0,130,8,66.0,6.0,1.0,False,True,True,,,,,0.0,,,,,0.0,18.93258727393362,10.213968509412432,8.718618764521189,,,,,,,,,,Big Ten,Big Ten
401409383,2022-03-11,UCLA Bruins,USC Trojans,76.8,64.4,141.2,73.6,77.4,151.0,128,10,64.0,1.0,1.0,True,True,True,,,,,0.0,,,,,0.0,17.221933449702984,10.115580145627325,7.106353304075659,,,,,,,,,,Big Ten,Big Ten
401403405,2022-03-12,Iowa Hawkeyes,Indiana Hoosiers,86.4,71.2,157.6,68.8,71.0,139.8,157,3,70.0,1.0,1.0,True,True,True,,,,,0.0,,,,,0.0,13.699476648217637,11.724820526235712,1.9746561219819228,,,,,,,,,,Big Ten,Big Ten
401403406,2022-03-12,Purdue Boilermakers,Michigan State Spartans,70.8,67.6,138.4,68.4,73.2,141.6,145,5,47.0,1.0,1.0,True,True,True,,,,,0.0,,,,,0.0,18.93258727393362,17.585471382736248,1.3471158911973724,,,,,,,,,,Big Ten,Big Ten
401403407,2022-03-13,Purdue Boilermakers,Iowa Hawkeyes,69.0,67.2,136.2,86.0,74.4,160.4,141,-9,67.0,1.0,1.0,True,True,True,,,,,0.0,,,,,0.0,18.93258727393362,13.699476648217637,5.233110625715986,,,,,,,,,,Big Ten,Big Ten
401484833,2022-12-02,Maryland Terrapins,Illinois Fighting Illini,78.6,70.2,148.8,84.2,59.4,143.6,137,5,75.0,7.0,7.0,False,False,False,,,,,0.0,,,,,0.0,12.695141455510884,14.692714987512222,-1.997573532001338,,,,,,,,,,Big Ten,Big Ten
401484834,2022-12-03,Rutgers Scarlet Knights,Indiana Hoosiers,74.2,70.0,144.2,77.0,64.4,141.4,111,15,55.0,11.0,23.0,False,False,False,,,,,0.0,,,,,0.0,9.720039823352574,11.724820526235712,-2.0047807028831386,,,,,,,,,,Big Ten,Big Ten
401484836,2022-12-04,Purdue Boilermakers,Minnesota Golden Gophers,77.4,63.0,140.4,59.2,70.4,129.6,159,19,69.0,10.0,270.0,False,False,False,,,,,0.0,,,,,0.0,18.93258727393362,7.085228313976824,11.847358959956797,,,,,,,,,,Big Ten,Big Ten
401484835,2022-12-04,Michigan State Spartans,Northwestern Wildcats,71.8,75.4,147.2,67.6,77.0,144.6,133,-7,75.0,10.0,12.0,False,False,False,,,,,0.0,,,,,0.0,17.585471382736248,7.211198018538384,10.374273364197864,,,,,,,,,,Big Ten,Big Ten
401483467,2022-12-04,UCLA Bruins,Oregon Ducks,83.2,60.2,143.4,65.2,74.0,139.2,121,9,48.0,3.0,10.0,False,False,False,,,,,0.0,,,,,0.0,17.221933449702984,14.596831796008162,2.6251016536948217,,,,,,,,,,Big Ten,Big Ten
401484837,2022-12-06,Wisconsin Badgers,Maryland Terrapins,64.0,65.2,129.2,80.6,71.0,151.6,123,5,60.0,12.0,4.0,False,False,False,,,,,0.0,,,,,0.0,14.787408366676976,12.695141455510884,2.0922669111660923,,,,,,,,,,Big Ten,Big Ten
401484839,2022-12-07,Indiana Hoosiers,Nebraska Cornhuskers,71.2,61.0,132.2,68.0,67.2,135.2,146,16,65.0,4.0,3.0,False,False,False,,,,,0.0,,,,,0.0,11.724820526235712,5.893400049870473,5.831420476365239,,,,,,,,,,Big Ten,Big Ten
401484841,2022-12-08,Ohio State Buckeyes,Rutgers Scarlet Knights,72.0,59.0,131.0,74.6,66.4,141.0,133,1,60.0,5.0,5.0,False,False,False,,,,,0.0,,,,,0.0,13.881446041273204,9.720039823352574,4.16140621792063,,,,,,,,,,Big Ten,Big Ten
401484843,2022-12-10,Nebraska Cornhuskers,Purdue Boilermakers,65.4,69.4,134.8,80.4,64.8,145.2,127,-3,58.0,3.0,3.0,False,False,False,,,,,0.0,,,,,0.0,5.893400049870473,18.93258727393362,-13.039187224063149,,,,,,,,,,Big Ten,Big Ten
401484842,2022-12-10,Illinois Fighting Illini,Penn State Nittany Lions,86.8,60.0,146.8,61.8,61.2,123.0,133,-15,85.0,8.0,274.0,False,False,False,,,,,0.0,,,,,0.0,14.692714987512222,10.213968509412432,4.47874647809979,,,,,,,,,,Big Ten,Big Ten
401483362,2022-12-14,Maryland Terrapins,UCLA Bruins,74.4,69.0,143.4,79.8,60.4,140.2,147,-27,69.0,8.0,4.0,False,False,False,,,,,0.0,,,,,0.0,12.695141455510884,17.221933449702984,-4.5267919941921,,,,,,,,,,Big Ten,Big Ten
401490320,2023-01-01,Washington Huskies,UCLA Bruins,66.4,72.0,138.4,77.4,60.0,137.4,123,-25,63.0,11.0,2.0,False,False,False,,,,,0.0,,,,,0.0,5.191095219476611,17.221933449702984,-12.030838230226372,,,,,,,,,,Big Ten,Big Ten
401484849,2023-01-02,Purdue Boilermakers,Rutgers Scarlet Knights,79.0,60.0,139.0,73.0,63.0,136.0,129,-1,58.0,4.0,25.0,False,False,False,,,,,0.0,,,,,0.0,18.93258727393362,9.720039823352574,9.212547450581049,,,,,,,,,,Big Ten,Big Ten
401484871,2023-01-03,Wisconsin Badgers,Minnesota Golden Gophers,57.2,50.0,107.2,56.8,71.2,128.0,123,3,58.0,4.0,23.0,False,False,False,,,,,0.0,,,,,0.0,14.787408366676976,7.085228313976824,7.702180052700152,,,,,,,,,,Big Ten,Big Ten
401484875,2023-01-05,Ohio State Buckeyes,Purdue Boilermakers,71.8,58.0,129.8,74.0,59.0,133.0,140,-2,69.0,28.0,3.0,False,False,False,,,,,0.0,,,,,0.0,13.881446041273204,18.93258727393362,-5.051141232660417,,,,,,,,,,Big Ten,Big Ten
401490325,2023-01-05,UCLA Bruins,USC Trojans,79.2,58.6,137.8,66.0,68.4,134.4,118,2,70.0,4.0,18.0,False,False,False,,,,,0.0,,,,,0.0,17.221933449702984,10.115580145627325,7.106353304075659,,,,,,,,,,Big Ten,Big Ten
401484874,2023-01-05,Iowa Hawkeyes,Indiana Hoosiers,75.4,68.0,143.4,71.2,67.8,139.0,180,2,90.0,28.0,13.0,False,False,False,,,,,0.0,,,,,0.0,13.699476648217637,11.724820526235712,1.9746561219819228,,,,,,,,,,Big Ten,Big Ten
401484877,2023-01-07,Illinois Fighting Illini,Wisconsin Badgers,71.2,68.8,140.0,56.2,48.2,104.4,148,10,57.0,16.0,4.0,False,False,False,,,,,0.0,,,,,0.0,14.692714987512222,14.787408366676976,-0.0946933791647541,,,,,,,,,,Big Ten,Big Ten
401484881,2023-01-08,Indiana Hoosiers,Northwestern Wildcats,79.4,73.4,152.8,68.8,75.6,144.4,167,-1,75.0,3.0,35.0,False,False,False,,,,,0.0,,,,,0.0,11.724820526235712,7.211198018538384,4.513622507697328,,,,,,,,,,Big Ten,Big Ten
401484883,2023-01-08,Maryland Terrapins,Ohio State Buckeyes,71.4,74.4,145.8,74.8,64.0,138.8,153,7,73.0,25.0,3.0,False,False,False,,,,,0.0,,,,,0.0,12.695141455510884,13.881446041273204,-1.1863045857623202,,,,,,,,,,Big Ten,Big Ten
401484885,2023-01-10,Wisconsin Badgers,Michigan State Spartans,57.2,52.2,109.4,70.6,76.8,147.4,134,-4,64.0,3.0,37.0,False,False,False,,,,,0.0,,,,,0.0,14.787408366676976,17.585471382736248,-2.798063016059272,,,,,,,,,,Big Ten,Big Ten
401484890,2023-01-13,Purdue Boilermakers,Nebraska Cornhuskers,71.2,59.6,130.8,63.0,67.8,130.8,128,18,59.0,8.0,34.0,False,False,False,,,,,0.0,,,,,0.0,18.93258727393362,5.893400049870473,13.039187224063149,,,,,,,,,,Big Ten,Big Ten
401484892,2023-01-14,Indiana Hoosiers,Wisconsin Badgers,79.8,77.2,157.0,54.6,54.8,109.4,108,18,41.0,6.0,4.0,False,False,False,,,,,0.0,,,,,0.0,11.724820526235712,14.787408366676976,-3.062587840441264,,,,,,,,,,Big Ten,Big Ten
401484897,2023-01-16,Michigan State Spartans,Purdue Boilermakers,70.4,74.8,145.2,72.8,58.2,131.0,127,-1,52.0,6.0,3.0,False,False,False,,,,,0.0,,,,,0.0,17.585471382736248,18.93258727393362,-1.3471158911973724,,,,,,,,,,Big Ten,Big Ten
401484904,2023-01-19,Minnesota Golden Gophers,Purdue Boilermakers,59.8,69.8,129.6,70.8,60.2,131.0,100,-22,43.0,16.0,3.0,False,False,False,,,,,0.0,,,,,0.0,7.085228313976824,18.93258727393362,-11.847358959956797,,,,,,,,,,Big Ten,Big Ten
401484903,2023-01-19,Michigan State Spartans,Rutgers Scarlet Knights,68.2,73.0,141.2,68.6,58.0,126.6,127,13,66.0,3.0,17.0,False,False,False,,,,,0.0,,,,,0.0,17.585471382736248,9.720039823352574,7.865431559383674,,,,,,,,,,Big Ten,Big Ten
401484909,2023-01-22,Purdue Boilermakers,Maryland Terrapins,66.6,58.2,124.8,73.0,73.8,146.8,113,3,56.0,3.0,14.0,False,False,False,,,,,0.0,,,,,0.0,18.93258727393362,12.695141455510884,6.237445818422737,,,,,,,,,,Big Ten,Big Ten
401484917,2023-01-26,Michigan Wolverines,Purdue Boilermakers,72.8,67.2,140.0,65.4,56.2,121.6,145,-5,76.0,67.0,4.0,False,False,False,,,,,0.0,,,,,0.0,15.336992047065849,18.93258727393362,-3.595595226867772,,,,,,,,,,Big Ten,Big Ten
401490358,2023-01-26,USC Trojans,UCLA Bruins,66.0,70.6,136.6,64.4,56.2,120.6,141,13,62.0,7.0,5.0,False,False,False,,,,,0.0,,,,,0.0,10.115580145627325,17.221933449702984,-7.106353304075659,,,,,,,,,,Big Ten,Big Ten
401484924,2023-01-29,Purdue Boilermakers,Michigan State Spartans,66.2,56.4,122.6,67.0,67.4,134.4,138,16,62.0,3.0,10.0,False,False,False,,,,,0.0,,,,,0.0,18.93258727393362,17.585471382736248,1.3471158911973724,,,,,,,,,,Big Ten,Big Ten
401484926,2023-01-31,Maryland Terrapins,Indiana Hoosiers,65.0,69.6,134.6,80.0,69.4,149.4,121,11,66.0,9.0,17.0,False,False,False,,,,,0.0,,,,,0.0,12.695141455510884,11.724820526235712,0.9703209292751716,,,,,,,,,,Big Ten,Big Ten
401484928,2023-02-01,Purdue Boilermakers,Penn State Nittany Lions,67.0,57.6,124.6,64.2,61.4,125.6,140,20,64.0,3.0,53.0,False,False,False,,,,,0.0,,,,,0.0,18.93258727393362,10.213968509412432,8.718618764521189,,,,,,,,,,Big Ten,Big Ten
401490369,2023-02-02,UCLA Bruins,Washington Huskies,65.2,60.0,125.2,61.8,80.0,141.8,131,9,60.0,7.0,5.0,False,False,False,,,,,0.0,,,,,0.0,17.221933449702984,5.191095219476611,12.030838230226372,,,,,,,,,,Big Ten,Big Ten
401484932,2023-02-04,Indiana Hoosiers,Purdue Boilermakers,71.8,68.2,140.0,70.2,57.0,127.2,153,5,85.0,4.0,3.0,False,False,False,,,,,0.0,,,,,0.0,11.724820526235712,18.93258727393362,-7.207766747697908,,,,,,,,,,Big Ten,Big Ten
401484939,2023-02-07,Indiana Hoosiers,Rutgers Scarlet Knights,73.8,72.0,145.8,65.4,59.0,124.4,126,6,73.0,3.0,19.0,False,False,False,,,,,0.0,,,,,0.0,11.724820526235712,9.720039823352574,2.0047807028831386,,,,,,,,,,Big Ten,Big Ten
401484944,2023-02-09,Purdue Boilermakers,Iowa Hawkeyes,72.8,65.0,137.8,76.8,71.0,147.8,160,14,59.0,5.0,35.0,False,False,False,,,,,0.0,,,,,0.0,18.93258727393362,13.699476648217637,5.233110625715986,,,,,,,,,,Big Ten,Big Ten
401490383,2023-02-11,Oregon Ducks,UCLA Bruins,66.8,74.6,141.4,64.8,59.0,123.8,133,-7,63.0,9.0,2.0,False,False,False,,,,,0.0,,,,,0.0,14.596831796008162,17.221933449702984,-2.6251016536948217,,,,,,,,,,Big Ten,Big Ten
401484945,2023-02-11,Michigan Wolverines,Indiana Hoosiers,71.6,68.6,140.2,69.2,65.8,135.0,123,-1,70.0,16.0,4.0,False,False,False,,,,,0.0,,,,,0.0,15.336992047065849,11.724820526235712,3.612171520830136,,,,,,,,,,Big Ten,Big Ten
401484947,2023-02-11,Illinois Fighting Illini,Rutgers Scarlet Knights,68.6,70.8,139.4,62.2,63.0,125.2,129,9,64.0,35.0,4.0,False,False,False,,,,,0.0,,,,,0.0,14.692714987512222,9.720039823352574,4.972675164159648,,,,,,,,,,Big Ten,Big Ten
401484951,2023-02-12,Northwestern Wildcats,Purdue Boilermakers,73.4,75.8,149.2,78.6,68.6,147.2,122,6,67.0,35.0,3.0,False,False,False,,,,,0.0,,,,,0.0,7.211198018538384,18.93258727393362,-11.721389255395238,,,,,,,,,,Big Ten,Big Ten
401484955,2023-02-15,Northwestern Wildcats,Indiana Hoosiers,72.0,73.6,145.6,65.0,61.2,126.2,126,2,59.0,3.0,4.0,False,False,False,,,,,0.0,,,,,0.0,7.211198018538384,11.724820526235712,-4.513622507697328,,,,,,,,,,Big Ten,Big Ten
401484958,2023-02-16,Maryland Terrapins,Purdue Boilermakers,64.0,67.4,131.4,75.2,67.4,142.6,122,14,53.0,16.0,4.0,False,False,False,,,,,0.0,,,,,0.0,12.695141455510884,18.93258727393362,-6.237445818422737,,,,,,,,,,Big Ten,Big Ten
401484959,2023-02-18,Indiana Hoosiers,Illinois Fighting Illini,64.8,65.0,129.8,69.2,68.6,137.8,139,3,73.0,3.0,7.0,False,False,False,,,,,0.0,,,,,0.0,11.724820526235712,14.692714987512222,-2.9678944612765097,,,,,,,,,,Big Ten,Big Ten
401484965,2023-02-19,Purdue Boilermakers,Ohio State Buckeyes,70.6,68.8,139.4,77.2,65.8,143.0,137,27,67.0,3.0,42.0,False,False,False,,,,,0.0,,,,,0.0,18.93258727393362,13.881446041273204,5.051141232660417,,,,,,,,,,Big Ten,Big Ten
401484966,2023-02-21,Michigan State Spartans,Indiana Hoosiers,65.2,66.6,131.8,68.0,65.4,133.4,145,15,64.0,23.0,3.0,False,False,False,,,,,0.0,,,,,0.0,17.585471382736248,11.724820526235712,5.860650856500536,,,,,,,,,,Big Ten,Big Ten
401484969,2023-02-23,Illinois Fighting Illini,Northwestern Wildcats,71.0,68.0,139.0,69.6,63.6,133.2,128,4,56.0,5.0,8.0,False,False,False,,,,,0.0,,,,,0.0,14.692714987512222,7.211198018538384,7.481516968973838,,,,,,,,,,Big Ten,Big Ten
401484972,2023-02-25,Purdue Boilermakers,Indiana Hoosiers,71.0,67.8,138.8,65.2,66.6,131.8,150,-8,72.0,6.0,4.0,False,False,False,,,,,0.0,,,,,0.0,18.93258727393362,11.724820526235712,7.207766747697908,,,,,,,,,,Big Ten,Big Ten
401484975,2023-02-26,Maryland Terrapins,Northwestern Wildcats,65.8,65.4,131.2,68.8,66.4,135.2,134,16,80.0,10.0,3.0,False,False,False,,,,,0.0,,,,,0.0,12.695141455510884,7.211198018538384,5.4839434369725,,,,,,,,,,Big Ten,Big Ten
401484979,2023-02-28,Indiana Hoosiers,Iowa Hawkeyes,67.8,68.8,136.6,75.4,73.0,148.4,158,-22,83.0,3.0,19.0,False,False,False,,,,,0.0,,,,,0.0,11.724820526235712,13.699476648217637,-1.9746561219819228,,,,,,,,,,Big Ten,Big Ten
401484981,2023-03-01,Ohio State Buckeyes,Maryland Terrapins,72.0,71.6,143.6,68.8,59.8,128.6,135,11,64.0,10.0,3.0,False,False,False,,,,,0.0,,,,,0.0,13.881446041273204,12.695141455510884,1.1863045857623202,,,,,,,,,,Big Ten,Big Ten
401484985,2023-03-02,Wisconsin Badgers,Purdue Boilermakers,63.6,67.4,131.0,70.4,67.8,138.2,124,-2,58.0,47.0,5.0,False,False,False,,,,,0.0,,,,,0.0,14.787408366676976,18.93258727393362,-4.1451789072566445,,,,,,,,,,Big Ten,Big Ten
401484992,2023-03-05,Purdue Boilermakers,Illinois Fighting Illini,65.6,65.4,131.0,70.6,71.0,141.6,147,5,73.0,3.0,10.0,False,False,False,,,,,0.0,,,,,0.0,18.93258727393362,14.692714987512222,4.239872286421399,,,,,,,,,,Big Ten,Big Ten
401484988,2023-03-05,Indiana Hoosiers,Michigan Wolverines,69.0,74.6,143.6,72.8,68.4,141.2,148,2,56.0,5.0,22.0,False,False,False,,,,,0.0,,,,,0.0,11.724820526235712,15.336992047065849,-3.612171520830136,,,,,,,,,,Big Ten,Big Ten
401484987,2023-03-05,Penn State Nittany Lions,Maryland Terrapins,65.2,65.4,130.6,65.2,59.8,125.0,129,1,57.0,32.0,4.0,False,False,False,,,,,0.0,,,,,0.0,10.213968509412432,12.695141455510884,-2.481172946098452,,,,,,,,,,Big Ten,Big Ten
401514414,2023-03-08,Wisconsin Badgers,Ohio State Buckeyes,60.6,66.8,127.4,67.4,72.2,139.6,122,-8,54.0,6.0,7.0,False,False,True,,,,,0.0,,,,,0.0,14.787408366676976,13.881446041273204,0.905962325403772,,,,,,,,,,Big Ten,Big Ten
401514415,2023-03-08,Nebraska Cornhuskers,Minnesota Golden Gophers,60.2,68.2,128.4,54.2,68.4,122.6,153,-3,70.0,54.0,48.0,False,False,True,,,,,0.0,,,,,0.0,5.893400049870473,7.085228313976824,-1.1918282641063511,,,,,,,,,,Big Ten,Big Ten
401514416,2023-03-09,Michigan Wolverines,Rutgers Scarlet Knights,72.4,72.2,144.6,61.6,67.2,128.8,112,-12,53.0,4.0,26.0,False,False,True,,,,,0.0,,,,,0.0,15.336992047065849,9.720039823352574,5.616952223713275,,,,,,,,,,Big Ten,Big Ten
401514417,2023-03-09,Iowa Hawkeyes,Ohio State Buckeyes,78.4,73.4,151.8,67.0,70.4,137.4,142,-4,57.0,9.0,1.0,False,True,True,,,,,0.0,,,,,0.0,13.699476648217637,13.881446041273204,-0.181969393055569,,,,,,,,,,Big Ten,Big Ten
401514418,2023-03-09,Illinois Fighting Illini,Penn State Nittany Lions,70.6,67.6,138.2,66.2,68.0,134.2,155,-3,61.0,4.0,4.0,False,False,True,,,,,0.0,,,,,0.0,14.692714987512222,10.213968509412432,4.47874647809979,,,,,,,,,,Big Ten,Big Ten
401514419,2023-03-09,Maryland Terrapins,Minnesota Golden Gophers,67.0,61.2,128.2,59.6,71.4,131.0,124,16,55.0,4.0,1.0,False,True,True,,,,,0.0,,,,,0.0,12.695141455510884,7.085228313976824,5.60991314153406,,,,,,,,,,Big Ten,Big Ten
401514420,2023-03-10,Purdue Boilermakers,Rutgers Scarlet Knights,69.2,66.8,136.0,60.8,63.8,124.6,135,5,57.0,5.0,1.0,False,True,True,,,,,0.0,,,,,0.0,18.93258727393362,9.720039823352574,9.212547450581049,,,,,,,,,,Big Ten,Big Ten
401514421,2023-03-10,Michigan State Spartans,Ohio State Buckeyes,68.6,65.6,134.2,67.8,70.0,137.8,126,-10,57.0,17.0,1.0,False,True,True,,,,,0.0,,,,,0.0,17.585471382736248,13.881446041273204,3.704025341463044,,,,,,,,,,Big Ten,Big Ten
401514422,2023-03-10,Northwestern Wildcats,Penn State Nittany Lions,66.6,68.8,135.4,67.8,69.6,137.4,132,-2,51.0,12.0,1.0,False,True,True,,,,,0.0,,,,,0.0,7.211198018538384,10.213968509412432,-3.002770490874048,,,,,,,,,,Big Ten,Big Ten
401514411,2023-03-10,UCLA Bruins,Oregon Ducks,75.8,66.0,141.8,71.4,72.8,144.2,131,19,62.0,1.0,1.0,True,True,True,,,,,0.0,,,,,0.0,17.221933449702984,14.596831796008162,2.6251016536948217,,,,,,,,,,Big Ten,Big Ten
401514423,2023-03-10,Indiana Hoosiers,Maryland Terrapins,71.6,76.4,148.0,67.8,61.0,128.8,130,10,66.0,5.0,1.0,False,True,True,,,,,0.0,,,,,0.0,11.724820526235712,12.695141455510884,-0.9703209292751716,,,,,,,,,,Big Ten,Big Ten
401514424,2023-03-11,Purdue Boilermakers,Ohio State Buckeyes,72.4,66.2,138.6,66.8,65.6,132.4,146,14,76.0,1.0,1.0,True,True,True,,,,,0.0,,,,,0.0,18.93258727393362,13.881446041273204,5.051141232660417,,,,,,,,,,Big Ten,Big Ten
401514425,2023-03-11,Indiana Hoosiers,Penn State Nittany Lions,71.4,74.8,146.2,69.0,68.8,137.8,150,-4,60.0,1.0,1.0,True,True,True,,,,,0.0,,,,,0.0,11.724820526235712,10.213968509412432,1.5108520168232804,,,,,,,,,,Big Ten,Big Ten
401514426,2023-03-12,Purdue Boilermakers,Penn State Nittany Lions,72.0,68.4,140.4,69.6,71.6,141.2,132,2,62.0,1.0,1.0,True,True,True,,,,,0.0,,,,,0.0,18.93258727393362,10.213968509412432,8.718618764521189,,,,,,,,,,Big Ten,Big Ten
401522142,2023-03-17,Michigan State Spartans,USC Trojans,66.4,66.2,132.6,70.8,73.8,144.6,134,10,68.0,7.0,8.0,False,False,True,,,,,0.0,,,,,0.0,17.585471382736248,10.115580145627325,7.469891237108923,,,,,,,,,,Big Ten,Big Ten
401522169,2023-03-18,UCLA Bruins,Northwestern Wildcats,76.4,62.4,138.8,65.0,67.4,132.4,131,5,60.0,2.0,2.0,False,False,True,,,,,0.0,,,,,0.0,17.221933449702984,7.211198018538384,10.0107354311646,,,,,,,,,,Big Ten,Big Ten
401600295,2023-12-01,Northwestern Wildcats,Purdue Boilermakers,64.8,68.6,133.4,80.8,68.6,149.4,180,4,72.0,258.0,3.0,False,False,False,,,,,0.0,,,,,0.0,7.211198018538384,18.93258727393362,-11.721389255395238,,,,,,,,,,Big Ten,Big Ten
401600296,2023-12-02,Rutgers Scarlet Knights,Illinois Fighting Illini,60.8,65.0,125.8,76.6,60.0,136.6,134,-18,77.0,267.0,13.0,False,False,False,,,,,0.0,,,,,0.0,9.720039823352574,14.692714987512222,-4.972675164159648,,,,,,,,,,Big Ten,Big Ten
401600298,2023-12-04,Purdue Boilermakers,Iowa Hawkeyes,81.8,72.8,154.6,78.2,80.6,158.8,155,19,69.0,3.0,20.0,False,False,False,,,,,0.0,,,,,0.0,18.93258727393362,13.699476648217637,5.233110625715986,,,,,,,,,,Big Ten,Big Ten
401600300,2023-12-05,Michigan State Spartans,Wisconsin Badgers,72.4,60.4,132.8,65.6,62.6,128.2,127,-13,57.0,12.0,3.0,False,False,False,,,,,0.0,,,,,0.0,17.585471382736248,14.787408366676976,2.798063016059272,,,,,,,,,,Big Ten,Big Ten
401600308,2024-01-02,Maryland Terrapins,Purdue Boilermakers,57.6,63.8,121.4,90.2,69.6,159.8,120,-14,51.0,46.0,4.0,False,False,False,,,,,0.0,,,,,0.0,12.695141455510884,18.93258727393362,-6.237445818422737,,,,,,,,,,Big Ten,Big Ten
401600307,2024-01-02,Illinois Fighting Illini,Northwestern Wildcats,90.4,75.2,165.6,71.8,68.8,140.6,162,30,75.0,4.0,17.0,False,False,False,,,,,0.0,,,,,0.0,14.692714987512222,7.211198018538384,7.481516968973838,,,,,,,,,,Big Ten,Big Ten
401600306,2024-01-02,Wisconsin Badgers,Iowa Hawkeyes,74.6,66.4,141.0,72.2,85.0,157.2,155,11,64.0,11.0,26.0,False,False,False,,,,,0.0,,,,,0.0,14.787408366676976,13.699476648217637,1.0879317184593411,,,,,,,,,,Big Ten,Big Ten
401600313,2024-01-05,Purdue Boilermakers,Illinois Fighting Illini,86.2,66.6,152.8,90.0,70.6,160.6,161,5,79.0,3.0,3.0,False,False,False,,,,,0.0,,,,,0.0,18.93258727393362,14.692714987512222,4.239872286421399,,,,,,,,,,Big Ten,Big Ten
401600314,2024-01-06,Wisconsin Badgers,Nebraska Cornhuskers,76.2,68.0,144.2,63.4,77.2,140.6,160,16,89.0,4.0,34.0,False,False,False,,,,,0.0,,,,,0.0,14.787408366676976,5.893400049870473,8.894008316806502,,,,,,,,,,Big Ten,Big Ten
401600321,2024-01-09,Nebraska Cornhuskers,Purdue Boilermakers,64.8,78.6,143.4,84.4,65.0,149.4,160,16,71.0,3.0,4.0,False,False,False,,,,,0.0,,,,,0.0,5.893400049870473,18.93258727393362,-13.039187224063149,,,,,,,,,,Big Ten,Big Ten
401600323,2024-01-10,Ohio State Buckeyes,Wisconsin Badgers,73.0,72.2,145.2,79.8,71.0,150.8,131,-11,68.0,47.0,4.0,False,False,False,,,,,0.0,,,,,0.0,13.881446041273204,14.787408366676976,-0.905962325403772,,,,,,,,,,Big Ten,Big Ten
401600325,2024-01-11,Illinois Fighting Illini,Michigan State Spartans,89.8,70.0,159.8,74.6,63.8,138.4,139,3,71.0,6.0,24.0,False,False,False,,,,,0.0,,,,,0.0,14.692714987512222,17.585471382736248,-2.8927563952240263,,,,,,,,,,Big Ten,Big Ten
401600326,2024-01-12,Indiana Hoosiers,Minnesota Golden Gophers,68.2,74.8,143.0,56.4,67.6,124.0,136,12,72.0,27.0,309.0,False,False,False,,,,,0.0,,,,,0.0,11.724820526235712,7.085228313976824,4.639592212258888,,,,,,,,,,Big Ten,Big Ten
401600327,2024-01-12,Iowa Hawkeyes,Nebraska Cornhuskers,72.8,87.0,159.8,70.0,80.0,150.0,170,18,77.0,10.0,3.0,False,False,False,,,,,0.0,,,,,0.0,13.699476648217637,5.893400049870473,7.806076598347162,,,,,,,,,,Big Ten,Big Ten
401600329,2024-01-13,Purdue Boilermakers,Penn State Nittany Lions,80.4,65.8,146.2,72.2,71.8,144.0,173,17,92.0,4.0,51.0,False,False,False,,,,,0.0,,,,,0.0,18.93258727393362,10.213968509412432,8.718618764521189,,,,,,,,,,Big Ten,Big Ten
401600328,2024-01-13,Wisconsin Badgers,Northwestern Wildcats,79.4,63.4,142.8,70.0,74.6,144.6,134,8,57.0,3.0,11.0,False,False,False,,,,,0.0,,,,,0.0,14.787408366676976,7.211198018538384,7.576210348138592,,,,,,,,,,Big Ten,Big Ten
401600330,2024-01-14,Illinois Fighting Illini,Maryland Terrapins,89.2,72.2,161.4,54.2,66.4,120.6,143,-9,76.0,3.0,12.0,False,False,False,,,,,0.0,,,,,0.0,14.692714987512222,12.695141455510884,1.997573532001338,,,,,,,,,,Big Ten,Big Ten
401600335,2024-01-16,Indiana Hoosiers,Purdue Boilermakers,68.4,71.8,140.2,79.4,70.0,149.4,153,-21,80.0,4.0,3.0,False,False,False,,,,,0.0,,,,,0.0,11.724820526235712,18.93258727393362,-7.207766747697908,,,,,,,,,,Big Ten,Big Ten
401600334,2024-01-16,Penn State Nittany Lions,Wisconsin Badgers,72.4,76.2,148.6,78.6,64.0,142.6,170,4,74.0,3.0,3.0,False,False,False,,,,,0.0,,,,,0.0,10.213968509412432,14.787408366676976,-4.573439857264544,,,,,,,,,,Big Ten,Big Ten
401600338,2024-01-18,Michigan Wolverines,Illinois Fighting Illini,64.8,68.0,132.8,83.2,72.8,156.0,161,-15,73.0,315.0,4.0,False,False,False,,,,,0.0,,,,,0.0,15.336992047065849,14.692714987512222,0.6442770595536267,,,,,,,,,,Big Ten,Big Ten
401600340,2024-01-19,Wisconsin Badgers,Indiana Hoosiers,79.2,70.8,150.0,67.4,77.2,144.6,170,12,65.0,3.0,3.0,False,False,False,,,,,0.0,,,,,0.0,14.787408366676976,11.724820526235712,3.062587840441264,,,,,,,,,,Big Ten,Big Ten
401600343,2024-01-20,Iowa Hawkeyes,Purdue Boilermakers,76.6,85.6,162.2,80.8,72.6,153.4,154,-14,81.0,8.0,4.0,False,False,False,,,,,0.0,,,,,0.0,13.699476648217637,18.93258727393362,-5.233110625715986,,,,,,,,,,Big Ten,Big Ten
401600344,2024-01-21,Illinois Fighting Illini,Rutgers Scarlet Knights,80.0,73.2,153.2,61.0,66.2,127.2,149,23,68.0,3.0,50.0,False,False,False,,,,,0.0,,,,,0.0,14.692714987512222,9.720039823352574,4.972675164159648,,,,,,,,,,Big Ten,Big Ten
401600346,2024-01-23,Purdue Boilermakers,Michigan Wolverines,84.2,76.0,160.2,65.4,72.4,137.8,166,32,74.0,3.0,5.0,False,False,False,,,,,0.0,,,,,0.0,18.93258727393362,15.336992047065849,3.595595226867772,,,,,,,,,,Big Ten,Big Ten
401600348,2024-01-23,Minnesota Golden Gophers,Wisconsin Badgers,58.6,68.6,127.2,80.8,72.2,153.0,120,-2,58.0,11.0,4.0,False,False,False,,,,,0.0,,,,,0.0,7.085228313976824,14.787408366676976,-7.702180052700152,,,,,,,,,,Big Ten,Big Ten
401600349,2024-01-24,Northwestern Wildcats,Illinois Fighting Illini,70.0,75.2,145.2,78.0,72.6,150.6,187,5,66.0,11.0,3.0,False,False,False,,,,,0.0,,,,,0.0,7.211198018538384,14.692714987512222,-7.481516968973838,,,,,,,,,,Big Ten,Big Ten
401600351,2024-01-26,Wisconsin Badgers,Michigan State Spartans,75.4,69.6,145.0,72.0,68.2,140.2,147,15,77.0,3.0,15.0,False,False,False,,,,,0.0,,,,,0.0,14.787408366676976,17.585471382736248,-2.798063016059272,,,,,,,,,,Big Ten,Big Ten
401600352,2024-01-27,Illinois Fighting Illini,Indiana Hoosiers,80.6,75.2,155.8,69.4,78.4,147.8,132,8,72.0,3.0,8.0,False,False,False,,,,,0.0,,,,,0.0,14.692714987512222,11.724820526235712,2.9678944612765097,,,,,,,,,,Big Ten,Big Ten
401600357,2024-01-28,Rutgers Scarlet Knights,Purdue Boilermakers,61.6,70.2,131.8,87.4,73.8,161.2,128,-8,53.0,7.0,5.0,False,False,False,,,,,0.0,,,,,0.0,9.720039823352574,18.93258727393362,-9.212547450581049,,,,,,,,,,Big Ten,Big Ten
401600358,2024-01-30,Ohio State Buckeyes,Illinois Fighting Illini,70.4,72.6,143.0,80.4,74.0,154.4,162,-12,75.0,20.0,3.0,False,False,False,,,,,0.0,,,,,0.0,13.881446041273204,14.692714987512222,-0.8112689462390179,,,,,,,,,,Big Ten,Big Ten
401600361,2024-01-31,Purdue Boilermakers,Northwestern Wildcats,86.6,68.2,154.8,70.8,75.8,146.6,201,9,86.0,3.0,7.0,False,False,False,,,,,0.0,,,,,0.0,18.93258727393362,7.211198018538384,11.721389255395238,,,,,,,,,,Big Ten,Big Ten
401600363,2024-02-01,Nebraska Cornhuskers,Wisconsin Badgers,74.2,84.2,158.4,77.4,70.8,148.2,152,8,70.0,20.0,6.0,False,False,False,,,,,0.0,,,,,0.0,5.893400049870473,14.787408366676976,-8.894008316806502,,,,,,,,,,Big Ten,Big Ten
401600370,2024-02-04,Wisconsin Badgers,Purdue Boilermakers,77.6,74.2,151.8,88.6,71.8,160.4,144,-6,66.0,3.0,4.0,False,False,False,,,,,0.0,,,,,0.0,14.787408366676976,18.93258727393362,-4.1451789072566445,,,,,,,,,,Big Ten,Big Ten
401600369,2024-02-04,Illinois Fighting Illini,Nebraska Cornhuskers,84.4,73.8,158.2,75.2,83.0,158.2,171,3,70.0,5.0,3.0,False,False,False,,,,,0.0,,,,,0.0,14.692714987512222,5.893400049870473,8.79931493764175,,,,,,,,,,Big Ten,Big Ten
401600375,2024-02-07,Michigan Wolverines,Wisconsin Badgers,64.8,77.2,142.0,74.8,71.8,146.6,140,4,70.0,15.0,3.0,False,False,False,,,,,0.0,,,,,0.0,15.336992047065849,14.787408366676976,0.5495836803888725,,,,,,,,,,Big Ten,Big Ten
401600378,2024-02-10,Purdue Boilermakers,Indiana Hoosiers,86.2,72.4,158.6,70.4,77.0,147.4,138,20,62.0,6.0,14.0,False,False,False,,,,,0.0,,,,,0.0,18.93258727393362,11.724820526235712,7.207766747697908,,,,,,,,,,Big Ten,Big Ten
401600377,2024-02-10,Michigan State Spartans,Illinois Fighting Illini,71.6,69.6,141.2,84.2,76.0,160.2,168,8,85.0,15.0,6.0,False,False,False,,,,,0.0,,,,,0.0,17.585471382736248,14.692714987512222,2.8927563952240263,,,,,,,,,,Big Ten,Big Ten
401600381,2024-02-10,Rutgers Scarlet Knights,Wisconsin Badgers,61.6,70.0,131.6,70.2,70.4,140.6,134,22,65.0,13.0,3.0,False,False,False,,,,,0.0,,,,,0.0,9.720039823352574,14.787408366676976,-5.0673685433244025,,,,,,,,,,Big Ten,Big Ten
401600384,2024-02-13,Illinois Fighting Illini,Michigan Wolverines,83.0,81.0,164.0,67.0,78.4,145.4,165,29,76.0,3.0,6.0,False,False,False,,,,,0.0,,,,,0.0,14.692714987512222,15.336992047065849,-0.6442770595536267,,,,,,,,,,Big Ten,Big Ten
401600385,2024-02-13,Wisconsin Badgers,Ohio State Buckeyes,69.2,74.2,143.4,71.8,78.4,150.2,116,8,55.0,3.0,14.0,False,False,False,,,,,0.0,,,,,0.0,14.787408366676976,13.881446041273204,0.905962325403772,,,,,,,,,,Big Ten,Big Ten
401600388,2024-02-15,Purdue Boilermakers,Minnesota Golden Gophers,85.2,70.2,155.4,58.4,68.2,126.6,160,8,78.0,5.0,23.0,False,False,False,,,,,0.0,,,,,0.0,18.93258727393362,7.085228313976824,11.847358959956797,,,,,,,,,,Big Ten,Big Ten
401600390,2024-02-17,Maryland Terrapins,Illinois Fighting Illini,57.4,65.8,123.2,84.2,75.4,159.6,165,-5,81.0,34.0,4.0,False,False,False,,,,,0.0,,,,,0.0,12.695141455510884,14.692714987512222,-1.997573532001338,,,,,,,,,,Big Ten,Big Ten
401600393,2024-02-17,Iowa Hawkeyes,Wisconsin Badgers,73.8,84.0,157.8,65.4,71.8,137.2,174,2,90.0,28.0,4.0,False,False,False,,,,,0.0,,,,,0.0,13.699476648217637,14.787408366676976,-1.0879317184593411,,,,,,,,,,Big Ten,Big Ten
401600395,2024-02-18,Ohio State Buckeyes,Purdue Boilermakers,69.4,74.8,144.2,82.2,72.0,154.2,142,4,65.0,5.0,3.0,False,False,False,,,,,0.0,,,,,0.0,13.881446041273204,18.93258727393362,-5.051141232660417,,,,,,,,,,Big Ten,Big Ten
401600399,2024-02-21,Penn State Nittany Lions,Illinois Fighting Illini,76.8,79.4,156.2,87.2,79.0,166.2,179,1,89.0,36.0,4.0,False,False,False,,,,,0.0,,,,,0.0,10.213968509412432,14.692714987512222,-4.47874647809979,,,,,,,,,,Big Ten,Big Ten
401600403,2024-02-22,Purdue Boilermakers,Rutgers Scarlet Knights,82.4,74.6,157.0,64.8,71.2,136.0,164,28,85.0,4.0,12.0,False,False,False,,,,,0.0,,,,,0.0,18.93258727393362,9.720039823352574,9.212547450581049,,,,,,,,,,Big Ten,Big Ten
401600404,2024-02-24,Illinois Fighting Illini,Iowa Hawkeyes,87.6,82.0,169.6,77.8,83.8,161.6,180,10,87.0,3.0,7.0,False,False,False,,,,,0.0,,,,,0.0,14.692714987512222,13.699476648217637,0.9932383392945868,,,,,,,,,,Big Ten,Big Ten
401600409,2024-02-25,Michigan Wolverines,Purdue Boilermakers,66.0,82.8,148.8,80.6,69.0,149.6,160,-8,83.0,12.0,3.0,False,False,False,,,,,0.0,,,,,0.0,15.336992047065849,18.93258727393362,-3.595595226867772,,,,,,,,,,Big Ten,Big Ten
401600412,2024-02-28,Illinois Fighting Illini,Minnesota Golden Gophers,89.2,82.2,171.4,65.8,72.8,138.6,202,8,93.0,4.0,13.0,False,False,False,,,,,0.0,,,,,0.0,14.692714987512222,7.085228313976824,7.607486673535398,,,,,,,,,,Big Ten,Big Ten
401600418,2024-03-02,Purdue Boilermakers,Michigan State Spartans,82.4,70.4,152.8,77.8,71.6,149.4,154,6,73.0,6.0,21.0,False,False,False,,,,,0.0,,,,,0.0,18.93258727393362,17.585471382736248,1.3471158911973724,,,,,,,,,,Big Ten,Big Ten
401600416,2024-03-02,Wisconsin Badgers,Illinois Fighting Illini,68.2,73.4,141.6,94.2,84.0,178.2,174,-8,76.0,14.0,3.0,False,False,False,,,,,0.0,,,,,0.0,14.787408366676976,14.692714987512222,0.0946933791647541,,,,,,,,,,Big Ten,Big Ten
401600423,2024-03-05,Illinois Fighting Illini,Purdue Boilermakers,93.0,87.0,180.0,82.6,73.4,156.0,148,-6,74.0,3.0,3.0,False,False,False,,,,,0.0,,,,,0.0,14.692714987512222,18.93258727393362,-4.239872286421399,,,,,,,,,,Big Ten,Big Ten
401600433,2024-03-10,Purdue Boilermakers,Wisconsin Badgers,81.2,72.4,153.6,71.0,76.6,147.6,148,8,77.0,5.0,8.0,False,False,False,,,,,0.0,,,,,0.0,18.93258727393362,14.787408366676976,4.1451789072566445,,,,,,,,,,Big Ten,Big Ten
401600428,2024-03-10,Iowa Hawkeyes,Illinois Fighting Illini,81.8,84.8,166.6,90.2,86.4,176.6,134,-12,68.0,15.0,5.0,False,False,False,,,,,0.0,,,,,0.0,13.699476648217637,14.692714987512222,-0.9932383392945868,,,,,,,,,,Big Ten,Big Ten
401625684,2024-03-15,Purdue Boilermakers,Michigan State Spartans,83.0,71.8,154.8,75.0,74.8,149.8,129,5,61.0,5.0,13.0,False,False,True,,,,,0.0,,,,,0.0,18.93258727393362,17.585471382736248,1.3471158911973724,,,,,,,,,,Big Ten,Big Ten
401625686,2024-03-15,Illinois Fighting Illini,Ohio State Buckeyes,87.0,80.6,167.6,70.8,74.0,144.8,151,3,60.0,5.0,26.0,False,False,True,,,,,0.0,,,,,0.0,14.692714987512222,13.881446041273204,0.8112689462390179,,,,,,,,,,Big Ten,Big Ten
401625688,2024-03-16,Purdue Boilermakers,Wisconsin Badgers,77.2,70.6,147.8,71.4,77.8,149.2,151,-1,72.0,1.0,6.0,True,False,True,,,,,0.0,,,,,0.0,18.93258727393362,14.787408366676976,4.1451789072566445,,,,,,,,,,Big Ten,Big Ten
401625689,2024-03-16,Illinois Fighting Illini,Nebraska Cornhuskers,83.4,78.4,161.8,80.0,82.6,162.6,185,11,91.0,1.0,41.0,True,False,True,,,,,0.0,,,,,0.0,14.692714987512222,5.893400049870473,8.79931493764175,,,,,,,,,,Big Ten,Big Ten
401625690,2024-03-17,Illinois Fighting Illini,Wisconsin Badgers,82.0,76.4,158.4,75.4,77.2,152.6,180,6,81.0,1.0,1.0,True,True,True,,,,,0.0,,,,,0.0,14.692714987512222,14.787408366676976,-0.0946933791647541,,,,,,,,,,Big Ten,Big Ten
401721306,2024-12-03,Wisconsin Badgers,Michigan Wolverines,86.2,74.0,160.2,72.2,80.2,152.4,131,-3,58.0,3.0,6.0,False,False,False,,,,,0.0,,,,,0.0,14.787408366676976,15.336992047065849,-0.5495836803888725,,,,,,,,,,Big Ten,Big Ten
401721309,2024-12-04,USC Trojans,Oregon Ducks,68.4,76.2,144.6,78.0,73.8,151.8,128,-8,53.0,265.0,4.0,False,False,False,,,,,0.0,,,,,0.0,10.115580145627325,14.596831796008162,-4.4812516503808375,,,,,,,,,,Big Ten,Big Ten
401721310,2024-12-05,Penn State Nittany Lions,Purdue Boilermakers,79.6,85.4,165.0,75.2,67.6,142.8,151,11,64.0,288.0,6.0,False,False,False,,,,,0.0,,,,,0.0,10.213968509412432,18.93258727393362,-8.718618764521189,,,,,,,,,,Big Ten,Big Ten
401721311,2024-12-06,Northwestern Wildcats,Illinois Fighting Illini,78.0,81.4,159.4,77.6,72.6,150.2,136,4,51.0,257.0,8.0,False,False,False,,,,,0.0,,,,,0.0,7.211198018538384,14.692714987512222,-7.481516968973838,,,,,,,,,,Big Ten,Big Ten
401721316,2024-12-08,Purdue Boilermakers,Maryland Terrapins,71.8,68.2,140.0,64.6,70.8,135.4,161,5,67.0,3.0,23.0,False,False,False,,,,,0.0,,,,,0.0,18.93258727393362,12.695141455510884,6.237445818422737,,,,,,,,,,Big Ten,Big Ten
401721317,2024-12-08,Oregon Ducks,UCLA Bruins,78.2,74.0,152.2,70.0,72.8,142.8,144,-2,67.0,4.0,30.0,False,False,False,,,,,0.0,,,,,0.0,14.596831796008162,17.221933449702984,-2.6251016536948217,,,,,,,,,,Big Ten,Big Ten
401721318,2024-12-09,Indiana Hoosiers,Minnesota Golden Gophers,75.8,76.0,151.8,69.6,78.8,148.4,149,15,75.0,10.0,285.0,False,False,False,,,,,0.0,,,,,0.0,11.724820526235712,7.085228313976824,4.639592212258888,,,,,,,,,,Big Ten,Big Ten
401721319,2024-12-10,Illinois Fighting Illini,Wisconsin Badgers,76.4,72.8,149.2,75.8,70.6,146.4,166,6,74.0,4.0,3.0,False,False,False,,,,,0.0,,,,,0.0,14.692714987512222,14.787408366676976,-0.0946933791647541,,,,,,,,,,Big Ten,Big Ten
401721321,2024-12-13,Nebraska Cornhuskers,Indiana Hoosiers,81.6,83.6,165.2,74.8,75.2,150.0,153,17,85.0,21.0,4.0,False,False,False,,,,,0.0,,,,,0.0,5.893400049870473,11.724820526235712,-5.831420476365239,,,,,,,,,,Big Ten,Big Ten
401721324,2025-01-02,Oregon Ducks,Illinois Fighting Illini,76.6,60.8,137.4,84.6,71.4,156.0,186,-32,83.0,4.0,4.0,False,False,False,,,,,0.0,,,,,0.0,14.596831796008162,14.692714987512222,-0.0958831915040594,,,,,,,,,,Big Ten,Big Ten
401721323,2025-01-02,Minnesota Golden Gophers,Purdue Boilermakers,72.2,81.2,153.4,74.2,76.0,150.2,142,-20,55.0,24.0,4.0,False,False,False,,,,,0.0,,,,,0.0,7.085228313976824,18.93258727393362,-11.847358959956797,,,,,,,,,,Big Ten,Big Ten
401721327,2025-01-03,Ohio State Buckeyes,Michigan State Spartans,72.6,70.6,143.2,81.2,71.4,152.6,131,-7,66.0,13.0,4.0,False,False,False,,,,,0.0,,,,,0.0,13.881446041273204,17.585471382736248,-3.704025341463044,,,,,,,,,,Big Ten,Big Ten
401721329,2025-01-04,Nebraska Cornhuskers,UCLA Bruins,81.4,78.6,160.0,76.0,67.6,143.6,124,8,48.0,10.0,7.0,False,False,False,,,,,0.0,,,,,0.0,5.893400049870473,17.221933449702984,-11.328533399832512,,,,,,,,,,Big Ten,Big Ten
401721331,2025-01-05,Oregon Ducks,Maryland Terrapins,78.4,70.6,149.0,72.2,76.0,148.2,162,4,87.0,3.0,28.0,False,False,False,,,,,0.0,,,,,0.0,14.596831796008162,12.695141455510884,1.9016903404972787,,,,,,,,,,Big Ten,Big Ten
401721333,2025-01-05,Purdue Boilermakers,Northwestern Wildcats,76.4,72.0,148.4,79.4,80.4,159.8,140,18,59.0,3.0,30.0,False,False,False,,,,,0.0,,,,,0.0,18.93258727393362,7.211198018538384,11.721389255395238,,,,,,,,,,Big Ten,Big Ten
401721334,2025-01-05,Washington Huskies,Illinois Fighting Illini,77.4,78.2,155.6,88.4,71.4,159.8,158,-4,73.0,61.0,3.0,False,False,False,,,,,0.0,,,,,0.0,5.191095219476611,14.692714987512222,-9.50161976803561,,,,,,,,,,Big Ten,Big Ten
401721338,2025-01-07,UCLA Bruins,Michigan Wolverines,73.0,66.6,139.6,81.4,70.2,151.6,169,-19,84.0,3.0,16.0,False,False,False,,,,,0.0,,,,,0.0,17.221933449702984,15.336992047065849,1.884941402637136,,,,,,,,,,Big Ten,Big Ten
401721339,2025-01-08,Illinois Fighting Illini,Penn State Nittany Lions,91.4,72.8,164.2,82.6,85.2,167.8,143,39,66.0,3.0,34.0,False,False,False,,,,,0.0,,,,,0.0,14.692714987512222,10.213968509412432,4.47874647809979,,,,,,,,,,Big Ten,Big Ten
401721342,2025-01-09,Ohio State Buckeyes,Oregon Ducks,69.0,70.0,139.0,80.8,71.8,152.6,144,-2,59.0,6.0,4.0,False,False,False,,,,,0.0,,,,,0.0,13.881446041273204,14.596831796008162,-0.7153857547349585,,,,,,,,,,Big Ten,Big Ten
401721341,2025-01-09,Michigan State Spartans,Washington Huskies,81.2,68.4,149.6,76.6,77.2,153.8,142,34,55.0,6.0,4.0,False,False,False,,,,,0.0,,,,,0.0,17.585471382736248,5.191095219476611,12.394376163259636,,,,,,,,,,Big Ten,Big Ten
401721343,2025-01-09,Rutgers Scarlet Knights,Purdue Boilermakers,83.2,79.8,163.0,75.6,68.6,144.2,118,-18,57.0,40.0,4.0,False,False,False,,,,,0.0,,,,,0.0,9.720039823352574,18.93258727393362,-9.212547450581049,,,,,,,,,,Big Ten,Big Ten
401721344,2025-01-10,Maryland Terrapins,UCLA Bruins,77.4,79.2,156.6,76.6,74.6,151.2,140,18,76.0,5.0,3.0,False,False,False,,,,,0.0,,,,,0.0,12.695141455510884,17.221933449702984,-4.5267919941921,,,,,,,,,,Big Ten,Big Ten
401721346,2025-01-11,Illinois Fighting Illini,USC Trojans,92.4,67.2,159.6,65.2,72.0,137.2,154,-10,73.0,3.0,38.0,False,False,False,,,,,0.0,,,,,0.0,14.692714987512222,10.115580145627325,4.577134841884897,,,,,,,,,,Big Ten,Big Ten
401721350,2025-01-12,Penn State Nittany Lions,Oregon Ducks,77.6,85.6,163.2,79.6,73.8,153.4,163,-1,75.0,4.0,3.0,False,False,False,,,,,0.0,,,,,0.0,10.213968509412432,14.596831796008162,-4.382863286595731,,,,,,,,,,Big Ten,Big Ten
401721348,2025-01-12,Northwestern Wildcats,Michigan State Spartans,72.4,78.0,150.4,80.0,61.0,141.0,146,-10,75.0,7.0,3.0,False,False,False,,,,,0.0,,,,,0.0,7.211198018538384,17.585471382736248,-10.374273364197864,,,,,,,,,,Big Ten,Big Ten
401721351,2025-01-12,Purdue Boilermakers,Nebraska Cornhuskers,76.0,64.6,140.6,77.2,70.6,147.8,172,36,73.0,3.0,8.0,False,False,False,,,,,0.0,,,,,0.0,18.93258727393362,5.893400049870473,13.039187224063149,,,,,,,,,,Big Ten,Big Ten
401721349,2025-01-12,Michigan Wolverines,Washington Huskies,84.6,74.6,159.2,71.8,80.2,152.0,166,16,86.0,5.0,3.0,False,False,False,,,,,0.0,,,,,0.0,15.336992047065849,5.191095219476611,10.145896827589237,,,,,,,,,,Big Ten,Big Ten
401721353,2025-01-13,Rutgers Scarlet Knights,UCLA Bruins,73.6,77.2,150.8,66.6,75.4,142.0,143,7,63.0,4.0,3.0,False,False,False,,,,,0.0,,,,,0.0,9.720039823352574,17.221933449702984,-7.501893626350411,,,,,,,,,,Big Ten,Big Ten
401721352,2025-01-13,Maryland Terrapins,Minnesota Golden Gophers,78.0,78.0,156.0,72.0,82.6,154.6,148,6,67.0,3.0,11.0,False,False,False,,,,,0.0,,,,,0.0,12.695141455510884,7.085228313976824,5.60991314153406,,,,,,,,,,Big Ten,Big Ten
401721354,2025-01-14,Indiana Hoosiers,Illinois Fighting Illini,74.6,80.6,155.2,94.0,70.4,164.4,163,-25,92.0,32.0,3.0,False,False,False,,,,,0.0,,,,,0.0,11.724820526235712,14.692714987512222,-2.9678944612765097,,,,,,,,,,Big Ten,Big Ten
401721356,2025-01-14,Wisconsin Badgers,Ohio State Buckeyes,75.0,73.6,148.6,67.0,75.2,142.2,138,2,57.0,31.0,5.0,False,False,False,,,,,0.0,,,,,0.0,14.787408366676976,13.881446041273204,0.905962325403772,,,,,,,,,,Big Ten,Big Ten
401721357,2025-01-15,Michigan State Spartans,Penn State Nittany Lions,80.2,63.0,143.2,78.2,83.0,161.2,175,5,82.0,3.0,3.0,False,False,False,,,,,0.0,,,,,0.0,17.585471382736248,10.213968509412432,7.371502873323816,,,,,,,,,,Big Ten,Big Ten
401721358,2025-01-15,Washington Huskies,Purdue Boilermakers,71.8,80.2,152.0,83.0,60.8,143.8,127,-11,52.0,3.0,3.0,False,False,False,,,,,0.0,,,,,0.0,5.191095219476611,18.93258727393362,-13.741492054457009,,,,,,,,,,Big Ten,Big Ten
401721359,2025-01-16,Minnesota Golden Gophers,Michigan Wolverines,74.4,85.8,160.2,89.4,76.8,166.2,165,3,71.0,3.0,4.0,False,False,False,,,,,0.0,,,,,0.0,7.085228313976824,15.336992047065849,-8.251763733089025,,,,,,,,,,Big Ten,Big Ten
401721362,2025-01-17,Ohio State Buckeyes,Indiana Hoosiers,67.8,73.6,141.4,76.2,81.6,157.8,153,-1,64.0,3.0,3.0,False,False,False,,,,,0.0,,,,,0.0,13.881446041273204,11.724820526235712,2.156625515037492,,,,,,,,,,Big Ten,Big Ten
401721363,2025-01-17,UCLA Bruins,Iowa Hawkeyes,65.4,75.2,140.6,76.8,85.4,162.2,164,24,81.0,4.0,36.0,False,False,False,,,,,0.0,,,,,0.0,17.221933449702984,13.699476648217637,3.522456801485349,,,,,,,,,,Big Ten,Big Ten
401721364,2025-01-18,Oregon Ducks,Purdue Boilermakers,80.8,77.8,158.6,80.2,59.6,139.8,123,-7,61.0,6.0,3.0,False,False,False,,,,,0.0,,,,,0.0,14.596831796008162,18.93258727393362,-4.335755477925458,,,,,,,,,,Big Ten,Big Ten
401721365,2025-01-18,USC Trojans,Wisconsin Badgers,68.2,70.0,138.2,74.2,76.6,150.8,153,-15,69.0,7.0,4.0,False,False,False,,,,,0.0,,,,,0.0,10.115580145627325,14.787408366676976,-4.671828221049651,,,,,,,,,,Big Ten,Big Ten
401721368,2025-01-19,Michigan State Spartans,Illinois Fighting Illini,81.0,66.2,147.2,89.4,71.4,160.8,158,2,72.0,4.0,5.0,False,False,False,,,,,0.0,,,,,0.0,17.585471382736248,14.692714987512222,2.8927563952240263,,,,,,,,,,Big Ten,Big Ten
401721367,2025-01-19,Michigan Wolverines,Northwestern Wildcats,88.2,75.8,164.0,66.8,72.6,139.4,156,4,65.0,3.0,7.0,False,False,False,,,,,0.0,,,,,0.0,15.336992047065849,7.211198018538384,8.125794028527466,,,,,,,,,,Big Ten,Big Ten
401721369,2025-01-20,Penn State Nittany Lions,Rutgers Scarlet Knights,77.8,84.4,162.2,73.8,78.2,152.0,152,8,72.0,5.0,7.0,False,False,False,,,,,0.0,,,,,0.0,10.213968509412432,9.720039823352574,0.4939286860598582,,,,,,,,,,Big Ten,Big Ten
401721372,2025-01-21,Purdue Boilermakers,Ohio State Buckeyes,77.0,59.0,136.0,72.4,70.8,143.2,143,-3,69.0,3.0,4.0,False,False,False,,,,,0.0,,,,,0.0,18.93258727393362,13.881446041273204,5.051141232660417,,,,,,,,,,Big Ten,Big Ten
401721371,2025-01-21,Oregon Ducks,Washington Huskies,74.6,81.0,155.6,68.6,80.4,149.0,153,11,66.0,3.0,6.0,False,False,False,,,,,0.0,,,,,0.0,14.596831796008162,5.191095219476611,9.405736576531552,,,,,,,,,,Big Ten,Big Ten
401721373,2025-01-21,UCLA Bruins,Wisconsin Badgers,71.2,76.8,148.0,78.2,77.0,155.2,168,2,77.0,4.0,3.0,False,False,False,,,,,0.0,,,,,0.0,17.221933449702984,14.787408366676976,2.434525083026008,,,,,,,,,,Big Ten,Big Ten
401721376,2025-01-23,Illinois Fighting Illini,Maryland Terrapins,83.2,72.0,155.2,77.4,75.2,152.6,161,-21,73.0,4.0,10.0,False,False,False,,,,,0.0,,,,,0.0,14.692714987512222,12.695141455510884,1.997573532001338,,,,,,,,,,Big Ten,Big Ten
401721378,2025-01-24,Purdue Boilermakers,Michigan Wolverines,75.2,61.4,136.6,87.0,73.6,160.6,155,27,77.0,3.0,5.0,False,False,False,,,,,0.0,,,,,0.0,18.93258727393362,15.336992047065849,3.595595226867772,,,,,,,,,,Big Ten,Big Ten
401721381,2025-01-25,Rutgers Scarlet Knights,Michigan State Spartans,72.8,78.4,151.2,81.0,69.4,150.4,155,-7,67.0,5.0,6.0,False,False,False,,,,,0.0,,,,,0.0,9.720039823352574,17.585471382736248,-7.865431559383674,,,,,,,,,,Big Ten,Big Ten
401721380,2025-01-25,Minnesota Golden Gophers,Oregon Ducks,76.0,85.2,161.2,75.6,73.4,149.0,146,8,82.0,9.0,4.0,False,False,False,,,,,0.0,,,,,0.0,7.085228313976824,14.596831796008162,-7.511603482031338,,,,,,,,,,Big Ten,Big Ten
401721382,2025-01-26,Illinois Fighting Illini,Northwestern Wildcats,81.0,74.8,155.8,66.6,75.6,142.2,157,9,64.0,3.0,7.0,False,False,False,,,,,0.0,,,,,0.0,14.692714987512222,7.211198018538384,7.481516968973838,,,,,,,,,,Big Ten,Big Ten
401721384,2025-01-26,Wisconsin Badgers,Nebraska Cornhuskers,80.0,76.4,156.4,74.2,71.8,146.0,138,28,68.0,5.0,14.0,False,False,False,,,,,0.0,,,,,0.0,14.787408366676976,5.893400049870473,8.894008316806502,,,,,,,,,,Big Ten,Big Ten
401721388,2025-01-28,Michigan State Spartans,Minnesota Golden Gophers,83.4,71.8,155.2,72.0,78.0,150.0,124,22,52.0,3.0,3.0,False,False,False,,,,,0.0,,,,,0.0,17.585471382736248,7.085228313976824,10.500243068759424,,,,,,,,,,Big Ten,Big Ten
401721389,2025-01-29,Maryland Terrapins,Wisconsin Badgers,80.8,73.6,154.4,80.6,70.2,150.8,144,8,63.0,6.0,3.0,False,False,False,,,,,0.0,,,,,0.0,12.695141455510884,14.787408366676976,-2.0922669111660923,,,,,,,,,,Big Ten,Big Ten
401721393,2025-01-30,UCLA Bruins,Oregon Ducks,76.6,80.2,156.8,72.8,73.0,145.8,130,26,66.0,9.0,5.0,False,False,False,,,,,0.0,,,,,0.0,17.221933449702984,14.596831796008162,2.6251016536948217,,,,,,,,,,Big Ten,Big Ten
401721391,2025-01-30,Nebraska Cornhuskers,Illinois Fighting Illini,70.4,75.8,146.2,79.4,79.2,158.6,154,6,71.0,4.0,4.0,False,False,False,,,,,0.0,,,,,0.0,5.893400049870473,14.692714987512222,-8.79931493764175,,,,,,,,,,Big Ten,Big Ten
401721394,2025-01-31,Purdue Boilermakers,Indiana Hoosiers,79.8,64.2,144.0,77.0,79.0,156.0,157,5,78.0,7.0,14.0,False,False,False,,,,,0.0,,,,,0.0,18.93258727393362,11.724820526235712,7.207766747697908,,,,,,,,,,Big Ten,Big Ten
401721398,2025-02-01,USC Trojans,Michigan State Spartans,67.6,71.8,139.4,80.4,71.2,151.6,134,6,67.0,14.0,4.0,False,False,False,,,,,0.0,,,,,0.0,10.115580145627325,17.585471382736248,-7.469891237108923,,,,,,,,,,Big Ten,Big Ten
401721396,2025-02-01,Northwestern Wildcats,Wisconsin Badgers,69.8,77.2,147.0,77.6,70.6,148.2,144,-6,56.0,6.0,3.0,False,False,False,,,,,0.0,,,,,0.0,7.211198018538384,14.787408366676976,-7.576210348138592,,,,,,,,,,Big Ten,Big Ten
401721400,2025-02-02,Oregon Ducks,Nebraska Cornhuskers,68.6,74.4,143.0,69.4,77.0,146.4,148,-6,62.0,3.0,3.0,False,False,False,,,,,0.0,,,,,0.0,14.596831796008162,5.893400049870473,8.703431746137689,,,,,,,,,,Big Ten,Big Ten
401721399,2025-02-02,Illinois Fighting Illini,Ohio State Buckeyes,79.8,78.8,158.6,70.0,71.8,141.8,166,8,78.0,3.0,12.0,False,False,False,,,,,0.0,,,,,0.0,14.692714987512222,13.881446041273204,0.8112689462390179,,,,,,,,,,Big Ten,Big Ten
401721401,2025-02-04,Iowa Hawkeyes,Purdue Boilermakers,76.8,87.4,164.2,75.2,65.8,141.0,171,-9,72.0,18.0,4.0,False,False,False,,,,,0.0,,,,,0.0,13.699476648217637,18.93258727393362,-5.233110625715986,,,,,,,,,,Big Ten,Big Ten
401721404,2025-02-04,UCLA Bruins,Michigan State Spartans,77.2,71.8,149.0,77.6,71.6,149.2,124,2,63.0,5.0,3.0,False,False,False,,,,,0.0,,,,,0.0,17.221933449702984,17.585471382736248,-0.363537933033264,,,,,,,,,,Big Ten,Big Ten
401721405,2025-02-04,Wisconsin Badgers,Indiana Hoosiers,78.6,70.8,149.4,74.4,80.6,155.0,140,12,68.0,3.0,4.0,False,False,False,,,,,0.0,,,,,0.0,14.787408366676976,11.724820526235712,3.062587840441264,,,,,,,,,,Big Ten,Big Ten
401721407,2025-02-05,Rutgers Scarlet Knights,Illinois Fighting Illini,69.6,75.6,145.2,78.4,80.8,159.2,155,9,66.0,11.0,3.0,False,False,False,,,,,0.0,,,,,0.0,9.720039823352574,14.692714987512222,-4.972675164159648,,,,,,,,,,Big Ten,Big Ten
401721406,2025-02-05,Michigan Wolverines,Oregon Ducks,82.0,80.2,162.2,66.4,73.6,140.0,156,4,77.0,12.0,3.0,False,False,False,,,,,0.0,,,,,0.0,15.336992047065849,14.596831796008162,0.7401602510576861,,,,,,,,,,Big Ten,Big Ten
401721409,2025-02-06,Ohio State Buckeyes,Maryland Terrapins,73.4,75.4,148.8,80.4,70.6,151.0,143,3,73.0,4.0,8.0,False,False,False,,,,,0.0,,,,,0.0,13.881446041273204,12.695141455510884,1.1863045857623202,,,,,,,,,,Big Ten,Big Ten
401721410,2025-02-07,Purdue Boilermakers,USC Trojans,79.4,70.4,149.8,66.0,71.6,137.6,162,18,84.0,3.0,6.0,False,False,False,,,,,0.0,,,,,0.0,18.93258727393362,10.115580145627325,8.817007128306296,,,,,,,,,,Big Ten,Big Ten
401721413,2025-02-08,Michigan State Spartans,Oregon Ducks,71.8,67.2,139.0,70.0,76.6,146.6,160,12,86.0,4.0,3.0,False,False,False,,,,,0.0,,,,,0.0,17.585471382736248,14.596831796008162,2.9886395867280857,,,,,,,,,,Big Ten,Big Ten
401721412,2025-02-08,Iowa Hawkeyes,Wisconsin Badgers,75.4,88.2,163.6,77.0,69.8,146.8,137,-11,76.0,4.0,4.0,False,False,False,,,,,0.0,,,,,0.0,13.699476648217637,14.787408366676976,-1.0879317184593411,,,,,,,,,,Big Ten,Big Ten
401721414,2025-02-08,Minnesota Golden Gophers,Illinois Fighting Illini,68.8,76.2,145.0,77.4,81.2,158.6,169,-21,81.0,11.0,3.0,False,False,False,,,,,0.0,,,,,0.0,7.085228313976824,14.692714987512222,-7.607486673535398,,,,,,,,,,Big Ten,Big Ten
401721411,2025-02-08,Indiana Hoosiers,Michigan Wolverines,70.8,82.4,153.2,79.2,80.4,159.6,137,-3,70.0,4.0,3.0,False,False,False,,,,,0.0,,,,,0.0,11.724820526235712,15.336992047065849,-3.612171520830136,,,,,,,,,,Big Ten,Big Ten
401721417,2025-02-09,Maryland Terrapins,Rutgers Scarlet Knights,78.6,68.6,147.2,70.6,74.0,144.6,171,9,87.0,3.0,4.0,False,False,False,,,,,0.0,,,,,0.0,12.695141455510884,9.720039823352574,2.97510163215831,,,,,,,,,,Big Ten,Big Ten
401721420,2025-02-11,Michigan Wolverines,Purdue Boilermakers,75.0,78.8,153.8,84.4,73.2,157.6,148,2,72.0,3.0,4.0,False,False,False,,,,,0.0,,,,,0.0,15.336992047065849,18.93258727393362,-3.595595226867772,,,,,,,,,,Big Ten,Big Ten
401721421,2025-02-11,Michigan State Spartans,Indiana Hoosiers,73.0,66.4,139.4,70.6,79.4,150.0,138,-4,61.0,3.0,3.0,False,False,False,,,,,0.0,,,,,0.0,17.585471382736248,11.724820526235712,5.860650856500536,,,,,,,,,,Big Ten,Big Ten
401721426,2025-02-13,Nebraska Cornhuskers,Maryland Terrapins,69.2,78.0,147.2,80.8,72.6,153.4,158,-8,77.0,11.0,4.0,False,False,False,,,,,0.0,,,,,0.0,5.893400049870473,12.695141455510884,-6.801741405640411,,,,,,,,,,Big Ten,Big Ten
401721427,2025-02-14,Indiana Hoosiers,UCLA Bruins,71.0,74.0,145.0,77.6,68.2,145.8,140,-4,60.0,3.0,10.0,False,False,False,,,,,0.0,,,,,0.0,11.724820526235712,17.221933449702984,-5.497112923467272,,,,,,,,,,Big Ten,Big Ten
401721430,2025-02-15,Purdue Boilermakers,Wisconsin Badgers,85.0,73.6,158.6,75.2,65.4,140.6,178,-10,73.0,4.0,7.0,False,False,False,,,,,0.0,,,,,0.0,18.93258727393362,14.787408366676976,4.1451789072566445,,,,,,,,,,Big Ten,Big Ten
401721428,2025-02-15,Illinois Fighting Illini,Michigan State Spartans,82.4,77.8,160.2,70.2,65.8,136.0,144,-14,78.0,7.0,4.0,False,False,False,,,,,0.0,,,,,0.0,14.692714987512222,17.585471382736248,-2.8927563952240263,,,,,,,,,,Big Ten,Big Ten
401721434,2025-02-16,Ohio State Buckeyes,Michigan Wolverines,73.8,74.8,148.6,73.8,76.6,150.4,169,-3,83.0,10.0,5.0,False,False,False,,,,,0.0,,,,,0.0,13.881446041273204,15.336992047065849,-1.4555460057926446,,,,,,,,,,Big Ten,Big Ten
401721432,2025-02-16,Maryland Terrapins,Iowa Hawkeyes,82.0,73.4,155.4,71.0,84.0,155.0,176,26,98.0,3.0,8.0,False,False,False,,,,,0.0,,,,,0.0,12.695141455510884,13.699476648217637,-1.0043351927067512,,,,,,,,,,Big Ten,Big Ten
401721438,2025-02-18,Wisconsin Badgers,Illinois Fighting Illini,77.4,71.2,148.6,78.8,78.8,157.6,169,21,88.0,3.0,3.0,False,False,False,,,,,0.0,,,,,0.0,14.787408366676976,14.692714987512222,0.0946933791647541,,,,,,,,,,Big Ten,Big Ten
401721436,2025-02-18,Michigan State Spartans,Purdue Boilermakers,71.4,68.6,140.0,83.6,79.6,163.2,141,9,64.0,3.0,3.0,False,False,False,,,,,0.0,,,,,0.0,17.585471382736248,18.93258727393362,-1.3471158911973724,,,,,,,,,,Big Ten,Big Ten
401721442,2025-02-20,Maryland Terrapins,USC Trojans,84.0,74.4,158.4,70.6,75.6,146.2,159,17,64.0,4.0,13.0,False,False,False,,,,,0.0,,,,,0.0,12.695141455510884,10.115580145627325,2.579561309883559,,,,,,,,,,Big Ten,Big Ten
401721444,2025-02-21,Michigan Wolverines,Michigan State Spartans,75.0,78.0,153.0,73.6,67.8,141.4,137,-13,72.0,5.0,3.0,False,False,False,,,,,0.0,,,,,0.0,15.336992047065849,17.585471382736248,-2.2484793356704,,,,,,,,,,Big Ten,Big Ten
401721447,2025-02-22,Wisconsin Badgers,Oregon Ducks,82.8,70.8,153.6,68.4,79.6,148.0,150,-4,64.0,4.0,14.0,False,False,False,,,,,0.0,,,,,0.0,14.787408366676976,14.596831796008162,0.1905765706688136,,,,,,,,,,Big Ten,Big Ten
401721448,2025-02-23,Indiana Hoosiers,Purdue Boilermakers,69.2,73.2,142.4,80.6,79.4,160.0,131,15,62.0,9.0,5.0,False,False,False,,,,,0.0,,,,,0.0,11.724820526235712,18.93258727393362,-7.207766747697908,,,,,,,,,,Big Ten,Big Ten
401721451,2025-02-24,Nebraska Cornhuskers,Michigan Wolverines,71.0,83.0,154.0,74.6,74.8,149.4,95,-3,46.0,11.0,3.0,False,False,False,,,,,0.0,,,,,0.0,5.893400049870473,15.336992047065849,-9.443591997195377,,,,,,,,,,Big Ten,Big Ten
401721454,2025-02-25,Wisconsin Badgers,Washington Huskies,82.4,72.4,154.8,67.0,82.2,149.2,150,26,71.0,3.0,35.0,False,False,False,,,,,0.0,,,,,0.0,14.787408366676976,5.191095219476611,9.596313147200366,,,,,,,,,,Big Ten,Big Ten
401721456,2025-02-26,Maryland Terrapins,Michigan State Spartans,86.4,75.0,161.4,76.4,67.6,144.0,113,-3,44.0,6.0,5.0,False,False,False,,,,,0.0,,,,,0.0,12.695141455510884,17.585471382736248,-4.890329927225364,,,,,,,,,,Big Ten,Big Ten
401721458,2025-02-27,Michigan Wolverines,Rutgers Scarlet Knights,68.4,68.8,137.2,76.8,78.4,155.2,166,2,106.0,3.0,18.0,False,False,False,,,,,0.0,,,,,0.0,15.336992047065849,9.720039823352574,5.616952223713275,,,,,,,,,,Big Ten,Big Ten
401721460,2025-02-28,Purdue Boilermakers,UCLA Bruins,74.2,77.8,152.0,78.4,66.8,145.2,142,10,72.0,5.0,14.0,False,False,False,,,,,0.0,,,,,0.0,18.93258727393362,17.221933449702984,1.7106538242306364,,,,,,,,,,Big Ten,Big Ten
401721463,2025-03-01,Penn State Nittany Lions,Maryland Terrapins,75.8,81.0,156.8,83.4,72.0,155.4,132,-4,66.0,40.0,3.0,False,False,False,,,,,0.0,,,,,0.0,10.213968509412432,12.695141455510884,-2.481172946098452,,,,,,,,,,Big Ten,Big Ten
401721466,2025-03-02,Michigan State Spartans,Wisconsin Badgers,70.8,63.8,134.6,84.8,72.0,156.8,133,9,66.0,4.0,5.0,False,False,False,,,,,0.0,,,,,0.0,17.585471382736248,14.787408366676976,2.798063016059272,,,,,,,,,,Big Ten,Big Ten
401721465,2025-03-02,Michigan Wolverines,Illinois Fighting Illini,71.2,71.8,143.0,74.8,88.0,162.8,166,-20,61.0,3.0,8.0,False,False,False,,,,,0.0,,,,,0.0,15.336992047065849,14.692714987512222,0.6442770595536267,,,,,,,,,,Big Ten,Big Ten
401721470,2025-03-04,Purdue Boilermakers,Rutgers Scarlet Knights,71.4,76.6,148.0,78.2,81.6,159.8,171,29,91.0,4.0,5.0,False,False,False,,,,,0.0,,,,,0.0,18.93258727393362,9.720039823352574,9.212547450581049,,,,,,,,,,Big Ten,Big Ten
401721472,2025-03-05,Minnesota Golden Gophers,Wisconsin Badgers,71.4,79.0,150.4,82.4,73.6,156.0,141,-7,60.0,25.0,3.0,False,False,False,,,,,0.0,,,,,0.0,7.085228313976824,14.787408366676976,-7.702180052700152,,,,,,,,,,Big Ten,Big Ten
401721471,2025-03-05,Michigan Wolverines,Maryland Terrapins,70.8,75.8,146.6,79.0,68.6,147.6,136,-6,55.0,3.0,4.0,False,False,False,,,,,0.0,,,,,0.0,15.336992047065849,12.695141455510884,2.641850591554965,,,,,,,,,,Big Ten,Big Ten
401721474,2025-03-06,Iowa Hawkeyes,Michigan State Spartans,73.8,89.6,163.4,71.6,62.0,133.6,175,-7,67.0,18.0,4.0,False,False,False,,,,,0.0,,,,,0.0,13.699476648217637,17.585471382736248,-3.885994734518613,,,,,,,,,,Big Ten,Big Ten
401721475,2025-03-07,Illinois Fighting Illini,Purdue Boilermakers,78.8,86.2,165.0,76.8,75.8,152.6,168,8,82.0,5.0,3.0,False,False,False,,,,,0.0,,,,,0.0,14.692714987512222,18.93258727393362,-4.239872286421399,,,,,,,,,,Big Ten,Big Ten
401721479,2025-03-08,Wisconsin Badgers,Penn State Nittany Lions,78.4,70.2,148.6,72.4,80.6,153.0,161,-11,75.0,3.0,7.0,False,False,False,,,,,0.0,,,,,0.0,14.787408366676976,10.213968509412432,4.573439857264544,,,,,,,,,,Big Ten,Big Ten
401721477,2025-03-08,Maryland Terrapins,Northwestern Wildcats,76.6,66.6,143.2,69.6,79.0,148.6,135,13,61.0,3.0,35.0,False,False,False,,,,,0.0,,,,,0.0,12.695141455510884,7.211198018538384,5.4839434369725,,,,,,,,,,Big Ten,Big Ten
401721480,2025-03-09,Michigan State Spartans,Michigan Wolverines,74.0,65.8,139.8,66.6,73.4,140.0,141,17,78.0,3.0,4.0,False,False,False,,,,,0.0,,,,,0.0,17.585471382736248,15.336992047065849,2.2484793356704,,,,,,,,,,Big Ten,Big Ten
401743897,2025-03-13,Wisconsin Badgers,Northwestern Wildcats,74.4,72.6,147.0,69.6,78.0,147.6,133,7,67.0,5.0,5.0,False,False,True,,,,,0.0,,,,,0.0,14.787408366676976,7.211198018538384,7.576210348138592,,,,,,,,,,Big Ten,Big Ten
401743919,2025-03-13,Purdue Boilermakers,USC Trojans,76.0,74.6,150.6,72.8,79.6,152.4,147,5,70.0,6.0,21.0,False,False,True,,,,,0.0,,,,,0.0,18.93258727393362,10.115580145627325,8.817007128306296,,,,,,,,,,Big Ten,Big Ten
401743896,2025-03-13,Oregon Ducks,Indiana Hoosiers,70.0,78.8,148.8,68.6,68.6,137.2,131,13,66.0,19.0,18.0,False,False,True,,,,,0.0,,,,,0.0,14.596831796008162,11.724820526235712,2.8720112697724502,,,,,,,,,,Big Ten,Big Ten
401743918,2025-03-13,Illinois Fighting Illini,Iowa Hawkeyes,77.4,87.4,164.8,74.6,90.0,164.6,200,12,94.0,6.0,7.0,False,False,True,,,,,0.0,,,,,0.0,14.692714987512222,13.699476648217637,0.9932383392945868,,,,,,,,,,Big Ten,Big Ten
401743916,2025-03-14,Michigan State Spartans,Oregon Ducks,74.8,65.0,139.8,74.0,75.0,149.0,138,10,74.0,5.0,1.0,False,True,True,,,,,0.0,,,,,0.0,17.585471382736248,14.596831796008162,2.9886395867280857,,,,,,,,,,Big Ten,Big Ten
401743938,2025-03-14,Maryland Terrapins,Illinois Fighting Illini,71.2,63.8,135.0,85.6,90.4,176.0,153,23,88.0,6.0,1.0,False,True,True,,,,,0.0,,,,,0.0,12.695141455510884,14.692714987512222,-1.997573532001338,,,,,,,,,,Big Ten,Big Ten
401743917,2025-03-14,UCLA Bruins,Wisconsin Badgers,72.8,68.0,140.8,73.8,69.8,143.6,156,-16,77.0,14.0,1.0,False,True,True,,,,,0.0,,,,,0.0,17.221933449702984,14.787408366676976,2.434525083026008,,,,,,,,,,Big Ten,Big Ten
401743939,2025-03-14,Michigan Wolverines,Purdue Boilermakers,66.6,74.2,140.8,78.0,73.8,151.8,154,18,76.0,5.0,1.0,False,True,True,,,,,0.0,,,,,0.0,15.336992047065849,18.93258727393362,-3.595595226867772,,,,,,,,,,Big Ten,Big Ten
401743940,2025-03-15,Michigan State Spartans,Wisconsin Badgers,74.6,65.4,140.0,73.4,71.4,144.8,151,-3,70.0,1.0,1.0,True,True,True,,,,,0.0,,,,,0.0,17.585471382736248,14.787408366676976,2.798063016059272,,,,,,,,,,Big Ten,Big Ten
401743941,2025-03-15,Maryland Terrapins,Michigan Wolverines,71.2,62.6,133.8,74.0,78.6,152.6,161,-1,72.0,1.0,1.0,True,True,True,,,,,0.0,,,,,0.0,12.695141455510884,15.336992047065849,-2.641850591554965,,,,,,,,,,Big Ten,Big Ten
401743942,2025-03-16,Michigan Wolverines,Wisconsin Badgers,73.4,78.2,151.6,76.4,72.0,148.4,112,6,44.0,1.0,1.0,True,True,True,,,,,0.0,,,,,0.0,15.336992047065849,14.787408366676976,0.5495836803888725,,,,,,,,,,Big Ten,Big Ten
