game_id,season,date_game,home_team,away_team,home_score,away_score,home_score_1h,away_score_1h,home_score_2h,away_score_2h,neutral_site,venue,start_time,source,start_time_local,start_tz_abbr,start_time_iso,display_date,start_time_local_venue,start_tz_abbr_venue,pair_key,event_id,book,market,period,commence_time,last_update,home_team_name,away_team_name,moneyline_home,moneyline_away,home_spread,home_spread_price,away_spread,away_spread_price,total,over_price,under_price,date_line,_day_diff,partial_pair,pred_total_full,pred_margin_full,pred_total_1h,pred_total_2h,pred_margin_1h,pred_margin_2h,pred_total,pred_margin
401806364,2025.0,2025-12-02,Duke Blue Devils,Florida Gators,0.0,0.0,,,,,False,Cameron Indoor Stadium,2025-12-03 00:30:00+00:00,,2025-12-02 19:30,EST,2025-12-03T00:30:00Z,2025-12-02,,,dukebluedevils::floridagators,1a031bf763af34275188966b897a0480,BetMGM,h2h,2h,2025-12-03 00:30:00+00:00,2025-12-02 23:34:07+00:00,Duke Blue Devils,Florida Gators,-475.0,360.0,,,,,,,,2025-12-03,1.0,False,101.95466842651368,3.0065540313720702,77.230835,80.32593,2.9558723,-1.947253,80.32593,-1.947253
401806364,2025.0,2025-12-02,Duke Blue Devils,Florida Gators,0.0,0.0,,,,,False,Cameron Indoor Stadium,2025-12-03 00:30:00+00:00,,2025-12-02 19:30,EST,2025-12-03T00:30:00Z,2025-12-02,,,dukebluedevils::floridagators,1a031bf763af34275188966b897a0480,BetMGM,spreads,full_game,2025-12-03 00:30:00+00:00,2025-12-02 23:34:07+00:00,Duke Blue Devils,Florida Gators,,,-9.5,-110.0,9.5,-110.0,,,,2025-12-03,1.0,False,101.95466842651368,3.0065540313720702,77.230835,80.32593,2.9558723,-1.947253,101.95466842651368,3.0065540313720702
401806364,2025.0,2025-12-02,Duke Blue Devils,Florida Gators,0.0,0.0,,,,,False,Cameron Indoor Stadium,2025-12-03 00:30:00+00:00,,2025-12-02 19:30,EST,2025-12-03T00:30:00Z,2025-12-02,,,dukebluedevils::floridagators,1a031bf763af34275188966b897a0480,BetMGM,totals,full_game,2025-12-03 00:30:00+00:00,2025-12-02 23:34:07+00:00,Duke Blue Devils,Florida Gators,,,,,,,157.5,-105.0,-115.0,2025-12-03,1.0,False,101.95466842651368,3.0065540313720702,77.230835,80.32593,2.9558723,-1.947253,101.95466842651368,3.0065540313720702
401806364,2025.0,2025-12-02,Duke Blue Devils,Florida Gators,0.0,0.0,,,,,False,Cameron Indoor Stadium,2025-12-03 00:30:00+00:00,,2025-12-02 19:30,EST,2025-12-03T00:30:00Z,2025-12-02,,,dukebluedevils::floridagators,1a031bf763af34275188966b897a0480,BetOnline.ag,h2h,2h,2025-12-03 00:30:00+00:00,2025-12-02 23:34:36+00:00,Duke Blue Devils,Florida Gators,-465.0,361.0,,,,,,,,2025-12-03,1.0,False,101.95466842651368,3.0065540313720702,77.230835,80.32593,2.9558723,-1.947253,80.32593,-1.947253
401806364,2025.0,2025-12-02,Duke Blue Devils,Florida Gators,0.0,0.0,,,,,False,Cameron Indoor Stadium,2025-12-03 00:30:00+00:00,,2025-12-02 19:30,EST,2025-12-03T00:30:00Z,2025-12-02,,,dukebluedevils::floridagators,1a031bf763af34275188966b897a0480,BetOnline.ag,spreads,full_game,2025-12-03 00:30:00+00:00,2025-12-02 23:34:36+00:00,Duke Blue Devils,Florida Gators,,,-9.5,-110.0,9.5,-110.0,,,,2025-12-03,1.0,False,101.95466842651368,3.0065540313720702,77.230835,80.32593,2.9558723,-1.947253,101.95466842651368,3.0065540313720702
401806364,2025.0,2025-12-02,Duke Blue Devils,Florida Gators,0.0,0.0,,,,,False,Cameron Indoor Stadium,2025-12-03 00:30:00+00:00,,2025-12-02 19:30,EST,2025-12-03T00:30:00Z,2025-12-02,,,dukebluedevils::floridagators,1a031bf763af34275188966b897a0480,BetOnline.ag,totals,full_game,2025-12-03 00:30:00+00:00,2025-12-02 23:34:36+00:00,Duke Blue Devils,Florida Gators,,,,,,,157.0,-110.0,-110.0,2025-12-03,1.0,False,101.95466842651368,3.0065540313720702,77.230835,80.32593,2.9558723,-1.947253,101.95466842651368,3.0065540313720702
401806364,2025.0,2025-12-02,Duke Blue Devils,Florida Gators,0.0,0.0,,,,,False,Cameron Indoor Stadium,2025-12-03 00:30:00+00:00,,2025-12-02 19:30,EST,2025-12-03T00:30:00Z,2025-12-02,,,dukebluedevils::floridagators,1a031bf763af34275188966b897a0480,BetRivers,h2h,2h,2025-12-03 00:30:00+00:00,2025-12-01 21:50:59+00:00,Duke Blue Devils,Florida Gators,-455.0,310.0,,,,,,,,2025-12-03,1.0,False,101.95466842651368,3.0065540313720702,77.230835,80.32593,2.9558723,-1.947253,80.32593,-1.947253
401806364,2025.0,2025-12-02,Duke Blue Devils,Florida Gators,0.0,0.0,,,,,False,Cameron Indoor Stadium,2025-12-03 00:30:00+00:00,,2025-12-02 19:30,EST,2025-12-03T00:30:00Z,2025-12-02,,,dukebluedevils::floridagators,1a031bf763af34275188966b897a0480,BetRivers,spreads,full_game,2025-12-03 00:30:00+00:00,2025-12-02 23:34:22+00:00,Duke Blue Devils,Florida Gators,,,-9.0,-114.0,9.0,-108.0,,,,2025-12-03,1.0,False,101.95466842651368,3.0065540313720702,77.230835,80.32593,2.9558723,-1.947253,101.95466842651368,3.0065540313720702
401806364,2025.0,2025-12-02,Duke Blue Devils,Florida Gators,0.0,0.0,,,,,False,Cameron Indoor Stadium,2025-12-03 00:30:00+00:00,,2025-12-02 19:30,EST,2025-12-03T00:30:00Z,2025-12-02,,,dukebluedevils::floridagators,1a031bf763af34275188966b897a0480,BetRivers,totals,full_game,2025-12-03 00:30:00+00:00,2025-12-02 23:34:22+00:00,Duke Blue Devils,Florida Gators,,,,,,,156.0,-110.0,-113.0,2025-12-03,1.0,False,101.95466842651368,3.0065540313720702,77.230835,80.32593,2.9558723,-1.947253,101.95466842651368,3.0065540313720702
401806364,2025.0,2025-12-02,Duke Blue Devils,Florida Gators,0.0,0.0,,,,,False,Cameron Indoor Stadium,2025-12-03 00:30:00+00:00,,2025-12-02 19:30,EST,2025-12-03T00:30:00Z,2025-12-02,,,dukebluedevils::floridagators,1a031bf763af34275188966b897a0480,BetUS,h2h,2h,2025-12-03 00:30:00+00:00,2025-12-02 23:34:07+00:00,Duke Blue Devils,Florida Gators,-475.0,375.0,,,,,,,,2025-12-03,1.0,False,101.95466842651368,3.0065540313720702,77.230835,80.32593,2.9558723,-1.947253,80.32593,-1.947253
401806364,2025.0,2025-12-02,Duke Blue Devils,Florida Gators,0.0,0.0,,,,,False,Cameron Indoor Stadium,2025-12-03 00:30:00+00:00,,2025-12-02 19:30,EST,2025-12-03T00:30:00Z,2025-12-02,,,dukebluedevils::floridagators,1a031bf763af34275188966b897a0480,BetUS,spreads,full_game,2025-12-03 00:30:00+00:00,2025-12-02 23:34:07+00:00,Duke Blue Devils,Florida Gators,,,-9.5,-110.0,9.5,-110.0,,,,2025-12-03,1.0,False,101.95466842651368,3.0065540313720702,77.230835,80.32593,2.9558723,-1.947253,101.95466842651368,3.0065540313720702
401806364,2025.0,2025-12-02,Duke Blue Devils,Florida Gators,0.0,0.0,,,,,False,Cameron Indoor Stadium,2025-12-03 00:30:00+00:00,,2025-12-02 19:30,EST,2025-12-03T00:30:00Z,2025-12-02,,,dukebluedevils::floridagators,1a031bf763af34275188966b897a0480,BetUS,totals,full_game,2025-12-03 00:30:00+00:00,2025-12-02 23:34:07+00:00,Duke Blue Devils,Florida Gators,,,,,,,157.5,-110.0,-110.0,2025-12-03,1.0,False,101.95466842651368,3.0065540313720702,77.230835,80.32593,2.9558723,-1.947253,101.95466842651368,3.0065540313720702
401806364,2025.0,2025-12-02,Duke Blue Devils,Florida Gators,0.0,0.0,,,,,False,Cameron Indoor Stadium,2025-12-03 00:30:00+00:00,,2025-12-02 19:30,EST,2025-12-03T00:30:00Z,2025-12-02,,,dukebluedevils::floridagators,1a031bf763af34275188966b897a0480,Bovada,h2h,2h,2025-12-03 00:30:00+00:00,2025-12-02 23:34:11+00:00,Duke Blue Devils,Florida Gators,-480.0,350.0,,,,,,,,2025-12-03,1.0,False,101.95466842651368,3.0065540313720702,77.230835,80.32593,2.9558723,-1.947253,80.32593,-1.947253
401806364,2025.0,2025-12-02,Duke Blue Devils,Florida Gators,0.0,0.0,,,,,False,Cameron Indoor Stadium,2025-12-03 00:30:00+00:00,,2025-12-02 19:30,EST,2025-12-03T00:30:00Z,2025-12-02,,,dukebluedevils::floridagators,1a031bf763af34275188966b897a0480,Bovada,spreads,full_game,2025-12-03 00:30:00+00:00,2025-12-02 23:34:11+00:00,Duke Blue Devils,Florida Gators,,,-9.0,-115.0,9.0,-105.0,,,,2025-12-03,1.0,False,101.95466842651368,3.0065540313720702,77.230835,80.32593,2.9558723,-1.947253,101.95466842651368,3.0065540313720702
401806364,2025.0,2025-12-02,Duke Blue Devils,Florida Gators,0.0,0.0,,,,,False,Cameron Indoor Stadium,2025-12-03 00:30:00+00:00,,2025-12-02 19:30,EST,2025-12-03T00:30:00Z,2025-12-02,,,dukebluedevils::floridagators,1a031bf763af34275188966b897a0480,Bovada,totals,full_game,2025-12-03 00:30:00+00:00,2025-12-02 23:34:11+00:00,Duke Blue Devils,Florida Gators,,,,,,,157.0,-105.0,-115.0,2025-12-03,1.0,False,101.95466842651368,3.0065540313720702,77.230835,80.32593,2.9558723,-1.947253,101.95466842651368,3.0065540313720702
401806364,2025.0,2025-12-02,Duke Blue Devils,Florida Gators,0.0,0.0,,,,,False,Cameron Indoor Stadium,2025-12-03 00:30:00+00:00,,2025-12-02 19:30,EST,2025-12-03T00:30:00Z,2025-12-02,,,dukebluedevils::floridagators,1a031bf763af34275188966b897a0480,Caesars,h2h,2h,2025-12-03 00:30:00+00:00,2025-12-02 23:33:06+00:00,Duke Blue Devils,Florida Gators,-480.0,360.0,,,,,,,,2025-12-03,1.0,False,101.95466842651368,3.0065540313720702,77.230835,80.32593,2.9558723,-1.947253,80.32593,-1.947253
401806364,2025.0,2025-12-02,Duke Blue Devils,Florida Gators,0.0,0.0,,,,,False,Cameron Indoor Stadium,2025-12-03 00:30:00+00:00,,2025-12-02 19:30,EST,2025-12-03T00:30:00Z,2025-12-02,,,dukebluedevils::floridagators,1a031bf763af34275188966b897a0480,Caesars,spreads,full_game,2025-12-03 00:30:00+00:00,2025-12-02 23:33:06+00:00,Duke Blue Devils,Florida Gators,,,-9.0,-110.0,9.0,-110.0,,,,2025-12-03,1.0,False,101.95466842651368,3.0065540313720702,77.230835,80.32593,2.9558723,-1.947253,101.95466842651368,3.0065540313720702
401806364,2025.0,2025-12-02,Duke Blue Devils,Florida Gators,0.0,0.0,,,,,False,Cameron Indoor Stadium,2025-12-03 00:30:00+00:00,,2025-12-02 19:30,EST,2025-12-03T00:30:00Z,2025-12-02,,,dukebluedevils::floridagators,1a031bf763af34275188966b897a0480,Caesars,totals,full_game,2025-12-03 00:30:00+00:00,2025-12-02 23:33:06+00:00,Duke Blue Devils,Florida Gators,,,,,,,157.0,-110.0,-110.0,2025-12-03,1.0,False,101.95466842651368,3.0065540313720702,77.230835,80.32593,2.9558723,-1.947253,101.95466842651368,3.0065540313720702
401806364,2025.0,2025-12-02,Duke Blue Devils,Florida Gators,0.0,0.0,,,,,False,Cameron Indoor Stadium,2025-12-03 00:30:00+00:00,,2025-12-02 19:30,EST,2025-12-03T00:30:00Z,2025-12-02,,,dukebluedevils::floridagators,1a031bf763af34275188966b897a0480,DraftKings,h2h,2h,2025-12-03 00:30:00+00:00,2025-12-02 23:34:22+00:00,Duke Blue Devils,Florida Gators,-470.0,360.0,,,,,,,,2025-12-03,1.0,False,101.95466842651368,3.0065540313720702,77.230835,80.32593,2.9558723,-1.947253,80.32593,-1.947253
401806364,2025.0,2025-12-02,Duke Blue Devils,Florida Gators,0.0,0.0,,,,,False,Cameron Indoor Stadium,2025-12-03 00:30:00+00:00,,2025-12-02 19:30,EST,2025-12-03T00:30:00Z,2025-12-02,,,dukebluedevils::floridagators,1a031bf763af34275188966b897a0480,DraftKings,spreads,full_game,2025-12-03 00:30:00+00:00,2025-12-02 23:34:22+00:00,Duke Blue Devils,Florida Gators,,,-9.5,-105.0,9.5,-115.0,,,,2025-12-03,1.0,False,101.95466842651368,3.0065540313720702,77.230835,80.32593,2.9558723,-1.947253,101.95466842651368,3.0065540313720702
401806364,2025.0,2025-12-02,Duke Blue Devils,Florida Gators,0.0,0.0,,,,,False,Cameron Indoor Stadium,2025-12-03 00:30:00+00:00,,2025-12-02 19:30,EST,2025-12-03T00:30:00Z,2025-12-02,,,dukebluedevils::floridagators,1a031bf763af34275188966b897a0480,DraftKings,totals,full_game,2025-12-03 00:30:00+00:00,2025-12-02 23:34:22+00:00,Duke Blue Devils,Florida Gators,,,,,,,157.5,-105.0,-115.0,2025-12-03,1.0,False,101.95466842651368,3.0065540313720702,77.230835,80.32593,2.9558723,-1.947253,101.95466842651368,3.0065540313720702
401806364,2025.0,2025-12-02,Duke Blue Devils,Florida Gators,0.0,0.0,,,,,False,Cameron Indoor Stadium,2025-12-03 00:30:00+00:00,,2025-12-02 19:30,EST,2025-12-03T00:30:00Z,2025-12-02,,,dukebluedevils::floridagators,1a031bf763af34275188966b897a0480,FanDuel,h2h,2h,2025-12-03 00:30:00+00:00,2025-12-02 23:33:54+00:00,Duke Blue Devils,Florida Gators,-465.0,350.0,,,,,,,,2025-12-03,1.0,False,101.95466842651368,3.0065540313720702,77.230835,80.32593,2.9558723,-1.947253,80.32593,-1.947253
401806364,2025.0,2025-12-02,Duke Blue Devils,Florida Gators,0.0,0.0,,,,,False,Cameron Indoor Stadium,2025-12-03 00:30:00+00:00,,2025-12-02 19:30,EST,2025-12-03T00:30:00Z,2025-12-02,,,dukebluedevils::floridagators,1a031bf763af34275188966b897a0480,FanDuel,spreads,full_game,2025-12-03 00:30:00+00:00,2025-12-02 23:33:54+00:00,Duke Blue Devils,Florida Gators,,,-8.5,-120.0,8.5,-102.0,,,,2025-12-03,1.0,False,101.95466842651368,3.0065540313720702,77.230835,80.32593,2.9558723,-1.947253,101.95466842651368,3.0065540313720702
401806364,2025.0,2025-12-02,Duke Blue Devils,Florida Gators,0.0,0.0,,,,,False,Cameron Indoor Stadium,2025-12-03 00:30:00+00:00,,2025-12-02 19:30,EST,2025-12-03T00:30:00Z,2025-12-02,,,dukebluedevils::floridagators,1a031bf763af34275188966b897a0480,FanDuel,totals,full_game,2025-12-03 00:30:00+00:00,2025-12-02 23:33:54+00:00,Duke Blue Devils,Florida Gators,,,,,,,156.5,-110.0,-110.0,2025-12-03,1.0,False,101.95466842651368,3.0065540313720702,77.230835,80.32593,2.9558723,-1.947253,101.95466842651368,3.0065540313720702
401806364,2025.0,2025-12-02,Duke Blue Devils,Florida Gators,0.0,0.0,,,,,False,Cameron Indoor Stadium,2025-12-03 00:30:00+00:00,,2025-12-02 19:30,EST,2025-12-03T00:30:00Z,2025-12-02,,,dukebluedevils::floridagators,1a031bf763af34275188966b897a0480,Fanatics,h2h,2h,2025-12-03 00:30:00+00:00,2025-12-02 23:34:00+00:00,Duke Blue Devils,Florida Gators,-450.0,350.0,,,,,,,,2025-12-03,1.0,False,101.95466842651368,3.0065540313720702,77.230835,80.32593,2.9558723,-1.947253,80.32593,-1.947253
401806364,2025.0,2025-12-02,Duke Blue Devils,Florida Gators,0.0,0.0,,,,,False,Cameron Indoor Stadium,2025-12-03 00:30:00+00:00,,2025-12-02 19:30,EST,2025-12-03T00:30:00Z,2025-12-02,,,dukebluedevils::floridagators,1a031bf763af34275188966b897a0480,Fanatics,spreads,full_game,2025-12-03 00:30:00+00:00,2025-12-02 23:34:00+00:00,Duke Blue Devils,Florida Gators,,,-9.0,-110.0,9.0,-110.0,,,,2025-12-03,1.0,False,101.95466842651368,3.0065540313720702,77.230835,80.32593,2.9558723,-1.947253,101.95466842651368,3.0065540313720702
401806364,2025.0,2025-12-02,Duke Blue Devils,Florida Gators,0.0,0.0,,,,,False,Cameron Indoor Stadium,2025-12-03 00:30:00+00:00,,2025-12-02 19:30,EST,2025-12-03T00:30:00Z,2025-12-02,,,dukebluedevils::floridagators,1a031bf763af34275188966b897a0480,Fanatics,totals,full_game,2025-12-03 00:30:00+00:00,2025-12-02 23:34:00+00:00,Duke Blue Devils,Florida Gators,,,,,,,157.0,-110.0,-110.0,2025-12-03,1.0,False,101.95466842651368,3.0065540313720702,77.230835,80.32593,2.9558723,-1.947253,101.95466842651368,3.0065540313720702
401806364,2025.0,2025-12-02,Duke Blue Devils,Florida Gators,0.0,0.0,,,,,False,Cameron Indoor Stadium,2025-12-03 00:30:00+00:00,,2025-12-02 19:30,EST,2025-12-03T00:30:00Z,2025-12-02,,,dukebluedevils::floridagators,1a031bf763af34275188966b897a0480,LowVig.ag,h2h,2h,2025-12-03 00:30:00+00:00,2025-12-02 23:34:20+00:00,Duke Blue Devils,Florida Gators,-465.0,361.0,,,,,,,,2025-12-03,1.0,False,101.95466842651368,3.0065540313720702,77.230835,80.32593,2.9558723,-1.947253,80.32593,-1.947253
401806364,2025.0,2025-12-02,Duke Blue Devils,Florida Gators,0.0,0.0,,,,,False,Cameron Indoor Stadium,2025-12-03 00:30:00+00:00,,2025-12-02 19:30,EST,2025-12-03T00:30:00Z,2025-12-02,,,dukebluedevils::floridagators,1a031bf763af34275188966b897a0480,LowVig.ag,spreads,full_game,2025-12-03 00:30:00+00:00,2025-12-02 23:34:20+00:00,Duke Blue Devils,Florida Gators,,,-9.5,-106.0,9.5,-106.0,,,,2025-12-03,1.0,False,101.95466842651368,3.0065540313720702,77.230835,80.32593,2.9558723,-1.947253,101.95466842651368,3.0065540313720702
401806364,2025.0,2025-12-02,Duke Blue Devils,Florida Gators,0.0,0.0,,,,,False,Cameron Indoor Stadium,2025-12-03 00:30:00+00:00,,2025-12-02 19:30,EST,2025-12-03T00:30:00Z,2025-12-02,,,dukebluedevils::floridagators,1a031bf763af34275188966b897a0480,LowVig.ag,totals,full_game,2025-12-03 00:30:00+00:00,2025-12-02 23:34:20+00:00,Duke Blue Devils,Florida Gators,,,,,,,157.0,-108.0,-108.0,2025-12-03,1.0,False,101.95466842651368,3.0065540313720702,77.230835,80.32593,2.9558723,-1.947253,101.95466842651368,3.0065540313720702
401806365,2025.0,2025-12-02,Kentucky Wildcats,North Carolina Tar Heels,0.0,0.0,,,,,False,Rupp Arena,2025-12-03 02:30:00+00:00,,2025-12-02 21:30,EST,2025-12-03T02:30:00Z,2025-12-02,,,kentucky::northcarolina,b38e864dadb4ad986aa5532e9bef6cfe,BetMGM,h2h,2h,2025-12-03 02:30:00+00:00,2025-12-02 23:34:07+00:00,Kentucky Wildcats,North Carolina Tar Heels,-295.0,230.0,,,,,,,,2025-12-03,1.0,False,157.709716796875,-7.593774318695068,76.552505,79.74745,-0.78640914,-5.904852,79.74745,-5.904852
401806365,2025.0,2025-12-02,Kentucky Wildcats,North Carolina Tar Heels,0.0,0.0,,,,,False,Rupp Arena,2025-12-03 02:30:00+00:00,,2025-12-02 21:30,EST,2025-12-03T02:30:00Z,2025-12-02,,,kentucky::northcarolina,b38e864dadb4ad986aa5532e9bef6cfe,BetMGM,spreads,full_game,2025-12-03 02:30:00+00:00,2025-12-02 23:34:07+00:00,Kentucky Wildcats,North Carolina Tar Heels,,,-6.5,-115.0,6.5,-105.0,,,,2025-12-03,1.0,False,157.709716796875,-7.593774318695068,76.552505,79.74745,-0.78640914,-5.904852,157.709716796875,-7.593774318695068
401806365,2025.0,2025-12-02,Kentucky Wildcats,North Carolina Tar Heels,0.0,0.0,,,,,False,Rupp Arena,2025-12-03 02:30:00+00:00,,2025-12-02 21:30,EST,2025-12-03T02:30:00Z,2025-12-02,,,kentucky::northcarolina,b38e864dadb4ad986aa5532e9bef6cfe,BetMGM,totals,full_game,2025-12-03 02:30:00+00:00,2025-12-02 23:34:07+00:00,Kentucky Wildcats,North Carolina Tar Heels,,,,,,,163.5,-115.0,-105.0,2025-12-03,1.0,False,157.709716796875,-7.593774318695068,76.552505,79.74745,-0.78640914,-5.904852,157.709716796875,-7.593774318695068
401806365,2025.0,2025-12-02,Kentucky Wildcats,North Carolina Tar Heels,0.0,0.0,,,,,False,Rupp Arena,2025-12-03 02:30:00+00:00,,2025-12-02 21:30,EST,2025-12-03T02:30:00Z,2025-12-02,,,kentucky::northcarolina,b38e864dadb4ad986aa5532e9bef6cfe,BetOnline.ag,h2h,2h,2025-12-03 02:30:00+00:00,2025-12-02 23:34:37+00:00,Kentucky Wildcats,North Carolina Tar Heels,-290.0,237.0,,,,,,,,2025-12-03,1.0,False,157.709716796875,-7.593774318695068,76.552505,79.74745,-0.78640914,-5.904852,79.74745,-5.904852
401806365,2025.0,2025-12-02,Kentucky Wildcats,North Carolina Tar Heels,0.0,0.0,,,,,False,Rupp Arena,2025-12-03 02:30:00+00:00,,2025-12-02 21:30,EST,2025-12-03T02:30:00Z,2025-12-02,,,kentucky::northcarolina,b38e864dadb4ad986aa5532e9bef6cfe,BetOnline.ag,spreads,full_game,2025-12-03 02:30:00+00:00,2025-12-02 23:34:37+00:00,Kentucky Wildcats,North Carolina Tar Heels,,,-7.0,-110.0,7.0,-110.0,,,,2025-12-03,1.0,False,157.709716796875,-7.593774318695068,76.552505,79.74745,-0.78640914,-5.904852,157.709716796875,-7.593774318695068
401806365,2025.0,2025-12-02,Kentucky Wildcats,North Carolina Tar Heels,0.0,0.0,,,,,False,Rupp Arena,2025-12-03 02:30:00+00:00,,2025-12-02 21:30,EST,2025-12-03T02:30:00Z,2025-12-02,,,kentucky::northcarolina,b38e864dadb4ad986aa5532e9bef6cfe,BetOnline.ag,totals,full_game,2025-12-03 02:30:00+00:00,2025-12-02 23:34:37+00:00,Kentucky Wildcats,North Carolina Tar Heels,,,,,,,164.0,-110.0,-110.0,2025-12-03,1.0,False,157.709716796875,-7.593774318695068,76.552505,79.74745,-0.78640914,-5.904852,157.709716796875,-7.593774318695068
401806365,2025.0,2025-12-02,Kentucky Wildcats,North Carolina Tar Heels,0.0,0.0,,,,,False,Rupp Arena,2025-12-03 02:30:00+00:00,,2025-12-02 21:30,EST,2025-12-03T02:30:00Z,2025-12-02,,,kentucky::northcarolina,b38e864dadb4ad986aa5532e9bef6cfe,BetRivers,h2h,2h,2025-12-03 02:30:00+00:00,2025-12-02 23:34:22+00:00,Kentucky Wildcats,North Carolina Tar Heels,-275.0,200.0,,,,,,,,2025-12-03,1.0,False,157.709716796875,-7.593774318695068,76.552505,79.74745,-0.78640914,-5.904852,79.74745,-5.904852
401806365,2025.0,2025-12-02,Kentucky Wildcats,North Carolina Tar Heels,0.0,0.0,,,,,False,Rupp Arena,2025-12-03 02:30:00+00:00,,2025-12-02 21:30,EST,2025-12-03T02:30:00Z,2025-12-02,,,kentucky::northcarolina,b38e864dadb4ad986aa5532e9bef6cfe,BetRivers,spreads,full_game,2025-12-03 02:30:00+00:00,2025-12-02 23:34:22+00:00,Kentucky Wildcats,North Carolina Tar Heels,,,-6.5,-107.0,6.5,-115.0,,,,2025-12-03,1.0,False,157.709716796875,-7.593774318695068,76.552505,79.74745,-0.78640914,-5.904852,157.709716796875,-7.593774318695068
401806365,2025.0,2025-12-02,Kentucky Wildcats,North Carolina Tar Heels,0.0,0.0,,,,,False,Rupp Arena,2025-12-03 02:30:00+00:00,,2025-12-02 21:30,EST,2025-12-03T02:30:00Z,2025-12-02,,,kentucky::northcarolina,b38e864dadb4ad986aa5532e9bef6cfe,BetRivers,totals,full_game,2025-12-03 02:30:00+00:00,2025-12-02 23:34:22+00:00,Kentucky Wildcats,North Carolina Tar Heels,,,,,,,163.0,-113.0,-110.0,2025-12-03,1.0,False,157.709716796875,-7.593774318695068,76.552505,79.74745,-0.78640914,-5.904852,157.709716796875,-7.593774318695068
401806365,2025.0,2025-12-02,Kentucky Wildcats,North Carolina Tar Heels,0.0,0.0,,,,,False,Rupp Arena,2025-12-03 02:30:00+00:00,,2025-12-02 21:30,EST,2025-12-03T02:30:00Z,2025-12-02,,,kentucky::northcarolina,b38e864dadb4ad986aa5532e9bef6cfe,BetUS,h2h,2h,2025-12-03 02:30:00+00:00,2025-12-02 23:34:07+00:00,Kentucky Wildcats,North Carolina Tar Heels,-300.0,250.0,,,,,,,,2025-12-03,1.0,False,157.709716796875,-7.593774318695068,76.552505,79.74745,-0.78640914,-5.904852,79.74745,-5.904852
401806365,2025.0,2025-12-02,Kentucky Wildcats,North Carolina Tar Heels,0.0,0.0,,,,,False,Rupp Arena,2025-12-03 02:30:00+00:00,,2025-12-02 21:30,EST,2025-12-03T02:30:00Z,2025-12-02,,,kentucky::northcarolina,b38e864dadb4ad986aa5532e9bef6cfe,BetUS,spreads,full_game,2025-12-03 02:30:00+00:00,2025-12-02 23:34:07+00:00,Kentucky Wildcats,North Carolina Tar Heels,,,-7.0,-105.0,7.0,-115.0,,,,2025-12-03,1.0,False,157.709716796875,-7.593774318695068,76.552505,79.74745,-0.78640914,-5.904852,157.709716796875,-7.593774318695068
401806365,2025.0,2025-12-02,Kentucky Wildcats,North Carolina Tar Heels,0.0,0.0,,,,,False,Rupp Arena,2025-12-03 02:30:00+00:00,,2025-12-02 21:30,EST,2025-12-03T02:30:00Z,2025-12-02,,,kentucky::northcarolina,b38e864dadb4ad986aa5532e9bef6cfe,BetUS,totals,full_game,2025-12-03 02:30:00+00:00,2025-12-02 23:34:07+00:00,Kentucky Wildcats,North Carolina Tar Heels,,,,,,,164.0,-110.0,-110.0,2025-12-03,1.0,False,157.709716796875,-7.593774318695068,76.552505,79.74745,-0.78640914,-5.904852,157.709716796875,-7.593774318695068
401806365,2025.0,2025-12-02,Kentucky Wildcats,North Carolina Tar Heels,0.0,0.0,,,,,False,Rupp Arena,2025-12-03 02:30:00+00:00,,2025-12-02 21:30,EST,2025-12-03T02:30:00Z,2025-12-02,,,kentucky::northcarolina,b38e864dadb4ad986aa5532e9bef6cfe,Bovada,h2h,2h,2025-12-03 02:30:00+00:00,2025-12-02 23:34:11+00:00,Kentucky Wildcats,North Carolina Tar Heels,-280.0,230.0,,,,,,,,2025-12-03,1.0,False,157.709716796875,-7.593774318695068,76.552505,79.74745,-0.78640914,-5.904852,79.74745,-5.904852
401806365,2025.0,2025-12-02,Kentucky Wildcats,North Carolina Tar Heels,0.0,0.0,,,,,False,Rupp Arena,2025-12-03 02:30:00+00:00,,2025-12-02 21:30,EST,2025-12-03T02:30:00Z,2025-12-02,,,kentucky::northcarolina,b38e864dadb4ad986aa5532e9bef6cfe,Bovada,spreads,full_game,2025-12-03 02:30:00+00:00,2025-12-02 23:34:11+00:00,Kentucky Wildcats,North Carolina Tar Heels,,,-6.5,-110.0,6.5,-110.0,,,,2025-12-03,1.0,False,157.709716796875,-7.593774318695068,76.552505,79.74745,-0.78640914,-5.904852,157.709716796875,-7.593774318695068
401806365,2025.0,2025-12-02,Kentucky Wildcats,North Carolina Tar Heels,0.0,0.0,,,,,False,Rupp Arena,2025-12-03 02:30:00+00:00,,2025-12-02 21:30,EST,2025-12-03T02:30:00Z,2025-12-02,,,kentucky::northcarolina,b38e864dadb4ad986aa5532e9bef6cfe,Bovada,totals,full_game,2025-12-03 02:30:00+00:00,2025-12-02 23:34:11+00:00,Kentucky Wildcats,North Carolina Tar Heels,,,,,,,164.0,-110.0,-110.0,2025-12-03,1.0,False,157.709716796875,-7.593774318695068,76.552505,79.74745,-0.78640914,-5.904852,157.709716796875,-7.593774318695068
401806365,2025.0,2025-12-02,Kentucky Wildcats,North Carolina Tar Heels,0.0,0.0,,,,,False,Rupp Arena,2025-12-03 02:30:00+00:00,,2025-12-02 21:30,EST,2025-12-03T02:30:00Z,2025-12-02,,,kentucky::northcarolina,b38e864dadb4ad986aa5532e9bef6cfe,Caesars,h2h,2h,2025-12-03 02:30:00+00:00,2025-12-02 23:33:07+00:00,Kentucky Wildcats,North Carolina Tar Heels,-305.0,240.0,,,,,,,,2025-12-03,1.0,False,157.709716796875,-7.593774318695068,76.552505,79.74745,-0.78640914,-5.904852,79.74745,-5.904852
401806365,2025.0,2025-12-02,Kentucky Wildcats,North Carolina Tar Heels,0.0,0.0,,,,,False,Rupp Arena,2025-12-03 02:30:00+00:00,,2025-12-02 21:30,EST,2025-12-03T02:30:00Z,2025-12-02,,,kentucky::northcarolina,b38e864dadb4ad986aa5532e9bef6cfe,Caesars,spreads,full_game,2025-12-03 02:30:00+00:00,2025-12-02 23:33:07+00:00,Kentucky Wildcats,North Carolina Tar Heels,,,-6.5,-110.0,6.5,-110.0,,,,2025-12-03,1.0,False,157.709716796875,-7.593774318695068,76.552505,79.74745,-0.78640914,-5.904852,157.709716796875,-7.593774318695068
401806365,2025.0,2025-12-02,Kentucky Wildcats,North Carolina Tar Heels,0.0,0.0,,,,,False,Rupp Arena,2025-12-03 02:30:00+00:00,,2025-12-02 21:30,EST,2025-12-03T02:30:00Z,2025-12-02,,,kentucky::northcarolina,b38e864dadb4ad986aa5532e9bef6cfe,Caesars,totals,full_game,2025-12-03 02:30:00+00:00,2025-12-02 23:33:07+00:00,Kentucky Wildcats,North Carolina Tar Heels,,,,,,,163.5,-110.0,-110.0,2025-12-03,1.0,False,157.709716796875,-7.593774318695068,76.552505,79.74745,-0.78640914,-5.904852,157.709716796875,-7.593774318695068
401806365,2025.0,2025-12-02,Kentucky Wildcats,North Carolina Tar Heels,0.0,0.0,,,,,False,Rupp Arena,2025-12-03 02:30:00+00:00,,2025-12-02 21:30,EST,2025-12-03T02:30:00Z,2025-12-02,,,kentucky::northcarolina,b38e864dadb4ad986aa5532e9bef6cfe,DraftKings,h2h,2h,2025-12-03 02:30:00+00:00,2025-12-02 23:34:22+00:00,Kentucky Wildcats,North Carolina Tar Heels,-290.0,235.0,,,,,,,,2025-12-03,1.0,False,157.709716796875,-7.593774318695068,76.552505,79.74745,-0.78640914,-5.904852,79.74745,-5.904852
401806365,2025.0,2025-12-02,Kentucky Wildcats,North Carolina Tar Heels,0.0,0.0,,,,,False,Rupp Arena,2025-12-03 02:30:00+00:00,,2025-12-02 21:30,EST,2025-12-03T02:30:00Z,2025-12-02,,,kentucky::northcarolina,b38e864dadb4ad986aa5532e9bef6cfe,DraftKings,spreads,full_game,2025-12-03 02:30:00+00:00,2025-12-02 23:34:22+00:00,Kentucky Wildcats,North Carolina Tar Heels,,,-6.5,-110.0,6.5,-110.0,,,,2025-12-03,1.0,False,157.709716796875,-7.593774318695068,76.552505,79.74745,-0.78640914,-5.904852,157.709716796875,-7.593774318695068
401806365,2025.0,2025-12-02,Kentucky Wildcats,North Carolina Tar Heels,0.0,0.0,,,,,False,Rupp Arena,2025-12-03 02:30:00+00:00,,2025-12-02 21:30,EST,2025-12-03T02:30:00Z,2025-12-02,,,kentucky::northcarolina,b38e864dadb4ad986aa5532e9bef6cfe,DraftKings,totals,full_game,2025-12-03 02:30:00+00:00,2025-12-02 23:34:22+00:00,Kentucky Wildcats,North Carolina Tar Heels,,,,,,,164.5,-105.0,-115.0,2025-12-03,1.0,False,157.709716796875,-7.593774318695068,76.552505,79.74745,-0.78640914,-5.904852,157.709716796875,-7.593774318695068
401806365,2025.0,2025-12-02,Kentucky Wildcats,North Carolina Tar Heels,0.0,0.0,,,,,False,Rupp Arena,2025-12-03 02:30:00+00:00,,2025-12-02 21:30,EST,2025-12-03T02:30:00Z,2025-12-02,,,kentucky::northcarolina,b38e864dadb4ad986aa5532e9bef6cfe,FanDuel,h2h,2h,2025-12-03 02:30:00+00:00,2025-12-02 23:33:54+00:00,Kentucky Wildcats,North Carolina Tar Heels,-310.0,245.0,,,,,,,,2025-12-03,1.0,False,157.709716796875,-7.593774318695068,76.552505,79.74745,-0.78640914,-5.904852,79.74745,-5.904852
401806365,2025.0,2025-12-02,Kentucky Wildcats,North Carolina Tar Heels,0.0,0.0,,,,,False,Rupp Arena,2025-12-03 02:30:00+00:00,,2025-12-02 21:30,EST,2025-12-03T02:30:00Z,2025-12-02,,,kentucky::northcarolina,b38e864dadb4ad986aa5532e9bef6cfe,FanDuel,spreads,full_game,2025-12-03 02:30:00+00:00,2025-12-02 23:33:54+00:00,Kentucky Wildcats,North Carolina Tar Heels,,,-6.5,-110.0,6.5,-110.0,,,,2025-12-03,1.0,False,157.709716796875,-7.593774318695068,76.552505,79.74745,-0.78640914,-5.904852,157.709716796875,-7.593774318695068
401806365,2025.0,2025-12-02,Kentucky Wildcats,North Carolina Tar Heels,0.0,0.0,,,,,False,Rupp Arena,2025-12-03 02:30:00+00:00,,2025-12-02 21:30,EST,2025-12-03T02:30:00Z,2025-12-02,,,kentucky::northcarolina,b38e864dadb4ad986aa5532e9bef6cfe,FanDuel,totals,full_game,2025-12-03 02:30:00+00:00,2025-12-02 23:33:54+00:00,Kentucky Wildcats,North Carolina Tar Heels,,,,,,,162.5,-114.0,-106.0,2025-12-03,1.0,False,157.709716796875,-7.593774318695068,76.552505,79.74745,-0.78640914,-5.904852,157.709716796875,-7.593774318695068
401806365,2025.0,2025-12-02,Kentucky Wildcats,North Carolina Tar Heels,0.0,0.0,,,,,False,Rupp Arena,2025-12-03 02:30:00+00:00,,2025-12-02 21:30,EST,2025-12-03T02:30:00Z,2025-12-02,,,kentucky::northcarolina,b38e864dadb4ad986aa5532e9bef6cfe,Fanatics,h2h,2h,2025-12-03 02:30:00+00:00,2025-12-02 23:34:00+00:00,Kentucky Wildcats,North Carolina Tar Heels,-285.0,230.0,,,,,,,,2025-12-03,1.0,False,157.709716796875,-7.593774318695068,76.552505,79.74745,-0.78640914,-5.904852,79.74745,-5.904852
401806365,2025.0,2025-12-02,Kentucky Wildcats,North Carolina Tar Heels,0.0,0.0,,,,,False,Rupp Arena,2025-12-03 02:30:00+00:00,,2025-12-02 21:30,EST,2025-12-03T02:30:00Z,2025-12-02,,,kentucky::northcarolina,b38e864dadb4ad986aa5532e9bef6cfe,Fanatics,spreads,full_game,2025-12-03 02:30:00+00:00,2025-12-02 23:34:00+00:00,Kentucky Wildcats,North Carolina Tar Heels,,,-6.5,-110.0,6.5,-110.0,,,,2025-12-03,1.0,False,157.709716796875,-7.593774318695068,76.552505,79.74745,-0.78640914,-5.904852,157.709716796875,-7.593774318695068
401806365,2025.0,2025-12-02,Kentucky Wildcats,North Carolina Tar Heels,0.0,0.0,,,,,False,Rupp Arena,2025-12-03 02:30:00+00:00,,2025-12-02 21:30,EST,2025-12-03T02:30:00Z,2025-12-02,,,kentucky::northcarolina,b38e864dadb4ad986aa5532e9bef6cfe,Fanatics,totals,full_game,2025-12-03 02:30:00+00:00,2025-12-02 23:34:00+00:00,Kentucky Wildcats,North Carolina Tar Heels,,,,,,,164.0,-110.0,-110.0,2025-12-03,1.0,False,157.709716796875,-7.593774318695068,76.552505,79.74745,-0.78640914,-5.904852,157.709716796875,-7.593774318695068
401806365,2025.0,2025-12-02,Kentucky Wildcats,North Carolina Tar Heels,0.0,0.0,,,,,False,Rupp Arena,2025-12-03 02:30:00+00:00,,2025-12-02 21:30,EST,2025-12-03T02:30:00Z,2025-12-02,,,kentucky::northcarolina,b38e864dadb4ad986aa5532e9bef6cfe,LowVig.ag,h2h,2h,2025-12-03 02:30:00+00:00,2025-12-02 23:34:20+00:00,Kentucky Wildcats,North Carolina Tar Heels,-290.0,237.0,,,,,,,,2025-12-03,1.0,False,157.709716796875,-7.593774318695068,76.552505,79.74745,-0.78640914,-5.904852,79.74745,-5.904852
401806365,2025.0,2025-12-02,Kentucky Wildcats,North Carolina Tar Heels,0.0,0.0,,,,,False,Rupp Arena,2025-12-03 02:30:00+00:00,,2025-12-02 21:30,EST,2025-12-03T02:30:00Z,2025-12-02,,,kentucky::northcarolina,b38e864dadb4ad986aa5532e9bef6cfe,LowVig.ag,spreads,full_game,2025-12-03 02:30:00+00:00,2025-12-02 23:34:20+00:00,Kentucky Wildcats,North Carolina Tar Heels,,,-7.0,-106.0,7.0,-106.0,,,,2025-12-03,1.0,False,157.709716796875,-7.593774318695068,76.552505,79.74745,-0.78640914,-5.904852,157.709716796875,-7.593774318695068
401806365,2025.0,2025-12-02,Kentucky Wildcats,North Carolina Tar Heels,0.0,0.0,,,,,False,Rupp Arena,2025-12-03 02:30:00+00:00,,2025-12-02 21:30,EST,2025-12-03T02:30:00Z,2025-12-02,,,kentucky::northcarolina,b38e864dadb4ad986aa5532e9bef6cfe,LowVig.ag,totals,full_game,2025-12-03 02:30:00+00:00,2025-12-02 23:34:20+00:00,Kentucky Wildcats,North Carolina Tar Heels,,,,,,,164.0,-108.0,-108.0,2025-12-03,1.0,False,157.709716796875,-7.593774318695068,76.552505,79.74745,-0.78640914,-5.904852,157.709716796875,-7.593774318695068
401806366,2025.0,2025-12-02,Syracuse Orange,Tennessee Volunteers,0.0,0.0,,,,,False,JMA Wireless Dome,2025-12-03 00:00:00+00:00,,2025-12-02 19:00,EST,2025-12-03T00:00:00Z,2025-12-02,,,syracuse::tennessee,f74e19b64c49725dfda8dc3c752ac0de,BetMGM,h2h,2h,2025-12-03 00:00:00+00:00,2025-12-02 23:34:07+00:00,Syracuse Orange,Tennessee Volunteers,280.0,-350.0,,,,,,,,2025-12-03,1.0,False,152.55494689941406,-26.18563270568848,74.26948,78.03683,-10.035591,-15.099392,78.03683,-15.099392
401806366,2025.0,2025-12-02,Syracuse Orange,Tennessee Volunteers,0.0,0.0,,,,,False,JMA Wireless Dome,2025-12-03 00:00:00+00:00,,2025-12-02 19:00,EST,2025-12-03T00:00:00Z,2025-12-02,,,syracuse::tennessee,f74e19b64c49725dfda8dc3c752ac0de,BetMGM,spreads,full_game,2025-12-03 00:00:00+00:00,2025-12-02 23:34:07+00:00,Syracuse Orange,Tennessee Volunteers,,,7.5,-105.0,-7.5,-115.0,,,,2025-12-03,1.0,False,152.55494689941406,-26.18563270568848,74.26948,78.03683,-10.035591,-15.099392,152.55494689941406,-26.18563270568848
401806366,2025.0,2025-12-02,Syracuse Orange,Tennessee Volunteers,0.0,0.0,,,,,False,JMA Wireless Dome,2025-12-03 00:00:00+00:00,,2025-12-02 19:00,EST,2025-12-03T00:00:00Z,2025-12-02,,,syracuse::tennessee,f74e19b64c49725dfda8dc3c752ac0de,BetMGM,totals,full_game,2025-12-03 00:00:00+00:00,2025-12-02 23:34:07+00:00,Syracuse Orange,Tennessee Volunteers,,,,,,,147.5,-110.0,-110.0,2025-12-03,1.0,False,152.55494689941406,-26.18563270568848,74.26948,78.03683,-10.035591,-15.099392,152.55494689941406,-26.18563270568848
401806366,2025.0,2025-12-02,Syracuse Orange,Tennessee Volunteers,0.0,0.0,,,,,False,JMA Wireless Dome,2025-12-03 00:00:00+00:00,,2025-12-02 19:00,EST,2025-12-03T00:00:00Z,2025-12-02,,,syracuse::tennessee,f74e19b64c49725dfda8dc3c752ac0de,BetOnline.ag,h2h,2h,2025-12-03 00:00:00+00:00,2025-12-02 23:34:36+00:00,Syracuse Orange,Tennessee Volunteers,296.0,-370.0,,,,,,,,2025-12-03,1.0,False,152.55494689941406,-26.18563270568848,74.26948,78.03683,-10.035591,-15.099392,78.03683,-15.099392
401806366,2025.0,2025-12-02,Syracuse Orange,Tennessee Volunteers,0.0,0.0,,,,,False,JMA Wireless Dome,2025-12-03 00:00:00+00:00,,2025-12-02 19:00,EST,2025-12-03T00:00:00Z,2025-12-02,,,syracuse::tennessee,f74e19b64c49725dfda8dc3c752ac0de,BetOnline.ag,spreads,full_game,2025-12-03 00:00:00+00:00,2025-12-02 23:34:36+00:00,Syracuse Orange,Tennessee Volunteers,,,8.0,-110.0,-8.0,-110.0,,,,2025-12-03,1.0,False,152.55494689941406,-26.18563270568848,74.26948,78.03683,-10.035591,-15.099392,152.55494689941406,-26.18563270568848
401806366,2025.0,2025-12-02,Syracuse Orange,Tennessee Volunteers,0.0,0.0,,,,,False,JMA Wireless Dome,2025-12-03 00:00:00+00:00,,2025-12-02 19:00,EST,2025-12-03T00:00:00Z,2025-12-02,,,syracuse::tennessee,f74e19b64c49725dfda8dc3c752ac0de,BetOnline.ag,totals,full_game,2025-12-03 00:00:00+00:00,2025-12-02 23:34:36+00:00,Syracuse Orange,Tennessee Volunteers,,,,,,,147.0,-112.0,-108.0,2025-12-03,1.0,False,152.55494689941406,-26.18563270568848,74.26948,78.03683,-10.035591,-15.099392,152.55494689941406,-26.18563270568848
401806366,2025.0,2025-12-02,Syracuse Orange,Tennessee Volunteers,0.0,0.0,,,,,False,JMA Wireless Dome,2025-12-03 00:00:00+00:00,,2025-12-02 19:00,EST,2025-12-03T00:00:00Z,2025-12-02,,,syracuse::tennessee,f74e19b64c49725dfda8dc3c752ac0de,BetRivers,h2h,2h,2025-12-03 00:00:00+00:00,2025-12-02 23:34:22+00:00,Syracuse Orange,Tennessee Volunteers,245.0,-335.0,,,,,,,,2025-12-03,1.0,False,152.55494689941406,-26.18563270568848,74.26948,78.03683,-10.035591,-15.099392,78.03683,-15.099392
401806366,2025.0,2025-12-02,Syracuse Orange,Tennessee Volunteers,0.0,0.0,,,,,False,JMA Wireless Dome,2025-12-03 00:00:00+00:00,,2025-12-02 19:00,EST,2025-12-03T00:00:00Z,2025-12-02,,,syracuse::tennessee,f74e19b64c49725dfda8dc3c752ac0de,BetRivers,spreads,full_game,2025-12-03 00:00:00+00:00,2025-12-02 23:34:22+00:00,Syracuse Orange,Tennessee Volunteers,,,8.0,-115.0,-8.0,-107.0,,,,2025-12-03,1.0,False,152.55494689941406,-26.18563270568848,74.26948,78.03683,-10.035591,-15.099392,152.55494689941406,-26.18563270568848
401806366,2025.0,2025-12-02,Syracuse Orange,Tennessee Volunteers,0.0,0.0,,,,,False,JMA Wireless Dome,2025-12-03 00:00:00+00:00,,2025-12-02 19:00,EST,2025-12-03T00:00:00Z,2025-12-02,,,syracuse::tennessee,f74e19b64c49725dfda8dc3c752ac0de,BetRivers,totals,full_game,2025-12-03 00:00:00+00:00,2025-12-02 23:34:22+00:00,Syracuse Orange,Tennessee Volunteers,,,,,,,146.0,-113.0,-110.0,2025-12-03,1.0,False,152.55494689941406,-26.18563270568848,74.26948,78.03683,-10.035591,-15.099392,152.55494689941406,-26.18563270568848
401806366,2025.0,2025-12-02,Syracuse Orange,Tennessee Volunteers,0.0,0.0,,,,,False,JMA Wireless Dome,2025-12-03 00:00:00+00:00,,2025-12-02 19:00,EST,2025-12-03T00:00:00Z,2025-12-02,,,syracuse::tennessee,f74e19b64c49725dfda8dc3c752ac0de,BetUS,h2h,2h,2025-12-03 00:00:00+00:00,2025-12-02 23:34:06+00:00,Syracuse Orange,Tennessee Volunteers,308.0,-385.0,,,,,,,,2025-12-03,1.0,False,152.55494689941406,-26.18563270568848,74.26948,78.03683,-10.035591,-15.099392,78.03683,-15.099392
401806366,2025.0,2025-12-02,Syracuse Orange,Tennessee Volunteers,0.0,0.0,,,,,False,JMA Wireless Dome,2025-12-03 00:00:00+00:00,,2025-12-02 19:00,EST,2025-12-03T00:00:00Z,2025-12-02,,,syracuse::tennessee,f74e19b64c49725dfda8dc3c752ac0de,BetUS,spreads,full_game,2025-12-03 00:00:00+00:00,2025-12-02 23:34:06+00:00,Syracuse Orange,Tennessee Volunteers,,,8.0,-110.0,-8.0,-110.0,,,,2025-12-03,1.0,False,152.55494689941406,-26.18563270568848,74.26948,78.03683,-10.035591,-15.099392,152.55494689941406,-26.18563270568848
401806366,2025.0,2025-12-02,Syracuse Orange,Tennessee Volunteers,0.0,0.0,,,,,False,JMA Wireless Dome,2025-12-03 00:00:00+00:00,,2025-12-02 19:00,EST,2025-12-03T00:00:00Z,2025-12-02,,,syracuse::tennessee,f74e19b64c49725dfda8dc3c752ac0de,BetUS,totals,full_game,2025-12-03 00:00:00+00:00,2025-12-02 23:34:06+00:00,Syracuse Orange,Tennessee Volunteers,,,,,,,147.0,-110.0,-110.0,2025-12-03,1.0,False,152.55494689941406,-26.18563270568848,74.26948,78.03683,-10.035591,-15.099392,152.55494689941406,-26.18563270568848
401806366,2025.0,2025-12-02,Syracuse Orange,Tennessee Volunteers,0.0,0.0,,,,,False,JMA Wireless Dome,2025-12-03 00:00:00+00:00,,2025-12-02 19:00,EST,2025-12-03T00:00:00Z,2025-12-02,,,syracuse::tennessee,f74e19b64c49725dfda8dc3c752ac0de,Bovada,h2h,2h,2025-12-03 00:00:00+00:00,2025-12-02 23:34:11+00:00,Syracuse Orange,Tennessee Volunteers,290.0,-380.0,,,,,,,,2025-12-03,1.0,False,152.55494689941406,-26.18563270568848,74.26948,78.03683,-10.035591,-15.099392,78.03683,-15.099392
401806366,2025.0,2025-12-02,Syracuse Orange,Tennessee Volunteers,0.0,0.0,,,,,False,JMA Wireless Dome,2025-12-03 00:00:00+00:00,,2025-12-02 19:00,EST,2025-12-03T00:00:00Z,2025-12-02,,,syracuse::tennessee,f74e19b64c49725dfda8dc3c752ac0de,Bovada,spreads,full_game,2025-12-03 00:00:00+00:00,2025-12-02 23:34:11+00:00,Syracuse Orange,Tennessee Volunteers,,,8.0,-110.0,-8.0,-110.0,,,,2025-12-03,1.0,False,152.55494689941406,-26.18563270568848,74.26948,78.03683,-10.035591,-15.099392,152.55494689941406,-26.18563270568848
401806366,2025.0,2025-12-02,Syracuse Orange,Tennessee Volunteers,0.0,0.0,,,,,False,JMA Wireless Dome,2025-12-03 00:00:00+00:00,,2025-12-02 19:00,EST,2025-12-03T00:00:00Z,2025-12-02,,,syracuse::tennessee,f74e19b64c49725dfda8dc3c752ac0de,Bovada,totals,full_game,2025-12-03 00:00:00+00:00,2025-12-02 23:34:11+00:00,Syracuse Orange,Tennessee Volunteers,,,,,,,147.0,-110.0,-110.0,2025-12-03,1.0,False,152.55494689941406,-26.18563270568848,74.26948,78.03683,-10.035591,-15.099392,152.55494689941406,-26.18563270568848
401806366,2025.0,2025-12-02,Syracuse Orange,Tennessee Volunteers,0.0,0.0,,,,,False,JMA Wireless Dome,2025-12-03 00:00:00+00:00,,2025-12-02 19:00,EST,2025-12-03T00:00:00Z,2025-12-02,,,syracuse::tennessee,f74e19b64c49725dfda8dc3c752ac0de,Caesars,h2h,2h,2025-12-03 00:00:00+00:00,2025-12-02 23:33:06+00:00,Syracuse Orange,Tennessee Volunteers,328.0,-430.0,,,,,,,,2025-12-03,1.0,False,152.55494689941406,-26.18563270568848,74.26948,78.03683,-10.035591,-15.099392,78.03683,-15.099392
401806366,2025.0,2025-12-02,Syracuse Orange,Tennessee Volunteers,0.0,0.0,,,,,False,JMA Wireless Dome,2025-12-03 00:00:00+00:00,,2025-12-02 19:00,EST,2025-12-03T00:00:00Z,2025-12-02,,,syracuse::tennessee,f74e19b64c49725dfda8dc3c752ac0de,Caesars,spreads,full_game,2025-12-03 00:00:00+00:00,2025-12-02 23:33:06+00:00,Syracuse Orange,Tennessee Volunteers,,,8.0,-110.0,-8.0,-110.0,,,,2025-12-03,1.0,False,152.55494689941406,-26.18563270568848,74.26948,78.03683,-10.035591,-15.099392,152.55494689941406,-26.18563270568848
401806366,2025.0,2025-12-02,Syracuse Orange,Tennessee Volunteers,0.0,0.0,,,,,False,JMA Wireless Dome,2025-12-03 00:00:00+00:00,,2025-12-02 19:00,EST,2025-12-03T00:00:00Z,2025-12-02,,,syracuse::tennessee,f74e19b64c49725dfda8dc3c752ac0de,Caesars,totals,full_game,2025-12-03 00:00:00+00:00,2025-12-02 23:33:06+00:00,Syracuse Orange,Tennessee Volunteers,,,,,,,147.0,-110.0,-110.0,2025-12-03,1.0,False,152.55494689941406,-26.18563270568848,74.26948,78.03683,-10.035591,-15.099392,152.55494689941406,-26.18563270568848
401806366,2025.0,2025-12-02,Syracuse Orange,Tennessee Volunteers,0.0,0.0,,,,,False,JMA Wireless Dome,2025-12-03 00:00:00+00:00,,2025-12-02 19:00,EST,2025-12-03T00:00:00Z,2025-12-02,,,syracuse::tennessee,f74e19b64c49725dfda8dc3c752ac0de,DraftKings,h2h,2h,2025-12-03 00:00:00+00:00,2025-12-02 23:34:22+00:00,Syracuse Orange,Tennessee Volunteers,295.0,-375.0,,,,,,,,2025-12-03,1.0,False,152.55494689941406,-26.18563270568848,74.26948,78.03683,-10.035591,-15.099392,78.03683,-15.099392
401806366,2025.0,2025-12-02,Syracuse Orange,Tennessee Volunteers,0.0,0.0,,,,,False,JMA Wireless Dome,2025-12-03 00:00:00+00:00,,2025-12-02 19:00,EST,2025-12-03T00:00:00Z,2025-12-02,,,syracuse::tennessee,f74e19b64c49725dfda8dc3c752ac0de,DraftKings,spreads,full_game,2025-12-03 00:00:00+00:00,2025-12-02 23:34:22+00:00,Syracuse Orange,Tennessee Volunteers,,,7.5,-110.0,-7.5,-110.0,,,,2025-12-03,1.0,False,152.55494689941406,-26.18563270568848,74.26948,78.03683,-10.035591,-15.099392,152.55494689941406,-26.18563270568848
401806366,2025.0,2025-12-02,Syracuse Orange,Tennessee Volunteers,0.0,0.0,,,,,False,JMA Wireless Dome,2025-12-03 00:00:00+00:00,,2025-12-02 19:00,EST,2025-12-03T00:00:00Z,2025-12-02,,,syracuse::tennessee,f74e19b64c49725dfda8dc3c752ac0de,DraftKings,totals,full_game,2025-12-03 00:00:00+00:00,2025-12-02 23:34:22+00:00,Syracuse Orange,Tennessee Volunteers,,,,,,,147.5,-108.0,-112.0,2025-12-03,1.0,False,152.55494689941406,-26.18563270568848,74.26948,78.03683,-10.035591,-15.099392,152.55494689941406,-26.18563270568848
401806366,2025.0,2025-12-02,Syracuse Orange,Tennessee Volunteers,0.0,0.0,,,,,False,JMA Wireless Dome,2025-12-03 00:00:00+00:00,,2025-12-02 19:00,EST,2025-12-03T00:00:00Z,2025-12-02,,,syracuse::tennessee,f74e19b64c49725dfda8dc3c752ac0de,FanDuel,h2h,2h,2025-12-03 00:00:00+00:00,2025-12-02 23:33:54+00:00,Syracuse Orange,Tennessee Volunteers,280.0,-360.0,,,,,,,,2025-12-03,1.0,False,152.55494689941406,-26.18563270568848,74.26948,78.03683,-10.035591,-15.099392,78.03683,-15.099392
401806366,2025.0,2025-12-02,Syracuse Orange,Tennessee Volunteers,0.0,0.0,,,,,False,JMA Wireless Dome,2025-12-03 00:00:00+00:00,,2025-12-02 19:00,EST,2025-12-03T00:00:00Z,2025-12-02,,,syracuse::tennessee,f74e19b64c49725dfda8dc3c752ac0de,FanDuel,spreads,full_game,2025-12-03 00:00:00+00:00,2025-12-02 23:33:54+00:00,Syracuse Orange,Tennessee Volunteers,,,7.5,-105.0,-7.5,-115.0,,,,2025-12-03,1.0,False,152.55494689941406,-26.18563270568848,74.26948,78.03683,-10.035591,-15.099392,152.55494689941406,-26.18563270568848
401806366,2025.0,2025-12-02,Syracuse Orange,Tennessee Volunteers,0.0,0.0,,,,,False,JMA Wireless Dome,2025-12-03 00:00:00+00:00,,2025-12-02 19:00,EST,2025-12-03T00:00:00Z,2025-12-02,,,syracuse::tennessee,f74e19b64c49725dfda8dc3c752ac0de,FanDuel,totals,full_game,2025-12-03 00:00:00+00:00,2025-12-02 23:33:54+00:00,Syracuse Orange,Tennessee Volunteers,,,,,,,146.5,-114.0,-106.0,2025-12-03,1.0,False,152.55494689941406,-26.18563270568848,74.26948,78.03683,-10.035591,-15.099392,152.55494689941406,-26.18563270568848
401806366,2025.0,2025-12-02,Syracuse Orange,Tennessee Volunteers,0.0,0.0,,,,,False,JMA Wireless Dome,2025-12-03 00:00:00+00:00,,2025-12-02 19:00,EST,2025-12-03T00:00:00Z,2025-12-02,,,syracuse::tennessee,f74e19b64c49725dfda8dc3c752ac0de,Fanatics,h2h,2h,2025-12-03 00:00:00+00:00,2025-12-02 23:34:00+00:00,Syracuse Orange,Tennessee Volunteers,280.0,-350.0,,,,,,,,2025-12-03,1.0,False,152.55494689941406,-26.18563270568848,74.26948,78.03683,-10.035591,-15.099392,78.03683,-15.099392
401806366,2025.0,2025-12-02,Syracuse Orange,Tennessee Volunteers,0.0,0.0,,,,,False,JMA Wireless Dome,2025-12-03 00:00:00+00:00,,2025-12-02 19:00,EST,2025-12-03T00:00:00Z,2025-12-02,,,syracuse::tennessee,f74e19b64c49725dfda8dc3c752ac0de,Fanatics,spreads,full_game,2025-12-03 00:00:00+00:00,2025-12-02 23:34:00+00:00,Syracuse Orange,Tennessee Volunteers,,,8.0,-115.0,-8.0,-105.0,,,,2025-12-03,1.0,False,152.55494689941406,-26.18563270568848,74.26948,78.03683,-10.035591,-15.099392,152.55494689941406,-26.18563270568848
401806366,2025.0,2025-12-02,Syracuse Orange,Tennessee Volunteers,0.0,0.0,,,,,False,JMA Wireless Dome,2025-12-03 00:00:00+00:00,,2025-12-02 19:00,EST,2025-12-03T00:00:00Z,2025-12-02,,,syracuse::tennessee,f74e19b64c49725dfda8dc3c752ac0de,Fanatics,totals,full_game,2025-12-03 00:00:00+00:00,2025-12-02 23:34:00+00:00,Syracuse Orange,Tennessee Volunteers,,,,,,,147.0,-110.0,-110.0,2025-12-03,1.0,False,152.55494689941406,-26.18563270568848,74.26948,78.03683,-10.035591,-15.099392,152.55494689941406,-26.18563270568848
401806366,2025.0,2025-12-02,Syracuse Orange,Tennessee Volunteers,0.0,0.0,,,,,False,JMA Wireless Dome,2025-12-03 00:00:00+00:00,,2025-12-02 19:00,EST,2025-12-03T00:00:00Z,2025-12-02,,,syracuse::tennessee,f74e19b64c49725dfda8dc3c752ac0de,LowVig.ag,h2h,2h,2025-12-03 00:00:00+00:00,2025-12-02 23:34:20+00:00,Syracuse Orange,Tennessee Volunteers,296.0,-370.0,,,,,,,,2025-12-03,1.0,False,152.55494689941406,-26.18563270568848,74.26948,78.03683,-10.035591,-15.099392,78.03683,-15.099392
401806366,2025.0,2025-12-02,Syracuse Orange,Tennessee Volunteers,0.0,0.0,,,,,False,JMA Wireless Dome,2025-12-03 00:00:00+00:00,,2025-12-02 19:00,EST,2025-12-03T00:00:00Z,2025-12-02,,,syracuse::tennessee,f74e19b64c49725dfda8dc3c752ac0de,LowVig.ag,spreads,full_game,2025-12-03 00:00:00+00:00,2025-12-02 23:34:20+00:00,Syracuse Orange,Tennessee Volunteers,,,8.0,-106.0,-8.0,-106.0,,,,2025-12-03,1.0,False,152.55494689941406,-26.18563270568848,74.26948,78.03683,-10.035591,-15.099392,152.55494689941406,-26.18563270568848
401806366,2025.0,2025-12-02,Syracuse Orange,Tennessee Volunteers,0.0,0.0,,,,,False,JMA Wireless Dome,2025-12-03 00:00:00+00:00,,2025-12-02 19:00,EST,2025-12-03T00:00:00Z,2025-12-02,,,syracuse::tennessee,f74e19b64c49725dfda8dc3c752ac0de,LowVig.ag,totals,full_game,2025-12-03 00:00:00+00:00,2025-12-02 23:34:20+00:00,Syracuse Orange,Tennessee Volunteers,,,,,,,147.0,-110.0,-106.0,2025-12-03,1.0,False,152.55494689941406,-26.18563270568848,74.26948,78.03683,-10.035591,-15.099392,152.55494689941406,-26.18563270568848
401806367,2025.0,2025-12-02,Pittsburgh Panthers,Texas A&M Aggies,0.0,0.0,,,,,False,Petersen Events Center,2025-12-03 00:00:00+00:00,,2025-12-02 19:00,EST,2025-12-03T00:00:00Z,2025-12-02,,,pittsburgh::texasaandm,7a9a641d2e18d809c555b7a89b1b7a55,BetMGM,h2h,2h,2025-12-03 00:00:00+00:00,2025-12-02 23:34:07+00:00,Pittsburgh Panthers,Texas A&M Aggies,150.0,-185.0,,,,,,,,2025-12-03,1.0,False,147.84002685546875,-17.092683792114258,72.24712,77.31781,-6.955165,-9.344897,77.31781,-9.344897
401806367,2025.0,2025-12-02,Pittsburgh Panthers,Texas A&M Aggies,0.0,0.0,,,,,False,Petersen Events Center,2025-12-03 00:00:00+00:00,,2025-12-02 19:00,EST,2025-12-03T00:00:00Z,2025-12-02,,,pittsburgh::texasaandm,7a9a641d2e18d809c555b7a89b1b7a55,BetMGM,spreads,full_game,2025-12-03 00:00:00+00:00,2025-12-02 23:34:07+00:00,Pittsburgh Panthers,Texas A&M Aggies,,,3.5,-105.0,-3.5,-115.0,,,,2025-12-03,1.0,False,147.84002685546875,-17.092683792114258,72.24712,77.31781,-6.955165,-9.344897,147.84002685546875,-17.092683792114258
401806367,2025.0,2025-12-02,Pittsburgh Panthers,Texas A&M Aggies,0.0,0.0,,,,,False,Petersen Events Center,2025-12-03 00:00:00+00:00,,2025-12-02 19:00,EST,2025-12-03T00:00:00Z,2025-12-02,,,pittsburgh::texasaandm,7a9a641d2e18d809c555b7a89b1b7a55,BetMGM,totals,full_game,2025-12-03 00:00:00+00:00,2025-12-02 23:34:07+00:00,Pittsburgh Panthers,Texas A&M Aggies,,,,,,,151.5,-115.0,-105.0,2025-12-03,1.0,False,147.84002685546875,-17.092683792114258,72.24712,77.31781,-6.955165,-9.344897,147.84002685546875,-17.092683792114258
401806367,2025.0,2025-12-02,Pittsburgh Panthers,Texas A&M Aggies,0.0,0.0,,,,,False,Petersen Events Center,2025-12-03 00:00:00+00:00,,2025-12-02 19:00,EST,2025-12-03T00:00:00Z,2025-12-02,,,pittsburgh::texasaandm,7a9a641d2e18d809c555b7a89b1b7a55,BetOnline.ag,h2h,2h,2025-12-03 00:00:00+00:00,2025-12-02 23:34:36+00:00,Pittsburgh Panthers,Texas A&M Aggies,168.0,-193.0,,,,,,,,2025-12-03,1.0,False,147.84002685546875,-17.092683792114258,72.24712,77.31781,-6.955165,-9.344897,77.31781,-9.344897
401806367,2025.0,2025-12-02,Pittsburgh Panthers,Texas A&M Aggies,0.0,0.0,,,,,False,Petersen Events Center,2025-12-03 00:00:00+00:00,,2025-12-02 19:00,EST,2025-12-03T00:00:00Z,2025-12-02,,,pittsburgh::texasaandm,7a9a641d2e18d809c555b7a89b1b7a55,BetOnline.ag,spreads,full_game,2025-12-03 00:00:00+00:00,2025-12-02 23:34:36+00:00,Pittsburgh Panthers,Texas A&M Aggies,,,4.0,-105.0,-4.0,-115.0,,,,2025-12-03,1.0,False,147.84002685546875,-17.092683792114258,72.24712,77.31781,-6.955165,-9.344897,147.84002685546875,-17.092683792114258
401806367,2025.0,2025-12-02,Pittsburgh Panthers,Texas A&M Aggies,0.0,0.0,,,,,False,Petersen Events Center,2025-12-03 00:00:00+00:00,,2025-12-02 19:00,EST,2025-12-03T00:00:00Z,2025-12-02,,,pittsburgh::texasaandm,7a9a641d2e18d809c555b7a89b1b7a55,BetOnline.ag,totals,full_game,2025-12-03 00:00:00+00:00,2025-12-02 23:34:36+00:00,Pittsburgh Panthers,Texas A&M Aggies,,,,,,,151.0,-125.0,105.0,2025-12-03,1.0,False,147.84002685546875,-17.092683792114258,72.24712,77.31781,-6.955165,-9.344897,147.84002685546875,-17.092683792114258
401806367,2025.0,2025-12-02,Pittsburgh Panthers,Texas A&M Aggies,0.0,0.0,,,,,False,Petersen Events Center,2025-12-03 00:00:00+00:00,,2025-12-02 19:00,EST,2025-12-03T00:00:00Z,2025-12-02,,,pittsburgh::texasaandm,7a9a641d2e18d809c555b7a89b1b7a55,BetRivers,h2h,2h,2025-12-03 00:00:00+00:00,2025-12-02 23:34:22+00:00,Pittsburgh Panthers,Texas A&M Aggies,138.0,-180.0,,,,,,,,2025-12-03,1.0,False,147.84002685546875,-17.092683792114258,72.24712,77.31781,-6.955165,-9.344897,77.31781,-9.344897
401806367,2025.0,2025-12-02,Pittsburgh Panthers,Texas A&M Aggies,0.0,0.0,,,,,False,Petersen Events Center,2025-12-03 00:00:00+00:00,,2025-12-02 19:00,EST,2025-12-03T00:00:00Z,2025-12-02,,,pittsburgh::texasaandm,7a9a641d2e18d809c555b7a89b1b7a55,BetRivers,spreads,full_game,2025-12-03 00:00:00+00:00,2025-12-02 23:34:22+00:00,Pittsburgh Panthers,Texas A&M Aggies,,,4.0,-113.0,-4.0,-110.0,,,,2025-12-03,1.0,False,147.84002685546875,-17.092683792114258,72.24712,77.31781,-6.955165,-9.344897,147.84002685546875,-17.092683792114258
401806367,2025.0,2025-12-02,Pittsburgh Panthers,Texas A&M Aggies,0.0,0.0,,,,,False,Petersen Events Center,2025-12-03 00:00:00+00:00,,2025-12-02 19:00,EST,2025-12-03T00:00:00Z,2025-12-02,,,pittsburgh::texasaandm,7a9a641d2e18d809c555b7a89b1b7a55,BetRivers,totals,full_game,2025-12-03 00:00:00+00:00,2025-12-02 23:34:22+00:00,Pittsburgh Panthers,Texas A&M Aggies,,,,,,,151.5,-109.0,-114.0,2025-12-03,1.0,False,147.84002685546875,-17.092683792114258,72.24712,77.31781,-6.955165,-9.344897,147.84002685546875,-17.092683792114258
401806367,2025.0,2025-12-02,Pittsburgh Panthers,Texas A&M Aggies,0.0,0.0,,,,,False,Petersen Events Center,2025-12-03 00:00:00+00:00,,2025-12-02 19:00,EST,2025-12-03T00:00:00Z,2025-12-02,,,pittsburgh::texasaandm,7a9a641d2e18d809c555b7a89b1b7a55,BetUS,h2h,2h,2025-12-03 00:00:00+00:00,2025-12-02 23:34:06+00:00,Pittsburgh Panthers,Texas A&M Aggies,155.0,-180.0,,,,,,,,2025-12-03,1.0,False,147.84002685546875,-17.092683792114258,72.24712,77.31781,-6.955165,-9.344897,77.31781,-9.344897
401806367,2025.0,2025-12-02,Pittsburgh Panthers,Texas A&M Aggies,0.0,0.0,,,,,False,Petersen Events Center,2025-12-03 00:00:00+00:00,,2025-12-02 19:00,EST,2025-12-03T00:00:00Z,2025-12-02,,,pittsburgh::texasaandm,7a9a641d2e18d809c555b7a89b1b7a55,BetUS,spreads,full_game,2025-12-03 00:00:00+00:00,2025-12-02 23:34:06+00:00,Pittsburgh Panthers,Texas A&M Aggies,,,4.0,-110.0,-4.0,-110.0,,,,2025-12-03,1.0,False,147.84002685546875,-17.092683792114258,72.24712,77.31781,-6.955165,-9.344897,147.84002685546875,-17.092683792114258
401806367,2025.0,2025-12-02,Pittsburgh Panthers,Texas A&M Aggies,0.0,0.0,,,,,False,Petersen Events Center,2025-12-03 00:00:00+00:00,,2025-12-02 19:00,EST,2025-12-03T00:00:00Z,2025-12-02,,,pittsburgh::texasaandm,7a9a641d2e18d809c555b7a89b1b7a55,BetUS,totals,full_game,2025-12-03 00:00:00+00:00,2025-12-02 23:34:06+00:00,Pittsburgh Panthers,Texas A&M Aggies,,,,,,,152.5,-110.0,-110.0,2025-12-03,1.0,False,147.84002685546875,-17.092683792114258,72.24712,77.31781,-6.955165,-9.344897,147.84002685546875,-17.092683792114258
401806367,2025.0,2025-12-02,Pittsburgh Panthers,Texas A&M Aggies,0.0,0.0,,,,,False,Petersen Events Center,2025-12-03 00:00:00+00:00,,2025-12-02 19:00,EST,2025-12-03T00:00:00Z,2025-12-02,,,pittsburgh::texasaandm,7a9a641d2e18d809c555b7a89b1b7a55,Bovada,h2h,2h,2025-12-03 00:00:00+00:00,2025-12-02 23:34:11+00:00,Pittsburgh Panthers,Texas A&M Aggies,150.0,-175.0,,,,,,,,2025-12-03,1.0,False,147.84002685546875,-17.092683792114258,72.24712,77.31781,-6.955165,-9.344897,77.31781,-9.344897
401806367,2025.0,2025-12-02,Pittsburgh Panthers,Texas A&M Aggies,0.0,0.0,,,,,False,Petersen Events Center,2025-12-03 00:00:00+00:00,,2025-12-02 19:00,EST,2025-12-03T00:00:00Z,2025-12-02,,,pittsburgh::texasaandm,7a9a641d2e18d809c555b7a89b1b7a55,Bovada,spreads,full_game,2025-12-03 00:00:00+00:00,2025-12-02 23:34:11+00:00,Pittsburgh Panthers,Texas A&M Aggies,,,4.0,-115.0,-4.0,-105.0,,,,2025-12-03,1.0,False,147.84002685546875,-17.092683792114258,72.24712,77.31781,-6.955165,-9.344897,147.84002685546875,-17.092683792114258
401806367,2025.0,2025-12-02,Pittsburgh Panthers,Texas A&M Aggies,0.0,0.0,,,,,False,Petersen Events Center,2025-12-03 00:00:00+00:00,,2025-12-02 19:00,EST,2025-12-03T00:00:00Z,2025-12-02,,,pittsburgh::texasaandm,7a9a641d2e18d809c555b7a89b1b7a55,Bovada,totals,full_game,2025-12-03 00:00:00+00:00,2025-12-02 23:34:11+00:00,Pittsburgh Panthers,Texas A&M Aggies,,,,,,,152.0,-115.0,-105.0,2025-12-03,1.0,False,147.84002685546875,-17.092683792114258,72.24712,77.31781,-6.955165,-9.344897,147.84002685546875,-17.092683792114258
401806367,2025.0,2025-12-02,Pittsburgh Panthers,Texas A&M Aggies,0.0,0.0,,,,,False,Petersen Events Center,2025-12-03 00:00:00+00:00,,2025-12-02 19:00,EST,2025-12-03T00:00:00Z,2025-12-02,,,pittsburgh::texasaandm,7a9a641d2e18d809c555b7a89b1b7a55,Caesars,h2h,2h,2025-12-03 00:00:00+00:00,2025-12-02 23:33:06+00:00,Pittsburgh Panthers,Texas A&M Aggies,158.0,-190.0,,,,,,,,2025-12-03,1.0,False,147.84002685546875,-17.092683792114258,72.24712,77.31781,-6.955165,-9.344897,77.31781,-9.344897
401806367,2025.0,2025-12-02,Pittsburgh Panthers,Texas A&M Aggies,0.0,0.0,,,,,False,Petersen Events Center,2025-12-03 00:00:00+00:00,,2025-12-02 19:00,EST,2025-12-03T00:00:00Z,2025-12-02,,,pittsburgh::texasaandm,7a9a641d2e18d809c555b7a89b1b7a55,Caesars,spreads,full_game,2025-12-03 00:00:00+00:00,2025-12-02 23:33:06+00:00,Pittsburgh Panthers,Texas A&M Aggies,,,4.0,-110.0,-4.0,-110.0,,,,2025-12-03,1.0,False,147.84002685546875,-17.092683792114258,72.24712,77.31781,-6.955165,-9.344897,147.84002685546875,-17.092683792114258
401806367,2025.0,2025-12-02,Pittsburgh Panthers,Texas A&M Aggies,0.0,0.0,,,,,False,Petersen Events Center,2025-12-03 00:00:00+00:00,,2025-12-02 19:00,EST,2025-12-03T00:00:00Z,2025-12-02,,,pittsburgh::texasaandm,7a9a641d2e18d809c555b7a89b1b7a55,Caesars,totals,full_game,2025-12-03 00:00:00+00:00,2025-12-02 23:33:06+00:00,Pittsburgh Panthers,Texas A&M Aggies,,,,,,,152.0,-110.0,-110.0,2025-12-03,1.0,False,147.84002685546875,-17.092683792114258,72.24712,77.31781,-6.955165,-9.344897,147.84002685546875,-17.092683792114258
401806367,2025.0,2025-12-02,Pittsburgh Panthers,Texas A&M Aggies,0.0,0.0,,,,,False,Petersen Events Center,2025-12-03 00:00:00+00:00,,2025-12-02 19:00,EST,2025-12-03T00:00:00Z,2025-12-02,,,pittsburgh::texasaandm,7a9a641d2e18d809c555b7a89b1b7a55,DraftKings,h2h,2h,2025-12-03 00:00:00+00:00,2025-12-02 23:34:22+00:00,Pittsburgh Panthers,Texas A&M Aggies,150.0,-180.0,,,,,,,,2025-12-03,1.0,False,147.84002685546875,-17.092683792114258,72.24712,77.31781,-6.955165,-9.344897,77.31781,-9.344897
401806367,2025.0,2025-12-02,Pittsburgh Panthers,Texas A&M Aggies,0.0,0.0,,,,,False,Petersen Events Center,2025-12-03 00:00:00+00:00,,2025-12-02 19:00,EST,2025-12-03T00:00:00Z,2025-12-02,,,pittsburgh::texasaandm,7a9a641d2e18d809c555b7a89b1b7a55,DraftKings,spreads,full_game,2025-12-03 00:00:00+00:00,2025-12-02 23:34:22+00:00,Pittsburgh Panthers,Texas A&M Aggies,,,3.5,-110.0,-3.5,-110.0,,,,2025-12-03,1.0,False,147.84002685546875,-17.092683792114258,72.24712,77.31781,-6.955165,-9.344897,147.84002685546875,-17.092683792114258
401806367,2025.0,2025-12-02,Pittsburgh Panthers,Texas A&M Aggies,0.0,0.0,,,,,False,Petersen Events Center,2025-12-03 00:00:00+00:00,,2025-12-02 19:00,EST,2025-12-03T00:00:00Z,2025-12-02,,,pittsburgh::texasaandm,7a9a641d2e18d809c555b7a89b1b7a55,DraftKings,totals,full_game,2025-12-03 00:00:00+00:00,2025-12-02 23:34:22+00:00,Pittsburgh Panthers,Texas A&M Aggies,,,,,,,152.5,-108.0,-112.0,2025-12-03,1.0,False,147.84002685546875,-17.092683792114258,72.24712,77.31781,-6.955165,-9.344897,147.84002685546875,-17.092683792114258
401806367,2025.0,2025-12-02,Pittsburgh Panthers,Texas A&M Aggies,0.0,0.0,,,,,False,Petersen Events Center,2025-12-03 00:00:00+00:00,,2025-12-02 19:00,EST,2025-12-03T00:00:00Z,2025-12-02,,,pittsburgh::texasaandm,7a9a641d2e18d809c555b7a89b1b7a55,FanDuel,h2h,2h,2025-12-03 00:00:00+00:00,2025-12-02 23:33:54+00:00,Pittsburgh Panthers,Texas A&M Aggies,146.0,-176.0,,,,,,,,2025-12-03,1.0,False,147.84002685546875,-17.092683792114258,72.24712,77.31781,-6.955165,-9.344897,77.31781,-9.344897
401806367,2025.0,2025-12-02,Pittsburgh Panthers,Texas A&M Aggies,0.0,0.0,,,,,False,Petersen Events Center,2025-12-03 00:00:00+00:00,,2025-12-02 19:00,EST,2025-12-03T00:00:00Z,2025-12-02,,,pittsburgh::texasaandm,7a9a641d2e18d809c555b7a89b1b7a55,FanDuel,spreads,full_game,2025-12-03 00:00:00+00:00,2025-12-02 23:33:54+00:00,Pittsburgh Panthers,Texas A&M Aggies,,,3.5,-108.0,-3.5,-112.0,,,,2025-12-03,1.0,False,147.84002685546875,-17.092683792114258,72.24712,77.31781,-6.955165,-9.344897,147.84002685546875,-17.092683792114258
401806367,2025.0,2025-12-02,Pittsburgh Panthers,Texas A&M Aggies,0.0,0.0,,,,,False,Petersen Events Center,2025-12-03 00:00:00+00:00,,2025-12-02 19:00,EST,2025-12-03T00:00:00Z,2025-12-02,,,pittsburgh::texasaandm,7a9a641d2e18d809c555b7a89b1b7a55,FanDuel,totals,full_game,2025-12-03 00:00:00+00:00,2025-12-02 23:33:54+00:00,Pittsburgh Panthers,Texas A&M Aggies,,,,,,,152.5,-110.0,-110.0,2025-12-03,1.0,False,147.84002685546875,-17.092683792114258,72.24712,77.31781,-6.955165,-9.344897,147.84002685546875,-17.092683792114258
401806367,2025.0,2025-12-02,Pittsburgh Panthers,Texas A&M Aggies,0.0,0.0,,,,,False,Petersen Events Center,2025-12-03 00:00:00+00:00,,2025-12-02 19:00,EST,2025-12-03T00:00:00Z,2025-12-02,,,pittsburgh::texasaandm,7a9a641d2e18d809c555b7a89b1b7a55,Fanatics,h2h,2h,2025-12-03 00:00:00+00:00,2025-12-02 23:34:00+00:00,Pittsburgh Panthers,Texas A&M Aggies,150.0,-180.0,,,,,,,,2025-12-03,1.0,False,147.84002685546875,-17.092683792114258,72.24712,77.31781,-6.955165,-9.344897,77.31781,-9.344897
401806367,2025.0,2025-12-02,Pittsburgh Panthers,Texas A&M Aggies,0.0,0.0,,,,,False,Petersen Events Center,2025-12-03 00:00:00+00:00,,2025-12-02 19:00,EST,2025-12-03T00:00:00Z,2025-12-02,,,pittsburgh::texasaandm,7a9a641d2e18d809c555b7a89b1b7a55,Fanatics,spreads,full_game,2025-12-03 00:00:00+00:00,2025-12-02 23:34:00+00:00,Pittsburgh Panthers,Texas A&M Aggies,,,4.0,-110.0,-4.0,-110.0,,,,2025-12-03,1.0,False,147.84002685546875,-17.092683792114258,72.24712,77.31781,-6.955165,-9.344897,147.84002685546875,-17.092683792114258
401806367,2025.0,2025-12-02,Pittsburgh Panthers,Texas A&M Aggies,0.0,0.0,,,,,False,Petersen Events Center,2025-12-03 00:00:00+00:00,,2025-12-02 19:00,EST,2025-12-03T00:00:00Z,2025-12-02,,,pittsburgh::texasaandm,7a9a641d2e18d809c555b7a89b1b7a55,Fanatics,totals,full_game,2025-12-03 00:00:00+00:00,2025-12-02 23:34:00+00:00,Pittsburgh Panthers,Texas A&M Aggies,,,,,,,152.0,-110.0,-110.0,2025-12-03,1.0,False,147.84002685546875,-17.092683792114258,72.24712,77.31781,-6.955165,-9.344897,147.84002685546875,-17.092683792114258
401806367,2025.0,2025-12-02,Pittsburgh Panthers,Texas A&M Aggies,0.0,0.0,,,,,False,Petersen Events Center,2025-12-03 00:00:00+00:00,,2025-12-02 19:00,EST,2025-12-03T00:00:00Z,2025-12-02,,,pittsburgh::texasaandm,7a9a641d2e18d809c555b7a89b1b7a55,LowVig.ag,h2h,2h,2025-12-03 00:00:00+00:00,2025-12-02 23:34:20+00:00,Pittsburgh Panthers,Texas A&M Aggies,168.0,-193.0,,,,,,,,2025-12-03,1.0,False,147.84002685546875,-17.092683792114258,72.24712,77.31781,-6.955165,-9.344897,77.31781,-9.344897
401806367,2025.0,2025-12-02,Pittsburgh Panthers,Texas A&M Aggies,0.0,0.0,,,,,False,Petersen Events Center,2025-12-03 00:00:00+00:00,,2025-12-02 19:00,EST,2025-12-03T00:00:00Z,2025-12-02,,,pittsburgh::texasaandm,7a9a641d2e18d809c555b7a89b1b7a55,LowVig.ag,spreads,full_game,2025-12-03 00:00:00+00:00,2025-12-02 23:34:20+00:00,Pittsburgh Panthers,Texas A&M Aggies,,,4.0,-101.0,-4.0,-111.0,,,,2025-12-03,1.0,False,147.84002685546875,-17.092683792114258,72.24712,77.31781,-6.955165,-9.344897,147.84002685546875,-17.092683792114258
401806367,2025.0,2025-12-02,Pittsburgh Panthers,Texas A&M Aggies,0.0,0.0,,,,,False,Petersen Events Center,2025-12-03 00:00:00+00:00,,2025-12-02 19:00,EST,2025-12-03T00:00:00Z,2025-12-02,,,pittsburgh::texasaandm,7a9a641d2e18d809c555b7a89b1b7a55,LowVig.ag,totals,full_game,2025-12-03 00:00:00+00:00,2025-12-02 23:34:20+00:00,Pittsburgh Panthers,Texas A&M Aggies,,,,,,,151.0,-124.0,106.0,2025-12-03,1.0,False,147.84002685546875,-17.092683792114258,72.24712,77.31781,-6.955165,-9.344897,147.84002685546875,-17.092683792114258
401806368,2025.0,2025-12-02,Notre Dame Fighting Irish,Missouri Tigers,0.0,0.0,,,,,False,Purcell Pavilion,2025-12-03 02:00:00+00:00,,2025-12-02 21:00,EST,2025-12-03T02:00:00Z,2025-12-02,,,missouri::notredame,9d8946168a8912496b4c0d709853639c,BetMGM,h2h,2h,2025-12-03 02:00:00+00:00,2025-12-02 23:34:07+00:00,Notre Dame Fighting Irish,Missouri Tigers,-110.0,-110.0,,,,,,,,2025-12-03,1.0,False,149.91136169433594,-5.060995578765869,73.17602,78.15297,-1.2217834,-3.1748865,78.15297,-3.1748865
401806368,2025.0,2025-12-02,Notre Dame Fighting Irish,Missouri Tigers,0.0,0.0,,,,,False,Purcell Pavilion,2025-12-03 02:00:00+00:00,,2025-12-02 21:00,EST,2025-12-03T02:00:00Z,2025-12-02,,,missouri::notredame,9d8946168a8912496b4c0d709853639c,BetMGM,spreads,full_game,2025-12-03 02:00:00+00:00,2025-12-02 23:34:07+00:00,Notre Dame Fighting Irish,Missouri Tigers,,,-1.5,100.0,1.5,-120.0,,,,2025-12-03,1.0,False,149.91136169433594,-5.060995578765869,73.17602,78.15297,-1.2217834,-3.1748865,149.91136169433594,-5.060995578765869
401806368,2025.0,2025-12-02,Notre Dame Fighting Irish,Missouri Tigers,0.0,0.0,,,,,False,Purcell Pavilion,2025-12-03 02:00:00+00:00,,2025-12-02 21:00,EST,2025-12-03T02:00:00Z,2025-12-02,,,missouri::notredame,9d8946168a8912496b4c0d709853639c,BetMGM,totals,full_game,2025-12-03 02:00:00+00:00,2025-12-02 23:34:07+00:00,Notre Dame Fighting Irish,Missouri Tigers,,,,,,,146.5,-105.0,-115.0,2025-12-03,1.0,False,149.91136169433594,-5.060995578765869,73.17602,78.15297,-1.2217834,-3.1748865,149.91136169433594,-5.060995578765869
401806368,2025.0,2025-12-02,Notre Dame Fighting Irish,Missouri Tigers,0.0,0.0,,,,,False,Purcell Pavilion,2025-12-03 02:00:00+00:00,,2025-12-02 21:00,EST,2025-12-03T02:00:00Z,2025-12-02,,,missouri::notredame,9d8946168a8912496b4c0d709853639c,BetOnline.ag,spreads,full_game,2025-12-03 02:00:00+00:00,2025-12-02 23:34:37+00:00,Notre Dame Fighting Irish,Missouri Tigers,,,0.0,-107.0,0.0,-113.0,,,,2025-12-03,1.0,False,149.91136169433594,-5.060995578765869,73.17602,78.15297,-1.2217834,-3.1748865,149.91136169433594,-5.060995578765869
401806368,2025.0,2025-12-02,Notre Dame Fighting Irish,Missouri Tigers,0.0,0.0,,,,,False,Purcell Pavilion,2025-12-03 02:00:00+00:00,,2025-12-02 21:00,EST,2025-12-03T02:00:00Z,2025-12-02,,,missouri::notredame,9d8946168a8912496b4c0d709853639c,BetOnline.ag,totals,full_game,2025-12-03 02:00:00+00:00,2025-12-02 23:34:37+00:00,Notre Dame Fighting Irish,Missouri Tigers,,,,,,,146.5,-105.0,-115.0,2025-12-03,1.0,False,149.91136169433594,-5.060995578765869,73.17602,78.15297,-1.2217834,-3.1748865,149.91136169433594,-5.060995578765869
401806368,2025.0,2025-12-02,Notre Dame Fighting Irish,Missouri Tigers,0.0,0.0,,,,,False,Purcell Pavilion,2025-12-03 02:00:00+00:00,,2025-12-02 21:00,EST,2025-12-03T02:00:00Z,2025-12-02,,,missouri::notredame,9d8946168a8912496b4c0d709853639c,BetRivers,h2h,2h,2025-12-03 02:00:00+00:00,2025-12-02 23:34:22+00:00,Notre Dame Fighting Irish,Missouri Tigers,-113.0,-110.0,,,,,,,,2025-12-03,1.0,False,149.91136169433594,-5.060995578765869,73.17602,78.15297,-1.2217834,-3.1748865,78.15297,-3.1748865
401806368,2025.0,2025-12-02,Notre Dame Fighting Irish,Missouri Tigers,0.0,0.0,,,,,False,Purcell Pavilion,2025-12-03 02:00:00+00:00,,2025-12-02 21:00,EST,2025-12-03T02:00:00Z,2025-12-02,,,missouri::notredame,9d8946168a8912496b4c0d709853639c,BetRivers,spreads,full_game,2025-12-03 02:00:00+00:00,2025-12-02 23:34:22+00:00,Notre Dame Fighting Irish,Missouri Tigers,,,-1.0,-107.0,1.0,-117.0,,,,2025-12-03,1.0,False,149.91136169433594,-5.060995578765869,73.17602,78.15297,-1.2217834,-3.1748865,149.91136169433594,-5.060995578765869
401806368,2025.0,2025-12-02,Notre Dame Fighting Irish,Missouri Tigers,0.0,0.0,,,,,False,Purcell Pavilion,2025-12-03 02:00:00+00:00,,2025-12-02 21:00,EST,2025-12-03T02:00:00Z,2025-12-02,,,missouri::notredame,9d8946168a8912496b4c0d709853639c,BetRivers,totals,full_game,2025-12-03 02:00:00+00:00,2025-12-02 23:34:22+00:00,Notre Dame Fighting Irish,Missouri Tigers,,,,,,,147.0,-113.0,-110.0,2025-12-03,1.0,False,149.91136169433594,-5.060995578765869,73.17602,78.15297,-1.2217834,-3.1748865,149.91136169433594,-5.060995578765869
401806368,2025.0,2025-12-02,Notre Dame Fighting Irish,Missouri Tigers,0.0,0.0,,,,,False,Purcell Pavilion,2025-12-03 02:00:00+00:00,,2025-12-02 21:00,EST,2025-12-03T02:00:00Z,2025-12-02,,,missouri::notredame,9d8946168a8912496b4c0d709853639c,BetUS,spreads,full_game,2025-12-03 02:00:00+00:00,2025-12-02 23:34:07+00:00,Notre Dame Fighting Irish,Missouri Tigers,,,0.0,-110.0,0.0,-110.0,,,,2025-12-03,1.0,False,149.91136169433594,-5.060995578765869,73.17602,78.15297,-1.2217834,-3.1748865,149.91136169433594,-5.060995578765869
401806368,2025.0,2025-12-02,Notre Dame Fighting Irish,Missouri Tigers,0.0,0.0,,,,,False,Purcell Pavilion,2025-12-03 02:00:00+00:00,,2025-12-02 21:00,EST,2025-12-03T02:00:00Z,2025-12-02,,,missouri::notredame,9d8946168a8912496b4c0d709853639c,BetUS,totals,full_game,2025-12-03 02:00:00+00:00,2025-12-02 23:34:07+00:00,Notre Dame Fighting Irish,Missouri Tigers,,,,,,,146.5,-110.0,-110.0,2025-12-03,1.0,False,149.91136169433594,-5.060995578765869,73.17602,78.15297,-1.2217834,-3.1748865,149.91136169433594,-5.060995578765869
401806368,2025.0,2025-12-02,Notre Dame Fighting Irish,Missouri Tigers,0.0,0.0,,,,,False,Purcell Pavilion,2025-12-03 02:00:00+00:00,,2025-12-02 21:00,EST,2025-12-03T02:00:00Z,2025-12-02,,,missouri::notredame,9d8946168a8912496b4c0d709853639c,Bovada,h2h,2h,2025-12-03 02:00:00+00:00,2025-12-02 23:34:11+00:00,Notre Dame Fighting Irish,Missouri Tigers,-115.0,-105.0,,,,,,,,2025-12-03,1.0,False,149.91136169433594,-5.060995578765869,73.17602,78.15297,-1.2217834,-3.1748865,78.15297,-3.1748865
401806368,2025.0,2025-12-02,Notre Dame Fighting Irish,Missouri Tigers,0.0,0.0,,,,,False,Purcell Pavilion,2025-12-03 02:00:00+00:00,,2025-12-02 21:00,EST,2025-12-03T02:00:00Z,2025-12-02,,,missouri::notredame,9d8946168a8912496b4c0d709853639c,Bovada,spreads,full_game,2025-12-03 02:00:00+00:00,2025-12-02 23:34:11+00:00,Notre Dame Fighting Irish,Missouri Tigers,,,-1.0,-105.0,1.0,-115.0,,,,2025-12-03,1.0,False,149.91136169433594,-5.060995578765869,73.17602,78.15297,-1.2217834,-3.1748865,149.91136169433594,-5.060995578765869
401806368,2025.0,2025-12-02,Notre Dame Fighting Irish,Missouri Tigers,0.0,0.0,,,,,False,Purcell Pavilion,2025-12-03 02:00:00+00:00,,2025-12-02 21:00,EST,2025-12-03T02:00:00Z,2025-12-02,,,missouri::notredame,9d8946168a8912496b4c0d709853639c,Bovada,totals,full_game,2025-12-03 02:00:00+00:00,2025-12-02 23:34:11+00:00,Notre Dame Fighting Irish,Missouri Tigers,,,,,,,146.5,-110.0,-110.0,2025-12-03,1.0,False,149.91136169433594,-5.060995578765869,73.17602,78.15297,-1.2217834,-3.1748865,149.91136169433594,-5.060995578765869
401806368,2025.0,2025-12-02,Notre Dame Fighting Irish,Missouri Tigers,0.0,0.0,,,,,False,Purcell Pavilion,2025-12-03 02:00:00+00:00,,2025-12-02 21:00,EST,2025-12-03T02:00:00Z,2025-12-02,,,missouri::notredame,9d8946168a8912496b4c0d709853639c,Caesars,h2h,2h,2025-12-03 02:00:00+00:00,2025-12-02 23:33:07+00:00,Notre Dame Fighting Irish,Missouri Tigers,-110.0,-110.0,,,,,,,,2025-12-03,1.0,False,149.91136169433594,-5.060995578765869,73.17602,78.15297,-1.2217834,-3.1748865,78.15297,-3.1748865
401806368,2025.0,2025-12-02,Notre Dame Fighting Irish,Missouri Tigers,0.0,0.0,,,,,False,Purcell Pavilion,2025-12-03 02:00:00+00:00,,2025-12-02 21:00,EST,2025-12-03T02:00:00Z,2025-12-02,,,missouri::notredame,9d8946168a8912496b4c0d709853639c,Caesars,spreads,full_game,2025-12-03 02:00:00+00:00,2025-12-02 23:33:07+00:00,Notre Dame Fighting Irish,Missouri Tigers,,,0.0,-110.0,-0.0,-110.0,,,,2025-12-03,1.0,False,149.91136169433594,-5.060995578765869,73.17602,78.15297,-1.2217834,-3.1748865,149.91136169433594,-5.060995578765869
401806368,2025.0,2025-12-02,Notre Dame Fighting Irish,Missouri Tigers,0.0,0.0,,,,,False,Purcell Pavilion,2025-12-03 02:00:00+00:00,,2025-12-02 21:00,EST,2025-12-03T02:00:00Z,2025-12-02,,,missouri::notredame,9d8946168a8912496b4c0d709853639c,Caesars,totals,full_game,2025-12-03 02:00:00+00:00,2025-12-02 23:33:07+00:00,Notre Dame Fighting Irish,Missouri Tigers,,,,,,,146.5,-110.0,-110.0,2025-12-03,1.0,False,149.91136169433594,-5.060995578765869,73.17602,78.15297,-1.2217834,-3.1748865,149.91136169433594,-5.060995578765869
401806368,2025.0,2025-12-02,Notre Dame Fighting Irish,Missouri Tigers,0.0,0.0,,,,,False,Purcell Pavilion,2025-12-03 02:00:00+00:00,,2025-12-02 21:00,EST,2025-12-03T02:00:00Z,2025-12-02,,,missouri::notredame,9d8946168a8912496b4c0d709853639c,DraftKings,h2h,2h,2025-12-03 02:00:00+00:00,2025-12-02 23:34:22+00:00,Notre Dame Fighting Irish,Missouri Tigers,-110.0,-110.0,,,,,,,,2025-12-03,1.0,False,149.91136169433594,-5.060995578765869,73.17602,78.15297,-1.2217834,-3.1748865,78.15297,-3.1748865
401806368,2025.0,2025-12-02,Notre Dame Fighting Irish,Missouri Tigers,0.0,0.0,,,,,False,Purcell Pavilion,2025-12-03 02:00:00+00:00,,2025-12-02 21:00,EST,2025-12-03T02:00:00Z,2025-12-02,,,missouri::notredame,9d8946168a8912496b4c0d709853639c,DraftKings,spreads,full_game,2025-12-03 02:00:00+00:00,2025-12-02 23:34:22+00:00,Notre Dame Fighting Irish,Missouri Tigers,,,1.5,-125.0,-1.5,105.0,,,,2025-12-03,1.0,False,149.91136169433594,-5.060995578765869,73.17602,78.15297,-1.2217834,-3.1748865,149.91136169433594,-5.060995578765869
401806368,2025.0,2025-12-02,Notre Dame Fighting Irish,Missouri Tigers,0.0,0.0,,,,,False,Purcell Pavilion,2025-12-03 02:00:00+00:00,,2025-12-02 21:00,EST,2025-12-03T02:00:00Z,2025-12-02,,,missouri::notredame,9d8946168a8912496b4c0d709853639c,DraftKings,totals,full_game,2025-12-03 02:00:00+00:00,2025-12-02 23:34:22+00:00,Notre Dame Fighting Irish,Missouri Tigers,,,,,,,146.5,-108.0,-112.0,2025-12-03,1.0,False,149.91136169433594,-5.060995578765869,73.17602,78.15297,-1.2217834,-3.1748865,149.91136169433594,-5.060995578765869
401806368,2025.0,2025-12-02,Notre Dame Fighting Irish,Missouri Tigers,0.0,0.0,,,,,False,Purcell Pavilion,2025-12-03 02:00:00+00:00,,2025-12-02 21:00,EST,2025-12-03T02:00:00Z,2025-12-02,,,missouri::notredame,9d8946168a8912496b4c0d709853639c,FanDuel,h2h,2h,2025-12-03 02:00:00+00:00,2025-12-02 23:33:54+00:00,Notre Dame Fighting Irish,Missouri Tigers,-102.0,-118.0,,,,,,,,2025-12-03,1.0,False,149.91136169433594,-5.060995578765869,73.17602,78.15297,-1.2217834,-3.1748865,78.15297,-3.1748865
401806368,2025.0,2025-12-02,Notre Dame Fighting Irish,Missouri Tigers,0.0,0.0,,,,,False,Purcell Pavilion,2025-12-03 02:00:00+00:00,,2025-12-02 21:00,EST,2025-12-03T02:00:00Z,2025-12-02,,,missouri::notredame,9d8946168a8912496b4c0d709853639c,FanDuel,spreads,full_game,2025-12-03 02:00:00+00:00,2025-12-02 23:33:54+00:00,Notre Dame Fighting Irish,Missouri Tigers,,,1.5,-124.0,-1.5,102.0,,,,2025-12-03,1.0,False,149.91136169433594,-5.060995578765869,73.17602,78.15297,-1.2217834,-3.1748865,149.91136169433594,-5.060995578765869
401806368,2025.0,2025-12-02,Notre Dame Fighting Irish,Missouri Tigers,0.0,0.0,,,,,False,Purcell Pavilion,2025-12-03 02:00:00+00:00,,2025-12-02 21:00,EST,2025-12-03T02:00:00Z,2025-12-02,,,missouri::notredame,9d8946168a8912496b4c0d709853639c,FanDuel,totals,full_game,2025-12-03 02:00:00+00:00,2025-12-02 23:33:54+00:00,Notre Dame Fighting Irish,Missouri Tigers,,,,,,,146.5,-115.0,-105.0,2025-12-03,1.0,False,149.91136169433594,-5.060995578765869,73.17602,78.15297,-1.2217834,-3.1748865,149.91136169433594,-5.060995578765869
401806368,2025.0,2025-12-02,Notre Dame Fighting Irish,Missouri Tigers,0.0,0.0,,,,,False,Purcell Pavilion,2025-12-03 02:00:00+00:00,,2025-12-02 21:00,EST,2025-12-03T02:00:00Z,2025-12-02,,,missouri::notredame,9d8946168a8912496b4c0d709853639c,Fanatics,h2h,2h,2025-12-03 02:00:00+00:00,2025-12-02 23:34:00+00:00,Notre Dame Fighting Irish,Missouri Tigers,-110.0,-110.0,,,,,,,,2025-12-03,1.0,False,149.91136169433594,-5.060995578765869,73.17602,78.15297,-1.2217834,-3.1748865,78.15297,-3.1748865
401806368,2025.0,2025-12-02,Notre Dame Fighting Irish,Missouri Tigers,0.0,0.0,,,,,False,Purcell Pavilion,2025-12-03 02:00:00+00:00,,2025-12-02 21:00,EST,2025-12-03T02:00:00Z,2025-12-02,,,missouri::notredame,9d8946168a8912496b4c0d709853639c,Fanatics,spreads,full_game,2025-12-03 02:00:00+00:00,2025-12-02 23:34:00+00:00,Notre Dame Fighting Irish,Missouri Tigers,,,-1.0,-110.0,1.0,-110.0,,,,2025-12-03,1.0,False,149.91136169433594,-5.060995578765869,73.17602,78.15297,-1.2217834,-3.1748865,149.91136169433594,-5.060995578765869
401806368,2025.0,2025-12-02,Notre Dame Fighting Irish,Missouri Tigers,0.0,0.0,,,,,False,Purcell Pavilion,2025-12-03 02:00:00+00:00,,2025-12-02 21:00,EST,2025-12-03T02:00:00Z,2025-12-02,,,missouri::notredame,9d8946168a8912496b4c0d709853639c,Fanatics,totals,full_game,2025-12-03 02:00:00+00:00,2025-12-02 23:34:00+00:00,Notre Dame Fighting Irish,Missouri Tigers,,,,,,,146.5,-110.0,-110.0,2025-12-03,1.0,False,149.91136169433594,-5.060995578765869,73.17602,78.15297,-1.2217834,-3.1748865,149.91136169433594,-5.060995578765869
401806368,2025.0,2025-12-02,Notre Dame Fighting Irish,Missouri Tigers,0.0,0.0,,,,,False,Purcell Pavilion,2025-12-03 02:00:00+00:00,,2025-12-02 21:00,EST,2025-12-03T02:00:00Z,2025-12-02,,,missouri::notredame,9d8946168a8912496b4c0d709853639c,LowVig.ag,spreads,full_game,2025-12-03 02:00:00+00:00,2025-12-02 23:34:20+00:00,Notre Dame Fighting Irish,Missouri Tigers,,,0.0,-103.0,0.0,-109.0,,,,2025-12-03,1.0,False,149.91136169433594,-5.060995578765869,73.17602,78.15297,-1.2217834,-3.1748865,149.91136169433594,-5.060995578765869
401806368,2025.0,2025-12-02,Notre Dame Fighting Irish,Missouri Tigers,0.0,0.0,,,,,False,Purcell Pavilion,2025-12-03 02:00:00+00:00,,2025-12-02 21:00,EST,2025-12-03T02:00:00Z,2025-12-02,,,missouri::notredame,9d8946168a8912496b4c0d709853639c,LowVig.ag,totals,full_game,2025-12-03 02:00:00+00:00,2025-12-02 23:34:20+00:00,Notre Dame Fighting Irish,Missouri Tigers,,,,,,,146.5,-103.0,-113.0,2025-12-03,1.0,False,149.91136169433594,-5.060995578765869,73.17602,78.15297,-1.2217834,-3.1748865,149.91136169433594,-5.060995578765869
401806369,2025.0,2025-12-02,Florida State Seminoles,Georgia Bulldogs,0.0,0.0,,,,,False,Tucker Center,2025-12-03 02:00:00+00:00,,2025-12-02 21:00,EST,2025-12-03T02:00:00Z,2025-12-02,,,floridastateseminoles::georgia,3e75ae4ce575c1cfcb9aac6ae6d179a0,BetMGM,h2h,2h,2025-12-03 02:00:00+00:00,2025-12-02 23:34:07+00:00,Florida St Seminoles,Georgia Bulldogs,-120.0,100.0,,,,,,,,2025-12-03,1.0,False,152.36858825683595,11.08994541168213,74.06126,79.07245,5.9915094,4.8619533,79.07245,4.8619533
401806369,2025.0,2025-12-02,Florida State Seminoles,Georgia Bulldogs,0.0,0.0,,,,,False,Tucker Center,2025-12-03 02:00:00+00:00,,2025-12-02 21:00,EST,2025-12-03T02:00:00Z,2025-12-02,,,floridastateseminoles::georgia,3e75ae4ce575c1cfcb9aac6ae6d179a0,BetMGM,spreads,full_game,2025-12-03 02:00:00+00:00,2025-12-02 23:34:07+00:00,Florida St Seminoles,Georgia Bulldogs,,,-1.5,-110.0,1.5,-110.0,,,,2025-12-03,1.0,False,152.36858825683595,11.08994541168213,74.06126,79.07245,5.9915094,4.8619533,152.36858825683595,11.08994541168213
401806369,2025.0,2025-12-02,Florida State Seminoles,Georgia Bulldogs,0.0,0.0,,,,,False,Tucker Center,2025-12-03 02:00:00+00:00,,2025-12-02 21:00,EST,2025-12-03T02:00:00Z,2025-12-02,,,floridastateseminoles::georgia,3e75ae4ce575c1cfcb9aac6ae6d179a0,BetMGM,totals,full_game,2025-12-03 02:00:00+00:00,2025-12-02 23:34:07+00:00,Florida St Seminoles,Georgia Bulldogs,,,,,,,175.5,-110.0,-110.0,2025-12-03,1.0,False,152.36858825683595,11.08994541168213,74.06126,79.07245,5.9915094,4.8619533,152.36858825683595,11.08994541168213
401806369,2025.0,2025-12-02,Florida State Seminoles,Georgia Bulldogs,0.0,0.0,,,,,False,Tucker Center,2025-12-03 02:00:00+00:00,,2025-12-02 21:00,EST,2025-12-03T02:00:00Z,2025-12-02,,,floridastateseminoles::georgia,3e75ae4ce575c1cfcb9aac6ae6d179a0,BetOnline.ag,h2h,2h,2025-12-03 02:00:00+00:00,2025-12-02 23:34:37+00:00,Florida St Seminoles,Georgia Bulldogs,-120.0,100.0,,,,,,,,2025-12-03,1.0,False,152.36858825683595,11.08994541168213,74.06126,79.07245,5.9915094,4.8619533,79.07245,4.8619533
401806369,2025.0,2025-12-02,Florida State Seminoles,Georgia Bulldogs,0.0,0.0,,,,,False,Tucker Center,2025-12-03 02:00:00+00:00,,2025-12-02 21:00,EST,2025-12-03T02:00:00Z,2025-12-02,,,floridastateseminoles::georgia,3e75ae4ce575c1cfcb9aac6ae6d179a0,BetOnline.ag,spreads,full_game,2025-12-03 02:00:00+00:00,2025-12-02 23:34:37+00:00,Florida St Seminoles,Georgia Bulldogs,,,-1.5,-110.0,1.5,-110.0,,,,2025-12-03,1.0,False,152.36858825683595,11.08994541168213,74.06126,79.07245,5.9915094,4.8619533,152.36858825683595,11.08994541168213
401806369,2025.0,2025-12-02,Florida State Seminoles,Georgia Bulldogs,0.0,0.0,,,,,False,Tucker Center,2025-12-03 02:00:00+00:00,,2025-12-02 21:00,EST,2025-12-03T02:00:00Z,2025-12-02,,,floridastateseminoles::georgia,3e75ae4ce575c1cfcb9aac6ae6d179a0,BetOnline.ag,totals,full_game,2025-12-03 02:00:00+00:00,2025-12-02 23:34:37+00:00,Florida St Seminoles,Georgia Bulldogs,,,,,,,175.5,-110.0,-110.0,2025-12-03,1.0,False,152.36858825683595,11.08994541168213,74.06126,79.07245,5.9915094,4.8619533,152.36858825683595,11.08994541168213
401806369,2025.0,2025-12-02,Florida State Seminoles,Georgia Bulldogs,0.0,0.0,,,,,False,Tucker Center,2025-12-03 02:00:00+00:00,,2025-12-02 21:00,EST,2025-12-03T02:00:00Z,2025-12-02,,,floridastateseminoles::georgia,3e75ae4ce575c1cfcb9aac6ae6d179a0,BetRivers,h2h,2h,2025-12-03 02:00:00+00:00,2025-12-02 23:34:22+00:00,Florida St Seminoles,Georgia Bulldogs,-121.0,-103.0,,,,,,,,2025-12-03,1.0,False,152.36858825683595,11.08994541168213,74.06126,79.07245,5.9915094,4.8619533,79.07245,4.8619533
401806369,2025.0,2025-12-02,Florida State Seminoles,Georgia Bulldogs,0.0,0.0,,,,,False,Tucker Center,2025-12-03 02:00:00+00:00,,2025-12-02 21:00,EST,2025-12-03T02:00:00Z,2025-12-02,,,floridastateseminoles::georgia,3e75ae4ce575c1cfcb9aac6ae6d179a0,BetRivers,spreads,full_game,2025-12-03 02:00:00+00:00,2025-12-02 23:34:22+00:00,Florida St Seminoles,Georgia Bulldogs,,,-1.5,-110.0,1.5,-113.0,,,,2025-12-03,1.0,False,152.36858825683595,11.08994541168213,74.06126,79.07245,5.9915094,4.8619533,152.36858825683595,11.08994541168213
401806369,2025.0,2025-12-02,Florida State Seminoles,Georgia Bulldogs,0.0,0.0,,,,,False,Tucker Center,2025-12-03 02:00:00+00:00,,2025-12-02 21:00,EST,2025-12-03T02:00:00Z,2025-12-02,,,floridastateseminoles::georgia,3e75ae4ce575c1cfcb9aac6ae6d179a0,BetRivers,totals,full_game,2025-12-03 02:00:00+00:00,2025-12-02 23:34:22+00:00,Florida St Seminoles,Georgia Bulldogs,,,,,,,175.0,-113.0,-110.0,2025-12-03,1.0,False,152.36858825683595,11.08994541168213,74.06126,79.07245,5.9915094,4.8619533,152.36858825683595,11.08994541168213
401806369,2025.0,2025-12-02,Florida State Seminoles,Georgia Bulldogs,0.0,0.0,,,,,False,Tucker Center,2025-12-03 02:00:00+00:00,,2025-12-02 21:00,EST,2025-12-03T02:00:00Z,2025-12-02,,,floridastateseminoles::georgia,3e75ae4ce575c1cfcb9aac6ae6d179a0,BetUS,h2h,2h,2025-12-03 02:00:00+00:00,2025-12-02 23:34:07+00:00,Florida St Seminoles,Georgia Bulldogs,-125.0,105.0,,,,,,,,2025-12-03,1.0,False,152.36858825683595,11.08994541168213,74.06126,79.07245,5.9915094,4.8619533,79.07245,4.8619533
401806369,2025.0,2025-12-02,Florida State Seminoles,Georgia Bulldogs,0.0,0.0,,,,,False,Tucker Center,2025-12-03 02:00:00+00:00,,2025-12-02 21:00,EST,2025-12-03T02:00:00Z,2025-12-02,,,floridastateseminoles::georgia,3e75ae4ce575c1cfcb9aac6ae6d179a0,BetUS,spreads,full_game,2025-12-03 02:00:00+00:00,2025-12-02 23:34:07+00:00,Florida St Seminoles,Georgia Bulldogs,,,-1.5,-110.0,1.5,-110.0,,,,2025-12-03,1.0,False,152.36858825683595,11.08994541168213,74.06126,79.07245,5.9915094,4.8619533,152.36858825683595,11.08994541168213
401806369,2025.0,2025-12-02,Florida State Seminoles,Georgia Bulldogs,0.0,0.0,,,,,False,Tucker Center,2025-12-03 02:00:00+00:00,,2025-12-02 21:00,EST,2025-12-03T02:00:00Z,2025-12-02,,,floridastateseminoles::georgia,3e75ae4ce575c1cfcb9aac6ae6d179a0,BetUS,totals,full_game,2025-12-03 02:00:00+00:00,2025-12-02 23:34:07+00:00,Florida St Seminoles,Georgia Bulldogs,,,,,,,175.5,-110.0,-110.0,2025-12-03,1.0,False,152.36858825683595,11.08994541168213,74.06126,79.07245,5.9915094,4.8619533,152.36858825683595,11.08994541168213
401806369,2025.0,2025-12-02,Florida State Seminoles,Georgia Bulldogs,0.0,0.0,,,,,False,Tucker Center,2025-12-03 02:00:00+00:00,,2025-12-02 21:00,EST,2025-12-03T02:00:00Z,2025-12-02,,,floridastateseminoles::georgia,3e75ae4ce575c1cfcb9aac6ae6d179a0,Bovada,h2h,2h,2025-12-03 02:00:00+00:00,2025-12-02 23:34:11+00:00,Florida St Seminoles,Georgia Bulldogs,-120.0,100.0,,,,,,,,2025-12-03,1.0,False,152.36858825683595,11.08994541168213,74.06126,79.07245,5.9915094,4.8619533,79.07245,4.8619533
401806369,2025.0,2025-12-02,Florida State Seminoles,Georgia Bulldogs,0.0,0.0,,,,,False,Tucker Center,2025-12-03 02:00:00+00:00,,2025-12-02 21:00,EST,2025-12-03T02:00:00Z,2025-12-02,,,floridastateseminoles::georgia,3e75ae4ce575c1cfcb9aac6ae6d179a0,Bovada,spreads,full_game,2025-12-03 02:00:00+00:00,2025-12-02 23:34:11+00:00,Florida St Seminoles,Georgia Bulldogs,,,-1.0,-115.0,1.0,-105.0,,,,2025-12-03,1.0,False,152.36858825683595,11.08994541168213,74.06126,79.07245,5.9915094,4.8619533,152.36858825683595,11.08994541168213
401806369,2025.0,2025-12-02,Florida State Seminoles,Georgia Bulldogs,0.0,0.0,,,,,False,Tucker Center,2025-12-03 02:00:00+00:00,,2025-12-02 21:00,EST,2025-12-03T02:00:00Z,2025-12-02,,,floridastateseminoles::georgia,3e75ae4ce575c1cfcb9aac6ae6d179a0,Bovada,totals,full_game,2025-12-03 02:00:00+00:00,2025-12-02 23:34:11+00:00,Florida St Seminoles,Georgia Bulldogs,,,,,,,175.0,-115.0,-105.0,2025-12-03,1.0,False,152.36858825683595,11.08994541168213,74.06126,79.07245,5.9915094,4.8619533,152.36858825683595,11.08994541168213
401806369,2025.0,2025-12-02,Florida State Seminoles,Georgia Bulldogs,0.0,0.0,,,,,False,Tucker Center,2025-12-03 02:00:00+00:00,,2025-12-02 21:00,EST,2025-12-03T02:00:00Z,2025-12-02,,,floridastateseminoles::georgia,3e75ae4ce575c1cfcb9aac6ae6d179a0,Caesars,h2h,2h,2025-12-03 02:00:00+00:00,2025-12-02 23:33:07+00:00,Florida St Seminoles,Georgia Bulldogs,-120.0,100.0,,,,,,,,2025-12-03,1.0,False,152.36858825683595,11.08994541168213,74.06126,79.07245,5.9915094,4.8619533,79.07245,4.8619533
401806369,2025.0,2025-12-02,Florida State Seminoles,Georgia Bulldogs,0.0,0.0,,,,,False,Tucker Center,2025-12-03 02:00:00+00:00,,2025-12-02 21:00,EST,2025-12-03T02:00:00Z,2025-12-02,,,floridastateseminoles::georgia,3e75ae4ce575c1cfcb9aac6ae6d179a0,Caesars,spreads,full_game,2025-12-03 02:00:00+00:00,2025-12-02 23:33:07+00:00,Florida St Seminoles,Georgia Bulldogs,,,-1.5,-110.0,1.5,-110.0,,,,2025-12-03,1.0,False,152.36858825683595,11.08994541168213,74.06126,79.07245,5.9915094,4.8619533,152.36858825683595,11.08994541168213
401806369,2025.0,2025-12-02,Florida State Seminoles,Georgia Bulldogs,0.0,0.0,,,,,False,Tucker Center,2025-12-03 02:00:00+00:00,,2025-12-02 21:00,EST,2025-12-03T02:00:00Z,2025-12-02,,,floridastateseminoles::georgia,3e75ae4ce575c1cfcb9aac6ae6d179a0,Caesars,totals,full_game,2025-12-03 02:00:00+00:00,2025-12-02 23:33:07+00:00,Florida St Seminoles,Georgia Bulldogs,,,,,,,175.5,-110.0,-110.0,2025-12-03,1.0,False,152.36858825683595,11.08994541168213,74.06126,79.07245,5.9915094,4.8619533,152.36858825683595,11.08994541168213
401806369,2025.0,2025-12-02,Florida State Seminoles,Georgia Bulldogs,0.0,0.0,,,,,False,Tucker Center,2025-12-03 02:00:00+00:00,,2025-12-02 21:00,EST,2025-12-03T02:00:00Z,2025-12-02,,,floridastateseminoles::georgia,3e75ae4ce575c1cfcb9aac6ae6d179a0,DraftKings,h2h,2h,2025-12-03 02:00:00+00:00,2025-12-02 23:34:22+00:00,Florida St Seminoles,Georgia Bulldogs,-122.0,102.0,,,,,,,,2025-12-03,1.0,False,152.36858825683595,11.08994541168213,74.06126,79.07245,5.9915094,4.8619533,79.07245,4.8619533
401806369,2025.0,2025-12-02,Florida State Seminoles,Georgia Bulldogs,0.0,0.0,,,,,False,Tucker Center,2025-12-03 02:00:00+00:00,,2025-12-02 21:00,EST,2025-12-03T02:00:00Z,2025-12-02,,,floridastateseminoles::georgia,3e75ae4ce575c1cfcb9aac6ae6d179a0,DraftKings,spreads,full_game,2025-12-03 02:00:00+00:00,2025-12-02 23:34:22+00:00,Florida St Seminoles,Georgia Bulldogs,,,-1.5,-110.0,1.5,-110.0,,,,2025-12-03,1.0,False,152.36858825683595,11.08994541168213,74.06126,79.07245,5.9915094,4.8619533,152.36858825683595,11.08994541168213
401806369,2025.0,2025-12-02,Florida State Seminoles,Georgia Bulldogs,0.0,0.0,,,,,False,Tucker Center,2025-12-03 02:00:00+00:00,,2025-12-02 21:00,EST,2025-12-03T02:00:00Z,2025-12-02,,,floridastateseminoles::georgia,3e75ae4ce575c1cfcb9aac6ae6d179a0,DraftKings,totals,full_game,2025-12-03 02:00:00+00:00,2025-12-02 23:34:22+00:00,Florida St Seminoles,Georgia Bulldogs,,,,,,,175.5,-108.0,-112.0,2025-12-03,1.0,False,152.36858825683595,11.08994541168213,74.06126,79.07245,5.9915094,4.8619533,152.36858825683595,11.08994541168213
401806369,2025.0,2025-12-02,Florida State Seminoles,Georgia Bulldogs,0.0,0.0,,,,,False,Tucker Center,2025-12-03 02:00:00+00:00,,2025-12-02 21:00,EST,2025-12-03T02:00:00Z,2025-12-02,,,floridastateseminoles::georgia,3e75ae4ce575c1cfcb9aac6ae6d179a0,FanDuel,h2h,2h,2025-12-03 02:00:00+00:00,2025-12-02 23:33:54+00:00,Florida St Seminoles,Georgia Bulldogs,-128.0,106.0,,,,,,,,2025-12-03,1.0,False,152.36858825683595,11.08994541168213,74.06126,79.07245,5.9915094,4.8619533,79.07245,4.8619533
401806369,2025.0,2025-12-02,Florida State Seminoles,Georgia Bulldogs,0.0,0.0,,,,,False,Tucker Center,2025-12-03 02:00:00+00:00,,2025-12-02 21:00,EST,2025-12-03T02:00:00Z,2025-12-02,,,floridastateseminoles::georgia,3e75ae4ce575c1cfcb9aac6ae6d179a0,FanDuel,spreads,full_game,2025-12-03 02:00:00+00:00,2025-12-02 23:33:54+00:00,Florida St Seminoles,Georgia Bulldogs,,,-1.5,-110.0,1.5,-110.0,,,,2025-12-03,1.0,False,152.36858825683595,11.08994541168213,74.06126,79.07245,5.9915094,4.8619533,152.36858825683595,11.08994541168213
401806369,2025.0,2025-12-02,Florida State Seminoles,Georgia Bulldogs,0.0,0.0,,,,,False,Tucker Center,2025-12-03 02:00:00+00:00,,2025-12-02 21:00,EST,2025-12-03T02:00:00Z,2025-12-02,,,floridastateseminoles::georgia,3e75ae4ce575c1cfcb9aac6ae6d179a0,FanDuel,totals,full_game,2025-12-03 02:00:00+00:00,2025-12-02 23:33:54+00:00,Florida St Seminoles,Georgia Bulldogs,,,,,,,175.5,-105.0,-115.0,2025-12-03,1.0,False,152.36858825683595,11.08994541168213,74.06126,79.07245,5.9915094,4.8619533,152.36858825683595,11.08994541168213
401806369,2025.0,2025-12-02,Florida State Seminoles,Georgia Bulldogs,0.0,0.0,,,,,False,Tucker Center,2025-12-03 02:00:00+00:00,,2025-12-02 21:00,EST,2025-12-03T02:00:00Z,2025-12-02,,,floridastateseminoles::georgia,3e75ae4ce575c1cfcb9aac6ae6d179a0,Fanatics,h2h,2h,2025-12-03 02:00:00+00:00,2025-12-02 23:34:00+00:00,Florida St Seminoles,Georgia Bulldogs,-120.0,100.0,,,,,,,,2025-12-03,1.0,False,152.36858825683595,11.08994541168213,74.06126,79.07245,5.9915094,4.8619533,79.07245,4.8619533
401806369,2025.0,2025-12-02,Florida State Seminoles,Georgia Bulldogs,0.0,0.0,,,,,False,Tucker Center,2025-12-03 02:00:00+00:00,,2025-12-02 21:00,EST,2025-12-03T02:00:00Z,2025-12-02,,,floridastateseminoles::georgia,3e75ae4ce575c1cfcb9aac6ae6d179a0,Fanatics,spreads,full_game,2025-12-03 02:00:00+00:00,2025-12-02 23:34:00+00:00,Florida St Seminoles,Georgia Bulldogs,,,-1.0,-110.0,1.0,-110.0,,,,2025-12-03,1.0,False,152.36858825683595,11.08994541168213,74.06126,79.07245,5.9915094,4.8619533,152.36858825683595,11.08994541168213
401806369,2025.0,2025-12-02,Florida State Seminoles,Georgia Bulldogs,0.0,0.0,,,,,False,Tucker Center,2025-12-03 02:00:00+00:00,,2025-12-02 21:00,EST,2025-12-03T02:00:00Z,2025-12-02,,,floridastateseminoles::georgia,3e75ae4ce575c1cfcb9aac6ae6d179a0,Fanatics,totals,full_game,2025-12-03 02:00:00+00:00,2025-12-02 23:34:00+00:00,Florida St Seminoles,Georgia Bulldogs,,,,,,,175.5,-110.0,-110.0,2025-12-03,1.0,False,152.36858825683595,11.08994541168213,74.06126,79.07245,5.9915094,4.8619533,152.36858825683595,11.08994541168213
401806369,2025.0,2025-12-02,Florida State Seminoles,Georgia Bulldogs,0.0,0.0,,,,,False,Tucker Center,2025-12-03 02:00:00+00:00,,2025-12-02 21:00,EST,2025-12-03T02:00:00Z,2025-12-02,,,floridastateseminoles::georgia,3e75ae4ce575c1cfcb9aac6ae6d179a0,LowVig.ag,h2h,2h,2025-12-03 02:00:00+00:00,2025-12-02 23:34:20+00:00,Florida St Seminoles,Georgia Bulldogs,-120.0,100.0,,,,,,,,2025-12-03,1.0,False,152.36858825683595,11.08994541168213,74.06126,79.07245,5.9915094,4.8619533,79.07245,4.8619533
401806369,2025.0,2025-12-02,Florida State Seminoles,Georgia Bulldogs,0.0,0.0,,,,,False,Tucker Center,2025-12-03 02:00:00+00:00,,2025-12-02 21:00,EST,2025-12-03T02:00:00Z,2025-12-02,,,floridastateseminoles::georgia,3e75ae4ce575c1cfcb9aac6ae6d179a0,LowVig.ag,spreads,full_game,2025-12-03 02:00:00+00:00,2025-12-02 23:34:20+00:00,Florida St Seminoles,Georgia Bulldogs,,,-1.5,-106.0,1.5,-106.0,,,,2025-12-03,1.0,False,152.36858825683595,11.08994541168213,74.06126,79.07245,5.9915094,4.8619533,152.36858825683595,11.08994541168213
401806369,2025.0,2025-12-02,Florida State Seminoles,Georgia Bulldogs,0.0,0.0,,,,,False,Tucker Center,2025-12-03 02:00:00+00:00,,2025-12-02 21:00,EST,2025-12-03T02:00:00Z,2025-12-02,,,floridastateseminoles::georgia,3e75ae4ce575c1cfcb9aac6ae6d179a0,LowVig.ag,totals,full_game,2025-12-03 02:00:00+00:00,2025-12-02 23:34:20+00:00,Florida St Seminoles,Georgia Bulldogs,,,,,,,175.5,-108.0,-108.0,2025-12-03,1.0,False,152.36858825683595,11.08994541168213,74.06126,79.07245,5.9915094,4.8619533,152.36858825683595,11.08994541168213
401806370,2025.0,2025-12-02,Wake Forest Demon Deacons,Oklahoma Sooners,0.0,0.0,,,,,False,LJVM Coliseum,2025-12-03 00:00:00+00:00,,2025-12-02 19:00,EST,2025-12-03T00:00:00Z,2025-12-02,,,oklahomasooners::wakeforestdemon,0d391b6db39b9cf2ca844224249104d2,BetMGM,h2h,2h,2025-12-03 00:00:00+00:00,2025-12-02 23:34:07+00:00,Wake Forest Demon Deacons,Oklahoma Sooners,-200.0,165.0,,,,,,,,2025-12-03,1.0,False,136.90955200195313,-8.493500995635987,72.39596,77.46672,-5.8227663,-8.092752,77.46672,-8.092752
401806370,2025.0,2025-12-02,Wake Forest Demon Deacons,Oklahoma Sooners,0.0,0.0,,,,,False,LJVM Coliseum,2025-12-03 00:00:00+00:00,,2025-12-02 19:00,EST,2025-12-03T00:00:00Z,2025-12-02,,,oklahomasooners::wakeforestdemon,0d391b6db39b9cf2ca844224249104d2,BetMGM,spreads,full_game,2025-12-03 00:00:00+00:00,2025-12-02 23:34:07+00:00,Wake Forest Demon Deacons,Oklahoma Sooners,,,-4.5,-110.0,4.5,-110.0,,,,2025-12-03,1.0,False,136.90955200195313,-8.493500995635987,72.39596,77.46672,-5.8227663,-8.092752,136.90955200195313,-8.493500995635987
401806370,2025.0,2025-12-02,Wake Forest Demon Deacons,Oklahoma Sooners,0.0,0.0,,,,,False,LJVM Coliseum,2025-12-03 00:00:00+00:00,,2025-12-02 19:00,EST,2025-12-03T00:00:00Z,2025-12-02,,,oklahomasooners::wakeforestdemon,0d391b6db39b9cf2ca844224249104d2,BetMGM,totals,full_game,2025-12-03 00:00:00+00:00,2025-12-02 23:34:07+00:00,Wake Forest Demon Deacons,Oklahoma Sooners,,,,,,,159.5,-115.0,-105.0,2025-12-03,1.0,False,136.90955200195313,-8.493500995635987,72.39596,77.46672,-5.8227663,-8.092752,136.90955200195313,-8.493500995635987
401806370,2025.0,2025-12-02,Wake Forest Demon Deacons,Oklahoma Sooners,0.0,0.0,,,,,False,LJVM Coliseum,2025-12-03 00:00:00+00:00,,2025-12-02 19:00,EST,2025-12-03T00:00:00Z,2025-12-02,,,oklahomasooners::wakeforestdemon,0d391b6db39b9cf2ca844224249104d2,BetOnline.ag,h2h,2h,2025-12-03 00:00:00+00:00,2025-12-02 23:34:36+00:00,Wake Forest Demon Deacons,Oklahoma Sooners,-195.0,170.0,,,,,,,,2025-12-03,1.0,False,136.90955200195313,-8.493500995635987,72.39596,77.46672,-5.8227663,-8.092752,77.46672,-8.092752
401806370,2025.0,2025-12-02,Wake Forest Demon Deacons,Oklahoma Sooners,0.0,0.0,,,,,False,LJVM Coliseum,2025-12-03 00:00:00+00:00,,2025-12-02 19:00,EST,2025-12-03T00:00:00Z,2025-12-02,,,oklahomasooners::wakeforestdemon,0d391b6db39b9cf2ca844224249104d2,BetOnline.ag,spreads,full_game,2025-12-03 00:00:00+00:00,2025-12-02 23:34:36+00:00,Wake Forest Demon Deacons,Oklahoma Sooners,,,-4.5,-115.0,4.5,-105.0,,,,2025-12-03,1.0,False,136.90955200195313,-8.493500995635987,72.39596,77.46672,-5.8227663,-8.092752,136.90955200195313,-8.493500995635987
401806370,2025.0,2025-12-02,Wake Forest Demon Deacons,Oklahoma Sooners,0.0,0.0,,,,,False,LJVM Coliseum,2025-12-03 00:00:00+00:00,,2025-12-02 19:00,EST,2025-12-03T00:00:00Z,2025-12-02,,,oklahomasooners::wakeforestdemon,0d391b6db39b9cf2ca844224249104d2,BetOnline.ag,totals,full_game,2025-12-03 00:00:00+00:00,2025-12-02 23:34:36+00:00,Wake Forest Demon Deacons,Oklahoma Sooners,,,,,,,159.5,-113.0,-107.0,2025-12-03,1.0,False,136.90955200195313,-8.493500995635987,72.39596,77.46672,-5.8227663,-8.092752,136.90955200195313,-8.493500995635987
401806370,2025.0,2025-12-02,Wake Forest Demon Deacons,Oklahoma Sooners,0.0,0.0,,,,,False,LJVM Coliseum,2025-12-03 00:00:00+00:00,,2025-12-02 19:00,EST,2025-12-03T00:00:00Z,2025-12-02,,,oklahomasooners::wakeforestdemon,0d391b6db39b9cf2ca844224249104d2,BetRivers,h2h,2h,2025-12-03 00:00:00+00:00,2025-12-02 23:34:22+00:00,Wake Forest Demon Deacons,Oklahoma Sooners,-210.0,165.0,,,,,,,,2025-12-03,1.0,False,136.90955200195313,-8.493500995635987,72.39596,77.46672,-5.8227663,-8.092752,77.46672,-8.092752
401806370,2025.0,2025-12-02,Wake Forest Demon Deacons,Oklahoma Sooners,0.0,0.0,,,,,False,LJVM Coliseum,2025-12-03 00:00:00+00:00,,2025-12-02 19:00,EST,2025-12-03T00:00:00Z,2025-12-02,,,oklahomasooners::wakeforestdemon,0d391b6db39b9cf2ca844224249104d2,BetRivers,spreads,full_game,2025-12-03 00:00:00+00:00,2025-12-02 23:34:22+00:00,Wake Forest Demon Deacons,Oklahoma Sooners,,,-4.5,-109.0,4.5,-114.0,,,,2025-12-03,1.0,False,136.90955200195313,-8.493500995635987,72.39596,77.46672,-5.8227663,-8.092752,136.90955200195313,-8.493500995635987
401806370,2025.0,2025-12-02,Wake Forest Demon Deacons,Oklahoma Sooners,0.0,0.0,,,,,False,LJVM Coliseum,2025-12-03 00:00:00+00:00,,2025-12-02 19:00,EST,2025-12-03T00:00:00Z,2025-12-02,,,oklahomasooners::wakeforestdemon,0d391b6db39b9cf2ca844224249104d2,BetRivers,totals,full_game,2025-12-03 00:00:00+00:00,2025-12-02 23:34:22+00:00,Wake Forest Demon Deacons,Oklahoma Sooners,,,,,,,159.5,-113.0,-110.0,2025-12-03,1.0,False,136.90955200195313,-8.493500995635987,72.39596,77.46672,-5.8227663,-8.092752,136.90955200195313,-8.493500995635987
401806370,2025.0,2025-12-02,Wake Forest Demon Deacons,Oklahoma Sooners,0.0,0.0,,,,,False,LJVM Coliseum,2025-12-03 00:00:00+00:00,,2025-12-02 19:00,EST,2025-12-03T00:00:00Z,2025-12-02,,,oklahomasooners::wakeforestdemon,0d391b6db39b9cf2ca844224249104d2,BetUS,h2h,2h,2025-12-03 00:00:00+00:00,2025-12-02 23:34:07+00:00,Wake Forest Demon Deacons,Oklahoma Sooners,-195.0,167.0,,,,,,,,2025-12-03,1.0,False,136.90955200195313,-8.493500995635987,72.39596,77.46672,-5.8227663,-8.092752,77.46672,-8.092752
401806370,2025.0,2025-12-02,Wake Forest Demon Deacons,Oklahoma Sooners,0.0,0.0,,,,,False,LJVM Coliseum,2025-12-03 00:00:00+00:00,,2025-12-02 19:00,EST,2025-12-03T00:00:00Z,2025-12-02,,,oklahomasooners::wakeforestdemon,0d391b6db39b9cf2ca844224249104d2,BetUS,spreads,full_game,2025-12-03 00:00:00+00:00,2025-12-02 23:34:07+00:00,Wake Forest Demon Deacons,Oklahoma Sooners,,,-4.5,-110.0,4.5,-110.0,,,,2025-12-03,1.0,False,136.90955200195313,-8.493500995635987,72.39596,77.46672,-5.8227663,-8.092752,136.90955200195313,-8.493500995635987
401806370,2025.0,2025-12-02,Wake Forest Demon Deacons,Oklahoma Sooners,0.0,0.0,,,,,False,LJVM Coliseum,2025-12-03 00:00:00+00:00,,2025-12-02 19:00,EST,2025-12-03T00:00:00Z,2025-12-02,,,oklahomasooners::wakeforestdemon,0d391b6db39b9cf2ca844224249104d2,BetUS,totals,full_game,2025-12-03 00:00:00+00:00,2025-12-02 23:34:07+00:00,Wake Forest Demon Deacons,Oklahoma Sooners,,,,,,,159.5,-110.0,-110.0,2025-12-03,1.0,False,136.90955200195313,-8.493500995635987,72.39596,77.46672,-5.8227663,-8.092752,136.90955200195313,-8.493500995635987
401806370,2025.0,2025-12-02,Wake Forest Demon Deacons,Oklahoma Sooners,0.0,0.0,,,,,False,LJVM Coliseum,2025-12-03 00:00:00+00:00,,2025-12-02 19:00,EST,2025-12-03T00:00:00Z,2025-12-02,,,oklahomasooners::wakeforestdemon,0d391b6db39b9cf2ca844224249104d2,Bovada,h2h,2h,2025-12-03 00:00:00+00:00,2025-12-02 23:34:10+00:00,Wake Forest Demon Deacons,Oklahoma Sooners,-185.0,160.0,,,,,,,,2025-12-03,1.0,False,136.90955200195313,-8.493500995635987,72.39596,77.46672,-5.8227663,-8.092752,77.46672,-8.092752
401806370,2025.0,2025-12-02,Wake Forest Demon Deacons,Oklahoma Sooners,0.0,0.0,,,,,False,LJVM Coliseum,2025-12-03 00:00:00+00:00,,2025-12-02 19:00,EST,2025-12-03T00:00:00Z,2025-12-02,,,oklahomasooners::wakeforestdemon,0d391b6db39b9cf2ca844224249104d2,Bovada,spreads,full_game,2025-12-03 00:00:00+00:00,2025-12-02 23:34:10+00:00,Wake Forest Demon Deacons,Oklahoma Sooners,,,-4.0,-110.0,4.0,-110.0,,,,2025-12-03,1.0,False,136.90955200195313,-8.493500995635987,72.39596,77.46672,-5.8227663,-8.092752,136.90955200195313,-8.493500995635987
401806370,2025.0,2025-12-02,Wake Forest Demon Deacons,Oklahoma Sooners,0.0,0.0,,,,,False,LJVM Coliseum,2025-12-03 00:00:00+00:00,,2025-12-02 19:00,EST,2025-12-03T00:00:00Z,2025-12-02,,,oklahomasooners::wakeforestdemon,0d391b6db39b9cf2ca844224249104d2,Bovada,totals,full_game,2025-12-03 00:00:00+00:00,2025-12-02 23:34:10+00:00,Wake Forest Demon Deacons,Oklahoma Sooners,,,,,,,159.5,-110.0,-110.0,2025-12-03,1.0,False,136.90955200195313,-8.493500995635987,72.39596,77.46672,-5.8227663,-8.092752,136.90955200195313,-8.493500995635987
401806370,2025.0,2025-12-02,Wake Forest Demon Deacons,Oklahoma Sooners,0.0,0.0,,,,,False,LJVM Coliseum,2025-12-03 00:00:00+00:00,,2025-12-02 19:00,EST,2025-12-03T00:00:00Z,2025-12-02,,,oklahomasooners::wakeforestdemon,0d391b6db39b9cf2ca844224249104d2,Caesars,h2h,2h,2025-12-03 00:00:00+00:00,2025-12-02 23:33:06+00:00,Wake Forest Demon Deacons,Oklahoma Sooners,-205.0,170.0,,,,,,,,2025-12-03,1.0,False,136.90955200195313,-8.493500995635987,72.39596,77.46672,-5.8227663,-8.092752,77.46672,-8.092752
401806370,2025.0,2025-12-02,Wake Forest Demon Deacons,Oklahoma Sooners,0.0,0.0,,,,,False,LJVM Coliseum,2025-12-03 00:00:00+00:00,,2025-12-02 19:00,EST,2025-12-03T00:00:00Z,2025-12-02,,,oklahomasooners::wakeforestdemon,0d391b6db39b9cf2ca844224249104d2,Caesars,spreads,full_game,2025-12-03 00:00:00+00:00,2025-12-02 23:33:06+00:00,Wake Forest Demon Deacons,Oklahoma Sooners,,,-4.5,-110.0,4.5,-110.0,,,,2025-12-03,1.0,False,136.90955200195313,-8.493500995635987,72.39596,77.46672,-5.8227663,-8.092752,136.90955200195313,-8.493500995635987
401806370,2025.0,2025-12-02,Wake Forest Demon Deacons,Oklahoma Sooners,0.0,0.0,,,,,False,LJVM Coliseum,2025-12-03 00:00:00+00:00,,2025-12-02 19:00,EST,2025-12-03T00:00:00Z,2025-12-02,,,oklahomasooners::wakeforestdemon,0d391b6db39b9cf2ca844224249104d2,Caesars,totals,full_game,2025-12-03 00:00:00+00:00,2025-12-02 23:33:06+00:00,Wake Forest Demon Deacons,Oklahoma Sooners,,,,,,,158.5,-110.0,-110.0,2025-12-03,1.0,False,136.90955200195313,-8.493500995635987,72.39596,77.46672,-5.8227663,-8.092752,136.90955200195313,-8.493500995635987
401806370,2025.0,2025-12-02,Wake Forest Demon Deacons,Oklahoma Sooners,0.0,0.0,,,,,False,LJVM Coliseum,2025-12-03 00:00:00+00:00,,2025-12-02 19:00,EST,2025-12-03T00:00:00Z,2025-12-02,,,oklahomasooners::wakeforestdemon,0d391b6db39b9cf2ca844224249104d2,DraftKings,h2h,2h,2025-12-03 00:00:00+00:00,2025-12-02 23:34:22+00:00,Wake Forest Demon Deacons,Oklahoma Sooners,-198.0,164.0,,,,,,,,2025-12-03,1.0,False,136.90955200195313,-8.493500995635987,72.39596,77.46672,-5.8227663,-8.092752,77.46672,-8.092752
401806370,2025.0,2025-12-02,Wake Forest Demon Deacons,Oklahoma Sooners,0.0,0.0,,,,,False,LJVM Coliseum,2025-12-03 00:00:00+00:00,,2025-12-02 19:00,EST,2025-12-03T00:00:00Z,2025-12-02,,,oklahomasooners::wakeforestdemon,0d391b6db39b9cf2ca844224249104d2,DraftKings,spreads,full_game,2025-12-03 00:00:00+00:00,2025-12-02 23:34:22+00:00,Wake Forest Demon Deacons,Oklahoma Sooners,,,-4.5,-108.0,4.5,-112.0,,,,2025-12-03,1.0,False,136.90955200195313,-8.493500995635987,72.39596,77.46672,-5.8227663,-8.092752,136.90955200195313,-8.493500995635987
401806370,2025.0,2025-12-02,Wake Forest Demon Deacons,Oklahoma Sooners,0.0,0.0,,,,,False,LJVM Coliseum,2025-12-03 00:00:00+00:00,,2025-12-02 19:00,EST,2025-12-03T00:00:00Z,2025-12-02,,,oklahomasooners::wakeforestdemon,0d391b6db39b9cf2ca844224249104d2,DraftKings,totals,full_game,2025-12-03 00:00:00+00:00,2025-12-02 23:34:22+00:00,Wake Forest Demon Deacons,Oklahoma Sooners,,,,,,,159.5,-110.0,-110.0,2025-12-03,1.0,False,136.90955200195313,-8.493500995635987,72.39596,77.46672,-5.8227663,-8.092752,136.90955200195313,-8.493500995635987
401806370,2025.0,2025-12-02,Wake Forest Demon Deacons,Oklahoma Sooners,0.0,0.0,,,,,False,LJVM Coliseum,2025-12-03 00:00:00+00:00,,2025-12-02 19:00,EST,2025-12-03T00:00:00Z,2025-12-02,,,oklahomasooners::wakeforestdemon,0d391b6db39b9cf2ca844224249104d2,FanDuel,h2h,2h,2025-12-03 00:00:00+00:00,2025-12-02 23:33:54+00:00,Wake Forest Demon Deacons,Oklahoma Sooners,-194.0,160.0,,,,,,,,2025-12-03,1.0,False,136.90955200195313,-8.493500995635987,72.39596,77.46672,-5.8227663,-8.092752,77.46672,-8.092752
401806370,2025.0,2025-12-02,Wake Forest Demon Deacons,Oklahoma Sooners,0.0,0.0,,,,,False,LJVM Coliseum,2025-12-03 00:00:00+00:00,,2025-12-02 19:00,EST,2025-12-03T00:00:00Z,2025-12-02,,,oklahomasooners::wakeforestdemon,0d391b6db39b9cf2ca844224249104d2,FanDuel,spreads,full_game,2025-12-03 00:00:00+00:00,2025-12-02 23:33:54+00:00,Wake Forest Demon Deacons,Oklahoma Sooners,,,-4.5,-105.0,4.5,-115.0,,,,2025-12-03,1.0,False,136.90955200195313,-8.493500995635987,72.39596,77.46672,-5.8227663,-8.092752,136.90955200195313,-8.493500995635987
401806370,2025.0,2025-12-02,Wake Forest Demon Deacons,Oklahoma Sooners,0.0,0.0,,,,,False,LJVM Coliseum,2025-12-03 00:00:00+00:00,,2025-12-02 19:00,EST,2025-12-03T00:00:00Z,2025-12-02,,,oklahomasooners::wakeforestdemon,0d391b6db39b9cf2ca844224249104d2,FanDuel,totals,full_game,2025-12-03 00:00:00+00:00,2025-12-02 23:33:54+00:00,Wake Forest Demon Deacons,Oklahoma Sooners,,,,,,,159.5,-110.0,-110.0,2025-12-03,1.0,False,136.90955200195313,-8.493500995635987,72.39596,77.46672,-5.8227663,-8.092752,136.90955200195313,-8.493500995635987
401806370,2025.0,2025-12-02,Wake Forest Demon Deacons,Oklahoma Sooners,0.0,0.0,,,,,False,LJVM Coliseum,2025-12-03 00:00:00+00:00,,2025-12-02 19:00,EST,2025-12-03T00:00:00Z,2025-12-02,,,oklahomasooners::wakeforestdemon,0d391b6db39b9cf2ca844224249104d2,Fanatics,h2h,2h,2025-12-03 00:00:00+00:00,2025-12-02 23:34:00+00:00,Wake Forest Demon Deacons,Oklahoma Sooners,-190.0,160.0,,,,,,,,2025-12-03,1.0,False,136.90955200195313,-8.493500995635987,72.39596,77.46672,-5.8227663,-8.092752,77.46672,-8.092752
401806370,2025.0,2025-12-02,Wake Forest Demon Deacons,Oklahoma Sooners,0.0,0.0,,,,,False,LJVM Coliseum,2025-12-03 00:00:00+00:00,,2025-12-02 19:00,EST,2025-12-03T00:00:00Z,2025-12-02,,,oklahomasooners::wakeforestdemon,0d391b6db39b9cf2ca844224249104d2,Fanatics,spreads,full_game,2025-12-03 00:00:00+00:00,2025-12-02 23:34:00+00:00,Wake Forest Demon Deacons,Oklahoma Sooners,,,-4.5,-110.0,4.5,-110.0,,,,2025-12-03,1.0,False,136.90955200195313,-8.493500995635987,72.39596,77.46672,-5.8227663,-8.092752,136.90955200195313,-8.493500995635987
401806370,2025.0,2025-12-02,Wake Forest Demon Deacons,Oklahoma Sooners,0.0,0.0,,,,,False,LJVM Coliseum,2025-12-03 00:00:00+00:00,,2025-12-02 19:00,EST,2025-12-03T00:00:00Z,2025-12-02,,,oklahomasooners::wakeforestdemon,0d391b6db39b9cf2ca844224249104d2,Fanatics,totals,full_game,2025-12-03 00:00:00+00:00,2025-12-02 23:34:00+00:00,Wake Forest Demon Deacons,Oklahoma Sooners,,,,,,,159.5,-110.0,-110.0,2025-12-03,1.0,False,136.90955200195313,-8.493500995635987,72.39596,77.46672,-5.8227663,-8.092752,136.90955200195313,-8.493500995635987
401806370,2025.0,2025-12-02,Wake Forest Demon Deacons,Oklahoma Sooners,0.0,0.0,,,,,False,LJVM Coliseum,2025-12-03 00:00:00+00:00,,2025-12-02 19:00,EST,2025-12-03T00:00:00Z,2025-12-02,,,oklahomasooners::wakeforestdemon,0d391b6db39b9cf2ca844224249104d2,LowVig.ag,h2h,2h,2025-12-03 00:00:00+00:00,2025-12-02 23:34:20+00:00,Wake Forest Demon Deacons,Oklahoma Sooners,-195.0,170.0,,,,,,,,2025-12-03,1.0,False,136.90955200195313,-8.493500995635987,72.39596,77.46672,-5.8227663,-8.092752,77.46672,-8.092752
401806370,2025.0,2025-12-02,Wake Forest Demon Deacons,Oklahoma Sooners,0.0,0.0,,,,,False,LJVM Coliseum,2025-12-03 00:00:00+00:00,,2025-12-02 19:00,EST,2025-12-03T00:00:00Z,2025-12-02,,,oklahomasooners::wakeforestdemon,0d391b6db39b9cf2ca844224249104d2,LowVig.ag,spreads,full_game,2025-12-03 00:00:00+00:00,2025-12-02 23:34:20+00:00,Wake Forest Demon Deacons,Oklahoma Sooners,,,-4.5,-111.0,4.5,-101.0,,,,2025-12-03,1.0,False,136.90955200195313,-8.493500995635987,72.39596,77.46672,-5.8227663,-8.092752,136.90955200195313,-8.493500995635987
401806370,2025.0,2025-12-02,Wake Forest Demon Deacons,Oklahoma Sooners,0.0,0.0,,,,,False,LJVM Coliseum,2025-12-03 00:00:00+00:00,,2025-12-02 19:00,EST,2025-12-03T00:00:00Z,2025-12-02,,,oklahomasooners::wakeforestdemon,0d391b6db39b9cf2ca844224249104d2,LowVig.ag,totals,full_game,2025-12-03 00:00:00+00:00,2025-12-02 23:34:20+00:00,Wake Forest Demon Deacons,Oklahoma Sooners,,,,,,,159.5,-111.0,-105.0,2025-12-03,1.0,False,136.90955200195313,-8.493500995635987,72.39596,77.46672,-5.8227663,-8.092752,136.90955200195313,-8.493500995635987
401806371,2025.0,2025-12-02,Ole Miss Rebels,Miami Hurricanes,0.0,0.0,,,,,False,The Sandy and John Black Pavilion at Ole Miss,2025-12-03 02:00:00+00:00,,2025-12-02 21:00,EST,2025-12-03T02:00:00Z,2025-12-02,,,miamihurricanes::mississippiolemiss,76424bececddc6dfae364889993a845a,BetMGM,h2h,2h,2025-12-03 02:00:00+00:00,2025-12-02 23:34:07+00:00,Ole Miss Rebels,Miami Hurricanes,-145.0,118.0,,,,,,,,2025-12-03,1.0,False,141.64006652832032,1.8497084617614743,73.28242,78.19668,-1.3006344,-3.3750408,78.19668,-3.3750408
401806371,2025.0,2025-12-02,Ole Miss Rebels,Miami Hurricanes,0.0,0.0,,,,,False,The Sandy and John Black Pavilion at Ole Miss,2025-12-03 02:00:00+00:00,,2025-12-02 21:00,EST,2025-12-03T02:00:00Z,2025-12-02,,,miamihurricanes::mississippiolemiss,76424bececddc6dfae364889993a845a,BetMGM,spreads,full_game,2025-12-03 02:00:00+00:00,2025-12-02 23:34:07+00:00,Ole Miss Rebels,Miami Hurricanes,,,-2.5,-110.0,2.5,-110.0,,,,2025-12-03,1.0,False,141.64006652832032,1.8497084617614743,73.28242,78.19668,-1.3006344,-3.3750408,141.64006652832032,1.8497084617614743
401806371,2025.0,2025-12-02,Ole Miss Rebels,Miami Hurricanes,0.0,0.0,,,,,False,The Sandy and John Black Pavilion at Ole Miss,2025-12-03 02:00:00+00:00,,2025-12-02 21:00,EST,2025-12-03T02:00:00Z,2025-12-02,,,miamihurricanes::mississippiolemiss,76424bececddc6dfae364889993a845a,BetMGM,totals,full_game,2025-12-03 02:00:00+00:00,2025-12-02 23:34:07+00:00,Ole Miss Rebels,Miami Hurricanes,,,,,,,145.5,-110.0,-110.0,2025-12-03,1.0,False,141.64006652832032,1.8497084617614743,73.28242,78.19668,-1.3006344,-3.3750408,141.64006652832032,1.8497084617614743
401806371,2025.0,2025-12-02,Ole Miss Rebels,Miami Hurricanes,0.0,0.0,,,,,False,The Sandy and John Black Pavilion at Ole Miss,2025-12-03 02:00:00+00:00,,2025-12-02 21:00,EST,2025-12-03T02:00:00Z,2025-12-02,,,miamihurricanes::mississippiolemiss,76424bececddc6dfae364889993a845a,BetOnline.ag,h2h,2h,2025-12-03 02:00:00+00:00,2025-12-02 23:34:37+00:00,Ole Miss Rebels,Miami Hurricanes,-140.0,120.0,,,,,,,,2025-12-03,1.0,False,141.64006652832032,1.8497084617614743,73.28242,78.19668,-1.3006344,-3.3750408,78.19668,-3.3750408
401806371,2025.0,2025-12-02,Ole Miss Rebels,Miami Hurricanes,0.0,0.0,,,,,False,The Sandy and John Black Pavilion at Ole Miss,2025-12-03 02:00:00+00:00,,2025-12-02 21:00,EST,2025-12-03T02:00:00Z,2025-12-02,,,miamihurricanes::mississippiolemiss,76424bececddc6dfae364889993a845a,BetOnline.ag,spreads,full_game,2025-12-03 02:00:00+00:00,2025-12-02 23:34:37+00:00,Ole Miss Rebels,Miami Hurricanes,,,-2.5,-105.0,2.5,-115.0,,,,2025-12-03,1.0,False,141.64006652832032,1.8497084617614743,73.28242,78.19668,-1.3006344,-3.3750408,141.64006652832032,1.8497084617614743
401806371,2025.0,2025-12-02,Ole Miss Rebels,Miami Hurricanes,0.0,0.0,,,,,False,The Sandy and John Black Pavilion at Ole Miss,2025-12-03 02:00:00+00:00,,2025-12-02 21:00,EST,2025-12-03T02:00:00Z,2025-12-02,,,miamihurricanes::mississippiolemiss,76424bececddc6dfae364889993a845a,BetOnline.ag,totals,full_game,2025-12-03 02:00:00+00:00,2025-12-02 23:34:37+00:00,Ole Miss Rebels,Miami Hurricanes,,,,,,,145.5,-110.0,-110.0,2025-12-03,1.0,False,141.64006652832032,1.8497084617614743,73.28242,78.19668,-1.3006344,-3.3750408,141.64006652832032,1.8497084617614743
401806371,2025.0,2025-12-02,Ole Miss Rebels,Miami Hurricanes,0.0,0.0,,,,,False,The Sandy and John Black Pavilion at Ole Miss,2025-12-03 02:00:00+00:00,,2025-12-02 21:00,EST,2025-12-03T02:00:00Z,2025-12-02,,,miamihurricanes::mississippiolemiss,76424bececddc6dfae364889993a845a,BetRivers,h2h,2h,2025-12-03 02:00:00+00:00,2025-12-02 23:34:22+00:00,Ole Miss Rebels,Miami Hurricanes,-167.0,135.0,,,,,,,,2025-12-03,1.0,False,141.64006652832032,1.8497084617614743,73.28242,78.19668,-1.3006344,-3.3750408,78.19668,-3.3750408
401806371,2025.0,2025-12-02,Ole Miss Rebels,Miami Hurricanes,0.0,0.0,,,,,False,The Sandy and John Black Pavilion at Ole Miss,2025-12-03 02:00:00+00:00,,2025-12-02 21:00,EST,2025-12-03T02:00:00Z,2025-12-02,,,miamihurricanes::mississippiolemiss,76424bececddc6dfae364889993a845a,BetRivers,spreads,full_game,2025-12-03 02:00:00+00:00,2025-12-02 23:34:22+00:00,Ole Miss Rebels,Miami Hurricanes,,,-3.0,-115.0,3.0,-108.0,,,,2025-12-03,1.0,False,141.64006652832032,1.8497084617614743,73.28242,78.19668,-1.3006344,-3.3750408,141.64006652832032,1.8497084617614743
401806371,2025.0,2025-12-02,Ole Miss Rebels,Miami Hurricanes,0.0,0.0,,,,,False,The Sandy and John Black Pavilion at Ole Miss,2025-12-03 02:00:00+00:00,,2025-12-02 21:00,EST,2025-12-03T02:00:00Z,2025-12-02,,,miamihurricanes::mississippiolemiss,76424bececddc6dfae364889993a845a,BetRivers,totals,full_game,2025-12-03 02:00:00+00:00,2025-12-02 23:34:22+00:00,Ole Miss Rebels,Miami Hurricanes,,,,,,,145.0,-110.0,-112.0,2025-12-03,1.0,False,141.64006652832032,1.8497084617614743,73.28242,78.19668,-1.3006344,-3.3750408,141.64006652832032,1.8497084617614743
401806371,2025.0,2025-12-02,Ole Miss Rebels,Miami Hurricanes,0.0,0.0,,,,,False,The Sandy and John Black Pavilion at Ole Miss,2025-12-03 02:00:00+00:00,,2025-12-02 21:00,EST,2025-12-03T02:00:00Z,2025-12-02,,,miamihurricanes::mississippiolemiss,76424bececddc6dfae364889993a845a,BetUS,h2h,2h,2025-12-03 02:00:00+00:00,2025-12-02 23:34:07+00:00,Ole Miss Rebels,Miami Hurricanes,-140.0,120.0,,,,,,,,2025-12-03,1.0,False,141.64006652832032,1.8497084617614743,73.28242,78.19668,-1.3006344,-3.3750408,78.19668,-3.3750408
401806371,2025.0,2025-12-02,Ole Miss Rebels,Miami Hurricanes,0.0,0.0,,,,,False,The Sandy and John Black Pavilion at Ole Miss,2025-12-03 02:00:00+00:00,,2025-12-02 21:00,EST,2025-12-03T02:00:00Z,2025-12-02,,,miamihurricanes::mississippiolemiss,76424bececddc6dfae364889993a845a,BetUS,spreads,full_game,2025-12-03 02:00:00+00:00,2025-12-02 23:34:07+00:00,Ole Miss Rebels,Miami Hurricanes,,,-2.5,-110.0,2.5,-110.0,,,,2025-12-03,1.0,False,141.64006652832032,1.8497084617614743,73.28242,78.19668,-1.3006344,-3.3750408,141.64006652832032,1.8497084617614743
401806371,2025.0,2025-12-02,Ole Miss Rebels,Miami Hurricanes,0.0,0.0,,,,,False,The Sandy and John Black Pavilion at Ole Miss,2025-12-03 02:00:00+00:00,,2025-12-02 21:00,EST,2025-12-03T02:00:00Z,2025-12-02,,,miamihurricanes::mississippiolemiss,76424bececddc6dfae364889993a845a,BetUS,totals,full_game,2025-12-03 02:00:00+00:00,2025-12-02 23:34:07+00:00,Ole Miss Rebels,Miami Hurricanes,,,,,,,145.5,-110.0,-110.0,2025-12-03,1.0,False,141.64006652832032,1.8497084617614743,73.28242,78.19668,-1.3006344,-3.3750408,141.64006652832032,1.8497084617614743
401806371,2025.0,2025-12-02,Ole Miss Rebels,Miami Hurricanes,0.0,0.0,,,,,False,The Sandy and John Black Pavilion at Ole Miss,2025-12-03 02:00:00+00:00,,2025-12-02 21:00,EST,2025-12-03T02:00:00Z,2025-12-02,,,miamihurricanes::mississippiolemiss,76424bececddc6dfae364889993a845a,Bovada,h2h,2h,2025-12-03 02:00:00+00:00,2025-12-02 23:34:11+00:00,Ole Miss Rebels,Miami Hurricanes,-135.0,115.0,,,,,,,,2025-12-03,1.0,False,141.64006652832032,1.8497084617614743,73.28242,78.19668,-1.3006344,-3.3750408,78.19668,-3.3750408
401806371,2025.0,2025-12-02,Ole Miss Rebels,Miami Hurricanes,0.0,0.0,,,,,False,The Sandy and John Black Pavilion at Ole Miss,2025-12-03 02:00:00+00:00,,2025-12-02 21:00,EST,2025-12-03T02:00:00Z,2025-12-02,,,miamihurricanes::mississippiolemiss,76424bececddc6dfae364889993a845a,Bovada,spreads,full_game,2025-12-03 02:00:00+00:00,2025-12-02 23:34:11+00:00,Ole Miss Rebels,Miami Hurricanes,,,-2.5,-110.0,2.5,-110.0,,,,2025-12-03,1.0,False,141.64006652832032,1.8497084617614743,73.28242,78.19668,-1.3006344,-3.3750408,141.64006652832032,1.8497084617614743
401806371,2025.0,2025-12-02,Ole Miss Rebels,Miami Hurricanes,0.0,0.0,,,,,False,The Sandy and John Black Pavilion at Ole Miss,2025-12-03 02:00:00+00:00,,2025-12-02 21:00,EST,2025-12-03T02:00:00Z,2025-12-02,,,miamihurricanes::mississippiolemiss,76424bececddc6dfae364889993a845a,Bovada,totals,full_game,2025-12-03 02:00:00+00:00,2025-12-02 23:34:11+00:00,Ole Miss Rebels,Miami Hurricanes,,,,,,,144.5,-110.0,-110.0,2025-12-03,1.0,False,141.64006652832032,1.8497084617614743,73.28242,78.19668,-1.3006344,-3.3750408,141.64006652832032,1.8497084617614743
401806371,2025.0,2025-12-02,Ole Miss Rebels,Miami Hurricanes,0.0,0.0,,,,,False,The Sandy and John Black Pavilion at Ole Miss,2025-12-03 02:00:00+00:00,,2025-12-02 21:00,EST,2025-12-03T02:00:00Z,2025-12-02,,,miamihurricanes::mississippiolemiss,76424bececddc6dfae364889993a845a,Caesars,h2h,2h,2025-12-03 02:00:00+00:00,2025-12-02 23:33:06+00:00,Ole Miss Rebels,Miami Hurricanes,-135.0,115.0,,,,,,,,2025-12-03,1.0,False,141.64006652832032,1.8497084617614743,73.28242,78.19668,-1.3006344,-3.3750408,78.19668,-3.3750408
401806371,2025.0,2025-12-02,Ole Miss Rebels,Miami Hurricanes,0.0,0.0,,,,,False,The Sandy and John Black Pavilion at Ole Miss,2025-12-03 02:00:00+00:00,,2025-12-02 21:00,EST,2025-12-03T02:00:00Z,2025-12-02,,,miamihurricanes::mississippiolemiss,76424bececddc6dfae364889993a845a,Caesars,spreads,full_game,2025-12-03 02:00:00+00:00,2025-12-02 23:33:06+00:00,Ole Miss Rebels,Miami Hurricanes,,,-2.5,-110.0,2.5,-110.0,,,,2025-12-03,1.0,False,141.64006652832032,1.8497084617614743,73.28242,78.19668,-1.3006344,-3.3750408,141.64006652832032,1.8497084617614743
401806371,2025.0,2025-12-02,Ole Miss Rebels,Miami Hurricanes,0.0,0.0,,,,,False,The Sandy and John Black Pavilion at Ole Miss,2025-12-03 02:00:00+00:00,,2025-12-02 21:00,EST,2025-12-03T02:00:00Z,2025-12-02,,,miamihurricanes::mississippiolemiss,76424bececddc6dfae364889993a845a,Caesars,totals,full_game,2025-12-03 02:00:00+00:00,2025-12-02 23:33:06+00:00,Ole Miss Rebels,Miami Hurricanes,,,,,,,145.5,-110.0,-110.0,2025-12-03,1.0,False,141.64006652832032,1.8497084617614743,73.28242,78.19668,-1.3006344,-3.3750408,141.64006652832032,1.8497084617614743
401806371,2025.0,2025-12-02,Ole Miss Rebels,Miami Hurricanes,0.0,0.0,,,,,False,The Sandy and John Black Pavilion at Ole Miss,2025-12-03 02:00:00+00:00,,2025-12-02 21:00,EST,2025-12-03T02:00:00Z,2025-12-02,,,miamihurricanes::mississippiolemiss,76424bececddc6dfae364889993a845a,DraftKings,spreads,full_game,2025-12-03 02:00:00+00:00,2025-12-02 23:34:22+00:00,Ole Miss Rebels,Miami Hurricanes,,,-2.5,-108.0,2.5,-112.0,,,,2025-12-03,1.0,False,141.64006652832032,1.8497084617614743,73.28242,78.19668,-1.3006344,-3.3750408,141.64006652832032,1.8497084617614743
401806371,2025.0,2025-12-02,Ole Miss Rebels,Miami Hurricanes,0.0,0.0,,,,,False,The Sandy and John Black Pavilion at Ole Miss,2025-12-03 02:00:00+00:00,,2025-12-02 21:00,EST,2025-12-03T02:00:00Z,2025-12-02,,,miamihurricanes::mississippiolemiss,76424bececddc6dfae364889993a845a,DraftKings,totals,full_game,2025-12-03 02:00:00+00:00,2025-12-02 23:34:22+00:00,Ole Miss Rebels,Miami Hurricanes,,,,,,,145.5,-108.0,-112.0,2025-12-03,1.0,False,141.64006652832032,1.8497084617614743,73.28242,78.19668,-1.3006344,-3.3750408,141.64006652832032,1.8497084617614743
401806371,2025.0,2025-12-02,Ole Miss Rebels,Miami Hurricanes,0.0,0.0,,,,,False,The Sandy and John Black Pavilion at Ole Miss,2025-12-03 02:00:00+00:00,,2025-12-02 21:00,EST,2025-12-03T02:00:00Z,2025-12-02,,,miamihurricanes::mississippiolemiss,76424bececddc6dfae364889993a845a,FanDuel,h2h,2h,2025-12-03 02:00:00+00:00,2025-12-02 23:33:54+00:00,Ole Miss Rebels,Miami Hurricanes,-152.0,126.0,,,,,,,,2025-12-03,1.0,False,141.64006652832032,1.8497084617614743,73.28242,78.19668,-1.3006344,-3.3750408,78.19668,-3.3750408
401806371,2025.0,2025-12-02,Ole Miss Rebels,Miami Hurricanes,0.0,0.0,,,,,False,The Sandy and John Black Pavilion at Ole Miss,2025-12-03 02:00:00+00:00,,2025-12-02 21:00,EST,2025-12-03T02:00:00Z,2025-12-02,,,miamihurricanes::mississippiolemiss,76424bececddc6dfae364889993a845a,FanDuel,spreads,full_game,2025-12-03 02:00:00+00:00,2025-12-02 23:33:54+00:00,Ole Miss Rebels,Miami Hurricanes,,,-2.5,-115.0,2.5,-105.0,,,,2025-12-03,1.0,False,141.64006652832032,1.8497084617614743,73.28242,78.19668,-1.3006344,-3.3750408,141.64006652832032,1.8497084617614743
401806371,2025.0,2025-12-02,Ole Miss Rebels,Miami Hurricanes,0.0,0.0,,,,,False,The Sandy and John Black Pavilion at Ole Miss,2025-12-03 02:00:00+00:00,,2025-12-02 21:00,EST,2025-12-03T02:00:00Z,2025-12-02,,,miamihurricanes::mississippiolemiss,76424bececddc6dfae364889993a845a,FanDuel,totals,full_game,2025-12-03 02:00:00+00:00,2025-12-02 23:33:54+00:00,Ole Miss Rebels,Miami Hurricanes,,,,,,,145.5,-105.0,-115.0,2025-12-03,1.0,False,141.64006652832032,1.8497084617614743,73.28242,78.19668,-1.3006344,-3.3750408,141.64006652832032,1.8497084617614743
401806371,2025.0,2025-12-02,Ole Miss Rebels,Miami Hurricanes,0.0,0.0,,,,,False,The Sandy and John Black Pavilion at Ole Miss,2025-12-03 02:00:00+00:00,,2025-12-02 21:00,EST,2025-12-03T02:00:00Z,2025-12-02,,,miamihurricanes::mississippiolemiss,76424bececddc6dfae364889993a845a,Fanatics,h2h,2h,2025-12-03 02:00:00+00:00,2025-12-02 23:34:00+00:00,Ole Miss Rebels,Miami Hurricanes,-145.0,120.0,,,,,,,,2025-12-03,1.0,False,141.64006652832032,1.8497084617614743,73.28242,78.19668,-1.3006344,-3.3750408,78.19668,-3.3750408
401806371,2025.0,2025-12-02,Ole Miss Rebels,Miami Hurricanes,0.0,0.0,,,,,False,The Sandy and John Black Pavilion at Ole Miss,2025-12-03 02:00:00+00:00,,2025-12-02 21:00,EST,2025-12-03T02:00:00Z,2025-12-02,,,miamihurricanes::mississippiolemiss,76424bececddc6dfae364889993a845a,Fanatics,spreads,full_game,2025-12-03 02:00:00+00:00,2025-12-02 23:34:00+00:00,Ole Miss Rebels,Miami Hurricanes,,,-2.5,-110.0,2.5,-110.0,,,,2025-12-03,1.0,False,141.64006652832032,1.8497084617614743,73.28242,78.19668,-1.3006344,-3.3750408,141.64006652832032,1.8497084617614743
401806371,2025.0,2025-12-02,Ole Miss Rebels,Miami Hurricanes,0.0,0.0,,,,,False,The Sandy and John Black Pavilion at Ole Miss,2025-12-03 02:00:00+00:00,,2025-12-02 21:00,EST,2025-12-03T02:00:00Z,2025-12-02,,,miamihurricanes::mississippiolemiss,76424bececddc6dfae364889993a845a,Fanatics,totals,full_game,2025-12-03 02:00:00+00:00,2025-12-02 23:34:00+00:00,Ole Miss Rebels,Miami Hurricanes,,,,,,,145.0,-110.0,-110.0,2025-12-03,1.0,False,141.64006652832032,1.8497084617614743,73.28242,78.19668,-1.3006344,-3.3750408,141.64006652832032,1.8497084617614743
401806371,2025.0,2025-12-02,Ole Miss Rebels,Miami Hurricanes,0.0,0.0,,,,,False,The Sandy and John Black Pavilion at Ole Miss,2025-12-03 02:00:00+00:00,,2025-12-02 21:00,EST,2025-12-03T02:00:00Z,2025-12-02,,,miamihurricanes::mississippiolemiss,76424bececddc6dfae364889993a845a,LowVig.ag,h2h,2h,2025-12-03 02:00:00+00:00,2025-12-02 23:34:20+00:00,Ole Miss Rebels,Miami Hurricanes,-140.0,120.0,,,,,,,,2025-12-03,1.0,False,141.64006652832032,1.8497084617614743,73.28242,78.19668,-1.3006344,-3.3750408,78.19668,-3.3750408
401806371,2025.0,2025-12-02,Ole Miss Rebels,Miami Hurricanes,0.0,0.0,,,,,False,The Sandy and John Black Pavilion at Ole Miss,2025-12-03 02:00:00+00:00,,2025-12-02 21:00,EST,2025-12-03T02:00:00Z,2025-12-02,,,miamihurricanes::mississippiolemiss,76424bececddc6dfae364889993a845a,LowVig.ag,spreads,full_game,2025-12-03 02:00:00+00:00,2025-12-02 23:34:20+00:00,Ole Miss Rebels,Miami Hurricanes,,,-2.5,-101.0,2.5,-111.0,,,,2025-12-03,1.0,False,141.64006652832032,1.8497084617614743,73.28242,78.19668,-1.3006344,-3.3750408,141.64006652832032,1.8497084617614743
401806371,2025.0,2025-12-02,Ole Miss Rebels,Miami Hurricanes,0.0,0.0,,,,,False,The Sandy and John Black Pavilion at Ole Miss,2025-12-03 02:00:00+00:00,,2025-12-02 21:00,EST,2025-12-03T02:00:00Z,2025-12-02,,,miamihurricanes::mississippiolemiss,76424bececddc6dfae364889993a845a,LowVig.ag,totals,full_game,2025-12-03 02:00:00+00:00,2025-12-02 23:34:20+00:00,Ole Miss Rebels,Miami Hurricanes,,,,,,,145.5,-108.0,-108.0,2025-12-03,1.0,False,141.64006652832032,1.8497084617614743,73.28242,78.19668,-1.3006344,-3.3750408,141.64006652832032,1.8497084617614743
401806372,2025.0,2025-12-02,South Carolina Gamecocks,Virginia Tech Hokies,0.0,0.0,,,,,False,Colonial Life Arena,2025-12-03 00:00:00+00:00,,2025-12-02 19:00,EST,2025-12-03T00:00:00Z,2025-12-02,,,southcarolinagamecocks::virginiatech,5c9ea8bbabbcee63441bdd16903b62f8,BetMGM,h2h,2h,2025-12-03 00:00:00+00:00,2025-12-02 23:34:07+00:00,South Carolina Gamecocks,Virginia Tech Hokies,-125.0,105.0,,,,,,,,2025-12-03,1.0,False,142.83765869140626,-2.725441837310792,73.20182,78.03204,-3.102965,-5.519168,78.03204,-5.519168
401806372,2025.0,2025-12-02,South Carolina Gamecocks,Virginia Tech Hokies,0.0,0.0,,,,,False,Colonial Life Arena,2025-12-03 00:00:00+00:00,,2025-12-02 19:00,EST,2025-12-03T00:00:00Z,2025-12-02,,,southcarolinagamecocks::virginiatech,5c9ea8bbabbcee63441bdd16903b62f8,BetMGM,spreads,full_game,2025-12-03 00:00:00+00:00,2025-12-02 23:34:07+00:00,South Carolina Gamecocks,Virginia Tech Hokies,,,-1.5,-110.0,1.5,-110.0,,,,2025-12-03,1.0,False,142.83765869140626,-2.725441837310792,73.20182,78.03204,-3.102965,-5.519168,142.83765869140626,-2.725441837310792
401806372,2025.0,2025-12-02,South Carolina Gamecocks,Virginia Tech Hokies,0.0,0.0,,,,,False,Colonial Life Arena,2025-12-03 00:00:00+00:00,,2025-12-02 19:00,EST,2025-12-03T00:00:00Z,2025-12-02,,,southcarolinagamecocks::virginiatech,5c9ea8bbabbcee63441bdd16903b62f8,BetMGM,totals,full_game,2025-12-03 00:00:00+00:00,2025-12-02 23:34:07+00:00,South Carolina Gamecocks,Virginia Tech Hokies,,,,,,,149.5,-110.0,-110.0,2025-12-03,1.0,False,142.83765869140626,-2.725441837310792,73.20182,78.03204,-3.102965,-5.519168,142.83765869140626,-2.725441837310792
401806372,2025.0,2025-12-02,South Carolina Gamecocks,Virginia Tech Hokies,0.0,0.0,,,,,False,Colonial Life Arena,2025-12-03 00:00:00+00:00,,2025-12-02 19:00,EST,2025-12-03T00:00:00Z,2025-12-02,,,southcarolinagamecocks::virginiatech,5c9ea8bbabbcee63441bdd16903b62f8,BetOnline.ag,h2h,2h,2025-12-03 00:00:00+00:00,2025-12-02 23:34:36+00:00,South Carolina Gamecocks,Virginia Tech Hokies,-125.0,105.0,,,,,,,,2025-12-03,1.0,False,142.83765869140626,-2.725441837310792,73.20182,78.03204,-3.102965,-5.519168,78.03204,-5.519168
401806372,2025.0,2025-12-02,South Carolina Gamecocks,Virginia Tech Hokies,0.0,0.0,,,,,False,Colonial Life Arena,2025-12-03 00:00:00+00:00,,2025-12-02 19:00,EST,2025-12-03T00:00:00Z,2025-12-02,,,southcarolinagamecocks::virginiatech,5c9ea8bbabbcee63441bdd16903b62f8,BetOnline.ag,spreads,full_game,2025-12-03 00:00:00+00:00,2025-12-02 23:34:36+00:00,South Carolina Gamecocks,Virginia Tech Hokies,,,-1.5,-115.0,1.5,-105.0,,,,2025-12-03,1.0,False,142.83765869140626,-2.725441837310792,73.20182,78.03204,-3.102965,-5.519168,142.83765869140626,-2.725441837310792
401806372,2025.0,2025-12-02,South Carolina Gamecocks,Virginia Tech Hokies,0.0,0.0,,,,,False,Colonial Life Arena,2025-12-03 00:00:00+00:00,,2025-12-02 19:00,EST,2025-12-03T00:00:00Z,2025-12-02,,,southcarolinagamecocks::virginiatech,5c9ea8bbabbcee63441bdd16903b62f8,BetOnline.ag,totals,full_game,2025-12-03 00:00:00+00:00,2025-12-02 23:34:36+00:00,South Carolina Gamecocks,Virginia Tech Hokies,,,,,,,149.5,-110.0,-110.0,2025-12-03,1.0,False,142.83765869140626,-2.725441837310792,73.20182,78.03204,-3.102965,-5.519168,142.83765869140626,-2.725441837310792
401806372,2025.0,2025-12-02,South Carolina Gamecocks,Virginia Tech Hokies,0.0,0.0,,,,,False,Colonial Life Arena,2025-12-03 00:00:00+00:00,,2025-12-02 19:00,EST,2025-12-03T00:00:00Z,2025-12-02,,,southcarolinagamecocks::virginiatech,5c9ea8bbabbcee63441bdd16903b62f8,BetRivers,h2h,2h,2025-12-03 00:00:00+00:00,2025-12-02 23:34:22+00:00,South Carolina Gamecocks,Virginia Tech Hokies,-130.0,105.0,,,,,,,,2025-12-03,1.0,False,142.83765869140626,-2.725441837310792,73.20182,78.03204,-3.102965,-5.519168,78.03204,-5.519168
401806372,2025.0,2025-12-02,South Carolina Gamecocks,Virginia Tech Hokies,0.0,0.0,,,,,False,Colonial Life Arena,2025-12-03 00:00:00+00:00,,2025-12-02 19:00,EST,2025-12-03T00:00:00Z,2025-12-02,,,southcarolinagamecocks::virginiatech,5c9ea8bbabbcee63441bdd16903b62f8,BetRivers,spreads,full_game,2025-12-03 00:00:00+00:00,2025-12-02 23:34:22+00:00,South Carolina Gamecocks,Virginia Tech Hokies,,,-2.0,-109.0,2.0,-114.0,,,,2025-12-03,1.0,False,142.83765869140626,-2.725441837310792,73.20182,78.03204,-3.102965,-5.519168,142.83765869140626,-2.725441837310792
401806372,2025.0,2025-12-02,South Carolina Gamecocks,Virginia Tech Hokies,0.0,0.0,,,,,False,Colonial Life Arena,2025-12-03 00:00:00+00:00,,2025-12-02 19:00,EST,2025-12-03T00:00:00Z,2025-12-02,,,southcarolinagamecocks::virginiatech,5c9ea8bbabbcee63441bdd16903b62f8,BetRivers,totals,full_game,2025-12-03 00:00:00+00:00,2025-12-02 23:34:22+00:00,South Carolina Gamecocks,Virginia Tech Hokies,,,,,,,149.0,-112.0,-112.0,2025-12-03,1.0,False,142.83765869140626,-2.725441837310792,73.20182,78.03204,-3.102965,-5.519168,142.83765869140626,-2.725441837310792
401806372,2025.0,2025-12-02,South Carolina Gamecocks,Virginia Tech Hokies,0.0,0.0,,,,,False,Colonial Life Arena,2025-12-03 00:00:00+00:00,,2025-12-02 19:00,EST,2025-12-03T00:00:00Z,2025-12-02,,,southcarolinagamecocks::virginiatech,5c9ea8bbabbcee63441bdd16903b62f8,BetUS,h2h,2h,2025-12-03 00:00:00+00:00,2025-12-02 23:34:06+00:00,South Carolina Gamecocks,Virginia Tech Hokies,-125.0,105.0,,,,,,,,2025-12-03,1.0,False,142.83765869140626,-2.725441837310792,73.20182,78.03204,-3.102965,-5.519168,78.03204,-5.519168
401806372,2025.0,2025-12-02,South Carolina Gamecocks,Virginia Tech Hokies,0.0,0.0,,,,,False,Colonial Life Arena,2025-12-03 00:00:00+00:00,,2025-12-02 19:00,EST,2025-12-03T00:00:00Z,2025-12-02,,,southcarolinagamecocks::virginiatech,5c9ea8bbabbcee63441bdd16903b62f8,BetUS,spreads,full_game,2025-12-03 00:00:00+00:00,2025-12-02 23:34:06+00:00,South Carolina Gamecocks,Virginia Tech Hokies,,,-1.5,-110.0,1.5,-110.0,,,,2025-12-03,1.0,False,142.83765869140626,-2.725441837310792,73.20182,78.03204,-3.102965,-5.519168,142.83765869140626,-2.725441837310792
401806372,2025.0,2025-12-02,South Carolina Gamecocks,Virginia Tech Hokies,0.0,0.0,,,,,False,Colonial Life Arena,2025-12-03 00:00:00+00:00,,2025-12-02 19:00,EST,2025-12-03T00:00:00Z,2025-12-02,,,southcarolinagamecocks::virginiatech,5c9ea8bbabbcee63441bdd16903b62f8,BetUS,totals,full_game,2025-12-03 00:00:00+00:00,2025-12-02 23:34:06+00:00,South Carolina Gamecocks,Virginia Tech Hokies,,,,,,,149.0,-110.0,-110.0,2025-12-03,1.0,False,142.83765869140626,-2.725441837310792,73.20182,78.03204,-3.102965,-5.519168,142.83765869140626,-2.725441837310792
401806372,2025.0,2025-12-02,South Carolina Gamecocks,Virginia Tech Hokies,0.0,0.0,,,,,False,Colonial Life Arena,2025-12-03 00:00:00+00:00,,2025-12-02 19:00,EST,2025-12-03T00:00:00Z,2025-12-02,,,southcarolinagamecocks::virginiatech,5c9ea8bbabbcee63441bdd16903b62f8,Bovada,h2h,2h,2025-12-03 00:00:00+00:00,2025-12-02 23:34:11+00:00,South Carolina Gamecocks,Virginia Tech Hokies,-125.0,105.0,,,,,,,,2025-12-03,1.0,False,142.83765869140626,-2.725441837310792,73.20182,78.03204,-3.102965,-5.519168,78.03204,-5.519168
401806372,2025.0,2025-12-02,South Carolina Gamecocks,Virginia Tech Hokies,0.0,0.0,,,,,False,Colonial Life Arena,2025-12-03 00:00:00+00:00,,2025-12-02 19:00,EST,2025-12-03T00:00:00Z,2025-12-02,,,southcarolinagamecocks::virginiatech,5c9ea8bbabbcee63441bdd16903b62f8,Bovada,spreads,full_game,2025-12-03 00:00:00+00:00,2025-12-02 23:34:11+00:00,South Carolina Gamecocks,Virginia Tech Hokies,,,-1.5,-115.0,1.5,-105.0,,,,2025-12-03,1.0,False,142.83765869140626,-2.725441837310792,73.20182,78.03204,-3.102965,-5.519168,142.83765869140626,-2.725441837310792
401806372,2025.0,2025-12-02,South Carolina Gamecocks,Virginia Tech Hokies,0.0,0.0,,,,,False,Colonial Life Arena,2025-12-03 00:00:00+00:00,,2025-12-02 19:00,EST,2025-12-03T00:00:00Z,2025-12-02,,,southcarolinagamecocks::virginiatech,5c9ea8bbabbcee63441bdd16903b62f8,Bovada,totals,full_game,2025-12-03 00:00:00+00:00,2025-12-02 23:34:11+00:00,South Carolina Gamecocks,Virginia Tech Hokies,,,,,,,149.5,-110.0,-110.0,2025-12-03,1.0,False,142.83765869140626,-2.725441837310792,73.20182,78.03204,-3.102965,-5.519168,142.83765869140626,-2.725441837310792
401806372,2025.0,2025-12-02,South Carolina Gamecocks,Virginia Tech Hokies,0.0,0.0,,,,,False,Colonial Life Arena,2025-12-03 00:00:00+00:00,,2025-12-02 19:00,EST,2025-12-03T00:00:00Z,2025-12-02,,,southcarolinagamecocks::virginiatech,5c9ea8bbabbcee63441bdd16903b62f8,Caesars,h2h,2h,2025-12-03 00:00:00+00:00,2025-12-02 23:33:06+00:00,South Carolina Gamecocks,Virginia Tech Hokies,-125.0,105.0,,,,,,,,2025-12-03,1.0,False,142.83765869140626,-2.725441837310792,73.20182,78.03204,-3.102965,-5.519168,78.03204,-5.519168
401806372,2025.0,2025-12-02,South Carolina Gamecocks,Virginia Tech Hokies,0.0,0.0,,,,,False,Colonial Life Arena,2025-12-03 00:00:00+00:00,,2025-12-02 19:00,EST,2025-12-03T00:00:00Z,2025-12-02,,,southcarolinagamecocks::virginiatech,5c9ea8bbabbcee63441bdd16903b62f8,Caesars,spreads,full_game,2025-12-03 00:00:00+00:00,2025-12-02 23:33:06+00:00,South Carolina Gamecocks,Virginia Tech Hokies,,,-1.5,-110.0,1.5,-110.0,,,,2025-12-03,1.0,False,142.83765869140626,-2.725441837310792,73.20182,78.03204,-3.102965,-5.519168,142.83765869140626,-2.725441837310792
401806372,2025.0,2025-12-02,South Carolina Gamecocks,Virginia Tech Hokies,0.0,0.0,,,,,False,Colonial Life Arena,2025-12-03 00:00:00+00:00,,2025-12-02 19:00,EST,2025-12-03T00:00:00Z,2025-12-02,,,southcarolinagamecocks::virginiatech,5c9ea8bbabbcee63441bdd16903b62f8,Caesars,totals,full_game,2025-12-03 00:00:00+00:00,2025-12-02 23:33:06+00:00,South Carolina Gamecocks,Virginia Tech Hokies,,,,,,,149.5,-110.0,-110.0,2025-12-03,1.0,False,142.83765869140626,-2.725441837310792,73.20182,78.03204,-3.102965,-5.519168,142.83765869140626,-2.725441837310792
401806372,2025.0,2025-12-02,South Carolina Gamecocks,Virginia Tech Hokies,0.0,0.0,,,,,False,Colonial Life Arena,2025-12-03 00:00:00+00:00,,2025-12-02 19:00,EST,2025-12-03T00:00:00Z,2025-12-02,,,southcarolinagamecocks::virginiatech,5c9ea8bbabbcee63441bdd16903b62f8,DraftKings,h2h,2h,2025-12-03 00:00:00+00:00,2025-12-02 23:34:22+00:00,South Carolina Gamecocks,Virginia Tech Hokies,-125.0,105.0,,,,,,,,2025-12-03,1.0,False,142.83765869140626,-2.725441837310792,73.20182,78.03204,-3.102965,-5.519168,78.03204,-5.519168
401806372,2025.0,2025-12-02,South Carolina Gamecocks,Virginia Tech Hokies,0.0,0.0,,,,,False,Colonial Life Arena,2025-12-03 00:00:00+00:00,,2025-12-02 19:00,EST,2025-12-03T00:00:00Z,2025-12-02,,,southcarolinagamecocks::virginiatech,5c9ea8bbabbcee63441bdd16903b62f8,DraftKings,spreads,full_game,2025-12-03 00:00:00+00:00,2025-12-02 23:34:22+00:00,South Carolina Gamecocks,Virginia Tech Hokies,,,-1.5,-110.0,1.5,-110.0,,,,2025-12-03,1.0,False,142.83765869140626,-2.725441837310792,73.20182,78.03204,-3.102965,-5.519168,142.83765869140626,-2.725441837310792
401806372,2025.0,2025-12-02,South Carolina Gamecocks,Virginia Tech Hokies,0.0,0.0,,,,,False,Colonial Life Arena,2025-12-03 00:00:00+00:00,,2025-12-02 19:00,EST,2025-12-03T00:00:00Z,2025-12-02,,,southcarolinagamecocks::virginiatech,5c9ea8bbabbcee63441bdd16903b62f8,DraftKings,totals,full_game,2025-12-03 00:00:00+00:00,2025-12-02 23:34:22+00:00,South Carolina Gamecocks,Virginia Tech Hokies,,,,,,,149.5,-110.0,-110.0,2025-12-03,1.0,False,142.83765869140626,-2.725441837310792,73.20182,78.03204,-3.102965,-5.519168,142.83765869140626,-2.725441837310792
401806372,2025.0,2025-12-02,South Carolina Gamecocks,Virginia Tech Hokies,0.0,0.0,,,,,False,Colonial Life Arena,2025-12-03 00:00:00+00:00,,2025-12-02 19:00,EST,2025-12-03T00:00:00Z,2025-12-02,,,southcarolinagamecocks::virginiatech,5c9ea8bbabbcee63441bdd16903b62f8,FanDuel,h2h,2h,2025-12-03 00:00:00+00:00,2025-12-02 23:33:54+00:00,South Carolina Gamecocks,Virginia Tech Hokies,-125.0,104.0,,,,,,,,2025-12-03,1.0,False,142.83765869140626,-2.725441837310792,73.20182,78.03204,-3.102965,-5.519168,78.03204,-5.519168
401806372,2025.0,2025-12-02,South Carolina Gamecocks,Virginia Tech Hokies,0.0,0.0,,,,,False,Colonial Life Arena,2025-12-03 00:00:00+00:00,,2025-12-02 19:00,EST,2025-12-03T00:00:00Z,2025-12-02,,,southcarolinagamecocks::virginiatech,5c9ea8bbabbcee63441bdd16903b62f8,FanDuel,spreads,full_game,2025-12-03 00:00:00+00:00,2025-12-02 23:33:54+00:00,South Carolina Gamecocks,Virginia Tech Hokies,,,-1.5,-105.0,1.5,-115.0,,,,2025-12-03,1.0,False,142.83765869140626,-2.725441837310792,73.20182,78.03204,-3.102965,-5.519168,142.83765869140626,-2.725441837310792
401806372,2025.0,2025-12-02,South Carolina Gamecocks,Virginia Tech Hokies,0.0,0.0,,,,,False,Colonial Life Arena,2025-12-03 00:00:00+00:00,,2025-12-02 19:00,EST,2025-12-03T00:00:00Z,2025-12-02,,,southcarolinagamecocks::virginiatech,5c9ea8bbabbcee63441bdd16903b62f8,FanDuel,totals,full_game,2025-12-03 00:00:00+00:00,2025-12-02 23:33:54+00:00,South Carolina Gamecocks,Virginia Tech Hokies,,,,,,,149.5,-115.0,-105.0,2025-12-03,1.0,False,142.83765869140626,-2.725441837310792,73.20182,78.03204,-3.102965,-5.519168,142.83765869140626,-2.725441837310792
401806372,2025.0,2025-12-02,South Carolina Gamecocks,Virginia Tech Hokies,0.0,0.0,,,,,False,Colonial Life Arena,2025-12-03 00:00:00+00:00,,2025-12-02 19:00,EST,2025-12-03T00:00:00Z,2025-12-02,,,southcarolinagamecocks::virginiatech,5c9ea8bbabbcee63441bdd16903b62f8,Fanatics,h2h,2h,2025-12-03 00:00:00+00:00,2025-12-02 23:34:00+00:00,South Carolina Gamecocks,Virginia Tech Hokies,-125.0,105.0,,,,,,,,2025-12-03,1.0,False,142.83765869140626,-2.725441837310792,73.20182,78.03204,-3.102965,-5.519168,78.03204,-5.519168
401806372,2025.0,2025-12-02,South Carolina Gamecocks,Virginia Tech Hokies,0.0,0.0,,,,,False,Colonial Life Arena,2025-12-03 00:00:00+00:00,,2025-12-02 19:00,EST,2025-12-03T00:00:00Z,2025-12-02,,,southcarolinagamecocks::virginiatech,5c9ea8bbabbcee63441bdd16903b62f8,Fanatics,spreads,full_game,2025-12-03 00:00:00+00:00,2025-12-02 23:34:00+00:00,South Carolina Gamecocks,Virginia Tech Hokies,,,-1.5,-110.0,1.5,-110.0,,,,2025-12-03,1.0,False,142.83765869140626,-2.725441837310792,73.20182,78.03204,-3.102965,-5.519168,142.83765869140626,-2.725441837310792
401806372,2025.0,2025-12-02,South Carolina Gamecocks,Virginia Tech Hokies,0.0,0.0,,,,,False,Colonial Life Arena,2025-12-03 00:00:00+00:00,,2025-12-02 19:00,EST,2025-12-03T00:00:00Z,2025-12-02,,,southcarolinagamecocks::virginiatech,5c9ea8bbabbcee63441bdd16903b62f8,Fanatics,totals,full_game,2025-12-03 00:00:00+00:00,2025-12-02 23:34:00+00:00,South Carolina Gamecocks,Virginia Tech Hokies,,,,,,,149.5,-110.0,-110.0,2025-12-03,1.0,False,142.83765869140626,-2.725441837310792,73.20182,78.03204,-3.102965,-5.519168,142.83765869140626,-2.725441837310792
401806372,2025.0,2025-12-02,South Carolina Gamecocks,Virginia Tech Hokies,0.0,0.0,,,,,False,Colonial Life Arena,2025-12-03 00:00:00+00:00,,2025-12-02 19:00,EST,2025-12-03T00:00:00Z,2025-12-02,,,southcarolinagamecocks::virginiatech,5c9ea8bbabbcee63441bdd16903b62f8,LowVig.ag,h2h,2h,2025-12-03 00:00:00+00:00,2025-12-02 23:34:20+00:00,South Carolina Gamecocks,Virginia Tech Hokies,-125.0,105.0,,,,,,,,2025-12-03,1.0,False,142.83765869140626,-2.725441837310792,73.20182,78.03204,-3.102965,-5.519168,78.03204,-5.519168
401806372,2025.0,2025-12-02,South Carolina Gamecocks,Virginia Tech Hokies,0.0,0.0,,,,,False,Colonial Life Arena,2025-12-03 00:00:00+00:00,,2025-12-02 19:00,EST,2025-12-03T00:00:00Z,2025-12-02,,,southcarolinagamecocks::virginiatech,5c9ea8bbabbcee63441bdd16903b62f8,LowVig.ag,spreads,full_game,2025-12-03 00:00:00+00:00,2025-12-02 23:34:20+00:00,South Carolina Gamecocks,Virginia Tech Hokies,,,-1.5,-108.0,1.5,-104.0,,,,2025-12-03,1.0,False,142.83765869140626,-2.725441837310792,73.20182,78.03204,-3.102965,-5.519168,142.83765869140626,-2.725441837310792
401806372,2025.0,2025-12-02,South Carolina Gamecocks,Virginia Tech Hokies,0.0,0.0,,,,,False,Colonial Life Arena,2025-12-03 00:00:00+00:00,,2025-12-02 19:00,EST,2025-12-03T00:00:00Z,2025-12-02,,,southcarolinagamecocks::virginiatech,5c9ea8bbabbcee63441bdd16903b62f8,LowVig.ag,totals,full_game,2025-12-03 00:00:00+00:00,2025-12-02 23:34:20+00:00,South Carolina Gamecocks,Virginia Tech Hokies,,,,,,,149.5,-108.0,-108.0,2025-12-03,1.0,False,142.83765869140626,-2.725441837310792,73.20182,78.03204,-3.102965,-5.519168,142.83765869140626,-2.725441837310792
401812289,2025.0,2025-12-02,Providence Friars,Fairleigh Dickinson Knights,0.0,0.0,,,,,False,Amica Mutual Pavilion,2025-12-03 00:00:00+00:00,,2025-12-02 19:00,EST,2025-12-03T00:00:00Z,2025-12-02,,,fairleighdickinson::providence,dbb1ad5ba45cf0eda3bdd97da946b35b,BetMGM,spreads,full_game,2025-12-03 00:00:00+00:00,2025-12-02 23:34:07+00:00,Providence Friars,Fairleigh Dickinson Knights,,,-26.5,-118.0,26.5,-102.0,,,,2025-12-03,1.0,False,146.68017578125,22.305818557739254,71.843414,78.345055,10.235043,12.23958,146.68017578125,22.305818557739254
401812289,2025.0,2025-12-02,Providence Friars,Fairleigh Dickinson Knights,0.0,0.0,,,,,False,Amica Mutual Pavilion,2025-12-03 00:00:00+00:00,,2025-12-02 19:00,EST,2025-12-03T00:00:00Z,2025-12-02,,,fairleighdickinson::providence,dbb1ad5ba45cf0eda3bdd97da946b35b,BetMGM,totals,full_game,2025-12-03 00:00:00+00:00,2025-12-02 23:34:07+00:00,Providence Friars,Fairleigh Dickinson Knights,,,,,,,162.5,-105.0,-115.0,2025-12-03,1.0,False,146.68017578125,22.305818557739254,71.843414,78.345055,10.235043,12.23958,146.68017578125,22.305818557739254
401812289,2025.0,2025-12-02,Providence Friars,Fairleigh Dickinson Knights,0.0,0.0,,,,,False,Amica Mutual Pavilion,2025-12-03 00:00:00+00:00,,2025-12-02 19:00,EST,2025-12-03T00:00:00Z,2025-12-02,,,fairleighdickinson::providence,dbb1ad5ba45cf0eda3bdd97da946b35b,BetOnline.ag,spreads,full_game,2025-12-03 00:00:00+00:00,2025-12-02 23:34:36+00:00,Providence Friars,Fairleigh Dickinson Knights,,,-27.0,-108.0,27.0,-112.0,,,,2025-12-03,1.0,False,146.68017578125,22.305818557739254,71.843414,78.345055,10.235043,12.23958,146.68017578125,22.305818557739254
401812289,2025.0,2025-12-02,Providence Friars,Fairleigh Dickinson Knights,0.0,0.0,,,,,False,Amica Mutual Pavilion,2025-12-03 00:00:00+00:00,,2025-12-02 19:00,EST,2025-12-03T00:00:00Z,2025-12-02,,,fairleighdickinson::providence,dbb1ad5ba45cf0eda3bdd97da946b35b,BetOnline.ag,totals,full_game,2025-12-03 00:00:00+00:00,2025-12-02 23:34:36+00:00,Providence Friars,Fairleigh Dickinson Knights,,,,,,,162.0,-110.0,-110.0,2025-12-03,1.0,False,146.68017578125,22.305818557739254,71.843414,78.345055,10.235043,12.23958,146.68017578125,22.305818557739254
401812289,2025.0,2025-12-02,Providence Friars,Fairleigh Dickinson Knights,0.0,0.0,,,,,False,Amica Mutual Pavilion,2025-12-03 00:00:00+00:00,,2025-12-02 19:00,EST,2025-12-03T00:00:00Z,2025-12-02,,,fairleighdickinson::providence,dbb1ad5ba45cf0eda3bdd97da946b35b,BetRivers,spreads,full_game,2025-12-03 00:00:00+00:00,2025-12-02 23:34:22+00:00,Providence Friars,Fairleigh Dickinson Knights,,,-27.0,-113.0,27.0,-110.0,,,,2025-12-03,1.0,False,146.68017578125,22.305818557739254,71.843414,78.345055,10.235043,12.23958,146.68017578125,22.305818557739254
401812289,2025.0,2025-12-02,Providence Friars,Fairleigh Dickinson Knights,0.0,0.0,,,,,False,Amica Mutual Pavilion,2025-12-03 00:00:00+00:00,,2025-12-02 19:00,EST,2025-12-03T00:00:00Z,2025-12-02,,,fairleighdickinson::providence,dbb1ad5ba45cf0eda3bdd97da946b35b,BetRivers,totals,full_game,2025-12-03 00:00:00+00:00,2025-12-02 23:34:22+00:00,Providence Friars,Fairleigh Dickinson Knights,,,,,,,162.5,-112.0,-112.0,2025-12-03,1.0,False,146.68017578125,22.305818557739254,71.843414,78.345055,10.235043,12.23958,146.68017578125,22.305818557739254
401812289,2025.0,2025-12-02,Providence Friars,Fairleigh Dickinson Knights,0.0,0.0,,,,,False,Amica Mutual Pavilion,2025-12-03 00:00:00+00:00,,2025-12-02 19:00,EST,2025-12-03T00:00:00Z,2025-12-02,,,fairleighdickinson::providence,dbb1ad5ba45cf0eda3bdd97da946b35b,BetUS,spreads,full_game,2025-12-03 00:00:00+00:00,2025-12-02 23:34:07+00:00,Providence Friars,Fairleigh Dickinson Knights,,,-27.0,-110.0,27.0,-110.0,,,,2025-12-03,1.0,False,146.68017578125,22.305818557739254,71.843414,78.345055,10.235043,12.23958,146.68017578125,22.305818557739254
401812289,2025.0,2025-12-02,Providence Friars,Fairleigh Dickinson Knights,0.0,0.0,,,,,False,Amica Mutual Pavilion,2025-12-03 00:00:00+00:00,,2025-12-02 19:00,EST,2025-12-03T00:00:00Z,2025-12-02,,,fairleighdickinson::providence,dbb1ad5ba45cf0eda3bdd97da946b35b,BetUS,totals,full_game,2025-12-03 00:00:00+00:00,2025-12-02 23:34:07+00:00,Providence Friars,Fairleigh Dickinson Knights,,,,,,,162.0,-110.0,-110.0,2025-12-03,1.0,False,146.68017578125,22.305818557739254,71.843414,78.345055,10.235043,12.23958,146.68017578125,22.305818557739254
401812289,2025.0,2025-12-02,Providence Friars,Fairleigh Dickinson Knights,0.0,0.0,,,,,False,Amica Mutual Pavilion,2025-12-03 00:00:00+00:00,,2025-12-02 19:00,EST,2025-12-03T00:00:00Z,2025-12-02,,,fairleighdickinson::providence,dbb1ad5ba45cf0eda3bdd97da946b35b,Bovada,spreads,full_game,2025-12-03 00:00:00+00:00,2025-12-02 23:34:10+00:00,Providence Friars,Fairleigh Dickinson Knights,,,-27.0,-105.0,27.0,-115.0,,,,2025-12-03,1.0,False,146.68017578125,22.305818557739254,71.843414,78.345055,10.235043,12.23958,146.68017578125,22.305818557739254
401812289,2025.0,2025-12-02,Providence Friars,Fairleigh Dickinson Knights,0.0,0.0,,,,,False,Amica Mutual Pavilion,2025-12-03 00:00:00+00:00,,2025-12-02 19:00,EST,2025-12-03T00:00:00Z,2025-12-02,,,fairleighdickinson::providence,dbb1ad5ba45cf0eda3bdd97da946b35b,Bovada,totals,full_game,2025-12-03 00:00:00+00:00,2025-12-02 23:34:10+00:00,Providence Friars,Fairleigh Dickinson Knights,,,,,,,162.0,-110.0,-110.0,2025-12-03,1.0,False,146.68017578125,22.305818557739254,71.843414,78.345055,10.235043,12.23958,146.68017578125,22.305818557739254
401812289,2025.0,2025-12-02,Providence Friars,Fairleigh Dickinson Knights,0.0,0.0,,,,,False,Amica Mutual Pavilion,2025-12-03 00:00:00+00:00,,2025-12-02 19:00,EST,2025-12-03T00:00:00Z,2025-12-02,,,fairleighdickinson::providence,dbb1ad5ba45cf0eda3bdd97da946b35b,Caesars,spreads,full_game,2025-12-03 00:00:00+00:00,2025-12-02 23:33:06+00:00,Providence Friars,Fairleigh Dickinson Knights,,,-26.0,-110.0,26.0,-110.0,,,,2025-12-03,1.0,False,146.68017578125,22.305818557739254,71.843414,78.345055,10.235043,12.23958,146.68017578125,22.305818557739254
401812289,2025.0,2025-12-02,Providence Friars,Fairleigh Dickinson Knights,0.0,0.0,,,,,False,Amica Mutual Pavilion,2025-12-03 00:00:00+00:00,,2025-12-02 19:00,EST,2025-12-03T00:00:00Z,2025-12-02,,,fairleighdickinson::providence,dbb1ad5ba45cf0eda3bdd97da946b35b,Caesars,totals,full_game,2025-12-03 00:00:00+00:00,2025-12-02 23:33:06+00:00,Providence Friars,Fairleigh Dickinson Knights,,,,,,,162.0,-110.0,-110.0,2025-12-03,1.0,False,146.68017578125,22.305818557739254,71.843414,78.345055,10.235043,12.23958,146.68017578125,22.305818557739254
401812289,2025.0,2025-12-02,Providence Friars,Fairleigh Dickinson Knights,0.0,0.0,,,,,False,Amica Mutual Pavilion,2025-12-03 00:00:00+00:00,,2025-12-02 19:00,EST,2025-12-03T00:00:00Z,2025-12-02,,,fairleighdickinson::providence,dbb1ad5ba45cf0eda3bdd97da946b35b,DraftKings,spreads,full_game,2025-12-03 00:00:00+00:00,2025-12-02 23:34:22+00:00,Providence Friars,Fairleigh Dickinson Knights,,,-26.5,-112.0,26.5,-108.0,,,,2025-12-03,1.0,False,146.68017578125,22.305818557739254,71.843414,78.345055,10.235043,12.23958,146.68017578125,22.305818557739254
401812289,2025.0,2025-12-02,Providence Friars,Fairleigh Dickinson Knights,0.0,0.0,,,,,False,Amica Mutual Pavilion,2025-12-03 00:00:00+00:00,,2025-12-02 19:00,EST,2025-12-03T00:00:00Z,2025-12-02,,,fairleighdickinson::providence,dbb1ad5ba45cf0eda3bdd97da946b35b,DraftKings,totals,full_game,2025-12-03 00:00:00+00:00,2025-12-02 23:34:22+00:00,Providence Friars,Fairleigh Dickinson Knights,,,,,,,162.5,-105.0,-115.0,2025-12-03,1.0,False,146.68017578125,22.305818557739254,71.843414,78.345055,10.235043,12.23958,146.68017578125,22.305818557739254
401812289,2025.0,2025-12-02,Providence Friars,Fairleigh Dickinson Knights,0.0,0.0,,,,,False,Amica Mutual Pavilion,2025-12-03 00:00:00+00:00,,2025-12-02 19:00,EST,2025-12-03T00:00:00Z,2025-12-02,,,fairleighdickinson::providence,dbb1ad5ba45cf0eda3bdd97da946b35b,FanDuel,h2h,2h,2025-12-03 00:00:00+00:00,2025-12-02 23:33:54+00:00,Providence Friars,Fairleigh Dickinson Knights,-20000.0,3500.0,,,,,,,,2025-12-03,1.0,False,146.68017578125,22.305818557739254,71.843414,78.345055,10.235043,12.23958,78.345055,12.23958
401812289,2025.0,2025-12-02,Providence Friars,Fairleigh Dickinson Knights,0.0,0.0,,,,,False,Amica Mutual Pavilion,2025-12-03 00:00:00+00:00,,2025-12-02 19:00,EST,2025-12-03T00:00:00Z,2025-12-02,,,fairleighdickinson::providence,dbb1ad5ba45cf0eda3bdd97da946b35b,FanDuel,spreads,full_game,2025-12-03 00:00:00+00:00,2025-12-02 23:33:54+00:00,Providence Friars,Fairleigh Dickinson Knights,,,-27.5,-114.0,27.5,-106.0,,,,2025-12-03,1.0,False,146.68017578125,22.305818557739254,71.843414,78.345055,10.235043,12.23958,146.68017578125,22.305818557739254
401812289,2025.0,2025-12-02,Providence Friars,Fairleigh Dickinson Knights,0.0,0.0,,,,,False,Amica Mutual Pavilion,2025-12-03 00:00:00+00:00,,2025-12-02 19:00,EST,2025-12-03T00:00:00Z,2025-12-02,,,fairleighdickinson::providence,dbb1ad5ba45cf0eda3bdd97da946b35b,FanDuel,totals,full_game,2025-12-03 00:00:00+00:00,2025-12-02 23:33:54+00:00,Providence Friars,Fairleigh Dickinson Knights,,,,,,,162.5,-114.0,-106.0,2025-12-03,1.0,False,146.68017578125,22.305818557739254,71.843414,78.345055,10.235043,12.23958,146.68017578125,22.305818557739254
401812289,2025.0,2025-12-02,Providence Friars,Fairleigh Dickinson Knights,0.0,0.0,,,,,False,Amica Mutual Pavilion,2025-12-03 00:00:00+00:00,,2025-12-02 19:00,EST,2025-12-03T00:00:00Z,2025-12-02,,,fairleighdickinson::providence,dbb1ad5ba45cf0eda3bdd97da946b35b,LowVig.ag,spreads,full_game,2025-12-03 00:00:00+00:00,2025-12-02 23:34:20+00:00,Providence Friars,Fairleigh Dickinson Knights,,,-27.0,-104.0,27.0,-108.0,,,,2025-12-03,1.0,False,146.68017578125,22.305818557739254,71.843414,78.345055,10.235043,12.23958,146.68017578125,22.305818557739254
401812289,2025.0,2025-12-02,Providence Friars,Fairleigh Dickinson Knights,0.0,0.0,,,,,False,Amica Mutual Pavilion,2025-12-03 00:00:00+00:00,,2025-12-02 19:00,EST,2025-12-03T00:00:00Z,2025-12-02,,,fairleighdickinson::providence,dbb1ad5ba45cf0eda3bdd97da946b35b,LowVig.ag,totals,full_game,2025-12-03 00:00:00+00:00,2025-12-02 23:34:20+00:00,Providence Friars,Fairleigh Dickinson Knights,,,,,,,162.0,-108.0,-108.0,2025-12-03,1.0,False,146.68017578125,22.305818557739254,71.843414,78.345055,10.235043,12.23958,146.68017578125,22.305818557739254
401812791,2025.0,2025-12-02,Kansas Jayhawks,UConn Huskies,0.0,0.0,,,,,False,Allen Fieldhouse,2025-12-03 02:00:00+00:00,,2025-12-02 21:00,EST,2025-12-03T02:00:00Z,2025-12-02,,,connecticut::kansas,49fa4b000f06c6dd3e8cc5cc82e6a455,BetMGM,h2h,2h,2025-12-03 02:00:00+00:00,2025-12-02 23:34:07+00:00,Kansas Jayhawks,UConn Huskies,110.0,-135.0,,,,,,,,2025-12-03,1.0,False,158.033935546875,-5.906745433807373,76.6974,79.87182,0.024237871,-5.0455914,79.87182,-5.0455914
401812791,2025.0,2025-12-02,Kansas Jayhawks,UConn Huskies,0.0,0.0,,,,,False,Allen Fieldhouse,2025-12-03 02:00:00+00:00,,2025-12-02 21:00,EST,2025-12-03T02:00:00Z,2025-12-02,,,connecticut::kansas,49fa4b000f06c6dd3e8cc5cc82e6a455,BetMGM,spreads,full_game,2025-12-03 02:00:00+00:00,2025-12-02 23:34:07+00:00,Kansas Jayhawks,UConn Huskies,,,1.5,-105.0,-1.5,-115.0,,,,2025-12-03,1.0,False,158.033935546875,-5.906745433807373,76.6974,79.87182,0.024237871,-5.0455914,158.033935546875,-5.906745433807373
401812791,2025.0,2025-12-02,Kansas Jayhawks,UConn Huskies,0.0,0.0,,,,,False,Allen Fieldhouse,2025-12-03 02:00:00+00:00,,2025-12-02 21:00,EST,2025-12-03T02:00:00Z,2025-12-02,,,connecticut::kansas,49fa4b000f06c6dd3e8cc5cc82e6a455,BetMGM,totals,full_game,2025-12-03 02:00:00+00:00,2025-12-02 23:34:07+00:00,Kansas Jayhawks,UConn Huskies,,,,,,,141.5,-110.0,-110.0,2025-12-03,1.0,False,158.033935546875,-5.906745433807373,76.6974,79.87182,0.024237871,-5.0455914,158.033935546875,-5.906745433807373
401812791,2025.0,2025-12-02,Kansas Jayhawks,UConn Huskies,0.0,0.0,,,,,False,Allen Fieldhouse,2025-12-03 02:00:00+00:00,,2025-12-02 21:00,EST,2025-12-03T02:00:00Z,2025-12-02,,,connecticut::kansas,49fa4b000f06c6dd3e8cc5cc82e6a455,BetOnline.ag,h2h,2h,2025-12-03 02:00:00+00:00,2025-12-02 23:34:37+00:00,Kansas Jayhawks,UConn Huskies,108.0,-128.0,,,,,,,,2025-12-03,1.0,False,158.033935546875,-5.906745433807373,76.6974,79.87182,0.024237871,-5.0455914,79.87182,-5.0455914
401812791,2025.0,2025-12-02,Kansas Jayhawks,UConn Huskies,0.0,0.0,,,,,False,Allen Fieldhouse,2025-12-03 02:00:00+00:00,,2025-12-02 21:00,EST,2025-12-03T02:00:00Z,2025-12-02,,,connecticut::kansas,49fa4b000f06c6dd3e8cc5cc82e6a455,BetOnline.ag,spreads,full_game,2025-12-03 02:00:00+00:00,2025-12-02 23:34:37+00:00,Kansas Jayhawks,UConn Huskies,,,2.0,-115.0,-2.0,-105.0,,,,2025-12-03,1.0,False,158.033935546875,-5.906745433807373,76.6974,79.87182,0.024237871,-5.0455914,158.033935546875,-5.906745433807373
401812791,2025.0,2025-12-02,Kansas Jayhawks,UConn Huskies,0.0,0.0,,,,,False,Allen Fieldhouse,2025-12-03 02:00:00+00:00,,2025-12-02 21:00,EST,2025-12-03T02:00:00Z,2025-12-02,,,connecticut::kansas,49fa4b000f06c6dd3e8cc5cc82e6a455,BetOnline.ag,totals,full_game,2025-12-03 02:00:00+00:00,2025-12-02 23:34:37+00:00,Kansas Jayhawks,UConn Huskies,,,,,,,141.5,-110.0,-110.0,2025-12-03,1.0,False,158.033935546875,-5.906745433807373,76.6974,79.87182,0.024237871,-5.0455914,158.033935546875,-5.906745433807373
401812791,2025.0,2025-12-02,Kansas Jayhawks,UConn Huskies,0.0,0.0,,,,,False,Allen Fieldhouse,2025-12-03 02:00:00+00:00,,2025-12-02 21:00,EST,2025-12-03T02:00:00Z,2025-12-02,,,connecticut::kansas,49fa4b000f06c6dd3e8cc5cc82e6a455,BetRivers,h2h,2h,2025-12-03 02:00:00+00:00,2025-12-02 23:34:22+00:00,Kansas Jayhawks,UConn Huskies,106.0,-132.0,,,,,,,,2025-12-03,1.0,False,158.033935546875,-5.906745433807373,76.6974,79.87182,0.024237871,-5.0455914,79.87182,-5.0455914
401812791,2025.0,2025-12-02,Kansas Jayhawks,UConn Huskies,0.0,0.0,,,,,False,Allen Fieldhouse,2025-12-03 02:00:00+00:00,,2025-12-02 21:00,EST,2025-12-03T02:00:00Z,2025-12-02,,,connecticut::kansas,49fa4b000f06c6dd3e8cc5cc82e6a455,BetRivers,spreads,full_game,2025-12-03 02:00:00+00:00,2025-12-02 23:34:22+00:00,Kansas Jayhawks,UConn Huskies,,,2.0,-113.0,-2.0,-109.0,,,,2025-12-03,1.0,False,158.033935546875,-5.906745433807373,76.6974,79.87182,0.024237871,-5.0455914,158.033935546875,-5.906745433807373
401812791,2025.0,2025-12-02,Kansas Jayhawks,UConn Huskies,0.0,0.0,,,,,False,Allen Fieldhouse,2025-12-03 02:00:00+00:00,,2025-12-02 21:00,EST,2025-12-03T02:00:00Z,2025-12-02,,,connecticut::kansas,49fa4b000f06c6dd3e8cc5cc82e6a455,BetRivers,totals,full_game,2025-12-03 02:00:00+00:00,2025-12-02 23:34:22+00:00,Kansas Jayhawks,UConn Huskies,,,,,,,141.5,-110.0,-113.0,2025-12-03,1.0,False,158.033935546875,-5.906745433807373,76.6974,79.87182,0.024237871,-5.0455914,158.033935546875,-5.906745433807373
401812791,2025.0,2025-12-02,Kansas Jayhawks,UConn Huskies,0.0,0.0,,,,,False,Allen Fieldhouse,2025-12-03 02:00:00+00:00,,2025-12-02 21:00,EST,2025-12-03T02:00:00Z,2025-12-02,,,connecticut::kansas,49fa4b000f06c6dd3e8cc5cc82e6a455,BetUS,h2h,2h,2025-12-03 02:00:00+00:00,2025-12-02 23:34:07+00:00,Kansas Jayhawks,UConn Huskies,110.0,-130.0,,,,,,,,2025-12-03,1.0,False,158.033935546875,-5.906745433807373,76.6974,79.87182,0.024237871,-5.0455914,79.87182,-5.0455914
401812791,2025.0,2025-12-02,Kansas Jayhawks,UConn Huskies,0.0,0.0,,,,,False,Allen Fieldhouse,2025-12-03 02:00:00+00:00,,2025-12-02 21:00,EST,2025-12-03T02:00:00Z,2025-12-02,,,connecticut::kansas,49fa4b000f06c6dd3e8cc5cc82e6a455,BetUS,spreads,full_game,2025-12-03 02:00:00+00:00,2025-12-02 23:34:07+00:00,Kansas Jayhawks,UConn Huskies,,,2.0,-110.0,-2.0,-110.0,,,,2025-12-03,1.0,False,158.033935546875,-5.906745433807373,76.6974,79.87182,0.024237871,-5.0455914,158.033935546875,-5.906745433807373
401812791,2025.0,2025-12-02,Kansas Jayhawks,UConn Huskies,0.0,0.0,,,,,False,Allen Fieldhouse,2025-12-03 02:00:00+00:00,,2025-12-02 21:00,EST,2025-12-03T02:00:00Z,2025-12-02,,,connecticut::kansas,49fa4b000f06c6dd3e8cc5cc82e6a455,BetUS,totals,full_game,2025-12-03 02:00:00+00:00,2025-12-02 23:34:07+00:00,Kansas Jayhawks,UConn Huskies,,,,,,,141.5,-110.0,-110.0,2025-12-03,1.0,False,158.033935546875,-5.906745433807373,76.6974,79.87182,0.024237871,-5.0455914,158.033935546875,-5.906745433807373
401812791,2025.0,2025-12-02,Kansas Jayhawks,UConn Huskies,0.0,0.0,,,,,False,Allen Fieldhouse,2025-12-03 02:00:00+00:00,,2025-12-02 21:00,EST,2025-12-03T02:00:00Z,2025-12-02,,,connecticut::kansas,49fa4b000f06c6dd3e8cc5cc82e6a455,Bovada,h2h,2h,2025-12-03 02:00:00+00:00,2025-12-02 23:34:11+00:00,Kansas Jayhawks,UConn Huskies,115.0,-135.0,,,,,,,,2025-12-03,1.0,False,158.033935546875,-5.906745433807373,76.6974,79.87182,0.024237871,-5.0455914,79.87182,-5.0455914
401812791,2025.0,2025-12-02,Kansas Jayhawks,UConn Huskies,0.0,0.0,,,,,False,Allen Fieldhouse,2025-12-03 02:00:00+00:00,,2025-12-02 21:00,EST,2025-12-03T02:00:00Z,2025-12-02,,,connecticut::kansas,49fa4b000f06c6dd3e8cc5cc82e6a455,Bovada,spreads,full_game,2025-12-03 02:00:00+00:00,2025-12-02 23:34:11+00:00,Kansas Jayhawks,UConn Huskies,,,2.0,-115.0,-2.0,-105.0,,,,2025-12-03,1.0,False,158.033935546875,-5.906745433807373,76.6974,79.87182,0.024237871,-5.0455914,158.033935546875,-5.906745433807373
401812791,2025.0,2025-12-02,Kansas Jayhawks,UConn Huskies,0.0,0.0,,,,,False,Allen Fieldhouse,2025-12-03 02:00:00+00:00,,2025-12-02 21:00,EST,2025-12-03T02:00:00Z,2025-12-02,,,connecticut::kansas,49fa4b000f06c6dd3e8cc5cc82e6a455,Bovada,totals,full_game,2025-12-03 02:00:00+00:00,2025-12-02 23:34:11+00:00,Kansas Jayhawks,UConn Huskies,,,,,,,141.5,-115.0,-105.0,2025-12-03,1.0,False,158.033935546875,-5.906745433807373,76.6974,79.87182,0.024237871,-5.0455914,158.033935546875,-5.906745433807373
401812791,2025.0,2025-12-02,Kansas Jayhawks,UConn Huskies,0.0,0.0,,,,,False,Allen Fieldhouse,2025-12-03 02:00:00+00:00,,2025-12-02 21:00,EST,2025-12-03T02:00:00Z,2025-12-02,,,connecticut::kansas,49fa4b000f06c6dd3e8cc5cc82e6a455,Caesars,h2h,2h,2025-12-03 02:00:00+00:00,2025-12-02 23:33:07+00:00,Kansas Jayhawks,UConn Huskies,110.0,-130.0,,,,,,,,2025-12-03,1.0,False,158.033935546875,-5.906745433807373,76.6974,79.87182,0.024237871,-5.0455914,79.87182,-5.0455914
401812791,2025.0,2025-12-02,Kansas Jayhawks,UConn Huskies,0.0,0.0,,,,,False,Allen Fieldhouse,2025-12-03 02:00:00+00:00,,2025-12-02 21:00,EST,2025-12-03T02:00:00Z,2025-12-02,,,connecticut::kansas,49fa4b000f06c6dd3e8cc5cc82e6a455,Caesars,spreads,full_game,2025-12-03 02:00:00+00:00,2025-12-02 23:33:07+00:00,Kansas Jayhawks,UConn Huskies,,,2.0,-110.0,-2.0,-110.0,,,,2025-12-03,1.0,False,158.033935546875,-5.906745433807373,76.6974,79.87182,0.024237871,-5.0455914,158.033935546875,-5.906745433807373
401812791,2025.0,2025-12-02,Kansas Jayhawks,UConn Huskies,0.0,0.0,,,,,False,Allen Fieldhouse,2025-12-03 02:00:00+00:00,,2025-12-02 21:00,EST,2025-12-03T02:00:00Z,2025-12-02,,,connecticut::kansas,49fa4b000f06c6dd3e8cc5cc82e6a455,Caesars,totals,full_game,2025-12-03 02:00:00+00:00,2025-12-02 23:33:07+00:00,Kansas Jayhawks,UConn Huskies,,,,,,,141.5,-110.0,-110.0,2025-12-03,1.0,False,158.033935546875,-5.906745433807373,76.6974,79.87182,0.024237871,-5.0455914,158.033935546875,-5.906745433807373
401812791,2025.0,2025-12-02,Kansas Jayhawks,UConn Huskies,0.0,0.0,,,,,False,Allen Fieldhouse,2025-12-03 02:00:00+00:00,,2025-12-02 21:00,EST,2025-12-03T02:00:00Z,2025-12-02,,,connecticut::kansas,49fa4b000f06c6dd3e8cc5cc82e6a455,DraftKings,h2h,2h,2025-12-03 02:00:00+00:00,2025-12-02 23:34:22+00:00,Kansas Jayhawks,UConn Huskies,110.0,-130.0,,,,,,,,2025-12-03,1.0,False,158.033935546875,-5.906745433807373,76.6974,79.87182,0.024237871,-5.0455914,79.87182,-5.0455914
401812791,2025.0,2025-12-02,Kansas Jayhawks,UConn Huskies,0.0,0.0,,,,,False,Allen Fieldhouse,2025-12-03 02:00:00+00:00,,2025-12-02 21:00,EST,2025-12-03T02:00:00Z,2025-12-02,,,connecticut::kansas,49fa4b000f06c6dd3e8cc5cc82e6a455,DraftKings,spreads,full_game,2025-12-03 02:00:00+00:00,2025-12-02 23:34:22+00:00,Kansas Jayhawks,UConn Huskies,,,1.5,-102.0,-1.5,-118.0,,,,2025-12-03,1.0,False,158.033935546875,-5.906745433807373,76.6974,79.87182,0.024237871,-5.0455914,158.033935546875,-5.906745433807373
401812791,2025.0,2025-12-02,Kansas Jayhawks,UConn Huskies,0.0,0.0,,,,,False,Allen Fieldhouse,2025-12-03 02:00:00+00:00,,2025-12-02 21:00,EST,2025-12-03T02:00:00Z,2025-12-02,,,connecticut::kansas,49fa4b000f06c6dd3e8cc5cc82e6a455,DraftKings,totals,full_game,2025-12-03 02:00:00+00:00,2025-12-02 23:34:22+00:00,Kansas Jayhawks,UConn Huskies,,,,,,,141.5,-112.0,-108.0,2025-12-03,1.0,False,158.033935546875,-5.906745433807373,76.6974,79.87182,0.024237871,-5.0455914,158.033935546875,-5.906745433807373
401812791,2025.0,2025-12-02,Kansas Jayhawks,UConn Huskies,0.0,0.0,,,,,False,Allen Fieldhouse,2025-12-03 02:00:00+00:00,,2025-12-02 21:00,EST,2025-12-03T02:00:00Z,2025-12-02,,,connecticut::kansas,49fa4b000f06c6dd3e8cc5cc82e6a455,FanDuel,h2h,2h,2025-12-03 02:00:00+00:00,2025-12-02 23:33:54+00:00,Kansas Jayhawks,UConn Huskies,106.0,-128.0,,,,,,,,2025-12-03,1.0,False,158.033935546875,-5.906745433807373,76.6974,79.87182,0.024237871,-5.0455914,79.87182,-5.0455914
401812791,2025.0,2025-12-02,Kansas Jayhawks,UConn Huskies,0.0,0.0,,,,,False,Allen Fieldhouse,2025-12-03 02:00:00+00:00,,2025-12-02 21:00,EST,2025-12-03T02:00:00Z,2025-12-02,,,connecticut::kansas,49fa4b000f06c6dd3e8cc5cc82e6a455,FanDuel,spreads,full_game,2025-12-03 02:00:00+00:00,2025-12-02 23:33:54+00:00,Kansas Jayhawks,UConn Huskies,,,1.5,-104.0,-1.5,-118.0,,,,2025-12-03,1.0,False,158.033935546875,-5.906745433807373,76.6974,79.87182,0.024237871,-5.0455914,158.033935546875,-5.906745433807373
401812791,2025.0,2025-12-02,Kansas Jayhawks,UConn Huskies,0.0,0.0,,,,,False,Allen Fieldhouse,2025-12-03 02:00:00+00:00,,2025-12-02 21:00,EST,2025-12-03T02:00:00Z,2025-12-02,,,connecticut::kansas,49fa4b000f06c6dd3e8cc5cc82e6a455,FanDuel,totals,full_game,2025-12-03 02:00:00+00:00,2025-12-02 23:33:54+00:00,Kansas Jayhawks,UConn Huskies,,,,,,,141.5,-102.0,-120.0,2025-12-03,1.0,False,158.033935546875,-5.906745433807373,76.6974,79.87182,0.024237871,-5.0455914,158.033935546875,-5.906745433807373
401812791,2025.0,2025-12-02,Kansas Jayhawks,UConn Huskies,0.0,0.0,,,,,False,Allen Fieldhouse,2025-12-03 02:00:00+00:00,,2025-12-02 21:00,EST,2025-12-03T02:00:00Z,2025-12-02,,,connecticut::kansas,49fa4b000f06c6dd3e8cc5cc82e6a455,Fanatics,h2h,2h,2025-12-03 02:00:00+00:00,2025-12-02 23:34:00+00:00,Kansas Jayhawks,UConn Huskies,110.0,-130.0,,,,,,,,2025-12-03,1.0,False,158.033935546875,-5.906745433807373,76.6974,79.87182,0.024237871,-5.0455914,79.87182,-5.0455914
401812791,2025.0,2025-12-02,Kansas Jayhawks,UConn Huskies,0.0,0.0,,,,,False,Allen Fieldhouse,2025-12-03 02:00:00+00:00,,2025-12-02 21:00,EST,2025-12-03T02:00:00Z,2025-12-02,,,connecticut::kansas,49fa4b000f06c6dd3e8cc5cc82e6a455,Fanatics,spreads,full_game,2025-12-03 02:00:00+00:00,2025-12-02 23:34:00+00:00,Kansas Jayhawks,UConn Huskies,,,2.0,-110.0,-2.0,-110.0,,,,2025-12-03,1.0,False,158.033935546875,-5.906745433807373,76.6974,79.87182,0.024237871,-5.0455914,158.033935546875,-5.906745433807373
401812791,2025.0,2025-12-02,Kansas Jayhawks,UConn Huskies,0.0,0.0,,,,,False,Allen Fieldhouse,2025-12-03 02:00:00+00:00,,2025-12-02 21:00,EST,2025-12-03T02:00:00Z,2025-12-02,,,connecticut::kansas,49fa4b000f06c6dd3e8cc5cc82e6a455,Fanatics,totals,full_game,2025-12-03 02:00:00+00:00,2025-12-02 23:34:00+00:00,Kansas Jayhawks,UConn Huskies,,,,,,,141.5,-110.0,-110.0,2025-12-03,1.0,False,158.033935546875,-5.906745433807373,76.6974,79.87182,0.024237871,-5.0455914,158.033935546875,-5.906745433807373
401812791,2025.0,2025-12-02,Kansas Jayhawks,UConn Huskies,0.0,0.0,,,,,False,Allen Fieldhouse,2025-12-03 02:00:00+00:00,,2025-12-02 21:00,EST,2025-12-03T02:00:00Z,2025-12-02,,,connecticut::kansas,49fa4b000f06c6dd3e8cc5cc82e6a455,LowVig.ag,h2h,2h,2025-12-03 02:00:00+00:00,2025-12-02 23:34:20+00:00,Kansas Jayhawks,UConn Huskies,108.0,-128.0,,,,,,,,2025-12-03,1.0,False,158.033935546875,-5.906745433807373,76.6974,79.87182,0.024237871,-5.0455914,79.87182,-5.0455914
401812791,2025.0,2025-12-02,Kansas Jayhawks,UConn Huskies,0.0,0.0,,,,,False,Allen Fieldhouse,2025-12-03 02:00:00+00:00,,2025-12-02 21:00,EST,2025-12-03T02:00:00Z,2025-12-02,,,connecticut::kansas,49fa4b000f06c6dd3e8cc5cc82e6a455,LowVig.ag,spreads,full_game,2025-12-03 02:00:00+00:00,2025-12-02 23:34:20+00:00,Kansas Jayhawks,UConn Huskies,,,2.0,-111.0,-2.0,-101.0,,,,2025-12-03,1.0,False,158.033935546875,-5.906745433807373,76.6974,79.87182,0.024237871,-5.0455914,158.033935546875,-5.906745433807373
401812791,2025.0,2025-12-02,Kansas Jayhawks,UConn Huskies,0.0,0.0,,,,,False,Allen Fieldhouse,2025-12-03 02:00:00+00:00,,2025-12-02 21:00,EST,2025-12-03T02:00:00Z,2025-12-02,,,connecticut::kansas,49fa4b000f06c6dd3e8cc5cc82e6a455,LowVig.ag,totals,full_game,2025-12-03 02:00:00+00:00,2025-12-02 23:34:20+00:00,Kansas Jayhawks,UConn Huskies,,,,,,,141.5,-108.0,-108.0,2025-12-03,1.0,False,158.033935546875,-5.906745433807373,76.6974,79.87182,0.024237871,-5.0455914,158.033935546875,-5.906745433807373
401813440,2025.0,2025-12-02,Dayton Flyers,East Tennessee State Buccaneers,0.0,0.0,,,,,False,UD Arena,2025-12-03 00:00:00+00:00,,2025-12-02 19:00,EST,2025-12-03T00:00:00Z,2025-12-02,,,dayton::easttennesseestate,8fd0a3f18fd67552fbae4d82225dfd98,BetMGM,h2h,2h,2025-12-03 00:00:00+00:00,2025-12-02 23:34:07+00:00,Dayton Flyers,East Tennessee St Buccaneers,-750.0,525.0,,,,,,,,2025-12-03,1.0,False,147.12960815429688,11.146352767944336,72.065506,78.109314,5.467768,6.1421447,78.109314,6.1421447
401813440,2025.0,2025-12-02,Dayton Flyers,East Tennessee State Buccaneers,0.0,0.0,,,,,False,UD Arena,2025-12-03 00:00:00+00:00,,2025-12-02 19:00,EST,2025-12-03T00:00:00Z,2025-12-02,,,dayton::easttennesseestate,8fd0a3f18fd67552fbae4d82225dfd98,BetMGM,totals,full_game,2025-12-03 00:00:00+00:00,2025-12-02 23:34:07+00:00,Dayton Flyers,East Tennessee St Buccaneers,,,,,,,140.5,-115.0,-105.0,2025-12-03,1.0,False,147.12960815429688,11.146352767944336,72.065506,78.109314,5.467768,6.1421447,147.12960815429688,11.146352767944336
401813440,2025.0,2025-12-02,Dayton Flyers,East Tennessee State Buccaneers,0.0,0.0,,,,,False,UD Arena,2025-12-03 00:00:00+00:00,,2025-12-02 19:00,EST,2025-12-03T00:00:00Z,2025-12-02,,,dayton::easttennesseestate,8fd0a3f18fd67552fbae4d82225dfd98,BetOnline.ag,h2h,2h,2025-12-03 00:00:00+00:00,2025-12-02 23:34:36+00:00,Dayton Flyers,East Tennessee St Buccaneers,-740.0,528.0,,,,,,,,2025-12-03,1.0,False,147.12960815429688,11.146352767944336,72.065506,78.109314,5.467768,6.1421447,78.109314,6.1421447
401813440,2025.0,2025-12-02,Dayton Flyers,East Tennessee State Buccaneers,0.0,0.0,,,,,False,UD Arena,2025-12-03 00:00:00+00:00,,2025-12-02 19:00,EST,2025-12-03T00:00:00Z,2025-12-02,,,dayton::easttennesseestate,8fd0a3f18fd67552fbae4d82225dfd98,BetOnline.ag,spreads,full_game,2025-12-03 00:00:00+00:00,2025-12-02 23:34:36+00:00,Dayton Flyers,East Tennessee St Buccaneers,,,-11.5,-110.0,11.5,-110.0,,,,2025-12-03,1.0,False,147.12960815429688,11.146352767944336,72.065506,78.109314,5.467768,6.1421447,147.12960815429688,11.146352767944336
401813440,2025.0,2025-12-02,Dayton Flyers,East Tennessee State Buccaneers,0.0,0.0,,,,,False,UD Arena,2025-12-03 00:00:00+00:00,,2025-12-02 19:00,EST,2025-12-03T00:00:00Z,2025-12-02,,,dayton::easttennesseestate,8fd0a3f18fd67552fbae4d82225dfd98,BetOnline.ag,totals,full_game,2025-12-03 00:00:00+00:00,2025-12-02 23:34:36+00:00,Dayton Flyers,East Tennessee St Buccaneers,,,,,,,141.0,-110.0,-110.0,2025-12-03,1.0,False,147.12960815429688,11.146352767944336,72.065506,78.109314,5.467768,6.1421447,147.12960815429688,11.146352767944336
401813440,2025.0,2025-12-02,Dayton Flyers,East Tennessee State Buccaneers,0.0,0.0,,,,,False,UD Arena,2025-12-03 00:00:00+00:00,,2025-12-02 19:00,EST,2025-12-03T00:00:00Z,2025-12-02,,,dayton::easttennesseestate,8fd0a3f18fd67552fbae4d82225dfd98,BetRivers,h2h,2h,2025-12-03 00:00:00+00:00,2025-12-02 23:34:22+00:00,Dayton Flyers,East Tennessee St Buccaneers,-770.0,430.0,,,,,,,,2025-12-03,1.0,False,147.12960815429688,11.146352767944336,72.065506,78.109314,5.467768,6.1421447,78.109314,6.1421447
401813440,2025.0,2025-12-02,Dayton Flyers,East Tennessee State Buccaneers,0.0,0.0,,,,,False,UD Arena,2025-12-03 00:00:00+00:00,,2025-12-02 19:00,EST,2025-12-03T00:00:00Z,2025-12-02,,,dayton::easttennesseestate,8fd0a3f18fd67552fbae4d82225dfd98,BetRivers,spreads,full_game,2025-12-03 00:00:00+00:00,2025-12-02 23:34:22+00:00,Dayton Flyers,East Tennessee St Buccaneers,,,-11.0,-115.0,11.0,-108.0,,,,2025-12-03,1.0,False,147.12960815429688,11.146352767944336,72.065506,78.109314,5.467768,6.1421447,147.12960815429688,11.146352767944336
401813440,2025.0,2025-12-02,Dayton Flyers,East Tennessee State Buccaneers,0.0,0.0,,,,,False,UD Arena,2025-12-03 00:00:00+00:00,,2025-12-02 19:00,EST,2025-12-03T00:00:00Z,2025-12-02,,,dayton::easttennesseestate,8fd0a3f18fd67552fbae4d82225dfd98,BetRivers,totals,full_game,2025-12-03 00:00:00+00:00,2025-12-02 23:34:22+00:00,Dayton Flyers,East Tennessee St Buccaneers,,,,,,,141.0,-109.0,-114.0,2025-12-03,1.0,False,147.12960815429688,11.146352767944336,72.065506,78.109314,5.467768,6.1421447,147.12960815429688,11.146352767944336
401813440,2025.0,2025-12-02,Dayton Flyers,East Tennessee State Buccaneers,0.0,0.0,,,,,False,UD Arena,2025-12-03 00:00:00+00:00,,2025-12-02 19:00,EST,2025-12-03T00:00:00Z,2025-12-02,,,dayton::easttennesseestate,8fd0a3f18fd67552fbae4d82225dfd98,BetUS,h2h,2h,2025-12-03 00:00:00+00:00,2025-12-02 23:34:06+00:00,Dayton Flyers,East Tennessee St Buccaneers,-740.0,520.0,,,,,,,,2025-12-03,1.0,False,147.12960815429688,11.146352767944336,72.065506,78.109314,5.467768,6.1421447,78.109314,6.1421447
401813440,2025.0,2025-12-02,Dayton Flyers,East Tennessee State Buccaneers,0.0,0.0,,,,,False,UD Arena,2025-12-03 00:00:00+00:00,,2025-12-02 19:00,EST,2025-12-03T00:00:00Z,2025-12-02,,,dayton::easttennesseestate,8fd0a3f18fd67552fbae4d82225dfd98,BetUS,spreads,full_game,2025-12-03 00:00:00+00:00,2025-12-02 23:34:06+00:00,Dayton Flyers,East Tennessee St Buccaneers,,,-11.5,-110.0,11.5,-110.0,,,,2025-12-03,1.0,False,147.12960815429688,11.146352767944336,72.065506,78.109314,5.467768,6.1421447,147.12960815429688,11.146352767944336
401813440,2025.0,2025-12-02,Dayton Flyers,East Tennessee State Buccaneers,0.0,0.0,,,,,False,UD Arena,2025-12-03 00:00:00+00:00,,2025-12-02 19:00,EST,2025-12-03T00:00:00Z,2025-12-02,,,dayton::easttennesseestate,8fd0a3f18fd67552fbae4d82225dfd98,BetUS,totals,full_game,2025-12-03 00:00:00+00:00,2025-12-02 23:34:06+00:00,Dayton Flyers,East Tennessee St Buccaneers,,,,,,,141.0,-110.0,-110.0,2025-12-03,1.0,False,147.12960815429688,11.146352767944336,72.065506,78.109314,5.467768,6.1421447,147.12960815429688,11.146352767944336
401813440,2025.0,2025-12-02,Dayton Flyers,East Tennessee State Buccaneers,0.0,0.0,,,,,False,UD Arena,2025-12-03 00:00:00+00:00,,2025-12-02 19:00,EST,2025-12-03T00:00:00Z,2025-12-02,,,dayton::easttennesseestate,8fd0a3f18fd67552fbae4d82225dfd98,Bovada,h2h,2h,2025-12-03 00:00:00+00:00,2025-12-02 23:34:10+00:00,Dayton Flyers,East Tennessee St Buccaneers,-800.0,525.0,,,,,,,,2025-12-03,1.0,False,147.12960815429688,11.146352767944336,72.065506,78.109314,5.467768,6.1421447,78.109314,6.1421447
401813440,2025.0,2025-12-02,Dayton Flyers,East Tennessee State Buccaneers,0.0,0.0,,,,,False,UD Arena,2025-12-03 00:00:00+00:00,,2025-12-02 19:00,EST,2025-12-03T00:00:00Z,2025-12-02,,,dayton::easttennesseestate,8fd0a3f18fd67552fbae4d82225dfd98,Bovada,spreads,full_game,2025-12-03 00:00:00+00:00,2025-12-02 23:34:10+00:00,Dayton Flyers,East Tennessee St Buccaneers,,,-11.0,-115.0,11.0,-105.0,,,,2025-12-03,1.0,False,147.12960815429688,11.146352767944336,72.065506,78.109314,5.467768,6.1421447,147.12960815429688,11.146352767944336
401813440,2025.0,2025-12-02,Dayton Flyers,East Tennessee State Buccaneers,0.0,0.0,,,,,False,UD Arena,2025-12-03 00:00:00+00:00,,2025-12-02 19:00,EST,2025-12-03T00:00:00Z,2025-12-02,,,dayton::easttennesseestate,8fd0a3f18fd67552fbae4d82225dfd98,Bovada,totals,full_game,2025-12-03 00:00:00+00:00,2025-12-02 23:34:10+00:00,Dayton Flyers,East Tennessee St Buccaneers,,,,,,,140.5,-110.0,-110.0,2025-12-03,1.0,False,147.12960815429688,11.146352767944336,72.065506,78.109314,5.467768,6.1421447,147.12960815429688,11.146352767944336
401813440,2025.0,2025-12-02,Dayton Flyers,East Tennessee State Buccaneers,0.0,0.0,,,,,False,UD Arena,2025-12-03 00:00:00+00:00,,2025-12-02 19:00,EST,2025-12-03T00:00:00Z,2025-12-02,,,dayton::easttennesseestate,8fd0a3f18fd67552fbae4d82225dfd98,Caesars,h2h,2h,2025-12-03 00:00:00+00:00,2025-12-02 23:33:06+00:00,Dayton Flyers,East Tennessee St Buccaneers,-800.0,550.0,,,,,,,,2025-12-03,1.0,False,147.12960815429688,11.146352767944336,72.065506,78.109314,5.467768,6.1421447,78.109314,6.1421447
401813440,2025.0,2025-12-02,Dayton Flyers,East Tennessee State Buccaneers,0.0,0.0,,,,,False,UD Arena,2025-12-03 00:00:00+00:00,,2025-12-02 19:00,EST,2025-12-03T00:00:00Z,2025-12-02,,,dayton::easttennesseestate,8fd0a3f18fd67552fbae4d82225dfd98,Caesars,spreads,full_game,2025-12-03 00:00:00+00:00,2025-12-02 23:33:06+00:00,Dayton Flyers,East Tennessee St Buccaneers,,,-11.5,-110.0,11.5,-110.0,,,,2025-12-03,1.0,False,147.12960815429688,11.146352767944336,72.065506,78.109314,5.467768,6.1421447,147.12960815429688,11.146352767944336
401813440,2025.0,2025-12-02,Dayton Flyers,East Tennessee State Buccaneers,0.0,0.0,,,,,False,UD Arena,2025-12-03 00:00:00+00:00,,2025-12-02 19:00,EST,2025-12-03T00:00:00Z,2025-12-02,,,dayton::easttennesseestate,8fd0a3f18fd67552fbae4d82225dfd98,Caesars,totals,full_game,2025-12-03 00:00:00+00:00,2025-12-02 23:33:06+00:00,Dayton Flyers,East Tennessee St Buccaneers,,,,,,,141.0,-110.0,-110.0,2025-12-03,1.0,False,147.12960815429688,11.146352767944336,72.065506,78.109314,5.467768,6.1421447,147.12960815429688,11.146352767944336
401813440,2025.0,2025-12-02,Dayton Flyers,East Tennessee State Buccaneers,0.0,0.0,,,,,False,UD Arena,2025-12-03 00:00:00+00:00,,2025-12-02 19:00,EST,2025-12-03T00:00:00Z,2025-12-02,,,dayton::easttennesseestate,8fd0a3f18fd67552fbae4d82225dfd98,DraftKings,h2h,2h,2025-12-03 00:00:00+00:00,2025-12-02 23:34:22+00:00,Dayton Flyers,East Tennessee St Buccaneers,-750.0,525.0,,,,,,,,2025-12-03,1.0,False,147.12960815429688,11.146352767944336,72.065506,78.109314,5.467768,6.1421447,78.109314,6.1421447
401813440,2025.0,2025-12-02,Dayton Flyers,East Tennessee State Buccaneers,0.0,0.0,,,,,False,UD Arena,2025-12-03 00:00:00+00:00,,2025-12-02 19:00,EST,2025-12-03T00:00:00Z,2025-12-02,,,dayton::easttennesseestate,8fd0a3f18fd67552fbae4d82225dfd98,DraftKings,spreads,full_game,2025-12-03 00:00:00+00:00,2025-12-02 23:34:22+00:00,Dayton Flyers,East Tennessee St Buccaneers,,,-11.5,-112.0,11.5,-108.0,,,,2025-12-03,1.0,False,147.12960815429688,11.146352767944336,72.065506,78.109314,5.467768,6.1421447,147.12960815429688,11.146352767944336
401813440,2025.0,2025-12-02,Dayton Flyers,East Tennessee State Buccaneers,0.0,0.0,,,,,False,UD Arena,2025-12-03 00:00:00+00:00,,2025-12-02 19:00,EST,2025-12-03T00:00:00Z,2025-12-02,,,dayton::easttennesseestate,8fd0a3f18fd67552fbae4d82225dfd98,DraftKings,totals,full_game,2025-12-03 00:00:00+00:00,2025-12-02 23:34:22+00:00,Dayton Flyers,East Tennessee St Buccaneers,,,,,,,140.5,-112.0,-108.0,2025-12-03,1.0,False,147.12960815429688,11.146352767944336,72.065506,78.109314,5.467768,6.1421447,147.12960815429688,11.146352767944336
401813440,2025.0,2025-12-02,Dayton Flyers,East Tennessee State Buccaneers,0.0,0.0,,,,,False,UD Arena,2025-12-03 00:00:00+00:00,,2025-12-02 19:00,EST,2025-12-03T00:00:00Z,2025-12-02,,,dayton::easttennesseestate,8fd0a3f18fd67552fbae4d82225dfd98,FanDuel,h2h,2h,2025-12-03 00:00:00+00:00,2025-12-02 23:33:54+00:00,Dayton Flyers,East Tennessee St Buccaneers,-780.0,530.0,,,,,,,,2025-12-03,1.0,False,147.12960815429688,11.146352767944336,72.065506,78.109314,5.467768,6.1421447,78.109314,6.1421447
401813440,2025.0,2025-12-02,Dayton Flyers,East Tennessee State Buccaneers,0.0,0.0,,,,,False,UD Arena,2025-12-03 00:00:00+00:00,,2025-12-02 19:00,EST,2025-12-03T00:00:00Z,2025-12-02,,,dayton::easttennesseestate,8fd0a3f18fd67552fbae4d82225dfd98,FanDuel,spreads,full_game,2025-12-03 00:00:00+00:00,2025-12-02 23:33:54+00:00,Dayton Flyers,East Tennessee St Buccaneers,,,-11.5,-104.0,11.5,-118.0,,,,2025-12-03,1.0,False,147.12960815429688,11.146352767944336,72.065506,78.109314,5.467768,6.1421447,147.12960815429688,11.146352767944336
401813440,2025.0,2025-12-02,Dayton Flyers,East Tennessee State Buccaneers,0.0,0.0,,,,,False,UD Arena,2025-12-03 00:00:00+00:00,,2025-12-02 19:00,EST,2025-12-03T00:00:00Z,2025-12-02,,,dayton::easttennesseestate,8fd0a3f18fd67552fbae4d82225dfd98,FanDuel,totals,full_game,2025-12-03 00:00:00+00:00,2025-12-02 23:33:54+00:00,Dayton Flyers,East Tennessee St Buccaneers,,,,,,,140.5,-115.0,-105.0,2025-12-03,1.0,False,147.12960815429688,11.146352767944336,72.065506,78.109314,5.467768,6.1421447,147.12960815429688,11.146352767944336
401813440,2025.0,2025-12-02,Dayton Flyers,East Tennessee State Buccaneers,0.0,0.0,,,,,False,UD Arena,2025-12-03 00:00:00+00:00,,2025-12-02 19:00,EST,2025-12-03T00:00:00Z,2025-12-02,,,dayton::easttennesseestate,8fd0a3f18fd67552fbae4d82225dfd98,Fanatics,h2h,2h,2025-12-03 00:00:00+00:00,2025-12-02 23:34:00+00:00,Dayton Flyers,East Tennessee St Buccaneers,-750.0,500.0,,,,,,,,2025-12-03,1.0,False,147.12960815429688,11.146352767944336,72.065506,78.109314,5.467768,6.1421447,78.109314,6.1421447
401813440,2025.0,2025-12-02,Dayton Flyers,East Tennessee State Buccaneers,0.0,0.0,,,,,False,UD Arena,2025-12-03 00:00:00+00:00,,2025-12-02 19:00,EST,2025-12-03T00:00:00Z,2025-12-02,,,dayton::easttennesseestate,8fd0a3f18fd67552fbae4d82225dfd98,Fanatics,spreads,full_game,2025-12-03 00:00:00+00:00,2025-12-02 23:34:00+00:00,Dayton Flyers,East Tennessee St Buccaneers,,,-11.0,-110.0,11.0,-110.0,,,,2025-12-03,1.0,False,147.12960815429688,11.146352767944336,72.065506,78.109314,5.467768,6.1421447,147.12960815429688,11.146352767944336
401813440,2025.0,2025-12-02,Dayton Flyers,East Tennessee State Buccaneers,0.0,0.0,,,,,False,UD Arena,2025-12-03 00:00:00+00:00,,2025-12-02 19:00,EST,2025-12-03T00:00:00Z,2025-12-02,,,dayton::easttennesseestate,8fd0a3f18fd67552fbae4d82225dfd98,Fanatics,totals,full_game,2025-12-03 00:00:00+00:00,2025-12-02 23:34:00+00:00,Dayton Flyers,East Tennessee St Buccaneers,,,,,,,140.5,-110.0,-110.0,2025-12-03,1.0,False,147.12960815429688,11.146352767944336,72.065506,78.109314,5.467768,6.1421447,147.12960815429688,11.146352767944336
401813440,2025.0,2025-12-02,Dayton Flyers,East Tennessee State Buccaneers,0.0,0.0,,,,,False,UD Arena,2025-12-03 00:00:00+00:00,,2025-12-02 19:00,EST,2025-12-03T00:00:00Z,2025-12-02,,,dayton::easttennesseestate,8fd0a3f18fd67552fbae4d82225dfd98,LowVig.ag,h2h,2h,2025-12-03 00:00:00+00:00,2025-12-02 23:34:20+00:00,Dayton Flyers,East Tennessee St Buccaneers,-740.0,528.0,,,,,,,,2025-12-03,1.0,False,147.12960815429688,11.146352767944336,72.065506,78.109314,5.467768,6.1421447,78.109314,6.1421447
401813440,2025.0,2025-12-02,Dayton Flyers,East Tennessee State Buccaneers,0.0,0.0,,,,,False,UD Arena,2025-12-03 00:00:00+00:00,,2025-12-02 19:00,EST,2025-12-03T00:00:00Z,2025-12-02,,,dayton::easttennesseestate,8fd0a3f18fd67552fbae4d82225dfd98,LowVig.ag,spreads,full_game,2025-12-03 00:00:00+00:00,2025-12-02 23:34:20+00:00,Dayton Flyers,East Tennessee St Buccaneers,,,-11.5,-106.0,11.5,-106.0,,,,2025-12-03,1.0,False,147.12960815429688,11.146352767944336,72.065506,78.109314,5.467768,6.1421447,147.12960815429688,11.146352767944336
401813440,2025.0,2025-12-02,Dayton Flyers,East Tennessee State Buccaneers,0.0,0.0,,,,,False,UD Arena,2025-12-03 00:00:00+00:00,,2025-12-02 19:00,EST,2025-12-03T00:00:00Z,2025-12-02,,,dayton::easttennesseestate,8fd0a3f18fd67552fbae4d82225dfd98,LowVig.ag,totals,full_game,2025-12-03 00:00:00+00:00,2025-12-02 23:34:20+00:00,Dayton Flyers,East Tennessee St Buccaneers,,,,,,,141.0,-108.0,-108.0,2025-12-03,1.0,False,147.12960815429688,11.146352767944336,72.065506,78.109314,5.467768,6.1421447,147.12960815429688,11.146352767944336
401813451,2025.0,2025-12-02,Duquesne Dukes,William & Mary Tribe,0.0,0.0,,,,,False,UPMC Cooper Fieldhouse,2025-12-03 00:00:00+00:00,,2025-12-02 19:00,EST,2025-12-03T00:00:00Z,2025-12-02,,,duquesne::williamandmarytribe,c7247ede6ef6a2f1fd6ff72af13582e8,BetMGM,h2h,2h,2025-12-03 00:00:00+00:00,2025-12-02 23:34:07+00:00,Duquesne Dukes,William & Mary Tribe,-250.0,200.0,,,,,,,,2025-12-03,1.0,False,142.88197326660156,3.239511013031006,70.14766,76.9107,1.0466267,2.5517724,76.9107,2.5517724
401813451,2025.0,2025-12-02,Duquesne Dukes,William & Mary Tribe,0.0,0.0,,,,,False,UPMC Cooper Fieldhouse,2025-12-03 00:00:00+00:00,,2025-12-02 19:00,EST,2025-12-03T00:00:00Z,2025-12-02,,,duquesne::williamandmarytribe,c7247ede6ef6a2f1fd6ff72af13582e8,BetMGM,spreads,full_game,2025-12-03 00:00:00+00:00,2025-12-02 23:34:07+00:00,Duquesne Dukes,William & Mary Tribe,,,-5.5,-110.0,5.5,-110.0,,,,2025-12-03,1.0,False,142.88197326660156,3.239511013031006,70.14766,76.9107,1.0466267,2.5517724,142.88197326660156,3.239511013031006
401813451,2025.0,2025-12-02,Duquesne Dukes,William & Mary Tribe,0.0,0.0,,,,,False,UPMC Cooper Fieldhouse,2025-12-03 00:00:00+00:00,,2025-12-02 19:00,EST,2025-12-03T00:00:00Z,2025-12-02,,,duquesne::williamandmarytribe,c7247ede6ef6a2f1fd6ff72af13582e8,BetMGM,totals,full_game,2025-12-03 00:00:00+00:00,2025-12-02 23:34:07+00:00,Duquesne Dukes,William & Mary Tribe,,,,,,,170.5,-105.0,-115.0,2025-12-03,1.0,False,142.88197326660156,3.239511013031006,70.14766,76.9107,1.0466267,2.5517724,142.88197326660156,3.239511013031006
401813451,2025.0,2025-12-02,Duquesne Dukes,William & Mary Tribe,0.0,0.0,,,,,False,UPMC Cooper Fieldhouse,2025-12-03 00:00:00+00:00,,2025-12-02 19:00,EST,2025-12-03T00:00:00Z,2025-12-02,,,duquesne::williamandmarytribe,c7247ede6ef6a2f1fd6ff72af13582e8,BetOnline.ag,h2h,2h,2025-12-03 00:00:00+00:00,2025-12-02 23:34:36+00:00,Duquesne Dukes,William & Mary Tribe,-240.0,200.0,,,,,,,,2025-12-03,1.0,False,142.88197326660156,3.239511013031006,70.14766,76.9107,1.0466267,2.5517724,76.9107,2.5517724
401813451,2025.0,2025-12-02,Duquesne Dukes,William & Mary Tribe,0.0,0.0,,,,,False,UPMC Cooper Fieldhouse,2025-12-03 00:00:00+00:00,,2025-12-02 19:00,EST,2025-12-03T00:00:00Z,2025-12-02,,,duquesne::williamandmarytribe,c7247ede6ef6a2f1fd6ff72af13582e8,BetOnline.ag,spreads,full_game,2025-12-03 00:00:00+00:00,2025-12-02 23:34:36+00:00,Duquesne Dukes,William & Mary Tribe,,,-5.0,-114.0,5.0,-106.0,,,,2025-12-03,1.0,False,142.88197326660156,3.239511013031006,70.14766,76.9107,1.0466267,2.5517724,142.88197326660156,3.239511013031006
401813451,2025.0,2025-12-02,Duquesne Dukes,William & Mary Tribe,0.0,0.0,,,,,False,UPMC Cooper Fieldhouse,2025-12-03 00:00:00+00:00,,2025-12-02 19:00,EST,2025-12-03T00:00:00Z,2025-12-02,,,duquesne::williamandmarytribe,c7247ede6ef6a2f1fd6ff72af13582e8,BetOnline.ag,totals,full_game,2025-12-03 00:00:00+00:00,2025-12-02 23:34:36+00:00,Duquesne Dukes,William & Mary Tribe,,,,,,,170.5,-108.0,-112.0,2025-12-03,1.0,False,142.88197326660156,3.239511013031006,70.14766,76.9107,1.0466267,2.5517724,142.88197326660156,3.239511013031006
401813451,2025.0,2025-12-02,Duquesne Dukes,William & Mary Tribe,0.0,0.0,,,,,False,UPMC Cooper Fieldhouse,2025-12-03 00:00:00+00:00,,2025-12-02 19:00,EST,2025-12-03T00:00:00Z,2025-12-02,,,duquesne::williamandmarytribe,c7247ede6ef6a2f1fd6ff72af13582e8,BetRivers,h2h,2h,2025-12-03 00:00:00+00:00,2025-12-02 23:34:22+00:00,Duquesne Dukes,William & Mary Tribe,-245.0,185.0,,,,,,,,2025-12-03,1.0,False,142.88197326660156,3.239511013031006,70.14766,76.9107,1.0466267,2.5517724,76.9107,2.5517724
401813451,2025.0,2025-12-02,Duquesne Dukes,William & Mary Tribe,0.0,0.0,,,,,False,UPMC Cooper Fieldhouse,2025-12-03 00:00:00+00:00,,2025-12-02 19:00,EST,2025-12-03T00:00:00Z,2025-12-02,,,duquesne::williamandmarytribe,c7247ede6ef6a2f1fd6ff72af13582e8,BetRivers,spreads,full_game,2025-12-03 00:00:00+00:00,2025-12-02 23:34:22+00:00,Duquesne Dukes,William & Mary Tribe,,,-6.0,-108.0,6.0,-115.0,,,,2025-12-03,1.0,False,142.88197326660156,3.239511013031006,70.14766,76.9107,1.0466267,2.5517724,142.88197326660156,3.239511013031006
401813451,2025.0,2025-12-02,Duquesne Dukes,William & Mary Tribe,0.0,0.0,,,,,False,UPMC Cooper Fieldhouse,2025-12-03 00:00:00+00:00,,2025-12-02 19:00,EST,2025-12-03T00:00:00Z,2025-12-02,,,duquesne::williamandmarytribe,c7247ede6ef6a2f1fd6ff72af13582e8,BetRivers,totals,full_game,2025-12-03 00:00:00+00:00,2025-12-02 23:34:22+00:00,Duquesne Dukes,William & Mary Tribe,,,,,,,171.5,-112.0,-112.0,2025-12-03,1.0,False,142.88197326660156,3.239511013031006,70.14766,76.9107,1.0466267,2.5517724,142.88197326660156,3.239511013031006
401813451,2025.0,2025-12-02,Duquesne Dukes,William & Mary Tribe,0.0,0.0,,,,,False,UPMC Cooper Fieldhouse,2025-12-03 00:00:00+00:00,,2025-12-02 19:00,EST,2025-12-03T00:00:00Z,2025-12-02,,,duquesne::williamandmarytribe,c7247ede6ef6a2f1fd6ff72af13582e8,BetUS,h2h,2h,2025-12-03 00:00:00+00:00,2025-12-02 23:34:06+00:00,Duquesne Dukes,William & Mary Tribe,-240.0,203.0,,,,,,,,2025-12-03,1.0,False,142.88197326660156,3.239511013031006,70.14766,76.9107,1.0466267,2.5517724,76.9107,2.5517724
401813451,2025.0,2025-12-02,Duquesne Dukes,William & Mary Tribe,0.0,0.0,,,,,False,UPMC Cooper Fieldhouse,2025-12-03 00:00:00+00:00,,2025-12-02 19:00,EST,2025-12-03T00:00:00Z,2025-12-02,,,duquesne::williamandmarytribe,c7247ede6ef6a2f1fd6ff72af13582e8,BetUS,spreads,full_game,2025-12-03 00:00:00+00:00,2025-12-02 23:34:06+00:00,Duquesne Dukes,William & Mary Tribe,,,-5.5,-110.0,5.5,-110.0,,,,2025-12-03,1.0,False,142.88197326660156,3.239511013031006,70.14766,76.9107,1.0466267,2.5517724,142.88197326660156,3.239511013031006
401813451,2025.0,2025-12-02,Duquesne Dukes,William & Mary Tribe,0.0,0.0,,,,,False,UPMC Cooper Fieldhouse,2025-12-03 00:00:00+00:00,,2025-12-02 19:00,EST,2025-12-03T00:00:00Z,2025-12-02,,,duquesne::williamandmarytribe,c7247ede6ef6a2f1fd6ff72af13582e8,BetUS,totals,full_game,2025-12-03 00:00:00+00:00,2025-12-02 23:34:06+00:00,Duquesne Dukes,William & Mary Tribe,,,,,,,171.0,-110.0,-110.0,2025-12-03,1.0,False,142.88197326660156,3.239511013031006,70.14766,76.9107,1.0466267,2.5517724,142.88197326660156,3.239511013031006
401813451,2025.0,2025-12-02,Duquesne Dukes,William & Mary Tribe,0.0,0.0,,,,,False,UPMC Cooper Fieldhouse,2025-12-03 00:00:00+00:00,,2025-12-02 19:00,EST,2025-12-03T00:00:00Z,2025-12-02,,,duquesne::williamandmarytribe,c7247ede6ef6a2f1fd6ff72af13582e8,Bovada,h2h,2h,2025-12-03 00:00:00+00:00,2025-12-02 23:34:11+00:00,Duquesne Dukes,William & Mary Tribe,-240.0,200.0,,,,,,,,2025-12-03,1.0,False,142.88197326660156,3.239511013031006,70.14766,76.9107,1.0466267,2.5517724,76.9107,2.5517724
401813451,2025.0,2025-12-02,Duquesne Dukes,William & Mary Tribe,0.0,0.0,,,,,False,UPMC Cooper Fieldhouse,2025-12-03 00:00:00+00:00,,2025-12-02 19:00,EST,2025-12-03T00:00:00Z,2025-12-02,,,duquesne::williamandmarytribe,c7247ede6ef6a2f1fd6ff72af13582e8,Bovada,spreads,full_game,2025-12-03 00:00:00+00:00,2025-12-02 23:34:11+00:00,Duquesne Dukes,William & Mary Tribe,,,-5.5,-115.0,5.5,-105.0,,,,2025-12-03,1.0,False,142.88197326660156,3.239511013031006,70.14766,76.9107,1.0466267,2.5517724,142.88197326660156,3.239511013031006
401813451,2025.0,2025-12-02,Duquesne Dukes,William & Mary Tribe,0.0,0.0,,,,,False,UPMC Cooper Fieldhouse,2025-12-03 00:00:00+00:00,,2025-12-02 19:00,EST,2025-12-03T00:00:00Z,2025-12-02,,,duquesne::williamandmarytribe,c7247ede6ef6a2f1fd6ff72af13582e8,Bovada,totals,full_game,2025-12-03 00:00:00+00:00,2025-12-02 23:34:11+00:00,Duquesne Dukes,William & Mary Tribe,,,,,,,170.5,-110.0,-110.0,2025-12-03,1.0,False,142.88197326660156,3.239511013031006,70.14766,76.9107,1.0466267,2.5517724,142.88197326660156,3.239511013031006
401813451,2025.0,2025-12-02,Duquesne Dukes,William & Mary Tribe,0.0,0.0,,,,,False,UPMC Cooper Fieldhouse,2025-12-03 00:00:00+00:00,,2025-12-02 19:00,EST,2025-12-03T00:00:00Z,2025-12-02,,,duquesne::williamandmarytribe,c7247ede6ef6a2f1fd6ff72af13582e8,Caesars,h2h,2h,2025-12-03 00:00:00+00:00,2025-12-02 23:33:06+00:00,Duquesne Dukes,William & Mary Tribe,-260.0,210.0,,,,,,,,2025-12-03,1.0,False,142.88197326660156,3.239511013031006,70.14766,76.9107,1.0466267,2.5517724,76.9107,2.5517724
401813451,2025.0,2025-12-02,Duquesne Dukes,William & Mary Tribe,0.0,0.0,,,,,False,UPMC Cooper Fieldhouse,2025-12-03 00:00:00+00:00,,2025-12-02 19:00,EST,2025-12-03T00:00:00Z,2025-12-02,,,duquesne::williamandmarytribe,c7247ede6ef6a2f1fd6ff72af13582e8,Caesars,spreads,full_game,2025-12-03 00:00:00+00:00,2025-12-02 23:33:06+00:00,Duquesne Dukes,William & Mary Tribe,,,-5.5,-110.0,5.5,-110.0,,,,2025-12-03,1.0,False,142.88197326660156,3.239511013031006,70.14766,76.9107,1.0466267,2.5517724,142.88197326660156,3.239511013031006
401813451,2025.0,2025-12-02,Duquesne Dukes,William & Mary Tribe,0.0,0.0,,,,,False,UPMC Cooper Fieldhouse,2025-12-03 00:00:00+00:00,,2025-12-02 19:00,EST,2025-12-03T00:00:00Z,2025-12-02,,,duquesne::williamandmarytribe,c7247ede6ef6a2f1fd6ff72af13582e8,Caesars,totals,full_game,2025-12-03 00:00:00+00:00,2025-12-02 23:33:06+00:00,Duquesne Dukes,William & Mary Tribe,,,,,,,170.5,-110.0,-110.0,2025-12-03,1.0,False,142.88197326660156,3.239511013031006,70.14766,76.9107,1.0466267,2.5517724,142.88197326660156,3.239511013031006
401813451,2025.0,2025-12-02,Duquesne Dukes,William & Mary Tribe,0.0,0.0,,,,,False,UPMC Cooper Fieldhouse,2025-12-03 00:00:00+00:00,,2025-12-02 19:00,EST,2025-12-03T00:00:00Z,2025-12-02,,,duquesne::williamandmarytribe,c7247ede6ef6a2f1fd6ff72af13582e8,DraftKings,h2h,2h,2025-12-03 00:00:00+00:00,2025-12-02 23:34:22+00:00,Duquesne Dukes,William & Mary Tribe,-250.0,205.0,,,,,,,,2025-12-03,1.0,False,142.88197326660156,3.239511013031006,70.14766,76.9107,1.0466267,2.5517724,76.9107,2.5517724
401813451,2025.0,2025-12-02,Duquesne Dukes,William & Mary Tribe,0.0,0.0,,,,,False,UPMC Cooper Fieldhouse,2025-12-03 00:00:00+00:00,,2025-12-02 19:00,EST,2025-12-03T00:00:00Z,2025-12-02,,,duquesne::williamandmarytribe,c7247ede6ef6a2f1fd6ff72af13582e8,DraftKings,spreads,full_game,2025-12-03 00:00:00+00:00,2025-12-02 23:34:22+00:00,Duquesne Dukes,William & Mary Tribe,,,-5.5,-108.0,5.5,-112.0,,,,2025-12-03,1.0,False,142.88197326660156,3.239511013031006,70.14766,76.9107,1.0466267,2.5517724,142.88197326660156,3.239511013031006
401813451,2025.0,2025-12-02,Duquesne Dukes,William & Mary Tribe,0.0,0.0,,,,,False,UPMC Cooper Fieldhouse,2025-12-03 00:00:00+00:00,,2025-12-02 19:00,EST,2025-12-03T00:00:00Z,2025-12-02,,,duquesne::williamandmarytribe,c7247ede6ef6a2f1fd6ff72af13582e8,DraftKings,totals,full_game,2025-12-03 00:00:00+00:00,2025-12-02 23:34:22+00:00,Duquesne Dukes,William & Mary Tribe,,,,,,,170.5,-110.0,-110.0,2025-12-03,1.0,False,142.88197326660156,3.239511013031006,70.14766,76.9107,1.0466267,2.5517724,142.88197326660156,3.239511013031006
401813451,2025.0,2025-12-02,Duquesne Dukes,William & Mary Tribe,0.0,0.0,,,,,False,UPMC Cooper Fieldhouse,2025-12-03 00:00:00+00:00,,2025-12-02 19:00,EST,2025-12-03T00:00:00Z,2025-12-02,,,duquesne::williamandmarytribe,c7247ede6ef6a2f1fd6ff72af13582e8,FanDuel,h2h,2h,2025-12-03 00:00:00+00:00,2025-12-02 23:33:54+00:00,Duquesne Dukes,William & Mary Tribe,-260.0,205.0,,,,,,,,2025-12-03,1.0,False,142.88197326660156,3.239511013031006,70.14766,76.9107,1.0466267,2.5517724,76.9107,2.5517724
401813451,2025.0,2025-12-02,Duquesne Dukes,William & Mary Tribe,0.0,0.0,,,,,False,UPMC Cooper Fieldhouse,2025-12-03 00:00:00+00:00,,2025-12-02 19:00,EST,2025-12-03T00:00:00Z,2025-12-02,,,duquesne::williamandmarytribe,c7247ede6ef6a2f1fd6ff72af13582e8,FanDuel,spreads,full_game,2025-12-03 00:00:00+00:00,2025-12-02 23:33:54+00:00,Duquesne Dukes,William & Mary Tribe,,,-5.5,-108.0,5.5,-112.0,,,,2025-12-03,1.0,False,142.88197326660156,3.239511013031006,70.14766,76.9107,1.0466267,2.5517724,142.88197326660156,3.239511013031006
401813451,2025.0,2025-12-02,Duquesne Dukes,William & Mary Tribe,0.0,0.0,,,,,False,UPMC Cooper Fieldhouse,2025-12-03 00:00:00+00:00,,2025-12-02 19:00,EST,2025-12-03T00:00:00Z,2025-12-02,,,duquesne::williamandmarytribe,c7247ede6ef6a2f1fd6ff72af13582e8,FanDuel,totals,full_game,2025-12-03 00:00:00+00:00,2025-12-02 23:33:54+00:00,Duquesne Dukes,William & Mary Tribe,,,,,,,170.5,-114.0,-106.0,2025-12-03,1.0,False,142.88197326660156,3.239511013031006,70.14766,76.9107,1.0466267,2.5517724,142.88197326660156,3.239511013031006
401813451,2025.0,2025-12-02,Duquesne Dukes,William & Mary Tribe,0.0,0.0,,,,,False,UPMC Cooper Fieldhouse,2025-12-03 00:00:00+00:00,,2025-12-02 19:00,EST,2025-12-03T00:00:00Z,2025-12-02,,,duquesne::williamandmarytribe,c7247ede6ef6a2f1fd6ff72af13582e8,Fanatics,h2h,2h,2025-12-03 00:00:00+00:00,2025-12-02 23:34:00+00:00,Duquesne Dukes,William & Mary Tribe,-240.0,190.0,,,,,,,,2025-12-03,1.0,False,142.88197326660156,3.239511013031006,70.14766,76.9107,1.0466267,2.5517724,76.9107,2.5517724
401813451,2025.0,2025-12-02,Duquesne Dukes,William & Mary Tribe,0.0,0.0,,,,,False,UPMC Cooper Fieldhouse,2025-12-03 00:00:00+00:00,,2025-12-02 19:00,EST,2025-12-03T00:00:00Z,2025-12-02,,,duquesne::williamandmarytribe,c7247ede6ef6a2f1fd6ff72af13582e8,Fanatics,spreads,full_game,2025-12-03 00:00:00+00:00,2025-12-02 23:34:00+00:00,Duquesne Dukes,William & Mary Tribe,,,-5.5,-110.0,5.5,-110.0,,,,2025-12-03,1.0,False,142.88197326660156,3.239511013031006,70.14766,76.9107,1.0466267,2.5517724,142.88197326660156,3.239511013031006
401813451,2025.0,2025-12-02,Duquesne Dukes,William & Mary Tribe,0.0,0.0,,,,,False,UPMC Cooper Fieldhouse,2025-12-03 00:00:00+00:00,,2025-12-02 19:00,EST,2025-12-03T00:00:00Z,2025-12-02,,,duquesne::williamandmarytribe,c7247ede6ef6a2f1fd6ff72af13582e8,Fanatics,totals,full_game,2025-12-03 00:00:00+00:00,2025-12-02 23:34:00+00:00,Duquesne Dukes,William & Mary Tribe,,,,,,,171.0,-110.0,-110.0,2025-12-03,1.0,False,142.88197326660156,3.239511013031006,70.14766,76.9107,1.0466267,2.5517724,142.88197326660156,3.239511013031006
401813451,2025.0,2025-12-02,Duquesne Dukes,William & Mary Tribe,0.0,0.0,,,,,False,UPMC Cooper Fieldhouse,2025-12-03 00:00:00+00:00,,2025-12-02 19:00,EST,2025-12-03T00:00:00Z,2025-12-02,,,duquesne::williamandmarytribe,c7247ede6ef6a2f1fd6ff72af13582e8,LowVig.ag,h2h,2h,2025-12-03 00:00:00+00:00,2025-12-02 23:34:20+00:00,Duquesne Dukes,William & Mary Tribe,-240.0,200.0,,,,,,,,2025-12-03,1.0,False,142.88197326660156,3.239511013031006,70.14766,76.9107,1.0466267,2.5517724,76.9107,2.5517724
401813451,2025.0,2025-12-02,Duquesne Dukes,William & Mary Tribe,0.0,0.0,,,,,False,UPMC Cooper Fieldhouse,2025-12-03 00:00:00+00:00,,2025-12-02 19:00,EST,2025-12-03T00:00:00Z,2025-12-02,,,duquesne::williamandmarytribe,c7247ede6ef6a2f1fd6ff72af13582e8,LowVig.ag,spreads,full_game,2025-12-03 00:00:00+00:00,2025-12-02 23:34:20+00:00,Duquesne Dukes,William & Mary Tribe,,,-5.0,-110.0,5.0,-102.0,,,,2025-12-03,1.0,False,142.88197326660156,3.239511013031006,70.14766,76.9107,1.0466267,2.5517724,142.88197326660156,3.239511013031006
401813451,2025.0,2025-12-02,Duquesne Dukes,William & Mary Tribe,0.0,0.0,,,,,False,UPMC Cooper Fieldhouse,2025-12-03 00:00:00+00:00,,2025-12-02 19:00,EST,2025-12-03T00:00:00Z,2025-12-02,,,duquesne::williamandmarytribe,c7247ede6ef6a2f1fd6ff72af13582e8,LowVig.ag,totals,full_game,2025-12-03 00:00:00+00:00,2025-12-02 23:34:20+00:00,Duquesne Dukes,William & Mary Tribe,,,,,,,170.5,-106.0,-110.0,2025-12-03,1.0,False,142.88197326660156,3.239511013031006,70.14766,76.9107,1.0466267,2.5517724,142.88197326660156,3.239511013031006
401817168,2025.0,2025-12-02,Rhode Island Rams,Brown Bears,0.0,0.0,,,,,False,Thomas M. Ryan Center,2025-12-03 00:00:00+00:00,,2025-12-02 19:00,EST,2025-12-03T00:00:00Z,2025-12-02,,,brown::rhodeisland,74267443089ba5f98d6be0b994b78c5f,BetMGM,h2h,2h,2025-12-03 00:05:00+00:00,2025-12-02 23:34:07+00:00,Rhode Island Rams,Brown Bears,-1200.0,750.0,,,,,,,,2025-12-03,1.0,False,144.89064025878906,14.09617042541504,71.0464,77.69431,6.247924,8.094946,77.69431,8.094946
401817168,2025.0,2025-12-02,Rhode Island Rams,Brown Bears,0.0,0.0,,,,,False,Thomas M. Ryan Center,2025-12-03 00:00:00+00:00,,2025-12-02 19:00,EST,2025-12-03T00:00:00Z,2025-12-02,,,brown::rhodeisland,74267443089ba5f98d6be0b994b78c5f,BetMGM,spreads,full_game,2025-12-03 00:05:00+00:00,2025-12-02 23:34:07+00:00,Rhode Island Rams,Brown Bears,,,-14.5,-105.0,14.5,-115.0,,,,2025-12-03,1.0,False,144.89064025878906,14.09617042541504,71.0464,77.69431,6.247924,8.094946,144.89064025878906,14.09617042541504
401817168,2025.0,2025-12-02,Rhode Island Rams,Brown Bears,0.0,0.0,,,,,False,Thomas M. Ryan Center,2025-12-03 00:00:00+00:00,,2025-12-02 19:00,EST,2025-12-03T00:00:00Z,2025-12-02,,,brown::rhodeisland,74267443089ba5f98d6be0b994b78c5f,BetMGM,totals,full_game,2025-12-03 00:05:00+00:00,2025-12-02 23:34:07+00:00,Rhode Island Rams,Brown Bears,,,,,,,138.5,-105.0,-115.0,2025-12-03,1.0,False,144.89064025878906,14.09617042541504,71.0464,77.69431,6.247924,8.094946,144.89064025878906,14.09617042541504
401817168,2025.0,2025-12-02,Rhode Island Rams,Brown Bears,0.0,0.0,,,,,False,Thomas M. Ryan Center,2025-12-03 00:00:00+00:00,,2025-12-02 19:00,EST,2025-12-03T00:00:00Z,2025-12-02,,,brown::rhodeisland,74267443089ba5f98d6be0b994b78c5f,BetOnline.ag,h2h,2h,2025-12-03 00:05:00+00:00,2025-12-02 23:34:36+00:00,Rhode Island Rams,Brown Bears,-1200.0,754.0,,,,,,,,2025-12-03,1.0,False,144.89064025878906,14.09617042541504,71.0464,77.69431,6.247924,8.094946,77.69431,8.094946
401817168,2025.0,2025-12-02,Rhode Island Rams,Brown Bears,0.0,0.0,,,,,False,Thomas M. Ryan Center,2025-12-03 00:00:00+00:00,,2025-12-02 19:00,EST,2025-12-03T00:00:00Z,2025-12-02,,,brown::rhodeisland,74267443089ba5f98d6be0b994b78c5f,BetOnline.ag,spreads,full_game,2025-12-03 00:05:00+00:00,2025-12-02 23:34:36+00:00,Rhode Island Rams,Brown Bears,,,-14.0,-109.0,14.0,-111.0,,,,2025-12-03,1.0,False,144.89064025878906,14.09617042541504,71.0464,77.69431,6.247924,8.094946,144.89064025878906,14.09617042541504
401817168,2025.0,2025-12-02,Rhode Island Rams,Brown Bears,0.0,0.0,,,,,False,Thomas M. Ryan Center,2025-12-03 00:00:00+00:00,,2025-12-02 19:00,EST,2025-12-03T00:00:00Z,2025-12-02,,,brown::rhodeisland,74267443089ba5f98d6be0b994b78c5f,BetOnline.ag,totals,full_game,2025-12-03 00:05:00+00:00,2025-12-02 23:34:36+00:00,Rhode Island Rams,Brown Bears,,,,,,,138.0,-110.0,-110.0,2025-12-03,1.0,False,144.89064025878906,14.09617042541504,71.0464,77.69431,6.247924,8.094946,144.89064025878906,14.09617042541504
401817168,2025.0,2025-12-02,Rhode Island Rams,Brown Bears,0.0,0.0,,,,,False,Thomas M. Ryan Center,2025-12-03 00:00:00+00:00,,2025-12-02 19:00,EST,2025-12-03T00:00:00Z,2025-12-02,,,brown::rhodeisland,74267443089ba5f98d6be0b994b78c5f,BetRivers,h2h,2h,2025-12-03 00:05:00+00:00,2025-12-02 23:34:22+00:00,Rhode Island Rams,Brown Bears,-1115.0,650.0,,,,,,,,2025-12-03,1.0,False,144.89064025878906,14.09617042541504,71.0464,77.69431,6.247924,8.094946,77.69431,8.094946
401817168,2025.0,2025-12-02,Rhode Island Rams,Brown Bears,0.0,0.0,,,,,False,Thomas M. Ryan Center,2025-12-03 00:00:00+00:00,,2025-12-02 19:00,EST,2025-12-03T00:00:00Z,2025-12-02,,,brown::rhodeisland,74267443089ba5f98d6be0b994b78c5f,BetRivers,spreads,full_game,2025-12-03 00:05:00+00:00,2025-12-02 23:34:22+00:00,Rhode Island Rams,Brown Bears,,,-14.0,-110.0,14.0,-113.0,,,,2025-12-03,1.0,False,144.89064025878906,14.09617042541504,71.0464,77.69431,6.247924,8.094946,144.89064025878906,14.09617042541504
401817168,2025.0,2025-12-02,Rhode Island Rams,Brown Bears,0.0,0.0,,,,,False,Thomas M. Ryan Center,2025-12-03 00:00:00+00:00,,2025-12-02 19:00,EST,2025-12-03T00:00:00Z,2025-12-02,,,brown::rhodeisland,74267443089ba5f98d6be0b994b78c5f,BetRivers,totals,full_game,2025-12-03 00:05:00+00:00,2025-12-02 23:34:22+00:00,Rhode Island Rams,Brown Bears,,,,,,,137.5,-113.0,-110.0,2025-12-03,1.0,False,144.89064025878906,14.09617042541504,71.0464,77.69431,6.247924,8.094946,144.89064025878906,14.09617042541504
401817168,2025.0,2025-12-02,Rhode Island Rams,Brown Bears,0.0,0.0,,,,,False,Thomas M. Ryan Center,2025-12-03 00:00:00+00:00,,2025-12-02 19:00,EST,2025-12-03T00:00:00Z,2025-12-02,,,brown::rhodeisland,74267443089ba5f98d6be0b994b78c5f,BetUS,h2h,2h,2025-12-03 00:05:00+00:00,2025-12-02 23:34:07+00:00,Rhode Island Rams,Brown Bears,-1200.0,750.0,,,,,,,,2025-12-03,1.0,False,144.89064025878906,14.09617042541504,71.0464,77.69431,6.247924,8.094946,77.69431,8.094946
401817168,2025.0,2025-12-02,Rhode Island Rams,Brown Bears,0.0,0.0,,,,,False,Thomas M. Ryan Center,2025-12-03 00:00:00+00:00,,2025-12-02 19:00,EST,2025-12-03T00:00:00Z,2025-12-02,,,brown::rhodeisland,74267443089ba5f98d6be0b994b78c5f,BetUS,spreads,full_game,2025-12-03 00:05:00+00:00,2025-12-02 23:34:07+00:00,Rhode Island Rams,Brown Bears,,,-14.0,-110.0,14.0,-110.0,,,,2025-12-03,1.0,False,144.89064025878906,14.09617042541504,71.0464,77.69431,6.247924,8.094946,144.89064025878906,14.09617042541504
401817168,2025.0,2025-12-02,Rhode Island Rams,Brown Bears,0.0,0.0,,,,,False,Thomas M. Ryan Center,2025-12-03 00:00:00+00:00,,2025-12-02 19:00,EST,2025-12-03T00:00:00Z,2025-12-02,,,brown::rhodeisland,74267443089ba5f98d6be0b994b78c5f,BetUS,totals,full_game,2025-12-03 00:05:00+00:00,2025-12-02 23:34:07+00:00,Rhode Island Rams,Brown Bears,,,,,,,138.0,-110.0,-110.0,2025-12-03,1.0,False,144.89064025878906,14.09617042541504,71.0464,77.69431,6.247924,8.094946,144.89064025878906,14.09617042541504
401817168,2025.0,2025-12-02,Rhode Island Rams,Brown Bears,0.0,0.0,,,,,False,Thomas M. Ryan Center,2025-12-03 00:00:00+00:00,,2025-12-02 19:00,EST,2025-12-03T00:00:00Z,2025-12-02,,,brown::rhodeisland,74267443089ba5f98d6be0b994b78c5f,Bovada,h2h,2h,2025-12-03 00:05:00+00:00,2025-12-02 23:34:10+00:00,Rhode Island Rams,Brown Bears,-1200.0,700.0,,,,,,,,2025-12-03,1.0,False,144.89064025878906,14.09617042541504,71.0464,77.69431,6.247924,8.094946,77.69431,8.094946
401817168,2025.0,2025-12-02,Rhode Island Rams,Brown Bears,0.0,0.0,,,,,False,Thomas M. Ryan Center,2025-12-03 00:00:00+00:00,,2025-12-02 19:00,EST,2025-12-03T00:00:00Z,2025-12-02,,,brown::rhodeisland,74267443089ba5f98d6be0b994b78c5f,Bovada,spreads,full_game,2025-12-03 00:05:00+00:00,2025-12-02 23:34:10+00:00,Rhode Island Rams,Brown Bears,,,-14.0,-110.0,14.0,-110.0,,,,2025-12-03,1.0,False,144.89064025878906,14.09617042541504,71.0464,77.69431,6.247924,8.094946,144.89064025878906,14.09617042541504
401817168,2025.0,2025-12-02,Rhode Island Rams,Brown Bears,0.0,0.0,,,,,False,Thomas M. Ryan Center,2025-12-03 00:00:00+00:00,,2025-12-02 19:00,EST,2025-12-03T00:00:00Z,2025-12-02,,,brown::rhodeisland,74267443089ba5f98d6be0b994b78c5f,Bovada,totals,full_game,2025-12-03 00:05:00+00:00,2025-12-02 23:34:10+00:00,Rhode Island Rams,Brown Bears,,,,,,,138.5,-105.0,-115.0,2025-12-03,1.0,False,144.89064025878906,14.09617042541504,71.0464,77.69431,6.247924,8.094946,144.89064025878906,14.09617042541504
401817168,2025.0,2025-12-02,Rhode Island Rams,Brown Bears,0.0,0.0,,,,,False,Thomas M. Ryan Center,2025-12-03 00:00:00+00:00,,2025-12-02 19:00,EST,2025-12-03T00:00:00Z,2025-12-02,,,brown::rhodeisland,74267443089ba5f98d6be0b994b78c5f,Caesars,h2h,2h,2025-12-03 00:05:00+00:00,2025-12-02 23:33:06+00:00,Rhode Island Rams,Brown Bears,-1100.0,700.0,,,,,,,,2025-12-03,1.0,False,144.89064025878906,14.09617042541504,71.0464,77.69431,6.247924,8.094946,77.69431,8.094946
401817168,2025.0,2025-12-02,Rhode Island Rams,Brown Bears,0.0,0.0,,,,,False,Thomas M. Ryan Center,2025-12-03 00:00:00+00:00,,2025-12-02 19:00,EST,2025-12-03T00:00:00Z,2025-12-02,,,brown::rhodeisland,74267443089ba5f98d6be0b994b78c5f,Caesars,spreads,full_game,2025-12-03 00:05:00+00:00,2025-12-02 23:33:06+00:00,Rhode Island Rams,Brown Bears,,,-14.0,-110.0,14.0,-110.0,,,,2025-12-03,1.0,False,144.89064025878906,14.09617042541504,71.0464,77.69431,6.247924,8.094946,144.89064025878906,14.09617042541504
401817168,2025.0,2025-12-02,Rhode Island Rams,Brown Bears,0.0,0.0,,,,,False,Thomas M. Ryan Center,2025-12-03 00:00:00+00:00,,2025-12-02 19:00,EST,2025-12-03T00:00:00Z,2025-12-02,,,brown::rhodeisland,74267443089ba5f98d6be0b994b78c5f,Caesars,totals,full_game,2025-12-03 00:05:00+00:00,2025-12-02 23:33:06+00:00,Rhode Island Rams,Brown Bears,,,,,,,138.0,-110.0,-110.0,2025-12-03,1.0,False,144.89064025878906,14.09617042541504,71.0464,77.69431,6.247924,8.094946,144.89064025878906,14.09617042541504
401817168,2025.0,2025-12-02,Rhode Island Rams,Brown Bears,0.0,0.0,,,,,False,Thomas M. Ryan Center,2025-12-03 00:00:00+00:00,,2025-12-02 19:00,EST,2025-12-03T00:00:00Z,2025-12-02,,,brown::rhodeisland,74267443089ba5f98d6be0b994b78c5f,DraftKings,h2h,2h,2025-12-03 00:05:00+00:00,2025-12-02 23:34:22+00:00,Rhode Island Rams,Brown Bears,-1200.0,750.0,,,,,,,,2025-12-03,1.0,False,144.89064025878906,14.09617042541504,71.0464,77.69431,6.247924,8.094946,77.69431,8.094946
401817168,2025.0,2025-12-02,Rhode Island Rams,Brown Bears,0.0,0.0,,,,,False,Thomas M. Ryan Center,2025-12-03 00:00:00+00:00,,2025-12-02 19:00,EST,2025-12-03T00:00:00Z,2025-12-02,,,brown::rhodeisland,74267443089ba5f98d6be0b994b78c5f,DraftKings,spreads,full_game,2025-12-03 00:05:00+00:00,2025-12-02 23:34:22+00:00,Rhode Island Rams,Brown Bears,,,-14.5,-102.0,14.5,-118.0,,,,2025-12-03,1.0,False,144.89064025878906,14.09617042541504,71.0464,77.69431,6.247924,8.094946,144.89064025878906,14.09617042541504
401817168,2025.0,2025-12-02,Rhode Island Rams,Brown Bears,0.0,0.0,,,,,False,Thomas M. Ryan Center,2025-12-03 00:00:00+00:00,,2025-12-02 19:00,EST,2025-12-03T00:00:00Z,2025-12-02,,,brown::rhodeisland,74267443089ba5f98d6be0b994b78c5f,DraftKings,totals,full_game,2025-12-03 00:05:00+00:00,2025-12-02 23:34:22+00:00,Rhode Island Rams,Brown Bears,,,,,,,138.5,-108.0,-112.0,2025-12-03,1.0,False,144.89064025878906,14.09617042541504,71.0464,77.69431,6.247924,8.094946,144.89064025878906,14.09617042541504
401817168,2025.0,2025-12-02,Rhode Island Rams,Brown Bears,0.0,0.0,,,,,False,Thomas M. Ryan Center,2025-12-03 00:00:00+00:00,,2025-12-02 19:00,EST,2025-12-03T00:00:00Z,2025-12-02,,,brown::rhodeisland,74267443089ba5f98d6be0b994b78c5f,FanDuel,h2h,2h,2025-12-03 00:05:00+00:00,2025-12-02 23:33:54+00:00,Rhode Island Rams,Brown Bears,-2000.0,920.0,,,,,,,,2025-12-03,1.0,False,144.89064025878906,14.09617042541504,71.0464,77.69431,6.247924,8.094946,77.69431,8.094946
401817168,2025.0,2025-12-02,Rhode Island Rams,Brown Bears,0.0,0.0,,,,,False,Thomas M. Ryan Center,2025-12-03 00:00:00+00:00,,2025-12-02 19:00,EST,2025-12-03T00:00:00Z,2025-12-02,,,brown::rhodeisland,74267443089ba5f98d6be0b994b78c5f,FanDuel,spreads,full_game,2025-12-03 00:05:00+00:00,2025-12-02 23:33:54+00:00,Rhode Island Rams,Brown Bears,,,-14.5,-104.0,14.5,-118.0,,,,2025-12-03,1.0,False,144.89064025878906,14.09617042541504,71.0464,77.69431,6.247924,8.094946,144.89064025878906,14.09617042541504
401817168,2025.0,2025-12-02,Rhode Island Rams,Brown Bears,0.0,0.0,,,,,False,Thomas M. Ryan Center,2025-12-03 00:00:00+00:00,,2025-12-02 19:00,EST,2025-12-03T00:00:00Z,2025-12-02,,,brown::rhodeisland,74267443089ba5f98d6be0b994b78c5f,FanDuel,totals,full_game,2025-12-03 00:05:00+00:00,2025-12-02 23:33:54+00:00,Rhode Island Rams,Brown Bears,,,,,,,138.5,-110.0,-110.0,2025-12-03,1.0,False,144.89064025878906,14.09617042541504,71.0464,77.69431,6.247924,8.094946,144.89064025878906,14.09617042541504
401817168,2025.0,2025-12-02,Rhode Island Rams,Brown Bears,0.0,0.0,,,,,False,Thomas M. Ryan Center,2025-12-03 00:00:00+00:00,,2025-12-02 19:00,EST,2025-12-03T00:00:00Z,2025-12-02,,,brown::rhodeisland,74267443089ba5f98d6be0b994b78c5f,Fanatics,h2h,2h,2025-12-03 00:05:00+00:00,2025-12-02 23:34:00+00:00,Rhode Island Rams,Brown Bears,-1300.0,800.0,,,,,,,,2025-12-03,1.0,False,144.89064025878906,14.09617042541504,71.0464,77.69431,6.247924,8.094946,77.69431,8.094946
401817168,2025.0,2025-12-02,Rhode Island Rams,Brown Bears,0.0,0.0,,,,,False,Thomas M. Ryan Center,2025-12-03 00:00:00+00:00,,2025-12-02 19:00,EST,2025-12-03T00:00:00Z,2025-12-02,,,brown::rhodeisland,74267443089ba5f98d6be0b994b78c5f,Fanatics,spreads,full_game,2025-12-03 00:05:00+00:00,2025-12-02 23:34:00+00:00,Rhode Island Rams,Brown Bears,,,-14.0,-110.0,14.0,-110.0,,,,2025-12-03,1.0,False,144.89064025878906,14.09617042541504,71.0464,77.69431,6.247924,8.094946,144.89064025878906,14.09617042541504
401817168,2025.0,2025-12-02,Rhode Island Rams,Brown Bears,0.0,0.0,,,,,False,Thomas M. Ryan Center,2025-12-03 00:00:00+00:00,,2025-12-02 19:00,EST,2025-12-03T00:00:00Z,2025-12-02,,,brown::rhodeisland,74267443089ba5f98d6be0b994b78c5f,Fanatics,totals,full_game,2025-12-03 00:05:00+00:00,2025-12-02 23:34:00+00:00,Rhode Island Rams,Brown Bears,,,,,,,138.0,-110.0,-110.0,2025-12-03,1.0,False,144.89064025878906,14.09617042541504,71.0464,77.69431,6.247924,8.094946,144.89064025878906,14.09617042541504
401817168,2025.0,2025-12-02,Rhode Island Rams,Brown Bears,0.0,0.0,,,,,False,Thomas M. Ryan Center,2025-12-03 00:00:00+00:00,,2025-12-02 19:00,EST,2025-12-03T00:00:00Z,2025-12-02,,,brown::rhodeisland,74267443089ba5f98d6be0b994b78c5f,LowVig.ag,h2h,2h,2025-12-03 00:05:00+00:00,2025-12-02 23:34:20+00:00,Rhode Island Rams,Brown Bears,-1200.0,754.0,,,,,,,,2025-12-03,1.0,False,144.89064025878906,14.09617042541504,71.0464,77.69431,6.247924,8.094946,77.69431,8.094946
401817168,2025.0,2025-12-02,Rhode Island Rams,Brown Bears,0.0,0.0,,,,,False,Thomas M. Ryan Center,2025-12-03 00:00:00+00:00,,2025-12-02 19:00,EST,2025-12-03T00:00:00Z,2025-12-02,,,brown::rhodeisland,74267443089ba5f98d6be0b994b78c5f,LowVig.ag,spreads,full_game,2025-12-03 00:05:00+00:00,2025-12-02 23:34:20+00:00,Rhode Island Rams,Brown Bears,,,-14.0,-105.0,14.0,-107.0,,,,2025-12-03,1.0,False,144.89064025878906,14.09617042541504,71.0464,77.69431,6.247924,8.094946,144.89064025878906,14.09617042541504
401817168,2025.0,2025-12-02,Rhode Island Rams,Brown Bears,0.0,0.0,,,,,False,Thomas M. Ryan Center,2025-12-03 00:00:00+00:00,,2025-12-02 19:00,EST,2025-12-03T00:00:00Z,2025-12-02,,,brown::rhodeisland,74267443089ba5f98d6be0b994b78c5f,LowVig.ag,totals,full_game,2025-12-03 00:05:00+00:00,2025-12-02 23:34:20+00:00,Rhode Island Rams,Brown Bears,,,,,,,138.0,-108.0,-108.0,2025-12-03,1.0,False,144.89064025878906,14.09617042541504,71.0464,77.69431,6.247924,8.094946,144.89064025878906,14.09617042541504
401817188,2025.0,2025-12-02,Loyola Marymount Lions,Saint Louis Billikens,0.0,0.0,,,,,False,Gersten Pavilion,2025-12-03 03:00:00+00:00,,2025-12-02 22:00,EST,2025-12-03T03:00:00Z,2025-12-02,,,loyolamarymount::stlouis,67d0cfe98349c18fe7e5e78dc53e97e5,BetMGM,h2h,2h,2025-12-03 03:00:00+00:00,2025-12-02 23:34:07+00:00,Loyola Marymount Lions,Saint Louis Billikens,260.0,-325.0,,,,,,,,2025-12-03,1.0,False,143.6062469482422,-1.5741724967956543,70.4497,76.91044,-0.93747306,-0.18665361,76.91044,-0.18665361
401817188,2025.0,2025-12-02,Loyola Marymount Lions,Saint Louis Billikens,0.0,0.0,,,,,False,Gersten Pavilion,2025-12-03 03:00:00+00:00,,2025-12-02 22:00,EST,2025-12-03T03:00:00Z,2025-12-02,,,loyolamarymount::stlouis,67d0cfe98349c18fe7e5e78dc53e97e5,BetMGM,spreads,full_game,2025-12-03 03:00:00+00:00,2025-12-02 23:34:07+00:00,Loyola Marymount Lions,Saint Louis Billikens,,,7.5,-110.0,-7.5,-110.0,,,,2025-12-03,1.0,False,143.6062469482422,-1.5741724967956543,70.4497,76.91044,-0.93747306,-0.18665361,143.6062469482422,-1.5741724967956543
401817188,2025.0,2025-12-02,Loyola Marymount Lions,Saint Louis Billikens,0.0,0.0,,,,,False,Gersten Pavilion,2025-12-03 03:00:00+00:00,,2025-12-02 22:00,EST,2025-12-03T03:00:00Z,2025-12-02,,,loyolamarymount::stlouis,67d0cfe98349c18fe7e5e78dc53e97e5,BetMGM,totals,full_game,2025-12-03 03:00:00+00:00,2025-12-02 23:34:07+00:00,Loyola Marymount Lions,Saint Louis Billikens,,,,,,,147.5,-115.0,-105.0,2025-12-03,1.0,False,143.6062469482422,-1.5741724967956543,70.4497,76.91044,-0.93747306,-0.18665361,143.6062469482422,-1.5741724967956543
401817188,2025.0,2025-12-02,Loyola Marymount Lions,Saint Louis Billikens,0.0,0.0,,,,,False,Gersten Pavilion,2025-12-03 03:00:00+00:00,,2025-12-02 22:00,EST,2025-12-03T03:00:00Z,2025-12-02,,,loyolamarymount::stlouis,67d0cfe98349c18fe7e5e78dc53e97e5,BetOnline.ag,h2h,2h,2025-12-03 03:00:00+00:00,2025-12-02 23:34:37+00:00,Loyola Marymount Lions,Saint Louis Billikens,263.0,-325.0,,,,,,,,2025-12-03,1.0,False,143.6062469482422,-1.5741724967956543,70.4497,76.91044,-0.93747306,-0.18665361,76.91044,-0.18665361
401817188,2025.0,2025-12-02,Loyola Marymount Lions,Saint Louis Billikens,0.0,0.0,,,,,False,Gersten Pavilion,2025-12-03 03:00:00+00:00,,2025-12-02 22:00,EST,2025-12-03T03:00:00Z,2025-12-02,,,loyolamarymount::stlouis,67d0cfe98349c18fe7e5e78dc53e97e5,BetOnline.ag,spreads,full_game,2025-12-03 03:00:00+00:00,2025-12-02 23:34:37+00:00,Loyola Marymount Lions,Saint Louis Billikens,,,8.0,-115.0,-8.0,-105.0,,,,2025-12-03,1.0,False,143.6062469482422,-1.5741724967956543,70.4497,76.91044,-0.93747306,-0.18665361,143.6062469482422,-1.5741724967956543
401817188,2025.0,2025-12-02,Loyola Marymount Lions,Saint Louis Billikens,0.0,0.0,,,,,False,Gersten Pavilion,2025-12-03 03:00:00+00:00,,2025-12-02 22:00,EST,2025-12-03T03:00:00Z,2025-12-02,,,loyolamarymount::stlouis,67d0cfe98349c18fe7e5e78dc53e97e5,BetOnline.ag,totals,full_game,2025-12-03 03:00:00+00:00,2025-12-02 23:34:37+00:00,Loyola Marymount Lions,Saint Louis Billikens,,,,,,,147.5,-110.0,-110.0,2025-12-03,1.0,False,143.6062469482422,-1.5741724967956543,70.4497,76.91044,-0.93747306,-0.18665361,143.6062469482422,-1.5741724967956543
401817188,2025.0,2025-12-02,Loyola Marymount Lions,Saint Louis Billikens,0.0,0.0,,,,,False,Gersten Pavilion,2025-12-03 03:00:00+00:00,,2025-12-02 22:00,EST,2025-12-03T03:00:00Z,2025-12-02,,,loyolamarymount::stlouis,67d0cfe98349c18fe7e5e78dc53e97e5,BetRivers,h2h,2h,2025-12-03 03:00:00+00:00,2025-12-02 23:34:22+00:00,Loyola Marymount Lions,Saint Louis Billikens,255.0,-335.0,,,,,,,,2025-12-03,1.0,False,143.6062469482422,-1.5741724967956543,70.4497,76.91044,-0.93747306,-0.18665361,76.91044,-0.18665361
401817188,2025.0,2025-12-02,Loyola Marymount Lions,Saint Louis Billikens,0.0,0.0,,,,,False,Gersten Pavilion,2025-12-03 03:00:00+00:00,,2025-12-02 22:00,EST,2025-12-03T03:00:00Z,2025-12-02,,,loyolamarymount::stlouis,67d0cfe98349c18fe7e5e78dc53e97e5,BetRivers,spreads,full_game,2025-12-03 03:00:00+00:00,2025-12-02 23:34:22+00:00,Loyola Marymount Lions,Saint Louis Billikens,,,7.5,-115.0,-7.5,-108.0,,,,2025-12-03,1.0,False,143.6062469482422,-1.5741724967956543,70.4497,76.91044,-0.93747306,-0.18665361,143.6062469482422,-1.5741724967956543
401817188,2025.0,2025-12-02,Loyola Marymount Lions,Saint Louis Billikens,0.0,0.0,,,,,False,Gersten Pavilion,2025-12-03 03:00:00+00:00,,2025-12-02 22:00,EST,2025-12-03T03:00:00Z,2025-12-02,,,loyolamarymount::stlouis,67d0cfe98349c18fe7e5e78dc53e97e5,BetRivers,totals,full_game,2025-12-03 03:00:00+00:00,2025-12-02 23:34:22+00:00,Loyola Marymount Lions,Saint Louis Billikens,,,,,,,148.0,-112.0,-112.0,2025-12-03,1.0,False,143.6062469482422,-1.5741724967956543,70.4497,76.91044,-0.93747306,-0.18665361,143.6062469482422,-1.5741724967956543
401817188,2025.0,2025-12-02,Loyola Marymount Lions,Saint Louis Billikens,0.0,0.0,,,,,False,Gersten Pavilion,2025-12-03 03:00:00+00:00,,2025-12-02 22:00,EST,2025-12-03T03:00:00Z,2025-12-02,,,loyolamarymount::stlouis,67d0cfe98349c18fe7e5e78dc53e97e5,BetUS,h2h,2h,2025-12-03 03:00:00+00:00,2025-12-02 23:34:07+00:00,Loyola Marymount Lions,Saint Louis Billikens,255.0,-310.0,,,,,,,,2025-12-03,1.0,False,143.6062469482422,-1.5741724967956543,70.4497,76.91044,-0.93747306,-0.18665361,76.91044,-0.18665361
401817188,2025.0,2025-12-02,Loyola Marymount Lions,Saint Louis Billikens,0.0,0.0,,,,,False,Gersten Pavilion,2025-12-03 03:00:00+00:00,,2025-12-02 22:00,EST,2025-12-03T03:00:00Z,2025-12-02,,,loyolamarymount::stlouis,67d0cfe98349c18fe7e5e78dc53e97e5,BetUS,spreads,full_game,2025-12-03 03:00:00+00:00,2025-12-02 23:34:07+00:00,Loyola Marymount Lions,Saint Louis Billikens,,,7.5,-110.0,-7.5,-110.0,,,,2025-12-03,1.0,False,143.6062469482422,-1.5741724967956543,70.4497,76.91044,-0.93747306,-0.18665361,143.6062469482422,-1.5741724967956543
401817188,2025.0,2025-12-02,Loyola Marymount Lions,Saint Louis Billikens,0.0,0.0,,,,,False,Gersten Pavilion,2025-12-03 03:00:00+00:00,,2025-12-02 22:00,EST,2025-12-03T03:00:00Z,2025-12-02,,,loyolamarymount::stlouis,67d0cfe98349c18fe7e5e78dc53e97e5,BetUS,totals,full_game,2025-12-03 03:00:00+00:00,2025-12-02 23:34:07+00:00,Loyola Marymount Lions,Saint Louis Billikens,,,,,,,147.5,-110.0,-110.0,2025-12-03,1.0,False,143.6062469482422,-1.5741724967956543,70.4497,76.91044,-0.93747306,-0.18665361,143.6062469482422,-1.5741724967956543
401817188,2025.0,2025-12-02,Loyola Marymount Lions,Saint Louis Billikens,0.0,0.0,,,,,False,Gersten Pavilion,2025-12-03 03:00:00+00:00,,2025-12-02 22:00,EST,2025-12-03T03:00:00Z,2025-12-02,,,loyolamarymount::stlouis,67d0cfe98349c18fe7e5e78dc53e97e5,Bovada,h2h,2h,2025-12-03 03:00:00+00:00,2025-12-02 23:34:11+00:00,Loyola Marymount Lions,Saint Louis Billikens,260.0,-320.0,,,,,,,,2025-12-03,1.0,False,143.6062469482422,-1.5741724967956543,70.4497,76.91044,-0.93747306,-0.18665361,76.91044,-0.18665361
401817188,2025.0,2025-12-02,Loyola Marymount Lions,Saint Louis Billikens,0.0,0.0,,,,,False,Gersten Pavilion,2025-12-03 03:00:00+00:00,,2025-12-02 22:00,EST,2025-12-03T03:00:00Z,2025-12-02,,,loyolamarymount::stlouis,67d0cfe98349c18fe7e5e78dc53e97e5,Bovada,spreads,full_game,2025-12-03 03:00:00+00:00,2025-12-02 23:34:11+00:00,Loyola Marymount Lions,Saint Louis Billikens,,,7.5,-110.0,-7.5,-110.0,,,,2025-12-03,1.0,False,143.6062469482422,-1.5741724967956543,70.4497,76.91044,-0.93747306,-0.18665361,143.6062469482422,-1.5741724967956543
401817188,2025.0,2025-12-02,Loyola Marymount Lions,Saint Louis Billikens,0.0,0.0,,,,,False,Gersten Pavilion,2025-12-03 03:00:00+00:00,,2025-12-02 22:00,EST,2025-12-03T03:00:00Z,2025-12-02,,,loyolamarymount::stlouis,67d0cfe98349c18fe7e5e78dc53e97e5,Bovada,totals,full_game,2025-12-03 03:00:00+00:00,2025-12-02 23:34:11+00:00,Loyola Marymount Lions,Saint Louis Billikens,,,,,,,148.0,-110.0,-110.0,2025-12-03,1.0,False,143.6062469482422,-1.5741724967956543,70.4497,76.91044,-0.93747306,-0.18665361,143.6062469482422,-1.5741724967956543
401817188,2025.0,2025-12-02,Loyola Marymount Lions,Saint Louis Billikens,0.0,0.0,,,,,False,Gersten Pavilion,2025-12-03 03:00:00+00:00,,2025-12-02 22:00,EST,2025-12-03T03:00:00Z,2025-12-02,,,loyolamarymount::stlouis,67d0cfe98349c18fe7e5e78dc53e97e5,Caesars,h2h,2h,2025-12-03 03:00:00+00:00,2025-12-02 23:33:07+00:00,Loyola Marymount Lions,Saint Louis Billikens,260.0,-335.0,,,,,,,,2025-12-03,1.0,False,143.6062469482422,-1.5741724967956543,70.4497,76.91044,-0.93747306,-0.18665361,76.91044,-0.18665361
401817188,2025.0,2025-12-02,Loyola Marymount Lions,Saint Louis Billikens,0.0,0.0,,,,,False,Gersten Pavilion,2025-12-03 03:00:00+00:00,,2025-12-02 22:00,EST,2025-12-03T03:00:00Z,2025-12-02,,,loyolamarymount::stlouis,67d0cfe98349c18fe7e5e78dc53e97e5,Caesars,spreads,full_game,2025-12-03 03:00:00+00:00,2025-12-02 23:33:07+00:00,Loyola Marymount Lions,Saint Louis Billikens,,,7.5,-110.0,-7.5,-110.0,,,,2025-12-03,1.0,False,143.6062469482422,-1.5741724967956543,70.4497,76.91044,-0.93747306,-0.18665361,143.6062469482422,-1.5741724967956543
401817188,2025.0,2025-12-02,Loyola Marymount Lions,Saint Louis Billikens,0.0,0.0,,,,,False,Gersten Pavilion,2025-12-03 03:00:00+00:00,,2025-12-02 22:00,EST,2025-12-03T03:00:00Z,2025-12-02,,,loyolamarymount::stlouis,67d0cfe98349c18fe7e5e78dc53e97e5,Caesars,totals,full_game,2025-12-03 03:00:00+00:00,2025-12-02 23:33:07+00:00,Loyola Marymount Lions,Saint Louis Billikens,,,,,,,147.5,-110.0,-110.0,2025-12-03,1.0,False,143.6062469482422,-1.5741724967956543,70.4497,76.91044,-0.93747306,-0.18665361,143.6062469482422,-1.5741724967956543
401817188,2025.0,2025-12-02,Loyola Marymount Lions,Saint Louis Billikens,0.0,0.0,,,,,False,Gersten Pavilion,2025-12-03 03:00:00+00:00,,2025-12-02 22:00,EST,2025-12-03T03:00:00Z,2025-12-02,,,loyolamarymount::stlouis,67d0cfe98349c18fe7e5e78dc53e97e5,DraftKings,h2h,2h,2025-12-03 03:00:00+00:00,2025-12-02 23:34:22+00:00,Loyola Marymount Lions,Saint Louis Billikens,245.0,-305.0,,,,,,,,2025-12-03,1.0,False,143.6062469482422,-1.5741724967956543,70.4497,76.91044,-0.93747306,-0.18665361,76.91044,-0.18665361
401817188,2025.0,2025-12-02,Loyola Marymount Lions,Saint Louis Billikens,0.0,0.0,,,,,False,Gersten Pavilion,2025-12-03 03:00:00+00:00,,2025-12-02 22:00,EST,2025-12-03T03:00:00Z,2025-12-02,,,loyolamarymount::stlouis,67d0cfe98349c18fe7e5e78dc53e97e5,DraftKings,spreads,full_game,2025-12-03 03:00:00+00:00,2025-12-02 23:34:22+00:00,Loyola Marymount Lions,Saint Louis Billikens,,,7.5,-112.0,-7.5,-108.0,,,,2025-12-03,1.0,False,143.6062469482422,-1.5741724967956543,70.4497,76.91044,-0.93747306,-0.18665361,143.6062469482422,-1.5741724967956543
401817188,2025.0,2025-12-02,Loyola Marymount Lions,Saint Louis Billikens,0.0,0.0,,,,,False,Gersten Pavilion,2025-12-03 03:00:00+00:00,,2025-12-02 22:00,EST,2025-12-03T03:00:00Z,2025-12-02,,,loyolamarymount::stlouis,67d0cfe98349c18fe7e5e78dc53e97e5,DraftKings,totals,full_game,2025-12-03 03:00:00+00:00,2025-12-02 23:34:22+00:00,Loyola Marymount Lions,Saint Louis Billikens,,,,,,,147.5,-115.0,-105.0,2025-12-03,1.0,False,143.6062469482422,-1.5741724967956543,70.4497,76.91044,-0.93747306,-0.18665361,143.6062469482422,-1.5741724967956543
401817188,2025.0,2025-12-02,Loyola Marymount Lions,Saint Louis Billikens,0.0,0.0,,,,,False,Gersten Pavilion,2025-12-03 03:00:00+00:00,,2025-12-02 22:00,EST,2025-12-03T03:00:00Z,2025-12-02,,,loyolamarymount::stlouis,67d0cfe98349c18fe7e5e78dc53e97e5,FanDuel,h2h,2h,2025-12-03 03:00:00+00:00,2025-12-02 23:33:54+00:00,Loyola Marymount Lions,Saint Louis Billikens,265.0,-335.0,,,,,,,,2025-12-03,1.0,False,143.6062469482422,-1.5741724967956543,70.4497,76.91044,-0.93747306,-0.18665361,76.91044,-0.18665361
401817188,2025.0,2025-12-02,Loyola Marymount Lions,Saint Louis Billikens,0.0,0.0,,,,,False,Gersten Pavilion,2025-12-03 03:00:00+00:00,,2025-12-02 22:00,EST,2025-12-03T03:00:00Z,2025-12-02,,,loyolamarymount::stlouis,67d0cfe98349c18fe7e5e78dc53e97e5,FanDuel,spreads,full_game,2025-12-03 03:00:00+00:00,2025-12-02 23:33:54+00:00,Loyola Marymount Lions,Saint Louis Billikens,,,7.5,-120.0,-7.5,-102.0,,,,2025-12-03,1.0,False,143.6062469482422,-1.5741724967956543,70.4497,76.91044,-0.93747306,-0.18665361,143.6062469482422,-1.5741724967956543
401817188,2025.0,2025-12-02,Loyola Marymount Lions,Saint Louis Billikens,0.0,0.0,,,,,False,Gersten Pavilion,2025-12-03 03:00:00+00:00,,2025-12-02 22:00,EST,2025-12-03T03:00:00Z,2025-12-02,,,loyolamarymount::stlouis,67d0cfe98349c18fe7e5e78dc53e97e5,FanDuel,totals,full_game,2025-12-03 03:00:00+00:00,2025-12-02 23:33:54+00:00,Loyola Marymount Lions,Saint Louis Billikens,,,,,,,147.5,-110.0,-112.0,2025-12-03,1.0,False,143.6062469482422,-1.5741724967956543,70.4497,76.91044,-0.93747306,-0.18665361,143.6062469482422,-1.5741724967956543
401817188,2025.0,2025-12-02,Loyola Marymount Lions,Saint Louis Billikens,0.0,0.0,,,,,False,Gersten Pavilion,2025-12-03 03:00:00+00:00,,2025-12-02 22:00,EST,2025-12-03T03:00:00Z,2025-12-02,,,loyolamarymount::stlouis,67d0cfe98349c18fe7e5e78dc53e97e5,Fanatics,h2h,2h,2025-12-03 03:00:00+00:00,2025-12-02 23:34:00+00:00,Loyola Marymount Lions,Saint Louis Billikens,240.0,-300.0,,,,,,,,2025-12-03,1.0,False,143.6062469482422,-1.5741724967956543,70.4497,76.91044,-0.93747306,-0.18665361,76.91044,-0.18665361
401817188,2025.0,2025-12-02,Loyola Marymount Lions,Saint Louis Billikens,0.0,0.0,,,,,False,Gersten Pavilion,2025-12-03 03:00:00+00:00,,2025-12-02 22:00,EST,2025-12-03T03:00:00Z,2025-12-02,,,loyolamarymount::stlouis,67d0cfe98349c18fe7e5e78dc53e97e5,Fanatics,spreads,full_game,2025-12-03 03:00:00+00:00,2025-12-02 23:34:00+00:00,Loyola Marymount Lions,Saint Louis Billikens,,,7.0,-110.0,-7.0,-110.0,,,,2025-12-03,1.0,False,143.6062469482422,-1.5741724967956543,70.4497,76.91044,-0.93747306,-0.18665361,143.6062469482422,-1.5741724967956543
401817188,2025.0,2025-12-02,Loyola Marymount Lions,Saint Louis Billikens,0.0,0.0,,,,,False,Gersten Pavilion,2025-12-03 03:00:00+00:00,,2025-12-02 22:00,EST,2025-12-03T03:00:00Z,2025-12-02,,,loyolamarymount::stlouis,67d0cfe98349c18fe7e5e78dc53e97e5,Fanatics,totals,full_game,2025-12-03 03:00:00+00:00,2025-12-02 23:34:00+00:00,Loyola Marymount Lions,Saint Louis Billikens,,,,,,,148.0,-110.0,-110.0,2025-12-03,1.0,False,143.6062469482422,-1.5741724967956543,70.4497,76.91044,-0.93747306,-0.18665361,143.6062469482422,-1.5741724967956543
401817188,2025.0,2025-12-02,Loyola Marymount Lions,Saint Louis Billikens,0.0,0.0,,,,,False,Gersten Pavilion,2025-12-03 03:00:00+00:00,,2025-12-02 22:00,EST,2025-12-03T03:00:00Z,2025-12-02,,,loyolamarymount::stlouis,67d0cfe98349c18fe7e5e78dc53e97e5,LowVig.ag,h2h,2h,2025-12-03 03:00:00+00:00,2025-12-02 23:34:20+00:00,Loyola Marymount Lions,Saint Louis Billikens,263.0,-325.0,,,,,,,,2025-12-03,1.0,False,143.6062469482422,-1.5741724967956543,70.4497,76.91044,-0.93747306,-0.18665361,76.91044,-0.18665361
401817188,2025.0,2025-12-02,Loyola Marymount Lions,Saint Louis Billikens,0.0,0.0,,,,,False,Gersten Pavilion,2025-12-03 03:00:00+00:00,,2025-12-02 22:00,EST,2025-12-03T03:00:00Z,2025-12-02,,,loyolamarymount::stlouis,67d0cfe98349c18fe7e5e78dc53e97e5,LowVig.ag,spreads,full_game,2025-12-03 03:00:00+00:00,2025-12-02 23:34:20+00:00,Loyola Marymount Lions,Saint Louis Billikens,,,8.0,-111.0,-8.0,-101.0,,,,2025-12-03,1.0,False,143.6062469482422,-1.5741724967956543,70.4497,76.91044,-0.93747306,-0.18665361,143.6062469482422,-1.5741724967956543
401817188,2025.0,2025-12-02,Loyola Marymount Lions,Saint Louis Billikens,0.0,0.0,,,,,False,Gersten Pavilion,2025-12-03 03:00:00+00:00,,2025-12-02 22:00,EST,2025-12-03T03:00:00Z,2025-12-02,,,loyolamarymount::stlouis,67d0cfe98349c18fe7e5e78dc53e97e5,LowVig.ag,totals,full_game,2025-12-03 03:00:00+00:00,2025-12-02 23:34:20+00:00,Loyola Marymount Lions,Saint Louis Billikens,,,,,,,147.5,-108.0,-108.0,2025-12-03,1.0,False,143.6062469482422,-1.5741724967956543,70.4497,76.91044,-0.93747306,-0.18665361,143.6062469482422,-1.5741724967956543
401817224,2025.0,2025-12-02,California Golden Bears,Utah Utes,0.0,0.0,,,,,False,Haas Pavilion,2025-12-03 03:00:00+00:00,,2025-12-02 22:00,EST,2025-12-03T03:00:00Z,2025-12-02,,,californiagolden::utahutes,e92c8ac9f1fb5081d4f04d09bd10c638,BetMGM,h2h,2h,2025-12-03 03:00:00+00:00,2025-12-02 23:34:07+00:00,California Golden Bears,Utah Utes,-400.0,310.0,,,,,,,,2025-12-03,1.0,False,144.59459777832032,4.6164026641845695,71.15667,77.26686,-0.5267186,-0.3642223,77.26686,-0.3642223
401817224,2025.0,2025-12-02,California Golden Bears,Utah Utes,0.0,0.0,,,,,False,Haas Pavilion,2025-12-03 03:00:00+00:00,,2025-12-02 22:00,EST,2025-12-03T03:00:00Z,2025-12-02,,,californiagolden::utahutes,e92c8ac9f1fb5081d4f04d09bd10c638,BetMGM,spreads,full_game,2025-12-03 03:00:00+00:00,2025-12-02 23:34:07+00:00,California Golden Bears,Utah Utes,,,-8.5,-110.0,8.5,-110.0,,,,2025-12-03,1.0,False,144.59459777832032,4.6164026641845695,71.15667,77.26686,-0.5267186,-0.3642223,144.59459777832032,4.6164026641845695
401817224,2025.0,2025-12-02,California Golden Bears,Utah Utes,0.0,0.0,,,,,False,Haas Pavilion,2025-12-03 03:00:00+00:00,,2025-12-02 22:00,EST,2025-12-03T03:00:00Z,2025-12-02,,,californiagolden::utahutes,e92c8ac9f1fb5081d4f04d09bd10c638,BetMGM,totals,full_game,2025-12-03 03:00:00+00:00,2025-12-02 23:34:07+00:00,California Golden Bears,Utah Utes,,,,,,,150.5,-115.0,-105.0,2025-12-03,1.0,False,144.59459777832032,4.6164026641845695,71.15667,77.26686,-0.5267186,-0.3642223,144.59459777832032,4.6164026641845695
401817224,2025.0,2025-12-02,California Golden Bears,Utah Utes,0.0,0.0,,,,,False,Haas Pavilion,2025-12-03 03:00:00+00:00,,2025-12-02 22:00,EST,2025-12-03T03:00:00Z,2025-12-02,,,californiagolden::utahutes,e92c8ac9f1fb5081d4f04d09bd10c638,BetOnline.ag,h2h,2h,2025-12-03 03:00:00+00:00,2025-12-02 23:34:37+00:00,California Golden Bears,Utah Utes,-400.0,316.0,,,,,,,,2025-12-03,1.0,False,144.59459777832032,4.6164026641845695,71.15667,77.26686,-0.5267186,-0.3642223,77.26686,-0.3642223
401817224,2025.0,2025-12-02,California Golden Bears,Utah Utes,0.0,0.0,,,,,False,Haas Pavilion,2025-12-03 03:00:00+00:00,,2025-12-02 22:00,EST,2025-12-03T03:00:00Z,2025-12-02,,,californiagolden::utahutes,e92c8ac9f1fb5081d4f04d09bd10c638,BetOnline.ag,spreads,full_game,2025-12-03 03:00:00+00:00,2025-12-02 23:34:37+00:00,California Golden Bears,Utah Utes,,,-8.5,-109.0,8.5,-111.0,,,,2025-12-03,1.0,False,144.59459777832032,4.6164026641845695,71.15667,77.26686,-0.5267186,-0.3642223,144.59459777832032,4.6164026641845695
401817224,2025.0,2025-12-02,California Golden Bears,Utah Utes,0.0,0.0,,,,,False,Haas Pavilion,2025-12-03 03:00:00+00:00,,2025-12-02 22:00,EST,2025-12-03T03:00:00Z,2025-12-02,,,californiagolden::utahutes,e92c8ac9f1fb5081d4f04d09bd10c638,BetOnline.ag,totals,full_game,2025-12-03 03:00:00+00:00,2025-12-02 23:34:37+00:00,California Golden Bears,Utah Utes,,,,,,,151.5,-105.0,-115.0,2025-12-03,1.0,False,144.59459777832032,4.6164026641845695,71.15667,77.26686,-0.5267186,-0.3642223,144.59459777832032,4.6164026641845695
401817224,2025.0,2025-12-02,California Golden Bears,Utah Utes,0.0,0.0,,,,,False,Haas Pavilion,2025-12-03 03:00:00+00:00,,2025-12-02 22:00,EST,2025-12-03T03:00:00Z,2025-12-02,,,californiagolden::utahutes,e92c8ac9f1fb5081d4f04d09bd10c638,BetRivers,h2h,2h,2025-12-03 03:00:00+00:00,2025-12-02 23:34:22+00:00,California Golden Bears,Utah Utes,-480.0,320.0,,,,,,,,2025-12-03,1.0,False,144.59459777832032,4.6164026641845695,71.15667,77.26686,-0.5267186,-0.3642223,77.26686,-0.3642223
401817224,2025.0,2025-12-02,California Golden Bears,Utah Utes,0.0,0.0,,,,,False,Haas Pavilion,2025-12-03 03:00:00+00:00,,2025-12-02 22:00,EST,2025-12-03T03:00:00Z,2025-12-02,,,californiagolden::utahutes,e92c8ac9f1fb5081d4f04d09bd10c638,BetRivers,spreads,full_game,2025-12-03 03:00:00+00:00,2025-12-02 23:34:22+00:00,California Golden Bears,Utah Utes,,,-8.5,-114.0,8.5,-109.0,,,,2025-12-03,1.0,False,144.59459777832032,4.6164026641845695,71.15667,77.26686,-0.5267186,-0.3642223,144.59459777832032,4.6164026641845695
401817224,2025.0,2025-12-02,California Golden Bears,Utah Utes,0.0,0.0,,,,,False,Haas Pavilion,2025-12-03 03:00:00+00:00,,2025-12-02 22:00,EST,2025-12-03T03:00:00Z,2025-12-02,,,californiagolden::utahutes,e92c8ac9f1fb5081d4f04d09bd10c638,BetRivers,totals,full_game,2025-12-03 03:00:00+00:00,2025-12-02 23:34:22+00:00,California Golden Bears,Utah Utes,,,,,,,151.5,-113.0,-110.0,2025-12-03,1.0,False,144.59459777832032,4.6164026641845695,71.15667,77.26686,-0.5267186,-0.3642223,144.59459777832032,4.6164026641845695
401817224,2025.0,2025-12-02,California Golden Bears,Utah Utes,0.0,0.0,,,,,False,Haas Pavilion,2025-12-03 03:00:00+00:00,,2025-12-02 22:00,EST,2025-12-03T03:00:00Z,2025-12-02,,,californiagolden::utahutes,e92c8ac9f1fb5081d4f04d09bd10c638,BetUS,h2h,2h,2025-12-03 03:00:00+00:00,2025-12-02 23:34:07+00:00,California Golden Bears,Utah Utes,-400.0,320.0,,,,,,,,2025-12-03,1.0,False,144.59459777832032,4.6164026641845695,71.15667,77.26686,-0.5267186,-0.3642223,77.26686,-0.3642223
401817224,2025.0,2025-12-02,California Golden Bears,Utah Utes,0.0,0.0,,,,,False,Haas Pavilion,2025-12-03 03:00:00+00:00,,2025-12-02 22:00,EST,2025-12-03T03:00:00Z,2025-12-02,,,californiagolden::utahutes,e92c8ac9f1fb5081d4f04d09bd10c638,BetUS,spreads,full_game,2025-12-03 03:00:00+00:00,2025-12-02 23:34:07+00:00,California Golden Bears,Utah Utes,,,-8.5,-110.0,8.5,-110.0,,,,2025-12-03,1.0,False,144.59459777832032,4.6164026641845695,71.15667,77.26686,-0.5267186,-0.3642223,144.59459777832032,4.6164026641845695
401817224,2025.0,2025-12-02,California Golden Bears,Utah Utes,0.0,0.0,,,,,False,Haas Pavilion,2025-12-03 03:00:00+00:00,,2025-12-02 22:00,EST,2025-12-03T03:00:00Z,2025-12-02,,,californiagolden::utahutes,e92c8ac9f1fb5081d4f04d09bd10c638,BetUS,totals,full_game,2025-12-03 03:00:00+00:00,2025-12-02 23:34:07+00:00,California Golden Bears,Utah Utes,,,,,,,151.0,-110.0,-110.0,2025-12-03,1.0,False,144.59459777832032,4.6164026641845695,71.15667,77.26686,-0.5267186,-0.3642223,144.59459777832032,4.6164026641845695
401817224,2025.0,2025-12-02,California Golden Bears,Utah Utes,0.0,0.0,,,,,False,Haas Pavilion,2025-12-03 03:00:00+00:00,,2025-12-02 22:00,EST,2025-12-03T03:00:00Z,2025-12-02,,,californiagolden::utahutes,e92c8ac9f1fb5081d4f04d09bd10c638,Bovada,h2h,2h,2025-12-03 03:00:00+00:00,2025-12-02 23:34:11+00:00,California Golden Bears,Utah Utes,-415.0,310.0,,,,,,,,2025-12-03,1.0,False,144.59459777832032,4.6164026641845695,71.15667,77.26686,-0.5267186,-0.3642223,77.26686,-0.3642223
401817224,2025.0,2025-12-02,California Golden Bears,Utah Utes,0.0,0.0,,,,,False,Haas Pavilion,2025-12-03 03:00:00+00:00,,2025-12-02 22:00,EST,2025-12-03T03:00:00Z,2025-12-02,,,californiagolden::utahutes,e92c8ac9f1fb5081d4f04d09bd10c638,Bovada,spreads,full_game,2025-12-03 03:00:00+00:00,2025-12-02 23:34:11+00:00,California Golden Bears,Utah Utes,,,-8.5,-110.0,8.5,-110.0,,,,2025-12-03,1.0,False,144.59459777832032,4.6164026641845695,71.15667,77.26686,-0.5267186,-0.3642223,144.59459777832032,4.6164026641845695
401817224,2025.0,2025-12-02,California Golden Bears,Utah Utes,0.0,0.0,,,,,False,Haas Pavilion,2025-12-03 03:00:00+00:00,,2025-12-02 22:00,EST,2025-12-03T03:00:00Z,2025-12-02,,,californiagolden::utahutes,e92c8ac9f1fb5081d4f04d09bd10c638,Bovada,totals,full_game,2025-12-03 03:00:00+00:00,2025-12-02 23:34:11+00:00,California Golden Bears,Utah Utes,,,,,,,151.0,-110.0,-110.0,2025-12-03,1.0,False,144.59459777832032,4.6164026641845695,71.15667,77.26686,-0.5267186,-0.3642223,144.59459777832032,4.6164026641845695
401817224,2025.0,2025-12-02,California Golden Bears,Utah Utes,0.0,0.0,,,,,False,Haas Pavilion,2025-12-03 03:00:00+00:00,,2025-12-02 22:00,EST,2025-12-03T03:00:00Z,2025-12-02,,,californiagolden::utahutes,e92c8ac9f1fb5081d4f04d09bd10c638,Caesars,h2h,2h,2025-12-03 03:00:00+00:00,2025-12-02 23:33:07+00:00,California Golden Bears,Utah Utes,-420.0,320.0,,,,,,,,2025-12-03,1.0,False,144.59459777832032,4.6164026641845695,71.15667,77.26686,-0.5267186,-0.3642223,77.26686,-0.3642223
401817224,2025.0,2025-12-02,California Golden Bears,Utah Utes,0.0,0.0,,,,,False,Haas Pavilion,2025-12-03 03:00:00+00:00,,2025-12-02 22:00,EST,2025-12-03T03:00:00Z,2025-12-02,,,californiagolden::utahutes,e92c8ac9f1fb5081d4f04d09bd10c638,Caesars,spreads,full_game,2025-12-03 03:00:00+00:00,2025-12-02 23:33:07+00:00,California Golden Bears,Utah Utes,,,-9.0,-110.0,9.0,-110.0,,,,2025-12-03,1.0,False,144.59459777832032,4.6164026641845695,71.15667,77.26686,-0.5267186,-0.3642223,144.59459777832032,4.6164026641845695
401817224,2025.0,2025-12-02,California Golden Bears,Utah Utes,0.0,0.0,,,,,False,Haas Pavilion,2025-12-03 03:00:00+00:00,,2025-12-02 22:00,EST,2025-12-03T03:00:00Z,2025-12-02,,,californiagolden::utahutes,e92c8ac9f1fb5081d4f04d09bd10c638,Caesars,totals,full_game,2025-12-03 03:00:00+00:00,2025-12-02 23:33:07+00:00,California Golden Bears,Utah Utes,,,,,,,150.5,-110.0,-110.0,2025-12-03,1.0,False,144.59459777832032,4.6164026641845695,71.15667,77.26686,-0.5267186,-0.3642223,144.59459777832032,4.6164026641845695
401817224,2025.0,2025-12-02,California Golden Bears,Utah Utes,0.0,0.0,,,,,False,Haas Pavilion,2025-12-03 03:00:00+00:00,,2025-12-02 22:00,EST,2025-12-03T03:00:00Z,2025-12-02,,,californiagolden::utahutes,e92c8ac9f1fb5081d4f04d09bd10c638,DraftKings,spreads,full_game,2025-12-03 03:00:00+00:00,2025-12-02 23:34:22+00:00,California Golden Bears,Utah Utes,,,-8.5,-112.0,8.5,-108.0,,,,2025-12-03,1.0,False,144.59459777832032,4.6164026641845695,71.15667,77.26686,-0.5267186,-0.3642223,144.59459777832032,4.6164026641845695
401817224,2025.0,2025-12-02,California Golden Bears,Utah Utes,0.0,0.0,,,,,False,Haas Pavilion,2025-12-03 03:00:00+00:00,,2025-12-02 22:00,EST,2025-12-03T03:00:00Z,2025-12-02,,,californiagolden::utahutes,e92c8ac9f1fb5081d4f04d09bd10c638,DraftKings,totals,full_game,2025-12-03 03:00:00+00:00,2025-12-02 23:34:22+00:00,California Golden Bears,Utah Utes,,,,,,,150.5,-115.0,-105.0,2025-12-03,1.0,False,144.59459777832032,4.6164026641845695,71.15667,77.26686,-0.5267186,-0.3642223,144.59459777832032,4.6164026641845695
401817224,2025.0,2025-12-02,California Golden Bears,Utah Utes,0.0,0.0,,,,,False,Haas Pavilion,2025-12-03 03:00:00+00:00,,2025-12-02 22:00,EST,2025-12-03T03:00:00Z,2025-12-02,,,californiagolden::utahutes,e92c8ac9f1fb5081d4f04d09bd10c638,FanDuel,h2h,2h,2025-12-03 03:00:00+00:00,2025-12-02 23:33:54+00:00,California Golden Bears,Utah Utes,-500.0,375.0,,,,,,,,2025-12-03,1.0,False,144.59459777832032,4.6164026641845695,71.15667,77.26686,-0.5267186,-0.3642223,77.26686,-0.3642223
401817224,2025.0,2025-12-02,California Golden Bears,Utah Utes,0.0,0.0,,,,,False,Haas Pavilion,2025-12-03 03:00:00+00:00,,2025-12-02 22:00,EST,2025-12-03T03:00:00Z,2025-12-02,,,californiagolden::utahutes,e92c8ac9f1fb5081d4f04d09bd10c638,FanDuel,spreads,full_game,2025-12-03 03:00:00+00:00,2025-12-02 23:33:54+00:00,California Golden Bears,Utah Utes,,,-8.5,-120.0,8.5,-102.0,,,,2025-12-03,1.0,False,144.59459777832032,4.6164026641845695,71.15667,77.26686,-0.5267186,-0.3642223,144.59459777832032,4.6164026641845695
401817224,2025.0,2025-12-02,California Golden Bears,Utah Utes,0.0,0.0,,,,,False,Haas Pavilion,2025-12-03 03:00:00+00:00,,2025-12-02 22:00,EST,2025-12-03T03:00:00Z,2025-12-02,,,californiagolden::utahutes,e92c8ac9f1fb5081d4f04d09bd10c638,FanDuel,totals,full_game,2025-12-03 03:00:00+00:00,2025-12-02 23:33:54+00:00,California Golden Bears,Utah Utes,,,,,,,151.5,-105.0,-115.0,2025-12-03,1.0,False,144.59459777832032,4.6164026641845695,71.15667,77.26686,-0.5267186,-0.3642223,144.59459777832032,4.6164026641845695
401817224,2025.0,2025-12-02,California Golden Bears,Utah Utes,0.0,0.0,,,,,False,Haas Pavilion,2025-12-03 03:00:00+00:00,,2025-12-02 22:00,EST,2025-12-03T03:00:00Z,2025-12-02,,,californiagolden::utahutes,e92c8ac9f1fb5081d4f04d09bd10c638,Fanatics,h2h,2h,2025-12-03 03:00:00+00:00,2025-12-02 23:34:00+00:00,California Golden Bears,Utah Utes,-400.0,310.0,,,,,,,,2025-12-03,1.0,False,144.59459777832032,4.6164026641845695,71.15667,77.26686,-0.5267186,-0.3642223,77.26686,-0.3642223
401817224,2025.0,2025-12-02,California Golden Bears,Utah Utes,0.0,0.0,,,,,False,Haas Pavilion,2025-12-03 03:00:00+00:00,,2025-12-02 22:00,EST,2025-12-03T03:00:00Z,2025-12-02,,,californiagolden::utahutes,e92c8ac9f1fb5081d4f04d09bd10c638,Fanatics,spreads,full_game,2025-12-03 03:00:00+00:00,2025-12-02 23:34:00+00:00,California Golden Bears,Utah Utes,,,-8.5,-110.0,8.5,-110.0,,,,2025-12-03,1.0,False,144.59459777832032,4.6164026641845695,71.15667,77.26686,-0.5267186,-0.3642223,144.59459777832032,4.6164026641845695
401817224,2025.0,2025-12-02,California Golden Bears,Utah Utes,0.0,0.0,,,,,False,Haas Pavilion,2025-12-03 03:00:00+00:00,,2025-12-02 22:00,EST,2025-12-03T03:00:00Z,2025-12-02,,,californiagolden::utahutes,e92c8ac9f1fb5081d4f04d09bd10c638,Fanatics,totals,full_game,2025-12-03 03:00:00+00:00,2025-12-02 23:34:00+00:00,California Golden Bears,Utah Utes,,,,,,,151.0,-110.0,-110.0,2025-12-03,1.0,False,144.59459777832032,4.6164026641845695,71.15667,77.26686,-0.5267186,-0.3642223,144.59459777832032,4.6164026641845695
401817224,2025.0,2025-12-02,California Golden Bears,Utah Utes,0.0,0.0,,,,,False,Haas Pavilion,2025-12-03 03:00:00+00:00,,2025-12-02 22:00,EST,2025-12-03T03:00:00Z,2025-12-02,,,californiagolden::utahutes,e92c8ac9f1fb5081d4f04d09bd10c638,LowVig.ag,h2h,2h,2025-12-03 03:00:00+00:00,2025-12-02 23:34:20+00:00,California Golden Bears,Utah Utes,-400.0,316.0,,,,,,,,2025-12-03,1.0,False,144.59459777832032,4.6164026641845695,71.15667,77.26686,-0.5267186,-0.3642223,77.26686,-0.3642223
401817224,2025.0,2025-12-02,California Golden Bears,Utah Utes,0.0,0.0,,,,,False,Haas Pavilion,2025-12-03 03:00:00+00:00,,2025-12-02 22:00,EST,2025-12-03T03:00:00Z,2025-12-02,,,californiagolden::utahutes,e92c8ac9f1fb5081d4f04d09bd10c638,LowVig.ag,spreads,full_game,2025-12-03 03:00:00+00:00,2025-12-02 23:34:20+00:00,California Golden Bears,Utah Utes,,,-8.5,-105.0,8.5,-107.0,,,,2025-12-03,1.0,False,144.59459777832032,4.6164026641845695,71.15667,77.26686,-0.5267186,-0.3642223,144.59459777832032,4.6164026641845695
401817224,2025.0,2025-12-02,California Golden Bears,Utah Utes,0.0,0.0,,,,,False,Haas Pavilion,2025-12-03 03:00:00+00:00,,2025-12-02 22:00,EST,2025-12-03T03:00:00Z,2025-12-02,,,californiagolden::utahutes,e92c8ac9f1fb5081d4f04d09bd10c638,LowVig.ag,totals,full_game,2025-12-03 03:00:00+00:00,2025-12-02 23:34:20+00:00,California Golden Bears,Utah Utes,,,,,,,151.5,-103.0,-113.0,2025-12-03,1.0,False,144.59459777832032,4.6164026641845695,71.15667,77.26686,-0.5267186,-0.3642223,144.59459777832032,4.6164026641845695
401819828,2025.0,2025-12-02,Baylor Bears,Sacramento State Hornets,0.0,0.0,,,,,False,Foster Pavilion,2025-12-03 01:00:00+00:00,,2025-12-02 20:00,EST,2025-12-03T01:00:00Z,2025-12-02,,,baylor::sacramentostate,a0c6b55b373ddc6d823d29c4bcbc5565,BetMGM,spreads,full_game,2025-12-03 01:00:00+00:00,2025-12-02 23:34:07+00:00,Baylor Bears,Sacramento St Hornets,,,-29.5,-110.0,29.5,-110.0,,,,2025-12-03,1.0,False,152.73114013671875,38.82413101196289,74.509964,80.18116,18.746069,20.152985,152.73114013671875,38.82413101196289
401819828,2025.0,2025-12-02,Baylor Bears,Sacramento State Hornets,0.0,0.0,,,,,False,Foster Pavilion,2025-12-03 01:00:00+00:00,,2025-12-02 20:00,EST,2025-12-03T01:00:00Z,2025-12-02,,,baylor::sacramentostate,a0c6b55b373ddc6d823d29c4bcbc5565,BetMGM,totals,full_game,2025-12-03 01:00:00+00:00,2025-12-02 23:34:07+00:00,Baylor Bears,Sacramento St Hornets,,,,,,,158.5,-110.0,-110.0,2025-12-03,1.0,False,152.73114013671875,38.82413101196289,74.509964,80.18116,18.746069,20.152985,152.73114013671875,38.82413101196289
401819828,2025.0,2025-12-02,Baylor Bears,Sacramento State Hornets,0.0,0.0,,,,,False,Foster Pavilion,2025-12-03 01:00:00+00:00,,2025-12-02 20:00,EST,2025-12-03T01:00:00Z,2025-12-02,,,baylor::sacramentostate,a0c6b55b373ddc6d823d29c4bcbc5565,BetOnline.ag,spreads,full_game,2025-12-03 01:00:00+00:00,2025-12-02 23:34:36+00:00,Baylor Bears,Sacramento St Hornets,,,-29.5,-110.0,29.5,-110.0,,,,2025-12-03,1.0,False,152.73114013671875,38.82413101196289,74.509964,80.18116,18.746069,20.152985,152.73114013671875,38.82413101196289
401819828,2025.0,2025-12-02,Baylor Bears,Sacramento State Hornets,0.0,0.0,,,,,False,Foster Pavilion,2025-12-03 01:00:00+00:00,,2025-12-02 20:00,EST,2025-12-03T01:00:00Z,2025-12-02,,,baylor::sacramentostate,a0c6b55b373ddc6d823d29c4bcbc5565,BetOnline.ag,totals,full_game,2025-12-03 01:00:00+00:00,2025-12-02 23:34:36+00:00,Baylor Bears,Sacramento St Hornets,,,,,,,158.5,-105.0,-115.0,2025-12-03,1.0,False,152.73114013671875,38.82413101196289,74.509964,80.18116,18.746069,20.152985,152.73114013671875,38.82413101196289
401819828,2025.0,2025-12-02,Baylor Bears,Sacramento State Hornets,0.0,0.0,,,,,False,Foster Pavilion,2025-12-03 01:00:00+00:00,,2025-12-02 20:00,EST,2025-12-03T01:00:00Z,2025-12-02,,,baylor::sacramentostate,a0c6b55b373ddc6d823d29c4bcbc5565,BetRivers,spreads,full_game,2025-12-03 01:00:00+00:00,2025-12-02 23:34:22+00:00,Baylor Bears,Sacramento St Hornets,,,-29.5,-110.0,29.5,-113.0,,,,2025-12-03,1.0,False,152.73114013671875,38.82413101196289,74.509964,80.18116,18.746069,20.152985,152.73114013671875,38.82413101196289
401819828,2025.0,2025-12-02,Baylor Bears,Sacramento State Hornets,0.0,0.0,,,,,False,Foster Pavilion,2025-12-03 01:00:00+00:00,,2025-12-02 20:00,EST,2025-12-03T01:00:00Z,2025-12-02,,,baylor::sacramentostate,a0c6b55b373ddc6d823d29c4bcbc5565,BetRivers,totals,full_game,2025-12-03 01:00:00+00:00,2025-12-02 23:34:22+00:00,Baylor Bears,Sacramento St Hornets,,,,,,,159.0,-113.0,-110.0,2025-12-03,1.0,False,152.73114013671875,38.82413101196289,74.509964,80.18116,18.746069,20.152985,152.73114013671875,38.82413101196289
401819828,2025.0,2025-12-02,Baylor Bears,Sacramento State Hornets,0.0,0.0,,,,,False,Foster Pavilion,2025-12-03 01:00:00+00:00,,2025-12-02 20:00,EST,2025-12-03T01:00:00Z,2025-12-02,,,baylor::sacramentostate,a0c6b55b373ddc6d823d29c4bcbc5565,BetUS,spreads,full_game,2025-12-03 01:00:00+00:00,2025-12-02 23:34:07+00:00,Baylor Bears,Sacramento St Hornets,,,-29.5,-110.0,29.5,-110.0,,,,2025-12-03,1.0,False,152.73114013671875,38.82413101196289,74.509964,80.18116,18.746069,20.152985,152.73114013671875,38.82413101196289
401819828,2025.0,2025-12-02,Baylor Bears,Sacramento State Hornets,0.0,0.0,,,,,False,Foster Pavilion,2025-12-03 01:00:00+00:00,,2025-12-02 20:00,EST,2025-12-03T01:00:00Z,2025-12-02,,,baylor::sacramentostate,a0c6b55b373ddc6d823d29c4bcbc5565,BetUS,totals,full_game,2025-12-03 01:00:00+00:00,2025-12-02 23:34:07+00:00,Baylor Bears,Sacramento St Hornets,,,,,,,158.0,-110.0,-110.0,2025-12-03,1.0,False,152.73114013671875,38.82413101196289,74.509964,80.18116,18.746069,20.152985,152.73114013671875,38.82413101196289
401819828,2025.0,2025-12-02,Baylor Bears,Sacramento State Hornets,0.0,0.0,,,,,False,Foster Pavilion,2025-12-03 01:00:00+00:00,,2025-12-02 20:00,EST,2025-12-03T01:00:00Z,2025-12-02,,,baylor::sacramentostate,a0c6b55b373ddc6d823d29c4bcbc5565,Bovada,spreads,full_game,2025-12-03 01:00:00+00:00,2025-12-02 23:34:11+00:00,Baylor Bears,Sacramento St Hornets,,,-29.0,-110.0,29.0,-110.0,,,,2025-12-03,1.0,False,152.73114013671875,38.82413101196289,74.509964,80.18116,18.746069,20.152985,152.73114013671875,38.82413101196289
401819828,2025.0,2025-12-02,Baylor Bears,Sacramento State Hornets,0.0,0.0,,,,,False,Foster Pavilion,2025-12-03 01:00:00+00:00,,2025-12-02 20:00,EST,2025-12-03T01:00:00Z,2025-12-02,,,baylor::sacramentostate,a0c6b55b373ddc6d823d29c4bcbc5565,Bovada,totals,full_game,2025-12-03 01:00:00+00:00,2025-12-02 23:34:11+00:00,Baylor Bears,Sacramento St Hornets,,,,,,,158.0,-110.0,-110.0,2025-12-03,1.0,False,152.73114013671875,38.82413101196289,74.509964,80.18116,18.746069,20.152985,152.73114013671875,38.82413101196289
401819828,2025.0,2025-12-02,Baylor Bears,Sacramento State Hornets,0.0,0.0,,,,,False,Foster Pavilion,2025-12-03 01:00:00+00:00,,2025-12-02 20:00,EST,2025-12-03T01:00:00Z,2025-12-02,,,baylor::sacramentostate,a0c6b55b373ddc6d823d29c4bcbc5565,Caesars,spreads,full_game,2025-12-03 01:00:00+00:00,2025-12-02 23:33:06+00:00,Baylor Bears,Sacramento St Hornets,,,-29.5,-110.0,29.5,-110.0,,,,2025-12-03,1.0,False,152.73114013671875,38.82413101196289,74.509964,80.18116,18.746069,20.152985,152.73114013671875,38.82413101196289
401819828,2025.0,2025-12-02,Baylor Bears,Sacramento State Hornets,0.0,0.0,,,,,False,Foster Pavilion,2025-12-03 01:00:00+00:00,,2025-12-02 20:00,EST,2025-12-03T01:00:00Z,2025-12-02,,,baylor::sacramentostate,a0c6b55b373ddc6d823d29c4bcbc5565,Caesars,totals,full_game,2025-12-03 01:00:00+00:00,2025-12-02 23:33:06+00:00,Baylor Bears,Sacramento St Hornets,,,,,,,158.5,-110.0,-110.0,2025-12-03,1.0,False,152.73114013671875,38.82413101196289,74.509964,80.18116,18.746069,20.152985,152.73114013671875,38.82413101196289
401819828,2025.0,2025-12-02,Baylor Bears,Sacramento State Hornets,0.0,0.0,,,,,False,Foster Pavilion,2025-12-03 01:00:00+00:00,,2025-12-02 20:00,EST,2025-12-03T01:00:00Z,2025-12-02,,,baylor::sacramentostate,a0c6b55b373ddc6d823d29c4bcbc5565,DraftKings,h2h,2h,2025-12-03 01:00:00+00:00,2025-12-02 23:34:22+00:00,Baylor Bears,Sacramento St Hornets,-6500.0,2000.0,,,,,,,,2025-12-03,1.0,False,152.73114013671875,38.82413101196289,74.509964,80.18116,18.746069,20.152985,80.18116,20.152985
401819828,2025.0,2025-12-02,Baylor Bears,Sacramento State Hornets,0.0,0.0,,,,,False,Foster Pavilion,2025-12-03 01:00:00+00:00,,2025-12-02 20:00,EST,2025-12-03T01:00:00Z,2025-12-02,,,baylor::sacramentostate,a0c6b55b373ddc6d823d29c4bcbc5565,DraftKings,spreads,full_game,2025-12-03 01:00:00+00:00,2025-12-02 23:34:22+00:00,Baylor Bears,Sacramento St Hornets,,,-29.5,-110.0,29.5,-110.0,,,,2025-12-03,1.0,False,152.73114013671875,38.82413101196289,74.509964,80.18116,18.746069,20.152985,152.73114013671875,38.82413101196289
401819828,2025.0,2025-12-02,Baylor Bears,Sacramento State Hornets,0.0,0.0,,,,,False,Foster Pavilion,2025-12-03 01:00:00+00:00,,2025-12-02 20:00,EST,2025-12-03T01:00:00Z,2025-12-02,,,baylor::sacramentostate,a0c6b55b373ddc6d823d29c4bcbc5565,DraftKings,totals,full_game,2025-12-03 01:00:00+00:00,2025-12-02 23:34:22+00:00,Baylor Bears,Sacramento St Hornets,,,,,,,158.5,-108.0,-112.0,2025-12-03,1.0,False,152.73114013671875,38.82413101196289,74.509964,80.18116,18.746069,20.152985,152.73114013671875,38.82413101196289
401819828,2025.0,2025-12-02,Baylor Bears,Sacramento State Hornets,0.0,0.0,,,,,False,Foster Pavilion,2025-12-03 01:00:00+00:00,,2025-12-02 20:00,EST,2025-12-03T01:00:00Z,2025-12-02,,,baylor::sacramentostate,a0c6b55b373ddc6d823d29c4bcbc5565,FanDuel,spreads,full_game,2025-12-03 01:00:00+00:00,2025-12-02 23:33:54+00:00,Baylor Bears,Sacramento St Hornets,,,-29.5,-110.0,29.5,-110.0,,,,2025-12-03,1.0,False,152.73114013671875,38.82413101196289,74.509964,80.18116,18.746069,20.152985,152.73114013671875,38.82413101196289
401819828,2025.0,2025-12-02,Baylor Bears,Sacramento State Hornets,0.0,0.0,,,,,False,Foster Pavilion,2025-12-03 01:00:00+00:00,,2025-12-02 20:00,EST,2025-12-03T01:00:00Z,2025-12-02,,,baylor::sacramentostate,a0c6b55b373ddc6d823d29c4bcbc5565,FanDuel,totals,full_game,2025-12-03 01:00:00+00:00,2025-12-02 23:33:54+00:00,Baylor Bears,Sacramento St Hornets,,,,,,,157.5,-120.0,-102.0,2025-12-03,1.0,False,152.73114013671875,38.82413101196289,74.509964,80.18116,18.746069,20.152985,152.73114013671875,38.82413101196289
401819828,2025.0,2025-12-02,Baylor Bears,Sacramento State Hornets,0.0,0.0,,,,,False,Foster Pavilion,2025-12-03 01:00:00+00:00,,2025-12-02 20:00,EST,2025-12-03T01:00:00Z,2025-12-02,,,baylor::sacramentostate,a0c6b55b373ddc6d823d29c4bcbc5565,Fanatics,h2h,2h,2025-12-03 01:00:00+00:00,2025-12-02 23:34:00+00:00,Baylor Bears,Sacramento St Hornets,-9000.0,2200.0,,,,,,,,2025-12-03,1.0,False,152.73114013671875,38.82413101196289,74.509964,80.18116,18.746069,20.152985,80.18116,20.152985
401819828,2025.0,2025-12-02,Baylor Bears,Sacramento State Hornets,0.0,0.0,,,,,False,Foster Pavilion,2025-12-03 01:00:00+00:00,,2025-12-02 20:00,EST,2025-12-03T01:00:00Z,2025-12-02,,,baylor::sacramentostate,a0c6b55b373ddc6d823d29c4bcbc5565,Fanatics,spreads,full_game,2025-12-03 01:00:00+00:00,2025-12-02 23:34:00+00:00,Baylor Bears,Sacramento St Hornets,,,-29.5,-110.0,29.5,-110.0,,,,2025-12-03,1.0,False,152.73114013671875,38.82413101196289,74.509964,80.18116,18.746069,20.152985,152.73114013671875,38.82413101196289
401819828,2025.0,2025-12-02,Baylor Bears,Sacramento State Hornets,0.0,0.0,,,,,False,Foster Pavilion,2025-12-03 01:00:00+00:00,,2025-12-02 20:00,EST,2025-12-03T01:00:00Z,2025-12-02,,,baylor::sacramentostate,a0c6b55b373ddc6d823d29c4bcbc5565,Fanatics,totals,full_game,2025-12-03 01:00:00+00:00,2025-12-02 23:34:00+00:00,Baylor Bears,Sacramento St Hornets,,,,,,,158.5,-110.0,-110.0,2025-12-03,1.0,False,152.73114013671875,38.82413101196289,74.509964,80.18116,18.746069,20.152985,152.73114013671875,38.82413101196289
401819828,2025.0,2025-12-02,Baylor Bears,Sacramento State Hornets,0.0,0.0,,,,,False,Foster Pavilion,2025-12-03 01:00:00+00:00,,2025-12-02 20:00,EST,2025-12-03T01:00:00Z,2025-12-02,,,baylor::sacramentostate,a0c6b55b373ddc6d823d29c4bcbc5565,LowVig.ag,spreads,full_game,2025-12-03 01:00:00+00:00,2025-12-02 23:34:20+00:00,Baylor Bears,Sacramento St Hornets,,,-29.5,-106.0,29.5,-106.0,,,,2025-12-03,1.0,False,152.73114013671875,38.82413101196289,74.509964,80.18116,18.746069,20.152985,152.73114013671875,38.82413101196289
401819828,2025.0,2025-12-02,Baylor Bears,Sacramento State Hornets,0.0,0.0,,,,,False,Foster Pavilion,2025-12-03 01:00:00+00:00,,2025-12-02 20:00,EST,2025-12-03T01:00:00Z,2025-12-02,,,baylor::sacramentostate,a0c6b55b373ddc6d823d29c4bcbc5565,LowVig.ag,totals,full_game,2025-12-03 01:00:00+00:00,2025-12-02 23:34:20+00:00,Baylor Bears,Sacramento St Hornets,,,,,,,158.5,-103.0,-113.0,2025-12-03,1.0,False,152.73114013671875,38.82413101196289,74.509964,80.18116,18.746069,20.152985,152.73114013671875,38.82413101196289
401820609,2025.0,2025-12-02,Binghamton Bearcats,Lehigh Mountain Hawks,0.0,0.0,,,,,False,Events Center (Binghamton),2025-12-02 23:00:00+00:00,,2025-12-02 18:00,EST,2025-12-02T23:00:00Z,2025-12-02,,,binghamton::lehighmountain,5aab929d592be240a36588441fc15313,BetMGM,h2h,2h,2025-12-02 23:47:00+00:00,2025-12-02 23:34:07+00:00,Binghamton Bearcats,Lehigh Mountain Hawks,135.0,-160.0,,,,,,,,2025-12-02,0.0,False,141.8512420654297,2.9149398803710938,69.699715,76.67859,0.6975322,2.5547557,76.67859,2.5547557
401820609,2025.0,2025-12-02,Binghamton Bearcats,Lehigh Mountain Hawks,0.0,0.0,,,,,False,Events Center (Binghamton),2025-12-02 23:00:00+00:00,,2025-12-02 18:00,EST,2025-12-02T23:00:00Z,2025-12-02,,,binghamton::lehighmountain,5aab929d592be240a36588441fc15313,BetMGM,spreads,full_game,2025-12-02 23:47:00+00:00,2025-12-02 23:34:07+00:00,Binghamton Bearcats,Lehigh Mountain Hawks,,,3.5,-115.0,-3.5,-105.0,,,,2025-12-02,0.0,False,141.8512420654297,2.9149398803710938,69.699715,76.67859,0.6975322,2.5547557,141.8512420654297,2.9149398803710938
401820609,2025.0,2025-12-02,Binghamton Bearcats,Lehigh Mountain Hawks,0.0,0.0,,,,,False,Events Center (Binghamton),2025-12-02 23:00:00+00:00,,2025-12-02 18:00,EST,2025-12-02T23:00:00Z,2025-12-02,,,binghamton::lehighmountain,5aab929d592be240a36588441fc15313,BetMGM,totals,full_game,2025-12-02 23:47:00+00:00,2025-12-02 23:34:07+00:00,Binghamton Bearcats,Lehigh Mountain Hawks,,,,,,,138.5,-110.0,-110.0,2025-12-02,0.0,False,141.8512420654297,2.9149398803710938,69.699715,76.67859,0.6975322,2.5547557,141.8512420654297,2.9149398803710938
401820609,2025.0,2025-12-02,Binghamton Bearcats,Lehigh Mountain Hawks,0.0,0.0,,,,,False,Events Center (Binghamton),2025-12-02 23:00:00+00:00,,2025-12-02 18:00,EST,2025-12-02T23:00:00Z,2025-12-02,,,binghamton::lehighmountain,5aab929d592be240a36588441fc15313,BetRivers,h2h,2h,2025-12-02 23:47:00+00:00,2025-12-02 23:34:22+00:00,Binghamton Bearcats,Lehigh Mountain Hawks,128.0,-162.0,,,,,,,,2025-12-02,0.0,False,141.8512420654297,2.9149398803710938,69.699715,76.67859,0.6975322,2.5547557,76.67859,2.5547557
401820609,2025.0,2025-12-02,Binghamton Bearcats,Lehigh Mountain Hawks,0.0,0.0,,,,,False,Events Center (Binghamton),2025-12-02 23:00:00+00:00,,2025-12-02 18:00,EST,2025-12-02T23:00:00Z,2025-12-02,,,binghamton::lehighmountain,5aab929d592be240a36588441fc15313,BetRivers,spreads,full_game,2025-12-02 23:47:00+00:00,2025-12-02 23:34:22+00:00,Binghamton Bearcats,Lehigh Mountain Hawks,,,3.0,-108.0,-3.0,-115.0,,,,2025-12-02,0.0,False,141.8512420654297,2.9149398803710938,69.699715,76.67859,0.6975322,2.5547557,141.8512420654297,2.9149398803710938
401820609,2025.0,2025-12-02,Binghamton Bearcats,Lehigh Mountain Hawks,0.0,0.0,,,,,False,Events Center (Binghamton),2025-12-02 23:00:00+00:00,,2025-12-02 18:00,EST,2025-12-02T23:00:00Z,2025-12-02,,,binghamton::lehighmountain,5aab929d592be240a36588441fc15313,BetRivers,totals,full_game,2025-12-02 23:47:00+00:00,2025-12-02 23:34:22+00:00,Binghamton Bearcats,Lehigh Mountain Hawks,,,,,,,140.0,-112.0,-112.0,2025-12-02,0.0,False,141.8512420654297,2.9149398803710938,69.699715,76.67859,0.6975322,2.5547557,141.8512420654297,2.9149398803710938
401820609,2025.0,2025-12-02,Binghamton Bearcats,Lehigh Mountain Hawks,0.0,0.0,,,,,False,Events Center (Binghamton),2025-12-02 23:00:00+00:00,,2025-12-02 18:00,EST,2025-12-02T23:00:00Z,2025-12-02,,,binghamton::lehighmountain,5aab929d592be240a36588441fc15313,Bovada,h2h,2h,2025-12-02 23:47:00+00:00,2025-12-02 23:34:10+00:00,Binghamton Bearcats,Lehigh Mountain Hawks,145.0,-170.0,,,,,,,,2025-12-02,0.0,False,141.8512420654297,2.9149398803710938,69.699715,76.67859,0.6975322,2.5547557,76.67859,2.5547557
401820609,2025.0,2025-12-02,Binghamton Bearcats,Lehigh Mountain Hawks,0.0,0.0,,,,,False,Events Center (Binghamton),2025-12-02 23:00:00+00:00,,2025-12-02 18:00,EST,2025-12-02T23:00:00Z,2025-12-02,,,binghamton::lehighmountain,5aab929d592be240a36588441fc15313,Bovada,spreads,full_game,2025-12-02 23:47:00+00:00,2025-12-02 23:34:10+00:00,Binghamton Bearcats,Lehigh Mountain Hawks,,,3.5,-105.0,-3.5,-115.0,,,,2025-12-02,0.0,False,141.8512420654297,2.9149398803710938,69.699715,76.67859,0.6975322,2.5547557,141.8512420654297,2.9149398803710938
401820609,2025.0,2025-12-02,Binghamton Bearcats,Lehigh Mountain Hawks,0.0,0.0,,,,,False,Events Center (Binghamton),2025-12-02 23:00:00+00:00,,2025-12-02 18:00,EST,2025-12-02T23:00:00Z,2025-12-02,,,binghamton::lehighmountain,5aab929d592be240a36588441fc15313,Bovada,totals,full_game,2025-12-02 23:47:00+00:00,2025-12-02 23:34:10+00:00,Binghamton Bearcats,Lehigh Mountain Hawks,,,,,,,139.5,-105.0,-115.0,2025-12-02,0.0,False,141.8512420654297,2.9149398803710938,69.699715,76.67859,0.6975322,2.5547557,141.8512420654297,2.9149398803710938
401820609,2025.0,2025-12-02,Binghamton Bearcats,Lehigh Mountain Hawks,0.0,0.0,,,,,False,Events Center (Binghamton),2025-12-02 23:00:00+00:00,,2025-12-02 18:00,EST,2025-12-02T23:00:00Z,2025-12-02,,,binghamton::lehighmountain,5aab929d592be240a36588441fc15313,Caesars,h2h,2h,2025-12-02 23:47:00+00:00,2025-12-02 23:33:06+00:00,Binghamton Bearcats,Lehigh Mountain Hawks,140.0,-165.0,,,,,,,,2025-12-02,0.0,False,141.8512420654297,2.9149398803710938,69.699715,76.67859,0.6975322,2.5547557,76.67859,2.5547557
401820609,2025.0,2025-12-02,Binghamton Bearcats,Lehigh Mountain Hawks,0.0,0.0,,,,,False,Events Center (Binghamton),2025-12-02 23:00:00+00:00,,2025-12-02 18:00,EST,2025-12-02T23:00:00Z,2025-12-02,,,binghamton::lehighmountain,5aab929d592be240a36588441fc15313,Caesars,spreads,full_game,2025-12-02 23:47:00+00:00,2025-12-02 23:33:06+00:00,Binghamton Bearcats,Lehigh Mountain Hawks,,,3.5,-110.0,-3.5,-110.0,,,,2025-12-02,0.0,False,141.8512420654297,2.9149398803710938,69.699715,76.67859,0.6975322,2.5547557,141.8512420654297,2.9149398803710938
401820609,2025.0,2025-12-02,Binghamton Bearcats,Lehigh Mountain Hawks,0.0,0.0,,,,,False,Events Center (Binghamton),2025-12-02 23:00:00+00:00,,2025-12-02 18:00,EST,2025-12-02T23:00:00Z,2025-12-02,,,binghamton::lehighmountain,5aab929d592be240a36588441fc15313,Caesars,totals,full_game,2025-12-02 23:47:00+00:00,2025-12-02 23:33:06+00:00,Binghamton Bearcats,Lehigh Mountain Hawks,,,,,,,139.0,-110.0,-110.0,2025-12-02,0.0,False,141.8512420654297,2.9149398803710938,69.699715,76.67859,0.6975322,2.5547557,141.8512420654297,2.9149398803710938
401820609,2025.0,2025-12-02,Binghamton Bearcats,Lehigh Mountain Hawks,0.0,0.0,,,,,False,Events Center (Binghamton),2025-12-02 23:00:00+00:00,,2025-12-02 18:00,EST,2025-12-02T23:00:00Z,2025-12-02,,,binghamton::lehighmountain,5aab929d592be240a36588441fc15313,DraftKings,h2h,2h,2025-12-02 23:47:00+00:00,2025-12-02 23:34:22+00:00,Binghamton Bearcats,Lehigh Mountain Hawks,136.0,-162.0,,,,,,,,2025-12-02,0.0,False,141.8512420654297,2.9149398803710938,69.699715,76.67859,0.6975322,2.5547557,76.67859,2.5547557
401820609,2025.0,2025-12-02,Binghamton Bearcats,Lehigh Mountain Hawks,0.0,0.0,,,,,False,Events Center (Binghamton),2025-12-02 23:00:00+00:00,,2025-12-02 18:00,EST,2025-12-02T23:00:00Z,2025-12-02,,,binghamton::lehighmountain,5aab929d592be240a36588441fc15313,DraftKings,spreads,full_game,2025-12-02 23:47:00+00:00,2025-12-02 23:34:22+00:00,Binghamton Bearcats,Lehigh Mountain Hawks,,,3.5,-115.0,-3.5,-105.0,,,,2025-12-02,0.0,False,141.8512420654297,2.9149398803710938,69.699715,76.67859,0.6975322,2.5547557,141.8512420654297,2.9149398803710938
401820609,2025.0,2025-12-02,Binghamton Bearcats,Lehigh Mountain Hawks,0.0,0.0,,,,,False,Events Center (Binghamton),2025-12-02 23:00:00+00:00,,2025-12-02 18:00,EST,2025-12-02T23:00:00Z,2025-12-02,,,binghamton::lehighmountain,5aab929d592be240a36588441fc15313,DraftKings,totals,full_game,2025-12-02 23:47:00+00:00,2025-12-02 23:34:22+00:00,Binghamton Bearcats,Lehigh Mountain Hawks,,,,,,,139.5,-105.0,-115.0,2025-12-02,0.0,False,141.8512420654297,2.9149398803710938,69.699715,76.67859,0.6975322,2.5547557,141.8512420654297,2.9149398803710938
401820609,2025.0,2025-12-02,Binghamton Bearcats,Lehigh Mountain Hawks,0.0,0.0,,,,,False,Events Center (Binghamton),2025-12-02 23:00:00+00:00,,2025-12-02 18:00,EST,2025-12-02T23:00:00Z,2025-12-02,,,binghamton::lehighmountain,5aab929d592be240a36588441fc15313,FanDuel,h2h,2h,2025-12-02 23:47:00+00:00,2025-12-02 23:33:54+00:00,Binghamton Bearcats,Lehigh Mountain Hawks,136.0,-168.0,,,,,,,,2025-12-02,0.0,False,141.8512420654297,2.9149398803710938,69.699715,76.67859,0.6975322,2.5547557,76.67859,2.5547557
401820609,2025.0,2025-12-02,Binghamton Bearcats,Lehigh Mountain Hawks,0.0,0.0,,,,,False,Events Center (Binghamton),2025-12-02 23:00:00+00:00,,2025-12-02 18:00,EST,2025-12-02T23:00:00Z,2025-12-02,,,binghamton::lehighmountain,5aab929d592be240a36588441fc15313,FanDuel,spreads,full_game,2025-12-02 23:47:00+00:00,2025-12-02 23:33:54+00:00,Binghamton Bearcats,Lehigh Mountain Hawks,,,2.5,-105.0,-2.5,-115.0,,,,2025-12-02,0.0,False,141.8512420654297,2.9149398803710938,69.699715,76.67859,0.6975322,2.5547557,141.8512420654297,2.9149398803710938
401820609,2025.0,2025-12-02,Binghamton Bearcats,Lehigh Mountain Hawks,0.0,0.0,,,,,False,Events Center (Binghamton),2025-12-02 23:00:00+00:00,,2025-12-02 18:00,EST,2025-12-02T23:00:00Z,2025-12-02,,,binghamton::lehighmountain,5aab929d592be240a36588441fc15313,FanDuel,totals,full_game,2025-12-02 23:47:00+00:00,2025-12-02 23:33:54+00:00,Binghamton Bearcats,Lehigh Mountain Hawks,,,,,,,139.5,-106.0,-114.0,2025-12-02,0.0,False,141.8512420654297,2.9149398803710938,69.699715,76.67859,0.6975322,2.5547557,141.8512420654297,2.9149398803710938
401820609,2025.0,2025-12-02,Binghamton Bearcats,Lehigh Mountain Hawks,0.0,0.0,,,,,False,Events Center (Binghamton),2025-12-02 23:00:00+00:00,,2025-12-02 18:00,EST,2025-12-02T23:00:00Z,2025-12-02,,,binghamton::lehighmountain,5aab929d592be240a36588441fc15313,Fanatics,h2h,2h,2025-12-02 23:47:00+00:00,2025-12-02 23:31:07+00:00,Binghamton Bearcats,Lehigh Mountain Hawks,140.0,-170.0,,,,,,,,2025-12-02,0.0,False,141.8512420654297,2.9149398803710938,69.699715,76.67859,0.6975322,2.5547557,76.67859,2.5547557
401820609,2025.0,2025-12-02,Binghamton Bearcats,Lehigh Mountain Hawks,0.0,0.0,,,,,False,Events Center (Binghamton),2025-12-02 23:00:00+00:00,,2025-12-02 18:00,EST,2025-12-02T23:00:00Z,2025-12-02,,,binghamton::lehighmountain,5aab929d592be240a36588441fc15313,Fanatics,spreads,full_game,2025-12-02 23:47:00+00:00,2025-12-02 23:31:07+00:00,Binghamton Bearcats,Lehigh Mountain Hawks,,,3.5,-110.0,-3.5,-110.0,,,,2025-12-02,0.0,False,141.8512420654297,2.9149398803710938,69.699715,76.67859,0.6975322,2.5547557,141.8512420654297,2.9149398803710938
401820609,2025.0,2025-12-02,Binghamton Bearcats,Lehigh Mountain Hawks,0.0,0.0,,,,,False,Events Center (Binghamton),2025-12-02 23:00:00+00:00,,2025-12-02 18:00,EST,2025-12-02T23:00:00Z,2025-12-02,,,binghamton::lehighmountain,5aab929d592be240a36588441fc15313,Fanatics,totals,full_game,2025-12-02 23:47:00+00:00,2025-12-02 23:31:07+00:00,Binghamton Bearcats,Lehigh Mountain Hawks,,,,,,,139.0,-110.0,-110.0,2025-12-02,0.0,False,141.8512420654297,2.9149398803710938,69.699715,76.67859,0.6975322,2.5547557,141.8512420654297,2.9149398803710938
401820801,2025.0,2025-12-02,Charlotte 49ers,North Carolina A&T Aggies,0.0,0.0,,,,,False,Halton Arena,2025-12-03 00:00:00+00:00,,2025-12-02 19:00,EST,2025-12-03T00:00:00Z,2025-12-02,,,charlotte49ers::northcarolinaaandt,b2450eb2f4d208394ac8b2f7b7631f08,BetMGM,h2h,2h,2025-12-03 00:00:00+00:00,2025-12-02 23:34:07+00:00,Charlotte 49ers,North Carolina A&T Aggies,-400.0,300.0,,,,,,,,2025-12-03,1.0,False,139.13136291503906,7.306970596313477,68.53093,76.23616,2.0971675,5.411169,76.23616,5.411169
401820801,2025.0,2025-12-02,Charlotte 49ers,North Carolina A&T Aggies,0.0,0.0,,,,,False,Halton Arena,2025-12-03 00:00:00+00:00,,2025-12-02 19:00,EST,2025-12-03T00:00:00Z,2025-12-02,,,charlotte49ers::northcarolinaaandt,b2450eb2f4d208394ac8b2f7b7631f08,BetMGM,spreads,full_game,2025-12-03 00:00:00+00:00,2025-12-02 23:34:07+00:00,Charlotte 49ers,North Carolina A&T Aggies,,,-8.5,-110.0,8.5,-110.0,,,,2025-12-03,1.0,False,139.13136291503906,7.306970596313477,68.53093,76.23616,2.0971675,5.411169,139.13136291503906,7.306970596313477
401820801,2025.0,2025-12-02,Charlotte 49ers,North Carolina A&T Aggies,0.0,0.0,,,,,False,Halton Arena,2025-12-03 00:00:00+00:00,,2025-12-02 19:00,EST,2025-12-03T00:00:00Z,2025-12-02,,,charlotte49ers::northcarolinaaandt,b2450eb2f4d208394ac8b2f7b7631f08,BetMGM,totals,full_game,2025-12-03 00:00:00+00:00,2025-12-02 23:34:07+00:00,Charlotte 49ers,North Carolina A&T Aggies,,,,,,,144.5,-110.0,-110.0,2025-12-03,1.0,False,139.13136291503906,7.306970596313477,68.53093,76.23616,2.0971675,5.411169,139.13136291503906,7.306970596313477
401820801,2025.0,2025-12-02,Charlotte 49ers,North Carolina A&T Aggies,0.0,0.0,,,,,False,Halton Arena,2025-12-03 00:00:00+00:00,,2025-12-02 19:00,EST,2025-12-03T00:00:00Z,2025-12-02,,,charlotte49ers::northcarolinaaandt,b2450eb2f4d208394ac8b2f7b7631f08,BetOnline.ag,h2h,2h,2025-12-03 00:00:00+00:00,2025-12-02 23:34:36+00:00,Charlotte 49ers,North Carolina A&T Aggies,-400.0,316.0,,,,,,,,2025-12-03,1.0,False,139.13136291503906,7.306970596313477,68.53093,76.23616,2.0971675,5.411169,76.23616,5.411169
401820801,2025.0,2025-12-02,Charlotte 49ers,North Carolina A&T Aggies,0.0,0.0,,,,,False,Halton Arena,2025-12-03 00:00:00+00:00,,2025-12-02 19:00,EST,2025-12-03T00:00:00Z,2025-12-02,,,charlotte49ers::northcarolinaaandt,b2450eb2f4d208394ac8b2f7b7631f08,BetOnline.ag,spreads,full_game,2025-12-03 00:00:00+00:00,2025-12-02 23:34:36+00:00,Charlotte 49ers,North Carolina A&T Aggies,,,-8.5,-115.0,8.5,-105.0,,,,2025-12-03,1.0,False,139.13136291503906,7.306970596313477,68.53093,76.23616,2.0971675,5.411169,139.13136291503906,7.306970596313477
401820801,2025.0,2025-12-02,Charlotte 49ers,North Carolina A&T Aggies,0.0,0.0,,,,,False,Halton Arena,2025-12-03 00:00:00+00:00,,2025-12-02 19:00,EST,2025-12-03T00:00:00Z,2025-12-02,,,charlotte49ers::northcarolinaaandt,b2450eb2f4d208394ac8b2f7b7631f08,BetOnline.ag,totals,full_game,2025-12-03 00:00:00+00:00,2025-12-02 23:34:36+00:00,Charlotte 49ers,North Carolina A&T Aggies,,,,,,,144.5,-110.0,-110.0,2025-12-03,1.0,False,139.13136291503906,7.306970596313477,68.53093,76.23616,2.0971675,5.411169,139.13136291503906,7.306970596313477
401820801,2025.0,2025-12-02,Charlotte 49ers,North Carolina A&T Aggies,0.0,0.0,,,,,False,Halton Arena,2025-12-03 00:00:00+00:00,,2025-12-02 19:00,EST,2025-12-03T00:00:00Z,2025-12-02,,,charlotte49ers::northcarolinaaandt,b2450eb2f4d208394ac8b2f7b7631f08,BetRivers,h2h,2h,2025-12-03 00:00:00+00:00,2025-12-02 23:34:22+00:00,Charlotte 49ers,North Carolina A&T Aggies,-375.0,275.0,,,,,,,,2025-12-03,1.0,False,139.13136291503906,7.306970596313477,68.53093,76.23616,2.0971675,5.411169,76.23616,5.411169
401820801,2025.0,2025-12-02,Charlotte 49ers,North Carolina A&T Aggies,0.0,0.0,,,,,False,Halton Arena,2025-12-03 00:00:00+00:00,,2025-12-02 19:00,EST,2025-12-03T00:00:00Z,2025-12-02,,,charlotte49ers::northcarolinaaandt,b2450eb2f4d208394ac8b2f7b7631f08,BetRivers,spreads,full_game,2025-12-03 00:00:00+00:00,2025-12-02 23:34:22+00:00,Charlotte 49ers,North Carolina A&T Aggies,,,-8.5,-112.0,8.5,-112.0,,,,2025-12-03,1.0,False,139.13136291503906,7.306970596313477,68.53093,76.23616,2.0971675,5.411169,139.13136291503906,7.306970596313477
401820801,2025.0,2025-12-02,Charlotte 49ers,North Carolina A&T Aggies,0.0,0.0,,,,,False,Halton Arena,2025-12-03 00:00:00+00:00,,2025-12-02 19:00,EST,2025-12-03T00:00:00Z,2025-12-02,,,charlotte49ers::northcarolinaaandt,b2450eb2f4d208394ac8b2f7b7631f08,BetRivers,totals,full_game,2025-12-03 00:00:00+00:00,2025-12-02 23:34:22+00:00,Charlotte 49ers,North Carolina A&T Aggies,,,,,,,145.0,-113.0,-110.0,2025-12-03,1.0,False,139.13136291503906,7.306970596313477,68.53093,76.23616,2.0971675,5.411169,139.13136291503906,7.306970596313477
401820801,2025.0,2025-12-02,Charlotte 49ers,North Carolina A&T Aggies,0.0,0.0,,,,,False,Halton Arena,2025-12-03 00:00:00+00:00,,2025-12-02 19:00,EST,2025-12-03T00:00:00Z,2025-12-02,,,charlotte49ers::northcarolinaaandt,b2450eb2f4d208394ac8b2f7b7631f08,BetUS,h2h,2h,2025-12-03 00:00:00+00:00,2025-12-02 23:34:07+00:00,Charlotte 49ers,North Carolina A&T Aggies,-400.0,320.0,,,,,,,,2025-12-03,1.0,False,139.13136291503906,7.306970596313477,68.53093,76.23616,2.0971675,5.411169,76.23616,5.411169
401820801,2025.0,2025-12-02,Charlotte 49ers,North Carolina A&T Aggies,0.0,0.0,,,,,False,Halton Arena,2025-12-03 00:00:00+00:00,,2025-12-02 19:00,EST,2025-12-03T00:00:00Z,2025-12-02,,,charlotte49ers::northcarolinaaandt,b2450eb2f4d208394ac8b2f7b7631f08,BetUS,spreads,full_game,2025-12-03 00:00:00+00:00,2025-12-02 23:34:07+00:00,Charlotte 49ers,North Carolina A&T Aggies,,,-8.5,-110.0,8.5,-110.0,,,,2025-12-03,1.0,False,139.13136291503906,7.306970596313477,68.53093,76.23616,2.0971675,5.411169,139.13136291503906,7.306970596313477
401820801,2025.0,2025-12-02,Charlotte 49ers,North Carolina A&T Aggies,0.0,0.0,,,,,False,Halton Arena,2025-12-03 00:00:00+00:00,,2025-12-02 19:00,EST,2025-12-03T00:00:00Z,2025-12-02,,,charlotte49ers::northcarolinaaandt,b2450eb2f4d208394ac8b2f7b7631f08,BetUS,totals,full_game,2025-12-03 00:00:00+00:00,2025-12-02 23:34:07+00:00,Charlotte 49ers,North Carolina A&T Aggies,,,,,,,145.0,-110.0,-110.0,2025-12-03,1.0,False,139.13136291503906,7.306970596313477,68.53093,76.23616,2.0971675,5.411169,139.13136291503906,7.306970596313477
401820801,2025.0,2025-12-02,Charlotte 49ers,North Carolina A&T Aggies,0.0,0.0,,,,,False,Halton Arena,2025-12-03 00:00:00+00:00,,2025-12-02 19:00,EST,2025-12-03T00:00:00Z,2025-12-02,,,charlotte49ers::northcarolinaaandt,b2450eb2f4d208394ac8b2f7b7631f08,Bovada,h2h,2h,2025-12-03 00:00:00+00:00,2025-12-02 23:34:10+00:00,Charlotte 49ers,North Carolina A&T Aggies,-380.0,290.0,,,,,,,,2025-12-03,1.0,False,139.13136291503906,7.306970596313477,68.53093,76.23616,2.0971675,5.411169,76.23616,5.411169
401820801,2025.0,2025-12-02,Charlotte 49ers,North Carolina A&T Aggies,0.0,0.0,,,,,False,Halton Arena,2025-12-03 00:00:00+00:00,,2025-12-02 19:00,EST,2025-12-03T00:00:00Z,2025-12-02,,,charlotte49ers::northcarolinaaandt,b2450eb2f4d208394ac8b2f7b7631f08,Bovada,spreads,full_game,2025-12-03 00:00:00+00:00,2025-12-02 23:34:10+00:00,Charlotte 49ers,North Carolina A&T Aggies,,,-8.0,-115.0,8.0,-105.0,,,,2025-12-03,1.0,False,139.13136291503906,7.306970596313477,68.53093,76.23616,2.0971675,5.411169,139.13136291503906,7.306970596313477
401820801,2025.0,2025-12-02,Charlotte 49ers,North Carolina A&T Aggies,0.0,0.0,,,,,False,Halton Arena,2025-12-03 00:00:00+00:00,,2025-12-02 19:00,EST,2025-12-03T00:00:00Z,2025-12-02,,,charlotte49ers::northcarolinaaandt,b2450eb2f4d208394ac8b2f7b7631f08,Bovada,totals,full_game,2025-12-03 00:00:00+00:00,2025-12-02 23:34:10+00:00,Charlotte 49ers,North Carolina A&T Aggies,,,,,,,145.5,-110.0,-110.0,2025-12-03,1.0,False,139.13136291503906,7.306970596313477,68.53093,76.23616,2.0971675,5.411169,139.13136291503906,7.306970596313477
401820801,2025.0,2025-12-02,Charlotte 49ers,North Carolina A&T Aggies,0.0,0.0,,,,,False,Halton Arena,2025-12-03 00:00:00+00:00,,2025-12-02 19:00,EST,2025-12-03T00:00:00Z,2025-12-02,,,charlotte49ers::northcarolinaaandt,b2450eb2f4d208394ac8b2f7b7631f08,Caesars,h2h,2h,2025-12-03 00:00:00+00:00,2025-12-02 23:33:06+00:00,Charlotte 49ers,North Carolina A&T Aggies,-420.0,320.0,,,,,,,,2025-12-03,1.0,False,139.13136291503906,7.306970596313477,68.53093,76.23616,2.0971675,5.411169,76.23616,5.411169
401820801,2025.0,2025-12-02,Charlotte 49ers,North Carolina A&T Aggies,0.0,0.0,,,,,False,Halton Arena,2025-12-03 00:00:00+00:00,,2025-12-02 19:00,EST,2025-12-03T00:00:00Z,2025-12-02,,,charlotte49ers::northcarolinaaandt,b2450eb2f4d208394ac8b2f7b7631f08,Caesars,spreads,full_game,2025-12-03 00:00:00+00:00,2025-12-02 23:33:06+00:00,Charlotte 49ers,North Carolina A&T Aggies,,,-8.5,-110.0,8.5,-110.0,,,,2025-12-03,1.0,False,139.13136291503906,7.306970596313477,68.53093,76.23616,2.0971675,5.411169,139.13136291503906,7.306970596313477
401820801,2025.0,2025-12-02,Charlotte 49ers,North Carolina A&T Aggies,0.0,0.0,,,,,False,Halton Arena,2025-12-03 00:00:00+00:00,,2025-12-02 19:00,EST,2025-12-03T00:00:00Z,2025-12-02,,,charlotte49ers::northcarolinaaandt,b2450eb2f4d208394ac8b2f7b7631f08,Caesars,totals,full_game,2025-12-03 00:00:00+00:00,2025-12-02 23:33:06+00:00,Charlotte 49ers,North Carolina A&T Aggies,,,,,,,144.5,-110.0,-110.0,2025-12-03,1.0,False,139.13136291503906,7.306970596313477,68.53093,76.23616,2.0971675,5.411169,139.13136291503906,7.306970596313477
401820801,2025.0,2025-12-02,Charlotte 49ers,North Carolina A&T Aggies,0.0,0.0,,,,,False,Halton Arena,2025-12-03 00:00:00+00:00,,2025-12-02 19:00,EST,2025-12-03T00:00:00Z,2025-12-02,,,charlotte49ers::northcarolinaaandt,b2450eb2f4d208394ac8b2f7b7631f08,DraftKings,h2h,2h,2025-12-03 00:00:00+00:00,2025-12-02 23:34:22+00:00,Charlotte 49ers,North Carolina A&T Aggies,-410.0,320.0,,,,,,,,2025-12-03,1.0,False,139.13136291503906,7.306970596313477,68.53093,76.23616,2.0971675,5.411169,76.23616,5.411169
401820801,2025.0,2025-12-02,Charlotte 49ers,North Carolina A&T Aggies,0.0,0.0,,,,,False,Halton Arena,2025-12-03 00:00:00+00:00,,2025-12-02 19:00,EST,2025-12-03T00:00:00Z,2025-12-02,,,charlotte49ers::northcarolinaaandt,b2450eb2f4d208394ac8b2f7b7631f08,DraftKings,spreads,full_game,2025-12-03 00:00:00+00:00,2025-12-02 23:34:22+00:00,Charlotte 49ers,North Carolina A&T Aggies,,,-8.5,-112.0,8.5,-108.0,,,,2025-12-03,1.0,False,139.13136291503906,7.306970596313477,68.53093,76.23616,2.0971675,5.411169,139.13136291503906,7.306970596313477
401820801,2025.0,2025-12-02,Charlotte 49ers,North Carolina A&T Aggies,0.0,0.0,,,,,False,Halton Arena,2025-12-03 00:00:00+00:00,,2025-12-02 19:00,EST,2025-12-03T00:00:00Z,2025-12-02,,,charlotte49ers::northcarolinaaandt,b2450eb2f4d208394ac8b2f7b7631f08,DraftKings,totals,full_game,2025-12-03 00:00:00+00:00,2025-12-02 23:34:22+00:00,Charlotte 49ers,North Carolina A&T Aggies,,,,,,,144.5,-110.0,-110.0,2025-12-03,1.0,False,139.13136291503906,7.306970596313477,68.53093,76.23616,2.0971675,5.411169,139.13136291503906,7.306970596313477
401820801,2025.0,2025-12-02,Charlotte 49ers,North Carolina A&T Aggies,0.0,0.0,,,,,False,Halton Arena,2025-12-03 00:00:00+00:00,,2025-12-02 19:00,EST,2025-12-03T00:00:00Z,2025-12-02,,,charlotte49ers::northcarolinaaandt,b2450eb2f4d208394ac8b2f7b7631f08,FanDuel,h2h,2h,2025-12-03 00:00:00+00:00,2025-12-02 23:33:54+00:00,Charlotte 49ers,North Carolina A&T Aggies,-420.0,320.0,,,,,,,,2025-12-03,1.0,False,139.13136291503906,7.306970596313477,68.53093,76.23616,2.0971675,5.411169,76.23616,5.411169
401820801,2025.0,2025-12-02,Charlotte 49ers,North Carolina A&T Aggies,0.0,0.0,,,,,False,Halton Arena,2025-12-03 00:00:00+00:00,,2025-12-02 19:00,EST,2025-12-03T00:00:00Z,2025-12-02,,,charlotte49ers::northcarolinaaandt,b2450eb2f4d208394ac8b2f7b7631f08,FanDuel,spreads,full_game,2025-12-03 00:00:00+00:00,2025-12-02 23:33:54+00:00,Charlotte 49ers,North Carolina A&T Aggies,,,-8.5,-110.0,8.5,-110.0,,,,2025-12-03,1.0,False,139.13136291503906,7.306970596313477,68.53093,76.23616,2.0971675,5.411169,139.13136291503906,7.306970596313477
401820801,2025.0,2025-12-02,Charlotte 49ers,North Carolina A&T Aggies,0.0,0.0,,,,,False,Halton Arena,2025-12-03 00:00:00+00:00,,2025-12-02 19:00,EST,2025-12-03T00:00:00Z,2025-12-02,,,charlotte49ers::northcarolinaaandt,b2450eb2f4d208394ac8b2f7b7631f08,FanDuel,totals,full_game,2025-12-03 00:00:00+00:00,2025-12-02 23:33:54+00:00,Charlotte 49ers,North Carolina A&T Aggies,,,,,,,144.5,-112.0,-108.0,2025-12-03,1.0,False,139.13136291503906,7.306970596313477,68.53093,76.23616,2.0971675,5.411169,139.13136291503906,7.306970596313477
401820801,2025.0,2025-12-02,Charlotte 49ers,North Carolina A&T Aggies,0.0,0.0,,,,,False,Halton Arena,2025-12-03 00:00:00+00:00,,2025-12-02 19:00,EST,2025-12-03T00:00:00Z,2025-12-02,,,charlotte49ers::northcarolinaaandt,b2450eb2f4d208394ac8b2f7b7631f08,Fanatics,h2h,2h,2025-12-03 00:00:00+00:00,2025-12-02 23:34:00+00:00,Charlotte 49ers,North Carolina A&T Aggies,-400.0,310.0,,,,,,,,2025-12-03,1.0,False,139.13136291503906,7.306970596313477,68.53093,76.23616,2.0971675,5.411169,76.23616,5.411169
401820801,2025.0,2025-12-02,Charlotte 49ers,North Carolina A&T Aggies,0.0,0.0,,,,,False,Halton Arena,2025-12-03 00:00:00+00:00,,2025-12-02 19:00,EST,2025-12-03T00:00:00Z,2025-12-02,,,charlotte49ers::northcarolinaaandt,b2450eb2f4d208394ac8b2f7b7631f08,Fanatics,spreads,full_game,2025-12-03 00:00:00+00:00,2025-12-02 23:34:00+00:00,Charlotte 49ers,North Carolina A&T Aggies,,,-8.5,-110.0,8.5,-110.0,,,,2025-12-03,1.0,False,139.13136291503906,7.306970596313477,68.53093,76.23616,2.0971675,5.411169,139.13136291503906,7.306970596313477
401820801,2025.0,2025-12-02,Charlotte 49ers,North Carolina A&T Aggies,0.0,0.0,,,,,False,Halton Arena,2025-12-03 00:00:00+00:00,,2025-12-02 19:00,EST,2025-12-03T00:00:00Z,2025-12-02,,,charlotte49ers::northcarolinaaandt,b2450eb2f4d208394ac8b2f7b7631f08,Fanatics,totals,full_game,2025-12-03 00:00:00+00:00,2025-12-02 23:34:00+00:00,Charlotte 49ers,North Carolina A&T Aggies,,,,,,,145.0,-110.0,-110.0,2025-12-03,1.0,False,139.13136291503906,7.306970596313477,68.53093,76.23616,2.0971675,5.411169,139.13136291503906,7.306970596313477
401820801,2025.0,2025-12-02,Charlotte 49ers,North Carolina A&T Aggies,0.0,0.0,,,,,False,Halton Arena,2025-12-03 00:00:00+00:00,,2025-12-02 19:00,EST,2025-12-03T00:00:00Z,2025-12-02,,,charlotte49ers::northcarolinaaandt,b2450eb2f4d208394ac8b2f7b7631f08,LowVig.ag,h2h,2h,2025-12-03 00:00:00+00:00,2025-12-02 23:34:20+00:00,Charlotte 49ers,North Carolina A&T Aggies,-400.0,316.0,,,,,,,,2025-12-03,1.0,False,139.13136291503906,7.306970596313477,68.53093,76.23616,2.0971675,5.411169,76.23616,5.411169
401820801,2025.0,2025-12-02,Charlotte 49ers,North Carolina A&T Aggies,0.0,0.0,,,,,False,Halton Arena,2025-12-03 00:00:00+00:00,,2025-12-02 19:00,EST,2025-12-03T00:00:00Z,2025-12-02,,,charlotte49ers::northcarolinaaandt,b2450eb2f4d208394ac8b2f7b7631f08,LowVig.ag,spreads,full_game,2025-12-03 00:00:00+00:00,2025-12-02 23:34:20+00:00,Charlotte 49ers,North Carolina A&T Aggies,,,-8.5,-111.0,8.5,-101.0,,,,2025-12-03,1.0,False,139.13136291503906,7.306970596313477,68.53093,76.23616,2.0971675,5.411169,139.13136291503906,7.306970596313477
401820801,2025.0,2025-12-02,Charlotte 49ers,North Carolina A&T Aggies,0.0,0.0,,,,,False,Halton Arena,2025-12-03 00:00:00+00:00,,2025-12-02 19:00,EST,2025-12-03T00:00:00Z,2025-12-02,,,charlotte49ers::northcarolinaaandt,b2450eb2f4d208394ac8b2f7b7631f08,LowVig.ag,totals,full_game,2025-12-03 00:00:00+00:00,2025-12-02 23:34:20+00:00,Charlotte 49ers,North Carolina A&T Aggies,,,,,,,144.5,-108.0,-108.0,2025-12-03,1.0,False,139.13136291503906,7.306970596313477,68.53093,76.23616,2.0971675,5.411169,139.13136291503906,7.306970596313477
401820811,2025.0,2025-12-02,East Carolina Pirates,Maryland Eastern Shore Hawks,0.0,0.0,,,,,False,Minges Coliseum,2025-12-03 00:00:00+00:00,,2025-12-02 19:00,EST,2025-12-03T00:00:00Z,2025-12-02,,,eastcarolina::marylandeasternshore,c23f99cf0a53e8d6ce33b16128c45c58,BetMGM,h2h,2h,2025-12-03 00:00:00+00:00,2025-12-02 23:34:07+00:00,East Carolina Pirates,Maryland-Eastern Shore Hawks,-1100.0,675.0,,,,,,,,2025-12-03,1.0,False,139.5754852294922,21.064550399780277,68.75831,76.77742,8.269177,12.800684,76.77742,12.800684
401820811,2025.0,2025-12-02,East Carolina Pirates,Maryland Eastern Shore Hawks,0.0,0.0,,,,,False,Minges Coliseum,2025-12-03 00:00:00+00:00,,2025-12-02 19:00,EST,2025-12-03T00:00:00Z,2025-12-02,,,eastcarolina::marylandeasternshore,c23f99cf0a53e8d6ce33b16128c45c58,BetMGM,spreads,full_game,2025-12-03 00:00:00+00:00,2025-12-02 23:34:07+00:00,East Carolina Pirates,Maryland-Eastern Shore Hawks,,,-12.5,-110.0,12.5,-110.0,,,,2025-12-03,1.0,False,139.5754852294922,21.064550399780277,68.75831,76.77742,8.269177,12.800684,139.5754852294922,21.064550399780277
401820811,2025.0,2025-12-02,East Carolina Pirates,Maryland Eastern Shore Hawks,0.0,0.0,,,,,False,Minges Coliseum,2025-12-03 00:00:00+00:00,,2025-12-02 19:00,EST,2025-12-03T00:00:00Z,2025-12-02,,,eastcarolina::marylandeasternshore,c23f99cf0a53e8d6ce33b16128c45c58,BetMGM,totals,full_game,2025-12-03 00:00:00+00:00,2025-12-02 23:34:07+00:00,East Carolina Pirates,Maryland-Eastern Shore Hawks,,,,,,,128.5,-105.0,-115.0,2025-12-03,1.0,False,139.5754852294922,21.064550399780277,68.75831,76.77742,8.269177,12.800684,139.5754852294922,21.064550399780277
401820811,2025.0,2025-12-02,East Carolina Pirates,Maryland Eastern Shore Hawks,0.0,0.0,,,,,False,Minges Coliseum,2025-12-03 00:00:00+00:00,,2025-12-02 19:00,EST,2025-12-03T00:00:00Z,2025-12-02,,,eastcarolina::marylandeasternshore,c23f99cf0a53e8d6ce33b16128c45c58,BetOnline.ag,spreads,full_game,2025-12-03 00:00:00+00:00,2025-12-02 23:34:37+00:00,East Carolina Pirates,Maryland-Eastern Shore Hawks,,,-12.5,-115.0,12.5,-105.0,,,,2025-12-03,1.0,False,139.5754852294922,21.064550399780277,68.75831,76.77742,8.269177,12.800684,139.5754852294922,21.064550399780277
401820811,2025.0,2025-12-02,East Carolina Pirates,Maryland Eastern Shore Hawks,0.0,0.0,,,,,False,Minges Coliseum,2025-12-03 00:00:00+00:00,,2025-12-02 19:00,EST,2025-12-03T00:00:00Z,2025-12-02,,,eastcarolina::marylandeasternshore,c23f99cf0a53e8d6ce33b16128c45c58,BetOnline.ag,totals,full_game,2025-12-03 00:00:00+00:00,2025-12-02 23:34:37+00:00,East Carolina Pirates,Maryland-Eastern Shore Hawks,,,,,,,128.5,-110.0,-110.0,2025-12-03,1.0,False,139.5754852294922,21.064550399780277,68.75831,76.77742,8.269177,12.800684,139.5754852294922,21.064550399780277
401820811,2025.0,2025-12-02,East Carolina Pirates,Maryland Eastern Shore Hawks,0.0,0.0,,,,,False,Minges Coliseum,2025-12-03 00:00:00+00:00,,2025-12-02 19:00,EST,2025-12-03T00:00:00Z,2025-12-02,,,eastcarolina::marylandeasternshore,c23f99cf0a53e8d6ce33b16128c45c58,BetRivers,h2h,2h,2025-12-03 00:00:00+00:00,2025-12-02 23:34:22+00:00,East Carolina Pirates,Maryland-Eastern Shore Hawks,-1000.0,600.0,,,,,,,,2025-12-03,1.0,False,139.5754852294922,21.064550399780277,68.75831,76.77742,8.269177,12.800684,76.77742,12.800684
401820811,2025.0,2025-12-02,East Carolina Pirates,Maryland Eastern Shore Hawks,0.0,0.0,,,,,False,Minges Coliseum,2025-12-03 00:00:00+00:00,,2025-12-02 19:00,EST,2025-12-03T00:00:00Z,2025-12-02,,,eastcarolina::marylandeasternshore,c23f99cf0a53e8d6ce33b16128c45c58,BetRivers,spreads,full_game,2025-12-03 00:00:00+00:00,2025-12-02 23:34:22+00:00,East Carolina Pirates,Maryland-Eastern Shore Hawks,,,-12.5,-109.0,12.5,-114.0,,,,2025-12-03,1.0,False,139.5754852294922,21.064550399780277,68.75831,76.77742,8.269177,12.800684,139.5754852294922,21.064550399780277
401820811,2025.0,2025-12-02,East Carolina Pirates,Maryland Eastern Shore Hawks,0.0,0.0,,,,,False,Minges Coliseum,2025-12-03 00:00:00+00:00,,2025-12-02 19:00,EST,2025-12-03T00:00:00Z,2025-12-02,,,eastcarolina::marylandeasternshore,c23f99cf0a53e8d6ce33b16128c45c58,BetRivers,totals,full_game,2025-12-03 00:00:00+00:00,2025-12-02 23:34:22+00:00,East Carolina Pirates,Maryland-Eastern Shore Hawks,,,,,,,127.0,-110.0,-113.0,2025-12-03,1.0,False,139.5754852294922,21.064550399780277,68.75831,76.77742,8.269177,12.800684,139.5754852294922,21.064550399780277
401820811,2025.0,2025-12-02,East Carolina Pirates,Maryland Eastern Shore Hawks,0.0,0.0,,,,,False,Minges Coliseum,2025-12-03 00:00:00+00:00,,2025-12-02 19:00,EST,2025-12-03T00:00:00Z,2025-12-02,,,eastcarolina::marylandeasternshore,c23f99cf0a53e8d6ce33b16128c45c58,Bovada,h2h,2h,2025-12-03 00:00:00+00:00,2025-12-02 23:34:10+00:00,East Carolina Pirates,Maryland-Eastern Shore Hawks,-1100.0,650.0,,,,,,,,2025-12-03,1.0,False,139.5754852294922,21.064550399780277,68.75831,76.77742,8.269177,12.800684,76.77742,12.800684
401820811,2025.0,2025-12-02,East Carolina Pirates,Maryland Eastern Shore Hawks,0.0,0.0,,,,,False,Minges Coliseum,2025-12-03 00:00:00+00:00,,2025-12-02 19:00,EST,2025-12-03T00:00:00Z,2025-12-02,,,eastcarolina::marylandeasternshore,c23f99cf0a53e8d6ce33b16128c45c58,Bovada,spreads,full_game,2025-12-03 00:00:00+00:00,2025-12-02 23:34:10+00:00,East Carolina Pirates,Maryland-Eastern Shore Hawks,,,-12.5,-110.0,12.5,-110.0,,,,2025-12-03,1.0,False,139.5754852294922,21.064550399780277,68.75831,76.77742,8.269177,12.800684,139.5754852294922,21.064550399780277
401820811,2025.0,2025-12-02,East Carolina Pirates,Maryland Eastern Shore Hawks,0.0,0.0,,,,,False,Minges Coliseum,2025-12-03 00:00:00+00:00,,2025-12-02 19:00,EST,2025-12-03T00:00:00Z,2025-12-02,,,eastcarolina::marylandeasternshore,c23f99cf0a53e8d6ce33b16128c45c58,Bovada,totals,full_game,2025-12-03 00:00:00+00:00,2025-12-02 23:34:10+00:00,East Carolina Pirates,Maryland-Eastern Shore Hawks,,,,,,,128.0,-110.0,-110.0,2025-12-03,1.0,False,139.5754852294922,21.064550399780277,68.75831,76.77742,8.269177,12.800684,139.5754852294922,21.064550399780277
401820811,2025.0,2025-12-02,East Carolina Pirates,Maryland Eastern Shore Hawks,0.0,0.0,,,,,False,Minges Coliseum,2025-12-03 00:00:00+00:00,,2025-12-02 19:00,EST,2025-12-03T00:00:00Z,2025-12-02,,,eastcarolina::marylandeasternshore,c23f99cf0a53e8d6ce33b16128c45c58,Caesars,h2h,2h,2025-12-03 00:00:00+00:00,2025-12-02 23:33:06+00:00,East Carolina Pirates,Maryland-Eastern Shore Hawks,-1100.0,700.0,,,,,,,,2025-12-03,1.0,False,139.5754852294922,21.064550399780277,68.75831,76.77742,8.269177,12.800684,76.77742,12.800684
401820811,2025.0,2025-12-02,East Carolina Pirates,Maryland Eastern Shore Hawks,0.0,0.0,,,,,False,Minges Coliseum,2025-12-03 00:00:00+00:00,,2025-12-02 19:00,EST,2025-12-03T00:00:00Z,2025-12-02,,,eastcarolina::marylandeasternshore,c23f99cf0a53e8d6ce33b16128c45c58,Caesars,spreads,full_game,2025-12-03 00:00:00+00:00,2025-12-02 23:33:06+00:00,East Carolina Pirates,Maryland-Eastern Shore Hawks,,,-12.0,-110.0,12.0,-110.0,,,,2025-12-03,1.0,False,139.5754852294922,21.064550399780277,68.75831,76.77742,8.269177,12.800684,139.5754852294922,21.064550399780277
401820811,2025.0,2025-12-02,East Carolina Pirates,Maryland Eastern Shore Hawks,0.0,0.0,,,,,False,Minges Coliseum,2025-12-03 00:00:00+00:00,,2025-12-02 19:00,EST,2025-12-03T00:00:00Z,2025-12-02,,,eastcarolina::marylandeasternshore,c23f99cf0a53e8d6ce33b16128c45c58,Caesars,totals,full_game,2025-12-03 00:00:00+00:00,2025-12-02 23:33:06+00:00,East Carolina Pirates,Maryland-Eastern Shore Hawks,,,,,,,129.0,-110.0,-110.0,2025-12-03,1.0,False,139.5754852294922,21.064550399780277,68.75831,76.77742,8.269177,12.800684,139.5754852294922,21.064550399780277
401820811,2025.0,2025-12-02,East Carolina Pirates,Maryland Eastern Shore Hawks,0.0,0.0,,,,,False,Minges Coliseum,2025-12-03 00:00:00+00:00,,2025-12-02 19:00,EST,2025-12-03T00:00:00Z,2025-12-02,,,eastcarolina::marylandeasternshore,c23f99cf0a53e8d6ce33b16128c45c58,DraftKings,spreads,full_game,2025-12-03 00:00:00+00:00,2025-12-02 23:34:22+00:00,East Carolina Pirates,Maryland-Eastern Shore Hawks,,,-12.5,-108.0,12.5,-112.0,,,,2025-12-03,1.0,False,139.5754852294922,21.064550399780277,68.75831,76.77742,8.269177,12.800684,139.5754852294922,21.064550399780277
401820811,2025.0,2025-12-02,East Carolina Pirates,Maryland Eastern Shore Hawks,0.0,0.0,,,,,False,Minges Coliseum,2025-12-03 00:00:00+00:00,,2025-12-02 19:00,EST,2025-12-03T00:00:00Z,2025-12-02,,,eastcarolina::marylandeasternshore,c23f99cf0a53e8d6ce33b16128c45c58,DraftKings,totals,full_game,2025-12-03 00:00:00+00:00,2025-12-02 23:34:22+00:00,East Carolina Pirates,Maryland-Eastern Shore Hawks,,,,,,,128.5,-105.0,-115.0,2025-12-03,1.0,False,139.5754852294922,21.064550399780277,68.75831,76.77742,8.269177,12.800684,139.5754852294922,21.064550399780277
401820811,2025.0,2025-12-02,East Carolina Pirates,Maryland Eastern Shore Hawks,0.0,0.0,,,,,False,Minges Coliseum,2025-12-03 00:00:00+00:00,,2025-12-02 19:00,EST,2025-12-03T00:00:00Z,2025-12-02,,,eastcarolina::marylandeasternshore,c23f99cf0a53e8d6ce33b16128c45c58,FanDuel,h2h,2h,2025-12-03 00:00:00+00:00,2025-12-02 23:33:54+00:00,East Carolina Pirates,Maryland-Eastern Shore Hawks,-1200.0,680.0,,,,,,,,2025-12-03,1.0,False,139.5754852294922,21.064550399780277,68.75831,76.77742,8.269177,12.800684,76.77742,12.800684
401820811,2025.0,2025-12-02,East Carolina Pirates,Maryland Eastern Shore Hawks,0.0,0.0,,,,,False,Minges Coliseum,2025-12-03 00:00:00+00:00,,2025-12-02 19:00,EST,2025-12-03T00:00:00Z,2025-12-02,,,eastcarolina::marylandeasternshore,c23f99cf0a53e8d6ce33b16128c45c58,FanDuel,spreads,full_game,2025-12-03 00:00:00+00:00,2025-12-02 23:33:54+00:00,East Carolina Pirates,Maryland-Eastern Shore Hawks,,,-12.5,-110.0,12.5,-110.0,,,,2025-12-03,1.0,False,139.5754852294922,21.064550399780277,68.75831,76.77742,8.269177,12.800684,139.5754852294922,21.064550399780277
401820811,2025.0,2025-12-02,East Carolina Pirates,Maryland Eastern Shore Hawks,0.0,0.0,,,,,False,Minges Coliseum,2025-12-03 00:00:00+00:00,,2025-12-02 19:00,EST,2025-12-03T00:00:00Z,2025-12-02,,,eastcarolina::marylandeasternshore,c23f99cf0a53e8d6ce33b16128c45c58,FanDuel,totals,full_game,2025-12-03 00:00:00+00:00,2025-12-02 23:33:54+00:00,East Carolina Pirates,Maryland-Eastern Shore Hawks,,,,,,,127.5,-114.0,-106.0,2025-12-03,1.0,False,139.5754852294922,21.064550399780277,68.75831,76.77742,8.269177,12.800684,139.5754852294922,21.064550399780277
401820811,2025.0,2025-12-02,East Carolina Pirates,Maryland Eastern Shore Hawks,0.0,0.0,,,,,False,Minges Coliseum,2025-12-03 00:00:00+00:00,,2025-12-02 19:00,EST,2025-12-03T00:00:00Z,2025-12-02,,,eastcarolina::marylandeasternshore,c23f99cf0a53e8d6ce33b16128c45c58,Fanatics,h2h,2h,2025-12-03 00:00:00+00:00,2025-12-02 23:34:00+00:00,East Carolina Pirates,Maryland-Eastern Shore Hawks,-1000.0,650.0,,,,,,,,2025-12-03,1.0,False,139.5754852294922,21.064550399780277,68.75831,76.77742,8.269177,12.800684,76.77742,12.800684
401820811,2025.0,2025-12-02,East Carolina Pirates,Maryland Eastern Shore Hawks,0.0,0.0,,,,,False,Minges Coliseum,2025-12-03 00:00:00+00:00,,2025-12-02 19:00,EST,2025-12-03T00:00:00Z,2025-12-02,,,eastcarolina::marylandeasternshore,c23f99cf0a53e8d6ce33b16128c45c58,Fanatics,spreads,full_game,2025-12-03 00:00:00+00:00,2025-12-02 23:34:00+00:00,East Carolina Pirates,Maryland-Eastern Shore Hawks,,,-12.5,-110.0,12.5,-110.0,,,,2025-12-03,1.0,False,139.5754852294922,21.064550399780277,68.75831,76.77742,8.269177,12.800684,139.5754852294922,21.064550399780277
401820811,2025.0,2025-12-02,East Carolina Pirates,Maryland Eastern Shore Hawks,0.0,0.0,,,,,False,Minges Coliseum,2025-12-03 00:00:00+00:00,,2025-12-02 19:00,EST,2025-12-03T00:00:00Z,2025-12-02,,,eastcarolina::marylandeasternshore,c23f99cf0a53e8d6ce33b16128c45c58,Fanatics,totals,full_game,2025-12-03 00:00:00+00:00,2025-12-02 23:34:00+00:00,East Carolina Pirates,Maryland-Eastern Shore Hawks,,,,,,,128.0,-110.0,-110.0,2025-12-03,1.0,False,139.5754852294922,21.064550399780277,68.75831,76.77742,8.269177,12.800684,139.5754852294922,21.064550399780277
401820811,2025.0,2025-12-02,East Carolina Pirates,Maryland Eastern Shore Hawks,0.0,0.0,,,,,False,Minges Coliseum,2025-12-03 00:00:00+00:00,,2025-12-02 19:00,EST,2025-12-03T00:00:00Z,2025-12-02,,,eastcarolina::marylandeasternshore,c23f99cf0a53e8d6ce33b16128c45c58,LowVig.ag,spreads,full_game,2025-12-03 00:00:00+00:00,2025-12-02 23:34:20+00:00,East Carolina Pirates,Maryland-Eastern Shore Hawks,,,-12.5,-111.0,12.5,-101.0,,,,2025-12-03,1.0,False,139.5754852294922,21.064550399780277,68.75831,76.77742,8.269177,12.800684,139.5754852294922,21.064550399780277
401820811,2025.0,2025-12-02,East Carolina Pirates,Maryland Eastern Shore Hawks,0.0,0.0,,,,,False,Minges Coliseum,2025-12-03 00:00:00+00:00,,2025-12-02 19:00,EST,2025-12-03T00:00:00Z,2025-12-02,,,eastcarolina::marylandeasternshore,c23f99cf0a53e8d6ce33b16128c45c58,LowVig.ag,totals,full_game,2025-12-03 00:00:00+00:00,2025-12-02 23:34:20+00:00,East Carolina Pirates,Maryland-Eastern Shore Hawks,,,,,,,128.5,-108.0,-108.0,2025-12-03,1.0,False,139.5754852294922,21.064550399780277,68.75831,76.77742,8.269177,12.800684,139.5754852294922,21.064550399780277
401820827,2025.0,2025-12-02,Butler Bulldogs,Eastern Michigan Eagles,0.0,0.0,,,,,False,Hinkle Fieldhouse,2025-12-03 00:00:00+00:00,,2025-12-02 19:00,EST,2025-12-03T00:00:00Z,2025-12-02,,,butler::easternmichigan,13d0a2fe698d44c76c84f94d1716a3ef,BetMGM,h2h,2h,2025-12-03 00:00:00+00:00,2025-12-02 23:34:07+00:00,Butler Bulldogs,Eastern Michigan Eagles,-2500.0,1050.0,,,,,,,,2025-12-03,1.0,False,145.1160125732422,30.03462028503418,71.18439,78.25921,13.340658,16.706112,78.25921,16.706112
401820827,2025.0,2025-12-02,Butler Bulldogs,Eastern Michigan Eagles,0.0,0.0,,,,,False,Hinkle Fieldhouse,2025-12-03 00:00:00+00:00,,2025-12-02 19:00,EST,2025-12-03T00:00:00Z,2025-12-02,,,butler::easternmichigan,13d0a2fe698d44c76c84f94d1716a3ef,BetMGM,spreads,full_game,2025-12-03 00:00:00+00:00,2025-12-02 23:34:07+00:00,Butler Bulldogs,Eastern Michigan Eagles,,,-17.5,-110.0,17.5,-110.0,,,,2025-12-03,1.0,False,145.1160125732422,30.03462028503418,71.18439,78.25921,13.340658,16.706112,145.1160125732422,30.03462028503418
401820827,2025.0,2025-12-02,Butler Bulldogs,Eastern Michigan Eagles,0.0,0.0,,,,,False,Hinkle Fieldhouse,2025-12-03 00:00:00+00:00,,2025-12-02 19:00,EST,2025-12-03T00:00:00Z,2025-12-02,,,butler::easternmichigan,13d0a2fe698d44c76c84f94d1716a3ef,BetMGM,totals,full_game,2025-12-03 00:00:00+00:00,2025-12-02 23:34:07+00:00,Butler Bulldogs,Eastern Michigan Eagles,,,,,,,153.5,-105.0,-115.0,2025-12-03,1.0,False,145.1160125732422,30.03462028503418,71.18439,78.25921,13.340658,16.706112,145.1160125732422,30.03462028503418
401820827,2025.0,2025-12-02,Butler Bulldogs,Eastern Michigan Eagles,0.0,0.0,,,,,False,Hinkle Fieldhouse,2025-12-03 00:00:00+00:00,,2025-12-02 19:00,EST,2025-12-03T00:00:00Z,2025-12-02,,,butler::easternmichigan,13d0a2fe698d44c76c84f94d1716a3ef,BetOnline.ag,spreads,full_game,2025-12-03 00:00:00+00:00,2025-12-02 23:34:36+00:00,Butler Bulldogs,Eastern Michigan Eagles,,,-17.5,-110.0,17.5,-110.0,,,,2025-12-03,1.0,False,145.1160125732422,30.03462028503418,71.18439,78.25921,13.340658,16.706112,145.1160125732422,30.03462028503418
401820827,2025.0,2025-12-02,Butler Bulldogs,Eastern Michigan Eagles,0.0,0.0,,,,,False,Hinkle Fieldhouse,2025-12-03 00:00:00+00:00,,2025-12-02 19:00,EST,2025-12-03T00:00:00Z,2025-12-02,,,butler::easternmichigan,13d0a2fe698d44c76c84f94d1716a3ef,BetOnline.ag,totals,full_game,2025-12-03 00:00:00+00:00,2025-12-02 23:34:36+00:00,Butler Bulldogs,Eastern Michigan Eagles,,,,,,,153.5,-110.0,-110.0,2025-12-03,1.0,False,145.1160125732422,30.03462028503418,71.18439,78.25921,13.340658,16.706112,145.1160125732422,30.03462028503418
401820827,2025.0,2025-12-02,Butler Bulldogs,Eastern Michigan Eagles,0.0,0.0,,,,,False,Hinkle Fieldhouse,2025-12-03 00:00:00+00:00,,2025-12-02 19:00,EST,2025-12-03T00:00:00Z,2025-12-02,,,butler::easternmichigan,13d0a2fe698d44c76c84f94d1716a3ef,BetRivers,h2h,2h,2025-12-03 00:00:00+00:00,2025-12-02 23:34:22+00:00,Butler Bulldogs,Eastern Michigan Eagles,-2500.0,900.0,,,,,,,,2025-12-03,1.0,False,145.1160125732422,30.03462028503418,71.18439,78.25921,13.340658,16.706112,78.25921,16.706112
401820827,2025.0,2025-12-02,Butler Bulldogs,Eastern Michigan Eagles,0.0,0.0,,,,,False,Hinkle Fieldhouse,2025-12-03 00:00:00+00:00,,2025-12-02 19:00,EST,2025-12-03T00:00:00Z,2025-12-02,,,butler::easternmichigan,13d0a2fe698d44c76c84f94d1716a3ef,BetRivers,spreads,full_game,2025-12-03 00:00:00+00:00,2025-12-02 23:34:22+00:00,Butler Bulldogs,Eastern Michigan Eagles,,,-17.5,-112.0,17.5,-112.0,,,,2025-12-03,1.0,False,145.1160125732422,30.03462028503418,71.18439,78.25921,13.340658,16.706112,145.1160125732422,30.03462028503418
401820827,2025.0,2025-12-02,Butler Bulldogs,Eastern Michigan Eagles,0.0,0.0,,,,,False,Hinkle Fieldhouse,2025-12-03 00:00:00+00:00,,2025-12-02 19:00,EST,2025-12-03T00:00:00Z,2025-12-02,,,butler::easternmichigan,13d0a2fe698d44c76c84f94d1716a3ef,BetRivers,totals,full_game,2025-12-03 00:00:00+00:00,2025-12-02 23:34:22+00:00,Butler Bulldogs,Eastern Michigan Eagles,,,,,,,152.5,-112.0,-112.0,2025-12-03,1.0,False,145.1160125732422,30.03462028503418,71.18439,78.25921,13.340658,16.706112,145.1160125732422,30.03462028503418
401820827,2025.0,2025-12-02,Butler Bulldogs,Eastern Michigan Eagles,0.0,0.0,,,,,False,Hinkle Fieldhouse,2025-12-03 00:00:00+00:00,,2025-12-02 19:00,EST,2025-12-03T00:00:00Z,2025-12-02,,,butler::easternmichigan,13d0a2fe698d44c76c84f94d1716a3ef,BetUS,h2h,2h,2025-12-03 00:00:00+00:00,2025-12-02 23:34:07+00:00,Butler Bulldogs,Eastern Michigan Eagles,-2500.0,1175.0,,,,,,,,2025-12-03,1.0,False,145.1160125732422,30.03462028503418,71.18439,78.25921,13.340658,16.706112,78.25921,16.706112
401820827,2025.0,2025-12-02,Butler Bulldogs,Eastern Michigan Eagles,0.0,0.0,,,,,False,Hinkle Fieldhouse,2025-12-03 00:00:00+00:00,,2025-12-02 19:00,EST,2025-12-03T00:00:00Z,2025-12-02,,,butler::easternmichigan,13d0a2fe698d44c76c84f94d1716a3ef,BetUS,spreads,full_game,2025-12-03 00:00:00+00:00,2025-12-02 23:34:07+00:00,Butler Bulldogs,Eastern Michigan Eagles,,,-17.5,-110.0,17.5,-110.0,,,,2025-12-03,1.0,False,145.1160125732422,30.03462028503418,71.18439,78.25921,13.340658,16.706112,145.1160125732422,30.03462028503418
401820827,2025.0,2025-12-02,Butler Bulldogs,Eastern Michigan Eagles,0.0,0.0,,,,,False,Hinkle Fieldhouse,2025-12-03 00:00:00+00:00,,2025-12-02 19:00,EST,2025-12-03T00:00:00Z,2025-12-02,,,butler::easternmichigan,13d0a2fe698d44c76c84f94d1716a3ef,BetUS,totals,full_game,2025-12-03 00:00:00+00:00,2025-12-02 23:34:07+00:00,Butler Bulldogs,Eastern Michigan Eagles,,,,,,,153.0,-110.0,-110.0,2025-12-03,1.0,False,145.1160125732422,30.03462028503418,71.18439,78.25921,13.340658,16.706112,145.1160125732422,30.03462028503418
401820827,2025.0,2025-12-02,Butler Bulldogs,Eastern Michigan Eagles,0.0,0.0,,,,,False,Hinkle Fieldhouse,2025-12-03 00:00:00+00:00,,2025-12-02 19:00,EST,2025-12-03T00:00:00Z,2025-12-02,,,butler::easternmichigan,13d0a2fe698d44c76c84f94d1716a3ef,Bovada,spreads,full_game,2025-12-03 00:00:00+00:00,2025-12-02 23:34:10+00:00,Butler Bulldogs,Eastern Michigan Eagles,,,-18.0,-110.0,18.0,-110.0,,,,2025-12-03,1.0,False,145.1160125732422,30.03462028503418,71.18439,78.25921,13.340658,16.706112,145.1160125732422,30.03462028503418
401820827,2025.0,2025-12-02,Butler Bulldogs,Eastern Michigan Eagles,0.0,0.0,,,,,False,Hinkle Fieldhouse,2025-12-03 00:00:00+00:00,,2025-12-02 19:00,EST,2025-12-03T00:00:00Z,2025-12-02,,,butler::easternmichigan,13d0a2fe698d44c76c84f94d1716a3ef,Bovada,totals,full_game,2025-12-03 00:00:00+00:00,2025-12-02 23:34:10+00:00,Butler Bulldogs,Eastern Michigan Eagles,,,,,,,153.0,-110.0,-110.0,2025-12-03,1.0,False,145.1160125732422,30.03462028503418,71.18439,78.25921,13.340658,16.706112,145.1160125732422,30.03462028503418
401820827,2025.0,2025-12-02,Butler Bulldogs,Eastern Michigan Eagles,0.0,0.0,,,,,False,Hinkle Fieldhouse,2025-12-03 00:00:00+00:00,,2025-12-02 19:00,EST,2025-12-03T00:00:00Z,2025-12-02,,,butler::easternmichigan,13d0a2fe698d44c76c84f94d1716a3ef,Caesars,h2h,2h,2025-12-03 00:00:00+00:00,2025-12-02 23:33:06+00:00,Butler Bulldogs,Eastern Michigan Eagles,-3500.0,1350.0,,,,,,,,2025-12-03,1.0,False,145.1160125732422,30.03462028503418,71.18439,78.25921,13.340658,16.706112,78.25921,16.706112
401820827,2025.0,2025-12-02,Butler Bulldogs,Eastern Michigan Eagles,0.0,0.0,,,,,False,Hinkle Fieldhouse,2025-12-03 00:00:00+00:00,,2025-12-02 19:00,EST,2025-12-03T00:00:00Z,2025-12-02,,,butler::easternmichigan,13d0a2fe698d44c76c84f94d1716a3ef,Caesars,spreads,full_game,2025-12-03 00:00:00+00:00,2025-12-02 23:33:06+00:00,Butler Bulldogs,Eastern Michigan Eagles,,,-17.5,-110.0,17.5,-110.0,,,,2025-12-03,1.0,False,145.1160125732422,30.03462028503418,71.18439,78.25921,13.340658,16.706112,145.1160125732422,30.03462028503418
401820827,2025.0,2025-12-02,Butler Bulldogs,Eastern Michigan Eagles,0.0,0.0,,,,,False,Hinkle Fieldhouse,2025-12-03 00:00:00+00:00,,2025-12-02 19:00,EST,2025-12-03T00:00:00Z,2025-12-02,,,butler::easternmichigan,13d0a2fe698d44c76c84f94d1716a3ef,Caesars,totals,full_game,2025-12-03 00:00:00+00:00,2025-12-02 23:33:06+00:00,Butler Bulldogs,Eastern Michigan Eagles,,,,,,,153.0,-110.0,-110.0,2025-12-03,1.0,False,145.1160125732422,30.03462028503418,71.18439,78.25921,13.340658,16.706112,145.1160125732422,30.03462028503418
401820827,2025.0,2025-12-02,Butler Bulldogs,Eastern Michigan Eagles,0.0,0.0,,,,,False,Hinkle Fieldhouse,2025-12-03 00:00:00+00:00,,2025-12-02 19:00,EST,2025-12-03T00:00:00Z,2025-12-02,,,butler::easternmichigan,13d0a2fe698d44c76c84f94d1716a3ef,DraftKings,h2h,2h,2025-12-03 00:00:00+00:00,2025-12-02 23:34:22+00:00,Butler Bulldogs,Eastern Michigan Eagles,-2800.0,1300.0,,,,,,,,2025-12-03,1.0,False,145.1160125732422,30.03462028503418,71.18439,78.25921,13.340658,16.706112,78.25921,16.706112
401820827,2025.0,2025-12-02,Butler Bulldogs,Eastern Michigan Eagles,0.0,0.0,,,,,False,Hinkle Fieldhouse,2025-12-03 00:00:00+00:00,,2025-12-02 19:00,EST,2025-12-03T00:00:00Z,2025-12-02,,,butler::easternmichigan,13d0a2fe698d44c76c84f94d1716a3ef,DraftKings,spreads,full_game,2025-12-03 00:00:00+00:00,2025-12-02 23:34:22+00:00,Butler Bulldogs,Eastern Michigan Eagles,,,-17.5,-112.0,17.5,-108.0,,,,2025-12-03,1.0,False,145.1160125732422,30.03462028503418,71.18439,78.25921,13.340658,16.706112,145.1160125732422,30.03462028503418
401820827,2025.0,2025-12-02,Butler Bulldogs,Eastern Michigan Eagles,0.0,0.0,,,,,False,Hinkle Fieldhouse,2025-12-03 00:00:00+00:00,,2025-12-02 19:00,EST,2025-12-03T00:00:00Z,2025-12-02,,,butler::easternmichigan,13d0a2fe698d44c76c84f94d1716a3ef,DraftKings,totals,full_game,2025-12-03 00:00:00+00:00,2025-12-02 23:34:22+00:00,Butler Bulldogs,Eastern Michigan Eagles,,,,,,,153.5,-108.0,-112.0,2025-12-03,1.0,False,145.1160125732422,30.03462028503418,71.18439,78.25921,13.340658,16.706112,145.1160125732422,30.03462028503418
401820827,2025.0,2025-12-02,Butler Bulldogs,Eastern Michigan Eagles,0.0,0.0,,,,,False,Hinkle Fieldhouse,2025-12-03 00:00:00+00:00,,2025-12-02 19:00,EST,2025-12-03T00:00:00Z,2025-12-02,,,butler::easternmichigan,13d0a2fe698d44c76c84f94d1716a3ef,FanDuel,h2h,2h,2025-12-03 00:00:00+00:00,2025-12-02 23:33:54+00:00,Butler Bulldogs,Eastern Michigan Eagles,-3000.0,1200.0,,,,,,,,2025-12-03,1.0,False,145.1160125732422,30.03462028503418,71.18439,78.25921,13.340658,16.706112,78.25921,16.706112
401820827,2025.0,2025-12-02,Butler Bulldogs,Eastern Michigan Eagles,0.0,0.0,,,,,False,Hinkle Fieldhouse,2025-12-03 00:00:00+00:00,,2025-12-02 19:00,EST,2025-12-03T00:00:00Z,2025-12-02,,,butler::easternmichigan,13d0a2fe698d44c76c84f94d1716a3ef,FanDuel,spreads,full_game,2025-12-03 00:00:00+00:00,2025-12-02 23:33:54+00:00,Butler Bulldogs,Eastern Michigan Eagles,,,-17.5,-110.0,17.5,-110.0,,,,2025-12-03,1.0,False,145.1160125732422,30.03462028503418,71.18439,78.25921,13.340658,16.706112,145.1160125732422,30.03462028503418
401820827,2025.0,2025-12-02,Butler Bulldogs,Eastern Michigan Eagles,0.0,0.0,,,,,False,Hinkle Fieldhouse,2025-12-03 00:00:00+00:00,,2025-12-02 19:00,EST,2025-12-03T00:00:00Z,2025-12-02,,,butler::easternmichigan,13d0a2fe698d44c76c84f94d1716a3ef,FanDuel,totals,full_game,2025-12-03 00:00:00+00:00,2025-12-02 23:33:54+00:00,Butler Bulldogs,Eastern Michigan Eagles,,,,,,,152.5,-115.0,-105.0,2025-12-03,1.0,False,145.1160125732422,30.03462028503418,71.18439,78.25921,13.340658,16.706112,145.1160125732422,30.03462028503418
401820827,2025.0,2025-12-02,Butler Bulldogs,Eastern Michigan Eagles,0.0,0.0,,,,,False,Hinkle Fieldhouse,2025-12-03 00:00:00+00:00,,2025-12-02 19:00,EST,2025-12-03T00:00:00Z,2025-12-02,,,butler::easternmichigan,13d0a2fe698d44c76c84f94d1716a3ef,Fanatics,h2h,2h,2025-12-03 00:00:00+00:00,2025-12-02 23:34:00+00:00,Butler Bulldogs,Eastern Michigan Eagles,-2500.0,1300.0,,,,,,,,2025-12-03,1.0,False,145.1160125732422,30.03462028503418,71.18439,78.25921,13.340658,16.706112,78.25921,16.706112
401820827,2025.0,2025-12-02,Butler Bulldogs,Eastern Michigan Eagles,0.0,0.0,,,,,False,Hinkle Fieldhouse,2025-12-03 00:00:00+00:00,,2025-12-02 19:00,EST,2025-12-03T00:00:00Z,2025-12-02,,,butler::easternmichigan,13d0a2fe698d44c76c84f94d1716a3ef,Fanatics,spreads,full_game,2025-12-03 00:00:00+00:00,2025-12-02 23:34:00+00:00,Butler Bulldogs,Eastern Michigan Eagles,,,-18.0,-110.0,18.0,-110.0,,,,2025-12-03,1.0,False,145.1160125732422,30.03462028503418,71.18439,78.25921,13.340658,16.706112,145.1160125732422,30.03462028503418
401820827,2025.0,2025-12-02,Butler Bulldogs,Eastern Michigan Eagles,0.0,0.0,,,,,False,Hinkle Fieldhouse,2025-12-03 00:00:00+00:00,,2025-12-02 19:00,EST,2025-12-03T00:00:00Z,2025-12-02,,,butler::easternmichigan,13d0a2fe698d44c76c84f94d1716a3ef,Fanatics,totals,full_game,2025-12-03 00:00:00+00:00,2025-12-02 23:34:00+00:00,Butler Bulldogs,Eastern Michigan Eagles,,,,,,,153.0,-110.0,-110.0,2025-12-03,1.0,False,145.1160125732422,30.03462028503418,71.18439,78.25921,13.340658,16.706112,145.1160125732422,30.03462028503418
401820827,2025.0,2025-12-02,Butler Bulldogs,Eastern Michigan Eagles,0.0,0.0,,,,,False,Hinkle Fieldhouse,2025-12-03 00:00:00+00:00,,2025-12-02 19:00,EST,2025-12-03T00:00:00Z,2025-12-02,,,butler::easternmichigan,13d0a2fe698d44c76c84f94d1716a3ef,LowVig.ag,spreads,full_game,2025-12-03 00:00:00+00:00,2025-12-02 23:34:20+00:00,Butler Bulldogs,Eastern Michigan Eagles,,,-17.5,-106.0,17.5,-106.0,,,,2025-12-03,1.0,False,145.1160125732422,30.03462028503418,71.18439,78.25921,13.340658,16.706112,145.1160125732422,30.03462028503418
401820827,2025.0,2025-12-02,Butler Bulldogs,Eastern Michigan Eagles,0.0,0.0,,,,,False,Hinkle Fieldhouse,2025-12-03 00:00:00+00:00,,2025-12-02 19:00,EST,2025-12-03T00:00:00Z,2025-12-02,,,butler::easternmichigan,13d0a2fe698d44c76c84f94d1716a3ef,LowVig.ag,totals,full_game,2025-12-03 00:00:00+00:00,2025-12-02 23:34:20+00:00,Butler Bulldogs,Eastern Michigan Eagles,,,,,,,153.5,-108.0,-108.0,2025-12-03,1.0,False,145.1160125732422,30.03462028503418,71.18439,78.25921,13.340658,16.706112,145.1160125732422,30.03462028503418
401822335,2025.0,2025-12-02,Marquette Golden Eagles,Valparaiso Beacons,0.0,0.0,,,,,False,Fiserv Forum,2025-12-03 01:00:00+00:00,,2025-12-02 20:00,EST,2025-12-03T01:00:00Z,2025-12-02,,,marquettegolden::valparaisobeacons,907695881a5f0cdbbfe5896658fbf1db,BetMGM,h2h,2h,2025-12-03 01:00:00+00:00,2025-12-02 23:34:07+00:00,Marquette Golden Eagles,Valparaiso Beacons,-2000.0,950.0,,,,,,,,2025-12-03,1.0,False,148.62002563476562,13.470588684082031,72.73352,78.51329,6.8147,7.1550865,78.51329,7.1550865
401822335,2025.0,2025-12-02,Marquette Golden Eagles,Valparaiso Beacons,0.0,0.0,,,,,False,Fiserv Forum,2025-12-03 01:00:00+00:00,,2025-12-02 20:00,EST,2025-12-03T01:00:00Z,2025-12-02,,,marquettegolden::valparaisobeacons,907695881a5f0cdbbfe5896658fbf1db,BetMGM,spreads,full_game,2025-12-03 01:00:00+00:00,2025-12-02 23:34:07+00:00,Marquette Golden Eagles,Valparaiso Beacons,,,-17.5,-115.0,17.5,-105.0,,,,2025-12-03,1.0,False,148.62002563476562,13.470588684082031,72.73352,78.51329,6.8147,7.1550865,148.62002563476562,13.470588684082031
401822335,2025.0,2025-12-02,Marquette Golden Eagles,Valparaiso Beacons,0.0,0.0,,,,,False,Fiserv Forum,2025-12-03 01:00:00+00:00,,2025-12-02 20:00,EST,2025-12-03T01:00:00Z,2025-12-02,,,marquettegolden::valparaisobeacons,907695881a5f0cdbbfe5896658fbf1db,BetMGM,totals,full_game,2025-12-03 01:00:00+00:00,2025-12-02 23:34:07+00:00,Marquette Golden Eagles,Valparaiso Beacons,,,,,,,147.5,-115.0,-105.0,2025-12-03,1.0,False,148.62002563476562,13.470588684082031,72.73352,78.51329,6.8147,7.1550865,148.62002563476562,13.470588684082031
401822335,2025.0,2025-12-02,Marquette Golden Eagles,Valparaiso Beacons,0.0,0.0,,,,,False,Fiserv Forum,2025-12-03 01:00:00+00:00,,2025-12-02 20:00,EST,2025-12-03T01:00:00Z,2025-12-02,,,marquettegolden::valparaisobeacons,907695881a5f0cdbbfe5896658fbf1db,BetOnline.ag,h2h,2h,2025-12-03 01:00:00+00:00,2025-12-02 23:34:36+00:00,Marquette Golden Eagles,Valparaiso Beacons,-1500.0,874.0,,,,,,,,2025-12-03,1.0,False,148.62002563476562,13.470588684082031,72.73352,78.51329,6.8147,7.1550865,78.51329,7.1550865
401822335,2025.0,2025-12-02,Marquette Golden Eagles,Valparaiso Beacons,0.0,0.0,,,,,False,Fiserv Forum,2025-12-03 01:00:00+00:00,,2025-12-02 20:00,EST,2025-12-03T01:00:00Z,2025-12-02,,,marquettegolden::valparaisobeacons,907695881a5f0cdbbfe5896658fbf1db,BetOnline.ag,spreads,full_game,2025-12-03 01:00:00+00:00,2025-12-02 23:34:36+00:00,Marquette Golden Eagles,Valparaiso Beacons,,,-17.5,-113.0,17.5,-107.0,,,,2025-12-03,1.0,False,148.62002563476562,13.470588684082031,72.73352,78.51329,6.8147,7.1550865,148.62002563476562,13.470588684082031
401822335,2025.0,2025-12-02,Marquette Golden Eagles,Valparaiso Beacons,0.0,0.0,,,,,False,Fiserv Forum,2025-12-03 01:00:00+00:00,,2025-12-02 20:00,EST,2025-12-03T01:00:00Z,2025-12-02,,,marquettegolden::valparaisobeacons,907695881a5f0cdbbfe5896658fbf1db,BetOnline.ag,totals,full_game,2025-12-03 01:00:00+00:00,2025-12-02 23:34:36+00:00,Marquette Golden Eagles,Valparaiso Beacons,,,,,,,148.0,-105.0,-115.0,2025-12-03,1.0,False,148.62002563476562,13.470588684082031,72.73352,78.51329,6.8147,7.1550865,148.62002563476562,13.470588684082031
401822335,2025.0,2025-12-02,Marquette Golden Eagles,Valparaiso Beacons,0.0,0.0,,,,,False,Fiserv Forum,2025-12-03 01:00:00+00:00,,2025-12-02 20:00,EST,2025-12-03T01:00:00Z,2025-12-02,,,marquettegolden::valparaisobeacons,907695881a5f0cdbbfe5896658fbf1db,BetRivers,h2h,2h,2025-12-03 01:00:00+00:00,2025-12-02 23:34:22+00:00,Marquette Golden Eagles,Valparaiso Beacons,-3335.0,1000.0,,,,,,,,2025-12-03,1.0,False,148.62002563476562,13.470588684082031,72.73352,78.51329,6.8147,7.1550865,78.51329,7.1550865
401822335,2025.0,2025-12-02,Marquette Golden Eagles,Valparaiso Beacons,0.0,0.0,,,,,False,Fiserv Forum,2025-12-03 01:00:00+00:00,,2025-12-02 20:00,EST,2025-12-03T01:00:00Z,2025-12-02,,,marquettegolden::valparaisobeacons,907695881a5f0cdbbfe5896658fbf1db,BetRivers,spreads,full_game,2025-12-03 01:00:00+00:00,2025-12-02 23:34:22+00:00,Marquette Golden Eagles,Valparaiso Beacons,,,-17.5,-113.0,17.5,-110.0,,,,2025-12-03,1.0,False,148.62002563476562,13.470588684082031,72.73352,78.51329,6.8147,7.1550865,148.62002563476562,13.470588684082031
401822335,2025.0,2025-12-02,Marquette Golden Eagles,Valparaiso Beacons,0.0,0.0,,,,,False,Fiserv Forum,2025-12-03 01:00:00+00:00,,2025-12-02 20:00,EST,2025-12-03T01:00:00Z,2025-12-02,,,marquettegolden::valparaisobeacons,907695881a5f0cdbbfe5896658fbf1db,BetRivers,totals,full_game,2025-12-03 01:00:00+00:00,2025-12-02 23:34:22+00:00,Marquette Golden Eagles,Valparaiso Beacons,,,,,,,147.5,-113.0,-110.0,2025-12-03,1.0,False,148.62002563476562,13.470588684082031,72.73352,78.51329,6.8147,7.1550865,148.62002563476562,13.470588684082031
401822335,2025.0,2025-12-02,Marquette Golden Eagles,Valparaiso Beacons,0.0,0.0,,,,,False,Fiserv Forum,2025-12-03 01:00:00+00:00,,2025-12-02 20:00,EST,2025-12-03T01:00:00Z,2025-12-02,,,marquettegolden::valparaisobeacons,907695881a5f0cdbbfe5896658fbf1db,BetUS,h2h,2h,2025-12-03 01:00:00+00:00,2025-12-02 23:34:07+00:00,Marquette Golden Eagles,Valparaiso Beacons,-2000.0,1050.0,,,,,,,,2025-12-03,1.0,False,148.62002563476562,13.470588684082031,72.73352,78.51329,6.8147,7.1550865,78.51329,7.1550865
401822335,2025.0,2025-12-02,Marquette Golden Eagles,Valparaiso Beacons,0.0,0.0,,,,,False,Fiserv Forum,2025-12-03 01:00:00+00:00,,2025-12-02 20:00,EST,2025-12-03T01:00:00Z,2025-12-02,,,marquettegolden::valparaisobeacons,907695881a5f0cdbbfe5896658fbf1db,BetUS,spreads,full_game,2025-12-03 01:00:00+00:00,2025-12-02 23:34:07+00:00,Marquette Golden Eagles,Valparaiso Beacons,,,-17.5,-110.0,17.5,-110.0,,,,2025-12-03,1.0,False,148.62002563476562,13.470588684082031,72.73352,78.51329,6.8147,7.1550865,148.62002563476562,13.470588684082031
401822335,2025.0,2025-12-02,Marquette Golden Eagles,Valparaiso Beacons,0.0,0.0,,,,,False,Fiserv Forum,2025-12-03 01:00:00+00:00,,2025-12-02 20:00,EST,2025-12-03T01:00:00Z,2025-12-02,,,marquettegolden::valparaisobeacons,907695881a5f0cdbbfe5896658fbf1db,BetUS,totals,full_game,2025-12-03 01:00:00+00:00,2025-12-02 23:34:07+00:00,Marquette Golden Eagles,Valparaiso Beacons,,,,,,,148.0,-110.0,-110.0,2025-12-03,1.0,False,148.62002563476562,13.470588684082031,72.73352,78.51329,6.8147,7.1550865,148.62002563476562,13.470588684082031
401822335,2025.0,2025-12-02,Marquette Golden Eagles,Valparaiso Beacons,0.0,0.0,,,,,False,Fiserv Forum,2025-12-03 01:00:00+00:00,,2025-12-02 20:00,EST,2025-12-03T01:00:00Z,2025-12-02,,,marquettegolden::valparaisobeacons,907695881a5f0cdbbfe5896658fbf1db,Bovada,spreads,full_game,2025-12-03 01:00:00+00:00,2025-12-02 23:34:11+00:00,Marquette Golden Eagles,Valparaiso Beacons,,,-18.0,-105.0,18.0,-115.0,,,,2025-12-03,1.0,False,148.62002563476562,13.470588684082031,72.73352,78.51329,6.8147,7.1550865,148.62002563476562,13.470588684082031
401822335,2025.0,2025-12-02,Marquette Golden Eagles,Valparaiso Beacons,0.0,0.0,,,,,False,Fiserv Forum,2025-12-03 01:00:00+00:00,,2025-12-02 20:00,EST,2025-12-03T01:00:00Z,2025-12-02,,,marquettegolden::valparaisobeacons,907695881a5f0cdbbfe5896658fbf1db,Bovada,totals,full_game,2025-12-03 01:00:00+00:00,2025-12-02 23:34:11+00:00,Marquette Golden Eagles,Valparaiso Beacons,,,,,,,147.5,-110.0,-110.0,2025-12-03,1.0,False,148.62002563476562,13.470588684082031,72.73352,78.51329,6.8147,7.1550865,148.62002563476562,13.470588684082031
401822335,2025.0,2025-12-02,Marquette Golden Eagles,Valparaiso Beacons,0.0,0.0,,,,,False,Fiserv Forum,2025-12-03 01:00:00+00:00,,2025-12-02 20:00,EST,2025-12-03T01:00:00Z,2025-12-02,,,marquettegolden::valparaisobeacons,907695881a5f0cdbbfe5896658fbf1db,Caesars,spreads,full_game,2025-12-03 01:00:00+00:00,2025-12-02 23:33:06+00:00,Marquette Golden Eagles,Valparaiso Beacons,,,-17.5,-110.0,17.5,-110.0,,,,2025-12-03,1.0,False,148.62002563476562,13.470588684082031,72.73352,78.51329,6.8147,7.1550865,148.62002563476562,13.470588684082031
401822335,2025.0,2025-12-02,Marquette Golden Eagles,Valparaiso Beacons,0.0,0.0,,,,,False,Fiserv Forum,2025-12-03 01:00:00+00:00,,2025-12-02 20:00,EST,2025-12-03T01:00:00Z,2025-12-02,,,marquettegolden::valparaisobeacons,907695881a5f0cdbbfe5896658fbf1db,Caesars,totals,full_game,2025-12-03 01:00:00+00:00,2025-12-02 23:33:06+00:00,Marquette Golden Eagles,Valparaiso Beacons,,,,,,,148.0,-110.0,-110.0,2025-12-03,1.0,False,148.62002563476562,13.470588684082031,72.73352,78.51329,6.8147,7.1550865,148.62002563476562,13.470588684082031
401822335,2025.0,2025-12-02,Marquette Golden Eagles,Valparaiso Beacons,0.0,0.0,,,,,False,Fiserv Forum,2025-12-03 01:00:00+00:00,,2025-12-02 20:00,EST,2025-12-03T01:00:00Z,2025-12-02,,,marquettegolden::valparaisobeacons,907695881a5f0cdbbfe5896658fbf1db,DraftKings,h2h,2h,2025-12-03 01:00:00+00:00,2025-12-02 23:34:22+00:00,Marquette Golden Eagles,Valparaiso Beacons,-1650.0,950.0,,,,,,,,2025-12-03,1.0,False,148.62002563476562,13.470588684082031,72.73352,78.51329,6.8147,7.1550865,78.51329,7.1550865
401822335,2025.0,2025-12-02,Marquette Golden Eagles,Valparaiso Beacons,0.0,0.0,,,,,False,Fiserv Forum,2025-12-03 01:00:00+00:00,,2025-12-02 20:00,EST,2025-12-03T01:00:00Z,2025-12-02,,,marquettegolden::valparaisobeacons,907695881a5f0cdbbfe5896658fbf1db,DraftKings,spreads,full_game,2025-12-03 01:00:00+00:00,2025-12-02 23:34:22+00:00,Marquette Golden Eagles,Valparaiso Beacons,,,-18.5,-108.0,18.5,-112.0,,,,2025-12-03,1.0,False,148.62002563476562,13.470588684082031,72.73352,78.51329,6.8147,7.1550865,148.62002563476562,13.470588684082031
401822335,2025.0,2025-12-02,Marquette Golden Eagles,Valparaiso Beacons,0.0,0.0,,,,,False,Fiserv Forum,2025-12-03 01:00:00+00:00,,2025-12-02 20:00,EST,2025-12-03T01:00:00Z,2025-12-02,,,marquettegolden::valparaisobeacons,907695881a5f0cdbbfe5896658fbf1db,DraftKings,totals,full_game,2025-12-03 01:00:00+00:00,2025-12-02 23:34:22+00:00,Marquette Golden Eagles,Valparaiso Beacons,,,,,,,147.5,-112.0,-108.0,2025-12-03,1.0,False,148.62002563476562,13.470588684082031,72.73352,78.51329,6.8147,7.1550865,148.62002563476562,13.470588684082031
401822335,2025.0,2025-12-02,Marquette Golden Eagles,Valparaiso Beacons,0.0,0.0,,,,,False,Fiserv Forum,2025-12-03 01:00:00+00:00,,2025-12-02 20:00,EST,2025-12-03T01:00:00Z,2025-12-02,,,marquettegolden::valparaisobeacons,907695881a5f0cdbbfe5896658fbf1db,FanDuel,h2h,2h,2025-12-03 01:00:00+00:00,2025-12-02 23:33:54+00:00,Marquette Golden Eagles,Valparaiso Beacons,-3500.0,1280.0,,,,,,,,2025-12-03,1.0,False,148.62002563476562,13.470588684082031,72.73352,78.51329,6.8147,7.1550865,78.51329,7.1550865
401822335,2025.0,2025-12-02,Marquette Golden Eagles,Valparaiso Beacons,0.0,0.0,,,,,False,Fiserv Forum,2025-12-03 01:00:00+00:00,,2025-12-02 20:00,EST,2025-12-03T01:00:00Z,2025-12-02,,,marquettegolden::valparaisobeacons,907695881a5f0cdbbfe5896658fbf1db,FanDuel,spreads,full_game,2025-12-03 01:00:00+00:00,2025-12-02 23:33:54+00:00,Marquette Golden Eagles,Valparaiso Beacons,,,-17.5,-120.0,17.5,-102.0,,,,2025-12-03,1.0,False,148.62002563476562,13.470588684082031,72.73352,78.51329,6.8147,7.1550865,148.62002563476562,13.470588684082031
401822335,2025.0,2025-12-02,Marquette Golden Eagles,Valparaiso Beacons,0.0,0.0,,,,,False,Fiserv Forum,2025-12-03 01:00:00+00:00,,2025-12-02 20:00,EST,2025-12-03T01:00:00Z,2025-12-02,,,marquettegolden::valparaisobeacons,907695881a5f0cdbbfe5896658fbf1db,FanDuel,totals,full_game,2025-12-03 01:00:00+00:00,2025-12-02 23:33:54+00:00,Marquette Golden Eagles,Valparaiso Beacons,,,,,,,147.5,-115.0,-105.0,2025-12-03,1.0,False,148.62002563476562,13.470588684082031,72.73352,78.51329,6.8147,7.1550865,148.62002563476562,13.470588684082031
401822335,2025.0,2025-12-02,Marquette Golden Eagles,Valparaiso Beacons,0.0,0.0,,,,,False,Fiserv Forum,2025-12-03 01:00:00+00:00,,2025-12-02 20:00,EST,2025-12-03T01:00:00Z,2025-12-02,,,marquettegolden::valparaisobeacons,907695881a5f0cdbbfe5896658fbf1db,Fanatics,h2h,2h,2025-12-03 01:00:00+00:00,2025-12-02 23:34:00+00:00,Marquette Golden Eagles,Valparaiso Beacons,-2500.0,1300.0,,,,,,,,2025-12-03,1.0,False,148.62002563476562,13.470588684082031,72.73352,78.51329,6.8147,7.1550865,78.51329,7.1550865
401822335,2025.0,2025-12-02,Marquette Golden Eagles,Valparaiso Beacons,0.0,0.0,,,,,False,Fiserv Forum,2025-12-03 01:00:00+00:00,,2025-12-02 20:00,EST,2025-12-03T01:00:00Z,2025-12-02,,,marquettegolden::valparaisobeacons,907695881a5f0cdbbfe5896658fbf1db,Fanatics,spreads,full_game,2025-12-03 01:00:00+00:00,2025-12-02 23:34:00+00:00,Marquette Golden Eagles,Valparaiso Beacons,,,-18.0,-110.0,18.0,-110.0,,,,2025-12-03,1.0,False,148.62002563476562,13.470588684082031,72.73352,78.51329,6.8147,7.1550865,148.62002563476562,13.470588684082031
401822335,2025.0,2025-12-02,Marquette Golden Eagles,Valparaiso Beacons,0.0,0.0,,,,,False,Fiserv Forum,2025-12-03 01:00:00+00:00,,2025-12-02 20:00,EST,2025-12-03T01:00:00Z,2025-12-02,,,marquettegolden::valparaisobeacons,907695881a5f0cdbbfe5896658fbf1db,Fanatics,totals,full_game,2025-12-03 01:00:00+00:00,2025-12-02 23:34:00+00:00,Marquette Golden Eagles,Valparaiso Beacons,,,,,,,147.5,-110.0,-110.0,2025-12-03,1.0,False,148.62002563476562,13.470588684082031,72.73352,78.51329,6.8147,7.1550865,148.62002563476562,13.470588684082031
401822335,2025.0,2025-12-02,Marquette Golden Eagles,Valparaiso Beacons,0.0,0.0,,,,,False,Fiserv Forum,2025-12-03 01:00:00+00:00,,2025-12-02 20:00,EST,2025-12-03T01:00:00Z,2025-12-02,,,marquettegolden::valparaisobeacons,907695881a5f0cdbbfe5896658fbf1db,LowVig.ag,h2h,2h,2025-12-03 01:00:00+00:00,2025-12-02 23:34:20+00:00,Marquette Golden Eagles,Valparaiso Beacons,-1500.0,874.0,,,,,,,,2025-12-03,1.0,False,148.62002563476562,13.470588684082031,72.73352,78.51329,6.8147,7.1550865,78.51329,7.1550865
401822335,2025.0,2025-12-02,Marquette Golden Eagles,Valparaiso Beacons,0.0,0.0,,,,,False,Fiserv Forum,2025-12-03 01:00:00+00:00,,2025-12-02 20:00,EST,2025-12-03T01:00:00Z,2025-12-02,,,marquettegolden::valparaisobeacons,907695881a5f0cdbbfe5896658fbf1db,LowVig.ag,spreads,full_game,2025-12-03 01:00:00+00:00,2025-12-02 23:34:20+00:00,Marquette Golden Eagles,Valparaiso Beacons,,,-17.5,-109.0,17.5,-103.0,,,,2025-12-03,1.0,False,148.62002563476562,13.470588684082031,72.73352,78.51329,6.8147,7.1550865,148.62002563476562,13.470588684082031
401822335,2025.0,2025-12-02,Marquette Golden Eagles,Valparaiso Beacons,0.0,0.0,,,,,False,Fiserv Forum,2025-12-03 01:00:00+00:00,,2025-12-02 20:00,EST,2025-12-03T01:00:00Z,2025-12-02,,,marquettegolden::valparaisobeacons,907695881a5f0cdbbfe5896658fbf1db,LowVig.ag,totals,full_game,2025-12-03 01:00:00+00:00,2025-12-02 23:34:20+00:00,Marquette Golden Eagles,Valparaiso Beacons,,,,,,,148.0,-103.0,-113.0,2025-12-03,1.0,False,148.62002563476562,13.470588684082031,72.73352,78.51329,6.8147,7.1550865,148.62002563476562,13.470588684082031
401822394,2025.0,2025-12-02,Northern Illinois Huskies,Lindenwood Lions,0.0,0.0,,,,,False,NIU Convocation Center,2025-12-03 01:00:00+00:00,,2025-12-02 20:00,EST,2025-12-03T01:00:00Z,2025-12-02,,,lindenwood::northernillinois,5a07c946630a506839c4b6541881f5ae,BetMGM,h2h,2h,2025-12-03 01:00:00+00:00,2025-12-02 23:34:07+00:00,Northern Illinois Huskies,Lindenwood Lions,-170.0,140.0,,,,,,,,2025-12-03,1.0,False,140.1439666748047,14.212442398071287,68.98762,76.67761,5.352639,8.983013,76.67761,8.983013
401822394,2025.0,2025-12-02,Northern Illinois Huskies,Lindenwood Lions,0.0,0.0,,,,,False,NIU Convocation Center,2025-12-03 01:00:00+00:00,,2025-12-02 20:00,EST,2025-12-03T01:00:00Z,2025-12-02,,,lindenwood::northernillinois,5a07c946630a506839c4b6541881f5ae,BetMGM,totals,full_game,2025-12-03 01:00:00+00:00,2025-12-02 23:34:07+00:00,Northern Illinois Huskies,Lindenwood Lions,,,,,,,147.5,-115.0,-105.0,2025-12-03,1.0,False,140.1439666748047,14.212442398071287,68.98762,76.67761,5.352639,8.983013,140.1439666748047,14.212442398071287
401822394,2025.0,2025-12-02,Northern Illinois Huskies,Lindenwood Lions,0.0,0.0,,,,,False,NIU Convocation Center,2025-12-03 01:00:00+00:00,,2025-12-02 20:00,EST,2025-12-03T01:00:00Z,2025-12-02,,,lindenwood::northernillinois,5a07c946630a506839c4b6541881f5ae,BetOnline.ag,h2h,2h,2025-12-03 01:00:00+00:00,2025-12-02 23:34:36+00:00,Northern Illinois Huskies,Lindenwood Lions,-170.0,149.0,,,,,,,,2025-12-03,1.0,False,140.1439666748047,14.212442398071287,68.98762,76.67761,5.352639,8.983013,76.67761,8.983013
401822394,2025.0,2025-12-02,Northern Illinois Huskies,Lindenwood Lions,0.0,0.0,,,,,False,NIU Convocation Center,2025-12-03 01:00:00+00:00,,2025-12-02 20:00,EST,2025-12-03T01:00:00Z,2025-12-02,,,lindenwood::northernillinois,5a07c946630a506839c4b6541881f5ae,BetOnline.ag,spreads,full_game,2025-12-03 01:00:00+00:00,2025-12-02 23:34:36+00:00,Northern Illinois Huskies,Lindenwood Lions,,,-3.5,-105.0,3.5,-115.0,,,,2025-12-03,1.0,False,140.1439666748047,14.212442398071287,68.98762,76.67761,5.352639,8.983013,140.1439666748047,14.212442398071287
401822394,2025.0,2025-12-02,Northern Illinois Huskies,Lindenwood Lions,0.0,0.0,,,,,False,NIU Convocation Center,2025-12-03 01:00:00+00:00,,2025-12-02 20:00,EST,2025-12-03T01:00:00Z,2025-12-02,,,lindenwood::northernillinois,5a07c946630a506839c4b6541881f5ae,BetOnline.ag,totals,full_game,2025-12-03 01:00:00+00:00,2025-12-02 23:34:36+00:00,Northern Illinois Huskies,Lindenwood Lions,,,,,,,148.5,-101.0,-119.0,2025-12-03,1.0,False,140.1439666748047,14.212442398071287,68.98762,76.67761,5.352639,8.983013,140.1439666748047,14.212442398071287
401822394,2025.0,2025-12-02,Northern Illinois Huskies,Lindenwood Lions,0.0,0.0,,,,,False,NIU Convocation Center,2025-12-03 01:00:00+00:00,,2025-12-02 20:00,EST,2025-12-03T01:00:00Z,2025-12-02,,,lindenwood::northernillinois,5a07c946630a506839c4b6541881f5ae,BetRivers,h2h,2h,2025-12-03 01:00:00+00:00,2025-12-02 23:34:22+00:00,Northern Illinois Huskies,Lindenwood Lions,-175.0,138.0,,,,,,,,2025-12-03,1.0,False,140.1439666748047,14.212442398071287,68.98762,76.67761,5.352639,8.983013,76.67761,8.983013
401822394,2025.0,2025-12-02,Northern Illinois Huskies,Lindenwood Lions,0.0,0.0,,,,,False,NIU Convocation Center,2025-12-03 01:00:00+00:00,,2025-12-02 20:00,EST,2025-12-03T01:00:00Z,2025-12-02,,,lindenwood::northernillinois,5a07c946630a506839c4b6541881f5ae,BetRivers,spreads,full_game,2025-12-03 01:00:00+00:00,2025-12-02 23:34:22+00:00,Northern Illinois Huskies,Lindenwood Lions,,,-3.5,-115.0,3.5,-108.0,,,,2025-12-03,1.0,False,140.1439666748047,14.212442398071287,68.98762,76.67761,5.352639,8.983013,140.1439666748047,14.212442398071287
401822394,2025.0,2025-12-02,Northern Illinois Huskies,Lindenwood Lions,0.0,0.0,,,,,False,NIU Convocation Center,2025-12-03 01:00:00+00:00,,2025-12-02 20:00,EST,2025-12-03T01:00:00Z,2025-12-02,,,lindenwood::northernillinois,5a07c946630a506839c4b6541881f5ae,BetRivers,totals,full_game,2025-12-03 01:00:00+00:00,2025-12-02 23:34:22+00:00,Northern Illinois Huskies,Lindenwood Lions,,,,,,,148.0,-113.0,-110.0,2025-12-03,1.0,False,140.1439666748047,14.212442398071287,68.98762,76.67761,5.352639,8.983013,140.1439666748047,14.212442398071287
401822394,2025.0,2025-12-02,Northern Illinois Huskies,Lindenwood Lions,0.0,0.0,,,,,False,NIU Convocation Center,2025-12-03 01:00:00+00:00,,2025-12-02 20:00,EST,2025-12-03T01:00:00Z,2025-12-02,,,lindenwood::northernillinois,5a07c946630a506839c4b6541881f5ae,BetUS,h2h,2h,2025-12-03 01:00:00+00:00,2025-12-02 23:34:07+00:00,Northern Illinois Huskies,Lindenwood Lions,-165.0,142.0,,,,,,,,2025-12-03,1.0,False,140.1439666748047,14.212442398071287,68.98762,76.67761,5.352639,8.983013,76.67761,8.983013
401822394,2025.0,2025-12-02,Northern Illinois Huskies,Lindenwood Lions,0.0,0.0,,,,,False,NIU Convocation Center,2025-12-03 01:00:00+00:00,,2025-12-02 20:00,EST,2025-12-03T01:00:00Z,2025-12-02,,,lindenwood::northernillinois,5a07c946630a506839c4b6541881f5ae,BetUS,spreads,full_game,2025-12-03 01:00:00+00:00,2025-12-02 23:34:07+00:00,Northern Illinois Huskies,Lindenwood Lions,,,-3.5,-105.0,3.5,-115.0,,,,2025-12-03,1.0,False,140.1439666748047,14.212442398071287,68.98762,76.67761,5.352639,8.983013,140.1439666748047,14.212442398071287
401822394,2025.0,2025-12-02,Northern Illinois Huskies,Lindenwood Lions,0.0,0.0,,,,,False,NIU Convocation Center,2025-12-03 01:00:00+00:00,,2025-12-02 20:00,EST,2025-12-03T01:00:00Z,2025-12-02,,,lindenwood::northernillinois,5a07c946630a506839c4b6541881f5ae,BetUS,totals,full_game,2025-12-03 01:00:00+00:00,2025-12-02 23:34:07+00:00,Northern Illinois Huskies,Lindenwood Lions,,,,,,,148.0,-110.0,-110.0,2025-12-03,1.0,False,140.1439666748047,14.212442398071287,68.98762,76.67761,5.352639,8.983013,140.1439666748047,14.212442398071287
401822394,2025.0,2025-12-02,Northern Illinois Huskies,Lindenwood Lions,0.0,0.0,,,,,False,NIU Convocation Center,2025-12-03 01:00:00+00:00,,2025-12-02 20:00,EST,2025-12-03T01:00:00Z,2025-12-02,,,lindenwood::northernillinois,5a07c946630a506839c4b6541881f5ae,Bovada,h2h,2h,2025-12-03 01:00:00+00:00,2025-12-02 23:34:11+00:00,Northern Illinois Huskies,Lindenwood Lions,-160.0,135.0,,,,,,,,2025-12-03,1.0,False,140.1439666748047,14.212442398071287,68.98762,76.67761,5.352639,8.983013,76.67761,8.983013
401822394,2025.0,2025-12-02,Northern Illinois Huskies,Lindenwood Lions,0.0,0.0,,,,,False,NIU Convocation Center,2025-12-03 01:00:00+00:00,,2025-12-02 20:00,EST,2025-12-03T01:00:00Z,2025-12-02,,,lindenwood::northernillinois,5a07c946630a506839c4b6541881f5ae,Bovada,spreads,full_game,2025-12-03 01:00:00+00:00,2025-12-02 23:34:11+00:00,Northern Illinois Huskies,Lindenwood Lions,,,-3.0,-110.0,3.0,-110.0,,,,2025-12-03,1.0,False,140.1439666748047,14.212442398071287,68.98762,76.67761,5.352639,8.983013,140.1439666748047,14.212442398071287
401822394,2025.0,2025-12-02,Northern Illinois Huskies,Lindenwood Lions,0.0,0.0,,,,,False,NIU Convocation Center,2025-12-03 01:00:00+00:00,,2025-12-02 20:00,EST,2025-12-03T01:00:00Z,2025-12-02,,,lindenwood::northernillinois,5a07c946630a506839c4b6541881f5ae,Bovada,totals,full_game,2025-12-03 01:00:00+00:00,2025-12-02 23:34:11+00:00,Northern Illinois Huskies,Lindenwood Lions,,,,,,,147.5,-110.0,-110.0,2025-12-03,1.0,False,140.1439666748047,14.212442398071287,68.98762,76.67761,5.352639,8.983013,140.1439666748047,14.212442398071287
401822394,2025.0,2025-12-02,Northern Illinois Huskies,Lindenwood Lions,0.0,0.0,,,,,False,NIU Convocation Center,2025-12-03 01:00:00+00:00,,2025-12-02 20:00,EST,2025-12-03T01:00:00Z,2025-12-02,,,lindenwood::northernillinois,5a07c946630a506839c4b6541881f5ae,DraftKings,h2h,2h,2025-12-03 01:00:00+00:00,2025-12-02 23:34:22+00:00,Northern Illinois Huskies,Lindenwood Lions,-175.0,145.0,,,,,,,,2025-12-03,1.0,False,140.1439666748047,14.212442398071287,68.98762,76.67761,5.352639,8.983013,76.67761,8.983013
401822394,2025.0,2025-12-02,Northern Illinois Huskies,Lindenwood Lions,0.0,0.0,,,,,False,NIU Convocation Center,2025-12-03 01:00:00+00:00,,2025-12-02 20:00,EST,2025-12-03T01:00:00Z,2025-12-02,,,lindenwood::northernillinois,5a07c946630a506839c4b6541881f5ae,DraftKings,spreads,full_game,2025-12-03 01:00:00+00:00,2025-12-02 23:34:22+00:00,Northern Illinois Huskies,Lindenwood Lions,,,-3.5,-105.0,3.5,-115.0,,,,2025-12-03,1.0,False,140.1439666748047,14.212442398071287,68.98762,76.67761,5.352639,8.983013,140.1439666748047,14.212442398071287
401822394,2025.0,2025-12-02,Northern Illinois Huskies,Lindenwood Lions,0.0,0.0,,,,,False,NIU Convocation Center,2025-12-03 01:00:00+00:00,,2025-12-02 20:00,EST,2025-12-03T01:00:00Z,2025-12-02,,,lindenwood::northernillinois,5a07c946630a506839c4b6541881f5ae,DraftKings,totals,full_game,2025-12-03 01:00:00+00:00,2025-12-02 23:34:22+00:00,Northern Illinois Huskies,Lindenwood Lions,,,,,,,147.5,-115.0,-105.0,2025-12-03,1.0,False,140.1439666748047,14.212442398071287,68.98762,76.67761,5.352639,8.983013,140.1439666748047,14.212442398071287
401822394,2025.0,2025-12-02,Northern Illinois Huskies,Lindenwood Lions,0.0,0.0,,,,,False,NIU Convocation Center,2025-12-03 01:00:00+00:00,,2025-12-02 20:00,EST,2025-12-03T01:00:00Z,2025-12-02,,,lindenwood::northernillinois,5a07c946630a506839c4b6541881f5ae,FanDuel,h2h,2h,2025-12-03 01:00:00+00:00,2025-12-02 23:33:54+00:00,Northern Illinois Huskies,Lindenwood Lions,-172.0,140.0,,,,,,,,2025-12-03,1.0,False,140.1439666748047,14.212442398071287,68.98762,76.67761,5.352639,8.983013,76.67761,8.983013
401822394,2025.0,2025-12-02,Northern Illinois Huskies,Lindenwood Lions,0.0,0.0,,,,,False,NIU Convocation Center,2025-12-03 01:00:00+00:00,,2025-12-02 20:00,EST,2025-12-03T01:00:00Z,2025-12-02,,,lindenwood::northernillinois,5a07c946630a506839c4b6541881f5ae,FanDuel,spreads,full_game,2025-12-03 01:00:00+00:00,2025-12-02 23:33:54+00:00,Northern Illinois Huskies,Lindenwood Lions,,,-3.5,-105.0,3.5,-115.0,,,,2025-12-03,1.0,False,140.1439666748047,14.212442398071287,68.98762,76.67761,5.352639,8.983013,140.1439666748047,14.212442398071287
401822394,2025.0,2025-12-02,Northern Illinois Huskies,Lindenwood Lions,0.0,0.0,,,,,False,NIU Convocation Center,2025-12-03 01:00:00+00:00,,2025-12-02 20:00,EST,2025-12-03T01:00:00Z,2025-12-02,,,lindenwood::northernillinois,5a07c946630a506839c4b6541881f5ae,FanDuel,totals,full_game,2025-12-03 01:00:00+00:00,2025-12-02 23:33:54+00:00,Northern Illinois Huskies,Lindenwood Lions,,,,,,,147.5,-114.0,-106.0,2025-12-03,1.0,False,140.1439666748047,14.212442398071287,68.98762,76.67761,5.352639,8.983013,140.1439666748047,14.212442398071287
401822394,2025.0,2025-12-02,Northern Illinois Huskies,Lindenwood Lions,0.0,0.0,,,,,False,NIU Convocation Center,2025-12-03 01:00:00+00:00,,2025-12-02 20:00,EST,2025-12-03T01:00:00Z,2025-12-02,,,lindenwood::northernillinois,5a07c946630a506839c4b6541881f5ae,Fanatics,h2h,2h,2025-12-03 01:00:00+00:00,2025-12-02 23:34:00+00:00,Northern Illinois Huskies,Lindenwood Lions,-175.0,145.0,,,,,,,,2025-12-03,1.0,False,140.1439666748047,14.212442398071287,68.98762,76.67761,5.352639,8.983013,76.67761,8.983013
401822394,2025.0,2025-12-02,Northern Illinois Huskies,Lindenwood Lions,0.0,0.0,,,,,False,NIU Convocation Center,2025-12-03 01:00:00+00:00,,2025-12-02 20:00,EST,2025-12-03T01:00:00Z,2025-12-02,,,lindenwood::northernillinois,5a07c946630a506839c4b6541881f5ae,Fanatics,spreads,full_game,2025-12-03 01:00:00+00:00,2025-12-02 23:34:00+00:00,Northern Illinois Huskies,Lindenwood Lions,,,-3.5,-110.0,3.5,-110.0,,,,2025-12-03,1.0,False,140.1439666748047,14.212442398071287,68.98762,76.67761,5.352639,8.983013,140.1439666748047,14.212442398071287
401822394,2025.0,2025-12-02,Northern Illinois Huskies,Lindenwood Lions,0.0,0.0,,,,,False,NIU Convocation Center,2025-12-03 01:00:00+00:00,,2025-12-02 20:00,EST,2025-12-03T01:00:00Z,2025-12-02,,,lindenwood::northernillinois,5a07c946630a506839c4b6541881f5ae,Fanatics,totals,full_game,2025-12-03 01:00:00+00:00,2025-12-02 23:34:00+00:00,Northern Illinois Huskies,Lindenwood Lions,,,,,,,147.5,-110.0,-110.0,2025-12-03,1.0,False,140.1439666748047,14.212442398071287,68.98762,76.67761,5.352639,8.983013,140.1439666748047,14.212442398071287
401822394,2025.0,2025-12-02,Northern Illinois Huskies,Lindenwood Lions,0.0,0.0,,,,,False,NIU Convocation Center,2025-12-03 01:00:00+00:00,,2025-12-02 20:00,EST,2025-12-03T01:00:00Z,2025-12-02,,,lindenwood::northernillinois,5a07c946630a506839c4b6541881f5ae,LowVig.ag,h2h,2h,2025-12-03 01:00:00+00:00,2025-12-02 23:34:20+00:00,Northern Illinois Huskies,Lindenwood Lions,-170.0,149.0,,,,,,,,2025-12-03,1.0,False,140.1439666748047,14.212442398071287,68.98762,76.67761,5.352639,8.983013,76.67761,8.983013
401822394,2025.0,2025-12-02,Northern Illinois Huskies,Lindenwood Lions,0.0,0.0,,,,,False,NIU Convocation Center,2025-12-03 01:00:00+00:00,,2025-12-02 20:00,EST,2025-12-03T01:00:00Z,2025-12-02,,,lindenwood::northernillinois,5a07c946630a506839c4b6541881f5ae,LowVig.ag,spreads,full_game,2025-12-03 01:00:00+00:00,2025-12-02 23:34:20+00:00,Northern Illinois Huskies,Lindenwood Lions,,,-3.5,-101.0,3.5,-111.0,,,,2025-12-03,1.0,False,140.1439666748047,14.212442398071287,68.98762,76.67761,5.352639,8.983013,140.1439666748047,14.212442398071287
401822394,2025.0,2025-12-02,Northern Illinois Huskies,Lindenwood Lions,0.0,0.0,,,,,False,NIU Convocation Center,2025-12-03 01:00:00+00:00,,2025-12-02 20:00,EST,2025-12-03T01:00:00Z,2025-12-02,,,lindenwood::northernillinois,5a07c946630a506839c4b6541881f5ae,LowVig.ag,totals,full_game,2025-12-03 01:00:00+00:00,2025-12-02 23:34:20+00:00,Northern Illinois Huskies,Lindenwood Lions,,,,,,,148.5,101.0,-118.0,2025-12-03,1.0,False,140.1439666748047,14.212442398071287,68.98762,76.67761,5.352639,8.983013,140.1439666748047,14.212442398071287
401823345,2025.0,2025-12-02,Jacksonville Dolphins,Florida A&M Rattlers,0.0,0.0,,,,,False,Swisher Gymnasium,2025-12-03 00:00:00+00:00,,2025-12-02 19:00,EST,2025-12-03T00:00:00Z,2025-12-02,,,floridaaandmrattlers::jacksonville,9228850bac93f2dc59d0ef920ca225b8,BetMGM,h2h,2h,2025-12-03 00:05:00+00:00,2025-12-02 23:34:07+00:00,Jacksonville Dolphins,Florida A&M Rattlers,-650.0,475.0,,,,,,,,2025-12-03,1.0,False,137.25367736816406,20.65740966796875,67.75009,76.26507,7.626073,12.98324,76.26507,12.98324
401823345,2025.0,2025-12-02,Jacksonville Dolphins,Florida A&M Rattlers,0.0,0.0,,,,,False,Swisher Gymnasium,2025-12-03 00:00:00+00:00,,2025-12-02 19:00,EST,2025-12-03T00:00:00Z,2025-12-02,,,floridaaandmrattlers::jacksonville,9228850bac93f2dc59d0ef920ca225b8,BetMGM,totals,full_game,2025-12-03 00:05:00+00:00,2025-12-02 23:34:07+00:00,Jacksonville Dolphins,Florida A&M Rattlers,,,,,,,138.5,-110.0,-110.0,2025-12-03,1.0,False,137.25367736816406,20.65740966796875,67.75009,76.26507,7.626073,12.98324,137.25367736816406,20.65740966796875
401823345,2025.0,2025-12-02,Jacksonville Dolphins,Florida A&M Rattlers,0.0,0.0,,,,,False,Swisher Gymnasium,2025-12-03 00:00:00+00:00,,2025-12-02 19:00,EST,2025-12-03T00:00:00Z,2025-12-02,,,floridaaandmrattlers::jacksonville,9228850bac93f2dc59d0ef920ca225b8,BetOnline.ag,spreads,full_game,2025-12-03 00:05:00+00:00,2025-12-02 23:34:37+00:00,Jacksonville Dolphins,Florida A&M Rattlers,,,-10.5,-110.0,10.5,-110.0,,,,2025-12-03,1.0,False,137.25367736816406,20.65740966796875,67.75009,76.26507,7.626073,12.98324,137.25367736816406,20.65740966796875
401823345,2025.0,2025-12-02,Jacksonville Dolphins,Florida A&M Rattlers,0.0,0.0,,,,,False,Swisher Gymnasium,2025-12-03 00:00:00+00:00,,2025-12-02 19:00,EST,2025-12-03T00:00:00Z,2025-12-02,,,floridaaandmrattlers::jacksonville,9228850bac93f2dc59d0ef920ca225b8,BetOnline.ag,totals,full_game,2025-12-03 00:05:00+00:00,2025-12-02 23:34:37+00:00,Jacksonville Dolphins,Florida A&M Rattlers,,,,,,,137.5,-112.0,-108.0,2025-12-03,1.0,False,137.25367736816406,20.65740966796875,67.75009,76.26507,7.626073,12.98324,137.25367736816406,20.65740966796875
401823345,2025.0,2025-12-02,Jacksonville Dolphins,Florida A&M Rattlers,0.0,0.0,,,,,False,Swisher Gymnasium,2025-12-03 00:00:00+00:00,,2025-12-02 19:00,EST,2025-12-03T00:00:00Z,2025-12-02,,,floridaaandmrattlers::jacksonville,9228850bac93f2dc59d0ef920ca225b8,BetRivers,h2h,2h,2025-12-03 00:05:00+00:00,2025-12-02 23:34:22+00:00,Jacksonville Dolphins,Florida A&M Rattlers,-590.0,400.0,,,,,,,,2025-12-03,1.0,False,137.25367736816406,20.65740966796875,67.75009,76.26507,7.626073,12.98324,76.26507,12.98324
401823345,2025.0,2025-12-02,Jacksonville Dolphins,Florida A&M Rattlers,0.0,0.0,,,,,False,Swisher Gymnasium,2025-12-03 00:00:00+00:00,,2025-12-02 19:00,EST,2025-12-03T00:00:00Z,2025-12-02,,,floridaaandmrattlers::jacksonville,9228850bac93f2dc59d0ef920ca225b8,BetRivers,spreads,full_game,2025-12-03 00:05:00+00:00,2025-12-02 23:34:22+00:00,Jacksonville Dolphins,Florida A&M Rattlers,,,-10.5,-113.0,10.5,-110.0,,,,2025-12-03,1.0,False,137.25367736816406,20.65740966796875,67.75009,76.26507,7.626073,12.98324,137.25367736816406,20.65740966796875
401823345,2025.0,2025-12-02,Jacksonville Dolphins,Florida A&M Rattlers,0.0,0.0,,,,,False,Swisher Gymnasium,2025-12-03 00:00:00+00:00,,2025-12-02 19:00,EST,2025-12-03T00:00:00Z,2025-12-02,,,floridaaandmrattlers::jacksonville,9228850bac93f2dc59d0ef920ca225b8,BetRivers,totals,full_game,2025-12-03 00:05:00+00:00,2025-12-02 23:34:22+00:00,Jacksonville Dolphins,Florida A&M Rattlers,,,,,,,138.5,-110.0,-113.0,2025-12-03,1.0,False,137.25367736816406,20.65740966796875,67.75009,76.26507,7.626073,12.98324,137.25367736816406,20.65740966796875
401823345,2025.0,2025-12-02,Jacksonville Dolphins,Florida A&M Rattlers,0.0,0.0,,,,,False,Swisher Gymnasium,2025-12-03 00:00:00+00:00,,2025-12-02 19:00,EST,2025-12-03T00:00:00Z,2025-12-02,,,floridaaandmrattlers::jacksonville,9228850bac93f2dc59d0ef920ca225b8,Bovada,h2h,2h,2025-12-03 00:05:00+00:00,2025-12-02 23:34:10+00:00,Jacksonville Dolphins,Florida A&M Rattlers,-650.0,450.0,,,,,,,,2025-12-03,1.0,False,137.25367736816406,20.65740966796875,67.75009,76.26507,7.626073,12.98324,76.26507,12.98324
401823345,2025.0,2025-12-02,Jacksonville Dolphins,Florida A&M Rattlers,0.0,0.0,,,,,False,Swisher Gymnasium,2025-12-03 00:00:00+00:00,,2025-12-02 19:00,EST,2025-12-03T00:00:00Z,2025-12-02,,,floridaaandmrattlers::jacksonville,9228850bac93f2dc59d0ef920ca225b8,Bovada,spreads,full_game,2025-12-03 00:05:00+00:00,2025-12-02 23:34:10+00:00,Jacksonville Dolphins,Florida A&M Rattlers,,,-10.5,-115.0,10.5,-105.0,,,,2025-12-03,1.0,False,137.25367736816406,20.65740966796875,67.75009,76.26507,7.626073,12.98324,137.25367736816406,20.65740966796875
401823345,2025.0,2025-12-02,Jacksonville Dolphins,Florida A&M Rattlers,0.0,0.0,,,,,False,Swisher Gymnasium,2025-12-03 00:00:00+00:00,,2025-12-02 19:00,EST,2025-12-03T00:00:00Z,2025-12-02,,,floridaaandmrattlers::jacksonville,9228850bac93f2dc59d0ef920ca225b8,Bovada,totals,full_game,2025-12-03 00:05:00+00:00,2025-12-02 23:34:10+00:00,Jacksonville Dolphins,Florida A&M Rattlers,,,,,,,138.0,-110.0,-110.0,2025-12-03,1.0,False,137.25367736816406,20.65740966796875,67.75009,76.26507,7.626073,12.98324,137.25367736816406,20.65740966796875
401823345,2025.0,2025-12-02,Jacksonville Dolphins,Florida A&M Rattlers,0.0,0.0,,,,,False,Swisher Gymnasium,2025-12-03 00:00:00+00:00,,2025-12-02 19:00,EST,2025-12-03T00:00:00Z,2025-12-02,,,floridaaandmrattlers::jacksonville,9228850bac93f2dc59d0ef920ca225b8,Caesars,h2h,2h,2025-12-03 00:05:00+00:00,2025-12-02 23:33:06+00:00,Jacksonville Dolphins,Florida A&M Rattlers,-700.0,500.0,,,,,,,,2025-12-03,1.0,False,137.25367736816406,20.65740966796875,67.75009,76.26507,7.626073,12.98324,76.26507,12.98324
401823345,2025.0,2025-12-02,Jacksonville Dolphins,Florida A&M Rattlers,0.0,0.0,,,,,False,Swisher Gymnasium,2025-12-03 00:00:00+00:00,,2025-12-02 19:00,EST,2025-12-03T00:00:00Z,2025-12-02,,,floridaaandmrattlers::jacksonville,9228850bac93f2dc59d0ef920ca225b8,Caesars,spreads,full_game,2025-12-03 00:05:00+00:00,2025-12-02 23:33:06+00:00,Jacksonville Dolphins,Florida A&M Rattlers,,,-10.5,-110.0,10.5,-110.0,,,,2025-12-03,1.0,False,137.25367736816406,20.65740966796875,67.75009,76.26507,7.626073,12.98324,137.25367736816406,20.65740966796875
401823345,2025.0,2025-12-02,Jacksonville Dolphins,Florida A&M Rattlers,0.0,0.0,,,,,False,Swisher Gymnasium,2025-12-03 00:00:00+00:00,,2025-12-02 19:00,EST,2025-12-03T00:00:00Z,2025-12-02,,,floridaaandmrattlers::jacksonville,9228850bac93f2dc59d0ef920ca225b8,Caesars,totals,full_game,2025-12-03 00:05:00+00:00,2025-12-02 23:33:06+00:00,Jacksonville Dolphins,Florida A&M Rattlers,,,,,,,139.0,-110.0,-110.0,2025-12-03,1.0,False,137.25367736816406,20.65740966796875,67.75009,76.26507,7.626073,12.98324,137.25367736816406,20.65740966796875
401823345,2025.0,2025-12-02,Jacksonville Dolphins,Florida A&M Rattlers,0.0,0.0,,,,,False,Swisher Gymnasium,2025-12-03 00:00:00+00:00,,2025-12-02 19:00,EST,2025-12-03T00:00:00Z,2025-12-02,,,floridaaandmrattlers::jacksonville,9228850bac93f2dc59d0ef920ca225b8,DraftKings,spreads,full_game,2025-12-03 00:05:00+00:00,2025-12-02 23:34:22+00:00,Jacksonville Dolphins,Florida A&M Rattlers,,,-10.5,-115.0,10.5,-105.0,,,,2025-12-03,1.0,False,137.25367736816406,20.65740966796875,67.75009,76.26507,7.626073,12.98324,137.25367736816406,20.65740966796875
401823345,2025.0,2025-12-02,Jacksonville Dolphins,Florida A&M Rattlers,0.0,0.0,,,,,False,Swisher Gymnasium,2025-12-03 00:00:00+00:00,,2025-12-02 19:00,EST,2025-12-03T00:00:00Z,2025-12-02,,,floridaaandmrattlers::jacksonville,9228850bac93f2dc59d0ef920ca225b8,DraftKings,totals,full_game,2025-12-03 00:05:00+00:00,2025-12-02 23:34:22+00:00,Jacksonville Dolphins,Florida A&M Rattlers,,,,,,,137.5,-118.0,-102.0,2025-12-03,1.0,False,137.25367736816406,20.65740966796875,67.75009,76.26507,7.626073,12.98324,137.25367736816406,20.65740966796875
401823345,2025.0,2025-12-02,Jacksonville Dolphins,Florida A&M Rattlers,0.0,0.0,,,,,False,Swisher Gymnasium,2025-12-03 00:00:00+00:00,,2025-12-02 19:00,EST,2025-12-03T00:00:00Z,2025-12-02,,,floridaaandmrattlers::jacksonville,9228850bac93f2dc59d0ef920ca225b8,FanDuel,h2h,2h,2025-12-03 00:05:00+00:00,2025-12-02 23:33:54+00:00,Jacksonville Dolphins,Florida A&M Rattlers,-800.0,520.0,,,,,,,,2025-12-03,1.0,False,137.25367736816406,20.65740966796875,67.75009,76.26507,7.626073,12.98324,76.26507,12.98324
401823345,2025.0,2025-12-02,Jacksonville Dolphins,Florida A&M Rattlers,0.0,0.0,,,,,False,Swisher Gymnasium,2025-12-03 00:00:00+00:00,,2025-12-02 19:00,EST,2025-12-03T00:00:00Z,2025-12-02,,,floridaaandmrattlers::jacksonville,9228850bac93f2dc59d0ef920ca225b8,FanDuel,spreads,full_game,2025-12-03 00:05:00+00:00,2025-12-02 23:33:54+00:00,Jacksonville Dolphins,Florida A&M Rattlers,,,-10.5,-110.0,10.5,-110.0,,,,2025-12-03,1.0,False,137.25367736816406,20.65740966796875,67.75009,76.26507,7.626073,12.98324,137.25367736816406,20.65740966796875
401823345,2025.0,2025-12-02,Jacksonville Dolphins,Florida A&M Rattlers,0.0,0.0,,,,,False,Swisher Gymnasium,2025-12-03 00:00:00+00:00,,2025-12-02 19:00,EST,2025-12-03T00:00:00Z,2025-12-02,,,floridaaandmrattlers::jacksonville,9228850bac93f2dc59d0ef920ca225b8,FanDuel,totals,full_game,2025-12-03 00:05:00+00:00,2025-12-02 23:33:54+00:00,Jacksonville Dolphins,Florida A&M Rattlers,,,,,,,138.5,-110.0,-110.0,2025-12-03,1.0,False,137.25367736816406,20.65740966796875,67.75009,76.26507,7.626073,12.98324,137.25367736816406,20.65740966796875
401823345,2025.0,2025-12-02,Jacksonville Dolphins,Florida A&M Rattlers,0.0,0.0,,,,,False,Swisher Gymnasium,2025-12-03 00:00:00+00:00,,2025-12-02 19:00,EST,2025-12-03T00:00:00Z,2025-12-02,,,floridaaandmrattlers::jacksonville,9228850bac93f2dc59d0ef920ca225b8,Fanatics,h2h,2h,2025-12-03 00:05:00+00:00,2025-12-02 23:34:00+00:00,Jacksonville Dolphins,Florida A&M Rattlers,-630.0,450.0,,,,,,,,2025-12-03,1.0,False,137.25367736816406,20.65740966796875,67.75009,76.26507,7.626073,12.98324,76.26507,12.98324
401823345,2025.0,2025-12-02,Jacksonville Dolphins,Florida A&M Rattlers,0.0,0.0,,,,,False,Swisher Gymnasium,2025-12-03 00:00:00+00:00,,2025-12-02 19:00,EST,2025-12-03T00:00:00Z,2025-12-02,,,floridaaandmrattlers::jacksonville,9228850bac93f2dc59d0ef920ca225b8,Fanatics,spreads,full_game,2025-12-03 00:05:00+00:00,2025-12-02 23:34:00+00:00,Jacksonville Dolphins,Florida A&M Rattlers,,,-10.5,-110.0,10.5,-110.0,,,,2025-12-03,1.0,False,137.25367736816406,20.65740966796875,67.75009,76.26507,7.626073,12.98324,137.25367736816406,20.65740966796875
401823345,2025.0,2025-12-02,Jacksonville Dolphins,Florida A&M Rattlers,0.0,0.0,,,,,False,Swisher Gymnasium,2025-12-03 00:00:00+00:00,,2025-12-02 19:00,EST,2025-12-03T00:00:00Z,2025-12-02,,,floridaaandmrattlers::jacksonville,9228850bac93f2dc59d0ef920ca225b8,Fanatics,totals,full_game,2025-12-03 00:05:00+00:00,2025-12-02 23:34:00+00:00,Jacksonville Dolphins,Florida A&M Rattlers,,,,,,,138.0,-110.0,-110.0,2025-12-03,1.0,False,137.25367736816406,20.65740966796875,67.75009,76.26507,7.626073,12.98324,137.25367736816406,20.65740966796875
401823345,2025.0,2025-12-02,Jacksonville Dolphins,Florida A&M Rattlers,0.0,0.0,,,,,False,Swisher Gymnasium,2025-12-03 00:00:00+00:00,,2025-12-02 19:00,EST,2025-12-03T00:00:00Z,2025-12-02,,,floridaaandmrattlers::jacksonville,9228850bac93f2dc59d0ef920ca225b8,LowVig.ag,spreads,full_game,2025-12-03 00:05:00+00:00,2025-12-02 23:34:20+00:00,Jacksonville Dolphins,Florida A&M Rattlers,,,-10.5,-106.0,10.5,-106.0,,,,2025-12-03,1.0,False,137.25367736816406,20.65740966796875,67.75009,76.26507,7.626073,12.98324,137.25367736816406,20.65740966796875
401823345,2025.0,2025-12-02,Jacksonville Dolphins,Florida A&M Rattlers,0.0,0.0,,,,,False,Swisher Gymnasium,2025-12-03 00:00:00+00:00,,2025-12-02 19:00,EST,2025-12-03T00:00:00Z,2025-12-02,,,floridaaandmrattlers::jacksonville,9228850bac93f2dc59d0ef920ca225b8,LowVig.ag,totals,full_game,2025-12-03 00:05:00+00:00,2025-12-02 23:34:20+00:00,Jacksonville Dolphins,Florida A&M Rattlers,,,,,,,137.5,-110.0,-106.0,2025-12-03,1.0,False,137.25367736816406,20.65740966796875,67.75009,76.26507,7.626073,12.98324,137.25367736816406,20.65740966796875
401823447,2025.0,2025-12-02,North Florida Ospreys,SIU Edwardsville Cougars,0.0,0.0,,,,,False,UNF Arena,2025-12-03 00:00:00+00:00,,2025-12-02 19:00,EST,2025-12-03T00:00:00Z,2025-12-02,,,northfloridaospreys::siuedwardsville,08fd8c6f9f617250931f0f35dcbd70c8,BetMGM,h2h,2h,2025-12-03 00:05:00+00:00,2025-12-02 23:34:07+00:00,North Florida Ospreys,SIU-Edwardsville Cougars,280.0,-350.0,,,,,,,,2025-12-03,1.0,False,140.88559936523438,-2.188873100280762,68.39263,75.84968,-2.4676836,-0.083050966,75.84968,-0.083050966
401823447,2025.0,2025-12-02,North Florida Ospreys,SIU Edwardsville Cougars,0.0,0.0,,,,,False,UNF Arena,2025-12-03 00:00:00+00:00,,2025-12-02 19:00,EST,2025-12-03T00:00:00Z,2025-12-02,,,northfloridaospreys::siuedwardsville,08fd8c6f9f617250931f0f35dcbd70c8,BetMGM,spreads,full_game,2025-12-03 00:05:00+00:00,2025-12-02 23:34:07+00:00,North Florida Ospreys,SIU-Edwardsville Cougars,,,7.5,-105.0,-7.5,-115.0,,,,2025-12-03,1.0,False,140.88559936523438,-2.188873100280762,68.39263,75.84968,-2.4676836,-0.083050966,140.88559936523438,-2.188873100280762
401823447,2025.0,2025-12-02,North Florida Ospreys,SIU Edwardsville Cougars,0.0,0.0,,,,,False,UNF Arena,2025-12-03 00:00:00+00:00,,2025-12-02 19:00,EST,2025-12-03T00:00:00Z,2025-12-02,,,northfloridaospreys::siuedwardsville,08fd8c6f9f617250931f0f35dcbd70c8,BetMGM,totals,full_game,2025-12-03 00:05:00+00:00,2025-12-02 23:34:07+00:00,North Florida Ospreys,SIU-Edwardsville Cougars,,,,,,,153.5,-115.0,-105.0,2025-12-03,1.0,False,140.88559936523438,-2.188873100280762,68.39263,75.84968,-2.4676836,-0.083050966,140.88559936523438,-2.188873100280762
401823447,2025.0,2025-12-02,North Florida Ospreys,SIU Edwardsville Cougars,0.0,0.0,,,,,False,UNF Arena,2025-12-03 00:00:00+00:00,,2025-12-02 19:00,EST,2025-12-03T00:00:00Z,2025-12-02,,,northfloridaospreys::siuedwardsville,08fd8c6f9f617250931f0f35dcbd70c8,BetOnline.ag,spreads,full_game,2025-12-03 00:05:00+00:00,2025-12-02 23:34:37+00:00,North Florida Ospreys,SIU-Edwardsville Cougars,,,8.0,-110.0,-8.0,-110.0,,,,2025-12-03,1.0,False,140.88559936523438,-2.188873100280762,68.39263,75.84968,-2.4676836,-0.083050966,140.88559936523438,-2.188873100280762
401823447,2025.0,2025-12-02,North Florida Ospreys,SIU Edwardsville Cougars,0.0,0.0,,,,,False,UNF Arena,2025-12-03 00:00:00+00:00,,2025-12-02 19:00,EST,2025-12-03T00:00:00Z,2025-12-02,,,northfloridaospreys::siuedwardsville,08fd8c6f9f617250931f0f35dcbd70c8,BetOnline.ag,totals,full_game,2025-12-03 00:05:00+00:00,2025-12-02 23:34:37+00:00,North Florida Ospreys,SIU-Edwardsville Cougars,,,,,,,154.0,-110.0,-110.0,2025-12-03,1.0,False,140.88559936523438,-2.188873100280762,68.39263,75.84968,-2.4676836,-0.083050966,140.88559936523438,-2.188873100280762
401823447,2025.0,2025-12-02,North Florida Ospreys,SIU Edwardsville Cougars,0.0,0.0,,,,,False,UNF Arena,2025-12-03 00:00:00+00:00,,2025-12-02 19:00,EST,2025-12-03T00:00:00Z,2025-12-02,,,northfloridaospreys::siuedwardsville,08fd8c6f9f617250931f0f35dcbd70c8,BetRivers,h2h,2h,2025-12-03 00:05:00+00:00,2025-12-02 23:34:22+00:00,North Florida Ospreys,SIU-Edwardsville Cougars,255.0,-335.0,,,,,,,,2025-12-03,1.0,False,140.88559936523438,-2.188873100280762,68.39263,75.84968,-2.4676836,-0.083050966,75.84968,-0.083050966
401823447,2025.0,2025-12-02,North Florida Ospreys,SIU Edwardsville Cougars,0.0,0.0,,,,,False,UNF Arena,2025-12-03 00:00:00+00:00,,2025-12-02 19:00,EST,2025-12-03T00:00:00Z,2025-12-02,,,northfloridaospreys::siuedwardsville,08fd8c6f9f617250931f0f35dcbd70c8,BetRivers,spreads,full_game,2025-12-03 00:05:00+00:00,2025-12-02 23:34:22+00:00,North Florida Ospreys,SIU-Edwardsville Cougars,,,8.0,-114.0,-8.0,-109.0,,,,2025-12-03,1.0,False,140.88559936523438,-2.188873100280762,68.39263,75.84968,-2.4676836,-0.083050966,140.88559936523438,-2.188873100280762
401823447,2025.0,2025-12-02,North Florida Ospreys,SIU Edwardsville Cougars,0.0,0.0,,,,,False,UNF Arena,2025-12-03 00:00:00+00:00,,2025-12-02 19:00,EST,2025-12-03T00:00:00Z,2025-12-02,,,northfloridaospreys::siuedwardsville,08fd8c6f9f617250931f0f35dcbd70c8,BetRivers,totals,full_game,2025-12-03 00:05:00+00:00,2025-12-02 23:34:22+00:00,North Florida Ospreys,SIU-Edwardsville Cougars,,,,,,,154.0,-109.0,-113.0,2025-12-03,1.0,False,140.88559936523438,-2.188873100280762,68.39263,75.84968,-2.4676836,-0.083050966,140.88559936523438,-2.188873100280762
401823447,2025.0,2025-12-02,North Florida Ospreys,SIU Edwardsville Cougars,0.0,0.0,,,,,False,UNF Arena,2025-12-03 00:00:00+00:00,,2025-12-02 19:00,EST,2025-12-03T00:00:00Z,2025-12-02,,,northfloridaospreys::siuedwardsville,08fd8c6f9f617250931f0f35dcbd70c8,Bovada,h2h,2h,2025-12-03 00:05:00+00:00,2025-12-02 23:34:10+00:00,North Florida Ospreys,SIU-Edwardsville Cougars,270.0,-340.0,,,,,,,,2025-12-03,1.0,False,140.88559936523438,-2.188873100280762,68.39263,75.84968,-2.4676836,-0.083050966,75.84968,-0.083050966
401823447,2025.0,2025-12-02,North Florida Ospreys,SIU Edwardsville Cougars,0.0,0.0,,,,,False,UNF Arena,2025-12-03 00:00:00+00:00,,2025-12-02 19:00,EST,2025-12-03T00:00:00Z,2025-12-02,,,northfloridaospreys::siuedwardsville,08fd8c6f9f617250931f0f35dcbd70c8,Bovada,spreads,full_game,2025-12-03 00:05:00+00:00,2025-12-02 23:34:10+00:00,North Florida Ospreys,SIU-Edwardsville Cougars,,,7.5,-110.0,-7.5,-110.0,,,,2025-12-03,1.0,False,140.88559936523438,-2.188873100280762,68.39263,75.84968,-2.4676836,-0.083050966,140.88559936523438,-2.188873100280762
401823447,2025.0,2025-12-02,North Florida Ospreys,SIU Edwardsville Cougars,0.0,0.0,,,,,False,UNF Arena,2025-12-03 00:00:00+00:00,,2025-12-02 19:00,EST,2025-12-03T00:00:00Z,2025-12-02,,,northfloridaospreys::siuedwardsville,08fd8c6f9f617250931f0f35dcbd70c8,Bovada,totals,full_game,2025-12-03 00:05:00+00:00,2025-12-02 23:34:10+00:00,North Florida Ospreys,SIU-Edwardsville Cougars,,,,,,,153.0,-110.0,-110.0,2025-12-03,1.0,False,140.88559936523438,-2.188873100280762,68.39263,75.84968,-2.4676836,-0.083050966,140.88559936523438,-2.188873100280762
401823447,2025.0,2025-12-02,North Florida Ospreys,SIU Edwardsville Cougars,0.0,0.0,,,,,False,UNF Arena,2025-12-03 00:00:00+00:00,,2025-12-02 19:00,EST,2025-12-03T00:00:00Z,2025-12-02,,,northfloridaospreys::siuedwardsville,08fd8c6f9f617250931f0f35dcbd70c8,DraftKings,spreads,full_game,2025-12-03 00:05:00+00:00,2025-12-02 23:34:22+00:00,North Florida Ospreys,SIU-Edwardsville Cougars,,,7.5,-110.0,-7.5,-110.0,,,,2025-12-03,1.0,False,140.88559936523438,-2.188873100280762,68.39263,75.84968,-2.4676836,-0.083050966,140.88559936523438,-2.188873100280762
401823447,2025.0,2025-12-02,North Florida Ospreys,SIU Edwardsville Cougars,0.0,0.0,,,,,False,UNF Arena,2025-12-03 00:00:00+00:00,,2025-12-02 19:00,EST,2025-12-03T00:00:00Z,2025-12-02,,,northfloridaospreys::siuedwardsville,08fd8c6f9f617250931f0f35dcbd70c8,DraftKings,totals,full_game,2025-12-03 00:05:00+00:00,2025-12-02 23:34:22+00:00,North Florida Ospreys,SIU-Edwardsville Cougars,,,,,,,153.5,-115.0,-105.0,2025-12-03,1.0,False,140.88559936523438,-2.188873100280762,68.39263,75.84968,-2.4676836,-0.083050966,140.88559936523438,-2.188873100280762
401823447,2025.0,2025-12-02,North Florida Ospreys,SIU Edwardsville Cougars,0.0,0.0,,,,,False,UNF Arena,2025-12-03 00:00:00+00:00,,2025-12-02 19:00,EST,2025-12-03T00:00:00Z,2025-12-02,,,northfloridaospreys::siuedwardsville,08fd8c6f9f617250931f0f35dcbd70c8,FanDuel,h2h,2h,2025-12-03 00:05:00+00:00,2025-12-02 23:33:54+00:00,North Florida Ospreys,SIU-Edwardsville Cougars,290.0,-385.0,,,,,,,,2025-12-03,1.0,False,140.88559936523438,-2.188873100280762,68.39263,75.84968,-2.4676836,-0.083050966,75.84968,-0.083050966
401823447,2025.0,2025-12-02,North Florida Ospreys,SIU Edwardsville Cougars,0.0,0.0,,,,,False,UNF Arena,2025-12-03 00:00:00+00:00,,2025-12-02 19:00,EST,2025-12-03T00:00:00Z,2025-12-02,,,northfloridaospreys::siuedwardsville,08fd8c6f9f617250931f0f35dcbd70c8,FanDuel,spreads,full_game,2025-12-03 00:05:00+00:00,2025-12-02 23:33:54+00:00,North Florida Ospreys,SIU-Edwardsville Cougars,,,7.5,-105.0,-7.5,-115.0,,,,2025-12-03,1.0,False,140.88559936523438,-2.188873100280762,68.39263,75.84968,-2.4676836,-0.083050966,140.88559936523438,-2.188873100280762
401823447,2025.0,2025-12-02,North Florida Ospreys,SIU Edwardsville Cougars,0.0,0.0,,,,,False,UNF Arena,2025-12-03 00:00:00+00:00,,2025-12-02 19:00,EST,2025-12-03T00:00:00Z,2025-12-02,,,northfloridaospreys::siuedwardsville,08fd8c6f9f617250931f0f35dcbd70c8,FanDuel,totals,full_game,2025-12-03 00:05:00+00:00,2025-12-02 23:33:54+00:00,North Florida Ospreys,SIU-Edwardsville Cougars,,,,,,,153.5,-114.0,-106.0,2025-12-03,1.0,False,140.88559936523438,-2.188873100280762,68.39263,75.84968,-2.4676836,-0.083050966,140.88559936523438,-2.188873100280762
401823447,2025.0,2025-12-02,North Florida Ospreys,SIU Edwardsville Cougars,0.0,0.0,,,,,False,UNF Arena,2025-12-03 00:00:00+00:00,,2025-12-02 19:00,EST,2025-12-03T00:00:00Z,2025-12-02,,,northfloridaospreys::siuedwardsville,08fd8c6f9f617250931f0f35dcbd70c8,Fanatics,h2h,2h,2025-12-03 00:05:00+00:00,2025-12-02 23:34:00+00:00,North Florida Ospreys,SIU-Edwardsville Cougars,260.0,-350.0,,,,,,,,2025-12-03,1.0,False,140.88559936523438,-2.188873100280762,68.39263,75.84968,-2.4676836,-0.083050966,75.84968,-0.083050966
401823447,2025.0,2025-12-02,North Florida Ospreys,SIU Edwardsville Cougars,0.0,0.0,,,,,False,UNF Arena,2025-12-03 00:00:00+00:00,,2025-12-02 19:00,EST,2025-12-03T00:00:00Z,2025-12-02,,,northfloridaospreys::siuedwardsville,08fd8c6f9f617250931f0f35dcbd70c8,Fanatics,spreads,full_game,2025-12-03 00:05:00+00:00,2025-12-02 23:34:00+00:00,North Florida Ospreys,SIU-Edwardsville Cougars,,,8.0,-115.0,-8.0,-105.0,,,,2025-12-03,1.0,False,140.88559936523438,-2.188873100280762,68.39263,75.84968,-2.4676836,-0.083050966,140.88559936523438,-2.188873100280762
401823447,2025.0,2025-12-02,North Florida Ospreys,SIU Edwardsville Cougars,0.0,0.0,,,,,False,UNF Arena,2025-12-03 00:00:00+00:00,,2025-12-02 19:00,EST,2025-12-03T00:00:00Z,2025-12-02,,,northfloridaospreys::siuedwardsville,08fd8c6f9f617250931f0f35dcbd70c8,Fanatics,totals,full_game,2025-12-03 00:05:00+00:00,2025-12-02 23:34:00+00:00,North Florida Ospreys,SIU-Edwardsville Cougars,,,,,,,153.5,-110.0,-110.0,2025-12-03,1.0,False,140.88559936523438,-2.188873100280762,68.39263,75.84968,-2.4676836,-0.083050966,140.88559936523438,-2.188873100280762
401823447,2025.0,2025-12-02,North Florida Ospreys,SIU Edwardsville Cougars,0.0,0.0,,,,,False,UNF Arena,2025-12-03 00:00:00+00:00,,2025-12-02 19:00,EST,2025-12-03T00:00:00Z,2025-12-02,,,northfloridaospreys::siuedwardsville,08fd8c6f9f617250931f0f35dcbd70c8,LowVig.ag,spreads,full_game,2025-12-03 00:05:00+00:00,2025-12-02 23:34:20+00:00,North Florida Ospreys,SIU-Edwardsville Cougars,,,8.0,-106.0,-8.0,-106.0,,,,2025-12-03,1.0,False,140.88559936523438,-2.188873100280762,68.39263,75.84968,-2.4676836,-0.083050966,140.88559936523438,-2.188873100280762
401823447,2025.0,2025-12-02,North Florida Ospreys,SIU Edwardsville Cougars,0.0,0.0,,,,,False,UNF Arena,2025-12-03 00:00:00+00:00,,2025-12-02 19:00,EST,2025-12-03T00:00:00Z,2025-12-02,,,northfloridaospreys::siuedwardsville,08fd8c6f9f617250931f0f35dcbd70c8,LowVig.ag,totals,full_game,2025-12-03 00:05:00+00:00,2025-12-02 23:34:20+00:00,North Florida Ospreys,SIU-Edwardsville Cougars,,,,,,,154.0,-108.0,-108.0,2025-12-03,1.0,False,140.88559936523438,-2.188873100280762,68.39263,75.84968,-2.4676836,-0.083050966,140.88559936523438,-2.188873100280762
401823489,2025.0,2025-12-02,Mercer Bears,Georgia State Panthers,0.0,0.0,,,,,False,Hawkins Arena,2025-12-03 00:00:00+00:00,,2025-12-02 19:00,EST,2025-12-03T00:00:00Z,2025-12-02,,,georgiastate::mercer,3ae1038e85b080321c31e82c02801e97,BetMGM,h2h,2h,2025-12-03 00:05:00+00:00,2025-12-02 23:34:07+00:00,Mercer Bears,Georgia St Panthers,-625.0,450.0,,,,,,,,2025-12-03,1.0,False,145.119873046875,10.249248504638672,71.13614,77.61895,4.5925837,5.96725,77.61895,5.96725
401823489,2025.0,2025-12-02,Mercer Bears,Georgia State Panthers,0.0,0.0,,,,,False,Hawkins Arena,2025-12-03 00:00:00+00:00,,2025-12-02 19:00,EST,2025-12-03T00:00:00Z,2025-12-02,,,georgiastate::mercer,3ae1038e85b080321c31e82c02801e97,BetMGM,spreads,full_game,2025-12-03 00:05:00+00:00,2025-12-02 23:34:07+00:00,Mercer Bears,Georgia St Panthers,,,-10.5,-115.0,10.5,-105.0,,,,2025-12-03,1.0,False,145.119873046875,10.249248504638672,71.13614,77.61895,4.5925837,5.96725,145.119873046875,10.249248504638672
401823489,2025.0,2025-12-02,Mercer Bears,Georgia State Panthers,0.0,0.0,,,,,False,Hawkins Arena,2025-12-03 00:00:00+00:00,,2025-12-02 19:00,EST,2025-12-03T00:00:00Z,2025-12-02,,,georgiastate::mercer,3ae1038e85b080321c31e82c02801e97,BetMGM,totals,full_game,2025-12-03 00:05:00+00:00,2025-12-02 23:34:07+00:00,Mercer Bears,Georgia St Panthers,,,,,,,155.5,-110.0,-110.0,2025-12-03,1.0,False,145.119873046875,10.249248504638672,71.13614,77.61895,4.5925837,5.96725,145.119873046875,10.249248504638672
401823489,2025.0,2025-12-02,Mercer Bears,Georgia State Panthers,0.0,0.0,,,,,False,Hawkins Arena,2025-12-03 00:00:00+00:00,,2025-12-02 19:00,EST,2025-12-03T00:00:00Z,2025-12-02,,,georgiastate::mercer,3ae1038e85b080321c31e82c02801e97,BetOnline.ag,h2h,2h,2025-12-03 00:05:00+00:00,2025-12-02 23:34:36+00:00,Mercer Bears,Georgia St Panthers,-675.0,491.0,,,,,,,,2025-12-03,1.0,False,145.119873046875,10.249248504638672,71.13614,77.61895,4.5925837,5.96725,77.61895,5.96725
401823489,2025.0,2025-12-02,Mercer Bears,Georgia State Panthers,0.0,0.0,,,,,False,Hawkins Arena,2025-12-03 00:00:00+00:00,,2025-12-02 19:00,EST,2025-12-03T00:00:00Z,2025-12-02,,,georgiastate::mercer,3ae1038e85b080321c31e82c02801e97,BetOnline.ag,spreads,full_game,2025-12-03 00:05:00+00:00,2025-12-02 23:34:36+00:00,Mercer Bears,Georgia St Panthers,,,-10.5,-118.0,10.5,-102.0,,,,2025-12-03,1.0,False,145.119873046875,10.249248504638672,71.13614,77.61895,4.5925837,5.96725,145.119873046875,10.249248504638672
401823489,2025.0,2025-12-02,Mercer Bears,Georgia State Panthers,0.0,0.0,,,,,False,Hawkins Arena,2025-12-03 00:00:00+00:00,,2025-12-02 19:00,EST,2025-12-03T00:00:00Z,2025-12-02,,,georgiastate::mercer,3ae1038e85b080321c31e82c02801e97,BetOnline.ag,totals,full_game,2025-12-03 00:05:00+00:00,2025-12-02 23:34:36+00:00,Mercer Bears,Georgia St Panthers,,,,,,,155.0,-120.0,100.0,2025-12-03,1.0,False,145.119873046875,10.249248504638672,71.13614,77.61895,4.5925837,5.96725,145.119873046875,10.249248504638672
401823489,2025.0,2025-12-02,Mercer Bears,Georgia State Panthers,0.0,0.0,,,,,False,Hawkins Arena,2025-12-03 00:00:00+00:00,,2025-12-02 19:00,EST,2025-12-03T00:00:00Z,2025-12-02,,,georgiastate::mercer,3ae1038e85b080321c31e82c02801e97,BetRivers,h2h,2h,2025-12-03 00:05:00+00:00,2025-12-02 23:34:22+00:00,Mercer Bears,Georgia St Panthers,-590.0,410.0,,,,,,,,2025-12-03,1.0,False,145.119873046875,10.249248504638672,71.13614,77.61895,4.5925837,5.96725,77.61895,5.96725
401823489,2025.0,2025-12-02,Mercer Bears,Georgia State Panthers,0.0,0.0,,,,,False,Hawkins Arena,2025-12-03 00:00:00+00:00,,2025-12-02 19:00,EST,2025-12-03T00:00:00Z,2025-12-02,,,georgiastate::mercer,3ae1038e85b080321c31e82c02801e97,BetRivers,spreads,full_game,2025-12-03 00:05:00+00:00,2025-12-02 23:34:22+00:00,Mercer Bears,Georgia St Panthers,,,-10.5,-114.0,10.5,-109.0,,,,2025-12-03,1.0,False,145.119873046875,10.249248504638672,71.13614,77.61895,4.5925837,5.96725,145.119873046875,10.249248504638672
401823489,2025.0,2025-12-02,Mercer Bears,Georgia State Panthers,0.0,0.0,,,,,False,Hawkins Arena,2025-12-03 00:00:00+00:00,,2025-12-02 19:00,EST,2025-12-03T00:00:00Z,2025-12-02,,,georgiastate::mercer,3ae1038e85b080321c31e82c02801e97,BetRivers,totals,full_game,2025-12-03 00:05:00+00:00,2025-12-02 23:34:22+00:00,Mercer Bears,Georgia St Panthers,,,,,,,155.5,-110.0,-113.0,2025-12-03,1.0,False,145.119873046875,10.249248504638672,71.13614,77.61895,4.5925837,5.96725,145.119873046875,10.249248504638672
401823489,2025.0,2025-12-02,Mercer Bears,Georgia State Panthers,0.0,0.0,,,,,False,Hawkins Arena,2025-12-03 00:00:00+00:00,,2025-12-02 19:00,EST,2025-12-03T00:00:00Z,2025-12-02,,,georgiastate::mercer,3ae1038e85b080321c31e82c02801e97,BetUS,h2h,2h,2025-12-03 00:05:00+00:00,2025-12-02 23:34:07+00:00,Mercer Bears,Georgia St Panthers,-675.0,490.0,,,,,,,,2025-12-03,1.0,False,145.119873046875,10.249248504638672,71.13614,77.61895,4.5925837,5.96725,77.61895,5.96725
401823489,2025.0,2025-12-02,Mercer Bears,Georgia State Panthers,0.0,0.0,,,,,False,Hawkins Arena,2025-12-03 00:00:00+00:00,,2025-12-02 19:00,EST,2025-12-03T00:00:00Z,2025-12-02,,,georgiastate::mercer,3ae1038e85b080321c31e82c02801e97,BetUS,spreads,full_game,2025-12-03 00:05:00+00:00,2025-12-02 23:34:07+00:00,Mercer Bears,Georgia St Panthers,,,-10.5,-115.0,10.5,-105.0,,,,2025-12-03,1.0,False,145.119873046875,10.249248504638672,71.13614,77.61895,4.5925837,5.96725,145.119873046875,10.249248504638672
401823489,2025.0,2025-12-02,Mercer Bears,Georgia State Panthers,0.0,0.0,,,,,False,Hawkins Arena,2025-12-03 00:00:00+00:00,,2025-12-02 19:00,EST,2025-12-03T00:00:00Z,2025-12-02,,,georgiastate::mercer,3ae1038e85b080321c31e82c02801e97,BetUS,totals,full_game,2025-12-03 00:05:00+00:00,2025-12-02 23:34:07+00:00,Mercer Bears,Georgia St Panthers,,,,,,,155.5,-110.0,-110.0,2025-12-03,1.0,False,145.119873046875,10.249248504638672,71.13614,77.61895,4.5925837,5.96725,145.119873046875,10.249248504638672
401823489,2025.0,2025-12-02,Mercer Bears,Georgia State Panthers,0.0,0.0,,,,,False,Hawkins Arena,2025-12-03 00:00:00+00:00,,2025-12-02 19:00,EST,2025-12-03T00:00:00Z,2025-12-02,,,georgiastate::mercer,3ae1038e85b080321c31e82c02801e97,Bovada,h2h,2h,2025-12-03 00:05:00+00:00,2025-12-02 23:34:10+00:00,Mercer Bears,Georgia St Panthers,-700.0,475.0,,,,,,,,2025-12-03,1.0,False,145.119873046875,10.249248504638672,71.13614,77.61895,4.5925837,5.96725,77.61895,5.96725
401823489,2025.0,2025-12-02,Mercer Bears,Georgia State Panthers,0.0,0.0,,,,,False,Hawkins Arena,2025-12-03 00:00:00+00:00,,2025-12-02 19:00,EST,2025-12-03T00:00:00Z,2025-12-02,,,georgiastate::mercer,3ae1038e85b080321c31e82c02801e97,Bovada,spreads,full_game,2025-12-03 00:05:00+00:00,2025-12-02 23:34:10+00:00,Mercer Bears,Georgia St Panthers,,,-11.0,-110.0,11.0,-110.0,,,,2025-12-03,1.0,False,145.119873046875,10.249248504638672,71.13614,77.61895,4.5925837,5.96725,145.119873046875,10.249248504638672
401823489,2025.0,2025-12-02,Mercer Bears,Georgia State Panthers,0.0,0.0,,,,,False,Hawkins Arena,2025-12-03 00:00:00+00:00,,2025-12-02 19:00,EST,2025-12-03T00:00:00Z,2025-12-02,,,georgiastate::mercer,3ae1038e85b080321c31e82c02801e97,Bovada,totals,full_game,2025-12-03 00:05:00+00:00,2025-12-02 23:34:10+00:00,Mercer Bears,Georgia St Panthers,,,,,,,155.5,-110.0,-110.0,2025-12-03,1.0,False,145.119873046875,10.249248504638672,71.13614,77.61895,4.5925837,5.96725,145.119873046875,10.249248504638672
401823489,2025.0,2025-12-02,Mercer Bears,Georgia State Panthers,0.0,0.0,,,,,False,Hawkins Arena,2025-12-03 00:00:00+00:00,,2025-12-02 19:00,EST,2025-12-03T00:00:00Z,2025-12-02,,,georgiastate::mercer,3ae1038e85b080321c31e82c02801e97,Caesars,h2h,2h,2025-12-03 00:05:00+00:00,2025-12-02 23:33:06+00:00,Mercer Bears,Georgia St Panthers,-700.0,500.0,,,,,,,,2025-12-03,1.0,False,145.119873046875,10.249248504638672,71.13614,77.61895,4.5925837,5.96725,77.61895,5.96725
401823489,2025.0,2025-12-02,Mercer Bears,Georgia State Panthers,0.0,0.0,,,,,False,Hawkins Arena,2025-12-03 00:00:00+00:00,,2025-12-02 19:00,EST,2025-12-03T00:00:00Z,2025-12-02,,,georgiastate::mercer,3ae1038e85b080321c31e82c02801e97,Caesars,spreads,full_game,2025-12-03 00:05:00+00:00,2025-12-02 23:33:06+00:00,Mercer Bears,Georgia St Panthers,,,-10.5,-110.0,10.5,-110.0,,,,2025-12-03,1.0,False,145.119873046875,10.249248504638672,71.13614,77.61895,4.5925837,5.96725,145.119873046875,10.249248504638672
401823489,2025.0,2025-12-02,Mercer Bears,Georgia State Panthers,0.0,0.0,,,,,False,Hawkins Arena,2025-12-03 00:00:00+00:00,,2025-12-02 19:00,EST,2025-12-03T00:00:00Z,2025-12-02,,,georgiastate::mercer,3ae1038e85b080321c31e82c02801e97,Caesars,totals,full_game,2025-12-03 00:05:00+00:00,2025-12-02 23:33:06+00:00,Mercer Bears,Georgia St Panthers,,,,,,,155.5,-110.0,-110.0,2025-12-03,1.0,False,145.119873046875,10.249248504638672,71.13614,77.61895,4.5925837,5.96725,145.119873046875,10.249248504638672
401823489,2025.0,2025-12-02,Mercer Bears,Georgia State Panthers,0.0,0.0,,,,,False,Hawkins Arena,2025-12-03 00:00:00+00:00,,2025-12-02 19:00,EST,2025-12-03T00:00:00Z,2025-12-02,,,georgiastate::mercer,3ae1038e85b080321c31e82c02801e97,DraftKings,h2h,2h,2025-12-03 00:05:00+00:00,2025-12-02 23:34:22+00:00,Mercer Bears,Georgia St Panthers,-650.0,470.0,,,,,,,,2025-12-03,1.0,False,145.119873046875,10.249248504638672,71.13614,77.61895,4.5925837,5.96725,77.61895,5.96725
401823489,2025.0,2025-12-02,Mercer Bears,Georgia State Panthers,0.0,0.0,,,,,False,Hawkins Arena,2025-12-03 00:00:00+00:00,,2025-12-02 19:00,EST,2025-12-03T00:00:00Z,2025-12-02,,,georgiastate::mercer,3ae1038e85b080321c31e82c02801e97,DraftKings,spreads,full_game,2025-12-03 00:05:00+00:00,2025-12-02 23:34:22+00:00,Mercer Bears,Georgia St Panthers,,,-10.5,-112.0,10.5,-108.0,,,,2025-12-03,1.0,False,145.119873046875,10.249248504638672,71.13614,77.61895,4.5925837,5.96725,145.119873046875,10.249248504638672
401823489,2025.0,2025-12-02,Mercer Bears,Georgia State Panthers,0.0,0.0,,,,,False,Hawkins Arena,2025-12-03 00:00:00+00:00,,2025-12-02 19:00,EST,2025-12-03T00:00:00Z,2025-12-02,,,georgiastate::mercer,3ae1038e85b080321c31e82c02801e97,DraftKings,totals,full_game,2025-12-03 00:05:00+00:00,2025-12-02 23:34:22+00:00,Mercer Bears,Georgia St Panthers,,,,,,,155.5,-110.0,-110.0,2025-12-03,1.0,False,145.119873046875,10.249248504638672,71.13614,77.61895,4.5925837,5.96725,145.119873046875,10.249248504638672
401823489,2025.0,2025-12-02,Mercer Bears,Georgia State Panthers,0.0,0.0,,,,,False,Hawkins Arena,2025-12-03 00:00:00+00:00,,2025-12-02 19:00,EST,2025-12-03T00:00:00Z,2025-12-02,,,georgiastate::mercer,3ae1038e85b080321c31e82c02801e97,FanDuel,h2h,2h,2025-12-03 00:05:00+00:00,2025-12-02 23:33:54+00:00,Mercer Bears,Georgia St Panthers,-750.0,490.0,,,,,,,,2025-12-03,1.0,False,145.119873046875,10.249248504638672,71.13614,77.61895,4.5925837,5.96725,77.61895,5.96725
401823489,2025.0,2025-12-02,Mercer Bears,Georgia State Panthers,0.0,0.0,,,,,False,Hawkins Arena,2025-12-03 00:00:00+00:00,,2025-12-02 19:00,EST,2025-12-03T00:00:00Z,2025-12-02,,,georgiastate::mercer,3ae1038e85b080321c31e82c02801e97,FanDuel,spreads,full_game,2025-12-03 00:05:00+00:00,2025-12-02 23:33:54+00:00,Mercer Bears,Georgia St Panthers,,,-10.5,-115.0,10.5,-105.0,,,,2025-12-03,1.0,False,145.119873046875,10.249248504638672,71.13614,77.61895,4.5925837,5.96725,145.119873046875,10.249248504638672
401823489,2025.0,2025-12-02,Mercer Bears,Georgia State Panthers,0.0,0.0,,,,,False,Hawkins Arena,2025-12-03 00:00:00+00:00,,2025-12-02 19:00,EST,2025-12-03T00:00:00Z,2025-12-02,,,georgiastate::mercer,3ae1038e85b080321c31e82c02801e97,FanDuel,totals,full_game,2025-12-03 00:05:00+00:00,2025-12-02 23:33:54+00:00,Mercer Bears,Georgia St Panthers,,,,,,,155.5,-108.0,-112.0,2025-12-03,1.0,False,145.119873046875,10.249248504638672,71.13614,77.61895,4.5925837,5.96725,145.119873046875,10.249248504638672
401823489,2025.0,2025-12-02,Mercer Bears,Georgia State Panthers,0.0,0.0,,,,,False,Hawkins Arena,2025-12-03 00:00:00+00:00,,2025-12-02 19:00,EST,2025-12-03T00:00:00Z,2025-12-02,,,georgiastate::mercer,3ae1038e85b080321c31e82c02801e97,Fanatics,h2h,2h,2025-12-03 00:05:00+00:00,2025-12-02 23:34:00+00:00,Mercer Bears,Georgia St Panthers,-700.0,475.0,,,,,,,,2025-12-03,1.0,False,145.119873046875,10.249248504638672,71.13614,77.61895,4.5925837,5.96725,77.61895,5.96725
401823489,2025.0,2025-12-02,Mercer Bears,Georgia State Panthers,0.0,0.0,,,,,False,Hawkins Arena,2025-12-03 00:00:00+00:00,,2025-12-02 19:00,EST,2025-12-03T00:00:00Z,2025-12-02,,,georgiastate::mercer,3ae1038e85b080321c31e82c02801e97,Fanatics,spreads,full_game,2025-12-03 00:05:00+00:00,2025-12-02 23:34:00+00:00,Mercer Bears,Georgia St Panthers,,,-11.0,-110.0,11.0,-110.0,,,,2025-12-03,1.0,False,145.119873046875,10.249248504638672,71.13614,77.61895,4.5925837,5.96725,145.119873046875,10.249248504638672
401823489,2025.0,2025-12-02,Mercer Bears,Georgia State Panthers,0.0,0.0,,,,,False,Hawkins Arena,2025-12-03 00:00:00+00:00,,2025-12-02 19:00,EST,2025-12-03T00:00:00Z,2025-12-02,,,georgiastate::mercer,3ae1038e85b080321c31e82c02801e97,Fanatics,totals,full_game,2025-12-03 00:05:00+00:00,2025-12-02 23:34:00+00:00,Mercer Bears,Georgia St Panthers,,,,,,,155.5,-110.0,-110.0,2025-12-03,1.0,False,145.119873046875,10.249248504638672,71.13614,77.61895,4.5925837,5.96725,145.119873046875,10.249248504638672
401823489,2025.0,2025-12-02,Mercer Bears,Georgia State Panthers,0.0,0.0,,,,,False,Hawkins Arena,2025-12-03 00:00:00+00:00,,2025-12-02 19:00,EST,2025-12-03T00:00:00Z,2025-12-02,,,georgiastate::mercer,3ae1038e85b080321c31e82c02801e97,LowVig.ag,h2h,2h,2025-12-03 00:05:00+00:00,2025-12-02 23:34:20+00:00,Mercer Bears,Georgia St Panthers,-675.0,491.0,,,,,,,,2025-12-03,1.0,False,145.119873046875,10.249248504638672,71.13614,77.61895,4.5925837,5.96725,77.61895,5.96725
401823489,2025.0,2025-12-02,Mercer Bears,Georgia State Panthers,0.0,0.0,,,,,False,Hawkins Arena,2025-12-03 00:00:00+00:00,,2025-12-02 19:00,EST,2025-12-03T00:00:00Z,2025-12-02,,,georgiastate::mercer,3ae1038e85b080321c31e82c02801e97,LowVig.ag,spreads,full_game,2025-12-03 00:05:00+00:00,2025-12-02 23:34:20+00:00,Mercer Bears,Georgia St Panthers,,,-10.5,-114.0,10.5,102.0,,,,2025-12-03,1.0,False,145.119873046875,10.249248504638672,71.13614,77.61895,4.5925837,5.96725,145.119873046875,10.249248504638672
401823489,2025.0,2025-12-02,Mercer Bears,Georgia State Panthers,0.0,0.0,,,,,False,Hawkins Arena,2025-12-03 00:00:00+00:00,,2025-12-02 19:00,EST,2025-12-03T00:00:00Z,2025-12-02,,,georgiastate::mercer,3ae1038e85b080321c31e82c02801e97,LowVig.ag,totals,full_game,2025-12-03 00:05:00+00:00,2025-12-02 23:34:20+00:00,Mercer Bears,Georgia St Panthers,,,,,,,155.0,-119.0,102.0,2025-12-03,1.0,False,145.119873046875,10.249248504638672,71.13614,77.61895,4.5925837,5.96725,145.119873046875,10.249248504638672
401823527,2025.0,2025-12-02,Pepperdine Waves,Abilene Christian Wildcats,0.0,0.0,,,,,False,Firestone Fieldhouse,2025-12-03 02:00:00+00:00,,2025-12-02 21:00,EST,2025-12-03T02:00:00Z,2025-12-02,,,abilenechristian::pepperdine,0103b51f6d7c46fce9b8c114dd2d1a6a,BetMGM,h2h,2h,2025-12-03 02:00:00+00:00,2025-12-02 23:34:07+00:00,Pepperdine Waves,Abilene Christian Wildcats,-120.0,100.0,,,,,,,,2025-12-03,1.0,False,142.70834350585938,-4.080838680267334,70.05387,76.63618,-2.2249696,-1.3910534,76.63618,-1.3910534
401823527,2025.0,2025-12-02,Pepperdine Waves,Abilene Christian Wildcats,0.0,0.0,,,,,False,Firestone Fieldhouse,2025-12-03 02:00:00+00:00,,2025-12-02 21:00,EST,2025-12-03T02:00:00Z,2025-12-02,,,abilenechristian::pepperdine,0103b51f6d7c46fce9b8c114dd2d1a6a,BetMGM,spreads,full_game,2025-12-03 02:00:00+00:00,2025-12-02 23:34:07+00:00,Pepperdine Waves,Abilene Christian Wildcats,,,-1.5,-110.0,1.5,-110.0,,,,2025-12-03,1.0,False,142.70834350585938,-4.080838680267334,70.05387,76.63618,-2.2249696,-1.3910534,142.70834350585938,-4.080838680267334
401823527,2025.0,2025-12-02,Pepperdine Waves,Abilene Christian Wildcats,0.0,0.0,,,,,False,Firestone Fieldhouse,2025-12-03 02:00:00+00:00,,2025-12-02 21:00,EST,2025-12-03T02:00:00Z,2025-12-02,,,abilenechristian::pepperdine,0103b51f6d7c46fce9b8c114dd2d1a6a,BetMGM,totals,full_game,2025-12-03 02:00:00+00:00,2025-12-02 23:34:07+00:00,Pepperdine Waves,Abilene Christian Wildcats,,,,,,,137.5,-110.0,-110.0,2025-12-03,1.0,False,142.70834350585938,-4.080838680267334,70.05387,76.63618,-2.2249696,-1.3910534,142.70834350585938,-4.080838680267334
401823527,2025.0,2025-12-02,Pepperdine Waves,Abilene Christian Wildcats,0.0,0.0,,,,,False,Firestone Fieldhouse,2025-12-03 02:00:00+00:00,,2025-12-02 21:00,EST,2025-12-03T02:00:00Z,2025-12-02,,,abilenechristian::pepperdine,0103b51f6d7c46fce9b8c114dd2d1a6a,BetOnline.ag,h2h,2h,2025-12-03 02:00:00+00:00,2025-12-02 23:34:37+00:00,Pepperdine Waves,Abilene Christian Wildcats,-120.0,100.0,,,,,,,,2025-12-03,1.0,False,142.70834350585938,-4.080838680267334,70.05387,76.63618,-2.2249696,-1.3910534,76.63618,-1.3910534
401823527,2025.0,2025-12-02,Pepperdine Waves,Abilene Christian Wildcats,0.0,0.0,,,,,False,Firestone Fieldhouse,2025-12-03 02:00:00+00:00,,2025-12-02 21:00,EST,2025-12-03T02:00:00Z,2025-12-02,,,abilenechristian::pepperdine,0103b51f6d7c46fce9b8c114dd2d1a6a,BetOnline.ag,spreads,full_game,2025-12-03 02:00:00+00:00,2025-12-02 23:34:37+00:00,Pepperdine Waves,Abilene Christian Wildcats,,,-1.5,-105.0,1.5,-115.0,,,,2025-12-03,1.0,False,142.70834350585938,-4.080838680267334,70.05387,76.63618,-2.2249696,-1.3910534,142.70834350585938,-4.080838680267334
401823527,2025.0,2025-12-02,Pepperdine Waves,Abilene Christian Wildcats,0.0,0.0,,,,,False,Firestone Fieldhouse,2025-12-03 02:00:00+00:00,,2025-12-02 21:00,EST,2025-12-03T02:00:00Z,2025-12-02,,,abilenechristian::pepperdine,0103b51f6d7c46fce9b8c114dd2d1a6a,BetOnline.ag,totals,full_game,2025-12-03 02:00:00+00:00,2025-12-02 23:34:37+00:00,Pepperdine Waves,Abilene Christian Wildcats,,,,,,,138.5,-110.0,-110.0,2025-12-03,1.0,False,142.70834350585938,-4.080838680267334,70.05387,76.63618,-2.2249696,-1.3910534,142.70834350585938,-4.080838680267334
401823527,2025.0,2025-12-02,Pepperdine Waves,Abilene Christian Wildcats,0.0,0.0,,,,,False,Firestone Fieldhouse,2025-12-03 02:00:00+00:00,,2025-12-02 21:00,EST,2025-12-03T02:00:00Z,2025-12-02,,,abilenechristian::pepperdine,0103b51f6d7c46fce9b8c114dd2d1a6a,BetRivers,h2h,2h,2025-12-03 02:00:00+00:00,2025-12-02 23:34:22+00:00,Pepperdine Waves,Abilene Christian Wildcats,-130.0,104.0,,,,,,,,2025-12-03,1.0,False,142.70834350585938,-4.080838680267334,70.05387,76.63618,-2.2249696,-1.3910534,76.63618,-1.3910534
401823527,2025.0,2025-12-02,Pepperdine Waves,Abilene Christian Wildcats,0.0,0.0,,,,,False,Firestone Fieldhouse,2025-12-03 02:00:00+00:00,,2025-12-02 21:00,EST,2025-12-03T02:00:00Z,2025-12-02,,,abilenechristian::pepperdine,0103b51f6d7c46fce9b8c114dd2d1a6a,BetRivers,spreads,full_game,2025-12-03 02:00:00+00:00,2025-12-02 23:34:22+00:00,Pepperdine Waves,Abilene Christian Wildcats,,,-1.5,-113.0,1.5,-110.0,,,,2025-12-03,1.0,False,142.70834350585938,-4.080838680267334,70.05387,76.63618,-2.2249696,-1.3910534,142.70834350585938,-4.080838680267334
401823527,2025.0,2025-12-02,Pepperdine Waves,Abilene Christian Wildcats,0.0,0.0,,,,,False,Firestone Fieldhouse,2025-12-03 02:00:00+00:00,,2025-12-02 21:00,EST,2025-12-03T02:00:00Z,2025-12-02,,,abilenechristian::pepperdine,0103b51f6d7c46fce9b8c114dd2d1a6a,BetRivers,totals,full_game,2025-12-03 02:00:00+00:00,2025-12-02 23:34:22+00:00,Pepperdine Waves,Abilene Christian Wildcats,,,,,,,138.0,-113.0,-110.0,2025-12-03,1.0,False,142.70834350585938,-4.080838680267334,70.05387,76.63618,-2.2249696,-1.3910534,142.70834350585938,-4.080838680267334
401823527,2025.0,2025-12-02,Pepperdine Waves,Abilene Christian Wildcats,0.0,0.0,,,,,False,Firestone Fieldhouse,2025-12-03 02:00:00+00:00,,2025-12-02 21:00,EST,2025-12-03T02:00:00Z,2025-12-02,,,abilenechristian::pepperdine,0103b51f6d7c46fce9b8c114dd2d1a6a,BetUS,h2h,2h,2025-12-03 02:00:00+00:00,2025-12-02 23:34:07+00:00,Pepperdine Waves,Abilene Christian Wildcats,-125.0,105.0,,,,,,,,2025-12-03,1.0,False,142.70834350585938,-4.080838680267334,70.05387,76.63618,-2.2249696,-1.3910534,76.63618,-1.3910534
401823527,2025.0,2025-12-02,Pepperdine Waves,Abilene Christian Wildcats,0.0,0.0,,,,,False,Firestone Fieldhouse,2025-12-03 02:00:00+00:00,,2025-12-02 21:00,EST,2025-12-03T02:00:00Z,2025-12-02,,,abilenechristian::pepperdine,0103b51f6d7c46fce9b8c114dd2d1a6a,BetUS,spreads,full_game,2025-12-03 02:00:00+00:00,2025-12-02 23:34:07+00:00,Pepperdine Waves,Abilene Christian Wildcats,,,-1.5,-110.0,1.5,-110.0,,,,2025-12-03,1.0,False,142.70834350585938,-4.080838680267334,70.05387,76.63618,-2.2249696,-1.3910534,142.70834350585938,-4.080838680267334
401823527,2025.0,2025-12-02,Pepperdine Waves,Abilene Christian Wildcats,0.0,0.0,,,,,False,Firestone Fieldhouse,2025-12-03 02:00:00+00:00,,2025-12-02 21:00,EST,2025-12-03T02:00:00Z,2025-12-02,,,abilenechristian::pepperdine,0103b51f6d7c46fce9b8c114dd2d1a6a,BetUS,totals,full_game,2025-12-03 02:00:00+00:00,2025-12-02 23:34:07+00:00,Pepperdine Waves,Abilene Christian Wildcats,,,,,,,137.5,-110.0,-110.0,2025-12-03,1.0,False,142.70834350585938,-4.080838680267334,70.05387,76.63618,-2.2249696,-1.3910534,142.70834350585938,-4.080838680267334
401823527,2025.0,2025-12-02,Pepperdine Waves,Abilene Christian Wildcats,0.0,0.0,,,,,False,Firestone Fieldhouse,2025-12-03 02:00:00+00:00,,2025-12-02 21:00,EST,2025-12-03T02:00:00Z,2025-12-02,,,abilenechristian::pepperdine,0103b51f6d7c46fce9b8c114dd2d1a6a,Bovada,h2h,2h,2025-12-03 02:00:00+00:00,2025-12-02 23:34:11+00:00,Pepperdine Waves,Abilene Christian Wildcats,-120.0,100.0,,,,,,,,2025-12-03,1.0,False,142.70834350585938,-4.080838680267334,70.05387,76.63618,-2.2249696,-1.3910534,76.63618,-1.3910534
401823527,2025.0,2025-12-02,Pepperdine Waves,Abilene Christian Wildcats,0.0,0.0,,,,,False,Firestone Fieldhouse,2025-12-03 02:00:00+00:00,,2025-12-02 21:00,EST,2025-12-03T02:00:00Z,2025-12-02,,,abilenechristian::pepperdine,0103b51f6d7c46fce9b8c114dd2d1a6a,Bovada,spreads,full_game,2025-12-03 02:00:00+00:00,2025-12-02 23:34:11+00:00,Pepperdine Waves,Abilene Christian Wildcats,,,-1.5,-110.0,1.5,-110.0,,,,2025-12-03,1.0,False,142.70834350585938,-4.080838680267334,70.05387,76.63618,-2.2249696,-1.3910534,142.70834350585938,-4.080838680267334
401823527,2025.0,2025-12-02,Pepperdine Waves,Abilene Christian Wildcats,0.0,0.0,,,,,False,Firestone Fieldhouse,2025-12-03 02:00:00+00:00,,2025-12-02 21:00,EST,2025-12-03T02:00:00Z,2025-12-02,,,abilenechristian::pepperdine,0103b51f6d7c46fce9b8c114dd2d1a6a,Bovada,totals,full_game,2025-12-03 02:00:00+00:00,2025-12-02 23:34:11+00:00,Pepperdine Waves,Abilene Christian Wildcats,,,,,,,138.0,-110.0,-110.0,2025-12-03,1.0,False,142.70834350585938,-4.080838680267334,70.05387,76.63618,-2.2249696,-1.3910534,142.70834350585938,-4.080838680267334
401823527,2025.0,2025-12-02,Pepperdine Waves,Abilene Christian Wildcats,0.0,0.0,,,,,False,Firestone Fieldhouse,2025-12-03 02:00:00+00:00,,2025-12-02 21:00,EST,2025-12-03T02:00:00Z,2025-12-02,,,abilenechristian::pepperdine,0103b51f6d7c46fce9b8c114dd2d1a6a,Caesars,h2h,2h,2025-12-03 02:00:00+00:00,2025-12-02 23:33:07+00:00,Pepperdine Waves,Abilene Christian Wildcats,-120.0,100.0,,,,,,,,2025-12-03,1.0,False,142.70834350585938,-4.080838680267334,70.05387,76.63618,-2.2249696,-1.3910534,76.63618,-1.3910534
401823527,2025.0,2025-12-02,Pepperdine Waves,Abilene Christian Wildcats,0.0,0.0,,,,,False,Firestone Fieldhouse,2025-12-03 02:00:00+00:00,,2025-12-02 21:00,EST,2025-12-03T02:00:00Z,2025-12-02,,,abilenechristian::pepperdine,0103b51f6d7c46fce9b8c114dd2d1a6a,Caesars,spreads,full_game,2025-12-03 02:00:00+00:00,2025-12-02 23:33:07+00:00,Pepperdine Waves,Abilene Christian Wildcats,,,-1.5,-110.0,1.5,-110.0,,,,2025-12-03,1.0,False,142.70834350585938,-4.080838680267334,70.05387,76.63618,-2.2249696,-1.3910534,142.70834350585938,-4.080838680267334
401823527,2025.0,2025-12-02,Pepperdine Waves,Abilene Christian Wildcats,0.0,0.0,,,,,False,Firestone Fieldhouse,2025-12-03 02:00:00+00:00,,2025-12-02 21:00,EST,2025-12-03T02:00:00Z,2025-12-02,,,abilenechristian::pepperdine,0103b51f6d7c46fce9b8c114dd2d1a6a,Caesars,totals,full_game,2025-12-03 02:00:00+00:00,2025-12-02 23:33:07+00:00,Pepperdine Waves,Abilene Christian Wildcats,,,,,,,137.5,-110.0,-110.0,2025-12-03,1.0,False,142.70834350585938,-4.080838680267334,70.05387,76.63618,-2.2249696,-1.3910534,142.70834350585938,-4.080838680267334
401823527,2025.0,2025-12-02,Pepperdine Waves,Abilene Christian Wildcats,0.0,0.0,,,,,False,Firestone Fieldhouse,2025-12-03 02:00:00+00:00,,2025-12-02 21:00,EST,2025-12-03T02:00:00Z,2025-12-02,,,abilenechristian::pepperdine,0103b51f6d7c46fce9b8c114dd2d1a6a,DraftKings,h2h,2h,2025-12-03 02:00:00+00:00,2025-12-02 23:34:22+00:00,Pepperdine Waves,Abilene Christian Wildcats,-122.0,102.0,,,,,,,,2025-12-03,1.0,False,142.70834350585938,-4.080838680267334,70.05387,76.63618,-2.2249696,-1.3910534,76.63618,-1.3910534
401823527,2025.0,2025-12-02,Pepperdine Waves,Abilene Christian Wildcats,0.0,0.0,,,,,False,Firestone Fieldhouse,2025-12-03 02:00:00+00:00,,2025-12-02 21:00,EST,2025-12-03T02:00:00Z,2025-12-02,,,abilenechristian::pepperdine,0103b51f6d7c46fce9b8c114dd2d1a6a,DraftKings,spreads,full_game,2025-12-03 02:00:00+00:00,2025-12-02 23:34:22+00:00,Pepperdine Waves,Abilene Christian Wildcats,,,-1.5,-110.0,1.5,-110.0,,,,2025-12-03,1.0,False,142.70834350585938,-4.080838680267334,70.05387,76.63618,-2.2249696,-1.3910534,142.70834350585938,-4.080838680267334
401823527,2025.0,2025-12-02,Pepperdine Waves,Abilene Christian Wildcats,0.0,0.0,,,,,False,Firestone Fieldhouse,2025-12-03 02:00:00+00:00,,2025-12-02 21:00,EST,2025-12-03T02:00:00Z,2025-12-02,,,abilenechristian::pepperdine,0103b51f6d7c46fce9b8c114dd2d1a6a,DraftKings,totals,full_game,2025-12-03 02:00:00+00:00,2025-12-02 23:34:22+00:00,Pepperdine Waves,Abilene Christian Wildcats,,,,,,,137.5,-112.0,-108.0,2025-12-03,1.0,False,142.70834350585938,-4.080838680267334,70.05387,76.63618,-2.2249696,-1.3910534,142.70834350585938,-4.080838680267334
401823527,2025.0,2025-12-02,Pepperdine Waves,Abilene Christian Wildcats,0.0,0.0,,,,,False,Firestone Fieldhouse,2025-12-03 02:00:00+00:00,,2025-12-02 21:00,EST,2025-12-03T02:00:00Z,2025-12-02,,,abilenechristian::pepperdine,0103b51f6d7c46fce9b8c114dd2d1a6a,FanDuel,h2h,2h,2025-12-03 02:00:00+00:00,2025-12-02 23:33:54+00:00,Pepperdine Waves,Abilene Christian Wildcats,-132.0,108.0,,,,,,,,2025-12-03,1.0,False,142.70834350585938,-4.080838680267334,70.05387,76.63618,-2.2249696,-1.3910534,76.63618,-1.3910534
401823527,2025.0,2025-12-02,Pepperdine Waves,Abilene Christian Wildcats,0.0,0.0,,,,,False,Firestone Fieldhouse,2025-12-03 02:00:00+00:00,,2025-12-02 21:00,EST,2025-12-03T02:00:00Z,2025-12-02,,,abilenechristian::pepperdine,0103b51f6d7c46fce9b8c114dd2d1a6a,FanDuel,spreads,full_game,2025-12-03 02:00:00+00:00,2025-12-02 23:33:54+00:00,Pepperdine Waves,Abilene Christian Wildcats,,,-1.5,-114.0,1.5,-106.0,,,,2025-12-03,1.0,False,142.70834350585938,-4.080838680267334,70.05387,76.63618,-2.2249696,-1.3910534,142.70834350585938,-4.080838680267334
401823527,2025.0,2025-12-02,Pepperdine Waves,Abilene Christian Wildcats,0.0,0.0,,,,,False,Firestone Fieldhouse,2025-12-03 02:00:00+00:00,,2025-12-02 21:00,EST,2025-12-03T02:00:00Z,2025-12-02,,,abilenechristian::pepperdine,0103b51f6d7c46fce9b8c114dd2d1a6a,FanDuel,totals,full_game,2025-12-03 02:00:00+00:00,2025-12-02 23:33:54+00:00,Pepperdine Waves,Abilene Christian Wildcats,,,,,,,137.5,-106.0,-114.0,2025-12-03,1.0,False,142.70834350585938,-4.080838680267334,70.05387,76.63618,-2.2249696,-1.3910534,142.70834350585938,-4.080838680267334
401823527,2025.0,2025-12-02,Pepperdine Waves,Abilene Christian Wildcats,0.0,0.0,,,,,False,Firestone Fieldhouse,2025-12-03 02:00:00+00:00,,2025-12-02 21:00,EST,2025-12-03T02:00:00Z,2025-12-02,,,abilenechristian::pepperdine,0103b51f6d7c46fce9b8c114dd2d1a6a,Fanatics,h2h,2h,2025-12-03 02:00:00+00:00,2025-12-02 23:34:00+00:00,Pepperdine Waves,Abilene Christian Wildcats,-125.0,105.0,,,,,,,,2025-12-03,1.0,False,142.70834350585938,-4.080838680267334,70.05387,76.63618,-2.2249696,-1.3910534,76.63618,-1.3910534
401823527,2025.0,2025-12-02,Pepperdine Waves,Abilene Christian Wildcats,0.0,0.0,,,,,False,Firestone Fieldhouse,2025-12-03 02:00:00+00:00,,2025-12-02 21:00,EST,2025-12-03T02:00:00Z,2025-12-02,,,abilenechristian::pepperdine,0103b51f6d7c46fce9b8c114dd2d1a6a,Fanatics,spreads,full_game,2025-12-03 02:00:00+00:00,2025-12-02 23:34:00+00:00,Pepperdine Waves,Abilene Christian Wildcats,,,-1.5,-110.0,1.5,-110.0,,,,2025-12-03,1.0,False,142.70834350585938,-4.080838680267334,70.05387,76.63618,-2.2249696,-1.3910534,142.70834350585938,-4.080838680267334
401823527,2025.0,2025-12-02,Pepperdine Waves,Abilene Christian Wildcats,0.0,0.0,,,,,False,Firestone Fieldhouse,2025-12-03 02:00:00+00:00,,2025-12-02 21:00,EST,2025-12-03T02:00:00Z,2025-12-02,,,abilenechristian::pepperdine,0103b51f6d7c46fce9b8c114dd2d1a6a,Fanatics,totals,full_game,2025-12-03 02:00:00+00:00,2025-12-02 23:34:00+00:00,Pepperdine Waves,Abilene Christian Wildcats,,,,,,,139.0,-110.0,-110.0,2025-12-03,1.0,False,142.70834350585938,-4.080838680267334,70.05387,76.63618,-2.2249696,-1.3910534,142.70834350585938,-4.080838680267334
401823527,2025.0,2025-12-02,Pepperdine Waves,Abilene Christian Wildcats,0.0,0.0,,,,,False,Firestone Fieldhouse,2025-12-03 02:00:00+00:00,,2025-12-02 21:00,EST,2025-12-03T02:00:00Z,2025-12-02,,,abilenechristian::pepperdine,0103b51f6d7c46fce9b8c114dd2d1a6a,LowVig.ag,h2h,2h,2025-12-03 02:00:00+00:00,2025-12-02 23:34:20+00:00,Pepperdine Waves,Abilene Christian Wildcats,-120.0,100.0,,,,,,,,2025-12-03,1.0,False,142.70834350585938,-4.080838680267334,70.05387,76.63618,-2.2249696,-1.3910534,76.63618,-1.3910534
401823527,2025.0,2025-12-02,Pepperdine Waves,Abilene Christian Wildcats,0.0,0.0,,,,,False,Firestone Fieldhouse,2025-12-03 02:00:00+00:00,,2025-12-02 21:00,EST,2025-12-03T02:00:00Z,2025-12-02,,,abilenechristian::pepperdine,0103b51f6d7c46fce9b8c114dd2d1a6a,LowVig.ag,spreads,full_game,2025-12-03 02:00:00+00:00,2025-12-02 23:34:20+00:00,Pepperdine Waves,Abilene Christian Wildcats,,,-1.5,-101.0,1.5,-111.0,,,,2025-12-03,1.0,False,142.70834350585938,-4.080838680267334,70.05387,76.63618,-2.2249696,-1.3910534,142.70834350585938,-4.080838680267334
401823527,2025.0,2025-12-02,Pepperdine Waves,Abilene Christian Wildcats,0.0,0.0,,,,,False,Firestone Fieldhouse,2025-12-03 02:00:00+00:00,,2025-12-02 21:00,EST,2025-12-03T02:00:00Z,2025-12-02,,,abilenechristian::pepperdine,0103b51f6d7c46fce9b8c114dd2d1a6a,LowVig.ag,totals,full_game,2025-12-03 02:00:00+00:00,2025-12-02 23:34:20+00:00,Pepperdine Waves,Abilene Christian Wildcats,,,,,,,138.5,-108.0,-108.0,2025-12-03,1.0,False,142.70834350585938,-4.080838680267334,70.05387,76.63618,-2.2249696,-1.3910534,142.70834350585938,-4.080838680267334
401823871,2025.0,2025-12-02,Arkansas State Red Wolves,UT Arlington Mavericks,0.0,0.0,,,,,False,First National Bank Arena,2025-12-03 01:00:00+00:00,,2025-12-02 20:00,EST,2025-12-03T01:00:00Z,2025-12-02,,,arkansasstateredwolves::utarlington,c13219c35ae20529f85dda24d359d46f,BetMGM,h2h,2h,2025-12-03 01:00:00+00:00,2025-12-02 23:34:07+00:00,Arkansas St Red Wolves,UT-Arlington Mavericks,-200.0,165.0,,,,,,,,2025-12-03,1.0,False,143.56265258789062,0.4558649063110351,70.435905,76.96684,-0.04851103,0.9226941,76.96684,0.9226941
401823871,2025.0,2025-12-02,Arkansas State Red Wolves,UT Arlington Mavericks,0.0,0.0,,,,,False,First National Bank Arena,2025-12-03 01:00:00+00:00,,2025-12-02 20:00,EST,2025-12-03T01:00:00Z,2025-12-02,,,arkansasstateredwolves::utarlington,c13219c35ae20529f85dda24d359d46f,BetMGM,spreads,full_game,2025-12-03 01:00:00+00:00,2025-12-02 23:34:07+00:00,Arkansas St Red Wolves,UT-Arlington Mavericks,,,-4.5,-115.0,4.5,-105.0,,,,2025-12-03,1.0,False,143.56265258789062,0.4558649063110351,70.435905,76.96684,-0.04851103,0.9226941,143.56265258789062,0.4558649063110351
401823871,2025.0,2025-12-02,Arkansas State Red Wolves,UT Arlington Mavericks,0.0,0.0,,,,,False,First National Bank Arena,2025-12-03 01:00:00+00:00,,2025-12-02 20:00,EST,2025-12-03T01:00:00Z,2025-12-02,,,arkansasstateredwolves::utarlington,c13219c35ae20529f85dda24d359d46f,BetMGM,totals,full_game,2025-12-03 01:00:00+00:00,2025-12-02 23:34:07+00:00,Arkansas St Red Wolves,UT-Arlington Mavericks,,,,,,,153.5,-105.0,-115.0,2025-12-03,1.0,False,143.56265258789062,0.4558649063110351,70.435905,76.96684,-0.04851103,0.9226941,143.56265258789062,0.4558649063110351
401823871,2025.0,2025-12-02,Arkansas State Red Wolves,UT Arlington Mavericks,0.0,0.0,,,,,False,First National Bank Arena,2025-12-03 01:00:00+00:00,,2025-12-02 20:00,EST,2025-12-03T01:00:00Z,2025-12-02,,,arkansasstateredwolves::utarlington,c13219c35ae20529f85dda24d359d46f,BetOnline.ag,h2h,2h,2025-12-03 01:00:00+00:00,2025-12-02 23:34:36+00:00,Arkansas St Red Wolves,UT-Arlington Mavericks,-200.0,174.0,,,,,,,,2025-12-03,1.0,False,143.56265258789062,0.4558649063110351,70.435905,76.96684,-0.04851103,0.9226941,76.96684,0.9226941
401823871,2025.0,2025-12-02,Arkansas State Red Wolves,UT Arlington Mavericks,0.0,0.0,,,,,False,First National Bank Arena,2025-12-03 01:00:00+00:00,,2025-12-02 20:00,EST,2025-12-03T01:00:00Z,2025-12-02,,,arkansasstateredwolves::utarlington,c13219c35ae20529f85dda24d359d46f,BetOnline.ag,spreads,full_game,2025-12-03 01:00:00+00:00,2025-12-02 23:34:36+00:00,Arkansas St Red Wolves,UT-Arlington Mavericks,,,-5.0,-110.0,5.0,-110.0,,,,2025-12-03,1.0,False,143.56265258789062,0.4558649063110351,70.435905,76.96684,-0.04851103,0.9226941,143.56265258789062,0.4558649063110351
401823871,2025.0,2025-12-02,Arkansas State Red Wolves,UT Arlington Mavericks,0.0,0.0,,,,,False,First National Bank Arena,2025-12-03 01:00:00+00:00,,2025-12-02 20:00,EST,2025-12-03T01:00:00Z,2025-12-02,,,arkansasstateredwolves::utarlington,c13219c35ae20529f85dda24d359d46f,BetOnline.ag,totals,full_game,2025-12-03 01:00:00+00:00,2025-12-02 23:34:36+00:00,Arkansas St Red Wolves,UT-Arlington Mavericks,,,,,,,153.5,-105.0,-115.0,2025-12-03,1.0,False,143.56265258789062,0.4558649063110351,70.435905,76.96684,-0.04851103,0.9226941,143.56265258789062,0.4558649063110351
401823871,2025.0,2025-12-02,Arkansas State Red Wolves,UT Arlington Mavericks,0.0,0.0,,,,,False,First National Bank Arena,2025-12-03 01:00:00+00:00,,2025-12-02 20:00,EST,2025-12-03T01:00:00Z,2025-12-02,,,arkansasstateredwolves::utarlington,c13219c35ae20529f85dda24d359d46f,BetRivers,h2h,2h,2025-12-03 01:00:00+00:00,2025-12-02 23:34:22+00:00,Arkansas St Red Wolves,UT-Arlington Mavericks,-195.0,155.0,,,,,,,,2025-12-03,1.0,False,143.56265258789062,0.4558649063110351,70.435905,76.96684,-0.04851103,0.9226941,76.96684,0.9226941
401823871,2025.0,2025-12-02,Arkansas State Red Wolves,UT Arlington Mavericks,0.0,0.0,,,,,False,First National Bank Arena,2025-12-03 01:00:00+00:00,,2025-12-02 20:00,EST,2025-12-03T01:00:00Z,2025-12-02,,,arkansasstateredwolves::utarlington,c13219c35ae20529f85dda24d359d46f,BetRivers,spreads,full_game,2025-12-03 01:00:00+00:00,2025-12-02 23:34:22+00:00,Arkansas St Red Wolves,UT-Arlington Mavericks,,,-4.5,-109.0,4.5,-114.0,,,,2025-12-03,1.0,False,143.56265258789062,0.4558649063110351,70.435905,76.96684,-0.04851103,0.9226941,143.56265258789062,0.4558649063110351
401823871,2025.0,2025-12-02,Arkansas State Red Wolves,UT Arlington Mavericks,0.0,0.0,,,,,False,First National Bank Arena,2025-12-03 01:00:00+00:00,,2025-12-02 20:00,EST,2025-12-03T01:00:00Z,2025-12-02,,,arkansasstateredwolves::utarlington,c13219c35ae20529f85dda24d359d46f,BetRivers,totals,full_game,2025-12-03 01:00:00+00:00,2025-12-02 23:34:22+00:00,Arkansas St Red Wolves,UT-Arlington Mavericks,,,,,,,153.5,-112.0,-112.0,2025-12-03,1.0,False,143.56265258789062,0.4558649063110351,70.435905,76.96684,-0.04851103,0.9226941,143.56265258789062,0.4558649063110351
401823871,2025.0,2025-12-02,Arkansas State Red Wolves,UT Arlington Mavericks,0.0,0.0,,,,,False,First National Bank Arena,2025-12-03 01:00:00+00:00,,2025-12-02 20:00,EST,2025-12-03T01:00:00Z,2025-12-02,,,arkansasstateredwolves::utarlington,c13219c35ae20529f85dda24d359d46f,BetUS,h2h,2h,2025-12-03 01:00:00+00:00,2025-12-02 23:34:07+00:00,Arkansas St Red Wolves,UT-Arlington Mavericks,-195.0,167.0,,,,,,,,2025-12-03,1.0,False,143.56265258789062,0.4558649063110351,70.435905,76.96684,-0.04851103,0.9226941,76.96684,0.9226941
401823871,2025.0,2025-12-02,Arkansas State Red Wolves,UT Arlington Mavericks,0.0,0.0,,,,,False,First National Bank Arena,2025-12-03 01:00:00+00:00,,2025-12-02 20:00,EST,2025-12-03T01:00:00Z,2025-12-02,,,arkansasstateredwolves::utarlington,c13219c35ae20529f85dda24d359d46f,BetUS,spreads,full_game,2025-12-03 01:00:00+00:00,2025-12-02 23:34:07+00:00,Arkansas St Red Wolves,UT-Arlington Mavericks,,,-5.0,-110.0,5.0,-110.0,,,,2025-12-03,1.0,False,143.56265258789062,0.4558649063110351,70.435905,76.96684,-0.04851103,0.9226941,143.56265258789062,0.4558649063110351
401823871,2025.0,2025-12-02,Arkansas State Red Wolves,UT Arlington Mavericks,0.0,0.0,,,,,False,First National Bank Arena,2025-12-03 01:00:00+00:00,,2025-12-02 20:00,EST,2025-12-03T01:00:00Z,2025-12-02,,,arkansasstateredwolves::utarlington,c13219c35ae20529f85dda24d359d46f,BetUS,totals,full_game,2025-12-03 01:00:00+00:00,2025-12-02 23:34:07+00:00,Arkansas St Red Wolves,UT-Arlington Mavericks,,,,,,,152.5,-110.0,-110.0,2025-12-03,1.0,False,143.56265258789062,0.4558649063110351,70.435905,76.96684,-0.04851103,0.9226941,143.56265258789062,0.4558649063110351
401823871,2025.0,2025-12-02,Arkansas State Red Wolves,UT Arlington Mavericks,0.0,0.0,,,,,False,First National Bank Arena,2025-12-03 01:00:00+00:00,,2025-12-02 20:00,EST,2025-12-03T01:00:00Z,2025-12-02,,,arkansasstateredwolves::utarlington,c13219c35ae20529f85dda24d359d46f,Bovada,h2h,2h,2025-12-03 01:00:00+00:00,2025-12-02 23:34:11+00:00,Arkansas St Red Wolves,UT-Arlington Mavericks,-210.0,175.0,,,,,,,,2025-12-03,1.0,False,143.56265258789062,0.4558649063110351,70.435905,76.96684,-0.04851103,0.9226941,76.96684,0.9226941
401823871,2025.0,2025-12-02,Arkansas State Red Wolves,UT Arlington Mavericks,0.0,0.0,,,,,False,First National Bank Arena,2025-12-03 01:00:00+00:00,,2025-12-02 20:00,EST,2025-12-03T01:00:00Z,2025-12-02,,,arkansasstateredwolves::utarlington,c13219c35ae20529f85dda24d359d46f,Bovada,spreads,full_game,2025-12-03 01:00:00+00:00,2025-12-02 23:34:11+00:00,Arkansas St Red Wolves,UT-Arlington Mavericks,,,-5.0,-105.0,5.0,-115.0,,,,2025-12-03,1.0,False,143.56265258789062,0.4558649063110351,70.435905,76.96684,-0.04851103,0.9226941,143.56265258789062,0.4558649063110351
401823871,2025.0,2025-12-02,Arkansas State Red Wolves,UT Arlington Mavericks,0.0,0.0,,,,,False,First National Bank Arena,2025-12-03 01:00:00+00:00,,2025-12-02 20:00,EST,2025-12-03T01:00:00Z,2025-12-02,,,arkansasstateredwolves::utarlington,c13219c35ae20529f85dda24d359d46f,Bovada,totals,full_game,2025-12-03 01:00:00+00:00,2025-12-02 23:34:11+00:00,Arkansas St Red Wolves,UT-Arlington Mavericks,,,,,,,153.0,-110.0,-110.0,2025-12-03,1.0,False,143.56265258789062,0.4558649063110351,70.435905,76.96684,-0.04851103,0.9226941,143.56265258789062,0.4558649063110351
401823871,2025.0,2025-12-02,Arkansas State Red Wolves,UT Arlington Mavericks,0.0,0.0,,,,,False,First National Bank Arena,2025-12-03 01:00:00+00:00,,2025-12-02 20:00,EST,2025-12-03T01:00:00Z,2025-12-02,,,arkansasstateredwolves::utarlington,c13219c35ae20529f85dda24d359d46f,Caesars,h2h,2h,2025-12-03 01:00:00+00:00,2025-12-02 23:33:06+00:00,Arkansas St Red Wolves,UT-Arlington Mavericks,-210.0,175.0,,,,,,,,2025-12-03,1.0,False,143.56265258789062,0.4558649063110351,70.435905,76.96684,-0.04851103,0.9226941,76.96684,0.9226941
401823871,2025.0,2025-12-02,Arkansas State Red Wolves,UT Arlington Mavericks,0.0,0.0,,,,,False,First National Bank Arena,2025-12-03 01:00:00+00:00,,2025-12-02 20:00,EST,2025-12-03T01:00:00Z,2025-12-02,,,arkansasstateredwolves::utarlington,c13219c35ae20529f85dda24d359d46f,Caesars,spreads,full_game,2025-12-03 01:00:00+00:00,2025-12-02 23:33:06+00:00,Arkansas St Red Wolves,UT-Arlington Mavericks,,,-5.5,-110.0,5.5,-110.0,,,,2025-12-03,1.0,False,143.56265258789062,0.4558649063110351,70.435905,76.96684,-0.04851103,0.9226941,143.56265258789062,0.4558649063110351
401823871,2025.0,2025-12-02,Arkansas State Red Wolves,UT Arlington Mavericks,0.0,0.0,,,,,False,First National Bank Arena,2025-12-03 01:00:00+00:00,,2025-12-02 20:00,EST,2025-12-03T01:00:00Z,2025-12-02,,,arkansasstateredwolves::utarlington,c13219c35ae20529f85dda24d359d46f,Caesars,totals,full_game,2025-12-03 01:00:00+00:00,2025-12-02 23:33:06+00:00,Arkansas St Red Wolves,UT-Arlington Mavericks,,,,,,,153.5,-110.0,-110.0,2025-12-03,1.0,False,143.56265258789062,0.4558649063110351,70.435905,76.96684,-0.04851103,0.9226941,143.56265258789062,0.4558649063110351
401823871,2025.0,2025-12-02,Arkansas State Red Wolves,UT Arlington Mavericks,0.0,0.0,,,,,False,First National Bank Arena,2025-12-03 01:00:00+00:00,,2025-12-02 20:00,EST,2025-12-03T01:00:00Z,2025-12-02,,,arkansasstateredwolves::utarlington,c13219c35ae20529f85dda24d359d46f,DraftKings,h2h,2h,2025-12-03 01:00:00+00:00,2025-12-02 23:34:22+00:00,Arkansas St Red Wolves,UT-Arlington Mavericks,-192.0,160.0,,,,,,,,2025-12-03,1.0,False,143.56265258789062,0.4558649063110351,70.435905,76.96684,-0.04851103,0.9226941,76.96684,0.9226941
401823871,2025.0,2025-12-02,Arkansas State Red Wolves,UT Arlington Mavericks,0.0,0.0,,,,,False,First National Bank Arena,2025-12-03 01:00:00+00:00,,2025-12-02 20:00,EST,2025-12-03T01:00:00Z,2025-12-02,,,arkansasstateredwolves::utarlington,c13219c35ae20529f85dda24d359d46f,DraftKings,spreads,full_game,2025-12-03 01:00:00+00:00,2025-12-02 23:34:22+00:00,Arkansas St Red Wolves,UT-Arlington Mavericks,,,-4.5,-115.0,4.5,-105.0,,,,2025-12-03,1.0,False,143.56265258789062,0.4558649063110351,70.435905,76.96684,-0.04851103,0.9226941,143.56265258789062,0.4558649063110351
401823871,2025.0,2025-12-02,Arkansas State Red Wolves,UT Arlington Mavericks,0.0,0.0,,,,,False,First National Bank Arena,2025-12-03 01:00:00+00:00,,2025-12-02 20:00,EST,2025-12-03T01:00:00Z,2025-12-02,,,arkansasstateredwolves::utarlington,c13219c35ae20529f85dda24d359d46f,DraftKings,totals,full_game,2025-12-03 01:00:00+00:00,2025-12-02 23:34:22+00:00,Arkansas St Red Wolves,UT-Arlington Mavericks,,,,,,,153.5,-108.0,-112.0,2025-12-03,1.0,False,143.56265258789062,0.4558649063110351,70.435905,76.96684,-0.04851103,0.9226941,143.56265258789062,0.4558649063110351
401823871,2025.0,2025-12-02,Arkansas State Red Wolves,UT Arlington Mavericks,0.0,0.0,,,,,False,First National Bank Arena,2025-12-03 01:00:00+00:00,,2025-12-02 20:00,EST,2025-12-03T01:00:00Z,2025-12-02,,,arkansasstateredwolves::utarlington,c13219c35ae20529f85dda24d359d46f,FanDuel,h2h,2h,2025-12-03 01:00:00+00:00,2025-12-02 23:33:54+00:00,Arkansas St Red Wolves,UT-Arlington Mavericks,-210.0,168.0,,,,,,,,2025-12-03,1.0,False,143.56265258789062,0.4558649063110351,70.435905,76.96684,-0.04851103,0.9226941,76.96684,0.9226941
401823871,2025.0,2025-12-02,Arkansas State Red Wolves,UT Arlington Mavericks,0.0,0.0,,,,,False,First National Bank Arena,2025-12-03 01:00:00+00:00,,2025-12-02 20:00,EST,2025-12-03T01:00:00Z,2025-12-02,,,arkansasstateredwolves::utarlington,c13219c35ae20529f85dda24d359d46f,FanDuel,spreads,full_game,2025-12-03 01:00:00+00:00,2025-12-02 23:33:54+00:00,Arkansas St Red Wolves,UT-Arlington Mavericks,,,-4.5,-114.0,4.5,-106.0,,,,2025-12-03,1.0,False,143.56265258789062,0.4558649063110351,70.435905,76.96684,-0.04851103,0.9226941,143.56265258789062,0.4558649063110351
401823871,2025.0,2025-12-02,Arkansas State Red Wolves,UT Arlington Mavericks,0.0,0.0,,,,,False,First National Bank Arena,2025-12-03 01:00:00+00:00,,2025-12-02 20:00,EST,2025-12-03T01:00:00Z,2025-12-02,,,arkansasstateredwolves::utarlington,c13219c35ae20529f85dda24d359d46f,FanDuel,totals,full_game,2025-12-03 01:00:00+00:00,2025-12-02 23:33:54+00:00,Arkansas St Red Wolves,UT-Arlington Mavericks,,,,,,,153.5,-105.0,-115.0,2025-12-03,1.0,False,143.56265258789062,0.4558649063110351,70.435905,76.96684,-0.04851103,0.9226941,143.56265258789062,0.4558649063110351
401823871,2025.0,2025-12-02,Arkansas State Red Wolves,UT Arlington Mavericks,0.0,0.0,,,,,False,First National Bank Arena,2025-12-03 01:00:00+00:00,,2025-12-02 20:00,EST,2025-12-03T01:00:00Z,2025-12-02,,,arkansasstateredwolves::utarlington,c13219c35ae20529f85dda24d359d46f,Fanatics,h2h,2h,2025-12-03 01:00:00+00:00,2025-12-02 23:34:00+00:00,Arkansas St Red Wolves,UT-Arlington Mavericks,-200.0,165.0,,,,,,,,2025-12-03,1.0,False,143.56265258789062,0.4558649063110351,70.435905,76.96684,-0.04851103,0.9226941,76.96684,0.9226941
401823871,2025.0,2025-12-02,Arkansas State Red Wolves,UT Arlington Mavericks,0.0,0.0,,,,,False,First National Bank Arena,2025-12-03 01:00:00+00:00,,2025-12-02 20:00,EST,2025-12-03T01:00:00Z,2025-12-02,,,arkansasstateredwolves::utarlington,c13219c35ae20529f85dda24d359d46f,Fanatics,spreads,full_game,2025-12-03 01:00:00+00:00,2025-12-02 23:34:00+00:00,Arkansas St Red Wolves,UT-Arlington Mavericks,,,-5.5,-110.0,5.5,-110.0,,,,2025-12-03,1.0,False,143.56265258789062,0.4558649063110351,70.435905,76.96684,-0.04851103,0.9226941,143.56265258789062,0.4558649063110351
401823871,2025.0,2025-12-02,Arkansas State Red Wolves,UT Arlington Mavericks,0.0,0.0,,,,,False,First National Bank Arena,2025-12-03 01:00:00+00:00,,2025-12-02 20:00,EST,2025-12-03T01:00:00Z,2025-12-02,,,arkansasstateredwolves::utarlington,c13219c35ae20529f85dda24d359d46f,Fanatics,totals,full_game,2025-12-03 01:00:00+00:00,2025-12-02 23:34:00+00:00,Arkansas St Red Wolves,UT-Arlington Mavericks,,,,,,,153.0,-110.0,-110.0,2025-12-03,1.0,False,143.56265258789062,0.4558649063110351,70.435905,76.96684,-0.04851103,0.9226941,143.56265258789062,0.4558649063110351
401823871,2025.0,2025-12-02,Arkansas State Red Wolves,UT Arlington Mavericks,0.0,0.0,,,,,False,First National Bank Arena,2025-12-03 01:00:00+00:00,,2025-12-02 20:00,EST,2025-12-03T01:00:00Z,2025-12-02,,,arkansasstateredwolves::utarlington,c13219c35ae20529f85dda24d359d46f,LowVig.ag,h2h,2h,2025-12-03 01:00:00+00:00,2025-12-02 23:34:20+00:00,Arkansas St Red Wolves,UT-Arlington Mavericks,-200.0,174.0,,,,,,,,2025-12-03,1.0,False,143.56265258789062,0.4558649063110351,70.435905,76.96684,-0.04851103,0.9226941,76.96684,0.9226941
401823871,2025.0,2025-12-02,Arkansas State Red Wolves,UT Arlington Mavericks,0.0,0.0,,,,,False,First National Bank Arena,2025-12-03 01:00:00+00:00,,2025-12-02 20:00,EST,2025-12-03T01:00:00Z,2025-12-02,,,arkansasstateredwolves::utarlington,c13219c35ae20529f85dda24d359d46f,LowVig.ag,spreads,full_game,2025-12-03 01:00:00+00:00,2025-12-02 23:34:20+00:00,Arkansas St Red Wolves,UT-Arlington Mavericks,,,-5.0,-106.0,5.0,-106.0,,,,2025-12-03,1.0,False,143.56265258789062,0.4558649063110351,70.435905,76.96684,-0.04851103,0.9226941,143.56265258789062,0.4558649063110351
401823871,2025.0,2025-12-02,Arkansas State Red Wolves,UT Arlington Mavericks,0.0,0.0,,,,,False,First National Bank Arena,2025-12-03 01:00:00+00:00,,2025-12-02 20:00,EST,2025-12-03T01:00:00Z,2025-12-02,,,arkansasstateredwolves::utarlington,c13219c35ae20529f85dda24d359d46f,LowVig.ag,totals,full_game,2025-12-03 01:00:00+00:00,2025-12-02 23:34:20+00:00,Arkansas St Red Wolves,UT-Arlington Mavericks,,,,,,,153.5,-103.0,-113.0,2025-12-03,1.0,False,143.56265258789062,0.4558649063110351,70.435905,76.96684,-0.04851103,0.9226941,143.56265258789062,0.4558649063110351
401824138,2025.0,2025-12-02,Bradley Braves,Washington State Cougars,0.0,0.0,,,,,False,Carver Arena,2025-12-03 01:00:00+00:00,,2025-12-02 20:00,EST,2025-12-03T01:00:00Z,2025-12-02,,,bradley::washingtonstate,3f5960a87f738e151b4ca237bd6360cf,BetMGM,h2h,2h,2025-12-03 01:00:00+00:00,2025-12-02 23:34:07+00:00,Bradley Braves,Washington St Cougars,-325.0,260.0,,,,,,,,2025-12-03,1.0,False,144.40423583984375,-9.581737518310549,70.77565,76.82253,-4.319165,-4.671317,76.82253,-4.671317
401824138,2025.0,2025-12-02,Bradley Braves,Washington State Cougars,0.0,0.0,,,,,False,Carver Arena,2025-12-03 01:00:00+00:00,,2025-12-02 20:00,EST,2025-12-03T01:00:00Z,2025-12-02,,,bradley::washingtonstate,3f5960a87f738e151b4ca237bd6360cf,BetMGM,spreads,full_game,2025-12-03 01:00:00+00:00,2025-12-02 23:34:07+00:00,Bradley Braves,Washington St Cougars,,,-7.5,-105.0,7.5,-115.0,,,,2025-12-03,1.0,False,144.40423583984375,-9.581737518310549,70.77565,76.82253,-4.319165,-4.671317,144.40423583984375,-9.581737518310549
401824138,2025.0,2025-12-02,Bradley Braves,Washington State Cougars,0.0,0.0,,,,,False,Carver Arena,2025-12-03 01:00:00+00:00,,2025-12-02 20:00,EST,2025-12-03T01:00:00Z,2025-12-02,,,bradley::washingtonstate,3f5960a87f738e151b4ca237bd6360cf,BetMGM,totals,full_game,2025-12-03 01:00:00+00:00,2025-12-02 23:34:07+00:00,Bradley Braves,Washington St Cougars,,,,,,,148.5,-115.0,-105.0,2025-12-03,1.0,False,144.40423583984375,-9.581737518310549,70.77565,76.82253,-4.319165,-4.671317,144.40423583984375,-9.581737518310549
401824138,2025.0,2025-12-02,Bradley Braves,Washington State Cougars,0.0,0.0,,,,,False,Carver Arena,2025-12-03 01:00:00+00:00,,2025-12-02 20:00,EST,2025-12-03T01:00:00Z,2025-12-02,,,bradley::washingtonstate,3f5960a87f738e151b4ca237bd6360cf,BetOnline.ag,h2h,2h,2025-12-03 01:00:00+00:00,2025-12-02 23:34:36+00:00,Bradley Braves,Washington St Cougars,-350.0,280.0,,,,,,,,2025-12-03,1.0,False,144.40423583984375,-9.581737518310549,70.77565,76.82253,-4.319165,-4.671317,76.82253,-4.671317
401824138,2025.0,2025-12-02,Bradley Braves,Washington State Cougars,0.0,0.0,,,,,False,Carver Arena,2025-12-03 01:00:00+00:00,,2025-12-02 20:00,EST,2025-12-03T01:00:00Z,2025-12-02,,,bradley::washingtonstate,3f5960a87f738e151b4ca237bd6360cf,BetOnline.ag,spreads,full_game,2025-12-03 01:00:00+00:00,2025-12-02 23:34:36+00:00,Bradley Braves,Washington St Cougars,,,-7.0,-117.0,7.0,-103.0,,,,2025-12-03,1.0,False,144.40423583984375,-9.581737518310549,70.77565,76.82253,-4.319165,-4.671317,144.40423583984375,-9.581737518310549
401824138,2025.0,2025-12-02,Bradley Braves,Washington State Cougars,0.0,0.0,,,,,False,Carver Arena,2025-12-03 01:00:00+00:00,,2025-12-02 20:00,EST,2025-12-03T01:00:00Z,2025-12-02,,,bradley::washingtonstate,3f5960a87f738e151b4ca237bd6360cf,BetOnline.ag,totals,full_game,2025-12-03 01:00:00+00:00,2025-12-02 23:34:36+00:00,Bradley Braves,Washington St Cougars,,,,,,,149.0,-105.0,-115.0,2025-12-03,1.0,False,144.40423583984375,-9.581737518310549,70.77565,76.82253,-4.319165,-4.671317,144.40423583984375,-9.581737518310549
401824138,2025.0,2025-12-02,Bradley Braves,Washington State Cougars,0.0,0.0,,,,,False,Carver Arena,2025-12-03 01:00:00+00:00,,2025-12-02 20:00,EST,2025-12-03T01:00:00Z,2025-12-02,,,bradley::washingtonstate,3f5960a87f738e151b4ca237bd6360cf,BetRivers,h2h,2h,2025-12-03 01:00:00+00:00,2025-12-02 23:34:22+00:00,Bradley Braves,Washington St Cougars,-335.0,245.0,,,,,,,,2025-12-03,1.0,False,144.40423583984375,-9.581737518310549,70.77565,76.82253,-4.319165,-4.671317,76.82253,-4.671317
401824138,2025.0,2025-12-02,Bradley Braves,Washington State Cougars,0.0,0.0,,,,,False,Carver Arena,2025-12-03 01:00:00+00:00,,2025-12-02 20:00,EST,2025-12-03T01:00:00Z,2025-12-02,,,bradley::washingtonstate,3f5960a87f738e151b4ca237bd6360cf,BetRivers,spreads,full_game,2025-12-03 01:00:00+00:00,2025-12-02 23:34:22+00:00,Bradley Braves,Washington St Cougars,,,-7.0,-110.0,7.0,-113.0,,,,2025-12-03,1.0,False,144.40423583984375,-9.581737518310549,70.77565,76.82253,-4.319165,-4.671317,144.40423583984375,-9.581737518310549
401824138,2025.0,2025-12-02,Bradley Braves,Washington State Cougars,0.0,0.0,,,,,False,Carver Arena,2025-12-03 01:00:00+00:00,,2025-12-02 20:00,EST,2025-12-03T01:00:00Z,2025-12-02,,,bradley::washingtonstate,3f5960a87f738e151b4ca237bd6360cf,BetRivers,totals,full_game,2025-12-03 01:00:00+00:00,2025-12-02 23:34:22+00:00,Bradley Braves,Washington St Cougars,,,,,,,149.0,-112.0,-112.0,2025-12-03,1.0,False,144.40423583984375,-9.581737518310549,70.77565,76.82253,-4.319165,-4.671317,144.40423583984375,-9.581737518310549
401824138,2025.0,2025-12-02,Bradley Braves,Washington State Cougars,0.0,0.0,,,,,False,Carver Arena,2025-12-03 01:00:00+00:00,,2025-12-02 20:00,EST,2025-12-03T01:00:00Z,2025-12-02,,,bradley::washingtonstate,3f5960a87f738e151b4ca237bd6360cf,BetUS,h2h,2h,2025-12-03 01:00:00+00:00,2025-12-02 23:34:07+00:00,Bradley Braves,Washington St Cougars,-310.0,255.0,,,,,,,,2025-12-03,1.0,False,144.40423583984375,-9.581737518310549,70.77565,76.82253,-4.319165,-4.671317,76.82253,-4.671317
401824138,2025.0,2025-12-02,Bradley Braves,Washington State Cougars,0.0,0.0,,,,,False,Carver Arena,2025-12-03 01:00:00+00:00,,2025-12-02 20:00,EST,2025-12-03T01:00:00Z,2025-12-02,,,bradley::washingtonstate,3f5960a87f738e151b4ca237bd6360cf,BetUS,spreads,full_game,2025-12-03 01:00:00+00:00,2025-12-02 23:34:07+00:00,Bradley Braves,Washington St Cougars,,,-7.0,-110.0,7.0,-110.0,,,,2025-12-03,1.0,False,144.40423583984375,-9.581737518310549,70.77565,76.82253,-4.319165,-4.671317,144.40423583984375,-9.581737518310549
401824138,2025.0,2025-12-02,Bradley Braves,Washington State Cougars,0.0,0.0,,,,,False,Carver Arena,2025-12-03 01:00:00+00:00,,2025-12-02 20:00,EST,2025-12-03T01:00:00Z,2025-12-02,,,bradley::washingtonstate,3f5960a87f738e151b4ca237bd6360cf,BetUS,totals,full_game,2025-12-03 01:00:00+00:00,2025-12-02 23:34:07+00:00,Bradley Braves,Washington St Cougars,,,,,,,149.0,-110.0,-110.0,2025-12-03,1.0,False,144.40423583984375,-9.581737518310549,70.77565,76.82253,-4.319165,-4.671317,144.40423583984375,-9.581737518310549
401824138,2025.0,2025-12-02,Bradley Braves,Washington State Cougars,0.0,0.0,,,,,False,Carver Arena,2025-12-03 01:00:00+00:00,,2025-12-02 20:00,EST,2025-12-03T01:00:00Z,2025-12-02,,,bradley::washingtonstate,3f5960a87f738e151b4ca237bd6360cf,Bovada,h2h,2h,2025-12-03 01:00:00+00:00,2025-12-02 23:34:11+00:00,Bradley Braves,Washington St Cougars,-330.0,265.0,,,,,,,,2025-12-03,1.0,False,144.40423583984375,-9.581737518310549,70.77565,76.82253,-4.319165,-4.671317,76.82253,-4.671317
401824138,2025.0,2025-12-02,Bradley Braves,Washington State Cougars,0.0,0.0,,,,,False,Carver Arena,2025-12-03 01:00:00+00:00,,2025-12-02 20:00,EST,2025-12-03T01:00:00Z,2025-12-02,,,bradley::washingtonstate,3f5960a87f738e151b4ca237bd6360cf,Bovada,spreads,full_game,2025-12-03 01:00:00+00:00,2025-12-02 23:34:11+00:00,Bradley Braves,Washington St Cougars,,,-7.0,-110.0,7.0,-110.0,,,,2025-12-03,1.0,False,144.40423583984375,-9.581737518310549,70.77565,76.82253,-4.319165,-4.671317,144.40423583984375,-9.581737518310549
401824138,2025.0,2025-12-02,Bradley Braves,Washington State Cougars,0.0,0.0,,,,,False,Carver Arena,2025-12-03 01:00:00+00:00,,2025-12-02 20:00,EST,2025-12-03T01:00:00Z,2025-12-02,,,bradley::washingtonstate,3f5960a87f738e151b4ca237bd6360cf,Bovada,totals,full_game,2025-12-03 01:00:00+00:00,2025-12-02 23:34:11+00:00,Bradley Braves,Washington St Cougars,,,,,,,149.0,-110.0,-110.0,2025-12-03,1.0,False,144.40423583984375,-9.581737518310549,70.77565,76.82253,-4.319165,-4.671317,144.40423583984375,-9.581737518310549
401824138,2025.0,2025-12-02,Bradley Braves,Washington State Cougars,0.0,0.0,,,,,False,Carver Arena,2025-12-03 01:00:00+00:00,,2025-12-02 20:00,EST,2025-12-03T01:00:00Z,2025-12-02,,,bradley::washingtonstate,3f5960a87f738e151b4ca237bd6360cf,DraftKings,h2h,2h,2025-12-03 01:00:00+00:00,2025-12-02 23:34:22+00:00,Bradley Braves,Washington St Cougars,-340.0,270.0,,,,,,,,2025-12-03,1.0,False,144.40423583984375,-9.581737518310549,70.77565,76.82253,-4.319165,-4.671317,76.82253,-4.671317
401824138,2025.0,2025-12-02,Bradley Braves,Washington State Cougars,0.0,0.0,,,,,False,Carver Arena,2025-12-03 01:00:00+00:00,,2025-12-02 20:00,EST,2025-12-03T01:00:00Z,2025-12-02,,,bradley::washingtonstate,3f5960a87f738e151b4ca237bd6360cf,DraftKings,spreads,full_game,2025-12-03 01:00:00+00:00,2025-12-02 23:34:22+00:00,Bradley Braves,Washington St Cougars,,,-7.5,-108.0,7.5,-112.0,,,,2025-12-03,1.0,False,144.40423583984375,-9.581737518310549,70.77565,76.82253,-4.319165,-4.671317,144.40423583984375,-9.581737518310549
401824138,2025.0,2025-12-02,Bradley Braves,Washington State Cougars,0.0,0.0,,,,,False,Carver Arena,2025-12-03 01:00:00+00:00,,2025-12-02 20:00,EST,2025-12-03T01:00:00Z,2025-12-02,,,bradley::washingtonstate,3f5960a87f738e151b4ca237bd6360cf,DraftKings,totals,full_game,2025-12-03 01:00:00+00:00,2025-12-02 23:34:22+00:00,Bradley Braves,Washington St Cougars,,,,,,,148.5,-112.0,-108.0,2025-12-03,1.0,False,144.40423583984375,-9.581737518310549,70.77565,76.82253,-4.319165,-4.671317,144.40423583984375,-9.581737518310549
401824138,2025.0,2025-12-02,Bradley Braves,Washington State Cougars,0.0,0.0,,,,,False,Carver Arena,2025-12-03 01:00:00+00:00,,2025-12-02 20:00,EST,2025-12-03T01:00:00Z,2025-12-02,,,bradley::washingtonstate,3f5960a87f738e151b4ca237bd6360cf,FanDuel,h2h,2h,2025-12-03 01:00:00+00:00,2025-12-02 23:33:54+00:00,Bradley Braves,Washington St Cougars,-360.0,280.0,,,,,,,,2025-12-03,1.0,False,144.40423583984375,-9.581737518310549,70.77565,76.82253,-4.319165,-4.671317,76.82253,-4.671317
401824138,2025.0,2025-12-02,Bradley Braves,Washington State Cougars,0.0,0.0,,,,,False,Carver Arena,2025-12-03 01:00:00+00:00,,2025-12-02 20:00,EST,2025-12-03T01:00:00Z,2025-12-02,,,bradley::washingtonstate,3f5960a87f738e151b4ca237bd6360cf,FanDuel,spreads,full_game,2025-12-03 01:00:00+00:00,2025-12-02 23:33:54+00:00,Bradley Braves,Washington St Cougars,,,-7.5,-105.0,7.5,-115.0,,,,2025-12-03,1.0,False,144.40423583984375,-9.581737518310549,70.77565,76.82253,-4.319165,-4.671317,144.40423583984375,-9.581737518310549
401824138,2025.0,2025-12-02,Bradley Braves,Washington State Cougars,0.0,0.0,,,,,False,Carver Arena,2025-12-03 01:00:00+00:00,,2025-12-02 20:00,EST,2025-12-03T01:00:00Z,2025-12-02,,,bradley::washingtonstate,3f5960a87f738e151b4ca237bd6360cf,FanDuel,totals,full_game,2025-12-03 01:00:00+00:00,2025-12-02 23:33:54+00:00,Bradley Braves,Washington St Cougars,,,,,,,149.5,-115.0,-105.0,2025-12-03,1.0,False,144.40423583984375,-9.581737518310549,70.77565,76.82253,-4.319165,-4.671317,144.40423583984375,-9.581737518310549
401824138,2025.0,2025-12-02,Bradley Braves,Washington State Cougars,0.0,0.0,,,,,False,Carver Arena,2025-12-03 01:00:00+00:00,,2025-12-02 20:00,EST,2025-12-03T01:00:00Z,2025-12-02,,,bradley::washingtonstate,3f5960a87f738e151b4ca237bd6360cf,Fanatics,h2h,2h,2025-12-03 01:00:00+00:00,2025-12-02 23:34:00+00:00,Bradley Braves,Washington St Cougars,-325.0,250.0,,,,,,,,2025-12-03,1.0,False,144.40423583984375,-9.581737518310549,70.77565,76.82253,-4.319165,-4.671317,76.82253,-4.671317
401824138,2025.0,2025-12-02,Bradley Braves,Washington State Cougars,0.0,0.0,,,,,False,Carver Arena,2025-12-03 01:00:00+00:00,,2025-12-02 20:00,EST,2025-12-03T01:00:00Z,2025-12-02,,,bradley::washingtonstate,3f5960a87f738e151b4ca237bd6360cf,Fanatics,spreads,full_game,2025-12-03 01:00:00+00:00,2025-12-02 23:34:00+00:00,Bradley Braves,Washington St Cougars,,,-7.0,-115.0,7.0,-105.0,,,,2025-12-03,1.0,False,144.40423583984375,-9.581737518310549,70.77565,76.82253,-4.319165,-4.671317,144.40423583984375,-9.581737518310549
401824138,2025.0,2025-12-02,Bradley Braves,Washington State Cougars,0.0,0.0,,,,,False,Carver Arena,2025-12-03 01:00:00+00:00,,2025-12-02 20:00,EST,2025-12-03T01:00:00Z,2025-12-02,,,bradley::washingtonstate,3f5960a87f738e151b4ca237bd6360cf,Fanatics,totals,full_game,2025-12-03 01:00:00+00:00,2025-12-02 23:34:00+00:00,Bradley Braves,Washington St Cougars,,,,,,,149.0,-110.0,-110.0,2025-12-03,1.0,False,144.40423583984375,-9.581737518310549,70.77565,76.82253,-4.319165,-4.671317,144.40423583984375,-9.581737518310549
401824138,2025.0,2025-12-02,Bradley Braves,Washington State Cougars,0.0,0.0,,,,,False,Carver Arena,2025-12-03 01:00:00+00:00,,2025-12-02 20:00,EST,2025-12-03T01:00:00Z,2025-12-02,,,bradley::washingtonstate,3f5960a87f738e151b4ca237bd6360cf,LowVig.ag,h2h,2h,2025-12-03 01:00:00+00:00,2025-12-02 23:34:20+00:00,Bradley Braves,Washington St Cougars,-350.0,280.0,,,,,,,,2025-12-03,1.0,False,144.40423583984375,-9.581737518310549,70.77565,76.82253,-4.319165,-4.671317,76.82253,-4.671317
401824138,2025.0,2025-12-02,Bradley Braves,Washington State Cougars,0.0,0.0,,,,,False,Carver Arena,2025-12-03 01:00:00+00:00,,2025-12-02 20:00,EST,2025-12-03T01:00:00Z,2025-12-02,,,bradley::washingtonstate,3f5960a87f738e151b4ca237bd6360cf,LowVig.ag,spreads,full_game,2025-12-03 01:00:00+00:00,2025-12-02 23:34:20+00:00,Bradley Braves,Washington St Cougars,,,-7.0,-113.0,7.0,101.0,,,,2025-12-03,1.0,False,144.40423583984375,-9.581737518310549,70.77565,76.82253,-4.319165,-4.671317,144.40423583984375,-9.581737518310549
401824138,2025.0,2025-12-02,Bradley Braves,Washington State Cougars,0.0,0.0,,,,,False,Carver Arena,2025-12-03 01:00:00+00:00,,2025-12-02 20:00,EST,2025-12-03T01:00:00Z,2025-12-02,,,bradley::washingtonstate,3f5960a87f738e151b4ca237bd6360cf,LowVig.ag,totals,full_game,2025-12-03 01:00:00+00:00,2025-12-02 23:34:20+00:00,Bradley Braves,Washington St Cougars,,,,,,,149.0,-103.0,-113.0,2025-12-03,1.0,False,144.40423583984375,-9.581737518310549,70.77565,76.82253,-4.319165,-4.671317,144.40423583984375,-9.581737518310549
401825392,2025.0,2025-12-02,Michigan State Spartans,Iowa Hawkeyes,0.0,0.0,,,,,False,Breslin Center,2025-12-03 00:00:00+00:00,,2025-12-02 19:00,EST,2025-12-03T00:00:00Z,2025-12-02,,,iowahawkeyes::michiganstate,2184f6ee6879b6e33c232a7a70291552,BetMGM,h2h,2h,2025-12-03 00:00:00+00:00,2025-12-02 23:34:07+00:00,Michigan St Spartans,Iowa Hawkeyes,-225.0,185.0,,,,,,,,2025-12-03,1.0,False,99.07739639282228,3.584002017974853,75.86076,79.67578,2.7344193,-0.8947475,79.67578,-0.8947475
401825392,2025.0,2025-12-02,Michigan State Spartans,Iowa Hawkeyes,0.0,0.0,,,,,False,Breslin Center,2025-12-03 00:00:00+00:00,,2025-12-02 19:00,EST,2025-12-03T00:00:00Z,2025-12-02,,,iowahawkeyes::michiganstate,2184f6ee6879b6e33c232a7a70291552,BetMGM,spreads,full_game,2025-12-03 00:00:00+00:00,2025-12-02 23:34:07+00:00,Michigan St Spartans,Iowa Hawkeyes,,,-5.5,-102.0,5.5,-118.0,,,,2025-12-03,1.0,False,99.07739639282228,3.584002017974853,75.86076,79.67578,2.7344193,-0.8947475,99.07739639282228,3.584002017974853
401825392,2025.0,2025-12-02,Michigan State Spartans,Iowa Hawkeyes,0.0,0.0,,,,,False,Breslin Center,2025-12-03 00:00:00+00:00,,2025-12-02 19:00,EST,2025-12-03T00:00:00Z,2025-12-02,,,iowahawkeyes::michiganstate,2184f6ee6879b6e33c232a7a70291552,BetMGM,totals,full_game,2025-12-03 00:00:00+00:00,2025-12-02 23:34:07+00:00,Michigan St Spartans,Iowa Hawkeyes,,,,,,,133.5,-110.0,-110.0,2025-12-03,1.0,False,99.07739639282228,3.584002017974853,75.86076,79.67578,2.7344193,-0.8947475,99.07739639282228,3.584002017974853
401825392,2025.0,2025-12-02,Michigan State Spartans,Iowa Hawkeyes,0.0,0.0,,,,,False,Breslin Center,2025-12-03 00:00:00+00:00,,2025-12-02 19:00,EST,2025-12-03T00:00:00Z,2025-12-02,,,iowahawkeyes::michiganstate,2184f6ee6879b6e33c232a7a70291552,BetOnline.ag,h2h,2h,2025-12-03 00:00:00+00:00,2025-12-02 23:34:36+00:00,Michigan St Spartans,Iowa Hawkeyes,-230.0,192.0,,,,,,,,2025-12-03,1.0,False,99.07739639282228,3.584002017974853,75.86076,79.67578,2.7344193,-0.8947475,79.67578,-0.8947475
401825392,2025.0,2025-12-02,Michigan State Spartans,Iowa Hawkeyes,0.0,0.0,,,,,False,Breslin Center,2025-12-03 00:00:00+00:00,,2025-12-02 19:00,EST,2025-12-03T00:00:00Z,2025-12-02,,,iowahawkeyes::michiganstate,2184f6ee6879b6e33c232a7a70291552,BetOnline.ag,spreads,full_game,2025-12-03 00:00:00+00:00,2025-12-02 23:34:36+00:00,Michigan St Spartans,Iowa Hawkeyes,,,-5.0,-115.0,5.0,-105.0,,,,2025-12-03,1.0,False,99.07739639282228,3.584002017974853,75.86076,79.67578,2.7344193,-0.8947475,99.07739639282228,3.584002017974853
401825392,2025.0,2025-12-02,Michigan State Spartans,Iowa Hawkeyes,0.0,0.0,,,,,False,Breslin Center,2025-12-03 00:00:00+00:00,,2025-12-02 19:00,EST,2025-12-03T00:00:00Z,2025-12-02,,,iowahawkeyes::michiganstate,2184f6ee6879b6e33c232a7a70291552,BetOnline.ag,totals,full_game,2025-12-03 00:00:00+00:00,2025-12-02 23:34:36+00:00,Michigan St Spartans,Iowa Hawkeyes,,,,,,,134.0,-110.0,-110.0,2025-12-03,1.0,False,99.07739639282228,3.584002017974853,75.86076,79.67578,2.7344193,-0.8947475,99.07739639282228,3.584002017974853
401825392,2025.0,2025-12-02,Michigan State Spartans,Iowa Hawkeyes,0.0,0.0,,,,,False,Breslin Center,2025-12-03 00:00:00+00:00,,2025-12-02 19:00,EST,2025-12-03T00:00:00Z,2025-12-02,,,iowahawkeyes::michiganstate,2184f6ee6879b6e33c232a7a70291552,BetRivers,h2h,2h,2025-12-03 00:00:00+00:00,2025-12-02 23:34:22+00:00,Michigan St Spartans,Iowa Hawkeyes,-265.0,205.0,,,,,,,,2025-12-03,1.0,False,99.07739639282228,3.584002017974853,75.86076,79.67578,2.7344193,-0.8947475,79.67578,-0.8947475
401825392,2025.0,2025-12-02,Michigan State Spartans,Iowa Hawkeyes,0.0,0.0,,,,,False,Breslin Center,2025-12-03 00:00:00+00:00,,2025-12-02 19:00,EST,2025-12-03T00:00:00Z,2025-12-02,,,iowahawkeyes::michiganstate,2184f6ee6879b6e33c232a7a70291552,BetRivers,spreads,full_game,2025-12-03 00:00:00+00:00,2025-12-02 23:34:22+00:00,Michigan St Spartans,Iowa Hawkeyes,,,-5.5,-114.0,5.5,-108.0,,,,2025-12-03,1.0,False,99.07739639282228,3.584002017974853,75.86076,79.67578,2.7344193,-0.8947475,99.07739639282228,3.584002017974853
401825392,2025.0,2025-12-02,Michigan State Spartans,Iowa Hawkeyes,0.0,0.0,,,,,False,Breslin Center,2025-12-03 00:00:00+00:00,,2025-12-02 19:00,EST,2025-12-03T00:00:00Z,2025-12-02,,,iowahawkeyes::michiganstate,2184f6ee6879b6e33c232a7a70291552,BetRivers,totals,full_game,2025-12-03 00:00:00+00:00,2025-12-02 23:34:22+00:00,Michigan St Spartans,Iowa Hawkeyes,,,,,,,133.0,-110.0,-113.0,2025-12-03,1.0,False,99.07739639282228,3.584002017974853,75.86076,79.67578,2.7344193,-0.8947475,99.07739639282228,3.584002017974853
401825392,2025.0,2025-12-02,Michigan State Spartans,Iowa Hawkeyes,0.0,0.0,,,,,False,Breslin Center,2025-12-03 00:00:00+00:00,,2025-12-02 19:00,EST,2025-12-03T00:00:00Z,2025-12-02,,,iowahawkeyes::michiganstate,2184f6ee6879b6e33c232a7a70291552,BetUS,h2h,2h,2025-12-03 00:00:00+00:00,2025-12-02 23:34:06+00:00,Michigan St Spartans,Iowa Hawkeyes,-240.0,203.0,,,,,,,,2025-12-03,1.0,False,99.07739639282228,3.584002017974853,75.86076,79.67578,2.7344193,-0.8947475,79.67578,-0.8947475
401825392,2025.0,2025-12-02,Michigan State Spartans,Iowa Hawkeyes,0.0,0.0,,,,,False,Breslin Center,2025-12-03 00:00:00+00:00,,2025-12-02 19:00,EST,2025-12-03T00:00:00Z,2025-12-02,,,iowahawkeyes::michiganstate,2184f6ee6879b6e33c232a7a70291552,BetUS,spreads,full_game,2025-12-03 00:00:00+00:00,2025-12-02 23:34:06+00:00,Michigan St Spartans,Iowa Hawkeyes,,,-5.0,-110.0,5.0,-110.0,,,,2025-12-03,1.0,False,99.07739639282228,3.584002017974853,75.86076,79.67578,2.7344193,-0.8947475,99.07739639282228,3.584002017974853
401825392,2025.0,2025-12-02,Michigan State Spartans,Iowa Hawkeyes,0.0,0.0,,,,,False,Breslin Center,2025-12-03 00:00:00+00:00,,2025-12-02 19:00,EST,2025-12-03T00:00:00Z,2025-12-02,,,iowahawkeyes::michiganstate,2184f6ee6879b6e33c232a7a70291552,BetUS,totals,full_game,2025-12-03 00:00:00+00:00,2025-12-02 23:34:06+00:00,Michigan St Spartans,Iowa Hawkeyes,,,,,,,133.5,-110.0,-110.0,2025-12-03,1.0,False,99.07739639282228,3.584002017974853,75.86076,79.67578,2.7344193,-0.8947475,99.07739639282228,3.584002017974853
401825392,2025.0,2025-12-02,Michigan State Spartans,Iowa Hawkeyes,0.0,0.0,,,,,False,Breslin Center,2025-12-03 00:00:00+00:00,,2025-12-02 19:00,EST,2025-12-03T00:00:00Z,2025-12-02,,,iowahawkeyes::michiganstate,2184f6ee6879b6e33c232a7a70291552,Bovada,h2h,2h,2025-12-03 00:00:00+00:00,2025-12-02 23:34:10+00:00,Michigan St Spartans,Iowa Hawkeyes,-245.0,205.0,,,,,,,,2025-12-03,1.0,False,99.07739639282228,3.584002017974853,75.86076,79.67578,2.7344193,-0.8947475,79.67578,-0.8947475
401825392,2025.0,2025-12-02,Michigan State Spartans,Iowa Hawkeyes,0.0,0.0,,,,,False,Breslin Center,2025-12-03 00:00:00+00:00,,2025-12-02 19:00,EST,2025-12-03T00:00:00Z,2025-12-02,,,iowahawkeyes::michiganstate,2184f6ee6879b6e33c232a7a70291552,Bovada,spreads,full_game,2025-12-03 00:00:00+00:00,2025-12-02 23:34:10+00:00,Michigan St Spartans,Iowa Hawkeyes,,,-5.0,-115.0,5.0,-105.0,,,,2025-12-03,1.0,False,99.07739639282228,3.584002017974853,75.86076,79.67578,2.7344193,-0.8947475,99.07739639282228,3.584002017974853
401825392,2025.0,2025-12-02,Michigan State Spartans,Iowa Hawkeyes,0.0,0.0,,,,,False,Breslin Center,2025-12-03 00:00:00+00:00,,2025-12-02 19:00,EST,2025-12-03T00:00:00Z,2025-12-02,,,iowahawkeyes::michiganstate,2184f6ee6879b6e33c232a7a70291552,Bovada,totals,full_game,2025-12-03 00:00:00+00:00,2025-12-02 23:34:10+00:00,Michigan St Spartans,Iowa Hawkeyes,,,,,,,133.0,-110.0,-110.0,2025-12-03,1.0,False,99.07739639282228,3.584002017974853,75.86076,79.67578,2.7344193,-0.8947475,99.07739639282228,3.584002017974853
401825392,2025.0,2025-12-02,Michigan State Spartans,Iowa Hawkeyes,0.0,0.0,,,,,False,Breslin Center,2025-12-03 00:00:00+00:00,,2025-12-02 19:00,EST,2025-12-03T00:00:00Z,2025-12-02,,,iowahawkeyes::michiganstate,2184f6ee6879b6e33c232a7a70291552,Caesars,h2h,2h,2025-12-03 00:00:00+00:00,2025-12-02 23:33:06+00:00,Michigan St Spartans,Iowa Hawkeyes,-250.0,205.0,,,,,,,,2025-12-03,1.0,False,99.07739639282228,3.584002017974853,75.86076,79.67578,2.7344193,-0.8947475,79.67578,-0.8947475
401825392,2025.0,2025-12-02,Michigan State Spartans,Iowa Hawkeyes,0.0,0.0,,,,,False,Breslin Center,2025-12-03 00:00:00+00:00,,2025-12-02 19:00,EST,2025-12-03T00:00:00Z,2025-12-02,,,iowahawkeyes::michiganstate,2184f6ee6879b6e33c232a7a70291552,Caesars,spreads,full_game,2025-12-03 00:00:00+00:00,2025-12-02 23:33:06+00:00,Michigan St Spartans,Iowa Hawkeyes,,,-5.0,-110.0,5.0,-110.0,,,,2025-12-03,1.0,False,99.07739639282228,3.584002017974853,75.86076,79.67578,2.7344193,-0.8947475,99.07739639282228,3.584002017974853
401825392,2025.0,2025-12-02,Michigan State Spartans,Iowa Hawkeyes,0.0,0.0,,,,,False,Breslin Center,2025-12-03 00:00:00+00:00,,2025-12-02 19:00,EST,2025-12-03T00:00:00Z,2025-12-02,,,iowahawkeyes::michiganstate,2184f6ee6879b6e33c232a7a70291552,Caesars,totals,full_game,2025-12-03 00:00:00+00:00,2025-12-02 23:33:06+00:00,Michigan St Spartans,Iowa Hawkeyes,,,,,,,134.0,-110.0,-110.0,2025-12-03,1.0,False,99.07739639282228,3.584002017974853,75.86076,79.67578,2.7344193,-0.8947475,99.07739639282228,3.584002017974853
401825392,2025.0,2025-12-02,Michigan State Spartans,Iowa Hawkeyes,0.0,0.0,,,,,False,Breslin Center,2025-12-03 00:00:00+00:00,,2025-12-02 19:00,EST,2025-12-03T00:00:00Z,2025-12-02,,,iowahawkeyes::michiganstate,2184f6ee6879b6e33c232a7a70291552,DraftKings,h2h,2h,2025-12-03 00:00:00+00:00,2025-12-02 23:34:22+00:00,Michigan St Spartans,Iowa Hawkeyes,-238.0,195.0,,,,,,,,2025-12-03,1.0,False,99.07739639282228,3.584002017974853,75.86076,79.67578,2.7344193,-0.8947475,79.67578,-0.8947475
401825392,2025.0,2025-12-02,Michigan State Spartans,Iowa Hawkeyes,0.0,0.0,,,,,False,Breslin Center,2025-12-03 00:00:00+00:00,,2025-12-02 19:00,EST,2025-12-03T00:00:00Z,2025-12-02,,,iowahawkeyes::michiganstate,2184f6ee6879b6e33c232a7a70291552,DraftKings,spreads,full_game,2025-12-03 00:00:00+00:00,2025-12-02 23:34:22+00:00,Michigan St Spartans,Iowa Hawkeyes,,,-4.5,-118.0,4.5,-102.0,,,,2025-12-03,1.0,False,99.07739639282228,3.584002017974853,75.86076,79.67578,2.7344193,-0.8947475,99.07739639282228,3.584002017974853
401825392,2025.0,2025-12-02,Michigan State Spartans,Iowa Hawkeyes,0.0,0.0,,,,,False,Breslin Center,2025-12-03 00:00:00+00:00,,2025-12-02 19:00,EST,2025-12-03T00:00:00Z,2025-12-02,,,iowahawkeyes::michiganstate,2184f6ee6879b6e33c232a7a70291552,DraftKings,totals,full_game,2025-12-03 00:00:00+00:00,2025-12-02 23:34:22+00:00,Michigan St Spartans,Iowa Hawkeyes,,,,,,,133.5,-108.0,-112.0,2025-12-03,1.0,False,99.07739639282228,3.584002017974853,75.86076,79.67578,2.7344193,-0.8947475,99.07739639282228,3.584002017974853
401825392,2025.0,2025-12-02,Michigan State Spartans,Iowa Hawkeyes,0.0,0.0,,,,,False,Breslin Center,2025-12-03 00:00:00+00:00,,2025-12-02 19:00,EST,2025-12-03T00:00:00Z,2025-12-02,,,iowahawkeyes::michiganstate,2184f6ee6879b6e33c232a7a70291552,FanDuel,h2h,2h,2025-12-03 00:00:00+00:00,2025-12-02 23:33:54+00:00,Michigan St Spartans,Iowa Hawkeyes,-245.0,198.0,,,,,,,,2025-12-03,1.0,False,99.07739639282228,3.584002017974853,75.86076,79.67578,2.7344193,-0.8947475,79.67578,-0.8947475
401825392,2025.0,2025-12-02,Michigan State Spartans,Iowa Hawkeyes,0.0,0.0,,,,,False,Breslin Center,2025-12-03 00:00:00+00:00,,2025-12-02 19:00,EST,2025-12-03T00:00:00Z,2025-12-02,,,iowahawkeyes::michiganstate,2184f6ee6879b6e33c232a7a70291552,FanDuel,spreads,full_game,2025-12-03 00:00:00+00:00,2025-12-02 23:33:54+00:00,Michigan St Spartans,Iowa Hawkeyes,,,-4.5,-120.0,4.5,-102.0,,,,2025-12-03,1.0,False,99.07739639282228,3.584002017974853,75.86076,79.67578,2.7344193,-0.8947475,99.07739639282228,3.584002017974853
401825392,2025.0,2025-12-02,Michigan State Spartans,Iowa Hawkeyes,0.0,0.0,,,,,False,Breslin Center,2025-12-03 00:00:00+00:00,,2025-12-02 19:00,EST,2025-12-03T00:00:00Z,2025-12-02,,,iowahawkeyes::michiganstate,2184f6ee6879b6e33c232a7a70291552,FanDuel,totals,full_game,2025-12-03 00:00:00+00:00,2025-12-02 23:33:54+00:00,Michigan St Spartans,Iowa Hawkeyes,,,,,,,132.5,-110.0,-110.0,2025-12-03,1.0,False,99.07739639282228,3.584002017974853,75.86076,79.67578,2.7344193,-0.8947475,99.07739639282228,3.584002017974853
401825392,2025.0,2025-12-02,Michigan State Spartans,Iowa Hawkeyes,0.0,0.0,,,,,False,Breslin Center,2025-12-03 00:00:00+00:00,,2025-12-02 19:00,EST,2025-12-03T00:00:00Z,2025-12-02,,,iowahawkeyes::michiganstate,2184f6ee6879b6e33c232a7a70291552,Fanatics,h2h,2h,2025-12-03 00:00:00+00:00,2025-12-02 23:34:00+00:00,Michigan St Spartans,Iowa Hawkeyes,-240.0,190.0,,,,,,,,2025-12-03,1.0,False,99.07739639282228,3.584002017974853,75.86076,79.67578,2.7344193,-0.8947475,79.67578,-0.8947475
401825392,2025.0,2025-12-02,Michigan State Spartans,Iowa Hawkeyes,0.0,0.0,,,,,False,Breslin Center,2025-12-03 00:00:00+00:00,,2025-12-02 19:00,EST,2025-12-03T00:00:00Z,2025-12-02,,,iowahawkeyes::michiganstate,2184f6ee6879b6e33c232a7a70291552,Fanatics,spreads,full_game,2025-12-03 00:00:00+00:00,2025-12-02 23:34:00+00:00,Michigan St Spartans,Iowa Hawkeyes,,,-5.0,-115.0,5.0,-105.0,,,,2025-12-03,1.0,False,99.07739639282228,3.584002017974853,75.86076,79.67578,2.7344193,-0.8947475,99.07739639282228,3.584002017974853
401825392,2025.0,2025-12-02,Michigan State Spartans,Iowa Hawkeyes,0.0,0.0,,,,,False,Breslin Center,2025-12-03 00:00:00+00:00,,2025-12-02 19:00,EST,2025-12-03T00:00:00Z,2025-12-02,,,iowahawkeyes::michiganstate,2184f6ee6879b6e33c232a7a70291552,Fanatics,totals,full_game,2025-12-03 00:00:00+00:00,2025-12-02 23:34:00+00:00,Michigan St Spartans,Iowa Hawkeyes,,,,,,,133.0,-110.0,-110.0,2025-12-03,1.0,False,99.07739639282228,3.584002017974853,75.86076,79.67578,2.7344193,-0.8947475,99.07739639282228,3.584002017974853
401825392,2025.0,2025-12-02,Michigan State Spartans,Iowa Hawkeyes,0.0,0.0,,,,,False,Breslin Center,2025-12-03 00:00:00+00:00,,2025-12-02 19:00,EST,2025-12-03T00:00:00Z,2025-12-02,,,iowahawkeyes::michiganstate,2184f6ee6879b6e33c232a7a70291552,LowVig.ag,h2h,2h,2025-12-03 00:00:00+00:00,2025-12-02 23:34:20+00:00,Michigan St Spartans,Iowa Hawkeyes,-230.0,192.0,,,,,,,,2025-12-03,1.0,False,99.07739639282228,3.584002017974853,75.86076,79.67578,2.7344193,-0.8947475,79.67578,-0.8947475
401825392,2025.0,2025-12-02,Michigan State Spartans,Iowa Hawkeyes,0.0,0.0,,,,,False,Breslin Center,2025-12-03 00:00:00+00:00,,2025-12-02 19:00,EST,2025-12-03T00:00:00Z,2025-12-02,,,iowahawkeyes::michiganstate,2184f6ee6879b6e33c232a7a70291552,LowVig.ag,spreads,full_game,2025-12-03 00:00:00+00:00,2025-12-02 23:34:20+00:00,Michigan St Spartans,Iowa Hawkeyes,,,-5.0,-108.0,5.0,-104.0,,,,2025-12-03,1.0,False,99.07739639282228,3.584002017974853,75.86076,79.67578,2.7344193,-0.8947475,99.07739639282228,3.584002017974853
401825392,2025.0,2025-12-02,Michigan State Spartans,Iowa Hawkeyes,0.0,0.0,,,,,False,Breslin Center,2025-12-03 00:00:00+00:00,,2025-12-02 19:00,EST,2025-12-03T00:00:00Z,2025-12-02,,,iowahawkeyes::michiganstate,2184f6ee6879b6e33c232a7a70291552,LowVig.ag,totals,full_game,2025-12-03 00:00:00+00:00,2025-12-02 23:34:20+00:00,Michigan St Spartans,Iowa Hawkeyes,,,,,,,134.0,-108.0,-108.0,2025-12-03,1.0,False,99.07739639282228,3.584002017974853,75.86076,79.67578,2.7344193,-0.8947475,99.07739639282228,3.584002017974853
401825393,2025.0,2025-12-02,Rutgers Scarlet Knights,Purdue Boilermakers,0.0,0.0,,,,,False,Jersey Mike’s Arena,2025-12-03 01:00:00+00:00,,2025-12-02 20:00,EST,2025-12-03T01:00:00Z,2025-12-02,,,purdueboilermakers::rutgersscarlet,cd13567502f813c1552e25db171d5697,BetMGM,h2h,2h,2025-12-03 01:00:00+00:00,2025-12-02 23:34:07+00:00,Rutgers Scarlet Knights,Purdue Boilermakers,725.0,-1200.0,,,,,,,,2025-12-03,1.0,False,94.28803253173828,-12.27509880065918,74.37765,78.16279,-8.96152,-13.87982,78.16279,-13.87982
401825393,2025.0,2025-12-02,Rutgers Scarlet Knights,Purdue Boilermakers,0.0,0.0,,,,,False,Jersey Mike’s Arena,2025-12-03 01:00:00+00:00,,2025-12-02 20:00,EST,2025-12-03T01:00:00Z,2025-12-02,,,purdueboilermakers::rutgersscarlet,cd13567502f813c1552e25db171d5697,BetMGM,spreads,full_game,2025-12-03 01:00:00+00:00,2025-12-02 23:34:07+00:00,Rutgers Scarlet Knights,Purdue Boilermakers,,,13.5,-110.0,-13.5,-110.0,,,,2025-12-03,1.0,False,94.28803253173828,-12.27509880065918,74.37765,78.16279,-8.96152,-13.87982,94.28803253173828,-12.27509880065918
401825393,2025.0,2025-12-02,Rutgers Scarlet Knights,Purdue Boilermakers,0.0,0.0,,,,,False,Jersey Mike’s Arena,2025-12-03 01:00:00+00:00,,2025-12-02 20:00,EST,2025-12-03T01:00:00Z,2025-12-02,,,purdueboilermakers::rutgersscarlet,cd13567502f813c1552e25db171d5697,BetMGM,totals,full_game,2025-12-03 01:00:00+00:00,2025-12-02 23:34:07+00:00,Rutgers Scarlet Knights,Purdue Boilermakers,,,,,,,145.5,-105.0,-115.0,2025-12-03,1.0,False,94.28803253173828,-12.27509880065918,74.37765,78.16279,-8.96152,-13.87982,94.28803253173828,-12.27509880065918
401825393,2025.0,2025-12-02,Rutgers Scarlet Knights,Purdue Boilermakers,0.0,0.0,,,,,False,Jersey Mike’s Arena,2025-12-03 01:00:00+00:00,,2025-12-02 20:00,EST,2025-12-03T01:00:00Z,2025-12-02,,,purdueboilermakers::rutgersscarlet,cd13567502f813c1552e25db171d5697,BetOnline.ag,h2h,2h,2025-12-03 01:00:00+00:00,2025-12-02 23:34:36+00:00,Rutgers Scarlet Knights,Purdue Boilermakers,817.0,-1350.0,,,,,,,,2025-12-03,1.0,False,94.28803253173828,-12.27509880065918,74.37765,78.16279,-8.96152,-13.87982,78.16279,-13.87982
401825393,2025.0,2025-12-02,Rutgers Scarlet Knights,Purdue Boilermakers,0.0,0.0,,,,,False,Jersey Mike’s Arena,2025-12-03 01:00:00+00:00,,2025-12-02 20:00,EST,2025-12-03T01:00:00Z,2025-12-02,,,purdueboilermakers::rutgersscarlet,cd13567502f813c1552e25db171d5697,BetOnline.ag,spreads,full_game,2025-12-03 01:00:00+00:00,2025-12-02 23:34:36+00:00,Rutgers Scarlet Knights,Purdue Boilermakers,,,13.5,-104.0,-13.5,-116.0,,,,2025-12-03,1.0,False,94.28803253173828,-12.27509880065918,74.37765,78.16279,-8.96152,-13.87982,94.28803253173828,-12.27509880065918
401825393,2025.0,2025-12-02,Rutgers Scarlet Knights,Purdue Boilermakers,0.0,0.0,,,,,False,Jersey Mike’s Arena,2025-12-03 01:00:00+00:00,,2025-12-02 20:00,EST,2025-12-03T01:00:00Z,2025-12-02,,,purdueboilermakers::rutgersscarlet,cd13567502f813c1552e25db171d5697,BetOnline.ag,totals,full_game,2025-12-03 01:00:00+00:00,2025-12-02 23:34:36+00:00,Rutgers Scarlet Knights,Purdue Boilermakers,,,,,,,144.5,-107.0,-113.0,2025-12-03,1.0,False,94.28803253173828,-12.27509880065918,74.37765,78.16279,-8.96152,-13.87982,94.28803253173828,-12.27509880065918
401825393,2025.0,2025-12-02,Rutgers Scarlet Knights,Purdue Boilermakers,0.0,0.0,,,,,False,Jersey Mike’s Arena,2025-12-03 01:00:00+00:00,,2025-12-02 20:00,EST,2025-12-03T01:00:00Z,2025-12-02,,,purdueboilermakers::rutgersscarlet,cd13567502f813c1552e25db171d5697,BetRivers,h2h,2h,2025-12-03 01:00:00+00:00,2025-12-02 23:34:22+00:00,Rutgers Scarlet Knights,Purdue Boilermakers,600.0,-1115.0,,,,,,,,2025-12-03,1.0,False,94.28803253173828,-12.27509880065918,74.37765,78.16279,-8.96152,-13.87982,78.16279,-13.87982
401825393,2025.0,2025-12-02,Rutgers Scarlet Knights,Purdue Boilermakers,0.0,0.0,,,,,False,Jersey Mike’s Arena,2025-12-03 01:00:00+00:00,,2025-12-02 20:00,EST,2025-12-03T01:00:00Z,2025-12-02,,,purdueboilermakers::rutgersscarlet,cd13567502f813c1552e25db171d5697,BetRivers,spreads,full_game,2025-12-03 01:00:00+00:00,2025-12-02 23:34:22+00:00,Rutgers Scarlet Knights,Purdue Boilermakers,,,14.0,-113.0,-14.0,-110.0,,,,2025-12-03,1.0,False,94.28803253173828,-12.27509880065918,74.37765,78.16279,-8.96152,-13.87982,94.28803253173828,-12.27509880065918
401825393,2025.0,2025-12-02,Rutgers Scarlet Knights,Purdue Boilermakers,0.0,0.0,,,,,False,Jersey Mike’s Arena,2025-12-03 01:00:00+00:00,,2025-12-02 20:00,EST,2025-12-03T01:00:00Z,2025-12-02,,,purdueboilermakers::rutgersscarlet,cd13567502f813c1552e25db171d5697,BetRivers,totals,full_game,2025-12-03 01:00:00+00:00,2025-12-02 23:34:22+00:00,Rutgers Scarlet Knights,Purdue Boilermakers,,,,,,,145.0,-113.0,-110.0,2025-12-03,1.0,False,94.28803253173828,-12.27509880065918,74.37765,78.16279,-8.96152,-13.87982,94.28803253173828,-12.27509880065918
401825393,2025.0,2025-12-02,Rutgers Scarlet Knights,Purdue Boilermakers,0.0,0.0,,,,,False,Jersey Mike’s Arena,2025-12-03 01:00:00+00:00,,2025-12-02 20:00,EST,2025-12-03T01:00:00Z,2025-12-02,,,purdueboilermakers::rutgersscarlet,cd13567502f813c1552e25db171d5697,BetUS,h2h,2h,2025-12-03 01:00:00+00:00,2025-12-02 23:34:07+00:00,Rutgers Scarlet Knights,Purdue Boilermakers,830.0,-1350.0,,,,,,,,2025-12-03,1.0,False,94.28803253173828,-12.27509880065918,74.37765,78.16279,-8.96152,-13.87982,78.16279,-13.87982
401825393,2025.0,2025-12-02,Rutgers Scarlet Knights,Purdue Boilermakers,0.0,0.0,,,,,False,Jersey Mike’s Arena,2025-12-03 01:00:00+00:00,,2025-12-02 20:00,EST,2025-12-03T01:00:00Z,2025-12-02,,,purdueboilermakers::rutgersscarlet,cd13567502f813c1552e25db171d5697,BetUS,spreads,full_game,2025-12-03 01:00:00+00:00,2025-12-02 23:34:07+00:00,Rutgers Scarlet Knights,Purdue Boilermakers,,,13.5,-110.0,-13.5,-110.0,,,,2025-12-03,1.0,False,94.28803253173828,-12.27509880065918,74.37765,78.16279,-8.96152,-13.87982,94.28803253173828,-12.27509880065918
401825393,2025.0,2025-12-02,Rutgers Scarlet Knights,Purdue Boilermakers,0.0,0.0,,,,,False,Jersey Mike’s Arena,2025-12-03 01:00:00+00:00,,2025-12-02 20:00,EST,2025-12-03T01:00:00Z,2025-12-02,,,purdueboilermakers::rutgersscarlet,cd13567502f813c1552e25db171d5697,BetUS,totals,full_game,2025-12-03 01:00:00+00:00,2025-12-02 23:34:07+00:00,Rutgers Scarlet Knights,Purdue Boilermakers,,,,,,,145.0,-110.0,-110.0,2025-12-03,1.0,False,94.28803253173828,-12.27509880065918,74.37765,78.16279,-8.96152,-13.87982,94.28803253173828,-12.27509880065918
401825393,2025.0,2025-12-02,Rutgers Scarlet Knights,Purdue Boilermakers,0.0,0.0,,,,,False,Jersey Mike’s Arena,2025-12-03 01:00:00+00:00,,2025-12-02 20:00,EST,2025-12-03T01:00:00Z,2025-12-02,,,purdueboilermakers::rutgersscarlet,cd13567502f813c1552e25db171d5697,Bovada,h2h,2h,2025-12-03 01:00:00+00:00,2025-12-02 23:34:11+00:00,Rutgers Scarlet Knights,Purdue Boilermakers,725.0,-1300.0,,,,,,,,2025-12-03,1.0,False,94.28803253173828,-12.27509880065918,74.37765,78.16279,-8.96152,-13.87982,78.16279,-13.87982
401825393,2025.0,2025-12-02,Rutgers Scarlet Knights,Purdue Boilermakers,0.0,0.0,,,,,False,Jersey Mike’s Arena,2025-12-03 01:00:00+00:00,,2025-12-02 20:00,EST,2025-12-03T01:00:00Z,2025-12-02,,,purdueboilermakers::rutgersscarlet,cd13567502f813c1552e25db171d5697,Bovada,spreads,full_game,2025-12-03 01:00:00+00:00,2025-12-02 23:34:11+00:00,Rutgers Scarlet Knights,Purdue Boilermakers,,,13.5,-110.0,-13.5,-110.0,,,,2025-12-03,1.0,False,94.28803253173828,-12.27509880065918,74.37765,78.16279,-8.96152,-13.87982,94.28803253173828,-12.27509880065918
401825393,2025.0,2025-12-02,Rutgers Scarlet Knights,Purdue Boilermakers,0.0,0.0,,,,,False,Jersey Mike’s Arena,2025-12-03 01:00:00+00:00,,2025-12-02 20:00,EST,2025-12-03T01:00:00Z,2025-12-02,,,purdueboilermakers::rutgersscarlet,cd13567502f813c1552e25db171d5697,Bovada,totals,full_game,2025-12-03 01:00:00+00:00,2025-12-02 23:34:11+00:00,Rutgers Scarlet Knights,Purdue Boilermakers,,,,,,,145.0,-110.0,-110.0,2025-12-03,1.0,False,94.28803253173828,-12.27509880065918,74.37765,78.16279,-8.96152,-13.87982,94.28803253173828,-12.27509880065918
401825393,2025.0,2025-12-02,Rutgers Scarlet Knights,Purdue Boilermakers,0.0,0.0,,,,,False,Jersey Mike’s Arena,2025-12-03 01:00:00+00:00,,2025-12-02 20:00,EST,2025-12-03T01:00:00Z,2025-12-02,,,purdueboilermakers::rutgersscarlet,cd13567502f813c1552e25db171d5697,Caesars,h2h,2h,2025-12-03 01:00:00+00:00,2025-12-02 23:33:06+00:00,Rutgers Scarlet Knights,Purdue Boilermakers,800.0,-1400.0,,,,,,,,2025-12-03,1.0,False,94.28803253173828,-12.27509880065918,74.37765,78.16279,-8.96152,-13.87982,78.16279,-13.87982
401825393,2025.0,2025-12-02,Rutgers Scarlet Knights,Purdue Boilermakers,0.0,0.0,,,,,False,Jersey Mike’s Arena,2025-12-03 01:00:00+00:00,,2025-12-02 20:00,EST,2025-12-03T01:00:00Z,2025-12-02,,,purdueboilermakers::rutgersscarlet,cd13567502f813c1552e25db171d5697,Caesars,spreads,full_game,2025-12-03 01:00:00+00:00,2025-12-02 23:33:06+00:00,Rutgers Scarlet Knights,Purdue Boilermakers,,,13.5,-110.0,-13.5,-110.0,,,,2025-12-03,1.0,False,94.28803253173828,-12.27509880065918,74.37765,78.16279,-8.96152,-13.87982,94.28803253173828,-12.27509880065918
401825393,2025.0,2025-12-02,Rutgers Scarlet Knights,Purdue Boilermakers,0.0,0.0,,,,,False,Jersey Mike’s Arena,2025-12-03 01:00:00+00:00,,2025-12-02 20:00,EST,2025-12-03T01:00:00Z,2025-12-02,,,purdueboilermakers::rutgersscarlet,cd13567502f813c1552e25db171d5697,Caesars,totals,full_game,2025-12-03 01:00:00+00:00,2025-12-02 23:33:06+00:00,Rutgers Scarlet Knights,Purdue Boilermakers,,,,,,,145.5,-110.0,-110.0,2025-12-03,1.0,False,94.28803253173828,-12.27509880065918,74.37765,78.16279,-8.96152,-13.87982,94.28803253173828,-12.27509880065918
401825393,2025.0,2025-12-02,Rutgers Scarlet Knights,Purdue Boilermakers,0.0,0.0,,,,,False,Jersey Mike’s Arena,2025-12-03 01:00:00+00:00,,2025-12-02 20:00,EST,2025-12-03T01:00:00Z,2025-12-02,,,purdueboilermakers::rutgersscarlet,cd13567502f813c1552e25db171d5697,DraftKings,spreads,full_game,2025-12-03 01:00:00+00:00,2025-12-02 23:34:22+00:00,Rutgers Scarlet Knights,Purdue Boilermakers,,,13.5,-108.0,-13.5,-112.0,,,,2025-12-03,1.0,False,94.28803253173828,-12.27509880065918,74.37765,78.16279,-8.96152,-13.87982,94.28803253173828,-12.27509880065918
401825393,2025.0,2025-12-02,Rutgers Scarlet Knights,Purdue Boilermakers,0.0,0.0,,,,,False,Jersey Mike’s Arena,2025-12-03 01:00:00+00:00,,2025-12-02 20:00,EST,2025-12-03T01:00:00Z,2025-12-02,,,purdueboilermakers::rutgersscarlet,cd13567502f813c1552e25db171d5697,DraftKings,totals,full_game,2025-12-03 01:00:00+00:00,2025-12-02 23:34:22+00:00,Rutgers Scarlet Knights,Purdue Boilermakers,,,,,,,145.5,-105.0,-115.0,2025-12-03,1.0,False,94.28803253173828,-12.27509880065918,74.37765,78.16279,-8.96152,-13.87982,94.28803253173828,-12.27509880065918
401825393,2025.0,2025-12-02,Rutgers Scarlet Knights,Purdue Boilermakers,0.0,0.0,,,,,False,Jersey Mike’s Arena,2025-12-03 01:00:00+00:00,,2025-12-02 20:00,EST,2025-12-03T01:00:00Z,2025-12-02,,,purdueboilermakers::rutgersscarlet,cd13567502f813c1552e25db171d5697,FanDuel,h2h,2h,2025-12-03 01:00:00+00:00,2025-12-02 23:33:54+00:00,Rutgers Scarlet Knights,Purdue Boilermakers,760.0,-1300.0,,,,,,,,2025-12-03,1.0,False,94.28803253173828,-12.27509880065918,74.37765,78.16279,-8.96152,-13.87982,78.16279,-13.87982
401825393,2025.0,2025-12-02,Rutgers Scarlet Knights,Purdue Boilermakers,0.0,0.0,,,,,False,Jersey Mike’s Arena,2025-12-03 01:00:00+00:00,,2025-12-02 20:00,EST,2025-12-03T01:00:00Z,2025-12-02,,,purdueboilermakers::rutgersscarlet,cd13567502f813c1552e25db171d5697,FanDuel,spreads,full_game,2025-12-03 01:00:00+00:00,2025-12-02 23:33:54+00:00,Rutgers Scarlet Knights,Purdue Boilermakers,,,13.5,-105.0,-13.5,-115.0,,,,2025-12-03,1.0,False,94.28803253173828,-12.27509880065918,74.37765,78.16279,-8.96152,-13.87982,94.28803253173828,-12.27509880065918
401825393,2025.0,2025-12-02,Rutgers Scarlet Knights,Purdue Boilermakers,0.0,0.0,,,,,False,Jersey Mike’s Arena,2025-12-03 01:00:00+00:00,,2025-12-02 20:00,EST,2025-12-03T01:00:00Z,2025-12-02,,,purdueboilermakers::rutgersscarlet,cd13567502f813c1552e25db171d5697,FanDuel,totals,full_game,2025-12-03 01:00:00+00:00,2025-12-02 23:33:54+00:00,Rutgers Scarlet Knights,Purdue Boilermakers,,,,,,,144.5,-115.0,-105.0,2025-12-03,1.0,False,94.28803253173828,-12.27509880065918,74.37765,78.16279,-8.96152,-13.87982,94.28803253173828,-12.27509880065918
401825393,2025.0,2025-12-02,Rutgers Scarlet Knights,Purdue Boilermakers,0.0,0.0,,,,,False,Jersey Mike’s Arena,2025-12-03 01:00:00+00:00,,2025-12-02 20:00,EST,2025-12-03T01:00:00Z,2025-12-02,,,purdueboilermakers::rutgersscarlet,cd13567502f813c1552e25db171d5697,Fanatics,h2h,2h,2025-12-03 01:00:00+00:00,2025-12-02 23:34:00+00:00,Rutgers Scarlet Knights,Purdue Boilermakers,800.0,-1300.0,,,,,,,,2025-12-03,1.0,False,94.28803253173828,-12.27509880065918,74.37765,78.16279,-8.96152,-13.87982,78.16279,-13.87982
401825393,2025.0,2025-12-02,Rutgers Scarlet Knights,Purdue Boilermakers,0.0,0.0,,,,,False,Jersey Mike’s Arena,2025-12-03 01:00:00+00:00,,2025-12-02 20:00,EST,2025-12-03T01:00:00Z,2025-12-02,,,purdueboilermakers::rutgersscarlet,cd13567502f813c1552e25db171d5697,Fanatics,spreads,full_game,2025-12-03 01:00:00+00:00,2025-12-02 23:34:00+00:00,Rutgers Scarlet Knights,Purdue Boilermakers,,,13.5,-110.0,-13.5,-110.0,,,,2025-12-03,1.0,False,94.28803253173828,-12.27509880065918,74.37765,78.16279,-8.96152,-13.87982,94.28803253173828,-12.27509880065918
401825393,2025.0,2025-12-02,Rutgers Scarlet Knights,Purdue Boilermakers,0.0,0.0,,,,,False,Jersey Mike’s Arena,2025-12-03 01:00:00+00:00,,2025-12-02 20:00,EST,2025-12-03T01:00:00Z,2025-12-02,,,purdueboilermakers::rutgersscarlet,cd13567502f813c1552e25db171d5697,Fanatics,totals,full_game,2025-12-03 01:00:00+00:00,2025-12-02 23:34:00+00:00,Rutgers Scarlet Knights,Purdue Boilermakers,,,,,,,145.0,-110.0,-110.0,2025-12-03,1.0,False,94.28803253173828,-12.27509880065918,74.37765,78.16279,-8.96152,-13.87982,94.28803253173828,-12.27509880065918
401825393,2025.0,2025-12-02,Rutgers Scarlet Knights,Purdue Boilermakers,0.0,0.0,,,,,False,Jersey Mike’s Arena,2025-12-03 01:00:00+00:00,,2025-12-02 20:00,EST,2025-12-03T01:00:00Z,2025-12-02,,,purdueboilermakers::rutgersscarlet,cd13567502f813c1552e25db171d5697,LowVig.ag,h2h,2h,2025-12-03 01:00:00+00:00,2025-12-02 23:34:20+00:00,Rutgers Scarlet Knights,Purdue Boilermakers,817.0,-1350.0,,,,,,,,2025-12-03,1.0,False,94.28803253173828,-12.27509880065918,74.37765,78.16279,-8.96152,-13.87982,78.16279,-13.87982
401825393,2025.0,2025-12-02,Rutgers Scarlet Knights,Purdue Boilermakers,0.0,0.0,,,,,False,Jersey Mike’s Arena,2025-12-03 01:00:00+00:00,,2025-12-02 20:00,EST,2025-12-03T01:00:00Z,2025-12-02,,,purdueboilermakers::rutgersscarlet,cd13567502f813c1552e25db171d5697,LowVig.ag,spreads,full_game,2025-12-03 01:00:00+00:00,2025-12-02 23:34:20+00:00,Rutgers Scarlet Knights,Purdue Boilermakers,,,13.5,100.0,-13.5,-112.0,,,,2025-12-03,1.0,False,94.28803253173828,-12.27509880065918,74.37765,78.16279,-8.96152,-13.87982,94.28803253173828,-12.27509880065918
401825393,2025.0,2025-12-02,Rutgers Scarlet Knights,Purdue Boilermakers,0.0,0.0,,,,,False,Jersey Mike’s Arena,2025-12-03 01:00:00+00:00,,2025-12-02 20:00,EST,2025-12-03T01:00:00Z,2025-12-02,,,purdueboilermakers::rutgersscarlet,cd13567502f813c1552e25db171d5697,LowVig.ag,totals,full_game,2025-12-03 01:00:00+00:00,2025-12-02 23:34:20+00:00,Rutgers Scarlet Knights,Purdue Boilermakers,,,,,,,144.5,-105.0,-111.0,2025-12-03,1.0,False,94.28803253173828,-12.27509880065918,74.37765,78.16279,-8.96152,-13.87982,94.28803253173828,-12.27509880065918
401825394,2025.0,2025-12-02,Oregon Ducks,USC Trojans,0.0,0.0,,,,,False,Matthew Knight Arena,2025-12-03 03:00:00+00:00,,2025-12-02 22:00,EST,2025-12-03T03:00:00Z,2025-12-02,,,oregonducks::usctrojans,8b4d7b356c3c6e5548e5f9849f53d247,BetMGM,h2h,2h,2025-12-03 03:00:00+00:00,2025-12-02 23:34:07+00:00,Oregon Ducks,USC Trojans,135.0,-165.0,,,,,,,,2025-12-03,1.0,False,145.518359375,7.487702941894532,74.67304,79.18547,3.5803127,1.2972736,79.18547,1.2972736
401825394,2025.0,2025-12-02,Oregon Ducks,USC Trojans,0.0,0.0,,,,,False,Matthew Knight Arena,2025-12-03 03:00:00+00:00,,2025-12-02 22:00,EST,2025-12-03T03:00:00Z,2025-12-02,,,oregonducks::usctrojans,8b4d7b356c3c6e5548e5f9849f53d247,BetMGM,spreads,full_game,2025-12-03 03:00:00+00:00,2025-12-02 23:34:07+00:00,Oregon Ducks,USC Trojans,,,3.5,-110.0,-3.5,-110.0,,,,2025-12-03,1.0,False,145.518359375,7.487702941894532,74.67304,79.18547,3.5803127,1.2972736,145.518359375,7.487702941894532
401825394,2025.0,2025-12-02,Oregon Ducks,USC Trojans,0.0,0.0,,,,,False,Matthew Knight Arena,2025-12-03 03:00:00+00:00,,2025-12-02 22:00,EST,2025-12-03T03:00:00Z,2025-12-02,,,oregonducks::usctrojans,8b4d7b356c3c6e5548e5f9849f53d247,BetMGM,totals,full_game,2025-12-03 03:00:00+00:00,2025-12-02 23:34:07+00:00,Oregon Ducks,USC Trojans,,,,,,,154.5,-115.0,-105.0,2025-12-03,1.0,False,145.518359375,7.487702941894532,74.67304,79.18547,3.5803127,1.2972736,145.518359375,7.487702941894532
401825394,2025.0,2025-12-02,Oregon Ducks,USC Trojans,0.0,0.0,,,,,False,Matthew Knight Arena,2025-12-03 03:00:00+00:00,,2025-12-02 22:00,EST,2025-12-03T03:00:00Z,2025-12-02,,,oregonducks::usctrojans,8b4d7b356c3c6e5548e5f9849f53d247,BetOnline.ag,h2h,2h,2025-12-03 03:00:00+00:00,2025-12-02 23:34:37+00:00,Oregon Ducks,USC Trojans,147.0,-167.0,,,,,,,,2025-12-03,1.0,False,145.518359375,7.487702941894532,74.67304,79.18547,3.5803127,1.2972736,79.18547,1.2972736
401825394,2025.0,2025-12-02,Oregon Ducks,USC Trojans,0.0,0.0,,,,,False,Matthew Knight Arena,2025-12-03 03:00:00+00:00,,2025-12-02 22:00,EST,2025-12-03T03:00:00Z,2025-12-02,,,oregonducks::usctrojans,8b4d7b356c3c6e5548e5f9849f53d247,BetOnline.ag,spreads,full_game,2025-12-03 03:00:00+00:00,2025-12-02 23:34:37+00:00,Oregon Ducks,USC Trojans,,,3.5,-110.0,-3.5,-110.0,,,,2025-12-03,1.0,False,145.518359375,7.487702941894532,74.67304,79.18547,3.5803127,1.2972736,145.518359375,7.487702941894532
401825394,2025.0,2025-12-02,Oregon Ducks,USC Trojans,0.0,0.0,,,,,False,Matthew Knight Arena,2025-12-03 03:00:00+00:00,,2025-12-02 22:00,EST,2025-12-03T03:00:00Z,2025-12-02,,,oregonducks::usctrojans,8b4d7b356c3c6e5548e5f9849f53d247,BetOnline.ag,totals,full_game,2025-12-03 03:00:00+00:00,2025-12-02 23:34:37+00:00,Oregon Ducks,USC Trojans,,,,,,,154.5,-110.0,-110.0,2025-12-03,1.0,False,145.518359375,7.487702941894532,74.67304,79.18547,3.5803127,1.2972736,145.518359375,7.487702941894532
401825394,2025.0,2025-12-02,Oregon Ducks,USC Trojans,0.0,0.0,,,,,False,Matthew Knight Arena,2025-12-03 03:00:00+00:00,,2025-12-02 22:00,EST,2025-12-03T03:00:00Z,2025-12-02,,,oregonducks::usctrojans,8b4d7b356c3c6e5548e5f9849f53d247,BetRivers,h2h,2h,2025-12-03 03:00:00+00:00,2025-12-02 23:34:22+00:00,Oregon Ducks,USC Trojans,128.0,-157.0,,,,,,,,2025-12-03,1.0,False,145.518359375,7.487702941894532,74.67304,79.18547,3.5803127,1.2972736,79.18547,1.2972736
401825394,2025.0,2025-12-02,Oregon Ducks,USC Trojans,0.0,0.0,,,,,False,Matthew Knight Arena,2025-12-03 03:00:00+00:00,,2025-12-02 22:00,EST,2025-12-03T03:00:00Z,2025-12-02,,,oregonducks::usctrojans,8b4d7b356c3c6e5548e5f9849f53d247,BetRivers,spreads,full_game,2025-12-03 03:00:00+00:00,2025-12-02 23:34:22+00:00,Oregon Ducks,USC Trojans,,,3.5,-114.0,-3.5,-109.0,,,,2025-12-03,1.0,False,145.518359375,7.487702941894532,74.67304,79.18547,3.5803127,1.2972736,145.518359375,7.487702941894532
401825394,2025.0,2025-12-02,Oregon Ducks,USC Trojans,0.0,0.0,,,,,False,Matthew Knight Arena,2025-12-03 03:00:00+00:00,,2025-12-02 22:00,EST,2025-12-03T03:00:00Z,2025-12-02,,,oregonducks::usctrojans,8b4d7b356c3c6e5548e5f9849f53d247,BetRivers,totals,full_game,2025-12-03 03:00:00+00:00,2025-12-02 23:34:22+00:00,Oregon Ducks,USC Trojans,,,,,,,155.5,-109.0,-114.0,2025-12-03,1.0,False,145.518359375,7.487702941894532,74.67304,79.18547,3.5803127,1.2972736,145.518359375,7.487702941894532
401825394,2025.0,2025-12-02,Oregon Ducks,USC Trojans,0.0,0.0,,,,,False,Matthew Knight Arena,2025-12-03 03:00:00+00:00,,2025-12-02 22:00,EST,2025-12-03T03:00:00Z,2025-12-02,,,oregonducks::usctrojans,8b4d7b356c3c6e5548e5f9849f53d247,BetUS,h2h,2h,2025-12-03 03:00:00+00:00,2025-12-02 23:34:07+00:00,Oregon Ducks,USC Trojans,142.0,-165.0,,,,,,,,2025-12-03,1.0,False,145.518359375,7.487702941894532,74.67304,79.18547,3.5803127,1.2972736,79.18547,1.2972736
401825394,2025.0,2025-12-02,Oregon Ducks,USC Trojans,0.0,0.0,,,,,False,Matthew Knight Arena,2025-12-03 03:00:00+00:00,,2025-12-02 22:00,EST,2025-12-03T03:00:00Z,2025-12-02,,,oregonducks::usctrojans,8b4d7b356c3c6e5548e5f9849f53d247,BetUS,spreads,full_game,2025-12-03 03:00:00+00:00,2025-12-02 23:34:07+00:00,Oregon Ducks,USC Trojans,,,3.5,-110.0,-3.5,-110.0,,,,2025-12-03,1.0,False,145.518359375,7.487702941894532,74.67304,79.18547,3.5803127,1.2972736,145.518359375,7.487702941894532
401825394,2025.0,2025-12-02,Oregon Ducks,USC Trojans,0.0,0.0,,,,,False,Matthew Knight Arena,2025-12-03 03:00:00+00:00,,2025-12-02 22:00,EST,2025-12-03T03:00:00Z,2025-12-02,,,oregonducks::usctrojans,8b4d7b356c3c6e5548e5f9849f53d247,BetUS,totals,full_game,2025-12-03 03:00:00+00:00,2025-12-02 23:34:07+00:00,Oregon Ducks,USC Trojans,,,,,,,155.0,-110.0,-110.0,2025-12-03,1.0,False,145.518359375,7.487702941894532,74.67304,79.18547,3.5803127,1.2972736,145.518359375,7.487702941894532
401825394,2025.0,2025-12-02,Oregon Ducks,USC Trojans,0.0,0.0,,,,,False,Matthew Knight Arena,2025-12-03 03:00:00+00:00,,2025-12-02 22:00,EST,2025-12-03T03:00:00Z,2025-12-02,,,oregonducks::usctrojans,8b4d7b356c3c6e5548e5f9849f53d247,Bovada,h2h,2h,2025-12-03 03:00:00+00:00,2025-12-02 23:34:11+00:00,Oregon Ducks,USC Trojans,140.0,-165.0,,,,,,,,2025-12-03,1.0,False,145.518359375,7.487702941894532,74.67304,79.18547,3.5803127,1.2972736,79.18547,1.2972736
401825394,2025.0,2025-12-02,Oregon Ducks,USC Trojans,0.0,0.0,,,,,False,Matthew Knight Arena,2025-12-03 03:00:00+00:00,,2025-12-02 22:00,EST,2025-12-03T03:00:00Z,2025-12-02,,,oregonducks::usctrojans,8b4d7b356c3c6e5548e5f9849f53d247,Bovada,spreads,full_game,2025-12-03 03:00:00+00:00,2025-12-02 23:34:11+00:00,Oregon Ducks,USC Trojans,,,3.5,-115.0,-3.5,-105.0,,,,2025-12-03,1.0,False,145.518359375,7.487702941894532,74.67304,79.18547,3.5803127,1.2972736,145.518359375,7.487702941894532
401825394,2025.0,2025-12-02,Oregon Ducks,USC Trojans,0.0,0.0,,,,,False,Matthew Knight Arena,2025-12-03 03:00:00+00:00,,2025-12-02 22:00,EST,2025-12-03T03:00:00Z,2025-12-02,,,oregonducks::usctrojans,8b4d7b356c3c6e5548e5f9849f53d247,Bovada,totals,full_game,2025-12-03 03:00:00+00:00,2025-12-02 23:34:11+00:00,Oregon Ducks,USC Trojans,,,,,,,154.5,-110.0,-110.0,2025-12-03,1.0,False,145.518359375,7.487702941894532,74.67304,79.18547,3.5803127,1.2972736,145.518359375,7.487702941894532
401825394,2025.0,2025-12-02,Oregon Ducks,USC Trojans,0.0,0.0,,,,,False,Matthew Knight Arena,2025-12-03 03:00:00+00:00,,2025-12-02 22:00,EST,2025-12-03T03:00:00Z,2025-12-02,,,oregonducks::usctrojans,8b4d7b356c3c6e5548e5f9849f53d247,Caesars,h2h,2h,2025-12-03 03:00:00+00:00,2025-12-02 23:33:07+00:00,Oregon Ducks,USC Trojans,143.0,-170.0,,,,,,,,2025-12-03,1.0,False,145.518359375,7.487702941894532,74.67304,79.18547,3.5803127,1.2972736,79.18547,1.2972736
401825394,2025.0,2025-12-02,Oregon Ducks,USC Trojans,0.0,0.0,,,,,False,Matthew Knight Arena,2025-12-03 03:00:00+00:00,,2025-12-02 22:00,EST,2025-12-03T03:00:00Z,2025-12-02,,,oregonducks::usctrojans,8b4d7b356c3c6e5548e5f9849f53d247,Caesars,spreads,full_game,2025-12-03 03:00:00+00:00,2025-12-02 23:33:07+00:00,Oregon Ducks,USC Trojans,,,3.5,-110.0,-3.5,-110.0,,,,2025-12-03,1.0,False,145.518359375,7.487702941894532,74.67304,79.18547,3.5803127,1.2972736,145.518359375,7.487702941894532
401825394,2025.0,2025-12-02,Oregon Ducks,USC Trojans,0.0,0.0,,,,,False,Matthew Knight Arena,2025-12-03 03:00:00+00:00,,2025-12-02 22:00,EST,2025-12-03T03:00:00Z,2025-12-02,,,oregonducks::usctrojans,8b4d7b356c3c6e5548e5f9849f53d247,Caesars,totals,full_game,2025-12-03 03:00:00+00:00,2025-12-02 23:33:07+00:00,Oregon Ducks,USC Trojans,,,,,,,154.5,-110.0,-110.0,2025-12-03,1.0,False,145.518359375,7.487702941894532,74.67304,79.18547,3.5803127,1.2972736,145.518359375,7.487702941894532
401825394,2025.0,2025-12-02,Oregon Ducks,USC Trojans,0.0,0.0,,,,,False,Matthew Knight Arena,2025-12-03 03:00:00+00:00,,2025-12-02 22:00,EST,2025-12-03T03:00:00Z,2025-12-02,,,oregonducks::usctrojans,8b4d7b356c3c6e5548e5f9849f53d247,DraftKings,h2h,2h,2025-12-03 03:00:00+00:00,2025-12-02 23:34:22+00:00,Oregon Ducks,USC Trojans,136.0,-162.0,,,,,,,,2025-12-03,1.0,False,145.518359375,7.487702941894532,74.67304,79.18547,3.5803127,1.2972736,79.18547,1.2972736
401825394,2025.0,2025-12-02,Oregon Ducks,USC Trojans,0.0,0.0,,,,,False,Matthew Knight Arena,2025-12-03 03:00:00+00:00,,2025-12-02 22:00,EST,2025-12-03T03:00:00Z,2025-12-02,,,oregonducks::usctrojans,8b4d7b356c3c6e5548e5f9849f53d247,DraftKings,spreads,full_game,2025-12-03 03:00:00+00:00,2025-12-02 23:34:22+00:00,Oregon Ducks,USC Trojans,,,3.5,-112.0,-3.5,-108.0,,,,2025-12-03,1.0,False,145.518359375,7.487702941894532,74.67304,79.18547,3.5803127,1.2972736,145.518359375,7.487702941894532
401825394,2025.0,2025-12-02,Oregon Ducks,USC Trojans,0.0,0.0,,,,,False,Matthew Knight Arena,2025-12-03 03:00:00+00:00,,2025-12-02 22:00,EST,2025-12-03T03:00:00Z,2025-12-02,,,oregonducks::usctrojans,8b4d7b356c3c6e5548e5f9849f53d247,DraftKings,totals,full_game,2025-12-03 03:00:00+00:00,2025-12-02 23:34:22+00:00,Oregon Ducks,USC Trojans,,,,,,,154.5,-115.0,-105.0,2025-12-03,1.0,False,145.518359375,7.487702941894532,74.67304,79.18547,3.5803127,1.2972736,145.518359375,7.487702941894532
401825394,2025.0,2025-12-02,Oregon Ducks,USC Trojans,0.0,0.0,,,,,False,Matthew Knight Arena,2025-12-03 03:00:00+00:00,,2025-12-02 22:00,EST,2025-12-03T03:00:00Z,2025-12-02,,,oregonducks::usctrojans,8b4d7b356c3c6e5548e5f9849f53d247,FanDuel,h2h,2h,2025-12-03 03:00:00+00:00,2025-12-02 23:33:54+00:00,Oregon Ducks,USC Trojans,152.0,-184.0,,,,,,,,2025-12-03,1.0,False,145.518359375,7.487702941894532,74.67304,79.18547,3.5803127,1.2972736,79.18547,1.2972736
401825394,2025.0,2025-12-02,Oregon Ducks,USC Trojans,0.0,0.0,,,,,False,Matthew Knight Arena,2025-12-03 03:00:00+00:00,,2025-12-02 22:00,EST,2025-12-03T03:00:00Z,2025-12-02,,,oregonducks::usctrojans,8b4d7b356c3c6e5548e5f9849f53d247,FanDuel,spreads,full_game,2025-12-03 03:00:00+00:00,2025-12-02 23:33:54+00:00,Oregon Ducks,USC Trojans,,,3.5,-105.0,-3.5,-115.0,,,,2025-12-03,1.0,False,145.518359375,7.487702941894532,74.67304,79.18547,3.5803127,1.2972736,145.518359375,7.487702941894532
401825394,2025.0,2025-12-02,Oregon Ducks,USC Trojans,0.0,0.0,,,,,False,Matthew Knight Arena,2025-12-03 03:00:00+00:00,,2025-12-02 22:00,EST,2025-12-03T03:00:00Z,2025-12-02,,,oregonducks::usctrojans,8b4d7b356c3c6e5548e5f9849f53d247,FanDuel,totals,full_game,2025-12-03 03:00:00+00:00,2025-12-02 23:33:54+00:00,Oregon Ducks,USC Trojans,,,,,,,154.5,-110.0,-110.0,2025-12-03,1.0,False,145.518359375,7.487702941894532,74.67304,79.18547,3.5803127,1.2972736,145.518359375,7.487702941894532
401825394,2025.0,2025-12-02,Oregon Ducks,USC Trojans,0.0,0.0,,,,,False,Matthew Knight Arena,2025-12-03 03:00:00+00:00,,2025-12-02 22:00,EST,2025-12-03T03:00:00Z,2025-12-02,,,oregonducks::usctrojans,8b4d7b356c3c6e5548e5f9849f53d247,Fanatics,h2h,2h,2025-12-03 03:00:00+00:00,2025-12-02 23:34:00+00:00,Oregon Ducks,USC Trojans,140.0,-170.0,,,,,,,,2025-12-03,1.0,False,145.518359375,7.487702941894532,74.67304,79.18547,3.5803127,1.2972736,79.18547,1.2972736
401825394,2025.0,2025-12-02,Oregon Ducks,USC Trojans,0.0,0.0,,,,,False,Matthew Knight Arena,2025-12-03 03:00:00+00:00,,2025-12-02 22:00,EST,2025-12-03T03:00:00Z,2025-12-02,,,oregonducks::usctrojans,8b4d7b356c3c6e5548e5f9849f53d247,Fanatics,spreads,full_game,2025-12-03 03:00:00+00:00,2025-12-02 23:34:00+00:00,Oregon Ducks,USC Trojans,,,3.5,-115.0,-3.5,-105.0,,,,2025-12-03,1.0,False,145.518359375,7.487702941894532,74.67304,79.18547,3.5803127,1.2972736,145.518359375,7.487702941894532
401825394,2025.0,2025-12-02,Oregon Ducks,USC Trojans,0.0,0.0,,,,,False,Matthew Knight Arena,2025-12-03 03:00:00+00:00,,2025-12-02 22:00,EST,2025-12-03T03:00:00Z,2025-12-02,,,oregonducks::usctrojans,8b4d7b356c3c6e5548e5f9849f53d247,Fanatics,totals,full_game,2025-12-03 03:00:00+00:00,2025-12-02 23:34:00+00:00,Oregon Ducks,USC Trojans,,,,,,,154.5,-110.0,-110.0,2025-12-03,1.0,False,145.518359375,7.487702941894532,74.67304,79.18547,3.5803127,1.2972736,145.518359375,7.487702941894532
401825394,2025.0,2025-12-02,Oregon Ducks,USC Trojans,0.0,0.0,,,,,False,Matthew Knight Arena,2025-12-03 03:00:00+00:00,,2025-12-02 22:00,EST,2025-12-03T03:00:00Z,2025-12-02,,,oregonducks::usctrojans,8b4d7b356c3c6e5548e5f9849f53d247,LowVig.ag,h2h,2h,2025-12-03 03:00:00+00:00,2025-12-02 23:34:20+00:00,Oregon Ducks,USC Trojans,147.0,-167.0,,,,,,,,2025-12-03,1.0,False,145.518359375,7.487702941894532,74.67304,79.18547,3.5803127,1.2972736,79.18547,1.2972736
401825394,2025.0,2025-12-02,Oregon Ducks,USC Trojans,0.0,0.0,,,,,False,Matthew Knight Arena,2025-12-03 03:00:00+00:00,,2025-12-02 22:00,EST,2025-12-03T03:00:00Z,2025-12-02,,,oregonducks::usctrojans,8b4d7b356c3c6e5548e5f9849f53d247,LowVig.ag,spreads,full_game,2025-12-03 03:00:00+00:00,2025-12-02 23:34:20+00:00,Oregon Ducks,USC Trojans,,,3.5,-106.0,-3.5,-106.0,,,,2025-12-03,1.0,False,145.518359375,7.487702941894532,74.67304,79.18547,3.5803127,1.2972736,145.518359375,7.487702941894532
401825394,2025.0,2025-12-02,Oregon Ducks,USC Trojans,0.0,0.0,,,,,False,Matthew Knight Arena,2025-12-03 03:00:00+00:00,,2025-12-02 22:00,EST,2025-12-03T03:00:00Z,2025-12-02,,,oregonducks::usctrojans,8b4d7b356c3c6e5548e5f9849f53d247,LowVig.ag,totals,full_game,2025-12-03 03:00:00+00:00,2025-12-02 23:34:20+00:00,Oregon Ducks,USC Trojans,,,,,,,154.5,-108.0,-108.0,2025-12-03,1.0,False,145.518359375,7.487702941894532,74.67304,79.18547,3.5803127,1.2972736,145.518359375,7.487702941894532
401826703,2025.0,2025-12-02,George Mason Patriots,Cornell Big Red,0.0,0.0,,,,,False,EagleBank Arena,2025-12-03 00:00:00+00:00,,2025-12-02 19:00,EST,2025-12-03T00:00:00Z,2025-12-02,,,cornellbigred::georgemasonpatriots,ad806629404cc679f4a5e78b16a498db,BetMGM,h2h,2h,2025-12-03 00:00:00+00:00,2025-12-02 23:34:07+00:00,George Mason Patriots,Cornell Big Red,-600.0,425.0,,,,,,,,2025-12-03,1.0,False,142.77413228352864,3.975307401021322,69.81126,76.75716,1.078528,2.916574,76.75716,2.916574
401826703,2025.0,2025-12-02,George Mason Patriots,Cornell Big Red,0.0,0.0,,,,,False,EagleBank Arena,2025-12-03 00:00:00+00:00,,2025-12-02 19:00,EST,2025-12-03T00:00:00Z,2025-12-02,,,cornellbigred::georgemasonpatriots,ad806629404cc679f4a5e78b16a498db,BetMGM,spreads,full_game,2025-12-03 00:00:00+00:00,2025-12-02 23:34:07+00:00,George Mason Patriots,Cornell Big Red,,,-10.5,-110.0,10.5,-110.0,,,,2025-12-03,1.0,False,142.77413228352864,3.975307401021322,69.81126,76.75716,1.078528,2.916574,142.77413228352864,3.975307401021322
401826703,2025.0,2025-12-02,George Mason Patriots,Cornell Big Red,0.0,0.0,,,,,False,EagleBank Arena,2025-12-03 00:00:00+00:00,,2025-12-02 19:00,EST,2025-12-03T00:00:00Z,2025-12-02,,,cornellbigred::georgemasonpatriots,ad806629404cc679f4a5e78b16a498db,BetMGM,totals,full_game,2025-12-03 00:00:00+00:00,2025-12-02 23:34:07+00:00,George Mason Patriots,Cornell Big Red,,,,,,,155.5,-115.0,-105.0,2025-12-03,1.0,False,142.77413228352864,3.975307401021322,69.81126,76.75716,1.078528,2.916574,142.77413228352864,3.975307401021322
401826703,2025.0,2025-12-02,George Mason Patriots,Cornell Big Red,0.0,0.0,,,,,False,EagleBank Arena,2025-12-03 00:00:00+00:00,,2025-12-02 19:00,EST,2025-12-03T00:00:00Z,2025-12-02,,,cornellbigred::georgemasonpatriots,ad806629404cc679f4a5e78b16a498db,BetOnline.ag,h2h,2h,2025-12-03 00:00:00+00:00,2025-12-02 23:34:36+00:00,George Mason Patriots,Cornell Big Red,-600.0,446.0,,,,,,,,2025-12-03,1.0,False,142.77413228352864,3.975307401021322,69.81126,76.75716,1.078528,2.916574,76.75716,2.916574
401826703,2025.0,2025-12-02,George Mason Patriots,Cornell Big Red,0.0,0.0,,,,,False,EagleBank Arena,2025-12-03 00:00:00+00:00,,2025-12-02 19:00,EST,2025-12-03T00:00:00Z,2025-12-02,,,cornellbigred::georgemasonpatriots,ad806629404cc679f4a5e78b16a498db,BetOnline.ag,spreads,full_game,2025-12-03 00:00:00+00:00,2025-12-02 23:34:36+00:00,George Mason Patriots,Cornell Big Red,,,-10.0,-115.0,10.0,-105.0,,,,2025-12-03,1.0,False,142.77413228352864,3.975307401021322,69.81126,76.75716,1.078528,2.916574,142.77413228352864,3.975307401021322
401826703,2025.0,2025-12-02,George Mason Patriots,Cornell Big Red,0.0,0.0,,,,,False,EagleBank Arena,2025-12-03 00:00:00+00:00,,2025-12-02 19:00,EST,2025-12-03T00:00:00Z,2025-12-02,,,cornellbigred::georgemasonpatriots,ad806629404cc679f4a5e78b16a498db,BetOnline.ag,totals,full_game,2025-12-03 00:00:00+00:00,2025-12-02 23:34:36+00:00,George Mason Patriots,Cornell Big Red,,,,,,,155.5,-118.0,-102.0,2025-12-03,1.0,False,142.77413228352864,3.975307401021322,69.81126,76.75716,1.078528,2.916574,142.77413228352864,3.975307401021322
401826703,2025.0,2025-12-02,George Mason Patriots,Cornell Big Red,0.0,0.0,,,,,False,EagleBank Arena,2025-12-03 00:00:00+00:00,,2025-12-02 19:00,EST,2025-12-03T00:00:00Z,2025-12-02,,,cornellbigred::georgemasonpatriots,ad806629404cc679f4a5e78b16a498db,BetRivers,h2h,2h,2025-12-03 00:00:00+00:00,2025-12-02 23:34:22+00:00,George Mason Patriots,Cornell Big Red,-670.0,450.0,,,,,,,,2025-12-03,1.0,False,142.77413228352864,3.975307401021322,69.81126,76.75716,1.078528,2.916574,76.75716,2.916574
401826703,2025.0,2025-12-02,George Mason Patriots,Cornell Big Red,0.0,0.0,,,,,False,EagleBank Arena,2025-12-03 00:00:00+00:00,,2025-12-02 19:00,EST,2025-12-03T00:00:00Z,2025-12-02,,,cornellbigred::georgemasonpatriots,ad806629404cc679f4a5e78b16a498db,BetRivers,spreads,full_game,2025-12-03 00:00:00+00:00,2025-12-02 23:34:22+00:00,George Mason Patriots,Cornell Big Red,,,-11.0,-114.0,11.0,-109.0,,,,2025-12-03,1.0,False,142.77413228352864,3.975307401021322,69.81126,76.75716,1.078528,2.916574,142.77413228352864,3.975307401021322
401826703,2025.0,2025-12-02,George Mason Patriots,Cornell Big Red,0.0,0.0,,,,,False,EagleBank Arena,2025-12-03 00:00:00+00:00,,2025-12-02 19:00,EST,2025-12-03T00:00:00Z,2025-12-02,,,cornellbigred::georgemasonpatriots,ad806629404cc679f4a5e78b16a498db,BetRivers,totals,full_game,2025-12-03 00:00:00+00:00,2025-12-02 23:34:22+00:00,George Mason Patriots,Cornell Big Red,,,,,,,156.5,-112.0,-112.0,2025-12-03,1.0,False,142.77413228352864,3.975307401021322,69.81126,76.75716,1.078528,2.916574,142.77413228352864,3.975307401021322
401826703,2025.0,2025-12-02,George Mason Patriots,Cornell Big Red,0.0,0.0,,,,,False,EagleBank Arena,2025-12-03 00:00:00+00:00,,2025-12-02 19:00,EST,2025-12-03T00:00:00Z,2025-12-02,,,cornellbigred::georgemasonpatriots,ad806629404cc679f4a5e78b16a498db,BetUS,h2h,2h,2025-12-03 00:00:00+00:00,2025-12-02 23:34:07+00:00,George Mason Patriots,Cornell Big Red,-600.0,450.0,,,,,,,,2025-12-03,1.0,False,142.77413228352864,3.975307401021322,69.81126,76.75716,1.078528,2.916574,76.75716,2.916574
401826703,2025.0,2025-12-02,George Mason Patriots,Cornell Big Red,0.0,0.0,,,,,False,EagleBank Arena,2025-12-03 00:00:00+00:00,,2025-12-02 19:00,EST,2025-12-03T00:00:00Z,2025-12-02,,,cornellbigred::georgemasonpatriots,ad806629404cc679f4a5e78b16a498db,BetUS,spreads,full_game,2025-12-03 00:00:00+00:00,2025-12-02 23:34:07+00:00,George Mason Patriots,Cornell Big Red,,,-10.5,-110.0,10.5,-110.0,,,,2025-12-03,1.0,False,142.77413228352864,3.975307401021322,69.81126,76.75716,1.078528,2.916574,142.77413228352864,3.975307401021322
401826703,2025.0,2025-12-02,George Mason Patriots,Cornell Big Red,0.0,0.0,,,,,False,EagleBank Arena,2025-12-03 00:00:00+00:00,,2025-12-02 19:00,EST,2025-12-03T00:00:00Z,2025-12-02,,,cornellbigred::georgemasonpatriots,ad806629404cc679f4a5e78b16a498db,BetUS,totals,full_game,2025-12-03 00:00:00+00:00,2025-12-02 23:34:07+00:00,George Mason Patriots,Cornell Big Red,,,,,,,156.0,-110.0,-110.0,2025-12-03,1.0,False,142.77413228352864,3.975307401021322,69.81126,76.75716,1.078528,2.916574,142.77413228352864,3.975307401021322
401826703,2025.0,2025-12-02,George Mason Patriots,Cornell Big Red,0.0,0.0,,,,,False,EagleBank Arena,2025-12-03 00:00:00+00:00,,2025-12-02 19:00,EST,2025-12-03T00:00:00Z,2025-12-02,,,cornellbigred::georgemasonpatriots,ad806629404cc679f4a5e78b16a498db,Bovada,h2h,2h,2025-12-03 00:00:00+00:00,2025-12-02 23:34:10+00:00,George Mason Patriots,Cornell Big Red,-650.0,450.0,,,,,,,,2025-12-03,1.0,False,142.77413228352864,3.975307401021322,69.81126,76.75716,1.078528,2.916574,76.75716,2.916574
401826703,2025.0,2025-12-02,George Mason Patriots,Cornell Big Red,0.0,0.0,,,,,False,EagleBank Arena,2025-12-03 00:00:00+00:00,,2025-12-02 19:00,EST,2025-12-03T00:00:00Z,2025-12-02,,,cornellbigred::georgemasonpatriots,ad806629404cc679f4a5e78b16a498db,Bovada,spreads,full_game,2025-12-03 00:00:00+00:00,2025-12-02 23:34:10+00:00,George Mason Patriots,Cornell Big Red,,,-10.5,-110.0,10.5,-110.0,,,,2025-12-03,1.0,False,142.77413228352864,3.975307401021322,69.81126,76.75716,1.078528,2.916574,142.77413228352864,3.975307401021322
401826703,2025.0,2025-12-02,George Mason Patriots,Cornell Big Red,0.0,0.0,,,,,False,EagleBank Arena,2025-12-03 00:00:00+00:00,,2025-12-02 19:00,EST,2025-12-03T00:00:00Z,2025-12-02,,,cornellbigred::georgemasonpatriots,ad806629404cc679f4a5e78b16a498db,Bovada,totals,full_game,2025-12-03 00:00:00+00:00,2025-12-02 23:34:10+00:00,George Mason Patriots,Cornell Big Red,,,,,,,155.0,-115.0,-105.0,2025-12-03,1.0,False,142.77413228352864,3.975307401021322,69.81126,76.75716,1.078528,2.916574,142.77413228352864,3.975307401021322
401826703,2025.0,2025-12-02,George Mason Patriots,Cornell Big Red,0.0,0.0,,,,,False,EagleBank Arena,2025-12-03 00:00:00+00:00,,2025-12-02 19:00,EST,2025-12-03T00:00:00Z,2025-12-02,,,cornellbigred::georgemasonpatriots,ad806629404cc679f4a5e78b16a498db,Caesars,h2h,2h,2025-12-03 00:00:00+00:00,2025-12-02 23:33:06+00:00,George Mason Patriots,Cornell Big Red,-600.0,430.0,,,,,,,,2025-12-03,1.0,False,142.77413228352864,3.975307401021322,69.81126,76.75716,1.078528,2.916574,76.75716,2.916574
401826703,2025.0,2025-12-02,George Mason Patriots,Cornell Big Red,0.0,0.0,,,,,False,EagleBank Arena,2025-12-03 00:00:00+00:00,,2025-12-02 19:00,EST,2025-12-03T00:00:00Z,2025-12-02,,,cornellbigred::georgemasonpatriots,ad806629404cc679f4a5e78b16a498db,Caesars,spreads,full_game,2025-12-03 00:00:00+00:00,2025-12-02 23:33:06+00:00,George Mason Patriots,Cornell Big Red,,,-10.5,-110.0,10.5,-110.0,,,,2025-12-03,1.0,False,142.77413228352864,3.975307401021322,69.81126,76.75716,1.078528,2.916574,142.77413228352864,3.975307401021322
401826703,2025.0,2025-12-02,George Mason Patriots,Cornell Big Red,0.0,0.0,,,,,False,EagleBank Arena,2025-12-03 00:00:00+00:00,,2025-12-02 19:00,EST,2025-12-03T00:00:00Z,2025-12-02,,,cornellbigred::georgemasonpatriots,ad806629404cc679f4a5e78b16a498db,Caesars,totals,full_game,2025-12-03 00:00:00+00:00,2025-12-02 23:33:06+00:00,George Mason Patriots,Cornell Big Red,,,,,,,155.5,-110.0,-110.0,2025-12-03,1.0,False,142.77413228352864,3.975307401021322,69.81126,76.75716,1.078528,2.916574,142.77413228352864,3.975307401021322
401826703,2025.0,2025-12-02,George Mason Patriots,Cornell Big Red,0.0,0.0,,,,,False,EagleBank Arena,2025-12-03 00:00:00+00:00,,2025-12-02 19:00,EST,2025-12-03T00:00:00Z,2025-12-02,,,cornellbigred::georgemasonpatriots,ad806629404cc679f4a5e78b16a498db,DraftKings,h2h,2h,2025-12-03 00:00:00+00:00,2025-12-02 23:34:22+00:00,George Mason Patriots,Cornell Big Red,-625.0,455.0,,,,,,,,2025-12-03,1.0,False,142.77413228352864,3.975307401021322,69.81126,76.75716,1.078528,2.916574,76.75716,2.916574
401826703,2025.0,2025-12-02,George Mason Patriots,Cornell Big Red,0.0,0.0,,,,,False,EagleBank Arena,2025-12-03 00:00:00+00:00,,2025-12-02 19:00,EST,2025-12-03T00:00:00Z,2025-12-02,,,cornellbigred::georgemasonpatriots,ad806629404cc679f4a5e78b16a498db,DraftKings,spreads,full_game,2025-12-03 00:00:00+00:00,2025-12-02 23:34:22+00:00,George Mason Patriots,Cornell Big Red,,,-10.5,-112.0,10.5,-108.0,,,,2025-12-03,1.0,False,142.77413228352864,3.975307401021322,69.81126,76.75716,1.078528,2.916574,142.77413228352864,3.975307401021322
401826703,2025.0,2025-12-02,George Mason Patriots,Cornell Big Red,0.0,0.0,,,,,False,EagleBank Arena,2025-12-03 00:00:00+00:00,,2025-12-02 19:00,EST,2025-12-03T00:00:00Z,2025-12-02,,,cornellbigred::georgemasonpatriots,ad806629404cc679f4a5e78b16a498db,DraftKings,totals,full_game,2025-12-03 00:00:00+00:00,2025-12-02 23:34:22+00:00,George Mason Patriots,Cornell Big Red,,,,,,,155.5,-115.0,-105.0,2025-12-03,1.0,False,142.77413228352864,3.975307401021322,69.81126,76.75716,1.078528,2.916574,142.77413228352864,3.975307401021322
401826703,2025.0,2025-12-02,George Mason Patriots,Cornell Big Red,0.0,0.0,,,,,False,EagleBank Arena,2025-12-03 00:00:00+00:00,,2025-12-02 19:00,EST,2025-12-03T00:00:00Z,2025-12-02,,,cornellbigred::georgemasonpatriots,ad806629404cc679f4a5e78b16a498db,FanDuel,h2h,2h,2025-12-03 00:00:00+00:00,2025-12-02 23:33:54+00:00,George Mason Patriots,Cornell Big Red,-750.0,490.0,,,,,,,,2025-12-03,1.0,False,142.77413228352864,3.975307401021322,69.81126,76.75716,1.078528,2.916574,76.75716,2.916574
401826703,2025.0,2025-12-02,George Mason Patriots,Cornell Big Red,0.0,0.0,,,,,False,EagleBank Arena,2025-12-03 00:00:00+00:00,,2025-12-02 19:00,EST,2025-12-03T00:00:00Z,2025-12-02,,,cornellbigred::georgemasonpatriots,ad806629404cc679f4a5e78b16a498db,FanDuel,spreads,full_game,2025-12-03 00:00:00+00:00,2025-12-02 23:33:54+00:00,George Mason Patriots,Cornell Big Red,,,-10.5,-115.0,10.5,-105.0,,,,2025-12-03,1.0,False,142.77413228352864,3.975307401021322,69.81126,76.75716,1.078528,2.916574,142.77413228352864,3.975307401021322
401826703,2025.0,2025-12-02,George Mason Patriots,Cornell Big Red,0.0,0.0,,,,,False,EagleBank Arena,2025-12-03 00:00:00+00:00,,2025-12-02 19:00,EST,2025-12-03T00:00:00Z,2025-12-02,,,cornellbigred::georgemasonpatriots,ad806629404cc679f4a5e78b16a498db,FanDuel,totals,full_game,2025-12-03 00:00:00+00:00,2025-12-02 23:33:54+00:00,George Mason Patriots,Cornell Big Red,,,,,,,155.5,-110.0,-110.0,2025-12-03,1.0,False,142.77413228352864,3.975307401021322,69.81126,76.75716,1.078528,2.916574,142.77413228352864,3.975307401021322
401826703,2025.0,2025-12-02,George Mason Patriots,Cornell Big Red,0.0,0.0,,,,,False,EagleBank Arena,2025-12-03 00:00:00+00:00,,2025-12-02 19:00,EST,2025-12-03T00:00:00Z,2025-12-02,,,cornellbigred::georgemasonpatriots,ad806629404cc679f4a5e78b16a498db,Fanatics,h2h,2h,2025-12-03 00:00:00+00:00,2025-12-02 23:34:00+00:00,George Mason Patriots,Cornell Big Red,-700.0,475.0,,,,,,,,2025-12-03,1.0,False,142.77413228352864,3.975307401021322,69.81126,76.75716,1.078528,2.916574,76.75716,2.916574
401826703,2025.0,2025-12-02,George Mason Patriots,Cornell Big Red,0.0,0.0,,,,,False,EagleBank Arena,2025-12-03 00:00:00+00:00,,2025-12-02 19:00,EST,2025-12-03T00:00:00Z,2025-12-02,,,cornellbigred::georgemasonpatriots,ad806629404cc679f4a5e78b16a498db,Fanatics,spreads,full_game,2025-12-03 00:00:00+00:00,2025-12-02 23:34:00+00:00,George Mason Patriots,Cornell Big Red,,,-10.5,-110.0,10.5,-110.0,,,,2025-12-03,1.0,False,142.77413228352864,3.975307401021322,69.81126,76.75716,1.078528,2.916574,142.77413228352864,3.975307401021322
401826703,2025.0,2025-12-02,George Mason Patriots,Cornell Big Red,0.0,0.0,,,,,False,EagleBank Arena,2025-12-03 00:00:00+00:00,,2025-12-02 19:00,EST,2025-12-03T00:00:00Z,2025-12-02,,,cornellbigred::georgemasonpatriots,ad806629404cc679f4a5e78b16a498db,Fanatics,totals,full_game,2025-12-03 00:00:00+00:00,2025-12-02 23:34:00+00:00,George Mason Patriots,Cornell Big Red,,,,,,,155.0,-110.0,-110.0,2025-12-03,1.0,False,142.77413228352864,3.975307401021322,69.81126,76.75716,1.078528,2.916574,142.77413228352864,3.975307401021322
401826703,2025.0,2025-12-02,George Mason Patriots,Cornell Big Red,0.0,0.0,,,,,False,EagleBank Arena,2025-12-03 00:00:00+00:00,,2025-12-02 19:00,EST,2025-12-03T00:00:00Z,2025-12-02,,,cornellbigred::georgemasonpatriots,ad806629404cc679f4a5e78b16a498db,LowVig.ag,h2h,2h,2025-12-03 00:00:00+00:00,2025-12-02 23:34:20+00:00,George Mason Patriots,Cornell Big Red,-600.0,446.0,,,,,,,,2025-12-03,1.0,False,142.77413228352864,3.975307401021322,69.81126,76.75716,1.078528,2.916574,76.75716,2.916574
401826703,2025.0,2025-12-02,George Mason Patriots,Cornell Big Red,0.0,0.0,,,,,False,EagleBank Arena,2025-12-03 00:00:00+00:00,,2025-12-02 19:00,EST,2025-12-03T00:00:00Z,2025-12-02,,,cornellbigred::georgemasonpatriots,ad806629404cc679f4a5e78b16a498db,LowVig.ag,spreads,full_game,2025-12-03 00:00:00+00:00,2025-12-02 23:34:20+00:00,George Mason Patriots,Cornell Big Red,,,-10.0,-111.0,10.0,-101.0,,,,2025-12-03,1.0,False,142.77413228352864,3.975307401021322,69.81126,76.75716,1.078528,2.916574,142.77413228352864,3.975307401021322
401826703,2025.0,2025-12-02,George Mason Patriots,Cornell Big Red,0.0,0.0,,,,,False,EagleBank Arena,2025-12-03 00:00:00+00:00,,2025-12-02 19:00,EST,2025-12-03T00:00:00Z,2025-12-02,,,cornellbigred::georgemasonpatriots,ad806629404cc679f4a5e78b16a498db,LowVig.ag,totals,full_game,2025-12-03 00:00:00+00:00,2025-12-02 23:34:20+00:00,George Mason Patriots,Cornell Big Red,,,,,,,155.5,-117.0,100.0,2025-12-03,1.0,False,142.77413228352864,3.975307401021322,69.81126,76.75716,1.078528,2.916574,142.77413228352864,3.975307401021322
401826861,2025.0,2025-12-02,Murray State Racers,Morehead State Eagles,0.0,0.0,,,,,False,CFSB Center,2025-12-03 01:00:00+00:00,,2025-12-02 20:00,EST,2025-12-03T01:00:00Z,2025-12-02,,,moreheadstate::murraystate,8a4573594a84b847b6637d32e4f93a0e,BetMGM,h2h,2h,2025-12-03 01:00:00+00:00,2025-12-02 23:34:07+00:00,Murray St Racers,Morehead St Eagles,-2000.0,1000.0,,,,,,,,2025-12-03,1.0,False,145.2170867919922,22.17506599426269,71.208405,78.026276,9.88542,12.422899,78.026276,12.422899
401826861,2025.0,2025-12-02,Murray State Racers,Morehead State Eagles,0.0,0.0,,,,,False,CFSB Center,2025-12-03 01:00:00+00:00,,2025-12-02 20:00,EST,2025-12-03T01:00:00Z,2025-12-02,,,moreheadstate::murraystate,8a4573594a84b847b6637d32e4f93a0e,BetMGM,spreads,full_game,2025-12-03 01:00:00+00:00,2025-12-02 23:34:07+00:00,Murray St Racers,Morehead St Eagles,,,-17.5,-105.0,17.5,-115.0,,,,2025-12-03,1.0,False,145.2170867919922,22.17506599426269,71.208405,78.026276,9.88542,12.422899,145.2170867919922,22.17506599426269
401826861,2025.0,2025-12-02,Murray State Racers,Morehead State Eagles,0.0,0.0,,,,,False,CFSB Center,2025-12-03 01:00:00+00:00,,2025-12-02 20:00,EST,2025-12-03T01:00:00Z,2025-12-02,,,moreheadstate::murraystate,8a4573594a84b847b6637d32e4f93a0e,BetMGM,totals,full_game,2025-12-03 01:00:00+00:00,2025-12-02 23:34:07+00:00,Murray St Racers,Morehead St Eagles,,,,,,,158.5,-110.0,-110.0,2025-12-03,1.0,False,145.2170867919922,22.17506599426269,71.208405,78.026276,9.88542,12.422899,145.2170867919922,22.17506599426269
401826861,2025.0,2025-12-02,Murray State Racers,Morehead State Eagles,0.0,0.0,,,,,False,CFSB Center,2025-12-03 01:00:00+00:00,,2025-12-02 20:00,EST,2025-12-03T01:00:00Z,2025-12-02,,,moreheadstate::murraystate,8a4573594a84b847b6637d32e4f93a0e,BetOnline.ag,spreads,full_game,2025-12-03 01:00:00+00:00,2025-12-02 23:34:36+00:00,Murray St Racers,Morehead St Eagles,,,-17.5,-105.0,17.5,-115.0,,,,2025-12-03,1.0,False,145.2170867919922,22.17506599426269,71.208405,78.026276,9.88542,12.422899,145.2170867919922,22.17506599426269
401826861,2025.0,2025-12-02,Murray State Racers,Morehead State Eagles,0.0,0.0,,,,,False,CFSB Center,2025-12-03 01:00:00+00:00,,2025-12-02 20:00,EST,2025-12-03T01:00:00Z,2025-12-02,,,moreheadstate::murraystate,8a4573594a84b847b6637d32e4f93a0e,BetOnline.ag,totals,full_game,2025-12-03 01:00:00+00:00,2025-12-02 23:34:36+00:00,Murray St Racers,Morehead St Eagles,,,,,,,158.5,-110.0,-110.0,2025-12-03,1.0,False,145.2170867919922,22.17506599426269,71.208405,78.026276,9.88542,12.422899,145.2170867919922,22.17506599426269
401826861,2025.0,2025-12-02,Murray State Racers,Morehead State Eagles,0.0,0.0,,,,,False,CFSB Center,2025-12-03 01:00:00+00:00,,2025-12-02 20:00,EST,2025-12-03T01:00:00Z,2025-12-02,,,moreheadstate::murraystate,8a4573594a84b847b6637d32e4f93a0e,BetRivers,h2h,2h,2025-12-03 01:00:00+00:00,2025-12-02 23:34:22+00:00,Murray St Racers,Morehead St Eagles,-1667.0,800.0,,,,,,,,2025-12-03,1.0,False,145.2170867919922,22.17506599426269,71.208405,78.026276,9.88542,12.422899,78.026276,12.422899
401826861,2025.0,2025-12-02,Murray State Racers,Morehead State Eagles,0.0,0.0,,,,,False,CFSB Center,2025-12-03 01:00:00+00:00,,2025-12-02 20:00,EST,2025-12-03T01:00:00Z,2025-12-02,,,moreheadstate::murraystate,8a4573594a84b847b6637d32e4f93a0e,BetRivers,spreads,full_game,2025-12-03 01:00:00+00:00,2025-12-02 23:34:22+00:00,Murray St Racers,Morehead St Eagles,,,-17.5,-113.0,17.5,-110.0,,,,2025-12-03,1.0,False,145.2170867919922,22.17506599426269,71.208405,78.026276,9.88542,12.422899,145.2170867919922,22.17506599426269
401826861,2025.0,2025-12-02,Murray State Racers,Morehead State Eagles,0.0,0.0,,,,,False,CFSB Center,2025-12-03 01:00:00+00:00,,2025-12-02 20:00,EST,2025-12-03T01:00:00Z,2025-12-02,,,moreheadstate::murraystate,8a4573594a84b847b6637d32e4f93a0e,BetRivers,totals,full_game,2025-12-03 01:00:00+00:00,2025-12-02 23:34:22+00:00,Murray St Racers,Morehead St Eagles,,,,,,,159.0,-114.0,-109.0,2025-12-03,1.0,False,145.2170867919922,22.17506599426269,71.208405,78.026276,9.88542,12.422899,145.2170867919922,22.17506599426269
401826861,2025.0,2025-12-02,Murray State Racers,Morehead State Eagles,0.0,0.0,,,,,False,CFSB Center,2025-12-03 01:00:00+00:00,,2025-12-02 20:00,EST,2025-12-03T01:00:00Z,2025-12-02,,,moreheadstate::murraystate,8a4573594a84b847b6637d32e4f93a0e,BetUS,h2h,2h,2025-12-03 01:00:00+00:00,2025-12-02 23:34:07+00:00,Murray St Racers,Morehead St Eagles,-2250.0,1150.0,,,,,,,,2025-12-03,1.0,False,145.2170867919922,22.17506599426269,71.208405,78.026276,9.88542,12.422899,78.026276,12.422899
401826861,2025.0,2025-12-02,Murray State Racers,Morehead State Eagles,0.0,0.0,,,,,False,CFSB Center,2025-12-03 01:00:00+00:00,,2025-12-02 20:00,EST,2025-12-03T01:00:00Z,2025-12-02,,,moreheadstate::murraystate,8a4573594a84b847b6637d32e4f93a0e,BetUS,spreads,full_game,2025-12-03 01:00:00+00:00,2025-12-02 23:34:07+00:00,Murray St Racers,Morehead St Eagles,,,-17.5,-110.0,17.5,-110.0,,,,2025-12-03,1.0,False,145.2170867919922,22.17506599426269,71.208405,78.026276,9.88542,12.422899,145.2170867919922,22.17506599426269
401826861,2025.0,2025-12-02,Murray State Racers,Morehead State Eagles,0.0,0.0,,,,,False,CFSB Center,2025-12-03 01:00:00+00:00,,2025-12-02 20:00,EST,2025-12-03T01:00:00Z,2025-12-02,,,moreheadstate::murraystate,8a4573594a84b847b6637d32e4f93a0e,BetUS,totals,full_game,2025-12-03 01:00:00+00:00,2025-12-02 23:34:07+00:00,Murray St Racers,Morehead St Eagles,,,,,,,158.5,-110.0,-110.0,2025-12-03,1.0,False,145.2170867919922,22.17506599426269,71.208405,78.026276,9.88542,12.422899,145.2170867919922,22.17506599426269
401826861,2025.0,2025-12-02,Murray State Racers,Morehead State Eagles,0.0,0.0,,,,,False,CFSB Center,2025-12-03 01:00:00+00:00,,2025-12-02 20:00,EST,2025-12-03T01:00:00Z,2025-12-02,,,moreheadstate::murraystate,8a4573594a84b847b6637d32e4f93a0e,Bovada,spreads,full_game,2025-12-03 01:00:00+00:00,2025-12-02 23:34:11+00:00,Murray St Racers,Morehead St Eagles,,,-17.5,-115.0,17.5,-105.0,,,,2025-12-03,1.0,False,145.2170867919922,22.17506599426269,71.208405,78.026276,9.88542,12.422899,145.2170867919922,22.17506599426269
401826861,2025.0,2025-12-02,Murray State Racers,Morehead State Eagles,0.0,0.0,,,,,False,CFSB Center,2025-12-03 01:00:00+00:00,,2025-12-02 20:00,EST,2025-12-03T01:00:00Z,2025-12-02,,,moreheadstate::murraystate,8a4573594a84b847b6637d32e4f93a0e,Bovada,totals,full_game,2025-12-03 01:00:00+00:00,2025-12-02 23:34:11+00:00,Murray St Racers,Morehead St Eagles,,,,,,,158.5,-110.0,-110.0,2025-12-03,1.0,False,145.2170867919922,22.17506599426269,71.208405,78.026276,9.88542,12.422899,145.2170867919922,22.17506599426269
401826861,2025.0,2025-12-02,Murray State Racers,Morehead State Eagles,0.0,0.0,,,,,False,CFSB Center,2025-12-03 01:00:00+00:00,,2025-12-02 20:00,EST,2025-12-03T01:00:00Z,2025-12-02,,,moreheadstate::murraystate,8a4573594a84b847b6637d32e4f93a0e,Caesars,h2h,2h,2025-12-03 01:00:00+00:00,2025-12-02 23:33:06+00:00,Murray St Racers,Morehead St Eagles,-2400.0,1150.0,,,,,,,,2025-12-03,1.0,False,145.2170867919922,22.17506599426269,71.208405,78.026276,9.88542,12.422899,78.026276,12.422899
401826861,2025.0,2025-12-02,Murray State Racers,Morehead State Eagles,0.0,0.0,,,,,False,CFSB Center,2025-12-03 01:00:00+00:00,,2025-12-02 20:00,EST,2025-12-03T01:00:00Z,2025-12-02,,,moreheadstate::murraystate,8a4573594a84b847b6637d32e4f93a0e,Caesars,spreads,full_game,2025-12-03 01:00:00+00:00,2025-12-02 23:33:06+00:00,Murray St Racers,Morehead St Eagles,,,-17.5,-110.0,17.5,-110.0,,,,2025-12-03,1.0,False,145.2170867919922,22.17506599426269,71.208405,78.026276,9.88542,12.422899,145.2170867919922,22.17506599426269
401826861,2025.0,2025-12-02,Murray State Racers,Morehead State Eagles,0.0,0.0,,,,,False,CFSB Center,2025-12-03 01:00:00+00:00,,2025-12-02 20:00,EST,2025-12-03T01:00:00Z,2025-12-02,,,moreheadstate::murraystate,8a4573594a84b847b6637d32e4f93a0e,Caesars,totals,full_game,2025-12-03 01:00:00+00:00,2025-12-02 23:33:06+00:00,Murray St Racers,Morehead St Eagles,,,,,,,158.5,-110.0,-110.0,2025-12-03,1.0,False,145.2170867919922,22.17506599426269,71.208405,78.026276,9.88542,12.422899,145.2170867919922,22.17506599426269
401826861,2025.0,2025-12-02,Murray State Racers,Morehead State Eagles,0.0,0.0,,,,,False,CFSB Center,2025-12-03 01:00:00+00:00,,2025-12-02 20:00,EST,2025-12-03T01:00:00Z,2025-12-02,,,moreheadstate::murraystate,8a4573594a84b847b6637d32e4f93a0e,DraftKings,h2h,2h,2025-12-03 01:00:00+00:00,2025-12-02 23:34:22+00:00,Murray St Racers,Morehead St Eagles,-2400.0,1200.0,,,,,,,,2025-12-03,1.0,False,145.2170867919922,22.17506599426269,71.208405,78.026276,9.88542,12.422899,78.026276,12.422899
401826861,2025.0,2025-12-02,Murray State Racers,Morehead State Eagles,0.0,0.0,,,,,False,CFSB Center,2025-12-03 01:00:00+00:00,,2025-12-02 20:00,EST,2025-12-03T01:00:00Z,2025-12-02,,,moreheadstate::murraystate,8a4573594a84b847b6637d32e4f93a0e,DraftKings,spreads,full_game,2025-12-03 01:00:00+00:00,2025-12-02 23:34:22+00:00,Murray St Racers,Morehead St Eagles,,,-16.5,-115.0,16.5,-105.0,,,,2025-12-03,1.0,False,145.2170867919922,22.17506599426269,71.208405,78.026276,9.88542,12.422899,145.2170867919922,22.17506599426269
401826861,2025.0,2025-12-02,Murray State Racers,Morehead State Eagles,0.0,0.0,,,,,False,CFSB Center,2025-12-03 01:00:00+00:00,,2025-12-02 20:00,EST,2025-12-03T01:00:00Z,2025-12-02,,,moreheadstate::murraystate,8a4573594a84b847b6637d32e4f93a0e,DraftKings,totals,full_game,2025-12-03 01:00:00+00:00,2025-12-02 23:34:22+00:00,Murray St Racers,Morehead St Eagles,,,,,,,158.5,-108.0,-112.0,2025-12-03,1.0,False,145.2170867919922,22.17506599426269,71.208405,78.026276,9.88542,12.422899,145.2170867919922,22.17506599426269
401826861,2025.0,2025-12-02,Murray State Racers,Morehead State Eagles,0.0,0.0,,,,,False,CFSB Center,2025-12-03 01:00:00+00:00,,2025-12-02 20:00,EST,2025-12-03T01:00:00Z,2025-12-02,,,moreheadstate::murraystate,8a4573594a84b847b6637d32e4f93a0e,FanDuel,h2h,2h,2025-12-03 01:00:00+00:00,2025-12-02 23:33:54+00:00,Murray St Racers,Morehead St Eagles,-4500.0,1300.0,,,,,,,,2025-12-03,1.0,False,145.2170867919922,22.17506599426269,71.208405,78.026276,9.88542,12.422899,78.026276,12.422899
401826861,2025.0,2025-12-02,Murray State Racers,Morehead State Eagles,0.0,0.0,,,,,False,CFSB Center,2025-12-03 01:00:00+00:00,,2025-12-02 20:00,EST,2025-12-03T01:00:00Z,2025-12-02,,,moreheadstate::murraystate,8a4573594a84b847b6637d32e4f93a0e,FanDuel,spreads,full_game,2025-12-03 01:00:00+00:00,2025-12-02 23:33:54+00:00,Murray St Racers,Morehead St Eagles,,,-17.5,-104.0,17.5,-118.0,,,,2025-12-03,1.0,False,145.2170867919922,22.17506599426269,71.208405,78.026276,9.88542,12.422899,145.2170867919922,22.17506599426269
401826861,2025.0,2025-12-02,Murray State Racers,Morehead State Eagles,0.0,0.0,,,,,False,CFSB Center,2025-12-03 01:00:00+00:00,,2025-12-02 20:00,EST,2025-12-03T01:00:00Z,2025-12-02,,,moreheadstate::murraystate,8a4573594a84b847b6637d32e4f93a0e,FanDuel,totals,full_game,2025-12-03 01:00:00+00:00,2025-12-02 23:33:54+00:00,Murray St Racers,Morehead St Eagles,,,,,,,158.5,-110.0,-112.0,2025-12-03,1.0,False,145.2170867919922,22.17506599426269,71.208405,78.026276,9.88542,12.422899,145.2170867919922,22.17506599426269
401826861,2025.0,2025-12-02,Murray State Racers,Morehead State Eagles,0.0,0.0,,,,,False,CFSB Center,2025-12-03 01:00:00+00:00,,2025-12-02 20:00,EST,2025-12-03T01:00:00Z,2025-12-02,,,moreheadstate::murraystate,8a4573594a84b847b6637d32e4f93a0e,Fanatics,h2h,2h,2025-12-03 01:00:00+00:00,2025-12-02 23:34:00+00:00,Murray St Racers,Morehead St Eagles,-2500.0,1300.0,,,,,,,,2025-12-03,1.0,False,145.2170867919922,22.17506599426269,71.208405,78.026276,9.88542,12.422899,78.026276,12.422899
401826861,2025.0,2025-12-02,Murray State Racers,Morehead State Eagles,0.0,0.0,,,,,False,CFSB Center,2025-12-03 01:00:00+00:00,,2025-12-02 20:00,EST,2025-12-03T01:00:00Z,2025-12-02,,,moreheadstate::murraystate,8a4573594a84b847b6637d32e4f93a0e,Fanatics,spreads,full_game,2025-12-03 01:00:00+00:00,2025-12-02 23:34:00+00:00,Murray St Racers,Morehead St Eagles,,,-17.5,-110.0,17.5,-110.0,,,,2025-12-03,1.0,False,145.2170867919922,22.17506599426269,71.208405,78.026276,9.88542,12.422899,145.2170867919922,22.17506599426269
401826861,2025.0,2025-12-02,Murray State Racers,Morehead State Eagles,0.0,0.0,,,,,False,CFSB Center,2025-12-03 01:00:00+00:00,,2025-12-02 20:00,EST,2025-12-03T01:00:00Z,2025-12-02,,,moreheadstate::murraystate,8a4573594a84b847b6637d32e4f93a0e,Fanatics,totals,full_game,2025-12-03 01:00:00+00:00,2025-12-02 23:34:00+00:00,Murray St Racers,Morehead St Eagles,,,,,,,158.5,-110.0,-110.0,2025-12-03,1.0,False,145.2170867919922,22.17506599426269,71.208405,78.026276,9.88542,12.422899,145.2170867919922,22.17506599426269
401826861,2025.0,2025-12-02,Murray State Racers,Morehead State Eagles,0.0,0.0,,,,,False,CFSB Center,2025-12-03 01:00:00+00:00,,2025-12-02 20:00,EST,2025-12-03T01:00:00Z,2025-12-02,,,moreheadstate::murraystate,8a4573594a84b847b6637d32e4f93a0e,LowVig.ag,spreads,full_game,2025-12-03 01:00:00+00:00,2025-12-02 23:34:20+00:00,Murray St Racers,Morehead St Eagles,,,-17.5,-101.0,17.5,-111.0,,,,2025-12-03,1.0,False,145.2170867919922,22.17506599426269,71.208405,78.026276,9.88542,12.422899,145.2170867919922,22.17506599426269
401826861,2025.0,2025-12-02,Murray State Racers,Morehead State Eagles,0.0,0.0,,,,,False,CFSB Center,2025-12-03 01:00:00+00:00,,2025-12-02 20:00,EST,2025-12-03T01:00:00Z,2025-12-02,,,moreheadstate::murraystate,8a4573594a84b847b6637d32e4f93a0e,LowVig.ag,totals,full_game,2025-12-03 01:00:00+00:00,2025-12-02 23:34:20+00:00,Murray St Racers,Morehead St Eagles,,,,,,,158.5,-108.0,-108.0,2025-12-03,1.0,False,145.2170867919922,22.17506599426269,71.208405,78.026276,9.88542,12.422899,145.2170867919922,22.17506599426269
401826909,2025.0,2025-12-02,Nevada Wolf Pack,UC San Diego Tritons,0.0,0.0,,,,,False,Lawlor Events Center,2025-12-03 03:00:00+00:00,,2025-12-02 22:00,EST,2025-12-03T03:00:00Z,2025-12-02,,,nevadawolfpack::ucsandiegotritons,054ce2c95d6e441593b126adf6c7cb18,BetMGM,h2h,2h,2025-12-03 03:00:00+00:00,2025-12-02 23:34:07+00:00,Nevada Wolf Pack,UC San Diego Tritons,-250.0,200.0,,,,,,,,2025-12-03,1.0,False,153.5017333984375,15.018349075317383,72.51593,78.48184,7.7620974,8.540015,78.48184,8.540015
401826909,2025.0,2025-12-02,Nevada Wolf Pack,UC San Diego Tritons,0.0,0.0,,,,,False,Lawlor Events Center,2025-12-03 03:00:00+00:00,,2025-12-02 22:00,EST,2025-12-03T03:00:00Z,2025-12-02,,,nevadawolfpack::ucsandiegotritons,054ce2c95d6e441593b126adf6c7cb18,BetMGM,spreads,full_game,2025-12-03 03:00:00+00:00,2025-12-02 23:34:07+00:00,Nevada Wolf Pack,UC San Diego Tritons,,,-6.5,-105.0,6.5,-115.0,,,,2025-12-03,1.0,False,153.5017333984375,15.018349075317383,72.51593,78.48184,7.7620974,8.540015,153.5017333984375,15.018349075317383
401826909,2025.0,2025-12-02,Nevada Wolf Pack,UC San Diego Tritons,0.0,0.0,,,,,False,Lawlor Events Center,2025-12-03 03:00:00+00:00,,2025-12-02 22:00,EST,2025-12-03T03:00:00Z,2025-12-02,,,nevadawolfpack::ucsandiegotritons,054ce2c95d6e441593b126adf6c7cb18,BetMGM,totals,full_game,2025-12-03 03:00:00+00:00,2025-12-02 23:34:07+00:00,Nevada Wolf Pack,UC San Diego Tritons,,,,,,,149.5,-105.0,-115.0,2025-12-03,1.0,False,153.5017333984375,15.018349075317383,72.51593,78.48184,7.7620974,8.540015,153.5017333984375,15.018349075317383
401826909,2025.0,2025-12-02,Nevada Wolf Pack,UC San Diego Tritons,0.0,0.0,,,,,False,Lawlor Events Center,2025-12-03 03:00:00+00:00,,2025-12-02 22:00,EST,2025-12-03T03:00:00Z,2025-12-02,,,nevadawolfpack::ucsandiegotritons,054ce2c95d6e441593b126adf6c7cb18,BetOnline.ag,h2h,2h,2025-12-03 03:00:00+00:00,2025-12-02 23:34:37+00:00,Nevada Wolf Pack,UC San Diego Tritons,-245.0,203.0,,,,,,,,2025-12-03,1.0,False,153.5017333984375,15.018349075317383,72.51593,78.48184,7.7620974,8.540015,78.48184,8.540015
401826909,2025.0,2025-12-02,Nevada Wolf Pack,UC San Diego Tritons,0.0,0.0,,,,,False,Lawlor Events Center,2025-12-03 03:00:00+00:00,,2025-12-02 22:00,EST,2025-12-03T03:00:00Z,2025-12-02,,,nevadawolfpack::ucsandiegotritons,054ce2c95d6e441593b126adf6c7cb18,BetOnline.ag,spreads,full_game,2025-12-03 03:00:00+00:00,2025-12-02 23:34:37+00:00,Nevada Wolf Pack,UC San Diego Tritons,,,-6.0,-115.0,6.0,-105.0,,,,2025-12-03,1.0,False,153.5017333984375,15.018349075317383,72.51593,78.48184,7.7620974,8.540015,153.5017333984375,15.018349075317383
401826909,2025.0,2025-12-02,Nevada Wolf Pack,UC San Diego Tritons,0.0,0.0,,,,,False,Lawlor Events Center,2025-12-03 03:00:00+00:00,,2025-12-02 22:00,EST,2025-12-03T03:00:00Z,2025-12-02,,,nevadawolfpack::ucsandiegotritons,054ce2c95d6e441593b126adf6c7cb18,BetOnline.ag,totals,full_game,2025-12-03 03:00:00+00:00,2025-12-02 23:34:37+00:00,Nevada Wolf Pack,UC San Diego Tritons,,,,,,,149.0,-115.0,-105.0,2025-12-03,1.0,False,153.5017333984375,15.018349075317383,72.51593,78.48184,7.7620974,8.540015,153.5017333984375,15.018349075317383
401826909,2025.0,2025-12-02,Nevada Wolf Pack,UC San Diego Tritons,0.0,0.0,,,,,False,Lawlor Events Center,2025-12-03 03:00:00+00:00,,2025-12-02 22:00,EST,2025-12-03T03:00:00Z,2025-12-02,,,nevadawolfpack::ucsandiegotritons,054ce2c95d6e441593b126adf6c7cb18,BetRivers,h2h,2h,2025-12-03 03:00:00+00:00,2025-12-02 23:34:22+00:00,Nevada Wolf Pack,UC San Diego Tritons,-240.0,190.0,,,,,,,,2025-12-03,1.0,False,153.5017333984375,15.018349075317383,72.51593,78.48184,7.7620974,8.540015,78.48184,8.540015
401826909,2025.0,2025-12-02,Nevada Wolf Pack,UC San Diego Tritons,0.0,0.0,,,,,False,Lawlor Events Center,2025-12-03 03:00:00+00:00,,2025-12-02 22:00,EST,2025-12-03T03:00:00Z,2025-12-02,,,nevadawolfpack::ucsandiegotritons,054ce2c95d6e441593b126adf6c7cb18,BetRivers,spreads,full_game,2025-12-03 03:00:00+00:00,2025-12-02 23:34:22+00:00,Nevada Wolf Pack,UC San Diego Tritons,,,-5.5,-115.0,5.5,-108.0,,,,2025-12-03,1.0,False,153.5017333984375,15.018349075317383,72.51593,78.48184,7.7620974,8.540015,153.5017333984375,15.018349075317383
401826909,2025.0,2025-12-02,Nevada Wolf Pack,UC San Diego Tritons,0.0,0.0,,,,,False,Lawlor Events Center,2025-12-03 03:00:00+00:00,,2025-12-02 22:00,EST,2025-12-03T03:00:00Z,2025-12-02,,,nevadawolfpack::ucsandiegotritons,054ce2c95d6e441593b126adf6c7cb18,BetRivers,totals,full_game,2025-12-03 03:00:00+00:00,2025-12-02 23:34:22+00:00,Nevada Wolf Pack,UC San Diego Tritons,,,,,,,149.5,-110.0,-113.0,2025-12-03,1.0,False,153.5017333984375,15.018349075317383,72.51593,78.48184,7.7620974,8.540015,153.5017333984375,15.018349075317383
401826909,2025.0,2025-12-02,Nevada Wolf Pack,UC San Diego Tritons,0.0,0.0,,,,,False,Lawlor Events Center,2025-12-03 03:00:00+00:00,,2025-12-02 22:00,EST,2025-12-03T03:00:00Z,2025-12-02,,,nevadawolfpack::ucsandiegotritons,054ce2c95d6e441593b126adf6c7cb18,BetUS,h2h,2h,2025-12-03 03:00:00+00:00,2025-12-02 23:34:07+00:00,Nevada Wolf Pack,UC San Diego Tritons,-250.0,210.0,,,,,,,,2025-12-03,1.0,False,153.5017333984375,15.018349075317383,72.51593,78.48184,7.7620974,8.540015,78.48184,8.540015
401826909,2025.0,2025-12-02,Nevada Wolf Pack,UC San Diego Tritons,0.0,0.0,,,,,False,Lawlor Events Center,2025-12-03 03:00:00+00:00,,2025-12-02 22:00,EST,2025-12-03T03:00:00Z,2025-12-02,,,nevadawolfpack::ucsandiegotritons,054ce2c95d6e441593b126adf6c7cb18,BetUS,spreads,full_game,2025-12-03 03:00:00+00:00,2025-12-02 23:34:07+00:00,Nevada Wolf Pack,UC San Diego Tritons,,,-6.0,-110.0,6.0,-110.0,,,,2025-12-03,1.0,False,153.5017333984375,15.018349075317383,72.51593,78.48184,7.7620974,8.540015,153.5017333984375,15.018349075317383
401826909,2025.0,2025-12-02,Nevada Wolf Pack,UC San Diego Tritons,0.0,0.0,,,,,False,Lawlor Events Center,2025-12-03 03:00:00+00:00,,2025-12-02 22:00,EST,2025-12-03T03:00:00Z,2025-12-02,,,nevadawolfpack::ucsandiegotritons,054ce2c95d6e441593b126adf6c7cb18,BetUS,totals,full_game,2025-12-03 03:00:00+00:00,2025-12-02 23:34:07+00:00,Nevada Wolf Pack,UC San Diego Tritons,,,,,,,149.0,-110.0,-110.0,2025-12-03,1.0,False,153.5017333984375,15.018349075317383,72.51593,78.48184,7.7620974,8.540015,153.5017333984375,15.018349075317383
401826909,2025.0,2025-12-02,Nevada Wolf Pack,UC San Diego Tritons,0.0,0.0,,,,,False,Lawlor Events Center,2025-12-03 03:00:00+00:00,,2025-12-02 22:00,EST,2025-12-03T03:00:00Z,2025-12-02,,,nevadawolfpack::ucsandiegotritons,054ce2c95d6e441593b126adf6c7cb18,Bovada,h2h,2h,2025-12-03 03:00:00+00:00,2025-12-02 23:34:11+00:00,Nevada Wolf Pack,UC San Diego Tritons,-235.0,195.0,,,,,,,,2025-12-03,1.0,False,153.5017333984375,15.018349075317383,72.51593,78.48184,7.7620974,8.540015,78.48184,8.540015
401826909,2025.0,2025-12-02,Nevada Wolf Pack,UC San Diego Tritons,0.0,0.0,,,,,False,Lawlor Events Center,2025-12-03 03:00:00+00:00,,2025-12-02 22:00,EST,2025-12-03T03:00:00Z,2025-12-02,,,nevadawolfpack::ucsandiegotritons,054ce2c95d6e441593b126adf6c7cb18,Bovada,spreads,full_game,2025-12-03 03:00:00+00:00,2025-12-02 23:34:11+00:00,Nevada Wolf Pack,UC San Diego Tritons,,,-6.0,-105.0,6.0,-115.0,,,,2025-12-03,1.0,False,153.5017333984375,15.018349075317383,72.51593,78.48184,7.7620974,8.540015,153.5017333984375,15.018349075317383
401826909,2025.0,2025-12-02,Nevada Wolf Pack,UC San Diego Tritons,0.0,0.0,,,,,False,Lawlor Events Center,2025-12-03 03:00:00+00:00,,2025-12-02 22:00,EST,2025-12-03T03:00:00Z,2025-12-02,,,nevadawolfpack::ucsandiegotritons,054ce2c95d6e441593b126adf6c7cb18,Bovada,totals,full_game,2025-12-03 03:00:00+00:00,2025-12-02 23:34:11+00:00,Nevada Wolf Pack,UC San Diego Tritons,,,,,,,149.5,-110.0,-110.0,2025-12-03,1.0,False,153.5017333984375,15.018349075317383,72.51593,78.48184,7.7620974,8.540015,153.5017333984375,15.018349075317383
401826909,2025.0,2025-12-02,Nevada Wolf Pack,UC San Diego Tritons,0.0,0.0,,,,,False,Lawlor Events Center,2025-12-03 03:00:00+00:00,,2025-12-02 22:00,EST,2025-12-03T03:00:00Z,2025-12-02,,,nevadawolfpack::ucsandiegotritons,054ce2c95d6e441593b126adf6c7cb18,Caesars,h2h,2h,2025-12-03 03:00:00+00:00,2025-12-02 23:33:07+00:00,Nevada Wolf Pack,UC San Diego Tritons,-250.0,205.0,,,,,,,,2025-12-03,1.0,False,153.5017333984375,15.018349075317383,72.51593,78.48184,7.7620974,8.540015,78.48184,8.540015
401826909,2025.0,2025-12-02,Nevada Wolf Pack,UC San Diego Tritons,0.0,0.0,,,,,False,Lawlor Events Center,2025-12-03 03:00:00+00:00,,2025-12-02 22:00,EST,2025-12-03T03:00:00Z,2025-12-02,,,nevadawolfpack::ucsandiegotritons,054ce2c95d6e441593b126adf6c7cb18,Caesars,spreads,full_game,2025-12-03 03:00:00+00:00,2025-12-02 23:33:07+00:00,Nevada Wolf Pack,UC San Diego Tritons,,,-6.0,-110.0,6.0,-110.0,,,,2025-12-03,1.0,False,153.5017333984375,15.018349075317383,72.51593,78.48184,7.7620974,8.540015,153.5017333984375,15.018349075317383
401826909,2025.0,2025-12-02,Nevada Wolf Pack,UC San Diego Tritons,0.0,0.0,,,,,False,Lawlor Events Center,2025-12-03 03:00:00+00:00,,2025-12-02 22:00,EST,2025-12-03T03:00:00Z,2025-12-02,,,nevadawolfpack::ucsandiegotritons,054ce2c95d6e441593b126adf6c7cb18,Caesars,totals,full_game,2025-12-03 03:00:00+00:00,2025-12-02 23:33:07+00:00,Nevada Wolf Pack,UC San Diego Tritons,,,,,,,149.0,-110.0,-110.0,2025-12-03,1.0,False,153.5017333984375,15.018349075317383,72.51593,78.48184,7.7620974,8.540015,153.5017333984375,15.018349075317383
401826909,2025.0,2025-12-02,Nevada Wolf Pack,UC San Diego Tritons,0.0,0.0,,,,,False,Lawlor Events Center,2025-12-03 03:00:00+00:00,,2025-12-02 22:00,EST,2025-12-03T03:00:00Z,2025-12-02,,,nevadawolfpack::ucsandiegotritons,054ce2c95d6e441593b126adf6c7cb18,DraftKings,spreads,full_game,2025-12-03 03:00:00+00:00,2025-12-02 23:34:22+00:00,Nevada Wolf Pack,UC San Diego Tritons,,,-5.5,-110.0,5.5,-110.0,,,,2025-12-03,1.0,False,153.5017333984375,15.018349075317383,72.51593,78.48184,7.7620974,8.540015,153.5017333984375,15.018349075317383
401826909,2025.0,2025-12-02,Nevada Wolf Pack,UC San Diego Tritons,0.0,0.0,,,,,False,Lawlor Events Center,2025-12-03 03:00:00+00:00,,2025-12-02 22:00,EST,2025-12-03T03:00:00Z,2025-12-02,,,nevadawolfpack::ucsandiegotritons,054ce2c95d6e441593b126adf6c7cb18,DraftKings,totals,full_game,2025-12-03 03:00:00+00:00,2025-12-02 23:34:22+00:00,Nevada Wolf Pack,UC San Diego Tritons,,,,,,,149.5,-108.0,-112.0,2025-12-03,1.0,False,153.5017333984375,15.018349075317383,72.51593,78.48184,7.7620974,8.540015,153.5017333984375,15.018349075317383
401826909,2025.0,2025-12-02,Nevada Wolf Pack,UC San Diego Tritons,0.0,0.0,,,,,False,Lawlor Events Center,2025-12-03 03:00:00+00:00,,2025-12-02 22:00,EST,2025-12-03T03:00:00Z,2025-12-02,,,nevadawolfpack::ucsandiegotritons,054ce2c95d6e441593b126adf6c7cb18,FanDuel,h2h,2h,2025-12-03 03:00:00+00:00,2025-12-02 23:33:54+00:00,Nevada Wolf Pack,UC San Diego Tritons,-255.0,205.0,,,,,,,,2025-12-03,1.0,False,153.5017333984375,15.018349075317383,72.51593,78.48184,7.7620974,8.540015,78.48184,8.540015
401826909,2025.0,2025-12-02,Nevada Wolf Pack,UC San Diego Tritons,0.0,0.0,,,,,False,Lawlor Events Center,2025-12-03 03:00:00+00:00,,2025-12-02 22:00,EST,2025-12-03T03:00:00Z,2025-12-02,,,nevadawolfpack::ucsandiegotritons,054ce2c95d6e441593b126adf6c7cb18,FanDuel,spreads,full_game,2025-12-03 03:00:00+00:00,2025-12-02 23:33:54+00:00,Nevada Wolf Pack,UC San Diego Tritons,,,-5.5,-112.0,5.5,-108.0,,,,2025-12-03,1.0,False,153.5017333984375,15.018349075317383,72.51593,78.48184,7.7620974,8.540015,153.5017333984375,15.018349075317383
401826909,2025.0,2025-12-02,Nevada Wolf Pack,UC San Diego Tritons,0.0,0.0,,,,,False,Lawlor Events Center,2025-12-03 03:00:00+00:00,,2025-12-02 22:00,EST,2025-12-03T03:00:00Z,2025-12-02,,,nevadawolfpack::ucsandiegotritons,054ce2c95d6e441593b126adf6c7cb18,FanDuel,totals,full_game,2025-12-03 03:00:00+00:00,2025-12-02 23:33:54+00:00,Nevada Wolf Pack,UC San Diego Tritons,,,,,,,149.5,-105.0,-115.0,2025-12-03,1.0,False,153.5017333984375,15.018349075317383,72.51593,78.48184,7.7620974,8.540015,153.5017333984375,15.018349075317383
401826909,2025.0,2025-12-02,Nevada Wolf Pack,UC San Diego Tritons,0.0,0.0,,,,,False,Lawlor Events Center,2025-12-03 03:00:00+00:00,,2025-12-02 22:00,EST,2025-12-03T03:00:00Z,2025-12-02,,,nevadawolfpack::ucsandiegotritons,054ce2c95d6e441593b126adf6c7cb18,Fanatics,h2h,2h,2025-12-03 03:00:00+00:00,2025-12-02 23:34:00+00:00,Nevada Wolf Pack,UC San Diego Tritons,-240.0,190.0,,,,,,,,2025-12-03,1.0,False,153.5017333984375,15.018349075317383,72.51593,78.48184,7.7620974,8.540015,78.48184,8.540015
401826909,2025.0,2025-12-02,Nevada Wolf Pack,UC San Diego Tritons,0.0,0.0,,,,,False,Lawlor Events Center,2025-12-03 03:00:00+00:00,,2025-12-02 22:00,EST,2025-12-03T03:00:00Z,2025-12-02,,,nevadawolfpack::ucsandiegotritons,054ce2c95d6e441593b126adf6c7cb18,Fanatics,spreads,full_game,2025-12-03 03:00:00+00:00,2025-12-02 23:34:00+00:00,Nevada Wolf Pack,UC San Diego Tritons,,,-5.5,-110.0,5.5,-110.0,,,,2025-12-03,1.0,False,153.5017333984375,15.018349075317383,72.51593,78.48184,7.7620974,8.540015,153.5017333984375,15.018349075317383
401826909,2025.0,2025-12-02,Nevada Wolf Pack,UC San Diego Tritons,0.0,0.0,,,,,False,Lawlor Events Center,2025-12-03 03:00:00+00:00,,2025-12-02 22:00,EST,2025-12-03T03:00:00Z,2025-12-02,,,nevadawolfpack::ucsandiegotritons,054ce2c95d6e441593b126adf6c7cb18,Fanatics,totals,full_game,2025-12-03 03:00:00+00:00,2025-12-02 23:34:00+00:00,Nevada Wolf Pack,UC San Diego Tritons,,,,,,,149.5,-110.0,-110.0,2025-12-03,1.0,False,153.5017333984375,15.018349075317383,72.51593,78.48184,7.7620974,8.540015,153.5017333984375,15.018349075317383
401826909,2025.0,2025-12-02,Nevada Wolf Pack,UC San Diego Tritons,0.0,0.0,,,,,False,Lawlor Events Center,2025-12-03 03:00:00+00:00,,2025-12-02 22:00,EST,2025-12-03T03:00:00Z,2025-12-02,,,nevadawolfpack::ucsandiegotritons,054ce2c95d6e441593b126adf6c7cb18,LowVig.ag,h2h,2h,2025-12-03 03:00:00+00:00,2025-12-02 23:34:20+00:00,Nevada Wolf Pack,UC San Diego Tritons,-245.0,203.0,,,,,,,,2025-12-03,1.0,False,153.5017333984375,15.018349075317383,72.51593,78.48184,7.7620974,8.540015,78.48184,8.540015
401826909,2025.0,2025-12-02,Nevada Wolf Pack,UC San Diego Tritons,0.0,0.0,,,,,False,Lawlor Events Center,2025-12-03 03:00:00+00:00,,2025-12-02 22:00,EST,2025-12-03T03:00:00Z,2025-12-02,,,nevadawolfpack::ucsandiegotritons,054ce2c95d6e441593b126adf6c7cb18,LowVig.ag,spreads,full_game,2025-12-03 03:00:00+00:00,2025-12-02 23:34:20+00:00,Nevada Wolf Pack,UC San Diego Tritons,,,-6.0,-111.0,6.0,-101.0,,,,2025-12-03,1.0,False,153.5017333984375,15.018349075317383,72.51593,78.48184,7.7620974,8.540015,153.5017333984375,15.018349075317383
401826909,2025.0,2025-12-02,Nevada Wolf Pack,UC San Diego Tritons,0.0,0.0,,,,,False,Lawlor Events Center,2025-12-03 03:00:00+00:00,,2025-12-02 22:00,EST,2025-12-03T03:00:00Z,2025-12-02,,,nevadawolfpack::ucsandiegotritons,054ce2c95d6e441593b126adf6c7cb18,LowVig.ag,totals,full_game,2025-12-03 03:00:00+00:00,2025-12-02 23:34:20+00:00,Nevada Wolf Pack,UC San Diego Tritons,,,,,,,149.0,-113.0,-103.0,2025-12-03,1.0,False,153.5017333984375,15.018349075317383,72.51593,78.48184,7.7620974,8.540015,153.5017333984375,15.018349075317383
401827217,2025.0,2025-12-02,Maryland Terrapins,Wagner Seahawks,0.0,0.0,,,,,False,XFINITY Center,2025-12-03 01:00:00+00:00,,2025-12-02 20:00,EST,2025-12-03T01:00:00Z,2025-12-02,,,marylandterrapins::wagnerseahawks,28051d04789a1874eda4003cb0f95adb,BetMGM,h2h,2h,2025-12-03 01:00:00+00:00,2025-12-02 23:34:07+00:00,Maryland Terrapins,Wagner Seahawks,-10000.0,1800.0,,,,,,,,2025-12-03,1.0,False,102.36374969482422,25.673118591308597,72.705765,79.03766,14.386445,16.523544,79.03766,16.523544
401827217,2025.0,2025-12-02,Maryland Terrapins,Wagner Seahawks,0.0,0.0,,,,,False,XFINITY Center,2025-12-03 01:00:00+00:00,,2025-12-02 20:00,EST,2025-12-03T01:00:00Z,2025-12-02,,,marylandterrapins::wagnerseahawks,28051d04789a1874eda4003cb0f95adb,BetMGM,spreads,full_game,2025-12-03 01:00:00+00:00,2025-12-02 23:34:07+00:00,Maryland Terrapins,Wagner Seahawks,,,-22.5,-105.0,22.5,-115.0,,,,2025-12-03,1.0,False,102.36374969482422,25.673118591308597,72.705765,79.03766,14.386445,16.523544,102.36374969482422,25.673118591308597
401827217,2025.0,2025-12-02,Maryland Terrapins,Wagner Seahawks,0.0,0.0,,,,,False,XFINITY Center,2025-12-03 01:00:00+00:00,,2025-12-02 20:00,EST,2025-12-03T01:00:00Z,2025-12-02,,,marylandterrapins::wagnerseahawks,28051d04789a1874eda4003cb0f95adb,BetMGM,totals,full_game,2025-12-03 01:00:00+00:00,2025-12-02 23:34:07+00:00,Maryland Terrapins,Wagner Seahawks,,,,,,,142.5,-115.0,-105.0,2025-12-03,1.0,False,102.36374969482422,25.673118591308597,72.705765,79.03766,14.386445,16.523544,102.36374969482422,25.673118591308597
401827217,2025.0,2025-12-02,Maryland Terrapins,Wagner Seahawks,0.0,0.0,,,,,False,XFINITY Center,2025-12-03 01:00:00+00:00,,2025-12-02 20:00,EST,2025-12-03T01:00:00Z,2025-12-02,,,marylandterrapins::wagnerseahawks,28051d04789a1874eda4003cb0f95adb,BetOnline.ag,spreads,full_game,2025-12-03 01:00:00+00:00,2025-12-02 23:34:37+00:00,Maryland Terrapins,Wagner Seahawks,,,-22.5,-110.0,22.5,-110.0,,,,2025-12-03,1.0,False,102.36374969482422,25.673118591308597,72.705765,79.03766,14.386445,16.523544,102.36374969482422,25.673118591308597
401827217,2025.0,2025-12-02,Maryland Terrapins,Wagner Seahawks,0.0,0.0,,,,,False,XFINITY Center,2025-12-03 01:00:00+00:00,,2025-12-02 20:00,EST,2025-12-03T01:00:00Z,2025-12-02,,,marylandterrapins::wagnerseahawks,28051d04789a1874eda4003cb0f95adb,BetOnline.ag,totals,full_game,2025-12-03 01:00:00+00:00,2025-12-02 23:34:37+00:00,Maryland Terrapins,Wagner Seahawks,,,,,,,143.0,-110.0,-110.0,2025-12-03,1.0,False,102.36374969482422,25.673118591308597,72.705765,79.03766,14.386445,16.523544,102.36374969482422,25.673118591308597
401827217,2025.0,2025-12-02,Maryland Terrapins,Wagner Seahawks,0.0,0.0,,,,,False,XFINITY Center,2025-12-03 01:00:00+00:00,,2025-12-02 20:00,EST,2025-12-03T01:00:00Z,2025-12-02,,,marylandterrapins::wagnerseahawks,28051d04789a1874eda4003cb0f95adb,BetRivers,spreads,full_game,2025-12-03 01:00:00+00:00,2025-12-02 23:34:22+00:00,Maryland Terrapins,Wagner Seahawks,,,-21.5,-110.0,21.5,-113.0,,,,2025-12-03,1.0,False,102.36374969482422,25.673118591308597,72.705765,79.03766,14.386445,16.523544,102.36374969482422,25.673118591308597
401827217,2025.0,2025-12-02,Maryland Terrapins,Wagner Seahawks,0.0,0.0,,,,,False,XFINITY Center,2025-12-03 01:00:00+00:00,,2025-12-02 20:00,EST,2025-12-03T01:00:00Z,2025-12-02,,,marylandterrapins::wagnerseahawks,28051d04789a1874eda4003cb0f95adb,BetRivers,totals,full_game,2025-12-03 01:00:00+00:00,2025-12-02 23:34:22+00:00,Maryland Terrapins,Wagner Seahawks,,,,,,,143.0,-110.0,-113.0,2025-12-03,1.0,False,102.36374969482422,25.673118591308597,72.705765,79.03766,14.386445,16.523544,102.36374969482422,25.673118591308597
401827217,2025.0,2025-12-02,Maryland Terrapins,Wagner Seahawks,0.0,0.0,,,,,False,XFINITY Center,2025-12-03 01:00:00+00:00,,2025-12-02 20:00,EST,2025-12-03T01:00:00Z,2025-12-02,,,marylandterrapins::wagnerseahawks,28051d04789a1874eda4003cb0f95adb,Bovada,spreads,full_game,2025-12-03 01:00:00+00:00,2025-12-02 23:34:11+00:00,Maryland Terrapins,Wagner Seahawks,,,-21.5,-115.0,21.5,-105.0,,,,2025-12-03,1.0,False,102.36374969482422,25.673118591308597,72.705765,79.03766,14.386445,16.523544,102.36374969482422,25.673118591308597
401827217,2025.0,2025-12-02,Maryland Terrapins,Wagner Seahawks,0.0,0.0,,,,,False,XFINITY Center,2025-12-03 01:00:00+00:00,,2025-12-02 20:00,EST,2025-12-03T01:00:00Z,2025-12-02,,,marylandterrapins::wagnerseahawks,28051d04789a1874eda4003cb0f95adb,Bovada,totals,full_game,2025-12-03 01:00:00+00:00,2025-12-02 23:34:11+00:00,Maryland Terrapins,Wagner Seahawks,,,,,,,144.0,-110.0,-110.0,2025-12-03,1.0,False,102.36374969482422,25.673118591308597,72.705765,79.03766,14.386445,16.523544,102.36374969482422,25.673118591308597
401827217,2025.0,2025-12-02,Maryland Terrapins,Wagner Seahawks,0.0,0.0,,,,,False,XFINITY Center,2025-12-03 01:00:00+00:00,,2025-12-02 20:00,EST,2025-12-03T01:00:00Z,2025-12-02,,,marylandterrapins::wagnerseahawks,28051d04789a1874eda4003cb0f95adb,Caesars,spreads,full_game,2025-12-03 01:00:00+00:00,2025-12-02 23:33:06+00:00,Maryland Terrapins,Wagner Seahawks,,,-21.5,-110.0,21.5,-110.0,,,,2025-12-03,1.0,False,102.36374969482422,25.673118591308597,72.705765,79.03766,14.386445,16.523544,102.36374969482422,25.673118591308597
401827217,2025.0,2025-12-02,Maryland Terrapins,Wagner Seahawks,0.0,0.0,,,,,False,XFINITY Center,2025-12-03 01:00:00+00:00,,2025-12-02 20:00,EST,2025-12-03T01:00:00Z,2025-12-02,,,marylandterrapins::wagnerseahawks,28051d04789a1874eda4003cb0f95adb,Caesars,totals,full_game,2025-12-03 01:00:00+00:00,2025-12-02 23:33:06+00:00,Maryland Terrapins,Wagner Seahawks,,,,,,,143.0,-110.0,-110.0,2025-12-03,1.0,False,102.36374969482422,25.673118591308597,72.705765,79.03766,14.386445,16.523544,102.36374969482422,25.673118591308597
401827217,2025.0,2025-12-02,Maryland Terrapins,Wagner Seahawks,0.0,0.0,,,,,False,XFINITY Center,2025-12-03 01:00:00+00:00,,2025-12-02 20:00,EST,2025-12-03T01:00:00Z,2025-12-02,,,marylandterrapins::wagnerseahawks,28051d04789a1874eda4003cb0f95adb,DraftKings,h2h,2h,2025-12-03 01:00:00+00:00,2025-12-02 23:34:22+00:00,Maryland Terrapins,Wagner Seahawks,-4500.0,1700.0,,,,,,,,2025-12-03,1.0,False,102.36374969482422,25.673118591308597,72.705765,79.03766,14.386445,16.523544,79.03766,16.523544
401827217,2025.0,2025-12-02,Maryland Terrapins,Wagner Seahawks,0.0,0.0,,,,,False,XFINITY Center,2025-12-03 01:00:00+00:00,,2025-12-02 20:00,EST,2025-12-03T01:00:00Z,2025-12-02,,,marylandterrapins::wagnerseahawks,28051d04789a1874eda4003cb0f95adb,DraftKings,spreads,full_game,2025-12-03 01:00:00+00:00,2025-12-02 23:34:22+00:00,Maryland Terrapins,Wagner Seahawks,,,-22.5,-105.0,22.5,-115.0,,,,2025-12-03,1.0,False,102.36374969482422,25.673118591308597,72.705765,79.03766,14.386445,16.523544,102.36374969482422,25.673118591308597
401827217,2025.0,2025-12-02,Maryland Terrapins,Wagner Seahawks,0.0,0.0,,,,,False,XFINITY Center,2025-12-03 01:00:00+00:00,,2025-12-02 20:00,EST,2025-12-03T01:00:00Z,2025-12-02,,,marylandterrapins::wagnerseahawks,28051d04789a1874eda4003cb0f95adb,DraftKings,totals,full_game,2025-12-03 01:00:00+00:00,2025-12-02 23:34:22+00:00,Maryland Terrapins,Wagner Seahawks,,,,,,,143.5,-108.0,-112.0,2025-12-03,1.0,False,102.36374969482422,25.673118591308597,72.705765,79.03766,14.386445,16.523544,102.36374969482422,25.673118591308597
401827217,2025.0,2025-12-02,Maryland Terrapins,Wagner Seahawks,0.0,0.0,,,,,False,XFINITY Center,2025-12-03 01:00:00+00:00,,2025-12-02 20:00,EST,2025-12-03T01:00:00Z,2025-12-02,,,marylandterrapins::wagnerseahawks,28051d04789a1874eda4003cb0f95adb,FanDuel,h2h,2h,2025-12-03 01:00:00+00:00,2025-12-02 23:33:54+00:00,Maryland Terrapins,Wagner Seahawks,-8000.0,2200.0,,,,,,,,2025-12-03,1.0,False,102.36374969482422,25.673118591308597,72.705765,79.03766,14.386445,16.523544,79.03766,16.523544
401827217,2025.0,2025-12-02,Maryland Terrapins,Wagner Seahawks,0.0,0.0,,,,,False,XFINITY Center,2025-12-03 01:00:00+00:00,,2025-12-02 20:00,EST,2025-12-03T01:00:00Z,2025-12-02,,,marylandterrapins::wagnerseahawks,28051d04789a1874eda4003cb0f95adb,FanDuel,spreads,full_game,2025-12-03 01:00:00+00:00,2025-12-02 23:33:54+00:00,Maryland Terrapins,Wagner Seahawks,,,-22.5,-110.0,22.5,-110.0,,,,2025-12-03,1.0,False,102.36374969482422,25.673118591308597,72.705765,79.03766,14.386445,16.523544,102.36374969482422,25.673118591308597
401827217,2025.0,2025-12-02,Maryland Terrapins,Wagner Seahawks,0.0,0.0,,,,,False,XFINITY Center,2025-12-03 01:00:00+00:00,,2025-12-02 20:00,EST,2025-12-03T01:00:00Z,2025-12-02,,,marylandterrapins::wagnerseahawks,28051d04789a1874eda4003cb0f95adb,FanDuel,totals,full_game,2025-12-03 01:00:00+00:00,2025-12-02 23:33:54+00:00,Maryland Terrapins,Wagner Seahawks,,,,,,,142.5,-110.0,-110.0,2025-12-03,1.0,False,102.36374969482422,25.673118591308597,72.705765,79.03766,14.386445,16.523544,102.36374969482422,25.673118591308597
401827217,2025.0,2025-12-02,Maryland Terrapins,Wagner Seahawks,0.0,0.0,,,,,False,XFINITY Center,2025-12-03 01:00:00+00:00,,2025-12-02 20:00,EST,2025-12-03T01:00:00Z,2025-12-02,,,marylandterrapins::wagnerseahawks,28051d04789a1874eda4003cb0f95adb,Fanatics,h2h,2h,2025-12-03 01:00:00+00:00,2025-12-02 23:34:00+00:00,Maryland Terrapins,Wagner Seahawks,-7000.0,2000.0,,,,,,,,2025-12-03,1.0,False,102.36374969482422,25.673118591308597,72.705765,79.03766,14.386445,16.523544,79.03766,16.523544
401827217,2025.0,2025-12-02,Maryland Terrapins,Wagner Seahawks,0.0,0.0,,,,,False,XFINITY Center,2025-12-03 01:00:00+00:00,,2025-12-02 20:00,EST,2025-12-03T01:00:00Z,2025-12-02,,,marylandterrapins::wagnerseahawks,28051d04789a1874eda4003cb0f95adb,Fanatics,spreads,full_game,2025-12-03 01:00:00+00:00,2025-12-02 23:34:00+00:00,Maryland Terrapins,Wagner Seahawks,,,-21.5,-110.0,21.5,-110.0,,,,2025-12-03,1.0,False,102.36374969482422,25.673118591308597,72.705765,79.03766,14.386445,16.523544,102.36374969482422,25.673118591308597
401827217,2025.0,2025-12-02,Maryland Terrapins,Wagner Seahawks,0.0,0.0,,,,,False,XFINITY Center,2025-12-03 01:00:00+00:00,,2025-12-02 20:00,EST,2025-12-03T01:00:00Z,2025-12-02,,,marylandterrapins::wagnerseahawks,28051d04789a1874eda4003cb0f95adb,Fanatics,totals,full_game,2025-12-03 01:00:00+00:00,2025-12-02 23:34:00+00:00,Maryland Terrapins,Wagner Seahawks,,,,,,,143.5,-110.0,-110.0,2025-12-03,1.0,False,102.36374969482422,25.673118591308597,72.705765,79.03766,14.386445,16.523544,102.36374969482422,25.673118591308597
401827217,2025.0,2025-12-02,Maryland Terrapins,Wagner Seahawks,0.0,0.0,,,,,False,XFINITY Center,2025-12-03 01:00:00+00:00,,2025-12-02 20:00,EST,2025-12-03T01:00:00Z,2025-12-02,,,marylandterrapins::wagnerseahawks,28051d04789a1874eda4003cb0f95adb,LowVig.ag,spreads,full_game,2025-12-03 01:00:00+00:00,2025-12-02 23:34:20+00:00,Maryland Terrapins,Wagner Seahawks,,,-22.5,-106.0,22.5,-106.0,,,,2025-12-03,1.0,False,102.36374969482422,25.673118591308597,72.705765,79.03766,14.386445,16.523544,102.36374969482422,25.673118591308597
401827217,2025.0,2025-12-02,Maryland Terrapins,Wagner Seahawks,0.0,0.0,,,,,False,XFINITY Center,2025-12-03 01:00:00+00:00,,2025-12-02 20:00,EST,2025-12-03T01:00:00Z,2025-12-02,,,marylandterrapins::wagnerseahawks,28051d04789a1874eda4003cb0f95adb,LowVig.ag,totals,full_game,2025-12-03 01:00:00+00:00,2025-12-02 23:34:20+00:00,Maryland Terrapins,Wagner Seahawks,,,,,,,143.0,-108.0,-108.0,2025-12-03,1.0,False,102.36374969482422,25.673118591308597,72.705765,79.03766,14.386445,16.523544,102.36374969482422,25.673118591308597
401828278,2025.0,2025-12-02,North Texas Mean Green,Houston Christian Huskies,0.0,0.0,,,,,False,The Super Pit,2025-12-03 01:00:00+00:00,,2025-12-02 20:00,EST,2025-12-03T01:00:00Z,2025-12-02,,,houstonchristian::northtexas,034b7fb85991e4656164ef3495549139,BetMGM,h2h,2h,2025-12-03 01:00:00+00:00,2025-12-02 23:34:07+00:00,North Texas Mean Green,Houston Christian Huskies,-1000.0,650.0,,,,,,,,2025-12-03,1.0,False,142.54078674316406,26.58664321899414,70.05858,77.59385,11.302393,15.282346,77.59385,15.282346
401828278,2025.0,2025-12-02,North Texas Mean Green,Houston Christian Huskies,0.0,0.0,,,,,False,The Super Pit,2025-12-03 01:00:00+00:00,,2025-12-02 20:00,EST,2025-12-03T01:00:00Z,2025-12-02,,,houstonchristian::northtexas,034b7fb85991e4656164ef3495549139,BetMGM,spreads,full_game,2025-12-03 01:00:00+00:00,2025-12-02 23:34:07+00:00,North Texas Mean Green,Houston Christian Huskies,,,-12.5,-105.0,12.5,-115.0,,,,2025-12-03,1.0,False,142.54078674316406,26.58664321899414,70.05858,77.59385,11.302393,15.282346,142.54078674316406,26.58664321899414
401828278,2025.0,2025-12-02,North Texas Mean Green,Houston Christian Huskies,0.0,0.0,,,,,False,The Super Pit,2025-12-03 01:00:00+00:00,,2025-12-02 20:00,EST,2025-12-03T01:00:00Z,2025-12-02,,,houstonchristian::northtexas,034b7fb85991e4656164ef3495549139,BetMGM,totals,full_game,2025-12-03 01:00:00+00:00,2025-12-02 23:34:07+00:00,North Texas Mean Green,Houston Christian Huskies,,,,,,,127.5,-105.0,-115.0,2025-12-03,1.0,False,142.54078674316406,26.58664321899414,70.05858,77.59385,11.302393,15.282346,142.54078674316406,26.58664321899414
401828278,2025.0,2025-12-02,North Texas Mean Green,Houston Christian Huskies,0.0,0.0,,,,,False,The Super Pit,2025-12-03 01:00:00+00:00,,2025-12-02 20:00,EST,2025-12-03T01:00:00Z,2025-12-02,,,houstonchristian::northtexas,034b7fb85991e4656164ef3495549139,BetOnline.ag,spreads,full_game,2025-12-03 01:00:00+00:00,2025-12-02 23:34:37+00:00,North Texas Mean Green,Houston Christian Huskies,,,-12.0,-110.0,12.0,-110.0,,,,2025-12-03,1.0,False,142.54078674316406,26.58664321899414,70.05858,77.59385,11.302393,15.282346,142.54078674316406,26.58664321899414
401828278,2025.0,2025-12-02,North Texas Mean Green,Houston Christian Huskies,0.0,0.0,,,,,False,The Super Pit,2025-12-03 01:00:00+00:00,,2025-12-02 20:00,EST,2025-12-03T01:00:00Z,2025-12-02,,,houstonchristian::northtexas,034b7fb85991e4656164ef3495549139,BetOnline.ag,totals,full_game,2025-12-03 01:00:00+00:00,2025-12-02 23:34:37+00:00,North Texas Mean Green,Houston Christian Huskies,,,,,,,126.0,-115.0,-105.0,2025-12-03,1.0,False,142.54078674316406,26.58664321899414,70.05858,77.59385,11.302393,15.282346,142.54078674316406,26.58664321899414
401828278,2025.0,2025-12-02,North Texas Mean Green,Houston Christian Huskies,0.0,0.0,,,,,False,The Super Pit,2025-12-03 01:00:00+00:00,,2025-12-02 20:00,EST,2025-12-03T01:00:00Z,2025-12-02,,,houstonchristian::northtexas,034b7fb85991e4656164ef3495549139,BetRivers,h2h,2h,2025-12-03 01:00:00+00:00,2025-12-02 23:34:22+00:00,North Texas Mean Green,Houston Christian Huskies,-910.0,500.0,,,,,,,,2025-12-03,1.0,False,142.54078674316406,26.58664321899414,70.05858,77.59385,11.302393,15.282346,77.59385,15.282346
401828278,2025.0,2025-12-02,North Texas Mean Green,Houston Christian Huskies,0.0,0.0,,,,,False,The Super Pit,2025-12-03 01:00:00+00:00,,2025-12-02 20:00,EST,2025-12-03T01:00:00Z,2025-12-02,,,houstonchristian::northtexas,034b7fb85991e4656164ef3495549139,BetRivers,spreads,full_game,2025-12-03 01:00:00+00:00,2025-12-02 23:34:22+00:00,North Texas Mean Green,Houston Christian Huskies,,,-11.5,-112.0,11.5,-112.0,,,,2025-12-03,1.0,False,142.54078674316406,26.58664321899414,70.05858,77.59385,11.302393,15.282346,142.54078674316406,26.58664321899414
401828278,2025.0,2025-12-02,North Texas Mean Green,Houston Christian Huskies,0.0,0.0,,,,,False,The Super Pit,2025-12-03 01:00:00+00:00,,2025-12-02 20:00,EST,2025-12-03T01:00:00Z,2025-12-02,,,houstonchristian::northtexas,034b7fb85991e4656164ef3495549139,BetRivers,totals,full_game,2025-12-03 01:00:00+00:00,2025-12-02 23:34:22+00:00,North Texas Mean Green,Houston Christian Huskies,,,,,,,127.0,-109.0,-114.0,2025-12-03,1.0,False,142.54078674316406,26.58664321899414,70.05858,77.59385,11.302393,15.282346,142.54078674316406,26.58664321899414
401828278,2025.0,2025-12-02,North Texas Mean Green,Houston Christian Huskies,0.0,0.0,,,,,False,The Super Pit,2025-12-03 01:00:00+00:00,,2025-12-02 20:00,EST,2025-12-03T01:00:00Z,2025-12-02,,,houstonchristian::northtexas,034b7fb85991e4656164ef3495549139,Bovada,h2h,2h,2025-12-03 01:00:00+00:00,2025-12-02 23:34:11+00:00,North Texas Mean Green,Houston Christian Huskies,-1000.0,625.0,,,,,,,,2025-12-03,1.0,False,142.54078674316406,26.58664321899414,70.05858,77.59385,11.302393,15.282346,77.59385,15.282346
401828278,2025.0,2025-12-02,North Texas Mean Green,Houston Christian Huskies,0.0,0.0,,,,,False,The Super Pit,2025-12-03 01:00:00+00:00,,2025-12-02 20:00,EST,2025-12-03T01:00:00Z,2025-12-02,,,houstonchristian::northtexas,034b7fb85991e4656164ef3495549139,Bovada,spreads,full_game,2025-12-03 01:00:00+00:00,2025-12-02 23:34:11+00:00,North Texas Mean Green,Houston Christian Huskies,,,-12.5,-105.0,12.5,-115.0,,,,2025-12-03,1.0,False,142.54078674316406,26.58664321899414,70.05858,77.59385,11.302393,15.282346,142.54078674316406,26.58664321899414
401828278,2025.0,2025-12-02,North Texas Mean Green,Houston Christian Huskies,0.0,0.0,,,,,False,The Super Pit,2025-12-03 01:00:00+00:00,,2025-12-02 20:00,EST,2025-12-03T01:00:00Z,2025-12-02,,,houstonchristian::northtexas,034b7fb85991e4656164ef3495549139,Bovada,totals,full_game,2025-12-03 01:00:00+00:00,2025-12-02 23:34:11+00:00,North Texas Mean Green,Houston Christian Huskies,,,,,,,127.5,-110.0,-110.0,2025-12-03,1.0,False,142.54078674316406,26.58664321899414,70.05858,77.59385,11.302393,15.282346,142.54078674316406,26.58664321899414
401828278,2025.0,2025-12-02,North Texas Mean Green,Houston Christian Huskies,0.0,0.0,,,,,False,The Super Pit,2025-12-03 01:00:00+00:00,,2025-12-02 20:00,EST,2025-12-03T01:00:00Z,2025-12-02,,,houstonchristian::northtexas,034b7fb85991e4656164ef3495549139,Caesars,h2h,2h,2025-12-03 01:00:00+00:00,2025-12-02 23:33:06+00:00,North Texas Mean Green,Houston Christian Huskies,-1000.0,650.0,,,,,,,,2025-12-03,1.0,False,142.54078674316406,26.58664321899414,70.05858,77.59385,11.302393,15.282346,77.59385,15.282346
401828278,2025.0,2025-12-02,North Texas Mean Green,Houston Christian Huskies,0.0,0.0,,,,,False,The Super Pit,2025-12-03 01:00:00+00:00,,2025-12-02 20:00,EST,2025-12-03T01:00:00Z,2025-12-02,,,houstonchristian::northtexas,034b7fb85991e4656164ef3495549139,Caesars,spreads,full_game,2025-12-03 01:00:00+00:00,2025-12-02 23:33:06+00:00,North Texas Mean Green,Houston Christian Huskies,,,-12.0,-110.0,12.0,-110.0,,,,2025-12-03,1.0,False,142.54078674316406,26.58664321899414,70.05858,77.59385,11.302393,15.282346,142.54078674316406,26.58664321899414
401828278,2025.0,2025-12-02,North Texas Mean Green,Houston Christian Huskies,0.0,0.0,,,,,False,The Super Pit,2025-12-03 01:00:00+00:00,,2025-12-02 20:00,EST,2025-12-03T01:00:00Z,2025-12-02,,,houstonchristian::northtexas,034b7fb85991e4656164ef3495549139,Caesars,totals,full_game,2025-12-03 01:00:00+00:00,2025-12-02 23:33:06+00:00,North Texas Mean Green,Houston Christian Huskies,,,,,,,127.5,-110.0,-110.0,2025-12-03,1.0,False,142.54078674316406,26.58664321899414,70.05858,77.59385,11.302393,15.282346,142.54078674316406,26.58664321899414
401828278,2025.0,2025-12-02,North Texas Mean Green,Houston Christian Huskies,0.0,0.0,,,,,False,The Super Pit,2025-12-03 01:00:00+00:00,,2025-12-02 20:00,EST,2025-12-03T01:00:00Z,2025-12-02,,,houstonchristian::northtexas,034b7fb85991e4656164ef3495549139,DraftKings,h2h,2h,2025-12-03 01:00:00+00:00,2025-12-02 23:34:22+00:00,North Texas Mean Green,Houston Christian Huskies,-1100.0,700.0,,,,,,,,2025-12-03,1.0,False,142.54078674316406,26.58664321899414,70.05858,77.59385,11.302393,15.282346,77.59385,15.282346
401828278,2025.0,2025-12-02,North Texas Mean Green,Houston Christian Huskies,0.0,0.0,,,,,False,The Super Pit,2025-12-03 01:00:00+00:00,,2025-12-02 20:00,EST,2025-12-03T01:00:00Z,2025-12-02,,,houstonchristian::northtexas,034b7fb85991e4656164ef3495549139,DraftKings,spreads,full_game,2025-12-03 01:00:00+00:00,2025-12-02 23:34:22+00:00,North Texas Mean Green,Houston Christian Huskies,,,-12.5,-108.0,12.5,-112.0,,,,2025-12-03,1.0,False,142.54078674316406,26.58664321899414,70.05858,77.59385,11.302393,15.282346,142.54078674316406,26.58664321899414
401828278,2025.0,2025-12-02,North Texas Mean Green,Houston Christian Huskies,0.0,0.0,,,,,False,The Super Pit,2025-12-03 01:00:00+00:00,,2025-12-02 20:00,EST,2025-12-03T01:00:00Z,2025-12-02,,,houstonchristian::northtexas,034b7fb85991e4656164ef3495549139,DraftKings,totals,full_game,2025-12-03 01:00:00+00:00,2025-12-02 23:34:22+00:00,North Texas Mean Green,Houston Christian Huskies,,,,,,,127.5,-108.0,-112.0,2025-12-03,1.0,False,142.54078674316406,26.58664321899414,70.05858,77.59385,11.302393,15.282346,142.54078674316406,26.58664321899414
401828278,2025.0,2025-12-02,North Texas Mean Green,Houston Christian Huskies,0.0,0.0,,,,,False,The Super Pit,2025-12-03 01:00:00+00:00,,2025-12-02 20:00,EST,2025-12-03T01:00:00Z,2025-12-02,,,houstonchristian::northtexas,034b7fb85991e4656164ef3495549139,FanDuel,h2h,2h,2025-12-03 01:00:00+00:00,2025-12-02 23:33:54+00:00,North Texas Mean Green,Houston Christian Huskies,-1250.0,710.0,,,,,,,,2025-12-03,1.0,False,142.54078674316406,26.58664321899414,70.05858,77.59385,11.302393,15.282346,77.59385,15.282346
401828278,2025.0,2025-12-02,North Texas Mean Green,Houston Christian Huskies,0.0,0.0,,,,,False,The Super Pit,2025-12-03 01:00:00+00:00,,2025-12-02 20:00,EST,2025-12-03T01:00:00Z,2025-12-02,,,houstonchristian::northtexas,034b7fb85991e4656164ef3495549139,FanDuel,spreads,full_game,2025-12-03 01:00:00+00:00,2025-12-02 23:33:54+00:00,North Texas Mean Green,Houston Christian Huskies,,,-11.5,-114.0,11.5,-106.0,,,,2025-12-03,1.0,False,142.54078674316406,26.58664321899414,70.05858,77.59385,11.302393,15.282346,142.54078674316406,26.58664321899414
401828278,2025.0,2025-12-02,North Texas Mean Green,Houston Christian Huskies,0.0,0.0,,,,,False,The Super Pit,2025-12-03 01:00:00+00:00,,2025-12-02 20:00,EST,2025-12-03T01:00:00Z,2025-12-02,,,houstonchristian::northtexas,034b7fb85991e4656164ef3495549139,FanDuel,totals,full_game,2025-12-03 01:00:00+00:00,2025-12-02 23:33:54+00:00,North Texas Mean Green,Houston Christian Huskies,,,,,,,127.5,-110.0,-110.0,2025-12-03,1.0,False,142.54078674316406,26.58664321899414,70.05858,77.59385,11.302393,15.282346,142.54078674316406,26.58664321899414
401828278,2025.0,2025-12-02,North Texas Mean Green,Houston Christian Huskies,0.0,0.0,,,,,False,The Super Pit,2025-12-03 01:00:00+00:00,,2025-12-02 20:00,EST,2025-12-03T01:00:00Z,2025-12-02,,,houstonchristian::northtexas,034b7fb85991e4656164ef3495549139,Fanatics,h2h,2h,2025-12-03 01:00:00+00:00,2025-12-02 23:34:00+00:00,North Texas Mean Green,Houston Christian Huskies,-1000.0,650.0,,,,,,,,2025-12-03,1.0,False,142.54078674316406,26.58664321899414,70.05858,77.59385,11.302393,15.282346,77.59385,15.282346
401828278,2025.0,2025-12-02,North Texas Mean Green,Houston Christian Huskies,0.0,0.0,,,,,False,The Super Pit,2025-12-03 01:00:00+00:00,,2025-12-02 20:00,EST,2025-12-03T01:00:00Z,2025-12-02,,,houstonchristian::northtexas,034b7fb85991e4656164ef3495549139,Fanatics,spreads,full_game,2025-12-03 01:00:00+00:00,2025-12-02 23:34:00+00:00,North Texas Mean Green,Houston Christian Huskies,,,-12.0,-110.0,12.0,-110.0,,,,2025-12-03,1.0,False,142.54078674316406,26.58664321899414,70.05858,77.59385,11.302393,15.282346,142.54078674316406,26.58664321899414
401828278,2025.0,2025-12-02,North Texas Mean Green,Houston Christian Huskies,0.0,0.0,,,,,False,The Super Pit,2025-12-03 01:00:00+00:00,,2025-12-02 20:00,EST,2025-12-03T01:00:00Z,2025-12-02,,,houstonchristian::northtexas,034b7fb85991e4656164ef3495549139,Fanatics,totals,full_game,2025-12-03 01:00:00+00:00,2025-12-02 23:34:00+00:00,North Texas Mean Green,Houston Christian Huskies,,,,,,,127.5,-110.0,-110.0,2025-12-03,1.0,False,142.54078674316406,26.58664321899414,70.05858,77.59385,11.302393,15.282346,142.54078674316406,26.58664321899414
401828278,2025.0,2025-12-02,North Texas Mean Green,Houston Christian Huskies,0.0,0.0,,,,,False,The Super Pit,2025-12-03 01:00:00+00:00,,2025-12-02 20:00,EST,2025-12-03T01:00:00Z,2025-12-02,,,houstonchristian::northtexas,034b7fb85991e4656164ef3495549139,LowVig.ag,spreads,full_game,2025-12-03 01:00:00+00:00,2025-12-02 23:34:20+00:00,North Texas Mean Green,Houston Christian Huskies,,,-12.0,-106.0,12.0,-106.0,,,,2025-12-03,1.0,False,142.54078674316406,26.58664321899414,70.05858,77.59385,11.302393,15.282346,142.54078674316406,26.58664321899414
401828278,2025.0,2025-12-02,North Texas Mean Green,Houston Christian Huskies,0.0,0.0,,,,,False,The Super Pit,2025-12-03 01:00:00+00:00,,2025-12-02 20:00,EST,2025-12-03T01:00:00Z,2025-12-02,,,houstonchristian::northtexas,034b7fb85991e4656164ef3495549139,LowVig.ag,totals,full_game,2025-12-03 01:00:00+00:00,2025-12-02 23:34:20+00:00,North Texas Mean Green,Houston Christian Huskies,,,,,,,126.0,-113.0,-103.0,2025-12-03,1.0,False,142.54078674316406,26.58664321899414,70.05858,77.59385,11.302393,15.282346,142.54078674316406,26.58664321899414
401828340,2025.0,2025-12-02,Kennesaw State Owls,Jackson State Tigers,0.0,0.0,,,,,False,KSU Convocation Center,2025-12-03 00:00:00+00:00,,2025-12-02 19:00,EST,2025-12-03T00:00:00Z,2025-12-02,,,jacksonstate::kennesawstate,e4315004a09e93a3f79f9abffa1764ed,BetMGM,h2h,2h,2025-12-03 00:00:00+00:00,2025-12-02 23:34:07+00:00,Kennesaw St Owls,Jackson St Tigers,-1400.0,800.0,,,,,,,,2025-12-03,1.0,False,137.3590087890625,10.624397277832031,67.77047,75.96262,3.210608,7.519679,75.96262,7.519679
401828340,2025.0,2025-12-02,Kennesaw State Owls,Jackson State Tigers,0.0,0.0,,,,,False,KSU Convocation Center,2025-12-03 00:00:00+00:00,,2025-12-02 19:00,EST,2025-12-03T00:00:00Z,2025-12-02,,,jacksonstate::kennesawstate,e4315004a09e93a3f79f9abffa1764ed,BetMGM,spreads,full_game,2025-12-03 00:00:00+00:00,2025-12-02 23:34:07+00:00,Kennesaw St Owls,Jackson St Tigers,,,-15.5,-102.0,15.5,-118.0,,,,2025-12-03,1.0,False,137.3590087890625,10.624397277832031,67.77047,75.96262,3.210608,7.519679,137.3590087890625,10.624397277832031
401828340,2025.0,2025-12-02,Kennesaw State Owls,Jackson State Tigers,0.0,0.0,,,,,False,KSU Convocation Center,2025-12-03 00:00:00+00:00,,2025-12-02 19:00,EST,2025-12-03T00:00:00Z,2025-12-02,,,jacksonstate::kennesawstate,e4315004a09e93a3f79f9abffa1764ed,BetMGM,totals,full_game,2025-12-03 00:00:00+00:00,2025-12-02 23:34:07+00:00,Kennesaw St Owls,Jackson St Tigers,,,,,,,156.5,-115.0,-105.0,2025-12-03,1.0,False,137.3590087890625,10.624397277832031,67.77047,75.96262,3.210608,7.519679,137.3590087890625,10.624397277832031
401828340,2025.0,2025-12-02,Kennesaw State Owls,Jackson State Tigers,0.0,0.0,,,,,False,KSU Convocation Center,2025-12-03 00:00:00+00:00,,2025-12-02 19:00,EST,2025-12-03T00:00:00Z,2025-12-02,,,jacksonstate::kennesawstate,e4315004a09e93a3f79f9abffa1764ed,BetOnline.ag,spreads,full_game,2025-12-03 00:00:00+00:00,2025-12-02 23:34:37+00:00,Kennesaw St Owls,Jackson St Tigers,,,-15.0,-110.0,15.0,-110.0,,,,2025-12-03,1.0,False,137.3590087890625,10.624397277832031,67.77047,75.96262,3.210608,7.519679,137.3590087890625,10.624397277832031
401828340,2025.0,2025-12-02,Kennesaw State Owls,Jackson State Tigers,0.0,0.0,,,,,False,KSU Convocation Center,2025-12-03 00:00:00+00:00,,2025-12-02 19:00,EST,2025-12-03T00:00:00Z,2025-12-02,,,jacksonstate::kennesawstate,e4315004a09e93a3f79f9abffa1764ed,BetOnline.ag,totals,full_game,2025-12-03 00:00:00+00:00,2025-12-02 23:34:37+00:00,Kennesaw St Owls,Jackson St Tigers,,,,,,,157.0,-115.0,-105.0,2025-12-03,1.0,False,137.3590087890625,10.624397277832031,67.77047,75.96262,3.210608,7.519679,137.3590087890625,10.624397277832031
401828340,2025.0,2025-12-02,Kennesaw State Owls,Jackson State Tigers,0.0,0.0,,,,,False,KSU Convocation Center,2025-12-03 00:00:00+00:00,,2025-12-02 19:00,EST,2025-12-03T00:00:00Z,2025-12-02,,,jacksonstate::kennesawstate,e4315004a09e93a3f79f9abffa1764ed,BetRivers,h2h,2h,2025-12-03 00:00:00+00:00,2025-12-02 23:34:22+00:00,Kennesaw St Owls,Jackson St Tigers,-1250.0,700.0,,,,,,,,2025-12-03,1.0,False,137.3590087890625,10.624397277832031,67.77047,75.96262,3.210608,7.519679,75.96262,7.519679
401828340,2025.0,2025-12-02,Kennesaw State Owls,Jackson State Tigers,0.0,0.0,,,,,False,KSU Convocation Center,2025-12-03 00:00:00+00:00,,2025-12-02 19:00,EST,2025-12-03T00:00:00Z,2025-12-02,,,jacksonstate::kennesawstate,e4315004a09e93a3f79f9abffa1764ed,BetRivers,spreads,full_game,2025-12-03 00:00:00+00:00,2025-12-02 23:34:22+00:00,Kennesaw St Owls,Jackson St Tigers,,,-14.5,-114.0,14.5,-109.0,,,,2025-12-03,1.0,False,137.3590087890625,10.624397277832031,67.77047,75.96262,3.210608,7.519679,137.3590087890625,10.624397277832031
401828340,2025.0,2025-12-02,Kennesaw State Owls,Jackson State Tigers,0.0,0.0,,,,,False,KSU Convocation Center,2025-12-03 00:00:00+00:00,,2025-12-02 19:00,EST,2025-12-03T00:00:00Z,2025-12-02,,,jacksonstate::kennesawstate,e4315004a09e93a3f79f9abffa1764ed,BetRivers,totals,full_game,2025-12-03 00:00:00+00:00,2025-12-02 23:34:22+00:00,Kennesaw St Owls,Jackson St Tigers,,,,,,,157.0,-110.0,-113.0,2025-12-03,1.0,False,137.3590087890625,10.624397277832031,67.77047,75.96262,3.210608,7.519679,137.3590087890625,10.624397277832031
401828340,2025.0,2025-12-02,Kennesaw State Owls,Jackson State Tigers,0.0,0.0,,,,,False,KSU Convocation Center,2025-12-03 00:00:00+00:00,,2025-12-02 19:00,EST,2025-12-03T00:00:00Z,2025-12-02,,,jacksonstate::kennesawstate,e4315004a09e93a3f79f9abffa1764ed,Bovada,h2h,2h,2025-12-03 00:00:00+00:00,2025-12-02 23:34:10+00:00,Kennesaw St Owls,Jackson St Tigers,-1500.0,775.0,,,,,,,,2025-12-03,1.0,False,137.3590087890625,10.624397277832031,67.77047,75.96262,3.210608,7.519679,75.96262,7.519679
401828340,2025.0,2025-12-02,Kennesaw State Owls,Jackson State Tigers,0.0,0.0,,,,,False,KSU Convocation Center,2025-12-03 00:00:00+00:00,,2025-12-02 19:00,EST,2025-12-03T00:00:00Z,2025-12-02,,,jacksonstate::kennesawstate,e4315004a09e93a3f79f9abffa1764ed,Bovada,spreads,full_game,2025-12-03 00:00:00+00:00,2025-12-02 23:34:10+00:00,Kennesaw St Owls,Jackson St Tigers,,,-15.0,-105.0,15.0,-115.0,,,,2025-12-03,1.0,False,137.3590087890625,10.624397277832031,67.77047,75.96262,3.210608,7.519679,137.3590087890625,10.624397277832031
401828340,2025.0,2025-12-02,Kennesaw State Owls,Jackson State Tigers,0.0,0.0,,,,,False,KSU Convocation Center,2025-12-03 00:00:00+00:00,,2025-12-02 19:00,EST,2025-12-03T00:00:00Z,2025-12-02,,,jacksonstate::kennesawstate,e4315004a09e93a3f79f9abffa1764ed,Bovada,totals,full_game,2025-12-03 00:00:00+00:00,2025-12-02 23:34:10+00:00,Kennesaw St Owls,Jackson St Tigers,,,,,,,158.0,-115.0,-105.0,2025-12-03,1.0,False,137.3590087890625,10.624397277832031,67.77047,75.96262,3.210608,7.519679,137.3590087890625,10.624397277832031
401828340,2025.0,2025-12-02,Kennesaw State Owls,Jackson State Tigers,0.0,0.0,,,,,False,KSU Convocation Center,2025-12-03 00:00:00+00:00,,2025-12-02 19:00,EST,2025-12-03T00:00:00Z,2025-12-02,,,jacksonstate::kennesawstate,e4315004a09e93a3f79f9abffa1764ed,Caesars,h2h,2h,2025-12-03 00:00:00+00:00,2025-12-02 23:33:06+00:00,Kennesaw St Owls,Jackson St Tigers,-1400.0,800.0,,,,,,,,2025-12-03,1.0,False,137.3590087890625,10.624397277832031,67.77047,75.96262,3.210608,7.519679,75.96262,7.519679
401828340,2025.0,2025-12-02,Kennesaw State Owls,Jackson State Tigers,0.0,0.0,,,,,False,KSU Convocation Center,2025-12-03 00:00:00+00:00,,2025-12-02 19:00,EST,2025-12-03T00:00:00Z,2025-12-02,,,jacksonstate::kennesawstate,e4315004a09e93a3f79f9abffa1764ed,Caesars,spreads,full_game,2025-12-03 00:00:00+00:00,2025-12-02 23:33:06+00:00,Kennesaw St Owls,Jackson St Tigers,,,-15.0,-110.0,15.0,-110.0,,,,2025-12-03,1.0,False,137.3590087890625,10.624397277832031,67.77047,75.96262,3.210608,7.519679,137.3590087890625,10.624397277832031
401828340,2025.0,2025-12-02,Kennesaw State Owls,Jackson State Tigers,0.0,0.0,,,,,False,KSU Convocation Center,2025-12-03 00:00:00+00:00,,2025-12-02 19:00,EST,2025-12-03T00:00:00Z,2025-12-02,,,jacksonstate::kennesawstate,e4315004a09e93a3f79f9abffa1764ed,Caesars,totals,full_game,2025-12-03 00:00:00+00:00,2025-12-02 23:33:06+00:00,Kennesaw St Owls,Jackson St Tigers,,,,,,,156.5,-110.0,-110.0,2025-12-03,1.0,False,137.3590087890625,10.624397277832031,67.77047,75.96262,3.210608,7.519679,137.3590087890625,10.624397277832031
401828340,2025.0,2025-12-02,Kennesaw State Owls,Jackson State Tigers,0.0,0.0,,,,,False,KSU Convocation Center,2025-12-03 00:00:00+00:00,,2025-12-02 19:00,EST,2025-12-03T00:00:00Z,2025-12-02,,,jacksonstate::kennesawstate,e4315004a09e93a3f79f9abffa1764ed,DraftKings,spreads,full_game,2025-12-03 00:00:00+00:00,2025-12-02 23:34:22+00:00,Kennesaw St Owls,Jackson St Tigers,,,-14.5,-118.0,14.5,-102.0,,,,2025-12-03,1.0,False,137.3590087890625,10.624397277832031,67.77047,75.96262,3.210608,7.519679,137.3590087890625,10.624397277832031
401828340,2025.0,2025-12-02,Kennesaw State Owls,Jackson State Tigers,0.0,0.0,,,,,False,KSU Convocation Center,2025-12-03 00:00:00+00:00,,2025-12-02 19:00,EST,2025-12-03T00:00:00Z,2025-12-02,,,jacksonstate::kennesawstate,e4315004a09e93a3f79f9abffa1764ed,DraftKings,totals,full_game,2025-12-03 00:00:00+00:00,2025-12-02 23:34:22+00:00,Kennesaw St Owls,Jackson St Tigers,,,,,,,156.5,-112.0,-108.0,2025-12-03,1.0,False,137.3590087890625,10.624397277832031,67.77047,75.96262,3.210608,7.519679,137.3590087890625,10.624397277832031
401828340,2025.0,2025-12-02,Kennesaw State Owls,Jackson State Tigers,0.0,0.0,,,,,False,KSU Convocation Center,2025-12-03 00:00:00+00:00,,2025-12-02 19:00,EST,2025-12-03T00:00:00Z,2025-12-02,,,jacksonstate::kennesawstate,e4315004a09e93a3f79f9abffa1764ed,FanDuel,h2h,2h,2025-12-03 00:00:00+00:00,2025-12-02 23:33:54+00:00,Kennesaw St Owls,Jackson St Tigers,-2000.0,920.0,,,,,,,,2025-12-03,1.0,False,137.3590087890625,10.624397277832031,67.77047,75.96262,3.210608,7.519679,75.96262,7.519679
401828340,2025.0,2025-12-02,Kennesaw State Owls,Jackson State Tigers,0.0,0.0,,,,,False,KSU Convocation Center,2025-12-03 00:00:00+00:00,,2025-12-02 19:00,EST,2025-12-03T00:00:00Z,2025-12-02,,,jacksonstate::kennesawstate,e4315004a09e93a3f79f9abffa1764ed,FanDuel,spreads,full_game,2025-12-03 00:00:00+00:00,2025-12-02 23:33:54+00:00,Kennesaw St Owls,Jackson St Tigers,,,-14.5,-108.0,14.5,-112.0,,,,2025-12-03,1.0,False,137.3590087890625,10.624397277832031,67.77047,75.96262,3.210608,7.519679,137.3590087890625,10.624397277832031
401828340,2025.0,2025-12-02,Kennesaw State Owls,Jackson State Tigers,0.0,0.0,,,,,False,KSU Convocation Center,2025-12-03 00:00:00+00:00,,2025-12-02 19:00,EST,2025-12-03T00:00:00Z,2025-12-02,,,jacksonstate::kennesawstate,e4315004a09e93a3f79f9abffa1764ed,FanDuel,totals,full_game,2025-12-03 00:00:00+00:00,2025-12-02 23:33:54+00:00,Kennesaw St Owls,Jackson St Tigers,,,,,,,156.5,-114.0,-106.0,2025-12-03,1.0,False,137.3590087890625,10.624397277832031,67.77047,75.96262,3.210608,7.519679,137.3590087890625,10.624397277832031
401828340,2025.0,2025-12-02,Kennesaw State Owls,Jackson State Tigers,0.0,0.0,,,,,False,KSU Convocation Center,2025-12-03 00:00:00+00:00,,2025-12-02 19:00,EST,2025-12-03T00:00:00Z,2025-12-02,,,jacksonstate::kennesawstate,e4315004a09e93a3f79f9abffa1764ed,Fanatics,h2h,2h,2025-12-03 00:00:00+00:00,2025-12-02 23:34:00+00:00,Kennesaw St Owls,Jackson St Tigers,-1500.0,850.0,,,,,,,,2025-12-03,1.0,False,137.3590087890625,10.624397277832031,67.77047,75.96262,3.210608,7.519679,75.96262,7.519679
401828340,2025.0,2025-12-02,Kennesaw State Owls,Jackson State Tigers,0.0,0.0,,,,,False,KSU Convocation Center,2025-12-03 00:00:00+00:00,,2025-12-02 19:00,EST,2025-12-03T00:00:00Z,2025-12-02,,,jacksonstate::kennesawstate,e4315004a09e93a3f79f9abffa1764ed,Fanatics,spreads,full_game,2025-12-03 00:00:00+00:00,2025-12-02 23:34:00+00:00,Kennesaw St Owls,Jackson St Tigers,,,-15.0,-110.0,15.0,-110.0,,,,2025-12-03,1.0,False,137.3590087890625,10.624397277832031,67.77047,75.96262,3.210608,7.519679,137.3590087890625,10.624397277832031
401828340,2025.0,2025-12-02,Kennesaw State Owls,Jackson State Tigers,0.0,0.0,,,,,False,KSU Convocation Center,2025-12-03 00:00:00+00:00,,2025-12-02 19:00,EST,2025-12-03T00:00:00Z,2025-12-02,,,jacksonstate::kennesawstate,e4315004a09e93a3f79f9abffa1764ed,Fanatics,totals,full_game,2025-12-03 00:00:00+00:00,2025-12-02 23:34:00+00:00,Kennesaw St Owls,Jackson St Tigers,,,,,,,157.5,-110.0,-110.0,2025-12-03,1.0,False,137.3590087890625,10.624397277832031,67.77047,75.96262,3.210608,7.519679,137.3590087890625,10.624397277832031
401828340,2025.0,2025-12-02,Kennesaw State Owls,Jackson State Tigers,0.0,0.0,,,,,False,KSU Convocation Center,2025-12-03 00:00:00+00:00,,2025-12-02 19:00,EST,2025-12-03T00:00:00Z,2025-12-02,,,jacksonstate::kennesawstate,e4315004a09e93a3f79f9abffa1764ed,LowVig.ag,spreads,full_game,2025-12-03 00:00:00+00:00,2025-12-02 23:34:20+00:00,Kennesaw St Owls,Jackson St Tigers,,,-15.0,-106.0,15.0,-106.0,,,,2025-12-03,1.0,False,137.3590087890625,10.624397277832031,67.77047,75.96262,3.210608,7.519679,137.3590087890625,10.624397277832031
401828340,2025.0,2025-12-02,Kennesaw State Owls,Jackson State Tigers,0.0,0.0,,,,,False,KSU Convocation Center,2025-12-03 00:00:00+00:00,,2025-12-02 19:00,EST,2025-12-03T00:00:00Z,2025-12-02,,,jacksonstate::kennesawstate,e4315004a09e93a3f79f9abffa1764ed,LowVig.ag,totals,full_game,2025-12-03 00:00:00+00:00,2025-12-02 23:34:20+00:00,Kennesaw St Owls,Jackson St Tigers,,,,,,,157.0,-113.0,-103.0,2025-12-03,1.0,False,137.3590087890625,10.624397277832031,67.77047,75.96262,3.210608,7.519679,137.3590087890625,10.624397277832031
401828909,2025.0,2025-12-02,Drake Bulldogs,Western Illinois Leathernecks,0.0,0.0,,,,,False,Knapp Center,2025-12-03 00:30:00+00:00,,2025-12-02 19:30,EST,2025-12-03T00:30:00Z,2025-12-02,,,drake::westernillinoisleathernecks,a3ed221d9a13d94874389abec92e6b8b,BetMGM,h2h,2h,2025-12-03 00:30:00+00:00,2025-12-02 23:34:07+00:00,Drake Bulldogs,Western Illinois Leathernecks,-2500.0,1150.0,,,,,,,,2025-12-03,1.0,False,146.38375854492188,1.4646658897399902,71.66224,77.60603,0.96022403,0.9798999,77.60603,0.9798999
401828909,2025.0,2025-12-02,Drake Bulldogs,Western Illinois Leathernecks,0.0,0.0,,,,,False,Knapp Center,2025-12-03 00:30:00+00:00,,2025-12-02 19:30,EST,2025-12-03T00:30:00Z,2025-12-02,,,drake::westernillinoisleathernecks,a3ed221d9a13d94874389abec92e6b8b,BetMGM,spreads,full_game,2025-12-03 00:30:00+00:00,2025-12-02 23:34:07+00:00,Drake Bulldogs,Western Illinois Leathernecks,,,-17.5,-110.0,17.5,-110.0,,,,2025-12-03,1.0,False,146.38375854492188,1.4646658897399902,71.66224,77.60603,0.96022403,0.9798999,146.38375854492188,1.4646658897399902
401828909,2025.0,2025-12-02,Drake Bulldogs,Western Illinois Leathernecks,0.0,0.0,,,,,False,Knapp Center,2025-12-03 00:30:00+00:00,,2025-12-02 19:30,EST,2025-12-03T00:30:00Z,2025-12-02,,,drake::westernillinoisleathernecks,a3ed221d9a13d94874389abec92e6b8b,BetMGM,totals,full_game,2025-12-03 00:30:00+00:00,2025-12-02 23:34:07+00:00,Drake Bulldogs,Western Illinois Leathernecks,,,,,,,138.5,-105.0,-115.0,2025-12-03,1.0,False,146.38375854492188,1.4646658897399902,71.66224,77.60603,0.96022403,0.9798999,146.38375854492188,1.4646658897399902
401828909,2025.0,2025-12-02,Drake Bulldogs,Western Illinois Leathernecks,0.0,0.0,,,,,False,Knapp Center,2025-12-03 00:30:00+00:00,,2025-12-02 19:30,EST,2025-12-03T00:30:00Z,2025-12-02,,,drake::westernillinoisleathernecks,a3ed221d9a13d94874389abec92e6b8b,BetOnline.ag,spreads,full_game,2025-12-03 00:30:00+00:00,2025-12-02 23:34:36+00:00,Drake Bulldogs,Western Illinois Leathernecks,,,-17.5,-112.0,17.5,-108.0,,,,2025-12-03,1.0,False,146.38375854492188,1.4646658897399902,71.66224,77.60603,0.96022403,0.9798999,146.38375854492188,1.4646658897399902
401828909,2025.0,2025-12-02,Drake Bulldogs,Western Illinois Leathernecks,0.0,0.0,,,,,False,Knapp Center,2025-12-03 00:30:00+00:00,,2025-12-02 19:30,EST,2025-12-03T00:30:00Z,2025-12-02,,,drake::westernillinoisleathernecks,a3ed221d9a13d94874389abec92e6b8b,BetOnline.ag,totals,full_game,2025-12-03 00:30:00+00:00,2025-12-02 23:34:36+00:00,Drake Bulldogs,Western Illinois Leathernecks,,,,,,,138.5,-110.0,-110.0,2025-12-03,1.0,False,146.38375854492188,1.4646658897399902,71.66224,77.60603,0.96022403,0.9798999,146.38375854492188,1.4646658897399902
401828909,2025.0,2025-12-02,Drake Bulldogs,Western Illinois Leathernecks,0.0,0.0,,,,,False,Knapp Center,2025-12-03 00:30:00+00:00,,2025-12-02 19:30,EST,2025-12-03T00:30:00Z,2025-12-02,,,drake::westernillinoisleathernecks,a3ed221d9a13d94874389abec92e6b8b,BetRivers,h2h,2h,2025-12-03 00:30:00+00:00,2025-12-02 23:34:22+00:00,Drake Bulldogs,Western Illinois Leathernecks,-2500.0,1000.0,,,,,,,,2025-12-03,1.0,False,146.38375854492188,1.4646658897399902,71.66224,77.60603,0.96022403,0.9798999,77.60603,0.9798999
401828909,2025.0,2025-12-02,Drake Bulldogs,Western Illinois Leathernecks,0.0,0.0,,,,,False,Knapp Center,2025-12-03 00:30:00+00:00,,2025-12-02 19:30,EST,2025-12-03T00:30:00Z,2025-12-02,,,drake::westernillinoisleathernecks,a3ed221d9a13d94874389abec92e6b8b,BetRivers,spreads,full_game,2025-12-03 00:30:00+00:00,2025-12-02 23:34:22+00:00,Drake Bulldogs,Western Illinois Leathernecks,,,-18.0,-109.0,18.0,-114.0,,,,2025-12-03,1.0,False,146.38375854492188,1.4646658897399902,71.66224,77.60603,0.96022403,0.9798999,146.38375854492188,1.4646658897399902
401828909,2025.0,2025-12-02,Drake Bulldogs,Western Illinois Leathernecks,0.0,0.0,,,,,False,Knapp Center,2025-12-03 00:30:00+00:00,,2025-12-02 19:30,EST,2025-12-03T00:30:00Z,2025-12-02,,,drake::westernillinoisleathernecks,a3ed221d9a13d94874389abec92e6b8b,BetRivers,totals,full_game,2025-12-03 00:30:00+00:00,2025-12-02 23:34:22+00:00,Drake Bulldogs,Western Illinois Leathernecks,,,,,,,138.0,-112.0,-112.0,2025-12-03,1.0,False,146.38375854492188,1.4646658897399902,71.66224,77.60603,0.96022403,0.9798999,146.38375854492188,1.4646658897399902
401828909,2025.0,2025-12-02,Drake Bulldogs,Western Illinois Leathernecks,0.0,0.0,,,,,False,Knapp Center,2025-12-03 00:30:00+00:00,,2025-12-02 19:30,EST,2025-12-03T00:30:00Z,2025-12-02,,,drake::westernillinoisleathernecks,a3ed221d9a13d94874389abec92e6b8b,BetUS,h2h,2h,2025-12-03 00:30:00+00:00,2025-12-02 23:34:07+00:00,Drake Bulldogs,Western Illinois Leathernecks,-2500.0,1175.0,,,,,,,,2025-12-03,1.0,False,146.38375854492188,1.4646658897399902,71.66224,77.60603,0.96022403,0.9798999,77.60603,0.9798999
401828909,2025.0,2025-12-02,Drake Bulldogs,Western Illinois Leathernecks,0.0,0.0,,,,,False,Knapp Center,2025-12-03 00:30:00+00:00,,2025-12-02 19:30,EST,2025-12-03T00:30:00Z,2025-12-02,,,drake::westernillinoisleathernecks,a3ed221d9a13d94874389abec92e6b8b,BetUS,spreads,full_game,2025-12-03 00:30:00+00:00,2025-12-02 23:34:07+00:00,Drake Bulldogs,Western Illinois Leathernecks,,,-17.5,-110.0,17.5,-110.0,,,,2025-12-03,1.0,False,146.38375854492188,1.4646658897399902,71.66224,77.60603,0.96022403,0.9798999,146.38375854492188,1.4646658897399902
401828909,2025.0,2025-12-02,Drake Bulldogs,Western Illinois Leathernecks,0.0,0.0,,,,,False,Knapp Center,2025-12-03 00:30:00+00:00,,2025-12-02 19:30,EST,2025-12-03T00:30:00Z,2025-12-02,,,drake::westernillinoisleathernecks,a3ed221d9a13d94874389abec92e6b8b,BetUS,totals,full_game,2025-12-03 00:30:00+00:00,2025-12-02 23:34:07+00:00,Drake Bulldogs,Western Illinois Leathernecks,,,,,,,138.0,-110.0,-110.0,2025-12-03,1.0,False,146.38375854492188,1.4646658897399902,71.66224,77.60603,0.96022403,0.9798999,146.38375854492188,1.4646658897399902
401828909,2025.0,2025-12-02,Drake Bulldogs,Western Illinois Leathernecks,0.0,0.0,,,,,False,Knapp Center,2025-12-03 00:30:00+00:00,,2025-12-02 19:30,EST,2025-12-03T00:30:00Z,2025-12-02,,,drake::westernillinoisleathernecks,a3ed221d9a13d94874389abec92e6b8b,Bovada,spreads,full_game,2025-12-03 00:30:00+00:00,2025-12-02 23:34:11+00:00,Drake Bulldogs,Western Illinois Leathernecks,,,-17.5,-115.0,17.5,-105.0,,,,2025-12-03,1.0,False,146.38375854492188,1.4646658897399902,71.66224,77.60603,0.96022403,0.9798999,146.38375854492188,1.4646658897399902
401828909,2025.0,2025-12-02,Drake Bulldogs,Western Illinois Leathernecks,0.0,0.0,,,,,False,Knapp Center,2025-12-03 00:30:00+00:00,,2025-12-02 19:30,EST,2025-12-03T00:30:00Z,2025-12-02,,,drake::westernillinoisleathernecks,a3ed221d9a13d94874389abec92e6b8b,Bovada,totals,full_game,2025-12-03 00:30:00+00:00,2025-12-02 23:34:11+00:00,Drake Bulldogs,Western Illinois Leathernecks,,,,,,,138.0,-115.0,-105.0,2025-12-03,1.0,False,146.38375854492188,1.4646658897399902,71.66224,77.60603,0.96022403,0.9798999,146.38375854492188,1.4646658897399902
401828909,2025.0,2025-12-02,Drake Bulldogs,Western Illinois Leathernecks,0.0,0.0,,,,,False,Knapp Center,2025-12-03 00:30:00+00:00,,2025-12-02 19:30,EST,2025-12-03T00:30:00Z,2025-12-02,,,drake::westernillinoisleathernecks,a3ed221d9a13d94874389abec92e6b8b,DraftKings,h2h,2h,2025-12-03 00:30:00+00:00,2025-12-02 23:34:22+00:00,Drake Bulldogs,Western Illinois Leathernecks,-2800.0,1300.0,,,,,,,,2025-12-03,1.0,False,146.38375854492188,1.4646658897399902,71.66224,77.60603,0.96022403,0.9798999,77.60603,0.9798999
401828909,2025.0,2025-12-02,Drake Bulldogs,Western Illinois Leathernecks,0.0,0.0,,,,,False,Knapp Center,2025-12-03 00:30:00+00:00,,2025-12-02 19:30,EST,2025-12-03T00:30:00Z,2025-12-02,,,drake::westernillinoisleathernecks,a3ed221d9a13d94874389abec92e6b8b,DraftKings,spreads,full_game,2025-12-03 00:30:00+00:00,2025-12-02 23:34:22+00:00,Drake Bulldogs,Western Illinois Leathernecks,,,-17.5,-110.0,17.5,-110.0,,,,2025-12-03,1.0,False,146.38375854492188,1.4646658897399902,71.66224,77.60603,0.96022403,0.9798999,146.38375854492188,1.4646658897399902
401828909,2025.0,2025-12-02,Drake Bulldogs,Western Illinois Leathernecks,0.0,0.0,,,,,False,Knapp Center,2025-12-03 00:30:00+00:00,,2025-12-02 19:30,EST,2025-12-03T00:30:00Z,2025-12-02,,,drake::westernillinoisleathernecks,a3ed221d9a13d94874389abec92e6b8b,DraftKings,totals,full_game,2025-12-03 00:30:00+00:00,2025-12-02 23:34:22+00:00,Drake Bulldogs,Western Illinois Leathernecks,,,,,,,138.5,-105.0,-115.0,2025-12-03,1.0,False,146.38375854492188,1.4646658897399902,71.66224,77.60603,0.96022403,0.9798999,146.38375854492188,1.4646658897399902
401828909,2025.0,2025-12-02,Drake Bulldogs,Western Illinois Leathernecks,0.0,0.0,,,,,False,Knapp Center,2025-12-03 00:30:00+00:00,,2025-12-02 19:30,EST,2025-12-03T00:30:00Z,2025-12-02,,,drake::westernillinoisleathernecks,a3ed221d9a13d94874389abec92e6b8b,FanDuel,h2h,2h,2025-12-03 00:30:00+00:00,2025-12-02 23:33:54+00:00,Drake Bulldogs,Western Illinois Leathernecks,-6000.0,1500.0,,,,,,,,2025-12-03,1.0,False,146.38375854492188,1.4646658897399902,71.66224,77.60603,0.96022403,0.9798999,77.60603,0.9798999
401828909,2025.0,2025-12-02,Drake Bulldogs,Western Illinois Leathernecks,0.0,0.0,,,,,False,Knapp Center,2025-12-03 00:30:00+00:00,,2025-12-02 19:30,EST,2025-12-03T00:30:00Z,2025-12-02,,,drake::westernillinoisleathernecks,a3ed221d9a13d94874389abec92e6b8b,FanDuel,spreads,full_game,2025-12-03 00:30:00+00:00,2025-12-02 23:33:54+00:00,Drake Bulldogs,Western Illinois Leathernecks,,,-17.5,-105.0,17.5,-115.0,,,,2025-12-03,1.0,False,146.38375854492188,1.4646658897399902,71.66224,77.60603,0.96022403,0.9798999,146.38375854492188,1.4646658897399902
401828909,2025.0,2025-12-02,Drake Bulldogs,Western Illinois Leathernecks,0.0,0.0,,,,,False,Knapp Center,2025-12-03 00:30:00+00:00,,2025-12-02 19:30,EST,2025-12-03T00:30:00Z,2025-12-02,,,drake::westernillinoisleathernecks,a3ed221d9a13d94874389abec92e6b8b,FanDuel,totals,full_game,2025-12-03 00:30:00+00:00,2025-12-02 23:33:54+00:00,Drake Bulldogs,Western Illinois Leathernecks,,,,,,,139.5,-114.0,-106.0,2025-12-03,1.0,False,146.38375854492188,1.4646658897399902,71.66224,77.60603,0.96022403,0.9798999,146.38375854492188,1.4646658897399902
401828909,2025.0,2025-12-02,Drake Bulldogs,Western Illinois Leathernecks,0.0,0.0,,,,,False,Knapp Center,2025-12-03 00:30:00+00:00,,2025-12-02 19:30,EST,2025-12-03T00:30:00Z,2025-12-02,,,drake::westernillinoisleathernecks,a3ed221d9a13d94874389abec92e6b8b,Fanatics,h2h,2h,2025-12-03 00:30:00+00:00,2025-12-02 23:34:00+00:00,Drake Bulldogs,Western Illinois Leathernecks,-3000.0,1400.0,,,,,,,,2025-12-03,1.0,False,146.38375854492188,1.4646658897399902,71.66224,77.60603,0.96022403,0.9798999,77.60603,0.9798999
401828909,2025.0,2025-12-02,Drake Bulldogs,Western Illinois Leathernecks,0.0,0.0,,,,,False,Knapp Center,2025-12-03 00:30:00+00:00,,2025-12-02 19:30,EST,2025-12-03T00:30:00Z,2025-12-02,,,drake::westernillinoisleathernecks,a3ed221d9a13d94874389abec92e6b8b,Fanatics,spreads,full_game,2025-12-03 00:30:00+00:00,2025-12-02 23:34:00+00:00,Drake Bulldogs,Western Illinois Leathernecks,,,-17.5,-110.0,17.5,-110.0,,,,2025-12-03,1.0,False,146.38375854492188,1.4646658897399902,71.66224,77.60603,0.96022403,0.9798999,146.38375854492188,1.4646658897399902
401828909,2025.0,2025-12-02,Drake Bulldogs,Western Illinois Leathernecks,0.0,0.0,,,,,False,Knapp Center,2025-12-03 00:30:00+00:00,,2025-12-02 19:30,EST,2025-12-03T00:30:00Z,2025-12-02,,,drake::westernillinoisleathernecks,a3ed221d9a13d94874389abec92e6b8b,Fanatics,totals,full_game,2025-12-03 00:30:00+00:00,2025-12-02 23:34:00+00:00,Drake Bulldogs,Western Illinois Leathernecks,,,,,,,137.5,-110.0,-110.0,2025-12-03,1.0,False,146.38375854492188,1.4646658897399902,71.66224,77.60603,0.96022403,0.9798999,146.38375854492188,1.4646658897399902
401828909,2025.0,2025-12-02,Drake Bulldogs,Western Illinois Leathernecks,0.0,0.0,,,,,False,Knapp Center,2025-12-03 00:30:00+00:00,,2025-12-02 19:30,EST,2025-12-03T00:30:00Z,2025-12-02,,,drake::westernillinoisleathernecks,a3ed221d9a13d94874389abec92e6b8b,LowVig.ag,spreads,full_game,2025-12-03 00:30:00+00:00,2025-12-02 23:34:20+00:00,Drake Bulldogs,Western Illinois Leathernecks,,,-17.5,-108.0,17.5,-104.0,,,,2025-12-03,1.0,False,146.38375854492188,1.4646658897399902,71.66224,77.60603,0.96022403,0.9798999,146.38375854492188,1.4646658897399902
401828909,2025.0,2025-12-02,Drake Bulldogs,Western Illinois Leathernecks,0.0,0.0,,,,,False,Knapp Center,2025-12-03 00:30:00+00:00,,2025-12-02 19:30,EST,2025-12-03T00:30:00Z,2025-12-02,,,drake::westernillinoisleathernecks,a3ed221d9a13d94874389abec92e6b8b,LowVig.ag,totals,full_game,2025-12-03 00:30:00+00:00,2025-12-02 23:34:20+00:00,Drake Bulldogs,Western Illinois Leathernecks,,,,,,,138.5,-108.0,-108.0,2025-12-03,1.0,False,146.38375854492188,1.4646658897399902,71.66224,77.60603,0.96022403,0.9798999,146.38375854492188,1.4646658897399902
401830118,2025.0,2025-12-02,UNC Asheville Bulldogs,UNC Greensboro Spartans,0.0,0.0,,,,,True,Harrah's Cherokee Center,2025-12-03 00:00:00+00:00,,2025-12-02 19:00,EST,2025-12-03T00:00:00Z,2025-12-02,,,uncasheville::uncgreensboro,aa01b4552005af5ec228f330135f870c,BetMGM,h2h,2h,2025-12-03 00:00:00+00:00,2025-12-02 23:34:07+00:00,UNC Asheville Bulldogs,UNC Greensboro Spartans,-220.0,180.0,,,,,,,,2025-12-03,1.0,False,144.20404052734375,-4.302614688873291,68.974754,72.39078,-3.146088,-3.2510283,72.39078,-3.2510283
401830118,2025.0,2025-12-02,UNC Asheville Bulldogs,UNC Greensboro Spartans,0.0,0.0,,,,,True,Harrah's Cherokee Center,2025-12-03 00:00:00+00:00,,2025-12-02 19:00,EST,2025-12-03T00:00:00Z,2025-12-02,,,uncasheville::uncgreensboro,aa01b4552005af5ec228f330135f870c,BetMGM,spreads,full_game,2025-12-03 00:00:00+00:00,2025-12-02 23:34:07+00:00,UNC Asheville Bulldogs,UNC Greensboro Spartans,,,-4.5,-115.0,4.5,-105.0,,,,2025-12-03,1.0,False,144.20404052734375,-4.302614688873291,68.974754,72.39078,-3.146088,-3.2510283,144.20404052734375,-4.302614688873291
401830118,2025.0,2025-12-02,UNC Asheville Bulldogs,UNC Greensboro Spartans,0.0,0.0,,,,,True,Harrah's Cherokee Center,2025-12-03 00:00:00+00:00,,2025-12-02 19:00,EST,2025-12-03T00:00:00Z,2025-12-02,,,uncasheville::uncgreensboro,aa01b4552005af5ec228f330135f870c,BetMGM,totals,full_game,2025-12-03 00:00:00+00:00,2025-12-02 23:34:07+00:00,UNC Asheville Bulldogs,UNC Greensboro Spartans,,,,,,,143.5,-110.0,-110.0,2025-12-03,1.0,False,144.20404052734375,-4.302614688873291,68.974754,72.39078,-3.146088,-3.2510283,144.20404052734375,-4.302614688873291
401830118,2025.0,2025-12-02,UNC Asheville Bulldogs,UNC Greensboro Spartans,0.0,0.0,,,,,True,Harrah's Cherokee Center,2025-12-03 00:00:00+00:00,,2025-12-02 19:00,EST,2025-12-03T00:00:00Z,2025-12-02,,,uncasheville::uncgreensboro,aa01b4552005af5ec228f330135f870c,BetOnline.ag,spreads,full_game,2025-12-03 00:00:00+00:00,2025-12-02 23:34:37+00:00,UNC Asheville Bulldogs,UNC Greensboro Spartans,,,-5.5,100.0,5.5,-120.0,,,,2025-12-03,1.0,False,144.20404052734375,-4.302614688873291,68.974754,72.39078,-3.146088,-3.2510283,144.20404052734375,-4.302614688873291
401830118,2025.0,2025-12-02,UNC Asheville Bulldogs,UNC Greensboro Spartans,0.0,0.0,,,,,True,Harrah's Cherokee Center,2025-12-03 00:00:00+00:00,,2025-12-02 19:00,EST,2025-12-03T00:00:00Z,2025-12-02,,,uncasheville::uncgreensboro,aa01b4552005af5ec228f330135f870c,BetOnline.ag,totals,full_game,2025-12-03 00:00:00+00:00,2025-12-02 23:34:37+00:00,UNC Asheville Bulldogs,UNC Greensboro Spartans,,,,,,,143.0,-115.0,-105.0,2025-12-03,1.0,False,144.20404052734375,-4.302614688873291,68.974754,72.39078,-3.146088,-3.2510283,144.20404052734375,-4.302614688873291
401830118,2025.0,2025-12-02,UNC Asheville Bulldogs,UNC Greensboro Spartans,0.0,0.0,,,,,True,Harrah's Cherokee Center,2025-12-03 00:00:00+00:00,,2025-12-02 19:00,EST,2025-12-03T00:00:00Z,2025-12-02,,,uncasheville::uncgreensboro,aa01b4552005af5ec228f330135f870c,BetRivers,h2h,2h,2025-12-03 00:00:00+00:00,2025-12-02 23:34:22+00:00,UNC Asheville Bulldogs,UNC Greensboro Spartans,-220.0,170.0,,,,,,,,2025-12-03,1.0,False,144.20404052734375,-4.302614688873291,68.974754,72.39078,-3.146088,-3.2510283,72.39078,-3.2510283
401830118,2025.0,2025-12-02,UNC Asheville Bulldogs,UNC Greensboro Spartans,0.0,0.0,,,,,True,Harrah's Cherokee Center,2025-12-03 00:00:00+00:00,,2025-12-02 19:00,EST,2025-12-03T00:00:00Z,2025-12-02,,,uncasheville::uncgreensboro,aa01b4552005af5ec228f330135f870c,BetRivers,spreads,full_game,2025-12-03 00:00:00+00:00,2025-12-02 23:34:22+00:00,UNC Asheville Bulldogs,UNC Greensboro Spartans,,,-5.0,-112.0,5.0,-112.0,,,,2025-12-03,1.0,False,144.20404052734375,-4.302614688873291,68.974754,72.39078,-3.146088,-3.2510283,144.20404052734375,-4.302614688873291
401830118,2025.0,2025-12-02,UNC Asheville Bulldogs,UNC Greensboro Spartans,0.0,0.0,,,,,True,Harrah's Cherokee Center,2025-12-03 00:00:00+00:00,,2025-12-02 19:00,EST,2025-12-03T00:00:00Z,2025-12-02,,,uncasheville::uncgreensboro,aa01b4552005af5ec228f330135f870c,BetRivers,totals,full_game,2025-12-03 00:00:00+00:00,2025-12-02 23:34:22+00:00,UNC Asheville Bulldogs,UNC Greensboro Spartans,,,,,,,143.5,-110.0,-113.0,2025-12-03,1.0,False,144.20404052734375,-4.302614688873291,68.974754,72.39078,-3.146088,-3.2510283,144.20404052734375,-4.302614688873291
401830118,2025.0,2025-12-02,UNC Asheville Bulldogs,UNC Greensboro Spartans,0.0,0.0,,,,,True,Harrah's Cherokee Center,2025-12-03 00:00:00+00:00,,2025-12-02 19:00,EST,2025-12-03T00:00:00Z,2025-12-02,,,uncasheville::uncgreensboro,aa01b4552005af5ec228f330135f870c,Bovada,h2h,2h,2025-12-03 00:00:00+00:00,2025-12-02 23:34:10+00:00,UNC Asheville Bulldogs,UNC Greensboro Spartans,-220.0,180.0,,,,,,,,2025-12-03,1.0,False,144.20404052734375,-4.302614688873291,68.974754,72.39078,-3.146088,-3.2510283,72.39078,-3.2510283
401830118,2025.0,2025-12-02,UNC Asheville Bulldogs,UNC Greensboro Spartans,0.0,0.0,,,,,True,Harrah's Cherokee Center,2025-12-03 00:00:00+00:00,,2025-12-02 19:00,EST,2025-12-03T00:00:00Z,2025-12-02,,,uncasheville::uncgreensboro,aa01b4552005af5ec228f330135f870c,Bovada,spreads,full_game,2025-12-03 00:00:00+00:00,2025-12-02 23:34:10+00:00,UNC Asheville Bulldogs,UNC Greensboro Spartans,,,-5.0,-110.0,5.0,-110.0,,,,2025-12-03,1.0,False,144.20404052734375,-4.302614688873291,68.974754,72.39078,-3.146088,-3.2510283,144.20404052734375,-4.302614688873291
401830118,2025.0,2025-12-02,UNC Asheville Bulldogs,UNC Greensboro Spartans,0.0,0.0,,,,,True,Harrah's Cherokee Center,2025-12-03 00:00:00+00:00,,2025-12-02 19:00,EST,2025-12-03T00:00:00Z,2025-12-02,,,uncasheville::uncgreensboro,aa01b4552005af5ec228f330135f870c,Bovada,totals,full_game,2025-12-03 00:00:00+00:00,2025-12-02 23:34:10+00:00,UNC Asheville Bulldogs,UNC Greensboro Spartans,,,,,,,143.0,-110.0,-110.0,2025-12-03,1.0,False,144.20404052734375,-4.302614688873291,68.974754,72.39078,-3.146088,-3.2510283,144.20404052734375,-4.302614688873291
401830118,2025.0,2025-12-02,UNC Asheville Bulldogs,UNC Greensboro Spartans,0.0,0.0,,,,,True,Harrah's Cherokee Center,2025-12-03 00:00:00+00:00,,2025-12-02 19:00,EST,2025-12-03T00:00:00Z,2025-12-02,,,uncasheville::uncgreensboro,aa01b4552005af5ec228f330135f870c,Caesars,h2h,2h,2025-12-03 00:00:00+00:00,2025-12-02 23:33:06+00:00,UNC Asheville Bulldogs,UNC Greensboro Spartans,-250.0,205.0,,,,,,,,2025-12-03,1.0,False,144.20404052734375,-4.302614688873291,68.974754,72.39078,-3.146088,-3.2510283,72.39078,-3.2510283
401830118,2025.0,2025-12-02,UNC Asheville Bulldogs,UNC Greensboro Spartans,0.0,0.0,,,,,True,Harrah's Cherokee Center,2025-12-03 00:00:00+00:00,,2025-12-02 19:00,EST,2025-12-03T00:00:00Z,2025-12-02,,,uncasheville::uncgreensboro,aa01b4552005af5ec228f330135f870c,Caesars,spreads,full_game,2025-12-03 00:00:00+00:00,2025-12-02 23:33:06+00:00,UNC Asheville Bulldogs,UNC Greensboro Spartans,,,-5.5,-110.0,5.5,-110.0,,,,2025-12-03,1.0,False,144.20404052734375,-4.302614688873291,68.974754,72.39078,-3.146088,-3.2510283,144.20404052734375,-4.302614688873291
401830118,2025.0,2025-12-02,UNC Asheville Bulldogs,UNC Greensboro Spartans,0.0,0.0,,,,,True,Harrah's Cherokee Center,2025-12-03 00:00:00+00:00,,2025-12-02 19:00,EST,2025-12-03T00:00:00Z,2025-12-02,,,uncasheville::uncgreensboro,aa01b4552005af5ec228f330135f870c,Caesars,totals,full_game,2025-12-03 00:00:00+00:00,2025-12-02 23:33:06+00:00,UNC Asheville Bulldogs,UNC Greensboro Spartans,,,,,,,143.5,-110.0,-110.0,2025-12-03,1.0,False,144.20404052734375,-4.302614688873291,68.974754,72.39078,-3.146088,-3.2510283,144.20404052734375,-4.302614688873291
401830118,2025.0,2025-12-02,UNC Asheville Bulldogs,UNC Greensboro Spartans,0.0,0.0,,,,,True,Harrah's Cherokee Center,2025-12-03 00:00:00+00:00,,2025-12-02 19:00,EST,2025-12-03T00:00:00Z,2025-12-02,,,uncasheville::uncgreensboro,aa01b4552005af5ec228f330135f870c,DraftKings,spreads,full_game,2025-12-03 00:00:00+00:00,2025-12-02 23:34:22+00:00,UNC Asheville Bulldogs,UNC Greensboro Spartans,,,-5.5,-102.0,5.5,-118.0,,,,2025-12-03,1.0,False,144.20404052734375,-4.302614688873291,68.974754,72.39078,-3.146088,-3.2510283,144.20404052734375,-4.302614688873291
401830118,2025.0,2025-12-02,UNC Asheville Bulldogs,UNC Greensboro Spartans,0.0,0.0,,,,,True,Harrah's Cherokee Center,2025-12-03 00:00:00+00:00,,2025-12-02 19:00,EST,2025-12-03T00:00:00Z,2025-12-02,,,uncasheville::uncgreensboro,aa01b4552005af5ec228f330135f870c,DraftKings,totals,full_game,2025-12-03 00:00:00+00:00,2025-12-02 23:34:22+00:00,UNC Asheville Bulldogs,UNC Greensboro Spartans,,,,,,,143.5,-110.0,-110.0,2025-12-03,1.0,False,144.20404052734375,-4.302614688873291,68.974754,72.39078,-3.146088,-3.2510283,144.20404052734375,-4.302614688873291
401830118,2025.0,2025-12-02,UNC Asheville Bulldogs,UNC Greensboro Spartans,0.0,0.0,,,,,True,Harrah's Cherokee Center,2025-12-03 00:00:00+00:00,,2025-12-02 19:00,EST,2025-12-03T00:00:00Z,2025-12-02,,,uncasheville::uncgreensboro,aa01b4552005af5ec228f330135f870c,FanDuel,h2h,2h,2025-12-03 00:00:00+00:00,2025-12-02 23:33:54+00:00,UNC Asheville Bulldogs,UNC Greensboro Spartans,-250.0,198.0,,,,,,,,2025-12-03,1.0,False,144.20404052734375,-4.302614688873291,68.974754,72.39078,-3.146088,-3.2510283,72.39078,-3.2510283
401830118,2025.0,2025-12-02,UNC Asheville Bulldogs,UNC Greensboro Spartans,0.0,0.0,,,,,True,Harrah's Cherokee Center,2025-12-03 00:00:00+00:00,,2025-12-02 19:00,EST,2025-12-03T00:00:00Z,2025-12-02,,,uncasheville::uncgreensboro,aa01b4552005af5ec228f330135f870c,FanDuel,spreads,full_game,2025-12-03 00:00:00+00:00,2025-12-02 23:33:54+00:00,UNC Asheville Bulldogs,UNC Greensboro Spartans,,,-5.5,-104.0,5.5,-118.0,,,,2025-12-03,1.0,False,144.20404052734375,-4.302614688873291,68.974754,72.39078,-3.146088,-3.2510283,144.20404052734375,-4.302614688873291
401830118,2025.0,2025-12-02,UNC Asheville Bulldogs,UNC Greensboro Spartans,0.0,0.0,,,,,True,Harrah's Cherokee Center,2025-12-03 00:00:00+00:00,,2025-12-02 19:00,EST,2025-12-03T00:00:00Z,2025-12-02,,,uncasheville::uncgreensboro,aa01b4552005af5ec228f330135f870c,FanDuel,totals,full_game,2025-12-03 00:00:00+00:00,2025-12-02 23:33:54+00:00,UNC Asheville Bulldogs,UNC Greensboro Spartans,,,,,,,143.5,-110.0,-110.0,2025-12-03,1.0,False,144.20404052734375,-4.302614688873291,68.974754,72.39078,-3.146088,-3.2510283,144.20404052734375,-4.302614688873291
401830118,2025.0,2025-12-02,UNC Asheville Bulldogs,UNC Greensboro Spartans,0.0,0.0,,,,,True,Harrah's Cherokee Center,2025-12-03 00:00:00+00:00,,2025-12-02 19:00,EST,2025-12-03T00:00:00Z,2025-12-02,,,uncasheville::uncgreensboro,aa01b4552005af5ec228f330135f870c,Fanatics,h2h,2h,2025-12-03 00:00:00+00:00,2025-12-02 23:34:00+00:00,UNC Asheville Bulldogs,UNC Greensboro Spartans,-225.0,185.0,,,,,,,,2025-12-03,1.0,False,144.20404052734375,-4.302614688873291,68.974754,72.39078,-3.146088,-3.2510283,72.39078,-3.2510283
401830118,2025.0,2025-12-02,UNC Asheville Bulldogs,UNC Greensboro Spartans,0.0,0.0,,,,,True,Harrah's Cherokee Center,2025-12-03 00:00:00+00:00,,2025-12-02 19:00,EST,2025-12-03T00:00:00Z,2025-12-02,,,uncasheville::uncgreensboro,aa01b4552005af5ec228f330135f870c,Fanatics,spreads,full_game,2025-12-03 00:00:00+00:00,2025-12-02 23:34:00+00:00,UNC Asheville Bulldogs,UNC Greensboro Spartans,,,-5.5,-110.0,5.5,-110.0,,,,2025-12-03,1.0,False,144.20404052734375,-4.302614688873291,68.974754,72.39078,-3.146088,-3.2510283,144.20404052734375,-4.302614688873291
401830118,2025.0,2025-12-02,UNC Asheville Bulldogs,UNC Greensboro Spartans,0.0,0.0,,,,,True,Harrah's Cherokee Center,2025-12-03 00:00:00+00:00,,2025-12-02 19:00,EST,2025-12-03T00:00:00Z,2025-12-02,,,uncasheville::uncgreensboro,aa01b4552005af5ec228f330135f870c,Fanatics,totals,full_game,2025-12-03 00:00:00+00:00,2025-12-02 23:34:00+00:00,UNC Asheville Bulldogs,UNC Greensboro Spartans,,,,,,,143.5,-110.0,-110.0,2025-12-03,1.0,False,144.20404052734375,-4.302614688873291,68.974754,72.39078,-3.146088,-3.2510283,144.20404052734375,-4.302614688873291
401830118,2025.0,2025-12-02,UNC Asheville Bulldogs,UNC Greensboro Spartans,0.0,0.0,,,,,True,Harrah's Cherokee Center,2025-12-03 00:00:00+00:00,,2025-12-02 19:00,EST,2025-12-03T00:00:00Z,2025-12-02,,,uncasheville::uncgreensboro,aa01b4552005af5ec228f330135f870c,LowVig.ag,spreads,full_game,2025-12-03 00:00:00+00:00,2025-12-02 23:34:20+00:00,UNC Asheville Bulldogs,UNC Greensboro Spartans,,,-5.5,104.0,5.5,-116.0,,,,2025-12-03,1.0,False,144.20404052734375,-4.302614688873291,68.974754,72.39078,-3.146088,-3.2510283,144.20404052734375,-4.302614688873291
401830118,2025.0,2025-12-02,UNC Asheville Bulldogs,UNC Greensboro Spartans,0.0,0.0,,,,,True,Harrah's Cherokee Center,2025-12-03 00:00:00+00:00,,2025-12-02 19:00,EST,2025-12-03T00:00:00Z,2025-12-02,,,uncasheville::uncgreensboro,aa01b4552005af5ec228f330135f870c,LowVig.ag,totals,full_game,2025-12-03 00:00:00+00:00,2025-12-02 23:34:20+00:00,UNC Asheville Bulldogs,UNC Greensboro Spartans,,,,,,,143.0,-113.0,-103.0,2025-12-03,1.0,False,144.20404052734375,-4.302614688873291,68.974754,72.39078,-3.146088,-3.2510283,144.20404052734375,-4.302614688873291
401830631,2025.0,2025-12-02,South Alabama Jaguars,New Mexico State Aggies,0.0,0.0,,,,,True,Leonard E. Merrell Center,2025-12-03 00:00:00+00:00,,2025-12-02 19:00,EST,2025-12-03T00:00:00Z,2025-12-02,,,newmexicostate::southalabama,df8c06e8d5e45ac72bc2848656587948,BetMGM,h2h,2h,2025-12-03 00:00:00+00:00,2025-12-02 23:34:07+00:00,South Alabama Jaguars,New Mexico St Aggies,125.0,-155.0,,,,,,,,2025-12-03,1.0,False,146.06219482421875,-10.694366455078123,69.76468,72.58315,-5.601843,-7.0429907,72.58315,-7.0429907
401830631,2025.0,2025-12-02,South Alabama Jaguars,New Mexico State Aggies,0.0,0.0,,,,,True,Leonard E. Merrell Center,2025-12-03 00:00:00+00:00,,2025-12-02 19:00,EST,2025-12-03T00:00:00Z,2025-12-02,,,newmexicostate::southalabama,df8c06e8d5e45ac72bc2848656587948,BetMGM,spreads,full_game,2025-12-03 00:00:00+00:00,2025-12-02 23:34:07+00:00,South Alabama Jaguars,New Mexico St Aggies,,,3.5,-115.0,-3.5,-105.0,,,,2025-12-03,1.0,False,146.06219482421875,-10.694366455078123,69.76468,72.58315,-5.601843,-7.0429907,146.06219482421875,-10.694366455078123
401830631,2025.0,2025-12-02,South Alabama Jaguars,New Mexico State Aggies,0.0,0.0,,,,,True,Leonard E. Merrell Center,2025-12-03 00:00:00+00:00,,2025-12-02 19:00,EST,2025-12-03T00:00:00Z,2025-12-02,,,newmexicostate::southalabama,df8c06e8d5e45ac72bc2848656587948,BetMGM,totals,full_game,2025-12-03 00:00:00+00:00,2025-12-02 23:34:07+00:00,South Alabama Jaguars,New Mexico St Aggies,,,,,,,136.5,-115.0,-105.0,2025-12-03,1.0,False,146.06219482421875,-10.694366455078123,69.76468,72.58315,-5.601843,-7.0429907,146.06219482421875,-10.694366455078123
401830631,2025.0,2025-12-02,South Alabama Jaguars,New Mexico State Aggies,0.0,0.0,,,,,True,Leonard E. Merrell Center,2025-12-03 00:00:00+00:00,,2025-12-02 19:00,EST,2025-12-03T00:00:00Z,2025-12-02,,,newmexicostate::southalabama,df8c06e8d5e45ac72bc2848656587948,BetOnline.ag,h2h,2h,2025-12-03 00:00:00+00:00,2025-12-02 23:34:36+00:00,South Alabama Jaguars,New Mexico St Aggies,130.0,-150.0,,,,,,,,2025-12-03,1.0,False,146.06219482421875,-10.694366455078123,69.76468,72.58315,-5.601843,-7.0429907,72.58315,-7.0429907
401830631,2025.0,2025-12-02,South Alabama Jaguars,New Mexico State Aggies,0.0,0.0,,,,,True,Leonard E. Merrell Center,2025-12-03 00:00:00+00:00,,2025-12-02 19:00,EST,2025-12-03T00:00:00Z,2025-12-02,,,newmexicostate::southalabama,df8c06e8d5e45ac72bc2848656587948,BetOnline.ag,spreads,full_game,2025-12-03 00:00:00+00:00,2025-12-02 23:34:36+00:00,South Alabama Jaguars,New Mexico St Aggies,,,3.0,-112.0,-3.0,-108.0,,,,2025-12-03,1.0,False,146.06219482421875,-10.694366455078123,69.76468,72.58315,-5.601843,-7.0429907,146.06219482421875,-10.694366455078123
401830631,2025.0,2025-12-02,South Alabama Jaguars,New Mexico State Aggies,0.0,0.0,,,,,True,Leonard E. Merrell Center,2025-12-03 00:00:00+00:00,,2025-12-02 19:00,EST,2025-12-03T00:00:00Z,2025-12-02,,,newmexicostate::southalabama,df8c06e8d5e45ac72bc2848656587948,BetOnline.ag,totals,full_game,2025-12-03 00:00:00+00:00,2025-12-02 23:34:36+00:00,South Alabama Jaguars,New Mexico St Aggies,,,,,,,137.0,-110.0,-110.0,2025-12-03,1.0,False,146.06219482421875,-10.694366455078123,69.76468,72.58315,-5.601843,-7.0429907,146.06219482421875,-10.694366455078123
401830631,2025.0,2025-12-02,South Alabama Jaguars,New Mexico State Aggies,0.0,0.0,,,,,True,Leonard E. Merrell Center,2025-12-03 00:00:00+00:00,,2025-12-02 19:00,EST,2025-12-03T00:00:00Z,2025-12-02,,,newmexicostate::southalabama,df8c06e8d5e45ac72bc2848656587948,BetRivers,h2h,2h,2025-12-03 00:00:00+00:00,2025-12-02 23:34:22+00:00,South Alabama Jaguars,New Mexico St Aggies,128.0,-159.0,,,,,,,,2025-12-03,1.0,False,146.06219482421875,-10.694366455078123,69.76468,72.58315,-5.601843,-7.0429907,72.58315,-7.0429907
401830631,2025.0,2025-12-02,South Alabama Jaguars,New Mexico State Aggies,0.0,0.0,,,,,True,Leonard E. Merrell Center,2025-12-03 00:00:00+00:00,,2025-12-02 19:00,EST,2025-12-03T00:00:00Z,2025-12-02,,,newmexicostate::southalabama,df8c06e8d5e45ac72bc2848656587948,BetRivers,spreads,full_game,2025-12-03 00:00:00+00:00,2025-12-02 23:34:22+00:00,South Alabama Jaguars,New Mexico St Aggies,,,3.0,-109.0,-3.0,-114.0,,,,2025-12-03,1.0,False,146.06219482421875,-10.694366455078123,69.76468,72.58315,-5.601843,-7.0429907,146.06219482421875,-10.694366455078123
401830631,2025.0,2025-12-02,South Alabama Jaguars,New Mexico State Aggies,0.0,0.0,,,,,True,Leonard E. Merrell Center,2025-12-03 00:00:00+00:00,,2025-12-02 19:00,EST,2025-12-03T00:00:00Z,2025-12-02,,,newmexicostate::southalabama,df8c06e8d5e45ac72bc2848656587948,BetRivers,totals,full_game,2025-12-03 00:00:00+00:00,2025-12-02 23:34:22+00:00,South Alabama Jaguars,New Mexico St Aggies,,,,,,,136.5,-113.0,-110.0,2025-12-03,1.0,False,146.06219482421875,-10.694366455078123,69.76468,72.58315,-5.601843,-7.0429907,146.06219482421875,-10.694366455078123
401830631,2025.0,2025-12-02,South Alabama Jaguars,New Mexico State Aggies,0.0,0.0,,,,,True,Leonard E. Merrell Center,2025-12-03 00:00:00+00:00,,2025-12-02 19:00,EST,2025-12-03T00:00:00Z,2025-12-02,,,newmexicostate::southalabama,df8c06e8d5e45ac72bc2848656587948,BetUS,h2h,2h,2025-12-03 00:00:00+00:00,2025-12-02 23:34:07+00:00,South Alabama Jaguars,New Mexico St Aggies,138.0,-160.0,,,,,,,,2025-12-03,1.0,False,146.06219482421875,-10.694366455078123,69.76468,72.58315,-5.601843,-7.0429907,72.58315,-7.0429907
401830631,2025.0,2025-12-02,South Alabama Jaguars,New Mexico State Aggies,0.0,0.0,,,,,True,Leonard E. Merrell Center,2025-12-03 00:00:00+00:00,,2025-12-02 19:00,EST,2025-12-03T00:00:00Z,2025-12-02,,,newmexicostate::southalabama,df8c06e8d5e45ac72bc2848656587948,BetUS,spreads,full_game,2025-12-03 00:00:00+00:00,2025-12-02 23:34:07+00:00,South Alabama Jaguars,New Mexico St Aggies,,,3.0,-110.0,-3.0,-110.0,,,,2025-12-03,1.0,False,146.06219482421875,-10.694366455078123,69.76468,72.58315,-5.601843,-7.0429907,146.06219482421875,-10.694366455078123
401830631,2025.0,2025-12-02,South Alabama Jaguars,New Mexico State Aggies,0.0,0.0,,,,,True,Leonard E. Merrell Center,2025-12-03 00:00:00+00:00,,2025-12-02 19:00,EST,2025-12-03T00:00:00Z,2025-12-02,,,newmexicostate::southalabama,df8c06e8d5e45ac72bc2848656587948,BetUS,totals,full_game,2025-12-03 00:00:00+00:00,2025-12-02 23:34:07+00:00,South Alabama Jaguars,New Mexico St Aggies,,,,,,,137.0,-110.0,-110.0,2025-12-03,1.0,False,146.06219482421875,-10.694366455078123,69.76468,72.58315,-5.601843,-7.0429907,146.06219482421875,-10.694366455078123
401830631,2025.0,2025-12-02,South Alabama Jaguars,New Mexico State Aggies,0.0,0.0,,,,,True,Leonard E. Merrell Center,2025-12-03 00:00:00+00:00,,2025-12-02 19:00,EST,2025-12-03T00:00:00Z,2025-12-02,,,newmexicostate::southalabama,df8c06e8d5e45ac72bc2848656587948,Bovada,h2h,2h,2025-12-03 00:00:00+00:00,2025-12-02 23:34:10+00:00,South Alabama Jaguars,New Mexico St Aggies,135.0,-160.0,,,,,,,,2025-12-03,1.0,False,146.06219482421875,-10.694366455078123,69.76468,72.58315,-5.601843,-7.0429907,72.58315,-7.0429907
401830631,2025.0,2025-12-02,South Alabama Jaguars,New Mexico State Aggies,0.0,0.0,,,,,True,Leonard E. Merrell Center,2025-12-03 00:00:00+00:00,,2025-12-02 19:00,EST,2025-12-03T00:00:00Z,2025-12-02,,,newmexicostate::southalabama,df8c06e8d5e45ac72bc2848656587948,Bovada,spreads,full_game,2025-12-03 00:00:00+00:00,2025-12-02 23:34:10+00:00,South Alabama Jaguars,New Mexico St Aggies,,,2.5,100.0,-2.5,-120.0,,,,2025-12-03,1.0,False,146.06219482421875,-10.694366455078123,69.76468,72.58315,-5.601843,-7.0429907,146.06219482421875,-10.694366455078123
401830631,2025.0,2025-12-02,South Alabama Jaguars,New Mexico State Aggies,0.0,0.0,,,,,True,Leonard E. Merrell Center,2025-12-03 00:00:00+00:00,,2025-12-02 19:00,EST,2025-12-03T00:00:00Z,2025-12-02,,,newmexicostate::southalabama,df8c06e8d5e45ac72bc2848656587948,Bovada,totals,full_game,2025-12-03 00:00:00+00:00,2025-12-02 23:34:10+00:00,South Alabama Jaguars,New Mexico St Aggies,,,,,,,136.5,-105.0,-115.0,2025-12-03,1.0,False,146.06219482421875,-10.694366455078123,69.76468,72.58315,-5.601843,-7.0429907,146.06219482421875,-10.694366455078123
401830631,2025.0,2025-12-02,South Alabama Jaguars,New Mexico State Aggies,0.0,0.0,,,,,True,Leonard E. Merrell Center,2025-12-03 00:00:00+00:00,,2025-12-02 19:00,EST,2025-12-03T00:00:00Z,2025-12-02,,,newmexicostate::southalabama,df8c06e8d5e45ac72bc2848656587948,Caesars,h2h,2h,2025-12-03 00:00:00+00:00,2025-12-02 23:33:06+00:00,South Alabama Jaguars,New Mexico St Aggies,130.0,-155.0,,,,,,,,2025-12-03,1.0,False,146.06219482421875,-10.694366455078123,69.76468,72.58315,-5.601843,-7.0429907,72.58315,-7.0429907
401830631,2025.0,2025-12-02,South Alabama Jaguars,New Mexico State Aggies,0.0,0.0,,,,,True,Leonard E. Merrell Center,2025-12-03 00:00:00+00:00,,2025-12-02 19:00,EST,2025-12-03T00:00:00Z,2025-12-02,,,newmexicostate::southalabama,df8c06e8d5e45ac72bc2848656587948,Caesars,spreads,full_game,2025-12-03 00:00:00+00:00,2025-12-02 23:33:06+00:00,South Alabama Jaguars,New Mexico St Aggies,,,3.0,-110.0,-3.0,-110.0,,,,2025-12-03,1.0,False,146.06219482421875,-10.694366455078123,69.76468,72.58315,-5.601843,-7.0429907,146.06219482421875,-10.694366455078123
401830631,2025.0,2025-12-02,South Alabama Jaguars,New Mexico State Aggies,0.0,0.0,,,,,True,Leonard E. Merrell Center,2025-12-03 00:00:00+00:00,,2025-12-02 19:00,EST,2025-12-03T00:00:00Z,2025-12-02,,,newmexicostate::southalabama,df8c06e8d5e45ac72bc2848656587948,Caesars,totals,full_game,2025-12-03 00:00:00+00:00,2025-12-02 23:33:06+00:00,South Alabama Jaguars,New Mexico St Aggies,,,,,,,137.0,-110.0,-110.0,2025-12-03,1.0,False,146.06219482421875,-10.694366455078123,69.76468,72.58315,-5.601843,-7.0429907,146.06219482421875,-10.694366455078123
401830631,2025.0,2025-12-02,South Alabama Jaguars,New Mexico State Aggies,0.0,0.0,,,,,True,Leonard E. Merrell Center,2025-12-03 00:00:00+00:00,,2025-12-02 19:00,EST,2025-12-03T00:00:00Z,2025-12-02,,,newmexicostate::southalabama,df8c06e8d5e45ac72bc2848656587948,DraftKings,h2h,2h,2025-12-03 00:00:00+00:00,2025-12-02 23:34:22+00:00,South Alabama Jaguars,New Mexico St Aggies,130.0,-155.0,,,,,,,,2025-12-03,1.0,False,146.06219482421875,-10.694366455078123,69.76468,72.58315,-5.601843,-7.0429907,72.58315,-7.0429907
401830631,2025.0,2025-12-02,South Alabama Jaguars,New Mexico State Aggies,0.0,0.0,,,,,True,Leonard E. Merrell Center,2025-12-03 00:00:00+00:00,,2025-12-02 19:00,EST,2025-12-03T00:00:00Z,2025-12-02,,,newmexicostate::southalabama,df8c06e8d5e45ac72bc2848656587948,DraftKings,spreads,full_game,2025-12-03 00:00:00+00:00,2025-12-02 23:34:22+00:00,South Alabama Jaguars,New Mexico St Aggies,,,2.5,-102.0,-2.5,-118.0,,,,2025-12-03,1.0,False,146.06219482421875,-10.694366455078123,69.76468,72.58315,-5.601843,-7.0429907,146.06219482421875,-10.694366455078123
401830631,2025.0,2025-12-02,South Alabama Jaguars,New Mexico State Aggies,0.0,0.0,,,,,True,Leonard E. Merrell Center,2025-12-03 00:00:00+00:00,,2025-12-02 19:00,EST,2025-12-03T00:00:00Z,2025-12-02,,,newmexicostate::southalabama,df8c06e8d5e45ac72bc2848656587948,DraftKings,totals,full_game,2025-12-03 00:00:00+00:00,2025-12-02 23:34:22+00:00,South Alabama Jaguars,New Mexico St Aggies,,,,,,,135.5,-115.0,-105.0,2025-12-03,1.0,False,146.06219482421875,-10.694366455078123,69.76468,72.58315,-5.601843,-7.0429907,146.06219482421875,-10.694366455078123
401830631,2025.0,2025-12-02,South Alabama Jaguars,New Mexico State Aggies,0.0,0.0,,,,,True,Leonard E. Merrell Center,2025-12-03 00:00:00+00:00,,2025-12-02 19:00,EST,2025-12-03T00:00:00Z,2025-12-02,,,newmexicostate::southalabama,df8c06e8d5e45ac72bc2848656587948,FanDuel,h2h,2h,2025-12-03 00:00:00+00:00,2025-12-02 23:33:54+00:00,South Alabama Jaguars,New Mexico St Aggies,132.0,-160.0,,,,,,,,2025-12-03,1.0,False,146.06219482421875,-10.694366455078123,69.76468,72.58315,-5.601843,-7.0429907,72.58315,-7.0429907
401830631,2025.0,2025-12-02,South Alabama Jaguars,New Mexico State Aggies,0.0,0.0,,,,,True,Leonard E. Merrell Center,2025-12-03 00:00:00+00:00,,2025-12-02 19:00,EST,2025-12-03T00:00:00Z,2025-12-02,,,newmexicostate::southalabama,df8c06e8d5e45ac72bc2848656587948,FanDuel,spreads,full_game,2025-12-03 00:00:00+00:00,2025-12-02 23:33:54+00:00,South Alabama Jaguars,New Mexico St Aggies,,,2.5,-108.0,-2.5,-112.0,,,,2025-12-03,1.0,False,146.06219482421875,-10.694366455078123,69.76468,72.58315,-5.601843,-7.0429907,146.06219482421875,-10.694366455078123
401830631,2025.0,2025-12-02,South Alabama Jaguars,New Mexico State Aggies,0.0,0.0,,,,,True,Leonard E. Merrell Center,2025-12-03 00:00:00+00:00,,2025-12-02 19:00,EST,2025-12-03T00:00:00Z,2025-12-02,,,newmexicostate::southalabama,df8c06e8d5e45ac72bc2848656587948,FanDuel,totals,full_game,2025-12-03 00:00:00+00:00,2025-12-02 23:33:54+00:00,South Alabama Jaguars,New Mexico St Aggies,,,,,,,136.5,-110.0,-110.0,2025-12-03,1.0,False,146.06219482421875,-10.694366455078123,69.76468,72.58315,-5.601843,-7.0429907,146.06219482421875,-10.694366455078123
401830631,2025.0,2025-12-02,South Alabama Jaguars,New Mexico State Aggies,0.0,0.0,,,,,True,Leonard E. Merrell Center,2025-12-03 00:00:00+00:00,,2025-12-02 19:00,EST,2025-12-03T00:00:00Z,2025-12-02,,,newmexicostate::southalabama,df8c06e8d5e45ac72bc2848656587948,Fanatics,h2h,2h,2025-12-03 00:00:00+00:00,2025-12-02 23:34:00+00:00,South Alabama Jaguars,New Mexico St Aggies,130.0,-160.0,,,,,,,,2025-12-03,1.0,False,146.06219482421875,-10.694366455078123,69.76468,72.58315,-5.601843,-7.0429907,72.58315,-7.0429907
401830631,2025.0,2025-12-02,South Alabama Jaguars,New Mexico State Aggies,0.0,0.0,,,,,True,Leonard E. Merrell Center,2025-12-03 00:00:00+00:00,,2025-12-02 19:00,EST,2025-12-03T00:00:00Z,2025-12-02,,,newmexicostate::southalabama,df8c06e8d5e45ac72bc2848656587948,Fanatics,spreads,full_game,2025-12-03 00:00:00+00:00,2025-12-02 23:34:00+00:00,South Alabama Jaguars,New Mexico St Aggies,,,3.0,-110.0,-3.0,-110.0,,,,2025-12-03,1.0,False,146.06219482421875,-10.694366455078123,69.76468,72.58315,-5.601843,-7.0429907,146.06219482421875,-10.694366455078123
401830631,2025.0,2025-12-02,South Alabama Jaguars,New Mexico State Aggies,0.0,0.0,,,,,True,Leonard E. Merrell Center,2025-12-03 00:00:00+00:00,,2025-12-02 19:00,EST,2025-12-03T00:00:00Z,2025-12-02,,,newmexicostate::southalabama,df8c06e8d5e45ac72bc2848656587948,Fanatics,totals,full_game,2025-12-03 00:00:00+00:00,2025-12-02 23:34:00+00:00,South Alabama Jaguars,New Mexico St Aggies,,,,,,,137.0,-110.0,-110.0,2025-12-03,1.0,False,146.06219482421875,-10.694366455078123,69.76468,72.58315,-5.601843,-7.0429907,146.06219482421875,-10.694366455078123
401830631,2025.0,2025-12-02,South Alabama Jaguars,New Mexico State Aggies,0.0,0.0,,,,,True,Leonard E. Merrell Center,2025-12-03 00:00:00+00:00,,2025-12-02 19:00,EST,2025-12-03T00:00:00Z,2025-12-02,,,newmexicostate::southalabama,df8c06e8d5e45ac72bc2848656587948,LowVig.ag,h2h,2h,2025-12-03 00:00:00+00:00,2025-12-02 23:34:20+00:00,South Alabama Jaguars,New Mexico St Aggies,130.0,-150.0,,,,,,,,2025-12-03,1.0,False,146.06219482421875,-10.694366455078123,69.76468,72.58315,-5.601843,-7.0429907,72.58315,-7.0429907
401830631,2025.0,2025-12-02,South Alabama Jaguars,New Mexico State Aggies,0.0,0.0,,,,,True,Leonard E. Merrell Center,2025-12-03 00:00:00+00:00,,2025-12-02 19:00,EST,2025-12-03T00:00:00Z,2025-12-02,,,newmexicostate::southalabama,df8c06e8d5e45ac72bc2848656587948,LowVig.ag,spreads,full_game,2025-12-03 00:00:00+00:00,2025-12-02 23:34:20+00:00,South Alabama Jaguars,New Mexico St Aggies,,,3.0,-108.0,-3.0,-104.0,,,,2025-12-03,1.0,False,146.06219482421875,-10.694366455078123,69.76468,72.58315,-5.601843,-7.0429907,146.06219482421875,-10.694366455078123
401830631,2025.0,2025-12-02,South Alabama Jaguars,New Mexico State Aggies,0.0,0.0,,,,,True,Leonard E. Merrell Center,2025-12-03 00:00:00+00:00,,2025-12-02 19:00,EST,2025-12-03T00:00:00Z,2025-12-02,,,newmexicostate::southalabama,df8c06e8d5e45ac72bc2848656587948,LowVig.ag,totals,full_game,2025-12-03 00:00:00+00:00,2025-12-02 23:34:20+00:00,South Alabama Jaguars,New Mexico St Aggies,,,,,,,137.0,-108.0,-108.0,2025-12-03,1.0,False,146.06219482421875,-10.694366455078123,69.76468,72.58315,-5.601843,-7.0429907,146.06219482421875,-10.694366455078123
401812359,,2025-12-02,,,,,,,,,,,,,,,,,,,liu::winthrop,0b61b6c6a1da5d524018df2a61fcdfa3,BetMGM,h2h,2h,2025-12-03 00:30:00+00:00,2025-12-02 23:34:07+00:00,LIU Sharks,Winthrop Eagles,195.0,-235.0,,,,,,,,2025-12-03,1.0,True,139.83302307128906,-14.157388687133787,68.78114,75.69152,-7.2541637,-6.3602133,75.69152,-6.3602133
401812359,,2025-12-02,,,,,,,,,,,,,,,,,,,liu::winthrop,0b61b6c6a1da5d524018df2a61fcdfa3,BetRivers,h2h,2h,2025-12-03 00:30:00+00:00,2025-12-02 23:34:22+00:00,LIU Sharks,Winthrop Eagles,180.0,-230.0,,,,,,,,2025-12-03,1.0,True,139.83302307128906,-14.157388687133787,68.78114,75.69152,-7.2541637,-6.3602133,75.69152,-6.3602133
401812359,,2025-12-02,,,,,,,,,,,,,,,,,,,liu::winthrop,0b61b6c6a1da5d524018df2a61fcdfa3,Bovada,h2h,2h,2025-12-03 00:30:00+00:00,2025-12-02 23:34:11+00:00,LIU Sharks,Winthrop Eagles,175.0,-210.0,,,,,,,,2025-12-03,1.0,True,139.83302307128906,-14.157388687133787,68.78114,75.69152,-7.2541637,-6.3602133,75.69152,-6.3602133
401812359,,2025-12-02,,,,,,,,,,,,,,,,,,,liu::winthrop,0b61b6c6a1da5d524018df2a61fcdfa3,Caesars,h2h,2h,2025-12-03 00:30:00+00:00,2025-12-02 23:33:06+00:00,LIU Sharks,Winthrop Eagles,205.0,-250.0,,,,,,,,2025-12-03,1.0,True,139.83302307128906,-14.157388687133787,68.78114,75.69152,-7.2541637,-6.3602133,75.69152,-6.3602133
401812359,,2025-12-02,,,,,,,,,,,,,,,,,,,liu::winthrop,0b61b6c6a1da5d524018df2a61fcdfa3,FanDuel,h2h,2h,2025-12-03 00:30:00+00:00,2025-12-02 23:33:54+00:00,LIU Sharks,Winthrop Eagles,205.0,-260.0,,,,,,,,2025-12-03,1.0,True,139.83302307128906,-14.157388687133787,68.78114,75.69152,-7.2541637,-6.3602133,75.69152,-6.3602133
401812359,,2025-12-02,,,,,,,,,,,,,,,,,,,liu::winthrop,0b61b6c6a1da5d524018df2a61fcdfa3,Fanatics,h2h,2h,2025-12-03 00:30:00+00:00,2025-12-02 23:34:00+00:00,LIU Sharks,Winthrop Eagles,185.0,-225.0,,,,,,,,2025-12-03,1.0,True,139.83302307128906,-14.157388687133787,68.78114,75.69152,-7.2541637,-6.3602133,75.69152,-6.3602133
401812359,,2025-12-02,,,,,,,,,,,,,,,,,,,liu::winthrop,0b61b6c6a1da5d524018df2a61fcdfa3,BetMGM,spreads,full_game,2025-12-03 00:30:00+00:00,2025-12-02 23:34:07+00:00,LIU Sharks,Winthrop Eagles,,,5.5,-110.0,-5.5,-110.0,,,,2025-12-03,1.0,True,139.83302307128906,-14.157388687133787,68.78114,75.69152,-7.2541637,-6.3602133,139.83302307128906,-14.157388687133787
401812359,,2025-12-02,,,,,,,,,,,,,,,,,,,liu::winthrop,0b61b6c6a1da5d524018df2a61fcdfa3,BetOnline.ag,spreads,full_game,2025-12-03 00:30:00+00:00,2025-12-02 23:34:37+00:00,LIU Sharks,Winthrop Eagles,,,5.5,-115.0,-5.5,-105.0,,,,2025-12-03,1.0,True,139.83302307128906,-14.157388687133787,68.78114,75.69152,-7.2541637,-6.3602133,139.83302307128906,-14.157388687133787
401812359,,2025-12-02,,,,,,,,,,,,,,,,,,,liu::winthrop,0b61b6c6a1da5d524018df2a61fcdfa3,BetRivers,spreads,full_game,2025-12-03 00:30:00+00:00,2025-12-02 23:34:22+00:00,LIU Sharks,Winthrop Eagles,,,5.5,-115.0,-5.5,-108.0,,,,2025-12-03,1.0,True,139.83302307128906,-14.157388687133787,68.78114,75.69152,-7.2541637,-6.3602133,139.83302307128906,-14.157388687133787
401812359,,2025-12-02,,,,,,,,,,,,,,,,,,,liu::winthrop,0b61b6c6a1da5d524018df2a61fcdfa3,Bovada,spreads,full_game,2025-12-03 00:30:00+00:00,2025-12-02 23:34:11+00:00,LIU Sharks,Winthrop Eagles,,,4.5,-110.0,-4.5,-110.0,,,,2025-12-03,1.0,True,139.83302307128906,-14.157388687133787,68.78114,75.69152,-7.2541637,-6.3602133,139.83302307128906,-14.157388687133787
401812359,,2025-12-02,,,,,,,,,,,,,,,,,,,liu::winthrop,0b61b6c6a1da5d524018df2a61fcdfa3,Caesars,spreads,full_game,2025-12-03 00:30:00+00:00,2025-12-02 23:33:06+00:00,LIU Sharks,Winthrop Eagles,,,5.5,-110.0,-5.5,-110.0,,,,2025-12-03,1.0,True,139.83302307128906,-14.157388687133787,68.78114,75.69152,-7.2541637,-6.3602133,139.83302307128906,-14.157388687133787
401812359,,2025-12-02,,,,,,,,,,,,,,,,,,,liu::winthrop,0b61b6c6a1da5d524018df2a61fcdfa3,DraftKings,spreads,full_game,2025-12-03 00:30:00+00:00,2025-12-02 23:34:22+00:00,LIU Sharks,Winthrop Eagles,,,5.5,-110.0,-5.5,-110.0,,,,2025-12-03,1.0,True,139.83302307128906,-14.157388687133787,68.78114,75.69152,-7.2541637,-6.3602133,139.83302307128906,-14.157388687133787
401812359,,2025-12-02,,,,,,,,,,,,,,,,,,,liu::winthrop,0b61b6c6a1da5d524018df2a61fcdfa3,FanDuel,spreads,full_game,2025-12-03 00:30:00+00:00,2025-12-02 23:33:54+00:00,LIU Sharks,Winthrop Eagles,,,5.5,-110.0,-5.5,-110.0,,,,2025-12-03,1.0,True,139.83302307128906,-14.157388687133787,68.78114,75.69152,-7.2541637,-6.3602133,139.83302307128906,-14.157388687133787
401812359,,2025-12-02,,,,,,,,,,,,,,,,,,,liu::winthrop,0b61b6c6a1da5d524018df2a61fcdfa3,Fanatics,spreads,full_game,2025-12-03 00:30:00+00:00,2025-12-02 23:34:00+00:00,LIU Sharks,Winthrop Eagles,,,5.5,-115.0,-5.5,-115.0,,,,2025-12-03,1.0,True,139.83302307128906,-14.157388687133787,68.78114,75.69152,-7.2541637,-6.3602133,139.83302307128906,-14.157388687133787
401812359,,2025-12-02,,,,,,,,,,,,,,,,,,,liu::winthrop,0b61b6c6a1da5d524018df2a61fcdfa3,LowVig.ag,spreads,full_game,2025-12-03 00:30:00+00:00,2025-12-02 23:34:20+00:00,LIU Sharks,Winthrop Eagles,,,5.5,-111.0,-5.5,-101.0,,,,2025-12-03,1.0,True,139.83302307128906,-14.157388687133787,68.78114,75.69152,-7.2541637,-6.3602133,139.83302307128906,-14.157388687133787
401812359,,2025-12-02,,,,,,,,,,,,,,,,,,,liu::winthrop,0b61b6c6a1da5d524018df2a61fcdfa3,BetMGM,totals,full_game,2025-12-03 00:30:00+00:00,2025-12-02 23:34:07+00:00,LIU Sharks,Winthrop Eagles,,,,,,,153.5,-115.0,-105.0,2025-12-03,1.0,True,139.83302307128906,-14.157388687133787,68.78114,75.69152,-7.2541637,-6.3602133,139.83302307128906,-14.157388687133787
401812359,,2025-12-02,,,,,,,,,,,,,,,,,,,liu::winthrop,0b61b6c6a1da5d524018df2a61fcdfa3,BetOnline.ag,totals,full_game,2025-12-03 00:30:00+00:00,2025-12-02 23:34:37+00:00,LIU Sharks,Winthrop Eagles,,,,,,,154.5,-105.0,-115.0,2025-12-03,1.0,True,139.83302307128906,-14.157388687133787,68.78114,75.69152,-7.2541637,-6.3602133,139.83302307128906,-14.157388687133787
401812359,,2025-12-02,,,,,,,,,,,,,,,,,,,liu::winthrop,0b61b6c6a1da5d524018df2a61fcdfa3,BetRivers,totals,full_game,2025-12-03 00:30:00+00:00,2025-12-02 23:34:22+00:00,LIU Sharks,Winthrop Eagles,,,,,,,154.0,-110.0,-112.0,2025-12-03,1.0,True,139.83302307128906,-14.157388687133787,68.78114,75.69152,-7.2541637,-6.3602133,139.83302307128906,-14.157388687133787
401812359,,2025-12-02,,,,,,,,,,,,,,,,,,,liu::winthrop,0b61b6c6a1da5d524018df2a61fcdfa3,Bovada,totals,full_game,2025-12-03 00:30:00+00:00,2025-12-02 23:34:11+00:00,LIU Sharks,Winthrop Eagles,,,,,,,154.0,-110.0,-110.0,2025-12-03,1.0,True,139.83302307128906,-14.157388687133787,68.78114,75.69152,-7.2541637,-6.3602133,139.83302307128906,-14.157388687133787
401812359,,2025-12-02,,,,,,,,,,,,,,,,,,,liu::winthrop,0b61b6c6a1da5d524018df2a61fcdfa3,Caesars,totals,full_game,2025-12-03 00:30:00+00:00,2025-12-02 23:33:06+00:00,LIU Sharks,Winthrop Eagles,,,,,,,153.5,-110.0,-110.0,2025-12-03,1.0,True,139.83302307128906,-14.157388687133787,68.78114,75.69152,-7.2541637,-6.3602133,139.83302307128906,-14.157388687133787
401812359,,2025-12-02,,,,,,,,,,,,,,,,,,,liu::winthrop,0b61b6c6a1da5d524018df2a61fcdfa3,DraftKings,totals,full_game,2025-12-03 00:30:00+00:00,2025-12-02 23:34:22+00:00,LIU Sharks,Winthrop Eagles,,,,,,,153.5,-115.0,-105.0,2025-12-03,1.0,True,139.83302307128906,-14.157388687133787,68.78114,75.69152,-7.2541637,-6.3602133,139.83302307128906,-14.157388687133787
401812359,,2025-12-02,,,,,,,,,,,,,,,,,,,liu::winthrop,0b61b6c6a1da5d524018df2a61fcdfa3,FanDuel,totals,full_game,2025-12-03 00:30:00+00:00,2025-12-02 23:33:54+00:00,LIU Sharks,Winthrop Eagles,,,,,,,153.5,-114.0,-106.0,2025-12-03,1.0,True,139.83302307128906,-14.157388687133787,68.78114,75.69152,-7.2541637,-6.3602133,139.83302307128906,-14.157388687133787
401812359,,2025-12-02,,,,,,,,,,,,,,,,,,,liu::winthrop,0b61b6c6a1da5d524018df2a61fcdfa3,Fanatics,totals,full_game,2025-12-03 00:30:00+00:00,2025-12-02 23:34:00+00:00,LIU Sharks,Winthrop Eagles,,,,,,,154.0,-110.0,-110.0,2025-12-03,1.0,True,139.83302307128906,-14.157388687133787,68.78114,75.69152,-7.2541637,-6.3602133,139.83302307128906,-14.157388687133787
401812359,,2025-12-02,,,,,,,,,,,,,,,,,,,liu::winthrop,0b61b6c6a1da5d524018df2a61fcdfa3,LowVig.ag,totals,full_game,2025-12-03 00:30:00+00:00,2025-12-02 23:34:20+00:00,LIU Sharks,Winthrop Eagles,,,,,,,154.5,-103.0,-113.0,2025-12-03,1.0,True,139.83302307128906,-14.157388687133787,68.78114,75.69152,-7.2541637,-6.3602133,139.83302307128906,-14.157388687133787
401813292,,2025-12-02,,,,,,,,,,,,,,,,,,,oklahomastate::samhoustonstatebearkats,30337ff025a9af2c43af493c59d1a420,BetMGM,h2h,2h,2025-12-03 01:00:00+00:00,2025-12-02 23:34:07+00:00,Oklahoma St Cowboys,Sam Houston St Bearkats,-1200.0,725.0,,,,,,,,2025-12-03,1.0,True,148.593017578125,8.203958511352539,72.6376,78.29936,4.3808804,4.253577,78.29936,4.253577
401813292,,2025-12-02,,,,,,,,,,,,,,,,,,,oklahomastate::samhoustonstatebearkats,30337ff025a9af2c43af493c59d1a420,BetOnline.ag,h2h,2h,2025-12-03 01:00:00+00:00,2025-12-02 23:34:36+00:00,Oklahoma St Cowboys,Sam Houston St Bearkats,-1250.0,776.0,,,,,,,,2025-12-03,1.0,True,148.593017578125,8.203958511352539,72.6376,78.29936,4.3808804,4.253577,78.29936,4.253577
401813292,,2025-12-02,,,,,,,,,,,,,,,,,,,oklahomastate::samhoustonstatebearkats,30337ff025a9af2c43af493c59d1a420,BetRivers,h2h,2h,2025-12-03 01:00:00+00:00,2025-12-02 23:34:22+00:00,Oklahoma St Cowboys,Sam Houston St Bearkats,-1250.0,600.0,,,,,,,,2025-12-03,1.0,True,148.593017578125,8.203958511352539,72.6376,78.29936,4.3808804,4.253577,78.29936,4.253577
401813292,,2025-12-02,,,,,,,,,,,,,,,,,,,oklahomastate::samhoustonstatebearkats,30337ff025a9af2c43af493c59d1a420,BetUS,h2h,2h,2025-12-03 01:00:00+00:00,2025-12-02 23:34:07+00:00,Oklahoma St Cowboys,Sam Houston St Bearkats,-1250.0,800.0,,,,,,,,2025-12-03,1.0,True,148.593017578125,8.203958511352539,72.6376,78.29936,4.3808804,4.253577,78.29936,4.253577
401813292,,2025-12-02,,,,,,,,,,,,,,,,,,,oklahomastate::samhoustonstatebearkats,30337ff025a9af2c43af493c59d1a420,Bovada,h2h,2h,2025-12-03 01:00:00+00:00,2025-12-02 23:34:11+00:00,Oklahoma St Cowboys,Sam Houston St Bearkats,-1200.0,700.0,,,,,,,,2025-12-03,1.0,True,148.593017578125,8.203958511352539,72.6376,78.29936,4.3808804,4.253577,78.29936,4.253577
401813292,,2025-12-02,,,,,,,,,,,,,,,,,,,oklahomastate::samhoustonstatebearkats,30337ff025a9af2c43af493c59d1a420,Caesars,h2h,2h,2025-12-03 01:00:00+00:00,2025-12-02 23:33:06+00:00,Oklahoma St Cowboys,Sam Houston St Bearkats,-1100.0,700.0,,,,,,,,2025-12-03,1.0,True,148.593017578125,8.203958511352539,72.6376,78.29936,4.3808804,4.253577,78.29936,4.253577
401813292,,2025-12-02,,,,,,,,,,,,,,,,,,,oklahomastate::samhoustonstatebearkats,30337ff025a9af2c43af493c59d1a420,DraftKings,h2h,2h,2025-12-03 01:00:00+00:00,2025-12-02 23:34:22+00:00,Oklahoma St Cowboys,Sam Houston St Bearkats,-1100.0,700.0,,,,,,,,2025-12-03,1.0,True,148.593017578125,8.203958511352539,72.6376,78.29936,4.3808804,4.253577,78.29936,4.253577
401813292,,2025-12-02,,,,,,,,,,,,,,,,,,,oklahomastate::samhoustonstatebearkats,30337ff025a9af2c43af493c59d1a420,FanDuel,h2h,2h,2025-12-03 01:00:00+00:00,2025-12-02 23:33:54+00:00,Oklahoma St Cowboys,Sam Houston St Bearkats,-1250.0,740.0,,,,,,,,2025-12-03,1.0,True,148.593017578125,8.203958511352539,72.6376,78.29936,4.3808804,4.253577,78.29936,4.253577
401813292,,2025-12-02,,,,,,,,,,,,,,,,,,,oklahomastate::samhoustonstatebearkats,30337ff025a9af2c43af493c59d1a420,Fanatics,h2h,2h,2025-12-03 01:00:00+00:00,2025-12-02 23:34:00+00:00,Oklahoma St Cowboys,Sam Houston St Bearkats,-1100.0,700.0,,,,,,,,2025-12-03,1.0,True,148.593017578125,8.203958511352539,72.6376,78.29936,4.3808804,4.253577,78.29936,4.253577
401813292,,2025-12-02,,,,,,,,,,,,,,,,,,,oklahomastate::samhoustonstatebearkats,30337ff025a9af2c43af493c59d1a420,LowVig.ag,h2h,2h,2025-12-03 01:00:00+00:00,2025-12-02 23:34:20+00:00,Oklahoma St Cowboys,Sam Houston St Bearkats,-1250.0,776.0,,,,,,,,2025-12-03,1.0,True,148.593017578125,8.203958511352539,72.6376,78.29936,4.3808804,4.253577,78.29936,4.253577
401813292,,2025-12-02,,,,,,,,,,,,,,,,,,,oklahomastate::samhoustonstatebearkats,30337ff025a9af2c43af493c59d1a420,BetMGM,spreads,full_game,2025-12-03 01:00:00+00:00,2025-12-02 23:34:07+00:00,Oklahoma St Cowboys,Sam Houston St Bearkats,,,-13.5,-110.0,13.5,-110.0,,,,2025-12-03,1.0,True,148.593017578125,8.203958511352539,72.6376,78.29936,4.3808804,4.253577,148.593017578125,8.203958511352539
401813292,,2025-12-02,,,,,,,,,,,,,,,,,,,oklahomastate::samhoustonstatebearkats,30337ff025a9af2c43af493c59d1a420,BetOnline.ag,spreads,full_game,2025-12-03 01:00:00+00:00,2025-12-02 23:34:36+00:00,Oklahoma St Cowboys,Sam Houston St Bearkats,,,-13.5,-112.0,13.5,-108.0,,,,2025-12-03,1.0,True,148.593017578125,8.203958511352539,72.6376,78.29936,4.3808804,4.253577,148.593017578125,8.203958511352539
401813292,,2025-12-02,,,,,,,,,,,,,,,,,,,oklahomastate::samhoustonstatebearkats,30337ff025a9af2c43af493c59d1a420,BetRivers,spreads,full_game,2025-12-03 01:00:00+00:00,2025-12-02 23:34:22+00:00,Oklahoma St Cowboys,Sam Houston St Bearkats,,,-13.5,-113.0,13.5,-110.0,,,,2025-12-03,1.0,True,148.593017578125,8.203958511352539,72.6376,78.29936,4.3808804,4.253577,148.593017578125,8.203958511352539
401813292,,2025-12-02,,,,,,,,,,,,,,,,,,,oklahomastate::samhoustonstatebearkats,30337ff025a9af2c43af493c59d1a420,BetUS,spreads,full_game,2025-12-03 01:00:00+00:00,2025-12-02 23:34:07+00:00,Oklahoma St Cowboys,Sam Houston St Bearkats,,,-13.5,-110.0,13.5,-110.0,,,,2025-12-03,1.0,True,148.593017578125,8.203958511352539,72.6376,78.29936,4.3808804,4.253577,148.593017578125,8.203958511352539
401813292,,2025-12-02,,,,,,,,,,,,,,,,,,,oklahomastate::samhoustonstatebearkats,30337ff025a9af2c43af493c59d1a420,Bovada,spreads,full_game,2025-12-03 01:00:00+00:00,2025-12-02 23:34:11+00:00,Oklahoma St Cowboys,Sam Houston St Bearkats,,,-13.5,-110.0,13.5,-110.0,,,,2025-12-03,1.0,True,148.593017578125,8.203958511352539,72.6376,78.29936,4.3808804,4.253577,148.593017578125,8.203958511352539
401813292,,2025-12-02,,,,,,,,,,,,,,,,,,,oklahomastate::samhoustonstatebearkats,30337ff025a9af2c43af493c59d1a420,Caesars,spreads,full_game,2025-12-03 01:00:00+00:00,2025-12-02 23:33:06+00:00,Oklahoma St Cowboys,Sam Houston St Bearkats,,,-13.5,-110.0,13.5,-110.0,,,,2025-12-03,1.0,True,148.593017578125,8.203958511352539,72.6376,78.29936,4.3808804,4.253577,148.593017578125,8.203958511352539
401813292,,2025-12-02,,,,,,,,,,,,,,,,,,,oklahomastate::samhoustonstatebearkats,30337ff025a9af2c43af493c59d1a420,DraftKings,spreads,full_game,2025-12-03 01:00:00+00:00,2025-12-02 23:34:22+00:00,Oklahoma St Cowboys,Sam Houston St Bearkats,,,-13.5,-108.0,13.5,-112.0,,,,2025-12-03,1.0,True,148.593017578125,8.203958511352539,72.6376,78.29936,4.3808804,4.253577,148.593017578125,8.203958511352539
401813292,,2025-12-02,,,,,,,,,,,,,,,,,,,oklahomastate::samhoustonstatebearkats,30337ff025a9af2c43af493c59d1a420,FanDuel,spreads,full_game,2025-12-03 01:00:00+00:00,2025-12-02 23:33:54+00:00,Oklahoma St Cowboys,Sam Houston St Bearkats,,,-13.5,-110.0,13.5,-110.0,,,,2025-12-03,1.0,True,148.593017578125,8.203958511352539,72.6376,78.29936,4.3808804,4.253577,148.593017578125,8.203958511352539
401813292,,2025-12-02,,,,,,,,,,,,,,,,,,,oklahomastate::samhoustonstatebearkats,30337ff025a9af2c43af493c59d1a420,Fanatics,spreads,full_game,2025-12-03 01:00:00+00:00,2025-12-02 23:34:00+00:00,Oklahoma St Cowboys,Sam Houston St Bearkats,,,-13.5,-110.0,13.5,-110.0,,,,2025-12-03,1.0,True,148.593017578125,8.203958511352539,72.6376,78.29936,4.3808804,4.253577,148.593017578125,8.203958511352539
401813292,,2025-12-02,,,,,,,,,,,,,,,,,,,oklahomastate::samhoustonstatebearkats,30337ff025a9af2c43af493c59d1a420,LowVig.ag,spreads,full_game,2025-12-03 01:00:00+00:00,2025-12-02 23:34:20+00:00,Oklahoma St Cowboys,Sam Houston St Bearkats,,,-13.5,-108.0,13.5,-104.0,,,,2025-12-03,1.0,True,148.593017578125,8.203958511352539,72.6376,78.29936,4.3808804,4.253577,148.593017578125,8.203958511352539
401813292,,2025-12-02,,,,,,,,,,,,,,,,,,,oklahomastate::samhoustonstatebearkats,30337ff025a9af2c43af493c59d1a420,BetMGM,totals,full_game,2025-12-03 01:00:00+00:00,2025-12-02 23:34:07+00:00,Oklahoma St Cowboys,Sam Houston St Bearkats,,,,,,,169.5,-105.0,-115.0,2025-12-03,1.0,True,148.593017578125,8.203958511352539,72.6376,78.29936,4.3808804,4.253577,148.593017578125,8.203958511352539
401813292,,2025-12-02,,,,,,,,,,,,,,,,,,,oklahomastate::samhoustonstatebearkats,30337ff025a9af2c43af493c59d1a420,BetOnline.ag,totals,full_game,2025-12-03 01:00:00+00:00,2025-12-02 23:34:36+00:00,Oklahoma St Cowboys,Sam Houston St Bearkats,,,,,,,169.5,-110.0,-110.0,2025-12-03,1.0,True,148.593017578125,8.203958511352539,72.6376,78.29936,4.3808804,4.253577,148.593017578125,8.203958511352539
401813292,,2025-12-02,,,,,,,,,,,,,,,,,,,oklahomastate::samhoustonstatebearkats,30337ff025a9af2c43af493c59d1a420,BetRivers,totals,full_game,2025-12-03 01:00:00+00:00,2025-12-02 23:34:22+00:00,Oklahoma St Cowboys,Sam Houston St Bearkats,,,,,,,169.0,-113.0,-110.0,2025-12-03,1.0,True,148.593017578125,8.203958511352539,72.6376,78.29936,4.3808804,4.253577,148.593017578125,8.203958511352539
401813292,,2025-12-02,,,,,,,,,,,,,,,,,,,oklahomastate::samhoustonstatebearkats,30337ff025a9af2c43af493c59d1a420,BetUS,totals,full_game,2025-12-03 01:00:00+00:00,2025-12-02 23:34:07+00:00,Oklahoma St Cowboys,Sam Houston St Bearkats,,,,,,,169.0,-110.0,-110.0,2025-12-03,1.0,True,148.593017578125,8.203958511352539,72.6376,78.29936,4.3808804,4.253577,148.593017578125,8.203958511352539
401813292,,2025-12-02,,,,,,,,,,,,,,,,,,,oklahomastate::samhoustonstatebearkats,30337ff025a9af2c43af493c59d1a420,Bovada,totals,full_game,2025-12-03 01:00:00+00:00,2025-12-02 23:34:11+00:00,Oklahoma St Cowboys,Sam Houston St Bearkats,,,,,,,169.5,-110.0,-110.0,2025-12-03,1.0,True,148.593017578125,8.203958511352539,72.6376,78.29936,4.3808804,4.253577,148.593017578125,8.203958511352539
401813292,,2025-12-02,,,,,,,,,,,,,,,,,,,oklahomastate::samhoustonstatebearkats,30337ff025a9af2c43af493c59d1a420,Caesars,totals,full_game,2025-12-03 01:00:00+00:00,2025-12-02 23:33:06+00:00,Oklahoma St Cowboys,Sam Houston St Bearkats,,,,,,,168.5,-110.0,-110.0,2025-12-03,1.0,True,148.593017578125,8.203958511352539,72.6376,78.29936,4.3808804,4.253577,148.593017578125,8.203958511352539
401813292,,2025-12-02,,,,,,,,,,,,,,,,,,,oklahomastate::samhoustonstatebearkats,30337ff025a9af2c43af493c59d1a420,DraftKings,totals,full_game,2025-12-03 01:00:00+00:00,2025-12-02 23:34:22+00:00,Oklahoma St Cowboys,Sam Houston St Bearkats,,,,,,,169.5,-105.0,-115.0,2025-12-03,1.0,True,148.593017578125,8.203958511352539,72.6376,78.29936,4.3808804,4.253577,148.593017578125,8.203958511352539
401813292,,2025-12-02,,,,,,,,,,,,,,,,,,,oklahomastate::samhoustonstatebearkats,30337ff025a9af2c43af493c59d1a420,FanDuel,totals,full_game,2025-12-03 01:00:00+00:00,2025-12-02 23:33:54+00:00,Oklahoma St Cowboys,Sam Houston St Bearkats,,,,,,,169.5,-110.0,-110.0,2025-12-03,1.0,True,148.593017578125,8.203958511352539,72.6376,78.29936,4.3808804,4.253577,148.593017578125,8.203958511352539
401813292,,2025-12-02,,,,,,,,,,,,,,,,,,,oklahomastate::samhoustonstatebearkats,30337ff025a9af2c43af493c59d1a420,Fanatics,totals,full_game,2025-12-03 01:00:00+00:00,2025-12-02 23:34:00+00:00,Oklahoma St Cowboys,Sam Houston St Bearkats,,,,,,,169.5,-110.0,-110.0,2025-12-03,1.0,True,148.593017578125,8.203958511352539,72.6376,78.29936,4.3808804,4.253577,148.593017578125,8.203958511352539
401813292,,2025-12-02,,,,,,,,,,,,,,,,,,,oklahomastate::samhoustonstatebearkats,30337ff025a9af2c43af493c59d1a420,LowVig.ag,totals,full_game,2025-12-03 01:00:00+00:00,2025-12-02 23:34:20+00:00,Oklahoma St Cowboys,Sam Houston St Bearkats,,,,,,,169.5,-108.0,-108.0,2025-12-03,1.0,True,148.593017578125,8.203958511352539,72.6376,78.29936,4.3808804,4.253577,148.593017578125,8.203958511352539
401817159,,2025-12-02,,,,,,,,,,,,,,,,,,,centralmichigan::loyolachi,5073bf6a78e702e506a6002b458c26a5,BetMGM,h2h,2h,2025-12-03 01:00:00+00:00,2025-12-02 23:34:07+00:00,Loyola (Chi) Ramblers,Central Michigan Chippewas,-285.0,230.0,,,,,,,,2025-12-03,1.0,True,146.2288818359375,17.682300567626953,71.63598,78.09822,8.100573,9.808675,78.09822,9.808675
401817159,,2025-12-02,,,,,,,,,,,,,,,,,,,centralmichigan::loyolachi,5073bf6a78e702e506a6002b458c26a5,BetOnline.ag,h2h,2h,2025-12-03 01:00:00+00:00,2025-12-02 23:34:36+00:00,Loyola (Chi) Ramblers,Central Michigan Chippewas,-275.0,226.0,,,,,,,,2025-12-03,1.0,True,146.2288818359375,17.682300567626953,71.63598,78.09822,8.100573,9.808675,78.09822,9.808675
401817159,,2025-12-02,,,,,,,,,,,,,,,,,,,centralmichigan::loyolachi,5073bf6a78e702e506a6002b458c26a5,BetRivers,h2h,2h,2025-12-03 01:00:00+00:00,2025-12-02 23:34:22+00:00,Loyola (Chi) Ramblers,Central Michigan Chippewas,-278.0,215.0,,,,,,,,2025-12-03,1.0,True,146.2288818359375,17.682300567626953,71.63598,78.09822,8.100573,9.808675,78.09822,9.808675
401817159,,2025-12-02,,,,,,,,,,,,,,,,,,,centralmichigan::loyolachi,5073bf6a78e702e506a6002b458c26a5,BetUS,h2h,2h,2025-12-03 01:00:00+00:00,2025-12-02 23:34:07+00:00,Loyola (Chi) Ramblers,Central Michigan Chippewas,-275.0,230.0,,,,,,,,2025-12-03,1.0,True,146.2288818359375,17.682300567626953,71.63598,78.09822,8.100573,9.808675,78.09822,9.808675
401817159,,2025-12-02,,,,,,,,,,,,,,,,,,,centralmichigan::loyolachi,5073bf6a78e702e506a6002b458c26a5,Bovada,h2h,2h,2025-12-03 01:00:00+00:00,2025-12-02 23:34:11+00:00,Loyola (Chi) Ramblers,Central Michigan Chippewas,-260.0,215.0,,,,,,,,2025-12-03,1.0,True,146.2288818359375,17.682300567626953,71.63598,78.09822,8.100573,9.808675,78.09822,9.808675
401817159,,2025-12-02,,,,,,,,,,,,,,,,,,,centralmichigan::loyolachi,5073bf6a78e702e506a6002b458c26a5,DraftKings,h2h,2h,2025-12-03 01:00:00+00:00,2025-12-02 23:34:22+00:00,Loyola (Chi) Ramblers,Central Michigan Chippewas,-278.0,225.0,,,,,,,,2025-12-03,1.0,True,146.2288818359375,17.682300567626953,71.63598,78.09822,8.100573,9.808675,78.09822,9.808675
401817159,,2025-12-02,,,,,,,,,,,,,,,,,,,centralmichigan::loyolachi,5073bf6a78e702e506a6002b458c26a5,FanDuel,h2h,2h,2025-12-03 01:00:00+00:00,2025-12-02 23:33:54+00:00,Loyola (Chi) Ramblers,Central Michigan Chippewas,-320.0,245.0,,,,,,,,2025-12-03,1.0,True,146.2288818359375,17.682300567626953,71.63598,78.09822,8.100573,9.808675,78.09822,9.808675
401817159,,2025-12-02,,,,,,,,,,,,,,,,,,,centralmichigan::loyolachi,5073bf6a78e702e506a6002b458c26a5,Fanatics,h2h,2h,2025-12-03 01:00:00+00:00,2025-12-02 23:34:00+00:00,Loyola (Chi) Ramblers,Central Michigan Chippewas,-275.0,220.0,,,,,,,,2025-12-03,1.0,True,146.2288818359375,17.682300567626953,71.63598,78.09822,8.100573,9.808675,78.09822,9.808675
401817159,,2025-12-02,,,,,,,,,,,,,,,,,,,centralmichigan::loyolachi,5073bf6a78e702e506a6002b458c26a5,LowVig.ag,h2h,2h,2025-12-03 01:00:00+00:00,2025-12-02 23:34:20+00:00,Loyola (Chi) Ramblers,Central Michigan Chippewas,-275.0,226.0,,,,,,,,2025-12-03,1.0,True,146.2288818359375,17.682300567626953,71.63598,78.09822,8.100573,9.808675,78.09822,9.808675
401817159,,2025-12-02,,,,,,,,,,,,,,,,,,,centralmichigan::loyolachi,5073bf6a78e702e506a6002b458c26a5,BetMGM,spreads,full_game,2025-12-03 01:00:00+00:00,2025-12-02 23:34:07+00:00,Loyola (Chi) Ramblers,Central Michigan Chippewas,,,-6.5,-110.0,6.5,-110.0,,,,2025-12-03,1.0,True,146.2288818359375,17.682300567626953,71.63598,78.09822,8.100573,9.808675,146.2288818359375,17.682300567626953
401817159,,2025-12-02,,,,,,,,,,,,,,,,,,,centralmichigan::loyolachi,5073bf6a78e702e506a6002b458c26a5,BetOnline.ag,spreads,full_game,2025-12-03 01:00:00+00:00,2025-12-02 23:34:36+00:00,Loyola (Chi) Ramblers,Central Michigan Chippewas,,,-6.5,-105.0,6.5,-115.0,,,,2025-12-03,1.0,True,146.2288818359375,17.682300567626953,71.63598,78.09822,8.100573,9.808675,146.2288818359375,17.682300567626953
401817159,,2025-12-02,,,,,,,,,,,,,,,,,,,centralmichigan::loyolachi,5073bf6a78e702e506a6002b458c26a5,BetRivers,spreads,full_game,2025-12-03 01:00:00+00:00,2025-12-02 23:34:22+00:00,Loyola (Chi) Ramblers,Central Michigan Chippewas,,,-6.0,-115.0,6.0,-108.0,,,,2025-12-03,1.0,True,146.2288818359375,17.682300567626953,71.63598,78.09822,8.100573,9.808675,146.2288818359375,17.682300567626953
401817159,,2025-12-02,,,,,,,,,,,,,,,,,,,centralmichigan::loyolachi,5073bf6a78e702e506a6002b458c26a5,BetUS,spreads,full_game,2025-12-03 01:00:00+00:00,2025-12-02 23:34:07+00:00,Loyola (Chi) Ramblers,Central Michigan Chippewas,,,-6.5,-110.0,6.5,-110.0,,,,2025-12-03,1.0,True,146.2288818359375,17.682300567626953,71.63598,78.09822,8.100573,9.808675,146.2288818359375,17.682300567626953
401817159,,2025-12-02,,,,,,,,,,,,,,,,,,,centralmichigan::loyolachi,5073bf6a78e702e506a6002b458c26a5,Bovada,spreads,full_game,2025-12-03 01:00:00+00:00,2025-12-02 23:34:11+00:00,Loyola (Chi) Ramblers,Central Michigan Chippewas,,,-6.0,-110.0,6.0,-110.0,,,,2025-12-03,1.0,True,146.2288818359375,17.682300567626953,71.63598,78.09822,8.100573,9.808675,146.2288818359375,17.682300567626953
401817159,,2025-12-02,,,,,,,,,,,,,,,,,,,centralmichigan::loyolachi,5073bf6a78e702e506a6002b458c26a5,DraftKings,spreads,full_game,2025-12-03 01:00:00+00:00,2025-12-02 23:34:22+00:00,Loyola (Chi) Ramblers,Central Michigan Chippewas,,,-6.5,-108.0,6.5,-112.0,,,,2025-12-03,1.0,True,146.2288818359375,17.682300567626953,71.63598,78.09822,8.100573,9.808675,146.2288818359375,17.682300567626953
401817159,,2025-12-02,,,,,,,,,,,,,,,,,,,centralmichigan::loyolachi,5073bf6a78e702e506a6002b458c26a5,FanDuel,spreads,full_game,2025-12-03 01:00:00+00:00,2025-12-02 23:33:54+00:00,Loyola (Chi) Ramblers,Central Michigan Chippewas,,,-6.5,-112.0,6.5,-108.0,,,,2025-12-03,1.0,True,146.2288818359375,17.682300567626953,71.63598,78.09822,8.100573,9.808675,146.2288818359375,17.682300567626953
401817159,,2025-12-02,,,,,,,,,,,,,,,,,,,centralmichigan::loyolachi,5073bf6a78e702e506a6002b458c26a5,Fanatics,spreads,full_game,2025-12-03 01:00:00+00:00,2025-12-02 23:34:00+00:00,Loyola (Chi) Ramblers,Central Michigan Chippewas,,,-6.5,-110.0,6.5,-110.0,,,,2025-12-03,1.0,True,146.2288818359375,17.682300567626953,71.63598,78.09822,8.100573,9.808675,146.2288818359375,17.682300567626953
401817159,,2025-12-02,,,,,,,,,,,,,,,,,,,centralmichigan::loyolachi,5073bf6a78e702e506a6002b458c26a5,LowVig.ag,spreads,full_game,2025-12-03 01:00:00+00:00,2025-12-02 23:34:20+00:00,Loyola (Chi) Ramblers,Central Michigan Chippewas,,,-6.5,-101.0,6.5,-111.0,,,,2025-12-03,1.0,True,146.2288818359375,17.682300567626953,71.63598,78.09822,8.100573,9.808675,146.2288818359375,17.682300567626953
401817159,,2025-12-02,,,,,,,,,,,,,,,,,,,centralmichigan::loyolachi,5073bf6a78e702e506a6002b458c26a5,BetMGM,totals,full_game,2025-12-03 01:00:00+00:00,2025-12-02 23:34:07+00:00,Loyola (Chi) Ramblers,Central Michigan Chippewas,,,,,,,139.5,-105.0,-115.0,2025-12-03,1.0,True,146.2288818359375,17.682300567626953,71.63598,78.09822,8.100573,9.808675,146.2288818359375,17.682300567626953
401817159,,2025-12-02,,,,,,,,,,,,,,,,,,,centralmichigan::loyolachi,5073bf6a78e702e506a6002b458c26a5,BetOnline.ag,totals,full_game,2025-12-03 01:00:00+00:00,2025-12-02 23:34:36+00:00,Loyola (Chi) Ramblers,Central Michigan Chippewas,,,,,,,139.5,-105.0,-115.0,2025-12-03,1.0,True,146.2288818359375,17.682300567626953,71.63598,78.09822,8.100573,9.808675,146.2288818359375,17.682300567626953
401817159,,2025-12-02,,,,,,,,,,,,,,,,,,,centralmichigan::loyolachi,5073bf6a78e702e506a6002b458c26a5,BetRivers,totals,full_game,2025-12-03 01:00:00+00:00,2025-12-02 23:34:22+00:00,Loyola (Chi) Ramblers,Central Michigan Chippewas,,,,,,,140.0,-113.0,-109.0,2025-12-03,1.0,True,146.2288818359375,17.682300567626953,71.63598,78.09822,8.100573,9.808675,146.2288818359375,17.682300567626953
401817159,,2025-12-02,,,,,,,,,,,,,,,,,,,centralmichigan::loyolachi,5073bf6a78e702e506a6002b458c26a5,BetUS,totals,full_game,2025-12-03 01:00:00+00:00,2025-12-02 23:34:07+00:00,Loyola (Chi) Ramblers,Central Michigan Chippewas,,,,,,,139.5,-110.0,-110.0,2025-12-03,1.0,True,146.2288818359375,17.682300567626953,71.63598,78.09822,8.100573,9.808675,146.2288818359375,17.682300567626953
401817159,,2025-12-02,,,,,,,,,,,,,,,,,,,centralmichigan::loyolachi,5073bf6a78e702e506a6002b458c26a5,Bovada,totals,full_game,2025-12-03 01:00:00+00:00,2025-12-02 23:34:11+00:00,Loyola (Chi) Ramblers,Central Michigan Chippewas,,,,,,,140.0,-110.0,-110.0,2025-12-03,1.0,True,146.2288818359375,17.682300567626953,71.63598,78.09822,8.100573,9.808675,146.2288818359375,17.682300567626953
401817159,,2025-12-02,,,,,,,,,,,,,,,,,,,centralmichigan::loyolachi,5073bf6a78e702e506a6002b458c26a5,DraftKings,totals,full_game,2025-12-03 01:00:00+00:00,2025-12-02 23:34:22+00:00,Loyola (Chi) Ramblers,Central Michigan Chippewas,,,,,,,138.5,-115.0,-105.0,2025-12-03,1.0,True,146.2288818359375,17.682300567626953,71.63598,78.09822,8.100573,9.808675,146.2288818359375,17.682300567626953
401817159,,2025-12-02,,,,,,,,,,,,,,,,,,,centralmichigan::loyolachi,5073bf6a78e702e506a6002b458c26a5,FanDuel,totals,full_game,2025-12-03 01:00:00+00:00,2025-12-02 23:33:54+00:00,Loyola (Chi) Ramblers,Central Michigan Chippewas,,,,,,,139.5,-108.0,-112.0,2025-12-03,1.0,True,146.2288818359375,17.682300567626953,71.63598,78.09822,8.100573,9.808675,146.2288818359375,17.682300567626953
401817159,,2025-12-02,,,,,,,,,,,,,,,,,,,centralmichigan::loyolachi,5073bf6a78e702e506a6002b458c26a5,Fanatics,totals,full_game,2025-12-03 01:00:00+00:00,2025-12-02 23:34:00+00:00,Loyola (Chi) Ramblers,Central Michigan Chippewas,,,,,,,139.5,-110.0,-110.0,2025-12-03,1.0,True,146.2288818359375,17.682300567626953,71.63598,78.09822,8.100573,9.808675,146.2288818359375,17.682300567626953
401817159,,2025-12-02,,,,,,,,,,,,,,,,,,,centralmichigan::loyolachi,5073bf6a78e702e506a6002b458c26a5,LowVig.ag,totals,full_game,2025-12-03 01:00:00+00:00,2025-12-02 23:34:20+00:00,Loyola (Chi) Ramblers,Central Michigan Chippewas,,,,,,,139.5,-103.0,-113.0,2025-12-03,1.0,True,146.2288818359375,17.682300567626953,71.63598,78.09822,8.100573,9.808675,146.2288818359375,17.682300567626953
401820834,,2025-12-02,,,,,,,,,,,,,,,,,,,creightonbluejays::nichollsstatecolonels,a873b730b68178de99a3449861e95350,BetMGM,h2h,2h,2025-12-03 02:00:00+00:00,2025-12-02 23:34:07+00:00,Creighton Bluejays,Nicholls St Colonels,-3000.0,1300.0,,,,,,,,2025-12-03,1.0,True,102.6296813964844,23.702437591552737,73.33914,79.348206,14.630166,16.211239,79.348206,16.211239
401820834,,2025-12-02,,,,,,,,,,,,,,,,,,,creightonbluejays::nichollsstatecolonels,a873b730b68178de99a3449861e95350,BetRivers,h2h,2h,2025-12-03 02:00:00+00:00,2025-12-02 23:34:22+00:00,Creighton Bluejays,Nicholls St Colonels,-3335.0,1150.0,,,,,,,,2025-12-03,1.0,True,102.6296813964844,23.702437591552737,73.33914,79.348206,14.630166,16.211239,79.348206,16.211239
401820834,,2025-12-02,,,,,,,,,,,,,,,,,,,creightonbluejays::nichollsstatecolonels,a873b730b68178de99a3449861e95350,FanDuel,h2h,2h,2025-12-03 02:00:00+00:00,2025-12-02 23:33:54+00:00,Creighton Bluejays,Nicholls St Colonels,-4000.0,1400.0,,,,,,,,2025-12-03,1.0,True,102.6296813964844,23.702437591552737,73.33914,79.348206,14.630166,16.211239,79.348206,16.211239
401820834,,2025-12-02,,,,,,,,,,,,,,,,,,,creightonbluejays::nichollsstatecolonels,a873b730b68178de99a3449861e95350,Fanatics,h2h,2h,2025-12-03 02:00:00+00:00,2025-12-02 23:34:00+00:00,Creighton Bluejays,Nicholls St Colonels,-4000.0,1500.0,,,,,,,,2025-12-03,1.0,True,102.6296813964844,23.702437591552737,73.33914,79.348206,14.630166,16.211239,79.348206,16.211239
401820834,,2025-12-02,,,,,,,,,,,,,,,,,,,creightonbluejays::nichollsstatecolonels,a873b730b68178de99a3449861e95350,BetMGM,spreads,full_game,2025-12-03 02:00:00+00:00,2025-12-02 23:34:07+00:00,Creighton Bluejays,Nicholls St Colonels,,,-19.5,-110.0,19.5,-110.0,,,,2025-12-03,1.0,True,102.6296813964844,23.702437591552737,73.33914,79.348206,14.630166,16.211239,102.6296813964844,23.702437591552737
401820834,,2025-12-02,,,,,,,,,,,,,,,,,,,creightonbluejays::nichollsstatecolonels,a873b730b68178de99a3449861e95350,BetOnline.ag,spreads,full_game,2025-12-03 02:00:00+00:00,2025-12-02 23:34:37+00:00,Creighton Bluejays,Nicholls St Colonels,,,-19.0,-115.0,19.0,-105.0,,,,2025-12-03,1.0,True,102.6296813964844,23.702437591552737,73.33914,79.348206,14.630166,16.211239,102.6296813964844,23.702437591552737
401820834,,2025-12-02,,,,,,,,,,,,,,,,,,,creightonbluejays::nichollsstatecolonels,a873b730b68178de99a3449861e95350,BetRivers,spreads,full_game,2025-12-03 02:00:00+00:00,2025-12-02 23:34:22+00:00,Creighton Bluejays,Nicholls St Colonels,,,-19.5,-110.0,19.5,-113.0,,,,2025-12-03,1.0,True,102.6296813964844,23.702437591552737,73.33914,79.348206,14.630166,16.211239,102.6296813964844,23.702437591552737
401820834,,2025-12-02,,,,,,,,,,,,,,,,,,,creightonbluejays::nichollsstatecolonels,a873b730b68178de99a3449861e95350,Bovada,spreads,full_game,2025-12-03 02:00:00+00:00,2025-12-02 23:34:11+00:00,Creighton Bluejays,Nicholls St Colonels,,,-20.0,-105.0,20.0,-115.0,,,,2025-12-03,1.0,True,102.6296813964844,23.702437591552737,73.33914,79.348206,14.630166,16.211239,102.6296813964844,23.702437591552737
401820834,,2025-12-02,,,,,,,,,,,,,,,,,,,creightonbluejays::nichollsstatecolonels,a873b730b68178de99a3449861e95350,Caesars,spreads,full_game,2025-12-03 02:00:00+00:00,2025-12-02 23:33:06+00:00,Creighton Bluejays,Nicholls St Colonels,,,-19.0,-110.0,19.0,-110.0,,,,2025-12-03,1.0,True,102.6296813964844,23.702437591552737,73.33914,79.348206,14.630166,16.211239,102.6296813964844,23.702437591552737
401820834,,2025-12-02,,,,,,,,,,,,,,,,,,,creightonbluejays::nichollsstatecolonels,a873b730b68178de99a3449861e95350,DraftKings,spreads,full_game,2025-12-03 02:00:00+00:00,2025-12-02 23:34:22+00:00,Creighton Bluejays,Nicholls St Colonels,,,-19.5,-108.0,19.5,-112.0,,,,2025-12-03,1.0,True,102.6296813964844,23.702437591552737,73.33914,79.348206,14.630166,16.211239,102.6296813964844,23.702437591552737
401820834,,2025-12-02,,,,,,,,,,,,,,,,,,,creightonbluejays::nichollsstatecolonels,a873b730b68178de99a3449861e95350,FanDuel,spreads,full_game,2025-12-03 02:00:00+00:00,2025-12-02 23:33:54+00:00,Creighton Bluejays,Nicholls St Colonels,,,-19.5,-110.0,19.5,-110.0,,,,2025-12-03,1.0,True,102.6296813964844,23.702437591552737,73.33914,79.348206,14.630166,16.211239,102.6296813964844,23.702437591552737
401820834,,2025-12-02,,,,,,,,,,,,,,,,,,,creightonbluejays::nichollsstatecolonels,a873b730b68178de99a3449861e95350,Fanatics,spreads,full_game,2025-12-03 02:00:00+00:00,2025-12-02 23:34:00+00:00,Creighton Bluejays,Nicholls St Colonels,,,-19.5,-110.0,19.5,-110.0,,,,2025-12-03,1.0,True,102.6296813964844,23.702437591552737,73.33914,79.348206,14.630166,16.211239,102.6296813964844,23.702437591552737
401820834,,2025-12-02,,,,,,,,,,,,,,,,,,,creightonbluejays::nichollsstatecolonels,a873b730b68178de99a3449861e95350,LowVig.ag,spreads,full_game,2025-12-03 02:00:00+00:00,2025-12-02 23:34:20+00:00,Creighton Bluejays,Nicholls St Colonels,,,-19.0,-111.0,19.0,-101.0,,,,2025-12-03,1.0,True,102.6296813964844,23.702437591552737,73.33914,79.348206,14.630166,16.211239,102.6296813964844,23.702437591552737
401820834,,2025-12-02,,,,,,,,,,,,,,,,,,,creightonbluejays::nichollsstatecolonels,a873b730b68178de99a3449861e95350,BetMGM,totals,full_game,2025-12-03 02:00:00+00:00,2025-12-02 23:34:07+00:00,Creighton Bluejays,Nicholls St Colonels,,,,,,,143.5,-115.0,-105.0,2025-12-03,1.0,True,102.6296813964844,23.702437591552737,73.33914,79.348206,14.630166,16.211239,102.6296813964844,23.702437591552737
401820834,,2025-12-02,,,,,,,,,,,,,,,,,,,creightonbluejays::nichollsstatecolonels,a873b730b68178de99a3449861e95350,BetOnline.ag,totals,full_game,2025-12-03 02:00:00+00:00,2025-12-02 23:34:37+00:00,Creighton Bluejays,Nicholls St Colonels,,,,,,,143.5,-110.0,-110.0,2025-12-03,1.0,True,102.6296813964844,23.702437591552737,73.33914,79.348206,14.630166,16.211239,102.6296813964844,23.702437591552737
401820834,,2025-12-02,,,,,,,,,,,,,,,,,,,creightonbluejays::nichollsstatecolonels,a873b730b68178de99a3449861e95350,BetRivers,totals,full_game,2025-12-03 02:00:00+00:00,2025-12-02 23:34:22+00:00,Creighton Bluejays,Nicholls St Colonels,,,,,,,144.0,-113.0,-110.0,2025-12-03,1.0,True,102.6296813964844,23.702437591552737,73.33914,79.348206,14.630166,16.211239,102.6296813964844,23.702437591552737
401820834,,2025-12-02,,,,,,,,,,,,,,,,,,,creightonbluejays::nichollsstatecolonels,a873b730b68178de99a3449861e95350,Bovada,totals,full_game,2025-12-03 02:00:00+00:00,2025-12-02 23:34:11+00:00,Creighton Bluejays,Nicholls St Colonels,,,,,,,144.0,-105.0,-115.0,2025-12-03,1.0,True,102.6296813964844,23.702437591552737,73.33914,79.348206,14.630166,16.211239,102.6296813964844,23.702437591552737
401820834,,2025-12-02,,,,,,,,,,,,,,,,,,,creightonbluejays::nichollsstatecolonels,a873b730b68178de99a3449861e95350,Caesars,totals,full_game,2025-12-03 02:00:00+00:00,2025-12-02 23:33:06+00:00,Creighton Bluejays,Nicholls St Colonels,,,,,,,143.5,-110.0,-110.0,2025-12-03,1.0,True,102.6296813964844,23.702437591552737,73.33914,79.348206,14.630166,16.211239,102.6296813964844,23.702437591552737
401820834,,2025-12-02,,,,,,,,,,,,,,,,,,,creightonbluejays::nichollsstatecolonels,a873b730b68178de99a3449861e95350,DraftKings,totals,full_game,2025-12-03 02:00:00+00:00,2025-12-02 23:34:22+00:00,Creighton Bluejays,Nicholls St Colonels,,,,,,,143.5,-112.0,-108.0,2025-12-03,1.0,True,102.6296813964844,23.702437591552737,73.33914,79.348206,14.630166,16.211239,102.6296813964844,23.702437591552737
401820834,,2025-12-02,,,,,,,,,,,,,,,,,,,creightonbluejays::nichollsstatecolonels,a873b730b68178de99a3449861e95350,FanDuel,totals,full_game,2025-12-03 02:00:00+00:00,2025-12-02 23:33:54+00:00,Creighton Bluejays,Nicholls St Colonels,,,,,,,143.5,-105.0,-115.0,2025-12-03,1.0,True,102.6296813964844,23.702437591552737,73.33914,79.348206,14.630166,16.211239,102.6296813964844,23.702437591552737
401820834,,2025-12-02,,,,,,,,,,,,,,,,,,,creightonbluejays::nichollsstatecolonels,a873b730b68178de99a3449861e95350,Fanatics,totals,full_game,2025-12-03 02:00:00+00:00,2025-12-02 23:34:00+00:00,Creighton Bluejays,Nicholls St Colonels,,,,,,,143.5,-110.0,-110.0,2025-12-03,1.0,True,102.6296813964844,23.702437591552737,73.33914,79.348206,14.630166,16.211239,102.6296813964844,23.702437591552737
401820834,,2025-12-02,,,,,,,,,,,,,,,,,,,creightonbluejays::nichollsstatecolonels,a873b730b68178de99a3449861e95350,LowVig.ag,totals,full_game,2025-12-03 02:00:00+00:00,2025-12-02 23:34:20+00:00,Creighton Bluejays,Nicholls St Colonels,,,,,,,143.5,-108.0,-108.0,2025-12-03,1.0,True,102.6296813964844,23.702437591552737,73.33914,79.348206,14.630166,16.211239,102.6296813964844,23.702437591552737
401823789,,2025-12-02,,,,,,,,,,,,,,,,,,,grandcanyonlopes::stetsonhatters,9b3f89b5c50b6cd8823d8397f187f5ab,BetMGM,h2h,2h,2025-12-03 02:00:00+00:00,2025-12-02 23:34:07+00:00,Grand Canyon Antelopes,Stetson Hatters,-10000.0,2800.0,,,,,,,,2025-12-03,1.0,True,145.01600646972656,14.09189224243164,71.10078,77.72113,6.271038,8.070834,77.72113,8.070834
401823789,,2025-12-02,,,,,,,,,,,,,,,,,,,grandcanyonlopes::stetsonhatters,9b3f89b5c50b6cd8823d8397f187f5ab,FanDuel,h2h,2h,2025-12-03 02:00:00+00:00,2025-12-02 23:33:54+00:00,Grand Canyon Antelopes,Stetson Hatters,-10000.0,2500.0,,,,,,,,2025-12-03,1.0,True,145.01600646972656,14.09189224243164,71.10078,77.72113,6.271038,8.070834,77.72113,8.070834
401823789,,2025-12-02,,,,,,,,,,,,,,,,,,,grandcanyonlopes::stetsonhatters,9b3f89b5c50b6cd8823d8397f187f5ab,Fanatics,h2h,2h,2025-12-03 02:00:00+00:00,2025-12-02 23:34:00+00:00,Grand Canyon Antelopes,Stetson Hatters,-10000.0,2500.0,,,,,,,,2025-12-03,1.0,True,145.01600646972656,14.09189224243164,71.10078,77.72113,6.271038,8.070834,77.72113,8.070834
401823789,,2025-12-02,,,,,,,,,,,,,,,,,,,grandcanyonlopes::stetsonhatters,9b3f89b5c50b6cd8823d8397f187f5ab,BetMGM,spreads,full_game,2025-12-03 02:00:00+00:00,2025-12-02 23:34:07+00:00,Grand Canyon Antelopes,Stetson Hatters,,,-24.5,-115.0,24.5,-105.0,,,,2025-12-03,1.0,True,145.01600646972656,14.09189224243164,71.10078,77.72113,6.271038,8.070834,145.01600646972656,14.09189224243164
401823789,,2025-12-02,,,,,,,,,,,,,,,,,,,grandcanyonlopes::stetsonhatters,9b3f89b5c50b6cd8823d8397f187f5ab,BetOnline.ag,spreads,full_game,2025-12-03 02:00:00+00:00,2025-12-02 23:34:37+00:00,Grand Canyon Antelopes,Stetson Hatters,,,-24.5,-115.0,24.5,-105.0,,,,2025-12-03,1.0,True,145.01600646972656,14.09189224243164,71.10078,77.72113,6.271038,8.070834,145.01600646972656,14.09189224243164
401823789,,2025-12-02,,,,,,,,,,,,,,,,,,,grandcanyonlopes::stetsonhatters,9b3f89b5c50b6cd8823d8397f187f5ab,BetRivers,spreads,full_game,2025-12-03 02:00:00+00:00,2025-12-02 23:34:22+00:00,Grand Canyon Antelopes,Stetson Hatters,,,-25.0,-109.0,25.0,-113.0,,,,2025-12-03,1.0,True,145.01600646972656,14.09189224243164,71.10078,77.72113,6.271038,8.070834,145.01600646972656,14.09189224243164
401823789,,2025-12-02,,,,,,,,,,,,,,,,,,,grandcanyonlopes::stetsonhatters,9b3f89b5c50b6cd8823d8397f187f5ab,Bovada,spreads,full_game,2025-12-03 02:00:00+00:00,2025-12-02 23:34:11+00:00,Grand Canyon Antelopes,Stetson Hatters,,,-24.5,-110.0,24.5,-110.0,,,,2025-12-03,1.0,True,145.01600646972656,14.09189224243164,71.10078,77.72113,6.271038,8.070834,145.01600646972656,14.09189224243164
401823789,,2025-12-02,,,,,,,,,,,,,,,,,,,grandcanyonlopes::stetsonhatters,9b3f89b5c50b6cd8823d8397f187f5ab,Caesars,spreads,full_game,2025-12-03 02:00:00+00:00,2025-12-02 23:33:07+00:00,Grand Canyon Antelopes,Stetson Hatters,,,-25.5,-110.0,25.5,-110.0,,,,2025-12-03,1.0,True,145.01600646972656,14.09189224243164,71.10078,77.72113,6.271038,8.070834,145.01600646972656,14.09189224243164
401823789,,2025-12-02,,,,,,,,,,,,,,,,,,,grandcanyonlopes::stetsonhatters,9b3f89b5c50b6cd8823d8397f187f5ab,DraftKings,spreads,full_game,2025-12-03 02:00:00+00:00,2025-12-02 23:34:22+00:00,Grand Canyon Antelopes,Stetson Hatters,,,-24.5,-112.0,24.5,-108.0,,,,2025-12-03,1.0,True,145.01600646972656,14.09189224243164,71.10078,77.72113,6.271038,8.070834,145.01600646972656,14.09189224243164
401823789,,2025-12-02,,,,,,,,,,,,,,,,,,,grandcanyonlopes::stetsonhatters,9b3f89b5c50b6cd8823d8397f187f5ab,FanDuel,spreads,full_game,2025-12-03 02:00:00+00:00,2025-12-02 23:33:54+00:00,Grand Canyon Antelopes,Stetson Hatters,,,-24.5,-110.0,24.5,-110.0,,,,2025-12-03,1.0,True,145.01600646972656,14.09189224243164,71.10078,77.72113,6.271038,8.070834,145.01600646972656,14.09189224243164
401823789,,2025-12-02,,,,,,,,,,,,,,,,,,,grandcanyonlopes::stetsonhatters,9b3f89b5c50b6cd8823d8397f187f5ab,Fanatics,spreads,full_game,2025-12-03 02:00:00+00:00,2025-12-02 23:34:00+00:00,Grand Canyon Antelopes,Stetson Hatters,,,-24.5,-110.0,24.5,-110.0,,,,2025-12-03,1.0,True,145.01600646972656,14.09189224243164,71.10078,77.72113,6.271038,8.070834,145.01600646972656,14.09189224243164
401823789,,2025-12-02,,,,,,,,,,,,,,,,,,,grandcanyonlopes::stetsonhatters,9b3f89b5c50b6cd8823d8397f187f5ab,LowVig.ag,spreads,full_game,2025-12-03 02:00:00+00:00,2025-12-02 23:34:20+00:00,Grand Canyon Antelopes,Stetson Hatters,,,-24.5,-111.0,24.5,-101.0,,,,2025-12-03,1.0,True,145.01600646972656,14.09189224243164,71.10078,77.72113,6.271038,8.070834,145.01600646972656,14.09189224243164
401823789,,2025-12-02,,,,,,,,,,,,,,,,,,,grandcanyonlopes::stetsonhatters,9b3f89b5c50b6cd8823d8397f187f5ab,BetMGM,totals,full_game,2025-12-03 02:00:00+00:00,2025-12-02 23:34:07+00:00,Grand Canyon Antelopes,Stetson Hatters,,,,,,,141.5,-115.0,-105.0,2025-12-03,1.0,True,145.01600646972656,14.09189224243164,71.10078,77.72113,6.271038,8.070834,145.01600646972656,14.09189224243164
401823789,,2025-12-02,,,,,,,,,,,,,,,,,,,grandcanyonlopes::stetsonhatters,9b3f89b5c50b6cd8823d8397f187f5ab,BetOnline.ag,totals,full_game,2025-12-03 02:00:00+00:00,2025-12-02 23:34:37+00:00,Grand Canyon Antelopes,Stetson Hatters,,,,,,,142.0,-110.0,-110.0,2025-12-03,1.0,True,145.01600646972656,14.09189224243164,71.10078,77.72113,6.271038,8.070834,145.01600646972656,14.09189224243164
401823789,,2025-12-02,,,,,,,,,,,,,,,,,,,grandcanyonlopes::stetsonhatters,9b3f89b5c50b6cd8823d8397f187f5ab,BetRivers,totals,full_game,2025-12-03 02:00:00+00:00,2025-12-02 23:34:22+00:00,Grand Canyon Antelopes,Stetson Hatters,,,,,,,142.5,-113.0,-110.0,2025-12-03,1.0,True,145.01600646972656,14.09189224243164,71.10078,77.72113,6.271038,8.070834,145.01600646972656,14.09189224243164
401823789,,2025-12-02,,,,,,,,,,,,,,,,,,,grandcanyonlopes::stetsonhatters,9b3f89b5c50b6cd8823d8397f187f5ab,Bovada,totals,full_game,2025-12-03 02:00:00+00:00,2025-12-02 23:34:11+00:00,Grand Canyon Antelopes,Stetson Hatters,,,,,,,142.5,-110.0,-110.0,2025-12-03,1.0,True,145.01600646972656,14.09189224243164,71.10078,77.72113,6.271038,8.070834,145.01600646972656,14.09189224243164
401823789,,2025-12-02,,,,,,,,,,,,,,,,,,,grandcanyonlopes::stetsonhatters,9b3f89b5c50b6cd8823d8397f187f5ab,Caesars,totals,full_game,2025-12-03 02:00:00+00:00,2025-12-02 23:33:07+00:00,Grand Canyon Antelopes,Stetson Hatters,,,,,,,142.0,-110.0,-110.0,2025-12-03,1.0,True,145.01600646972656,14.09189224243164,71.10078,77.72113,6.271038,8.070834,145.01600646972656,14.09189224243164
401823789,,2025-12-02,,,,,,,,,,,,,,,,,,,grandcanyonlopes::stetsonhatters,9b3f89b5c50b6cd8823d8397f187f5ab,DraftKings,totals,full_game,2025-12-03 02:00:00+00:00,2025-12-02 23:34:22+00:00,Grand Canyon Antelopes,Stetson Hatters,,,,,,,141.5,-112.0,-108.0,2025-12-03,1.0,True,145.01600646972656,14.09189224243164,71.10078,77.72113,6.271038,8.070834,145.01600646972656,14.09189224243164
401823789,,2025-12-02,,,,,,,,,,,,,,,,,,,grandcanyonlopes::stetsonhatters,9b3f89b5c50b6cd8823d8397f187f5ab,FanDuel,totals,full_game,2025-12-03 02:00:00+00:00,2025-12-02 23:33:54+00:00,Grand Canyon Antelopes,Stetson Hatters,,,,,,,142.5,-106.0,-114.0,2025-12-03,1.0,True,145.01600646972656,14.09189224243164,71.10078,77.72113,6.271038,8.070834,145.01600646972656,14.09189224243164
401823789,,2025-12-02,,,,,,,,,,,,,,,,,,,grandcanyonlopes::stetsonhatters,9b3f89b5c50b6cd8823d8397f187f5ab,Fanatics,totals,full_game,2025-12-03 02:00:00+00:00,2025-12-02 23:34:00+00:00,Grand Canyon Antelopes,Stetson Hatters,,,,,,,142.5,-110.0,-110.0,2025-12-03,1.0,True,145.01600646972656,14.09189224243164,71.10078,77.72113,6.271038,8.070834,145.01600646972656,14.09189224243164
401823789,,2025-12-02,,,,,,,,,,,,,,,,,,,grandcanyonlopes::stetsonhatters,9b3f89b5c50b6cd8823d8397f187f5ab,LowVig.ag,totals,full_game,2025-12-03 02:00:00+00:00,2025-12-02 23:34:20+00:00,Grand Canyon Antelopes,Stetson Hatters,,,,,,,142.0,-108.0,-108.0,2025-12-03,1.0,True,145.01600646972656,14.09189224243164,71.10078,77.72113,6.271038,8.070834,145.01600646972656,14.09189224243164
401826845,,2025-12-02,,,,,,,,,,,,,,,,,,,gramblingstate::tulanegreen,3f3e8043a2f4a0c1eeefaf37048b47d5,BetMGM,h2h,2h,2025-12-03 00:30:00+00:00,2025-12-02 23:34:07+00:00,Tulane Green Wave,Grambling St Tigers,-900.0,600.0,,,,,,,,2025-12-03,1.0,True,140.1898651123047,20.064617156982425,69.0223,76.877106,7.9495544,12.151209,76.877106,12.151209
401826845,,2025-12-02,,,,,,,,,,,,,,,,,,,gramblingstate::tulanegreen,3f3e8043a2f4a0c1eeefaf37048b47d5,BetRivers,h2h,2h,2025-12-03 00:30:00+00:00,2025-12-02 23:34:22+00:00,Tulane Green Wave,Grambling St Tigers,-715.0,480.0,,,,,,,,2025-12-03,1.0,True,140.1898651123047,20.064617156982425,69.0223,76.877106,7.9495544,12.151209,76.877106,12.151209
401826845,,2025-12-02,,,,,,,,,,,,,,,,,,,gramblingstate::tulanegreen,3f3e8043a2f4a0c1eeefaf37048b47d5,Bovada,h2h,2h,2025-12-03 00:30:00+00:00,2025-12-02 23:34:11+00:00,Tulane Green Wave,Grambling St Tigers,-850.0,550.0,,,,,,,,2025-12-03,1.0,True,140.1898651123047,20.064617156982425,69.0223,76.877106,7.9495544,12.151209,76.877106,12.151209
401826845,,2025-12-02,,,,,,,,,,,,,,,,,,,gramblingstate::tulanegreen,3f3e8043a2f4a0c1eeefaf37048b47d5,Caesars,h2h,2h,2025-12-03 00:30:00+00:00,2025-12-02 23:33:06+00:00,Tulane Green Wave,Grambling St Tigers,-900.0,600.0,,,,,,,,2025-12-03,1.0,True,140.1898651123047,20.064617156982425,69.0223,76.877106,7.9495544,12.151209,76.877106,12.151209
401826845,,2025-12-02,,,,,,,,,,,,,,,,,,,gramblingstate::tulanegreen,3f3e8043a2f4a0c1eeefaf37048b47d5,FanDuel,h2h,2h,2025-12-03 00:30:00+00:00,2025-12-02 23:33:54+00:00,Tulane Green Wave,Grambling St Tigers,-950.0,590.0,,,,,,,,2025-12-03,1.0,True,140.1898651123047,20.064617156982425,69.0223,76.877106,7.9495544,12.151209,76.877106,12.151209
401826845,,2025-12-02,,,,,,,,,,,,,,,,,,,gramblingstate::tulanegreen,3f3e8043a2f4a0c1eeefaf37048b47d5,Fanatics,h2h,2h,2025-12-03 00:30:00+00:00,2025-12-02 23:34:00+00:00,Tulane Green Wave,Grambling St Tigers,-800.0,550.0,,,,,,,,2025-12-03,1.0,True,140.1898651123047,20.064617156982425,69.0223,76.877106,7.9495544,12.151209,76.877106,12.151209
401826845,,2025-12-02,,,,,,,,,,,,,,,,,,,gramblingstate::tulanegreen,3f3e8043a2f4a0c1eeefaf37048b47d5,BetMGM,spreads,full_game,2025-12-03 00:30:00+00:00,2025-12-02 23:34:07+00:00,Tulane Green Wave,Grambling St Tigers,,,-12.5,-105.0,12.5,-115.0,,,,2025-12-03,1.0,True,140.1898651123047,20.064617156982425,69.0223,76.877106,7.9495544,12.151209,140.1898651123047,20.064617156982425
401826845,,2025-12-02,,,,,,,,,,,,,,,,,,,gramblingstate::tulanegreen,3f3e8043a2f4a0c1eeefaf37048b47d5,BetOnline.ag,spreads,full_game,2025-12-03 00:30:00+00:00,2025-12-02 23:34:37+00:00,Tulane Green Wave,Grambling St Tigers,,,-12.0,-115.0,12.0,-105.0,,,,2025-12-03,1.0,True,140.1898651123047,20.064617156982425,69.0223,76.877106,7.9495544,12.151209,140.1898651123047,20.064617156982425
401826845,,2025-12-02,,,,,,,,,,,,,,,,,,,gramblingstate::tulanegreen,3f3e8043a2f4a0c1eeefaf37048b47d5,BetRivers,spreads,full_game,2025-12-03 00:30:00+00:00,2025-12-02 23:34:22+00:00,Tulane Green Wave,Grambling St Tigers,,,-11.5,-113.0,11.5,-110.0,,,,2025-12-03,1.0,True,140.1898651123047,20.064617156982425,69.0223,76.877106,7.9495544,12.151209,140.1898651123047,20.064617156982425
401826845,,2025-12-02,,,,,,,,,,,,,,,,,,,gramblingstate::tulanegreen,3f3e8043a2f4a0c1eeefaf37048b47d5,Bovada,spreads,full_game,2025-12-03 00:30:00+00:00,2025-12-02 23:34:11+00:00,Tulane Green Wave,Grambling St Tigers,,,-12.0,-110.0,12.0,-110.0,,,,2025-12-03,1.0,True,140.1898651123047,20.064617156982425,69.0223,76.877106,7.9495544,12.151209,140.1898651123047,20.064617156982425
401826845,,2025-12-02,,,,,,,,,,,,,,,,,,,gramblingstate::tulanegreen,3f3e8043a2f4a0c1eeefaf37048b47d5,Caesars,spreads,full_game,2025-12-03 00:30:00+00:00,2025-12-02 23:33:06+00:00,Tulane Green Wave,Grambling St Tigers,,,-12.0,-110.0,12.0,-110.0,,,,2025-12-03,1.0,True,140.1898651123047,20.064617156982425,69.0223,76.877106,7.9495544,12.151209,140.1898651123047,20.064617156982425
401826845,,2025-12-02,,,,,,,,,,,,,,,,,,,gramblingstate::tulanegreen,3f3e8043a2f4a0c1eeefaf37048b47d5,DraftKings,spreads,full_game,2025-12-03 00:30:00+00:00,2025-12-02 23:34:22+00:00,Tulane Green Wave,Grambling St Tigers,,,-12.5,-105.0,12.5,-115.0,,,,2025-12-03,1.0,True,140.1898651123047,20.064617156982425,69.0223,76.877106,7.9495544,12.151209,140.1898651123047,20.064617156982425
401826845,,2025-12-02,,,,,,,,,,,,,,,,,,,gramblingstate::tulanegreen,3f3e8043a2f4a0c1eeefaf37048b47d5,FanDuel,spreads,full_game,2025-12-03 00:30:00+00:00,2025-12-02 23:33:54+00:00,Tulane Green Wave,Grambling St Tigers,,,-11.5,-118.0,11.5,-104.0,,,,2025-12-03,1.0,True,140.1898651123047,20.064617156982425,69.0223,76.877106,7.9495544,12.151209,140.1898651123047,20.064617156982425
401826845,,2025-12-02,,,,,,,,,,,,,,,,,,,gramblingstate::tulanegreen,3f3e8043a2f4a0c1eeefaf37048b47d5,Fanatics,spreads,full_game,2025-12-03 00:30:00+00:00,2025-12-02 23:34:00+00:00,Tulane Green Wave,Grambling St Tigers,,,-12.0,-110.0,12.0,-110.0,,,,2025-12-03,1.0,True,140.1898651123047,20.064617156982425,69.0223,76.877106,7.9495544,12.151209,140.1898651123047,20.064617156982425
401826845,,2025-12-02,,,,,,,,,,,,,,,,,,,gramblingstate::tulanegreen,3f3e8043a2f4a0c1eeefaf37048b47d5,LowVig.ag,spreads,full_game,2025-12-03 00:30:00+00:00,2025-12-02 23:34:20+00:00,Tulane Green Wave,Grambling St Tigers,,,-12.0,-111.0,12.0,-101.0,,,,2025-12-03,1.0,True,140.1898651123047,20.064617156982425,69.0223,76.877106,7.9495544,12.151209,140.1898651123047,20.064617156982425
401826845,,2025-12-02,,,,,,,,,,,,,,,,,,,gramblingstate::tulanegreen,3f3e8043a2f4a0c1eeefaf37048b47d5,BetMGM,totals,full_game,2025-12-03 00:30:00+00:00,2025-12-02 23:34:07+00:00,Tulane Green Wave,Grambling St Tigers,,,,,,,149.5,-110.0,-110.0,2025-12-03,1.0,True,140.1898651123047,20.064617156982425,69.0223,76.877106,7.9495544,12.151209,140.1898651123047,20.064617156982425
401826845,,2025-12-02,,,,,,,,,,,,,,,,,,,gramblingstate::tulanegreen,3f3e8043a2f4a0c1eeefaf37048b47d5,BetOnline.ag,totals,full_game,2025-12-03 00:30:00+00:00,2025-12-02 23:34:37+00:00,Tulane Green Wave,Grambling St Tigers,,,,,,,150.0,-110.0,-110.0,2025-12-03,1.0,True,140.1898651123047,20.064617156982425,69.0223,76.877106,7.9495544,12.151209,140.1898651123047,20.064617156982425
401826845,,2025-12-02,,,,,,,,,,,,,,,,,,,gramblingstate::tulanegreen,3f3e8043a2f4a0c1eeefaf37048b47d5,BetRivers,totals,full_game,2025-12-03 00:30:00+00:00,2025-12-02 23:34:22+00:00,Tulane Green Wave,Grambling St Tigers,,,,,,,150.0,-112.0,-112.0,2025-12-03,1.0,True,140.1898651123047,20.064617156982425,69.0223,76.877106,7.9495544,12.151209,140.1898651123047,20.064617156982425
401826845,,2025-12-02,,,,,,,,,,,,,,,,,,,gramblingstate::tulanegreen,3f3e8043a2f4a0c1eeefaf37048b47d5,Bovada,totals,full_game,2025-12-03 00:30:00+00:00,2025-12-02 23:34:11+00:00,Tulane Green Wave,Grambling St Tigers,,,,,,,150.5,-110.0,-110.0,2025-12-03,1.0,True,140.1898651123047,20.064617156982425,69.0223,76.877106,7.9495544,12.151209,140.1898651123047,20.064617156982425
401826845,,2025-12-02,,,,,,,,,,,,,,,,,,,gramblingstate::tulanegreen,3f3e8043a2f4a0c1eeefaf37048b47d5,Caesars,totals,full_game,2025-12-03 00:30:00+00:00,2025-12-02 23:33:06+00:00,Tulane Green Wave,Grambling St Tigers,,,,,,,149.5,-110.0,-110.0,2025-12-03,1.0,True,140.1898651123047,20.064617156982425,69.0223,76.877106,7.9495544,12.151209,140.1898651123047,20.064617156982425
401826845,,2025-12-02,,,,,,,,,,,,,,,,,,,gramblingstate::tulanegreen,3f3e8043a2f4a0c1eeefaf37048b47d5,DraftKings,totals,full_game,2025-12-03 00:30:00+00:00,2025-12-02 23:34:22+00:00,Tulane Green Wave,Grambling St Tigers,,,,,,,149.5,-110.0,-110.0,2025-12-03,1.0,True,140.1898651123047,20.064617156982425,69.0223,76.877106,7.9495544,12.151209,140.1898651123047,20.064617156982425
401826845,,2025-12-02,,,,,,,,,,,,,,,,,,,gramblingstate::tulanegreen,3f3e8043a2f4a0c1eeefaf37048b47d5,FanDuel,totals,full_game,2025-12-03 00:30:00+00:00,2025-12-02 23:33:54+00:00,Tulane Green Wave,Grambling St Tigers,,,,,,,149.5,-106.0,-114.0,2025-12-03,1.0,True,140.1898651123047,20.064617156982425,69.0223,76.877106,7.9495544,12.151209,140.1898651123047,20.064617156982425
401826845,,2025-12-02,,,,,,,,,,,,,,,,,,,gramblingstate::tulanegreen,3f3e8043a2f4a0c1eeefaf37048b47d5,Fanatics,totals,full_game,2025-12-03 00:30:00+00:00,2025-12-02 23:34:00+00:00,Tulane Green Wave,Grambling St Tigers,,,,,,,149.5,-110.0,-110.0,2025-12-03,1.0,True,140.1898651123047,20.064617156982425,69.0223,76.877106,7.9495544,12.151209,140.1898651123047,20.064617156982425
401826845,,2025-12-02,,,,,,,,,,,,,,,,,,,gramblingstate::tulanegreen,3f3e8043a2f4a0c1eeefaf37048b47d5,LowVig.ag,totals,full_game,2025-12-03 00:30:00+00:00,2025-12-02 23:34:20+00:00,Tulane Green Wave,Grambling St Tigers,,,,,,,150.0,-108.0,-108.0,2025-12-03,1.0,True,140.1898651123047,20.064617156982425,69.0223,76.877106,7.9495544,12.151209,140.1898651123047,20.064617156982425
