game_id,season,date_game,home_team,away_team,home_score,away_score,home_score_1h,away_score_1h,home_score_2h,away_score_2h,neutral_site,venue,start_time,source,start_time_local,start_tz_abbr,start_time_iso,display_date,start_time_local_venue,start_tz_abbr_venue,pair_key,event_id,book,market,period,commence_time,last_update,home_team_name,away_team_name,moneyline_home,moneyline_away,home_spread,home_spread_price,away_spread,away_spread_price,total,over_price,under_price,date_line,_day_diff,partial_pair,pred_total_full,pred_margin_full,pred_total_1h,pred_total_2h,pred_margin_1h,pred_margin_2h,pred_total,pred_margin,edge_total,edge_margin,edge_total_pct,edge_margin_pct,kelly_fraction_total,home_ml_prob_market,away_ml_prob_market,home_ml_prob_fair,away_ml_prob_fair,kelly_fraction_ml_home,kelly_fraction_ml_away,home_ml_ev,away_ml_ev,home_ml_b,away_ml_b
401808731,2025.0,2025-12-01,Incarnate Word Cardinals,McNeese Cowboys,0.0,0.0,,,,,False,McDermott Center,2025-12-02 00:30:00+00:00,,2025-12-01 19:30,EST,2025-12-02T00:30:00Z,2025-12-01,,,incarnateword::mcneese,dfa14435c548538aa49edf0bc0389cd2,BetMGM,h2h,2h,2025-12-02 00:30:00+00:00,2025-12-01 23:54:51+00:00,Incarnate Word Cardinals,McNeese Cowboys,450.0,-625.0,,,,,,,,2025-12-02,1.0,False,139.3162841796875,2.317201375961304,68.59856,76.114235,-0.07236552,2.6709146,76.114235,2.6709146,,,,,,0.18181818181818182,0.8620689655172413,0.5942491147933081,0.4057508852066919,0.5040822514140433,-1.0,2.2683701313631945,-0.5293289731602374,4.5,0.16
401808731,2025.0,2025-12-01,Incarnate Word Cardinals,McNeese Cowboys,0.0,0.0,,,,,False,McDermott Center,2025-12-02 00:30:00+00:00,,2025-12-01 19:30,EST,2025-12-02T00:30:00Z,2025-12-01,,,incarnateword::mcneese,dfa14435c548538aa49edf0bc0389cd2,BetMGM,spreads,full_game,2025-12-02 00:30:00+00:00,2025-12-01 23:54:51+00:00,Incarnate Word Cardinals,McNeese Cowboys,,,10.5,-110.0,-10.5,-110.0,,,,2025-12-02,1.0,False,139.3162841796875,2.317201375961304,68.59856,76.114235,-0.07236552,2.6709146,139.3162841796875,2.317201375961304,,12.817201375961304,,1.220685845329648,,,,0.5820096708676769,0.41799032913232315,,,,,,
401808731,2025.0,2025-12-01,Incarnate Word Cardinals,McNeese Cowboys,0.0,0.0,,,,,False,McDermott Center,2025-12-02 00:30:00+00:00,,2025-12-01 19:30,EST,2025-12-02T00:30:00Z,2025-12-01,,,incarnateword::mcneese,dfa14435c548538aa49edf0bc0389cd2,BetMGM,totals,full_game,2025-12-02 00:30:00+00:00,2025-12-01 23:54:51+00:00,Incarnate Word Cardinals,McNeese Cowboys,,,,,,,145.5,-110.0,-110.0,2025-12-02,1.0,False,139.3162841796875,2.317201375961304,68.59856,76.114235,-0.07236552,2.6709146,139.3162841796875,2.317201375961304,-6.1837158203125,,-0.04249976508805842,,-0.20612386067708333,,,0.5820096708676769,0.41799032913232315,,,,,,
401808731,2025.0,2025-12-01,Incarnate Word Cardinals,McNeese Cowboys,0.0,0.0,,,,,False,McDermott Center,2025-12-02 00:30:00+00:00,,2025-12-01 19:30,EST,2025-12-02T00:30:00Z,2025-12-01,,,incarnateword::mcneese,dfa14435c548538aa49edf0bc0389cd2,BetOnline.ag,spreads,full_game,2025-12-02 00:30:00+00:00,2025-12-01 23:54:37+00:00,Incarnate Word Cardinals,McNeese Cowboys,,,10.5,-107.0,-10.5,-113.0,,,,2025-12-02,1.0,False,139.3162841796875,2.317201375961304,68.59856,76.114235,-0.07236552,2.6709146,139.3162841796875,2.317201375961304,,12.817201375961304,,1.220685845329648,,,,0.5820096708676769,0.41799032913232315,,,,,,
401808731,2025.0,2025-12-01,Incarnate Word Cardinals,McNeese Cowboys,0.0,0.0,,,,,False,McDermott Center,2025-12-02 00:30:00+00:00,,2025-12-01 19:30,EST,2025-12-02T00:30:00Z,2025-12-01,,,incarnateword::mcneese,dfa14435c548538aa49edf0bc0389cd2,BetOnline.ag,totals,full_game,2025-12-02 00:30:00+00:00,2025-12-01 23:54:37+00:00,Incarnate Word Cardinals,McNeese Cowboys,,,,,,,145.5,-110.0,-110.0,2025-12-02,1.0,False,139.3162841796875,2.317201375961304,68.59856,76.114235,-0.07236552,2.6709146,139.3162841796875,2.317201375961304,-6.1837158203125,,-0.04249976508805842,,-0.20612386067708333,,,0.5820096708676769,0.41799032913232315,,,,,,
401808731,2025.0,2025-12-01,Incarnate Word Cardinals,McNeese Cowboys,0.0,0.0,,,,,False,McDermott Center,2025-12-02 00:30:00+00:00,,2025-12-01 19:30,EST,2025-12-02T00:30:00Z,2025-12-01,,,incarnateword::mcneese,dfa14435c548538aa49edf0bc0389cd2,BetRivers,h2h,2h,2025-12-02 00:30:00+00:00,2025-12-01 23:54:34+00:00,Incarnate Word Cardinals,McNeese Cowboys,400.0,-590.0,,,,,,,,2025-12-02,1.0,False,139.3162841796875,2.317201375961304,68.59856,76.114235,-0.07236552,2.6709146,76.114235,2.6709146,,,,,,0.2,0.855072463768116,0.5942491147933081,0.4057508852066919,0.49281139349163516,-1.0,1.9712455739665407,-0.5254777783175977,4.0,0.1694915254237288
401808731,2025.0,2025-12-01,Incarnate Word Cardinals,McNeese Cowboys,0.0,0.0,,,,,False,McDermott Center,2025-12-02 00:30:00+00:00,,2025-12-01 19:30,EST,2025-12-02T00:30:00Z,2025-12-01,,,incarnateword::mcneese,dfa14435c548538aa49edf0bc0389cd2,BetRivers,spreads,full_game,2025-12-02 00:30:00+00:00,2025-12-01 23:54:34+00:00,Incarnate Word Cardinals,McNeese Cowboys,,,10.5,-110.0,-10.5,-112.0,,,,2025-12-02,1.0,False,139.3162841796875,2.317201375961304,68.59856,76.114235,-0.07236552,2.6709146,139.3162841796875,2.317201375961304,,12.817201375961304,,1.220685845329648,,,,0.5820096708676769,0.41799032913232315,,,,,,
401808731,2025.0,2025-12-01,Incarnate Word Cardinals,McNeese Cowboys,0.0,0.0,,,,,False,McDermott Center,2025-12-02 00:30:00+00:00,,2025-12-01 19:30,EST,2025-12-02T00:30:00Z,2025-12-01,,,incarnateword::mcneese,dfa14435c548538aa49edf0bc0389cd2,BetRivers,totals,full_game,2025-12-02 00:30:00+00:00,2025-12-01 23:54:34+00:00,Incarnate Word Cardinals,McNeese Cowboys,,,,,,,145.0,-110.0,-112.0,2025-12-02,1.0,False,139.3162841796875,2.317201375961304,68.59856,76.114235,-0.07236552,2.6709146,139.3162841796875,2.317201375961304,-5.6837158203125,,-0.03919804014008621,,-0.18945719401041666,,,0.5820096708676769,0.41799032913232315,,,,,,
401808731,2025.0,2025-12-01,Incarnate Word Cardinals,McNeese Cowboys,0.0,0.0,,,,,False,McDermott Center,2025-12-02 00:30:00+00:00,,2025-12-01 19:30,EST,2025-12-02T00:30:00Z,2025-12-01,,,incarnateword::mcneese,dfa14435c548538aa49edf0bc0389cd2,Bovada,h2h,2h,2025-12-02 00:30:00+00:00,2025-12-01 23:54:56+00:00,Incarnate Word Cardinals,McNeese Cowboys,500.0,-750.0,,,,,,,,2025-12-02,1.0,False,139.3162841796875,2.317201375961304,68.59856,76.114235,-0.07236552,2.6709146,76.114235,2.6709146,,,,,,0.16666666666666666,0.8823529411764706,0.5942491147933081,0.4057508852066919,0.5130989377519698,-1.0,2.565494688759849,-0.5401489967657492,5.0,0.13333333333333333
401808731,2025.0,2025-12-01,Incarnate Word Cardinals,McNeese Cowboys,0.0,0.0,,,,,False,McDermott Center,2025-12-02 00:30:00+00:00,,2025-12-01 19:30,EST,2025-12-02T00:30:00Z,2025-12-01,,,incarnateword::mcneese,dfa14435c548538aa49edf0bc0389cd2,Bovada,spreads,full_game,2025-12-02 00:30:00+00:00,2025-12-01 23:54:56+00:00,Incarnate Word Cardinals,McNeese Cowboys,,,10.0,-105.0,-10.0,-115.0,,,,2025-12-02,1.0,False,139.3162841796875,2.317201375961304,68.59856,76.114235,-0.07236552,2.6709146,139.3162841796875,2.317201375961304,,12.317201375961304,,1.2317201375961304,,,,0.5820096708676769,0.41799032913232315,,,,,,
401808731,2025.0,2025-12-01,Incarnate Word Cardinals,McNeese Cowboys,0.0,0.0,,,,,False,McDermott Center,2025-12-02 00:30:00+00:00,,2025-12-01 19:30,EST,2025-12-02T00:30:00Z,2025-12-01,,,incarnateword::mcneese,dfa14435c548538aa49edf0bc0389cd2,Bovada,totals,full_game,2025-12-02 00:30:00+00:00,2025-12-01 23:54:56+00:00,Incarnate Word Cardinals,McNeese Cowboys,,,,,,,145.0,-110.0,-110.0,2025-12-02,1.0,False,139.3162841796875,2.317201375961304,68.59856,76.114235,-0.07236552,2.6709146,139.3162841796875,2.317201375961304,-5.6837158203125,,-0.03919804014008621,,-0.18945719401041666,,,0.5820096708676769,0.41799032913232315,,,,,,
401808731,2025.0,2025-12-01,Incarnate Word Cardinals,McNeese Cowboys,0.0,0.0,,,,,False,McDermott Center,2025-12-02 00:30:00+00:00,,2025-12-01 19:30,EST,2025-12-02T00:30:00Z,2025-12-01,,,incarnateword::mcneese,dfa14435c548538aa49edf0bc0389cd2,Caesars,h2h,2h,2025-12-02 00:30:00+00:00,2025-12-01 23:52:20+00:00,Incarnate Word Cardinals,McNeese Cowboys,500.0,-700.0,,,,,,,,2025-12-02,1.0,False,139.3162841796875,2.317201375961304,68.59856,76.114235,-0.07236552,2.6709146,76.114235,2.6709146,,,,,,0.16666666666666666,0.875,0.5942491147933081,0.4057508852066919,0.5130989377519698,-1.0,2.565494688759849,-0.5362847026209235,5.0,0.14285714285714285
401808731,2025.0,2025-12-01,Incarnate Word Cardinals,McNeese Cowboys,0.0,0.0,,,,,False,McDermott Center,2025-12-02 00:30:00+00:00,,2025-12-01 19:30,EST,2025-12-02T00:30:00Z,2025-12-01,,,incarnateword::mcneese,dfa14435c548538aa49edf0bc0389cd2,Caesars,spreads,full_game,2025-12-02 00:30:00+00:00,2025-12-01 23:52:20+00:00,Incarnate Word Cardinals,McNeese Cowboys,,,10.5,-110.0,-10.5,-110.0,,,,2025-12-02,1.0,False,139.3162841796875,2.317201375961304,68.59856,76.114235,-0.07236552,2.6709146,139.3162841796875,2.317201375961304,,12.817201375961304,,1.220685845329648,,,,0.5820096708676769,0.41799032913232315,,,,,,
401808731,2025.0,2025-12-01,Incarnate Word Cardinals,McNeese Cowboys,0.0,0.0,,,,,False,McDermott Center,2025-12-02 00:30:00+00:00,,2025-12-01 19:30,EST,2025-12-02T00:30:00Z,2025-12-01,,,incarnateword::mcneese,dfa14435c548538aa49edf0bc0389cd2,Caesars,totals,full_game,2025-12-02 00:30:00+00:00,2025-12-01 23:52:20+00:00,Incarnate Word Cardinals,McNeese Cowboys,,,,,,,145.0,-110.0,-110.0,2025-12-02,1.0,False,139.3162841796875,2.317201375961304,68.59856,76.114235,-0.07236552,2.6709146,139.3162841796875,2.317201375961304,-5.6837158203125,,-0.03919804014008621,,-0.18945719401041666,,,0.5820096708676769,0.41799032913232315,,,,,,
401808731,2025.0,2025-12-01,Incarnate Word Cardinals,McNeese Cowboys,0.0,0.0,,,,,False,McDermott Center,2025-12-02 00:30:00+00:00,,2025-12-01 19:30,EST,2025-12-02T00:30:00Z,2025-12-01,,,incarnateword::mcneese,dfa14435c548538aa49edf0bc0389cd2,DraftKings,h2h,2h,2025-12-02 00:30:00+00:00,2025-12-01 23:54:53+00:00,Incarnate Word Cardinals,McNeese Cowboys,490.0,-675.0,,,,,,,,2025-12-02,1.0,False,139.3162841796875,2.317201375961304,68.59856,76.114235,-0.07236552,2.6709146,76.114235,2.6709146,,,,,,0.1694915254237288,0.8709677419354839,0.5942491147933081,0.4057508852066919,0.5114428116899017,-1.0,2.5060697772805183,-0.5341378725404649,4.9,0.14814814814814814
401808731,2025.0,2025-12-01,Incarnate Word Cardinals,McNeese Cowboys,0.0,0.0,,,,,False,McDermott Center,2025-12-02 00:30:00+00:00,,2025-12-01 19:30,EST,2025-12-02T00:30:00Z,2025-12-01,,,incarnateword::mcneese,dfa14435c548538aa49edf0bc0389cd2,DraftKings,spreads,full_game,2025-12-02 00:30:00+00:00,2025-12-01 23:54:53+00:00,Incarnate Word Cardinals,McNeese Cowboys,,,10.5,-115.0,-10.5,-105.0,,,,2025-12-02,1.0,False,139.3162841796875,2.317201375961304,68.59856,76.114235,-0.07236552,2.6709146,139.3162841796875,2.317201375961304,,12.817201375961304,,1.220685845329648,,,,0.5820096708676769,0.41799032913232315,,,,,,
401808731,2025.0,2025-12-01,Incarnate Word Cardinals,McNeese Cowboys,0.0,0.0,,,,,False,McDermott Center,2025-12-02 00:30:00+00:00,,2025-12-01 19:30,EST,2025-12-02T00:30:00Z,2025-12-01,,,incarnateword::mcneese,dfa14435c548538aa49edf0bc0389cd2,DraftKings,totals,full_game,2025-12-02 00:30:00+00:00,2025-12-01 23:54:53+00:00,Incarnate Word Cardinals,McNeese Cowboys,,,,,,,145.5,-110.0,-110.0,2025-12-02,1.0,False,139.3162841796875,2.317201375961304,68.59856,76.114235,-0.07236552,2.6709146,139.3162841796875,2.317201375961304,-6.1837158203125,,-0.04249976508805842,,-0.20612386067708333,,,0.5820096708676769,0.41799032913232315,,,,,,
401808731,2025.0,2025-12-01,Incarnate Word Cardinals,McNeese Cowboys,0.0,0.0,,,,,False,McDermott Center,2025-12-02 00:30:00+00:00,,2025-12-01 19:30,EST,2025-12-02T00:30:00Z,2025-12-01,,,incarnateword::mcneese,dfa14435c548538aa49edf0bc0389cd2,FanDuel,h2h,2h,2025-12-02 00:30:00+00:00,2025-12-01 23:54:50+00:00,Incarnate Word Cardinals,McNeese Cowboys,440.0,-630.0,,,,,,,,2025-12-02,1.0,False,139.3162841796875,2.317201375961304,68.59856,76.114235,-0.07236552,2.6709146,76.114235,2.6709146,,,,,,0.18518518518518517,0.863013698630137,0.5942491147933081,0.4057508852066919,0.50203300451906,-1.0,2.208945219883864,-0.5298442123795475,4.4,0.15873015873015872
401808731,2025.0,2025-12-01,Incarnate Word Cardinals,McNeese Cowboys,0.0,0.0,,,,,False,McDermott Center,2025-12-02 00:30:00+00:00,,2025-12-01 19:30,EST,2025-12-02T00:30:00Z,2025-12-01,,,incarnateword::mcneese,dfa14435c548538aa49edf0bc0389cd2,FanDuel,spreads,full_game,2025-12-02 00:30:00+00:00,2025-12-01 23:54:50+00:00,Incarnate Word Cardinals,McNeese Cowboys,,,10.5,-114.0,-10.5,-106.0,,,,2025-12-02,1.0,False,139.3162841796875,2.317201375961304,68.59856,76.114235,-0.07236552,2.6709146,139.3162841796875,2.317201375961304,,12.817201375961304,,1.220685845329648,,,,0.5820096708676769,0.41799032913232315,,,,,,
401808731,2025.0,2025-12-01,Incarnate Word Cardinals,McNeese Cowboys,0.0,0.0,,,,,False,McDermott Center,2025-12-02 00:30:00+00:00,,2025-12-01 19:30,EST,2025-12-02T00:30:00Z,2025-12-01,,,incarnateword::mcneese,dfa14435c548538aa49edf0bc0389cd2,FanDuel,totals,full_game,2025-12-02 00:30:00+00:00,2025-12-01 23:54:50+00:00,Incarnate Word Cardinals,McNeese Cowboys,,,,,,,144.5,-115.0,-105.0,2025-12-02,1.0,False,139.3162841796875,2.317201375961304,68.59856,76.114235,-0.07236552,2.6709146,139.3162841796875,2.317201375961304,-5.1837158203125,,-0.03587346588451557,,-0.17279052734375,,,0.5820096708676769,0.41799032913232315,,,,,,
401808731,2025.0,2025-12-01,Incarnate Word Cardinals,McNeese Cowboys,0.0,0.0,,,,,False,McDermott Center,2025-12-02 00:30:00+00:00,,2025-12-01 19:30,EST,2025-12-02T00:30:00Z,2025-12-01,,,incarnateword::mcneese,dfa14435c548538aa49edf0bc0389cd2,Fanatics,h2h,2h,2025-12-02 00:30:00+00:00,2025-12-01 23:54:36+00:00,Incarnate Word Cardinals,McNeese Cowboys,450.0,-630.0,,,,,,,,2025-12-02,1.0,False,139.3162841796875,2.317201375961304,68.59856,76.114235,-0.07236552,2.6709146,76.114235,2.6709146,,,,,,0.18181818181818182,0.863013698630137,0.5942491147933081,0.4057508852066919,0.5040822514140433,-1.0,2.2683701313631945,-0.5298442123795475,4.5,0.15873015873015872
401808731,2025.0,2025-12-01,Incarnate Word Cardinals,McNeese Cowboys,0.0,0.0,,,,,False,McDermott Center,2025-12-02 00:30:00+00:00,,2025-12-01 19:30,EST,2025-12-02T00:30:00Z,2025-12-01,,,incarnateword::mcneese,dfa14435c548538aa49edf0bc0389cd2,Fanatics,spreads,full_game,2025-12-02 00:30:00+00:00,2025-12-01 23:54:36+00:00,Incarnate Word Cardinals,McNeese Cowboys,,,10.5,-115.0,-10.5,-105.0,,,,2025-12-02,1.0,False,139.3162841796875,2.317201375961304,68.59856,76.114235,-0.07236552,2.6709146,139.3162841796875,2.317201375961304,,12.817201375961304,,1.220685845329648,,,,0.5820096708676769,0.41799032913232315,,,,,,
401808731,2025.0,2025-12-01,Incarnate Word Cardinals,McNeese Cowboys,0.0,0.0,,,,,False,McDermott Center,2025-12-02 00:30:00+00:00,,2025-12-01 19:30,EST,2025-12-02T00:30:00Z,2025-12-01,,,incarnateword::mcneese,dfa14435c548538aa49edf0bc0389cd2,Fanatics,totals,full_game,2025-12-02 00:30:00+00:00,2025-12-01 23:54:36+00:00,Incarnate Word Cardinals,McNeese Cowboys,,,,,,,145.0,-110.0,-110.0,2025-12-02,1.0,False,139.3162841796875,2.317201375961304,68.59856,76.114235,-0.07236552,2.6709146,139.3162841796875,2.317201375961304,-5.6837158203125,,-0.03919804014008621,,-0.18945719401041666,,,0.5820096708676769,0.41799032913232315,,,,,,
401808731,2025.0,2025-12-01,Incarnate Word Cardinals,McNeese Cowboys,0.0,0.0,,,,,False,McDermott Center,2025-12-02 00:30:00+00:00,,2025-12-01 19:30,EST,2025-12-02T00:30:00Z,2025-12-01,,,incarnateword::mcneese,dfa14435c548538aa49edf0bc0389cd2,LowVig.ag,spreads,full_game,2025-12-02 00:30:00+00:00,2025-12-01 23:54:53+00:00,Incarnate Word Cardinals,McNeese Cowboys,,,10.5,-103.0,-10.5,-109.0,,,,2025-12-02,1.0,False,139.3162841796875,2.317201375961304,68.59856,76.114235,-0.07236552,2.6709146,139.3162841796875,2.317201375961304,,12.817201375961304,,1.220685845329648,,,,0.5820096708676769,0.41799032913232315,,,,,,
401808731,2025.0,2025-12-01,Incarnate Word Cardinals,McNeese Cowboys,0.0,0.0,,,,,False,McDermott Center,2025-12-02 00:30:00+00:00,,2025-12-01 19:30,EST,2025-12-02T00:30:00Z,2025-12-01,,,incarnateword::mcneese,dfa14435c548538aa49edf0bc0389cd2,LowVig.ag,totals,full_game,2025-12-02 00:30:00+00:00,2025-12-01 23:54:53+00:00,Incarnate Word Cardinals,McNeese Cowboys,,,,,,,145.5,-108.0,-108.0,2025-12-02,1.0,False,139.3162841796875,2.317201375961304,68.59856,76.114235,-0.07236552,2.6709146,139.3162841796875,2.317201375961304,-6.1837158203125,,-0.04249976508805842,,-0.20612386067708333,,,0.5820096708676769,0.41799032913232315,,,,,,
401817470,2025.0,2025-12-01,Stanford Cardinal,Portland Pilots,0.0,0.0,,,,,False,Maples Pavilion,2025-12-02 03:00:00+00:00,,2025-12-01 22:00,EST,2025-12-02T03:00:00Z,2025-12-01,,,portlandpilots::stanfordcardinal,60f57e865ecdde340e095a4c1c834e69,BetMGM,h2h,2h,2025-12-02 03:00:00+00:00,2025-12-01 23:54:51+00:00,Stanford Cardinal,Portland Pilots,-2500.0,1100.0,,,,,,,,2025-12-02,1.0,False,141.67742919921875,9.15792293548584,71.148415,77.57225,3.850958,5.0410233,77.57225,5.0410233,,,,,,0.9615384615384616,0.08333333333333333,0.6726392073463862,0.32736079265361384,-1.0,0.2662117738039424,-0.3004552243597584,2.928329511843366,0.04,11.0
401817470,2025.0,2025-12-01,Stanford Cardinal,Portland Pilots,0.0,0.0,,,,,False,Maples Pavilion,2025-12-02 03:00:00+00:00,,2025-12-01 22:00,EST,2025-12-02T03:00:00Z,2025-12-01,,,portlandpilots::stanfordcardinal,60f57e865ecdde340e095a4c1c834e69,BetMGM,spreads,full_game,2025-12-02 03:00:00+00:00,2025-12-01 23:54:51+00:00,Stanford Cardinal,Portland Pilots,,,-17.5,-115.0,17.5,-105.0,,,,2025-12-02,1.0,False,141.67742919921875,9.15792293548584,71.148415,77.57225,3.850958,5.0410233,141.67742919921875,9.15792293548584,,-8.34207706451416,,-0.47669011797223776,,,,0.7872243083957381,0.2127756916042619,,,,,,
401817470,2025.0,2025-12-01,Stanford Cardinal,Portland Pilots,0.0,0.0,,,,,False,Maples Pavilion,2025-12-02 03:00:00+00:00,,2025-12-01 22:00,EST,2025-12-02T03:00:00Z,2025-12-01,,,portlandpilots::stanfordcardinal,60f57e865ecdde340e095a4c1c834e69,BetMGM,totals,full_game,2025-12-02 03:00:00+00:00,2025-12-01 23:54:51+00:00,Stanford Cardinal,Portland Pilots,,,,,,,155.5,-105.0,-115.0,2025-12-02,1.0,False,141.67742919921875,9.15792293548584,71.148415,77.57225,3.850958,5.0410233,141.67742919921875,9.15792293548584,-13.82257080078125,,-0.0888911305516479,,-0.46075236002604164,,,0.7872243083957381,0.2127756916042619,,,,,,
401817470,2025.0,2025-12-01,Stanford Cardinal,Portland Pilots,0.0,0.0,,,,,False,Maples Pavilion,2025-12-02 03:00:00+00:00,,2025-12-01 22:00,EST,2025-12-02T03:00:00Z,2025-12-01,,,portlandpilots::stanfordcardinal,60f57e865ecdde340e095a4c1c834e69,BetOnline.ag,h2h,2h,2025-12-02 03:00:00+00:00,2025-12-01 23:54:37+00:00,Stanford Cardinal,Portland Pilots,-3000.0,1256.0,,,,,,,,2025-12-02,1.0,False,141.67742919921875,9.15792293548584,71.148415,77.57225,3.850958,5.0410233,77.57225,5.0410233,,,,,,0.967741935483871,0.07374631268436578,0.6726392073463862,0.32736079265361384,-1.0,0.27380671563558945,-0.30493948574206764,3.4390123483830037,0.03333333333333333,12.56
401817470,2025.0,2025-12-01,Stanford Cardinal,Portland Pilots,0.0,0.0,,,,,False,Maples Pavilion,2025-12-02 03:00:00+00:00,,2025-12-01 22:00,EST,2025-12-02T03:00:00Z,2025-12-01,,,portlandpilots::stanfordcardinal,60f57e865ecdde340e095a4c1c834e69,BetOnline.ag,spreads,full_game,2025-12-02 03:00:00+00:00,2025-12-01 23:54:37+00:00,Stanford Cardinal,Portland Pilots,,,-18.0,-113.0,18.0,-107.0,,,,2025-12-02,1.0,False,141.67742919921875,9.15792293548584,71.148415,77.57225,3.850958,5.0410233,141.67742919921875,9.15792293548584,,-8.84207706451416,,-0.49122650358412007,,,,0.7872243083957381,0.2127756916042619,,,,,,
401817470,2025.0,2025-12-01,Stanford Cardinal,Portland Pilots,0.0,0.0,,,,,False,Maples Pavilion,2025-12-02 03:00:00+00:00,,2025-12-01 22:00,EST,2025-12-02T03:00:00Z,2025-12-01,,,portlandpilots::stanfordcardinal,60f57e865ecdde340e095a4c1c834e69,BetOnline.ag,totals,full_game,2025-12-02 03:00:00+00:00,2025-12-01 23:54:37+00:00,Stanford Cardinal,Portland Pilots,,,,,,,155.0,-115.0,-105.0,2025-12-02,1.0,False,141.67742919921875,9.15792293548584,71.148415,77.57225,3.850958,5.0410233,141.67742919921875,9.15792293548584,-13.32257080078125,,-0.08595206968245968,,-0.444085693359375,,,0.7872243083957381,0.2127756916042619,,,,,,
401817470,2025.0,2025-12-01,Stanford Cardinal,Portland Pilots,0.0,0.0,,,,,False,Maples Pavilion,2025-12-02 03:00:00+00:00,,2025-12-01 22:00,EST,2025-12-02T03:00:00Z,2025-12-01,,,portlandpilots::stanfordcardinal,60f57e865ecdde340e095a4c1c834e69,BetRivers,h2h,2h,2025-12-02 03:00:00+00:00,2025-12-01 23:54:34+00:00,Stanford Cardinal,Portland Pilots,-2500.0,950.0,,,,,,,,2025-12-02,1.0,False,141.67742919921875,9.15792293548584,71.148415,77.57225,3.850958,5.0410233,77.57225,5.0410233,,,,,,0.9615384615384616,0.09523809523809523,0.6726392073463862,0.32736079265361384,-1.0,0.25655666556452056,-0.3004552243597584,2.4372883228629454,0.04,9.5
401817470,2025.0,2025-12-01,Stanford Cardinal,Portland Pilots,0.0,0.0,,,,,False,Maples Pavilion,2025-12-02 03:00:00+00:00,,2025-12-01 22:00,EST,2025-12-02T03:00:00Z,2025-12-01,,,portlandpilots::stanfordcardinal,60f57e865ecdde340e095a4c1c834e69,BetRivers,spreads,full_game,2025-12-02 03:00:00+00:00,2025-12-01 23:54:34+00:00,Stanford Cardinal,Portland Pilots,,,-18.0,-112.0,18.0,-112.0,,,,2025-12-02,1.0,False,141.67742919921875,9.15792293548584,71.148415,77.57225,3.850958,5.0410233,141.67742919921875,9.15792293548584,,-8.84207706451416,,-0.49122650358412007,,,,0.7872243083957381,0.2127756916042619,,,,,,
401817470,2025.0,2025-12-01,Stanford Cardinal,Portland Pilots,0.0,0.0,,,,,False,Maples Pavilion,2025-12-02 03:00:00+00:00,,2025-12-01 22:00,EST,2025-12-02T03:00:00Z,2025-12-01,,,portlandpilots::stanfordcardinal,60f57e865ecdde340e095a4c1c834e69,BetRivers,totals,full_game,2025-12-02 03:00:00+00:00,2025-12-01 23:54:34+00:00,Stanford Cardinal,Portland Pilots,,,,,,,155.0,-110.0,-113.0,2025-12-02,1.0,False,141.67742919921875,9.15792293548584,71.148415,77.57225,3.850958,5.0410233,141.67742919921875,9.15792293548584,-13.32257080078125,,-0.08595206968245968,,-0.444085693359375,,,0.7872243083957381,0.2127756916042619,,,,,,
401817470,2025.0,2025-12-01,Stanford Cardinal,Portland Pilots,0.0,0.0,,,,,False,Maples Pavilion,2025-12-02 03:00:00+00:00,,2025-12-01 22:00,EST,2025-12-02T03:00:00Z,2025-12-01,,,portlandpilots::stanfordcardinal,60f57e865ecdde340e095a4c1c834e69,BetUS,h2h,2h,2025-12-02 03:00:00+00:00,2025-12-01 23:54:52+00:00,Stanford Cardinal,Portland Pilots,-3000.0,1300.0,,,,,,,,2025-12-02,1.0,False,141.67742919921875,9.15792293548584,71.148415,77.57225,3.850958,5.0410233,77.57225,5.0410233,,,,,,0.967741935483871,0.07142857142857142,0.6726392073463862,0.32736079265361384,-1.0,0.2756193151654303,-0.30493948574206764,3.583051097150594,0.03333333333333333,13.0
401817470,2025.0,2025-12-01,Stanford Cardinal,Portland Pilots,0.0,0.0,,,,,False,Maples Pavilion,2025-12-02 03:00:00+00:00,,2025-12-01 22:00,EST,2025-12-02T03:00:00Z,2025-12-01,,,portlandpilots::stanfordcardinal,60f57e865ecdde340e095a4c1c834e69,BetUS,spreads,full_game,2025-12-02 03:00:00+00:00,2025-12-01 23:54:52+00:00,Stanford Cardinal,Portland Pilots,,,-18.0,-110.0,18.0,-110.0,,,,2025-12-02,1.0,False,141.67742919921875,9.15792293548584,71.148415,77.57225,3.850958,5.0410233,141.67742919921875,9.15792293548584,,-8.84207706451416,,-0.49122650358412007,,,,0.7872243083957381,0.2127756916042619,,,,,,
401817470,2025.0,2025-12-01,Stanford Cardinal,Portland Pilots,0.0,0.0,,,,,False,Maples Pavilion,2025-12-02 03:00:00+00:00,,2025-12-01 22:00,EST,2025-12-02T03:00:00Z,2025-12-01,,,portlandpilots::stanfordcardinal,60f57e865ecdde340e095a4c1c834e69,BetUS,totals,full_game,2025-12-02 03:00:00+00:00,2025-12-01 23:54:52+00:00,Stanford Cardinal,Portland Pilots,,,,,,,155.0,-110.0,-110.0,2025-12-02,1.0,False,141.67742919921875,9.15792293548584,71.148415,77.57225,3.850958,5.0410233,141.67742919921875,9.15792293548584,-13.32257080078125,,-0.08595206968245968,,-0.444085693359375,,,0.7872243083957381,0.2127756916042619,,,,,,
401817470,2025.0,2025-12-01,Stanford Cardinal,Portland Pilots,0.0,0.0,,,,,False,Maples Pavilion,2025-12-02 03:00:00+00:00,,2025-12-01 22:00,EST,2025-12-02T03:00:00Z,2025-12-01,,,portlandpilots::stanfordcardinal,60f57e865ecdde340e095a4c1c834e69,Bovada,h2h,2h,2025-12-02 03:00:00+00:00,2025-12-01 23:54:56+00:00,Stanford Cardinal,Portland Pilots,-3500.0,1150.0,,,,,,,,2025-12-02,1.0,False,141.67742919921875,9.15792293548584,71.148415,77.57225,3.850958,5.0410233,77.57225,5.0410233,,,,,,0.9722222222222222,0.08,0.6726392073463862,0.32736079265361384,-1.0,0.26887042679740636,-0.30814252958657423,3.0920099081701733,0.02857142857142857,11.5
401817470,2025.0,2025-12-01,Stanford Cardinal,Portland Pilots,0.0,0.0,,,,,False,Maples Pavilion,2025-12-02 03:00:00+00:00,,2025-12-01 22:00,EST,2025-12-02T03:00:00Z,2025-12-01,,,portlandpilots::stanfordcardinal,60f57e865ecdde340e095a4c1c834e69,Bovada,spreads,full_game,2025-12-02 03:00:00+00:00,2025-12-01 23:54:56+00:00,Stanford Cardinal,Portland Pilots,,,-17.5,-110.0,17.5,-110.0,,,,2025-12-02,1.0,False,141.67742919921875,9.15792293548584,71.148415,77.57225,3.850958,5.0410233,141.67742919921875,9.15792293548584,,-8.34207706451416,,-0.47669011797223776,,,,0.7872243083957381,0.2127756916042619,,,,,,
401817470,2025.0,2025-12-01,Stanford Cardinal,Portland Pilots,0.0,0.0,,,,,False,Maples Pavilion,2025-12-02 03:00:00+00:00,,2025-12-01 22:00,EST,2025-12-02T03:00:00Z,2025-12-01,,,portlandpilots::stanfordcardinal,60f57e865ecdde340e095a4c1c834e69,Bovada,totals,full_game,2025-12-02 03:00:00+00:00,2025-12-01 23:54:56+00:00,Stanford Cardinal,Portland Pilots,,,,,,,155.5,-110.0,-110.0,2025-12-02,1.0,False,141.67742919921875,9.15792293548584,71.148415,77.57225,3.850958,5.0410233,141.67742919921875,9.15792293548584,-13.82257080078125,,-0.0888911305516479,,-0.46075236002604164,,,0.7872243083957381,0.2127756916042619,,,,,,
401817470,2025.0,2025-12-01,Stanford Cardinal,Portland Pilots,0.0,0.0,,,,,False,Maples Pavilion,2025-12-02 03:00:00+00:00,,2025-12-01 22:00,EST,2025-12-02T03:00:00Z,2025-12-01,,,portlandpilots::stanfordcardinal,60f57e865ecdde340e095a4c1c834e69,Caesars,h2h,2h,2025-12-02 03:00:00+00:00,2025-12-01 23:52:20+00:00,Stanford Cardinal,Portland Pilots,-2400.0,1150.0,,,,,,,,2025-12-02,1.0,False,141.67742919921875,9.15792293548584,71.148415,77.57225,3.850958,5.0410233,77.57225,5.0410233,,,,,,0.96,0.08,0.6726392073463862,0.32736079265361384,-1.0,0.26887042679740636,-0.2993341590141811,3.0920099081701733,0.041666666666666664,11.5
401817470,2025.0,2025-12-01,Stanford Cardinal,Portland Pilots,0.0,0.0,,,,,False,Maples Pavilion,2025-12-02 03:00:00+00:00,,2025-12-01 22:00,EST,2025-12-02T03:00:00Z,2025-12-01,,,portlandpilots::stanfordcardinal,60f57e865ecdde340e095a4c1c834e69,Caesars,spreads,full_game,2025-12-02 03:00:00+00:00,2025-12-01 23:52:20+00:00,Stanford Cardinal,Portland Pilots,,,-18.0,-110.0,18.0,-110.0,,,,2025-12-02,1.0,False,141.67742919921875,9.15792293548584,71.148415,77.57225,3.850958,5.0410233,141.67742919921875,9.15792293548584,,-8.84207706451416,,-0.49122650358412007,,,,0.7872243083957381,0.2127756916042619,,,,,,
401817470,2025.0,2025-12-01,Stanford Cardinal,Portland Pilots,0.0,0.0,,,,,False,Maples Pavilion,2025-12-02 03:00:00+00:00,,2025-12-01 22:00,EST,2025-12-02T03:00:00Z,2025-12-01,,,portlandpilots::stanfordcardinal,60f57e865ecdde340e095a4c1c834e69,Caesars,totals,full_game,2025-12-02 03:00:00+00:00,2025-12-01 23:52:20+00:00,Stanford Cardinal,Portland Pilots,,,,,,,155.0,-110.0,-110.0,2025-12-02,1.0,False,141.67742919921875,9.15792293548584,71.148415,77.57225,3.850958,5.0410233,141.67742919921875,9.15792293548584,-13.32257080078125,,-0.08595206968245968,,-0.444085693359375,,,0.7872243083957381,0.2127756916042619,,,,,,
401817470,2025.0,2025-12-01,Stanford Cardinal,Portland Pilots,0.0,0.0,,,,,False,Maples Pavilion,2025-12-02 03:00:00+00:00,,2025-12-01 22:00,EST,2025-12-02T03:00:00Z,2025-12-01,,,portlandpilots::stanfordcardinal,60f57e865ecdde340e095a4c1c834e69,DraftKings,h2h,2h,2025-12-02 03:00:00+00:00,2025-12-01 23:54:53+00:00,Stanford Cardinal,Portland Pilots,-2400.0,1200.0,,,,,,,,2025-12-02,1.0,False,141.67742919921875,9.15792293548584,71.148415,77.57225,3.850958,5.0410233,77.57225,5.0410233,,,,,,0.96,0.07692307692307693,0.6726392073463862,0.32736079265361384,-1.0,0.27130752537474834,-0.2993341590141811,3.25569030449698,0.041666666666666664,12.0
401817470,2025.0,2025-12-01,Stanford Cardinal,Portland Pilots,0.0,0.0,,,,,False,Maples Pavilion,2025-12-02 03:00:00+00:00,,2025-12-01 22:00,EST,2025-12-02T03:00:00Z,2025-12-01,,,portlandpilots::stanfordcardinal,60f57e865ecdde340e095a4c1c834e69,DraftKings,spreads,full_game,2025-12-02 03:00:00+00:00,2025-12-01 23:54:53+00:00,Stanford Cardinal,Portland Pilots,,,-17.5,-108.0,17.5,-112.0,,,,2025-12-02,1.0,False,141.67742919921875,9.15792293548584,71.148415,77.57225,3.850958,5.0410233,141.67742919921875,9.15792293548584,,-8.34207706451416,,-0.47669011797223776,,,,0.7872243083957381,0.2127756916042619,,,,,,
401817470,2025.0,2025-12-01,Stanford Cardinal,Portland Pilots,0.0,0.0,,,,,False,Maples Pavilion,2025-12-02 03:00:00+00:00,,2025-12-01 22:00,EST,2025-12-02T03:00:00Z,2025-12-01,,,portlandpilots::stanfordcardinal,60f57e865ecdde340e095a4c1c834e69,DraftKings,totals,full_game,2025-12-02 03:00:00+00:00,2025-12-01 23:54:53+00:00,Stanford Cardinal,Portland Pilots,,,,,,,155.5,-108.0,-112.0,2025-12-02,1.0,False,141.67742919921875,9.15792293548584,71.148415,77.57225,3.850958,5.0410233,141.67742919921875,9.15792293548584,-13.82257080078125,,-0.0888911305516479,,-0.46075236002604164,,,0.7872243083957381,0.2127756916042619,,,,,,
401817470,2025.0,2025-12-01,Stanford Cardinal,Portland Pilots,0.0,0.0,,,,,False,Maples Pavilion,2025-12-02 03:00:00+00:00,,2025-12-01 22:00,EST,2025-12-02T03:00:00Z,2025-12-01,,,portlandpilots::stanfordcardinal,60f57e865ecdde340e095a4c1c834e69,FanDuel,h2h,2h,2025-12-02 03:00:00+00:00,2025-12-01 23:54:50+00:00,Stanford Cardinal,Portland Pilots,-3500.0,1280.0,,,,,,,,2025-12-02,1.0,False,141.67742919921875,9.15792293548584,71.148415,77.57225,3.850958,5.0410233,77.57225,5.0410233,,,,,,0.9722222222222222,0.07246376811594203,0.6726392073463862,0.32736079265361384,-1.0,0.27481085457967747,-0.30814252958657423,3.5175789386198715,0.02857142857142857,12.8
401817470,2025.0,2025-12-01,Stanford Cardinal,Portland Pilots,0.0,0.0,,,,,False,Maples Pavilion,2025-12-02 03:00:00+00:00,,2025-12-01 22:00,EST,2025-12-02T03:00:00Z,2025-12-01,,,portlandpilots::stanfordcardinal,60f57e865ecdde340e095a4c1c834e69,FanDuel,spreads,full_game,2025-12-02 03:00:00+00:00,2025-12-01 23:54:50+00:00,Stanford Cardinal,Portland Pilots,,,-17.5,-120.0,17.5,-102.0,,,,2025-12-02,1.0,False,141.67742919921875,9.15792293548584,71.148415,77.57225,3.850958,5.0410233,141.67742919921875,9.15792293548584,,-8.34207706451416,,-0.47669011797223776,,,,0.7872243083957381,0.2127756916042619,,,,,,
401817470,2025.0,2025-12-01,Stanford Cardinal,Portland Pilots,0.0,0.0,,,,,False,Maples Pavilion,2025-12-02 03:00:00+00:00,,2025-12-01 22:00,EST,2025-12-02T03:00:00Z,2025-12-01,,,portlandpilots::stanfordcardinal,60f57e865ecdde340e095a4c1c834e69,FanDuel,totals,full_game,2025-12-02 03:00:00+00:00,2025-12-01 23:54:50+00:00,Stanford Cardinal,Portland Pilots,,,,,,,155.5,-108.0,-112.0,2025-12-02,1.0,False,141.67742919921875,9.15792293548584,71.148415,77.57225,3.850958,5.0410233,141.67742919921875,9.15792293548584,-13.82257080078125,,-0.0888911305516479,,-0.46075236002604164,,,0.7872243083957381,0.2127756916042619,,,,,,
401817470,2025.0,2025-12-01,Stanford Cardinal,Portland Pilots,0.0,0.0,,,,,False,Maples Pavilion,2025-12-02 03:00:00+00:00,,2025-12-01 22:00,EST,2025-12-02T03:00:00Z,2025-12-01,,,portlandpilots::stanfordcardinal,60f57e865ecdde340e095a4c1c834e69,Fanatics,h2h,2h,2025-12-02 03:00:00+00:00,2025-12-01 23:54:36+00:00,Stanford Cardinal,Portland Pilots,-2500.0,1300.0,,,,,,,,2025-12-02,1.0,False,141.67742919921875,9.15792293548584,71.148415,77.57225,3.850958,5.0410233,77.57225,5.0410233,,,,,,0.9615384615384616,0.07142857142857142,0.6726392073463862,0.32736079265361384,-1.0,0.2756193151654303,-0.3004552243597584,3.583051097150594,0.04,13.0
401817470,2025.0,2025-12-01,Stanford Cardinal,Portland Pilots,0.0,0.0,,,,,False,Maples Pavilion,2025-12-02 03:00:00+00:00,,2025-12-01 22:00,EST,2025-12-02T03:00:00Z,2025-12-01,,,portlandpilots::stanfordcardinal,60f57e865ecdde340e095a4c1c834e69,Fanatics,spreads,full_game,2025-12-02 03:00:00+00:00,2025-12-01 23:54:36+00:00,Stanford Cardinal,Portland Pilots,,,-17.5,-110.0,17.5,-110.0,,,,2025-12-02,1.0,False,141.67742919921875,9.15792293548584,71.148415,77.57225,3.850958,5.0410233,141.67742919921875,9.15792293548584,,-8.34207706451416,,-0.47669011797223776,,,,0.7872243083957381,0.2127756916042619,,,,,,
401817470,2025.0,2025-12-01,Stanford Cardinal,Portland Pilots,0.0,0.0,,,,,False,Maples Pavilion,2025-12-02 03:00:00+00:00,,2025-12-01 22:00,EST,2025-12-02T03:00:00Z,2025-12-01,,,portlandpilots::stanfordcardinal,60f57e865ecdde340e095a4c1c834e69,Fanatics,totals,full_game,2025-12-02 03:00:00+00:00,2025-12-01 23:54:36+00:00,Stanford Cardinal,Portland Pilots,,,,,,,155.5,-110.0,-110.0,2025-12-02,1.0,False,141.67742919921875,9.15792293548584,71.148415,77.57225,3.850958,5.0410233,141.67742919921875,9.15792293548584,-13.82257080078125,,-0.0888911305516479,,-0.46075236002604164,,,0.7872243083957381,0.2127756916042619,,,,,,
401817470,2025.0,2025-12-01,Stanford Cardinal,Portland Pilots,0.0,0.0,,,,,False,Maples Pavilion,2025-12-02 03:00:00+00:00,,2025-12-01 22:00,EST,2025-12-02T03:00:00Z,2025-12-01,,,portlandpilots::stanfordcardinal,60f57e865ecdde340e095a4c1c834e69,LowVig.ag,h2h,2h,2025-12-02 03:00:00+00:00,2025-12-01 23:54:52+00:00,Stanford Cardinal,Portland Pilots,-3000.0,1256.0,,,,,,,,2025-12-02,1.0,False,141.67742919921875,9.15792293548584,71.148415,77.57225,3.850958,5.0410233,77.57225,5.0410233,,,,,,0.967741935483871,0.07374631268436578,0.6726392073463862,0.32736079265361384,-1.0,0.27380671563558945,-0.30493948574206764,3.4390123483830037,0.03333333333333333,12.56
401817470,2025.0,2025-12-01,Stanford Cardinal,Portland Pilots,0.0,0.0,,,,,False,Maples Pavilion,2025-12-02 03:00:00+00:00,,2025-12-01 22:00,EST,2025-12-02T03:00:00Z,2025-12-01,,,portlandpilots::stanfordcardinal,60f57e865ecdde340e095a4c1c834e69,LowVig.ag,spreads,full_game,2025-12-02 03:00:00+00:00,2025-12-01 23:54:52+00:00,Stanford Cardinal,Portland Pilots,,,-18.0,-109.0,18.0,-103.0,,,,2025-12-02,1.0,False,141.67742919921875,9.15792293548584,71.148415,77.57225,3.850958,5.0410233,141.67742919921875,9.15792293548584,,-8.84207706451416,,-0.49122650358412007,,,,0.7872243083957381,0.2127756916042619,,,,,,
401817470,2025.0,2025-12-01,Stanford Cardinal,Portland Pilots,0.0,0.0,,,,,False,Maples Pavilion,2025-12-02 03:00:00+00:00,,2025-12-01 22:00,EST,2025-12-02T03:00:00Z,2025-12-01,,,portlandpilots::stanfordcardinal,60f57e865ecdde340e095a4c1c834e69,LowVig.ag,totals,full_game,2025-12-02 03:00:00+00:00,2025-12-01 23:54:52+00:00,Stanford Cardinal,Portland Pilots,,,,,,,155.0,-113.0,-103.0,2025-12-02,1.0,False,141.67742919921875,9.15792293548584,71.148415,77.57225,3.850958,5.0410233,141.67742919921875,9.15792293548584,-13.32257080078125,,-0.08595206968245968,,-0.444085693359375,,,0.7872243083957381,0.2127756916042619,,,,,,
401819846,2025.0,2025-12-01,Cincinnati Bearcats,Tarleton State Texans,0.0,0.0,,,,,False,Fifth Third Arena,2025-12-02 00:00:00+00:00,,2025-12-01 19:00,EST,2025-12-02T00:00:00Z,2025-12-01,,,cincinnati::tarletonstate,b8d824b2610f4d8cb1561a7212912366,BetMGM,h2h,2h,2025-12-02 00:00:00+00:00,2025-12-01 23:54:51+00:00,Cincinnati Bearcats,Tarleton State Texans,-10000.0,3000.0,,,,,,,,2025-12-02,1.0,False,152.14285278320312,27.670373916625977,74.22662,79.69328,13.696681,14.201702,79.69328,14.201702,,,,,,0.9900990099009901,0.03225806451612903,0.8837893830284883,0.1162106169715117,-1.0,0.08675097087056208,-0.10737272314122681,2.6025291261168624,0.01,30.0
401819846,2025.0,2025-12-01,Cincinnati Bearcats,Tarleton State Texans,0.0,0.0,,,,,False,Fifth Third Arena,2025-12-02 00:00:00+00:00,,2025-12-01 19:00,EST,2025-12-02T00:00:00Z,2025-12-01,,,cincinnati::tarletonstate,b8d824b2610f4d8cb1561a7212912366,BetMGM,spreads,full_game,2025-12-02 00:00:00+00:00,2025-12-01 23:54:51+00:00,Cincinnati Bearcats,Tarleton State Texans,,,-24.5,-110.0,24.5,-110.0,,,,2025-12-02,1.0,False,152.14285278320312,27.670373916625977,74.22662,79.69328,13.696681,14.201702,152.14285278320312,27.670373916625977,,3.1703739166259766,,0.1294030170051419,,,,0.9811629071744312,0.01883709282556878,,,,,,
401819846,2025.0,2025-12-01,Cincinnati Bearcats,Tarleton State Texans,0.0,0.0,,,,,False,Fifth Third Arena,2025-12-02 00:00:00+00:00,,2025-12-01 19:00,EST,2025-12-02T00:00:00Z,2025-12-01,,,cincinnati::tarletonstate,b8d824b2610f4d8cb1561a7212912366,BetMGM,totals,full_game,2025-12-02 00:00:00+00:00,2025-12-01 23:54:51+00:00,Cincinnati Bearcats,Tarleton State Texans,,,,,,,142.5,-110.0,-110.0,2025-12-02,1.0,False,152.14285278320312,27.670373916625977,74.22662,79.69328,13.696681,14.201702,152.14285278320312,27.670373916625977,9.642852783203125,,0.06766914233826754,,0.32142842610677086,,,0.9811629071744312,0.01883709282556878,,,,,,
401819846,2025.0,2025-12-01,Cincinnati Bearcats,Tarleton State Texans,0.0,0.0,,,,,False,Fifth Third Arena,2025-12-02 00:00:00+00:00,,2025-12-01 19:00,EST,2025-12-02T00:00:00Z,2025-12-01,,,cincinnati::tarletonstate,b8d824b2610f4d8cb1561a7212912366,BetOnline.ag,h2h,2h,2025-12-02 00:00:00+00:00,2025-12-01 23:54:37+00:00,Cincinnati Bearcats,Tarleton State Texans,-5500.0,1567.0,,,,,,,,2025-12-02,1.0,False,152.14285278320312,27.670373916625977,74.22662,79.69328,13.696681,14.201702,79.69328,14.201702,,,,,,0.9821428571428571,0.059988002399520096,0.8837893830284883,0.1162106169715117,-1.0,0.059810528711876185,-0.10014171909826645,0.9372309849150998,0.01818181818181818,15.67
401819846,2025.0,2025-12-01,Cincinnati Bearcats,Tarleton State Texans,0.0,0.0,,,,,False,Fifth Third Arena,2025-12-02 00:00:00+00:00,,2025-12-01 19:00,EST,2025-12-02T00:00:00Z,2025-12-01,,,cincinnati::tarletonstate,b8d824b2610f4d8cb1561a7212912366,BetOnline.ag,spreads,full_game,2025-12-02 00:00:00+00:00,2025-12-01 23:54:37+00:00,Cincinnati Bearcats,Tarleton State Texans,,,-25.0,-107.0,25.0,-113.0,,,,2025-12-02,1.0,False,152.14285278320312,27.670373916625977,74.22662,79.69328,13.696681,14.201702,152.14285278320312,27.670373916625977,,2.6703739166259766,,0.10681495666503907,,,,0.9811629071744312,0.01883709282556878,,,,,,
401819846,2025.0,2025-12-01,Cincinnati Bearcats,Tarleton State Texans,0.0,0.0,,,,,False,Fifth Third Arena,2025-12-02 00:00:00+00:00,,2025-12-01 19:00,EST,2025-12-02T00:00:00Z,2025-12-01,,,cincinnati::tarletonstate,b8d824b2610f4d8cb1561a7212912366,BetOnline.ag,totals,full_game,2025-12-02 00:00:00+00:00,2025-12-01 23:54:37+00:00,Cincinnati Bearcats,Tarleton State Texans,,,,,,,143.0,-110.0,-110.0,2025-12-02,1.0,False,152.14285278320312,27.670373916625977,74.22662,79.69328,13.696681,14.201702,152.14285278320312,27.670373916625977,9.142852783203125,,0.0639360334489729,,0.30476175944010414,,,0.9811629071744312,0.01883709282556878,,,,,,
401819846,2025.0,2025-12-01,Cincinnati Bearcats,Tarleton State Texans,0.0,0.0,,,,,False,Fifth Third Arena,2025-12-02 00:00:00+00:00,,2025-12-01 19:00,EST,2025-12-02T00:00:00Z,2025-12-01,,,cincinnati::tarletonstate,b8d824b2610f4d8cb1561a7212912366,BetRivers,h2h,2h,2025-12-02 00:00:00+00:00,2025-12-01 21:50:59+00:00,Cincinnati Bearcats,Tarleton State Texans,-5000.0,1300.0,,,,,,,,2025-12-02,1.0,False,152.14285278320312,27.670373916625977,74.22662,79.69328,13.696681,14.201702,79.69328,14.201702,,,,,,0.9803921568627451,0.07142857142857142,0.8837893830284883,0.1162106169715117,-1.0,0.0482268182770126,-0.09853482931094193,0.6269486376011638,0.02,13.0
401819846,2025.0,2025-12-01,Cincinnati Bearcats,Tarleton State Texans,0.0,0.0,,,,,False,Fifth Third Arena,2025-12-02 00:00:00+00:00,,2025-12-01 19:00,EST,2025-12-02T00:00:00Z,2025-12-01,,,cincinnati::tarletonstate,b8d824b2610f4d8cb1561a7212912366,BetRivers,spreads,full_game,2025-12-02 00:00:00+00:00,2025-12-01 23:54:34+00:00,Cincinnati Bearcats,Tarleton State Texans,,,-23.5,-112.0,23.5,-112.0,,,,2025-12-02,1.0,False,152.14285278320312,27.670373916625977,74.22662,79.69328,13.696681,14.201702,152.14285278320312,27.670373916625977,,4.170373916625977,,0.17746271985642453,,,,0.9811629071744312,0.01883709282556878,,,,,,
401819846,2025.0,2025-12-01,Cincinnati Bearcats,Tarleton State Texans,0.0,0.0,,,,,False,Fifth Third Arena,2025-12-02 00:00:00+00:00,,2025-12-01 19:00,EST,2025-12-02T00:00:00Z,2025-12-01,,,cincinnati::tarletonstate,b8d824b2610f4d8cb1561a7212912366,BetRivers,totals,full_game,2025-12-02 00:00:00+00:00,2025-12-01 23:54:34+00:00,Cincinnati Bearcats,Tarleton State Texans,,,,,,,143.0,-114.0,-109.0,2025-12-02,1.0,False,152.14285278320312,27.670373916625977,74.22662,79.69328,13.696681,14.201702,152.14285278320312,27.670373916625977,9.142852783203125,,0.0639360334489729,,0.30476175944010414,,,0.9811629071744312,0.01883709282556878,,,,,,
401819846,2025.0,2025-12-01,Cincinnati Bearcats,Tarleton State Texans,0.0,0.0,,,,,False,Fifth Third Arena,2025-12-02 00:00:00+00:00,,2025-12-01 19:00,EST,2025-12-02T00:00:00Z,2025-12-01,,,cincinnati::tarletonstate,b8d824b2610f4d8cb1561a7212912366,BetUS,spreads,full_game,2025-12-02 00:00:00+00:00,2025-12-01 23:54:52+00:00,Cincinnati Bearcats,Tarleton State Texans,,,-25.0,-105.0,25.0,-115.0,,,,2025-12-02,1.0,False,152.14285278320312,27.670373916625977,74.22662,79.69328,13.696681,14.201702,152.14285278320312,27.670373916625977,,2.6703739166259766,,0.10681495666503907,,,,0.9811629071744312,0.01883709282556878,,,,,,
401819846,2025.0,2025-12-01,Cincinnati Bearcats,Tarleton State Texans,0.0,0.0,,,,,False,Fifth Third Arena,2025-12-02 00:00:00+00:00,,2025-12-01 19:00,EST,2025-12-02T00:00:00Z,2025-12-01,,,cincinnati::tarletonstate,b8d824b2610f4d8cb1561a7212912366,BetUS,totals,full_game,2025-12-02 00:00:00+00:00,2025-12-01 23:54:52+00:00,Cincinnati Bearcats,Tarleton State Texans,,,,,,,142.5,-110.0,-110.0,2025-12-02,1.0,False,152.14285278320312,27.670373916625977,74.22662,79.69328,13.696681,14.201702,152.14285278320312,27.670373916625977,9.642852783203125,,0.06766914233826754,,0.32142842610677086,,,0.9811629071744312,0.01883709282556878,,,,,,
401819846,2025.0,2025-12-01,Cincinnati Bearcats,Tarleton State Texans,0.0,0.0,,,,,False,Fifth Third Arena,2025-12-02 00:00:00+00:00,,2025-12-01 19:00,EST,2025-12-02T00:00:00Z,2025-12-01,,,cincinnati::tarletonstate,b8d824b2610f4d8cb1561a7212912366,Bovada,h2h,2h,2025-12-02 00:00:00+00:00,2025-12-01 23:54:56+00:00,Cincinnati Bearcats,Tarleton State Texans,-7000.0,1375.0,,,,,,,,2025-12-02,1.0,False,152.14285278320312,27.670373916625977,74.22662,79.69328,13.696681,14.201702,79.69328,14.201702,,,,,,0.9859154929577465,0.06779661016949153,0.8837893830284883,0.1162106169715117,-1.0,0.051935025478530725,-0.103585054356819,0.7141066003297974,0.014285714285714285,13.75
401819846,2025.0,2025-12-01,Cincinnati Bearcats,Tarleton State Texans,0.0,0.0,,,,,False,Fifth Third Arena,2025-12-02 00:00:00+00:00,,2025-12-01 19:00,EST,2025-12-02T00:00:00Z,2025-12-01,,,cincinnati::tarletonstate,b8d824b2610f4d8cb1561a7212912366,Bovada,spreads,full_game,2025-12-02 00:00:00+00:00,2025-12-01 23:54:56+00:00,Cincinnati Bearcats,Tarleton State Texans,,,-24.5,-105.0,24.5,-115.0,,,,2025-12-02,1.0,False,152.14285278320312,27.670373916625977,74.22662,79.69328,13.696681,14.201702,152.14285278320312,27.670373916625977,,3.1703739166259766,,0.1294030170051419,,,,0.9811629071744312,0.01883709282556878,,,,,,
401819846,2025.0,2025-12-01,Cincinnati Bearcats,Tarleton State Texans,0.0,0.0,,,,,False,Fifth Third Arena,2025-12-02 00:00:00+00:00,,2025-12-01 19:00,EST,2025-12-02T00:00:00Z,2025-12-01,,,cincinnati::tarletonstate,b8d824b2610f4d8cb1561a7212912366,Bovada,totals,full_game,2025-12-02 00:00:00+00:00,2025-12-01 23:54:56+00:00,Cincinnati Bearcats,Tarleton State Texans,,,,,,,142.5,-110.0,-110.0,2025-12-02,1.0,False,152.14285278320312,27.670373916625977,74.22662,79.69328,13.696681,14.201702,152.14285278320312,27.670373916625977,9.642852783203125,,0.06766914233826754,,0.32142842610677086,,,0.9811629071744312,0.01883709282556878,,,,,,
401819846,2025.0,2025-12-01,Cincinnati Bearcats,Tarleton State Texans,0.0,0.0,,,,,False,Fifth Third Arena,2025-12-02 00:00:00+00:00,,2025-12-01 19:00,EST,2025-12-02T00:00:00Z,2025-12-01,,,cincinnati::tarletonstate,b8d824b2610f4d8cb1561a7212912366,Caesars,spreads,full_game,2025-12-02 00:00:00+00:00,2025-12-01 23:52:20+00:00,Cincinnati Bearcats,Tarleton State Texans,,,-24.5,-110.0,24.5,-110.0,,,,2025-12-02,1.0,False,152.14285278320312,27.670373916625977,74.22662,79.69328,13.696681,14.201702,152.14285278320312,27.670373916625977,,3.1703739166259766,,0.1294030170051419,,,,0.9811629071744312,0.01883709282556878,,,,,,
401819846,2025.0,2025-12-01,Cincinnati Bearcats,Tarleton State Texans,0.0,0.0,,,,,False,Fifth Third Arena,2025-12-02 00:00:00+00:00,,2025-12-01 19:00,EST,2025-12-02T00:00:00Z,2025-12-01,,,cincinnati::tarletonstate,b8d824b2610f4d8cb1561a7212912366,Caesars,totals,full_game,2025-12-02 00:00:00+00:00,2025-12-01 23:52:20+00:00,Cincinnati Bearcats,Tarleton State Texans,,,,,,,142.5,-110.0,-110.0,2025-12-02,1.0,False,152.14285278320312,27.670373916625977,74.22662,79.69328,13.696681,14.201702,152.14285278320312,27.670373916625977,9.642852783203125,,0.06766914233826754,,0.32142842610677086,,,0.9811629071744312,0.01883709282556878,,,,,,
401819846,2025.0,2025-12-01,Cincinnati Bearcats,Tarleton State Texans,0.0,0.0,,,,,False,Fifth Third Arena,2025-12-02 00:00:00+00:00,,2025-12-01 19:00,EST,2025-12-02T00:00:00Z,2025-12-01,,,cincinnati::tarletonstate,b8d824b2610f4d8cb1561a7212912366,DraftKings,h2h,2h,2025-12-02 00:00:00+00:00,2025-12-01 23:54:53+00:00,Cincinnati Bearcats,Tarleton State Texans,-4500.0,1700.0,,,,,,,,2025-12-02,1.0,False,152.14285278320312,27.670373916625977,74.22662,79.69328,13.696681,14.201702,79.69328,14.201702,,,,,,0.9782608695652174,0.05555555555555555,0.8837893830284883,0.1162106169715117,-1.0,0.06422300620513004,-0.09657085290421195,1.0917911054872107,0.022222222222222223,17.0
401819846,2025.0,2025-12-01,Cincinnati Bearcats,Tarleton State Texans,0.0,0.0,,,,,False,Fifth Third Arena,2025-12-02 00:00:00+00:00,,2025-12-01 19:00,EST,2025-12-02T00:00:00Z,2025-12-01,,,cincinnati::tarletonstate,b8d824b2610f4d8cb1561a7212912366,DraftKings,spreads,full_game,2025-12-02 00:00:00+00:00,2025-12-01 23:54:53+00:00,Cincinnati Bearcats,Tarleton State Texans,,,-24.5,-115.0,24.5,-105.0,,,,2025-12-02,1.0,False,152.14285278320312,27.670373916625977,74.22662,79.69328,13.696681,14.201702,152.14285278320312,27.670373916625977,,3.1703739166259766,,0.1294030170051419,,,,0.9811629071744312,0.01883709282556878,,,,,,
401819846,2025.0,2025-12-01,Cincinnati Bearcats,Tarleton State Texans,0.0,0.0,,,,,False,Fifth Third Arena,2025-12-02 00:00:00+00:00,,2025-12-01 19:00,EST,2025-12-02T00:00:00Z,2025-12-01,,,cincinnati::tarletonstate,b8d824b2610f4d8cb1561a7212912366,DraftKings,totals,full_game,2025-12-02 00:00:00+00:00,2025-12-01 23:54:53+00:00,Cincinnati Bearcats,Tarleton State Texans,,,,,,,142.5,-110.0,-110.0,2025-12-02,1.0,False,152.14285278320312,27.670373916625977,74.22662,79.69328,13.696681,14.201702,152.14285278320312,27.670373916625977,9.642852783203125,,0.06766914233826754,,0.32142842610677086,,,0.9811629071744312,0.01883709282556878,,,,,,
401819846,2025.0,2025-12-01,Cincinnati Bearcats,Tarleton State Texans,0.0,0.0,,,,,False,Fifth Third Arena,2025-12-02 00:00:00+00:00,,2025-12-01 19:00,EST,2025-12-02T00:00:00Z,2025-12-01,,,cincinnati::tarletonstate,b8d824b2610f4d8cb1561a7212912366,FanDuel,h2h,2h,2025-12-02 00:00:00+00:00,2025-12-01 23:54:50+00:00,Cincinnati Bearcats,Tarleton State Texans,-10000.0,2500.0,,,,,,,,2025-12-02,1.0,False,152.14285278320312,27.670373916625977,74.22662,79.69328,13.696681,14.201702,79.69328,14.201702,,,,,,0.9900990099009901,0.038461538461538464,0.8837893830284883,0.1162106169715117,-1.0,0.08085904165037217,-0.10737272314122681,2.0214760412593042,0.01,25.0
401819846,2025.0,2025-12-01,Cincinnati Bearcats,Tarleton State Texans,0.0,0.0,,,,,False,Fifth Third Arena,2025-12-02 00:00:00+00:00,,2025-12-01 19:00,EST,2025-12-02T00:00:00Z,2025-12-01,,,cincinnati::tarletonstate,b8d824b2610f4d8cb1561a7212912366,FanDuel,spreads,full_game,2025-12-02 00:00:00+00:00,2025-12-01 23:54:50+00:00,Cincinnati Bearcats,Tarleton State Texans,,,-24.5,-110.0,24.5,-110.0,,,,2025-12-02,1.0,False,152.14285278320312,27.670373916625977,74.22662,79.69328,13.696681,14.201702,152.14285278320312,27.670373916625977,,3.1703739166259766,,0.1294030170051419,,,,0.9811629071744312,0.01883709282556878,,,,,,
401819846,2025.0,2025-12-01,Cincinnati Bearcats,Tarleton State Texans,0.0,0.0,,,,,False,Fifth Third Arena,2025-12-02 00:00:00+00:00,,2025-12-01 19:00,EST,2025-12-02T00:00:00Z,2025-12-01,,,cincinnati::tarletonstate,b8d824b2610f4d8cb1561a7212912366,FanDuel,totals,full_game,2025-12-02 00:00:00+00:00,2025-12-01 23:54:50+00:00,Cincinnati Bearcats,Tarleton State Texans,,,,,,,142.5,-110.0,-110.0,2025-12-02,1.0,False,152.14285278320312,27.670373916625977,74.22662,79.69328,13.696681,14.201702,152.14285278320312,27.670373916625977,9.642852783203125,,0.06766914233826754,,0.32142842610677086,,,0.9811629071744312,0.01883709282556878,,,,,,
401819846,2025.0,2025-12-01,Cincinnati Bearcats,Tarleton State Texans,0.0,0.0,,,,,False,Fifth Third Arena,2025-12-02 00:00:00+00:00,,2025-12-01 19:00,EST,2025-12-02T00:00:00Z,2025-12-01,,,cincinnati::tarletonstate,b8d824b2610f4d8cb1561a7212912366,Fanatics,h2h,2h,2025-12-02 00:00:00+00:00,2025-12-01 23:54:36+00:00,Cincinnati Bearcats,Tarleton State Texans,-7000.0,2000.0,,,,,,,,2025-12-02,1.0,False,152.14285278320312,27.670373916625977,74.22662,79.69328,13.696681,14.201702,79.69328,14.201702,,,,,,0.9859154929577465,0.047619047619047616,0.8837893830284883,0.1162106169715117,-1.0,0.07202114782008728,-0.103585054356819,1.4404229564017457,0.014285714285714285,20.0
401819846,2025.0,2025-12-01,Cincinnati Bearcats,Tarleton State Texans,0.0,0.0,,,,,False,Fifth Third Arena,2025-12-02 00:00:00+00:00,,2025-12-01 19:00,EST,2025-12-02T00:00:00Z,2025-12-01,,,cincinnati::tarletonstate,b8d824b2610f4d8cb1561a7212912366,Fanatics,spreads,full_game,2025-12-02 00:00:00+00:00,2025-12-01 23:54:36+00:00,Cincinnati Bearcats,Tarleton State Texans,,,-24.0,-110.0,24.0,-110.0,,,,2025-12-02,1.0,False,152.14285278320312,27.670373916625977,74.22662,79.69328,13.696681,14.201702,152.14285278320312,27.670373916625977,,3.6703739166259766,,0.15293224652608237,,,,0.9811629071744312,0.01883709282556878,,,,,,
401819846,2025.0,2025-12-01,Cincinnati Bearcats,Tarleton State Texans,0.0,0.0,,,,,False,Fifth Third Arena,2025-12-02 00:00:00+00:00,,2025-12-01 19:00,EST,2025-12-02T00:00:00Z,2025-12-01,,,cincinnati::tarletonstate,b8d824b2610f4d8cb1561a7212912366,Fanatics,totals,full_game,2025-12-02 00:00:00+00:00,2025-12-01 23:54:36+00:00,Cincinnati Bearcats,Tarleton State Texans,,,,,,,142.5,-110.0,-110.0,2025-12-02,1.0,False,152.14285278320312,27.670373916625977,74.22662,79.69328,13.696681,14.201702,152.14285278320312,27.670373916625977,9.642852783203125,,0.06766914233826754,,0.32142842610677086,,,0.9811629071744312,0.01883709282556878,,,,,,
401819846,2025.0,2025-12-01,Cincinnati Bearcats,Tarleton State Texans,0.0,0.0,,,,,False,Fifth Third Arena,2025-12-02 00:00:00+00:00,,2025-12-01 19:00,EST,2025-12-02T00:00:00Z,2025-12-01,,,cincinnati::tarletonstate,b8d824b2610f4d8cb1561a7212912366,LowVig.ag,h2h,2h,2025-12-02 00:00:00+00:00,2025-12-01 23:54:52+00:00,Cincinnati Bearcats,Tarleton State Texans,-5500.0,1567.0,,,,,,,,2025-12-02,1.0,False,152.14285278320312,27.670373916625977,74.22662,79.69328,13.696681,14.201702,79.69328,14.201702,,,,,,0.9821428571428571,0.059988002399520096,0.8837893830284883,0.1162106169715117,-1.0,0.059810528711876185,-0.10014171909826645,0.9372309849150998,0.01818181818181818,15.67
401819846,2025.0,2025-12-01,Cincinnati Bearcats,Tarleton State Texans,0.0,0.0,,,,,False,Fifth Third Arena,2025-12-02 00:00:00+00:00,,2025-12-01 19:00,EST,2025-12-02T00:00:00Z,2025-12-01,,,cincinnati::tarletonstate,b8d824b2610f4d8cb1561a7212912366,LowVig.ag,spreads,full_game,2025-12-02 00:00:00+00:00,2025-12-01 23:54:52+00:00,Cincinnati Bearcats,Tarleton State Texans,,,-25.0,-103.0,25.0,-109.0,,,,2025-12-02,1.0,False,152.14285278320312,27.670373916625977,74.22662,79.69328,13.696681,14.201702,152.14285278320312,27.670373916625977,,2.6703739166259766,,0.10681495666503907,,,,0.9811629071744312,0.01883709282556878,,,,,,
401819846,2025.0,2025-12-01,Cincinnati Bearcats,Tarleton State Texans,0.0,0.0,,,,,False,Fifth Third Arena,2025-12-02 00:00:00+00:00,,2025-12-01 19:00,EST,2025-12-02T00:00:00Z,2025-12-01,,,cincinnati::tarletonstate,b8d824b2610f4d8cb1561a7212912366,LowVig.ag,totals,full_game,2025-12-02 00:00:00+00:00,2025-12-01 23:54:52+00:00,Cincinnati Bearcats,Tarleton State Texans,,,,,,,143.0,-108.0,-108.0,2025-12-02,1.0,False,152.14285278320312,27.670373916625977,74.22662,79.69328,13.696681,14.201702,152.14285278320312,27.670373916625977,9.142852783203125,,0.0639360334489729,,0.30476175944010414,,,0.9811629071744312,0.01883709282556878,,,,,,
401819866,2025.0,2025-12-01,Colorado Buffaloes,California Baptist Lancers,0.0,0.0,,,,,False,CU Events Center,2025-12-02 02:00:00+00:00,,2025-12-01 21:00,EST,2025-12-02T02:00:00Z,2025-12-01,,,californiabaptist::colorado,d9387e434610ce38658620ed1cb70b33,BetMGM,h2h,2h,2025-12-02 02:00:00+00:00,2025-12-01 23:54:51+00:00,Colorado Buffaloes,Cal Baptist Lancers,-900.0,575.0,,,,,,,,2025-12-02,1.0,False,147.16949462890625,22.95003700256348,72.057304,78.47113,10.6175,12.504175,78.47113,12.504175,,,,,,0.9,0.14814814814814814,0.8564743634360299,0.1435256365639701,-0.43525636563970105,-0.005426426642295954,-0.04836181840441123,-0.031201953193201737,0.1111111111111111,5.75
401819866,2025.0,2025-12-01,Colorado Buffaloes,California Baptist Lancers,0.0,0.0,,,,,False,CU Events Center,2025-12-02 02:00:00+00:00,,2025-12-01 21:00,EST,2025-12-02T02:00:00Z,2025-12-01,,,californiabaptist::colorado,d9387e434610ce38658620ed1cb70b33,BetMGM,spreads,full_game,2025-12-02 02:00:00+00:00,2025-12-01 23:54:51+00:00,Colorado Buffaloes,Cal Baptist Lancers,,,-11.5,-118.0,11.5,-102.0,,,,2025-12-02,1.0,False,147.16949462890625,22.95003700256348,72.057304,78.47113,10.6175,12.504175,147.16949462890625,22.95003700256348,,11.45003700256348,,0.9956553915272591,,,,0.9636865088663225,0.036313491133677545,,,,,,
401819866,2025.0,2025-12-01,Colorado Buffaloes,California Baptist Lancers,0.0,0.0,,,,,False,CU Events Center,2025-12-02 02:00:00+00:00,,2025-12-01 21:00,EST,2025-12-02T02:00:00Z,2025-12-01,,,californiabaptist::colorado,d9387e434610ce38658620ed1cb70b33,BetMGM,totals,full_game,2025-12-02 02:00:00+00:00,2025-12-01 23:54:51+00:00,Colorado Buffaloes,Cal Baptist Lancers,,,,,,,148.5,-110.0,-110.0,2025-12-02,1.0,False,147.16949462890625,22.95003700256348,72.057304,78.47113,10.6175,12.504175,147.16949462890625,22.95003700256348,-1.33050537109375,,-0.00895963212857744,,-0.04435017903645833,,,0.9636865088663225,0.036313491133677545,,,,,,
401819866,2025.0,2025-12-01,Colorado Buffaloes,California Baptist Lancers,0.0,0.0,,,,,False,CU Events Center,2025-12-02 02:00:00+00:00,,2025-12-01 21:00,EST,2025-12-02T02:00:00Z,2025-12-01,,,californiabaptist::colorado,d9387e434610ce38658620ed1cb70b33,BetOnline.ag,h2h,2h,2025-12-02 02:00:00+00:00,2025-12-01 23:54:37+00:00,Colorado Buffaloes,Cal Baptist Lancers,-900.0,613.0,,,,,,,,2025-12-02,1.0,False,147.16949462890625,22.95003700256348,72.057304,78.47113,10.6175,12.504175,78.47113,12.504175,,,,,,0.9,0.1402524544179523,0.8564743634360299,0.1435256365639701,-0.43525636563970105,0.0038071433443893654,-0.04836181840441123,0.02333778870110681,0.1111111111111111,6.13
401819866,2025.0,2025-12-01,Colorado Buffaloes,California Baptist Lancers,0.0,0.0,,,,,False,CU Events Center,2025-12-02 02:00:00+00:00,,2025-12-01 21:00,EST,2025-12-02T02:00:00Z,2025-12-01,,,californiabaptist::colorado,d9387e434610ce38658620ed1cb70b33,BetOnline.ag,spreads,full_game,2025-12-02 02:00:00+00:00,2025-12-01 23:54:37+00:00,Colorado Buffaloes,Cal Baptist Lancers,,,-12.5,-110.0,12.5,-110.0,,,,2025-12-02,1.0,False,147.16949462890625,22.95003700256348,72.057304,78.47113,10.6175,12.504175,147.16949462890625,22.95003700256348,,10.45003700256348,,0.8360029602050784,,,,0.9636865088663225,0.036313491133677545,,,,,,
401819866,2025.0,2025-12-01,Colorado Buffaloes,California Baptist Lancers,0.0,0.0,,,,,False,CU Events Center,2025-12-02 02:00:00+00:00,,2025-12-01 21:00,EST,2025-12-02T02:00:00Z,2025-12-01,,,californiabaptist::colorado,d9387e434610ce38658620ed1cb70b33,BetOnline.ag,totals,full_game,2025-12-02 02:00:00+00:00,2025-12-01 23:54:37+00:00,Colorado Buffaloes,Cal Baptist Lancers,,,,,,,148.0,-112.0,-108.0,2025-12-02,1.0,False,147.16949462890625,22.95003700256348,72.057304,78.47113,10.6175,12.504175,147.16949462890625,22.95003700256348,-0.83050537109375,,-0.005611522777660473,,-0.027683512369791666,,,0.9636865088663225,0.036313491133677545,,,,,,
401819866,2025.0,2025-12-01,Colorado Buffaloes,California Baptist Lancers,0.0,0.0,,,,,False,CU Events Center,2025-12-02 02:00:00+00:00,,2025-12-01 21:00,EST,2025-12-02T02:00:00Z,2025-12-01,,,californiabaptist::colorado,d9387e434610ce38658620ed1cb70b33,BetRivers,h2h,2h,2025-12-02 02:00:00+00:00,2025-12-01 23:54:34+00:00,Colorado Buffaloes,Cal Baptist Lancers,-1000.0,600.0,,,,,,,,2025-12-02,1.0,False,147.16949462890625,22.95003700256348,72.057304,78.47113,10.6175,12.504175,78.47113,12.504175,,,,,,0.9090909090909091,0.14285714285714285,0.8564743634360299,0.1435256365639701,-0.578782002203671,0.000779909324631789,-0.057878200220367104,0.004679455947790734,0.1,6.0
401819866,2025.0,2025-12-01,Colorado Buffaloes,California Baptist Lancers,0.0,0.0,,,,,False,CU Events Center,2025-12-02 02:00:00+00:00,,2025-12-01 21:00,EST,2025-12-02T02:00:00Z,2025-12-01,,,californiabaptist::colorado,d9387e434610ce38658620ed1cb70b33,BetRivers,spreads,full_game,2025-12-02 02:00:00+00:00,2025-12-01 23:54:34+00:00,Colorado Buffaloes,Cal Baptist Lancers,,,-12.5,-113.0,12.5,-110.0,,,,2025-12-02,1.0,False,147.16949462890625,22.95003700256348,72.057304,78.47113,10.6175,12.504175,147.16949462890625,22.95003700256348,,10.45003700256348,,0.8360029602050784,,,,0.9636865088663225,0.036313491133677545,,,,,,
401819866,2025.0,2025-12-01,Colorado Buffaloes,California Baptist Lancers,0.0,0.0,,,,,False,CU Events Center,2025-12-02 02:00:00+00:00,,2025-12-01 21:00,EST,2025-12-02T02:00:00Z,2025-12-01,,,californiabaptist::colorado,d9387e434610ce38658620ed1cb70b33,BetRivers,totals,full_game,2025-12-02 02:00:00+00:00,2025-12-01 23:54:34+00:00,Colorado Buffaloes,Cal Baptist Lancers,,,,,,,149.0,-113.0,-110.0,2025-12-02,1.0,False,147.16949462890625,22.95003700256348,72.057304,78.47113,10.6175,12.504175,147.16949462890625,22.95003700256348,-1.83050537109375,,-0.01228527094693792,,-0.061016845703125,,,0.9636865088663225,0.036313491133677545,,,,,,
401819866,2025.0,2025-12-01,Colorado Buffaloes,California Baptist Lancers,0.0,0.0,,,,,False,CU Events Center,2025-12-02 02:00:00+00:00,,2025-12-01 21:00,EST,2025-12-02T02:00:00Z,2025-12-01,,,californiabaptist::colorado,d9387e434610ce38658620ed1cb70b33,BetUS,h2h,2h,2025-12-02 02:00:00+00:00,2025-12-01 23:54:52+00:00,Colorado Buffaloes,Cal Baptist Lancers,-900.0,600.0,,,,,,,,2025-12-02,1.0,False,147.16949462890625,22.95003700256348,72.057304,78.47113,10.6175,12.504175,78.47113,12.504175,,,,,,0.9,0.14285714285714285,0.8564743634360299,0.1435256365639701,-0.43525636563970105,0.000779909324631789,-0.04836181840441123,0.004679455947790734,0.1111111111111111,6.0
401819866,2025.0,2025-12-01,Colorado Buffaloes,California Baptist Lancers,0.0,0.0,,,,,False,CU Events Center,2025-12-02 02:00:00+00:00,,2025-12-01 21:00,EST,2025-12-02T02:00:00Z,2025-12-01,,,californiabaptist::colorado,d9387e434610ce38658620ed1cb70b33,BetUS,spreads,full_game,2025-12-02 02:00:00+00:00,2025-12-01 23:54:52+00:00,Colorado Buffaloes,Cal Baptist Lancers,,,-12.5,-110.0,12.5,-110.0,,,,2025-12-02,1.0,False,147.16949462890625,22.95003700256348,72.057304,78.47113,10.6175,12.504175,147.16949462890625,22.95003700256348,,10.45003700256348,,0.8360029602050784,,,,0.9636865088663225,0.036313491133677545,,,,,,
401819866,2025.0,2025-12-01,Colorado Buffaloes,California Baptist Lancers,0.0,0.0,,,,,False,CU Events Center,2025-12-02 02:00:00+00:00,,2025-12-01 21:00,EST,2025-12-02T02:00:00Z,2025-12-01,,,californiabaptist::colorado,d9387e434610ce38658620ed1cb70b33,BetUS,totals,full_game,2025-12-02 02:00:00+00:00,2025-12-01 23:54:52+00:00,Colorado Buffaloes,Cal Baptist Lancers,,,,,,,148.5,-110.0,-110.0,2025-12-02,1.0,False,147.16949462890625,22.95003700256348,72.057304,78.47113,10.6175,12.504175,147.16949462890625,22.95003700256348,-1.33050537109375,,-0.00895963212857744,,-0.04435017903645833,,,0.9636865088663225,0.036313491133677545,,,,,,
401819866,2025.0,2025-12-01,Colorado Buffaloes,California Baptist Lancers,0.0,0.0,,,,,False,CU Events Center,2025-12-02 02:00:00+00:00,,2025-12-01 21:00,EST,2025-12-02T02:00:00Z,2025-12-01,,,californiabaptist::colorado,d9387e434610ce38658620ed1cb70b33,Bovada,h2h,2h,2025-12-02 02:00:00+00:00,2025-12-01 23:54:56+00:00,Colorado Buffaloes,Cal Baptist Lancers,-900.0,575.0,,,,,,,,2025-12-02,1.0,False,147.16949462890625,22.95003700256348,72.057304,78.47113,10.6175,12.504175,78.47113,12.504175,,,,,,0.9,0.14814814814814814,0.8564743634360299,0.1435256365639701,-0.43525636563970105,-0.005426426642295954,-0.04836181840441123,-0.031201953193201737,0.1111111111111111,5.75
401819866,2025.0,2025-12-01,Colorado Buffaloes,California Baptist Lancers,0.0,0.0,,,,,False,CU Events Center,2025-12-02 02:00:00+00:00,,2025-12-01 21:00,EST,2025-12-02T02:00:00Z,2025-12-01,,,californiabaptist::colorado,d9387e434610ce38658620ed1cb70b33,Bovada,spreads,full_game,2025-12-02 02:00:00+00:00,2025-12-01 23:54:56+00:00,Colorado Buffaloes,Cal Baptist Lancers,,,-12.0,-115.0,12.0,-105.0,,,,2025-12-02,1.0,False,147.16949462890625,22.95003700256348,72.057304,78.47113,10.6175,12.504175,147.16949462890625,22.95003700256348,,10.95003700256348,,0.9125030835469566,,,,0.9636865088663225,0.036313491133677545,,,,,,
401819866,2025.0,2025-12-01,Colorado Buffaloes,California Baptist Lancers,0.0,0.0,,,,,False,CU Events Center,2025-12-02 02:00:00+00:00,,2025-12-01 21:00,EST,2025-12-02T02:00:00Z,2025-12-01,,,californiabaptist::colorado,d9387e434610ce38658620ed1cb70b33,Bovada,totals,full_game,2025-12-02 02:00:00+00:00,2025-12-01 23:54:56+00:00,Colorado Buffaloes,Cal Baptist Lancers,,,,,,,148.5,-115.0,-105.0,2025-12-02,1.0,False,147.16949462890625,22.95003700256348,72.057304,78.47113,10.6175,12.504175,147.16949462890625,22.95003700256348,-1.33050537109375,,-0.00895963212857744,,-0.04435017903645833,,,0.9636865088663225,0.036313491133677545,,,,,,
401819866,2025.0,2025-12-01,Colorado Buffaloes,California Baptist Lancers,0.0,0.0,,,,,False,CU Events Center,2025-12-02 02:00:00+00:00,,2025-12-01 21:00,EST,2025-12-02T02:00:00Z,2025-12-01,,,californiabaptist::colorado,d9387e434610ce38658620ed1cb70b33,Caesars,h2h,2h,2025-12-02 02:00:00+00:00,2025-12-01 23:52:20+00:00,Colorado Buffaloes,Cal Baptist Lancers,-900.0,600.0,,,,,,,,2025-12-02,1.0,False,147.16949462890625,22.95003700256348,72.057304,78.47113,10.6175,12.504175,78.47113,12.504175,,,,,,0.9,0.14285714285714285,0.8564743634360299,0.1435256365639701,-0.43525636563970105,0.000779909324631789,-0.04836181840441123,0.004679455947790734,0.1111111111111111,6.0
401819866,2025.0,2025-12-01,Colorado Buffaloes,California Baptist Lancers,0.0,0.0,,,,,False,CU Events Center,2025-12-02 02:00:00+00:00,,2025-12-01 21:00,EST,2025-12-02T02:00:00Z,2025-12-01,,,californiabaptist::colorado,d9387e434610ce38658620ed1cb70b33,Caesars,spreads,full_game,2025-12-02 02:00:00+00:00,2025-12-01 23:52:20+00:00,Colorado Buffaloes,Cal Baptist Lancers,,,-12.0,-110.0,12.0,-110.0,,,,2025-12-02,1.0,False,147.16949462890625,22.95003700256348,72.057304,78.47113,10.6175,12.504175,147.16949462890625,22.95003700256348,,10.95003700256348,,0.9125030835469566,,,,0.9636865088663225,0.036313491133677545,,,,,,
401819866,2025.0,2025-12-01,Colorado Buffaloes,California Baptist Lancers,0.0,0.0,,,,,False,CU Events Center,2025-12-02 02:00:00+00:00,,2025-12-01 21:00,EST,2025-12-02T02:00:00Z,2025-12-01,,,californiabaptist::colorado,d9387e434610ce38658620ed1cb70b33,Caesars,totals,full_game,2025-12-02 02:00:00+00:00,2025-12-01 23:52:20+00:00,Colorado Buffaloes,Cal Baptist Lancers,,,,,,,148.5,-110.0,-110.0,2025-12-02,1.0,False,147.16949462890625,22.95003700256348,72.057304,78.47113,10.6175,12.504175,147.16949462890625,22.95003700256348,-1.33050537109375,,-0.00895963212857744,,-0.04435017903645833,,,0.9636865088663225,0.036313491133677545,,,,,,
401819866,2025.0,2025-12-01,Colorado Buffaloes,California Baptist Lancers,0.0,0.0,,,,,False,CU Events Center,2025-12-02 02:00:00+00:00,,2025-12-01 21:00,EST,2025-12-02T02:00:00Z,2025-12-01,,,californiabaptist::colorado,d9387e434610ce38658620ed1cb70b33,DraftKings,h2h,2h,2025-12-02 02:00:00+00:00,2025-12-01 23:54:53+00:00,Colorado Buffaloes,Cal Baptist Lancers,-900.0,600.0,,,,,,,,2025-12-02,1.0,False,147.16949462890625,22.95003700256348,72.057304,78.47113,10.6175,12.504175,78.47113,12.504175,,,,,,0.9,0.14285714285714285,0.8564743634360299,0.1435256365639701,-0.43525636563970105,0.000779909324631789,-0.04836181840441123,0.004679455947790734,0.1111111111111111,6.0
401819866,2025.0,2025-12-01,Colorado Buffaloes,California Baptist Lancers,0.0,0.0,,,,,False,CU Events Center,2025-12-02 02:00:00+00:00,,2025-12-01 21:00,EST,2025-12-02T02:00:00Z,2025-12-01,,,californiabaptist::colorado,d9387e434610ce38658620ed1cb70b33,DraftKings,spreads,full_game,2025-12-02 02:00:00+00:00,2025-12-01 23:54:53+00:00,Colorado Buffaloes,Cal Baptist Lancers,,,-11.5,-115.0,11.5,-105.0,,,,2025-12-02,1.0,False,147.16949462890625,22.95003700256348,72.057304,78.47113,10.6175,12.504175,147.16949462890625,22.95003700256348,,11.45003700256348,,0.9956553915272591,,,,0.9636865088663225,0.036313491133677545,,,,,,
401819866,2025.0,2025-12-01,Colorado Buffaloes,California Baptist Lancers,0.0,0.0,,,,,False,CU Events Center,2025-12-02 02:00:00+00:00,,2025-12-01 21:00,EST,2025-12-02T02:00:00Z,2025-12-01,,,californiabaptist::colorado,d9387e434610ce38658620ed1cb70b33,DraftKings,totals,full_game,2025-12-02 02:00:00+00:00,2025-12-01 23:54:53+00:00,Colorado Buffaloes,Cal Baptist Lancers,,,,,,,148.5,-108.0,-112.0,2025-12-02,1.0,False,147.16949462890625,22.95003700256348,72.057304,78.47113,10.6175,12.504175,147.16949462890625,22.95003700256348,-1.33050537109375,,-0.00895963212857744,,-0.04435017903645833,,,0.9636865088663225,0.036313491133677545,,,,,,
401819866,2025.0,2025-12-01,Colorado Buffaloes,California Baptist Lancers,0.0,0.0,,,,,False,CU Events Center,2025-12-02 02:00:00+00:00,,2025-12-01 21:00,EST,2025-12-02T02:00:00Z,2025-12-01,,,californiabaptist::colorado,d9387e434610ce38658620ed1cb70b33,FanDuel,h2h,2h,2025-12-02 02:00:00+00:00,2025-12-01 23:54:50+00:00,Colorado Buffaloes,Cal Baptist Lancers,-1000.0,640.0,,,,,,,,2025-12-02,1.0,False,147.16949462890625,22.95003700256348,72.057304,78.47113,10.6175,12.504175,78.47113,12.504175,,,,,,0.9090909090909091,0.13513513513513514,0.8564743634360299,0.1435256365639701,-0.578782002203671,0.009701517277090448,-0.057878200220367104,0.062089710573378865,0.1,6.4
401819866,2025.0,2025-12-01,Colorado Buffaloes,California Baptist Lancers,0.0,0.0,,,,,False,CU Events Center,2025-12-02 02:00:00+00:00,,2025-12-01 21:00,EST,2025-12-02T02:00:00Z,2025-12-01,,,californiabaptist::colorado,d9387e434610ce38658620ed1cb70b33,FanDuel,spreads,full_game,2025-12-02 02:00:00+00:00,2025-12-01 23:54:50+00:00,Colorado Buffaloes,Cal Baptist Lancers,,,-12.5,-106.0,12.5,-114.0,,,,2025-12-02,1.0,False,147.16949462890625,22.95003700256348,72.057304,78.47113,10.6175,12.504175,147.16949462890625,22.95003700256348,,10.45003700256348,,0.8360029602050784,,,,0.9636865088663225,0.036313491133677545,,,,,,
401819866,2025.0,2025-12-01,Colorado Buffaloes,California Baptist Lancers,0.0,0.0,,,,,False,CU Events Center,2025-12-02 02:00:00+00:00,,2025-12-01 21:00,EST,2025-12-02T02:00:00Z,2025-12-01,,,californiabaptist::colorado,d9387e434610ce38658620ed1cb70b33,FanDuel,totals,full_game,2025-12-02 02:00:00+00:00,2025-12-01 23:54:50+00:00,Colorado Buffaloes,Cal Baptist Lancers,,,,,,,148.5,-114.0,-106.0,2025-12-02,1.0,False,147.16949462890625,22.95003700256348,72.057304,78.47113,10.6175,12.504175,147.16949462890625,22.95003700256348,-1.33050537109375,,-0.00895963212857744,,-0.04435017903645833,,,0.9636865088663225,0.036313491133677545,,,,,,
401819866,2025.0,2025-12-01,Colorado Buffaloes,California Baptist Lancers,0.0,0.0,,,,,False,CU Events Center,2025-12-02 02:00:00+00:00,,2025-12-01 21:00,EST,2025-12-02T02:00:00Z,2025-12-01,,,californiabaptist::colorado,d9387e434610ce38658620ed1cb70b33,Fanatics,h2h,2h,2025-12-02 02:00:00+00:00,2025-12-01 23:54:36+00:00,Colorado Buffaloes,Cal Baptist Lancers,-900.0,600.0,,,,,,,,2025-12-02,1.0,False,147.16949462890625,22.95003700256348,72.057304,78.47113,10.6175,12.504175,78.47113,12.504175,,,,,,0.9,0.14285714285714285,0.8564743634360299,0.1435256365639701,-0.43525636563970105,0.000779909324631789,-0.04836181840441123,0.004679455947790734,0.1111111111111111,6.0
401819866,2025.0,2025-12-01,Colorado Buffaloes,California Baptist Lancers,0.0,0.0,,,,,False,CU Events Center,2025-12-02 02:00:00+00:00,,2025-12-01 21:00,EST,2025-12-02T02:00:00Z,2025-12-01,,,californiabaptist::colorado,d9387e434610ce38658620ed1cb70b33,Fanatics,spreads,full_game,2025-12-02 02:00:00+00:00,2025-12-01 23:54:36+00:00,Colorado Buffaloes,Cal Baptist Lancers,,,-12.0,-110.0,12.0,-110.0,,,,2025-12-02,1.0,False,147.16949462890625,22.95003700256348,72.057304,78.47113,10.6175,12.504175,147.16949462890625,22.95003700256348,,10.95003700256348,,0.9125030835469566,,,,0.9636865088663225,0.036313491133677545,,,,,,
401819866,2025.0,2025-12-01,Colorado Buffaloes,California Baptist Lancers,0.0,0.0,,,,,False,CU Events Center,2025-12-02 02:00:00+00:00,,2025-12-01 21:00,EST,2025-12-02T02:00:00Z,2025-12-01,,,californiabaptist::colorado,d9387e434610ce38658620ed1cb70b33,Fanatics,totals,full_game,2025-12-02 02:00:00+00:00,2025-12-01 23:54:36+00:00,Colorado Buffaloes,Cal Baptist Lancers,,,,,,,149.0,-110.0,-110.0,2025-12-02,1.0,False,147.16949462890625,22.95003700256348,72.057304,78.47113,10.6175,12.504175,147.16949462890625,22.95003700256348,-1.83050537109375,,-0.01228527094693792,,-0.061016845703125,,,0.9636865088663225,0.036313491133677545,,,,,,
401819866,2025.0,2025-12-01,Colorado Buffaloes,California Baptist Lancers,0.0,0.0,,,,,False,CU Events Center,2025-12-02 02:00:00+00:00,,2025-12-01 21:00,EST,2025-12-02T02:00:00Z,2025-12-01,,,californiabaptist::colorado,d9387e434610ce38658620ed1cb70b33,LowVig.ag,h2h,2h,2025-12-02 02:00:00+00:00,2025-12-01 23:54:52+00:00,Colorado Buffaloes,Cal Baptist Lancers,-900.0,613.0,,,,,,,,2025-12-02,1.0,False,147.16949462890625,22.95003700256348,72.057304,78.47113,10.6175,12.504175,78.47113,12.504175,,,,,,0.9,0.1402524544179523,0.8564743634360299,0.1435256365639701,-0.43525636563970105,0.0038071433443893654,-0.04836181840441123,0.02333778870110681,0.1111111111111111,6.13
401819866,2025.0,2025-12-01,Colorado Buffaloes,California Baptist Lancers,0.0,0.0,,,,,False,CU Events Center,2025-12-02 02:00:00+00:00,,2025-12-01 21:00,EST,2025-12-02T02:00:00Z,2025-12-01,,,californiabaptist::colorado,d9387e434610ce38658620ed1cb70b33,LowVig.ag,spreads,full_game,2025-12-02 02:00:00+00:00,2025-12-01 23:54:52+00:00,Colorado Buffaloes,Cal Baptist Lancers,,,-12.5,-106.0,12.5,-106.0,,,,2025-12-02,1.0,False,147.16949462890625,22.95003700256348,72.057304,78.47113,10.6175,12.504175,147.16949462890625,22.95003700256348,,10.45003700256348,,0.8360029602050784,,,,0.9636865088663225,0.036313491133677545,,,,,,
401819866,2025.0,2025-12-01,Colorado Buffaloes,California Baptist Lancers,0.0,0.0,,,,,False,CU Events Center,2025-12-02 02:00:00+00:00,,2025-12-01 21:00,EST,2025-12-02T02:00:00Z,2025-12-01,,,californiabaptist::colorado,d9387e434610ce38658620ed1cb70b33,LowVig.ag,totals,full_game,2025-12-02 02:00:00+00:00,2025-12-01 23:54:52+00:00,Colorado Buffaloes,Cal Baptist Lancers,,,,,,,148.0,-110.0,-106.0,2025-12-02,1.0,False,147.16949462890625,22.95003700256348,72.057304,78.47113,10.6175,12.504175,147.16949462890625,22.95003700256348,-0.83050537109375,,-0.005611522777660473,,-0.027683512369791666,,,0.9636865088663225,0.036313491133677545,,,,,,
401819893,2025.0,2025-12-01,Kansas State Wildcats,Bowling Green Falcons,0.0,0.0,,,,,False,Bramlage Coliseum,2025-12-02 01:00:00+00:00,,2025-12-01 20:00,EST,2025-12-02T01:00:00Z,2025-12-01,,,bowlinggreen::kansasstate,d01619674aceb2208be27928b1bf0a9e,BetMGM,h2h,2h,2025-12-02 01:00:00+00:00,2025-12-01 23:54:51+00:00,Kansas St Wildcats,Bowling Green Falcons,-900.0,575.0,,,,,,,,2025-12-02,1.0,False,148.2720489501953,22.5302791595459,72.53452,78.69456,10.651787,12.084738,78.69456,12.084738,,,,,,0.9,0.14814814814814814,0.8489502255540291,0.1510497744459709,-0.5104977444597091,0.0034062569583136614,-0.056721971606634336,0.019585977510303554,0.1111111111111111,5.75
401819893,2025.0,2025-12-01,Kansas State Wildcats,Bowling Green Falcons,0.0,0.0,,,,,False,Bramlage Coliseum,2025-12-02 01:00:00+00:00,,2025-12-01 20:00,EST,2025-12-02T01:00:00Z,2025-12-01,,,bowlinggreen::kansasstate,d01619674aceb2208be27928b1bf0a9e,BetMGM,spreads,full_game,2025-12-02 01:00:00+00:00,2025-12-01 23:54:51+00:00,Kansas St Wildcats,Bowling Green Falcons,,,-12.5,-105.0,12.5,-115.0,,,,2025-12-02,1.0,False,148.2720489501953,22.5302791595459,72.53452,78.69456,10.651787,12.084738,148.2720489501953,22.5302791595459,,10.030279159545898,,0.8024223327636719,,,,0.9615286779342682,0.03847132206573178,,,,,,
401819893,2025.0,2025-12-01,Kansas State Wildcats,Bowling Green Falcons,0.0,0.0,,,,,False,Bramlage Coliseum,2025-12-02 01:00:00+00:00,,2025-12-01 20:00,EST,2025-12-02T01:00:00Z,2025-12-01,,,bowlinggreen::kansasstate,d01619674aceb2208be27928b1bf0a9e,BetMGM,totals,full_game,2025-12-02 01:00:00+00:00,2025-12-01 23:54:51+00:00,Kansas St Wildcats,Bowling Green Falcons,,,,,,,159.5,-110.0,-110.0,2025-12-02,1.0,False,148.2720489501953,22.5302791595459,72.53452,78.69456,10.651787,12.084738,148.2720489501953,22.5302791595459,-11.227951049804688,,-0.07039467742824256,,-0.37426503499348956,,,0.9615286779342682,0.03847132206573178,,,,,,
401819893,2025.0,2025-12-01,Kansas State Wildcats,Bowling Green Falcons,0.0,0.0,,,,,False,Bramlage Coliseum,2025-12-02 01:00:00+00:00,,2025-12-01 20:00,EST,2025-12-02T01:00:00Z,2025-12-01,,,bowlinggreen::kansasstate,d01619674aceb2208be27928b1bf0a9e,BetOnline.ag,h2h,2h,2025-12-02 01:00:00+00:00,2025-12-01 23:54:37+00:00,Kansas St Wildcats,Bowling Green Falcons,-925.0,624.0,,,,,,,,2025-12-02,1.0,False,148.2720489501953,22.5302791595459,72.53452,78.69456,10.651787,12.084738,78.69456,12.084738,,,,,,0.9024390243902439,0.13812154696132597,0.8489502255540291,0.1510497744459709,-0.5482601880712016,0.015000058812312395,-0.05927137168337315,0.09360036698882934,0.10810810810810811,6.24
401819893,2025.0,2025-12-01,Kansas State Wildcats,Bowling Green Falcons,0.0,0.0,,,,,False,Bramlage Coliseum,2025-12-02 01:00:00+00:00,,2025-12-01 20:00,EST,2025-12-02T01:00:00Z,2025-12-01,,,bowlinggreen::kansasstate,d01619674aceb2208be27928b1bf0a9e,BetOnline.ag,spreads,full_game,2025-12-02 01:00:00+00:00,2025-12-01 23:54:37+00:00,Kansas St Wildcats,Bowling Green Falcons,,,-12.5,-110.0,12.5,-110.0,,,,2025-12-02,1.0,False,148.2720489501953,22.5302791595459,72.53452,78.69456,10.651787,12.084738,148.2720489501953,22.5302791595459,,10.030279159545898,,0.8024223327636719,,,,0.9615286779342682,0.03847132206573178,,,,,,
401819893,2025.0,2025-12-01,Kansas State Wildcats,Bowling Green Falcons,0.0,0.0,,,,,False,Bramlage Coliseum,2025-12-02 01:00:00+00:00,,2025-12-01 20:00,EST,2025-12-02T01:00:00Z,2025-12-01,,,bowlinggreen::kansasstate,d01619674aceb2208be27928b1bf0a9e,BetOnline.ag,totals,full_game,2025-12-02 01:00:00+00:00,2025-12-01 23:54:37+00:00,Kansas St Wildcats,Bowling Green Falcons,,,,,,,159.0,-108.0,-112.0,2025-12-02,1.0,False,148.2720489501953,22.5302791595459,72.53452,78.69456,10.651787,12.084738,148.2720489501953,22.5302791595459,-10.727951049804688,,-0.06747139025034395,,-0.3575983683268229,,,0.9615286779342682,0.03847132206573178,,,,,,
401819893,2025.0,2025-12-01,Kansas State Wildcats,Bowling Green Falcons,0.0,0.0,,,,,False,Bramlage Coliseum,2025-12-02 01:00:00+00:00,,2025-12-01 20:00,EST,2025-12-02T01:00:00Z,2025-12-01,,,bowlinggreen::kansasstate,d01619674aceb2208be27928b1bf0a9e,BetRivers,h2h,2h,2025-12-02 01:00:00+00:00,2025-12-01 23:54:34+00:00,Kansas St Wildcats,Bowling Green Falcons,-910.0,540.0,,,,,,,,2025-12-02,1.0,False,148.2720489501953,22.5302791595459,72.53452,78.69456,10.651787,12.084738,78.69456,12.084738,,,,,,0.900990099009901,0.15625,0.8489502255540291,0.1510497744459709,-0.525602721904306,-0.006163230286256706,-0.05775854086860506,-0.033281443545786216,0.10989010989010989,5.4
401819893,2025.0,2025-12-01,Kansas State Wildcats,Bowling Green Falcons,0.0,0.0,,,,,False,Bramlage Coliseum,2025-12-02 01:00:00+00:00,,2025-12-01 20:00,EST,2025-12-02T01:00:00Z,2025-12-01,,,bowlinggreen::kansasstate,d01619674aceb2208be27928b1bf0a9e,BetRivers,spreads,full_game,2025-12-02 01:00:00+00:00,2025-12-01 23:54:34+00:00,Kansas St Wildcats,Bowling Green Falcons,,,-12.5,-113.0,12.5,-110.0,,,,2025-12-02,1.0,False,148.2720489501953,22.5302791595459,72.53452,78.69456,10.651787,12.084738,148.2720489501953,22.5302791595459,,10.030279159545898,,0.8024223327636719,,,,0.9615286779342682,0.03847132206573178,,,,,,
401819893,2025.0,2025-12-01,Kansas State Wildcats,Bowling Green Falcons,0.0,0.0,,,,,False,Bramlage Coliseum,2025-12-02 01:00:00+00:00,,2025-12-01 20:00,EST,2025-12-02T01:00:00Z,2025-12-01,,,bowlinggreen::kansasstate,d01619674aceb2208be27928b1bf0a9e,BetRivers,totals,full_game,2025-12-02 01:00:00+00:00,2025-12-01 23:54:34+00:00,Kansas St Wildcats,Bowling Green Falcons,,,,,,,160.0,-110.0,-113.0,2025-12-02,1.0,False,148.2720489501953,22.5302791595459,72.53452,78.69456,10.651787,12.084738,148.2720489501953,22.5302791595459,-11.727951049804688,,-0.0732996940612793,,-0.39093170166015623,,,0.9615286779342682,0.03847132206573178,,,,,,
401819893,2025.0,2025-12-01,Kansas State Wildcats,Bowling Green Falcons,0.0,0.0,,,,,False,Bramlage Coliseum,2025-12-02 01:00:00+00:00,,2025-12-01 20:00,EST,2025-12-02T01:00:00Z,2025-12-01,,,bowlinggreen::kansasstate,d01619674aceb2208be27928b1bf0a9e,BetUS,h2h,2h,2025-12-02 01:00:00+00:00,2025-12-01 23:54:52+00:00,Kansas St Wildcats,Bowling Green Falcons,-900.0,600.0,,,,,,,,2025-12-02,1.0,False,148.2720489501953,22.5302791595459,72.53452,78.69456,10.651787,12.084738,78.69456,12.084738,,,,,,0.9,0.14285714285714285,0.8489502255540291,0.1510497744459709,-0.5104977444597091,0.009558070186966047,-0.056721971606634336,0.05734842112179628,0.1111111111111111,6.0
401819893,2025.0,2025-12-01,Kansas State Wildcats,Bowling Green Falcons,0.0,0.0,,,,,False,Bramlage Coliseum,2025-12-02 01:00:00+00:00,,2025-12-01 20:00,EST,2025-12-02T01:00:00Z,2025-12-01,,,bowlinggreen::kansasstate,d01619674aceb2208be27928b1bf0a9e,BetUS,spreads,full_game,2025-12-02 01:00:00+00:00,2025-12-01 23:54:52+00:00,Kansas St Wildcats,Bowling Green Falcons,,,-12.0,-110.0,12.0,-110.0,,,,2025-12-02,1.0,False,148.2720489501953,22.5302791595459,72.53452,78.69456,10.651787,12.084738,148.2720489501953,22.5302791595459,,10.530279159545898,,0.8775232632954916,,,,0.9615286779342682,0.03847132206573178,,,,,,
401819893,2025.0,2025-12-01,Kansas State Wildcats,Bowling Green Falcons,0.0,0.0,,,,,False,Bramlage Coliseum,2025-12-02 01:00:00+00:00,,2025-12-01 20:00,EST,2025-12-02T01:00:00Z,2025-12-01,,,bowlinggreen::kansasstate,d01619674aceb2208be27928b1bf0a9e,BetUS,totals,full_game,2025-12-02 01:00:00+00:00,2025-12-01 23:54:52+00:00,Kansas St Wildcats,Bowling Green Falcons,,,,,,,159.5,-110.0,-110.0,2025-12-02,1.0,False,148.2720489501953,22.5302791595459,72.53452,78.69456,10.651787,12.084738,148.2720489501953,22.5302791595459,-11.227951049804688,,-0.07039467742824256,,-0.37426503499348956,,,0.9615286779342682,0.03847132206573178,,,,,,
401819893,2025.0,2025-12-01,Kansas State Wildcats,Bowling Green Falcons,0.0,0.0,,,,,False,Bramlage Coliseum,2025-12-02 01:00:00+00:00,,2025-12-01 20:00,EST,2025-12-02T01:00:00Z,2025-12-01,,,bowlinggreen::kansasstate,d01619674aceb2208be27928b1bf0a9e,Bovada,h2h,2h,2025-12-02 01:00:00+00:00,2025-12-01 23:54:56+00:00,Kansas St Wildcats,Bowling Green Falcons,-950.0,600.0,,,,,,,,2025-12-02,1.0,False,148.2720489501953,22.5302791595459,72.53452,78.69456,10.651787,12.084738,78.69456,12.084738,,,,,,0.9047619047619048,0.14285714285714285,0.8489502255540291,0.1510497744459709,-0.5860226316826945,0.009558070186966047,-0.061686592808704685,0.05734842112179628,0.10526315789473684,6.0
401819893,2025.0,2025-12-01,Kansas State Wildcats,Bowling Green Falcons,0.0,0.0,,,,,False,Bramlage Coliseum,2025-12-02 01:00:00+00:00,,2025-12-01 20:00,EST,2025-12-02T01:00:00Z,2025-12-01,,,bowlinggreen::kansasstate,d01619674aceb2208be27928b1bf0a9e,Bovada,spreads,full_game,2025-12-02 01:00:00+00:00,2025-12-01 23:54:56+00:00,Kansas St Wildcats,Bowling Green Falcons,,,-12.0,-115.0,12.0,-105.0,,,,2025-12-02,1.0,False,148.2720489501953,22.5302791595459,72.53452,78.69456,10.651787,12.084738,148.2720489501953,22.5302791595459,,10.530279159545898,,0.8775232632954916,,,,0.9615286779342682,0.03847132206573178,,,,,,
401819893,2025.0,2025-12-01,Kansas State Wildcats,Bowling Green Falcons,0.0,0.0,,,,,False,Bramlage Coliseum,2025-12-02 01:00:00+00:00,,2025-12-01 20:00,EST,2025-12-02T01:00:00Z,2025-12-01,,,bowlinggreen::kansasstate,d01619674aceb2208be27928b1bf0a9e,Bovada,totals,full_game,2025-12-02 01:00:00+00:00,2025-12-01 23:54:56+00:00,Kansas St Wildcats,Bowling Green Falcons,,,,,,,159.5,-105.0,-115.0,2025-12-02,1.0,False,148.2720489501953,22.5302791595459,72.53452,78.69456,10.651787,12.084738,148.2720489501953,22.5302791595459,-11.227951049804688,,-0.07039467742824256,,-0.37426503499348956,,,0.9615286779342682,0.03847132206573178,,,,,,
401819893,2025.0,2025-12-01,Kansas State Wildcats,Bowling Green Falcons,0.0,0.0,,,,,False,Bramlage Coliseum,2025-12-02 01:00:00+00:00,,2025-12-01 20:00,EST,2025-12-02T01:00:00Z,2025-12-01,,,bowlinggreen::kansasstate,d01619674aceb2208be27928b1bf0a9e,Caesars,h2h,2h,2025-12-02 01:00:00+00:00,2025-12-01 23:52:20+00:00,Kansas St Wildcats,Bowling Green Falcons,-1000.0,650.0,,,,,,,,2025-12-02,1.0,False,148.2720489501953,22.5302791595459,72.53452,78.69456,10.651787,12.084738,78.69456,12.084738,,,,,,0.9090909090909091,0.13333333333333333,0.8489502255540291,0.1510497744459709,-0.6615475189056798,0.020442047437658727,-0.06615475189056798,0.13287330834478173,0.1,6.5
401819893,2025.0,2025-12-01,Kansas State Wildcats,Bowling Green Falcons,0.0,0.0,,,,,False,Bramlage Coliseum,2025-12-02 01:00:00+00:00,,2025-12-01 20:00,EST,2025-12-02T01:00:00Z,2025-12-01,,,bowlinggreen::kansasstate,d01619674aceb2208be27928b1bf0a9e,Caesars,spreads,full_game,2025-12-02 01:00:00+00:00,2025-12-01 23:52:20+00:00,Kansas St Wildcats,Bowling Green Falcons,,,-12.5,-110.0,12.5,-110.0,,,,2025-12-02,1.0,False,148.2720489501953,22.5302791595459,72.53452,78.69456,10.651787,12.084738,148.2720489501953,22.5302791595459,,10.030279159545898,,0.8024223327636719,,,,0.9615286779342682,0.03847132206573178,,,,,,
401819893,2025.0,2025-12-01,Kansas State Wildcats,Bowling Green Falcons,0.0,0.0,,,,,False,Bramlage Coliseum,2025-12-02 01:00:00+00:00,,2025-12-01 20:00,EST,2025-12-02T01:00:00Z,2025-12-01,,,bowlinggreen::kansasstate,d01619674aceb2208be27928b1bf0a9e,Caesars,totals,full_game,2025-12-02 01:00:00+00:00,2025-12-01 23:52:20+00:00,Kansas St Wildcats,Bowling Green Falcons,,,,,,,159.5,-110.0,-110.0,2025-12-02,1.0,False,148.2720489501953,22.5302791595459,72.53452,78.69456,10.651787,12.084738,148.2720489501953,22.5302791595459,-11.227951049804688,,-0.07039467742824256,,-0.37426503499348956,,,0.9615286779342682,0.03847132206573178,,,,,,
401819893,2025.0,2025-12-01,Kansas State Wildcats,Bowling Green Falcons,0.0,0.0,,,,,False,Bramlage Coliseum,2025-12-02 01:00:00+00:00,,2025-12-01 20:00,EST,2025-12-02T01:00:00Z,2025-12-01,,,bowlinggreen::kansasstate,d01619674aceb2208be27928b1bf0a9e,DraftKings,h2h,2h,2025-12-02 01:00:00+00:00,2025-12-01 23:54:53+00:00,Kansas St Wildcats,Bowling Green Falcons,-950.0,625.0,,,,,,,,2025-12-02,1.0,False,148.2720489501953,22.5302791595459,72.53452,78.69456,10.651787,12.084738,78.69456,12.084738,,,,,,0.9047619047619048,0.13793103448275862,0.8489502255540291,0.1510497744459709,-0.5860226316826945,0.01521773835732624,-0.061686592808704685,0.095110864733289,0.10526315789473684,6.25
401819893,2025.0,2025-12-01,Kansas State Wildcats,Bowling Green Falcons,0.0,0.0,,,,,False,Bramlage Coliseum,2025-12-02 01:00:00+00:00,,2025-12-01 20:00,EST,2025-12-02T01:00:00Z,2025-12-01,,,bowlinggreen::kansasstate,d01619674aceb2208be27928b1bf0a9e,DraftKings,spreads,full_game,2025-12-02 01:00:00+00:00,2025-12-01 23:54:53+00:00,Kansas St Wildcats,Bowling Green Falcons,,,-12.5,-105.0,12.5,-115.0,,,,2025-12-02,1.0,False,148.2720489501953,22.5302791595459,72.53452,78.69456,10.651787,12.084738,148.2720489501953,22.5302791595459,,10.030279159545898,,0.8024223327636719,,,,0.9615286779342682,0.03847132206573178,,,,,,
401819893,2025.0,2025-12-01,Kansas State Wildcats,Bowling Green Falcons,0.0,0.0,,,,,False,Bramlage Coliseum,2025-12-02 01:00:00+00:00,,2025-12-01 20:00,EST,2025-12-02T01:00:00Z,2025-12-01,,,bowlinggreen::kansasstate,d01619674aceb2208be27928b1bf0a9e,DraftKings,totals,full_game,2025-12-02 01:00:00+00:00,2025-12-01 23:54:53+00:00,Kansas St Wildcats,Bowling Green Falcons,,,,,,,159.5,-110.0,-110.0,2025-12-02,1.0,False,148.2720489501953,22.5302791595459,72.53452,78.69456,10.651787,12.084738,148.2720489501953,22.5302791595459,-11.227951049804688,,-0.07039467742824256,,-0.37426503499348956,,,0.9615286779342682,0.03847132206573178,,,,,,
401819893,2025.0,2025-12-01,Kansas State Wildcats,Bowling Green Falcons,0.0,0.0,,,,,False,Bramlage Coliseum,2025-12-02 01:00:00+00:00,,2025-12-01 20:00,EST,2025-12-02T01:00:00Z,2025-12-01,,,bowlinggreen::kansasstate,d01619674aceb2208be27928b1bf0a9e,FanDuel,h2h,2h,2025-12-02 01:00:00+00:00,2025-12-01 23:54:50+00:00,Kansas St Wildcats,Bowling Green Falcons,-1000.0,640.0,,,,,,,,2025-12-02,1.0,False,148.2720489501953,22.5302791595459,72.53452,78.69456,10.651787,12.084738,78.69456,12.084738,,,,,,0.9090909090909091,0.13513513513513514,0.8489502255540291,0.1510497744459709,-0.6615475189056798,0.018401301703153856,-0.06615475189056798,0.11776833090018468,0.1,6.4
401819893,2025.0,2025-12-01,Kansas State Wildcats,Bowling Green Falcons,0.0,0.0,,,,,False,Bramlage Coliseum,2025-12-02 01:00:00+00:00,,2025-12-01 20:00,EST,2025-12-02T01:00:00Z,2025-12-01,,,bowlinggreen::kansasstate,d01619674aceb2208be27928b1bf0a9e,FanDuel,spreads,full_game,2025-12-02 01:00:00+00:00,2025-12-01 23:54:50+00:00,Kansas St Wildcats,Bowling Green Falcons,,,-12.5,-105.0,12.5,-115.0,,,,2025-12-02,1.0,False,148.2720489501953,22.5302791595459,72.53452,78.69456,10.651787,12.084738,148.2720489501953,22.5302791595459,,10.030279159545898,,0.8024223327636719,,,,0.9615286779342682,0.03847132206573178,,,,,,
401819893,2025.0,2025-12-01,Kansas State Wildcats,Bowling Green Falcons,0.0,0.0,,,,,False,Bramlage Coliseum,2025-12-02 01:00:00+00:00,,2025-12-01 20:00,EST,2025-12-02T01:00:00Z,2025-12-01,,,bowlinggreen::kansasstate,d01619674aceb2208be27928b1bf0a9e,FanDuel,totals,full_game,2025-12-02 01:00:00+00:00,2025-12-01 23:54:50+00:00,Kansas St Wildcats,Bowling Green Falcons,,,,,,,159.5,-110.0,-110.0,2025-12-02,1.0,False,148.2720489501953,22.5302791595459,72.53452,78.69456,10.651787,12.084738,148.2720489501953,22.5302791595459,-11.227951049804688,,-0.07039467742824256,,-0.37426503499348956,,,0.9615286779342682,0.03847132206573178,,,,,,
401819893,2025.0,2025-12-01,Kansas State Wildcats,Bowling Green Falcons,0.0,0.0,,,,,False,Bramlage Coliseum,2025-12-02 01:00:00+00:00,,2025-12-01 20:00,EST,2025-12-02T01:00:00Z,2025-12-01,,,bowlinggreen::kansasstate,d01619674aceb2208be27928b1bf0a9e,Fanatics,h2h,2h,2025-12-02 01:00:00+00:00,2025-12-01 23:54:36+00:00,Kansas St Wildcats,Bowling Green Falcons,-900.0,600.0,,,,,,,,2025-12-02,1.0,False,148.2720489501953,22.5302791595459,72.53452,78.69456,10.651787,12.084738,78.69456,12.084738,,,,,,0.9,0.14285714285714285,0.8489502255540291,0.1510497744459709,-0.5104977444597091,0.009558070186966047,-0.056721971606634336,0.05734842112179628,0.1111111111111111,6.0
401819893,2025.0,2025-12-01,Kansas State Wildcats,Bowling Green Falcons,0.0,0.0,,,,,False,Bramlage Coliseum,2025-12-02 01:00:00+00:00,,2025-12-01 20:00,EST,2025-12-02T01:00:00Z,2025-12-01,,,bowlinggreen::kansasstate,d01619674aceb2208be27928b1bf0a9e,Fanatics,spreads,full_game,2025-12-02 01:00:00+00:00,2025-12-01 23:54:36+00:00,Kansas St Wildcats,Bowling Green Falcons,,,-12.5,-110.0,12.5,-110.0,,,,2025-12-02,1.0,False,148.2720489501953,22.5302791595459,72.53452,78.69456,10.651787,12.084738,148.2720489501953,22.5302791595459,,10.030279159545898,,0.8024223327636719,,,,0.9615286779342682,0.03847132206573178,,,,,,
401819893,2025.0,2025-12-01,Kansas State Wildcats,Bowling Green Falcons,0.0,0.0,,,,,False,Bramlage Coliseum,2025-12-02 01:00:00+00:00,,2025-12-01 20:00,EST,2025-12-02T01:00:00Z,2025-12-01,,,bowlinggreen::kansasstate,d01619674aceb2208be27928b1bf0a9e,Fanatics,totals,full_game,2025-12-02 01:00:00+00:00,2025-12-01 23:54:36+00:00,Kansas St Wildcats,Bowling Green Falcons,,,,,,,159.5,-110.0,-110.0,2025-12-02,1.0,False,148.2720489501953,22.5302791595459,72.53452,78.69456,10.651787,12.084738,148.2720489501953,22.5302791595459,-11.227951049804688,,-0.07039467742824256,,-0.37426503499348956,,,0.9615286779342682,0.03847132206573178,,,,,,
401819893,2025.0,2025-12-01,Kansas State Wildcats,Bowling Green Falcons,0.0,0.0,,,,,False,Bramlage Coliseum,2025-12-02 01:00:00+00:00,,2025-12-01 20:00,EST,2025-12-02T01:00:00Z,2025-12-01,,,bowlinggreen::kansasstate,d01619674aceb2208be27928b1bf0a9e,LowVig.ag,h2h,2h,2025-12-02 01:00:00+00:00,2025-12-01 23:54:52+00:00,Kansas St Wildcats,Bowling Green Falcons,-925.0,624.0,,,,,,,,2025-12-02,1.0,False,148.2720489501953,22.5302791595459,72.53452,78.69456,10.651787,12.084738,78.69456,12.084738,,,,,,0.9024390243902439,0.13812154696132597,0.8489502255540291,0.1510497744459709,-0.5482601880712016,0.015000058812312395,-0.05927137168337315,0.09360036698882934,0.10810810810810811,6.24
401819893,2025.0,2025-12-01,Kansas State Wildcats,Bowling Green Falcons,0.0,0.0,,,,,False,Bramlage Coliseum,2025-12-02 01:00:00+00:00,,2025-12-01 20:00,EST,2025-12-02T01:00:00Z,2025-12-01,,,bowlinggreen::kansasstate,d01619674aceb2208be27928b1bf0a9e,LowVig.ag,spreads,full_game,2025-12-02 01:00:00+00:00,2025-12-01 23:54:52+00:00,Kansas St Wildcats,Bowling Green Falcons,,,-12.5,-106.0,12.5,-106.0,,,,2025-12-02,1.0,False,148.2720489501953,22.5302791595459,72.53452,78.69456,10.651787,12.084738,148.2720489501953,22.5302791595459,,10.030279159545898,,0.8024223327636719,,,,0.9615286779342682,0.03847132206573178,,,,,,
401819893,2025.0,2025-12-01,Kansas State Wildcats,Bowling Green Falcons,0.0,0.0,,,,,False,Bramlage Coliseum,2025-12-02 01:00:00+00:00,,2025-12-01 20:00,EST,2025-12-02T01:00:00Z,2025-12-01,,,bowlinggreen::kansasstate,d01619674aceb2208be27928b1bf0a9e,LowVig.ag,totals,full_game,2025-12-02 01:00:00+00:00,2025-12-01 23:54:52+00:00,Kansas St Wildcats,Bowling Green Falcons,,,,,,,159.0,-106.0,-110.0,2025-12-02,1.0,False,148.2720489501953,22.5302791595459,72.53452,78.69456,10.651787,12.084738,148.2720489501953,22.5302791595459,-10.727951049804688,,-0.06747139025034395,,-0.3575983683268229,,,0.9615286779342682,0.03847132206573178,,,,,,
401822998,2025.0,2025-12-01,Middle Tennessee Blue Raiders,UAB Blazers,0.0,0.0,,,,,False,Murphy Center,2025-12-02 00:30:00+00:00,,2025-12-01 19:30,EST,2025-12-02T00:30:00Z,2025-12-01,,,middletennesseeblueraiders::uabblazers,5a3b706cbbd970c3615a2ed6a2730ff0,BetMGM,h2h,2h,2025-12-02 00:30:00+00:00,2025-12-01 23:54:51+00:00,Middle Tennessee Blue Raiders,UAB Blazers,-102.0,-118.0,,,,,,,,2025-12-02,1.0,False,145.22335815429688,-4.461735248565674,71.143906,77.16453,-1.8917925,-2.0348823,77.16453,-2.0348823,,,,,,0.504950495049505,0.5412844036697247,0.4278331230957145,0.5721668769042856,-0.15577709134665685,0.06732379165134254,-0.15272263857515378,0.05705406072147673,0.9803921568627451,0.847457627118644
401822998,2025.0,2025-12-01,Middle Tennessee Blue Raiders,UAB Blazers,0.0,0.0,,,,,False,Murphy Center,2025-12-02 00:30:00+00:00,,2025-12-01 19:30,EST,2025-12-02T00:30:00Z,2025-12-01,,,middletennesseeblueraiders::uabblazers,5a3b706cbbd970c3615a2ed6a2730ff0,BetMGM,spreads,full_game,2025-12-02 00:30:00+00:00,2025-12-01 23:54:51+00:00,Middle Tennessee Blue Raiders,UAB Blazers,,,1.5,-115.0,-1.5,-105.0,,,,2025-12-02,1.0,False,145.22335815429688,-4.461735248565674,71.143906,77.16453,-1.8917925,-2.0348823,145.22335815429688,-4.461735248565674,,-2.961735248565674,,-1.9744901657104492,,,,0.3458366018947184,0.6541633981052817,,,,,,
401822998,2025.0,2025-12-01,Middle Tennessee Blue Raiders,UAB Blazers,0.0,0.0,,,,,False,Murphy Center,2025-12-02 00:30:00+00:00,,2025-12-01 19:30,EST,2025-12-02T00:30:00Z,2025-12-01,,,middletennesseeblueraiders::uabblazers,5a3b706cbbd970c3615a2ed6a2730ff0,BetMGM,totals,full_game,2025-12-02 00:30:00+00:00,2025-12-01 23:54:51+00:00,Middle Tennessee Blue Raiders,UAB Blazers,,,,,,,153.5,-105.0,-115.0,2025-12-02,1.0,False,145.22335815429688,-4.461735248565674,71.143906,77.16453,-1.8917925,-2.0348823,145.22335815429688,-4.461735248565674,-8.276641845703125,,-0.05391949085148615,,-0.2758880615234375,,,0.3458366018947184,0.6541633981052817,,,,,,
401822998,2025.0,2025-12-01,Middle Tennessee Blue Raiders,UAB Blazers,0.0,0.0,,,,,False,Murphy Center,2025-12-02 00:30:00+00:00,,2025-12-01 19:30,EST,2025-12-02T00:30:00Z,2025-12-01,,,middletennesseeblueraiders::uabblazers,5a3b706cbbd970c3615a2ed6a2730ff0,BetOnline.ag,h2h,2h,2025-12-02 00:30:00+00:00,2025-12-01 23:54:37+00:00,Middle Tennessee Blue Raiders,UAB Blazers,-102.0,-118.0,,,,,,,,2025-12-02,1.0,False,145.22335815429688,-4.461735248565674,71.143906,77.16453,-1.8917925,-2.0348823,77.16453,-2.0348823,,,,,,0.504950495049505,0.5412844036697247,0.4278331230957145,0.5721668769042856,-0.15577709134665685,0.06732379165134254,-0.15272263857515378,0.05705406072147673,0.9803921568627451,0.847457627118644
401822998,2025.0,2025-12-01,Middle Tennessee Blue Raiders,UAB Blazers,0.0,0.0,,,,,False,Murphy Center,2025-12-02 00:30:00+00:00,,2025-12-01 19:30,EST,2025-12-02T00:30:00Z,2025-12-01,,,middletennesseeblueraiders::uabblazers,5a3b706cbbd970c3615a2ed6a2730ff0,BetOnline.ag,spreads,full_game,2025-12-02 00:30:00+00:00,2025-12-01 23:54:37+00:00,Middle Tennessee Blue Raiders,UAB Blazers,,,1.5,-115.0,-1.5,-105.0,,,,2025-12-02,1.0,False,145.22335815429688,-4.461735248565674,71.143906,77.16453,-1.8917925,-2.0348823,145.22335815429688,-4.461735248565674,,-2.961735248565674,,-1.9744901657104492,,,,0.3458366018947184,0.6541633981052817,,,,,,
401822998,2025.0,2025-12-01,Middle Tennessee Blue Raiders,UAB Blazers,0.0,0.0,,,,,False,Murphy Center,2025-12-02 00:30:00+00:00,,2025-12-01 19:30,EST,2025-12-02T00:30:00Z,2025-12-01,,,middletennesseeblueraiders::uabblazers,5a3b706cbbd970c3615a2ed6a2730ff0,BetOnline.ag,totals,full_game,2025-12-02 00:30:00+00:00,2025-12-01 23:54:37+00:00,Middle Tennessee Blue Raiders,UAB Blazers,,,,,,,153.0,-110.0,-110.0,2025-12-02,1.0,False,145.22335815429688,-4.461735248565674,71.143906,77.16453,-1.8917925,-2.0348823,145.22335815429688,-4.461735248565674,-7.776641845703125,,-0.05082772448171977,,-0.2592213948567708,,,0.3458366018947184,0.6541633981052817,,,,,,
401822998,2025.0,2025-12-01,Middle Tennessee Blue Raiders,UAB Blazers,0.0,0.0,,,,,False,Murphy Center,2025-12-02 00:30:00+00:00,,2025-12-01 19:30,EST,2025-12-02T00:30:00Z,2025-12-01,,,middletennesseeblueraiders::uabblazers,5a3b706cbbd970c3615a2ed6a2730ff0,BetRivers,h2h,2h,2025-12-02 00:30:00+00:00,2025-12-01 23:54:34+00:00,Middle Tennessee Blue Raiders,UAB Blazers,100.0,-122.0,,,,,,,,2025-12-02,1.0,False,145.22335815429688,-4.461735248565674,71.143906,77.16453,-1.8917925,-2.0348823,77.16453,-2.0348823,,,,,,0.5,0.5495495495495496,0.4278331230957145,0.5721668769042856,-0.1443337538085711,0.050210466727514017,-0.1443337538085711,0.04115612026845411,1.0,0.819672131147541
401822998,2025.0,2025-12-01,Middle Tennessee Blue Raiders,UAB Blazers,0.0,0.0,,,,,False,Murphy Center,2025-12-02 00:30:00+00:00,,2025-12-01 19:30,EST,2025-12-02T00:30:00Z,2025-12-01,,,middletennesseeblueraiders::uabblazers,5a3b706cbbd970c3615a2ed6a2730ff0,BetRivers,spreads,full_game,2025-12-02 00:30:00+00:00,2025-12-01 23:54:34+00:00,Middle Tennessee Blue Raiders,UAB Blazers,,,1.5,-113.0,-1.5,-110.0,,,,2025-12-02,1.0,False,145.22335815429688,-4.461735248565674,71.143906,77.16453,-1.8917925,-2.0348823,145.22335815429688,-4.461735248565674,,-2.961735248565674,,-1.9744901657104492,,,,0.3458366018947184,0.6541633981052817,,,,,,
401822998,2025.0,2025-12-01,Middle Tennessee Blue Raiders,UAB Blazers,0.0,0.0,,,,,False,Murphy Center,2025-12-02 00:30:00+00:00,,2025-12-01 19:30,EST,2025-12-02T00:30:00Z,2025-12-01,,,middletennesseeblueraiders::uabblazers,5a3b706cbbd970c3615a2ed6a2730ff0,BetRivers,totals,full_game,2025-12-02 00:30:00+00:00,2025-12-01 23:54:34+00:00,Middle Tennessee Blue Raiders,UAB Blazers,,,,,,,153.0,-113.0,-110.0,2025-12-02,1.0,False,145.22335815429688,-4.461735248565674,71.143906,77.16453,-1.8917925,-2.0348823,145.22335815429688,-4.461735248565674,-7.776641845703125,,-0.05082772448171977,,-0.2592213948567708,,,0.3458366018947184,0.6541633981052817,,,,,,
401822998,2025.0,2025-12-01,Middle Tennessee Blue Raiders,UAB Blazers,0.0,0.0,,,,,False,Murphy Center,2025-12-02 00:30:00+00:00,,2025-12-01 19:30,EST,2025-12-02T00:30:00Z,2025-12-01,,,middletennesseeblueraiders::uabblazers,5a3b706cbbd970c3615a2ed6a2730ff0,BetUS,h2h,2h,2025-12-02 00:30:00+00:00,2025-12-01 23:54:52+00:00,Middle Tennessee Blue Raiders,UAB Blazers,-102.0,-118.0,,,,,,,,2025-12-02,1.0,False,145.22335815429688,-4.461735248565674,71.143906,77.16453,-1.8917925,-2.0348823,77.16453,-2.0348823,,,,,,0.504950495049505,0.5412844036697247,0.4278331230957145,0.5721668769042856,-0.15577709134665685,0.06732379165134254,-0.15272263857515378,0.05705406072147673,0.9803921568627451,0.847457627118644
401822998,2025.0,2025-12-01,Middle Tennessee Blue Raiders,UAB Blazers,0.0,0.0,,,,,False,Murphy Center,2025-12-02 00:30:00+00:00,,2025-12-01 19:30,EST,2025-12-02T00:30:00Z,2025-12-01,,,middletennesseeblueraiders::uabblazers,5a3b706cbbd970c3615a2ed6a2730ff0,BetUS,spreads,full_game,2025-12-02 00:30:00+00:00,2025-12-01 23:54:52+00:00,Middle Tennessee Blue Raiders,UAB Blazers,,,1.0,-110.0,-1.0,-110.0,,,,2025-12-02,1.0,False,145.22335815429688,-4.461735248565674,71.143906,77.16453,-1.8917925,-2.0348823,145.22335815429688,-4.461735248565674,,-3.461735248565674,,-3.461735248565674,,,,0.3458366018947184,0.6541633981052817,,,,,,
401822998,2025.0,2025-12-01,Middle Tennessee Blue Raiders,UAB Blazers,0.0,0.0,,,,,False,Murphy Center,2025-12-02 00:30:00+00:00,,2025-12-01 19:30,EST,2025-12-02T00:30:00Z,2025-12-01,,,middletennesseeblueraiders::uabblazers,5a3b706cbbd970c3615a2ed6a2730ff0,BetUS,totals,full_game,2025-12-02 00:30:00+00:00,2025-12-01 23:54:52+00:00,Middle Tennessee Blue Raiders,UAB Blazers,,,,,,,153.0,-110.0,-110.0,2025-12-02,1.0,False,145.22335815429688,-4.461735248565674,71.143906,77.16453,-1.8917925,-2.0348823,145.22335815429688,-4.461735248565674,-7.776641845703125,,-0.05082772448171977,,-0.2592213948567708,,,0.3458366018947184,0.6541633981052817,,,,,,
401822998,2025.0,2025-12-01,Middle Tennessee Blue Raiders,UAB Blazers,0.0,0.0,,,,,False,Murphy Center,2025-12-02 00:30:00+00:00,,2025-12-01 19:30,EST,2025-12-02T00:30:00Z,2025-12-01,,,middletennesseeblueraiders::uabblazers,5a3b706cbbd970c3615a2ed6a2730ff0,Bovada,h2h,2h,2025-12-02 00:30:00+00:00,2025-12-01 23:54:56+00:00,Middle Tennessee Blue Raiders,UAB Blazers,-110.0,-110.0,,,,,,,,2025-12-02,1.0,False,145.22335815429688,-4.461735248565674,71.143906,77.16453,-1.8917925,-2.0348823,77.16453,-2.0348823,,,,,,0.5238095238095238,0.5238095238095238,0.4278331230957145,0.5721668769042856,-0.20155044149899973,0.10155044149899968,-0.18322767408999974,0.0923185831809088,0.9090909090909091,0.9090909090909091
401822998,2025.0,2025-12-01,Middle Tennessee Blue Raiders,UAB Blazers,0.0,0.0,,,,,False,Murphy Center,2025-12-02 00:30:00+00:00,,2025-12-01 19:30,EST,2025-12-02T00:30:00Z,2025-12-01,,,middletennesseeblueraiders::uabblazers,5a3b706cbbd970c3615a2ed6a2730ff0,Bovada,spreads,full_game,2025-12-02 00:30:00+00:00,2025-12-01 23:54:56+00:00,Middle Tennessee Blue Raiders,UAB Blazers,,,1.0,-115.0,-1.0,-105.0,,,,2025-12-02,1.0,False,145.22335815429688,-4.461735248565674,71.143906,77.16453,-1.8917925,-2.0348823,145.22335815429688,-4.461735248565674,,-3.461735248565674,,-3.461735248565674,,,,0.3458366018947184,0.6541633981052817,,,,,,
401822998,2025.0,2025-12-01,Middle Tennessee Blue Raiders,UAB Blazers,0.0,0.0,,,,,False,Murphy Center,2025-12-02 00:30:00+00:00,,2025-12-01 19:30,EST,2025-12-02T00:30:00Z,2025-12-01,,,middletennesseeblueraiders::uabblazers,5a3b706cbbd970c3615a2ed6a2730ff0,Bovada,totals,full_game,2025-12-02 00:30:00+00:00,2025-12-01 23:54:56+00:00,Middle Tennessee Blue Raiders,UAB Blazers,,,,,,,153.5,-110.0,-110.0,2025-12-02,1.0,False,145.22335815429688,-4.461735248565674,71.143906,77.16453,-1.8917925,-2.0348823,145.22335815429688,-4.461735248565674,-8.276641845703125,,-0.05391949085148615,,-0.2758880615234375,,,0.3458366018947184,0.6541633981052817,,,,,,
401822998,2025.0,2025-12-01,Middle Tennessee Blue Raiders,UAB Blazers,0.0,0.0,,,,,False,Murphy Center,2025-12-02 00:30:00+00:00,,2025-12-01 19:30,EST,2025-12-02T00:30:00Z,2025-12-01,,,middletennesseeblueraiders::uabblazers,5a3b706cbbd970c3615a2ed6a2730ff0,Caesars,h2h,2h,2025-12-02 00:30:00+00:00,2025-12-01 23:52:20+00:00,Middle Tennessee Blue Raiders,UAB Blazers,100.0,-120.0,,,,,,,,2025-12-02,1.0,False,145.22335815429688,-4.461735248565674,71.143906,77.16453,-1.8917925,-2.0348823,77.16453,-2.0348823,,,,,,0.5,0.5454545454545454,0.4278331230957145,0.5721668769042856,-0.1443337538085711,0.05876712918942832,-0.1443337538085711,0.04897260765785694,1.0,0.8333333333333334
401822998,2025.0,2025-12-01,Middle Tennessee Blue Raiders,UAB Blazers,0.0,0.0,,,,,False,Murphy Center,2025-12-02 00:30:00+00:00,,2025-12-01 19:30,EST,2025-12-02T00:30:00Z,2025-12-01,,,middletennesseeblueraiders::uabblazers,5a3b706cbbd970c3615a2ed6a2730ff0,Caesars,spreads,full_game,2025-12-02 00:30:00+00:00,2025-12-01 23:52:20+00:00,Middle Tennessee Blue Raiders,UAB Blazers,,,1.0,-110.0,-1.0,-110.0,,,,2025-12-02,1.0,False,145.22335815429688,-4.461735248565674,71.143906,77.16453,-1.8917925,-2.0348823,145.22335815429688,-4.461735248565674,,-3.461735248565674,,-3.461735248565674,,,,0.3458366018947184,0.6541633981052817,,,,,,
401822998,2025.0,2025-12-01,Middle Tennessee Blue Raiders,UAB Blazers,0.0,0.0,,,,,False,Murphy Center,2025-12-02 00:30:00+00:00,,2025-12-01 19:30,EST,2025-12-02T00:30:00Z,2025-12-01,,,middletennesseeblueraiders::uabblazers,5a3b706cbbd970c3615a2ed6a2730ff0,Caesars,totals,full_game,2025-12-02 00:30:00+00:00,2025-12-01 23:52:20+00:00,Middle Tennessee Blue Raiders,UAB Blazers,,,,,,,153.0,-110.0,-110.0,2025-12-02,1.0,False,145.22335815429688,-4.461735248565674,71.143906,77.16453,-1.8917925,-2.0348823,145.22335815429688,-4.461735248565674,-7.776641845703125,,-0.05082772448171977,,-0.2592213948567708,,,0.3458366018947184,0.6541633981052817,,,,,,
401822998,2025.0,2025-12-01,Middle Tennessee Blue Raiders,UAB Blazers,0.0,0.0,,,,,False,Murphy Center,2025-12-02 00:30:00+00:00,,2025-12-01 19:30,EST,2025-12-02T00:30:00Z,2025-12-01,,,middletennesseeblueraiders::uabblazers,5a3b706cbbd970c3615a2ed6a2730ff0,DraftKings,h2h,2h,2025-12-02 00:30:00+00:00,2025-12-01 23:54:53+00:00,Middle Tennessee Blue Raiders,UAB Blazers,100.0,-120.0,,,,,,,,2025-12-02,1.0,False,145.22335815429688,-4.461735248565674,71.143906,77.16453,-1.8917925,-2.0348823,77.16453,-2.0348823,,,,,,0.5,0.5454545454545454,0.4278331230957145,0.5721668769042856,-0.1443337538085711,0.05876712918942832,-0.1443337538085711,0.04897260765785694,1.0,0.8333333333333334
401822998,2025.0,2025-12-01,Middle Tennessee Blue Raiders,UAB Blazers,0.0,0.0,,,,,False,Murphy Center,2025-12-02 00:30:00+00:00,,2025-12-01 19:30,EST,2025-12-02T00:30:00Z,2025-12-01,,,middletennesseeblueraiders::uabblazers,5a3b706cbbd970c3615a2ed6a2730ff0,DraftKings,spreads,full_game,2025-12-02 00:30:00+00:00,2025-12-01 23:54:53+00:00,Middle Tennessee Blue Raiders,UAB Blazers,,,1.5,-112.0,-1.5,-108.0,,,,2025-12-02,1.0,False,145.22335815429688,-4.461735248565674,71.143906,77.16453,-1.8917925,-2.0348823,145.22335815429688,-4.461735248565674,,-2.961735248565674,,-1.9744901657104492,,,,0.3458366018947184,0.6541633981052817,,,,,,
401822998,2025.0,2025-12-01,Middle Tennessee Blue Raiders,UAB Blazers,0.0,0.0,,,,,False,Murphy Center,2025-12-02 00:30:00+00:00,,2025-12-01 19:30,EST,2025-12-02T00:30:00Z,2025-12-01,,,middletennesseeblueraiders::uabblazers,5a3b706cbbd970c3615a2ed6a2730ff0,DraftKings,totals,full_game,2025-12-02 00:30:00+00:00,2025-12-01 23:54:53+00:00,Middle Tennessee Blue Raiders,UAB Blazers,,,,,,,153.5,-108.0,-112.0,2025-12-02,1.0,False,145.22335815429688,-4.461735248565674,71.143906,77.16453,-1.8917925,-2.0348823,145.22335815429688,-4.461735248565674,-8.276641845703125,,-0.05391949085148615,,-0.2758880615234375,,,0.3458366018947184,0.6541633981052817,,,,,,
401822998,2025.0,2025-12-01,Middle Tennessee Blue Raiders,UAB Blazers,0.0,0.0,,,,,False,Murphy Center,2025-12-02 00:30:00+00:00,,2025-12-01 19:30,EST,2025-12-02T00:30:00Z,2025-12-01,,,middletennesseeblueraiders::uabblazers,5a3b706cbbd970c3615a2ed6a2730ff0,FanDuel,h2h,2h,2025-12-02 00:30:00+00:00,2025-12-01 23:54:50+00:00,Middle Tennessee Blue Raiders,UAB Blazers,102.0,-122.0,,,,,,,,2025-12-02,1.0,False,145.22335815429688,-4.461735248565674,71.143906,77.16453,-1.8917925,-2.0348823,77.16453,-2.0348823,,,,,,0.49504950495049505,0.5495495495495496,0.4278331230957145,0.5721668769042856,-0.13311479543789886,0.050210466727514017,-0.13577709134665683,0.04115612026845411,1.02,0.819672131147541
401822998,2025.0,2025-12-01,Middle Tennessee Blue Raiders,UAB Blazers,0.0,0.0,,,,,False,Murphy Center,2025-12-02 00:30:00+00:00,,2025-12-01 19:30,EST,2025-12-02T00:30:00Z,2025-12-01,,,middletennesseeblueraiders::uabblazers,5a3b706cbbd970c3615a2ed6a2730ff0,FanDuel,spreads,full_game,2025-12-02 00:30:00+00:00,2025-12-01 23:54:50+00:00,Middle Tennessee Blue Raiders,UAB Blazers,,,1.5,-110.0,-1.5,-110.0,,,,2025-12-02,1.0,False,145.22335815429688,-4.461735248565674,71.143906,77.16453,-1.8917925,-2.0348823,145.22335815429688,-4.461735248565674,,-2.961735248565674,,-1.9744901657104492,,,,0.3458366018947184,0.6541633981052817,,,,,,
401822998,2025.0,2025-12-01,Middle Tennessee Blue Raiders,UAB Blazers,0.0,0.0,,,,,False,Murphy Center,2025-12-02 00:30:00+00:00,,2025-12-01 19:30,EST,2025-12-02T00:30:00Z,2025-12-01,,,middletennesseeblueraiders::uabblazers,5a3b706cbbd970c3615a2ed6a2730ff0,FanDuel,totals,full_game,2025-12-02 00:30:00+00:00,2025-12-01 23:54:50+00:00,Middle Tennessee Blue Raiders,UAB Blazers,,,,,,,153.5,-105.0,-115.0,2025-12-02,1.0,False,145.22335815429688,-4.461735248565674,71.143906,77.16453,-1.8917925,-2.0348823,145.22335815429688,-4.461735248565674,-8.276641845703125,,-0.05391949085148615,,-0.2758880615234375,,,0.3458366018947184,0.6541633981052817,,,,,,
401822998,2025.0,2025-12-01,Middle Tennessee Blue Raiders,UAB Blazers,0.0,0.0,,,,,False,Murphy Center,2025-12-02 00:30:00+00:00,,2025-12-01 19:30,EST,2025-12-02T00:30:00Z,2025-12-01,,,middletennesseeblueraiders::uabblazers,5a3b706cbbd970c3615a2ed6a2730ff0,Fanatics,h2h,2h,2025-12-02 00:30:00+00:00,2025-12-01 23:54:36+00:00,Middle Tennessee Blue Raiders,UAB Blazers,-105.0,-115.0,,,,,,,,2025-12-02,1.0,False,145.22335815429688,-4.461735248565674,71.143906,77.16453,-1.8917925,-2.0348823,77.16453,-2.0348823,,,,,,0.5121951219512195,0.5348837209302325,0.4278331230957145,0.5721668769042856,-0.17294209765378543,0.080158785344214,-0.16470675967027182,0.06970329160366434,0.9523809523809523,0.8695652173913043
401822998,2025.0,2025-12-01,Middle Tennessee Blue Raiders,UAB Blazers,0.0,0.0,,,,,False,Murphy Center,2025-12-02 00:30:00+00:00,,2025-12-01 19:30,EST,2025-12-02T00:30:00Z,2025-12-01,,,middletennesseeblueraiders::uabblazers,5a3b706cbbd970c3615a2ed6a2730ff0,Fanatics,spreads,full_game,2025-12-02 00:30:00+00:00,2025-12-01 23:54:36+00:00,Middle Tennessee Blue Raiders,UAB Blazers,,,1.0,-110.0,-1.0,-110.0,,,,2025-12-02,1.0,False,145.22335815429688,-4.461735248565674,71.143906,77.16453,-1.8917925,-2.0348823,145.22335815429688,-4.461735248565674,,-3.461735248565674,,-3.461735248565674,,,,0.3458366018947184,0.6541633981052817,,,,,,
401822998,2025.0,2025-12-01,Middle Tennessee Blue Raiders,UAB Blazers,0.0,0.0,,,,,False,Murphy Center,2025-12-02 00:30:00+00:00,,2025-12-01 19:30,EST,2025-12-02T00:30:00Z,2025-12-01,,,middletennesseeblueraiders::uabblazers,5a3b706cbbd970c3615a2ed6a2730ff0,Fanatics,totals,full_game,2025-12-02 00:30:00+00:00,2025-12-01 23:54:36+00:00,Middle Tennessee Blue Raiders,UAB Blazers,,,,,,,153.5,-110.0,-110.0,2025-12-02,1.0,False,145.22335815429688,-4.461735248565674,71.143906,77.16453,-1.8917925,-2.0348823,145.22335815429688,-4.461735248565674,-8.276641845703125,,-0.05391949085148615,,-0.2758880615234375,,,0.3458366018947184,0.6541633981052817,,,,,,
401822998,2025.0,2025-12-01,Middle Tennessee Blue Raiders,UAB Blazers,0.0,0.0,,,,,False,Murphy Center,2025-12-02 00:30:00+00:00,,2025-12-01 19:30,EST,2025-12-02T00:30:00Z,2025-12-01,,,middletennesseeblueraiders::uabblazers,5a3b706cbbd970c3615a2ed6a2730ff0,LowVig.ag,h2h,2h,2025-12-02 00:30:00+00:00,2025-12-01 23:54:52+00:00,Middle Tennessee Blue Raiders,UAB Blazers,-102.0,-118.0,,,,,,,,2025-12-02,1.0,False,145.22335815429688,-4.461735248565674,71.143906,77.16453,-1.8917925,-2.0348823,77.16453,-2.0348823,,,,,,0.504950495049505,0.5412844036697247,0.4278331230957145,0.5721668769042856,-0.15577709134665685,0.06732379165134254,-0.15272263857515378,0.05705406072147673,0.9803921568627451,0.847457627118644
401822998,2025.0,2025-12-01,Middle Tennessee Blue Raiders,UAB Blazers,0.0,0.0,,,,,False,Murphy Center,2025-12-02 00:30:00+00:00,,2025-12-01 19:30,EST,2025-12-02T00:30:00Z,2025-12-01,,,middletennesseeblueraiders::uabblazers,5a3b706cbbd970c3615a2ed6a2730ff0,LowVig.ag,spreads,full_game,2025-12-02 00:30:00+00:00,2025-12-01 23:54:52+00:00,Middle Tennessee Blue Raiders,UAB Blazers,,,1.5,-111.0,-1.5,-101.0,,,,2025-12-02,1.0,False,145.22335815429688,-4.461735248565674,71.143906,77.16453,-1.8917925,-2.0348823,145.22335815429688,-4.461735248565674,,-2.961735248565674,,-1.9744901657104492,,,,0.3458366018947184,0.6541633981052817,,,,,,
401822998,2025.0,2025-12-01,Middle Tennessee Blue Raiders,UAB Blazers,0.0,0.0,,,,,False,Murphy Center,2025-12-02 00:30:00+00:00,,2025-12-01 19:30,EST,2025-12-02T00:30:00Z,2025-12-01,,,middletennesseeblueraiders::uabblazers,5a3b706cbbd970c3615a2ed6a2730ff0,LowVig.ag,totals,full_game,2025-12-02 00:30:00+00:00,2025-12-01 23:54:52+00:00,Middle Tennessee Blue Raiders,UAB Blazers,,,,,,,153.0,-108.0,-108.0,2025-12-02,1.0,False,145.22335815429688,-4.461735248565674,71.143906,77.16453,-1.8917925,-2.0348823,145.22335815429688,-4.461735248565674,-7.776641845703125,,-0.05082772448171977,,-0.2592213948567708,,,0.3458366018947184,0.6541633981052817,,,,,,
401823437,2025.0,2025-12-01,Jacksonville State Gamecocks,North Alabama Lions,0.0,0.0,,,,,False,Pete Mathews Coliseum,2025-12-02 00:00:00+00:00,,2025-12-01 19:00,EST,2025-12-02T00:00:00Z,2025-12-01,,,jacksonvillestategamecocks::northalabama,0d0dd22b679c484fa2ea1997c20e90ea,BetMGM,h2h,2h,2025-12-02 00:00:00+00:00,2025-12-01 23:54:51+00:00,Jacksonville St Gamecocks,North Alabama Lions,-295.0,230.0,,,,,,,,2025-12-02,1.0,False,144.84913635253906,6.199280261993408,71.00847,77.42952,2.7477393,3.81625,77.42952,3.81625,,,,,,0.7468354430379747,0.30303030303030304,0.6330162610004216,0.36698373899957837,-0.44958576904833464,0.0917592776950472,-0.15240195560960496,0.21104633869860856,0.3389830508474576,2.3
401823437,2025.0,2025-12-01,Jacksonville State Gamecocks,North Alabama Lions,0.0,0.0,,,,,False,Pete Mathews Coliseum,2025-12-02 00:00:00+00:00,,2025-12-01 19:00,EST,2025-12-02T00:00:00Z,2025-12-01,,,jacksonvillestategamecocks::northalabama,0d0dd22b679c484fa2ea1997c20e90ea,BetMGM,spreads,full_game,2025-12-02 00:00:00+00:00,2025-12-01 23:54:51+00:00,Jacksonville St Gamecocks,North Alabama Lions,,,-6.5,-110.0,6.5,-110.0,,,,2025-12-02,1.0,False,144.84913635253906,6.199280261993408,71.00847,77.42952,2.7477393,3.81625,144.84913635253906,6.199280261993408,,-0.3007197380065918,,-0.0462645750779372,,,,0.707983703679471,0.29201629632052895,,,,,,
401823437,2025.0,2025-12-01,Jacksonville State Gamecocks,North Alabama Lions,0.0,0.0,,,,,False,Pete Mathews Coliseum,2025-12-02 00:00:00+00:00,,2025-12-01 19:00,EST,2025-12-02T00:00:00Z,2025-12-01,,,jacksonvillestategamecocks::northalabama,0d0dd22b679c484fa2ea1997c20e90ea,BetMGM,totals,full_game,2025-12-02 00:00:00+00:00,2025-12-01 23:54:51+00:00,Jacksonville St Gamecocks,North Alabama Lions,,,,,,,134.5,-110.0,-110.0,2025-12-02,1.0,False,144.84913635253906,6.199280261993408,71.00847,77.42952,2.7477393,3.81625,144.84913635253906,6.199280261993408,10.349136352539062,,0.07694525169174024,,0.3449712117513021,,,0.707983703679471,0.29201629632052895,,,,,,
401823437,2025.0,2025-12-01,Jacksonville State Gamecocks,North Alabama Lions,0.0,0.0,,,,,False,Pete Mathews Coliseum,2025-12-02 00:00:00+00:00,,2025-12-01 19:00,EST,2025-12-02T00:00:00Z,2025-12-01,,,jacksonvillestategamecocks::northalabama,0d0dd22b679c484fa2ea1997c20e90ea,BetOnline.ag,spreads,full_game,2025-12-02 00:00:00+00:00,2025-12-01 23:54:37+00:00,Jacksonville St Gamecocks,North Alabama Lions,,,-6.5,-110.0,6.5,-110.0,,,,2025-12-02,1.0,False,144.84913635253906,6.199280261993408,71.00847,77.42952,2.7477393,3.81625,144.84913635253906,6.199280261993408,,-0.3007197380065918,,-0.0462645750779372,,,,0.707983703679471,0.29201629632052895,,,,,,
401823437,2025.0,2025-12-01,Jacksonville State Gamecocks,North Alabama Lions,0.0,0.0,,,,,False,Pete Mathews Coliseum,2025-12-02 00:00:00+00:00,,2025-12-01 19:00,EST,2025-12-02T00:00:00Z,2025-12-01,,,jacksonvillestategamecocks::northalabama,0d0dd22b679c484fa2ea1997c20e90ea,BetOnline.ag,totals,full_game,2025-12-02 00:00:00+00:00,2025-12-01 23:54:37+00:00,Jacksonville St Gamecocks,North Alabama Lions,,,,,,,135.0,-105.0,-115.0,2025-12-02,1.0,False,144.84913635253906,6.199280261993408,71.00847,77.42952,2.7477393,3.81625,144.84913635253906,6.199280261993408,9.849136352539062,,0.07295656557436343,,0.3283045450846354,,,0.707983703679471,0.29201629632052895,,,,,,
401823437,2025.0,2025-12-01,Jacksonville State Gamecocks,North Alabama Lions,0.0,0.0,,,,,False,Pete Mathews Coliseum,2025-12-02 00:00:00+00:00,,2025-12-01 19:00,EST,2025-12-02T00:00:00Z,2025-12-01,,,jacksonvillestategamecocks::northalabama,0d0dd22b679c484fa2ea1997c20e90ea,BetRivers,h2h,2h,2025-12-02 00:00:00+00:00,2025-12-01 23:54:34+00:00,Jacksonville St Gamecocks,North Alabama Lions,-286.0,215.0,,,,,,,,2025-12-02,1.0,False,144.84913635253906,6.199280261993408,71.00847,77.42952,2.7477393,3.81625,77.42952,3.81625,,,,,,0.7409326424870466,0.31746031746031744,0.6330162610004216,0.36698373899957837,-0.41655723253837257,0.07255757109240549,-0.14564938200642397,0.15599877784867178,0.34965034965034963,2.15
401823437,2025.0,2025-12-01,Jacksonville State Gamecocks,North Alabama Lions,0.0,0.0,,,,,False,Pete Mathews Coliseum,2025-12-02 00:00:00+00:00,,2025-12-01 19:00,EST,2025-12-02T00:00:00Z,2025-12-01,,,jacksonvillestategamecocks::northalabama,0d0dd22b679c484fa2ea1997c20e90ea,BetRivers,spreads,full_game,2025-12-02 00:00:00+00:00,2025-12-01 23:54:34+00:00,Jacksonville St Gamecocks,North Alabama Lions,,,-6.5,-110.0,6.5,-113.0,,,,2025-12-02,1.0,False,144.84913635253906,6.199280261993408,71.00847,77.42952,2.7477393,3.81625,144.84913635253906,6.199280261993408,,-0.3007197380065918,,-0.0462645750779372,,,,0.707983703679471,0.29201629632052895,,,,,,
401823437,2025.0,2025-12-01,Jacksonville State Gamecocks,North Alabama Lions,0.0,0.0,,,,,False,Pete Mathews Coliseum,2025-12-02 00:00:00+00:00,,2025-12-01 19:00,EST,2025-12-02T00:00:00Z,2025-12-01,,,jacksonvillestategamecocks::northalabama,0d0dd22b679c484fa2ea1997c20e90ea,BetRivers,totals,full_game,2025-12-02 00:00:00+00:00,2025-12-01 23:54:34+00:00,Jacksonville St Gamecocks,North Alabama Lions,,,,,,,134.5,-114.0,-109.0,2025-12-02,1.0,False,144.84913635253906,6.199280261993408,71.00847,77.42952,2.7477393,3.81625,144.84913635253906,6.199280261993408,10.349136352539062,,0.07694525169174024,,0.3449712117513021,,,0.707983703679471,0.29201629632052895,,,,,,
401823437,2025.0,2025-12-01,Jacksonville State Gamecocks,North Alabama Lions,0.0,0.0,,,,,False,Pete Mathews Coliseum,2025-12-02 00:00:00+00:00,,2025-12-01 19:00,EST,2025-12-02T00:00:00Z,2025-12-01,,,jacksonvillestategamecocks::northalabama,0d0dd22b679c484fa2ea1997c20e90ea,Bovada,h2h,2h,2025-12-02 00:00:00+00:00,2025-12-01 23:54:56+00:00,Jacksonville St Gamecocks,North Alabama Lions,-320.0,260.0,,,,,,,,2025-12-02,1.0,False,144.84913635253906,6.199280261993408,71.00847,77.42952,2.7477393,3.81625,77.42952,3.81625,,,,,,0.7619047619047619,0.2777777777777778,0.6330162610004216,0.36698373899957837,-0.5413317037982291,0.1235159463071085,-0.1691661574369466,0.3211414603984821,0.3125,2.6
401823437,2025.0,2025-12-01,Jacksonville State Gamecocks,North Alabama Lions,0.0,0.0,,,,,False,Pete Mathews Coliseum,2025-12-02 00:00:00+00:00,,2025-12-01 19:00,EST,2025-12-02T00:00:00Z,2025-12-01,,,jacksonvillestategamecocks::northalabama,0d0dd22b679c484fa2ea1997c20e90ea,Bovada,spreads,full_game,2025-12-02 00:00:00+00:00,2025-12-01 23:54:56+00:00,Jacksonville St Gamecocks,North Alabama Lions,,,-7.0,-110.0,7.0,-110.0,,,,2025-12-02,1.0,False,144.84913635253906,6.199280261993408,71.00847,77.42952,2.7477393,3.81625,144.84913635253906,6.199280261993408,,-0.8007197380065918,,-0.11438853400094169,,,,0.707983703679471,0.29201629632052895,,,,,,
401823437,2025.0,2025-12-01,Jacksonville State Gamecocks,North Alabama Lions,0.0,0.0,,,,,False,Pete Mathews Coliseum,2025-12-02 00:00:00+00:00,,2025-12-01 19:00,EST,2025-12-02T00:00:00Z,2025-12-01,,,jacksonvillestategamecocks::northalabama,0d0dd22b679c484fa2ea1997c20e90ea,Bovada,totals,full_game,2025-12-02 00:00:00+00:00,2025-12-01 23:54:56+00:00,Jacksonville St Gamecocks,North Alabama Lions,,,,,,,135.0,-105.0,-115.0,2025-12-02,1.0,False,144.84913635253906,6.199280261993408,71.00847,77.42952,2.7477393,3.81625,144.84913635253906,6.199280261993408,9.849136352539062,,0.07295656557436343,,0.3283045450846354,,,0.707983703679471,0.29201629632052895,,,,,,
401823437,2025.0,2025-12-01,Jacksonville State Gamecocks,North Alabama Lions,0.0,0.0,,,,,False,Pete Mathews Coliseum,2025-12-02 00:00:00+00:00,,2025-12-01 19:00,EST,2025-12-02T00:00:00Z,2025-12-01,,,jacksonvillestategamecocks::northalabama,0d0dd22b679c484fa2ea1997c20e90ea,Caesars,h2h,2h,2025-12-02 00:00:00+00:00,2025-12-01 23:52:20+00:00,Jacksonville St Gamecocks,North Alabama Lions,-335.0,260.0,,,,,,,,2025-12-02,1.0,False,144.84913635253906,6.199280261993408,71.00847,77.42952,2.7477393,3.81625,77.42952,3.81625,,,,,,0.7701149425287356,0.2777777777777778,0.6330162610004216,0.36698373899957837,-0.596379264648166,0.1235159463071085,-0.17802366108900478,0.3211414603984821,0.29850746268656714,2.6
401823437,2025.0,2025-12-01,Jacksonville State Gamecocks,North Alabama Lions,0.0,0.0,,,,,False,Pete Mathews Coliseum,2025-12-02 00:00:00+00:00,,2025-12-01 19:00,EST,2025-12-02T00:00:00Z,2025-12-01,,,jacksonvillestategamecocks::northalabama,0d0dd22b679c484fa2ea1997c20e90ea,Caesars,spreads,full_game,2025-12-02 00:00:00+00:00,2025-12-01 23:52:20+00:00,Jacksonville St Gamecocks,North Alabama Lions,,,-6.5,-110.0,6.5,-110.0,,,,2025-12-02,1.0,False,144.84913635253906,6.199280261993408,71.00847,77.42952,2.7477393,3.81625,144.84913635253906,6.199280261993408,,-0.3007197380065918,,-0.0462645750779372,,,,0.707983703679471,0.29201629632052895,,,,,,
401823437,2025.0,2025-12-01,Jacksonville State Gamecocks,North Alabama Lions,0.0,0.0,,,,,False,Pete Mathews Coliseum,2025-12-02 00:00:00+00:00,,2025-12-01 19:00,EST,2025-12-02T00:00:00Z,2025-12-01,,,jacksonvillestategamecocks::northalabama,0d0dd22b679c484fa2ea1997c20e90ea,Caesars,totals,full_game,2025-12-02 00:00:00+00:00,2025-12-01 23:52:20+00:00,Jacksonville St Gamecocks,North Alabama Lions,,,,,,,134.5,-110.0,-110.0,2025-12-02,1.0,False,144.84913635253906,6.199280261993408,71.00847,77.42952,2.7477393,3.81625,144.84913635253906,6.199280261993408,10.349136352539062,,0.07694525169174024,,0.3449712117513021,,,0.707983703679471,0.29201629632052895,,,,,,
401823437,2025.0,2025-12-01,Jacksonville State Gamecocks,North Alabama Lions,0.0,0.0,,,,,False,Pete Mathews Coliseum,2025-12-02 00:00:00+00:00,,2025-12-01 19:00,EST,2025-12-02T00:00:00Z,2025-12-01,,,jacksonvillestategamecocks::northalabama,0d0dd22b679c484fa2ea1997c20e90ea,DraftKings,h2h,2h,2025-12-02 00:00:00+00:00,2025-12-01 23:54:53+00:00,Jacksonville St Gamecocks,North Alabama Lions,-310.0,250.0,,,,,,,,2025-12-02,1.0,False,144.84913635253906,6.199280261993408,71.00847,77.42952,2.7477393,3.81625,77.42952,3.81625,,,,,,0.7560975609756098,0.2857142857142857,0.6330162610004216,0.36698373899957837,-0.5046333298982714,0.1137772345994097,-0.16278494512847463,0.28444308649852423,0.3225806451612903,2.5
401823437,2025.0,2025-12-01,Jacksonville State Gamecocks,North Alabama Lions,0.0,0.0,,,,,False,Pete Mathews Coliseum,2025-12-02 00:00:00+00:00,,2025-12-01 19:00,EST,2025-12-02T00:00:00Z,2025-12-01,,,jacksonvillestategamecocks::northalabama,0d0dd22b679c484fa2ea1997c20e90ea,DraftKings,spreads,full_game,2025-12-02 00:00:00+00:00,2025-12-01 23:54:53+00:00,Jacksonville St Gamecocks,North Alabama Lions,,,-6.5,-110.0,6.5,-110.0,,,,2025-12-02,1.0,False,144.84913635253906,6.199280261993408,71.00847,77.42952,2.7477393,3.81625,144.84913635253906,6.199280261993408,,-0.3007197380065918,,-0.0462645750779372,,,,0.707983703679471,0.29201629632052895,,,,,,
401823437,2025.0,2025-12-01,Jacksonville State Gamecocks,North Alabama Lions,0.0,0.0,,,,,False,Pete Mathews Coliseum,2025-12-02 00:00:00+00:00,,2025-12-01 19:00,EST,2025-12-02T00:00:00Z,2025-12-01,,,jacksonvillestategamecocks::northalabama,0d0dd22b679c484fa2ea1997c20e90ea,DraftKings,totals,full_game,2025-12-02 00:00:00+00:00,2025-12-01 23:54:53+00:00,Jacksonville St Gamecocks,North Alabama Lions,,,,,,,134.5,-112.0,-108.0,2025-12-02,1.0,False,144.84913635253906,6.199280261993408,71.00847,77.42952,2.7477393,3.81625,144.84913635253906,6.199280261993408,10.349136352539062,,0.07694525169174024,,0.3449712117513021,,,0.707983703679471,0.29201629632052895,,,,,,
401823437,2025.0,2025-12-01,Jacksonville State Gamecocks,North Alabama Lions,0.0,0.0,,,,,False,Pete Mathews Coliseum,2025-12-02 00:00:00+00:00,,2025-12-01 19:00,EST,2025-12-02T00:00:00Z,2025-12-01,,,jacksonvillestategamecocks::northalabama,0d0dd22b679c484fa2ea1997c20e90ea,FanDuel,h2h,2h,2025-12-02 00:00:00+00:00,2025-12-01 23:54:50+00:00,Jacksonville St Gamecocks,North Alabama Lions,-320.0,255.0,,,,,,,,2025-12-02,1.0,False,144.84913635253906,6.199280261993408,71.00847,77.42952,2.7477393,3.81625,77.42952,3.81625,,,,,,0.7619047619047619,0.28169014084507044,0.6330162610004216,0.36698373899957837,-0.5413317037982291,0.11874206801902085,-0.1691661574369466,0.3027922734485031,0.3125,2.55
401823437,2025.0,2025-12-01,Jacksonville State Gamecocks,North Alabama Lions,0.0,0.0,,,,,False,Pete Mathews Coliseum,2025-12-02 00:00:00+00:00,,2025-12-01 19:00,EST,2025-12-02T00:00:00Z,2025-12-01,,,jacksonvillestategamecocks::northalabama,0d0dd22b679c484fa2ea1997c20e90ea,FanDuel,spreads,full_game,2025-12-02 00:00:00+00:00,2025-12-01 23:54:50+00:00,Jacksonville St Gamecocks,North Alabama Lions,,,-6.5,-110.0,6.5,-110.0,,,,2025-12-02,1.0,False,144.84913635253906,6.199280261993408,71.00847,77.42952,2.7477393,3.81625,144.84913635253906,6.199280261993408,,-0.3007197380065918,,-0.0462645750779372,,,,0.707983703679471,0.29201629632052895,,,,,,
401823437,2025.0,2025-12-01,Jacksonville State Gamecocks,North Alabama Lions,0.0,0.0,,,,,False,Pete Mathews Coliseum,2025-12-02 00:00:00+00:00,,2025-12-01 19:00,EST,2025-12-02T00:00:00Z,2025-12-01,,,jacksonvillestategamecocks::northalabama,0d0dd22b679c484fa2ea1997c20e90ea,FanDuel,totals,full_game,2025-12-02 00:00:00+00:00,2025-12-01 23:54:50+00:00,Jacksonville St Gamecocks,North Alabama Lions,,,,,,,134.5,-110.0,-110.0,2025-12-02,1.0,False,144.84913635253906,6.199280261993408,71.00847,77.42952,2.7477393,3.81625,144.84913635253906,6.199280261993408,10.349136352539062,,0.07694525169174024,,0.3449712117513021,,,0.707983703679471,0.29201629632052895,,,,,,
401823437,2025.0,2025-12-01,Jacksonville State Gamecocks,North Alabama Lions,0.0,0.0,,,,,False,Pete Mathews Coliseum,2025-12-02 00:00:00+00:00,,2025-12-01 19:00,EST,2025-12-02T00:00:00Z,2025-12-01,,,jacksonvillestategamecocks::northalabama,0d0dd22b679c484fa2ea1997c20e90ea,Fanatics,h2h,2h,2025-12-02 00:00:00+00:00,2025-12-01 23:54:36+00:00,Jacksonville St Gamecocks,North Alabama Lions,-300.0,240.0,,,,,,,,2025-12-02,1.0,False,144.84913635253906,6.199280261993408,71.00847,77.42952,2.7477393,3.81625,77.42952,3.81625,,,,,,0.75,0.29411764705882354,0.6330162610004216,0.36698373899957837,-0.46793495599831353,0.10322696358273603,-0.1559783186661045,0.24774471259856645,0.3333333333333333,2.4
401823437,2025.0,2025-12-01,Jacksonville State Gamecocks,North Alabama Lions,0.0,0.0,,,,,False,Pete Mathews Coliseum,2025-12-02 00:00:00+00:00,,2025-12-01 19:00,EST,2025-12-02T00:00:00Z,2025-12-01,,,jacksonvillestategamecocks::northalabama,0d0dd22b679c484fa2ea1997c20e90ea,Fanatics,spreads,full_game,2025-12-02 00:00:00+00:00,2025-12-01 23:54:36+00:00,Jacksonville St Gamecocks,North Alabama Lions,,,-7.0,-110.0,7.0,-110.0,,,,2025-12-02,1.0,False,144.84913635253906,6.199280261993408,71.00847,77.42952,2.7477393,3.81625,144.84913635253906,6.199280261993408,,-0.8007197380065918,,-0.11438853400094169,,,,0.707983703679471,0.29201629632052895,,,,,,
401823437,2025.0,2025-12-01,Jacksonville State Gamecocks,North Alabama Lions,0.0,0.0,,,,,False,Pete Mathews Coliseum,2025-12-02 00:00:00+00:00,,2025-12-01 19:00,EST,2025-12-02T00:00:00Z,2025-12-01,,,jacksonvillestategamecocks::northalabama,0d0dd22b679c484fa2ea1997c20e90ea,Fanatics,totals,full_game,2025-12-02 00:00:00+00:00,2025-12-01 23:54:36+00:00,Jacksonville St Gamecocks,North Alabama Lions,,,,,,,134.5,-110.0,-110.0,2025-12-02,1.0,False,144.84913635253906,6.199280261993408,71.00847,77.42952,2.7477393,3.81625,144.84913635253906,6.199280261993408,10.349136352539062,,0.07694525169174024,,0.3449712117513021,,,0.707983703679471,0.29201629632052895,,,,,,
401823437,2025.0,2025-12-01,Jacksonville State Gamecocks,North Alabama Lions,0.0,0.0,,,,,False,Pete Mathews Coliseum,2025-12-02 00:00:00+00:00,,2025-12-01 19:00,EST,2025-12-02T00:00:00Z,2025-12-01,,,jacksonvillestategamecocks::northalabama,0d0dd22b679c484fa2ea1997c20e90ea,LowVig.ag,spreads,full_game,2025-12-02 00:00:00+00:00,2025-12-01 23:54:53+00:00,Jacksonville St Gamecocks,North Alabama Lions,,,-6.5,-106.0,6.5,-106.0,,,,2025-12-02,1.0,False,144.84913635253906,6.199280261993408,71.00847,77.42952,2.7477393,3.81625,144.84913635253906,6.199280261993408,,-0.3007197380065918,,-0.0462645750779372,,,,0.707983703679471,0.29201629632052895,,,,,,
401823437,2025.0,2025-12-01,Jacksonville State Gamecocks,North Alabama Lions,0.0,0.0,,,,,False,Pete Mathews Coliseum,2025-12-02 00:00:00+00:00,,2025-12-01 19:00,EST,2025-12-02T00:00:00Z,2025-12-01,,,jacksonvillestategamecocks::northalabama,0d0dd22b679c484fa2ea1997c20e90ea,LowVig.ag,totals,full_game,2025-12-02 00:00:00+00:00,2025-12-01 23:54:53+00:00,Jacksonville St Gamecocks,North Alabama Lions,,,,,,,135.0,-103.0,-113.0,2025-12-02,1.0,False,144.84913635253906,6.199280261993408,71.00847,77.42952,2.7477393,3.81625,144.84913635253906,6.199280261993408,9.849136352539062,,0.07295656557436343,,0.3283045450846354,,,0.707983703679471,0.29201629632052895,,,,,,
401823565,2025.0,2025-12-01,Villanova Wildcats,Temple Owls,0.0,0.0,,,,,False,Finneran Pavilion,2025-12-01 23:30:00+00:00,,2025-12-01 18:30,EST,2025-12-01T23:30:00Z,2025-12-01,,,temple::villanova,b6be0a1ef5f8d1c16a1d6c96e3092e11,BetMGM,h2h,2h,2025-12-01 23:30:00+00:00,2025-12-01 21:50:59+00:00,Villanova Wildcats,Temple Owls,-1000.0,650.0,,,,,,,,2025-12-01,0.0,False,153.21539306640625,23.038599014282227,74.68021,79.77379,11.862483,11.501476,79.77379,11.501476,,,,,,0.9090909090909091,0.13333333333333333,0.8379519685020091,0.16204803149799085,-0.7825283464778993,0.03313234403614329,-0.07825283464778993,0.2153602362349314,0.1,6.5
401823565,2025.0,2025-12-01,Villanova Wildcats,Temple Owls,0.0,0.0,,,,,False,Finneran Pavilion,2025-12-01 23:30:00+00:00,,2025-12-01 18:30,EST,2025-12-01T23:30:00Z,2025-12-01,,,temple::villanova,b6be0a1ef5f8d1c16a1d6c96e3092e11,BetMGM,spreads,full_game,2025-12-01 23:30:00+00:00,2025-12-01 21:50:59+00:00,Villanova Wildcats,Temple Owls,,,-12.5,-115.0,12.5,-105.0,,,,2025-12-01,0.0,False,153.21539306640625,23.038599014282227,74.68021,79.77379,11.862483,11.501476,153.21539306640625,23.038599014282227,,10.538599014282227,,0.8430879211425781,,,,0.9641266653893572,0.03587333461064279,,,,,,
401823565,2025.0,2025-12-01,Villanova Wildcats,Temple Owls,0.0,0.0,,,,,False,Finneran Pavilion,2025-12-01 23:30:00+00:00,,2025-12-01 18:30,EST,2025-12-01T23:30:00Z,2025-12-01,,,temple::villanova,b6be0a1ef5f8d1c16a1d6c96e3092e11,BetMGM,totals,full_game,2025-12-01 23:30:00+00:00,2025-12-01 21:50:59+00:00,Villanova Wildcats,Temple Owls,,,,,,,149.5,-105.0,-115.0,2025-12-01,0.0,False,153.21539306640625,23.038599014282227,74.68021,79.77379,11.862483,11.501476,153.21539306640625,23.038599014282227,3.71539306640625,,0.024852127534489968,,0.123846435546875,,,0.9641266653893572,0.03587333461064279,,,,,,
401823565,2025.0,2025-12-01,Villanova Wildcats,Temple Owls,0.0,0.0,,,,,False,Finneran Pavilion,2025-12-01 23:30:00+00:00,,2025-12-01 18:30,EST,2025-12-01T23:30:00Z,2025-12-01,,,temple::villanova,b6be0a1ef5f8d1c16a1d6c96e3092e11,BetOnline.ag,h2h,2h,2025-12-01 23:30:00+00:00,2025-12-01 21:51:19+00:00,Villanova Wildcats,Temple Owls,-1100.0,709.0,,,,,,,,2025-12-01,0.0,False,153.21539306640625,23.038599014282227,74.68021,79.77379,11.862483,11.501476,79.77379,11.501476,,,,,,0.9166666666666666,0.12360939431396786,0.8379519685020091,0.16204803149799085,-0.9445763779758901,0.04386016570081045,-0.08587057981599001,0.31096857481874607,0.09090909090909091,7.09
401823565,2025.0,2025-12-01,Villanova Wildcats,Temple Owls,0.0,0.0,,,,,False,Finneran Pavilion,2025-12-01 23:30:00+00:00,,2025-12-01 18:30,EST,2025-12-01T23:30:00Z,2025-12-01,,,temple::villanova,b6be0a1ef5f8d1c16a1d6c96e3092e11,BetOnline.ag,spreads,full_game,2025-12-01 23:30:00+00:00,2025-12-01 21:51:19+00:00,Villanova Wildcats,Temple Owls,,,-13.0,-110.0,13.0,-110.0,,,,2025-12-01,0.0,False,153.21539306640625,23.038599014282227,74.68021,79.77379,11.862483,11.501476,153.21539306640625,23.038599014282227,,10.038599014282227,,0.7721999241755559,,,,0.9641266653893572,0.03587333461064279,,,,,,
401823565,2025.0,2025-12-01,Villanova Wildcats,Temple Owls,0.0,0.0,,,,,False,Finneran Pavilion,2025-12-01 23:30:00+00:00,,2025-12-01 18:30,EST,2025-12-01T23:30:00Z,2025-12-01,,,temple::villanova,b6be0a1ef5f8d1c16a1d6c96e3092e11,BetOnline.ag,totals,full_game,2025-12-01 23:30:00+00:00,2025-12-01 21:51:19+00:00,Villanova Wildcats,Temple Owls,,,,,,,149.0,-110.0,-110.0,2025-12-01,0.0,False,153.21539306640625,23.038599014282227,74.68021,79.77379,11.862483,11.501476,153.21539306640625,23.038599014282227,4.21539306640625,,0.028291228633598994,,0.14051310221354166,,,0.9641266653893572,0.03587333461064279,,,,,,
401823565,2025.0,2025-12-01,Villanova Wildcats,Temple Owls,0.0,0.0,,,,,False,Finneran Pavilion,2025-12-01 23:30:00+00:00,,2025-12-01 18:30,EST,2025-12-01T23:30:00Z,2025-12-01,,,temple::villanova,b6be0a1ef5f8d1c16a1d6c96e3092e11,BetRivers,h2h,2h,2025-12-01 23:30:00+00:00,2025-12-01 21:50:59+00:00,Villanova Wildcats,Temple Owls,-1115.0,650.0,,,,,,,,2025-12-01,0.0,False,153.21539306640625,23.038599014282227,74.68021,79.77379,11.862483,11.501476,79.77379,11.501476,,,,,,0.9176954732510288,0.13333333333333333,0.8379519685020091,0.16204803149799085,-0.968883582700589,0.03313234403614329,-0.08689538858301246,0.2153602362349314,0.08968609865470852,6.5
401823565,2025.0,2025-12-01,Villanova Wildcats,Temple Owls,0.0,0.0,,,,,False,Finneran Pavilion,2025-12-01 23:30:00+00:00,,2025-12-01 18:30,EST,2025-12-01T23:30:00Z,2025-12-01,,,temple::villanova,b6be0a1ef5f8d1c16a1d6c96e3092e11,BetRivers,spreads,full_game,2025-12-01 23:30:00+00:00,2025-12-01 21:50:59+00:00,Villanova Wildcats,Temple Owls,,,-12.5,-114.0,12.5,-109.0,,,,2025-12-01,0.0,False,153.21539306640625,23.038599014282227,74.68021,79.77379,11.862483,11.501476,153.21539306640625,23.038599014282227,,10.538599014282227,,0.8430879211425781,,,,0.9641266653893572,0.03587333461064279,,,,,,
401823565,2025.0,2025-12-01,Villanova Wildcats,Temple Owls,0.0,0.0,,,,,False,Finneran Pavilion,2025-12-01 23:30:00+00:00,,2025-12-01 18:30,EST,2025-12-01T23:30:00Z,2025-12-01,,,temple::villanova,b6be0a1ef5f8d1c16a1d6c96e3092e11,BetRivers,totals,full_game,2025-12-01 23:30:00+00:00,2025-12-01 21:50:59+00:00,Villanova Wildcats,Temple Owls,,,,,,,148.5,-112.0,-112.0,2025-12-01,0.0,False,153.21539306640625,23.038599014282227,74.68021,79.77379,11.862483,11.501476,153.21539306640625,23.038599014282227,4.71539306640625,,0.03175348866266835,,0.15717976888020832,,,0.9641266653893572,0.03587333461064279,,,,,,
401823565,2025.0,2025-12-01,Villanova Wildcats,Temple Owls,0.0,0.0,,,,,False,Finneran Pavilion,2025-12-01 23:30:00+00:00,,2025-12-01 18:30,EST,2025-12-01T23:30:00Z,2025-12-01,,,temple::villanova,b6be0a1ef5f8d1c16a1d6c96e3092e11,BetUS,h2h,2h,2025-12-01 23:30:00+00:00,2025-12-01 21:51:16+00:00,Villanova Wildcats,Temple Owls,-1100.0,700.0,,,,,,,,2025-12-01,0.0,False,153.21539306640625,23.038599014282227,74.68021,79.77379,11.862483,11.501476,79.77379,11.501476,,,,,,0.9166666666666666,0.125,0.8379519685020091,0.16204803149799085,-0.9445763779758901,0.04234060742627526,-0.08587057981599001,0.2963842519839268,0.09090909090909091,7.0
401823565,2025.0,2025-12-01,Villanova Wildcats,Temple Owls,0.0,0.0,,,,,False,Finneran Pavilion,2025-12-01 23:30:00+00:00,,2025-12-01 18:30,EST,2025-12-01T23:30:00Z,2025-12-01,,,temple::villanova,b6be0a1ef5f8d1c16a1d6c96e3092e11,BetUS,spreads,full_game,2025-12-01 23:30:00+00:00,2025-12-01 21:51:16+00:00,Villanova Wildcats,Temple Owls,,,-13.0,-110.0,13.0,-110.0,,,,2025-12-01,0.0,False,153.21539306640625,23.038599014282227,74.68021,79.77379,11.862483,11.501476,153.21539306640625,23.038599014282227,,10.038599014282227,,0.7721999241755559,,,,0.9641266653893572,0.03587333461064279,,,,,,
401823565,2025.0,2025-12-01,Villanova Wildcats,Temple Owls,0.0,0.0,,,,,False,Finneran Pavilion,2025-12-01 23:30:00+00:00,,2025-12-01 18:30,EST,2025-12-01T23:30:00Z,2025-12-01,,,temple::villanova,b6be0a1ef5f8d1c16a1d6c96e3092e11,BetUS,totals,full_game,2025-12-01 23:30:00+00:00,2025-12-01 21:51:16+00:00,Villanova Wildcats,Temple Owls,,,,,,,149.0,-110.0,-110.0,2025-12-01,0.0,False,153.21539306640625,23.038599014282227,74.68021,79.77379,11.862483,11.501476,153.21539306640625,23.038599014282227,4.21539306640625,,0.028291228633598994,,0.14051310221354166,,,0.9641266653893572,0.03587333461064279,,,,,,
401823565,2025.0,2025-12-01,Villanova Wildcats,Temple Owls,0.0,0.0,,,,,False,Finneran Pavilion,2025-12-01 23:30:00+00:00,,2025-12-01 18:30,EST,2025-12-01T23:30:00Z,2025-12-01,,,temple::villanova,b6be0a1ef5f8d1c16a1d6c96e3092e11,Bovada,h2h,2h,2025-12-01 23:30:00+00:00,2025-12-01 21:51:03+00:00,Villanova Wildcats,Temple Owls,-1200.0,700.0,,,,,,,,2025-12-01,0.0,False,153.21539306640625,23.038599014282227,74.68021,79.77379,11.862483,11.501476,79.77379,11.501476,,,,,,0.9230769230769231,0.125,0.8379519685020091,0.16204803149799085,-1.0,0.04234060742627526,-0.0922187007894901,0.2963842519839268,0.08333333333333333,7.0
401823565,2025.0,2025-12-01,Villanova Wildcats,Temple Owls,0.0,0.0,,,,,False,Finneran Pavilion,2025-12-01 23:30:00+00:00,,2025-12-01 18:30,EST,2025-12-01T23:30:00Z,2025-12-01,,,temple::villanova,b6be0a1ef5f8d1c16a1d6c96e3092e11,Bovada,spreads,full_game,2025-12-01 23:30:00+00:00,2025-12-01 21:51:03+00:00,Villanova Wildcats,Temple Owls,,,-13.0,-110.0,13.0,-110.0,,,,2025-12-01,0.0,False,153.21539306640625,23.038599014282227,74.68021,79.77379,11.862483,11.501476,153.21539306640625,23.038599014282227,,10.038599014282227,,0.7721999241755559,,,,0.9641266653893572,0.03587333461064279,,,,,,
401823565,2025.0,2025-12-01,Villanova Wildcats,Temple Owls,0.0,0.0,,,,,False,Finneran Pavilion,2025-12-01 23:30:00+00:00,,2025-12-01 18:30,EST,2025-12-01T23:30:00Z,2025-12-01,,,temple::villanova,b6be0a1ef5f8d1c16a1d6c96e3092e11,Bovada,totals,full_game,2025-12-01 23:30:00+00:00,2025-12-01 21:51:03+00:00,Villanova Wildcats,Temple Owls,,,,,,,149.5,-110.0,-110.0,2025-12-01,0.0,False,153.21539306640625,23.038599014282227,74.68021,79.77379,11.862483,11.501476,153.21539306640625,23.038599014282227,3.71539306640625,,0.024852127534489968,,0.123846435546875,,,0.9641266653893572,0.03587333461064279,,,,,,
401823565,2025.0,2025-12-01,Villanova Wildcats,Temple Owls,0.0,0.0,,,,,False,Finneran Pavilion,2025-12-01 23:30:00+00:00,,2025-12-01 18:30,EST,2025-12-01T23:30:00Z,2025-12-01,,,temple::villanova,b6be0a1ef5f8d1c16a1d6c96e3092e11,Caesars,h2h,2h,2025-12-01 23:30:00+00:00,2025-12-01 21:51:17+00:00,Villanova Wildcats,Temple Owls,-1100.0,700.0,,,,,,,,2025-12-01,0.0,False,153.21539306640625,23.038599014282227,74.68021,79.77379,11.862483,11.501476,79.77379,11.501476,,,,,,0.9166666666666666,0.125,0.8379519685020091,0.16204803149799085,-0.9445763779758901,0.04234060742627526,-0.08587057981599001,0.2963842519839268,0.09090909090909091,7.0
401823565,2025.0,2025-12-01,Villanova Wildcats,Temple Owls,0.0,0.0,,,,,False,Finneran Pavilion,2025-12-01 23:30:00+00:00,,2025-12-01 18:30,EST,2025-12-01T23:30:00Z,2025-12-01,,,temple::villanova,b6be0a1ef5f8d1c16a1d6c96e3092e11,Caesars,spreads,full_game,2025-12-01 23:30:00+00:00,2025-12-01 21:51:17+00:00,Villanova Wildcats,Temple Owls,,,-12.5,-110.0,12.5,-110.0,,,,2025-12-01,0.0,False,153.21539306640625,23.038599014282227,74.68021,79.77379,11.862483,11.501476,153.21539306640625,23.038599014282227,,10.538599014282227,,0.8430879211425781,,,,0.9641266653893572,0.03587333461064279,,,,,,
401823565,2025.0,2025-12-01,Villanova Wildcats,Temple Owls,0.0,0.0,,,,,False,Finneran Pavilion,2025-12-01 23:30:00+00:00,,2025-12-01 18:30,EST,2025-12-01T23:30:00Z,2025-12-01,,,temple::villanova,b6be0a1ef5f8d1c16a1d6c96e3092e11,Caesars,totals,full_game,2025-12-01 23:30:00+00:00,2025-12-01 21:51:17+00:00,Villanova Wildcats,Temple Owls,,,,,,,149.0,-110.0,-110.0,2025-12-01,0.0,False,153.21539306640625,23.038599014282227,74.68021,79.77379,11.862483,11.501476,153.21539306640625,23.038599014282227,4.21539306640625,,0.028291228633598994,,0.14051310221354166,,,0.9641266653893572,0.03587333461064279,,,,,,
401823565,2025.0,2025-12-01,Villanova Wildcats,Temple Owls,0.0,0.0,,,,,False,Finneran Pavilion,2025-12-01 23:30:00+00:00,,2025-12-01 18:30,EST,2025-12-01T23:30:00Z,2025-12-01,,,temple::villanova,b6be0a1ef5f8d1c16a1d6c96e3092e11,DraftKings,h2h,2h,2025-12-01 23:30:00+00:00,2025-12-01 21:50:45+00:00,Villanova Wildcats,Temple Owls,-1050.0,675.0,,,,,,,,2025-12-01,0.0,False,153.21539306640625,23.038599014282227,74.68021,79.77379,11.862483,11.501476,79.77379,11.501476,,,,,,0.9130434782608695,0.12903225806451613,0.8379519685020091,0.16204803149799085,-0.8635523622268948,0.037906999127322843,-0.08224308211684712,0.2558722441094292,0.09523809523809523,6.75
401823565,2025.0,2025-12-01,Villanova Wildcats,Temple Owls,0.0,0.0,,,,,False,Finneran Pavilion,2025-12-01 23:30:00+00:00,,2025-12-01 18:30,EST,2025-12-01T23:30:00Z,2025-12-01,,,temple::villanova,b6be0a1ef5f8d1c16a1d6c96e3092e11,DraftKings,spreads,full_game,2025-12-01 23:30:00+00:00,2025-12-01 21:50:45+00:00,Villanova Wildcats,Temple Owls,,,-12.5,-112.0,12.5,-108.0,,,,2025-12-01,0.0,False,153.21539306640625,23.038599014282227,74.68021,79.77379,11.862483,11.501476,153.21539306640625,23.038599014282227,,10.538599014282227,,0.8430879211425781,,,,0.9641266653893572,0.03587333461064279,,,,,,
401823565,2025.0,2025-12-01,Villanova Wildcats,Temple Owls,0.0,0.0,,,,,False,Finneran Pavilion,2025-12-01 23:30:00+00:00,,2025-12-01 18:30,EST,2025-12-01T23:30:00Z,2025-12-01,,,temple::villanova,b6be0a1ef5f8d1c16a1d6c96e3092e11,DraftKings,totals,full_game,2025-12-01 23:30:00+00:00,2025-12-01 21:50:45+00:00,Villanova Wildcats,Temple Owls,,,,,,,149.5,-105.0,-115.0,2025-12-01,0.0,False,153.21539306640625,23.038599014282227,74.68021,79.77379,11.862483,11.501476,153.21539306640625,23.038599014282227,3.71539306640625,,0.024852127534489968,,0.123846435546875,,,0.9641266653893572,0.03587333461064279,,,,,,
401823565,2025.0,2025-12-01,Villanova Wildcats,Temple Owls,0.0,0.0,,,,,False,Finneran Pavilion,2025-12-01 23:30:00+00:00,,2025-12-01 18:30,EST,2025-12-01T23:30:00Z,2025-12-01,,,temple::villanova,b6be0a1ef5f8d1c16a1d6c96e3092e11,FanDuel,h2h,2h,2025-12-01 23:30:00+00:00,2025-12-01 21:50:45+00:00,Villanova Wildcats,Temple Owls,-1100.0,680.0,,,,,,,,2025-12-01,0.0,False,153.21539306640625,23.038599014282227,74.68021,79.77379,11.862483,11.501476,79.77379,11.501476,,,,,,0.9166666666666666,0.1282051282051282,0.8379519685020091,0.16204803149799085,-0.9445763779758901,0.03881980083593068,-0.08587057981599001,0.2639746456843286,0.09090909090909091,6.8
401823565,2025.0,2025-12-01,Villanova Wildcats,Temple Owls,0.0,0.0,,,,,False,Finneran Pavilion,2025-12-01 23:30:00+00:00,,2025-12-01 18:30,EST,2025-12-01T23:30:00Z,2025-12-01,,,temple::villanova,b6be0a1ef5f8d1c16a1d6c96e3092e11,FanDuel,spreads,full_game,2025-12-01 23:30:00+00:00,2025-12-01 21:50:45+00:00,Villanova Wildcats,Temple Owls,,,-12.5,-120.0,12.5,-102.0,,,,2025-12-01,0.0,False,153.21539306640625,23.038599014282227,74.68021,79.77379,11.862483,11.501476,153.21539306640625,23.038599014282227,,10.538599014282227,,0.8430879211425781,,,,0.9641266653893572,0.03587333461064279,,,,,,
401823565,2025.0,2025-12-01,Villanova Wildcats,Temple Owls,0.0,0.0,,,,,False,Finneran Pavilion,2025-12-01 23:30:00+00:00,,2025-12-01 18:30,EST,2025-12-01T23:30:00Z,2025-12-01,,,temple::villanova,b6be0a1ef5f8d1c16a1d6c96e3092e11,FanDuel,totals,full_game,2025-12-01 23:30:00+00:00,2025-12-01 21:50:45+00:00,Villanova Wildcats,Temple Owls,,,,,,,148.5,-115.0,-105.0,2025-12-01,0.0,False,153.21539306640625,23.038599014282227,74.68021,79.77379,11.862483,11.501476,153.21539306640625,23.038599014282227,4.71539306640625,,0.03175348866266835,,0.15717976888020832,,,0.9641266653893572,0.03587333461064279,,,,,,
401823565,2025.0,2025-12-01,Villanova Wildcats,Temple Owls,0.0,0.0,,,,,False,Finneran Pavilion,2025-12-01 23:30:00+00:00,,2025-12-01 18:30,EST,2025-12-01T23:30:00Z,2025-12-01,,,temple::villanova,b6be0a1ef5f8d1c16a1d6c96e3092e11,Fanatics,h2h,2h,2025-12-01 23:30:00+00:00,2025-12-01 21:51:15+00:00,Villanova Wildcats,Temple Owls,-1100.0,700.0,,,,,,,,2025-12-01,0.0,False,153.21539306640625,23.038599014282227,74.68021,79.77379,11.862483,11.501476,79.77379,11.501476,,,,,,0.9166666666666666,0.125,0.8379519685020091,0.16204803149799085,-0.9445763779758901,0.04234060742627526,-0.08587057981599001,0.2963842519839268,0.09090909090909091,7.0
401823565,2025.0,2025-12-01,Villanova Wildcats,Temple Owls,0.0,0.0,,,,,False,Finneran Pavilion,2025-12-01 23:30:00+00:00,,2025-12-01 18:30,EST,2025-12-01T23:30:00Z,2025-12-01,,,temple::villanova,b6be0a1ef5f8d1c16a1d6c96e3092e11,Fanatics,spreads,full_game,2025-12-01 23:30:00+00:00,2025-12-01 21:51:15+00:00,Villanova Wildcats,Temple Owls,,,-13.0,-110.0,13.0,-110.0,,,,2025-12-01,0.0,False,153.21539306640625,23.038599014282227,74.68021,79.77379,11.862483,11.501476,153.21539306640625,23.038599014282227,,10.038599014282227,,0.7721999241755559,,,,0.9641266653893572,0.03587333461064279,,,,,,
401823565,2025.0,2025-12-01,Villanova Wildcats,Temple Owls,0.0,0.0,,,,,False,Finneran Pavilion,2025-12-01 23:30:00+00:00,,2025-12-01 18:30,EST,2025-12-01T23:30:00Z,2025-12-01,,,temple::villanova,b6be0a1ef5f8d1c16a1d6c96e3092e11,Fanatics,totals,full_game,2025-12-01 23:30:00+00:00,2025-12-01 21:51:15+00:00,Villanova Wildcats,Temple Owls,,,,,,,149.5,-110.0,-110.0,2025-12-01,0.0,False,153.21539306640625,23.038599014282227,74.68021,79.77379,11.862483,11.501476,153.21539306640625,23.038599014282227,3.71539306640625,,0.024852127534489968,,0.123846435546875,,,0.9641266653893572,0.03587333461064279,,,,,,
401823565,2025.0,2025-12-01,Villanova Wildcats,Temple Owls,0.0,0.0,,,,,False,Finneran Pavilion,2025-12-01 23:30:00+00:00,,2025-12-01 18:30,EST,2025-12-01T23:30:00Z,2025-12-01,,,temple::villanova,b6be0a1ef5f8d1c16a1d6c96e3092e11,LowVig.ag,h2h,2h,2025-12-01 23:30:00+00:00,2025-12-01 21:51:20+00:00,Villanova Wildcats,Temple Owls,-1100.0,709.0,,,,,,,,2025-12-01,0.0,False,153.21539306640625,23.038599014282227,74.68021,79.77379,11.862483,11.501476,79.77379,11.501476,,,,,,0.9166666666666666,0.12360939431396786,0.8379519685020091,0.16204803149799085,-0.9445763779758901,0.04386016570081045,-0.08587057981599001,0.31096857481874607,0.09090909090909091,7.09
401823565,2025.0,2025-12-01,Villanova Wildcats,Temple Owls,0.0,0.0,,,,,False,Finneran Pavilion,2025-12-01 23:30:00+00:00,,2025-12-01 18:30,EST,2025-12-01T23:30:00Z,2025-12-01,,,temple::villanova,b6be0a1ef5f8d1c16a1d6c96e3092e11,LowVig.ag,spreads,full_game,2025-12-01 23:30:00+00:00,2025-12-01 21:51:20+00:00,Villanova Wildcats,Temple Owls,,,-13.0,-106.0,13.0,-106.0,,,,2025-12-01,0.0,False,153.21539306640625,23.038599014282227,74.68021,79.77379,11.862483,11.501476,153.21539306640625,23.038599014282227,,10.038599014282227,,0.7721999241755559,,,,0.9641266653893572,0.03587333461064279,,,,,,
401823565,2025.0,2025-12-01,Villanova Wildcats,Temple Owls,0.0,0.0,,,,,False,Finneran Pavilion,2025-12-01 23:30:00+00:00,,2025-12-01 18:30,EST,2025-12-01T23:30:00Z,2025-12-01,,,temple::villanova,b6be0a1ef5f8d1c16a1d6c96e3092e11,LowVig.ag,totals,full_game,2025-12-01 23:30:00+00:00,2025-12-01 21:51:20+00:00,Villanova Wildcats,Temple Owls,,,,,,,149.0,-108.0,-108.0,2025-12-01,0.0,False,153.21539306640625,23.038599014282227,74.68021,79.77379,11.862483,11.501476,153.21539306640625,23.038599014282227,4.21539306640625,,0.028291228633598994,,0.14051310221354166,,,0.9641266653893572,0.03587333461064279,,,,,,
401824308,2025.0,2025-12-01,Delaware Blue Hens,Iona Gaels,0.0,0.0,,,,,False,Bob Carpenter Center,2025-12-02 00:00:00+00:00,,2025-12-01 19:00,EST,2025-12-02T00:00:00Z,2025-12-01,,,delawarebluehens::iona,26fb9a1a0897783a6e65a8c796e1a025,BetMGM,h2h,2h,2025-12-02 00:00:00+00:00,2025-12-01 23:54:51+00:00,Delaware Blue Hens,Iona Gaels,105.0,-125.0,,,,,,,,2025-12-02,1.0,False,143.280517578125,-1.503354549407959,70.30858,76.842705,-0.97112155,-0.09160876,76.842705,-0.09160876,,,,,,0.4878048780487805,0.5555555555555556,0.49672830526619616,0.5032716947338038,0.017421929329240127,-0.11763868684894131,0.018293025795702134,-0.09411094947915305,1.05,0.8
401824308,2025.0,2025-12-01,Delaware Blue Hens,Iona Gaels,0.0,0.0,,,,,False,Bob Carpenter Center,2025-12-02 00:00:00+00:00,,2025-12-01 19:00,EST,2025-12-02T00:00:00Z,2025-12-01,,,delawarebluehens::iona,26fb9a1a0897783a6e65a8c796e1a025,BetMGM,spreads,full_game,2025-12-02 00:00:00+00:00,2025-12-01 23:54:51+00:00,Delaware Blue Hens,Iona Gaels,,,1.5,-110.0,-1.5,-110.0,,,,2025-12-02,1.0,False,143.280517578125,-1.503354549407959,70.30858,76.842705,-0.97112155,-0.09160876,143.280517578125,-1.503354549407959,,-0.0033545494079589844,,-0.0022363662719726562,,,,0.4465141897546657,0.5534858102453343,,,,,,
401824308,2025.0,2025-12-01,Delaware Blue Hens,Iona Gaels,0.0,0.0,,,,,False,Bob Carpenter Center,2025-12-02 00:00:00+00:00,,2025-12-01 19:00,EST,2025-12-02T00:00:00Z,2025-12-01,,,delawarebluehens::iona,26fb9a1a0897783a6e65a8c796e1a025,BetMGM,totals,full_game,2025-12-02 00:00:00+00:00,2025-12-01 23:54:51+00:00,Delaware Blue Hens,Iona Gaels,,,,,,,149.5,-110.0,-110.0,2025-12-02,1.0,False,143.280517578125,-1.503354549407959,70.30858,76.842705,-0.97112155,-0.09160876,143.280517578125,-1.503354549407959,-6.219482421875,,-0.041601889109531776,,-0.20731608072916666,,,0.4465141897546657,0.5534858102453343,,,,,,
401824308,2025.0,2025-12-01,Delaware Blue Hens,Iona Gaels,0.0,0.0,,,,,False,Bob Carpenter Center,2025-12-02 00:00:00+00:00,,2025-12-01 19:00,EST,2025-12-02T00:00:00Z,2025-12-01,,,delawarebluehens::iona,26fb9a1a0897783a6e65a8c796e1a025,BetOnline.ag,h2h,2h,2025-12-02 00:00:00+00:00,2025-12-01 23:54:37+00:00,Delaware Blue Hens,Iona Gaels,107.0,-127.0,,,,,,,,2025-12-02,1.0,False,143.280517578125,-1.503354549407959,70.30858,76.842705,-0.97112155,-0.09160876,76.842705,-0.09160876,,,,,,0.4830917874396135,0.5594713656387665,0.49672830526619616,0.5032716947338038,0.02638092701030475,-0.12757325295426525,0.028227591901026083,-0.10045138027894901,1.07,0.7874015748031497
401824308,2025.0,2025-12-01,Delaware Blue Hens,Iona Gaels,0.0,0.0,,,,,False,Bob Carpenter Center,2025-12-02 00:00:00+00:00,,2025-12-01 19:00,EST,2025-12-02T00:00:00Z,2025-12-01,,,delawarebluehens::iona,26fb9a1a0897783a6e65a8c796e1a025,BetOnline.ag,spreads,full_game,2025-12-02 00:00:00+00:00,2025-12-01 23:54:37+00:00,Delaware Blue Hens,Iona Gaels,,,1.5,-117.0,-1.5,-103.0,,,,2025-12-02,1.0,False,143.280517578125,-1.503354549407959,70.30858,76.842705,-0.97112155,-0.09160876,143.280517578125,-1.503354549407959,,-0.0033545494079589844,,-0.0022363662719726562,,,,0.4465141897546657,0.5534858102453343,,,,,,
401824308,2025.0,2025-12-01,Delaware Blue Hens,Iona Gaels,0.0,0.0,,,,,False,Bob Carpenter Center,2025-12-02 00:00:00+00:00,,2025-12-01 19:00,EST,2025-12-02T00:00:00Z,2025-12-01,,,delawarebluehens::iona,26fb9a1a0897783a6e65a8c796e1a025,BetOnline.ag,totals,full_game,2025-12-02 00:00:00+00:00,2025-12-01 23:54:37+00:00,Delaware Blue Hens,Iona Gaels,,,,,,,150.0,-109.0,-111.0,2025-12-02,1.0,False,143.280517578125,-1.503354549407959,70.30858,76.842705,-0.97112155,-0.09160876,143.280517578125,-1.503354549407959,-6.719482421875,,-0.04479654947916667,,-0.22398274739583332,,,0.4465141897546657,0.5534858102453343,,,,,,
401824308,2025.0,2025-12-01,Delaware Blue Hens,Iona Gaels,0.0,0.0,,,,,False,Bob Carpenter Center,2025-12-02 00:00:00+00:00,,2025-12-01 19:00,EST,2025-12-02T00:00:00Z,2025-12-01,,,delawarebluehens::iona,26fb9a1a0897783a6e65a8c796e1a025,BetRivers,h2h,2h,2025-12-02 00:00:00+00:00,2025-12-01 23:54:34+00:00,Delaware Blue Hens,Iona Gaels,112.0,-137.0,,,,,,,,2025-12-02,1.0,False,143.280517578125,-1.503354549407959,70.30858,76.842705,-0.97112155,-0.09160876,76.842705,-0.09160876,,,,,,0.4716981132075472,0.5780590717299579,0.49672830526619616,0.5032716947338038,0.04737857782529991,-0.17724608348088494,0.0530640071643359,-0.12937670327071893,1.12,0.7299270072992701
401824308,2025.0,2025-12-01,Delaware Blue Hens,Iona Gaels,0.0,0.0,,,,,False,Bob Carpenter Center,2025-12-02 00:00:00+00:00,,2025-12-01 19:00,EST,2025-12-02T00:00:00Z,2025-12-01,,,delawarebluehens::iona,26fb9a1a0897783a6e65a8c796e1a025,BetRivers,spreads,full_game,2025-12-02 00:00:00+00:00,2025-12-01 23:54:34+00:00,Delaware Blue Hens,Iona Gaels,,,2.5,-114.0,-2.5,-109.0,,,,2025-12-02,1.0,False,143.280517578125,-1.503354549407959,70.30858,76.842705,-0.97112155,-0.09160876,143.280517578125,-1.503354549407959,,0.996645450592041,,0.39865818023681643,,,,0.4465141897546657,0.5534858102453343,,,,,,
401824308,2025.0,2025-12-01,Delaware Blue Hens,Iona Gaels,0.0,0.0,,,,,False,Bob Carpenter Center,2025-12-02 00:00:00+00:00,,2025-12-01 19:00,EST,2025-12-02T00:00:00Z,2025-12-01,,,delawarebluehens::iona,26fb9a1a0897783a6e65a8c796e1a025,BetRivers,totals,full_game,2025-12-02 00:00:00+00:00,2025-12-01 23:54:34+00:00,Delaware Blue Hens,Iona Gaels,,,,,,,149.5,-113.0,-110.0,2025-12-02,1.0,False,143.280517578125,-1.503354549407959,70.30858,76.842705,-0.97112155,-0.09160876,143.280517578125,-1.503354549407959,-6.219482421875,,-0.041601889109531776,,-0.20731608072916666,,,0.4465141897546657,0.5534858102453343,,,,,,
401824308,2025.0,2025-12-01,Delaware Blue Hens,Iona Gaels,0.0,0.0,,,,,False,Bob Carpenter Center,2025-12-02 00:00:00+00:00,,2025-12-01 19:00,EST,2025-12-02T00:00:00Z,2025-12-01,,,delawarebluehens::iona,26fb9a1a0897783a6e65a8c796e1a025,BetUS,h2h,2h,2025-12-02 00:00:00+00:00,2025-12-01 23:54:52+00:00,Delaware Blue Hens,Iona Gaels,105.0,-125.0,,,,,,,,2025-12-02,1.0,False,143.280517578125,-1.503354549407959,70.30858,76.842705,-0.97112155,-0.09160876,76.842705,-0.09160876,,,,,,0.4878048780487805,0.5555555555555556,0.49672830526619616,0.5032716947338038,0.017421929329240127,-0.11763868684894131,0.018293025795702134,-0.09411094947915305,1.05,0.8
401824308,2025.0,2025-12-01,Delaware Blue Hens,Iona Gaels,0.0,0.0,,,,,False,Bob Carpenter Center,2025-12-02 00:00:00+00:00,,2025-12-01 19:00,EST,2025-12-02T00:00:00Z,2025-12-01,,,delawarebluehens::iona,26fb9a1a0897783a6e65a8c796e1a025,BetUS,spreads,full_game,2025-12-02 00:00:00+00:00,2025-12-01 23:54:52+00:00,Delaware Blue Hens,Iona Gaels,,,1.5,-110.0,-1.5,-110.0,,,,2025-12-02,1.0,False,143.280517578125,-1.503354549407959,70.30858,76.842705,-0.97112155,-0.09160876,143.280517578125,-1.503354549407959,,-0.0033545494079589844,,-0.0022363662719726562,,,,0.4465141897546657,0.5534858102453343,,,,,,
401824308,2025.0,2025-12-01,Delaware Blue Hens,Iona Gaels,0.0,0.0,,,,,False,Bob Carpenter Center,2025-12-02 00:00:00+00:00,,2025-12-01 19:00,EST,2025-12-02T00:00:00Z,2025-12-01,,,delawarebluehens::iona,26fb9a1a0897783a6e65a8c796e1a025,BetUS,totals,full_game,2025-12-02 00:00:00+00:00,2025-12-01 23:54:52+00:00,Delaware Blue Hens,Iona Gaels,,,,,,,149.5,-110.0,-110.0,2025-12-02,1.0,False,143.280517578125,-1.503354549407959,70.30858,76.842705,-0.97112155,-0.09160876,143.280517578125,-1.503354549407959,-6.219482421875,,-0.041601889109531776,,-0.20731608072916666,,,0.4465141897546657,0.5534858102453343,,,,,,
401824308,2025.0,2025-12-01,Delaware Blue Hens,Iona Gaels,0.0,0.0,,,,,False,Bob Carpenter Center,2025-12-02 00:00:00+00:00,,2025-12-01 19:00,EST,2025-12-02T00:00:00Z,2025-12-01,,,delawarebluehens::iona,26fb9a1a0897783a6e65a8c796e1a025,Bovada,h2h,2h,2025-12-02 00:00:00+00:00,2025-12-01 23:54:56+00:00,Delaware Blue Hens,Iona Gaels,105.0,-125.0,,,,,,,,2025-12-02,1.0,False,143.280517578125,-1.503354549407959,70.30858,76.842705,-0.97112155,-0.09160876,76.842705,-0.09160876,,,,,,0.4878048780487805,0.5555555555555556,0.49672830526619616,0.5032716947338038,0.017421929329240127,-0.11763868684894131,0.018293025795702134,-0.09411094947915305,1.05,0.8
401824308,2025.0,2025-12-01,Delaware Blue Hens,Iona Gaels,0.0,0.0,,,,,False,Bob Carpenter Center,2025-12-02 00:00:00+00:00,,2025-12-01 19:00,EST,2025-12-02T00:00:00Z,2025-12-01,,,delawarebluehens::iona,26fb9a1a0897783a6e65a8c796e1a025,Bovada,spreads,full_game,2025-12-02 00:00:00+00:00,2025-12-01 23:54:56+00:00,Delaware Blue Hens,Iona Gaels,,,1.5,-105.0,-1.5,-115.0,,,,2025-12-02,1.0,False,143.280517578125,-1.503354549407959,70.30858,76.842705,-0.97112155,-0.09160876,143.280517578125,-1.503354549407959,,-0.0033545494079589844,,-0.0022363662719726562,,,,0.4465141897546657,0.5534858102453343,,,,,,
401824308,2025.0,2025-12-01,Delaware Blue Hens,Iona Gaels,0.0,0.0,,,,,False,Bob Carpenter Center,2025-12-02 00:00:00+00:00,,2025-12-01 19:00,EST,2025-12-02T00:00:00Z,2025-12-01,,,delawarebluehens::iona,26fb9a1a0897783a6e65a8c796e1a025,Bovada,totals,full_game,2025-12-02 00:00:00+00:00,2025-12-01 23:54:56+00:00,Delaware Blue Hens,Iona Gaels,,,,,,,150.5,-105.0,-115.0,2025-12-02,1.0,False,143.280517578125,-1.503354549407959,70.30858,76.842705,-0.97112155,-0.09160876,143.280517578125,-1.503354549407959,-7.219482421875,,-0.04796998286960133,,-0.2406494140625,,,0.4465141897546657,0.5534858102453343,,,,,,
401824308,2025.0,2025-12-01,Delaware Blue Hens,Iona Gaels,0.0,0.0,,,,,False,Bob Carpenter Center,2025-12-02 00:00:00+00:00,,2025-12-01 19:00,EST,2025-12-02T00:00:00Z,2025-12-01,,,delawarebluehens::iona,26fb9a1a0897783a6e65a8c796e1a025,Caesars,h2h,2h,2025-12-02 00:00:00+00:00,2025-12-01 23:52:20+00:00,Delaware Blue Hens,Iona Gaels,115.0,-135.0,,,,,,,,2025-12-02,1.0,False,143.280517578125,-1.503354549407959,70.30858,76.842705,-0.97112155,-0.09160876,76.842705,-0.09160876,,,,,,0.46511627906976744,0.574468085106383,0.49672830526619616,0.5032716947338038,0.05910074462810579,-0.16731151737556105,0.06796585632232166,-0.1239344573152304,1.15,0.7407407407407407
401824308,2025.0,2025-12-01,Delaware Blue Hens,Iona Gaels,0.0,0.0,,,,,False,Bob Carpenter Center,2025-12-02 00:00:00+00:00,,2025-12-01 19:00,EST,2025-12-02T00:00:00Z,2025-12-01,,,delawarebluehens::iona,26fb9a1a0897783a6e65a8c796e1a025,Caesars,spreads,full_game,2025-12-02 00:00:00+00:00,2025-12-01 23:52:20+00:00,Delaware Blue Hens,Iona Gaels,,,2.0,-110.0,-2.0,-110.0,,,,2025-12-02,1.0,False,143.280517578125,-1.503354549407959,70.30858,76.842705,-0.97112155,-0.09160876,143.280517578125,-1.503354549407959,,0.496645450592041,,0.2483227252960205,,,,0.4465141897546657,0.5534858102453343,,,,,,
401824308,2025.0,2025-12-01,Delaware Blue Hens,Iona Gaels,0.0,0.0,,,,,False,Bob Carpenter Center,2025-12-02 00:00:00+00:00,,2025-12-01 19:00,EST,2025-12-02T00:00:00Z,2025-12-01,,,delawarebluehens::iona,26fb9a1a0897783a6e65a8c796e1a025,Caesars,totals,full_game,2025-12-02 00:00:00+00:00,2025-12-01 23:52:20+00:00,Delaware Blue Hens,Iona Gaels,,,,,,,149.5,-110.0,-110.0,2025-12-02,1.0,False,143.280517578125,-1.503354549407959,70.30858,76.842705,-0.97112155,-0.09160876,143.280517578125,-1.503354549407959,-6.219482421875,,-0.041601889109531776,,-0.20731608072916666,,,0.4465141897546657,0.5534858102453343,,,,,,
401824308,2025.0,2025-12-01,Delaware Blue Hens,Iona Gaels,0.0,0.0,,,,,False,Bob Carpenter Center,2025-12-02 00:00:00+00:00,,2025-12-01 19:00,EST,2025-12-02T00:00:00Z,2025-12-01,,,delawarebluehens::iona,26fb9a1a0897783a6e65a8c796e1a025,DraftKings,h2h,2h,2025-12-02 00:00:00+00:00,2025-12-01 23:54:53+00:00,Delaware Blue Hens,Iona Gaels,110.0,-130.0,,,,,,,,2025-12-02,1.0,False,143.280517578125,-1.503354549407959,70.30858,76.842705,-0.97112155,-0.09160876,76.842705,-0.09160876,,,,,,0.47619047619047616,0.5652173913043478,0.49672830526619616,0.5032716947338038,0.03920858278091995,-0.14247510211225112,0.04312944105901195,-0.10959623239403932,1.1,0.7692307692307693
401824308,2025.0,2025-12-01,Delaware Blue Hens,Iona Gaels,0.0,0.0,,,,,False,Bob Carpenter Center,2025-12-02 00:00:00+00:00,,2025-12-01 19:00,EST,2025-12-02T00:00:00Z,2025-12-01,,,delawarebluehens::iona,26fb9a1a0897783a6e65a8c796e1a025,DraftKings,spreads,full_game,2025-12-02 00:00:00+00:00,2025-12-01 23:54:53+00:00,Delaware Blue Hens,Iona Gaels,,,1.5,-108.0,-1.5,-112.0,,,,2025-12-02,1.0,False,143.280517578125,-1.503354549407959,70.30858,76.842705,-0.97112155,-0.09160876,143.280517578125,-1.503354549407959,,-0.0033545494079589844,,-0.0022363662719726562,,,,0.4465141897546657,0.5534858102453343,,,,,,
401824308,2025.0,2025-12-01,Delaware Blue Hens,Iona Gaels,0.0,0.0,,,,,False,Bob Carpenter Center,2025-12-02 00:00:00+00:00,,2025-12-01 19:00,EST,2025-12-02T00:00:00Z,2025-12-01,,,delawarebluehens::iona,26fb9a1a0897783a6e65a8c796e1a025,DraftKings,totals,full_game,2025-12-02 00:00:00+00:00,2025-12-01 23:54:53+00:00,Delaware Blue Hens,Iona Gaels,,,,,,,149.5,-110.0,-110.0,2025-12-02,1.0,False,143.280517578125,-1.503354549407959,70.30858,76.842705,-0.97112155,-0.09160876,143.280517578125,-1.503354549407959,-6.219482421875,,-0.041601889109531776,,-0.20731608072916666,,,0.4465141897546657,0.5534858102453343,,,,,,
401824308,2025.0,2025-12-01,Delaware Blue Hens,Iona Gaels,0.0,0.0,,,,,False,Bob Carpenter Center,2025-12-02 00:00:00+00:00,,2025-12-01 19:00,EST,2025-12-02T00:00:00Z,2025-12-01,,,delawarebluehens::iona,26fb9a1a0897783a6e65a8c796e1a025,FanDuel,h2h,2h,2025-12-02 00:00:00+00:00,2025-12-01 23:54:50+00:00,Delaware Blue Hens,Iona Gaels,110.0,-134.0,,,,,,,,2025-12-02,1.0,False,143.280517578125,-1.503354549407959,70.30858,76.842705,-0.97112155,-0.09160876,76.842705,-0.09160876,,,,,,0.47619047619047616,0.5726495726495726,0.49672830526619616,0.5032716947338038,0.03920858278091995,-0.16234423432289896,0.04312944105901195,-0.12115241367380519,1.1,0.746268656716418
401824308,2025.0,2025-12-01,Delaware Blue Hens,Iona Gaels,0.0,0.0,,,,,False,Bob Carpenter Center,2025-12-02 00:00:00+00:00,,2025-12-01 19:00,EST,2025-12-02T00:00:00Z,2025-12-01,,,delawarebluehens::iona,26fb9a1a0897783a6e65a8c796e1a025,FanDuel,spreads,full_game,2025-12-02 00:00:00+00:00,2025-12-01 23:54:50+00:00,Delaware Blue Hens,Iona Gaels,,,1.5,-105.0,-1.5,-115.0,,,,2025-12-02,1.0,False,143.280517578125,-1.503354549407959,70.30858,76.842705,-0.97112155,-0.09160876,143.280517578125,-1.503354549407959,,-0.0033545494079589844,,-0.0022363662719726562,,,,0.4465141897546657,0.5534858102453343,,,,,,
401824308,2025.0,2025-12-01,Delaware Blue Hens,Iona Gaels,0.0,0.0,,,,,False,Bob Carpenter Center,2025-12-02 00:00:00+00:00,,2025-12-01 19:00,EST,2025-12-02T00:00:00Z,2025-12-01,,,delawarebluehens::iona,26fb9a1a0897783a6e65a8c796e1a025,FanDuel,totals,full_game,2025-12-02 00:00:00+00:00,2025-12-01 23:54:50+00:00,Delaware Blue Hens,Iona Gaels,,,,,,,149.5,-115.0,-105.0,2025-12-02,1.0,False,143.280517578125,-1.503354549407959,70.30858,76.842705,-0.97112155,-0.09160876,143.280517578125,-1.503354549407959,-6.219482421875,,-0.041601889109531776,,-0.20731608072916666,,,0.4465141897546657,0.5534858102453343,,,,,,
401824308,2025.0,2025-12-01,Delaware Blue Hens,Iona Gaels,0.0,0.0,,,,,False,Bob Carpenter Center,2025-12-02 00:00:00+00:00,,2025-12-01 19:00,EST,2025-12-02T00:00:00Z,2025-12-01,,,delawarebluehens::iona,26fb9a1a0897783a6e65a8c796e1a025,Fanatics,h2h,2h,2025-12-02 00:00:00+00:00,2025-12-01 23:54:36+00:00,Delaware Blue Hens,Iona Gaels,110.0,-130.0,,,,,,,,2025-12-02,1.0,False,143.280517578125,-1.503354549407959,70.30858,76.842705,-0.97112155,-0.09160876,76.842705,-0.09160876,,,,,,0.47619047619047616,0.5652173913043478,0.49672830526619616,0.5032716947338038,0.03920858278091995,-0.14247510211225112,0.04312944105901195,-0.10959623239403932,1.1,0.7692307692307693
401824308,2025.0,2025-12-01,Delaware Blue Hens,Iona Gaels,0.0,0.0,,,,,False,Bob Carpenter Center,2025-12-02 00:00:00+00:00,,2025-12-01 19:00,EST,2025-12-02T00:00:00Z,2025-12-01,,,delawarebluehens::iona,26fb9a1a0897783a6e65a8c796e1a025,Fanatics,spreads,full_game,2025-12-02 00:00:00+00:00,2025-12-01 23:54:36+00:00,Delaware Blue Hens,Iona Gaels,,,1.5,-110.0,-1.5,-110.0,,,,2025-12-02,1.0,False,143.280517578125,-1.503354549407959,70.30858,76.842705,-0.97112155,-0.09160876,143.280517578125,-1.503354549407959,,-0.0033545494079589844,,-0.0022363662719726562,,,,0.4465141897546657,0.5534858102453343,,,,,,
401824308,2025.0,2025-12-01,Delaware Blue Hens,Iona Gaels,0.0,0.0,,,,,False,Bob Carpenter Center,2025-12-02 00:00:00+00:00,,2025-12-01 19:00,EST,2025-12-02T00:00:00Z,2025-12-01,,,delawarebluehens::iona,26fb9a1a0897783a6e65a8c796e1a025,Fanatics,totals,full_game,2025-12-02 00:00:00+00:00,2025-12-01 23:54:36+00:00,Delaware Blue Hens,Iona Gaels,,,,,,,150.0,-110.0,-110.0,2025-12-02,1.0,False,143.280517578125,-1.503354549407959,70.30858,76.842705,-0.97112155,-0.09160876,143.280517578125,-1.503354549407959,-6.719482421875,,-0.04479654947916667,,-0.22398274739583332,,,0.4465141897546657,0.5534858102453343,,,,,,
401824308,2025.0,2025-12-01,Delaware Blue Hens,Iona Gaels,0.0,0.0,,,,,False,Bob Carpenter Center,2025-12-02 00:00:00+00:00,,2025-12-01 19:00,EST,2025-12-02T00:00:00Z,2025-12-01,,,delawarebluehens::iona,26fb9a1a0897783a6e65a8c796e1a025,LowVig.ag,h2h,2h,2025-12-02 00:00:00+00:00,2025-12-01 23:54:52+00:00,Delaware Blue Hens,Iona Gaels,107.0,-127.0,,,,,,,,2025-12-02,1.0,False,143.280517578125,-1.503354549407959,70.30858,76.842705,-0.97112155,-0.09160876,76.842705,-0.09160876,,,,,,0.4830917874396135,0.5594713656387665,0.49672830526619616,0.5032716947338038,0.02638092701030475,-0.12757325295426525,0.028227591901026083,-0.10045138027894901,1.07,0.7874015748031497
401824308,2025.0,2025-12-01,Delaware Blue Hens,Iona Gaels,0.0,0.0,,,,,False,Bob Carpenter Center,2025-12-02 00:00:00+00:00,,2025-12-01 19:00,EST,2025-12-02T00:00:00Z,2025-12-01,,,delawarebluehens::iona,26fb9a1a0897783a6e65a8c796e1a025,LowVig.ag,spreads,full_game,2025-12-02 00:00:00+00:00,2025-12-01 23:54:52+00:00,Delaware Blue Hens,Iona Gaels,,,1.5,-109.0,-1.5,-103.0,,,,2025-12-02,1.0,False,143.280517578125,-1.503354549407959,70.30858,76.842705,-0.97112155,-0.09160876,143.280517578125,-1.503354549407959,,-0.0033545494079589844,,-0.0022363662719726562,,,,0.4465141897546657,0.5534858102453343,,,,,,
401824308,2025.0,2025-12-01,Delaware Blue Hens,Iona Gaels,0.0,0.0,,,,,False,Bob Carpenter Center,2025-12-02 00:00:00+00:00,,2025-12-01 19:00,EST,2025-12-02T00:00:00Z,2025-12-01,,,delawarebluehens::iona,26fb9a1a0897783a6e65a8c796e1a025,LowVig.ag,totals,full_game,2025-12-02 00:00:00+00:00,2025-12-01 23:54:52+00:00,Delaware Blue Hens,Iona Gaels,,,,,,,150.0,-107.0,-109.0,2025-12-02,1.0,False,143.280517578125,-1.503354549407959,70.30858,76.842705,-0.97112155,-0.09160876,143.280517578125,-1.503354549407959,-6.719482421875,,-0.04479654947916667,,-0.22398274739583332,,,0.4465141897546657,0.5534858102453343,,,,,,
401825387,2025.0,2025-12-01,Troy Trojans,West Georgia Wolves,0.0,0.0,,,,,False,Trojan Arena,2025-12-02 00:00:00+00:00,,2025-12-01 19:00,EST,2025-12-02T00:00:00Z,2025-12-01,,,troytrojans::westgeorgiawolves,2824b0eee01ab1fc4155185a69980d39,BetMGM,h2h,2h,2025-12-02 00:00:00+00:00,2025-12-01 23:54:51+00:00,Troy Trojans,West Georgia Wolves,-2500.0,1050.0,,,,,,,,2025-12-02,1.0,False,142.7099151611328,4.253995895385742,70.08457,76.91134,1.4735365,3.1383388,76.91134,3.1383388,,,,,,0.9615384615384616,0.08695652173913043,0.6102430817703517,0.3897569182296483,-1.0,0.3316385294896148,-0.3653471949588342,3.482204559640955,0.04,10.5
401825387,2025.0,2025-12-01,Troy Trojans,West Georgia Wolves,0.0,0.0,,,,,False,Trojan Arena,2025-12-02 00:00:00+00:00,,2025-12-01 19:00,EST,2025-12-02T00:00:00Z,2025-12-01,,,troytrojans::westgeorgiawolves,2824b0eee01ab1fc4155185a69980d39,BetMGM,spreads,full_game,2025-12-02 00:00:00+00:00,2025-12-01 23:54:51+00:00,Troy Trojans,West Georgia Wolves,,,-17.5,-110.0,17.5,-110.0,,,,2025-12-02,1.0,False,142.7099151611328,4.253995895385742,70.08457,76.91134,1.4735365,3.1383388,142.7099151611328,4.253995895385742,,-13.246004104614258,,-0.7569145202636719,,,,0.6474190897563756,0.35258091024362437,,,,,,
401825387,2025.0,2025-12-01,Troy Trojans,West Georgia Wolves,0.0,0.0,,,,,False,Trojan Arena,2025-12-02 00:00:00+00:00,,2025-12-01 19:00,EST,2025-12-02T00:00:00Z,2025-12-01,,,troytrojans::westgeorgiawolves,2824b0eee01ab1fc4155185a69980d39,BetMGM,totals,full_game,2025-12-02 00:00:00+00:00,2025-12-01 23:54:51+00:00,Troy Trojans,West Georgia Wolves,,,,,,,150.5,-110.0,-110.0,2025-12-02,1.0,False,142.7099151611328,4.253995895385742,70.08457,76.91134,1.4735365,3.1383388,142.7099151611328,4.253995895385742,-7.7900848388671875,,-0.05176136105559593,,-0.25966949462890626,,,0.6474190897563756,0.35258091024362437,,,,,,
401825387,2025.0,2025-12-01,Troy Trojans,West Georgia Wolves,0.0,0.0,,,,,False,Trojan Arena,2025-12-02 00:00:00+00:00,,2025-12-01 19:00,EST,2025-12-02T00:00:00Z,2025-12-01,,,troytrojans::westgeorgiawolves,2824b0eee01ab1fc4155185a69980d39,BetOnline.ag,spreads,full_game,2025-12-02 00:00:00+00:00,2025-12-01 23:54:37+00:00,Troy Trojans,West Georgia Wolves,,,-17.5,-110.0,17.5,-110.0,,,,2025-12-02,1.0,False,142.7099151611328,4.253995895385742,70.08457,76.91134,1.4735365,3.1383388,142.7099151611328,4.253995895385742,,-13.246004104614258,,-0.7569145202636719,,,,0.6474190897563756,0.35258091024362437,,,,,,
401825387,2025.0,2025-12-01,Troy Trojans,West Georgia Wolves,0.0,0.0,,,,,False,Trojan Arena,2025-12-02 00:00:00+00:00,,2025-12-01 19:00,EST,2025-12-02T00:00:00Z,2025-12-01,,,troytrojans::westgeorgiawolves,2824b0eee01ab1fc4155185a69980d39,BetOnline.ag,totals,full_game,2025-12-02 00:00:00+00:00,2025-12-01 23:54:37+00:00,Troy Trojans,West Georgia Wolves,,,,,,,150.5,-110.0,-110.0,2025-12-02,1.0,False,142.7099151611328,4.253995895385742,70.08457,76.91134,1.4735365,3.1383388,142.7099151611328,4.253995895385742,-7.7900848388671875,,-0.05176136105559593,,-0.25966949462890626,,,0.6474190897563756,0.35258091024362437,,,,,,
401825387,2025.0,2025-12-01,Troy Trojans,West Georgia Wolves,0.0,0.0,,,,,False,Trojan Arena,2025-12-02 00:00:00+00:00,,2025-12-01 19:00,EST,2025-12-02T00:00:00Z,2025-12-01,,,troytrojans::westgeorgiawolves,2824b0eee01ab1fc4155185a69980d39,BetRivers,h2h,2h,2025-12-02 00:00:00+00:00,2025-12-01 23:54:34+00:00,Troy Trojans,West Georgia Wolves,-2500.0,900.0,,,,,,,,2025-12-02,1.0,False,142.7099151611328,4.253995895385742,70.08457,76.91134,1.4735365,3.1383388,76.91134,3.1383388,,,,,,0.9615384615384616,0.1,0.6102430817703517,0.3897569182296483,-1.0,0.3219521313662759,-0.3653471949588342,2.8975691822964826,0.04,9.0
401825387,2025.0,2025-12-01,Troy Trojans,West Georgia Wolves,0.0,0.0,,,,,False,Trojan Arena,2025-12-02 00:00:00+00:00,,2025-12-01 19:00,EST,2025-12-02T00:00:00Z,2025-12-01,,,troytrojans::westgeorgiawolves,2824b0eee01ab1fc4155185a69980d39,BetRivers,spreads,full_game,2025-12-02 00:00:00+00:00,2025-12-01 23:54:34+00:00,Troy Trojans,West Georgia Wolves,,,-17.5,-113.0,17.5,-110.0,,,,2025-12-02,1.0,False,142.7099151611328,4.253995895385742,70.08457,76.91134,1.4735365,3.1383388,142.7099151611328,4.253995895385742,,-13.246004104614258,,-0.7569145202636719,,,,0.6474190897563756,0.35258091024362437,,,,,,
401825387,2025.0,2025-12-01,Troy Trojans,West Georgia Wolves,0.0,0.0,,,,,False,Trojan Arena,2025-12-02 00:00:00+00:00,,2025-12-01 19:00,EST,2025-12-02T00:00:00Z,2025-12-01,,,troytrojans::westgeorgiawolves,2824b0eee01ab1fc4155185a69980d39,BetRivers,totals,full_game,2025-12-02 00:00:00+00:00,2025-12-01 23:54:34+00:00,Troy Trojans,West Georgia Wolves,,,,,,,150.5,-113.0,-110.0,2025-12-02,1.0,False,142.7099151611328,4.253995895385742,70.08457,76.91134,1.4735365,3.1383388,142.7099151611328,4.253995895385742,-7.7900848388671875,,-0.05176136105559593,,-0.25966949462890626,,,0.6474190897563756,0.35258091024362437,,,,,,
401825387,2025.0,2025-12-01,Troy Trojans,West Georgia Wolves,0.0,0.0,,,,,False,Trojan Arena,2025-12-02 00:00:00+00:00,,2025-12-01 19:00,EST,2025-12-02T00:00:00Z,2025-12-01,,,troytrojans::westgeorgiawolves,2824b0eee01ab1fc4155185a69980d39,Bovada,h2h,2h,2025-12-02 00:00:00+00:00,2025-12-01 23:54:56+00:00,Troy Trojans,West Georgia Wolves,-3500.0,1150.0,,,,,,,,2025-12-02,1.0,False,142.7099151611328,4.253995895385742,70.08457,76.91134,1.4735365,3.1383388,76.91134,3.1383388,,,,,,0.9722222222222222,0.08,0.6102430817703517,0.3897569182296483,-1.0,0.3366923024235307,-0.37232140160763827,3.8719614778706033,0.02857142857142857,11.5
401825387,2025.0,2025-12-01,Troy Trojans,West Georgia Wolves,0.0,0.0,,,,,False,Trojan Arena,2025-12-02 00:00:00+00:00,,2025-12-01 19:00,EST,2025-12-02T00:00:00Z,2025-12-01,,,troytrojans::westgeorgiawolves,2824b0eee01ab1fc4155185a69980d39,Bovada,spreads,full_game,2025-12-02 00:00:00+00:00,2025-12-01 23:54:56+00:00,Troy Trojans,West Georgia Wolves,,,-17.5,-110.0,17.5,-110.0,,,,2025-12-02,1.0,False,142.7099151611328,4.253995895385742,70.08457,76.91134,1.4735365,3.1383388,142.7099151611328,4.253995895385742,,-13.246004104614258,,-0.7569145202636719,,,,0.6474190897563756,0.35258091024362437,,,,,,
401825387,2025.0,2025-12-01,Troy Trojans,West Georgia Wolves,0.0,0.0,,,,,False,Trojan Arena,2025-12-02 00:00:00+00:00,,2025-12-01 19:00,EST,2025-12-02T00:00:00Z,2025-12-01,,,troytrojans::westgeorgiawolves,2824b0eee01ab1fc4155185a69980d39,Bovada,totals,full_game,2025-12-02 00:00:00+00:00,2025-12-01 23:54:56+00:00,Troy Trojans,West Georgia Wolves,,,,,,,150.5,-110.0,-110.0,2025-12-02,1.0,False,142.7099151611328,4.253995895385742,70.08457,76.91134,1.4735365,3.1383388,142.7099151611328,4.253995895385742,-7.7900848388671875,,-0.05176136105559593,,-0.25966949462890626,,,0.6474190897563756,0.35258091024362437,,,,,,
401825387,2025.0,2025-12-01,Troy Trojans,West Georgia Wolves,0.0,0.0,,,,,False,Trojan Arena,2025-12-02 00:00:00+00:00,,2025-12-01 19:00,EST,2025-12-02T00:00:00Z,2025-12-01,,,troytrojans::westgeorgiawolves,2824b0eee01ab1fc4155185a69980d39,Caesars,h2h,2h,2025-12-02 00:00:00+00:00,2025-12-01 23:52:20+00:00,Troy Trojans,West Georgia Wolves,-2000.0,1050.0,,,,,,,,2025-12-02,1.0,False,142.7099151611328,4.253995895385742,70.08457,76.91134,1.4735365,3.1383388,76.91134,3.1383388,,,,,,0.9523809523809523,0.08695652173913043,0.6102430817703517,0.3897569182296483,-1.0,0.3316385294896148,-0.3592447641411307,3.482204559640955,0.05,10.5
401825387,2025.0,2025-12-01,Troy Trojans,West Georgia Wolves,0.0,0.0,,,,,False,Trojan Arena,2025-12-02 00:00:00+00:00,,2025-12-01 19:00,EST,2025-12-02T00:00:00Z,2025-12-01,,,troytrojans::westgeorgiawolves,2824b0eee01ab1fc4155185a69980d39,Caesars,spreads,full_game,2025-12-02 00:00:00+00:00,2025-12-01 23:52:20+00:00,Troy Trojans,West Georgia Wolves,,,-17.5,-110.0,17.5,-110.0,,,,2025-12-02,1.0,False,142.7099151611328,4.253995895385742,70.08457,76.91134,1.4735365,3.1383388,142.7099151611328,4.253995895385742,,-13.246004104614258,,-0.7569145202636719,,,,0.6474190897563756,0.35258091024362437,,,,,,
401825387,2025.0,2025-12-01,Troy Trojans,West Georgia Wolves,0.0,0.0,,,,,False,Trojan Arena,2025-12-02 00:00:00+00:00,,2025-12-01 19:00,EST,2025-12-02T00:00:00Z,2025-12-01,,,troytrojans::westgeorgiawolves,2824b0eee01ab1fc4155185a69980d39,Caesars,totals,full_game,2025-12-02 00:00:00+00:00,2025-12-01 23:52:20+00:00,Troy Trojans,West Georgia Wolves,,,,,,,150.5,-110.0,-110.0,2025-12-02,1.0,False,142.7099151611328,4.253995895385742,70.08457,76.91134,1.4735365,3.1383388,142.7099151611328,4.253995895385742,-7.7900848388671875,,-0.05176136105559593,,-0.25966949462890626,,,0.6474190897563756,0.35258091024362437,,,,,,
401825387,2025.0,2025-12-01,Troy Trojans,West Georgia Wolves,0.0,0.0,,,,,False,Trojan Arena,2025-12-02 00:00:00+00:00,,2025-12-01 19:00,EST,2025-12-02T00:00:00Z,2025-12-01,,,troytrojans::westgeorgiawolves,2824b0eee01ab1fc4155185a69980d39,DraftKings,h2h,2h,2025-12-02 00:00:00+00:00,2025-12-01 23:54:53+00:00,Troy Trojans,West Georgia Wolves,-2100.0,1100.0,,,,,,,,2025-12-02,1.0,False,142.7099151611328,4.253995895385742,70.08457,76.91134,1.4735365,3.1383388,76.91134,3.1383388,,,,,,0.9545454545454546,0.08333333333333333,0.6102430817703517,0.3897569182296483,-1.0,0.3342802744323436,-0.36069772385963156,3.6770830187557797,0.047619047619047616,11.0
401825387,2025.0,2025-12-01,Troy Trojans,West Georgia Wolves,0.0,0.0,,,,,False,Trojan Arena,2025-12-02 00:00:00+00:00,,2025-12-01 19:00,EST,2025-12-02T00:00:00Z,2025-12-01,,,troytrojans::westgeorgiawolves,2824b0eee01ab1fc4155185a69980d39,DraftKings,spreads,full_game,2025-12-02 00:00:00+00:00,2025-12-01 23:54:53+00:00,Troy Trojans,West Georgia Wolves,,,-17.5,-108.0,17.5,-112.0,,,,2025-12-02,1.0,False,142.7099151611328,4.253995895385742,70.08457,76.91134,1.4735365,3.1383388,142.7099151611328,4.253995895385742,,-13.246004104614258,,-0.7569145202636719,,,,0.6474190897563756,0.35258091024362437,,,,,,
401825387,2025.0,2025-12-01,Troy Trojans,West Georgia Wolves,0.0,0.0,,,,,False,Trojan Arena,2025-12-02 00:00:00+00:00,,2025-12-01 19:00,EST,2025-12-02T00:00:00Z,2025-12-01,,,troytrojans::westgeorgiawolves,2824b0eee01ab1fc4155185a69980d39,DraftKings,totals,full_game,2025-12-02 00:00:00+00:00,2025-12-01 23:54:53+00:00,Troy Trojans,West Georgia Wolves,,,,,,,150.5,-112.0,-108.0,2025-12-02,1.0,False,142.7099151611328,4.253995895385742,70.08457,76.91134,1.4735365,3.1383388,142.7099151611328,4.253995895385742,-7.7900848388671875,,-0.05176136105559593,,-0.25966949462890626,,,0.6474190897563756,0.35258091024362437,,,,,,
401825387,2025.0,2025-12-01,Troy Trojans,West Georgia Wolves,0.0,0.0,,,,,False,Trojan Arena,2025-12-02 00:00:00+00:00,,2025-12-01 19:00,EST,2025-12-02T00:00:00Z,2025-12-01,,,troytrojans::westgeorgiawolves,2824b0eee01ab1fc4155185a69980d39,FanDuel,h2h,2h,2025-12-02 00:00:00+00:00,2025-12-01 23:54:50+00:00,Troy Trojans,West Georgia Wolves,-3500.0,1280.0,,,,,,,,2025-12-02,1.0,False,142.7099151611328,4.253995895385742,70.08457,76.91134,1.4735365,3.1383388,76.91134,3.1383388,,,,,,0.9722222222222222,0.07246376811594203,0.6102430817703517,0.3897569182296483,-1.0,0.3420816774663396,-0.37232140160763827,4.378645471569147,0.02857142857142857,12.8
401825387,2025.0,2025-12-01,Troy Trojans,West Georgia Wolves,0.0,0.0,,,,,False,Trojan Arena,2025-12-02 00:00:00+00:00,,2025-12-01 19:00,EST,2025-12-02T00:00:00Z,2025-12-01,,,troytrojans::westgeorgiawolves,2824b0eee01ab1fc4155185a69980d39,FanDuel,spreads,full_game,2025-12-02 00:00:00+00:00,2025-12-01 23:54:50+00:00,Troy Trojans,West Georgia Wolves,,,-17.5,-114.0,17.5,-106.0,,,,2025-12-02,1.0,False,142.7099151611328,4.253995895385742,70.08457,76.91134,1.4735365,3.1383388,142.7099151611328,4.253995895385742,,-13.246004104614258,,-0.7569145202636719,,,,0.6474190897563756,0.35258091024362437,,,,,,
401825387,2025.0,2025-12-01,Troy Trojans,West Georgia Wolves,0.0,0.0,,,,,False,Trojan Arena,2025-12-02 00:00:00+00:00,,2025-12-01 19:00,EST,2025-12-02T00:00:00Z,2025-12-01,,,troytrojans::westgeorgiawolves,2824b0eee01ab1fc4155185a69980d39,FanDuel,totals,full_game,2025-12-02 00:00:00+00:00,2025-12-01 23:54:50+00:00,Troy Trojans,West Georgia Wolves,,,,,,,149.5,-115.0,-105.0,2025-12-02,1.0,False,142.7099151611328,4.253995895385742,70.08457,76.91134,1.4735365,3.1383388,142.7099151611328,4.253995895385742,-6.7900848388671875,,-0.04541862768473035,,-0.2263361612955729,,,0.6474190897563756,0.35258091024362437,,,,,,
401825387,2025.0,2025-12-01,Troy Trojans,West Georgia Wolves,0.0,0.0,,,,,False,Trojan Arena,2025-12-02 00:00:00+00:00,,2025-12-01 19:00,EST,2025-12-02T00:00:00Z,2025-12-01,,,troytrojans::westgeorgiawolves,2824b0eee01ab1fc4155185a69980d39,Fanatics,h2h,2h,2025-12-02 00:00:00+00:00,2025-12-01 23:54:36+00:00,Troy Trojans,West Georgia Wolves,-2000.0,1100.0,,,,,,,,2025-12-02,1.0,False,142.7099151611328,4.253995895385742,70.08457,76.91134,1.4735365,3.1383388,76.91134,3.1383388,,,,,,0.9523809523809523,0.08333333333333333,0.6102430817703517,0.3897569182296483,-1.0,0.3342802744323436,-0.3592447641411307,3.6770830187557797,0.05,11.0
401825387,2025.0,2025-12-01,Troy Trojans,West Georgia Wolves,0.0,0.0,,,,,False,Trojan Arena,2025-12-02 00:00:00+00:00,,2025-12-01 19:00,EST,2025-12-02T00:00:00Z,2025-12-01,,,troytrojans::westgeorgiawolves,2824b0eee01ab1fc4155185a69980d39,Fanatics,spreads,full_game,2025-12-02 00:00:00+00:00,2025-12-01 23:54:36+00:00,Troy Trojans,West Georgia Wolves,,,-17.5,-110.0,17.5,-110.0,,,,2025-12-02,1.0,False,142.7099151611328,4.253995895385742,70.08457,76.91134,1.4735365,3.1383388,142.7099151611328,4.253995895385742,,-13.246004104614258,,-0.7569145202636719,,,,0.6474190897563756,0.35258091024362437,,,,,,
401825387,2025.0,2025-12-01,Troy Trojans,West Georgia Wolves,0.0,0.0,,,,,False,Trojan Arena,2025-12-02 00:00:00+00:00,,2025-12-01 19:00,EST,2025-12-02T00:00:00Z,2025-12-01,,,troytrojans::westgeorgiawolves,2824b0eee01ab1fc4155185a69980d39,Fanatics,totals,full_game,2025-12-02 00:00:00+00:00,2025-12-01 23:54:36+00:00,Troy Trojans,West Georgia Wolves,,,,,,,150.0,-110.0,-110.0,2025-12-02,1.0,False,142.7099151611328,4.253995895385742,70.08457,76.91134,1.4735365,3.1383388,142.7099151611328,4.253995895385742,-7.2900848388671875,,-0.048600565592447915,,-0.24300282796223957,,,0.6474190897563756,0.35258091024362437,,,,,,
401825387,2025.0,2025-12-01,Troy Trojans,West Georgia Wolves,0.0,0.0,,,,,False,Trojan Arena,2025-12-02 00:00:00+00:00,,2025-12-01 19:00,EST,2025-12-02T00:00:00Z,2025-12-01,,,troytrojans::westgeorgiawolves,2824b0eee01ab1fc4155185a69980d39,LowVig.ag,spreads,full_game,2025-12-02 00:00:00+00:00,2025-12-01 23:54:53+00:00,Troy Trojans,West Georgia Wolves,,,-17.5,-106.0,17.5,-106.0,,,,2025-12-02,1.0,False,142.7099151611328,4.253995895385742,70.08457,76.91134,1.4735365,3.1383388,142.7099151611328,4.253995895385742,,-13.246004104614258,,-0.7569145202636719,,,,0.6474190897563756,0.35258091024362437,,,,,,
401825387,2025.0,2025-12-01,Troy Trojans,West Georgia Wolves,0.0,0.0,,,,,False,Trojan Arena,2025-12-02 00:00:00+00:00,,2025-12-01 19:00,EST,2025-12-02T00:00:00Z,2025-12-01,,,troytrojans::westgeorgiawolves,2824b0eee01ab1fc4155185a69980d39,LowVig.ag,totals,full_game,2025-12-02 00:00:00+00:00,2025-12-01 23:54:53+00:00,Troy Trojans,West Georgia Wolves,,,,,,,150.5,-108.0,-108.0,2025-12-02,1.0,False,142.7099151611328,4.253995895385742,70.08457,76.91134,1.4735365,3.1383388,142.7099151611328,4.253995895385742,-7.7900848388671875,,-0.05176136105559593,,-0.25966949462890626,,,0.6474190897563756,0.35258091024362437,,,,,,
401812384,,2025-12-01,,,,,,,,,,,,,,,,,,,stfrancisparedflash::xavier,c98b3c690645457e9f36e6ff72390393,DraftKings,h2h,2h,2025-12-02 00:05:00+00:00,2025-12-01 23:54:53+00:00,Xavier Musketeers,St. Francis (PA) Red Flash,-9000.0,2500.0,,,,,,,,2025-12-02,1.0,True,148.98065185546875,29.02671813964844,72.85831,79.057396,13.665759,15.487422,79.057396,15.487422,,,,,,0.989010989010989,0.038461538461538464,0.9013654217988044,0.09863457820119559,-1.0,0.0625799613292434,-0.08861940684787553,1.564499033231085,0.011111111111111112,25.0
401812384,,2025-12-01,,,,,,,,,,,,,,,,,,,stfrancisparedflash::xavier,c98b3c690645457e9f36e6ff72390393,FanDuel,h2h,2h,2025-12-02 00:00:00+00:00,2025-11-30 19:30:28+00:00,Xavier Musketeers,St. Francis (PA) Red Flash,-20000.0,3500.0,,,,,,,,2025-12-02,1.0,True,148.98065185546875,29.02671813964844,72.85831,79.057396,13.665759,15.487422,79.057396,15.487422,,,,,,0.9950248756218906,0.027777777777777776,0.9013654217988044,0.09863457820119559,-1.0,0.07288128043551546,-0.09412775109220156,2.550844815243041,0.005,35.0
401812384,,2025-12-01,,,,,,,,,,,,,,,,,,,stfrancisparedflash::xavier,c98b3c690645457e9f36e6ff72390393,Fanatics,h2h,2h,2025-12-02 00:05:00+00:00,2025-12-01 23:54:36+00:00,Xavier Musketeers,St. Francis (PA) Red Flash,-20000.0,4500.0,,,,,,,,2025-12-02,1.0,True,148.98065185546875,29.02671813964844,72.85831,79.057396,13.665759,15.487422,79.057396,15.487422,,,,,,0.9950248756218906,0.021739130434782608,0.9013654217988044,0.09863457820119559,-1.0,0.07860423549455549,-0.09412775109220156,3.537190597254997,0.005,45.0
401812384,,2025-12-01,,,,,,,,,,,,,,,,,,,stfrancisparedflash::xavier,c98b3c690645457e9f36e6ff72390393,BetMGM,spreads,full_game,2025-12-02 00:05:00+00:00,2025-12-01 23:54:51+00:00,Xavier Musketeers,St. Francis (PA) Red Flash,,,-27.5,-105.0,27.5,-115.0,,,,2025-12-02,1.0,True,148.98065185546875,29.02671813964844,72.85831,79.057396,13.665759,15.487422,148.98065185546875,29.02671813964844,,1.526718139648441,,0.05551702325994331,,,,0.9844293441551293,0.015570655844870718,,,,,,
401812384,,2025-12-01,,,,,,,,,,,,,,,,,,,stfrancisparedflash::xavier,c98b3c690645457e9f36e6ff72390393,BetOnline.ag,spreads,full_game,2025-12-02 00:05:00+00:00,2025-12-01 23:54:37+00:00,Xavier Musketeers,St. Francis (PA) Red Flash,,,-27.5,-110.0,27.5,-110.0,,,,2025-12-02,1.0,True,148.98065185546875,29.02671813964844,72.85831,79.057396,13.665759,15.487422,148.98065185546875,29.02671813964844,,1.526718139648441,,0.05551702325994331,,,,0.9844293441551293,0.015570655844870718,,,,,,
401812384,,2025-12-01,,,,,,,,,,,,,,,,,,,stfrancisparedflash::xavier,c98b3c690645457e9f36e6ff72390393,BetRivers,spreads,full_game,2025-12-02 00:05:00+00:00,2025-12-01 23:54:34+00:00,Xavier Musketeers,St. Francis (PA) Red Flash,,,-28.0,-112.0,28.0,-112.0,,,,2025-12-02,1.0,True,148.98065185546875,29.02671813964844,72.85831,79.057396,13.665759,15.487422,148.98065185546875,29.02671813964844,,1.026718139648441,,0.036668504987444325,,,,0.9844293441551293,0.015570655844870718,,,,,,
401812384,,2025-12-01,,,,,,,,,,,,,,,,,,,stfrancisparedflash::xavier,c98b3c690645457e9f36e6ff72390393,Bovada,spreads,full_game,2025-12-02 00:05:00+00:00,2025-12-01 23:54:56+00:00,Xavier Musketeers,St. Francis (PA) Red Flash,,,-28.0,-105.0,28.0,-115.0,,,,2025-12-02,1.0,True,148.98065185546875,29.02671813964844,72.85831,79.057396,13.665759,15.487422,148.98065185546875,29.02671813964844,,1.026718139648441,,0.036668504987444325,,,,0.9844293441551293,0.015570655844870718,,,,,,
401812384,,2025-12-01,,,,,,,,,,,,,,,,,,,stfrancisparedflash::xavier,c98b3c690645457e9f36e6ff72390393,Caesars,spreads,full_game,2025-12-02 00:05:00+00:00,2025-12-01 23:52:20+00:00,Xavier Musketeers,St. Francis (PA) Red Flash,,,-27.5,-110.0,27.5,-110.0,,,,2025-12-02,1.0,True,148.98065185546875,29.02671813964844,72.85831,79.057396,13.665759,15.487422,148.98065185546875,29.02671813964844,,1.526718139648441,,0.05551702325994331,,,,0.9844293441551293,0.015570655844870718,,,,,,
401812384,,2025-12-01,,,,,,,,,,,,,,,,,,,stfrancisparedflash::xavier,c98b3c690645457e9f36e6ff72390393,DraftKings,spreads,full_game,2025-12-02 00:05:00+00:00,2025-12-01 23:54:53+00:00,Xavier Musketeers,St. Francis (PA) Red Flash,,,-27.5,-105.0,27.5,-115.0,,,,2025-12-02,1.0,True,148.98065185546875,29.02671813964844,72.85831,79.057396,13.665759,15.487422,148.98065185546875,29.02671813964844,,1.526718139648441,,0.05551702325994331,,,,0.9844293441551293,0.015570655844870718,,,,,,
401812384,,2025-12-01,,,,,,,,,,,,,,,,,,,stfrancisparedflash::xavier,c98b3c690645457e9f36e6ff72390393,FanDuel,spreads,full_game,2025-12-02 00:05:00+00:00,2025-12-01 23:54:50+00:00,Xavier Musketeers,St. Francis (PA) Red Flash,,,-27.5,-110.0,27.5,-110.0,,,,2025-12-02,1.0,True,148.98065185546875,29.02671813964844,72.85831,79.057396,13.665759,15.487422,148.98065185546875,29.02671813964844,,1.526718139648441,,0.05551702325994331,,,,0.9844293441551293,0.015570655844870718,,,,,,
401812384,,2025-12-01,,,,,,,,,,,,,,,,,,,stfrancisparedflash::xavier,c98b3c690645457e9f36e6ff72390393,Fanatics,spreads,full_game,2025-12-02 00:05:00+00:00,2025-12-01 23:54:36+00:00,Xavier Musketeers,St. Francis (PA) Red Flash,,,-27.5,-110.0,27.5,-110.0,,,,2025-12-02,1.0,True,148.98065185546875,29.02671813964844,72.85831,79.057396,13.665759,15.487422,148.98065185546875,29.02671813964844,,1.526718139648441,,0.05551702325994331,,,,0.9844293441551293,0.015570655844870718,,,,,,
401812384,,2025-12-01,,,,,,,,,,,,,,,,,,,stfrancisparedflash::xavier,c98b3c690645457e9f36e6ff72390393,LowVig.ag,spreads,full_game,2025-12-02 00:05:00+00:00,2025-12-01 23:54:53+00:00,Xavier Musketeers,St. Francis (PA) Red Flash,,,-27.5,-106.0,27.5,-106.0,,,,2025-12-02,1.0,True,148.98065185546875,29.02671813964844,72.85831,79.057396,13.665759,15.487422,148.98065185546875,29.02671813964844,,1.526718139648441,,0.05551702325994331,,,,0.9844293441551293,0.015570655844870718,,,,,,
401812384,,2025-12-01,,,,,,,,,,,,,,,,,,,stfrancisparedflash::xavier,c98b3c690645457e9f36e6ff72390393,BetMGM,totals,full_game,2025-12-02 00:05:00+00:00,2025-12-01 23:54:51+00:00,Xavier Musketeers,St. Francis (PA) Red Flash,,,,,,,152.5,-110.0,-110.0,2025-12-02,1.0,True,148.98065185546875,29.02671813964844,72.85831,79.057396,13.665759,15.487422,148.98065185546875,29.02671813964844,-3.51934814453125,,-0.02307769275102459,,-0.11731160481770833,,,0.9844293441551293,0.015570655844870718,,,,,,
401812384,,2025-12-01,,,,,,,,,,,,,,,,,,,stfrancisparedflash::xavier,c98b3c690645457e9f36e6ff72390393,BetOnline.ag,totals,full_game,2025-12-02 00:05:00+00:00,2025-12-01 23:54:37+00:00,Xavier Musketeers,St. Francis (PA) Red Flash,,,,,,,152.0,-110.0,-110.0,2025-12-02,1.0,True,148.98065185546875,29.02671813964844,72.85831,79.057396,13.665759,15.487422,148.98065185546875,29.02671813964844,-3.01934814453125,,-0.019864132529810855,,-0.10064493815104167,,,0.9844293441551293,0.015570655844870718,,,,,,
401812384,,2025-12-01,,,,,,,,,,,,,,,,,,,stfrancisparedflash::xavier,c98b3c690645457e9f36e6ff72390393,BetRivers,totals,full_game,2025-12-02 00:05:00+00:00,2025-12-01 23:54:34+00:00,Xavier Musketeers,St. Francis (PA) Red Flash,,,,,,,151.0,-112.0,-110.0,2025-12-02,1.0,True,148.98065185546875,29.02671813964844,72.85831,79.057396,13.665759,15.487422,148.98065185546875,29.02671813964844,-2.01934814453125,,-0.013373166520074503,,-0.06731160481770833,,,0.9844293441551293,0.015570655844870718,,,,,,
401812384,,2025-12-01,,,,,,,,,,,,,,,,,,,stfrancisparedflash::xavier,c98b3c690645457e9f36e6ff72390393,Bovada,totals,full_game,2025-12-02 00:05:00+00:00,2025-12-01 23:54:56+00:00,Xavier Musketeers,St. Francis (PA) Red Flash,,,,,,,151.5,-105.0,-115.0,2025-12-02,1.0,True,148.98065185546875,29.02671813964844,72.85831,79.057396,13.665759,15.487422,148.98065185546875,29.02671813964844,-2.51934814453125,,-0.016629360689975246,,-0.083978271484375,,,0.9844293441551293,0.015570655844870718,,,,,,
401812384,,2025-12-01,,,,,,,,,,,,,,,,,,,stfrancisparedflash::xavier,c98b3c690645457e9f36e6ff72390393,Caesars,totals,full_game,2025-12-02 00:05:00+00:00,2025-12-01 23:52:20+00:00,Xavier Musketeers,St. Francis (PA) Red Flash,,,,,,,153.0,-110.0,-110.0,2025-12-02,1.0,True,148.98065185546875,29.02671813964844,72.85831,79.057396,13.665759,15.487422,148.98065185546875,29.02671813964844,-4.01934814453125,,-0.026270249310661766,,-0.133978271484375,,,0.9844293441551293,0.015570655844870718,,,,,,
401812384,,2025-12-01,,,,,,,,,,,,,,,,,,,stfrancisparedflash::xavier,c98b3c690645457e9f36e6ff72390393,DraftKings,totals,full_game,2025-12-02 00:05:00+00:00,2025-12-01 23:54:53+00:00,Xavier Musketeers,St. Francis (PA) Red Flash,,,,,,,152.5,-108.0,-112.0,2025-12-02,1.0,True,148.98065185546875,29.02671813964844,72.85831,79.057396,13.665759,15.487422,148.98065185546875,29.02671813964844,-3.51934814453125,,-0.02307769275102459,,-0.11731160481770833,,,0.9844293441551293,0.015570655844870718,,,,,,
401812384,,2025-12-01,,,,,,,,,,,,,,,,,,,stfrancisparedflash::xavier,c98b3c690645457e9f36e6ff72390393,FanDuel,totals,full_game,2025-12-02 00:05:00+00:00,2025-12-01 23:54:50+00:00,Xavier Musketeers,St. Francis (PA) Red Flash,,,,,,,152.5,-110.0,-110.0,2025-12-02,1.0,True,148.98065185546875,29.02671813964844,72.85831,79.057396,13.665759,15.487422,148.98065185546875,29.02671813964844,-3.51934814453125,,-0.02307769275102459,,-0.11731160481770833,,,0.9844293441551293,0.015570655844870718,,,,,,
401812384,,2025-12-01,,,,,,,,,,,,,,,,,,,stfrancisparedflash::xavier,c98b3c690645457e9f36e6ff72390393,Fanatics,totals,full_game,2025-12-02 00:05:00+00:00,2025-12-01 23:54:36+00:00,Xavier Musketeers,St. Francis (PA) Red Flash,,,,,,,151.5,-110.0,-110.0,2025-12-02,1.0,True,148.98065185546875,29.02671813964844,72.85831,79.057396,13.665759,15.487422,148.98065185546875,29.02671813964844,-2.51934814453125,,-0.016629360689975246,,-0.083978271484375,,,0.9844293441551293,0.015570655844870718,,,,,,
401812384,,2025-12-01,,,,,,,,,,,,,,,,,,,stfrancisparedflash::xavier,c98b3c690645457e9f36e6ff72390393,LowVig.ag,totals,full_game,2025-12-02 00:05:00+00:00,2025-12-01 23:54:53+00:00,Xavier Musketeers,St. Francis (PA) Red Flash,,,,,,,152.0,-108.0,-108.0,2025-12-02,1.0,True,148.98065185546875,29.02671813964844,72.85831,79.057396,13.665759,15.487422,148.98065185546875,29.02671813964844,-3.01934814453125,,-0.019864132529810855,,-0.10064493815104167,,,0.9844293441551293,0.015570655844870718,,,,,,
401837346,,2025-12-01,,,,,,,,,,,,,,,,,,,chicagostate::southcarolinastate,f0898342c39ee288f8b5a34286a31987,FanDuel,h2h,2h,2025-12-01 17:00:00+00:00,2025-11-30 19:30:27+00:00,Chicago St Cougars,South Carolina St Bulldogs,-152.0,126.0,,,,,,,,2025-12-01,0.0,True,142.47486877441406,10.456232070922852,69.98927,77.057014,4.1565776,6.5392847,77.057014,6.5392847,,,,,,0.6031746031746031,0.4424778761061947,0.7179232614248193,0.2820767385751807,0.2891666187905447,-0.2877036276349934,0.1902411965727268,-0.3625065708200917,0.6578947368421053,1.26
401837346,,2025-12-01,,,,,,,,,,,,,,,,,,,chicagostate::southcarolinastate,f0898342c39ee288f8b5a34286a31987,Fanatics,h2h,2h,2025-12-01 17:00:00+00:00,2025-11-30 19:30:26+00:00,Chicago St Cougars,South Carolina St Bulldogs,-150.0,125.0,,,,,,,,2025-12-01,0.0,True,142.47486877441406,10.456232070922852,69.98927,77.057014,4.1565776,6.5392847,77.057014,6.5392847,,,,,,0.6,0.4444444444444444,0.7179232614248193,0.2820767385751807,0.2948081535620483,-0.2922618705646748,0.19653876904136552,-0.3653273382058435,0.6666666666666666,1.25
401837346,,2025-12-01,,,,,,,,,,,,,,,,,,,chicagostate::southcarolinastate,f0898342c39ee288f8b5a34286a31987,BetOnline.ag,spreads,full_game,2025-12-01 17:00:00+00:00,2025-11-30 19:29:59+00:00,Chicago St Cougars,South Carolina St Bulldogs,,,-2.5,-115.0,2.5,-105.0,,,,2025-12-01,0.0,True,142.47486877441406,10.456232070922852,69.98927,77.057014,4.1565776,6.5392847,142.47486877441406,10.456232070922852,,7.956232070922852,,3.1824928283691407,,,,0.8166400765096837,0.18335992349031627,,,,,,
401837346,,2025-12-01,,,,,,,,,,,,,,,,,,,chicagostate::southcarolinastate,f0898342c39ee288f8b5a34286a31987,FanDuel,spreads,full_game,2025-12-01 17:00:00+00:00,2025-11-30 19:30:27+00:00,Chicago St Cougars,South Carolina St Bulldogs,,,-2.5,-110.0,2.5,-110.0,,,,2025-12-01,0.0,True,142.47486877441406,10.456232070922852,69.98927,77.057014,4.1565776,6.5392847,142.47486877441406,10.456232070922852,,7.956232070922852,,3.1824928283691407,,,,0.8166400765096837,0.18335992349031627,,,,,,
401837346,,2025-12-01,,,,,,,,,,,,,,,,,,,chicagostate::southcarolinastate,f0898342c39ee288f8b5a34286a31987,Fanatics,spreads,full_game,2025-12-01 17:00:00+00:00,2025-11-30 19:30:26+00:00,Chicago St Cougars,South Carolina St Bulldogs,,,-2.5,-110.0,2.5,-110.0,,,,2025-12-01,0.0,True,142.47486877441406,10.456232070922852,69.98927,77.057014,4.1565776,6.5392847,142.47486877441406,10.456232070922852,,7.956232070922852,,3.1824928283691407,,,,0.8166400765096837,0.18335992349031627,,,,,,
401837346,,2025-12-01,,,,,,,,,,,,,,,,,,,chicagostate::southcarolinastate,f0898342c39ee288f8b5a34286a31987,LowVig.ag,spreads,full_game,2025-12-01 17:00:00+00:00,2025-11-30 19:29:57+00:00,Chicago St Cougars,South Carolina St Bulldogs,,,-2.5,-111.0,2.5,-101.0,,,,2025-12-01,0.0,True,142.47486877441406,10.456232070922852,69.98927,77.057014,4.1565776,6.5392847,142.47486877441406,10.456232070922852,,7.956232070922852,,3.1824928283691407,,,,0.8166400765096837,0.18335992349031627,,,,,,
401837346,,2025-12-01,,,,,,,,,,,,,,,,,,,chicagostate::southcarolinastate,f0898342c39ee288f8b5a34286a31987,BetOnline.ag,totals,full_game,2025-12-01 17:00:00+00:00,2025-11-30 19:29:59+00:00,Chicago St Cougars,South Carolina St Bulldogs,,,,,,,149.5,-110.0,-110.0,2025-12-01,0.0,True,142.47486877441406,10.456232070922852,69.98927,77.057014,4.1565776,6.5392847,142.47486877441406,10.456232070922852,-7.0251312255859375,,-0.046990844318300584,,-0.23417104085286458,,,0.8166400765096837,0.18335992349031627,,,,,,
401837346,,2025-12-01,,,,,,,,,,,,,,,,,,,chicagostate::southcarolinastate,f0898342c39ee288f8b5a34286a31987,FanDuel,totals,full_game,2025-12-01 17:00:00+00:00,2025-11-30 19:30:27+00:00,Chicago St Cougars,South Carolina St Bulldogs,,,,,,,149.5,-110.0,-110.0,2025-12-01,0.0,True,142.47486877441406,10.456232070922852,69.98927,77.057014,4.1565776,6.5392847,142.47486877441406,10.456232070922852,-7.0251312255859375,,-0.046990844318300584,,-0.23417104085286458,,,0.8166400765096837,0.18335992349031627,,,,,,
401837346,,2025-12-01,,,,,,,,,,,,,,,,,,,chicagostate::southcarolinastate,f0898342c39ee288f8b5a34286a31987,Fanatics,totals,full_game,2025-12-01 17:00:00+00:00,2025-11-30 19:30:26+00:00,Chicago St Cougars,South Carolina St Bulldogs,,,,,,,149.5,-110.0,-110.0,2025-12-01,0.0,True,142.47486877441406,10.456232070922852,69.98927,77.057014,4.1565776,6.5392847,142.47486877441406,10.456232070922852,-7.0251312255859375,,-0.046990844318300584,,-0.23417104085286458,,,0.8166400765096837,0.18335992349031627,,,,,,
401837346,,2025-12-01,,,,,,,,,,,,,,,,,,,chicagostate::southcarolinastate,f0898342c39ee288f8b5a34286a31987,LowVig.ag,totals,full_game,2025-12-01 17:00:00+00:00,2025-11-30 19:29:57+00:00,Chicago St Cougars,South Carolina St Bulldogs,,,,,,,149.5,-108.0,-108.0,2025-12-01,0.0,True,142.47486877441406,10.456232070922852,69.98927,77.057014,4.1565776,6.5392847,142.47486877441406,10.456232070922852,-7.0251312255859375,,-0.046990844318300584,,-0.23417104085286458,,,0.8166400765096837,0.18335992349031627,,,,,,
