game_id,season,date_game,home_team,away_team,home_score,away_score,home_score_1h,away_score_1h,home_score_2h,away_score_2h,neutral_site,venue,start_time,source,start_time_local,start_tz_abbr,start_time_iso,display_date,start_time_local_venue,start_tz_abbr_venue,pair_key,event_id,book,market,period,commence_time,last_update,home_team_name,away_team_name,moneyline_home,moneyline_away,home_spread,home_spread_price,away_spread,away_spread_price,total,over_price,under_price,date_line,_day_diff,partial_pair,pred_total_full,pred_margin_full,pred_total_1h,pred_total_2h,pred_margin_1h,pred_margin_2h,pred_total,pred_margin,edge_total,edge_margin,edge_total_pct,edge_margin_pct,kelly_fraction_total,home_ml_prob_market,away_ml_prob_market,home_ml_prob_fair,away_ml_prob_fair,kelly_fraction_ml_home,kelly_fraction_ml_away,home_ml_ev,away_ml_ev,home_ml_b,away_ml_b
401811970,2025.0,2025-11-30,Charleston Cougars,Belmont Bruins,0.0,0.0,,,,,False,TD Arena,2025-11-30 20:30:00+00:00,,2025-11-30 15:30,EST,2025-11-30T20:30:00Z,2025-11-30,,,belmont::charleston,670c2a5a3b39c16a2ffb62aea9737270,BetMGM,h2h,2h,2025-11-30 20:30:00+00:00,2025-11-30 19:31:23+00:00,Charleston Cougars,Belmont Bruins,135.0,-160.0,,,,,,,,2025-11-30,0.0,False,144.7665252685547,9.280475616455078,70.980415,77.5116,4.0937295,5.5028763,77.5116,5.5028763,,,,,,0.425531914893617,0.6153846153846154,0.6869987278820969,0.3130012721179031,0.45514593372068723,-0.786196692493452,0.6144470105229278,-0.4913729328084075,1.35,0.625
401811970,2025.0,2025-11-30,Charleston Cougars,Belmont Bruins,0.0,0.0,,,,,False,TD Arena,2025-11-30 20:30:00+00:00,,2025-11-30 15:30,EST,2025-11-30T20:30:00Z,2025-11-30,,,belmont::charleston,670c2a5a3b39c16a2ffb62aea9737270,BetMGM,spreads,full_game,2025-11-30 20:30:00+00:00,2025-11-30 19:31:23+00:00,Charleston Cougars,Belmont Bruins,,,2.5,-102.0,-2.5,-118.0,,,,2025-11-30,0.0,False,144.7665252685547,9.280475616455078,70.980415,77.5116,4.0937295,5.5028763,144.7665252685547,9.280475616455078,,11.780475616455078,,4.712190246582031,,,,0.7901421104841855,0.20985788951581452,,,,,,
401811970,2025.0,2025-11-30,Charleston Cougars,Belmont Bruins,0.0,0.0,,,,,False,TD Arena,2025-11-30 20:30:00+00:00,,2025-11-30 15:30,EST,2025-11-30T20:30:00Z,2025-11-30,,,belmont::charleston,670c2a5a3b39c16a2ffb62aea9737270,BetMGM,totals,full_game,2025-11-30 20:30:00+00:00,2025-11-30 19:31:23+00:00,Charleston Cougars,Belmont Bruins,,,,,,,154.5,-110.0,-110.0,2025-11-30,0.0,False,144.7665252685547,9.280475616455078,70.980415,77.5116,4.0937295,5.5028763,144.7665252685547,9.280475616455078,-9.733474731445312,,-0.06299983644948422,,-0.32444915771484373,,,0.7901421104841855,0.20985788951581452,,,,,,
401811970,2025.0,2025-11-30,Charleston Cougars,Belmont Bruins,0.0,0.0,,,,,False,TD Arena,2025-11-30 20:30:00+00:00,,2025-11-30 15:30,EST,2025-11-30T20:30:00Z,2025-11-30,,,belmont::charleston,670c2a5a3b39c16a2ffb62aea9737270,BetOnline.ag,h2h,2h,2025-11-30 20:30:00+00:00,2025-11-30 19:31:39+00:00,Charleston Cougars,Belmont Bruins,135.0,-155.0,,,,,,,,2025-11-30,0.0,False,144.7665252685547,9.280475616455078,70.980415,77.5116,4.0937295,5.5028763,77.5116,5.5028763,,,,,,0.425531914893617,0.6078431372549019,0.6869987278820969,0.3130012721179031,0.45514593372068723,-0.7518467560993471,0.6144470105229278,-0.4850624232899014,1.35,0.6451612903225806
401811970,2025.0,2025-11-30,Charleston Cougars,Belmont Bruins,0.0,0.0,,,,,False,TD Arena,2025-11-30 20:30:00+00:00,,2025-11-30 15:30,EST,2025-11-30T20:30:00Z,2025-11-30,,,belmont::charleston,670c2a5a3b39c16a2ffb62aea9737270,BetOnline.ag,spreads,full_game,2025-11-30 20:30:00+00:00,2025-11-30 19:31:39+00:00,Charleston Cougars,Belmont Bruins,,,3.0,-114.0,-3.0,-106.0,,,,2025-11-30,0.0,False,144.7665252685547,9.280475616455078,70.980415,77.5116,4.0937295,5.5028763,144.7665252685547,9.280475616455078,,12.280475616455078,,4.093491872151692,,,,0.7901421104841855,0.20985788951581452,,,,,,
401811970,2025.0,2025-11-30,Charleston Cougars,Belmont Bruins,0.0,0.0,,,,,False,TD Arena,2025-11-30 20:30:00+00:00,,2025-11-30 15:30,EST,2025-11-30T20:30:00Z,2025-11-30,,,belmont::charleston,670c2a5a3b39c16a2ffb62aea9737270,BetOnline.ag,totals,full_game,2025-11-30 20:30:00+00:00,2025-11-30 19:31:39+00:00,Charleston Cougars,Belmont Bruins,,,,,,,154.5,-110.0,-110.0,2025-11-30,0.0,False,144.7665252685547,9.280475616455078,70.980415,77.5116,4.0937295,5.5028763,144.7665252685547,9.280475616455078,-9.733474731445312,,-0.06299983644948422,,-0.32444915771484373,,,0.7901421104841855,0.20985788951581452,,,,,,
401811970,2025.0,2025-11-30,Charleston Cougars,Belmont Bruins,0.0,0.0,,,,,False,TD Arena,2025-11-30 20:30:00+00:00,,2025-11-30 15:30,EST,2025-11-30T20:30:00Z,2025-11-30,,,belmont::charleston,670c2a5a3b39c16a2ffb62aea9737270,BetRivers,h2h,2h,2025-11-30 20:30:00+00:00,2025-11-30 19:31:25+00:00,Charleston Cougars,Belmont Bruins,120.0,-159.0,,,,,,,,2025-11-30,0.0,False,144.7665252685547,9.280475616455078,70.980415,77.5116,4.0937295,5.5028763,77.5116,5.5028763,,,,,,0.45454545454545453,0.6138996138996139,0.6869987278820969,0.3130012721179031,0.426164334450511,-0.7793267052146311,0.5113972013406132,-0.49014258189599436,1.2,0.6289308176100629
401811970,2025.0,2025-11-30,Charleston Cougars,Belmont Bruins,0.0,0.0,,,,,False,TD Arena,2025-11-30 20:30:00+00:00,,2025-11-30 15:30,EST,2025-11-30T20:30:00Z,2025-11-30,,,belmont::charleston,670c2a5a3b39c16a2ffb62aea9737270,BetRivers,spreads,full_game,2025-11-30 20:30:00+00:00,2025-11-30 19:31:25+00:00,Charleston Cougars,Belmont Bruins,,,3.0,-115.0,-3.0,-108.0,,,,2025-11-30,0.0,False,144.7665252685547,9.280475616455078,70.980415,77.5116,4.0937295,5.5028763,144.7665252685547,9.280475616455078,,12.280475616455078,,4.093491872151692,,,,0.7901421104841855,0.20985788951581452,,,,,,
401811970,2025.0,2025-11-30,Charleston Cougars,Belmont Bruins,0.0,0.0,,,,,False,TD Arena,2025-11-30 20:30:00+00:00,,2025-11-30 15:30,EST,2025-11-30T20:30:00Z,2025-11-30,,,belmont::charleston,670c2a5a3b39c16a2ffb62aea9737270,BetRivers,totals,full_game,2025-11-30 20:30:00+00:00,2025-11-30 19:31:25+00:00,Charleston Cougars,Belmont Bruins,,,,,,,155.0,-109.0,-113.0,2025-11-30,0.0,False,144.7665252685547,9.280475616455078,70.980415,77.5116,4.0937295,5.5028763,144.7665252685547,9.280475616455078,-10.233474731445312,,-0.06602241762222782,,-0.3411158243815104,,,0.7901421104841855,0.20985788951581452,,,,,,
401811970,2025.0,2025-11-30,Charleston Cougars,Belmont Bruins,0.0,0.0,,,,,False,TD Arena,2025-11-30 20:30:00+00:00,,2025-11-30 15:30,EST,2025-11-30T20:30:00Z,2025-11-30,,,belmont::charleston,670c2a5a3b39c16a2ffb62aea9737270,BetUS,h2h,2h,2025-11-30 20:30:00+00:00,2025-11-30 19:30:11+00:00,Charleston Cougars,Belmont Bruins,134.0,-155.0,,,,,,,,2025-11-30,0.0,False,144.7665252685547,9.280475616455078,70.980415,77.5116,4.0937295,5.5028763,77.5116,5.5028763,,,,,,0.42735042735042733,0.6078431372549019,0.6869987278820969,0.3130012721179031,0.45341568898813944,-0.7518467560993471,0.6075770232441069,-0.4850624232899014,1.34,0.6451612903225806
401811970,2025.0,2025-11-30,Charleston Cougars,Belmont Bruins,0.0,0.0,,,,,False,TD Arena,2025-11-30 20:30:00+00:00,,2025-11-30 15:30,EST,2025-11-30T20:30:00Z,2025-11-30,,,belmont::charleston,670c2a5a3b39c16a2ffb62aea9737270,BetUS,spreads,full_game,2025-11-30 20:30:00+00:00,2025-11-30 19:30:11+00:00,Charleston Cougars,Belmont Bruins,,,3.0,-110.0,-3.0,-110.0,,,,2025-11-30,0.0,False,144.7665252685547,9.280475616455078,70.980415,77.5116,4.0937295,5.5028763,144.7665252685547,9.280475616455078,,12.280475616455078,,4.093491872151692,,,,0.7901421104841855,0.20985788951581452,,,,,,
401811970,2025.0,2025-11-30,Charleston Cougars,Belmont Bruins,0.0,0.0,,,,,False,TD Arena,2025-11-30 20:30:00+00:00,,2025-11-30 15:30,EST,2025-11-30T20:30:00Z,2025-11-30,,,belmont::charleston,670c2a5a3b39c16a2ffb62aea9737270,BetUS,totals,full_game,2025-11-30 20:30:00+00:00,2025-11-30 19:30:11+00:00,Charleston Cougars,Belmont Bruins,,,,,,,154.5,-110.0,-110.0,2025-11-30,0.0,False,144.7665252685547,9.280475616455078,70.980415,77.5116,4.0937295,5.5028763,144.7665252685547,9.280475616455078,-9.733474731445312,,-0.06299983644948422,,-0.32444915771484373,,,0.7901421104841855,0.20985788951581452,,,,,,
401811970,2025.0,2025-11-30,Charleston Cougars,Belmont Bruins,0.0,0.0,,,,,False,TD Arena,2025-11-30 20:30:00+00:00,,2025-11-30 15:30,EST,2025-11-30T20:30:00Z,2025-11-30,,,belmont::charleston,670c2a5a3b39c16a2ffb62aea9737270,Bovada,h2h,2h,2025-11-30 20:30:00+00:00,2025-11-30 19:30:58+00:00,Charleston Cougars,Belmont Bruins,135.0,-160.0,,,,,,,,2025-11-30,0.0,False,144.7665252685547,9.280475616455078,70.980415,77.5116,4.0937295,5.5028763,77.5116,5.5028763,,,,,,0.425531914893617,0.6153846153846154,0.6869987278820969,0.3130012721179031,0.45514593372068723,-0.786196692493452,0.6144470105229278,-0.4913729328084075,1.35,0.625
401811970,2025.0,2025-11-30,Charleston Cougars,Belmont Bruins,0.0,0.0,,,,,False,TD Arena,2025-11-30 20:30:00+00:00,,2025-11-30 15:30,EST,2025-11-30T20:30:00Z,2025-11-30,,,belmont::charleston,670c2a5a3b39c16a2ffb62aea9737270,Bovada,spreads,full_game,2025-11-30 20:30:00+00:00,2025-11-30 19:30:58+00:00,Charleston Cougars,Belmont Bruins,,,3.0,-110.0,-3.0,-110.0,,,,2025-11-30,0.0,False,144.7665252685547,9.280475616455078,70.980415,77.5116,4.0937295,5.5028763,144.7665252685547,9.280475616455078,,12.280475616455078,,4.093491872151692,,,,0.7901421104841855,0.20985788951581452,,,,,,
401811970,2025.0,2025-11-30,Charleston Cougars,Belmont Bruins,0.0,0.0,,,,,False,TD Arena,2025-11-30 20:30:00+00:00,,2025-11-30 15:30,EST,2025-11-30T20:30:00Z,2025-11-30,,,belmont::charleston,670c2a5a3b39c16a2ffb62aea9737270,Bovada,totals,full_game,2025-11-30 20:30:00+00:00,2025-11-30 19:30:58+00:00,Charleston Cougars,Belmont Bruins,,,,,,,154.0,-115.0,-105.0,2025-11-30,0.0,False,144.7665252685547,9.280475616455078,70.980415,77.5116,4.0937295,5.5028763,144.7665252685547,9.280475616455078,-9.233474731445312,,-0.059957628126268266,,-0.30778249104817706,,,0.7901421104841855,0.20985788951581452,,,,,,
401811970,2025.0,2025-11-30,Charleston Cougars,Belmont Bruins,0.0,0.0,,,,,False,TD Arena,2025-11-30 20:30:00+00:00,,2025-11-30 15:30,EST,2025-11-30T20:30:00Z,2025-11-30,,,belmont::charleston,670c2a5a3b39c16a2ffb62aea9737270,Caesars,h2h,2h,2025-11-30 20:30:00+00:00,2025-11-30 19:27:07+00:00,Charleston Cougars,Belmont Bruins,140.0,-165.0,,,,,,,,2025-11-30,0.0,False,144.7665252685547,9.280475616455078,70.980415,77.5116,4.0937295,5.5028763,77.5116,5.5028763,,,,,,0.4166666666666667,0.6226415094339622,0.6869987278820969,0.3130012721179031,0.46342639065502333,-0.8205466288875569,0.6487969469170326,-0.49730098720457994,1.4,0.6060606060606061
401811970,2025.0,2025-11-30,Charleston Cougars,Belmont Bruins,0.0,0.0,,,,,False,TD Arena,2025-11-30 20:30:00+00:00,,2025-11-30 15:30,EST,2025-11-30T20:30:00Z,2025-11-30,,,belmont::charleston,670c2a5a3b39c16a2ffb62aea9737270,Caesars,spreads,full_game,2025-11-30 20:30:00+00:00,2025-11-30 19:27:07+00:00,Charleston Cougars,Belmont Bruins,,,3.0,-110.0,-3.0,-110.0,,,,2025-11-30,0.0,False,144.7665252685547,9.280475616455078,70.980415,77.5116,4.0937295,5.5028763,144.7665252685547,9.280475616455078,,12.280475616455078,,4.093491872151692,,,,0.7901421104841855,0.20985788951581452,,,,,,
401811970,2025.0,2025-11-30,Charleston Cougars,Belmont Bruins,0.0,0.0,,,,,False,TD Arena,2025-11-30 20:30:00+00:00,,2025-11-30 15:30,EST,2025-11-30T20:30:00Z,2025-11-30,,,belmont::charleston,670c2a5a3b39c16a2ffb62aea9737270,Caesars,totals,full_game,2025-11-30 20:30:00+00:00,2025-11-30 19:27:07+00:00,Charleston Cougars,Belmont Bruins,,,,,,,154.5,-110.0,-110.0,2025-11-30,0.0,False,144.7665252685547,9.280475616455078,70.980415,77.5116,4.0937295,5.5028763,144.7665252685547,9.280475616455078,-9.733474731445312,,-0.06299983644948422,,-0.32444915771484373,,,0.7901421104841855,0.20985788951581452,,,,,,
401811970,2025.0,2025-11-30,Charleston Cougars,Belmont Bruins,0.0,0.0,,,,,False,TD Arena,2025-11-30 20:30:00+00:00,,2025-11-30 15:30,EST,2025-11-30T20:30:00Z,2025-11-30,,,belmont::charleston,670c2a5a3b39c16a2ffb62aea9737270,DraftKings,h2h,2h,2025-11-30 20:30:00+00:00,2025-11-30 19:31:24+00:00,Charleston Cougars,Belmont Bruins,136.0,-162.0,,,,,,,,2025-11-30,0.0,False,144.7665252685547,9.280475616455078,70.980415,77.5116,4.0937295,5.5028763,77.5116,5.5028763,,,,,,0.423728813559322,0.6183206106870229,0.6869987278820969,0.3130012721179031,0.4568507336777564,-0.799936667051094,0.6213169978017488,-0.4937880660809222,1.36,0.6172839506172839
401811970,2025.0,2025-11-30,Charleston Cougars,Belmont Bruins,0.0,0.0,,,,,False,TD Arena,2025-11-30 20:30:00+00:00,,2025-11-30 15:30,EST,2025-11-30T20:30:00Z,2025-11-30,,,belmont::charleston,670c2a5a3b39c16a2ffb62aea9737270,DraftKings,spreads,full_game,2025-11-30 20:30:00+00:00,2025-11-30 19:31:24+00:00,Charleston Cougars,Belmont Bruins,,,3.5,-118.0,-3.5,-102.0,,,,2025-11-30,0.0,False,144.7665252685547,9.280475616455078,70.980415,77.5116,4.0937295,5.5028763,144.7665252685547,9.280475616455078,,12.780475616455078,,3.651564461844308,,,,0.7901421104841855,0.20985788951581452,,,,,,
401811970,2025.0,2025-11-30,Charleston Cougars,Belmont Bruins,0.0,0.0,,,,,False,TD Arena,2025-11-30 20:30:00+00:00,,2025-11-30 15:30,EST,2025-11-30T20:30:00Z,2025-11-30,,,belmont::charleston,670c2a5a3b39c16a2ffb62aea9737270,DraftKings,totals,full_game,2025-11-30 20:30:00+00:00,2025-11-30 19:31:24+00:00,Charleston Cougars,Belmont Bruins,,,,,,,154.5,-108.0,-112.0,2025-11-30,0.0,False,144.7665252685547,9.280475616455078,70.980415,77.5116,4.0937295,5.5028763,144.7665252685547,9.280475616455078,-9.733474731445312,,-0.06299983644948422,,-0.32444915771484373,,,0.7901421104841855,0.20985788951581452,,,,,,
401811970,2025.0,2025-11-30,Charleston Cougars,Belmont Bruins,0.0,0.0,,,,,False,TD Arena,2025-11-30 20:30:00+00:00,,2025-11-30 15:30,EST,2025-11-30T20:30:00Z,2025-11-30,,,belmont::charleston,670c2a5a3b39c16a2ffb62aea9737270,FanDuel,h2h,2h,2025-11-30 20:30:00+00:00,2025-11-30 19:31:10+00:00,Charleston Cougars,Belmont Bruins,130.0,-156.0,,,,,,,,2025-11-30,0.0,False,144.7665252685547,9.280475616455078,70.980415,77.5116,4.0937295,5.5028763,77.5116,5.5028763,,,,,,0.43478260869565216,0.609375,0.6869987278820969,0.3130012721179031,0.446228518560633,-0.758716743378168,0.5800970741288229,-0.48635688678087696,1.3,0.6410256410256411
401811970,2025.0,2025-11-30,Charleston Cougars,Belmont Bruins,0.0,0.0,,,,,False,TD Arena,2025-11-30 20:30:00+00:00,,2025-11-30 15:30,EST,2025-11-30T20:30:00Z,2025-11-30,,,belmont::charleston,670c2a5a3b39c16a2ffb62aea9737270,FanDuel,spreads,full_game,2025-11-30 20:30:00+00:00,2025-11-30 19:31:10+00:00,Charleston Cougars,Belmont Bruins,,,2.5,-108.0,-2.5,-112.0,,,,2025-11-30,0.0,False,144.7665252685547,9.280475616455078,70.980415,77.5116,4.0937295,5.5028763,144.7665252685547,9.280475616455078,,11.780475616455078,,4.712190246582031,,,,0.7901421104841855,0.20985788951581452,,,,,,
401811970,2025.0,2025-11-30,Charleston Cougars,Belmont Bruins,0.0,0.0,,,,,False,TD Arena,2025-11-30 20:30:00+00:00,,2025-11-30 15:30,EST,2025-11-30T20:30:00Z,2025-11-30,,,belmont::charleston,670c2a5a3b39c16a2ffb62aea9737270,FanDuel,totals,full_game,2025-11-30 20:30:00+00:00,2025-11-30 19:31:10+00:00,Charleston Cougars,Belmont Bruins,,,,,,,154.5,-110.0,-110.0,2025-11-30,0.0,False,144.7665252685547,9.280475616455078,70.980415,77.5116,4.0937295,5.5028763,144.7665252685547,9.280475616455078,-9.733474731445312,,-0.06299983644948422,,-0.32444915771484373,,,0.7901421104841855,0.20985788951581452,,,,,,
401811970,2025.0,2025-11-30,Charleston Cougars,Belmont Bruins,0.0,0.0,,,,,False,TD Arena,2025-11-30 20:30:00+00:00,,2025-11-30 15:30,EST,2025-11-30T20:30:00Z,2025-11-30,,,belmont::charleston,670c2a5a3b39c16a2ffb62aea9737270,LowVig.ag,h2h,2h,2025-11-30 20:30:00+00:00,2025-11-30 19:31:10+00:00,Charleston Cougars,Belmont Bruins,135.0,-155.0,,,,,,,,2025-11-30,0.0,False,144.7665252685547,9.280475616455078,70.980415,77.5116,4.0937295,5.5028763,77.5116,5.5028763,,,,,,0.425531914893617,0.6078431372549019,0.6869987278820969,0.3130012721179031,0.45514593372068723,-0.7518467560993471,0.6144470105229278,-0.4850624232899014,1.35,0.6451612903225806
401811970,2025.0,2025-11-30,Charleston Cougars,Belmont Bruins,0.0,0.0,,,,,False,TD Arena,2025-11-30 20:30:00+00:00,,2025-11-30 15:30,EST,2025-11-30T20:30:00Z,2025-11-30,,,belmont::charleston,670c2a5a3b39c16a2ffb62aea9737270,LowVig.ag,spreads,full_game,2025-11-30 20:30:00+00:00,2025-11-30 19:31:10+00:00,Charleston Cougars,Belmont Bruins,,,3.0,-110.0,-3.0,-102.0,,,,2025-11-30,0.0,False,144.7665252685547,9.280475616455078,70.980415,77.5116,4.0937295,5.5028763,144.7665252685547,9.280475616455078,,12.280475616455078,,4.093491872151692,,,,0.7901421104841855,0.20985788951581452,,,,,,
401811970,2025.0,2025-11-30,Charleston Cougars,Belmont Bruins,0.0,0.0,,,,,False,TD Arena,2025-11-30 20:30:00+00:00,,2025-11-30 15:30,EST,2025-11-30T20:30:00Z,2025-11-30,,,belmont::charleston,670c2a5a3b39c16a2ffb62aea9737270,LowVig.ag,totals,full_game,2025-11-30 20:30:00+00:00,2025-11-30 19:31:10+00:00,Charleston Cougars,Belmont Bruins,,,,,,,154.5,-108.0,-108.0,2025-11-30,0.0,False,144.7665252685547,9.280475616455078,70.980415,77.5116,4.0937295,5.5028763,144.7665252685547,9.280475616455078,-9.733474731445312,,-0.06299983644948422,,-0.32444915771484373,,,0.7901421104841855,0.20985788951581452,,,,,,
401812580,2025.0,2025-11-30,Pennsylvania Quakers,Hofstra Pride,0.0,0.0,,,,,False,The Palestra,2025-11-30 19:30:00+00:00,,2025-11-30 14:30,EST,2025-11-30T19:30:00Z,2025-11-30,2025-11-30 14:30,EST,hofstrapride::pennsylvania,6a8a90512adae138cb38b79b74f7e317,BetMGM,h2h,2h,2025-11-30 19:33:00+00:00,2025-11-30 19:29:46+00:00,Pennsylvania Quakers,Hofstra Pride,105.0,-130.0,,,,,,,,2025-11-30,0.0,False,143.58050537109375,-0.2437453269958496,70.441895,76.94801,-0.3543074,0.5398872,76.94801,0.5398872,,,,,,0.4878048780487805,0.5652173913043478,0.5192721332488965,0.48072786675110346,0.06143606967641713,-0.19432590647246198,0.06450787316023798,-0.14948146651727845,1.05,0.7692307692307693
401812580,2025.0,2025-11-30,Pennsylvania Quakers,Hofstra Pride,0.0,0.0,,,,,False,The Palestra,2025-11-30 19:30:00+00:00,,2025-11-30 14:30,EST,2025-11-30T19:30:00Z,2025-11-30,2025-11-30 14:30,EST,hofstrapride::pennsylvania,6a8a90512adae138cb38b79b74f7e317,BetMGM,spreads,full_game,2025-11-30 19:33:00+00:00,2025-11-30 19:29:46+00:00,Pennsylvania Quakers,Hofstra Pride,,,1.5,-105.0,-1.5,-115.0,,,,2025-11-30,0.0,False,143.58050537109375,-0.2437453269958496,70.441895,76.94801,-0.3543074,0.5398872,143.58050537109375,-0.2437453269958496,,1.2562546730041504,,0.8375031153361002,,,,0.4912956892198517,0.5087043107801483,,,,,,
401812580,2025.0,2025-11-30,Pennsylvania Quakers,Hofstra Pride,0.0,0.0,,,,,False,The Palestra,2025-11-30 19:30:00+00:00,,2025-11-30 14:30,EST,2025-11-30T19:30:00Z,2025-11-30,2025-11-30 14:30,EST,hofstrapride::pennsylvania,6a8a90512adae138cb38b79b74f7e317,BetMGM,totals,full_game,2025-11-30 19:33:00+00:00,2025-11-30 19:29:46+00:00,Pennsylvania Quakers,Hofstra Pride,,,,,,,149.5,-110.0,-110.0,2025-11-30,0.0,False,143.58050537109375,-0.2437453269958496,70.441895,76.94801,-0.3543074,0.5398872,143.58050537109375,-0.2437453269958496,-5.91949462890625,,-0.039595281798704016,,-0.19731648763020834,,,0.4912956892198517,0.5087043107801483,,,,,,
401812580,2025.0,2025-11-30,Pennsylvania Quakers,Hofstra Pride,0.0,0.0,,,,,False,The Palestra,2025-11-30 19:30:00+00:00,,2025-11-30 14:30,EST,2025-11-30T19:30:00Z,2025-11-30,2025-11-30 14:30,EST,hofstrapride::pennsylvania,6a8a90512adae138cb38b79b74f7e317,BetOnline.ag,h2h,2h,2025-11-30 19:33:00+00:00,2025-11-30 19:31:39+00:00,Pennsylvania Quakers,Hofstra Pride,104.0,-124.0,,,,,,,,2025-11-30,0.0,False,143.58050537109375,-0.2437453269958496,70.441895,76.94801,-0.3543074,0.5398872,76.94801,0.5398872,,,,,,0.49019607843137253,0.5535714285714286,0.5192721332488965,0.48072786675110346,0.057033799834373976,-0.16316957847752828,0.059315151827748935,-0.13158836973994215,1.04,0.8064516129032258
401812580,2025.0,2025-11-30,Pennsylvania Quakers,Hofstra Pride,0.0,0.0,,,,,False,The Palestra,2025-11-30 19:30:00+00:00,,2025-11-30 14:30,EST,2025-11-30T19:30:00Z,2025-11-30,2025-11-30 14:30,EST,hofstrapride::pennsylvania,6a8a90512adae138cb38b79b74f7e317,BetOnline.ag,spreads,full_game,2025-11-30 19:33:00+00:00,2025-11-30 19:31:39+00:00,Pennsylvania Quakers,Hofstra Pride,,,1.5,-105.0,-1.5,-115.0,,,,2025-11-30,0.0,False,143.58050537109375,-0.2437453269958496,70.441895,76.94801,-0.3543074,0.5398872,143.58050537109375,-0.2437453269958496,,1.2562546730041504,,0.8375031153361002,,,,0.4912956892198517,0.5087043107801483,,,,,,
401812580,2025.0,2025-11-30,Pennsylvania Quakers,Hofstra Pride,0.0,0.0,,,,,False,The Palestra,2025-11-30 19:30:00+00:00,,2025-11-30 14:30,EST,2025-11-30T19:30:00Z,2025-11-30,2025-11-30 14:30,EST,hofstrapride::pennsylvania,6a8a90512adae138cb38b79b74f7e317,BetOnline.ag,totals,full_game,2025-11-30 19:33:00+00:00,2025-11-30 19:31:39+00:00,Pennsylvania Quakers,Hofstra Pride,,,,,,,149.0,-115.0,-105.0,2025-11-30,0.0,False,143.58050537109375,-0.2437453269958496,70.441895,76.94801,-0.3543074,0.5398872,143.58050537109375,-0.2437453269958496,-5.41949462890625,,-0.03637244717386745,,-0.18064982096354168,,,0.4912956892198517,0.5087043107801483,,,,,,
401812580,2025.0,2025-11-30,Pennsylvania Quakers,Hofstra Pride,0.0,0.0,,,,,False,The Palestra,2025-11-30 19:30:00+00:00,,2025-11-30 14:30,EST,2025-11-30T19:30:00Z,2025-11-30,2025-11-30 14:30,EST,hofstrapride::pennsylvania,6a8a90512adae138cb38b79b74f7e317,BetRivers,h2h,2h,2025-11-30 19:33:00+00:00,2025-11-30 19:29:45+00:00,Pennsylvania Quakers,Hofstra Pride,104.0,-132.0,,,,,,,,2025-11-30,0.0,False,143.58050537109375,-0.2437453269958496,70.441895,76.94801,-0.3543074,0.5398872,76.94801,0.5398872,,,,,,0.49019607843137253,0.5689655172413793,0.5192721332488965,0.48072786675110346,0.057033799834373976,-0.20471134913743996,0.059315151827748935,-0.1550843554071515,1.04,0.7575757575757576
401812580,2025.0,2025-11-30,Pennsylvania Quakers,Hofstra Pride,0.0,0.0,,,,,False,The Palestra,2025-11-30 19:30:00+00:00,,2025-11-30 14:30,EST,2025-11-30T19:30:00Z,2025-11-30,2025-11-30 14:30,EST,hofstrapride::pennsylvania,6a8a90512adae138cb38b79b74f7e317,BetRivers,spreads,full_game,2025-11-30 19:33:00+00:00,2025-11-30 19:29:45+00:00,Pennsylvania Quakers,Hofstra Pride,,,1.5,-109.0,-1.5,-114.0,,,,2025-11-30,0.0,False,143.58050537109375,-0.2437453269958496,70.441895,76.94801,-0.3543074,0.5398872,143.58050537109375,-0.2437453269958496,,1.2562546730041504,,0.8375031153361002,,,,0.4912956892198517,0.5087043107801483,,,,,,
401812580,2025.0,2025-11-30,Pennsylvania Quakers,Hofstra Pride,0.0,0.0,,,,,False,The Palestra,2025-11-30 19:30:00+00:00,,2025-11-30 14:30,EST,2025-11-30T19:30:00Z,2025-11-30,2025-11-30 14:30,EST,hofstrapride::pennsylvania,6a8a90512adae138cb38b79b74f7e317,BetRivers,totals,full_game,2025-11-30 19:33:00+00:00,2025-11-30 19:29:45+00:00,Pennsylvania Quakers,Hofstra Pride,,,,,,,148.5,-114.0,-109.0,2025-11-30,0.0,False,143.58050537109375,-0.2437453269958496,70.441895,76.94801,-0.3543074,0.5398872,143.58050537109375,-0.2437453269958496,-4.91949462890625,,-0.03312790995896465,,-0.163983154296875,,,0.4912956892198517,0.5087043107801483,,,,,,
401812580,2025.0,2025-11-30,Pennsylvania Quakers,Hofstra Pride,0.0,0.0,,,,,False,The Palestra,2025-11-30 19:30:00+00:00,,2025-11-30 14:30,EST,2025-11-30T19:30:00Z,2025-11-30,2025-11-30 14:30,EST,hofstrapride::pennsylvania,6a8a90512adae138cb38b79b74f7e317,BetUS,h2h,2h,2025-11-30 19:33:00+00:00,2025-11-30 19:29:17+00:00,Pennsylvania Quakers,Hofstra Pride,105.0,-125.0,,,,,,,,2025-11-30,0.0,False,143.58050537109375,-0.2437453269958496,70.441895,76.94801,-0.3543074,0.5398872,76.94801,0.5398872,,,,,,0.4878048780487805,0.5555555555555556,0.5192721332488965,0.48072786675110346,0.06143606967641713,-0.16836229981001719,0.06450787316023798,-0.13468983984801375,1.05,0.8
401812580,2025.0,2025-11-30,Pennsylvania Quakers,Hofstra Pride,0.0,0.0,,,,,False,The Palestra,2025-11-30 19:30:00+00:00,,2025-11-30 14:30,EST,2025-11-30T19:30:00Z,2025-11-30,2025-11-30 14:30,EST,hofstrapride::pennsylvania,6a8a90512adae138cb38b79b74f7e317,BetUS,spreads,full_game,2025-11-30 19:33:00+00:00,2025-11-30 19:29:17+00:00,Pennsylvania Quakers,Hofstra Pride,,,1.5,-105.0,-1.5,-115.0,,,,2025-11-30,0.0,False,143.58050537109375,-0.2437453269958496,70.441895,76.94801,-0.3543074,0.5398872,143.58050537109375,-0.2437453269958496,,1.2562546730041504,,0.8375031153361002,,,,0.4912956892198517,0.5087043107801483,,,,,,
401812580,2025.0,2025-11-30,Pennsylvania Quakers,Hofstra Pride,0.0,0.0,,,,,False,The Palestra,2025-11-30 19:30:00+00:00,,2025-11-30 14:30,EST,2025-11-30T19:30:00Z,2025-11-30,2025-11-30 14:30,EST,hofstrapride::pennsylvania,6a8a90512adae138cb38b79b74f7e317,BetUS,totals,full_game,2025-11-30 19:33:00+00:00,2025-11-30 19:29:17+00:00,Pennsylvania Quakers,Hofstra Pride,,,,,,,149.5,-110.0,-110.0,2025-11-30,0.0,False,143.58050537109375,-0.2437453269958496,70.441895,76.94801,-0.3543074,0.5398872,143.58050537109375,-0.2437453269958496,-5.91949462890625,,-0.039595281798704016,,-0.19731648763020834,,,0.4912956892198517,0.5087043107801483,,,,,,
401812580,2025.0,2025-11-30,Pennsylvania Quakers,Hofstra Pride,0.0,0.0,,,,,False,The Palestra,2025-11-30 19:30:00+00:00,,2025-11-30 14:30,EST,2025-11-30T19:30:00Z,2025-11-30,2025-11-30 14:30,EST,hofstrapride::pennsylvania,6a8a90512adae138cb38b79b74f7e317,Bovada,h2h,2h,2025-11-30 19:33:00+00:00,2025-11-30 19:30:58+00:00,Pennsylvania Quakers,Hofstra Pride,110.0,-130.0,,,,,,,,2025-11-30,0.0,False,143.58050537109375,-0.2437453269958496,70.441895,76.94801,-0.3543074,0.5398872,76.94801,0.5398872,,,,,,0.47619047619047616,0.5652173913043478,0.5192721332488965,0.48072786675110346,0.08224679983880252,-0.19432590647246198,0.09047147982268278,-0.14948146651727845,1.1,0.7692307692307693
401812580,2025.0,2025-11-30,Pennsylvania Quakers,Hofstra Pride,0.0,0.0,,,,,False,The Palestra,2025-11-30 19:30:00+00:00,,2025-11-30 14:30,EST,2025-11-30T19:30:00Z,2025-11-30,2025-11-30 14:30,EST,hofstrapride::pennsylvania,6a8a90512adae138cb38b79b74f7e317,Bovada,spreads,full_game,2025-11-30 19:33:00+00:00,2025-11-30 19:30:58+00:00,Pennsylvania Quakers,Hofstra Pride,,,2.0,-115.0,-2.0,-105.0,,,,2025-11-30,0.0,False,143.58050537109375,-0.2437453269958496,70.441895,76.94801,-0.3543074,0.5398872,143.58050537109375,-0.2437453269958496,,1.7562546730041504,,0.8781273365020752,,,,0.4912956892198517,0.5087043107801483,,,,,,
401812580,2025.0,2025-11-30,Pennsylvania Quakers,Hofstra Pride,0.0,0.0,,,,,False,The Palestra,2025-11-30 19:30:00+00:00,,2025-11-30 14:30,EST,2025-11-30T19:30:00Z,2025-11-30,2025-11-30 14:30,EST,hofstrapride::pennsylvania,6a8a90512adae138cb38b79b74f7e317,Bovada,totals,full_game,2025-11-30 19:33:00+00:00,2025-11-30 19:30:58+00:00,Pennsylvania Quakers,Hofstra Pride,,,,,,,149.5,-110.0,-110.0,2025-11-30,0.0,False,143.58050537109375,-0.2437453269958496,70.441895,76.94801,-0.3543074,0.5398872,143.58050537109375,-0.2437453269958496,-5.91949462890625,,-0.039595281798704016,,-0.19731648763020834,,,0.4912956892198517,0.5087043107801483,,,,,,
401812580,2025.0,2025-11-30,Pennsylvania Quakers,Hofstra Pride,0.0,0.0,,,,,False,The Palestra,2025-11-30 19:30:00+00:00,,2025-11-30 14:30,EST,2025-11-30T19:30:00Z,2025-11-30,2025-11-30 14:30,EST,hofstrapride::pennsylvania,6a8a90512adae138cb38b79b74f7e317,Caesars,h2h,2h,2025-11-30 19:33:00+00:00,2025-11-30 19:27:07+00:00,Pennsylvania Quakers,Hofstra Pride,105.0,-125.0,,,,,,,,2025-11-30,0.0,False,143.58050537109375,-0.2437453269958496,70.441895,76.94801,-0.3543074,0.5398872,76.94801,0.5398872,,,,,,0.4878048780487805,0.5555555555555556,0.5192721332488965,0.48072786675110346,0.06143606967641713,-0.16836229981001719,0.06450787316023798,-0.13468983984801375,1.05,0.8
401812580,2025.0,2025-11-30,Pennsylvania Quakers,Hofstra Pride,0.0,0.0,,,,,False,The Palestra,2025-11-30 19:30:00+00:00,,2025-11-30 14:30,EST,2025-11-30T19:30:00Z,2025-11-30,2025-11-30 14:30,EST,hofstrapride::pennsylvania,6a8a90512adae138cb38b79b74f7e317,Caesars,spreads,full_game,2025-11-30 19:33:00+00:00,2025-11-30 19:27:07+00:00,Pennsylvania Quakers,Hofstra Pride,,,1.5,-110.0,-1.5,-110.0,,,,2025-11-30,0.0,False,143.58050537109375,-0.2437453269958496,70.441895,76.94801,-0.3543074,0.5398872,143.58050537109375,-0.2437453269958496,,1.2562546730041504,,0.8375031153361002,,,,0.4912956892198517,0.5087043107801483,,,,,,
401812580,2025.0,2025-11-30,Pennsylvania Quakers,Hofstra Pride,0.0,0.0,,,,,False,The Palestra,2025-11-30 19:30:00+00:00,,2025-11-30 14:30,EST,2025-11-30T19:30:00Z,2025-11-30,2025-11-30 14:30,EST,hofstrapride::pennsylvania,6a8a90512adae138cb38b79b74f7e317,Caesars,totals,full_game,2025-11-30 19:33:00+00:00,2025-11-30 19:27:07+00:00,Pennsylvania Quakers,Hofstra Pride,,,,,,,149.5,-110.0,-110.0,2025-11-30,0.0,False,143.58050537109375,-0.2437453269958496,70.441895,76.94801,-0.3543074,0.5398872,143.58050537109375,-0.2437453269958496,-5.91949462890625,,-0.039595281798704016,,-0.19731648763020834,,,0.4912956892198517,0.5087043107801483,,,,,,
401812580,2025.0,2025-11-30,Pennsylvania Quakers,Hofstra Pride,0.0,0.0,,,,,False,The Palestra,2025-11-30 19:30:00+00:00,,2025-11-30 14:30,EST,2025-11-30T19:30:00Z,2025-11-30,2025-11-30 14:30,EST,hofstrapride::pennsylvania,6a8a90512adae138cb38b79b74f7e317,DraftKings,h2h,2h,2025-11-30 19:33:00+00:00,2025-11-30 19:31:24+00:00,Pennsylvania Quakers,Hofstra Pride,110.0,-130.0,,,,,,,,2025-11-30,0.0,False,143.58050537109375,-0.2437453269958496,70.441895,76.94801,-0.3543074,0.5398872,76.94801,0.5398872,,,,,,0.47619047619047616,0.5652173913043478,0.5192721332488965,0.48072786675110346,0.08224679983880252,-0.19432590647246198,0.09047147982268278,-0.14948146651727845,1.1,0.7692307692307693
401812580,2025.0,2025-11-30,Pennsylvania Quakers,Hofstra Pride,0.0,0.0,,,,,False,The Palestra,2025-11-30 19:30:00+00:00,,2025-11-30 14:30,EST,2025-11-30T19:30:00Z,2025-11-30,2025-11-30 14:30,EST,hofstrapride::pennsylvania,6a8a90512adae138cb38b79b74f7e317,DraftKings,spreads,full_game,2025-11-30 19:33:00+00:00,2025-11-30 19:31:24+00:00,Pennsylvania Quakers,Hofstra Pride,,,1.5,-105.0,-1.5,-115.0,,,,2025-11-30,0.0,False,143.58050537109375,-0.2437453269958496,70.441895,76.94801,-0.3543074,0.5398872,143.58050537109375,-0.2437453269958496,,1.2562546730041504,,0.8375031153361002,,,,0.4912956892198517,0.5087043107801483,,,,,,
401812580,2025.0,2025-11-30,Pennsylvania Quakers,Hofstra Pride,0.0,0.0,,,,,False,The Palestra,2025-11-30 19:30:00+00:00,,2025-11-30 14:30,EST,2025-11-30T19:30:00Z,2025-11-30,2025-11-30 14:30,EST,hofstrapride::pennsylvania,6a8a90512adae138cb38b79b74f7e317,DraftKings,totals,full_game,2025-11-30 19:33:00+00:00,2025-11-30 19:31:24+00:00,Pennsylvania Quakers,Hofstra Pride,,,,,,,149.5,-108.0,-112.0,2025-11-30,0.0,False,143.58050537109375,-0.2437453269958496,70.441895,76.94801,-0.3543074,0.5398872,143.58050537109375,-0.2437453269958496,-5.91949462890625,,-0.039595281798704016,,-0.19731648763020834,,,0.4912956892198517,0.5087043107801483,,,,,,
401812580,2025.0,2025-11-30,Pennsylvania Quakers,Hofstra Pride,0.0,0.0,,,,,False,The Palestra,2025-11-30 19:30:00+00:00,,2025-11-30 14:30,EST,2025-11-30T19:30:00Z,2025-11-30,2025-11-30 14:30,EST,hofstrapride::pennsylvania,6a8a90512adae138cb38b79b74f7e317,FanDuel,h2h,2h,2025-11-30 19:33:00+00:00,2025-11-30 19:31:10+00:00,Pennsylvania Quakers,Hofstra Pride,112.0,-134.0,,,,,,,,2025-11-30,0.0,False,143.58050537109375,-0.2437453269958496,70.441895,76.94801,-0.3543074,0.5398872,76.94801,0.5398872,,,,,,0.4716981132075472,0.5726495726495726,0.5192721332488965,0.48072786675110346,0.0900508236496971,-0.21509679180241786,0.10085692248766076,-0.1605199938824014,1.12,0.746268656716418
401812580,2025.0,2025-11-30,Pennsylvania Quakers,Hofstra Pride,0.0,0.0,,,,,False,The Palestra,2025-11-30 19:30:00+00:00,,2025-11-30 14:30,EST,2025-11-30T19:30:00Z,2025-11-30,2025-11-30 14:30,EST,hofstrapride::pennsylvania,6a8a90512adae138cb38b79b74f7e317,FanDuel,spreads,full_game,2025-11-30 19:33:00+00:00,2025-11-30 19:31:10+00:00,Pennsylvania Quakers,Hofstra Pride,,,1.5,-104.0,-1.5,-118.0,,,,2025-11-30,0.0,False,143.58050537109375,-0.2437453269958496,70.441895,76.94801,-0.3543074,0.5398872,143.58050537109375,-0.2437453269958496,,1.2562546730041504,,0.8375031153361002,,,,0.4912956892198517,0.5087043107801483,,,,,,
401812580,2025.0,2025-11-30,Pennsylvania Quakers,Hofstra Pride,0.0,0.0,,,,,False,The Palestra,2025-11-30 19:30:00+00:00,,2025-11-30 14:30,EST,2025-11-30T19:30:00Z,2025-11-30,2025-11-30 14:30,EST,hofstrapride::pennsylvania,6a8a90512adae138cb38b79b74f7e317,FanDuel,totals,full_game,2025-11-30 19:33:00+00:00,2025-11-30 19:31:10+00:00,Pennsylvania Quakers,Hofstra Pride,,,,,,,149.5,-108.0,-112.0,2025-11-30,0.0,False,143.58050537109375,-0.2437453269958496,70.441895,76.94801,-0.3543074,0.5398872,143.58050537109375,-0.2437453269958496,-5.91949462890625,,-0.039595281798704016,,-0.19731648763020834,,,0.4912956892198517,0.5087043107801483,,,,,,
401812580,2025.0,2025-11-30,Pennsylvania Quakers,Hofstra Pride,0.0,0.0,,,,,False,The Palestra,2025-11-30 19:30:00+00:00,,2025-11-30 14:30,EST,2025-11-30T19:30:00Z,2025-11-30,2025-11-30 14:30,EST,hofstrapride::pennsylvania,6a8a90512adae138cb38b79b74f7e317,Fanatics,h2h,2h,2025-11-30 19:33:00+00:00,2025-11-30 19:31:09+00:00,Pennsylvania Quakers,Hofstra Pride,105.0,-125.0,,,,,,,,2025-11-30,0.0,False,143.58050537109375,-0.2437453269958496,70.441895,76.94801,-0.3543074,0.5398872,76.94801,0.5398872,,,,,,0.4878048780487805,0.5555555555555556,0.5192721332488965,0.48072786675110346,0.06143606967641713,-0.16836229981001719,0.06450787316023798,-0.13468983984801375,1.05,0.8
401812580,2025.0,2025-11-30,Pennsylvania Quakers,Hofstra Pride,0.0,0.0,,,,,False,The Palestra,2025-11-30 19:30:00+00:00,,2025-11-30 14:30,EST,2025-11-30T19:30:00Z,2025-11-30,2025-11-30 14:30,EST,hofstrapride::pennsylvania,6a8a90512adae138cb38b79b74f7e317,Fanatics,spreads,full_game,2025-11-30 19:33:00+00:00,2025-11-30 19:31:09+00:00,Pennsylvania Quakers,Hofstra Pride,,,2.0,-110.0,-2.0,-110.0,,,,2025-11-30,0.0,False,143.58050537109375,-0.2437453269958496,70.441895,76.94801,-0.3543074,0.5398872,143.58050537109375,-0.2437453269958496,,1.7562546730041504,,0.8781273365020752,,,,0.4912956892198517,0.5087043107801483,,,,,,
401812580,2025.0,2025-11-30,Pennsylvania Quakers,Hofstra Pride,0.0,0.0,,,,,False,The Palestra,2025-11-30 19:30:00+00:00,,2025-11-30 14:30,EST,2025-11-30T19:30:00Z,2025-11-30,2025-11-30 14:30,EST,hofstrapride::pennsylvania,6a8a90512adae138cb38b79b74f7e317,Fanatics,totals,full_game,2025-11-30 19:33:00+00:00,2025-11-30 19:31:09+00:00,Pennsylvania Quakers,Hofstra Pride,,,,,,,149.0,-110.0,-110.0,2025-11-30,0.0,False,143.58050537109375,-0.2437453269958496,70.441895,76.94801,-0.3543074,0.5398872,143.58050537109375,-0.2437453269958496,-5.41949462890625,,-0.03637244717386745,,-0.18064982096354168,,,0.4912956892198517,0.5087043107801483,,,,,,
401812580,2025.0,2025-11-30,Pennsylvania Quakers,Hofstra Pride,0.0,0.0,,,,,False,The Palestra,2025-11-30 19:30:00+00:00,,2025-11-30 14:30,EST,2025-11-30T19:30:00Z,2025-11-30,2025-11-30 14:30,EST,hofstrapride::pennsylvania,6a8a90512adae138cb38b79b74f7e317,LowVig.ag,h2h,2h,2025-11-30 19:33:00+00:00,2025-11-30 19:31:10+00:00,Pennsylvania Quakers,Hofstra Pride,104.0,-124.0,,,,,,,,2025-11-30,0.0,False,143.58050537109375,-0.2437453269958496,70.441895,76.94801,-0.3543074,0.5398872,76.94801,0.5398872,,,,,,0.49019607843137253,0.5535714285714286,0.5192721332488965,0.48072786675110346,0.057033799834373976,-0.16316957847752828,0.059315151827748935,-0.13158836973994215,1.04,0.8064516129032258
401812580,2025.0,2025-11-30,Pennsylvania Quakers,Hofstra Pride,0.0,0.0,,,,,False,The Palestra,2025-11-30 19:30:00+00:00,,2025-11-30 14:30,EST,2025-11-30T19:30:00Z,2025-11-30,2025-11-30 14:30,EST,hofstrapride::pennsylvania,6a8a90512adae138cb38b79b74f7e317,LowVig.ag,spreads,full_game,2025-11-30 19:33:00+00:00,2025-11-30 19:31:10+00:00,Pennsylvania Quakers,Hofstra Pride,,,1.5,-101.0,-1.5,-111.0,,,,2025-11-30,0.0,False,143.58050537109375,-0.2437453269958496,70.441895,76.94801,-0.3543074,0.5398872,143.58050537109375,-0.2437453269958496,,1.2562546730041504,,0.8375031153361002,,,,0.4912956892198517,0.5087043107801483,,,,,,
401812580,2025.0,2025-11-30,Pennsylvania Quakers,Hofstra Pride,0.0,0.0,,,,,False,The Palestra,2025-11-30 19:30:00+00:00,,2025-11-30 14:30,EST,2025-11-30T19:30:00Z,2025-11-30,2025-11-30 14:30,EST,hofstrapride::pennsylvania,6a8a90512adae138cb38b79b74f7e317,LowVig.ag,totals,full_game,2025-11-30 19:33:00+00:00,2025-11-30 19:31:10+00:00,Pennsylvania Quakers,Hofstra Pride,,,,,,,149.0,-113.0,-103.0,2025-11-30,0.0,False,143.58050537109375,-0.2437453269958496,70.441895,76.94801,-0.3543074,0.5398872,143.58050537109375,-0.2437453269958496,-5.41949462890625,,-0.03637244717386745,,-0.18064982096354168,,,0.4912956892198517,0.5087043107801483,,,,,,
401817200,2025.0,2025-11-30,Florida Atlantic Owls,St. Bonaventure Bonnies,0.0,0.0,,,,,False,Eleanor R. Baldwin Arena,2025-11-30 20:30:00+00:00,,2025-11-30 15:30,EST,2025-11-30T20:30:00Z,2025-11-30,,,floridaatlantic::stbonaventurebonnies,34b9d341629446a5aa774d9b9ad5d4c4,BetMGM,h2h,2h,2025-11-30 20:30:00+00:00,2025-11-30 19:31:23+00:00,Florida Atlantic Owls,St. Bonaventure Bonnies,-150.0,125.0,,,,,,,,2025-11-30,0.0,False,148.75592671712238,10.628880449930827,72.155205,78.15118,5.4458313,6.0332785,78.15118,6.0332785,,,,,,0.6,0.4444444444444444,0.7030568246680642,0.2969431753319358,0.25764206167016046,-0.26550228440251555,0.17176137444677364,-0.3318778555031444,0.6666666666666666,1.25
401817200,2025.0,2025-11-30,Florida Atlantic Owls,St. Bonaventure Bonnies,0.0,0.0,,,,,False,Eleanor R. Baldwin Arena,2025-11-30 20:30:00+00:00,,2025-11-30 15:30,EST,2025-11-30T20:30:00Z,2025-11-30,,,floridaatlantic::stbonaventurebonnies,34b9d341629446a5aa774d9b9ad5d4c4,BetMGM,spreads,full_game,2025-11-30 20:30:00+00:00,2025-11-30 19:31:23+00:00,Florida Atlantic Owls,St. Bonaventure Bonnies,,,-2.5,-115.0,2.5,-105.0,,,,2025-11-30,0.0,False,148.75592671712238,10.628880449930827,72.155205,78.15118,5.4458313,6.0332785,148.75592671712238,10.628880449930827,,8.128880449930827,,3.251552179972331,,,,0.8203044457247937,0.17969555427520634,,,,,,
401817200,2025.0,2025-11-30,Florida Atlantic Owls,St. Bonaventure Bonnies,0.0,0.0,,,,,False,Eleanor R. Baldwin Arena,2025-11-30 20:30:00+00:00,,2025-11-30 15:30,EST,2025-11-30T20:30:00Z,2025-11-30,,,floridaatlantic::stbonaventurebonnies,34b9d341629446a5aa774d9b9ad5d4c4,BetMGM,totals,full_game,2025-11-30 20:30:00+00:00,2025-11-30 19:31:23+00:00,Florida Atlantic Owls,St. Bonaventure Bonnies,,,,,,,146.5,-110.0,-110.0,2025-11-30,0.0,False,148.75592671712238,10.628880449930827,72.155205,78.15118,5.4458313,6.0332785,148.75592671712238,10.628880449930827,2.255926717122378,,0.015398817181722717,,0.0751975572374126,,,0.8203044457247937,0.17969555427520634,,,,,,
401817200,2025.0,2025-11-30,Florida Atlantic Owls,St. Bonaventure Bonnies,0.0,0.0,,,,,False,Eleanor R. Baldwin Arena,2025-11-30 20:30:00+00:00,,2025-11-30 15:30,EST,2025-11-30T20:30:00Z,2025-11-30,,,floridaatlantic::stbonaventurebonnies,34b9d341629446a5aa774d9b9ad5d4c4,BetOnline.ag,h2h,2h,2025-11-30 20:30:00+00:00,2025-11-30 19:31:39+00:00,Florida Atlantic Owls,St. Bonaventure Bonnies,-148.0,128.0,,,,,,,,2025-11-30,0.0,False,148.75592671712238,10.628880449930827,72.155205,78.15118,5.4458313,6.0332785,78.15118,6.0332785,,,,,,0.5967741935483871,0.43859649122807015,0.7030568246680642,0.2969431753319358,0.2635809251767992,-0.2523199689399893,0.1780952197140535,-0.32296956024318635,0.6756756756756757,1.28
401817200,2025.0,2025-11-30,Florida Atlantic Owls,St. Bonaventure Bonnies,0.0,0.0,,,,,False,Eleanor R. Baldwin Arena,2025-11-30 20:30:00+00:00,,2025-11-30 15:30,EST,2025-11-30T20:30:00Z,2025-11-30,,,floridaatlantic::stbonaventurebonnies,34b9d341629446a5aa774d9b9ad5d4c4,BetOnline.ag,spreads,full_game,2025-11-30 20:30:00+00:00,2025-11-30 19:31:39+00:00,Florida Atlantic Owls,St. Bonaventure Bonnies,,,-2.5,-117.0,2.5,-103.0,,,,2025-11-30,0.0,False,148.75592671712238,10.628880449930827,72.155205,78.15118,5.4458313,6.0332785,148.75592671712238,10.628880449930827,,8.128880449930827,,3.251552179972331,,,,0.8203044457247937,0.17969555427520634,,,,,,
401817200,2025.0,2025-11-30,Florida Atlantic Owls,St. Bonaventure Bonnies,0.0,0.0,,,,,False,Eleanor R. Baldwin Arena,2025-11-30 20:30:00+00:00,,2025-11-30 15:30,EST,2025-11-30T20:30:00Z,2025-11-30,,,floridaatlantic::stbonaventurebonnies,34b9d341629446a5aa774d9b9ad5d4c4,BetOnline.ag,totals,full_game,2025-11-30 20:30:00+00:00,2025-11-30 19:31:39+00:00,Florida Atlantic Owls,St. Bonaventure Bonnies,,,,,,,145.5,-117.0,-103.0,2025-11-30,0.0,False,148.75592671712238,10.628880449930827,72.155205,78.15118,5.4458313,6.0332785,148.75592671712238,10.628880449930827,3.255926717122378,,0.022377503210463077,,0.10853089057074593,,,0.8203044457247937,0.17969555427520634,,,,,,
401817200,2025.0,2025-11-30,Florida Atlantic Owls,St. Bonaventure Bonnies,0.0,0.0,,,,,False,Eleanor R. Baldwin Arena,2025-11-30 20:30:00+00:00,,2025-11-30 15:30,EST,2025-11-30T20:30:00Z,2025-11-30,,,floridaatlantic::stbonaventurebonnies,34b9d341629446a5aa774d9b9ad5d4c4,BetRivers,h2h,2h,2025-11-30 20:30:00+00:00,2025-11-30 19:31:25+00:00,Florida Atlantic Owls,St. Bonaventure Bonnies,-148.0,120.0,,,,,,,,2025-11-30,0.0,False,148.75592671712238,10.628880449930827,72.155205,78.15118,5.4458313,6.0332785,78.15118,6.0332785,,,,,,0.5967741935483871,0.45454545454545453,0.7030568246680642,0.2969431753319358,0.2635809251767992,-0.28893751189145106,0.1780952197140535,-0.3467250142697412,0.6756756756756757,1.2
401817200,2025.0,2025-11-30,Florida Atlantic Owls,St. Bonaventure Bonnies,0.0,0.0,,,,,False,Eleanor R. Baldwin Arena,2025-11-30 20:30:00+00:00,,2025-11-30 15:30,EST,2025-11-30T20:30:00Z,2025-11-30,,,floridaatlantic::stbonaventurebonnies,34b9d341629446a5aa774d9b9ad5d4c4,BetRivers,spreads,full_game,2025-11-30 20:30:00+00:00,2025-11-30 19:31:25+00:00,Florida Atlantic Owls,St. Bonaventure Bonnies,,,-2.5,-115.0,2.5,-108.0,,,,2025-11-30,0.0,False,148.75592671712238,10.628880449930827,72.155205,78.15118,5.4458313,6.0332785,148.75592671712238,10.628880449930827,,8.128880449930827,,3.251552179972331,,,,0.8203044457247937,0.17969555427520634,,,,,,
401817200,2025.0,2025-11-30,Florida Atlantic Owls,St. Bonaventure Bonnies,0.0,0.0,,,,,False,Eleanor R. Baldwin Arena,2025-11-30 20:30:00+00:00,,2025-11-30 15:30,EST,2025-11-30T20:30:00Z,2025-11-30,,,floridaatlantic::stbonaventurebonnies,34b9d341629446a5aa774d9b9ad5d4c4,BetRivers,totals,full_game,2025-11-30 20:30:00+00:00,2025-11-30 19:31:25+00:00,Florida Atlantic Owls,St. Bonaventure Bonnies,,,,,,,145.5,-113.0,-110.0,2025-11-30,0.0,False,148.75592671712238,10.628880449930827,72.155205,78.15118,5.4458313,6.0332785,148.75592671712238,10.628880449930827,3.255926717122378,,0.022377503210463077,,0.10853089057074593,,,0.8203044457247937,0.17969555427520634,,,,,,
401817200,2025.0,2025-11-30,Florida Atlantic Owls,St. Bonaventure Bonnies,0.0,0.0,,,,,False,Eleanor R. Baldwin Arena,2025-11-30 20:30:00+00:00,,2025-11-30 15:30,EST,2025-11-30T20:30:00Z,2025-11-30,,,floridaatlantic::stbonaventurebonnies,34b9d341629446a5aa774d9b9ad5d4c4,BetUS,h2h,2h,2025-11-30 20:30:00+00:00,2025-11-30 19:30:11+00:00,Florida Atlantic Owls,St. Bonaventure Bonnies,-150.0,129.0,,,,,,,,2025-11-30,0.0,False,148.75592671712238,10.628880449930827,72.155205,78.15118,5.4458313,6.0332785,78.15118,6.0332785,,,,,,0.6,0.4366812227074236,0.7030568246680642,0.2969431753319358,0.25764206167016046,-0.248062115108424,0.17176137444677364,-0.320000128489867,0.6666666666666666,1.29
401817200,2025.0,2025-11-30,Florida Atlantic Owls,St. Bonaventure Bonnies,0.0,0.0,,,,,False,Eleanor R. Baldwin Arena,2025-11-30 20:30:00+00:00,,2025-11-30 15:30,EST,2025-11-30T20:30:00Z,2025-11-30,,,floridaatlantic::stbonaventurebonnies,34b9d341629446a5aa774d9b9ad5d4c4,BetUS,spreads,full_game,2025-11-30 20:30:00+00:00,2025-11-30 19:30:11+00:00,Florida Atlantic Owls,St. Bonaventure Bonnies,,,-2.5,-115.0,2.5,-105.0,,,,2025-11-30,0.0,False,148.75592671712238,10.628880449930827,72.155205,78.15118,5.4458313,6.0332785,148.75592671712238,10.628880449930827,,8.128880449930827,,3.251552179972331,,,,0.8203044457247937,0.17969555427520634,,,,,,
401817200,2025.0,2025-11-30,Florida Atlantic Owls,St. Bonaventure Bonnies,0.0,0.0,,,,,False,Eleanor R. Baldwin Arena,2025-11-30 20:30:00+00:00,,2025-11-30 15:30,EST,2025-11-30T20:30:00Z,2025-11-30,,,floridaatlantic::stbonaventurebonnies,34b9d341629446a5aa774d9b9ad5d4c4,BetUS,totals,full_game,2025-11-30 20:30:00+00:00,2025-11-30 19:30:11+00:00,Florida Atlantic Owls,St. Bonaventure Bonnies,,,,,,,146.0,-110.0,-110.0,2025-11-30,0.0,False,148.75592671712238,10.628880449930827,72.155205,78.15118,5.4458313,6.0332785,148.75592671712238,10.628880449930827,2.755926717122378,,0.018876210391249166,,0.09186422390407926,,,0.8203044457247937,0.17969555427520634,,,,,,
401817200,2025.0,2025-11-30,Florida Atlantic Owls,St. Bonaventure Bonnies,0.0,0.0,,,,,False,Eleanor R. Baldwin Arena,2025-11-30 20:30:00+00:00,,2025-11-30 15:30,EST,2025-11-30T20:30:00Z,2025-11-30,,,floridaatlantic::stbonaventurebonnies,34b9d341629446a5aa774d9b9ad5d4c4,Bovada,h2h,2h,2025-11-30 20:30:00+00:00,2025-11-30 19:30:58+00:00,Florida Atlantic Owls,St. Bonaventure Bonnies,-150.0,130.0,,,,,,,,2025-11-30,0.0,False,148.75592671712238,10.628880449930827,72.155205,78.15118,5.4458313,6.0332785,78.15118,6.0332785,,,,,,0.6,0.43478260869565216,0.7030568246680642,0.2969431753319358,0.25764206167016046,-0.2438697667204212,0.17176137444677364,-0.3170306967365476,0.6666666666666666,1.3
401817200,2025.0,2025-11-30,Florida Atlantic Owls,St. Bonaventure Bonnies,0.0,0.0,,,,,False,Eleanor R. Baldwin Arena,2025-11-30 20:30:00+00:00,,2025-11-30 15:30,EST,2025-11-30T20:30:00Z,2025-11-30,,,floridaatlantic::stbonaventurebonnies,34b9d341629446a5aa774d9b9ad5d4c4,Bovada,spreads,full_game,2025-11-30 20:30:00+00:00,2025-11-30 19:30:58+00:00,Florida Atlantic Owls,St. Bonaventure Bonnies,,,-3.0,-110.0,3.0,-110.0,,,,2025-11-30,0.0,False,148.75592671712238,10.628880449930827,72.155205,78.15118,5.4458313,6.0332785,148.75592671712238,10.628880449930827,,7.628880449930827,,2.5429601499769423,,,,0.8203044457247937,0.17969555427520634,,,,,,
401817200,2025.0,2025-11-30,Florida Atlantic Owls,St. Bonaventure Bonnies,0.0,0.0,,,,,False,Eleanor R. Baldwin Arena,2025-11-30 20:30:00+00:00,,2025-11-30 15:30,EST,2025-11-30T20:30:00Z,2025-11-30,,,floridaatlantic::stbonaventurebonnies,34b9d341629446a5aa774d9b9ad5d4c4,Bovada,totals,full_game,2025-11-30 20:30:00+00:00,2025-11-30 19:30:58+00:00,Florida Atlantic Owls,St. Bonaventure Bonnies,,,,,,,145.5,-110.0,-110.0,2025-11-30,0.0,False,148.75592671712238,10.628880449930827,72.155205,78.15118,5.4458313,6.0332785,148.75592671712238,10.628880449930827,3.255926717122378,,0.022377503210463077,,0.10853089057074593,,,0.8203044457247937,0.17969555427520634,,,,,,
401817200,2025.0,2025-11-30,Florida Atlantic Owls,St. Bonaventure Bonnies,0.0,0.0,,,,,False,Eleanor R. Baldwin Arena,2025-11-30 20:30:00+00:00,,2025-11-30 15:30,EST,2025-11-30T20:30:00Z,2025-11-30,,,floridaatlantic::stbonaventurebonnies,34b9d341629446a5aa774d9b9ad5d4c4,Caesars,h2h,2h,2025-11-30 20:30:00+00:00,2025-11-30 19:27:07+00:00,Florida Atlantic Owls,St. Bonaventure Bonnies,-145.0,122.0,,,,,,,,2025-11-30,0.0,False,148.75592671712238,10.628880449930827,72.155205,78.15118,5.4458313,6.0332785,78.15118,6.0332785,,,,,,0.5918367346938775,0.45045045045045046,0.7030568246680642,0.2969431753319358,0.2724892204367573,-0.2793329104615594,0.1879236003012119,-0.3407861507631025,0.6896551724137931,1.22
401817200,2025.0,2025-11-30,Florida Atlantic Owls,St. Bonaventure Bonnies,0.0,0.0,,,,,False,Eleanor R. Baldwin Arena,2025-11-30 20:30:00+00:00,,2025-11-30 15:30,EST,2025-11-30T20:30:00Z,2025-11-30,,,floridaatlantic::stbonaventurebonnies,34b9d341629446a5aa774d9b9ad5d4c4,Caesars,spreads,full_game,2025-11-30 20:30:00+00:00,2025-11-30 19:27:07+00:00,Florida Atlantic Owls,St. Bonaventure Bonnies,,,-2.5,-110.0,2.5,-110.0,,,,2025-11-30,0.0,False,148.75592671712238,10.628880449930827,72.155205,78.15118,5.4458313,6.0332785,148.75592671712238,10.628880449930827,,8.128880449930827,,3.251552179972331,,,,0.8203044457247937,0.17969555427520634,,,,,,
401817200,2025.0,2025-11-30,Florida Atlantic Owls,St. Bonaventure Bonnies,0.0,0.0,,,,,False,Eleanor R. Baldwin Arena,2025-11-30 20:30:00+00:00,,2025-11-30 15:30,EST,2025-11-30T20:30:00Z,2025-11-30,,,floridaatlantic::stbonaventurebonnies,34b9d341629446a5aa774d9b9ad5d4c4,Caesars,totals,full_game,2025-11-30 20:30:00+00:00,2025-11-30 19:27:07+00:00,Florida Atlantic Owls,St. Bonaventure Bonnies,,,,,,,145.5,-110.0,-110.0,2025-11-30,0.0,False,148.75592671712238,10.628880449930827,72.155205,78.15118,5.4458313,6.0332785,148.75592671712238,10.628880449930827,3.255926717122378,,0.022377503210463077,,0.10853089057074593,,,0.8203044457247937,0.17969555427520634,,,,,,
401817200,2025.0,2025-11-30,Florida Atlantic Owls,St. Bonaventure Bonnies,0.0,0.0,,,,,False,Eleanor R. Baldwin Arena,2025-11-30 20:30:00+00:00,,2025-11-30 15:30,EST,2025-11-30T20:30:00Z,2025-11-30,,,floridaatlantic::stbonaventurebonnies,34b9d341629446a5aa774d9b9ad5d4c4,DraftKings,h2h,2h,2025-11-30 20:30:00+00:00,2025-11-30 19:31:24+00:00,Florida Atlantic Owls,St. Bonaventure Bonnies,-148.0,124.0,,,,,,,,2025-11-30,0.0,False,148.75592671712238,10.628880449930827,72.155205,78.15118,5.4458313,6.0332785,78.15118,6.0332785,,,,,,0.5967741935483871,0.44642857142857145,0.7030568246680642,0.2969431753319358,0.2635809251767992,-0.270038134884245,0.1780952197140535,-0.3348472872564638,0.6756756756756757,1.24
401817200,2025.0,2025-11-30,Florida Atlantic Owls,St. Bonaventure Bonnies,0.0,0.0,,,,,False,Eleanor R. Baldwin Arena,2025-11-30 20:30:00+00:00,,2025-11-30 15:30,EST,2025-11-30T20:30:00Z,2025-11-30,,,floridaatlantic::stbonaventurebonnies,34b9d341629446a5aa774d9b9ad5d4c4,DraftKings,spreads,full_game,2025-11-30 20:30:00+00:00,2025-11-30 19:31:24+00:00,Florida Atlantic Owls,St. Bonaventure Bonnies,,,-2.5,-115.0,2.5,-105.0,,,,2025-11-30,0.0,False,148.75592671712238,10.628880449930827,72.155205,78.15118,5.4458313,6.0332785,148.75592671712238,10.628880449930827,,8.128880449930827,,3.251552179972331,,,,0.8203044457247937,0.17969555427520634,,,,,,
401817200,2025.0,2025-11-30,Florida Atlantic Owls,St. Bonaventure Bonnies,0.0,0.0,,,,,False,Eleanor R. Baldwin Arena,2025-11-30 20:30:00+00:00,,2025-11-30 15:30,EST,2025-11-30T20:30:00Z,2025-11-30,,,floridaatlantic::stbonaventurebonnies,34b9d341629446a5aa774d9b9ad5d4c4,DraftKings,totals,full_game,2025-11-30 20:30:00+00:00,2025-11-30 19:31:24+00:00,Florida Atlantic Owls,St. Bonaventure Bonnies,,,,,,,145.5,-115.0,-105.0,2025-11-30,0.0,False,148.75592671712238,10.628880449930827,72.155205,78.15118,5.4458313,6.0332785,148.75592671712238,10.628880449930827,3.255926717122378,,0.022377503210463077,,0.10853089057074593,,,0.8203044457247937,0.17969555427520634,,,,,,
401817200,2025.0,2025-11-30,Florida Atlantic Owls,St. Bonaventure Bonnies,0.0,0.0,,,,,False,Eleanor R. Baldwin Arena,2025-11-30 20:30:00+00:00,,2025-11-30 15:30,EST,2025-11-30T20:30:00Z,2025-11-30,,,floridaatlantic::stbonaventurebonnies,34b9d341629446a5aa774d9b9ad5d4c4,FanDuel,h2h,2h,2025-11-30 20:30:00+00:00,2025-11-30 19:31:10+00:00,Florida Atlantic Owls,St. Bonaventure Bonnies,-142.0,116.0,,,,,,,,2025-11-30,0.0,False,148.75592671712238,10.628880449930827,72.155205,78.15118,5.4458313,6.0332785,78.15118,6.0332785,,,,,,0.5867768595041323,0.46296296296296297,0.7030568246680642,0.2969431753319358,0.2813975156967153,-0.30914029420949884,0.1981672645751516,-0.35860274128301867,0.704225352112676,1.16
401817200,2025.0,2025-11-30,Florida Atlantic Owls,St. Bonaventure Bonnies,0.0,0.0,,,,,False,Eleanor R. Baldwin Arena,2025-11-30 20:30:00+00:00,,2025-11-30 15:30,EST,2025-11-30T20:30:00Z,2025-11-30,,,floridaatlantic::stbonaventurebonnies,34b9d341629446a5aa774d9b9ad5d4c4,FanDuel,spreads,full_game,2025-11-30 20:30:00+00:00,2025-11-30 19:31:10+00:00,Florida Atlantic Owls,St. Bonaventure Bonnies,,,-2.5,-110.0,2.5,-110.0,,,,2025-11-30,0.0,False,148.75592671712238,10.628880449930827,72.155205,78.15118,5.4458313,6.0332785,148.75592671712238,10.628880449930827,,8.128880449930827,,3.251552179972331,,,,0.8203044457247937,0.17969555427520634,,,,,,
401817200,2025.0,2025-11-30,Florida Atlantic Owls,St. Bonaventure Bonnies,0.0,0.0,,,,,False,Eleanor R. Baldwin Arena,2025-11-30 20:30:00+00:00,,2025-11-30 15:30,EST,2025-11-30T20:30:00Z,2025-11-30,,,floridaatlantic::stbonaventurebonnies,34b9d341629446a5aa774d9b9ad5d4c4,FanDuel,totals,full_game,2025-11-30 20:30:00+00:00,2025-11-30 19:31:10+00:00,Florida Atlantic Owls,St. Bonaventure Bonnies,,,,,,,145.5,-110.0,-110.0,2025-11-30,0.0,False,148.75592671712238,10.628880449930827,72.155205,78.15118,5.4458313,6.0332785,148.75592671712238,10.628880449930827,3.255926717122378,,0.022377503210463077,,0.10853089057074593,,,0.8203044457247937,0.17969555427520634,,,,,,
401817200,2025.0,2025-11-30,Florida Atlantic Owls,St. Bonaventure Bonnies,0.0,0.0,,,,,False,Eleanor R. Baldwin Arena,2025-11-30 20:30:00+00:00,,2025-11-30 15:30,EST,2025-11-30T20:30:00Z,2025-11-30,,,floridaatlantic::stbonaventurebonnies,34b9d341629446a5aa774d9b9ad5d4c4,Fanatics,h2h,2h,2025-11-30 20:30:00+00:00,2025-11-30 19:31:09+00:00,Florida Atlantic Owls,St. Bonaventure Bonnies,-150.0,125.0,,,,,,,,2025-11-30,0.0,False,148.75592671712238,10.628880449930827,72.155205,78.15118,5.4458313,6.0332785,78.15118,6.0332785,,,,,,0.6,0.4444444444444444,0.7030568246680642,0.2969431753319358,0.25764206167016046,-0.26550228440251555,0.17176137444677364,-0.3318778555031444,0.6666666666666666,1.25
401817200,2025.0,2025-11-30,Florida Atlantic Owls,St. Bonaventure Bonnies,0.0,0.0,,,,,False,Eleanor R. Baldwin Arena,2025-11-30 20:30:00+00:00,,2025-11-30 15:30,EST,2025-11-30T20:30:00Z,2025-11-30,,,floridaatlantic::stbonaventurebonnies,34b9d341629446a5aa774d9b9ad5d4c4,Fanatics,spreads,full_game,2025-11-30 20:30:00+00:00,2025-11-30 19:31:09+00:00,Florida Atlantic Owls,St. Bonaventure Bonnies,,,-3.0,-110.0,3.0,-110.0,,,,2025-11-30,0.0,False,148.75592671712238,10.628880449930827,72.155205,78.15118,5.4458313,6.0332785,148.75592671712238,10.628880449930827,,7.628880449930827,,2.5429601499769423,,,,0.8203044457247937,0.17969555427520634,,,,,,
401817200,2025.0,2025-11-30,Florida Atlantic Owls,St. Bonaventure Bonnies,0.0,0.0,,,,,False,Eleanor R. Baldwin Arena,2025-11-30 20:30:00+00:00,,2025-11-30 15:30,EST,2025-11-30T20:30:00Z,2025-11-30,,,floridaatlantic::stbonaventurebonnies,34b9d341629446a5aa774d9b9ad5d4c4,Fanatics,totals,full_game,2025-11-30 20:30:00+00:00,2025-11-30 19:31:09+00:00,Florida Atlantic Owls,St. Bonaventure Bonnies,,,,,,,145.5,-110.0,-110.0,2025-11-30,0.0,False,148.75592671712238,10.628880449930827,72.155205,78.15118,5.4458313,6.0332785,148.75592671712238,10.628880449930827,3.255926717122378,,0.022377503210463077,,0.10853089057074593,,,0.8203044457247937,0.17969555427520634,,,,,,
401817200,2025.0,2025-11-30,Florida Atlantic Owls,St. Bonaventure Bonnies,0.0,0.0,,,,,False,Eleanor R. Baldwin Arena,2025-11-30 20:30:00+00:00,,2025-11-30 15:30,EST,2025-11-30T20:30:00Z,2025-11-30,,,floridaatlantic::stbonaventurebonnies,34b9d341629446a5aa774d9b9ad5d4c4,LowVig.ag,h2h,2h,2025-11-30 20:30:00+00:00,2025-11-30 19:31:10+00:00,Florida Atlantic Owls,St. Bonaventure Bonnies,-148.0,128.0,,,,,,,,2025-11-30,0.0,False,148.75592671712238,10.628880449930827,72.155205,78.15118,5.4458313,6.0332785,78.15118,6.0332785,,,,,,0.5967741935483871,0.43859649122807015,0.7030568246680642,0.2969431753319358,0.2635809251767992,-0.2523199689399893,0.1780952197140535,-0.32296956024318635,0.6756756756756757,1.28
401817200,2025.0,2025-11-30,Florida Atlantic Owls,St. Bonaventure Bonnies,0.0,0.0,,,,,False,Eleanor R. Baldwin Arena,2025-11-30 20:30:00+00:00,,2025-11-30 15:30,EST,2025-11-30T20:30:00Z,2025-11-30,,,floridaatlantic::stbonaventurebonnies,34b9d341629446a5aa774d9b9ad5d4c4,LowVig.ag,spreads,full_game,2025-11-30 20:30:00+00:00,2025-11-30 19:31:10+00:00,Florida Atlantic Owls,St. Bonaventure Bonnies,,,-2.5,-113.0,2.5,101.0,,,,2025-11-30,0.0,False,148.75592671712238,10.628880449930827,72.155205,78.15118,5.4458313,6.0332785,148.75592671712238,10.628880449930827,,8.128880449930827,,3.251552179972331,,,,0.8203044457247937,0.17969555427520634,,,,,,
401817200,2025.0,2025-11-30,Florida Atlantic Owls,St. Bonaventure Bonnies,0.0,0.0,,,,,False,Eleanor R. Baldwin Arena,2025-11-30 20:30:00+00:00,,2025-11-30 15:30,EST,2025-11-30T20:30:00Z,2025-11-30,,,floridaatlantic::stbonaventurebonnies,34b9d341629446a5aa774d9b9ad5d4c4,LowVig.ag,totals,full_game,2025-11-30 20:30:00+00:00,2025-11-30 19:31:10+00:00,Florida Atlantic Owls,St. Bonaventure Bonnies,,,,,,,145.5,-115.0,-101.0,2025-11-30,0.0,False,148.75592671712238,10.628880449930827,72.155205,78.15118,5.4458313,6.0332785,148.75592671712238,10.628880449930827,3.255926717122378,,0.022377503210463077,,0.10853089057074593,,,0.8203044457247937,0.17969555427520634,,,,,,
401818302,2025.0,2025-11-30,Vermont Catamounts,Yale Bulldogs,0.0,0.0,0.0,0.0,,,False,Patrick Gymnasium,2025-11-30 19:00:00+00:00,,2025-11-30 14:00,EST,2025-11-30T19:00:00Z,2025-11-30,,,vermontcatamounts::yale,cb31ce9b01242bfa12fa577577087c88,FanDuel,h2h,2h,2025-11-30 19:00:00+00:00,2025-11-30 00:03:55+00:00,Vermont Catamounts,Yale Bulldogs,255.0,-320.0,,,,,,,,2025-11-30,0.0,False,141.3034853108724,2.466307207743327,69.67454,76.64568,0.39674544,2.2082746,76.64568,2.2082746,,,,,,0.28169014084507044,0.7619047619047619,0.578219324933636,0.42178067506636396,0.4128151386331011,-1.0,1.0526786035144078,-0.4464128639753973,2.55,0.3125
401818302,2025.0,2025-11-30,Vermont Catamounts,Yale Bulldogs,0.0,0.0,0.0,0.0,,,False,Patrick Gymnasium,2025-11-30 19:00:00+00:00,,2025-11-30 14:00,EST,2025-11-30T19:00:00Z,2025-11-30,,,vermontcatamounts::yale,cb31ce9b01242bfa12fa577577087c88,FanDuel,spreads,full_game,2025-11-30 19:00:00+00:00,2025-11-30 00:03:55+00:00,Vermont Catamounts,Yale Bulldogs,,,6.5,-110.0,-6.5,-110.0,,,,2025-11-30,0.0,False,141.3034853108724,2.466307207743327,69.67454,76.64568,0.39674544,2.2082746,141.3034853108724,2.466307207743327,,8.966307207743327,,1.379431878114358,,,,0.5871823868921435,0.4128176131078565,,,,,,
401818302,2025.0,2025-11-30,Vermont Catamounts,Yale Bulldogs,0.0,0.0,0.0,0.0,,,False,Patrick Gymnasium,2025-11-30 19:00:00+00:00,,2025-11-30 14:00,EST,2025-11-30T19:00:00Z,2025-11-30,,,vermontcatamounts::yale,cb31ce9b01242bfa12fa577577087c88,FanDuel,totals,full_game,2025-11-30 19:00:00+00:00,2025-11-30 00:03:55+00:00,Vermont Catamounts,Yale Bulldogs,,,,,,,154.5,-110.0,-110.0,2025-11-30,0.0,False,141.3034853108724,2.466307207743327,69.67454,76.64568,0.39674544,2.2082746,141.3034853108724,2.466307207743327,-13.19651468912761,,-0.08541433455746027,,-0.4398838229709204,,,0.5871823868921435,0.4128176131078565,,,,,,
401818302,2025.0,2025-11-30,Vermont Catamounts,Yale Bulldogs,0.0,0.0,0.0,0.0,,,False,Patrick Gymnasium,2025-11-30 19:00:00+00:00,,2025-11-30 14:00,EST,2025-11-30T19:00:00Z,2025-11-30,,,vermontcatamounts::yale,cb31ce9b01242bfa12fa577577087c88,Fanatics,h2h,2h,2025-11-30 19:00:00+00:00,2025-11-30 00:04:08+00:00,Vermont Catamounts,Yale Bulldogs,250.0,-325.0,,,,,,,,2025-11-30,0.0,False,141.3034853108724,2.466307207743327,69.67454,76.64568,0.39674544,2.2082746,76.64568,2.2082746,,,,,,0.2857142857142857,0.7647058823529411,0.578219324933636,0.42178067506636396,0.4095070549070905,-1.0,1.0237676372677262,-0.4484406556824471,2.5,0.3076923076923077
401818302,2025.0,2025-11-30,Vermont Catamounts,Yale Bulldogs,0.0,0.0,0.0,0.0,,,False,Patrick Gymnasium,2025-11-30 19:00:00+00:00,,2025-11-30 14:00,EST,2025-11-30T19:00:00Z,2025-11-30,,,vermontcatamounts::yale,cb31ce9b01242bfa12fa577577087c88,Fanatics,spreads,full_game,2025-11-30 19:00:00+00:00,2025-11-30 00:04:08+00:00,Vermont Catamounts,Yale Bulldogs,,,6.5,-110.0,-6.5,-110.0,,,,2025-11-30,0.0,False,141.3034853108724,2.466307207743327,69.67454,76.64568,0.39674544,2.2082746,141.3034853108724,2.466307207743327,,8.966307207743327,,1.379431878114358,,,,0.5871823868921435,0.4128176131078565,,,,,,
401818302,2025.0,2025-11-30,Vermont Catamounts,Yale Bulldogs,0.0,0.0,0.0,0.0,,,False,Patrick Gymnasium,2025-11-30 19:00:00+00:00,,2025-11-30 14:00,EST,2025-11-30T19:00:00Z,2025-11-30,,,vermontcatamounts::yale,cb31ce9b01242bfa12fa577577087c88,Fanatics,totals,full_game,2025-11-30 19:00:00+00:00,2025-11-30 00:04:08+00:00,Vermont Catamounts,Yale Bulldogs,,,,,,,154.5,-110.0,-110.0,2025-11-30,0.0,False,141.3034853108724,2.466307207743327,69.67454,76.64568,0.39674544,2.2082746,141.3034853108724,2.466307207743327,-13.19651468912761,,-0.08541433455746027,,-0.4398838229709204,,,0.5871823868921435,0.4128176131078565,,,,,,
401819901,2025.0,2025-11-30,Texas Tech Red Raiders,Wyoming Cowboys,0.0,0.0,,,,,False,United Supermarkets Arena,2025-11-30 20:00:00+00:00,,2025-11-30 15:00,EST,2025-11-30T20:00:00Z,2025-11-30,,,texastechredraiders::wyoming,9bf4dcafab589ee088bf1f1079e59143,BetMGM,h2h,2h,2025-11-30 20:00:00+00:00,2025-11-30 19:31:23+00:00,Texas Tech Red Raiders,Wyoming Cowboys,-5000.0,1500.0,,,,,,,,2025-11-30,0.0,False,103.69425048828126,24.79580764770508,74.497635,79.989685,16.116158,16.922485,79.989685,16.922485,,,,,,0.9803921568627451,0.0625,0.9181519076767704,0.08184809232322965,-1.0,0.02063796514477829,-0.06348505416969424,0.3095694771716744,0.02,15.0
401819901,2025.0,2025-11-30,Texas Tech Red Raiders,Wyoming Cowboys,0.0,0.0,,,,,False,United Supermarkets Arena,2025-11-30 20:00:00+00:00,,2025-11-30 15:00,EST,2025-11-30T20:00:00Z,2025-11-30,,,texastechredraiders::wyoming,9bf4dcafab589ee088bf1f1079e59143,BetMGM,spreads,full_game,2025-11-30 20:00:00+00:00,2025-11-30 19:31:23+00:00,Texas Tech Red Raiders,Wyoming Cowboys,,,-21.5,-105.0,21.5,-115.0,,,,2025-11-30,0.0,False,103.69425048828126,24.79580764770508,74.497635,79.989685,16.116158,16.922485,103.69425048828126,24.79580764770508,,3.295807647705079,,0.15329337896302692,,,,0.9718665225058709,0.02813347749412909,,,,,,
401819901,2025.0,2025-11-30,Texas Tech Red Raiders,Wyoming Cowboys,0.0,0.0,,,,,False,United Supermarkets Arena,2025-11-30 20:00:00+00:00,,2025-11-30 15:00,EST,2025-11-30T20:00:00Z,2025-11-30,,,texastechredraiders::wyoming,9bf4dcafab589ee088bf1f1079e59143,BetMGM,totals,full_game,2025-11-30 20:00:00+00:00,2025-11-30 19:31:23+00:00,Texas Tech Red Raiders,Wyoming Cowboys,,,,,,,153.5,-105.0,-115.0,2025-11-30,0.0,False,103.69425048828126,24.79580764770508,74.497635,79.989685,16.116158,16.922485,103.69425048828126,24.79580764770508,-49.805749511718744,,-0.32446742352911234,,-1.0,,,0.9718665225058709,0.02813347749412909,,,,,,
401819901,2025.0,2025-11-30,Texas Tech Red Raiders,Wyoming Cowboys,0.0,0.0,,,,,False,United Supermarkets Arena,2025-11-30 20:00:00+00:00,,2025-11-30 15:00,EST,2025-11-30T20:00:00Z,2025-11-30,,,texastechredraiders::wyoming,9bf4dcafab589ee088bf1f1079e59143,BetOnline.ag,spreads,full_game,2025-11-30 20:00:00+00:00,2025-11-30 19:31:39+00:00,Texas Tech Red Raiders,Wyoming Cowboys,,,-21.0,-108.0,21.0,-112.0,,,,2025-11-30,0.0,False,103.69425048828126,24.79580764770508,74.497635,79.989685,16.116158,16.922485,103.69425048828126,24.79580764770508,,3.795807647705079,,0.18075274512881329,,,,0.9718665225058709,0.02813347749412909,,,,,,
401819901,2025.0,2025-11-30,Texas Tech Red Raiders,Wyoming Cowboys,0.0,0.0,,,,,False,United Supermarkets Arena,2025-11-30 20:00:00+00:00,,2025-11-30 15:00,EST,2025-11-30T20:00:00Z,2025-11-30,,,texastechredraiders::wyoming,9bf4dcafab589ee088bf1f1079e59143,BetOnline.ag,totals,full_game,2025-11-30 20:00:00+00:00,2025-11-30 19:31:39+00:00,Texas Tech Red Raiders,Wyoming Cowboys,,,,,,,153.5,-105.0,-115.0,2025-11-30,0.0,False,103.69425048828126,24.79580764770508,74.497635,79.989685,16.116158,16.922485,103.69425048828126,24.79580764770508,-49.805749511718744,,-0.32446742352911234,,-1.0,,,0.9718665225058709,0.02813347749412909,,,,,,
401819901,2025.0,2025-11-30,Texas Tech Red Raiders,Wyoming Cowboys,0.0,0.0,,,,,False,United Supermarkets Arena,2025-11-30 20:00:00+00:00,,2025-11-30 15:00,EST,2025-11-30T20:00:00Z,2025-11-30,,,texastechredraiders::wyoming,9bf4dcafab589ee088bf1f1079e59143,BetRivers,h2h,2h,2025-11-30 20:00:00+00:00,2025-11-30 19:31:25+00:00,Texas Tech Red Raiders,Wyoming Cowboys,-3335.0,1200.0,,,,,,,,2025-11-30,0.0,False,103.69425048828126,24.79580764770508,74.497635,79.989685,16.116158,16.922485,79.989685,16.922485,,,,,,0.9708879184861717,0.07692307692307693,0.9181519076767704,0.08184809232322965,-1.0,0.005335433350165453,-0.05431730048884373,0.06402520020198543,0.029985007496251874,12.0
401819901,2025.0,2025-11-30,Texas Tech Red Raiders,Wyoming Cowboys,0.0,0.0,,,,,False,United Supermarkets Arena,2025-11-30 20:00:00+00:00,,2025-11-30 15:00,EST,2025-11-30T20:00:00Z,2025-11-30,,,texastechredraiders::wyoming,9bf4dcafab589ee088bf1f1079e59143,BetRivers,spreads,full_game,2025-11-30 20:00:00+00:00,2025-11-30 19:31:25+00:00,Texas Tech Red Raiders,Wyoming Cowboys,,,-21.0,-112.0,21.0,-112.0,,,,2025-11-30,0.0,False,103.69425048828126,24.79580764770508,74.497635,79.989685,16.116158,16.922485,103.69425048828126,24.79580764770508,,3.795807647705079,,0.18075274512881329,,,,0.9718665225058709,0.02813347749412909,,,,,,
401819901,2025.0,2025-11-30,Texas Tech Red Raiders,Wyoming Cowboys,0.0,0.0,,,,,False,United Supermarkets Arena,2025-11-30 20:00:00+00:00,,2025-11-30 15:00,EST,2025-11-30T20:00:00Z,2025-11-30,,,texastechredraiders::wyoming,9bf4dcafab589ee088bf1f1079e59143,BetRivers,totals,full_game,2025-11-30 20:00:00+00:00,2025-11-30 19:31:25+00:00,Texas Tech Red Raiders,Wyoming Cowboys,,,,,,,154.0,-109.0,-113.0,2025-11-30,0.0,False,103.69425048828126,24.79580764770508,74.497635,79.989685,16.116158,16.922485,103.69425048828126,24.79580764770508,-50.305749511718744,,-0.3266607111150568,,-1.0,,,0.9718665225058709,0.02813347749412909,,,,,,
401819901,2025.0,2025-11-30,Texas Tech Red Raiders,Wyoming Cowboys,0.0,0.0,,,,,False,United Supermarkets Arena,2025-11-30 20:00:00+00:00,,2025-11-30 15:00,EST,2025-11-30T20:00:00Z,2025-11-30,,,texastechredraiders::wyoming,9bf4dcafab589ee088bf1f1079e59143,BetUS,spreads,full_game,2025-11-30 20:00:00+00:00,2025-11-30 19:30:11+00:00,Texas Tech Red Raiders,Wyoming Cowboys,,,-21.0,-110.0,21.0,-110.0,,,,2025-11-30,0.0,False,103.69425048828126,24.79580764770508,74.497635,79.989685,16.116158,16.922485,103.69425048828126,24.79580764770508,,3.795807647705079,,0.18075274512881329,,,,0.9718665225058709,0.02813347749412909,,,,,,
401819901,2025.0,2025-11-30,Texas Tech Red Raiders,Wyoming Cowboys,0.0,0.0,,,,,False,United Supermarkets Arena,2025-11-30 20:00:00+00:00,,2025-11-30 15:00,EST,2025-11-30T20:00:00Z,2025-11-30,,,texastechredraiders::wyoming,9bf4dcafab589ee088bf1f1079e59143,BetUS,totals,full_game,2025-11-30 20:00:00+00:00,2025-11-30 19:30:11+00:00,Texas Tech Red Raiders,Wyoming Cowboys,,,,,,,153.5,-110.0,-110.0,2025-11-30,0.0,False,103.69425048828126,24.79580764770508,74.497635,79.989685,16.116158,16.922485,103.69425048828126,24.79580764770508,-49.805749511718744,,-0.32446742352911234,,-1.0,,,0.9718665225058709,0.02813347749412909,,,,,,
401819901,2025.0,2025-11-30,Texas Tech Red Raiders,Wyoming Cowboys,0.0,0.0,,,,,False,United Supermarkets Arena,2025-11-30 20:00:00+00:00,,2025-11-30 15:00,EST,2025-11-30T20:00:00Z,2025-11-30,,,texastechredraiders::wyoming,9bf4dcafab589ee088bf1f1079e59143,Bovada,spreads,full_game,2025-11-30 20:00:00+00:00,2025-11-30 19:30:58+00:00,Texas Tech Red Raiders,Wyoming Cowboys,,,-20.5,-115.0,20.5,-105.0,,,,2025-11-30,0.0,False,103.69425048828126,24.79580764770508,74.497635,79.989685,16.116158,16.922485,103.69425048828126,24.79580764770508,,4.295807647705079,,0.20955159257097947,,,,0.9718665225058709,0.02813347749412909,,,,,,
401819901,2025.0,2025-11-30,Texas Tech Red Raiders,Wyoming Cowboys,0.0,0.0,,,,,False,United Supermarkets Arena,2025-11-30 20:00:00+00:00,,2025-11-30 15:00,EST,2025-11-30T20:00:00Z,2025-11-30,,,texastechredraiders::wyoming,9bf4dcafab589ee088bf1f1079e59143,Bovada,totals,full_game,2025-11-30 20:00:00+00:00,2025-11-30 19:30:58+00:00,Texas Tech Red Raiders,Wyoming Cowboys,,,,,,,154.0,-110.0,-110.0,2025-11-30,0.0,False,103.69425048828126,24.79580764770508,74.497635,79.989685,16.116158,16.922485,103.69425048828126,24.79580764770508,-50.305749511718744,,-0.3266607111150568,,-1.0,,,0.9718665225058709,0.02813347749412909,,,,,,
401819901,2025.0,2025-11-30,Texas Tech Red Raiders,Wyoming Cowboys,0.0,0.0,,,,,False,United Supermarkets Arena,2025-11-30 20:00:00+00:00,,2025-11-30 15:00,EST,2025-11-30T20:00:00Z,2025-11-30,,,texastechredraiders::wyoming,9bf4dcafab589ee088bf1f1079e59143,Caesars,spreads,full_game,2025-11-30 20:00:00+00:00,2025-11-30 19:27:07+00:00,Texas Tech Red Raiders,Wyoming Cowboys,,,-21.0,-110.0,21.0,-110.0,,,,2025-11-30,0.0,False,103.69425048828126,24.79580764770508,74.497635,79.989685,16.116158,16.922485,103.69425048828126,24.79580764770508,,3.795807647705079,,0.18075274512881329,,,,0.9718665225058709,0.02813347749412909,,,,,,
401819901,2025.0,2025-11-30,Texas Tech Red Raiders,Wyoming Cowboys,0.0,0.0,,,,,False,United Supermarkets Arena,2025-11-30 20:00:00+00:00,,2025-11-30 15:00,EST,2025-11-30T20:00:00Z,2025-11-30,,,texastechredraiders::wyoming,9bf4dcafab589ee088bf1f1079e59143,Caesars,totals,full_game,2025-11-30 20:00:00+00:00,2025-11-30 19:27:07+00:00,Texas Tech Red Raiders,Wyoming Cowboys,,,,,,,154.0,-110.0,-110.0,2025-11-30,0.0,False,103.69425048828126,24.79580764770508,74.497635,79.989685,16.116158,16.922485,103.69425048828126,24.79580764770508,-50.305749511718744,,-0.3266607111150568,,-1.0,,,0.9718665225058709,0.02813347749412909,,,,,,
401819901,2025.0,2025-11-30,Texas Tech Red Raiders,Wyoming Cowboys,0.0,0.0,,,,,False,United Supermarkets Arena,2025-11-30 20:00:00+00:00,,2025-11-30 15:00,EST,2025-11-30T20:00:00Z,2025-11-30,,,texastechredraiders::wyoming,9bf4dcafab589ee088bf1f1079e59143,DraftKings,h2h,2h,2025-11-30 20:00:00+00:00,2025-11-30 19:31:24+00:00,Texas Tech Red Raiders,Wyoming Cowboys,-4500.0,1700.0,,,,,,,,2025-11-30,0.0,False,103.69425048828126,24.79580764770508,74.497635,79.989685,16.116158,16.922485,79.989685,16.922485,,,,,,0.9782608695652174,0.05555555555555555,0.9181519076767704,0.08184809232322965,-1.0,0.027839156577537275,-0.061444716597079195,0.4732656618181337,0.022222222222222223,17.0
401819901,2025.0,2025-11-30,Texas Tech Red Raiders,Wyoming Cowboys,0.0,0.0,,,,,False,United Supermarkets Arena,2025-11-30 20:00:00+00:00,,2025-11-30 15:00,EST,2025-11-30T20:00:00Z,2025-11-30,,,texastechredraiders::wyoming,9bf4dcafab589ee088bf1f1079e59143,DraftKings,spreads,full_game,2025-11-30 20:00:00+00:00,2025-11-30 19:31:24+00:00,Texas Tech Red Raiders,Wyoming Cowboys,,,-20.5,-118.0,20.5,-102.0,,,,2025-11-30,0.0,False,103.69425048828126,24.79580764770508,74.497635,79.989685,16.116158,16.922485,103.69425048828126,24.79580764770508,,4.295807647705079,,0.20955159257097947,,,,0.9718665225058709,0.02813347749412909,,,,,,
401819901,2025.0,2025-11-30,Texas Tech Red Raiders,Wyoming Cowboys,0.0,0.0,,,,,False,United Supermarkets Arena,2025-11-30 20:00:00+00:00,,2025-11-30 15:00,EST,2025-11-30T20:00:00Z,2025-11-30,,,texastechredraiders::wyoming,9bf4dcafab589ee088bf1f1079e59143,DraftKings,totals,full_game,2025-11-30 20:00:00+00:00,2025-11-30 19:31:24+00:00,Texas Tech Red Raiders,Wyoming Cowboys,,,,,,,153.5,-110.0,-110.0,2025-11-30,0.0,False,103.69425048828126,24.79580764770508,74.497635,79.989685,16.116158,16.922485,103.69425048828126,24.79580764770508,-49.805749511718744,,-0.32446742352911234,,-1.0,,,0.9718665225058709,0.02813347749412909,,,,,,
401819901,2025.0,2025-11-30,Texas Tech Red Raiders,Wyoming Cowboys,0.0,0.0,,,,,False,United Supermarkets Arena,2025-11-30 20:00:00+00:00,,2025-11-30 15:00,EST,2025-11-30T20:00:00Z,2025-11-30,,,texastechredraiders::wyoming,9bf4dcafab589ee088bf1f1079e59143,FanDuel,h2h,2h,2025-11-30 20:00:00+00:00,2025-11-30 19:31:10+00:00,Texas Tech Red Raiders,Wyoming Cowboys,-4500.0,1600.0,,,,,,,,2025-11-30,0.0,False,103.69425048828126,24.79580764770508,74.497635,79.989685,16.116158,16.922485,79.989685,16.922485,,,,,,0.9782608695652174,0.058823529411764705,0.9181519076767704,0.08184809232322965,-1.0,0.0244635980934315,-0.061444716597079195,0.391417569494904,0.022222222222222223,16.0
401819901,2025.0,2025-11-30,Texas Tech Red Raiders,Wyoming Cowboys,0.0,0.0,,,,,False,United Supermarkets Arena,2025-11-30 20:00:00+00:00,,2025-11-30 15:00,EST,2025-11-30T20:00:00Z,2025-11-30,,,texastechredraiders::wyoming,9bf4dcafab589ee088bf1f1079e59143,FanDuel,spreads,full_game,2025-11-30 20:00:00+00:00,2025-11-30 19:31:10+00:00,Texas Tech Red Raiders,Wyoming Cowboys,,,-20.5,-110.0,20.5,-110.0,,,,2025-11-30,0.0,False,103.69425048828126,24.79580764770508,74.497635,79.989685,16.116158,16.922485,103.69425048828126,24.79580764770508,,4.295807647705079,,0.20955159257097947,,,,0.9718665225058709,0.02813347749412909,,,,,,
401819901,2025.0,2025-11-30,Texas Tech Red Raiders,Wyoming Cowboys,0.0,0.0,,,,,False,United Supermarkets Arena,2025-11-30 20:00:00+00:00,,2025-11-30 15:00,EST,2025-11-30T20:00:00Z,2025-11-30,,,texastechredraiders::wyoming,9bf4dcafab589ee088bf1f1079e59143,FanDuel,totals,full_game,2025-11-30 20:00:00+00:00,2025-11-30 19:31:10+00:00,Texas Tech Red Raiders,Wyoming Cowboys,,,,,,,152.5,-115.0,-105.0,2025-11-30,0.0,False,103.69425048828126,24.79580764770508,74.497635,79.989685,16.116158,16.922485,103.69425048828126,24.79580764770508,-48.805749511718744,,-0.3200377017161885,,-1.0,,,0.9718665225058709,0.02813347749412909,,,,,,
401819901,2025.0,2025-11-30,Texas Tech Red Raiders,Wyoming Cowboys,0.0,0.0,,,,,False,United Supermarkets Arena,2025-11-30 20:00:00+00:00,,2025-11-30 15:00,EST,2025-11-30T20:00:00Z,2025-11-30,,,texastechredraiders::wyoming,9bf4dcafab589ee088bf1f1079e59143,Fanatics,h2h,2h,2025-11-30 20:00:00+00:00,2025-11-30 19:31:09+00:00,Texas Tech Red Raiders,Wyoming Cowboys,-7000.0,1900.0,,,,,,,,2025-11-30,0.0,False,103.69425048828126,24.79580764770508,74.497635,79.989685,16.116158,16.922485,79.989685,16.922485,,,,,,0.9859154929577465,0.05,0.9181519076767704,0.08184809232322965,-1.0,0.03352430770866279,-0.06873163649927579,0.636961846464593,0.014285714285714285,19.0
401819901,2025.0,2025-11-30,Texas Tech Red Raiders,Wyoming Cowboys,0.0,0.0,,,,,False,United Supermarkets Arena,2025-11-30 20:00:00+00:00,,2025-11-30 15:00,EST,2025-11-30T20:00:00Z,2025-11-30,,,texastechredraiders::wyoming,9bf4dcafab589ee088bf1f1079e59143,Fanatics,spreads,full_game,2025-11-30 20:00:00+00:00,2025-11-30 19:31:09+00:00,Texas Tech Red Raiders,Wyoming Cowboys,,,-21.0,-110.0,21.0,-110.0,,,,2025-11-30,0.0,False,103.69425048828126,24.79580764770508,74.497635,79.989685,16.116158,16.922485,103.69425048828126,24.79580764770508,,3.795807647705079,,0.18075274512881329,,,,0.9718665225058709,0.02813347749412909,,,,,,
401819901,2025.0,2025-11-30,Texas Tech Red Raiders,Wyoming Cowboys,0.0,0.0,,,,,False,United Supermarkets Arena,2025-11-30 20:00:00+00:00,,2025-11-30 15:00,EST,2025-11-30T20:00:00Z,2025-11-30,,,texastechredraiders::wyoming,9bf4dcafab589ee088bf1f1079e59143,Fanatics,totals,full_game,2025-11-30 20:00:00+00:00,2025-11-30 19:31:09+00:00,Texas Tech Red Raiders,Wyoming Cowboys,,,,,,,154.0,-110.0,-110.0,2025-11-30,0.0,False,103.69425048828126,24.79580764770508,74.497635,79.989685,16.116158,16.922485,103.69425048828126,24.79580764770508,-50.305749511718744,,-0.3266607111150568,,-1.0,,,0.9718665225058709,0.02813347749412909,,,,,,
401819901,2025.0,2025-11-30,Texas Tech Red Raiders,Wyoming Cowboys,0.0,0.0,,,,,False,United Supermarkets Arena,2025-11-30 20:00:00+00:00,,2025-11-30 15:00,EST,2025-11-30T20:00:00Z,2025-11-30,,,texastechredraiders::wyoming,9bf4dcafab589ee088bf1f1079e59143,LowVig.ag,spreads,full_game,2025-11-30 20:00:00+00:00,2025-11-30 19:31:10+00:00,Texas Tech Red Raiders,Wyoming Cowboys,,,-21.0,-104.0,21.0,-108.0,,,,2025-11-30,0.0,False,103.69425048828126,24.79580764770508,74.497635,79.989685,16.116158,16.922485,103.69425048828126,24.79580764770508,,3.795807647705079,,0.18075274512881329,,,,0.9718665225058709,0.02813347749412909,,,,,,
401819901,2025.0,2025-11-30,Texas Tech Red Raiders,Wyoming Cowboys,0.0,0.0,,,,,False,United Supermarkets Arena,2025-11-30 20:00:00+00:00,,2025-11-30 15:00,EST,2025-11-30T20:00:00Z,2025-11-30,,,texastechredraiders::wyoming,9bf4dcafab589ee088bf1f1079e59143,LowVig.ag,totals,full_game,2025-11-30 20:00:00+00:00,2025-11-30 19:31:10+00:00,Texas Tech Red Raiders,Wyoming Cowboys,,,,,,,153.5,-103.0,-113.0,2025-11-30,0.0,False,103.69425048828126,24.79580764770508,74.497635,79.989685,16.116158,16.922485,103.69425048828126,24.79580764770508,-49.805749511718744,,-0.32446742352911234,,-1.0,,,0.9718665225058709,0.02813347749412909,,,,,,
401819918,2025.0,2025-11-30,West Virginia Mountaineers,Mercyhurst Lakers,0.0,0.0,,,,,False,WVU Coliseum,2025-11-30 20:00:00+00:00,,2025-11-30 15:00,EST,2025-11-30T20:00:00Z,2025-11-30,,,mercyhurst::westvirginia,40000fab197ef720b85eed6761ddd598,BetMGM,h2h,2h,2025-11-30 20:00:00+00:00,2025-11-30 19:31:23+00:00,West Virginia Mountaineers,Mercyhurst Lakers,-10000.0,2000.0,,,,,,,,2025-11-30,0.0,False,149.2994384765625,14.530132293701172,73.03804,78.69745,7.4287224,7.6168528,78.69745,7.6168528,,,,,,0.9900990099009901,0.047619047619047616,0.7480278847185726,0.2519721152814274,-1.0,0.21457072104549874,-0.24449183643424166,4.291414420909975,0.01,20.0
401819918,2025.0,2025-11-30,West Virginia Mountaineers,Mercyhurst Lakers,0.0,0.0,,,,,False,WVU Coliseum,2025-11-30 20:00:00+00:00,,2025-11-30 15:00,EST,2025-11-30T20:00:00Z,2025-11-30,,,mercyhurst::westvirginia,40000fab197ef720b85eed6761ddd598,BetMGM,spreads,full_game,2025-11-30 20:00:00+00:00,2025-11-30 19:31:23+00:00,West Virginia Mountaineers,Mercyhurst Lakers,,,-21.5,-110.0,21.5,-110.0,,,,2025-11-30,0.0,False,149.2994384765625,14.530132293701172,73.03804,78.69745,7.4287224,7.6168528,149.2994384765625,14.530132293701172,,-6.969867706298828,,-0.32417989331622454,,,,0.8885221028847159,0.11147789711528411,,,,,,
401819918,2025.0,2025-11-30,West Virginia Mountaineers,Mercyhurst Lakers,0.0,0.0,,,,,False,WVU Coliseum,2025-11-30 20:00:00+00:00,,2025-11-30 15:00,EST,2025-11-30T20:00:00Z,2025-11-30,,,mercyhurst::westvirginia,40000fab197ef720b85eed6761ddd598,BetMGM,totals,full_game,2025-11-30 20:00:00+00:00,2025-11-30 19:31:23+00:00,West Virginia Mountaineers,Mercyhurst Lakers,,,,,,,127.5,-110.0,-110.0,2025-11-30,0.0,False,149.2994384765625,14.530132293701172,73.03804,78.69745,7.4287224,7.6168528,149.2994384765625,14.530132293701172,21.7994384765625,,0.1709759880514706,,0.72664794921875,,,0.8885221028847159,0.11147789711528411,,,,,,
401819918,2025.0,2025-11-30,West Virginia Mountaineers,Mercyhurst Lakers,0.0,0.0,,,,,False,WVU Coliseum,2025-11-30 20:00:00+00:00,,2025-11-30 15:00,EST,2025-11-30T20:00:00Z,2025-11-30,,,mercyhurst::westvirginia,40000fab197ef720b85eed6761ddd598,BetOnline.ag,spreads,full_game,2025-11-30 20:00:00+00:00,2025-11-30 19:31:39+00:00,West Virginia Mountaineers,Mercyhurst Lakers,,,-22.0,-105.0,22.0,-115.0,,,,2025-11-30,0.0,False,149.2994384765625,14.530132293701172,73.03804,78.69745,7.4287224,7.6168528,149.2994384765625,14.530132293701172,,-7.469867706298828,,-0.3395394411954013,,,,0.8885221028847159,0.11147789711528411,,,,,,
401819918,2025.0,2025-11-30,West Virginia Mountaineers,Mercyhurst Lakers,0.0,0.0,,,,,False,WVU Coliseum,2025-11-30 20:00:00+00:00,,2025-11-30 15:00,EST,2025-11-30T20:00:00Z,2025-11-30,,,mercyhurst::westvirginia,40000fab197ef720b85eed6761ddd598,BetOnline.ag,totals,full_game,2025-11-30 20:00:00+00:00,2025-11-30 19:31:39+00:00,West Virginia Mountaineers,Mercyhurst Lakers,,,,,,,126.5,-115.0,-105.0,2025-11-30,0.0,False,149.2994384765625,14.530132293701172,73.03804,78.69745,7.4287224,7.6168528,149.2994384765625,14.530132293701172,22.7994384765625,,0.18023271522974307,,0.7599812825520833,,,0.8885221028847159,0.11147789711528411,,,,,,
401819918,2025.0,2025-11-30,West Virginia Mountaineers,Mercyhurst Lakers,0.0,0.0,,,,,False,WVU Coliseum,2025-11-30 20:00:00+00:00,,2025-11-30 15:00,EST,2025-11-30T20:00:00Z,2025-11-30,,,mercyhurst::westvirginia,40000fab197ef720b85eed6761ddd598,BetRivers,spreads,full_game,2025-11-30 20:00:00+00:00,2025-11-30 19:31:25+00:00,West Virginia Mountaineers,Mercyhurst Lakers,,,-21.5,-114.0,21.5,-109.0,,,,2025-11-30,0.0,False,149.2994384765625,14.530132293701172,73.03804,78.69745,7.4287224,7.6168528,149.2994384765625,14.530132293701172,,-6.969867706298828,,-0.32417989331622454,,,,0.8885221028847159,0.11147789711528411,,,,,,
401819918,2025.0,2025-11-30,West Virginia Mountaineers,Mercyhurst Lakers,0.0,0.0,,,,,False,WVU Coliseum,2025-11-30 20:00:00+00:00,,2025-11-30 15:00,EST,2025-11-30T20:00:00Z,2025-11-30,,,mercyhurst::westvirginia,40000fab197ef720b85eed6761ddd598,BetRivers,totals,full_game,2025-11-30 20:00:00+00:00,2025-11-30 19:31:25+00:00,West Virginia Mountaineers,Mercyhurst Lakers,,,,,,,126.5,-110.0,-113.0,2025-11-30,0.0,False,149.2994384765625,14.530132293701172,73.03804,78.69745,7.4287224,7.6168528,149.2994384765625,14.530132293701172,22.7994384765625,,0.18023271522974307,,0.7599812825520833,,,0.8885221028847159,0.11147789711528411,,,,,,
401819918,2025.0,2025-11-30,West Virginia Mountaineers,Mercyhurst Lakers,0.0,0.0,,,,,False,WVU Coliseum,2025-11-30 20:00:00+00:00,,2025-11-30 15:00,EST,2025-11-30T20:00:00Z,2025-11-30,,,mercyhurst::westvirginia,40000fab197ef720b85eed6761ddd598,Bovada,spreads,full_game,2025-11-30 20:00:00+00:00,2025-11-30 19:30:58+00:00,West Virginia Mountaineers,Mercyhurst Lakers,,,-21.0,-110.0,21.0,-110.0,,,,2025-11-30,0.0,False,149.2994384765625,14.530132293701172,73.03804,78.69745,7.4287224,7.6168528,149.2994384765625,14.530132293701172,,-6.469867706298828,,-0.3080889383951823,,,,0.8885221028847159,0.11147789711528411,,,,,,
401819918,2025.0,2025-11-30,West Virginia Mountaineers,Mercyhurst Lakers,0.0,0.0,,,,,False,WVU Coliseum,2025-11-30 20:00:00+00:00,,2025-11-30 15:00,EST,2025-11-30T20:00:00Z,2025-11-30,,,mercyhurst::westvirginia,40000fab197ef720b85eed6761ddd598,Bovada,totals,full_game,2025-11-30 20:00:00+00:00,2025-11-30 19:30:58+00:00,West Virginia Mountaineers,Mercyhurst Lakers,,,,,,,127.0,-110.0,-110.0,2025-11-30,0.0,False,149.2994384765625,14.530132293701172,73.03804,78.69745,7.4287224,7.6168528,149.2994384765625,14.530132293701172,22.2994384765625,,0.1755861297367126,,0.7433146158854167,,,0.8885221028847159,0.11147789711528411,,,,,,
401819918,2025.0,2025-11-30,West Virginia Mountaineers,Mercyhurst Lakers,0.0,0.0,,,,,False,WVU Coliseum,2025-11-30 20:00:00+00:00,,2025-11-30 15:00,EST,2025-11-30T20:00:00Z,2025-11-30,,,mercyhurst::westvirginia,40000fab197ef720b85eed6761ddd598,Caesars,spreads,full_game,2025-11-30 20:00:00+00:00,2025-11-30 19:27:07+00:00,West Virginia Mountaineers,Mercyhurst Lakers,,,-21.5,-110.0,21.5,-110.0,,,,2025-11-30,0.0,False,149.2994384765625,14.530132293701172,73.03804,78.69745,7.4287224,7.6168528,149.2994384765625,14.530132293701172,,-6.969867706298828,,-0.32417989331622454,,,,0.8885221028847159,0.11147789711528411,,,,,,
401819918,2025.0,2025-11-30,West Virginia Mountaineers,Mercyhurst Lakers,0.0,0.0,,,,,False,WVU Coliseum,2025-11-30 20:00:00+00:00,,2025-11-30 15:00,EST,2025-11-30T20:00:00Z,2025-11-30,,,mercyhurst::westvirginia,40000fab197ef720b85eed6761ddd598,Caesars,totals,full_game,2025-11-30 20:00:00+00:00,2025-11-30 19:27:07+00:00,West Virginia Mountaineers,Mercyhurst Lakers,,,,,,,126.5,-110.0,-110.0,2025-11-30,0.0,False,149.2994384765625,14.530132293701172,73.03804,78.69745,7.4287224,7.6168528,149.2994384765625,14.530132293701172,22.7994384765625,,0.18023271522974307,,0.7599812825520833,,,0.8885221028847159,0.11147789711528411,,,,,,
401819918,2025.0,2025-11-30,West Virginia Mountaineers,Mercyhurst Lakers,0.0,0.0,,,,,False,WVU Coliseum,2025-11-30 20:00:00+00:00,,2025-11-30 15:00,EST,2025-11-30T20:00:00Z,2025-11-30,,,mercyhurst::westvirginia,40000fab197ef720b85eed6761ddd598,DraftKings,h2h,2h,2025-11-30 20:00:00+00:00,2025-11-30 19:31:24+00:00,West Virginia Mountaineers,Mercyhurst Lakers,-8000.0,2200.0,,,,,,,,2025-11-30,0.0,False,149.2994384765625,14.530132293701172,73.03804,78.69745,7.4287224,7.6168528,78.69745,7.6168528,,,,,,0.9876543209876543,0.043478260869565216,0.7480278847185726,0.2519721152814274,-1.0,0.21797084779421952,-0.24262176672244523,4.79535865147283,0.0125,22.0
401819918,2025.0,2025-11-30,West Virginia Mountaineers,Mercyhurst Lakers,0.0,0.0,,,,,False,WVU Coliseum,2025-11-30 20:00:00+00:00,,2025-11-30 15:00,EST,2025-11-30T20:00:00Z,2025-11-30,,,mercyhurst::westvirginia,40000fab197ef720b85eed6761ddd598,DraftKings,spreads,full_game,2025-11-30 20:00:00+00:00,2025-11-30 19:31:24+00:00,West Virginia Mountaineers,Mercyhurst Lakers,,,-21.5,-112.0,21.5,-108.0,,,,2025-11-30,0.0,False,149.2994384765625,14.530132293701172,73.03804,78.69745,7.4287224,7.6168528,149.2994384765625,14.530132293701172,,-6.969867706298828,,-0.32417989331622454,,,,0.8885221028847159,0.11147789711528411,,,,,,
401819918,2025.0,2025-11-30,West Virginia Mountaineers,Mercyhurst Lakers,0.0,0.0,,,,,False,WVU Coliseum,2025-11-30 20:00:00+00:00,,2025-11-30 15:00,EST,2025-11-30T20:00:00Z,2025-11-30,,,mercyhurst::westvirginia,40000fab197ef720b85eed6761ddd598,DraftKings,totals,full_game,2025-11-30 20:00:00+00:00,2025-11-30 19:31:24+00:00,West Virginia Mountaineers,Mercyhurst Lakers,,,,,,,126.5,-115.0,-105.0,2025-11-30,0.0,False,149.2994384765625,14.530132293701172,73.03804,78.69745,7.4287224,7.6168528,149.2994384765625,14.530132293701172,22.7994384765625,,0.18023271522974307,,0.7599812825520833,,,0.8885221028847159,0.11147789711528411,,,,,,
401819918,2025.0,2025-11-30,West Virginia Mountaineers,Mercyhurst Lakers,0.0,0.0,,,,,False,WVU Coliseum,2025-11-30 20:00:00+00:00,,2025-11-30 15:00,EST,2025-11-30T20:00:00Z,2025-11-30,,,mercyhurst::westvirginia,40000fab197ef720b85eed6761ddd598,FanDuel,h2h,2h,2025-11-30 20:00:00+00:00,2025-11-30 19:31:10+00:00,West Virginia Mountaineers,Mercyhurst Lakers,-7000.0,2000.0,,,,,,,,2025-11-30,0.0,False,149.2994384765625,14.530132293701172,73.03804,78.69745,7.4287224,7.6168528,78.69745,7.6168528,,,,,,0.9859154929577465,0.047619047619047616,0.7480278847185726,0.2519721152814274,-1.0,0.21457072104549874,-0.24128600264259062,4.291414420909975,0.014285714285714285,20.0
401819918,2025.0,2025-11-30,West Virginia Mountaineers,Mercyhurst Lakers,0.0,0.0,,,,,False,WVU Coliseum,2025-11-30 20:00:00+00:00,,2025-11-30 15:00,EST,2025-11-30T20:00:00Z,2025-11-30,,,mercyhurst::westvirginia,40000fab197ef720b85eed6761ddd598,FanDuel,spreads,full_game,2025-11-30 20:00:00+00:00,2025-11-30 19:31:10+00:00,West Virginia Mountaineers,Mercyhurst Lakers,,,-21.5,-120.0,21.5,-102.0,,,,2025-11-30,0.0,False,149.2994384765625,14.530132293701172,73.03804,78.69745,7.4287224,7.6168528,149.2994384765625,14.530132293701172,,-6.969867706298828,,-0.32417989331622454,,,,0.8885221028847159,0.11147789711528411,,,,,,
401819918,2025.0,2025-11-30,West Virginia Mountaineers,Mercyhurst Lakers,0.0,0.0,,,,,False,WVU Coliseum,2025-11-30 20:00:00+00:00,,2025-11-30 15:00,EST,2025-11-30T20:00:00Z,2025-11-30,,,mercyhurst::westvirginia,40000fab197ef720b85eed6761ddd598,FanDuel,totals,full_game,2025-11-30 20:00:00+00:00,2025-11-30 19:31:10+00:00,West Virginia Mountaineers,Mercyhurst Lakers,,,,,,,126.5,-115.0,-105.0,2025-11-30,0.0,False,149.2994384765625,14.530132293701172,73.03804,78.69745,7.4287224,7.6168528,149.2994384765625,14.530132293701172,22.7994384765625,,0.18023271522974307,,0.7599812825520833,,,0.8885221028847159,0.11147789711528411,,,,,,
401819918,2025.0,2025-11-30,West Virginia Mountaineers,Mercyhurst Lakers,0.0,0.0,,,,,False,WVU Coliseum,2025-11-30 20:00:00+00:00,,2025-11-30 15:00,EST,2025-11-30T20:00:00Z,2025-11-30,,,mercyhurst::westvirginia,40000fab197ef720b85eed6761ddd598,Fanatics,h2h,2h,2025-11-30 20:00:00+00:00,2025-11-30 19:31:09+00:00,West Virginia Mountaineers,Mercyhurst Lakers,-7000.0,2000.0,,,,,,,,2025-11-30,0.0,False,149.2994384765625,14.530132293701172,73.03804,78.69745,7.4287224,7.6168528,78.69745,7.6168528,,,,,,0.9859154929577465,0.047619047619047616,0.7480278847185726,0.2519721152814274,-1.0,0.21457072104549874,-0.24128600264259062,4.291414420909975,0.014285714285714285,20.0
401819918,2025.0,2025-11-30,West Virginia Mountaineers,Mercyhurst Lakers,0.0,0.0,,,,,False,WVU Coliseum,2025-11-30 20:00:00+00:00,,2025-11-30 15:00,EST,2025-11-30T20:00:00Z,2025-11-30,,,mercyhurst::westvirginia,40000fab197ef720b85eed6761ddd598,Fanatics,spreads,full_game,2025-11-30 20:00:00+00:00,2025-11-30 19:31:09+00:00,West Virginia Mountaineers,Mercyhurst Lakers,,,-21.5,-110.0,21.5,-110.0,,,,2025-11-30,0.0,False,149.2994384765625,14.530132293701172,73.03804,78.69745,7.4287224,7.6168528,149.2994384765625,14.530132293701172,,-6.969867706298828,,-0.32417989331622454,,,,0.8885221028847159,0.11147789711528411,,,,,,
401819918,2025.0,2025-11-30,West Virginia Mountaineers,Mercyhurst Lakers,0.0,0.0,,,,,False,WVU Coliseum,2025-11-30 20:00:00+00:00,,2025-11-30 15:00,EST,2025-11-30T20:00:00Z,2025-11-30,,,mercyhurst::westvirginia,40000fab197ef720b85eed6761ddd598,Fanatics,totals,full_game,2025-11-30 20:00:00+00:00,2025-11-30 19:31:09+00:00,West Virginia Mountaineers,Mercyhurst Lakers,,,,,,,127.0,-110.0,-110.0,2025-11-30,0.0,False,149.2994384765625,14.530132293701172,73.03804,78.69745,7.4287224,7.6168528,149.2994384765625,14.530132293701172,22.2994384765625,,0.1755861297367126,,0.7433146158854167,,,0.8885221028847159,0.11147789711528411,,,,,,
401819918,2025.0,2025-11-30,West Virginia Mountaineers,Mercyhurst Lakers,0.0,0.0,,,,,False,WVU Coliseum,2025-11-30 20:00:00+00:00,,2025-11-30 15:00,EST,2025-11-30T20:00:00Z,2025-11-30,,,mercyhurst::westvirginia,40000fab197ef720b85eed6761ddd598,LowVig.ag,spreads,full_game,2025-11-30 20:00:00+00:00,2025-11-30 19:31:10+00:00,West Virginia Mountaineers,Mercyhurst Lakers,,,-22.5,-106.0,22.5,-106.0,,,,2025-11-30,0.0,False,149.2994384765625,14.530132293701172,73.03804,78.69745,7.4287224,7.6168528,149.2994384765625,14.530132293701172,,-7.969867706298828,,-0.35421634250217016,,,,0.8885221028847159,0.11147789711528411,,,,,,
401819918,2025.0,2025-11-30,West Virginia Mountaineers,Mercyhurst Lakers,0.0,0.0,,,,,False,WVU Coliseum,2025-11-30 20:00:00+00:00,,2025-11-30 15:00,EST,2025-11-30T20:00:00Z,2025-11-30,,,mercyhurst::westvirginia,40000fab197ef720b85eed6761ddd598,LowVig.ag,totals,full_game,2025-11-30 20:00:00+00:00,2025-11-30 19:31:10+00:00,West Virginia Mountaineers,Mercyhurst Lakers,,,,,,,126.5,-113.0,-103.0,2025-11-30,0.0,False,149.2994384765625,14.530132293701172,73.03804,78.69745,7.4287224,7.6168528,149.2994384765625,14.530132293701172,22.7994384765625,,0.18023271522974307,,0.7599812825520833,,,0.8885221028847159,0.11147789711528411,,,,,,
401822669,2025.0,2025-11-30,Princeton Tigers,Saint Joseph's Hawks,33.0,35.0,25.0,30.0,8.0,5.0,True,CURE Insurance Arena,2025-11-30 18:00:00+00:00,,2025-11-30 13:00,EST,2025-11-30T18:00:00Z,2025-11-30,,,princeton::stjosephs,9071a3648235323d38e2b74d1adc25a3,BetMGM,h2h,2h,2025-11-30 18:00:00+00:00,2025-11-30 00:03:29+00:00,Princeton Tigers,Saint Joseph's Hawks,140.0,-170.0,,,,,,,,2025-11-30,0.0,False,142.7187042236328,1.202695369720459,68.344315,72.24983,-1.0079486,-0.0049631596,72.24983,-0.0049631596,,,,,,0.4166666666666667,0.6296296296296297,0.49982274430742574,0.5001772556925743,0.1425532759555869,-0.34952140963004935,0.19957458633782166,-0.20560082919414668,1.4,0.5882352941176471
401822669,2025.0,2025-11-30,Princeton Tigers,Saint Joseph's Hawks,33.0,35.0,25.0,30.0,8.0,5.0,True,CURE Insurance Arena,2025-11-30 18:00:00+00:00,,2025-11-30 13:00,EST,2025-11-30T18:00:00Z,2025-11-30,,,princeton::stjosephs,9071a3648235323d38e2b74d1adc25a3,BetMGM,totals,full_game,2025-11-30 18:00:00+00:00,2025-11-30 00:03:29+00:00,Princeton Tigers,Saint Joseph's Hawks,,,,,,,147.5,-105.0,-115.0,2025-11-30,0.0,False,142.7187042236328,1.202695369720459,68.344315,72.24983,-1.0079486,-0.0049631596,142.7187042236328,1.202695369720459,-4.7812957763671875,,-0.032415564585540256,,-0.15937652587890624,,,0.5428480519571675,0.45715194804283255,,,,,,
401822669,2025.0,2025-11-30,Princeton Tigers,Saint Joseph's Hawks,33.0,35.0,25.0,30.0,8.0,5.0,True,CURE Insurance Arena,2025-11-30 18:00:00+00:00,,2025-11-30 13:00,EST,2025-11-30T18:00:00Z,2025-11-30,,,princeton::stjosephs,9071a3648235323d38e2b74d1adc25a3,BetOnline.ag,spreads,full_game,2025-11-30 18:00:00+00:00,2025-11-30 00:03:58+00:00,Princeton Tigers,Saint Joseph's Hawks,,,3.0,-110.0,-3.0,-110.0,,,,2025-11-30,0.0,False,142.7187042236328,1.202695369720459,68.344315,72.24983,-1.0079486,-0.0049631596,142.7187042236328,1.202695369720459,,4.202695369720459,,1.4008984565734863,,,,0.5428480519571675,0.45715194804283255,,,,,,
401822669,2025.0,2025-11-30,Princeton Tigers,Saint Joseph's Hawks,33.0,35.0,25.0,30.0,8.0,5.0,True,CURE Insurance Arena,2025-11-30 18:00:00+00:00,,2025-11-30 13:00,EST,2025-11-30T18:00:00Z,2025-11-30,,,princeton::stjosephs,9071a3648235323d38e2b74d1adc25a3,BetOnline.ag,totals,full_game,2025-11-30 18:00:00+00:00,2025-11-30 00:03:58+00:00,Princeton Tigers,Saint Joseph's Hawks,,,,,,,147.0,-110.0,-110.0,2025-11-30,0.0,False,142.7187042236328,1.202695369720459,68.344315,72.24983,-1.0079486,-0.0049631596,142.7187042236328,1.202695369720459,-4.2812957763671875,,-0.029124461063722365,,-0.14270985921223958,,,0.5428480519571675,0.45715194804283255,,,,,,
401822669,2025.0,2025-11-30,Princeton Tigers,Saint Joseph's Hawks,33.0,35.0,25.0,30.0,8.0,5.0,True,CURE Insurance Arena,2025-11-30 18:00:00+00:00,,2025-11-30 13:00,EST,2025-11-30T18:00:00Z,2025-11-30,,,princeton::stjosephs,9071a3648235323d38e2b74d1adc25a3,BetRivers,h2h,2h,2025-11-30 18:00:00+00:00,2025-11-30 00:04:08+00:00,Princeton Tigers,Saint Joseph's Hawks,135.0,-175.0,,,,,,,,2025-11-30,0.0,False,142.7187042236328,1.202695369720459,68.344315,72.24983,-1.0079486,-0.0049631596,72.24983,-0.0049631596,,,,,,0.425531914893617,0.6363636363636364,0.49982274430742574,0.5001772556925743,0.1293210734240374,-0.3745125468454207,0.1745834491224505,-0.21400716962595467,1.35,0.5714285714285714
401822669,2025.0,2025-11-30,Princeton Tigers,Saint Joseph's Hawks,33.0,35.0,25.0,30.0,8.0,5.0,True,CURE Insurance Arena,2025-11-30 18:00:00+00:00,,2025-11-30 13:00,EST,2025-11-30T18:00:00Z,2025-11-30,,,princeton::stjosephs,9071a3648235323d38e2b74d1adc25a3,BetRivers,spreads,full_game,2025-11-30 18:00:00+00:00,2025-11-30 00:04:08+00:00,Princeton Tigers,Saint Joseph's Hawks,,,3.5,-113.0,-3.5,-113.0,,,,2025-11-30,0.0,False,142.7187042236328,1.202695369720459,68.344315,72.24983,-1.0079486,-0.0049631596,142.7187042236328,1.202695369720459,,4.702695369720459,,1.3436272484915597,,,,0.5428480519571675,0.45715194804283255,,,,,,
401822669,2025.0,2025-11-30,Princeton Tigers,Saint Joseph's Hawks,33.0,35.0,25.0,30.0,8.0,5.0,True,CURE Insurance Arena,2025-11-30 18:00:00+00:00,,2025-11-30 13:00,EST,2025-11-30T18:00:00Z,2025-11-30,,,princeton::stjosephs,9071a3648235323d38e2b74d1adc25a3,BetRivers,totals,full_game,2025-11-30 18:00:00+00:00,2025-11-30 00:04:08+00:00,Princeton Tigers,Saint Joseph's Hawks,,,,,,,147.5,-113.0,-113.0,2025-11-30,0.0,False,142.7187042236328,1.202695369720459,68.344315,72.24983,-1.0079486,-0.0049631596,142.7187042236328,1.202695369720459,-4.7812957763671875,,-0.032415564585540256,,-0.15937652587890624,,,0.5428480519571675,0.45715194804283255,,,,,,
401822669,2025.0,2025-11-30,Princeton Tigers,Saint Joseph's Hawks,33.0,35.0,25.0,30.0,8.0,5.0,True,CURE Insurance Arena,2025-11-30 18:00:00+00:00,,2025-11-30 13:00,EST,2025-11-30T18:00:00Z,2025-11-30,,,princeton::stjosephs,9071a3648235323d38e2b74d1adc25a3,Caesars,spreads,full_game,2025-11-30 18:00:00+00:00,2025-11-30 00:02:55+00:00,Princeton Tigers,Saint Joseph's Hawks,,,4.0,-110.0,-4.0,-110.0,,,,2025-11-30,0.0,False,142.7187042236328,1.202695369720459,68.344315,72.24983,-1.0079486,-0.0049631596,142.7187042236328,1.202695369720459,,5.202695369720459,,1.3006738424301147,,,,0.5428480519571675,0.45715194804283255,,,,,,
401822669,2025.0,2025-11-30,Princeton Tigers,Saint Joseph's Hawks,33.0,35.0,25.0,30.0,8.0,5.0,True,CURE Insurance Arena,2025-11-30 18:00:00+00:00,,2025-11-30 13:00,EST,2025-11-30T18:00:00Z,2025-11-30,,,princeton::stjosephs,9071a3648235323d38e2b74d1adc25a3,Caesars,totals,full_game,2025-11-30 18:00:00+00:00,2025-11-30 00:02:55+00:00,Princeton Tigers,Saint Joseph's Hawks,,,,,,,147.0,-110.0,-110.0,2025-11-30,0.0,False,142.7187042236328,1.202695369720459,68.344315,72.24983,-1.0079486,-0.0049631596,142.7187042236328,1.202695369720459,-4.2812957763671875,,-0.029124461063722365,,-0.14270985921223958,,,0.5428480519571675,0.45715194804283255,,,,,,
401822669,2025.0,2025-11-30,Princeton Tigers,Saint Joseph's Hawks,33.0,35.0,25.0,30.0,8.0,5.0,True,CURE Insurance Arena,2025-11-30 18:00:00+00:00,,2025-11-30 13:00,EST,2025-11-30T18:00:00Z,2025-11-30,,,princeton::stjosephs,9071a3648235323d38e2b74d1adc25a3,DraftKings,h2h,2h,2025-11-30 18:00:00+00:00,2025-11-30 00:03:40+00:00,Princeton Tigers,Saint Joseph's Hawks,150.0,-180.0,,,,,,,,2025-11-30,0.0,False,142.7187042236328,1.202695369720459,68.344315,72.24983,-1.0079486,-0.0049631596,72.24983,-0.0049631596,,,,,,0.4,0.6428571428571429,0.49982274430742574,0.5001772556925743,0.1663712405123762,-0.3995036840607919,0.24955686076856431,-0.2219464911448844,1.5,0.5555555555555556
401822669,2025.0,2025-11-30,Princeton Tigers,Saint Joseph's Hawks,33.0,35.0,25.0,30.0,8.0,5.0,True,CURE Insurance Arena,2025-11-30 18:00:00+00:00,,2025-11-30 13:00,EST,2025-11-30T18:00:00Z,2025-11-30,,,princeton::stjosephs,9071a3648235323d38e2b74d1adc25a3,DraftKings,spreads,full_game,2025-11-30 18:00:00+00:00,2025-11-30 00:03:40+00:00,Princeton Tigers,Saint Joseph's Hawks,,,3.5,-110.0,-3.5,-110.0,,,,2025-11-30,0.0,False,142.7187042236328,1.202695369720459,68.344315,72.24983,-1.0079486,-0.0049631596,142.7187042236328,1.202695369720459,,4.702695369720459,,1.3436272484915597,,,,0.5428480519571675,0.45715194804283255,,,,,,
401822669,2025.0,2025-11-30,Princeton Tigers,Saint Joseph's Hawks,33.0,35.0,25.0,30.0,8.0,5.0,True,CURE Insurance Arena,2025-11-30 18:00:00+00:00,,2025-11-30 13:00,EST,2025-11-30T18:00:00Z,2025-11-30,,,princeton::stjosephs,9071a3648235323d38e2b74d1adc25a3,DraftKings,totals,full_game,2025-11-30 18:00:00+00:00,2025-11-30 00:03:40+00:00,Princeton Tigers,Saint Joseph's Hawks,,,,,,,147.5,-105.0,-115.0,2025-11-30,0.0,False,142.7187042236328,1.202695369720459,68.344315,72.24983,-1.0079486,-0.0049631596,142.7187042236328,1.202695369720459,-4.7812957763671875,,-0.032415564585540256,,-0.15937652587890624,,,0.5428480519571675,0.45715194804283255,,,,,,
401822669,2025.0,2025-11-30,Princeton Tigers,Saint Joseph's Hawks,33.0,35.0,25.0,30.0,8.0,5.0,True,CURE Insurance Arena,2025-11-30 18:00:00+00:00,,2025-11-30 13:00,EST,2025-11-30T18:00:00Z,2025-11-30,,,princeton::stjosephs,9071a3648235323d38e2b74d1adc25a3,FanDuel,h2h,2h,2025-11-30 18:00:00+00:00,2025-11-30 00:03:55+00:00,Princeton Tigers,Saint Joseph's Hawks,158.0,-192.0,,,,,,,,2025-11-30,0.0,False,142.7187042236328,1.202695369720459,68.344315,72.24983,-1.0079486,-0.0049631596,72.24983,-0.0049631596,,,,,,0.3875968992248062,0.6575342465753424,0.49982274430742574,0.5001772556925743,0.18325486095769514,-0.4594824133776829,0.28954268031315833,-0.2393137569675432,1.58,0.5208333333333334
401822669,2025.0,2025-11-30,Princeton Tigers,Saint Joseph's Hawks,33.0,35.0,25.0,30.0,8.0,5.0,True,CURE Insurance Arena,2025-11-30 18:00:00+00:00,,2025-11-30 13:00,EST,2025-11-30T18:00:00Z,2025-11-30,,,princeton::stjosephs,9071a3648235323d38e2b74d1adc25a3,FanDuel,spreads,full_game,2025-11-30 18:00:00+00:00,2025-11-30 00:03:55+00:00,Princeton Tigers,Saint Joseph's Hawks,,,3.5,-110.0,-3.5,-110.0,,,,2025-11-30,0.0,False,142.7187042236328,1.202695369720459,68.344315,72.24983,-1.0079486,-0.0049631596,142.7187042236328,1.202695369720459,,4.702695369720459,,1.3436272484915597,,,,0.5428480519571675,0.45715194804283255,,,,,,
401822669,2025.0,2025-11-30,Princeton Tigers,Saint Joseph's Hawks,33.0,35.0,25.0,30.0,8.0,5.0,True,CURE Insurance Arena,2025-11-30 18:00:00+00:00,,2025-11-30 13:00,EST,2025-11-30T18:00:00Z,2025-11-30,,,princeton::stjosephs,9071a3648235323d38e2b74d1adc25a3,FanDuel,totals,full_game,2025-11-30 18:00:00+00:00,2025-11-30 00:03:55+00:00,Princeton Tigers,Saint Joseph's Hawks,,,,,,,147.5,-115.0,-105.0,2025-11-30,0.0,False,142.7187042236328,1.202695369720459,68.344315,72.24983,-1.0079486,-0.0049631596,142.7187042236328,1.202695369720459,-4.7812957763671875,,-0.032415564585540256,,-0.15937652587890624,,,0.5428480519571675,0.45715194804283255,,,,,,
401822669,2025.0,2025-11-30,Princeton Tigers,Saint Joseph's Hawks,33.0,35.0,25.0,30.0,8.0,5.0,True,CURE Insurance Arena,2025-11-30 18:00:00+00:00,,2025-11-30 13:00,EST,2025-11-30T18:00:00Z,2025-11-30,,,princeton::stjosephs,9071a3648235323d38e2b74d1adc25a3,Fanatics,h2h,2h,2025-11-30 18:00:00+00:00,2025-11-30 00:04:08+00:00,Princeton Tigers,Saint Joseph's Hawks,140.0,-170.0,,,,,,,,2025-11-30,0.0,False,142.7187042236328,1.202695369720459,68.344315,72.24983,-1.0079486,-0.0049631596,72.24983,-0.0049631596,,,,,,0.4166666666666667,0.6296296296296297,0.49982274430742574,0.5001772556925743,0.1425532759555869,-0.34952140963004935,0.19957458633782166,-0.20560082919414668,1.4,0.5882352941176471
401822669,2025.0,2025-11-30,Princeton Tigers,Saint Joseph's Hawks,33.0,35.0,25.0,30.0,8.0,5.0,True,CURE Insurance Arena,2025-11-30 18:00:00+00:00,,2025-11-30 13:00,EST,2025-11-30T18:00:00Z,2025-11-30,,,princeton::stjosephs,9071a3648235323d38e2b74d1adc25a3,Fanatics,spreads,full_game,2025-11-30 18:00:00+00:00,2025-11-30 00:04:08+00:00,Princeton Tigers,Saint Joseph's Hawks,,,3.0,-105.0,-3.0,-115.0,,,,2025-11-30,0.0,False,142.7187042236328,1.202695369720459,68.344315,72.24983,-1.0079486,-0.0049631596,142.7187042236328,1.202695369720459,,4.202695369720459,,1.4008984565734863,,,,0.5428480519571675,0.45715194804283255,,,,,,
401822669,2025.0,2025-11-30,Princeton Tigers,Saint Joseph's Hawks,33.0,35.0,25.0,30.0,8.0,5.0,True,CURE Insurance Arena,2025-11-30 18:00:00+00:00,,2025-11-30 13:00,EST,2025-11-30T18:00:00Z,2025-11-30,,,princeton::stjosephs,9071a3648235323d38e2b74d1adc25a3,Fanatics,totals,full_game,2025-11-30 18:00:00+00:00,2025-11-30 00:04:08+00:00,Princeton Tigers,Saint Joseph's Hawks,,,,,,,147.5,-110.0,-110.0,2025-11-30,0.0,False,142.7187042236328,1.202695369720459,68.344315,72.24983,-1.0079486,-0.0049631596,142.7187042236328,1.202695369720459,-4.7812957763671875,,-0.032415564585540256,,-0.15937652587890624,,,0.5428480519571675,0.45715194804283255,,,,,,
401822669,2025.0,2025-11-30,Princeton Tigers,Saint Joseph's Hawks,33.0,35.0,25.0,30.0,8.0,5.0,True,CURE Insurance Arena,2025-11-30 18:00:00+00:00,,2025-11-30 13:00,EST,2025-11-30T18:00:00Z,2025-11-30,,,princeton::stjosephs,9071a3648235323d38e2b74d1adc25a3,LowVig.ag,spreads,full_game,2025-11-30 18:00:00+00:00,2025-11-30 00:03:13+00:00,Princeton Tigers,Saint Joseph's Hawks,,,3.0,-106.0,-3.0,-106.0,,,,2025-11-30,0.0,False,142.7187042236328,1.202695369720459,68.344315,72.24983,-1.0079486,-0.0049631596,142.7187042236328,1.202695369720459,,4.202695369720459,,1.4008984565734863,,,,0.5428480519571675,0.45715194804283255,,,,,,
401822669,2025.0,2025-11-30,Princeton Tigers,Saint Joseph's Hawks,33.0,35.0,25.0,30.0,8.0,5.0,True,CURE Insurance Arena,2025-11-30 18:00:00+00:00,,2025-11-30 13:00,EST,2025-11-30T18:00:00Z,2025-11-30,,,princeton::stjosephs,9071a3648235323d38e2b74d1adc25a3,LowVig.ag,totals,full_game,2025-11-30 18:00:00+00:00,2025-11-30 00:03:13+00:00,Princeton Tigers,Saint Joseph's Hawks,,,,,,,147.0,-108.0,-108.0,2025-11-30,0.0,False,142.7187042236328,1.202695369720459,68.344315,72.24983,-1.0079486,-0.0049631596,142.7187042236328,1.202695369720459,-4.2812957763671875,,-0.029124461063722365,,-0.14270985921223958,,,0.5428480519571675,0.45715194804283255,,,,,,
401823736,2025.0,2025-11-30,Fresno State Bulldogs,Cal State Bakersfield Roadrunners,0.0,0.0,,,,,False,Save Mart Center,2025-11-30 23:00:00+00:00,,2025-11-30 18:00,EST,2025-11-30T23:00:00Z,2025-11-30,,,calstbakersfield::fresnostate,e67d5f931079f5719ea0556de5c4ee4e,BetMGM,h2h,2h,2025-11-30 22:00:00+00:00,2025-11-30 19:31:23+00:00,Fresno St Bulldogs,CSU Bakersfield Roadrunners,-625.0,450.0,,,,,,,,2025-11-30,0.0,False,142.2229766845703,4.990634441375732,69.86621,76.82577,1.6895177,3.616699,76.82577,3.616699,,,,,,0.8620689655172413,0.18181818181818182,0.626369072728454,0.373630927271546,-1.0,0.23443779999855627,-0.27341187563499336,1.0549700999935032,0.16,4.5
401823736,2025.0,2025-11-30,Fresno State Bulldogs,Cal State Bakersfield Roadrunners,0.0,0.0,,,,,False,Save Mart Center,2025-11-30 23:00:00+00:00,,2025-11-30 18:00,EST,2025-11-30T23:00:00Z,2025-11-30,,,calstbakersfield::fresnostate,e67d5f931079f5719ea0556de5c4ee4e,BetMGM,spreads,full_game,2025-11-30 22:00:00+00:00,2025-11-30 19:31:23+00:00,Fresno St Bulldogs,CSU Bakersfield Roadrunners,,,-10.5,-110.0,10.5,-110.0,,,,2025-11-30,0.0,False,142.2229766845703,4.990634441375732,69.86621,76.82577,1.6895177,3.616699,142.2229766845703,4.990634441375732,,-5.509365558624268,,-0.5247014817737398,,,,0.6710521833605028,0.32894781663949724,,,,,,
401823736,2025.0,2025-11-30,Fresno State Bulldogs,Cal State Bakersfield Roadrunners,0.0,0.0,,,,,False,Save Mart Center,2025-11-30 23:00:00+00:00,,2025-11-30 18:00,EST,2025-11-30T23:00:00Z,2025-11-30,,,calstbakersfield::fresnostate,e67d5f931079f5719ea0556de5c4ee4e,BetMGM,totals,full_game,2025-11-30 22:00:00+00:00,2025-11-30 19:31:23+00:00,Fresno St Bulldogs,CSU Bakersfield Roadrunners,,,,,,,148.5,-115.0,-105.0,2025-11-30,0.0,False,142.2229766845703,4.990634441375732,69.86621,76.82577,1.6895177,3.616699,142.2229766845703,4.990634441375732,-6.2770233154296875,,-0.04226951727562079,,-0.20923411051432292,,,0.6710521833605028,0.32894781663949724,,,,,,
401823736,2025.0,2025-11-30,Fresno State Bulldogs,Cal State Bakersfield Roadrunners,0.0,0.0,,,,,False,Save Mart Center,2025-11-30 23:00:00+00:00,,2025-11-30 18:00,EST,2025-11-30T23:00:00Z,2025-11-30,,,calstbakersfield::fresnostate,e67d5f931079f5719ea0556de5c4ee4e,BetOnline.ag,h2h,2h,2025-11-30 22:00:00+00:00,2025-11-30 19:31:39+00:00,Fresno St Bulldogs,CSU Bakersfield Roadrunners,-615.0,455.0,,,,,,,,2025-11-30,0.0,False,142.2229766845703,4.990634441375732,69.86621,76.82577,1.6895177,3.616699,76.82577,3.616699,,,,,,0.8601398601398601,0.18018018018018017,0.626369072728454,0.373630927271546,-1.0,0.2359673948037539,-0.27178229755960226,1.0736516463570802,0.16260162601626016,4.55
401823736,2025.0,2025-11-30,Fresno State Bulldogs,Cal State Bakersfield Roadrunners,0.0,0.0,,,,,False,Save Mart Center,2025-11-30 23:00:00+00:00,,2025-11-30 18:00,EST,2025-11-30T23:00:00Z,2025-11-30,,,calstbakersfield::fresnostate,e67d5f931079f5719ea0556de5c4ee4e,BetOnline.ag,spreads,full_game,2025-11-30 22:00:00+00:00,2025-11-30 19:31:39+00:00,Fresno St Bulldogs,CSU Bakersfield Roadrunners,,,-11.0,-107.0,11.0,-113.0,,,,2025-11-30,0.0,False,142.2229766845703,4.990634441375732,69.86621,76.82577,1.6895177,3.616699,142.2229766845703,4.990634441375732,,-6.009365558624268,,-0.5463059598749335,,,,0.6710521833605028,0.32894781663949724,,,,,,
401823736,2025.0,2025-11-30,Fresno State Bulldogs,Cal State Bakersfield Roadrunners,0.0,0.0,,,,,False,Save Mart Center,2025-11-30 23:00:00+00:00,,2025-11-30 18:00,EST,2025-11-30T23:00:00Z,2025-11-30,,,calstbakersfield::fresnostate,e67d5f931079f5719ea0556de5c4ee4e,BetOnline.ag,totals,full_game,2025-11-30 22:00:00+00:00,2025-11-30 19:31:39+00:00,Fresno St Bulldogs,CSU Bakersfield Roadrunners,,,,,,,149.0,-115.0,-105.0,2025-11-30,0.0,False,142.2229766845703,4.990634441375732,69.86621,76.82577,1.6895177,3.616699,142.2229766845703,4.990634441375732,-6.7770233154296875,,-0.045483377955903945,,-0.22590077718098958,,,0.6710521833605028,0.32894781663949724,,,,,,
401823736,2025.0,2025-11-30,Fresno State Bulldogs,Cal State Bakersfield Roadrunners,0.0,0.0,,,,,False,Save Mart Center,2025-11-30 23:00:00+00:00,,2025-11-30 18:00,EST,2025-11-30T23:00:00Z,2025-11-30,,,calstbakersfield::fresnostate,e67d5f931079f5719ea0556de5c4ee4e,BetRivers,h2h,2h,2025-11-30 22:00:00+00:00,2025-11-30 19:31:25+00:00,Fresno St Bulldogs,CSU Bakersfield Roadrunners,-770.0,460.0,,,,,,,,2025-11-30,0.0,False,142.2229766845703,4.990634441375732,69.86621,76.82577,1.6895177,3.616699,76.82577,3.616699,,,,,,0.8850574712643678,0.17857142857142858,0.626369072728454,0.373630927271546,-1.0,0.23746373754796907,-0.29228429444966886,1.0923331927206577,0.12987012987012986,4.6
401823736,2025.0,2025-11-30,Fresno State Bulldogs,Cal State Bakersfield Roadrunners,0.0,0.0,,,,,False,Save Mart Center,2025-11-30 23:00:00+00:00,,2025-11-30 18:00,EST,2025-11-30T23:00:00Z,2025-11-30,,,calstbakersfield::fresnostate,e67d5f931079f5719ea0556de5c4ee4e,BetRivers,spreads,full_game,2025-11-30 22:00:00+00:00,2025-11-30 19:31:25+00:00,Fresno St Bulldogs,CSU Bakersfield Roadrunners,,,-11.0,-114.0,11.0,-109.0,,,,2025-11-30,0.0,False,142.2229766845703,4.990634441375732,69.86621,76.82577,1.6895177,3.616699,142.2229766845703,4.990634441375732,,-6.009365558624268,,-0.5463059598749335,,,,0.6710521833605028,0.32894781663949724,,,,,,
401823736,2025.0,2025-11-30,Fresno State Bulldogs,Cal State Bakersfield Roadrunners,0.0,0.0,,,,,False,Save Mart Center,2025-11-30 23:00:00+00:00,,2025-11-30 18:00,EST,2025-11-30T23:00:00Z,2025-11-30,,,calstbakersfield::fresnostate,e67d5f931079f5719ea0556de5c4ee4e,BetRivers,totals,full_game,2025-11-30 22:00:00+00:00,2025-11-30 19:31:25+00:00,Fresno St Bulldogs,CSU Bakersfield Roadrunners,,,,,,,149.0,-109.0,-114.0,2025-11-30,0.0,False,142.2229766845703,4.990634441375732,69.86621,76.82577,1.6895177,3.616699,142.2229766845703,4.990634441375732,-6.7770233154296875,,-0.045483377955903945,,-0.22590077718098958,,,0.6710521833605028,0.32894781663949724,,,,,,
401823736,2025.0,2025-11-30,Fresno State Bulldogs,Cal State Bakersfield Roadrunners,0.0,0.0,,,,,False,Save Mart Center,2025-11-30 23:00:00+00:00,,2025-11-30 18:00,EST,2025-11-30T23:00:00Z,2025-11-30,,,calstbakersfield::fresnostate,e67d5f931079f5719ea0556de5c4ee4e,BetUS,h2h,2h,2025-11-30 22:00:00+00:00,2025-11-30 19:30:11+00:00,Fresno St Bulldogs,CSU Bakersfield Roadrunners,-615.0,460.0,,,,,,,,2025-11-30,0.0,False,142.2229766845703,4.990634441375732,69.86621,76.82577,1.6895177,3.616699,76.82577,3.616699,,,,,,0.8601398601398601,0.17857142857142858,0.626369072728454,0.373630927271546,-1.0,0.23746373754796907,-0.27178229755960226,1.0923331927206577,0.16260162601626016,4.6
401823736,2025.0,2025-11-30,Fresno State Bulldogs,Cal State Bakersfield Roadrunners,0.0,0.0,,,,,False,Save Mart Center,2025-11-30 23:00:00+00:00,,2025-11-30 18:00,EST,2025-11-30T23:00:00Z,2025-11-30,,,calstbakersfield::fresnostate,e67d5f931079f5719ea0556de5c4ee4e,BetUS,spreads,full_game,2025-11-30 22:00:00+00:00,2025-11-30 19:30:11+00:00,Fresno St Bulldogs,CSU Bakersfield Roadrunners,,,-10.5,-110.0,10.5,-110.0,,,,2025-11-30,0.0,False,142.2229766845703,4.990634441375732,69.86621,76.82577,1.6895177,3.616699,142.2229766845703,4.990634441375732,,-5.509365558624268,,-0.5247014817737398,,,,0.6710521833605028,0.32894781663949724,,,,,,
401823736,2025.0,2025-11-30,Fresno State Bulldogs,Cal State Bakersfield Roadrunners,0.0,0.0,,,,,False,Save Mart Center,2025-11-30 23:00:00+00:00,,2025-11-30 18:00,EST,2025-11-30T23:00:00Z,2025-11-30,,,calstbakersfield::fresnostate,e67d5f931079f5719ea0556de5c4ee4e,BetUS,totals,full_game,2025-11-30 22:00:00+00:00,2025-11-30 19:30:11+00:00,Fresno St Bulldogs,CSU Bakersfield Roadrunners,,,,,,,149.0,-110.0,-110.0,2025-11-30,0.0,False,142.2229766845703,4.990634441375732,69.86621,76.82577,1.6895177,3.616699,142.2229766845703,4.990634441375732,-6.7770233154296875,,-0.045483377955903945,,-0.22590077718098958,,,0.6710521833605028,0.32894781663949724,,,,,,
401823736,2025.0,2025-11-30,Fresno State Bulldogs,Cal State Bakersfield Roadrunners,0.0,0.0,,,,,False,Save Mart Center,2025-11-30 23:00:00+00:00,,2025-11-30 18:00,EST,2025-11-30T23:00:00Z,2025-11-30,,,calstbakersfield::fresnostate,e67d5f931079f5719ea0556de5c4ee4e,Bovada,h2h,2h,2025-11-30 22:00:00+00:00,2025-11-30 19:30:58+00:00,Fresno St Bulldogs,CSU Bakersfield Roadrunners,-625.0,430.0,,,,,,,,2025-11-30,0.0,False,142.2229766845703,4.990634441375732,69.86621,76.82577,1.6895177,3.616699,76.82577,3.616699,,,,,,0.8620689655172413,0.18867924528301888,0.626369072728454,0.373630927271546,-1.0,0.22796370105562647,-0.27341187563499336,0.9802439145391938,0.16,4.3
401823736,2025.0,2025-11-30,Fresno State Bulldogs,Cal State Bakersfield Roadrunners,0.0,0.0,,,,,False,Save Mart Center,2025-11-30 23:00:00+00:00,,2025-11-30 18:00,EST,2025-11-30T23:00:00Z,2025-11-30,,,calstbakersfield::fresnostate,e67d5f931079f5719ea0556de5c4ee4e,Bovada,spreads,full_game,2025-11-30 22:00:00+00:00,2025-11-30 19:30:58+00:00,Fresno St Bulldogs,CSU Bakersfield Roadrunners,,,-10.5,-115.0,10.5,-105.0,,,,2025-11-30,0.0,False,142.2229766845703,4.990634441375732,69.86621,76.82577,1.6895177,3.616699,142.2229766845703,4.990634441375732,,-5.509365558624268,,-0.5247014817737398,,,,0.6710521833605028,0.32894781663949724,,,,,,
401823736,2025.0,2025-11-30,Fresno State Bulldogs,Cal State Bakersfield Roadrunners,0.0,0.0,,,,,False,Save Mart Center,2025-11-30 23:00:00+00:00,,2025-11-30 18:00,EST,2025-11-30T23:00:00Z,2025-11-30,,,calstbakersfield::fresnostate,e67d5f931079f5719ea0556de5c4ee4e,Bovada,totals,full_game,2025-11-30 22:00:00+00:00,2025-11-30 19:30:58+00:00,Fresno St Bulldogs,CSU Bakersfield Roadrunners,,,,,,,149.5,-110.0,-110.0,2025-11-30,0.0,False,142.2229766845703,4.990634441375732,69.86621,76.82577,1.6895177,3.616699,142.2229766845703,4.990634441375732,-7.2770233154296875,,-0.04867574124033236,,-0.24256744384765624,,,0.6710521833605028,0.32894781663949724,,,,,,
401823736,2025.0,2025-11-30,Fresno State Bulldogs,Cal State Bakersfield Roadrunners,0.0,0.0,,,,,False,Save Mart Center,2025-11-30 23:00:00+00:00,,2025-11-30 18:00,EST,2025-11-30T23:00:00Z,2025-11-30,,,calstbakersfield::fresnostate,e67d5f931079f5719ea0556de5c4ee4e,Caesars,h2h,2h,2025-11-30 22:00:00+00:00,2025-11-30 19:27:07+00:00,Fresno St Bulldogs,CSU Bakersfield Roadrunners,-600.0,430.0,,,,,,,,2025-11-30,0.0,False,142.2229766845703,4.990634441375732,69.86621,76.82577,1.6895177,3.616699,76.82577,3.616699,,,,,,0.8571428571428571,0.18867924528301888,0.626369072728454,0.373630927271546,-1.0,0.22796370105562647,-0.2692360818168037,0.9802439145391938,0.16666666666666666,4.3
401823736,2025.0,2025-11-30,Fresno State Bulldogs,Cal State Bakersfield Roadrunners,0.0,0.0,,,,,False,Save Mart Center,2025-11-30 23:00:00+00:00,,2025-11-30 18:00,EST,2025-11-30T23:00:00Z,2025-11-30,,,calstbakersfield::fresnostate,e67d5f931079f5719ea0556de5c4ee4e,Caesars,spreads,full_game,2025-11-30 22:00:00+00:00,2025-11-30 19:27:07+00:00,Fresno St Bulldogs,CSU Bakersfield Roadrunners,,,-10.5,-110.0,10.5,-110.0,,,,2025-11-30,0.0,False,142.2229766845703,4.990634441375732,69.86621,76.82577,1.6895177,3.616699,142.2229766845703,4.990634441375732,,-5.509365558624268,,-0.5247014817737398,,,,0.6710521833605028,0.32894781663949724,,,,,,
401823736,2025.0,2025-11-30,Fresno State Bulldogs,Cal State Bakersfield Roadrunners,0.0,0.0,,,,,False,Save Mart Center,2025-11-30 23:00:00+00:00,,2025-11-30 18:00,EST,2025-11-30T23:00:00Z,2025-11-30,,,calstbakersfield::fresnostate,e67d5f931079f5719ea0556de5c4ee4e,Caesars,totals,full_game,2025-11-30 22:00:00+00:00,2025-11-30 19:27:07+00:00,Fresno St Bulldogs,CSU Bakersfield Roadrunners,,,,,,,148.5,-110.0,-110.0,2025-11-30,0.0,False,142.2229766845703,4.990634441375732,69.86621,76.82577,1.6895177,3.616699,142.2229766845703,4.990634441375732,-6.2770233154296875,,-0.04226951727562079,,-0.20923411051432292,,,0.6710521833605028,0.32894781663949724,,,,,,
401823736,2025.0,2025-11-30,Fresno State Bulldogs,Cal State Bakersfield Roadrunners,0.0,0.0,,,,,False,Save Mart Center,2025-11-30 23:00:00+00:00,,2025-11-30 18:00,EST,2025-11-30T23:00:00Z,2025-11-30,,,calstbakersfield::fresnostate,e67d5f931079f5719ea0556de5c4ee4e,DraftKings,h2h,2h,2025-11-30 22:00:00+00:00,2025-11-30 19:31:24+00:00,Fresno St Bulldogs,CSU Bakersfield Roadrunners,-600.0,440.0,,,,,,,,2025-11-30,0.0,False,142.2229766845703,4.990634441375732,69.86621,76.82577,1.6895177,3.616699,76.82577,3.616699,,,,,,0.8571428571428571,0.18518518518518517,0.626369072728454,0.373630927271546,-1.0,0.23127431983326108,-0.2692360818168037,1.0176070072663488,0.16666666666666666,4.4
401823736,2025.0,2025-11-30,Fresno State Bulldogs,Cal State Bakersfield Roadrunners,0.0,0.0,,,,,False,Save Mart Center,2025-11-30 23:00:00+00:00,,2025-11-30 18:00,EST,2025-11-30T23:00:00Z,2025-11-30,,,calstbakersfield::fresnostate,e67d5f931079f5719ea0556de5c4ee4e,DraftKings,spreads,full_game,2025-11-30 22:00:00+00:00,2025-11-30 19:31:24+00:00,Fresno St Bulldogs,CSU Bakersfield Roadrunners,,,-10.5,-110.0,10.5,-110.0,,,,2025-11-30,0.0,False,142.2229766845703,4.990634441375732,69.86621,76.82577,1.6895177,3.616699,142.2229766845703,4.990634441375732,,-5.509365558624268,,-0.5247014817737398,,,,0.6710521833605028,0.32894781663949724,,,,,,
401823736,2025.0,2025-11-30,Fresno State Bulldogs,Cal State Bakersfield Roadrunners,0.0,0.0,,,,,False,Save Mart Center,2025-11-30 23:00:00+00:00,,2025-11-30 18:00,EST,2025-11-30T23:00:00Z,2025-11-30,,,calstbakersfield::fresnostate,e67d5f931079f5719ea0556de5c4ee4e,DraftKings,totals,full_game,2025-11-30 22:00:00+00:00,2025-11-30 19:31:24+00:00,Fresno St Bulldogs,CSU Bakersfield Roadrunners,,,,,,,148.5,-112.0,-108.0,2025-11-30,0.0,False,142.2229766845703,4.990634441375732,69.86621,76.82577,1.6895177,3.616699,142.2229766845703,4.990634441375732,-6.2770233154296875,,-0.04226951727562079,,-0.20923411051432292,,,0.6710521833605028,0.32894781663949724,,,,,,
401823736,2025.0,2025-11-30,Fresno State Bulldogs,Cal State Bakersfield Roadrunners,0.0,0.0,,,,,False,Save Mart Center,2025-11-30 23:00:00+00:00,,2025-11-30 18:00,EST,2025-11-30T23:00:00Z,2025-11-30,,,calstbakersfield::fresnostate,e67d5f931079f5719ea0556de5c4ee4e,FanDuel,h2h,2h,2025-11-30 22:00:00+00:00,2025-11-30 19:31:10+00:00,Fresno St Bulldogs,CSU Bakersfield Roadrunners,-630.0,450.0,,,,,,,,2025-11-30,0.0,False,142.2229766845703,4.990634441375732,69.86621,76.82577,1.6895177,3.616699,76.82577,3.616699,,,,,,0.863013698630137,0.18181818181818182,0.626369072728454,0.373630927271546,-1.0,0.23443779999855627,-0.2742072649336962,1.0549700999935032,0.15873015873015872,4.5
401823736,2025.0,2025-11-30,Fresno State Bulldogs,Cal State Bakersfield Roadrunners,0.0,0.0,,,,,False,Save Mart Center,2025-11-30 23:00:00+00:00,,2025-11-30 18:00,EST,2025-11-30T23:00:00Z,2025-11-30,,,calstbakersfield::fresnostate,e67d5f931079f5719ea0556de5c4ee4e,FanDuel,spreads,full_game,2025-11-30 22:00:00+00:00,2025-11-30 19:31:10+00:00,Fresno St Bulldogs,CSU Bakersfield Roadrunners,,,-10.5,-110.0,10.5,-110.0,,,,2025-11-30,0.0,False,142.2229766845703,4.990634441375732,69.86621,76.82577,1.6895177,3.616699,142.2229766845703,4.990634441375732,,-5.509365558624268,,-0.5247014817737398,,,,0.6710521833605028,0.32894781663949724,,,,,,
401823736,2025.0,2025-11-30,Fresno State Bulldogs,Cal State Bakersfield Roadrunners,0.0,0.0,,,,,False,Save Mart Center,2025-11-30 23:00:00+00:00,,2025-11-30 18:00,EST,2025-11-30T23:00:00Z,2025-11-30,,,calstbakersfield::fresnostate,e67d5f931079f5719ea0556de5c4ee4e,FanDuel,totals,full_game,2025-11-30 22:00:00+00:00,2025-11-30 19:31:10+00:00,Fresno St Bulldogs,CSU Bakersfield Roadrunners,,,,,,,148.5,-115.0,-105.0,2025-11-30,0.0,False,142.2229766845703,4.990634441375732,69.86621,76.82577,1.6895177,3.616699,142.2229766845703,4.990634441375732,-6.2770233154296875,,-0.04226951727562079,,-0.20923411051432292,,,0.6710521833605028,0.32894781663949724,,,,,,
401823736,2025.0,2025-11-30,Fresno State Bulldogs,Cal State Bakersfield Roadrunners,0.0,0.0,,,,,False,Save Mart Center,2025-11-30 23:00:00+00:00,,2025-11-30 18:00,EST,2025-11-30T23:00:00Z,2025-11-30,,,calstbakersfield::fresnostate,e67d5f931079f5719ea0556de5c4ee4e,Fanatics,h2h,2h,2025-11-30 22:00:00+00:00,2025-11-30 19:31:09+00:00,Fresno St Bulldogs,CSU Bakersfield Roadrunners,-630.0,450.0,,,,,,,,2025-11-30,0.0,False,142.2229766845703,4.990634441375732,69.86621,76.82577,1.6895177,3.616699,76.82577,3.616699,,,,,,0.863013698630137,0.18181818181818182,0.626369072728454,0.373630927271546,-1.0,0.23443779999855627,-0.2742072649336962,1.0549700999935032,0.15873015873015872,4.5
401823736,2025.0,2025-11-30,Fresno State Bulldogs,Cal State Bakersfield Roadrunners,0.0,0.0,,,,,False,Save Mart Center,2025-11-30 23:00:00+00:00,,2025-11-30 18:00,EST,2025-11-30T23:00:00Z,2025-11-30,,,calstbakersfield::fresnostate,e67d5f931079f5719ea0556de5c4ee4e,Fanatics,spreads,full_game,2025-11-30 22:00:00+00:00,2025-11-30 19:31:09+00:00,Fresno St Bulldogs,CSU Bakersfield Roadrunners,,,-10.5,-110.0,10.5,-110.0,,,,2025-11-30,0.0,False,142.2229766845703,4.990634441375732,69.86621,76.82577,1.6895177,3.616699,142.2229766845703,4.990634441375732,,-5.509365558624268,,-0.5247014817737398,,,,0.6710521833605028,0.32894781663949724,,,,,,
401823736,2025.0,2025-11-30,Fresno State Bulldogs,Cal State Bakersfield Roadrunners,0.0,0.0,,,,,False,Save Mart Center,2025-11-30 23:00:00+00:00,,2025-11-30 18:00,EST,2025-11-30T23:00:00Z,2025-11-30,,,calstbakersfield::fresnostate,e67d5f931079f5719ea0556de5c4ee4e,Fanatics,totals,full_game,2025-11-30 22:00:00+00:00,2025-11-30 19:31:09+00:00,Fresno St Bulldogs,CSU Bakersfield Roadrunners,,,,,,,149.0,-110.0,-110.0,2025-11-30,0.0,False,142.2229766845703,4.990634441375732,69.86621,76.82577,1.6895177,3.616699,142.2229766845703,4.990634441375732,-6.7770233154296875,,-0.045483377955903945,,-0.22590077718098958,,,0.6710521833605028,0.32894781663949724,,,,,,
401823736,2025.0,2025-11-30,Fresno State Bulldogs,Cal State Bakersfield Roadrunners,0.0,0.0,,,,,False,Save Mart Center,2025-11-30 23:00:00+00:00,,2025-11-30 18:00,EST,2025-11-30T23:00:00Z,2025-11-30,,,calstbakersfield::fresnostate,e67d5f931079f5719ea0556de5c4ee4e,LowVig.ag,h2h,2h,2025-11-30 22:00:00+00:00,2025-11-30 19:31:10+00:00,Fresno St Bulldogs,CSU Bakersfield Roadrunners,-615.0,455.0,,,,,,,,2025-11-30,0.0,False,142.2229766845703,4.990634441375732,69.86621,76.82577,1.6895177,3.616699,76.82577,3.616699,,,,,,0.8601398601398601,0.18018018018018017,0.626369072728454,0.373630927271546,-1.0,0.2359673948037539,-0.27178229755960226,1.0736516463570802,0.16260162601626016,4.55
401823736,2025.0,2025-11-30,Fresno State Bulldogs,Cal State Bakersfield Roadrunners,0.0,0.0,,,,,False,Save Mart Center,2025-11-30 23:00:00+00:00,,2025-11-30 18:00,EST,2025-11-30T23:00:00Z,2025-11-30,,,calstbakersfield::fresnostate,e67d5f931079f5719ea0556de5c4ee4e,LowVig.ag,spreads,full_game,2025-11-30 22:00:00+00:00,2025-11-30 19:31:10+00:00,Fresno St Bulldogs,CSU Bakersfield Roadrunners,,,-11.0,-103.0,11.0,-109.0,,,,2025-11-30,0.0,False,142.2229766845703,4.990634441375732,69.86621,76.82577,1.6895177,3.616699,142.2229766845703,4.990634441375732,,-6.009365558624268,,-0.5463059598749335,,,,0.6710521833605028,0.32894781663949724,,,,,,
401823736,2025.0,2025-11-30,Fresno State Bulldogs,Cal State Bakersfield Roadrunners,0.0,0.0,,,,,False,Save Mart Center,2025-11-30 23:00:00+00:00,,2025-11-30 18:00,EST,2025-11-30T23:00:00Z,2025-11-30,,,calstbakersfield::fresnostate,e67d5f931079f5719ea0556de5c4ee4e,LowVig.ag,totals,full_game,2025-11-30 22:00:00+00:00,2025-11-30 19:31:10+00:00,Fresno St Bulldogs,CSU Bakersfield Roadrunners,,,,,,,149.0,-113.0,-103.0,2025-11-30,0.0,False,142.2229766845703,4.990634441375732,69.86621,76.82577,1.6895177,3.616699,142.2229766845703,4.990634441375732,-6.7770233154296875,,-0.045483377955903945,,-0.22590077718098958,,,0.6710521833605028,0.32894781663949724,,,,,,
401824863,2025.0,2025-11-30,Lafayette Leopards,Monmouth Hawks,0.0,0.0,,,,,False,Kirby Sports Center,2025-11-30 19:30:00+00:00,,2025-11-30 14:30,EST,2025-11-30T19:30:00Z,2025-11-30,,,lafayette::monmouth,47e777f945c173da21e89d8234d22ff1,BetMGM,h2h,2h,2025-11-30 19:33:00+00:00,2025-11-30 19:31:23+00:00,Lafayette Leopards,Monmouth Hawks,115.0,-140.0,,,,,,,,2025-11-30,0.0,False,138.323486328125,-0.5030627250671387,68.160774,75.80942,-1.5174572,1.3128068,75.80942,1.3128068,,,,,,0.46511627906976744,0.5833333333333334,0.5467490133636846,0.45325098663631536,0.15261772063645393,-0.3121976320728431,0.175510378731922,-0.22299830862345937,1.15,0.7142857142857143
401824863,2025.0,2025-11-30,Lafayette Leopards,Monmouth Hawks,0.0,0.0,,,,,False,Kirby Sports Center,2025-11-30 19:30:00+00:00,,2025-11-30 14:30,EST,2025-11-30T19:30:00Z,2025-11-30,,,lafayette::monmouth,47e777f945c173da21e89d8234d22ff1,BetMGM,spreads,full_game,2025-11-30 19:33:00+00:00,2025-11-30 19:31:23+00:00,Lafayette Leopards,Monmouth Hawks,,,1.5,-102.0,-1.5,-118.0,,,,2025-11-30,0.0,False,138.323486328125,-0.5030627250671387,68.160774,75.80942,-1.5174572,1.3128068,138.323486328125,-0.5030627250671387,,0.9969372749328613,,0.6646248499552408,,,,0.48204120281128343,0.5179587971887165,,,,,,
401824863,2025.0,2025-11-30,Lafayette Leopards,Monmouth Hawks,0.0,0.0,,,,,False,Kirby Sports Center,2025-11-30 19:30:00+00:00,,2025-11-30 14:30,EST,2025-11-30T19:30:00Z,2025-11-30,,,lafayette::monmouth,47e777f945c173da21e89d8234d22ff1,BetMGM,totals,full_game,2025-11-30 19:33:00+00:00,2025-11-30 19:31:23+00:00,Lafayette Leopards,Monmouth Hawks,,,,,,,141.5,-115.0,-105.0,2025-11-30,0.0,False,138.323486328125,-0.5030627250671387,68.160774,75.80942,-1.5174572,1.3128068,138.323486328125,-0.5030627250671387,-3.176513671875,,-0.022448859871908127,,-0.1058837890625,,,0.48204120281128343,0.5179587971887165,,,,,,
401824863,2025.0,2025-11-30,Lafayette Leopards,Monmouth Hawks,0.0,0.0,,,,,False,Kirby Sports Center,2025-11-30 19:30:00+00:00,,2025-11-30 14:30,EST,2025-11-30T19:30:00Z,2025-11-30,,,lafayette::monmouth,47e777f945c173da21e89d8234d22ff1,BetOnline.ag,spreads,full_game,2025-11-30 19:33:00+00:00,2025-11-30 19:29:59+00:00,Lafayette Leopards,Monmouth Hawks,,,2.0,-110.0,-2.0,-110.0,,,,2025-11-30,0.0,False,138.323486328125,-0.5030627250671387,68.160774,75.80942,-1.5174572,1.3128068,138.323486328125,-0.5030627250671387,,1.4969372749328613,,0.7484686374664307,,,,0.48204120281128343,0.5179587971887165,,,,,,
401824863,2025.0,2025-11-30,Lafayette Leopards,Monmouth Hawks,0.0,0.0,,,,,False,Kirby Sports Center,2025-11-30 19:30:00+00:00,,2025-11-30 14:30,EST,2025-11-30T19:30:00Z,2025-11-30,,,lafayette::monmouth,47e777f945c173da21e89d8234d22ff1,BetOnline.ag,totals,full_game,2025-11-30 19:33:00+00:00,2025-11-30 19:29:59+00:00,Lafayette Leopards,Monmouth Hawks,,,,,,,141.5,-115.0,-105.0,2025-11-30,0.0,False,138.323486328125,-0.5030627250671387,68.160774,75.80942,-1.5174572,1.3128068,138.323486328125,-0.5030627250671387,-3.176513671875,,-0.022448859871908127,,-0.1058837890625,,,0.48204120281128343,0.5179587971887165,,,,,,
401824863,2025.0,2025-11-30,Lafayette Leopards,Monmouth Hawks,0.0,0.0,,,,,False,Kirby Sports Center,2025-11-30 19:30:00+00:00,,2025-11-30 14:30,EST,2025-11-30T19:30:00Z,2025-11-30,,,lafayette::monmouth,47e777f945c173da21e89d8234d22ff1,BetRivers,h2h,2h,2025-11-30 19:33:00+00:00,2025-11-30 19:24:07+00:00,Lafayette Leopards,Monmouth Hawks,112.0,-137.0,,,,,,,,2025-11-30,0.0,False,138.323486328125,-0.5030627250671387,68.160774,75.80942,-1.5174572,1.3128068,75.80942,1.3128068,,,,,,0.4716981132075472,0.5780590717299579,0.5467490133636846,0.45325098663631536,0.14206063243840314,-0.29579516167193265,0.15910790833101152,-0.21590887713279755,1.12,0.7299270072992701
401824863,2025.0,2025-11-30,Lafayette Leopards,Monmouth Hawks,0.0,0.0,,,,,False,Kirby Sports Center,2025-11-30 19:30:00+00:00,,2025-11-30 14:30,EST,2025-11-30T19:30:00Z,2025-11-30,,,lafayette::monmouth,47e777f945c173da21e89d8234d22ff1,BetRivers,spreads,full_game,2025-11-30 19:33:00+00:00,2025-11-30 19:24:07+00:00,Lafayette Leopards,Monmouth Hawks,,,2.0,-110.0,-2.0,-113.0,,,,2025-11-30,0.0,False,138.323486328125,-0.5030627250671387,68.160774,75.80942,-1.5174572,1.3128068,138.323486328125,-0.5030627250671387,,1.4969372749328613,,0.7484686374664307,,,,0.48204120281128343,0.5179587971887165,,,,,,
401824863,2025.0,2025-11-30,Lafayette Leopards,Monmouth Hawks,0.0,0.0,,,,,False,Kirby Sports Center,2025-11-30 19:30:00+00:00,,2025-11-30 14:30,EST,2025-11-30T19:30:00Z,2025-11-30,,,lafayette::monmouth,47e777f945c173da21e89d8234d22ff1,BetRivers,totals,full_game,2025-11-30 19:33:00+00:00,2025-11-30 19:24:07+00:00,Lafayette Leopards,Monmouth Hawks,,,,,,,141.5,-109.0,-114.0,2025-11-30,0.0,False,138.323486328125,-0.5030627250671387,68.160774,75.80942,-1.5174572,1.3128068,138.323486328125,-0.5030627250671387,-3.176513671875,,-0.022448859871908127,,-0.1058837890625,,,0.48204120281128343,0.5179587971887165,,,,,,
401824863,2025.0,2025-11-30,Lafayette Leopards,Monmouth Hawks,0.0,0.0,,,,,False,Kirby Sports Center,2025-11-30 19:30:00+00:00,,2025-11-30 14:30,EST,2025-11-30T19:30:00Z,2025-11-30,,,lafayette::monmouth,47e777f945c173da21e89d8234d22ff1,Bovada,h2h,2h,2025-11-30 19:33:00+00:00,2025-11-30 19:30:58+00:00,Lafayette Leopards,Monmouth Hawks,110.0,-130.0,,,,,,,,2025-11-30,0.0,False,138.323486328125,-0.5030627250671387,68.160774,75.80942,-1.5174572,1.3128068,75.80942,1.3128068,,,,,,0.47619047619047616,0.5652173913043478,0.5467490133636846,0.45325098663631536,0.13470266187612528,-0.2575227307364747,0.14817292806373783,-0.19809440825882668,1.1,0.7692307692307693
401824863,2025.0,2025-11-30,Lafayette Leopards,Monmouth Hawks,0.0,0.0,,,,,False,Kirby Sports Center,2025-11-30 19:30:00+00:00,,2025-11-30 14:30,EST,2025-11-30T19:30:00Z,2025-11-30,,,lafayette::monmouth,47e777f945c173da21e89d8234d22ff1,Bovada,spreads,full_game,2025-11-30 19:33:00+00:00,2025-11-30 19:30:58+00:00,Lafayette Leopards,Monmouth Hawks,,,2.0,-110.0,-2.0,-110.0,,,,2025-11-30,0.0,False,138.323486328125,-0.5030627250671387,68.160774,75.80942,-1.5174572,1.3128068,138.323486328125,-0.5030627250671387,,1.4969372749328613,,0.7484686374664307,,,,0.48204120281128343,0.5179587971887165,,,,,,
401824863,2025.0,2025-11-30,Lafayette Leopards,Monmouth Hawks,0.0,0.0,,,,,False,Kirby Sports Center,2025-11-30 19:30:00+00:00,,2025-11-30 14:30,EST,2025-11-30T19:30:00Z,2025-11-30,,,lafayette::monmouth,47e777f945c173da21e89d8234d22ff1,Bovada,totals,full_game,2025-11-30 19:33:00+00:00,2025-11-30 19:30:58+00:00,Lafayette Leopards,Monmouth Hawks,,,,,,,141.5,-110.0,-110.0,2025-11-30,0.0,False,138.323486328125,-0.5030627250671387,68.160774,75.80942,-1.5174572,1.3128068,138.323486328125,-0.5030627250671387,-3.176513671875,,-0.022448859871908127,,-0.1058837890625,,,0.48204120281128343,0.5179587971887165,,,,,,
401824863,2025.0,2025-11-30,Lafayette Leopards,Monmouth Hawks,0.0,0.0,,,,,False,Kirby Sports Center,2025-11-30 19:30:00+00:00,,2025-11-30 14:30,EST,2025-11-30T19:30:00Z,2025-11-30,,,lafayette::monmouth,47e777f945c173da21e89d8234d22ff1,Caesars,h2h,2h,2025-11-30 19:33:00+00:00,2025-11-30 19:27:07+00:00,Lafayette Leopards,Monmouth Hawks,118.0,-140.0,,,,,,,,2025-11-30,0.0,False,138.323486328125,-0.5030627250671387,68.160774,75.80942,-1.5174572,1.3128068,75.80942,1.3128068,,,,,,0.45871559633027525,0.5833333333333334,0.5467490133636846,0.45325098663631536,0.16263800773968853,-0.3121976320728431,0.19191284913283246,-0.22299830862345937,1.18,0.7142857142857143
401824863,2025.0,2025-11-30,Lafayette Leopards,Monmouth Hawks,0.0,0.0,,,,,False,Kirby Sports Center,2025-11-30 19:30:00+00:00,,2025-11-30 14:30,EST,2025-11-30T19:30:00Z,2025-11-30,,,lafayette::monmouth,47e777f945c173da21e89d8234d22ff1,Caesars,spreads,full_game,2025-11-30 19:33:00+00:00,2025-11-30 19:27:07+00:00,Lafayette Leopards,Monmouth Hawks,,,2.0,-110.0,-2.0,-110.0,,,,2025-11-30,0.0,False,138.323486328125,-0.5030627250671387,68.160774,75.80942,-1.5174572,1.3128068,138.323486328125,-0.5030627250671387,,1.4969372749328613,,0.7484686374664307,,,,0.48204120281128343,0.5179587971887165,,,,,,
401824863,2025.0,2025-11-30,Lafayette Leopards,Monmouth Hawks,0.0,0.0,,,,,False,Kirby Sports Center,2025-11-30 19:30:00+00:00,,2025-11-30 14:30,EST,2025-11-30T19:30:00Z,2025-11-30,,,lafayette::monmouth,47e777f945c173da21e89d8234d22ff1,Caesars,totals,full_game,2025-11-30 19:33:00+00:00,2025-11-30 19:27:07+00:00,Lafayette Leopards,Monmouth Hawks,,,,,,,141.5,-110.0,-110.0,2025-11-30,0.0,False,138.323486328125,-0.5030627250671387,68.160774,75.80942,-1.5174572,1.3128068,138.323486328125,-0.5030627250671387,-3.176513671875,,-0.022448859871908127,,-0.1058837890625,,,0.48204120281128343,0.5179587971887165,,,,,,
401824863,2025.0,2025-11-30,Lafayette Leopards,Monmouth Hawks,0.0,0.0,,,,,False,Kirby Sports Center,2025-11-30 19:30:00+00:00,,2025-11-30 14:30,EST,2025-11-30T19:30:00Z,2025-11-30,,,lafayette::monmouth,47e777f945c173da21e89d8234d22ff1,DraftKings,h2h,2h,2025-11-30 19:33:00+00:00,2025-11-30 19:31:24+00:00,Lafayette Leopards,Monmouth Hawks,114.0,-135.0,,,,,,,,2025-11-30,0.0,False,138.323486328125,-0.5030627250671387,68.160774,75.80942,-1.5174572,1.3128068,75.80942,1.3128068,,,,,,0.4672897196261682,0.574468085106383,0.5467490133636846,0.45325098663631536,0.14916042859498693,-0.2848601814046589,0.1700428885982851,-0.21100754178122882,1.14,0.7407407407407407
401824863,2025.0,2025-11-30,Lafayette Leopards,Monmouth Hawks,0.0,0.0,,,,,False,Kirby Sports Center,2025-11-30 19:30:00+00:00,,2025-11-30 14:30,EST,2025-11-30T19:30:00Z,2025-11-30,,,lafayette::monmouth,47e777f945c173da21e89d8234d22ff1,DraftKings,spreads,full_game,2025-11-30 19:33:00+00:00,2025-11-30 19:31:24+00:00,Lafayette Leopards,Monmouth Hawks,,,1.5,100.0,-1.5,-120.0,,,,2025-11-30,0.0,False,138.323486328125,-0.5030627250671387,68.160774,75.80942,-1.5174572,1.3128068,138.323486328125,-0.5030627250671387,,0.9969372749328613,,0.6646248499552408,,,,0.48204120281128343,0.5179587971887165,,,,,,
401824863,2025.0,2025-11-30,Lafayette Leopards,Monmouth Hawks,0.0,0.0,,,,,False,Kirby Sports Center,2025-11-30 19:30:00+00:00,,2025-11-30 14:30,EST,2025-11-30T19:30:00Z,2025-11-30,,,lafayette::monmouth,47e777f945c173da21e89d8234d22ff1,DraftKings,totals,full_game,2025-11-30 19:33:00+00:00,2025-11-30 19:31:24+00:00,Lafayette Leopards,Monmouth Hawks,,,,,,,141.5,-112.0,-108.0,2025-11-30,0.0,False,138.323486328125,-0.5030627250671387,68.160774,75.80942,-1.5174572,1.3128068,138.323486328125,-0.5030627250671387,-3.176513671875,,-0.022448859871908127,,-0.1058837890625,,,0.48204120281128343,0.5179587971887165,,,,,,
401824863,2025.0,2025-11-30,Lafayette Leopards,Monmouth Hawks,0.0,0.0,,,,,False,Kirby Sports Center,2025-11-30 19:30:00+00:00,,2025-11-30 14:30,EST,2025-11-30T19:30:00Z,2025-11-30,,,lafayette::monmouth,47e777f945c173da21e89d8234d22ff1,FanDuel,h2h,2h,2025-11-30 19:33:00+00:00,2025-11-30 19:31:10+00:00,Lafayette Leopards,Monmouth Hawks,114.0,-137.0,,,,,,,,2025-11-30,0.0,False,138.323486328125,-0.5030627250671387,68.160774,75.80942,-1.5174572,1.3128068,75.80942,1.3128068,,,,,,0.4672897196261682,0.5780590717299579,0.5467490133636846,0.45325098663631536,0.14916042859498693,-0.29579516167193265,0.1700428885982851,-0.21590887713279755,1.14,0.7299270072992701
401824863,2025.0,2025-11-30,Lafayette Leopards,Monmouth Hawks,0.0,0.0,,,,,False,Kirby Sports Center,2025-11-30 19:30:00+00:00,,2025-11-30 14:30,EST,2025-11-30T19:30:00Z,2025-11-30,,,lafayette::monmouth,47e777f945c173da21e89d8234d22ff1,FanDuel,spreads,full_game,2025-11-30 19:33:00+00:00,2025-11-30 19:31:10+00:00,Lafayette Leopards,Monmouth Hawks,,,1.5,-102.0,-1.5,-120.0,,,,2025-11-30,0.0,False,138.323486328125,-0.5030627250671387,68.160774,75.80942,-1.5174572,1.3128068,138.323486328125,-0.5030627250671387,,0.9969372749328613,,0.6646248499552408,,,,0.48204120281128343,0.5179587971887165,,,,,,
401824863,2025.0,2025-11-30,Lafayette Leopards,Monmouth Hawks,0.0,0.0,,,,,False,Kirby Sports Center,2025-11-30 19:30:00+00:00,,2025-11-30 14:30,EST,2025-11-30T19:30:00Z,2025-11-30,,,lafayette::monmouth,47e777f945c173da21e89d8234d22ff1,FanDuel,totals,full_game,2025-11-30 19:33:00+00:00,2025-11-30 19:31:10+00:00,Lafayette Leopards,Monmouth Hawks,,,,,,,141.5,-110.0,-110.0,2025-11-30,0.0,False,138.323486328125,-0.5030627250671387,68.160774,75.80942,-1.5174572,1.3128068,138.323486328125,-0.5030627250671387,-3.176513671875,,-0.022448859871908127,,-0.1058837890625,,,0.48204120281128343,0.5179587971887165,,,,,,
401824863,2025.0,2025-11-30,Lafayette Leopards,Monmouth Hawks,0.0,0.0,,,,,False,Kirby Sports Center,2025-11-30 19:30:00+00:00,,2025-11-30 14:30,EST,2025-11-30T19:30:00Z,2025-11-30,,,lafayette::monmouth,47e777f945c173da21e89d8234d22ff1,Fanatics,h2h,2h,2025-11-30 19:33:00+00:00,2025-11-30 19:31:09+00:00,Lafayette Leopards,Monmouth Hawks,110.0,-130.0,,,,,,,,2025-11-30,0.0,False,138.323486328125,-0.5030627250671387,68.160774,75.80942,-1.5174572,1.3128068,75.80942,1.3128068,,,,,,0.47619047619047616,0.5652173913043478,0.5467490133636846,0.45325098663631536,0.13470266187612528,-0.2575227307364747,0.14817292806373783,-0.19809440825882668,1.1,0.7692307692307693
401824863,2025.0,2025-11-30,Lafayette Leopards,Monmouth Hawks,0.0,0.0,,,,,False,Kirby Sports Center,2025-11-30 19:30:00+00:00,,2025-11-30 14:30,EST,2025-11-30T19:30:00Z,2025-11-30,,,lafayette::monmouth,47e777f945c173da21e89d8234d22ff1,Fanatics,spreads,full_game,2025-11-30 19:33:00+00:00,2025-11-30 19:31:09+00:00,Lafayette Leopards,Monmouth Hawks,,,2.0,-110.0,-2.0,-110.0,,,,2025-11-30,0.0,False,138.323486328125,-0.5030627250671387,68.160774,75.80942,-1.5174572,1.3128068,138.323486328125,-0.5030627250671387,,1.4969372749328613,,0.7484686374664307,,,,0.48204120281128343,0.5179587971887165,,,,,,
401824863,2025.0,2025-11-30,Lafayette Leopards,Monmouth Hawks,0.0,0.0,,,,,False,Kirby Sports Center,2025-11-30 19:30:00+00:00,,2025-11-30 14:30,EST,2025-11-30T19:30:00Z,2025-11-30,,,lafayette::monmouth,47e777f945c173da21e89d8234d22ff1,Fanatics,totals,full_game,2025-11-30 19:33:00+00:00,2025-11-30 19:31:09+00:00,Lafayette Leopards,Monmouth Hawks,,,,,,,141.5,-110.0,-110.0,2025-11-30,0.0,False,138.323486328125,-0.5030627250671387,68.160774,75.80942,-1.5174572,1.3128068,138.323486328125,-0.5030627250671387,-3.176513671875,,-0.022448859871908127,,-0.1058837890625,,,0.48204120281128343,0.5179587971887165,,,,,,
401824863,2025.0,2025-11-30,Lafayette Leopards,Monmouth Hawks,0.0,0.0,,,,,False,Kirby Sports Center,2025-11-30 19:30:00+00:00,,2025-11-30 14:30,EST,2025-11-30T19:30:00Z,2025-11-30,,,lafayette::monmouth,47e777f945c173da21e89d8234d22ff1,LowVig.ag,spreads,full_game,2025-11-30 19:33:00+00:00,2025-11-30 19:29:57+00:00,Lafayette Leopards,Monmouth Hawks,,,2.0,-106.0,-2.0,-106.0,,,,2025-11-30,0.0,False,138.323486328125,-0.5030627250671387,68.160774,75.80942,-1.5174572,1.3128068,138.323486328125,-0.5030627250671387,,1.4969372749328613,,0.7484686374664307,,,,0.48204120281128343,0.5179587971887165,,,,,,
401824863,2025.0,2025-11-30,Lafayette Leopards,Monmouth Hawks,0.0,0.0,,,,,False,Kirby Sports Center,2025-11-30 19:30:00+00:00,,2025-11-30 14:30,EST,2025-11-30T19:30:00Z,2025-11-30,,,lafayette::monmouth,47e777f945c173da21e89d8234d22ff1,LowVig.ag,totals,full_game,2025-11-30 19:33:00+00:00,2025-11-30 19:29:57+00:00,Lafayette Leopards,Monmouth Hawks,,,,,,,141.5,-113.0,-103.0,2025-11-30,0.0,False,138.323486328125,-0.5030627250671387,68.160774,75.80942,-1.5174572,1.3128068,138.323486328125,-0.5030627250671387,-3.176513671875,,-0.022448859871908127,,-0.1058837890625,,,0.48204120281128343,0.5179587971887165,,,,,,
401826942,2025.0,2025-11-30,Presbyterian Blue Hose,The Citadel Bulldogs,0.0,0.0,,,,,True,Harrah's Cherokee Center,2025-11-30 21:00:00+00:00,,2025-11-30 16:00,EST,2025-11-30T21:00:00Z,2025-11-30,,,citadel::presbyterianbluehose,f822b495aea65100ce55ad0762be782b,BetMGM,h2h,2h,2025-11-30 21:00:00+00:00,2025-11-30 19:31:23+00:00,Presbyterian Blue Hose,The Citadel Bulldogs,-400.0,310.0,,,,,,,,2025-11-30,0.0,False,138.29071044921875,-3.364090919494629,66.41196,71.1499,-3.910463,-1.7139356,71.1499,-1.7139356,,,,,,0.8,0.24390243902439024,0.4390919995148492,0.5609080004851508,-1.0,0.41926541999648975,-0.45113500060643846,1.2997228019891183,0.25,3.1
401826942,2025.0,2025-11-30,Presbyterian Blue Hose,The Citadel Bulldogs,0.0,0.0,,,,,True,Harrah's Cherokee Center,2025-11-30 21:00:00+00:00,,2025-11-30 16:00,EST,2025-11-30T21:00:00Z,2025-11-30,,,citadel::presbyterianbluehose,f822b495aea65100ce55ad0762be782b,BetMGM,spreads,full_game,2025-11-30 21:00:00+00:00,2025-11-30 19:31:23+00:00,Presbyterian Blue Hose,The Citadel Bulldogs,,,-8.5,-110.0,8.5,-110.0,,,,2025-11-30,0.0,False,138.29071044921875,-3.364090919494629,66.41196,71.1499,-3.910463,-1.7139356,138.29071044921875,-3.364090919494629,,-11.864090919494629,,-1.3957754022934858,,,,0.38211413314949955,0.6178858668505005,,,,,,
401826942,2025.0,2025-11-30,Presbyterian Blue Hose,The Citadel Bulldogs,0.0,0.0,,,,,True,Harrah's Cherokee Center,2025-11-30 21:00:00+00:00,,2025-11-30 16:00,EST,2025-11-30T21:00:00Z,2025-11-30,,,citadel::presbyterianbluehose,f822b495aea65100ce55ad0762be782b,BetMGM,totals,full_game,2025-11-30 21:00:00+00:00,2025-11-30 19:31:23+00:00,Presbyterian Blue Hose,The Citadel Bulldogs,,,,,,,134.5,-110.0,-110.0,2025-11-30,0.0,False,138.29071044921875,-3.364090919494629,66.41196,71.1499,-3.910463,-1.7139356,138.29071044921875,-3.364090919494629,3.79071044921875,,0.028183720812035316,,0.12635701497395832,,,0.38211413314949955,0.6178858668505005,,,,,,
401826942,2025.0,2025-11-30,Presbyterian Blue Hose,The Citadel Bulldogs,0.0,0.0,,,,,True,Harrah's Cherokee Center,2025-11-30 21:00:00+00:00,,2025-11-30 16:00,EST,2025-11-30T21:00:00Z,2025-11-30,,,citadel::presbyterianbluehose,f822b495aea65100ce55ad0762be782b,BetOnline.ag,spreads,full_game,2025-11-30 21:00:00+00:00,2025-11-30 19:31:39+00:00,Presbyterian Blue Hose,The Citadel Bulldogs,,,-8.0,-118.0,8.0,-102.0,,,,2025-11-30,0.0,False,138.29071044921875,-3.364090919494629,66.41196,71.1499,-3.910463,-1.7139356,138.29071044921875,-3.364090919494629,,-11.364090919494629,,-1.4205113649368286,,,,0.38211413314949955,0.6178858668505005,,,,,,
401826942,2025.0,2025-11-30,Presbyterian Blue Hose,The Citadel Bulldogs,0.0,0.0,,,,,True,Harrah's Cherokee Center,2025-11-30 21:00:00+00:00,,2025-11-30 16:00,EST,2025-11-30T21:00:00Z,2025-11-30,,,citadel::presbyterianbluehose,f822b495aea65100ce55ad0762be782b,BetOnline.ag,totals,full_game,2025-11-30 21:00:00+00:00,2025-11-30 19:31:39+00:00,Presbyterian Blue Hose,The Citadel Bulldogs,,,,,,,134.0,-115.0,-105.0,2025-11-30,0.0,False,138.29071044921875,-3.364090919494629,66.41196,71.1499,-3.910463,-1.7139356,138.29071044921875,-3.364090919494629,4.29071044921875,,0.03202022723297575,,0.143023681640625,,,0.38211413314949955,0.6178858668505005,,,,,,
401826942,2025.0,2025-11-30,Presbyterian Blue Hose,The Citadel Bulldogs,0.0,0.0,,,,,True,Harrah's Cherokee Center,2025-11-30 21:00:00+00:00,,2025-11-30 16:00,EST,2025-11-30T21:00:00Z,2025-11-30,,,citadel::presbyterianbluehose,f822b495aea65100ce55ad0762be782b,BetRivers,h2h,2h,2025-11-30 21:00:00+00:00,2025-11-30 19:31:25+00:00,Presbyterian Blue Hose,The Citadel Bulldogs,-375.0,275.0,,,,,,,,2025-11-30,0.0,False,138.29071044921875,-3.364090919494629,66.41196,71.1499,-3.910463,-1.7139356,71.1499,-1.7139356,,,,,,0.7894736842105263,0.26666666666666666,0.4390919995148492,0.5609080004851508,-1.0,0.401238182479751,-0.44381680061452433,1.1034050018193153,0.26666666666666666,2.75
401826942,2025.0,2025-11-30,Presbyterian Blue Hose,The Citadel Bulldogs,0.0,0.0,,,,,True,Harrah's Cherokee Center,2025-11-30 21:00:00+00:00,,2025-11-30 16:00,EST,2025-11-30T21:00:00Z,2025-11-30,,,citadel::presbyterianbluehose,f822b495aea65100ce55ad0762be782b,BetRivers,spreads,full_game,2025-11-30 21:00:00+00:00,2025-11-30 19:31:25+00:00,Presbyterian Blue Hose,The Citadel Bulldogs,,,-7.5,-113.0,7.5,-109.0,,,,2025-11-30,0.0,False,138.29071044921875,-3.364090919494629,66.41196,71.1499,-3.910463,-1.7139356,138.29071044921875,-3.364090919494629,,-10.864090919494629,,-1.4485454559326172,,,,0.38211413314949955,0.6178858668505005,,,,,,
401826942,2025.0,2025-11-30,Presbyterian Blue Hose,The Citadel Bulldogs,0.0,0.0,,,,,True,Harrah's Cherokee Center,2025-11-30 21:00:00+00:00,,2025-11-30 16:00,EST,2025-11-30T21:00:00Z,2025-11-30,,,citadel::presbyterianbluehose,f822b495aea65100ce55ad0762be782b,BetRivers,totals,full_game,2025-11-30 21:00:00+00:00,2025-11-30 19:31:25+00:00,Presbyterian Blue Hose,The Citadel Bulldogs,,,,,,,134.5,-109.0,-114.0,2025-11-30,0.0,False,138.29071044921875,-3.364090919494629,66.41196,71.1499,-3.910463,-1.7139356,138.29071044921875,-3.364090919494629,3.79071044921875,,0.028183720812035316,,0.12635701497395832,,,0.38211413314949955,0.6178858668505005,,,,,,
401826942,2025.0,2025-11-30,Presbyterian Blue Hose,The Citadel Bulldogs,0.0,0.0,,,,,True,Harrah's Cherokee Center,2025-11-30 21:00:00+00:00,,2025-11-30 16:00,EST,2025-11-30T21:00:00Z,2025-11-30,,,citadel::presbyterianbluehose,f822b495aea65100ce55ad0762be782b,Bovada,h2h,2h,2025-11-30 21:00:00+00:00,2025-11-30 19:30:58+00:00,Presbyterian Blue Hose,The Citadel Bulldogs,-390.0,295.0,,,,,,,,2025-11-30,0.0,False,138.29071044921875,-3.364090919494629,66.41196,71.1499,-3.910463,-1.7139356,71.1499,-1.7139356,,,,,,0.7959183673469388,0.25316455696202533,0.4390919995148492,0.5609080004851508,-1.0,0.4120632548868968,-0.4483203083018561,1.2155866019163457,0.2564102564102564,2.95
401826942,2025.0,2025-11-30,Presbyterian Blue Hose,The Citadel Bulldogs,0.0,0.0,,,,,True,Harrah's Cherokee Center,2025-11-30 21:00:00+00:00,,2025-11-30 16:00,EST,2025-11-30T21:00:00Z,2025-11-30,,,citadel::presbyterianbluehose,f822b495aea65100ce55ad0762be782b,Bovada,spreads,full_game,2025-11-30 21:00:00+00:00,2025-11-30 19:30:58+00:00,Presbyterian Blue Hose,The Citadel Bulldogs,,,-8.5,-105.0,8.5,-115.0,,,,2025-11-30,0.0,False,138.29071044921875,-3.364090919494629,66.41196,71.1499,-3.910463,-1.7139356,138.29071044921875,-3.364090919494629,,-11.864090919494629,,-1.3957754022934858,,,,0.38211413314949955,0.6178858668505005,,,,,,
401826942,2025.0,2025-11-30,Presbyterian Blue Hose,The Citadel Bulldogs,0.0,0.0,,,,,True,Harrah's Cherokee Center,2025-11-30 21:00:00+00:00,,2025-11-30 16:00,EST,2025-11-30T21:00:00Z,2025-11-30,,,citadel::presbyterianbluehose,f822b495aea65100ce55ad0762be782b,Bovada,totals,full_game,2025-11-30 21:00:00+00:00,2025-11-30 19:30:58+00:00,Presbyterian Blue Hose,The Citadel Bulldogs,,,,,,,133.5,-120.0,100.0,2025-11-30,0.0,False,138.29071044921875,-3.364090919494629,66.41196,71.1499,-3.910463,-1.7139356,138.29071044921875,-3.364090919494629,4.79071044921875,,0.035885471529728465,,0.15969034830729167,,,0.38211413314949955,0.6178858668505005,,,,,,
401826942,2025.0,2025-11-30,Presbyterian Blue Hose,The Citadel Bulldogs,0.0,0.0,,,,,True,Harrah's Cherokee Center,2025-11-30 21:00:00+00:00,,2025-11-30 16:00,EST,2025-11-30T21:00:00Z,2025-11-30,,,citadel::presbyterianbluehose,f822b495aea65100ce55ad0762be782b,Caesars,h2h,2h,2025-11-30 21:00:00+00:00,2025-11-30 19:27:07+00:00,Presbyterian Blue Hose,The Citadel Bulldogs,-420.0,320.0,,,,,,,,2025-11-30,0.0,False,138.29071044921875,-3.364090919494629,66.41196,71.1499,-3.910463,-1.7139356,71.1499,-1.7139356,,,,,,0.8076923076923077,0.23809523809523808,0.4390919995148492,0.5609080004851508,-1.0,0.42369175063676034,-0.4563622863149486,1.3558136020376332,0.23809523809523808,3.2
401826942,2025.0,2025-11-30,Presbyterian Blue Hose,The Citadel Bulldogs,0.0,0.0,,,,,True,Harrah's Cherokee Center,2025-11-30 21:00:00+00:00,,2025-11-30 16:00,EST,2025-11-30T21:00:00Z,2025-11-30,,,citadel::presbyterianbluehose,f822b495aea65100ce55ad0762be782b,Caesars,spreads,full_game,2025-11-30 21:00:00+00:00,2025-11-30 19:27:07+00:00,Presbyterian Blue Hose,The Citadel Bulldogs,,,-8.5,-110.0,8.5,-110.0,,,,2025-11-30,0.0,False,138.29071044921875,-3.364090919494629,66.41196,71.1499,-3.910463,-1.7139356,138.29071044921875,-3.364090919494629,,-11.864090919494629,,-1.3957754022934858,,,,0.38211413314949955,0.6178858668505005,,,,,,
401826942,2025.0,2025-11-30,Presbyterian Blue Hose,The Citadel Bulldogs,0.0,0.0,,,,,True,Harrah's Cherokee Center,2025-11-30 21:00:00+00:00,,2025-11-30 16:00,EST,2025-11-30T21:00:00Z,2025-11-30,,,citadel::presbyterianbluehose,f822b495aea65100ce55ad0762be782b,Caesars,totals,full_game,2025-11-30 21:00:00+00:00,2025-11-30 19:27:07+00:00,Presbyterian Blue Hose,The Citadel Bulldogs,,,,,,,134.0,-110.0,-110.0,2025-11-30,0.0,False,138.29071044921875,-3.364090919494629,66.41196,71.1499,-3.910463,-1.7139356,138.29071044921875,-3.364090919494629,4.29071044921875,,0.03202022723297575,,0.143023681640625,,,0.38211413314949955,0.6178858668505005,,,,,,
401826942,2025.0,2025-11-30,Presbyterian Blue Hose,The Citadel Bulldogs,0.0,0.0,,,,,True,Harrah's Cherokee Center,2025-11-30 21:00:00+00:00,,2025-11-30 16:00,EST,2025-11-30T21:00:00Z,2025-11-30,,,citadel::presbyterianbluehose,f822b495aea65100ce55ad0762be782b,DraftKings,h2h,2h,2025-11-30 21:00:00+00:00,2025-11-30 19:31:24+00:00,Presbyterian Blue Hose,The Citadel Bulldogs,-410.0,320.0,,,,,,,,2025-11-30,0.0,False,138.29071044921875,-3.364090919494629,66.41196,71.1499,-3.910463,-1.7139356,71.1499,-1.7139356,,,,,,0.803921568627451,0.23809523809523808,0.4390919995148492,0.5609080004851508,-1.0,0.42369175063676034,-0.4538123908473827,1.3558136020376332,0.24390243902439024,3.2
401826942,2025.0,2025-11-30,Presbyterian Blue Hose,The Citadel Bulldogs,0.0,0.0,,,,,True,Harrah's Cherokee Center,2025-11-30 21:00:00+00:00,,2025-11-30 16:00,EST,2025-11-30T21:00:00Z,2025-11-30,,,citadel::presbyterianbluehose,f822b495aea65100ce55ad0762be782b,DraftKings,spreads,full_game,2025-11-30 21:00:00+00:00,2025-11-30 19:31:24+00:00,Presbyterian Blue Hose,The Citadel Bulldogs,,,-8.5,-108.0,8.5,-112.0,,,,2025-11-30,0.0,False,138.29071044921875,-3.364090919494629,66.41196,71.1499,-3.910463,-1.7139356,138.29071044921875,-3.364090919494629,,-11.864090919494629,,-1.3957754022934858,,,,0.38211413314949955,0.6178858668505005,,,,,,
401826942,2025.0,2025-11-30,Presbyterian Blue Hose,The Citadel Bulldogs,0.0,0.0,,,,,True,Harrah's Cherokee Center,2025-11-30 21:00:00+00:00,,2025-11-30 16:00,EST,2025-11-30T21:00:00Z,2025-11-30,,,citadel::presbyterianbluehose,f822b495aea65100ce55ad0762be782b,DraftKings,totals,full_game,2025-11-30 21:00:00+00:00,2025-11-30 19:31:24+00:00,Presbyterian Blue Hose,The Citadel Bulldogs,,,,,,,134.5,-108.0,-112.0,2025-11-30,0.0,False,138.29071044921875,-3.364090919494629,66.41196,71.1499,-3.910463,-1.7139356,138.29071044921875,-3.364090919494629,3.79071044921875,,0.028183720812035316,,0.12635701497395832,,,0.38211413314949955,0.6178858668505005,,,,,,
401826942,2025.0,2025-11-30,Presbyterian Blue Hose,The Citadel Bulldogs,0.0,0.0,,,,,True,Harrah's Cherokee Center,2025-11-30 21:00:00+00:00,,2025-11-30 16:00,EST,2025-11-30T21:00:00Z,2025-11-30,,,citadel::presbyterianbluehose,f822b495aea65100ce55ad0762be782b,FanDuel,h2h,2h,2025-11-30 21:00:00+00:00,2025-11-30 19:31:10+00:00,Presbyterian Blue Hose,The Citadel Bulldogs,-375.0,290.0,,,,,,,,2025-11-30,0.0,False,138.29071044921875,-3.364090919494629,66.41196,71.1499,-3.910463,-1.7139356,71.1499,-1.7139356,,,,,,0.7894736842105263,0.2564102564102564,0.4390919995148492,0.5609080004851508,-1.0,0.4094969661696855,-0.44381680061452433,1.187541201892088,0.26666666666666666,2.9
401826942,2025.0,2025-11-30,Presbyterian Blue Hose,The Citadel Bulldogs,0.0,0.0,,,,,True,Harrah's Cherokee Center,2025-11-30 21:00:00+00:00,,2025-11-30 16:00,EST,2025-11-30T21:00:00Z,2025-11-30,,,citadel::presbyterianbluehose,f822b495aea65100ce55ad0762be782b,FanDuel,spreads,full_game,2025-11-30 21:00:00+00:00,2025-11-30 19:31:10+00:00,Presbyterian Blue Hose,The Citadel Bulldogs,,,-7.5,-110.0,7.5,-110.0,,,,2025-11-30,0.0,False,138.29071044921875,-3.364090919494629,66.41196,71.1499,-3.910463,-1.7139356,138.29071044921875,-3.364090919494629,,-10.864090919494629,,-1.4485454559326172,,,,0.38211413314949955,0.6178858668505005,,,,,,
401826942,2025.0,2025-11-30,Presbyterian Blue Hose,The Citadel Bulldogs,0.0,0.0,,,,,True,Harrah's Cherokee Center,2025-11-30 21:00:00+00:00,,2025-11-30 16:00,EST,2025-11-30T21:00:00Z,2025-11-30,,,citadel::presbyterianbluehose,f822b495aea65100ce55ad0762be782b,FanDuel,totals,full_game,2025-11-30 21:00:00+00:00,2025-11-30 19:31:10+00:00,Presbyterian Blue Hose,The Citadel Bulldogs,,,,,,,133.5,-115.0,-105.0,2025-11-30,0.0,False,138.29071044921875,-3.364090919494629,66.41196,71.1499,-3.910463,-1.7139356,138.29071044921875,-3.364090919494629,4.79071044921875,,0.035885471529728465,,0.15969034830729167,,,0.38211413314949955,0.6178858668505005,,,,,,
401826942,2025.0,2025-11-30,Presbyterian Blue Hose,The Citadel Bulldogs,0.0,0.0,,,,,True,Harrah's Cherokee Center,2025-11-30 21:00:00+00:00,,2025-11-30 16:00,EST,2025-11-30T21:00:00Z,2025-11-30,,,citadel::presbyterianbluehose,f822b495aea65100ce55ad0762be782b,Fanatics,h2h,2h,2025-11-30 21:00:00+00:00,2025-11-30 19:31:09+00:00,Presbyterian Blue Hose,The Citadel Bulldogs,-375.0,300.0,,,,,,,,2025-11-30,0.0,False,138.29071044921875,-3.364090919494629,66.41196,71.1499,-3.910463,-1.7139356,71.1499,-1.7139356,,,,,,0.7894736842105263,0.25,0.4390919995148492,0.5609080004851508,-1.0,0.4145440006468677,-0.44381680061452433,1.243632001940603,0.26666666666666666,3.0
401826942,2025.0,2025-11-30,Presbyterian Blue Hose,The Citadel Bulldogs,0.0,0.0,,,,,True,Harrah's Cherokee Center,2025-11-30 21:00:00+00:00,,2025-11-30 16:00,EST,2025-11-30T21:00:00Z,2025-11-30,,,citadel::presbyterianbluehose,f822b495aea65100ce55ad0762be782b,Fanatics,spreads,full_game,2025-11-30 21:00:00+00:00,2025-11-30 19:31:09+00:00,Presbyterian Blue Hose,The Citadel Bulldogs,,,-8.5,-110.0,8.5,-110.0,,,,2025-11-30,0.0,False,138.29071044921875,-3.364090919494629,66.41196,71.1499,-3.910463,-1.7139356,138.29071044921875,-3.364090919494629,,-11.864090919494629,,-1.3957754022934858,,,,0.38211413314949955,0.6178858668505005,,,,,,
401826942,2025.0,2025-11-30,Presbyterian Blue Hose,The Citadel Bulldogs,0.0,0.0,,,,,True,Harrah's Cherokee Center,2025-11-30 21:00:00+00:00,,2025-11-30 16:00,EST,2025-11-30T21:00:00Z,2025-11-30,,,citadel::presbyterianbluehose,f822b495aea65100ce55ad0762be782b,Fanatics,totals,full_game,2025-11-30 21:00:00+00:00,2025-11-30 19:31:09+00:00,Presbyterian Blue Hose,The Citadel Bulldogs,,,,,,,134.0,-110.0,-110.0,2025-11-30,0.0,False,138.29071044921875,-3.364090919494629,66.41196,71.1499,-3.910463,-1.7139356,138.29071044921875,-3.364090919494629,4.29071044921875,,0.03202022723297575,,0.143023681640625,,,0.38211413314949955,0.6178858668505005,,,,,,
401826942,2025.0,2025-11-30,Presbyterian Blue Hose,The Citadel Bulldogs,0.0,0.0,,,,,True,Harrah's Cherokee Center,2025-11-30 21:00:00+00:00,,2025-11-30 16:00,EST,2025-11-30T21:00:00Z,2025-11-30,,,citadel::presbyterianbluehose,f822b495aea65100ce55ad0762be782b,LowVig.ag,spreads,full_game,2025-11-30 21:00:00+00:00,2025-11-30 19:31:10+00:00,Presbyterian Blue Hose,The Citadel Bulldogs,,,-8.0,-114.0,8.0,102.0,,,,2025-11-30,0.0,False,138.29071044921875,-3.364090919494629,66.41196,71.1499,-3.910463,-1.7139356,138.29071044921875,-3.364090919494629,,-11.364090919494629,,-1.4205113649368286,,,,0.38211413314949955,0.6178858668505005,,,,,,
401826942,2025.0,2025-11-30,Presbyterian Blue Hose,The Citadel Bulldogs,0.0,0.0,,,,,True,Harrah's Cherokee Center,2025-11-30 21:00:00+00:00,,2025-11-30 16:00,EST,2025-11-30T21:00:00Z,2025-11-30,,,citadel::presbyterianbluehose,f822b495aea65100ce55ad0762be782b,LowVig.ag,totals,full_game,2025-11-30 21:00:00+00:00,2025-11-30 19:31:10+00:00,Presbyterian Blue Hose,The Citadel Bulldogs,,,,,,,134.0,-113.0,-103.0,2025-11-30,0.0,False,138.29071044921875,-3.364090919494629,66.41196,71.1499,-3.910463,-1.7139356,138.29071044921875,-3.364090919494629,4.29071044921875,,0.03202022723297575,,0.143023681640625,,,0.38211413314949955,0.6178858668505005,,,,,,
401826993,2025.0,2025-11-30,American University Eagles,Longwood Lancers,0.0,0.0,,,,,False,Bender Arena,2025-11-30 21:00:00+00:00,,2025-11-30 16:00,EST,2025-11-30T21:00:00Z,2025-11-30,,,american::longwood,40b976800825cf27e8fe8a11d03dee81,BetMGM,h2h,2h,2025-11-30 21:00:00+00:00,2025-11-30 19:31:23+00:00,American Eagles,Longwood Lancers,-190.0,154.0,,,,,,,,2025-11-30,0.0,False,136.57997131347656,9.473861694335938,67.42963,75.75786,2.546481,7.0306416,75.75786,7.0306416,,,,,,0.6551724137931034,0.3937007874015748,0.7319183511172074,0.2680816488827926,0.22256321823990133,-0.20719000768682255,0.11713853591573753,-0.31907261183770674,0.5263157894736842,1.54
401826993,2025.0,2025-11-30,American University Eagles,Longwood Lancers,0.0,0.0,,,,,False,Bender Arena,2025-11-30 21:00:00+00:00,,2025-11-30 16:00,EST,2025-11-30T21:00:00Z,2025-11-30,,,american::longwood,40b976800825cf27e8fe8a11d03dee81,BetMGM,spreads,full_game,2025-11-30 21:00:00+00:00,2025-11-30 19:31:23+00:00,American Eagles,Longwood Lancers,,,-4.5,-105.0,4.5,-115.0,,,,2025-11-30,0.0,False,136.57997131347656,9.473861694335938,67.42963,75.75786,2.546481,7.0306416,136.57997131347656,9.473861694335938,,4.9738616943359375,,1.1053025987413194,,,,0.7946863687392111,0.20531363126078894,,,,,,
401826993,2025.0,2025-11-30,American University Eagles,Longwood Lancers,0.0,0.0,,,,,False,Bender Arena,2025-11-30 21:00:00+00:00,,2025-11-30 16:00,EST,2025-11-30T21:00:00Z,2025-11-30,,,american::longwood,40b976800825cf27e8fe8a11d03dee81,BetMGM,totals,full_game,2025-11-30 21:00:00+00:00,2025-11-30 19:31:23+00:00,American Eagles,Longwood Lancers,,,,,,,148.5,-115.0,-105.0,2025-11-30,0.0,False,136.57997131347656,9.473861694335938,67.42963,75.75786,2.546481,7.0306416,136.57997131347656,9.473861694335938,-11.920028686523438,,-0.08026955344460228,,-0.39733428955078126,,,0.7946863687392111,0.20531363126078894,,,,,,
401826993,2025.0,2025-11-30,American University Eagles,Longwood Lancers,0.0,0.0,,,,,False,Bender Arena,2025-11-30 21:00:00+00:00,,2025-11-30 16:00,EST,2025-11-30T21:00:00Z,2025-11-30,,,american::longwood,40b976800825cf27e8fe8a11d03dee81,BetOnline.ag,spreads,full_game,2025-11-30 21:00:00+00:00,2025-11-30 19:31:39+00:00,American Eagles,Longwood Lancers,,,-4.0,-110.0,4.0,-110.0,,,,2025-11-30,0.0,False,136.57997131347656,9.473861694335938,67.42963,75.75786,2.546481,7.0306416,136.57997131347656,9.473861694335938,,5.4738616943359375,,1.3684654235839844,,,,0.7946863687392111,0.20531363126078894,,,,,,
401826993,2025.0,2025-11-30,American University Eagles,Longwood Lancers,0.0,0.0,,,,,False,Bender Arena,2025-11-30 21:00:00+00:00,,2025-11-30 16:00,EST,2025-11-30T21:00:00Z,2025-11-30,,,american::longwood,40b976800825cf27e8fe8a11d03dee81,BetOnline.ag,totals,full_game,2025-11-30 21:00:00+00:00,2025-11-30 19:31:39+00:00,American Eagles,Longwood Lancers,,,,,,,149.0,-112.0,-108.0,2025-11-30,0.0,False,136.57997131347656,9.473861694335938,67.42963,75.75786,2.546481,7.0306416,136.57997131347656,9.473861694335938,-12.420028686523438,,-0.08335589722498951,,-0.4140009562174479,,,0.7946863687392111,0.20531363126078894,,,,,,
401826993,2025.0,2025-11-30,American University Eagles,Longwood Lancers,0.0,0.0,,,,,False,Bender Arena,2025-11-30 21:00:00+00:00,,2025-11-30 16:00,EST,2025-11-30T21:00:00Z,2025-11-30,,,american::longwood,40b976800825cf27e8fe8a11d03dee81,BetRivers,h2h,2h,2025-11-30 21:00:00+00:00,2025-11-30 19:31:25+00:00,American Eagles,Longwood Lancers,-190.0,143.0,,,,,,,,2025-11-30,0.0,False,136.57997131347656,9.473861694335938,67.42963,75.75786,2.546481,7.0306416,75.75786,7.0306416,,,,,,0.6551724137931034,0.411522633744856,0.7319183511172074,0.2680816488827926,0.22256321823990133,-0.2437493658844853,0.11713853591573753,-0.34856159321481395,0.5263157894736842,1.43
401826993,2025.0,2025-11-30,American University Eagles,Longwood Lancers,0.0,0.0,,,,,False,Bender Arena,2025-11-30 21:00:00+00:00,,2025-11-30 16:00,EST,2025-11-30T21:00:00Z,2025-11-30,,,american::longwood,40b976800825cf27e8fe8a11d03dee81,BetRivers,spreads,full_game,2025-11-30 21:00:00+00:00,2025-11-30 19:31:25+00:00,American Eagles,Longwood Lancers,,,-4.0,-113.0,4.0,-110.0,,,,2025-11-30,0.0,False,136.57997131347656,9.473861694335938,67.42963,75.75786,2.546481,7.0306416,136.57997131347656,9.473861694335938,,5.4738616943359375,,1.3684654235839844,,,,0.7946863687392111,0.20531363126078894,,,,,,
401826993,2025.0,2025-11-30,American University Eagles,Longwood Lancers,0.0,0.0,,,,,False,Bender Arena,2025-11-30 21:00:00+00:00,,2025-11-30 16:00,EST,2025-11-30T21:00:00Z,2025-11-30,,,american::longwood,40b976800825cf27e8fe8a11d03dee81,BetRivers,totals,full_game,2025-11-30 21:00:00+00:00,2025-11-30 19:31:25+00:00,American Eagles,Longwood Lancers,,,,,,,149.0,-109.0,-114.0,2025-11-30,0.0,False,136.57997131347656,9.473861694335938,67.42963,75.75786,2.546481,7.0306416,136.57997131347656,9.473861694335938,-12.420028686523438,,-0.08335589722498951,,-0.4140009562174479,,,0.7946863687392111,0.20531363126078894,,,,,,
401826993,2025.0,2025-11-30,American University Eagles,Longwood Lancers,0.0,0.0,,,,,False,Bender Arena,2025-11-30 21:00:00+00:00,,2025-11-30 16:00,EST,2025-11-30T21:00:00Z,2025-11-30,,,american::longwood,40b976800825cf27e8fe8a11d03dee81,Bovada,h2h,2h,2025-11-30 21:00:00+00:00,2025-11-30 19:30:58+00:00,American Eagles,Longwood Lancers,-175.0,150.0,,,,,,,,2025-11-30,0.0,False,136.57997131347656,9.473861694335938,67.42963,75.75786,2.546481,7.0306416,75.75786,7.0306416,,,,,,0.6363636363636364,0.4,0.7319183511172074,0.2680816488827926,0.2627754655723203,-0.21986391852867895,0.15015740889846874,-0.32979587779301844,0.5714285714285714,1.5
401826993,2025.0,2025-11-30,American University Eagles,Longwood Lancers,0.0,0.0,,,,,False,Bender Arena,2025-11-30 21:00:00+00:00,,2025-11-30 16:00,EST,2025-11-30T21:00:00Z,2025-11-30,,,american::longwood,40b976800825cf27e8fe8a11d03dee81,Bovada,spreads,full_game,2025-11-30 21:00:00+00:00,2025-11-30 19:30:58+00:00,American Eagles,Longwood Lancers,,,-3.5,-115.0,3.5,-105.0,,,,2025-11-30,0.0,False,136.57997131347656,9.473861694335938,67.42963,75.75786,2.546481,7.0306416,136.57997131347656,9.473861694335938,,5.9738616943359375,,1.706817626953125,,,,0.7946863687392111,0.20531363126078894,,,,,,
401826993,2025.0,2025-11-30,American University Eagles,Longwood Lancers,0.0,0.0,,,,,False,Bender Arena,2025-11-30 21:00:00+00:00,,2025-11-30 16:00,EST,2025-11-30T21:00:00Z,2025-11-30,,,american::longwood,40b976800825cf27e8fe8a11d03dee81,Bovada,totals,full_game,2025-11-30 21:00:00+00:00,2025-11-30 19:30:58+00:00,American Eagles,Longwood Lancers,,,,,,,148.5,-110.0,-110.0,2025-11-30,0.0,False,136.57997131347656,9.473861694335938,67.42963,75.75786,2.546481,7.0306416,136.57997131347656,9.473861694335938,-11.920028686523438,,-0.08026955344460228,,-0.39733428955078126,,,0.7946863687392111,0.20531363126078894,,,,,,
401826993,2025.0,2025-11-30,American University Eagles,Longwood Lancers,0.0,0.0,,,,,False,Bender Arena,2025-11-30 21:00:00+00:00,,2025-11-30 16:00,EST,2025-11-30T21:00:00Z,2025-11-30,,,american::longwood,40b976800825cf27e8fe8a11d03dee81,Caesars,h2h,2h,2025-11-30 21:00:00+00:00,2025-11-30 19:27:07+00:00,American Eagles,Longwood Lancers,-190.0,158.0,,,,,,,,2025-11-30,0.0,False,136.57997131347656,9.473861694335938,67.42963,75.75786,2.546481,7.0306416,75.75786,7.0306416,,,,,,0.6551724137931034,0.3875968992248062,0.7319183511172074,0.2680816488827926,0.22256321823990133,-0.19515781384961708,0.11713853591573753,-0.308349345882395,0.5263157894736842,1.58
401826993,2025.0,2025-11-30,American University Eagles,Longwood Lancers,0.0,0.0,,,,,False,Bender Arena,2025-11-30 21:00:00+00:00,,2025-11-30 16:00,EST,2025-11-30T21:00:00Z,2025-11-30,,,american::longwood,40b976800825cf27e8fe8a11d03dee81,Caesars,spreads,full_game,2025-11-30 21:00:00+00:00,2025-11-30 19:27:07+00:00,American Eagles,Longwood Lancers,,,-4.5,-110.0,4.5,-110.0,,,,2025-11-30,0.0,False,136.57997131347656,9.473861694335938,67.42963,75.75786,2.546481,7.0306416,136.57997131347656,9.473861694335938,,4.9738616943359375,,1.1053025987413194,,,,0.7946863687392111,0.20531363126078894,,,,,,
401826993,2025.0,2025-11-30,American University Eagles,Longwood Lancers,0.0,0.0,,,,,False,Bender Arena,2025-11-30 21:00:00+00:00,,2025-11-30 16:00,EST,2025-11-30T21:00:00Z,2025-11-30,,,american::longwood,40b976800825cf27e8fe8a11d03dee81,Caesars,totals,full_game,2025-11-30 21:00:00+00:00,2025-11-30 19:27:07+00:00,American Eagles,Longwood Lancers,,,,,,,149.5,-110.0,-110.0,2025-11-30,0.0,False,136.57997131347656,9.473861694335938,67.42963,75.75786,2.546481,7.0306416,136.57997131347656,9.473861694335938,-12.920028686523438,,-0.08642159656537417,,-0.4306676228841146,,,0.7946863687392111,0.20531363126078894,,,,,,
401826993,2025.0,2025-11-30,American University Eagles,Longwood Lancers,0.0,0.0,,,,,False,Bender Arena,2025-11-30 21:00:00+00:00,,2025-11-30 16:00,EST,2025-11-30T21:00:00Z,2025-11-30,,,american::longwood,40b976800825cf27e8fe8a11d03dee81,DraftKings,h2h,2h,2025-11-30 21:00:00+00:00,2025-11-30 19:31:24+00:00,American Eagles,Longwood Lancers,-185.0,154.0,,,,,,,,2025-11-30,0.0,False,136.57997131347656,9.473861694335938,67.42963,75.75786,2.546481,7.0306416,75.75786,7.0306416,,,,,,0.6491228070175439,0.3937007874015748,0.7319183511172074,0.2680816488827926,0.23596730068404104,-0.20719000768682255,0.12754989226164382,-0.31907261183770674,0.5405405405405406,1.54
401826993,2025.0,2025-11-30,American University Eagles,Longwood Lancers,0.0,0.0,,,,,False,Bender Arena,2025-11-30 21:00:00+00:00,,2025-11-30 16:00,EST,2025-11-30T21:00:00Z,2025-11-30,,,american::longwood,40b976800825cf27e8fe8a11d03dee81,DraftKings,spreads,full_game,2025-11-30 21:00:00+00:00,2025-11-30 19:31:24+00:00,American Eagles,Longwood Lancers,,,-4.5,-110.0,4.5,-110.0,,,,2025-11-30,0.0,False,136.57997131347656,9.473861694335938,67.42963,75.75786,2.546481,7.0306416,136.57997131347656,9.473861694335938,,4.9738616943359375,,1.1053025987413194,,,,0.7946863687392111,0.20531363126078894,,,,,,
401826993,2025.0,2025-11-30,American University Eagles,Longwood Lancers,0.0,0.0,,,,,False,Bender Arena,2025-11-30 21:00:00+00:00,,2025-11-30 16:00,EST,2025-11-30T21:00:00Z,2025-11-30,,,american::longwood,40b976800825cf27e8fe8a11d03dee81,DraftKings,totals,full_game,2025-11-30 21:00:00+00:00,2025-11-30 19:31:24+00:00,American Eagles,Longwood Lancers,,,,,,,148.5,-115.0,-105.0,2025-11-30,0.0,False,136.57997131347656,9.473861694335938,67.42963,75.75786,2.546481,7.0306416,136.57997131347656,9.473861694335938,-11.920028686523438,,-0.08026955344460228,,-0.39733428955078126,,,0.7946863687392111,0.20531363126078894,,,,,,
401826993,2025.0,2025-11-30,American University Eagles,Longwood Lancers,0.0,0.0,,,,,False,Bender Arena,2025-11-30 21:00:00+00:00,,2025-11-30 16:00,EST,2025-11-30T21:00:00Z,2025-11-30,,,american::longwood,40b976800825cf27e8fe8a11d03dee81,FanDuel,h2h,2h,2025-11-30 21:00:00+00:00,2025-11-30 19:31:10+00:00,American Eagles,Longwood Lancers,-205.0,168.0,,,,,,,,2025-11-30,0.0,False,136.57997131347656,9.473861694335938,67.42963,75.75786,2.546481,7.0306416,75.75786,7.0306416,,,,,,0.6721311475409836,0.373134328358209,0.7319183511172074,0.2680816488827926,0.18235097090748245,-0.1675840363060213,0.0889516931256012,-0.2815411809941158,0.4878048780487805,1.68
401826993,2025.0,2025-11-30,American University Eagles,Longwood Lancers,0.0,0.0,,,,,False,Bender Arena,2025-11-30 21:00:00+00:00,,2025-11-30 16:00,EST,2025-11-30T21:00:00Z,2025-11-30,,,american::longwood,40b976800825cf27e8fe8a11d03dee81,FanDuel,spreads,full_game,2025-11-30 21:00:00+00:00,2025-11-30 19:31:10+00:00,American Eagles,Longwood Lancers,,,-3.5,-120.0,3.5,-102.0,,,,2025-11-30,0.0,False,136.57997131347656,9.473861694335938,67.42963,75.75786,2.546481,7.0306416,136.57997131347656,9.473861694335938,,5.9738616943359375,,1.706817626953125,,,,0.7946863687392111,0.20531363126078894,,,,,,
401826993,2025.0,2025-11-30,American University Eagles,Longwood Lancers,0.0,0.0,,,,,False,Bender Arena,2025-11-30 21:00:00+00:00,,2025-11-30 16:00,EST,2025-11-30T21:00:00Z,2025-11-30,,,american::longwood,40b976800825cf27e8fe8a11d03dee81,FanDuel,totals,full_game,2025-11-30 21:00:00+00:00,2025-11-30 19:31:10+00:00,American Eagles,Longwood Lancers,,,,,,,148.5,-110.0,-110.0,2025-11-30,0.0,False,136.57997131347656,9.473861694335938,67.42963,75.75786,2.546481,7.0306416,136.57997131347656,9.473861694335938,-11.920028686523438,,-0.08026955344460228,,-0.39733428955078126,,,0.7946863687392111,0.20531363126078894,,,,,,
401826993,2025.0,2025-11-30,American University Eagles,Longwood Lancers,0.0,0.0,,,,,False,Bender Arena,2025-11-30 21:00:00+00:00,,2025-11-30 16:00,EST,2025-11-30T21:00:00Z,2025-11-30,,,american::longwood,40b976800825cf27e8fe8a11d03dee81,Fanatics,h2h,2h,2025-11-30 21:00:00+00:00,2025-11-30 19:31:09+00:00,American Eagles,Longwood Lancers,-175.0,145.0,,,,,,,,2025-11-30,0.0,False,136.57997131347656,9.473861694335938,67.42963,75.75786,2.546481,7.0306416,75.75786,7.0306416,,,,,,0.6363636363636364,0.40816326530612246,0.7319183511172074,0.2680816488827926,0.2627754655723203,-0.2366896277497642,0.15015740889846874,-0.3431999602371581,0.5714285714285714,1.45
401826993,2025.0,2025-11-30,American University Eagles,Longwood Lancers,0.0,0.0,,,,,False,Bender Arena,2025-11-30 21:00:00+00:00,,2025-11-30 16:00,EST,2025-11-30T21:00:00Z,2025-11-30,,,american::longwood,40b976800825cf27e8fe8a11d03dee81,Fanatics,spreads,full_game,2025-11-30 21:00:00+00:00,2025-11-30 19:31:09+00:00,American Eagles,Longwood Lancers,,,-4.0,-110.0,4.0,-110.0,,,,2025-11-30,0.0,False,136.57997131347656,9.473861694335938,67.42963,75.75786,2.546481,7.0306416,136.57997131347656,9.473861694335938,,5.4738616943359375,,1.3684654235839844,,,,0.7946863687392111,0.20531363126078894,,,,,,
401826993,2025.0,2025-11-30,American University Eagles,Longwood Lancers,0.0,0.0,,,,,False,Bender Arena,2025-11-30 21:00:00+00:00,,2025-11-30 16:00,EST,2025-11-30T21:00:00Z,2025-11-30,,,american::longwood,40b976800825cf27e8fe8a11d03dee81,Fanatics,totals,full_game,2025-11-30 21:00:00+00:00,2025-11-30 19:31:09+00:00,American Eagles,Longwood Lancers,,,,,,,148.5,-110.0,-110.0,2025-11-30,0.0,False,136.57997131347656,9.473861694335938,67.42963,75.75786,2.546481,7.0306416,136.57997131347656,9.473861694335938,-11.920028686523438,,-0.08026955344460228,,-0.39733428955078126,,,0.7946863687392111,0.20531363126078894,,,,,,
401826993,2025.0,2025-11-30,American University Eagles,Longwood Lancers,0.0,0.0,,,,,False,Bender Arena,2025-11-30 21:00:00+00:00,,2025-11-30 16:00,EST,2025-11-30T21:00:00Z,2025-11-30,,,american::longwood,40b976800825cf27e8fe8a11d03dee81,LowVig.ag,spreads,full_game,2025-11-30 21:00:00+00:00,2025-11-30 19:31:10+00:00,American Eagles,Longwood Lancers,,,-4.0,-106.0,4.0,-106.0,,,,2025-11-30,0.0,False,136.57997131347656,9.473861694335938,67.42963,75.75786,2.546481,7.0306416,136.57997131347656,9.473861694335938,,5.4738616943359375,,1.3684654235839844,,,,0.7946863687392111,0.20531363126078894,,,,,,
401826993,2025.0,2025-11-30,American University Eagles,Longwood Lancers,0.0,0.0,,,,,False,Bender Arena,2025-11-30 21:00:00+00:00,,2025-11-30 16:00,EST,2025-11-30T21:00:00Z,2025-11-30,,,american::longwood,40b976800825cf27e8fe8a11d03dee81,LowVig.ag,totals,full_game,2025-11-30 21:00:00+00:00,2025-11-30 19:31:10+00:00,American Eagles,Longwood Lancers,,,,,,,149.0,-110.0,-106.0,2025-11-30,0.0,False,136.57997131347656,9.473861694335938,67.42963,75.75786,2.546481,7.0306416,136.57997131347656,9.473861694335938,-12.420028686523438,,-0.08335589722498951,,-0.4140009562174479,,,0.7946863687392111,0.20531363126078894,,,,,,
401827174,2025.0,2025-11-30,Coastal Carolina Chanticleers,Alabama A&M Bulldogs,0.0,0.0,,,,,False,The HTC Center,2025-11-30 20:30:00+00:00,,2025-11-30 15:30,EST,2025-11-30T20:30:00Z,2025-11-30,,,alabamaaandm::coastalcarolinachanticleers,c5ba5350355a252be1041a1552a93f11,BetMGM,h2h,2h,2025-11-30 20:30:00+00:00,2025-11-30 19:31:23+00:00,Coastal Carolina Chanticleers,Alabama A&M Bulldogs,-325.0,260.0,,,,,,,,2025-11-30,0.0,False,138.06201171875,16.48715591430664,68.14102,76.330574,6.0146084,10.613678,76.330574,10.613678,,,,,,0.7647058823529411,0.2777777777777778,0.8199840918492163,0.18001590815078372,0.23493239035916927,-0.13536258871429946,0.07228688934128286,-0.35194273065717857,0.3076923076923077,2.6
401827174,2025.0,2025-11-30,Coastal Carolina Chanticleers,Alabama A&M Bulldogs,0.0,0.0,,,,,False,The HTC Center,2025-11-30 20:30:00+00:00,,2025-11-30 15:30,EST,2025-11-30T20:30:00Z,2025-11-30,,,alabamaaandm::coastalcarolinachanticleers,c5ba5350355a252be1041a1552a93f11,BetMGM,totals,full_game,2025-11-30 20:30:00+00:00,2025-11-30 19:31:23+00:00,Coastal Carolina Chanticleers,Alabama A&M Bulldogs,,,,,,,140.5,-105.0,-115.0,2025-11-30,0.0,False,138.06201171875,16.48715591430664,68.14102,76.330574,6.0146084,10.613678,138.06201171875,16.48715591430664,-2.43798828125,,-0.017352229759786477,,-0.08126627604166667,,,0.9133552109641021,0.0866447890358979,,,,,,
401827174,2025.0,2025-11-30,Coastal Carolina Chanticleers,Alabama A&M Bulldogs,0.0,0.0,,,,,False,The HTC Center,2025-11-30 20:30:00+00:00,,2025-11-30 15:30,EST,2025-11-30T20:30:00Z,2025-11-30,,,alabamaaandm::coastalcarolinachanticleers,c5ba5350355a252be1041a1552a93f11,BetOnline.ag,spreads,full_game,2025-11-30 20:30:00+00:00,2025-11-30 19:31:39+00:00,Coastal Carolina Chanticleers,Alabama A&M Bulldogs,,,-7.0,-115.0,7.0,-105.0,,,,2025-11-30,0.0,False,138.06201171875,16.48715591430664,68.14102,76.330574,6.0146084,10.613678,138.06201171875,16.48715591430664,,9.48715591430664,,1.3553079877580916,,,,0.9133552109641021,0.0866447890358979,,,,,,
401827174,2025.0,2025-11-30,Coastal Carolina Chanticleers,Alabama A&M Bulldogs,0.0,0.0,,,,,False,The HTC Center,2025-11-30 20:30:00+00:00,,2025-11-30 15:30,EST,2025-11-30T20:30:00Z,2025-11-30,,,alabamaaandm::coastalcarolinachanticleers,c5ba5350355a252be1041a1552a93f11,BetOnline.ag,totals,full_game,2025-11-30 20:30:00+00:00,2025-11-30 19:31:39+00:00,Coastal Carolina Chanticleers,Alabama A&M Bulldogs,,,,,,,140.0,-105.0,-115.0,2025-11-30,0.0,False,138.06201171875,16.48715591430664,68.14102,76.330574,6.0146084,10.613678,138.06201171875,16.48715591430664,-1.93798828125,,-0.0138427734375,,-0.064599609375,,,0.9133552109641021,0.0866447890358979,,,,,,
401827174,2025.0,2025-11-30,Coastal Carolina Chanticleers,Alabama A&M Bulldogs,0.0,0.0,,,,,False,The HTC Center,2025-11-30 20:30:00+00:00,,2025-11-30 15:30,EST,2025-11-30T20:30:00Z,2025-11-30,,,alabamaaandm::coastalcarolinachanticleers,c5ba5350355a252be1041a1552a93f11,BetRivers,h2h,2h,2025-11-30 20:30:00+00:00,2025-11-30 19:31:25+00:00,Coastal Carolina Chanticleers,Alabama A&M Bulldogs,-315.0,225.0,,,,,,,,2025-11-30,0.0,False,138.06201171875,16.48715591430664,68.14102,76.330574,6.0146084,10.613678,76.330574,10.613678,,,,,,0.7590361445783133,0.3076923076923077,0.8199840918492163,0.18001590815078372,0.2529339811742476,-0.18442146600442352,0.08029650196007859,-0.4149482985099529,0.31746031746031744,2.25
401827174,2025.0,2025-11-30,Coastal Carolina Chanticleers,Alabama A&M Bulldogs,0.0,0.0,,,,,False,The HTC Center,2025-11-30 20:30:00+00:00,,2025-11-30 15:30,EST,2025-11-30T20:30:00Z,2025-11-30,,,alabamaaandm::coastalcarolinachanticleers,c5ba5350355a252be1041a1552a93f11,BetRivers,spreads,full_game,2025-11-30 20:30:00+00:00,2025-11-30 19:31:25+00:00,Coastal Carolina Chanticleers,Alabama A&M Bulldogs,,,-7.0,-108.0,7.0,-115.0,,,,2025-11-30,0.0,False,138.06201171875,16.48715591430664,68.14102,76.330574,6.0146084,10.613678,138.06201171875,16.48715591430664,,9.48715591430664,,1.3553079877580916,,,,0.9133552109641021,0.0866447890358979,,,,,,
401827174,2025.0,2025-11-30,Coastal Carolina Chanticleers,Alabama A&M Bulldogs,0.0,0.0,,,,,False,The HTC Center,2025-11-30 20:30:00+00:00,,2025-11-30 15:30,EST,2025-11-30T20:30:00Z,2025-11-30,,,alabamaaandm::coastalcarolinachanticleers,c5ba5350355a252be1041a1552a93f11,BetRivers,totals,full_game,2025-11-30 20:30:00+00:00,2025-11-30 19:31:25+00:00,Coastal Carolina Chanticleers,Alabama A&M Bulldogs,,,,,,,140.0,-112.0,-112.0,2025-11-30,0.0,False,138.06201171875,16.48715591430664,68.14102,76.330574,6.0146084,10.613678,138.06201171875,16.48715591430664,-1.93798828125,,-0.0138427734375,,-0.064599609375,,,0.9133552109641021,0.0866447890358979,,,,,,
401827174,2025.0,2025-11-30,Coastal Carolina Chanticleers,Alabama A&M Bulldogs,0.0,0.0,,,,,False,The HTC Center,2025-11-30 20:30:00+00:00,,2025-11-30 15:30,EST,2025-11-30T20:30:00Z,2025-11-30,,,alabamaaandm::coastalcarolinachanticleers,c5ba5350355a252be1041a1552a93f11,Bovada,h2h,2h,2025-11-30 20:30:00+00:00,2025-11-30 19:30:58+00:00,Coastal Carolina Chanticleers,Alabama A&M Bulldogs,-320.0,260.0,,,,,,,,2025-11-30,0.0,False,138.06201171875,16.48715591430664,68.14102,76.330574,6.0146084,10.613678,76.330574,10.613678,,,,,,0.7619047619047619,0.2777777777777778,0.8199840918492163,0.18001590815078372,0.24393318576670833,-0.13536258871429946,0.07622912055209635,-0.35194273065717857,0.3125,2.6
401827174,2025.0,2025-11-30,Coastal Carolina Chanticleers,Alabama A&M Bulldogs,0.0,0.0,,,,,False,The HTC Center,2025-11-30 20:30:00+00:00,,2025-11-30 15:30,EST,2025-11-30T20:30:00Z,2025-11-30,,,alabamaaandm::coastalcarolinachanticleers,c5ba5350355a252be1041a1552a93f11,Bovada,spreads,full_game,2025-11-30 20:30:00+00:00,2025-11-30 19:30:58+00:00,Coastal Carolina Chanticleers,Alabama A&M Bulldogs,,,-7.5,-105.0,7.5,-115.0,,,,2025-11-30,0.0,False,138.06201171875,16.48715591430664,68.14102,76.330574,6.0146084,10.613678,138.06201171875,16.48715591430664,,8.98715591430664,,1.1982874552408853,,,,0.9133552109641021,0.0866447890358979,,,,,,
401827174,2025.0,2025-11-30,Coastal Carolina Chanticleers,Alabama A&M Bulldogs,0.0,0.0,,,,,False,The HTC Center,2025-11-30 20:30:00+00:00,,2025-11-30 15:30,EST,2025-11-30T20:30:00Z,2025-11-30,,,alabamaaandm::coastalcarolinachanticleers,c5ba5350355a252be1041a1552a93f11,Bovada,totals,full_game,2025-11-30 20:30:00+00:00,2025-11-30 19:30:58+00:00,Coastal Carolina Chanticleers,Alabama A&M Bulldogs,,,,,,,140.5,-115.0,-105.0,2025-11-30,0.0,False,138.06201171875,16.48715591430664,68.14102,76.330574,6.0146084,10.613678,138.06201171875,16.48715591430664,-2.43798828125,,-0.017352229759786477,,-0.08126627604166667,,,0.9133552109641021,0.0866447890358979,,,,,,
401827174,2025.0,2025-11-30,Coastal Carolina Chanticleers,Alabama A&M Bulldogs,0.0,0.0,,,,,False,The HTC Center,2025-11-30 20:30:00+00:00,,2025-11-30 15:30,EST,2025-11-30T20:30:00Z,2025-11-30,,,alabamaaandm::coastalcarolinachanticleers,c5ba5350355a252be1041a1552a93f11,Caesars,h2h,2h,2025-11-30 20:30:00+00:00,2025-11-30 19:27:07+00:00,Coastal Carolina Chanticleers,Alabama A&M Bulldogs,-320.0,250.0,,,,,,,,2025-11-30,0.0,False,138.06201171875,16.48715591430664,68.14102,76.330574,6.0146084,10.613678,76.330574,10.613678,,,,,,0.7619047619047619,0.2857142857142857,0.8199840918492163,0.18001590815078372,0.24393318576670833,-0.1479777285889028,0.07622912055209635,-0.369944321472257,0.3125,2.5
401827174,2025.0,2025-11-30,Coastal Carolina Chanticleers,Alabama A&M Bulldogs,0.0,0.0,,,,,False,The HTC Center,2025-11-30 20:30:00+00:00,,2025-11-30 15:30,EST,2025-11-30T20:30:00Z,2025-11-30,,,alabamaaandm::coastalcarolinachanticleers,c5ba5350355a252be1041a1552a93f11,Caesars,spreads,full_game,2025-11-30 20:30:00+00:00,2025-11-30 19:27:07+00:00,Coastal Carolina Chanticleers,Alabama A&M Bulldogs,,,-6.5,-110.0,6.5,-110.0,,,,2025-11-30,0.0,False,138.06201171875,16.48715591430664,68.14102,76.330574,6.0146084,10.613678,138.06201171875,16.48715591430664,,9.98715591430664,,1.5364855252779448,,,,0.9133552109641021,0.0866447890358979,,,,,,
401827174,2025.0,2025-11-30,Coastal Carolina Chanticleers,Alabama A&M Bulldogs,0.0,0.0,,,,,False,The HTC Center,2025-11-30 20:30:00+00:00,,2025-11-30 15:30,EST,2025-11-30T20:30:00Z,2025-11-30,,,alabamaaandm::coastalcarolinachanticleers,c5ba5350355a252be1041a1552a93f11,Caesars,totals,full_game,2025-11-30 20:30:00+00:00,2025-11-30 19:27:07+00:00,Coastal Carolina Chanticleers,Alabama A&M Bulldogs,,,,,,,139.5,-110.0,-110.0,2025-11-30,0.0,False,138.06201171875,16.48715591430664,68.14102,76.330574,6.0146084,10.613678,138.06201171875,16.48715591430664,-1.43798828125,,-0.010308159722222222,,-0.047932942708333336,,,0.9133552109641021,0.0866447890358979,,,,,,
401827174,2025.0,2025-11-30,Coastal Carolina Chanticleers,Alabama A&M Bulldogs,0.0,0.0,,,,,False,The HTC Center,2025-11-30 20:30:00+00:00,,2025-11-30 15:30,EST,2025-11-30T20:30:00Z,2025-11-30,,,alabamaaandm::coastalcarolinachanticleers,c5ba5350355a252be1041a1552a93f11,DraftKings,h2h,2h,2025-11-30 20:30:00+00:00,2025-11-30 19:31:24+00:00,Coastal Carolina Chanticleers,Alabama A&M Bulldogs,-310.0,250.0,,,,,,,,2025-11-30,0.0,False,138.06201171875,16.48715591430664,68.14102,76.330574,6.0146084,10.613678,76.330574,10.613678,,,,,,0.7560975609756098,0.2857142857142857,0.8199840918492163,0.18001590815078372,0.26193477658178677,-0.1479777285889028,0.08449508921993121,-0.369944321472257,0.3225806451612903,2.5
401827174,2025.0,2025-11-30,Coastal Carolina Chanticleers,Alabama A&M Bulldogs,0.0,0.0,,,,,False,The HTC Center,2025-11-30 20:30:00+00:00,,2025-11-30 15:30,EST,2025-11-30T20:30:00Z,2025-11-30,,,alabamaaandm::coastalcarolinachanticleers,c5ba5350355a252be1041a1552a93f11,DraftKings,spreads,full_game,2025-11-30 20:30:00+00:00,2025-11-30 19:31:24+00:00,Coastal Carolina Chanticleers,Alabama A&M Bulldogs,,,-6.5,-112.0,6.5,-108.0,,,,2025-11-30,0.0,False,138.06201171875,16.48715591430664,68.14102,76.330574,6.0146084,10.613678,138.06201171875,16.48715591430664,,9.98715591430664,,1.5364855252779448,,,,0.9133552109641021,0.0866447890358979,,,,,,
401827174,2025.0,2025-11-30,Coastal Carolina Chanticleers,Alabama A&M Bulldogs,0.0,0.0,,,,,False,The HTC Center,2025-11-30 20:30:00+00:00,,2025-11-30 15:30,EST,2025-11-30T20:30:00Z,2025-11-30,,,alabamaaandm::coastalcarolinachanticleers,c5ba5350355a252be1041a1552a93f11,DraftKings,totals,full_game,2025-11-30 20:30:00+00:00,2025-11-30 19:31:24+00:00,Coastal Carolina Chanticleers,Alabama A&M Bulldogs,,,,,,,139.5,-115.0,-105.0,2025-11-30,0.0,False,138.06201171875,16.48715591430664,68.14102,76.330574,6.0146084,10.613678,138.06201171875,16.48715591430664,-1.43798828125,,-0.010308159722222222,,-0.047932942708333336,,,0.9133552109641021,0.0866447890358979,,,,,,
401827174,2025.0,2025-11-30,Coastal Carolina Chanticleers,Alabama A&M Bulldogs,0.0,0.0,,,,,False,The HTC Center,2025-11-30 20:30:00+00:00,,2025-11-30 15:30,EST,2025-11-30T20:30:00Z,2025-11-30,,,alabamaaandm::coastalcarolinachanticleers,c5ba5350355a252be1041a1552a93f11,FanDuel,h2h,2h,2025-11-30 20:30:00+00:00,2025-11-30 19:31:10+00:00,Coastal Carolina Chanticleers,Alabama A&M Bulldogs,-320.0,250.0,,,,,,,,2025-11-30,0.0,False,138.06201171875,16.48715591430664,68.14102,76.330574,6.0146084,10.613678,76.330574,10.613678,,,,,,0.7619047619047619,0.2857142857142857,0.8199840918492163,0.18001590815078372,0.24393318576670833,-0.1479777285889028,0.07622912055209635,-0.369944321472257,0.3125,2.5
401827174,2025.0,2025-11-30,Coastal Carolina Chanticleers,Alabama A&M Bulldogs,0.0,0.0,,,,,False,The HTC Center,2025-11-30 20:30:00+00:00,,2025-11-30 15:30,EST,2025-11-30T20:30:00Z,2025-11-30,,,alabamaaandm::coastalcarolinachanticleers,c5ba5350355a252be1041a1552a93f11,FanDuel,spreads,full_game,2025-11-30 20:30:00+00:00,2025-11-30 19:31:10+00:00,Coastal Carolina Chanticleers,Alabama A&M Bulldogs,,,-6.5,-120.0,6.5,-102.0,,,,2025-11-30,0.0,False,138.06201171875,16.48715591430664,68.14102,76.330574,6.0146084,10.613678,138.06201171875,16.48715591430664,,9.98715591430664,,1.5364855252779448,,,,0.9133552109641021,0.0866447890358979,,,,,,
401827174,2025.0,2025-11-30,Coastal Carolina Chanticleers,Alabama A&M Bulldogs,0.0,0.0,,,,,False,The HTC Center,2025-11-30 20:30:00+00:00,,2025-11-30 15:30,EST,2025-11-30T20:30:00Z,2025-11-30,,,alabamaaandm::coastalcarolinachanticleers,c5ba5350355a252be1041a1552a93f11,FanDuel,totals,full_game,2025-11-30 20:30:00+00:00,2025-11-30 19:31:10+00:00,Coastal Carolina Chanticleers,Alabama A&M Bulldogs,,,,,,,139.5,-115.0,-105.0,2025-11-30,0.0,False,138.06201171875,16.48715591430664,68.14102,76.330574,6.0146084,10.613678,138.06201171875,16.48715591430664,-1.43798828125,,-0.010308159722222222,,-0.047932942708333336,,,0.9133552109641021,0.0866447890358979,,,,,,
401827174,2025.0,2025-11-30,Coastal Carolina Chanticleers,Alabama A&M Bulldogs,0.0,0.0,,,,,False,The HTC Center,2025-11-30 20:30:00+00:00,,2025-11-30 15:30,EST,2025-11-30T20:30:00Z,2025-11-30,,,alabamaaandm::coastalcarolinachanticleers,c5ba5350355a252be1041a1552a93f11,Fanatics,h2h,2h,2025-11-30 20:30:00+00:00,2025-11-30 19:31:09+00:00,Coastal Carolina Chanticleers,Alabama A&M Bulldogs,-325.0,250.0,,,,,,,,2025-11-30,0.0,False,138.06201171875,16.48715591430664,68.14102,76.330574,6.0146084,10.613678,76.330574,10.613678,,,,,,0.7647058823529411,0.2857142857142857,0.8199840918492163,0.18001590815078372,0.23493239035916927,-0.1479777285889028,0.07228688934128286,-0.369944321472257,0.3076923076923077,2.5
401827174,2025.0,2025-11-30,Coastal Carolina Chanticleers,Alabama A&M Bulldogs,0.0,0.0,,,,,False,The HTC Center,2025-11-30 20:30:00+00:00,,2025-11-30 15:30,EST,2025-11-30T20:30:00Z,2025-11-30,,,alabamaaandm::coastalcarolinachanticleers,c5ba5350355a252be1041a1552a93f11,Fanatics,spreads,full_game,2025-11-30 20:30:00+00:00,2025-11-30 19:31:09+00:00,Coastal Carolina Chanticleers,Alabama A&M Bulldogs,,,-7.5,-110.0,7.5,-110.0,,,,2025-11-30,0.0,False,138.06201171875,16.48715591430664,68.14102,76.330574,6.0146084,10.613678,138.06201171875,16.48715591430664,,8.98715591430664,,1.1982874552408853,,,,0.9133552109641021,0.0866447890358979,,,,,,
401827174,2025.0,2025-11-30,Coastal Carolina Chanticleers,Alabama A&M Bulldogs,0.0,0.0,,,,,False,The HTC Center,2025-11-30 20:30:00+00:00,,2025-11-30 15:30,EST,2025-11-30T20:30:00Z,2025-11-30,,,alabamaaandm::coastalcarolinachanticleers,c5ba5350355a252be1041a1552a93f11,Fanatics,totals,full_game,2025-11-30 20:30:00+00:00,2025-11-30 19:31:09+00:00,Coastal Carolina Chanticleers,Alabama A&M Bulldogs,,,,,,,140.0,-110.0,-110.0,2025-11-30,0.0,False,138.06201171875,16.48715591430664,68.14102,76.330574,6.0146084,10.613678,138.06201171875,16.48715591430664,-1.93798828125,,-0.0138427734375,,-0.064599609375,,,0.9133552109641021,0.0866447890358979,,,,,,
401827174,2025.0,2025-11-30,Coastal Carolina Chanticleers,Alabama A&M Bulldogs,0.0,0.0,,,,,False,The HTC Center,2025-11-30 20:30:00+00:00,,2025-11-30 15:30,EST,2025-11-30T20:30:00Z,2025-11-30,,,alabamaaandm::coastalcarolinachanticleers,c5ba5350355a252be1041a1552a93f11,LowVig.ag,spreads,full_game,2025-11-30 20:30:00+00:00,2025-11-30 19:31:10+00:00,Coastal Carolina Chanticleers,Alabama A&M Bulldogs,,,-7.0,-111.0,7.0,-101.0,,,,2025-11-30,0.0,False,138.06201171875,16.48715591430664,68.14102,76.330574,6.0146084,10.613678,138.06201171875,16.48715591430664,,9.48715591430664,,1.3553079877580916,,,,0.9133552109641021,0.0866447890358979,,,,,,
401827174,2025.0,2025-11-30,Coastal Carolina Chanticleers,Alabama A&M Bulldogs,0.0,0.0,,,,,False,The HTC Center,2025-11-30 20:30:00+00:00,,2025-11-30 15:30,EST,2025-11-30T20:30:00Z,2025-11-30,,,alabamaaandm::coastalcarolinachanticleers,c5ba5350355a252be1041a1552a93f11,LowVig.ag,totals,full_game,2025-11-30 20:30:00+00:00,2025-11-30 19:31:10+00:00,Coastal Carolina Chanticleers,Alabama A&M Bulldogs,,,,,,,140.0,-103.0,-113.0,2025-11-30,0.0,False,138.06201171875,16.48715591430664,68.14102,76.330574,6.0146084,10.613678,138.06201171875,16.48715591430664,-1.93798828125,,-0.0138427734375,,-0.064599609375,,,0.9133552109641021,0.0866447890358979,,,,,,
401827508,2025.0,2025-11-30,William & Mary Tribe,Old Dominion Monarchs,6.0,7.0,6.0,7.0,,,False,Kaplan Arena,2025-11-30 19:00:00+00:00,,2025-11-30 14:00,EST,2025-11-30T19:00:00Z,2025-11-30,,,olddominion::williamandmarytribe,efb078749eb3570784df0602964a8f5a,BetMGM,h2h,2h,2025-11-30 19:00:00+00:00,2025-11-30 00:03:29+00:00,William & Mary Tribe,Old Dominion Monarchs,-250.0,200.0,,,,,,,,2025-11-30,0.0,False,142.1223907470703,6.19376277923584,69.825615,76.843124,2.201465,4.2871594,76.843124,4.2871594,,,,,,0.7142857142857143,0.3333333333333333,0.6484997835296996,0.3515002164703004,-0.23025075764605135,0.02725032470545058,-0.09210030305842054,0.05450064941090116,0.4,2.0
401827508,2025.0,2025-11-30,William & Mary Tribe,Old Dominion Monarchs,6.0,7.0,6.0,7.0,,,False,Kaplan Arena,2025-11-30 19:00:00+00:00,,2025-11-30 14:00,EST,2025-11-30T19:00:00Z,2025-11-30,,,olddominion::williamandmarytribe,efb078749eb3570784df0602964a8f5a,BetMGM,spreads,full_game,2025-11-30 19:00:00+00:00,2025-11-30 00:03:29+00:00,William & Mary Tribe,Old Dominion Monarchs,,,-6.5,-105.0,6.5,-115.0,,,,2025-11-30,0.0,False,142.1223907470703,6.19376277923584,69.825615,76.843124,2.201465,4.2871594,142.1223907470703,6.19376277923584,,-0.30623722076416016,,-0.04711341857910156,,,,0.7078207198664936,0.29217928013350636,,,,,,
401827508,2025.0,2025-11-30,William & Mary Tribe,Old Dominion Monarchs,6.0,7.0,6.0,7.0,,,False,Kaplan Arena,2025-11-30 19:00:00+00:00,,2025-11-30 14:00,EST,2025-11-30T19:00:00Z,2025-11-30,,,olddominion::williamandmarytribe,efb078749eb3570784df0602964a8f5a,BetMGM,totals,full_game,2025-11-30 19:00:00+00:00,2025-11-30 00:03:29+00:00,William & Mary Tribe,Old Dominion Monarchs,,,,,,,161.5,-110.0,-110.0,2025-11-30,0.0,False,142.1223907470703,6.19376277923584,69.825615,76.843124,2.201465,4.2871594,142.1223907470703,6.19376277923584,-19.377609252929688,,-0.11998519661256772,,-0.6459203084309896,,,0.7078207198664936,0.29217928013350636,,,,,,
401827508,2025.0,2025-11-30,William & Mary Tribe,Old Dominion Monarchs,6.0,7.0,6.0,7.0,,,False,Kaplan Arena,2025-11-30 19:00:00+00:00,,2025-11-30 14:00,EST,2025-11-30T19:00:00Z,2025-11-30,,,olddominion::williamandmarytribe,efb078749eb3570784df0602964a8f5a,BetOnline.ag,spreads,full_game,2025-11-30 19:00:00+00:00,2025-11-30 00:03:58+00:00,William & Mary Tribe,Old Dominion Monarchs,,,-6.0,-110.0,6.0,-110.0,,,,2025-11-30,0.0,False,142.1223907470703,6.19376277923584,69.825615,76.843124,2.201465,4.2871594,142.1223907470703,6.19376277923584,,0.19376277923583984,,0.03229379653930664,,,,0.7078207198664936,0.29217928013350636,,,,,,
401827508,2025.0,2025-11-30,William & Mary Tribe,Old Dominion Monarchs,6.0,7.0,6.0,7.0,,,False,Kaplan Arena,2025-11-30 19:00:00+00:00,,2025-11-30 14:00,EST,2025-11-30T19:00:00Z,2025-11-30,,,olddominion::williamandmarytribe,efb078749eb3570784df0602964a8f5a,BetOnline.ag,totals,full_game,2025-11-30 19:00:00+00:00,2025-11-30 00:03:58+00:00,William & Mary Tribe,Old Dominion Monarchs,,,,,,,161.0,-118.0,-102.0,2025-11-30,0.0,False,142.1223907470703,6.19376277923584,69.825615,76.843124,2.201465,4.2871594,142.1223907470703,6.19376277923584,-18.877609252929688,,-0.11725223138465644,,-0.629253641764323,,,0.7078207198664936,0.29217928013350636,,,,,,
401827508,2025.0,2025-11-30,William & Mary Tribe,Old Dominion Monarchs,6.0,7.0,6.0,7.0,,,False,Kaplan Arena,2025-11-30 19:00:00+00:00,,2025-11-30 14:00,EST,2025-11-30T19:00:00Z,2025-11-30,,,olddominion::williamandmarytribe,efb078749eb3570784df0602964a8f5a,Caesars,spreads,full_game,2025-11-30 19:00:00+00:00,2025-11-30 00:02:55+00:00,William & Mary Tribe,Old Dominion Monarchs,,,-6.0,-110.0,6.0,-110.0,,,,2025-11-30,0.0,False,142.1223907470703,6.19376277923584,69.825615,76.843124,2.201465,4.2871594,142.1223907470703,6.19376277923584,,0.19376277923583984,,0.03229379653930664,,,,0.7078207198664936,0.29217928013350636,,,,,,
401827508,2025.0,2025-11-30,William & Mary Tribe,Old Dominion Monarchs,6.0,7.0,6.0,7.0,,,False,Kaplan Arena,2025-11-30 19:00:00+00:00,,2025-11-30 14:00,EST,2025-11-30T19:00:00Z,2025-11-30,,,olddominion::williamandmarytribe,efb078749eb3570784df0602964a8f5a,Caesars,totals,full_game,2025-11-30 19:00:00+00:00,2025-11-30 00:02:55+00:00,William & Mary Tribe,Old Dominion Monarchs,,,,,,,161.5,-110.0,-110.0,2025-11-30,0.0,False,142.1223907470703,6.19376277923584,69.825615,76.843124,2.201465,4.2871594,142.1223907470703,6.19376277923584,-19.377609252929688,,-0.11998519661256772,,-0.6459203084309896,,,0.7078207198664936,0.29217928013350636,,,,,,
401827508,2025.0,2025-11-30,William & Mary Tribe,Old Dominion Monarchs,6.0,7.0,6.0,7.0,,,False,Kaplan Arena,2025-11-30 19:00:00+00:00,,2025-11-30 14:00,EST,2025-11-30T19:00:00Z,2025-11-30,,,olddominion::williamandmarytribe,efb078749eb3570784df0602964a8f5a,DraftKings,spreads,full_game,2025-11-30 19:00:00+00:00,2025-11-30 00:03:40+00:00,William & Mary Tribe,Old Dominion Monarchs,,,-6.5,-105.0,6.5,-115.0,,,,2025-11-30,0.0,False,142.1223907470703,6.19376277923584,69.825615,76.843124,2.201465,4.2871594,142.1223907470703,6.19376277923584,,-0.30623722076416016,,-0.04711341857910156,,,,0.7078207198664936,0.29217928013350636,,,,,,
401827508,2025.0,2025-11-30,William & Mary Tribe,Old Dominion Monarchs,6.0,7.0,6.0,7.0,,,False,Kaplan Arena,2025-11-30 19:00:00+00:00,,2025-11-30 14:00,EST,2025-11-30T19:00:00Z,2025-11-30,,,olddominion::williamandmarytribe,efb078749eb3570784df0602964a8f5a,DraftKings,totals,full_game,2025-11-30 19:00:00+00:00,2025-11-30 00:03:40+00:00,William & Mary Tribe,Old Dominion Monarchs,,,,,,,161.5,-115.0,-105.0,2025-11-30,0.0,False,142.1223907470703,6.19376277923584,69.825615,76.843124,2.201465,4.2871594,142.1223907470703,6.19376277923584,-19.377609252929688,,-0.11998519661256772,,-0.6459203084309896,,,0.7078207198664936,0.29217928013350636,,,,,,
401827508,2025.0,2025-11-30,William & Mary Tribe,Old Dominion Monarchs,6.0,7.0,6.0,7.0,,,False,Kaplan Arena,2025-11-30 19:00:00+00:00,,2025-11-30 14:00,EST,2025-11-30T19:00:00Z,2025-11-30,,,olddominion::williamandmarytribe,efb078749eb3570784df0602964a8f5a,Fanatics,h2h,2h,2025-11-30 19:00:00+00:00,2025-11-30 00:04:08+00:00,William & Mary Tribe,Old Dominion Monarchs,-250.0,200.0,,,,,,,,2025-11-30,0.0,False,142.1223907470703,6.19376277923584,69.825615,76.843124,2.201465,4.2871594,76.843124,4.2871594,,,,,,0.7142857142857143,0.3333333333333333,0.6484997835296996,0.3515002164703004,-0.23025075764605135,0.02725032470545058,-0.09210030305842054,0.05450064941090116,0.4,2.0
401827508,2025.0,2025-11-30,William & Mary Tribe,Old Dominion Monarchs,6.0,7.0,6.0,7.0,,,False,Kaplan Arena,2025-11-30 19:00:00+00:00,,2025-11-30 14:00,EST,2025-11-30T19:00:00Z,2025-11-30,,,olddominion::williamandmarytribe,efb078749eb3570784df0602964a8f5a,Fanatics,spreads,full_game,2025-11-30 19:00:00+00:00,2025-11-30 00:04:08+00:00,William & Mary Tribe,Old Dominion Monarchs,,,-6.0,-110.0,6.0,-110.0,,,,2025-11-30,0.0,False,142.1223907470703,6.19376277923584,69.825615,76.843124,2.201465,4.2871594,142.1223907470703,6.19376277923584,,0.19376277923583984,,0.03229379653930664,,,,0.7078207198664936,0.29217928013350636,,,,,,
401827508,2025.0,2025-11-30,William & Mary Tribe,Old Dominion Monarchs,6.0,7.0,6.0,7.0,,,False,Kaplan Arena,2025-11-30 19:00:00+00:00,,2025-11-30 14:00,EST,2025-11-30T19:00:00Z,2025-11-30,,,olddominion::williamandmarytribe,efb078749eb3570784df0602964a8f5a,Fanatics,totals,full_game,2025-11-30 19:00:00+00:00,2025-11-30 00:04:08+00:00,William & Mary Tribe,Old Dominion Monarchs,,,,,,,162.0,-110.0,-110.0,2025-11-30,0.0,False,142.1223907470703,6.19376277923584,69.825615,76.843124,2.201465,4.2871594,142.1223907470703,6.19376277923584,-19.877609252929688,,-0.12270129168475116,,-0.6625869750976563,,,0.7078207198664936,0.29217928013350636,,,,,,
401827508,2025.0,2025-11-30,William & Mary Tribe,Old Dominion Monarchs,6.0,7.0,6.0,7.0,,,False,Kaplan Arena,2025-11-30 19:00:00+00:00,,2025-11-30 14:00,EST,2025-11-30T19:00:00Z,2025-11-30,,,olddominion::williamandmarytribe,efb078749eb3570784df0602964a8f5a,LowVig.ag,spreads,full_game,2025-11-30 19:00:00+00:00,2025-11-30 00:03:13+00:00,William & Mary Tribe,Old Dominion Monarchs,,,-6.0,-106.0,6.0,-106.0,,,,2025-11-30,0.0,False,142.1223907470703,6.19376277923584,69.825615,76.843124,2.201465,4.2871594,142.1223907470703,6.19376277923584,,0.19376277923583984,,0.03229379653930664,,,,0.7078207198664936,0.29217928013350636,,,,,,
401827508,2025.0,2025-11-30,William & Mary Tribe,Old Dominion Monarchs,6.0,7.0,6.0,7.0,,,False,Kaplan Arena,2025-11-30 19:00:00+00:00,,2025-11-30 14:00,EST,2025-11-30T19:00:00Z,2025-11-30,,,olddominion::williamandmarytribe,efb078749eb3570784df0602964a8f5a,LowVig.ag,totals,full_game,2025-11-30 19:00:00+00:00,2025-11-30 00:03:13+00:00,William & Mary Tribe,Old Dominion Monarchs,,,,,,,161.0,-117.0,100.0,2025-11-30,0.0,False,142.1223907470703,6.19376277923584,69.825615,76.843124,2.201465,4.2871594,142.1223907470703,6.19376277923584,-18.877609252929688,,-0.11725223138465644,,-0.629253641764323,,,0.7078207198664936,0.29217928013350636,,,,,,
401829326,2025.0,2025-11-30,San José State Spartans,UC Irvine Anteaters,0.0,0.0,,,,,False,Provident Credit Union Event Center,2025-11-30 22:00:00+00:00,,2025-11-30 17:00,EST,2025-11-30T22:00:00Z,2025-11-30,,,sanjosestate::ucirvineanteaters,750a96d5cc3955d0b7142da710d86018,BetMGM,h2h,2h,2025-11-30 22:00:00+00:00,2025-11-30 19:31:23+00:00,San José St Spartans,UC Irvine Anteaters,125.0,-155.0,,,,,,,,2025-11-30,0.0,False,140.58515482584633,-11.042236900329588,68.96247,75.789764,-7.052205,-6.286647,75.789764,-6.286647,,,,,,0.4444444444444444,0.6078431372549019,0.28944266157828985,0.7105573384217101,-0.2790032091590782,0.26192121297536075,-0.34875401144884777,0.1689814277260392,1.25,0.6451612903225806
401829326,2025.0,2025-11-30,San José State Spartans,UC Irvine Anteaters,0.0,0.0,,,,,False,Provident Credit Union Event Center,2025-11-30 22:00:00+00:00,,2025-11-30 17:00,EST,2025-11-30T22:00:00Z,2025-11-30,,,sanjosestate::ucirvineanteaters,750a96d5cc3955d0b7142da710d86018,BetMGM,spreads,full_game,2025-11-30 22:00:00+00:00,2025-11-30 19:31:23+00:00,San José St Spartans,UC Irvine Anteaters,,,2.5,-105.0,-2.5,-115.0,,,,2025-11-30,0.0,False,140.58515482584633,-11.042236900329588,68.96247,75.789764,-7.052205,-6.286647,140.58515482584633,-11.042236900329588,,-8.542236900329588,,-3.416894760131835,,,,0.171155166314479,0.828844833685521,,,,,,
401829326,2025.0,2025-11-30,San José State Spartans,UC Irvine Anteaters,0.0,0.0,,,,,False,Provident Credit Union Event Center,2025-11-30 22:00:00+00:00,,2025-11-30 17:00,EST,2025-11-30T22:00:00Z,2025-11-30,,,sanjosestate::ucirvineanteaters,750a96d5cc3955d0b7142da710d86018,BetMGM,totals,full_game,2025-11-30 22:00:00+00:00,2025-11-30 19:31:23+00:00,San José St Spartans,UC Irvine Anteaters,,,,,,,137.5,-110.0,-110.0,2025-11-30,0.0,False,140.58515482584633,-11.042236900329588,68.96247,75.789764,-7.052205,-6.286647,140.58515482584633,-11.042236900329588,3.085154825846331,,0.022437489642518772,,0.1028384941948777,,,0.171155166314479,0.828844833685521,,,,,,
401829326,2025.0,2025-11-30,San José State Spartans,UC Irvine Anteaters,0.0,0.0,,,,,False,Provident Credit Union Event Center,2025-11-30 22:00:00+00:00,,2025-11-30 17:00,EST,2025-11-30T22:00:00Z,2025-11-30,,,sanjosestate::ucirvineanteaters,750a96d5cc3955d0b7142da710d86018,BetOnline.ag,h2h,2h,2025-11-30 22:00:00+00:00,2025-11-30 19:31:39+00:00,San José St Spartans,UC Irvine Anteaters,130.0,-150.0,,,,,,,,2025-11-30,0.0,False,140.58515482584633,-11.042236900329588,68.96247,75.789764,-7.052205,-6.286647,75.789764,-6.286647,,,,,,0.43478260869565216,0.6,0.28944266157828985,0.7105573384217101,-0.2571399064384102,0.27639334605427524,-0.3342818783699333,0.18426223070285014,1.3,0.6666666666666666
401829326,2025.0,2025-11-30,San José State Spartans,UC Irvine Anteaters,0.0,0.0,,,,,False,Provident Credit Union Event Center,2025-11-30 22:00:00+00:00,,2025-11-30 17:00,EST,2025-11-30T22:00:00Z,2025-11-30,,,sanjosestate::ucirvineanteaters,750a96d5cc3955d0b7142da710d86018,BetOnline.ag,spreads,full_game,2025-11-30 22:00:00+00:00,2025-11-30 19:31:39+00:00,San José St Spartans,UC Irvine Anteaters,,,2.5,-105.0,-2.5,-115.0,,,,2025-11-30,0.0,False,140.58515482584633,-11.042236900329588,68.96247,75.789764,-7.052205,-6.286647,140.58515482584633,-11.042236900329588,,-8.542236900329588,,-3.416894760131835,,,,0.171155166314479,0.828844833685521,,,,,,
401829326,2025.0,2025-11-30,San José State Spartans,UC Irvine Anteaters,0.0,0.0,,,,,False,Provident Credit Union Event Center,2025-11-30 22:00:00+00:00,,2025-11-30 17:00,EST,2025-11-30T22:00:00Z,2025-11-30,,,sanjosestate::ucirvineanteaters,750a96d5cc3955d0b7142da710d86018,BetOnline.ag,totals,full_game,2025-11-30 22:00:00+00:00,2025-11-30 19:31:39+00:00,San José St Spartans,UC Irvine Anteaters,,,,,,,137.5,-115.0,-105.0,2025-11-30,0.0,False,140.58515482584633,-11.042236900329588,68.96247,75.789764,-7.052205,-6.286647,140.58515482584633,-11.042236900329588,3.085154825846331,,0.022437489642518772,,0.1028384941948777,,,0.171155166314479,0.828844833685521,,,,,,
401829326,2025.0,2025-11-30,San José State Spartans,UC Irvine Anteaters,0.0,0.0,,,,,False,Provident Credit Union Event Center,2025-11-30 22:00:00+00:00,,2025-11-30 17:00,EST,2025-11-30T22:00:00Z,2025-11-30,,,sanjosestate::ucirvineanteaters,750a96d5cc3955d0b7142da710d86018,BetRivers,h2h,2h,2025-11-30 22:00:00+00:00,2025-11-30 19:31:25+00:00,San José St Spartans,UC Irvine Anteaters,123.0,-162.0,,,,,,,,2025-11-30,0.0,False,140.58515482584633,-11.042236900329588,68.96247,75.789764,-7.052205,-6.286647,75.789764,-6.286647,,,,,,0.4484304932735426,0.6183206106870229,0.28944266157828985,0.7105573384217101,-0.28824623144749073,0.24166022666488043,-0.35454286468041357,0.1491729794227657,1.23,0.6172839506172839
401829326,2025.0,2025-11-30,San José State Spartans,UC Irvine Anteaters,0.0,0.0,,,,,False,Provident Credit Union Event Center,2025-11-30 22:00:00+00:00,,2025-11-30 17:00,EST,2025-11-30T22:00:00Z,2025-11-30,,,sanjosestate::ucirvineanteaters,750a96d5cc3955d0b7142da710d86018,BetRivers,spreads,full_game,2025-11-30 22:00:00+00:00,2025-11-30 19:31:25+00:00,San José St Spartans,UC Irvine Anteaters,,,3.0,-114.0,-3.0,-109.0,,,,2025-11-30,0.0,False,140.58515482584633,-11.042236900329588,68.96247,75.789764,-7.052205,-6.286647,140.58515482584633,-11.042236900329588,,-8.042236900329588,,-2.680745633443196,,,,0.171155166314479,0.828844833685521,,,,,,
401829326,2025.0,2025-11-30,San José State Spartans,UC Irvine Anteaters,0.0,0.0,,,,,False,Provident Credit Union Event Center,2025-11-30 22:00:00+00:00,,2025-11-30 17:00,EST,2025-11-30T22:00:00Z,2025-11-30,,,sanjosestate::ucirvineanteaters,750a96d5cc3955d0b7142da710d86018,BetRivers,totals,full_game,2025-11-30 22:00:00+00:00,2025-11-30 19:31:25+00:00,San José St Spartans,UC Irvine Anteaters,,,,,,,137.5,-110.0,-113.0,2025-11-30,0.0,False,140.58515482584633,-11.042236900329588,68.96247,75.789764,-7.052205,-6.286647,140.58515482584633,-11.042236900329588,3.085154825846331,,0.022437489642518772,,0.1028384941948777,,,0.171155166314479,0.828844833685521,,,,,,
401829326,2025.0,2025-11-30,San José State Spartans,UC Irvine Anteaters,0.0,0.0,,,,,False,Provident Credit Union Event Center,2025-11-30 22:00:00+00:00,,2025-11-30 17:00,EST,2025-11-30T22:00:00Z,2025-11-30,,,sanjosestate::ucirvineanteaters,750a96d5cc3955d0b7142da710d86018,BetUS,h2h,2h,2025-11-30 22:00:00+00:00,2025-11-30 19:30:11+00:00,San José St Spartans,UC Irvine Anteaters,129.0,-150.0,,,,,,,,2025-11-30,0.0,False,140.58515482584633,-11.042236900329588,68.96247,75.789764,-7.052205,-6.286647,75.789764,-6.286647,,,,,,0.4366812227074236,0.6,0.28944266157828985,0.7105573384217101,-0.26137698060908227,0.27639334605427524,-0.33717630498571616,0.18426223070285014,1.29,0.6666666666666666
401829326,2025.0,2025-11-30,San José State Spartans,UC Irvine Anteaters,0.0,0.0,,,,,False,Provident Credit Union Event Center,2025-11-30 22:00:00+00:00,,2025-11-30 17:00,EST,2025-11-30T22:00:00Z,2025-11-30,,,sanjosestate::ucirvineanteaters,750a96d5cc3955d0b7142da710d86018,BetUS,spreads,full_game,2025-11-30 22:00:00+00:00,2025-11-30 19:30:11+00:00,San José St Spartans,UC Irvine Anteaters,,,2.5,-110.0,-2.5,-110.0,,,,2025-11-30,0.0,False,140.58515482584633,-11.042236900329588,68.96247,75.789764,-7.052205,-6.286647,140.58515482584633,-11.042236900329588,,-8.542236900329588,,-3.416894760131835,,,,0.171155166314479,0.828844833685521,,,,,,
401829326,2025.0,2025-11-30,San José State Spartans,UC Irvine Anteaters,0.0,0.0,,,,,False,Provident Credit Union Event Center,2025-11-30 22:00:00+00:00,,2025-11-30 17:00,EST,2025-11-30T22:00:00Z,2025-11-30,,,sanjosestate::ucirvineanteaters,750a96d5cc3955d0b7142da710d86018,BetUS,totals,full_game,2025-11-30 22:00:00+00:00,2025-11-30 19:30:11+00:00,San José St Spartans,UC Irvine Anteaters,,,,,,,138.0,-110.0,-110.0,2025-11-30,0.0,False,140.58515482584633,-11.042236900329588,68.96247,75.789764,-7.052205,-6.286647,140.58515482584633,-11.042236900329588,2.585154825846331,,0.018733005984393702,,0.08617182752821104,,,0.171155166314479,0.828844833685521,,,,,,
401829326,2025.0,2025-11-30,San José State Spartans,UC Irvine Anteaters,0.0,0.0,,,,,False,Provident Credit Union Event Center,2025-11-30 22:00:00+00:00,,2025-11-30 17:00,EST,2025-11-30T22:00:00Z,2025-11-30,,,sanjosestate::ucirvineanteaters,750a96d5cc3955d0b7142da710d86018,Bovada,h2h,2h,2025-11-30 22:00:00+00:00,2025-11-30 19:30:58+00:00,San José St Spartans,UC Irvine Anteaters,130.0,-150.0,,,,,,,,2025-11-30,0.0,False,140.58515482584633,-11.042236900329588,68.96247,75.789764,-7.052205,-6.286647,75.789764,-6.286647,,,,,,0.43478260869565216,0.6,0.28944266157828985,0.7105573384217101,-0.2571399064384102,0.27639334605427524,-0.3342818783699333,0.18426223070285014,1.3,0.6666666666666666
401829326,2025.0,2025-11-30,San José State Spartans,UC Irvine Anteaters,0.0,0.0,,,,,False,Provident Credit Union Event Center,2025-11-30 22:00:00+00:00,,2025-11-30 17:00,EST,2025-11-30T22:00:00Z,2025-11-30,,,sanjosestate::ucirvineanteaters,750a96d5cc3955d0b7142da710d86018,Bovada,spreads,full_game,2025-11-30 22:00:00+00:00,2025-11-30 19:30:58+00:00,San José St Spartans,UC Irvine Anteaters,,,3.0,-110.0,-3.0,-110.0,,,,2025-11-30,0.0,False,140.58515482584633,-11.042236900329588,68.96247,75.789764,-7.052205,-6.286647,140.58515482584633,-11.042236900329588,,-8.042236900329588,,-2.680745633443196,,,,0.171155166314479,0.828844833685521,,,,,,
401829326,2025.0,2025-11-30,San José State Spartans,UC Irvine Anteaters,0.0,0.0,,,,,False,Provident Credit Union Event Center,2025-11-30 22:00:00+00:00,,2025-11-30 17:00,EST,2025-11-30T22:00:00Z,2025-11-30,,,sanjosestate::ucirvineanteaters,750a96d5cc3955d0b7142da710d86018,Bovada,totals,full_game,2025-11-30 22:00:00+00:00,2025-11-30 19:30:58+00:00,San José St Spartans,UC Irvine Anteaters,,,,,,,138.0,-110.0,-110.0,2025-11-30,0.0,False,140.58515482584633,-11.042236900329588,68.96247,75.789764,-7.052205,-6.286647,140.58515482584633,-11.042236900329588,2.585154825846331,,0.018733005984393702,,0.08617182752821104,,,0.171155166314479,0.828844833685521,,,,,,
401829326,2025.0,2025-11-30,San José State Spartans,UC Irvine Anteaters,0.0,0.0,,,,,False,Provident Credit Union Event Center,2025-11-30 22:00:00+00:00,,2025-11-30 17:00,EST,2025-11-30T22:00:00Z,2025-11-30,,,sanjosestate::ucirvineanteaters,750a96d5cc3955d0b7142da710d86018,Caesars,h2h,2h,2025-11-30 22:00:00+00:00,2025-11-30 19:27:07+00:00,San José St Spartans,UC Irvine Anteaters,130.0,-155.0,,,,,,,,2025-11-30,0.0,False,140.58515482584633,-11.042236900329588,68.96247,75.789764,-7.052205,-6.286647,75.789764,-6.286647,,,,,,0.43478260869565216,0.6078431372549019,0.28944266157828985,0.7105573384217101,-0.2571399064384102,0.26192121297536075,-0.3342818783699333,0.1689814277260392,1.3,0.6451612903225806
401829326,2025.0,2025-11-30,San José State Spartans,UC Irvine Anteaters,0.0,0.0,,,,,False,Provident Credit Union Event Center,2025-11-30 22:00:00+00:00,,2025-11-30 17:00,EST,2025-11-30T22:00:00Z,2025-11-30,,,sanjosestate::ucirvineanteaters,750a96d5cc3955d0b7142da710d86018,Caesars,spreads,full_game,2025-11-30 22:00:00+00:00,2025-11-30 19:27:07+00:00,San José St Spartans,UC Irvine Anteaters,,,2.5,-110.0,-2.5,-110.0,,,,2025-11-30,0.0,False,140.58515482584633,-11.042236900329588,68.96247,75.789764,-7.052205,-6.286647,140.58515482584633,-11.042236900329588,,-8.542236900329588,,-3.416894760131835,,,,0.171155166314479,0.828844833685521,,,,,,
401829326,2025.0,2025-11-30,San José State Spartans,UC Irvine Anteaters,0.0,0.0,,,,,False,Provident Credit Union Event Center,2025-11-30 22:00:00+00:00,,2025-11-30 17:00,EST,2025-11-30T22:00:00Z,2025-11-30,,,sanjosestate::ucirvineanteaters,750a96d5cc3955d0b7142da710d86018,Caesars,totals,full_game,2025-11-30 22:00:00+00:00,2025-11-30 19:27:07+00:00,San José St Spartans,UC Irvine Anteaters,,,,,,,137.5,-110.0,-110.0,2025-11-30,0.0,False,140.58515482584633,-11.042236900329588,68.96247,75.789764,-7.052205,-6.286647,140.58515482584633,-11.042236900329588,3.085154825846331,,0.022437489642518772,,0.1028384941948777,,,0.171155166314479,0.828844833685521,,,,,,
401829326,2025.0,2025-11-30,San José State Spartans,UC Irvine Anteaters,0.0,0.0,,,,,False,Provident Credit Union Event Center,2025-11-30 22:00:00+00:00,,2025-11-30 17:00,EST,2025-11-30T22:00:00Z,2025-11-30,,,sanjosestate::ucirvineanteaters,750a96d5cc3955d0b7142da710d86018,DraftKings,h2h,2h,2025-11-30 22:00:00+00:00,2025-11-30 19:31:24+00:00,San José St Spartans,UC Irvine Anteaters,124.0,-148.0,,,,,,,,2025-11-30,0.0,False,140.58515482584633,-11.042236900329588,68.96247,75.789764,-7.052205,-6.286647,75.789764,-6.286647,,,,,,0.44642857142857145,0.5967741935483871,0.28944266157828985,0.7105573384217101,-0.28358745005212155,0.28218219928584104,-0.3516484380646307,0.1906636481661088,1.24,0.6756756756756757
401829326,2025.0,2025-11-30,San José State Spartans,UC Irvine Anteaters,0.0,0.0,,,,,False,Provident Credit Union Event Center,2025-11-30 22:00:00+00:00,,2025-11-30 17:00,EST,2025-11-30T22:00:00Z,2025-11-30,,,sanjosestate::ucirvineanteaters,750a96d5cc3955d0b7142da710d86018,DraftKings,spreads,full_game,2025-11-30 22:00:00+00:00,2025-11-30 19:31:24+00:00,San José St Spartans,UC Irvine Anteaters,,,2.5,-102.0,-2.5,-118.0,,,,2025-11-30,0.0,False,140.58515482584633,-11.042236900329588,68.96247,75.789764,-7.052205,-6.286647,140.58515482584633,-11.042236900329588,,-8.542236900329588,,-3.416894760131835,,,,0.171155166314479,0.828844833685521,,,,,,
401829326,2025.0,2025-11-30,San José State Spartans,UC Irvine Anteaters,0.0,0.0,,,,,False,Provident Credit Union Event Center,2025-11-30 22:00:00+00:00,,2025-11-30 17:00,EST,2025-11-30T22:00:00Z,2025-11-30,,,sanjosestate::ucirvineanteaters,750a96d5cc3955d0b7142da710d86018,DraftKings,totals,full_game,2025-11-30 22:00:00+00:00,2025-11-30 19:31:24+00:00,San José St Spartans,UC Irvine Anteaters,,,,,,,137.5,-110.0,-110.0,2025-11-30,0.0,False,140.58515482584633,-11.042236900329588,68.96247,75.789764,-7.052205,-6.286647,140.58515482584633,-11.042236900329588,3.085154825846331,,0.022437489642518772,,0.1028384941948777,,,0.171155166314479,0.828844833685521,,,,,,
401829326,2025.0,2025-11-30,San José State Spartans,UC Irvine Anteaters,0.0,0.0,,,,,False,Provident Credit Union Event Center,2025-11-30 22:00:00+00:00,,2025-11-30 17:00,EST,2025-11-30T22:00:00Z,2025-11-30,,,sanjosestate::ucirvineanteaters,750a96d5cc3955d0b7142da710d86018,FanDuel,h2h,2h,2025-11-30 22:00:00+00:00,2025-11-30 19:31:10+00:00,San José St Spartans,UC Irvine Anteaters,126.0,-152.0,,,,,,,,2025-11-30,0.0,False,140.58515482584633,-11.042236900329588,68.96247,75.789764,-7.052205,-6.286647,75.789764,-6.286647,,,,,,0.4424778761061947,0.6031746031746031,0.28944266157828985,0.7105573384217101,-0.27449173399449595,0.2706044928227095,-0.3458595848330649,0.17802927159388782,1.26,0.6578947368421053
401829326,2025.0,2025-11-30,San José State Spartans,UC Irvine Anteaters,0.0,0.0,,,,,False,Provident Credit Union Event Center,2025-11-30 22:00:00+00:00,,2025-11-30 17:00,EST,2025-11-30T22:00:00Z,2025-11-30,,,sanjosestate::ucirvineanteaters,750a96d5cc3955d0b7142da710d86018,FanDuel,spreads,full_game,2025-11-30 22:00:00+00:00,2025-11-30 19:31:10+00:00,San José St Spartans,UC Irvine Anteaters,,,2.5,-110.0,-2.5,-110.0,,,,2025-11-30,0.0,False,140.58515482584633,-11.042236900329588,68.96247,75.789764,-7.052205,-6.286647,140.58515482584633,-11.042236900329588,,-8.542236900329588,,-3.416894760131835,,,,0.171155166314479,0.828844833685521,,,,,,
401829326,2025.0,2025-11-30,San José State Spartans,UC Irvine Anteaters,0.0,0.0,,,,,False,Provident Credit Union Event Center,2025-11-30 22:00:00+00:00,,2025-11-30 17:00,EST,2025-11-30T22:00:00Z,2025-11-30,,,sanjosestate::ucirvineanteaters,750a96d5cc3955d0b7142da710d86018,FanDuel,totals,full_game,2025-11-30 22:00:00+00:00,2025-11-30 19:31:10+00:00,San José St Spartans,UC Irvine Anteaters,,,,,,,137.5,-110.0,-110.0,2025-11-30,0.0,False,140.58515482584633,-11.042236900329588,68.96247,75.789764,-7.052205,-6.286647,140.58515482584633,-11.042236900329588,3.085154825846331,,0.022437489642518772,,0.1028384941948777,,,0.171155166314479,0.828844833685521,,,,,,
401829326,2025.0,2025-11-30,San José State Spartans,UC Irvine Anteaters,0.0,0.0,,,,,False,Provident Credit Union Event Center,2025-11-30 22:00:00+00:00,,2025-11-30 17:00,EST,2025-11-30T22:00:00Z,2025-11-30,,,sanjosestate::ucirvineanteaters,750a96d5cc3955d0b7142da710d86018,Fanatics,h2h,2h,2025-11-30 22:00:00+00:00,2025-11-30 19:31:09+00:00,San José St Spartans,UC Irvine Anteaters,125.0,-150.0,,,,,,,,2025-11-30,0.0,False,140.58515482584633,-11.042236900329588,68.96247,75.789764,-7.052205,-6.286647,75.789764,-6.286647,,,,,,0.4444444444444444,0.6,0.28944266157828985,0.7105573384217101,-0.2790032091590782,0.27639334605427524,-0.34875401144884777,0.18426223070285014,1.25,0.6666666666666666
401829326,2025.0,2025-11-30,San José State Spartans,UC Irvine Anteaters,0.0,0.0,,,,,False,Provident Credit Union Event Center,2025-11-30 22:00:00+00:00,,2025-11-30 17:00,EST,2025-11-30T22:00:00Z,2025-11-30,,,sanjosestate::ucirvineanteaters,750a96d5cc3955d0b7142da710d86018,Fanatics,spreads,full_game,2025-11-30 22:00:00+00:00,2025-11-30 19:31:09+00:00,San José St Spartans,UC Irvine Anteaters,,,3.0,-110.0,-3.0,-110.0,,,,2025-11-30,0.0,False,140.58515482584633,-11.042236900329588,68.96247,75.789764,-7.052205,-6.286647,140.58515482584633,-11.042236900329588,,-8.042236900329588,,-2.680745633443196,,,,0.171155166314479,0.828844833685521,,,,,,
401829326,2025.0,2025-11-30,San José State Spartans,UC Irvine Anteaters,0.0,0.0,,,,,False,Provident Credit Union Event Center,2025-11-30 22:00:00+00:00,,2025-11-30 17:00,EST,2025-11-30T22:00:00Z,2025-11-30,,,sanjosestate::ucirvineanteaters,750a96d5cc3955d0b7142da710d86018,Fanatics,totals,full_game,2025-11-30 22:00:00+00:00,2025-11-30 19:31:09+00:00,San José St Spartans,UC Irvine Anteaters,,,,,,,137.5,-110.0,-110.0,2025-11-30,0.0,False,140.58515482584633,-11.042236900329588,68.96247,75.789764,-7.052205,-6.286647,140.58515482584633,-11.042236900329588,3.085154825846331,,0.022437489642518772,,0.1028384941948777,,,0.171155166314479,0.828844833685521,,,,,,
401829326,2025.0,2025-11-30,San José State Spartans,UC Irvine Anteaters,0.0,0.0,,,,,False,Provident Credit Union Event Center,2025-11-30 22:00:00+00:00,,2025-11-30 17:00,EST,2025-11-30T22:00:00Z,2025-11-30,,,sanjosestate::ucirvineanteaters,750a96d5cc3955d0b7142da710d86018,LowVig.ag,h2h,2h,2025-11-30 22:00:00+00:00,2025-11-30 19:31:10+00:00,San José St Spartans,UC Irvine Anteaters,130.0,-150.0,,,,,,,,2025-11-30,0.0,False,140.58515482584633,-11.042236900329588,68.96247,75.789764,-7.052205,-6.286647,75.789764,-6.286647,,,,,,0.43478260869565216,0.6,0.28944266157828985,0.7105573384217101,-0.2571399064384102,0.27639334605427524,-0.3342818783699333,0.18426223070285014,1.3,0.6666666666666666
401829326,2025.0,2025-11-30,San José State Spartans,UC Irvine Anteaters,0.0,0.0,,,,,False,Provident Credit Union Event Center,2025-11-30 22:00:00+00:00,,2025-11-30 17:00,EST,2025-11-30T22:00:00Z,2025-11-30,,,sanjosestate::ucirvineanteaters,750a96d5cc3955d0b7142da710d86018,LowVig.ag,spreads,full_game,2025-11-30 22:00:00+00:00,2025-11-30 19:31:10+00:00,San José St Spartans,UC Irvine Anteaters,,,2.5,-101.0,-2.5,-111.0,,,,2025-11-30,0.0,False,140.58515482584633,-11.042236900329588,68.96247,75.789764,-7.052205,-6.286647,140.58515482584633,-11.042236900329588,,-8.542236900329588,,-3.416894760131835,,,,0.171155166314479,0.828844833685521,,,,,,
401829326,2025.0,2025-11-30,San José State Spartans,UC Irvine Anteaters,0.0,0.0,,,,,False,Provident Credit Union Event Center,2025-11-30 22:00:00+00:00,,2025-11-30 17:00,EST,2025-11-30T22:00:00Z,2025-11-30,,,sanjosestate::ucirvineanteaters,750a96d5cc3955d0b7142da710d86018,LowVig.ag,totals,full_game,2025-11-30 22:00:00+00:00,2025-11-30 19:31:10+00:00,San José St Spartans,UC Irvine Anteaters,,,,,,,137.5,-113.0,-103.0,2025-11-30,0.0,False,140.58515482584633,-11.042236900329588,68.96247,75.789764,-7.052205,-6.286647,140.58515482584633,-11.042236900329588,3.085154825846331,,0.022437489642518772,,0.1028384941948777,,,0.171155166314479,0.828844833685521,,,,,,
401829388,2025.0,2025-11-30,Chattanooga Mocs,Tennessee State Tigers,0.0,3.0,0.0,3.0,,,False,McKenzie Arena,2025-11-30 19:00:00+00:00,,2025-11-30 14:00,EST,2025-11-30T19:00:00Z,2025-11-30,,,chattanoogamocs::tennesseestate,759b93990a3a549914baca8b9c32a36a,BetMGM,h2h,2h,2025-11-30 19:00:00+00:00,2025-11-30 00:03:29+00:00,Chattanooga Mocs,Tennessee St Tigers,-375.0,290.0,,,,,,,,2025-11-30,0.0,False,141.49876403808594,-1.347529411315918,69.53606,76.4647,-1.2575805,0.30263042,76.4647,0.30263042,,,,,,0.7894736842105263,0.2564102564102564,0.5108065461419257,0.48919345385807433,-1.0,0.31305326553327234,-0.35297837488689415,0.9078544700464898,0.26666666666666666,2.9
401829388,2025.0,2025-11-30,Chattanooga Mocs,Tennessee State Tigers,0.0,3.0,0.0,3.0,,,False,McKenzie Arena,2025-11-30 19:00:00+00:00,,2025-11-30 14:00,EST,2025-11-30T19:00:00Z,2025-11-30,,,chattanoogamocs::tennesseestate,759b93990a3a549914baca8b9c32a36a,BetMGM,spreads,full_game,2025-11-30 19:00:00+00:00,2025-11-30 00:03:29+00:00,Chattanooga Mocs,Tennessee St Tigers,,,-8.5,-110.0,8.5,-110.0,,,,2025-11-30,0.0,False,141.49876403808594,-1.347529411315918,69.53606,76.4647,-1.2575805,0.30263042,141.49876403808594,-1.347529411315918,,-9.847529411315918,,-1.1585328719195198,,,,0.452022021630498,0.547977978369502,,,,,,
401829388,2025.0,2025-11-30,Chattanooga Mocs,Tennessee State Tigers,0.0,3.0,0.0,3.0,,,False,McKenzie Arena,2025-11-30 19:00:00+00:00,,2025-11-30 14:00,EST,2025-11-30T19:00:00Z,2025-11-30,,,chattanoogamocs::tennesseestate,759b93990a3a549914baca8b9c32a36a,BetMGM,totals,full_game,2025-11-30 19:00:00+00:00,2025-11-30 00:03:29+00:00,Chattanooga Mocs,Tennessee St Tigers,,,,,,,156.5,-115.0,-105.0,2025-11-30,0.0,False,141.49876403808594,-1.347529411315918,69.53606,76.4647,-1.2575805,0.30263042,141.49876403808594,-1.347529411315918,-15.001235961914062,,-0.09585454288762979,,-0.5000411987304687,,,0.452022021630498,0.547977978369502,,,,,,
401829388,2025.0,2025-11-30,Chattanooga Mocs,Tennessee State Tigers,0.0,3.0,0.0,3.0,,,False,McKenzie Arena,2025-11-30 19:00:00+00:00,,2025-11-30 14:00,EST,2025-11-30T19:00:00Z,2025-11-30,,,chattanoogamocs::tennesseestate,759b93990a3a549914baca8b9c32a36a,BetOnline.ag,spreads,full_game,2025-11-30 19:00:00+00:00,2025-11-30 00:03:58+00:00,Chattanooga Mocs,Tennessee St Tigers,,,-8.5,-110.0,8.5,-110.0,,,,2025-11-30,0.0,False,141.49876403808594,-1.347529411315918,69.53606,76.4647,-1.2575805,0.30263042,141.49876403808594,-1.347529411315918,,-9.847529411315918,,-1.1585328719195198,,,,0.452022021630498,0.547977978369502,,,,,,
401829388,2025.0,2025-11-30,Chattanooga Mocs,Tennessee State Tigers,0.0,3.0,0.0,3.0,,,False,McKenzie Arena,2025-11-30 19:00:00+00:00,,2025-11-30 14:00,EST,2025-11-30T19:00:00Z,2025-11-30,,,chattanoogamocs::tennesseestate,759b93990a3a549914baca8b9c32a36a,BetOnline.ag,totals,full_game,2025-11-30 19:00:00+00:00,2025-11-30 00:03:58+00:00,Chattanooga Mocs,Tennessee St Tigers,,,,,,,157.0,-110.0,-110.0,2025-11-30,0.0,False,141.49876403808594,-1.347529411315918,69.53606,76.4647,-1.2575805,0.30263042,141.49876403808594,-1.347529411315918,-15.501235961914062,,-0.09873398701856091,,-0.5167078653971354,,,0.452022021630498,0.547977978369502,,,,,,
401829388,2025.0,2025-11-30,Chattanooga Mocs,Tennessee State Tigers,0.0,3.0,0.0,3.0,,,False,McKenzie Arena,2025-11-30 19:00:00+00:00,,2025-11-30 14:00,EST,2025-11-30T19:00:00Z,2025-11-30,,,chattanoogamocs::tennesseestate,759b93990a3a549914baca8b9c32a36a,Caesars,spreads,full_game,2025-11-30 19:00:00+00:00,2025-11-30 00:02:55+00:00,Chattanooga Mocs,Tennessee St Tigers,,,-8.5,-110.0,8.5,-110.0,,,,2025-11-30,0.0,False,141.49876403808594,-1.347529411315918,69.53606,76.4647,-1.2575805,0.30263042,141.49876403808594,-1.347529411315918,,-9.847529411315918,,-1.1585328719195198,,,,0.452022021630498,0.547977978369502,,,,,,
401829388,2025.0,2025-11-30,Chattanooga Mocs,Tennessee State Tigers,0.0,3.0,0.0,3.0,,,False,McKenzie Arena,2025-11-30 19:00:00+00:00,,2025-11-30 14:00,EST,2025-11-30T19:00:00Z,2025-11-30,,,chattanoogamocs::tennesseestate,759b93990a3a549914baca8b9c32a36a,Caesars,totals,full_game,2025-11-30 19:00:00+00:00,2025-11-30 00:02:55+00:00,Chattanooga Mocs,Tennessee St Tigers,,,,,,,157.0,-110.0,-110.0,2025-11-30,0.0,False,141.49876403808594,-1.347529411315918,69.53606,76.4647,-1.2575805,0.30263042,141.49876403808594,-1.347529411315918,-15.501235961914062,,-0.09873398701856091,,-0.5167078653971354,,,0.452022021630498,0.547977978369502,,,,,,
401829388,2025.0,2025-11-30,Chattanooga Mocs,Tennessee State Tigers,0.0,3.0,0.0,3.0,,,False,McKenzie Arena,2025-11-30 19:00:00+00:00,,2025-11-30 14:00,EST,2025-11-30T19:00:00Z,2025-11-30,,,chattanoogamocs::tennesseestate,759b93990a3a549914baca8b9c32a36a,DraftKings,spreads,full_game,2025-11-30 19:00:00+00:00,2025-11-30 00:03:40+00:00,Chattanooga Mocs,Tennessee St Tigers,,,-8.5,-105.0,8.5,-115.0,,,,2025-11-30,0.0,False,141.49876403808594,-1.347529411315918,69.53606,76.4647,-1.2575805,0.30263042,141.49876403808594,-1.347529411315918,,-9.847529411315918,,-1.1585328719195198,,,,0.452022021630498,0.547977978369502,,,,,,
401829388,2025.0,2025-11-30,Chattanooga Mocs,Tennessee State Tigers,0.0,3.0,0.0,3.0,,,False,McKenzie Arena,2025-11-30 19:00:00+00:00,,2025-11-30 14:00,EST,2025-11-30T19:00:00Z,2025-11-30,,,chattanoogamocs::tennesseestate,759b93990a3a549914baca8b9c32a36a,DraftKings,totals,full_game,2025-11-30 19:00:00+00:00,2025-11-30 00:03:40+00:00,Chattanooga Mocs,Tennessee St Tigers,,,,,,,156.5,-115.0,-105.0,2025-11-30,0.0,False,141.49876403808594,-1.347529411315918,69.53606,76.4647,-1.2575805,0.30263042,141.49876403808594,-1.347529411315918,-15.001235961914062,,-0.09585454288762979,,-0.5000411987304687,,,0.452022021630498,0.547977978369502,,,,,,
401829388,2025.0,2025-11-30,Chattanooga Mocs,Tennessee State Tigers,0.0,3.0,0.0,3.0,,,False,McKenzie Arena,2025-11-30 19:00:00+00:00,,2025-11-30 14:00,EST,2025-11-30T19:00:00Z,2025-11-30,,,chattanoogamocs::tennesseestate,759b93990a3a549914baca8b9c32a36a,Fanatics,h2h,2h,2025-11-30 19:00:00+00:00,2025-11-30 00:04:08+00:00,Chattanooga Mocs,Tennessee St Tigers,-300.0,240.0,,,,,,,,2025-11-30,0.0,False,141.49876403808594,-1.347529411315918,69.53606,76.4647,-1.2575805,0.30263042,76.4647,0.30263042,,,,,,0.75,0.29411764705882354,0.5108065461419257,0.48919345385807433,-0.9567738154322974,0.27635739296560535,-0.31892460514409915,0.6632577431174528,0.3333333333333333,2.4
401829388,2025.0,2025-11-30,Chattanooga Mocs,Tennessee State Tigers,0.0,3.0,0.0,3.0,,,False,McKenzie Arena,2025-11-30 19:00:00+00:00,,2025-11-30 14:00,EST,2025-11-30T19:00:00Z,2025-11-30,,,chattanoogamocs::tennesseestate,759b93990a3a549914baca8b9c32a36a,Fanatics,spreads,full_game,2025-11-30 19:00:00+00:00,2025-11-30 00:04:08+00:00,Chattanooga Mocs,Tennessee St Tigers,,,-7.5,-110.0,7.5,-110.0,,,,2025-11-30,0.0,False,141.49876403808594,-1.347529411315918,69.53606,76.4647,-1.2575805,0.30263042,141.49876403808594,-1.347529411315918,,-8.847529411315918,,-1.1796705881754557,,,,0.452022021630498,0.547977978369502,,,,,,
401829388,2025.0,2025-11-30,Chattanooga Mocs,Tennessee State Tigers,0.0,3.0,0.0,3.0,,,False,McKenzie Arena,2025-11-30 19:00:00+00:00,,2025-11-30 14:00,EST,2025-11-30T19:00:00Z,2025-11-30,,,chattanoogamocs::tennesseestate,759b93990a3a549914baca8b9c32a36a,Fanatics,totals,full_game,2025-11-30 19:00:00+00:00,2025-11-30 00:04:08+00:00,Chattanooga Mocs,Tennessee St Tigers,,,,,,,157.0,-110.0,-110.0,2025-11-30,0.0,False,141.49876403808594,-1.347529411315918,69.53606,76.4647,-1.2575805,0.30263042,141.49876403808594,-1.347529411315918,-15.501235961914062,,-0.09873398701856091,,-0.5167078653971354,,,0.452022021630498,0.547977978369502,,,,,,
401829388,2025.0,2025-11-30,Chattanooga Mocs,Tennessee State Tigers,0.0,3.0,0.0,3.0,,,False,McKenzie Arena,2025-11-30 19:00:00+00:00,,2025-11-30 14:00,EST,2025-11-30T19:00:00Z,2025-11-30,,,chattanoogamocs::tennesseestate,759b93990a3a549914baca8b9c32a36a,LowVig.ag,spreads,full_game,2025-11-30 19:00:00+00:00,2025-11-30 00:03:13+00:00,Chattanooga Mocs,Tennessee St Tigers,,,-8.5,-106.0,8.5,-106.0,,,,2025-11-30,0.0,False,141.49876403808594,-1.347529411315918,69.53606,76.4647,-1.2575805,0.30263042,141.49876403808594,-1.347529411315918,,-9.847529411315918,,-1.1585328719195198,,,,0.452022021630498,0.547977978369502,,,,,,
401829388,2025.0,2025-11-30,Chattanooga Mocs,Tennessee State Tigers,0.0,3.0,0.0,3.0,,,False,McKenzie Arena,2025-11-30 19:00:00+00:00,,2025-11-30 14:00,EST,2025-11-30T19:00:00Z,2025-11-30,,,chattanoogamocs::tennesseestate,759b93990a3a549914baca8b9c32a36a,LowVig.ag,totals,full_game,2025-11-30 19:00:00+00:00,2025-11-30 00:03:13+00:00,Chattanooga Mocs,Tennessee St Tigers,,,,,,,157.0,-108.0,-108.0,2025-11-30,0.0,False,141.49876403808594,-1.347529411315918,69.53606,76.4647,-1.2575805,0.30263042,141.49876403808594,-1.347529411315918,-15.501235961914062,,-0.09873398701856091,,-0.5167078653971354,,,0.452022021630498,0.547977978369502,,,,,,
401829404,2025.0,2025-11-30,Colgate Raiders,Fordham Rams,0.0,0.0,,,,,True,Place Bell,2025-11-30 20:30:00+00:00,,2025-11-30 15:30,EST,2025-11-30T20:30:00Z,2025-11-30,,,colgateraiders::fordham,e24eb334d9259d45db922c529a4aee10,BetMGM,h2h,2h,2025-11-30 20:30:12+00:00,2025-11-30 19:31:23+00:00,Fordham Rams,Colgate Raiders,105.0,-125.0,,,,,,,,2025-11-30,0.0,False,143.936279296875,5.628331184387207,68.88366,72.655,1.1918508,2.185367,72.655,2.185367,,,,,,0.4878048780487805,0.5555555555555556,0.5774210148305329,0.4225789851694671,0.1749648384786594,-0.2991972833686989,0.18371308040259238,-0.23935782669495914,1.05,0.8
401829404,2025.0,2025-11-30,Colgate Raiders,Fordham Rams,0.0,0.0,,,,,True,Place Bell,2025-11-30 20:30:00+00:00,,2025-11-30 15:30,EST,2025-11-30T20:30:00Z,2025-11-30,,,colgateraiders::fordham,e24eb334d9259d45db922c529a4aee10,BetMGM,spreads,full_game,2025-11-30 20:30:12+00:00,2025-11-30 19:31:23+00:00,Fordham Rams,Colgate Raiders,,,1.5,-110.0,-1.5,-110.0,,,,2025-11-30,0.0,False,143.936279296875,5.628331184387207,68.88366,72.655,1.1918508,2.185367,143.936279296875,5.628331184387207,,7.128331184387207,,4.752220789591472,,,,0.6908395740823151,0.3091604259176849,,,,,,
401829404,2025.0,2025-11-30,Colgate Raiders,Fordham Rams,0.0,0.0,,,,,True,Place Bell,2025-11-30 20:30:00+00:00,,2025-11-30 15:30,EST,2025-11-30T20:30:00Z,2025-11-30,,,colgateraiders::fordham,e24eb334d9259d45db922c529a4aee10,BetMGM,totals,full_game,2025-11-30 20:30:12+00:00,2025-11-30 19:31:23+00:00,Fordham Rams,Colgate Raiders,,,,,,,141.5,-115.0,-105.0,2025-11-30,0.0,False,143.936279296875,5.628331184387207,68.88366,72.655,1.1918508,2.185367,143.936279296875,5.628331184387207,2.436279296875,,0.017217521532685513,,0.08120930989583333,,,0.6908395740823151,0.3091604259176849,,,,,,
401829404,2025.0,2025-11-30,Colgate Raiders,Fordham Rams,0.0,0.0,,,,,True,Place Bell,2025-11-30 20:30:00+00:00,,2025-11-30 15:30,EST,2025-11-30T20:30:00Z,2025-11-30,,,colgateraiders::fordham,e24eb334d9259d45db922c529a4aee10,BetOnline.ag,spreads,full_game,2025-11-30 20:30:12+00:00,2025-11-30 19:31:39+00:00,Fordham Rams,Colgate Raiders,,,1.5,-110.0,-1.5,-110.0,,,,2025-11-30,0.0,False,143.936279296875,5.628331184387207,68.88366,72.655,1.1918508,2.185367,143.936279296875,5.628331184387207,,7.128331184387207,,4.752220789591472,,,,0.6908395740823151,0.3091604259176849,,,,,,
401829404,2025.0,2025-11-30,Colgate Raiders,Fordham Rams,0.0,0.0,,,,,True,Place Bell,2025-11-30 20:30:00+00:00,,2025-11-30 15:30,EST,2025-11-30T20:30:00Z,2025-11-30,,,colgateraiders::fordham,e24eb334d9259d45db922c529a4aee10,BetOnline.ag,totals,full_game,2025-11-30 20:30:12+00:00,2025-11-30 19:31:39+00:00,Fordham Rams,Colgate Raiders,,,,,,,141.5,-115.0,-105.0,2025-11-30,0.0,False,143.936279296875,5.628331184387207,68.88366,72.655,1.1918508,2.185367,143.936279296875,5.628331184387207,2.436279296875,,0.017217521532685513,,0.08120930989583333,,,0.6908395740823151,0.3091604259176849,,,,,,
401829404,2025.0,2025-11-30,Colgate Raiders,Fordham Rams,0.0,0.0,,,,,True,Place Bell,2025-11-30 20:30:00+00:00,,2025-11-30 15:30,EST,2025-11-30T20:30:00Z,2025-11-30,,,colgateraiders::fordham,e24eb334d9259d45db922c529a4aee10,BetRivers,h2h,2h,2025-11-30 20:30:12+00:00,2025-11-30 19:31:25+00:00,Fordham Rams,Colgate Raiders,104.0,-129.0,,,,,,,,2025-11-30,0.0,False,143.936279296875,5.628331184387207,68.88366,72.655,1.1918508,2.185367,72.655,2.185367,,,,,,0.49019607843137253,0.5633187772925764,0.5774210148305329,0.4225789851694671,0.17109506755219914,-0.3222941239619202,0.17793887025428712,-0.24984040617203118,1.04,0.7751937984496124
401829404,2025.0,2025-11-30,Colgate Raiders,Fordham Rams,0.0,0.0,,,,,True,Place Bell,2025-11-30 20:30:00+00:00,,2025-11-30 15:30,EST,2025-11-30T20:30:00Z,2025-11-30,,,colgateraiders::fordham,e24eb334d9259d45db922c529a4aee10,BetRivers,spreads,full_game,2025-11-30 20:30:12+00:00,2025-11-30 19:31:25+00:00,Fordham Rams,Colgate Raiders,,,1.5,-109.0,-1.5,-114.0,,,,2025-11-30,0.0,False,143.936279296875,5.628331184387207,68.88366,72.655,1.1918508,2.185367,143.936279296875,5.628331184387207,,7.128331184387207,,4.752220789591472,,,,0.6908395740823151,0.3091604259176849,,,,,,
401829404,2025.0,2025-11-30,Colgate Raiders,Fordham Rams,0.0,0.0,,,,,True,Place Bell,2025-11-30 20:30:00+00:00,,2025-11-30 15:30,EST,2025-11-30T20:30:00Z,2025-11-30,,,colgateraiders::fordham,e24eb334d9259d45db922c529a4aee10,BetRivers,totals,full_game,2025-11-30 20:30:12+00:00,2025-11-30 19:31:25+00:00,Fordham Rams,Colgate Raiders,,,,,,,142.0,-112.0,-110.0,2025-11-30,0.0,False,143.936279296875,5.628331184387207,68.88366,72.655,1.1918508,2.185367,143.936279296875,5.628331184387207,1.936279296875,,0.013635769696302816,,0.06454264322916667,,,0.6908395740823151,0.3091604259176849,,,,,,
401829404,2025.0,2025-11-30,Colgate Raiders,Fordham Rams,0.0,0.0,,,,,True,Place Bell,2025-11-30 20:30:00+00:00,,2025-11-30 15:30,EST,2025-11-30T20:30:00Z,2025-11-30,,,colgateraiders::fordham,e24eb334d9259d45db922c529a4aee10,Bovada,h2h,2h,2025-11-30 20:30:12+00:00,2025-11-30 19:30:58+00:00,Fordham Rams,Colgate Raiders,110.0,-130.0,,,,,,,,2025-11-30,0.0,False,143.936279296875,5.628331184387207,68.88366,72.655,1.1918508,2.185367,72.655,2.185367,,,,,,0.47619047619047616,0.5652173913043478,0.5774210148305329,0.4225789851694671,0.19325830104010827,-0.32806833411022557,0.21258413114411912,-0.25236025700786585,1.1,0.7692307692307693
401829404,2025.0,2025-11-30,Colgate Raiders,Fordham Rams,0.0,0.0,,,,,True,Place Bell,2025-11-30 20:30:00+00:00,,2025-11-30 15:30,EST,2025-11-30T20:30:00Z,2025-11-30,,,colgateraiders::fordham,e24eb334d9259d45db922c529a4aee10,Bovada,spreads,full_game,2025-11-30 20:30:12+00:00,2025-11-30 19:30:58+00:00,Fordham Rams,Colgate Raiders,,,2.0,-110.0,-2.0,-110.0,,,,2025-11-30,0.0,False,143.936279296875,5.628331184387207,68.88366,72.655,1.1918508,2.185367,143.936279296875,5.628331184387207,,7.628331184387207,,3.8141655921936035,,,,0.6908395740823151,0.3091604259176849,,,,,,
401829404,2025.0,2025-11-30,Colgate Raiders,Fordham Rams,0.0,0.0,,,,,True,Place Bell,2025-11-30 20:30:00+00:00,,2025-11-30 15:30,EST,2025-11-30T20:30:00Z,2025-11-30,,,colgateraiders::fordham,e24eb334d9259d45db922c529a4aee10,Bovada,totals,full_game,2025-11-30 20:30:12+00:00,2025-11-30 19:30:58+00:00,Fordham Rams,Colgate Raiders,,,,,,,142.5,-110.0,-110.0,2025-11-30,0.0,False,143.936279296875,5.628331184387207,68.88366,72.655,1.1918508,2.185367,143.936279296875,5.628331184387207,1.436279296875,,0.010079152960526316,,0.0478759765625,,,0.6908395740823151,0.3091604259176849,,,,,,
401829404,2025.0,2025-11-30,Colgate Raiders,Fordham Rams,0.0,0.0,,,,,True,Place Bell,2025-11-30 20:30:00+00:00,,2025-11-30 15:30,EST,2025-11-30T20:30:00Z,2025-11-30,,,colgateraiders::fordham,e24eb334d9259d45db922c529a4aee10,Caesars,h2h,2h,2025-11-30 20:30:12+00:00,2025-11-30 19:27:07+00:00,Fordham Rams,Colgate Raiders,110.0,-130.0,,,,,,,,2025-11-30,0.0,False,143.936279296875,5.628331184387207,68.88366,72.655,1.1918508,2.185367,72.655,2.185367,,,,,,0.47619047619047616,0.5652173913043478,0.5774210148305329,0.4225789851694671,0.19325830104010827,-0.32806833411022557,0.21258413114411912,-0.25236025700786585,1.1,0.7692307692307693
401829404,2025.0,2025-11-30,Colgate Raiders,Fordham Rams,0.0,0.0,,,,,True,Place Bell,2025-11-30 20:30:00+00:00,,2025-11-30 15:30,EST,2025-11-30T20:30:00Z,2025-11-30,,,colgateraiders::fordham,e24eb334d9259d45db922c529a4aee10,Caesars,spreads,full_game,2025-11-30 20:30:12+00:00,2025-11-30 19:27:07+00:00,Fordham Rams,Colgate Raiders,,,1.5,-110.0,-1.5,-110.0,,,,2025-11-30,0.0,False,143.936279296875,5.628331184387207,68.88366,72.655,1.1918508,2.185367,143.936279296875,5.628331184387207,,7.128331184387207,,4.752220789591472,,,,0.6908395740823151,0.3091604259176849,,,,,,
401829404,2025.0,2025-11-30,Colgate Raiders,Fordham Rams,0.0,0.0,,,,,True,Place Bell,2025-11-30 20:30:00+00:00,,2025-11-30 15:30,EST,2025-11-30T20:30:00Z,2025-11-30,,,colgateraiders::fordham,e24eb334d9259d45db922c529a4aee10,Caesars,totals,full_game,2025-11-30 20:30:12+00:00,2025-11-30 19:27:07+00:00,Fordham Rams,Colgate Raiders,,,,,,,142.0,-110.0,-110.0,2025-11-30,0.0,False,143.936279296875,5.628331184387207,68.88366,72.655,1.1918508,2.185367,143.936279296875,5.628331184387207,1.936279296875,,0.013635769696302816,,0.06454264322916667,,,0.6908395740823151,0.3091604259176849,,,,,,
401829404,2025.0,2025-11-30,Colgate Raiders,Fordham Rams,0.0,0.0,,,,,True,Place Bell,2025-11-30 20:30:00+00:00,,2025-11-30 15:30,EST,2025-11-30T20:30:00Z,2025-11-30,,,colgateraiders::fordham,e24eb334d9259d45db922c529a4aee10,DraftKings,h2h,2h,2025-11-30 20:30:12+00:00,2025-11-30 19:31:24+00:00,Fordham Rams,Colgate Raiders,110.0,-130.0,,,,,,,,2025-11-30,0.0,False,143.936279296875,5.628331184387207,68.88366,72.655,1.1918508,2.185367,72.655,2.185367,,,,,,0.47619047619047616,0.5652173913043478,0.5774210148305329,0.4225789851694671,0.19325830104010827,-0.32806833411022557,0.21258413114411912,-0.25236025700786585,1.1,0.7692307692307693
401829404,2025.0,2025-11-30,Colgate Raiders,Fordham Rams,0.0,0.0,,,,,True,Place Bell,2025-11-30 20:30:00+00:00,,2025-11-30 15:30,EST,2025-11-30T20:30:00Z,2025-11-30,,,colgateraiders::fordham,e24eb334d9259d45db922c529a4aee10,DraftKings,spreads,full_game,2025-11-30 20:30:12+00:00,2025-11-30 19:31:24+00:00,Fordham Rams,Colgate Raiders,,,1.5,-105.0,-1.5,-115.0,,,,2025-11-30,0.0,False,143.936279296875,5.628331184387207,68.88366,72.655,1.1918508,2.185367,143.936279296875,5.628331184387207,,7.128331184387207,,4.752220789591472,,,,0.6908395740823151,0.3091604259176849,,,,,,
401829404,2025.0,2025-11-30,Colgate Raiders,Fordham Rams,0.0,0.0,,,,,True,Place Bell,2025-11-30 20:30:00+00:00,,2025-11-30 15:30,EST,2025-11-30T20:30:00Z,2025-11-30,,,colgateraiders::fordham,e24eb334d9259d45db922c529a4aee10,DraftKings,totals,full_game,2025-11-30 20:30:12+00:00,2025-11-30 19:31:24+00:00,Fordham Rams,Colgate Raiders,,,,,,,142.5,-105.0,-115.0,2025-11-30,0.0,False,143.936279296875,5.628331184387207,68.88366,72.655,1.1918508,2.185367,143.936279296875,5.628331184387207,1.436279296875,,0.010079152960526316,,0.0478759765625,,,0.6908395740823151,0.3091604259176849,,,,,,
401829404,2025.0,2025-11-30,Colgate Raiders,Fordham Rams,0.0,0.0,,,,,True,Place Bell,2025-11-30 20:30:00+00:00,,2025-11-30 15:30,EST,2025-11-30T20:30:00Z,2025-11-30,,,colgateraiders::fordham,e24eb334d9259d45db922c529a4aee10,FanDuel,h2h,2h,2025-11-30 20:30:12+00:00,2025-11-30 19:31:10+00:00,Fordham Rams,Colgate Raiders,114.0,-137.0,,,,,,,,2025-11-30,0.0,False,143.936279296875,5.628331184387207,68.88366,72.655,1.1918508,2.185367,72.655,2.185367,,,,,,0.4672897196261682,0.5780590717299579,0.5774210148305329,0.4225789851694671,0.20673769450643883,-0.36848780514836293,0.23568097173734026,-0.2689692008382211,1.14,0.7299270072992701
401829404,2025.0,2025-11-30,Colgate Raiders,Fordham Rams,0.0,0.0,,,,,True,Place Bell,2025-11-30 20:30:00+00:00,,2025-11-30 15:30,EST,2025-11-30T20:30:00Z,2025-11-30,,,colgateraiders::fordham,e24eb334d9259d45db922c529a4aee10,FanDuel,spreads,full_game,2025-11-30 20:30:12+00:00,2025-11-30 19:31:10+00:00,Fordham Rams,Colgate Raiders,,,1.5,-102.0,-1.5,-120.0,,,,2025-11-30,0.0,False,143.936279296875,5.628331184387207,68.88366,72.655,1.1918508,2.185367,143.936279296875,5.628331184387207,,7.128331184387207,,4.752220789591472,,,,0.6908395740823151,0.3091604259176849,,,,,,
401829404,2025.0,2025-11-30,Colgate Raiders,Fordham Rams,0.0,0.0,,,,,True,Place Bell,2025-11-30 20:30:00+00:00,,2025-11-30 15:30,EST,2025-11-30T20:30:00Z,2025-11-30,,,colgateraiders::fordham,e24eb334d9259d45db922c529a4aee10,FanDuel,totals,full_game,2025-11-30 20:30:12+00:00,2025-11-30 19:31:10+00:00,Fordham Rams,Colgate Raiders,,,,,,,141.5,-110.0,-110.0,2025-11-30,0.0,False,143.936279296875,5.628331184387207,68.88366,72.655,1.1918508,2.185367,143.936279296875,5.628331184387207,2.436279296875,,0.017217521532685513,,0.08120930989583333,,,0.6908395740823151,0.3091604259176849,,,,,,
401829404,2025.0,2025-11-30,Colgate Raiders,Fordham Rams,0.0,0.0,,,,,True,Place Bell,2025-11-30 20:30:00+00:00,,2025-11-30 15:30,EST,2025-11-30T20:30:00Z,2025-11-30,,,colgateraiders::fordham,e24eb334d9259d45db922c529a4aee10,Fanatics,h2h,2h,2025-11-30 20:30:12+00:00,2025-11-30 19:31:09+00:00,Fordham Rams,Colgate Raiders,110.0,-130.0,,,,,,,,2025-11-30,0.0,False,143.936279296875,5.628331184387207,68.88366,72.655,1.1918508,2.185367,72.655,2.185367,,,,,,0.47619047619047616,0.5652173913043478,0.5774210148305329,0.4225789851694671,0.19325830104010827,-0.32806833411022557,0.21258413114411912,-0.25236025700786585,1.1,0.7692307692307693
401829404,2025.0,2025-11-30,Colgate Raiders,Fordham Rams,0.0,0.0,,,,,True,Place Bell,2025-11-30 20:30:00+00:00,,2025-11-30 15:30,EST,2025-11-30T20:30:00Z,2025-11-30,,,colgateraiders::fordham,e24eb334d9259d45db922c529a4aee10,Fanatics,spreads,full_game,2025-11-30 20:30:12+00:00,2025-11-30 19:31:09+00:00,Fordham Rams,Colgate Raiders,,,2.0,-110.0,-2.0,-110.0,,,,2025-11-30,0.0,False,143.936279296875,5.628331184387207,68.88366,72.655,1.1918508,2.185367,143.936279296875,5.628331184387207,,7.628331184387207,,3.8141655921936035,,,,0.6908395740823151,0.3091604259176849,,,,,,
401829404,2025.0,2025-11-30,Colgate Raiders,Fordham Rams,0.0,0.0,,,,,True,Place Bell,2025-11-30 20:30:00+00:00,,2025-11-30 15:30,EST,2025-11-30T20:30:00Z,2025-11-30,,,colgateraiders::fordham,e24eb334d9259d45db922c529a4aee10,Fanatics,totals,full_game,2025-11-30 20:30:12+00:00,2025-11-30 19:31:09+00:00,Fordham Rams,Colgate Raiders,,,,,,,142.5,-110.0,-110.0,2025-11-30,0.0,False,143.936279296875,5.628331184387207,68.88366,72.655,1.1918508,2.185367,143.936279296875,5.628331184387207,1.436279296875,,0.010079152960526316,,0.0478759765625,,,0.6908395740823151,0.3091604259176849,,,,,,
401829404,2025.0,2025-11-30,Colgate Raiders,Fordham Rams,0.0,0.0,,,,,True,Place Bell,2025-11-30 20:30:00+00:00,,2025-11-30 15:30,EST,2025-11-30T20:30:00Z,2025-11-30,,,colgateraiders::fordham,e24eb334d9259d45db922c529a4aee10,LowVig.ag,spreads,full_game,2025-11-30 20:30:12+00:00,2025-11-30 19:31:10+00:00,Fordham Rams,Colgate Raiders,,,1.5,-106.0,-1.5,-106.0,,,,2025-11-30,0.0,False,143.936279296875,5.628331184387207,68.88366,72.655,1.1918508,2.185367,143.936279296875,5.628331184387207,,7.128331184387207,,4.752220789591472,,,,0.6908395740823151,0.3091604259176849,,,,,,
401829404,2025.0,2025-11-30,Colgate Raiders,Fordham Rams,0.0,0.0,,,,,True,Place Bell,2025-11-30 20:30:00+00:00,,2025-11-30 15:30,EST,2025-11-30T20:30:00Z,2025-11-30,,,colgateraiders::fordham,e24eb334d9259d45db922c529a4aee10,LowVig.ag,totals,full_game,2025-11-30 20:30:12+00:00,2025-11-30 19:31:10+00:00,Fordham Rams,Colgate Raiders,,,,,,,141.5,-113.0,-103.0,2025-11-30,0.0,False,143.936279296875,5.628331184387207,68.88366,72.655,1.1918508,2.185367,143.936279296875,5.628331184387207,2.436279296875,,0.017217521532685513,,0.08120930989583333,,,0.6908395740823151,0.3091604259176849,,,,,,
401831376,2025.0,2025-11-30,UTSA Roadrunners,South Alabama Jaguars,0.0,1.0,0.0,1.0,,,False,UTSA Convocation Center,2025-11-30 19:00:00+00:00,,2025-11-30 14:00,EST,2025-11-30T19:00:00Z,2025-11-30,,,southalabama::texassanantonio,83906e867dd1fced0dfbcd031eb1bb52,BetMGM,h2h,2h,2025-11-30 19:00:00+00:00,2025-11-30 00:03:29+00:00,UTSA Roadrunners,South Alabama Jaguars,110.0,-135.0,,,,,,,,2025-11-30,0.0,False,141.79701232910156,2.2591753005981445,69.67454,76.64568,0.39674544,2.2082746,76.64568,2.2082746,,,,,,0.47619047619047616,0.574468085106383,0.578219324933636,0.42178067506636396,0.19478234760057792,-0.3588154135940448,0.21426058236063572,-0.26578919525484795,1.1,0.7407407407407407
401831376,2025.0,2025-11-30,UTSA Roadrunners,South Alabama Jaguars,0.0,1.0,0.0,1.0,,,False,UTSA Convocation Center,2025-11-30 19:00:00+00:00,,2025-11-30 14:00,EST,2025-11-30T19:00:00Z,2025-11-30,,,southalabama::texassanantonio,83906e867dd1fced0dfbcd031eb1bb52,BetMGM,spreads,full_game,2025-11-30 19:00:00+00:00,2025-11-30 00:03:29+00:00,UTSA Roadrunners,South Alabama Jaguars,,,1.5,-110.0,-1.5,-110.0,,,,2025-11-30,0.0,False,141.79701232910156,2.2591753005981445,69.67454,76.64568,0.39674544,2.2082746,141.79701232910156,2.2591753005981445,,3.7591753005981445,,2.5061168670654297,,,,0.5799917020829245,0.4200082979170755,,,,,,
401831376,2025.0,2025-11-30,UTSA Roadrunners,South Alabama Jaguars,0.0,1.0,0.0,1.0,,,False,UTSA Convocation Center,2025-11-30 19:00:00+00:00,,2025-11-30 14:00,EST,2025-11-30T19:00:00Z,2025-11-30,,,southalabama::texassanantonio,83906e867dd1fced0dfbcd031eb1bb52,BetMGM,totals,full_game,2025-11-30 19:00:00+00:00,2025-11-30 00:03:29+00:00,UTSA Roadrunners,South Alabama Jaguars,,,,,,,138.5,-105.0,-115.0,2025-11-30,0.0,False,141.79701232910156,2.2591753005981445,69.67454,76.64568,0.39674544,2.2082746,141.79701232910156,2.2591753005981445,3.2970123291015625,,0.023805143170408393,,0.10990041097005208,,,0.5799917020829245,0.4200082979170755,,,,,,
401831376,2025.0,2025-11-30,UTSA Roadrunners,South Alabama Jaguars,0.0,1.0,0.0,1.0,,,False,UTSA Convocation Center,2025-11-30 19:00:00+00:00,,2025-11-30 14:00,EST,2025-11-30T19:00:00Z,2025-11-30,,,southalabama::texassanantonio,83906e867dd1fced0dfbcd031eb1bb52,BetOnline.ag,spreads,full_game,2025-11-30 19:00:00+00:00,2025-11-30 00:03:58+00:00,UTSA Roadrunners,South Alabama Jaguars,,,2.0,-110.0,-2.0,-110.0,,,,2025-11-30,0.0,False,141.79701232910156,2.2591753005981445,69.67454,76.64568,0.39674544,2.2082746,141.79701232910156,2.2591753005981445,,4.2591753005981445,,2.1295876502990723,,,,0.5799917020829245,0.4200082979170755,,,,,,
401831376,2025.0,2025-11-30,UTSA Roadrunners,South Alabama Jaguars,0.0,1.0,0.0,1.0,,,False,UTSA Convocation Center,2025-11-30 19:00:00+00:00,,2025-11-30 14:00,EST,2025-11-30T19:00:00Z,2025-11-30,,,southalabama::texassanantonio,83906e867dd1fced0dfbcd031eb1bb52,BetOnline.ag,totals,full_game,2025-11-30 19:00:00+00:00,2025-11-30 00:03:58+00:00,UTSA Roadrunners,South Alabama Jaguars,,,,,,,138.5,-105.0,-115.0,2025-11-30,0.0,False,141.79701232910156,2.2591753005981445,69.67454,76.64568,0.39674544,2.2082746,141.79701232910156,2.2591753005981445,3.2970123291015625,,0.023805143170408393,,0.10990041097005208,,,0.5799917020829245,0.4200082979170755,,,,,,
401831376,2025.0,2025-11-30,UTSA Roadrunners,South Alabama Jaguars,0.0,1.0,0.0,1.0,,,False,UTSA Convocation Center,2025-11-30 19:00:00+00:00,,2025-11-30 14:00,EST,2025-11-30T19:00:00Z,2025-11-30,,,southalabama::texassanantonio,83906e867dd1fced0dfbcd031eb1bb52,Caesars,spreads,full_game,2025-11-30 19:00:00+00:00,2025-11-30 00:02:55+00:00,UTSA Roadrunners,South Alabama Jaguars,,,1.5,-110.0,-1.5,-110.0,,,,2025-11-30,0.0,False,141.79701232910156,2.2591753005981445,69.67454,76.64568,0.39674544,2.2082746,141.79701232910156,2.2591753005981445,,3.7591753005981445,,2.5061168670654297,,,,0.5799917020829245,0.4200082979170755,,,,,,
401831376,2025.0,2025-11-30,UTSA Roadrunners,South Alabama Jaguars,0.0,1.0,0.0,1.0,,,False,UTSA Convocation Center,2025-11-30 19:00:00+00:00,,2025-11-30 14:00,EST,2025-11-30T19:00:00Z,2025-11-30,,,southalabama::texassanantonio,83906e867dd1fced0dfbcd031eb1bb52,Caesars,totals,full_game,2025-11-30 19:00:00+00:00,2025-11-30 00:02:55+00:00,UTSA Roadrunners,South Alabama Jaguars,,,,,,,138.5,-110.0,-110.0,2025-11-30,0.0,False,141.79701232910156,2.2591753005981445,69.67454,76.64568,0.39674544,2.2082746,141.79701232910156,2.2591753005981445,3.2970123291015625,,0.023805143170408393,,0.10990041097005208,,,0.5799917020829245,0.4200082979170755,,,,,,
401831376,2025.0,2025-11-30,UTSA Roadrunners,South Alabama Jaguars,0.0,1.0,0.0,1.0,,,False,UTSA Convocation Center,2025-11-30 19:00:00+00:00,,2025-11-30 14:00,EST,2025-11-30T19:00:00Z,2025-11-30,,,southalabama::texassanantonio,83906e867dd1fced0dfbcd031eb1bb52,DraftKings,h2h,2h,2025-11-30 19:00:00+00:00,2025-11-30 00:03:40+00:00,UTSA Roadrunners,South Alabama Jaguars,120.0,-142.0,,,,,,,,2025-11-30,0.0,False,141.79701232910156,2.2591753005981445,69.67454,76.64568,0.39674544,2.2082746,76.64568,2.2082746,,,,,,0.45454545454545453,0.5867768595041323,0.578219324933636,0.42178067506636396,0.22673542904499938,-0.39929076633939925,0.27208251485399926,-0.2811906805207037,1.2,0.704225352112676
401831376,2025.0,2025-11-30,UTSA Roadrunners,South Alabama Jaguars,0.0,1.0,0.0,1.0,,,False,UTSA Convocation Center,2025-11-30 19:00:00+00:00,,2025-11-30 14:00,EST,2025-11-30T19:00:00Z,2025-11-30,,,southalabama::texassanantonio,83906e867dd1fced0dfbcd031eb1bb52,DraftKings,spreads,full_game,2025-11-30 19:00:00+00:00,2025-11-30 00:03:40+00:00,UTSA Roadrunners,South Alabama Jaguars,,,2.5,-122.0,-2.5,102.0,,,,2025-11-30,0.0,False,141.79701232910156,2.2591753005981445,69.67454,76.64568,0.39674544,2.2082746,141.79701232910156,2.2591753005981445,,4.7591753005981445,,1.9036701202392579,,,,0.5799917020829245,0.4200082979170755,,,,,,
401831376,2025.0,2025-11-30,UTSA Roadrunners,South Alabama Jaguars,0.0,1.0,0.0,1.0,,,False,UTSA Convocation Center,2025-11-30 19:00:00+00:00,,2025-11-30 14:00,EST,2025-11-30T19:00:00Z,2025-11-30,,,southalabama::texassanantonio,83906e867dd1fced0dfbcd031eb1bb52,DraftKings,totals,full_game,2025-11-30 19:00:00+00:00,2025-11-30 00:03:40+00:00,UTSA Roadrunners,South Alabama Jaguars,,,,,,,138.5,-108.0,-112.0,2025-11-30,0.0,False,141.79701232910156,2.2591753005981445,69.67454,76.64568,0.39674544,2.2082746,141.79701232910156,2.2591753005981445,3.2970123291015625,,0.023805143170408393,,0.10990041097005208,,,0.5799917020829245,0.4200082979170755,,,,,,
401831376,2025.0,2025-11-30,UTSA Roadrunners,South Alabama Jaguars,0.0,1.0,0.0,1.0,,,False,UTSA Convocation Center,2025-11-30 19:00:00+00:00,,2025-11-30 14:00,EST,2025-11-30T19:00:00Z,2025-11-30,,,southalabama::texassanantonio,83906e867dd1fced0dfbcd031eb1bb52,FanDuel,h2h,2h,2025-11-30 19:00:00+00:00,2025-11-30 00:03:55+00:00,UTSA Roadrunners,South Alabama Jaguars,105.0,-126.0,,,,,,,,2025-11-30,0.0,False,141.79701232910156,2.2591753005981445,69.67454,76.64568,0.39674544,2.2082746,76.64568,2.2082746,,,,,,0.4878048780487805,0.5575221238938053,0.578219324933636,0.42178067506636396,0.1765234439180514,-0.30677567435001746,0.18534961611395395,-0.24347275742064878,1.05,0.7936507936507936
401831376,2025.0,2025-11-30,UTSA Roadrunners,South Alabama Jaguars,0.0,1.0,0.0,1.0,,,False,UTSA Convocation Center,2025-11-30 19:00:00+00:00,,2025-11-30 14:00,EST,2025-11-30T19:00:00Z,2025-11-30,,,southalabama::texassanantonio,83906e867dd1fced0dfbcd031eb1bb52,FanDuel,spreads,full_game,2025-11-30 19:00:00+00:00,2025-11-30 00:03:55+00:00,UTSA Roadrunners,South Alabama Jaguars,,,1.5,-112.0,-1.5,-108.0,,,,2025-11-30,0.0,False,141.79701232910156,2.2591753005981445,69.67454,76.64568,0.39674544,2.2082746,141.79701232910156,2.2591753005981445,,3.7591753005981445,,2.5061168670654297,,,,0.5799917020829245,0.4200082979170755,,,,,,
401831376,2025.0,2025-11-30,UTSA Roadrunners,South Alabama Jaguars,0.0,1.0,0.0,1.0,,,False,UTSA Convocation Center,2025-11-30 19:00:00+00:00,,2025-11-30 14:00,EST,2025-11-30T19:00:00Z,2025-11-30,,,southalabama::texassanantonio,83906e867dd1fced0dfbcd031eb1bb52,FanDuel,totals,full_game,2025-11-30 19:00:00+00:00,2025-11-30 00:03:55+00:00,UTSA Roadrunners,South Alabama Jaguars,,,,,,,138.5,-110.0,-110.0,2025-11-30,0.0,False,141.79701232910156,2.2591753005981445,69.67454,76.64568,0.39674544,2.2082746,141.79701232910156,2.2591753005981445,3.2970123291015625,,0.023805143170408393,,0.10990041097005208,,,0.5799917020829245,0.4200082979170755,,,,,,
401831376,2025.0,2025-11-30,UTSA Roadrunners,South Alabama Jaguars,0.0,1.0,0.0,1.0,,,False,UTSA Convocation Center,2025-11-30 19:00:00+00:00,,2025-11-30 14:00,EST,2025-11-30T19:00:00Z,2025-11-30,,,southalabama::texassanantonio,83906e867dd1fced0dfbcd031eb1bb52,Fanatics,h2h,2h,2025-11-30 19:00:00+00:00,2025-11-30 00:04:08+00:00,UTSA Roadrunners,South Alabama Jaguars,105.0,-125.0,,,,,,,,2025-11-30,0.0,False,141.79701232910156,2.2591753005981445,69.67454,76.64568,0.39674544,2.2082746,76.64568,2.2082746,,,,,,0.4878048780487805,0.5555555555555556,0.578219324933636,0.42178067506636396,0.1765234439180514,-0.300993481100681,0.18534961611395395,-0.24079478488054484,1.05,0.8
401831376,2025.0,2025-11-30,UTSA Roadrunners,South Alabama Jaguars,0.0,1.0,0.0,1.0,,,False,UTSA Convocation Center,2025-11-30 19:00:00+00:00,,2025-11-30 14:00,EST,2025-11-30T19:00:00Z,2025-11-30,,,southalabama::texassanantonio,83906e867dd1fced0dfbcd031eb1bb52,Fanatics,spreads,full_game,2025-11-30 19:00:00+00:00,2025-11-30 00:04:08+00:00,UTSA Roadrunners,South Alabama Jaguars,,,1.5,-110.0,-1.5,-110.0,,,,2025-11-30,0.0,False,141.79701232910156,2.2591753005981445,69.67454,76.64568,0.39674544,2.2082746,141.79701232910156,2.2591753005981445,,3.7591753005981445,,2.5061168670654297,,,,0.5799917020829245,0.4200082979170755,,,,,,
401831376,2025.0,2025-11-30,UTSA Roadrunners,South Alabama Jaguars,0.0,1.0,0.0,1.0,,,False,UTSA Convocation Center,2025-11-30 19:00:00+00:00,,2025-11-30 14:00,EST,2025-11-30T19:00:00Z,2025-11-30,,,southalabama::texassanantonio,83906e867dd1fced0dfbcd031eb1bb52,Fanatics,totals,full_game,2025-11-30 19:00:00+00:00,2025-11-30 00:04:08+00:00,UTSA Roadrunners,South Alabama Jaguars,,,,,,,138.5,-110.0,-110.0,2025-11-30,0.0,False,141.79701232910156,2.2591753005981445,69.67454,76.64568,0.39674544,2.2082746,141.79701232910156,2.2591753005981445,3.2970123291015625,,0.023805143170408393,,0.10990041097005208,,,0.5799917020829245,0.4200082979170755,,,,,,
401831376,2025.0,2025-11-30,UTSA Roadrunners,South Alabama Jaguars,0.0,1.0,0.0,1.0,,,False,UTSA Convocation Center,2025-11-30 19:00:00+00:00,,2025-11-30 14:00,EST,2025-11-30T19:00:00Z,2025-11-30,,,southalabama::texassanantonio,83906e867dd1fced0dfbcd031eb1bb52,LowVig.ag,spreads,full_game,2025-11-30 19:00:00+00:00,2025-11-30 00:03:13+00:00,UTSA Roadrunners,South Alabama Jaguars,,,2.0,-106.0,-2.0,-106.0,,,,2025-11-30,0.0,False,141.79701232910156,2.2591753005981445,69.67454,76.64568,0.39674544,2.2082746,141.79701232910156,2.2591753005981445,,4.2591753005981445,,2.1295876502990723,,,,0.5799917020829245,0.4200082979170755,,,,,,
401831376,2025.0,2025-11-30,UTSA Roadrunners,South Alabama Jaguars,0.0,1.0,0.0,1.0,,,False,UTSA Convocation Center,2025-11-30 19:00:00+00:00,,2025-11-30 14:00,EST,2025-11-30T19:00:00Z,2025-11-30,,,southalabama::texassanantonio,83906e867dd1fced0dfbcd031eb1bb52,LowVig.ag,totals,full_game,2025-11-30 19:00:00+00:00,2025-11-30 00:03:13+00:00,UTSA Roadrunners,South Alabama Jaguars,,,,,,,138.5,-103.0,-113.0,2025-11-30,0.0,False,141.79701232910156,2.2591753005981445,69.67454,76.64568,0.39674544,2.2082746,141.79701232910156,2.2591753005981445,3.2970123291015625,,0.023805143170408393,,0.10990041097005208,,,0.5799917020829245,0.4200082979170755,,,,,,
401820189,,2025-11-30,,,,,,,,,,,,,,,,,,,coppinstate::loyolamd,606e4089775742fd5cfc8595046673d2,BetMGM,h2h,2h,2025-11-30 23:00:00+00:00,2025-11-30 19:31:23+00:00,Loyola (MD) Greyhounds,Coppin St Eagles,-625.0,450.0,,,,,,,,2025-11-30,0.0,True,138.78309631347656,13.904399871826172,68.43764,76.3968,5.002782,9.080086,76.3968,9.080086,,,,,,0.8620689655172413,0.18181818181818182,0.785355808922048,0.21464419107795196,-0.5561703853151517,0.04012067798416351,-0.08898726165042428,0.1805430509287358,0.16,4.5
401820189,,2025-11-30,,,,,,,,,,,,,,,,,,,coppinstate::loyolamd,606e4089775742fd5cfc8595046673d2,BetRivers,h2h,2h,2025-11-30 23:00:00+00:00,2025-11-30 19:31:25+00:00,Loyola (MD) Greyhounds,Coppin St Eagles,-625.0,410.0,,,,,,,,2025-11-30,0.0,True,138.78309631347656,13.904399871826172,68.43764,76.3968,5.002782,9.080086,76.3968,9.080086,,,,,,0.8620689655172413,0.19607843137254902,0.785355808922048,0.21464419107795196,-0.5561703853151517,0.02309399377989146,-0.08898726165042428,0.09468537449755499,0.16,4.1
401820189,,2025-11-30,,,,,,,,,,,,,,,,,,,coppinstate::loyolamd,606e4089775742fd5cfc8595046673d2,Bovada,h2h,2h,2025-11-30 23:00:00+00:00,2025-11-30 19:30:58+00:00,Loyola (MD) Greyhounds,Coppin St Eagles,-750.0,500.0,,,,,,,,2025-11-30,0.0,True,138.78309631347656,13.904399871826172,68.43764,76.3968,5.002782,9.080086,76.3968,9.080086,,,,,,0.8823529411764706,0.16666666666666666,0.785355808922048,0.21464419107795196,-0.8244756241625917,0.057573029293542355,-0.1099300832216789,0.2878651464677118,0.13333333333333333,5.0
401820189,,2025-11-30,,,,,,,,,,,,,,,,,,,coppinstate::loyolamd,606e4089775742fd5cfc8595046673d2,Caesars,h2h,2h,2025-11-30 23:00:00+00:00,2025-11-30 19:27:07+00:00,Loyola (MD) Greyhounds,Coppin St Eagles,-700.0,500.0,,,,,,,,2025-11-30,0.0,True,138.78309631347656,13.904399871826172,68.43764,76.3968,5.002782,9.080086,76.3968,9.080086,,,,,,0.875,0.16666666666666666,0.785355808922048,0.21464419107795196,-0.7171535286236157,0.057573029293542355,-0.10245050408908796,0.2878651464677118,0.14285714285714285,5.0
401820189,,2025-11-30,,,,,,,,,,,,,,,,,,,coppinstate::loyolamd,606e4089775742fd5cfc8595046673d2,DraftKings,h2h,2h,2025-11-30 23:00:00+00:00,2025-11-30 19:31:24+00:00,Loyola (MD) Greyhounds,Coppin St Eagles,-675.0,490.0,,,,,,,,2025-11-30,0.0,True,138.78309631347656,13.904399871826172,68.43764,76.3968,5.002782,9.080086,76.3968,9.080086,,,,,,0.8709677419354839,0.1694915254237288,0.785355808922048,0.21464419107795196,-0.6634924808541278,0.05436749537957483,-0.09829518234875967,0.2664007273599167,0.14814814814814814,4.9
401820189,,2025-11-30,,,,,,,,,,,,,,,,,,,coppinstate::loyolamd,606e4089775742fd5cfc8595046673d2,FanDuel,h2h,2h,2025-11-30 23:00:00+00:00,2025-11-30 19:31:10+00:00,Loyola (MD) Greyhounds,Coppin St Eagles,-850.0,570.0,,,,,,,,2025-11-30,0.0,True,138.78309631347656,13.904399871826172,68.43764,76.3968,5.002782,9.080086,76.3968,9.080086,,,,,,0.8947368421052632,0.14925373134328357,0.785355808922048,0.21464419107795196,-1.0,0.07686247021443475,-0.12224939002829925,0.4381160802222781,0.11764705882352941,5.7
401820189,,2025-11-30,,,,,,,,,,,,,,,,,,,coppinstate::loyolamd,606e4089775742fd5cfc8595046673d2,Fanatics,h2h,2h,2025-11-30 23:00:00+00:00,2025-11-30 19:31:09+00:00,Loyola (MD) Greyhounds,Coppin St Eagles,-800.0,550.0,,,,,,,,2025-11-30,0.0,True,138.78309631347656,13.904399871826172,68.43764,76.3968,5.002782,9.080086,76.3968,9.080086,,,,,,0.8888888888888888,0.15384615384615385,0.785355808922048,0.21464419107795196,-0.9317977197015677,0.07185222581939778,-0.11647471496269596,0.39518724200668776,0.125,5.5
401820189,,2025-11-30,,,,,,,,,,,,,,,,,,,coppinstate::loyolamd,606e4089775742fd5cfc8595046673d2,BetMGM,spreads,full_game,2025-11-30 23:00:00+00:00,2025-11-30 19:31:23+00:00,Loyola (MD) Greyhounds,Coppin St Eagles,,,-10.5,-110.0,10.5,-110.0,,,,2025-11-30,0.0,True,138.78309631347656,13.904399871826172,68.43764,76.3968,5.002782,9.080086,138.78309631347656,13.904399871826172,,3.404399871826172,,0.3242285592215402,,,,0.8793556899714725,0.12064431002852749,,,,,,
401820189,,2025-11-30,,,,,,,,,,,,,,,,,,,coppinstate::loyolamd,606e4089775742fd5cfc8595046673d2,BetOnline.ag,spreads,full_game,2025-11-30 23:00:00+00:00,2025-11-30 19:31:39+00:00,Loyola (MD) Greyhounds,Coppin St Eagles,,,-10.5,-115.0,10.5,-105.0,,,,2025-11-30,0.0,True,138.78309631347656,13.904399871826172,68.43764,76.3968,5.002782,9.080086,138.78309631347656,13.904399871826172,,3.404399871826172,,0.3242285592215402,,,,0.8793556899714725,0.12064431002852749,,,,,,
401820189,,2025-11-30,,,,,,,,,,,,,,,,,,,coppinstate::loyolamd,606e4089775742fd5cfc8595046673d2,BetRivers,spreads,full_game,2025-11-30 23:00:00+00:00,2025-11-30 19:31:25+00:00,Loyola (MD) Greyhounds,Coppin St Eagles,,,-10.5,-110.0,10.5,-113.0,,,,2025-11-30,0.0,True,138.78309631347656,13.904399871826172,68.43764,76.3968,5.002782,9.080086,138.78309631347656,13.904399871826172,,3.404399871826172,,0.3242285592215402,,,,0.8793556899714725,0.12064431002852749,,,,,,
401820189,,2025-11-30,,,,,,,,,,,,,,,,,,,coppinstate::loyolamd,606e4089775742fd5cfc8595046673d2,Bovada,spreads,full_game,2025-11-30 23:00:00+00:00,2025-11-30 19:30:58+00:00,Loyola (MD) Greyhounds,Coppin St Eagles,,,-11.0,-105.0,11.0,-115.0,,,,2025-11-30,0.0,True,138.78309631347656,13.904399871826172,68.43764,76.3968,5.002782,9.080086,138.78309631347656,13.904399871826172,,2.904399871826172,,0.26403635198419745,,,,0.8793556899714725,0.12064431002852749,,,,,,
401820189,,2025-11-30,,,,,,,,,,,,,,,,,,,coppinstate::loyolamd,606e4089775742fd5cfc8595046673d2,Caesars,spreads,full_game,2025-11-30 23:00:00+00:00,2025-11-30 19:27:07+00:00,Loyola (MD) Greyhounds,Coppin St Eagles,,,-10.5,-110.0,10.5,-110.0,,,,2025-11-30,0.0,True,138.78309631347656,13.904399871826172,68.43764,76.3968,5.002782,9.080086,138.78309631347656,13.904399871826172,,3.404399871826172,,0.3242285592215402,,,,0.8793556899714725,0.12064431002852749,,,,,,
401820189,,2025-11-30,,,,,,,,,,,,,,,,,,,coppinstate::loyolamd,606e4089775742fd5cfc8595046673d2,DraftKings,spreads,full_game,2025-11-30 23:00:00+00:00,2025-11-30 19:31:24+00:00,Loyola (MD) Greyhounds,Coppin St Eagles,,,-10.5,-112.0,10.5,-108.0,,,,2025-11-30,0.0,True,138.78309631347656,13.904399871826172,68.43764,76.3968,5.002782,9.080086,138.78309631347656,13.904399871826172,,3.404399871826172,,0.3242285592215402,,,,0.8793556899714725,0.12064431002852749,,,,,,
401820189,,2025-11-30,,,,,,,,,,,,,,,,,,,coppinstate::loyolamd,606e4089775742fd5cfc8595046673d2,FanDuel,spreads,full_game,2025-11-30 23:00:00+00:00,2025-11-30 19:31:10+00:00,Loyola (MD) Greyhounds,Coppin St Eagles,,,-11.5,-110.0,11.5,-110.0,,,,2025-11-30,0.0,True,138.78309631347656,13.904399871826172,68.43764,76.3968,5.002782,9.080086,138.78309631347656,13.904399871826172,,2.404399871826172,,0.20907824972401495,,,,0.8793556899714725,0.12064431002852749,,,,,,
401820189,,2025-11-30,,,,,,,,,,,,,,,,,,,coppinstate::loyolamd,606e4089775742fd5cfc8595046673d2,Fanatics,spreads,full_game,2025-11-30 23:00:00+00:00,2025-11-30 19:31:09+00:00,Loyola (MD) Greyhounds,Coppin St Eagles,,,-11.0,-110.0,11.0,-110.0,,,,2025-11-30,0.0,True,138.78309631347656,13.904399871826172,68.43764,76.3968,5.002782,9.080086,138.78309631347656,13.904399871826172,,2.904399871826172,,0.26403635198419745,,,,0.8793556899714725,0.12064431002852749,,,,,,
401820189,,2025-11-30,,,,,,,,,,,,,,,,,,,coppinstate::loyolamd,606e4089775742fd5cfc8595046673d2,LowVig.ag,spreads,full_game,2025-11-30 23:00:00+00:00,2025-11-30 19:31:10+00:00,Loyola (MD) Greyhounds,Coppin St Eagles,,,-10.5,-111.0,10.5,-101.0,,,,2025-11-30,0.0,True,138.78309631347656,13.904399871826172,68.43764,76.3968,5.002782,9.080086,138.78309631347656,13.904399871826172,,3.404399871826172,,0.3242285592215402,,,,0.8793556899714725,0.12064431002852749,,,,,,
401820189,,2025-11-30,,,,,,,,,,,,,,,,,,,coppinstate::loyolamd,606e4089775742fd5cfc8595046673d2,BetMGM,totals,full_game,2025-11-30 23:00:00+00:00,2025-11-30 19:31:23+00:00,Loyola (MD) Greyhounds,Coppin St Eagles,,,,,,,141.5,-110.0,-110.0,2025-11-30,0.0,True,138.78309631347656,13.904399871826172,68.43764,76.3968,5.002782,9.080086,138.78309631347656,13.904399871826172,-2.7169036865234375,,-0.01920073276695009,,-0.09056345621744792,,,0.8793556899714725,0.12064431002852749,,,,,,
401820189,,2025-11-30,,,,,,,,,,,,,,,,,,,coppinstate::loyolamd,606e4089775742fd5cfc8595046673d2,BetOnline.ag,totals,full_game,2025-11-30 23:00:00+00:00,2025-11-30 19:31:39+00:00,Loyola (MD) Greyhounds,Coppin St Eagles,,,,,,,141.5,-115.0,-105.0,2025-11-30,0.0,True,138.78309631347656,13.904399871826172,68.43764,76.3968,5.002782,9.080086,138.78309631347656,13.904399871826172,-2.7169036865234375,,-0.01920073276695009,,-0.09056345621744792,,,0.8793556899714725,0.12064431002852749,,,,,,
401820189,,2025-11-30,,,,,,,,,,,,,,,,,,,coppinstate::loyolamd,606e4089775742fd5cfc8595046673d2,BetRivers,totals,full_game,2025-11-30 23:00:00+00:00,2025-11-30 19:31:25+00:00,Loyola (MD) Greyhounds,Coppin St Eagles,,,,,,,142.0,-112.0,-112.0,2025-11-30,0.0,True,138.78309631347656,13.904399871826172,68.43764,76.3968,5.002782,9.080086,138.78309631347656,13.904399871826172,-3.2169036865234375,,-0.022654251313545336,,-0.10723012288411458,,,0.8793556899714725,0.12064431002852749,,,,,,
401820189,,2025-11-30,,,,,,,,,,,,,,,,,,,coppinstate::loyolamd,606e4089775742fd5cfc8595046673d2,Bovada,totals,full_game,2025-11-30 23:00:00+00:00,2025-11-30 19:30:58+00:00,Loyola (MD) Greyhounds,Coppin St Eagles,,,,,,,141.0,-110.0,-110.0,2025-11-30,0.0,True,138.78309631347656,13.904399871826172,68.43764,76.3968,5.002782,9.080086,138.78309631347656,13.904399871826172,-2.2169036865234375,,-0.015722721181017286,,-0.07389678955078124,,,0.8793556899714725,0.12064431002852749,,,,,,
401820189,,2025-11-30,,,,,,,,,,,,,,,,,,,coppinstate::loyolamd,606e4089775742fd5cfc8595046673d2,Caesars,totals,full_game,2025-11-30 23:00:00+00:00,2025-11-30 19:27:07+00:00,Loyola (MD) Greyhounds,Coppin St Eagles,,,,,,,141.5,-110.0,-110.0,2025-11-30,0.0,True,138.78309631347656,13.904399871826172,68.43764,76.3968,5.002782,9.080086,138.78309631347656,13.904399871826172,-2.7169036865234375,,-0.01920073276695009,,-0.09056345621744792,,,0.8793556899714725,0.12064431002852749,,,,,,
401820189,,2025-11-30,,,,,,,,,,,,,,,,,,,coppinstate::loyolamd,606e4089775742fd5cfc8595046673d2,DraftKings,totals,full_game,2025-11-30 23:00:00+00:00,2025-11-30 19:31:24+00:00,Loyola (MD) Greyhounds,Coppin St Eagles,,,,,,,141.5,-108.0,-112.0,2025-11-30,0.0,True,138.78309631347656,13.904399871826172,68.43764,76.3968,5.002782,9.080086,138.78309631347656,13.904399871826172,-2.7169036865234375,,-0.01920073276695009,,-0.09056345621744792,,,0.8793556899714725,0.12064431002852749,,,,,,
401820189,,2025-11-30,,,,,,,,,,,,,,,,,,,coppinstate::loyolamd,606e4089775742fd5cfc8595046673d2,FanDuel,totals,full_game,2025-11-30 23:00:00+00:00,2025-11-30 19:31:10+00:00,Loyola (MD) Greyhounds,Coppin St Eagles,,,,,,,141.5,-110.0,-110.0,2025-11-30,0.0,True,138.78309631347656,13.904399871826172,68.43764,76.3968,5.002782,9.080086,138.78309631347656,13.904399871826172,-2.7169036865234375,,-0.01920073276695009,,-0.09056345621744792,,,0.8793556899714725,0.12064431002852749,,,,,,
401820189,,2025-11-30,,,,,,,,,,,,,,,,,,,coppinstate::loyolamd,606e4089775742fd5cfc8595046673d2,Fanatics,totals,full_game,2025-11-30 23:00:00+00:00,2025-11-30 19:31:09+00:00,Loyola (MD) Greyhounds,Coppin St Eagles,,,,,,,141.0,-110.0,-110.0,2025-11-30,0.0,True,138.78309631347656,13.904399871826172,68.43764,76.3968,5.002782,9.080086,138.78309631347656,13.904399871826172,-2.2169036865234375,,-0.015722721181017286,,-0.07389678955078124,,,0.8793556899714725,0.12064431002852749,,,,,,
401820189,,2025-11-30,,,,,,,,,,,,,,,,,,,coppinstate::loyolamd,606e4089775742fd5cfc8595046673d2,LowVig.ag,totals,full_game,2025-11-30 23:00:00+00:00,2025-11-30 19:31:10+00:00,Loyola (MD) Greyhounds,Coppin St Eagles,,,,,,,141.5,-113.0,-103.0,2025-11-30,0.0,True,138.78309631347656,13.904399871826172,68.43764,76.3968,5.002782,9.080086,138.78309631347656,13.904399871826172,-2.7169036865234375,,-0.01920073276695009,,-0.09056345621744792,,,0.8793556899714725,0.12064431002852749,,,,,,
401823310,,2025-11-30,,,,,,,,,,,,,,,,,,,longbeachstate49ers::sandiegotoreros,37ab7144837e1f0a17751575238094fe,BetMGM,h2h,2h,2025-11-30 22:00:00+00:00,2025-11-30 19:31:23+00:00,Long Beach St 49ers,San Diego Toreros,125.0,-150.0,,,,,,,,2025-11-30,0.0,True,141.16860555013022,5.465328426361084,69.02815,76.42863,1.5619221,4.2702026,76.42863,4.2702026,,,,,,0.4444444444444444,0.6,0.6479474043093753,0.35205259569062475,0.3663053277568754,-0.6198685107734382,0.4578816596960943,-0.41324567384895877,1.25,0.6666666666666666
401823310,,2025-11-30,,,,,,,,,,,,,,,,,,,longbeachstate49ers::sandiegotoreros,37ab7144837e1f0a17751575238094fe,BetOnline.ag,h2h,2h,2025-11-30 22:00:00+00:00,2025-11-30 19:31:39+00:00,Long Beach St 49ers,San Diego Toreros,130.0,-150.0,,,,,,,,2025-11-30,0.0,True,141.16860555013022,5.465328426361084,69.02815,76.42863,1.5619221,4.2702026,76.42863,4.2702026,,,,,,0.43478260869565216,0.6,0.6479474043093753,0.35205259569062475,0.377137715316587,-0.6198685107734382,0.49027902991156314,-0.41324567384895877,1.3,0.6666666666666666
401823310,,2025-11-30,,,,,,,,,,,,,,,,,,,longbeachstate49ers::sandiegotoreros,37ab7144837e1f0a17751575238094fe,BetRivers,h2h,2h,2025-11-30 22:00:00+00:00,2025-11-30 19:31:25+00:00,Long Beach St 49ers,San Diego Toreros,117.0,-143.0,,,,,,,,2025-11-30,0.0,True,141.16860555013022,5.465328426361084,69.02815,76.42863,1.5619221,4.2702026,76.42863,4.2702026,,,,,,0.4608294930875576,0.588477366255144,0.6479474043093753,0.35205259569062475,0.34704774987294384,-0.5745121924717819,0.4060458673513443,-0.40175677795229503,1.17,0.6993006993006993
401823310,,2025-11-30,,,,,,,,,,,,,,,,,,,longbeachstate49ers::sandiegotoreros,37ab7144837e1f0a17751575238094fe,BetUS,h2h,2h,2025-11-30 22:00:00+00:00,2025-11-30 19:30:11+00:00,Long Beach St 49ers,San Diego Toreros,129.0,-150.0,,,,,,,,2025-11-30,0.0,True,141.16860555013022,5.465328426361084,69.02815,76.42863,1.5619221,4.2702026,76.42863,4.2702026,,,,,,0.4366812227074236,0.6,0.6479474043093753,0.35205259569062475,0.3750384154019142,-0.6198685107734382,0.48379955586846934,-0.41324567384895877,1.29,0.6666666666666666
401823310,,2025-11-30,,,,,,,,,,,,,,,,,,,longbeachstate49ers::sandiegotoreros,37ab7144837e1f0a17751575238094fe,Bovada,h2h,2h,2025-11-30 22:00:00+00:00,2025-11-30 19:30:58+00:00,Long Beach St 49ers,San Diego Toreros,130.0,-150.0,,,,,,,,2025-11-30,0.0,True,141.16860555013022,5.465328426361084,69.02815,76.42863,1.5619221,4.2702026,76.42863,4.2702026,,,,,,0.43478260869565216,0.6,0.6479474043093753,0.35205259569062475,0.377137715316587,-0.6198685107734382,0.49027902991156314,-0.41324567384895877,1.3,0.6666666666666666
401823310,,2025-11-30,,,,,,,,,,,,,,,,,,,longbeachstate49ers::sandiegotoreros,37ab7144837e1f0a17751575238094fe,Caesars,h2h,2h,2025-11-30 22:00:00+00:00,2025-11-30 19:27:07+00:00,Long Beach St 49ers,San Diego Toreros,130.0,-155.0,,,,,,,,2025-11-30,0.0,True,141.16860555013022,5.465328426361084,69.02815,76.42863,1.5619221,4.2702026,76.42863,4.2702026,,,,,,0.43478260869565216,0.6078431372549019,0.6479474043093753,0.35205259569062475,0.377137715316587,-0.6522658809889069,0.49027902991156314,-0.420816697412198,1.3,0.6451612903225806
401823310,,2025-11-30,,,,,,,,,,,,,,,,,,,longbeachstate49ers::sandiegotoreros,37ab7144837e1f0a17751575238094fe,DraftKings,h2h,2h,2025-11-30 22:00:00+00:00,2025-11-30 19:31:24+00:00,Long Beach St 49ers,San Diego Toreros,130.0,-155.0,,,,,,,,2025-11-30,0.0,True,141.16860555013022,5.465328426361084,69.02815,76.42863,1.5619221,4.2702026,76.42863,4.2702026,,,,,,0.43478260869565216,0.6078431372549019,0.6479474043093753,0.35205259569062475,0.377137715316587,-0.6522658809889069,0.49027902991156314,-0.420816697412198,1.3,0.6451612903225806
401823310,,2025-11-30,,,,,,,,,,,,,,,,,,,longbeachstate49ers::sandiegotoreros,37ab7144837e1f0a17751575238094fe,FanDuel,h2h,2h,2025-11-30 22:00:00+00:00,2025-11-30 19:31:10+00:00,Long Beach St 49ers,San Diego Toreros,134.0,-162.0,,,,,,,,2025-11-30,0.0,True,141.16860555013022,5.465328426361084,69.02815,76.42863,1.5619221,4.2702026,76.42863,4.2702026,,,,,,0.42735042735042733,0.6183206106870229,0.6479474043093753,0.35205259569062475,0.3852215866298046,-0.6976221992905632,0.5161969260839382,-0.43063098721639703,1.34,0.6172839506172839
401823310,,2025-11-30,,,,,,,,,,,,,,,,,,,longbeachstate49ers::sandiegotoreros,37ab7144837e1f0a17751575238094fe,Fanatics,h2h,2h,2025-11-30 22:00:00+00:00,2025-11-30 19:31:09+00:00,Long Beach St 49ers,San Diego Toreros,125.0,-150.0,,,,,,,,2025-11-30,0.0,True,141.16860555013022,5.465328426361084,69.02815,76.42863,1.5619221,4.2702026,76.42863,4.2702026,,,,,,0.4444444444444444,0.6,0.6479474043093753,0.35205259569062475,0.3663053277568754,-0.6198685107734382,0.4578816596960943,-0.41324567384895877,1.25,0.6666666666666666
401823310,,2025-11-30,,,,,,,,,,,,,,,,,,,longbeachstate49ers::sandiegotoreros,37ab7144837e1f0a17751575238094fe,LowVig.ag,h2h,2h,2025-11-30 22:00:00+00:00,2025-11-30 19:31:10+00:00,Long Beach St 49ers,San Diego Toreros,130.0,-150.0,,,,,,,,2025-11-30,0.0,True,141.16860555013022,5.465328426361084,69.02815,76.42863,1.5619221,4.2702026,76.42863,4.2702026,,,,,,0.43478260869565216,0.6,0.6479474043093753,0.35205259569062475,0.377137715316587,-0.6198685107734382,0.49027902991156314,-0.41324567384895877,1.3,0.6666666666666666
401823310,,2025-11-30,,,,,,,,,,,,,,,,,,,longbeachstate49ers::sandiegotoreros,37ab7144837e1f0a17751575238094fe,BetMGM,spreads,full_game,2025-11-30 22:00:00+00:00,2025-11-30 19:31:23+00:00,Long Beach St 49ers,San Diego Toreros,,,2.5,-110.0,-2.5,-110.0,,,,2025-11-30,0.0,True,141.16860555013022,5.465328426361084,69.02815,76.42863,1.5619221,4.2702026,141.16860555013022,5.465328426361084,,7.965328426361084,,3.1861313705444334,,,,0.6858441475852759,0.3141558524147241,,,,,,
401823310,,2025-11-30,,,,,,,,,,,,,,,,,,,longbeachstate49ers::sandiegotoreros,37ab7144837e1f0a17751575238094fe,BetOnline.ag,spreads,full_game,2025-11-30 22:00:00+00:00,2025-11-30 19:31:39+00:00,Long Beach St 49ers,San Diego Toreros,,,3.0,-112.0,-3.0,-108.0,,,,2025-11-30,0.0,True,141.16860555013022,5.465328426361084,69.02815,76.42863,1.5619221,4.2702026,141.16860555013022,5.465328426361084,,8.465328426361083,,2.821776142120361,,,,0.6858441475852759,0.3141558524147241,,,,,,
401823310,,2025-11-30,,,,,,,,,,,,,,,,,,,longbeachstate49ers::sandiegotoreros,37ab7144837e1f0a17751575238094fe,BetRivers,spreads,full_game,2025-11-30 22:00:00+00:00,2025-11-30 19:31:25+00:00,Long Beach St 49ers,San Diego Toreros,,,2.5,-110.0,-2.5,-113.0,,,,2025-11-30,0.0,True,141.16860555013022,5.465328426361084,69.02815,76.42863,1.5619221,4.2702026,141.16860555013022,5.465328426361084,,7.965328426361084,,3.1861313705444334,,,,0.6858441475852759,0.3141558524147241,,,,,,
401823310,,2025-11-30,,,,,,,,,,,,,,,,,,,longbeachstate49ers::sandiegotoreros,37ab7144837e1f0a17751575238094fe,BetUS,spreads,full_game,2025-11-30 22:00:00+00:00,2025-11-30 19:30:11+00:00,Long Beach St 49ers,San Diego Toreros,,,3.0,-110.0,-3.0,-110.0,,,,2025-11-30,0.0,True,141.16860555013022,5.465328426361084,69.02815,76.42863,1.5619221,4.2702026,141.16860555013022,5.465328426361084,,8.465328426361083,,2.821776142120361,,,,0.6858441475852759,0.3141558524147241,,,,,,
401823310,,2025-11-30,,,,,,,,,,,,,,,,,,,longbeachstate49ers::sandiegotoreros,37ab7144837e1f0a17751575238094fe,Bovada,spreads,full_game,2025-11-30 22:00:00+00:00,2025-11-30 19:30:58+00:00,Long Beach St 49ers,San Diego Toreros,,,2.5,-105.0,-2.5,-115.0,,,,2025-11-30,0.0,True,141.16860555013022,5.465328426361084,69.02815,76.42863,1.5619221,4.2702026,141.16860555013022,5.465328426361084,,7.965328426361084,,3.1861313705444334,,,,0.6858441475852759,0.3141558524147241,,,,,,
401823310,,2025-11-30,,,,,,,,,,,,,,,,,,,longbeachstate49ers::sandiegotoreros,37ab7144837e1f0a17751575238094fe,Caesars,spreads,full_game,2025-11-30 22:00:00+00:00,2025-11-30 19:27:07+00:00,Long Beach St 49ers,San Diego Toreros,,,3.0,-110.0,-3.0,-110.0,,,,2025-11-30,0.0,True,141.16860555013022,5.465328426361084,69.02815,76.42863,1.5619221,4.2702026,141.16860555013022,5.465328426361084,,8.465328426361083,,2.821776142120361,,,,0.6858441475852759,0.3141558524147241,,,,,,
401823310,,2025-11-30,,,,,,,,,,,,,,,,,,,longbeachstate49ers::sandiegotoreros,37ab7144837e1f0a17751575238094fe,DraftKings,spreads,full_game,2025-11-30 22:00:00+00:00,2025-11-30 19:31:24+00:00,Long Beach St 49ers,San Diego Toreros,,,2.5,-108.0,-2.5,-112.0,,,,2025-11-30,0.0,True,141.16860555013022,5.465328426361084,69.02815,76.42863,1.5619221,4.2702026,141.16860555013022,5.465328426361084,,7.965328426361084,,3.1861313705444334,,,,0.6858441475852759,0.3141558524147241,,,,,,
401823310,,2025-11-30,,,,,,,,,,,,,,,,,,,longbeachstate49ers::sandiegotoreros,37ab7144837e1f0a17751575238094fe,FanDuel,spreads,full_game,2025-11-30 22:00:00+00:00,2025-11-30 19:31:10+00:00,Long Beach St 49ers,San Diego Toreros,,,2.5,-105.0,-2.5,-115.0,,,,2025-11-30,0.0,True,141.16860555013022,5.465328426361084,69.02815,76.42863,1.5619221,4.2702026,141.16860555013022,5.465328426361084,,7.965328426361084,,3.1861313705444334,,,,0.6858441475852759,0.3141558524147241,,,,,,
401823310,,2025-11-30,,,,,,,,,,,,,,,,,,,longbeachstate49ers::sandiegotoreros,37ab7144837e1f0a17751575238094fe,Fanatics,spreads,full_game,2025-11-30 22:00:00+00:00,2025-11-30 19:31:09+00:00,Long Beach St 49ers,San Diego Toreros,,,2.5,-110.0,-2.5,-110.0,,,,2025-11-30,0.0,True,141.16860555013022,5.465328426361084,69.02815,76.42863,1.5619221,4.2702026,141.16860555013022,5.465328426361084,,7.965328426361084,,3.1861313705444334,,,,0.6858441475852759,0.3141558524147241,,,,,,
401823310,,2025-11-30,,,,,,,,,,,,,,,,,,,longbeachstate49ers::sandiegotoreros,37ab7144837e1f0a17751575238094fe,LowVig.ag,spreads,full_game,2025-11-30 22:00:00+00:00,2025-11-30 19:31:10+00:00,Long Beach St 49ers,San Diego Toreros,,,3.0,-108.0,-3.0,-104.0,,,,2025-11-30,0.0,True,141.16860555013022,5.465328426361084,69.02815,76.42863,1.5619221,4.2702026,141.16860555013022,5.465328426361084,,8.465328426361083,,2.821776142120361,,,,0.6858441475852759,0.3141558524147241,,,,,,
401823310,,2025-11-30,,,,,,,,,,,,,,,,,,,longbeachstate49ers::sandiegotoreros,37ab7144837e1f0a17751575238094fe,BetMGM,totals,full_game,2025-11-30 22:00:00+00:00,2025-11-30 19:31:23+00:00,Long Beach St 49ers,San Diego Toreros,,,,,,,146.5,-115.0,-105.0,2025-11-30,0.0,True,141.16860555013022,5.465328426361084,69.02815,76.42863,1.5619221,4.2702026,141.16860555013022,5.465328426361084,-5.3313944498697765,,-0.036391770988872196,,-0.17771314832899254,,,0.6858441475852759,0.3141558524147241,,,,,,
401823310,,2025-11-30,,,,,,,,,,,,,,,,,,,longbeachstate49ers::sandiegotoreros,37ab7144837e1f0a17751575238094fe,BetOnline.ag,totals,full_game,2025-11-30 22:00:00+00:00,2025-11-30 19:31:39+00:00,Long Beach St 49ers,San Diego Toreros,,,,,,,147.0,-105.0,-115.0,2025-11-30,0.0,True,141.16860555013022,5.465328426361084,69.02815,76.42863,1.5619221,4.2702026,141.16860555013022,5.465328426361084,-5.8313944498697765,,-0.039669349999114124,,-0.1943798149956592,,,0.6858441475852759,0.3141558524147241,,,,,,
401823310,,2025-11-30,,,,,,,,,,,,,,,,,,,longbeachstate49ers::sandiegotoreros,37ab7144837e1f0a17751575238094fe,BetRivers,totals,full_game,2025-11-30 22:00:00+00:00,2025-11-30 19:31:25+00:00,Long Beach St 49ers,San Diego Toreros,,,,,,,147.5,-112.0,-112.0,2025-11-30,0.0,True,141.16860555013022,5.465328426361084,69.02815,76.42863,1.5619221,4.2702026,141.16860555013022,5.465328426361084,-6.3313944498697765,,-0.042924708134710346,,-0.2110464816623259,,,0.6858441475852759,0.3141558524147241,,,,,,
401823310,,2025-11-30,,,,,,,,,,,,,,,,,,,longbeachstate49ers::sandiegotoreros,37ab7144837e1f0a17751575238094fe,BetUS,totals,full_game,2025-11-30 22:00:00+00:00,2025-11-30 19:30:11+00:00,Long Beach St 49ers,San Diego Toreros,,,,,,,147.5,-110.0,-110.0,2025-11-30,0.0,True,141.16860555013022,5.465328426361084,69.02815,76.42863,1.5619221,4.2702026,141.16860555013022,5.465328426361084,-6.3313944498697765,,-0.042924708134710346,,-0.2110464816623259,,,0.6858441475852759,0.3141558524147241,,,,,,
401823310,,2025-11-30,,,,,,,,,,,,,,,,,,,longbeachstate49ers::sandiegotoreros,37ab7144837e1f0a17751575238094fe,Bovada,totals,full_game,2025-11-30 22:00:00+00:00,2025-11-30 19:30:58+00:00,Long Beach St 49ers,San Diego Toreros,,,,,,,147.5,-110.0,-110.0,2025-11-30,0.0,True,141.16860555013022,5.465328426361084,69.02815,76.42863,1.5619221,4.2702026,141.16860555013022,5.465328426361084,-6.3313944498697765,,-0.042924708134710346,,-0.2110464816623259,,,0.6858441475852759,0.3141558524147241,,,,,,
401823310,,2025-11-30,,,,,,,,,,,,,,,,,,,longbeachstate49ers::sandiegotoreros,37ab7144837e1f0a17751575238094fe,Caesars,totals,full_game,2025-11-30 22:00:00+00:00,2025-11-30 19:27:07+00:00,Long Beach St 49ers,San Diego Toreros,,,,,,,147.0,-110.0,-110.0,2025-11-30,0.0,True,141.16860555013022,5.465328426361084,69.02815,76.42863,1.5619221,4.2702026,141.16860555013022,5.465328426361084,-5.8313944498697765,,-0.039669349999114124,,-0.1943798149956592,,,0.6858441475852759,0.3141558524147241,,,,,,
401823310,,2025-11-30,,,,,,,,,,,,,,,,,,,longbeachstate49ers::sandiegotoreros,37ab7144837e1f0a17751575238094fe,DraftKings,totals,full_game,2025-11-30 22:00:00+00:00,2025-11-30 19:31:24+00:00,Long Beach St 49ers,San Diego Toreros,,,,,,,146.5,-112.0,-108.0,2025-11-30,0.0,True,141.16860555013022,5.465328426361084,69.02815,76.42863,1.5619221,4.2702026,141.16860555013022,5.465328426361084,-5.3313944498697765,,-0.036391770988872196,,-0.17771314832899254,,,0.6858441475852759,0.3141558524147241,,,,,,
401823310,,2025-11-30,,,,,,,,,,,,,,,,,,,longbeachstate49ers::sandiegotoreros,37ab7144837e1f0a17751575238094fe,FanDuel,totals,full_game,2025-11-30 22:00:00+00:00,2025-11-30 19:31:10+00:00,Long Beach St 49ers,San Diego Toreros,,,,,,,147.5,-110.0,-110.0,2025-11-30,0.0,True,141.16860555013022,5.465328426361084,69.02815,76.42863,1.5619221,4.2702026,141.16860555013022,5.465328426361084,-6.3313944498697765,,-0.042924708134710346,,-0.2110464816623259,,,0.6858441475852759,0.3141558524147241,,,,,,
401823310,,2025-11-30,,,,,,,,,,,,,,,,,,,longbeachstate49ers::sandiegotoreros,37ab7144837e1f0a17751575238094fe,Fanatics,totals,full_game,2025-11-30 22:00:00+00:00,2025-11-30 19:31:09+00:00,Long Beach St 49ers,San Diego Toreros,,,,,,,147.5,-110.0,-110.0,2025-11-30,0.0,True,141.16860555013022,5.465328426361084,69.02815,76.42863,1.5619221,4.2702026,141.16860555013022,5.465328426361084,-6.3313944498697765,,-0.042924708134710346,,-0.2110464816623259,,,0.6858441475852759,0.3141558524147241,,,,,,
401823310,,2025-11-30,,,,,,,,,,,,,,,,,,,longbeachstate49ers::sandiegotoreros,37ab7144837e1f0a17751575238094fe,LowVig.ag,totals,full_game,2025-11-30 22:00:00+00:00,2025-11-30 19:31:10+00:00,Long Beach St 49ers,San Diego Toreros,,,,,,,147.0,-103.0,-113.0,2025-11-30,0.0,True,141.16860555013022,5.465328426361084,69.02815,76.42863,1.5619221,4.2702026,141.16860555013022,5.465328426361084,-5.8313944498697765,,-0.039669349999114124,,-0.1943798149956592,,,0.6858441475852759,0.3141558524147241,,,,,,
401826735,,2025-11-30,,,,,,,,,,,,,,,,,,,appalachianstate::uncasheville,0d30c737fbe372d74bad9cb3eb7c92fc,FanDuel,h2h,2h,2025-11-30 18:30:00+00:00,2025-11-30 00:03:55+00:00,UNC Asheville Bulldogs,Appalachian St Mountaineers,-166.0,138.0,,,,,,,,2025-11-30,0.0,True,142.9356231689453,3.825753688812256,68.44503,72.38146,0.19519758,1.3809603,72.38146,1.3809603,,,,,,0.6240601503759399,0.42016806722689076,0.5491606719908882,0.45083932800911175,-0.19923261250423716,0.052896812073685455,-0.12001964608688986,0.07299760066168592,0.6024096385542169,1.38
401826735,,2025-11-30,,,,,,,,,,,,,,,,,,,appalachianstate::uncasheville,0d30c737fbe372d74bad9cb3eb7c92fc,Fanatics,h2h,2h,2025-11-30 18:30:00+00:00,2025-11-30 00:04:08+00:00,UNC Asheville Bulldogs,Appalachian St Mountaineers,-160.0,130.0,,,,,,,,2025-11-30,0.0,True,142.9356231689453,3.825753688812256,68.44503,72.38146,0.19519758,1.3809603,72.38146,1.3809603,,,,,,0.6153846153846154,0.43478260869565216,0.5491606719908882,0.45083932800911175,-0.17218225282369054,0.028408041862274608,-0.10761390801480658,0.03693045442095699,0.625,1.3
401826735,,2025-11-30,,,,,,,,,,,,,,,,,,,appalachianstate::uncasheville,0d30c737fbe372d74bad9cb3eb7c92fc,FanDuel,spreads,full_game,2025-11-30 18:30:00+00:00,2025-11-30 00:03:55+00:00,UNC Asheville Bulldogs,Appalachian St Mountaineers,,,-2.5,-120.0,2.5,-102.0,,,,2025-11-30,0.0,True,142.9356231689453,3.825753688812256,68.44503,72.38146,0.19519758,1.3809603,142.9356231689453,3.825753688812256,,1.3257536888122559,,0.5303014755249024,,,,0.6333315997673659,0.36666840023263414,,,,,,
401826735,,2025-11-30,,,,,,,,,,,,,,,,,,,appalachianstate::uncasheville,0d30c737fbe372d74bad9cb3eb7c92fc,Fanatics,spreads,full_game,2025-11-30 18:30:00+00:00,2025-11-30 00:04:08+00:00,UNC Asheville Bulldogs,Appalachian St Mountaineers,,,-3.0,-110.0,3.0,-110.0,,,,2025-11-30,0.0,True,142.9356231689453,3.825753688812256,68.44503,72.38146,0.19519758,1.3809603,142.9356231689453,3.825753688812256,,0.8257536888122559,,0.27525122960408527,,,,0.6333315997673659,0.36666840023263414,,,,,,
401826735,,2025-11-30,,,,,,,,,,,,,,,,,,,appalachianstate::uncasheville,0d30c737fbe372d74bad9cb3eb7c92fc,FanDuel,totals,full_game,2025-11-30 18:30:00+00:00,2025-11-30 00:03:55+00:00,UNC Asheville Bulldogs,Appalachian St Mountaineers,,,,,,,140.5,-110.0,-110.0,2025-11-30,0.0,True,142.9356231689453,3.825753688812256,68.44503,72.38146,0.19519758,1.3809603,142.9356231689453,3.825753688812256,2.4356231689453125,,0.017335396220251334,,0.08118743896484375,,,0.6333315997673659,0.36666840023263414,,,,,,
401826735,,2025-11-30,,,,,,,,,,,,,,,,,,,appalachianstate::uncasheville,0d30c737fbe372d74bad9cb3eb7c92fc,Fanatics,totals,full_game,2025-11-30 18:30:00+00:00,2025-11-30 00:04:08+00:00,UNC Asheville Bulldogs,Appalachian St Mountaineers,,,,,,,140.5,-110.0,-110.0,2025-11-30,0.0,True,142.9356231689453,3.825753688812256,68.44503,72.38146,0.19519758,1.3809603,142.9356231689453,3.825753688812256,2.4356231689453125,,0.017335396220251334,,0.08118743896484375,,,0.6333315997673659,0.36666840023263414,,,,,,
401827042,,2025-11-30,,,,,,,,,,,,,,,,,,,northtexas::prairieview,d87754e170cc9b2cebee202b6912c23b,BetMGM,h2h,2h,2025-11-30 21:00:00+00:00,2025-11-30 19:31:23+00:00,North Texas Mean Green,Prairie View Panthers,-2000.0,950.0,,,,,,,,2025-11-30,0.0,True,143.4924774169922,18.629669189453125,70.45133,77.54063,7.9737263,10.798427,77.54063,10.798427,,,,,,0.9523809523809523,0.09523809523809523,0.8238470770742902,0.17615292292570983,-1.0,0.0894321779705214,-0.13496056907199533,0.8496056907199533,0.05,9.5
401827042,,2025-11-30,,,,,,,,,,,,,,,,,,,northtexas::prairieview,d87754e170cc9b2cebee202b6912c23b,BetRivers,h2h,2h,2025-11-30 21:00:00+00:00,2025-11-30 19:31:25+00:00,North Texas Mean Green,Prairie View Panthers,-1667.0,750.0,,,,,,,,2025-11-30,0.0,True,143.4924774169922,18.629669189453125,70.45133,77.54063,7.9737263,10.798427,77.54063,10.798427,,,,,,0.9434069043576684,0.11764705882352941,0.8238470770742902,0.17615292292570983,-1.0,0.06630664598247114,-0.1267319824893397,0.4972998448685336,0.059988002399520096,7.5
401827042,,2025-11-30,,,,,,,,,,,,,,,,,,,northtexas::prairieview,d87754e170cc9b2cebee202b6912c23b,Caesars,h2h,2h,2025-11-30 21:00:00+00:00,2025-11-30 19:27:07+00:00,North Texas Mean Green,Prairie View Panthers,-2000.0,1050.0,,,,,,,,2025-11-30,0.0,True,143.4924774169922,18.629669189453125,70.45133,77.54063,7.9737263,10.798427,77.54063,10.798427,,,,,,0.9523809523809523,0.08695652173913043,0.8238470770742902,0.17615292292570983,-1.0,0.09769129653768219,-0.13496056907199533,1.025758613645663,0.05,10.5
401827042,,2025-11-30,,,,,,,,,,,,,,,,,,,northtexas::prairieview,d87754e170cc9b2cebee202b6912c23b,DraftKings,h2h,2h,2025-11-30 21:00:00+00:00,2025-11-30 19:31:24+00:00,North Texas Mean Green,Prairie View Panthers,-2100.0,1100.0,,,,,,,,2025-11-30,0.0,True,143.4924774169922,18.629669189453125,70.45133,77.54063,7.9737263,10.798427,77.54063,10.798427,,,,,,0.9545454545454546,0.08333333333333333,0.8238470770742902,0.17615292292570983,-1.0,0.10125773410077436,-0.13692210973169602,1.113835075108518,0.047619047619047616,11.0
401827042,,2025-11-30,,,,,,,,,,,,,,,,,,,northtexas::prairieview,d87754e170cc9b2cebee202b6912c23b,FanDuel,h2h,2h,2025-11-30 21:00:00+00:00,2025-11-30 19:31:10+00:00,North Texas Mean Green,Prairie View Panthers,-2800.0,1160.0,,,,,,,,2025-11-30,0.0,True,143.4924774169922,18.629669189453125,70.45133,77.54063,7.9737263,10.798427,77.54063,10.798427,,,,,,0.9655172413793104,0.07936507936507936,0.8238470770742902,0.17615292292570983,-1.0,0.1051316231779262,-0.14672981303019947,1.2195268288639438,0.03571428571428571,11.6
401827042,,2025-11-30,,,,,,,,,,,,,,,,,,,northtexas::prairieview,d87754e170cc9b2cebee202b6912c23b,Fanatics,h2h,2h,2025-11-30 21:00:00+00:00,2025-11-30 19:31:09+00:00,North Texas Mean Green,Prairie View Panthers,-1700.0,1000.0,,,,,,,,2025-11-30,0.0,True,143.4924774169922,18.629669189453125,70.45133,77.54063,7.9737263,10.798427,77.54063,10.798427,,,,,,0.9444444444444444,0.09090909090909091,0.8238470770742902,0.17615292292570983,-1.0,0.09376821521828081,-0.12769133015663395,0.9376821521828081,0.058823529411764705,10.0
401827042,,2025-11-30,,,,,,,,,,,,,,,,,,,northtexas::prairieview,d87754e170cc9b2cebee202b6912c23b,BetOnline.ag,spreads,full_game,2025-11-30 21:00:00+00:00,2025-11-30 19:31:39+00:00,North Texas Mean Green,Prairie View Panthers,,,-16.0,-110.0,16.0,-110.0,,,,2025-11-30,0.0,True,143.4924774169922,18.629669189453125,70.45133,77.54063,7.9737263,10.798427,143.4924774169922,18.629669189453125,,2.629669189453125,,0.1643543243408203,,,,0.9347090160651169,0.06529098393488308,,,,,,
401827042,,2025-11-30,,,,,,,,,,,,,,,,,,,northtexas::prairieview,d87754e170cc9b2cebee202b6912c23b,BetRivers,spreads,full_game,2025-11-30 21:00:00+00:00,2025-11-30 19:31:25+00:00,North Texas Mean Green,Prairie View Panthers,,,-16.0,-109.0,16.0,-113.0,,,,2025-11-30,0.0,True,143.4924774169922,18.629669189453125,70.45133,77.54063,7.9737263,10.798427,143.4924774169922,18.629669189453125,,2.629669189453125,,0.1643543243408203,,,,0.9347090160651169,0.06529098393488308,,,,,,
401827042,,2025-11-30,,,,,,,,,,,,,,,,,,,northtexas::prairieview,d87754e170cc9b2cebee202b6912c23b,Bovada,spreads,full_game,2025-11-30 21:00:00+00:00,2025-11-30 19:30:58+00:00,North Texas Mean Green,Prairie View Panthers,,,-16.0,-115.0,16.0,-105.0,,,,2025-11-30,0.0,True,143.4924774169922,18.629669189453125,70.45133,77.54063,7.9737263,10.798427,143.4924774169922,18.629669189453125,,2.629669189453125,,0.1643543243408203,,,,0.9347090160651169,0.06529098393488308,,,,,,
401827042,,2025-11-30,,,,,,,,,,,,,,,,,,,northtexas::prairieview,d87754e170cc9b2cebee202b6912c23b,Caesars,spreads,full_game,2025-11-30 21:00:00+00:00,2025-11-30 19:27:07+00:00,North Texas Mean Green,Prairie View Panthers,,,-16.0,-110.0,16.0,-110.0,,,,2025-11-30,0.0,True,143.4924774169922,18.629669189453125,70.45133,77.54063,7.9737263,10.798427,143.4924774169922,18.629669189453125,,2.629669189453125,,0.1643543243408203,,,,0.9347090160651169,0.06529098393488308,,,,,,
401827042,,2025-11-30,,,,,,,,,,,,,,,,,,,northtexas::prairieview,d87754e170cc9b2cebee202b6912c23b,DraftKings,spreads,full_game,2025-11-30 21:00:00+00:00,2025-11-30 19:31:24+00:00,North Texas Mean Green,Prairie View Panthers,,,-15.5,-115.0,15.5,-105.0,,,,2025-11-30,0.0,True,143.4924774169922,18.629669189453125,70.45133,77.54063,7.9737263,10.798427,143.4924774169922,18.629669189453125,,3.129669189453125,,0.2019141412550403,,,,0.9347090160651169,0.06529098393488308,,,,,,
401827042,,2025-11-30,,,,,,,,,,,,,,,,,,,northtexas::prairieview,d87754e170cc9b2cebee202b6912c23b,FanDuel,spreads,full_game,2025-11-30 21:00:00+00:00,2025-11-30 19:31:10+00:00,North Texas Mean Green,Prairie View Panthers,,,-16.5,-110.0,16.5,-110.0,,,,2025-11-30,0.0,True,143.4924774169922,18.629669189453125,70.45133,77.54063,7.9737263,10.798427,143.4924774169922,18.629669189453125,,2.129669189453125,,0.12907085996685605,,,,0.9347090160651169,0.06529098393488308,,,,,,
401827042,,2025-11-30,,,,,,,,,,,,,,,,,,,northtexas::prairieview,d87754e170cc9b2cebee202b6912c23b,Fanatics,spreads,full_game,2025-11-30 21:00:00+00:00,2025-11-30 19:31:09+00:00,North Texas Mean Green,Prairie View Panthers,,,-16.0,-110.0,16.0,-110.0,,,,2025-11-30,0.0,True,143.4924774169922,18.629669189453125,70.45133,77.54063,7.9737263,10.798427,143.4924774169922,18.629669189453125,,2.629669189453125,,0.1643543243408203,,,,0.9347090160651169,0.06529098393488308,,,,,,
401827042,,2025-11-30,,,,,,,,,,,,,,,,,,,northtexas::prairieview,d87754e170cc9b2cebee202b6912c23b,LowVig.ag,spreads,full_game,2025-11-30 21:00:00+00:00,2025-11-30 19:31:10+00:00,North Texas Mean Green,Prairie View Panthers,,,-16.0,-106.0,16.0,-106.0,,,,2025-11-30,0.0,True,143.4924774169922,18.629669189453125,70.45133,77.54063,7.9737263,10.798427,143.4924774169922,18.629669189453125,,2.629669189453125,,0.1643543243408203,,,,0.9347090160651169,0.06529098393488308,,,,,,
401827042,,2025-11-30,,,,,,,,,,,,,,,,,,,northtexas::prairieview,d87754e170cc9b2cebee202b6912c23b,BetMGM,totals,full_game,2025-11-30 21:00:00+00:00,2025-11-30 19:31:23+00:00,North Texas Mean Green,Prairie View Panthers,,,,,,,141.5,-110.0,-110.0,2025-11-30,0.0,True,143.4924774169922,18.629669189453125,70.45133,77.54063,7.9737263,10.798427,143.4924774169922,18.629669189453125,1.9924774169921875,,0.014081112487577296,,0.06641591389973958,,,0.9347090160651169,0.06529098393488308,,,,,,
401827042,,2025-11-30,,,,,,,,,,,,,,,,,,,northtexas::prairieview,d87754e170cc9b2cebee202b6912c23b,BetOnline.ag,totals,full_game,2025-11-30 21:00:00+00:00,2025-11-30 19:31:39+00:00,North Texas Mean Green,Prairie View Panthers,,,,,,,142.0,-105.0,-115.0,2025-11-30,0.0,True,143.4924774169922,18.629669189453125,70.45133,77.54063,7.9737263,10.798427,143.4924774169922,18.629669189453125,1.4924774169921875,,0.010510404345015404,,0.04974924723307292,,,0.9347090160651169,0.06529098393488308,,,,,,
401827042,,2025-11-30,,,,,,,,,,,,,,,,,,,northtexas::prairieview,d87754e170cc9b2cebee202b6912c23b,BetRivers,totals,full_game,2025-11-30 21:00:00+00:00,2025-11-30 19:31:25+00:00,North Texas Mean Green,Prairie View Panthers,,,,,,,141.5,-112.0,-112.0,2025-11-30,0.0,True,143.4924774169922,18.629669189453125,70.45133,77.54063,7.9737263,10.798427,143.4924774169922,18.629669189453125,1.9924774169921875,,0.014081112487577296,,0.06641591389973958,,,0.9347090160651169,0.06529098393488308,,,,,,
401827042,,2025-11-30,,,,,,,,,,,,,,,,,,,northtexas::prairieview,d87754e170cc9b2cebee202b6912c23b,Bovada,totals,full_game,2025-11-30 21:00:00+00:00,2025-11-30 19:30:58+00:00,North Texas Mean Green,Prairie View Panthers,,,,,,,142.0,-105.0,-115.0,2025-11-30,0.0,True,143.4924774169922,18.629669189453125,70.45133,77.54063,7.9737263,10.798427,143.4924774169922,18.629669189453125,1.4924774169921875,,0.010510404345015404,,0.04974924723307292,,,0.9347090160651169,0.06529098393488308,,,,,,
401827042,,2025-11-30,,,,,,,,,,,,,,,,,,,northtexas::prairieview,d87754e170cc9b2cebee202b6912c23b,Caesars,totals,full_game,2025-11-30 21:00:00+00:00,2025-11-30 19:27:07+00:00,North Texas Mean Green,Prairie View Panthers,,,,,,,141.5,-110.0,-110.0,2025-11-30,0.0,True,143.4924774169922,18.629669189453125,70.45133,77.54063,7.9737263,10.798427,143.4924774169922,18.629669189453125,1.9924774169921875,,0.014081112487577296,,0.06641591389973958,,,0.9347090160651169,0.06529098393488308,,,,,,
401827042,,2025-11-30,,,,,,,,,,,,,,,,,,,northtexas::prairieview,d87754e170cc9b2cebee202b6912c23b,DraftKings,totals,full_game,2025-11-30 21:00:00+00:00,2025-11-30 19:31:24+00:00,North Texas Mean Green,Prairie View Panthers,,,,,,,141.5,-108.0,-112.0,2025-11-30,0.0,True,143.4924774169922,18.629669189453125,70.45133,77.54063,7.9737263,10.798427,143.4924774169922,18.629669189453125,1.9924774169921875,,0.014081112487577296,,0.06641591389973958,,,0.9347090160651169,0.06529098393488308,,,,,,
401827042,,2025-11-30,,,,,,,,,,,,,,,,,,,northtexas::prairieview,d87754e170cc9b2cebee202b6912c23b,FanDuel,totals,full_game,2025-11-30 21:00:00+00:00,2025-11-30 19:31:10+00:00,North Texas Mean Green,Prairie View Panthers,,,,,,,141.5,-110.0,-110.0,2025-11-30,0.0,True,143.4924774169922,18.629669189453125,70.45133,77.54063,7.9737263,10.798427,143.4924774169922,18.629669189453125,1.9924774169921875,,0.014081112487577296,,0.06641591389973958,,,0.9347090160651169,0.06529098393488308,,,,,,
401827042,,2025-11-30,,,,,,,,,,,,,,,,,,,northtexas::prairieview,d87754e170cc9b2cebee202b6912c23b,Fanatics,totals,full_game,2025-11-30 21:00:00+00:00,2025-11-30 19:31:09+00:00,North Texas Mean Green,Prairie View Panthers,,,,,,,141.5,-110.0,-110.0,2025-11-30,0.0,True,143.4924774169922,18.629669189453125,70.45133,77.54063,7.9737263,10.798427,143.4924774169922,18.629669189453125,1.9924774169921875,,0.014081112487577296,,0.06641591389973958,,,0.9347090160651169,0.06529098393488308,,,,,,
401827042,,2025-11-30,,,,,,,,,,,,,,,,,,,northtexas::prairieview,d87754e170cc9b2cebee202b6912c23b,LowVig.ag,totals,full_game,2025-11-30 21:00:00+00:00,2025-11-30 19:31:10+00:00,North Texas Mean Green,Prairie View Panthers,,,,,,,142.0,-103.0,-113.0,2025-11-30,0.0,True,143.4924774169922,18.629669189453125,70.45133,77.54063,7.9737263,10.798427,143.4924774169922,18.629669189453125,1.4924774169921875,,0.010510404345015404,,0.04974924723307292,,,0.9347090160651169,0.06529098393488308,,,,,,
401828271,,2025-11-30,,,,,,,,,,,,,,,,,,,fordham::ualbanygreatdanes,8204322c3997f7de7ac11d4ce554fe2c,BetMGM,h2h,2h,2025-11-30 00:30:17+00:00,2025-11-30 00:03:29+00:00,Fordham Rams,Albany Great Danes,-250.0,200.0,,,,,,,,2025-11-30,0.0,True,143.4779052734375,10.383399963378906,68.69682,72.710526,3.2030635,4.845768,72.710526,4.845768,,,,,,0.7142857142857143,0.3333333333333333,0.6664678350046298,0.3335321649953702,-0.1673625774837957,0.0002982474930552925,-0.06694503099351828,0.000596494986110585,0.4,2.0
401828271,,2025-11-30,,,,,,,,,,,,,,,,,,,fordham::ualbanygreatdanes,8204322c3997f7de7ac11d4ce554fe2c,BetRivers,h2h,2h,2025-11-30 00:30:17+00:00,2025-11-30 00:04:08+00:00,Fordham Rams,Albany Great Danes,-275.0,190.0,,,,,,,,2025-11-30,0.0,True,143.4779052734375,10.383399963378906,68.69682,72.710526,3.2030635,4.845768,72.710526,4.845768,,,,,,0.7333333333333333,0.3448275862068966,0.6664678350046298,0.3335321649953702,-0.2507456187326382,-0.01724037974390866,-0.09118022499368661,-0.03275672151342646,0.36363636363636365,1.9
401828271,,2025-11-30,,,,,,,,,,,,,,,,,,,fordham::ualbanygreatdanes,8204322c3997f7de7ac11d4ce554fe2c,Bovada,h2h,2h,2025-11-30 00:30:17+00:00,2025-11-30 00:03:29+00:00,Fordham Rams,Albany Great Danes,-245.0,205.0,,,,,,,,2025-11-30,0.0,True,143.4779052734375,10.383399963378906,68.69682,72.710526,3.2030635,4.845768,72.710526,4.845768,,,,,,0.7101449275362319,0.32786885245901637,0.6664678350046298,0.3335321649953702,-0.15068596923402716,0.008425904017501977,-0.06150447723837843,0.01727310323587905,0.40816326530612246,2.05
401828271,,2025-11-30,,,,,,,,,,,,,,,,,,,fordham::ualbanygreatdanes,8204322c3997f7de7ac11d4ce554fe2c,Caesars,h2h,2h,2025-11-30 00:30:17+00:00,2025-11-30 00:02:55+00:00,Fordham Rams,Albany Great Danes,-260.0,210.0,,,,,,,,2025-11-30,0.0,True,143.4779052734375,10.383399963378906,68.69682,72.710526,3.2030635,4.845768,72.710526,4.845768,,,,,,0.7222222222222222,0.3225806451612903,0.6664678350046298,0.3335321649953702,-0.20071579398333264,0.01616652927887982,-0.07719838230128179,0.03394971148564763,0.38461538461538464,2.1
401828271,,2025-11-30,,,,,,,,,,,,,,,,,,,fordham::ualbanygreatdanes,8204322c3997f7de7ac11d4ce554fe2c,DraftKings,h2h,2h,2025-11-30 00:30:17+00:00,2025-11-30 00:03:40+00:00,Fordham Rams,Albany Great Danes,-265.0,215.0,,,,,,,,2025-11-30,0.0,True,143.4779052734375,10.383399963378906,68.69682,72.710526,3.2030635,4.845768,72.710526,4.845768,,,,,,0.726027397260274,0.31746031746031744,0.6664678350046298,0.3335321649953702,-0.2173924022331012,0.023547125458333068,-0.082034868767208,0.05062631973541609,0.37735849056603776,2.15
401828271,,2025-11-30,,,,,,,,,,,,,,,,,,,fordham::ualbanygreatdanes,8204322c3997f7de7ac11d4ce554fe2c,FanDuel,h2h,2h,2025-11-30 00:30:17+00:00,2025-11-30 00:03:54+00:00,Fordham Rams,Albany Great Danes,-255.0,205.0,,,,,,,,2025-11-30,0.0,True,143.4779052734375,10.383399963378906,68.69682,72.710526,3.2030635,4.845768,72.710526,4.845768,,,,,,0.7183098591549296,0.32786885245901637,0.6664678350046298,0.3335321649953702,-0.18403918573356418,0.008425904017501977,-0.07217222969943693,0.01727310323587905,0.39215686274509803,2.05
401828271,,2025-11-30,,,,,,,,,,,,,,,,,,,fordham::ualbanygreatdanes,8204322c3997f7de7ac11d4ce554fe2c,Fanatics,h2h,2h,2025-11-30 00:30:17+00:00,2025-11-30 00:04:08+00:00,Fordham Rams,Albany Great Danes,-250.0,200.0,,,,,,,,2025-11-30,0.0,True,143.4779052734375,10.383399963378906,68.69682,72.710526,3.2030635,4.845768,72.710526,4.845768,,,,,,0.7142857142857143,0.3333333333333333,0.6664678350046298,0.3335321649953702,-0.1673625774837957,0.0002982474930552925,-0.06694503099351828,0.000596494986110585,0.4,2.0
401828271,,2025-11-30,,,,,,,,,,,,,,,,,,,colgateraiders::ualbanygreatdanes,a5e2eb304b758984c41e94878c43b715,BetMGM,h2h,2h,2025-11-29 00:30:33+00:00,2025-11-28 16:32:06+00:00,Albany Great Danes,Colgate Raiders,275.0,-350.0,,,,,,,,2025-11-29,1.0,True,143.4779052734375,10.383399963378906,68.69682,72.710526,3.2030635,4.845768,72.710526,4.845768,,,,,,0.26666666666666666,0.7777777777777778,0.6664678350046298,0.3335321649953702,0.5451834113699497,-1.0,1.4992543812673618,-0.5711729307202383,2.75,0.2857142857142857
401828271,,2025-11-30,,,,,,,,,,,,,,,,,,,colgateraiders::ualbanygreatdanes,a5e2eb304b758984c41e94878c43b715,BetRivers,h2h,2h,2025-11-29 00:30:33+00:00,2025-11-28 16:32:22+00:00,Albany Great Danes,Colgate Raiders,265.0,-375.0,,,,,,,,2025-11-29,1.0,True,143.4779052734375,10.383399963378906,68.69682,72.710526,3.2030635,4.845768,72.710526,4.845768,,,,,,0.273972602739726,0.7894736842105263,0.6664678350046298,0.3335321649953702,0.5406066406667543,-1.0,1.4326075977668988,-0.5775259243391977,2.65,0.26666666666666666
401828271,,2025-11-30,,,,,,,,,,,,,,,,,,,colgateraiders::ualbanygreatdanes,a5e2eb304b758984c41e94878c43b715,Bovada,h2h,2h,2025-11-29 00:30:33+00:00,2025-11-28 16:32:27+00:00,Albany Great Danes,Colgate Raiders,270.0,-340.0,,,,,,,,2025-11-29,1.0,True,143.4779052734375,10.383399963378906,68.69682,72.710526,3.2030635,4.845768,72.710526,4.845768,,,,,,0.2702702702702703,0.7727272727272727,0.6664678350046298,0.3335321649953702,0.5429374035248631,-1.0,1.4659309895171304,-0.5683701394177563,2.7,0.29411764705882354
401828271,,2025-11-30,,,,,,,,,,,,,,,,,,,colgateraiders::ualbanygreatdanes,a5e2eb304b758984c41e94878c43b715,Caesars,h2h,2h,2025-11-29 00:30:33+00:00,2025-11-28 16:31:42+00:00,Albany Great Danes,Colgate Raiders,275.0,-350.0,,,,,,,,2025-11-29,1.0,True,143.4779052734375,10.383399963378906,68.69682,72.710526,3.2030635,4.845768,72.710526,4.845768,,,,,,0.26666666666666666,0.7777777777777778,0.6664678350046298,0.3335321649953702,0.5451834113699497,-1.0,1.4992543812673618,-0.5711729307202383,2.75,0.2857142857142857
401828271,,2025-11-30,,,,,,,,,,,,,,,,,,,colgateraiders::ualbanygreatdanes,a5e2eb304b758984c41e94878c43b715,DraftKings,h2h,2h,2025-11-29 00:30:33+00:00,2025-11-28 16:32:24+00:00,Albany Great Danes,Colgate Raiders,280.0,-355.0,,,,,,,,2025-11-29,1.0,True,143.4779052734375,10.383399963378906,68.69682,72.710526,3.2030635,4.845768,72.710526,4.845768,,,,,,0.2631578947368421,0.7802197802197802,0.6664678350046298,0.3335321649953702,0.5473492046491404,-1.0,1.5325777730175931,-0.5725151124707227,2.8,0.28169014084507044
401828271,,2025-11-30,,,,,,,,,,,,,,,,,,,colgateraiders::ualbanygreatdanes,a5e2eb304b758984c41e94878c43b715,FanDuel,h2h,2h,2025-11-29 00:30:33+00:00,2025-11-28 16:32:24+00:00,Albany Great Danes,Colgate Raiders,285.0,-365.0,,,,,,,,2025-11-29,1.0,True,143.4779052734375,10.383399963378906,68.69682,72.710526,3.2030635,4.845768,72.710526,4.845768,,,,,,0.2597402597402597,0.7849462365591398,0.6664678350046298,0.3335321649953702,0.5494390051816929,-1.0,1.5659011647678247,-0.5750891596634324,2.85,0.273972602739726
401828271,,2025-11-30,,,,,,,,,,,,,,,,,,,colgateraiders::ualbanygreatdanes,a5e2eb304b758984c41e94878c43b715,Fanatics,h2h,2h,2025-11-29 00:30:33+00:00,2025-11-28 16:32:23+00:00,Albany Great Danes,Colgate Raiders,260.0,-350.0,,,,,,,,2025-11-29,1.0,True,143.4779052734375,10.383399963378906,68.69682,72.710526,3.2030635,4.845768,72.710526,4.845768,,,,,,0.2777777777777778,0.7777777777777778,0.6664678350046298,0.3335321649953702,0.5381862330833336,-1.0,1.3992842060166673,-0.5711729307202383,2.6,0.2857142857142857
401828271,,2025-11-30,,,,,,,,,,,,,,,,,,,fordham::ualbanygreatdanes,8204322c3997f7de7ac11d4ce554fe2c,BetMGM,spreads,full_game,2025-11-30 00:30:17+00:00,2025-11-30 00:03:29+00:00,Fordham Rams,Albany Great Danes,,,-5.5,-115.0,5.5,-105.0,,,,2025-11-30,0.0,True,143.4779052734375,10.383399963378906,68.69682,72.710526,3.2030635,4.845768,143.4779052734375,10.383399963378906,,4.883399963378906,,0.8878909024325284,,,,0.8150769678689872,0.1849230321310128,,,,,,
401828271,,2025-11-30,,,,,,,,,,,,,,,,,,,fordham::ualbanygreatdanes,8204322c3997f7de7ac11d4ce554fe2c,BetOnline.ag,spreads,full_game,2025-11-30 00:30:17+00:00,2025-11-30 00:03:58+00:00,Fordham Rams,Albany Great Danes,,,-5.5,-110.0,5.5,-110.0,,,,2025-11-30,0.0,True,143.4779052734375,10.383399963378906,68.69682,72.710526,3.2030635,4.845768,143.4779052734375,10.383399963378906,,4.883399963378906,,0.8878909024325284,,,,0.8150769678689872,0.1849230321310128,,,,,,
401828271,,2025-11-30,,,,,,,,,,,,,,,,,,,fordham::ualbanygreatdanes,8204322c3997f7de7ac11d4ce554fe2c,BetRivers,spreads,full_game,2025-11-30 00:30:17+00:00,2025-11-30 00:04:08+00:00,Fordham Rams,Albany Great Danes,,,-5.5,-115.0,5.5,-108.0,,,,2025-11-30,0.0,True,143.4779052734375,10.383399963378906,68.69682,72.710526,3.2030635,4.845768,143.4779052734375,10.383399963378906,,4.883399963378906,,0.8878909024325284,,,,0.8150769678689872,0.1849230321310128,,,,,,
401828271,,2025-11-30,,,,,,,,,,,,,,,,,,,fordham::ualbanygreatdanes,8204322c3997f7de7ac11d4ce554fe2c,Bovada,spreads,full_game,2025-11-30 00:30:17+00:00,2025-11-30 00:03:29+00:00,Fordham Rams,Albany Great Danes,,,-5.5,-110.0,5.5,-110.0,,,,2025-11-30,0.0,True,143.4779052734375,10.383399963378906,68.69682,72.710526,3.2030635,4.845768,143.4779052734375,10.383399963378906,,4.883399963378906,,0.8878909024325284,,,,0.8150769678689872,0.1849230321310128,,,,,,
401828271,,2025-11-30,,,,,,,,,,,,,,,,,,,fordham::ualbanygreatdanes,8204322c3997f7de7ac11d4ce554fe2c,Caesars,spreads,full_game,2025-11-30 00:30:17+00:00,2025-11-30 00:02:55+00:00,Fordham Rams,Albany Great Danes,,,-5.5,-110.0,5.5,-110.0,,,,2025-11-30,0.0,True,143.4779052734375,10.383399963378906,68.69682,72.710526,3.2030635,4.845768,143.4779052734375,10.383399963378906,,4.883399963378906,,0.8878909024325284,,,,0.8150769678689872,0.1849230321310128,,,,,,
401828271,,2025-11-30,,,,,,,,,,,,,,,,,,,fordham::ualbanygreatdanes,8204322c3997f7de7ac11d4ce554fe2c,DraftKings,spreads,full_game,2025-11-30 00:30:17+00:00,2025-11-30 00:03:40+00:00,Fordham Rams,Albany Great Danes,,,-6.5,-105.0,6.5,-115.0,,,,2025-11-30,0.0,True,143.4779052734375,10.383399963378906,68.69682,72.710526,3.2030635,4.845768,143.4779052734375,10.383399963378906,,3.8833999633789062,,0.5974461482121394,,,,0.8150769678689872,0.1849230321310128,,,,,,
401828271,,2025-11-30,,,,,,,,,,,,,,,,,,,fordham::ualbanygreatdanes,8204322c3997f7de7ac11d4ce554fe2c,FanDuel,spreads,full_game,2025-11-30 00:30:17+00:00,2025-11-30 00:03:54+00:00,Fordham Rams,Albany Great Danes,,,-5.5,-110.0,5.5,-110.0,,,,2025-11-30,0.0,True,143.4779052734375,10.383399963378906,68.69682,72.710526,3.2030635,4.845768,143.4779052734375,10.383399963378906,,4.883399963378906,,0.8878909024325284,,,,0.8150769678689872,0.1849230321310128,,,,,,
401828271,,2025-11-30,,,,,,,,,,,,,,,,,,,fordham::ualbanygreatdanes,8204322c3997f7de7ac11d4ce554fe2c,Fanatics,spreads,full_game,2025-11-30 00:30:17+00:00,2025-11-30 00:04:08+00:00,Fordham Rams,Albany Great Danes,,,-5.5,-110.0,5.5,-110.0,,,,2025-11-30,0.0,True,143.4779052734375,10.383399963378906,68.69682,72.710526,3.2030635,4.845768,143.4779052734375,10.383399963378906,,4.883399963378906,,0.8878909024325284,,,,0.8150769678689872,0.1849230321310128,,,,,,
401828271,,2025-11-30,,,,,,,,,,,,,,,,,,,fordham::ualbanygreatdanes,8204322c3997f7de7ac11d4ce554fe2c,LowVig.ag,spreads,full_game,2025-11-30 00:30:17+00:00,2025-11-30 00:03:13+00:00,Fordham Rams,Albany Great Danes,,,-5.5,-106.0,5.5,-106.0,,,,2025-11-30,0.0,True,143.4779052734375,10.383399963378906,68.69682,72.710526,3.2030635,4.845768,143.4779052734375,10.383399963378906,,4.883399963378906,,0.8878909024325284,,,,0.8150769678689872,0.1849230321310128,,,,,,
401828271,,2025-11-30,,,,,,,,,,,,,,,,,,,colgateraiders::ualbanygreatdanes,a5e2eb304b758984c41e94878c43b715,BetMGM,spreads,full_game,2025-11-29 00:30:33+00:00,2025-11-28 16:32:06+00:00,Albany Great Danes,Colgate Raiders,,,7.5,-105.0,-7.5,-115.0,,,,2025-11-29,1.0,True,143.4779052734375,10.383399963378906,68.69682,72.710526,3.2030635,4.845768,143.4779052734375,10.383399963378906,,17.883399963378906,,2.3844533284505207,,,,0.8150769678689872,0.1849230321310128,,,,,,
401828271,,2025-11-30,,,,,,,,,,,,,,,,,,,colgateraiders::ualbanygreatdanes,a5e2eb304b758984c41e94878c43b715,BetOnline.ag,spreads,full_game,2025-11-29 00:30:33+00:00,2025-11-28 16:32:24+00:00,Albany Great Danes,Colgate Raiders,,,7.5,-105.0,-7.5,-115.0,,,,2025-11-29,1.0,True,143.4779052734375,10.383399963378906,68.69682,72.710526,3.2030635,4.845768,143.4779052734375,10.383399963378906,,17.883399963378906,,2.3844533284505207,,,,0.8150769678689872,0.1849230321310128,,,,,,
401828271,,2025-11-30,,,,,,,,,,,,,,,,,,,colgateraiders::ualbanygreatdanes,a5e2eb304b758984c41e94878c43b715,BetRivers,spreads,full_game,2025-11-29 00:30:33+00:00,2025-11-28 16:32:22+00:00,Albany Great Danes,Colgate Raiders,,,7.5,-113.0,-7.5,-113.0,,,,2025-11-29,1.0,True,143.4779052734375,10.383399963378906,68.69682,72.710526,3.2030635,4.845768,143.4779052734375,10.383399963378906,,17.883399963378906,,2.3844533284505207,,,,0.8150769678689872,0.1849230321310128,,,,,,
401828271,,2025-11-30,,,,,,,,,,,,,,,,,,,colgateraiders::ualbanygreatdanes,a5e2eb304b758984c41e94878c43b715,Bovada,spreads,full_game,2025-11-29 00:30:33+00:00,2025-11-28 16:32:27+00:00,Albany Great Danes,Colgate Raiders,,,7.5,-110.0,-7.5,-110.0,,,,2025-11-29,1.0,True,143.4779052734375,10.383399963378906,68.69682,72.710526,3.2030635,4.845768,143.4779052734375,10.383399963378906,,17.883399963378906,,2.3844533284505207,,,,0.8150769678689872,0.1849230321310128,,,,,,
401828271,,2025-11-30,,,,,,,,,,,,,,,,,,,colgateraiders::ualbanygreatdanes,a5e2eb304b758984c41e94878c43b715,Caesars,spreads,full_game,2025-11-29 00:30:33+00:00,2025-11-28 16:31:42+00:00,Albany Great Danes,Colgate Raiders,,,7.5,-110.0,-7.5,-110.0,,,,2025-11-29,1.0,True,143.4779052734375,10.383399963378906,68.69682,72.710526,3.2030635,4.845768,143.4779052734375,10.383399963378906,,17.883399963378906,,2.3844533284505207,,,,0.8150769678689872,0.1849230321310128,,,,,,
401828271,,2025-11-30,,,,,,,,,,,,,,,,,,,colgateraiders::ualbanygreatdanes,a5e2eb304b758984c41e94878c43b715,DraftKings,spreads,full_game,2025-11-29 00:30:33+00:00,2025-11-28 16:32:24+00:00,Albany Great Danes,Colgate Raiders,,,7.5,-108.0,-7.5,-112.0,,,,2025-11-29,1.0,True,143.4779052734375,10.383399963378906,68.69682,72.710526,3.2030635,4.845768,143.4779052734375,10.383399963378906,,17.883399963378906,,2.3844533284505207,,,,0.8150769678689872,0.1849230321310128,,,,,,
401828271,,2025-11-30,,,,,,,,,,,,,,,,,,,colgateraiders::ualbanygreatdanes,a5e2eb304b758984c41e94878c43b715,FanDuel,spreads,full_game,2025-11-29 00:30:33+00:00,2025-11-28 16:32:24+00:00,Albany Great Danes,Colgate Raiders,,,7.5,-110.0,-7.5,-110.0,,,,2025-11-29,1.0,True,143.4779052734375,10.383399963378906,68.69682,72.710526,3.2030635,4.845768,143.4779052734375,10.383399963378906,,17.883399963378906,,2.3844533284505207,,,,0.8150769678689872,0.1849230321310128,,,,,,
401828271,,2025-11-30,,,,,,,,,,,,,,,,,,,colgateraiders::ualbanygreatdanes,a5e2eb304b758984c41e94878c43b715,Fanatics,spreads,full_game,2025-11-29 00:30:33+00:00,2025-11-28 16:32:23+00:00,Albany Great Danes,Colgate Raiders,,,8.0,-115.0,-8.0,-105.0,,,,2025-11-29,1.0,True,143.4779052734375,10.383399963378906,68.69682,72.710526,3.2030635,4.845768,143.4779052734375,10.383399963378906,,18.383399963378906,,2.2979249954223633,,,,0.8150769678689872,0.1849230321310128,,,,,,
401828271,,2025-11-30,,,,,,,,,,,,,,,,,,,colgateraiders::ualbanygreatdanes,a5e2eb304b758984c41e94878c43b715,LowVig.ag,spreads,full_game,2025-11-29 00:30:33+00:00,2025-11-28 16:31:30+00:00,Albany Great Danes,Colgate Raiders,,,7.5,-101.0,-7.5,-111.0,,,,2025-11-29,1.0,True,143.4779052734375,10.383399963378906,68.69682,72.710526,3.2030635,4.845768,143.4779052734375,10.383399963378906,,17.883399963378906,,2.3844533284505207,,,,0.8150769678689872,0.1849230321310128,,,,,,
401828271,,2025-11-30,,,,,,,,,,,,,,,,,,,fordham::ualbanygreatdanes,8204322c3997f7de7ac11d4ce554fe2c,BetMGM,totals,full_game,2025-11-30 00:30:17+00:00,2025-11-30 00:03:29+00:00,Fordham Rams,Albany Great Danes,,,,,,,138.5,-105.0,-115.0,2025-11-30,0.0,True,143.4779052734375,10.383399963378906,68.69682,72.710526,3.2030635,4.845768,143.4779052734375,10.383399963378906,4.9779052734375,,0.035941554320848376,,0.16593017578125,,,0.8150769678689872,0.1849230321310128,,,,,,
401828271,,2025-11-30,,,,,,,,,,,,,,,,,,,fordham::ualbanygreatdanes,8204322c3997f7de7ac11d4ce554fe2c,BetOnline.ag,totals,full_game,2025-11-30 00:30:17+00:00,2025-11-30 00:03:58+00:00,Fordham Rams,Albany Great Danes,,,,,,,138.0,-115.0,-105.0,2025-11-30,0.0,True,143.4779052734375,10.383399963378906,68.69682,72.710526,3.2030635,4.845768,143.4779052734375,10.383399963378906,5.4779052734375,,0.039694965749547104,,0.18259684244791666,,,0.8150769678689872,0.1849230321310128,,,,,,
401828271,,2025-11-30,,,,,,,,,,,,,,,,,,,fordham::ualbanygreatdanes,8204322c3997f7de7ac11d4ce554fe2c,BetRivers,totals,full_game,2025-11-30 00:30:17+00:00,2025-11-30 00:04:08+00:00,Fordham Rams,Albany Great Danes,,,,,,,139.0,-112.0,-110.0,2025-11-30,0.0,True,143.4779052734375,10.383399963378906,68.69682,72.710526,3.2030635,4.845768,143.4779052734375,10.383399963378906,4.4779052734375,,0.03221514585206835,,0.14926350911458333,,,0.8150769678689872,0.1849230321310128,,,,,,
401828271,,2025-11-30,,,,,,,,,,,,,,,,,,,fordham::ualbanygreatdanes,8204322c3997f7de7ac11d4ce554fe2c,Bovada,totals,full_game,2025-11-30 00:30:17+00:00,2025-11-30 00:03:29+00:00,Fordham Rams,Albany Great Danes,,,,,,,139.0,-110.0,-110.0,2025-11-30,0.0,True,143.4779052734375,10.383399963378906,68.69682,72.710526,3.2030635,4.845768,143.4779052734375,10.383399963378906,4.4779052734375,,0.03221514585206835,,0.14926350911458333,,,0.8150769678689872,0.1849230321310128,,,,,,
401828271,,2025-11-30,,,,,,,,,,,,,,,,,,,fordham::ualbanygreatdanes,8204322c3997f7de7ac11d4ce554fe2c,Caesars,totals,full_game,2025-11-30 00:30:17+00:00,2025-11-30 00:02:55+00:00,Fordham Rams,Albany Great Danes,,,,,,,137.5,-110.0,-110.0,2025-11-30,0.0,True,143.4779052734375,10.383399963378906,68.69682,72.710526,3.2030635,4.845768,143.4779052734375,10.383399963378906,5.9779052734375,,0.04347567471590909,,0.19926350911458332,,,0.8150769678689872,0.1849230321310128,,,,,,
401828271,,2025-11-30,,,,,,,,,,,,,,,,,,,fordham::ualbanygreatdanes,8204322c3997f7de7ac11d4ce554fe2c,DraftKings,totals,full_game,2025-11-30 00:30:17+00:00,2025-11-30 00:03:40+00:00,Fordham Rams,Albany Great Danes,,,,,,,138.5,-112.0,-108.0,2025-11-30,0.0,True,143.4779052734375,10.383399963378906,68.69682,72.710526,3.2030635,4.845768,143.4779052734375,10.383399963378906,4.9779052734375,,0.035941554320848376,,0.16593017578125,,,0.8150769678689872,0.1849230321310128,,,,,,
401828271,,2025-11-30,,,,,,,,,,,,,,,,,,,fordham::ualbanygreatdanes,8204322c3997f7de7ac11d4ce554fe2c,FanDuel,totals,full_game,2025-11-30 00:30:17+00:00,2025-11-30 00:03:54+00:00,Fordham Rams,Albany Great Danes,,,,,,,138.5,-115.0,-105.0,2025-11-30,0.0,True,143.4779052734375,10.383399963378906,68.69682,72.710526,3.2030635,4.845768,143.4779052734375,10.383399963378906,4.9779052734375,,0.035941554320848376,,0.16593017578125,,,0.8150769678689872,0.1849230321310128,,,,,,
401828271,,2025-11-30,,,,,,,,,,,,,,,,,,,fordham::ualbanygreatdanes,8204322c3997f7de7ac11d4ce554fe2c,Fanatics,totals,full_game,2025-11-30 00:30:17+00:00,2025-11-30 00:04:08+00:00,Fordham Rams,Albany Great Danes,,,,,,,139.0,-110.0,-110.0,2025-11-30,0.0,True,143.4779052734375,10.383399963378906,68.69682,72.710526,3.2030635,4.845768,143.4779052734375,10.383399963378906,4.4779052734375,,0.03221514585206835,,0.14926350911458333,,,0.8150769678689872,0.1849230321310128,,,,,,
401828271,,2025-11-30,,,,,,,,,,,,,,,,,,,fordham::ualbanygreatdanes,8204322c3997f7de7ac11d4ce554fe2c,LowVig.ag,totals,full_game,2025-11-30 00:30:17+00:00,2025-11-30 00:03:13+00:00,Fordham Rams,Albany Great Danes,,,,,,,138.0,-113.0,-103.0,2025-11-30,0.0,True,143.4779052734375,10.383399963378906,68.69682,72.710526,3.2030635,4.845768,143.4779052734375,10.383399963378906,5.4779052734375,,0.039694965749547104,,0.18259684244791666,,,0.8150769678689872,0.1849230321310128,,,,,,
401828271,,2025-11-30,,,,,,,,,,,,,,,,,,,colgateraiders::ualbanygreatdanes,a5e2eb304b758984c41e94878c43b715,BetMGM,totals,full_game,2025-11-29 00:30:33+00:00,2025-11-28 16:32:06+00:00,Albany Great Danes,Colgate Raiders,,,,,,,141.5,-110.0,-110.0,2025-11-29,1.0,True,143.4779052734375,10.383399963378906,68.69682,72.710526,3.2030635,4.845768,143.4779052734375,10.383399963378906,1.9779052734375,,0.01397812914090106,,0.06593017578125,,,0.8150769678689872,0.1849230321310128,,,,,,
401828271,,2025-11-30,,,,,,,,,,,,,,,,,,,colgateraiders::ualbanygreatdanes,a5e2eb304b758984c41e94878c43b715,BetOnline.ag,totals,full_game,2025-11-29 00:30:33+00:00,2025-11-28 16:32:24+00:00,Albany Great Danes,Colgate Raiders,,,,,,,142.5,-107.0,-113.0,2025-11-29,1.0,True,143.4779052734375,10.383399963378906,68.69682,72.710526,3.2030635,4.845768,143.4779052734375,10.383399963378906,0.9779052734375,,0.006862493146929825,,0.03259684244791667,,,0.8150769678689872,0.1849230321310128,,,,,,
401828271,,2025-11-30,,,,,,,,,,,,,,,,,,,colgateraiders::ualbanygreatdanes,a5e2eb304b758984c41e94878c43b715,BetRivers,totals,full_game,2025-11-29 00:30:33+00:00,2025-11-28 16:32:22+00:00,Albany Great Danes,Colgate Raiders,,,,,,,141.5,-115.0,-110.0,2025-11-29,1.0,True,143.4779052734375,10.383399963378906,68.69682,72.710526,3.2030635,4.845768,143.4779052734375,10.383399963378906,1.9779052734375,,0.01397812914090106,,0.06593017578125,,,0.8150769678689872,0.1849230321310128,,,,,,
401828271,,2025-11-30,,,,,,,,,,,,,,,,,,,colgateraiders::ualbanygreatdanes,a5e2eb304b758984c41e94878c43b715,Bovada,totals,full_game,2025-11-29 00:30:33+00:00,2025-11-28 16:32:27+00:00,Albany Great Danes,Colgate Raiders,,,,,,,142.5,-105.0,-115.0,2025-11-29,1.0,True,143.4779052734375,10.383399963378906,68.69682,72.710526,3.2030635,4.845768,143.4779052734375,10.383399963378906,0.9779052734375,,0.006862493146929825,,0.03259684244791667,,,0.8150769678689872,0.1849230321310128,,,,,,
401828271,,2025-11-30,,,,,,,,,,,,,,,,,,,colgateraiders::ualbanygreatdanes,a5e2eb304b758984c41e94878c43b715,Caesars,totals,full_game,2025-11-29 00:30:33+00:00,2025-11-28 16:31:42+00:00,Albany Great Danes,Colgate Raiders,,,,,,,141.5,-110.0,-110.0,2025-11-29,1.0,True,143.4779052734375,10.383399963378906,68.69682,72.710526,3.2030635,4.845768,143.4779052734375,10.383399963378906,1.9779052734375,,0.01397812914090106,,0.06593017578125,,,0.8150769678689872,0.1849230321310128,,,,,,
401828271,,2025-11-30,,,,,,,,,,,,,,,,,,,colgateraiders::ualbanygreatdanes,a5e2eb304b758984c41e94878c43b715,DraftKings,totals,full_game,2025-11-29 00:30:33+00:00,2025-11-28 16:32:24+00:00,Albany Great Danes,Colgate Raiders,,,,,,,141.5,-115.0,-105.0,2025-11-29,1.0,True,143.4779052734375,10.383399963378906,68.69682,72.710526,3.2030635,4.845768,143.4779052734375,10.383399963378906,1.9779052734375,,0.01397812914090106,,0.06593017578125,,,0.8150769678689872,0.1849230321310128,,,,,,
401828271,,2025-11-30,,,,,,,,,,,,,,,,,,,colgateraiders::ualbanygreatdanes,a5e2eb304b758984c41e94878c43b715,FanDuel,totals,full_game,2025-11-29 00:30:33+00:00,2025-11-28 16:32:24+00:00,Albany Great Danes,Colgate Raiders,,,,,,,141.5,-115.0,-105.0,2025-11-29,1.0,True,143.4779052734375,10.383399963378906,68.69682,72.710526,3.2030635,4.845768,143.4779052734375,10.383399963378906,1.9779052734375,,0.01397812914090106,,0.06593017578125,,,0.8150769678689872,0.1849230321310128,,,,,,
401828271,,2025-11-30,,,,,,,,,,,,,,,,,,,colgateraiders::ualbanygreatdanes,a5e2eb304b758984c41e94878c43b715,Fanatics,totals,full_game,2025-11-29 00:30:33+00:00,2025-11-28 16:32:23+00:00,Albany Great Danes,Colgate Raiders,,,,,,,141.5,-110.0,-110.0,2025-11-29,1.0,True,143.4779052734375,10.383399963378906,68.69682,72.710526,3.2030635,4.845768,143.4779052734375,10.383399963378906,1.9779052734375,,0.01397812914090106,,0.06593017578125,,,0.8150769678689872,0.1849230321310128,,,,,,
401828271,,2025-11-30,,,,,,,,,,,,,,,,,,,colgateraiders::ualbanygreatdanes,a5e2eb304b758984c41e94878c43b715,LowVig.ag,totals,full_game,2025-11-29 00:30:33+00:00,2025-11-28 16:31:30+00:00,Albany Great Danes,Colgate Raiders,,,,,,,142.5,-105.0,-111.0,2025-11-29,1.0,True,143.4779052734375,10.383399963378906,68.69682,72.710526,3.2030635,4.845768,143.4779052734375,10.383399963378906,0.9779052734375,,0.006862493146929825,,0.03259684244791667,,,0.8150769678689872,0.1849230321310128,,,,,,
