game_id,date,home_team,away_team,home_possessions,away_possessions,pace,home_efg,home_tov_rate,home_orb_rate,home_ftr,away_efg,away_tov_rate,away_orb_rate,away_ftr
401575451,,Kansas Jayhawks,North Carolina Central Eagles,0.0,0.0,0.0,,,,,,,,
401576147,,Duke Blue Devils,Dartmouth Big Green,0.0,0.0,0.0,,,,,,,,
401577640,,Purdue Boilermakers,Samford Bulldogs,0.0,0.0,0.0,,,,,,,,
401581835,,Michigan State Spartans,James Madison Dukes,0.0,0.0,0.0,,,,,,,,
401577598,,Marquette Golden Eagles,Northern Illinois Huskies,0.0,0.0,0.0,,,,,,,,
401584359,,UConn Huskies,Northern Arizona Lumberjacks,0.0,0.0,0.0,,,,,,,,
401575434,,Houston Cougars,UL Monroe Warhawks,0.0,0.0,0.0,,,,,,,,
401575517,,Tennessee Volunteers,Tennessee Tech Golden Eagles,0.0,0.0,0.0,,,,,,,,
401600255,,Arizona Wildcats,Morgan State Bears,0.0,0.0,0.0,,,,,,,,
401588936,,Miami Hurricanes,NJIT Highlanders,0.0,0.0,0.0,,,,,,,,
401594524,,Arkansas Razorbacks,Alcorn State Braves,0.0,0.0,0.0,,,,,,,,
401575509,,Texas A&M Aggies,East Texas A&M Lions,0.0,0.0,0.0,,,,,,,,
401588940,,Kentucky Wildcats,New Mexico State Aggies,0.0,0.0,0.0,,,,,,,,
401597930,,San Diego State Aztecs,Cal State Fullerton Titans,0.0,0.0,0.0,,,,,,,,
401583724,,Texas Longhorns,Incarnate Word Cardinals,0.0,0.0,0.0,,,,,,,,
401583596,,North Carolina Tar Heels,Radford Highlanders,0.0,0.0,0.0,,,,,,,,
401581588,,USC Trojans,Kansas State Wildcats,0.0,0.0,0.0,,,,,,,,
401584356,,Villanova Wildcats,American University Eagles,0.0,0.0,0.0,,,,,,,,
401598037,,Saint Mary's Gaels,Stanislaus State Warriors,0.0,0.0,0.0,,,,,,,,
401591429,,Alabama Crimson Tide,Morehead State Eagles,0.0,0.0,0.0,,,,,,,,
401584510,,Illinois Fighting Illini,Eastern Illinois Panthers,0.0,0.0,0.0,,,,,,,,
401577591,,Creighton Bluejays,Florida A&M Rattlers,0.0,0.0,0.0,,,,,,,,
401583794,,Baylor Bears,Auburn Tigers,0.0,0.0,0.0,,,,,,,,
401597840,,Loyola Chicago Ramblers,Florida Atlantic Owls,0.0,0.0,0.0,,,,,,,,
401592369,,Michigan State Spartans,Southern Indiana Screaming Eagles,0.0,0.0,0.0,,,,,,,,
401610179,,Baylor Bears,John Brown Golden Eagles,0.0,0.0,0.0,,,,,,,,
401600062,,USC Trojans,Cal State Bakersfield Roadrunners,0.0,0.0,0.0,,,,,,,,
401598038,,Saint Mary's Gaels,New Mexico Lobos,0.0,0.0,0.0,,,,,,,,
401575452,,Kansas Jayhawks,Manhattan Jaspers,0.0,0.0,0.0,,,,,,,,
401576148,,Duke Blue Devils,Arizona Wildcats,0.0,0.0,0.0,,,,,,,,
401577641,,Purdue Boilermakers,Morehead State Eagles,0.0,0.0,0.0,,,,,,,,
401577599,,Marquette Golden Eagles,Rider Broncs,0.0,0.0,0.0,,,,,,,,
401575518,,Wisconsin Badgers,Tennessee Volunteers,0.0,0.0,0.0,,,,,,,,
401587185,,Gonzaga Bulldogs,Yale Bulldogs,0.0,0.0,0.0,,,,,,,,
401575461,,Miami Hurricanes,UCF Knights,0.0,0.0,0.0,,,,,,,,
401594525,,Arkansas Razorbacks,Gardner-Webb Runnin' Bulldogs,0.0,0.0,0.0,,,,,,,,
401575510,,Ohio State Buckeyes,Texas A&M Aggies,0.0,0.0,0.0,,,,,,,,
401588943,,Kentucky Wildcats,East Texas A&M Lions,0.0,0.0,0.0,,,,,,,,
401593950,,BYU Cougars,San Diego State Aztecs,0.0,0.0,0.0,,,,,,,,
401583725,,Texas Longhorns,Delaware State Hornets,0.0,0.0,0.0,,,,,,,,
401584357,,Villanova Wildcats,Le Moyne Dolphins,0.0,0.0,0.0,,,,,,,,
401591430,,Alabama Crimson Tide,Indiana State Sycamores,0.0,0.0,0.0,,,,,,,,
401584511,,Illinois Fighting Illini,Oakland Golden Grizzlies,0.0,0.0,0.0,,,,,,,,
401589296,,UConn Huskies,Stonehill Skyhawks,0.0,0.0,0.0,,,,,,,,
401575435,,Houston Cougars,Texas A&M-Corpus Christi Islanders,0.0,0.0,0.0,,,,,,,,
401577592,,Creighton Bluejays,North Dakota State Bison,0.0,0.0,0.0,,,,,,,,
401583597,,North Carolina Tar Heels,Lehigh Mountain Hawks,0.0,0.0,0.0,,,,,,,,
401602630,,Baylor Bears,Gardner-Webb Runnin' Bulldogs,0.0,0.0,0.0,,,,,,,,
401598039,,Saint Mary's Gaels,Weber State Wildcats,0.0,0.0,0.0,,,,,,,,
401574570,,Purdue Boilermakers,Xavier Musketeers,0.0,0.0,0.0,,,,,,,,
401600256,,Arizona Wildcats,Southern Jaguars,0.0,0.0,0.0,,,,,,,,
401575436,,Houston Cougars,Stetson Hatters,0.0,0.0,0.0,,,,,,,,
401588937,,Miami Hurricanes,Florida International Panthers,0.0,0.0,0.0,,,,,,,,
401581855,,Arkansas Razorbacks,Old Dominion Monarchs,0.0,0.0,0.0,,,,,,,,
401584358,,Pennsylvania Quakers,Villanova Wildcats,0.0,0.0,0.0,,,,,,,,
401575453,,Kansas Jayhawks,Kentucky Wildcats,0.0,0.0,0.0,,,,,,,,
401574573,,Illinois Fighting Illini,Marquette Golden Eagles,0.0,0.0,0.0,,,,,,,,
401591369,,UConn Huskies,Mississippi Valley State Delta Devils,0.0,0.0,0.0,,,,,,,,
401575519,,Tennessee Volunteers,Wofford Terriers,0.0,0.0,0.0,,,,,,,,
401574574,,Creighton Bluejays,Iowa Hawkeyes,0.0,0.0,0.0,,,,,,,,
401576149,,Michigan State Spartans,Duke Blue Devils,0.0,0.0,0.0,,,,,,,,
401581349,,Florida Atlantic Owls,Eastern Michigan Eagles,0.0,0.0,0.0,,,,,,,,
401606989,,Gonzaga Bulldogs,Eastern Oregon Mountaineers,0.0,0.0,0.0,,,,,,,,
401575511,,SMU Mustangs,Texas A&M Aggies,0.0,0.0,0.0,,,,,,,,
401581803,,Baylor Bears,Kansas City Roos,0.0,0.0,0.0,,,,,,,,
401603531,,USC Trojans,UC Irvine Anteaters,0.0,0.0,0.0,,,,,,,,
401591431,,Alabama Crimson Tide,South Alabama Jaguars,0.0,0.0,0.0,,,,,,,,
401594480,,Colorado Buffaloes,Milwaukee Panthers,0.0,0.0,0.0,,,,,,,,
401583726,,Texas Longhorns,Rice Owls,0.0,0.0,0.0,,,,,,,,
401581343,,Towson Tigers,Houston Cougars,0.0,0.0,0.0,,,,,,,,
401607319,,Arizona Wildcats,Belmont Bruins,0.0,0.0,0.0,,,,,,,,
401581548,,Utah Utes,Houston Cougars,0.0,0.0,0.0,,,,,,,,
401576150,,Duke Blue Devils,Bucknell Bison,0.0,0.0,0.0,,,,,,,,
401581515,,Miami Hurricanes,Georgia Bulldogs,0.0,0.0,0.0,,,,,,,,
401575512,,Texas A&M Aggies,Oral Roberts Golden Eagles,0.0,0.0,0.0,,,,,,,,
401594526,,Arkansas Razorbacks,UNC Greensboro Spartans,0.0,0.0,0.0,,,,,,,,
401588944,,Kentucky Wildcats,Stonehill Skyhawks,0.0,0.0,0.0,,,,,,,,
401574577,,Michigan State Spartans,Butler Bulldogs,0.0,0.0,0.0,,,,,,,,
401583598,,North Carolina Tar Heels,UC Riverside Highlanders,0.0,0.0,0.0,,,,,,,,
401574576,,Villanova Wildcats,Maryland Terrapins,0.0,0.0,0.0,,,,,,,,
401591432,,Alabama Crimson Tide,Mercer Bears,0.0,0.0,0.0,,,,,,,,
401584512,,Illinois Fighting Illini,Valparaiso Beacons,0.0,0.0,0.0,,,,,,,,
401581837,,James Madison Dukes,Radford Highlanders,0.0,0.0,0.0,,,,,,,,
401577593,,Creighton Bluejays,Texas Southern Tigers,0.0,0.0,0.0,,,,,,,,
401600915,,Florida Atlantic Owls,Bryant Bulldogs,0.0,0.0,0.0,,,,,,,,
401600257,,Arizona Wildcats,UT Arlington Mavericks,0.0,0.0,0.0,,,,,,,,
401591374,,Indiana Hoosiers,UConn Huskies,0.0,0.0,0.0,,,,,,,,
401581549,,Houston Cougars,Dayton Flyers,0.0,0.0,0.0,,,,,,,,
401581517,,Miami Hurricanes,Kansas State Wildcats,0.0,0.0,0.0,,,,,,,,
401577659,,USC Trojans,Brown Bears,0.0,0.0,0.0,,,,,,,,
401592370,,Michigan State Spartans,Alcorn State Braves,0.0,0.0,0.0,,,,,,,,
401591375,,Louisville Cardinals,Texas Longhorns,0.0,0.0,0.0,,,,,,,,
401584513,,Illinois Fighting Illini,Southern Jaguars,0.0,0.0,0.0,,,,,,,,
401575875,,Chaminade Silverswords,Kansas Jayhawks,0.0,0.0,0.0,,,,,,,,
401575874,,Gonzaga Bulldogs,Purdue Boilermakers,0.0,0.0,0.0,,,,,,,,
401575876,,Marquette Golden Eagles,UCLA Bruins,0.0,0.0,0.0,,,,,,,,
401601491,,Texas Longhorns,UConn Huskies,0.0,0.0,0.0,,,,,,,,
401575873,,Syracuse Orange,Tennessee Volunteers,0.0,0.0,0.0,,,,,,,,
401577544,,Kentucky Wildcats,Saint Joseph's Hawks,0.0,0.0,0.0,,,,,,,,
401593791,,Richmond Spiders,Colorado Buffaloes,0.0,0.0,0.0,,,,,,,,
401575429,,Virginia Cavaliers,Wisconsin Badgers,0.0,0.0,0.0,,,,,,,,
401581595,,Marquette Golden Eagles,Kansas Jayhawks,0.0,0.0,0.0,,,,,,,,
401581594,,Purdue Boilermakers,Tennessee Volunteers,0.0,0.0,0.0,,,,,,,,
401576151,,Duke Blue Devils,La Salle Explorers,0.0,0.0,0.0,,,,,,,,
401581596,,Gonzaga Bulldogs,Syracuse Orange,0.0,0.0,0.0,,,,,,,,
401603138,,Colorado Buffaloes,Florida State Seminoles,0.0,0.0,0.0,,,,,,,,
401581838,,Southern Illinois Salukis,James Madison Dukes,0.0,0.0,0.0,,,,,,,,
401581599,,Kansas Jayhawks,Tennessee Volunteers,0.0,0.0,0.0,,,,,,,,
401581598,,Marquette Golden Eagles,Purdue Boilermakers,0.0,0.0,0.0,,,,,,,,
401577594,,Creighton Bluejays,Loyola Chicago Ramblers,0.0,0.0,0.0,,,,,,,,
401581600,,UCLA Bruins,Gonzaga Bulldogs,0.0,0.0,0.0,,,,,,,,
401581799,,Oregon State Beavers,Baylor Bears,0.0,0.0,0.0,,,,,,,,
401580922,,North Carolina Tar Heels,Northern Iowa Panthers,0.0,0.0,0.0,,,,,,,,
401580925,,Arkansas Razorbacks,Stanford Cardinal,0.0,0.0,0.0,,,,,,,,
401601497,,Fresno State Bulldogs,James Madison Dukes,0.0,0.0,0.0,,,,,,,,
401603134,,Virginia Cavaliers,West Virginia Mountaineers,0.0,0.0,0.0,,,,,,,,
401592391,,Arizona Wildcats,Michigan State Spartans,0.0,0.0,0.0,,,,,,,,
401581586,,Creighton Bluejays,Colorado State Rams,0.0,0.0,0.0,,,,,,,,
401581334,,Texas A&M Aggies,Penn State Nittany Lions,0.0,0.0,0.0,,,,,,,,
401581520,,North Carolina Tar Heels,Villanova Wildcats,0.0,0.0,0.0,,,,,,,,
401581165,,Butler Bulldogs,Florida Atlantic Owls,0.0,0.0,0.0,,,,,,,,
401581521,,Memphis Tigers,Arkansas Razorbacks,0.0,0.0,0.0,,,,,,,,
401586850,,USC Trojans,Seton Hall Pirates,0.0,0.0,0.0,,,,,,,,
401591370,,UConn Huskies,Manhattan Jaspers,0.0,0.0,0.0,,,,,,,,
401575437,,Houston Cougars,Montana Grizzlies,0.0,0.0,0.0,,,,,,,,
401576152,,Duke Blue Devils,Southern Indiana Screaming Eagles,0.0,0.0,0.0,,,,,,,,
401581565,,Florida Atlantic Owls,Texas A&M Aggies,0.0,0.0,0.0,,,,,,,,
401582118,,Florida Gators,Baylor Bears,0.0,0.0,0.0,,,,,,,,
401581524,,North Carolina Tar Heels,Arkansas Razorbacks,0.0,0.0,0.0,,,,,,,,
401581847,,Kentucky Wildcats,Marshall Thundering Herd,0.0,0.0,0.0,,,,,,,,
401577636,,Ohio State Buckeyes,Alabama Crimson Tide,0.0,0.0,0.0,,,,,,,,
401586851,,USC Trojans,Oklahoma Sooners,0.0,0.0,0.0,,,,,,,,
401606613,,Mississippi State Bulldogs,Nicholls Colonels,0.0,0.0,0.0,,,,,,,,
401582161,,Oregon Ducks,Alabama Crimson Tide,0.0,0.0,0.0,,,,,,,,
401581570,,Iowa State Cyclones,Texas A&M Aggies,0.0,0.0,0.0,,,,,,,,
401583727,,Texas Longhorns,Wyoming Cowboys,0.0,0.0,0.0,,,,,,,,
401581759,,Colorado Buffaloes,Iona Gaels,0.0,0.0,0.0,,,,,,,,
401581569,,Virginia Tech Hokies,Florida Atlantic Owls,0.0,0.0,0.0,,,,,,,,
401591371,,UConn Huskies,New Hampshire Wildcats,0.0,0.0,0.0,,,,,,,,
401577642,,Purdue Boilermakers,Texas Southern Tigers,0.0,0.0,0.0,,,,,,,,
401577600,,Marquette Golden Eagles,Southern Jaguars,0.0,0.0,0.0,,,,,,,,
401575454,,Kansas Jayhawks,Eastern Illinois Panthers,0.0,0.0,0.0,,,,,,,,
401574549,,Kentucky Wildcats,Miami Hurricanes,0.0,0.0,0.0,,,,,,,,
401584438,,Baylor Bears,Nicholls Colonels,0.0,0.0,0.0,,,,,,,,
401600064,,Gonzaga Bulldogs,Cal State Bakersfield Roadrunners,0.0,0.0,0.0,,,,,,,,
401574547,,Georgia Tech Yellow Jackets,Mississippi State Bulldogs,0.0,0.0,0.0,,,,,,,,
401574551,,Alabama Crimson Tide,Clemson Tigers,0.0,0.0,0.0,,,,,,,,
401574555,,Arkansas Razorbacks,Duke Blue Devils,0.0,0.0,0.0,,,,,,,,
401574552,,North Carolina Tar Heels,Tennessee Volunteers,0.0,0.0,0.0,,,,,,,,
401574553,,Virginia Cavaliers,Texas A&M Aggies,0.0,0.0,0.0,,,,,,,,
401577546,,Villanova Wildcats,Saint Joseph's Hawks,0.0,0.0,0.0,,,,,,,,
401594481,,Colorado State Rams,Colorado Buffaloes,0.0,0.0,0.0,,,,,,,,
401581839,,James Madison Dukes,Buffalo Bulls,0.0,0.0,0.0,,,,,,,,
401584372,,Florida Atlantic Owls,Liberty Flames,0.0,0.0,0.0,,,,,,,,
401574560,,Oklahoma State Cowboys,Creighton Bluejays,0.0,0.0,0.0,,,,,,,,
401583728,,Texas Longhorns,Texas State Bobcats,0.0,0.0,0.0,,,,,,,,
401584353,,Oklahoma Sooners,Arkansas-Pine Bluff Golden Lions,0.0,0.0,0.0,,,,,,,,
401600295,,Northwestern Wildcats,Purdue Boilermakers,0.0,0.0,0.0,,,,,,,,
401574563,,Kansas Jayhawks,UConn Huskies,0.0,0.0,0.0,,,,,,,,
401574562,,Xavier Musketeers,Houston Cougars,0.0,0.0,0.0,,,,,,,,
401593953,,BYU Cougars,Fresno State Bulldogs,0.0,0.0,0.0,,,,,,,,
401598634,,Arizona Wildcats,Colgate Raiders,0.0,0.0,0.0,,,,,,,,
401577601,,Wisconsin Badgers,Marquette Golden Eagles,0.0,0.0,0.0,,,,,,,,
401604090,,Georgia Tech Yellow Jackets,Duke Blue Devils,0.0,0.0,0.0,,,,,,,,
401604091,,Miami Hurricanes,Notre Dame Fighting Irish,0.0,0.0,0.0,,,,,,,,
401602358,,Baylor Bears,Northwestern State Demons,0.0,0.0,0.0,,,,,,,,
401603832,,USC Trojans,Gonzaga Bulldogs,0.0,0.0,0.0,,,,,,,,
401588945,,Kentucky Wildcats,UNC Wilmington Seahawks,0.0,0.0,0.0,,,,,,,,
401577651,,Florida Atlantic Owls,Charleston Cougars,0.0,0.0,0.0,,,,,,,,
401604092,,North Carolina Tar Heels,Florida State Seminoles,0.0,0.0,0.0,,,,,,,,
401604303,,Villanova Wildcats,Drexel Dragons,0.0,0.0,0.0,,,,,,,,
401581778,,Colorado State Rams,Washington Huskies,0.0,0.0,0.0,,,,,,,,
401600296,,Rutgers Scarlet Knights,Illinois Fighting Illini,0.0,0.0,0.0,,,,,,,,
401574837,,Nebraska Cornhuskers,Creighton Bluejays,0.0,0.0,0.0,,,,,,,,
401597984,,Mississippi State Bulldogs,Southern Jaguars,0.0,0.0,0.0,,,,,,,,
401581840,,James Madison Dukes,Keystone Giants,0.0,0.0,0.0,,,,,,,,
401600298,,Purdue Boilermakers,Iowa Hawkeyes,0.0,0.0,0.0,,,,,,,,
401575455,,Kansas Jayhawks,Kansas City Roos,0.0,0.0,0.0,,,,,,,,
401580309,,UConn Huskies,North Carolina Tar Heels,0.0,0.0,0.0,,,,,,,,
401574569,,Baylor Bears,Seton Hall Pirates,0.0,0.0,0.0,,,,,,,,
401604758,,Gonzaga Bulldogs,Arkansas-Pine Bluff Golden Lions,0.0,0.0,0.0,,,,,,,,
401580310,,Illinois Fighting Illini,Florida Atlantic Owls,0.0,0.0,0.0,,,,,,,,
401587218,,BYU Cougars,Evansville Purple Aces,0.0,0.0,0.0,,,,,,,,
401575520,,Tennessee Volunteers,George Mason Patriots,0.0,0.0,0.0,,,,,,,,
401574567,,Oklahoma Sooners,Providence Friars,0.0,0.0,0.0,,,,,,,,
401600300,,Michigan State Spartans,Wisconsin Badgers,0.0,0.0,0.0,,,,,,,,
401584446,,Grand Canyon Lopes,San Diego State Aztecs,0.0,0.0,0.0,,,,,,,,
401575438,,Houston Cougars,Rice Owls,0.0,0.0,0.0,,,,,,,,
401574566,,Marquette Golden Eagles,Texas Longhorns,0.0,0.0,0.0,,,,,,,,
401594596,,Colorado State Rams,Denver Pioneers,0.0,0.0,0.0,,,,,,,,
401576639,,Miami Hurricanes,Long Island University Sharks,0.0,0.0,0.0,,,,,,,,
401575513,,Texas A&M Aggies,DePaul Blue Demons,0.0,0.0,0.0,,,,,,,,
401583763,,Clemson Tigers,South Carolina Gamecocks,0.0,0.0,0.0,,,,,,,,
401598962,,Bellarmine Knights,Berea Mountaineers,0.0,0.0,0.0,,,,,,,,
401617203,,North Alabama Lions,Rust Bearcats,0.0,0.0,0.0,,,,,,,,
401604424,,Delaware State Hornets,Virginia-Lynchburg Dragons,0.0,0.0,0.0,,,,,,,,
401594572,,UNC Greensboro Spartans,Eastern Kentucky Colonels,0.0,0.0,0.0,,,,,,,,
401589374,,Wright State Raiders,Bethel (IN) Pilots,0.0,0.0,0.0,,,,,,,,
401575447,,Iowa State Cyclones,Iowa Hawkeyes,0.0,0.0,0.0,,,,,,,,
401574417,,Central Arkansas Bears,Little Rock Trojans,0.0,0.0,0.0,,,,,,,,
401587239,,Eastern Illinois Panthers,IU Indianapolis Jaguars,0.0,0.0,0.0,,,,,,,,
401583844,,North Dakota State Bison,Portland Pilots,0.0,0.0,0.0,,,,,,,,
401594094,,Cal State Northridge Matadors,Bethesda University Flames,0.0,0.0,0.0,,,,,,,,
401597838,,Duquesne Dukes,Saint Peter's Peacocks,0.0,0.0,0.0,,,,,,,,
401593810,,Boston College Eagles,Holy Cross Crusaders,0.0,0.0,0.0,,,,,,,,
401589299,,Rider Broncs,Stonehill Skyhawks,0.0,0.0,0.0,,,,,,,,
401587230,,Manhattan Jaspers,Fairleigh Dickinson Knights,0.0,0.0,0.0,,,,,,,,
401587189,,Yale Bulldogs,Colby-Sawyer Chargers,0.0,0.0,0.0,,,,,,,,
401581743,,Harvard Crimson,Army Black Knights,0.0,0.0,0.0,,,,,,,,
401581730,,High Point Panthers,North Carolina A&T Aggies,0.0,0.0,0.0,,,,,,,,
401581354,,Eastern Michigan Eagles,Oakland Golden Grizzlies,0.0,0.0,0.0,,,,,,,,
401577711,,Jacksonville State Gamecocks,UIC Flames,0.0,0.0,0.0,,,,,,,,
401577687,,Quinnipiac Bobcats,Navy Midshipmen,0.0,0.0,0.0,,,,,,,,
401584414,,Arizona Wildcats,Wisconsin Badgers,0.0,0.0,0.0,,,,,,,,
401575456,,Kansas Jayhawks,Missouri Tigers,0.0,0.0,0.0,,,,,,,,
401575439,,Houston Cougars,Jackson State Tigers,0.0,0.0,0.0,,,,,,,,
401577643,,Purdue Boilermakers,Alabama Crimson Tide,0.0,0.0,0.0,,,,,,,,
401591372,,UConn Huskies,Arkansas-Pine Bluff Golden Lions,0.0,0.0,0.0,,,,,,,,
401581779,,Washington Huskies,Gonzaga Bulldogs,0.0,0.0,0.0,,,,,,,,
401577603,,Marquette Golden Eagles,Notre Dame Fighting Irish,0.0,0.0,0.0,,,,,,,,
401577595,,Creighton Bluejays,Central Michigan Chippewas,0.0,0.0,0.0,,,,,,,,
401583729,,Texas Longhorns,Houston Christian Huskies,0.0,0.0,0.0,,,,,,,,
401595310,,Colorado State Rams,Saint Mary's Gaels,0.0,0.0,0.0,,,,,,,,
401593954,,Utah Utes,BYU Cougars,0.0,0.0,0.0,,,,,,,,
401588946,,Kentucky Wildcats,Pennsylvania Quakers,0.0,0.0,0.0,,,,,,,,
401575521,,Tennessee Volunteers,Illinois Fighting Illini,0.0,0.0,0.0,,,,,,,,
401581841,,Old Dominion Monarchs,James Madison Dukes,0.0,0.0,0.0,,,,,,,,
401584354,,Oklahoma Sooners,Arkansas Razorbacks,0.0,0.0,0.0,,,,,,,,
401576153,,Duke Blue Devils,Charlotte 49ers,0.0,0.0,0.0,,,,,,,,
401578015,,Clemson Tigers,TCU Horned Frogs,0.0,0.0,0.0,,,,,,,,
401597932,,San Diego State Aztecs,UC Irvine Anteaters,0.0,0.0,0.0,,,,,,,,
401583792,,Miami Hurricanes,Colorado Buffaloes,0.0,0.0,0.0,,,,,,,,
401575514,,Texas A&M Aggies,Memphis Tigers,0.0,0.0,0.0,,,,,,,,
401606990,,Gonzaga Bulldogs,Mississippi Valley State Delta Devils,0.0,0.0,0.0,,,,,,,,
401575522,,Tennessee Volunteers,Georgia Southern Eagles,0.0,0.0,0.0,,,,,,,,
401576154,,Duke Blue Devils,Hofstra Pride,0.0,0.0,0.0,,,,,,,,
401577596,,UNLV Rebels,Creighton Bluejays,0.0,0.0,0.0,,,,,,,,
401608783,,Florida Atlantic Owls,Florida International Panthers,0.0,0.0,0.0,,,,,,,,
401593955,,BYU Cougars,Denver Pioneers,0.0,0.0,0.0,,,,,,,,
401581722,,Northwestern Wildcats,Chicago State Cougars,0.0,0.0,0.0,,,,,,,,
401577604,,Marquette Golden Eagles,St. Thomas-Minnesota Tommies,0.0,0.0,0.0,,,,,,,,
401584415,,Wisconsin Badgers,Jacksonville State Gamecocks,0.0,0.0,0.0,,,,,,,,
401591373,,Gonzaga Bulldogs,UConn Huskies,0.0,0.0,0.0,,,,,,,,
401577644,,Purdue Boilermakers,Arizona Wildcats,0.0,0.0,0.0,,,,,,,,
401575457,,Indiana Hoosiers,Kansas Jayhawks,0.0,0.0,0.0,,,,,,,,
401575440,,Houston Cougars,Texas A&M Aggies,0.0,0.0,0.0,,,,,,,,
401592434,,Michigan State Spartans,Baylor Bears,0.0,0.0,0.0,,,,,,,,
401577597,,Creighton Bluejays,Alabama Crimson Tide,0.0,0.0,0.0,,,,,,,,
401581147,,Kentucky Wildcats,North Carolina Tar Heels,0.0,0.0,0.0,,,,,,,,
401584355,,Oklahoma Sooners,Green Bay Phoenix,0.0,0.0,0.0,,,,,,,,
401575523,,Tennessee Volunteers,NC State Wolfpack,0.0,0.0,0.0,,,,,,,,
401583604,,Memphis Tigers,Clemson Tigers,0.0,0.0,0.0,,,,,,,,
401575423,,St. Bonaventure Bonnies,Florida Atlantic Owls,0.0,0.0,0.0,,,,,,,,
401593956,,BYU Cougars,Georgia State Panthers,0.0,0.0,0.0,,,,,,,,
401583730,,Texas Longhorns,LSU Tigers,0.0,0.0,0.0,,,,,,,,
401581842,,Hampton Pirates,James Madison Dukes,0.0,0.0,0.0,,,,,,,,
401575431,,Virginia Cavaliers,Northeastern Huskies,0.0,0.0,0.0,,,,,,,,
401588938,,Miami Hurricanes,La Salle Explorers,0.0,0.0,0.0,,,,,,,,
401581723,,DePaul Blue Demons,Northwestern Wildcats,0.0,0.0,0.0,,,,,,,,
401584515,,Illinois Fighting Illini,Colgate Raiders,0.0,0.0,0.0,,,,,,,,
401595311,,Colorado State Rams,CSU Pueblo Thunderwolves,0.0,0.0,0.0,,,,,,,,
401600769,,Drexel Dragons,Penn State-Alleghany Nittany Lions,0.0,0.0,0.0,,,,,,,,
401581867,,Jacksonville Dolphins,UL Monroe Warhawks,0.0,0.0,0.0,,,,,,,,
401608799,,East Texas A&M Lions,Arlington Baptist Patriots,0.0,0.0,0.0,,,,,,,,
401604785,,Texas A&M-Corpus Christi Islanders,Texas Lutheran Bulldogs,0.0,0.0,0.0,,,,,,,,
401598021,,Prairie View A&M Panthers,North American Stallions,0.0,0.0,0.0,,,,,,,,
401601467,,UNC Asheville Bulldogs,South Carolina State Bulldogs,0.0,0.0,0.0,,,,,,,,
401577654,,Charleston Cougars,Coastal Carolina Chanticleers,0.0,0.0,0.0,,,,,,,,
401583782,,Youngstown State Penguins,Westminster (PA) Titans,0.0,0.0,0.0,,,,,,,,
401611803,,Norfolk State Spartans,Southern Virginia Knights,0.0,0.0,0.0,,,,,,,,
401602694,,Le Moyne Dolphins,Houghton Highlanders,0.0,0.0,0.0,,,,,,,,
401600290,,Dartmouth Big Green,Thomas (ME) Terriers,0.0,0.0,0.0,,,,,,,,
401596814,,Campbell Fighting Camels,Morgan State Bears,0.0,0.0,0.0,,,,,,,,
401592435,,Michigan State Spartans,Oakland Golden Grizzlies,0.0,0.0,0.0,,,,,,,,
401587210,,Duquesne Dukes,Bradley Braves,0.0,0.0,0.0,,,,,,,,
401587201,,Ohio Bobcats,Defiance Yellow Jackets,0.0,0.0,0.0,,,,,,,,
401584387,,Marist Red Foxes,Maryland Eastern Shore Hawks,0.0,0.0,0.0,,,,,,,,
401581852,,Marshall Thundering Herd,Bluefield University Ramblin' Rams,0.0,0.0,0.0,,,,,,,,
401581093,,Wake Forest Demon Deacons,Delaware State Hornets,0.0,0.0,0.0,,,,,,,,
401577689,,Holy Cross Crusaders,Quinnipiac Bobcats,0.0,0.0,0.0,,,,,,,,
401575467,,UCF Knights,Maine Black Bears,0.0,0.0,0.0,,,,,,,,
401594435,,Little Rock Trojans,Murray State Racers,0.0,0.0,0.0,,,,,,,,
401604759,,Arkansas-Pine Bluff Golden Lions,Ecclesia Royals,0.0,0.0,0.0,,,,,,,,
401604348,,SIU Edwardsville Cougars,Central Christian College Tigers,0.0,0.0,0.0,,,,,,,,
401600245,,Chicago State Cougars,UT Rio Grande Valley Vaqueros,0.0,0.0,0.0,,,,,,,,
401598013,,Texas State Bobcats,LeTourneau Yellow Jackets,0.0,0.0,0.0,,,,,,,,
401597434,,Tarleton State Texans,Jacksonville State Gamecocks,0.0,0.0,0.0,,,,,,,,
401594478,,Western Illinois Leathernecks,Eureka Red Devils,0.0,0.0,0.0,,,,,,,,
401587220,,Evansville Purple Aces,UT Martin Skyhawks,0.0,0.0,0.0,,,,,,,,
401581791,,Lamar Cardinals,Southern Miss Golden Eagles,0.0,0.0,0.0,,,,,,,,
401588606,,Northern Illinois Huskies,Calumet Crimson Wave,0.0,0.0,0.0,,,,,,,,
401594597,,Denver Pioneers,Adams State Grizzlies,0.0,0.0,0.0,,,,,,,,
401594055,,Sacramento State Hornets,UC San Diego Tritons,0.0,0.0,0.0,,,,,,,,
401594038,,Fresno State Bulldogs,Portland State Vikings,0.0,0.0,0.0,,,,,,,,
401593977,,Cal Poly Mustangs,Eastern Washington Eagles,0.0,0.0,0.0,,,,,,,,
401583757,,Loyola Marymount Lions,Detroit Mercy Titans,0.0,0.0,0.0,,,,,,,,
401575413,,Pacific Tigers,Stanislaus State Warriors,0.0,0.0,0.0,,,,,,,,
401599439,,Providence Friars,Marquette Golden Eagles,0.0,0.0,0.0,,,,,,,,
401581843,,James Madison Dukes,Coppin State Eagles,0.0,0.0,0.0,,,,,,,,
401575432,,Memphis Tigers,Virginia Cavaliers,0.0,0.0,0.0,,,,,,,,
401591573,,Ole Miss Rebels,Troy Trojans,0.0,0.0,0.0,,,,,,,,
401591434,,Arizona Wildcats,Alabama Crimson Tide,0.0,0.0,0.0,,,,,,,,
401599441,,Seton Hall Pirates,UConn Huskies,0.0,0.0,0.0,,,,,,,,
401578668,,Oklahoma Sooners,North Carolina Tar Heels,0.0,0.0,0.0,,,,,,,,
401576155,,Duke Blue Devils,Baylor Bears,0.0,0.0,0.0,,,,,,,,
401599440,,Creighton Bluejays,Villanova Wildcats,0.0,0.0,0.0,,,,,,,,
401583819,,Gonzaga Bulldogs,Jackson State Tigers,0.0,0.0,0.0,,,,,,,,
401577645,,Purdue Boilermakers,Jacksonville Dolphins,0.0,0.0,0.0,,,,,,,,
401575441,,Houston Cougars,Texas State Bobcats,0.0,0.0,0.0,,,,,,,,
401575524,,Tennessee Volunteers,Tarleton State Texans,0.0,0.0,0.0,,,,,,,,
401588941,,Louisville Cardinals,Kentucky Wildcats,0.0,0.0,0.0,,,,,,,,
401575458,,Kansas Jayhawks,Yale Bulldogs,0.0,0.0,0.0,,,,,,,,
401599443,,Marquette Golden Eagles,Georgetown Hoyas,0.0,0.0,0.0,,,,,,,,
401604912,,Baylor Bears,Mississippi Valley State Delta Devils,0.0,0.0,0.0,,,,,,,,
401584516,,Illinois Fighting Illini,Missouri Tigers,0.0,0.0,0.0,,,,,,,,
401590983,,Loyola Marymount Lions,Colorado State Rams,0.0,0.0,0.0,,,,,,,,
401593957,,BYU Cougars,Bellarmine Knights,0.0,0.0,0.0,,,,,,,,
401583723,,Clemson Tigers,Queens University Royals,0.0,0.0,0.0,,,,,,,,
401583731,,Texas Longhorns,Texas A&M-Corpus Christi Islanders,0.0,0.0,0.0,,,,,,,,
401581844,,Morgan State Bears,James Madison Dukes,0.0,0.0,0.0,,,,,,,,
401584416,,Wisconsin Badgers,Chicago State Cougars,0.0,0.0,0.0,,,,,,,,
401600258,,Arizona Wildcats,Florida Atlantic Owls,0.0,0.0,0.0,,,,,,,,
401599446,,UConn Huskies,St. John's Red Storm,0.0,0.0,0.0,,,,,,,,
401583605,,Memphis Tigers,Vanderbilt Commodores,0.0,0.0,0.0,,,,,,,,
401594546,,Ole Miss Rebels,Southern Miss Golden Eagles,0.0,0.0,0.0,,,,,,,,
401581557,,Portland Pilots,Temple Owls,0.0,0.0,0.0,,,,,,,,
401581558,,Massachusetts Minutemen,Old Dominion Monarchs,0.0,0.0,0.0,,,,,,,,
401581560,,Hawai'i Rainbow Warriors,TCU Horned Frogs,0.0,0.0,0.0,,,,,,,,
401581559,,Georgia Tech Yellow Jackets,Nevada Wolf Pack,0.0,0.0,0.0,,,,,,,,
401622999,,Bethesda University Flames,Grand Canyon Lopes,0.0,0.0,0.0,,,,,,,,
401575433,,Virginia Cavaliers,Morgan State Bears,0.0,0.0,0.0,,,,,,,,
401594651,,California Baptist Lancers,Chicago State Cougars,0.0,0.0,0.0,,,,,,,,
401574420,,Oklahoma Sooners,Central Arkansas Bears,0.0,0.0,0.0,,,,,,,,
401577646,,Purdue Boilermakers,Eastern Kentucky Colonels,0.0,0.0,0.0,,,,,,,,
401607355,,California Golden Bears,Arizona Wildcats,0.0,0.0,0.0,,,,,,,,
401580112,,Kentucky Wildcats,Illinois State Redbirds,0.0,0.0,0.0,,,,,,,,
401583599,,North Carolina Tar Heels,Charleston Southern Buccaneers,0.0,0.0,0.0,,,,,,,,
401584517,,Illinois Fighting Illini,Fairleigh Dickinson Knights,0.0,0.0,0.0,,,,,,,,
401594653,,Gonzaga Bulldogs,San Diego State Aztecs,0.0,0.0,0.0,,,,,,,,
401609946,,Colorado State Rams,Adams State Grizzlies,0.0,0.0,0.0,,,,,,,,
401583764,,Clemson Tigers,Radford Highlanders,0.0,0.0,0.0,,,,,,,,
401583732,,Texas Longhorns,UNC Greensboro Spartans,0.0,0.0,0.0,,,,,,,,
401575459,,Kansas Jayhawks,Wichita State Shockers,0.0,0.0,0.0,,,,,,,,
401575442,,Houston Cougars,Pennsylvania Quakers,0.0,0.0,0.0,,,,,,,,
401601144,,Florida Gulf Coast Eagles,Florida Atlantic Owls,0.0,0.0,0.0,,,,,,,,
401599448,,Marquette Golden Eagles,Creighton Bluejays,0.0,0.0,0.0,,,,,,,,
401593958,,BYU Cougars,Wyoming Cowboys,0.0,0.0,0.0,,,,,,,,
401574497,,Duke Blue Devils,Queens University Royals,0.0,0.0,0.0,,,,,,,,
401583606,,Memphis Tigers,Austin Peay Governors,0.0,0.0,0.0,,,,,,,,
401581667,,James Madison Dukes,Texas State Bobcats,0.0,0.0,0.0,,,,,,,,
401607360,,Stanford Cardinal,Arizona Wildcats,0.0,0.0,0.0,,,,,,,,
401583752,,Oklahoma Sooners,Monmouth Hawks,0.0,0.0,0.0,,,,,,,,
401594547,,Ole Miss Rebels,Bryant Bulldogs,0.0,0.0,0.0,,,,,,,,
401583733,,Texas Longhorns,UT Arlington Mavericks,0.0,0.0,0.0,,,,,,,,
401600308,,Maryland Terrapins,Purdue Boilermakers,0.0,0.0,0.0,,,,,,,,
401599471,,UConn Huskies,DePaul Blue Demons,0.0,0.0,0.0,,,,,,,,
401575525,,Tennessee Volunteers,Norfolk State Spartans,0.0,0.0,0.0,,,,,,,,
401604101,,Pittsburgh Panthers,North Carolina Tar Heels,0.0,0.0,0.0,,,,,,,,
401600307,,Illinois Fighting Illini,Northwestern Wildcats,0.0,0.0,0.0,,,,,,,,
401606629,,Colorado State Rams,New Mexico Lobos,0.0,0.0,0.0,,,,,,,,
401604100,,Duke Blue Devils,Syracuse Orange,0.0,0.0,0.0,,,,,,,,
401602055,,Florida Atlantic Owls,East Carolina Pirates,0.0,0.0,0.0,,,,,,,,
401598580,,Baylor Bears,Cornell Big Red,0.0,0.0,0.0,,,,,,,,
401600306,,Wisconsin Badgers,Iowa Hawkeyes,0.0,0.0,0.0,,,,,,,,
401583801,,Auburn Tigers,Pennsylvania Quakers,0.0,0.0,0.0,,,,,,,,
401604103,,Miami Hurricanes,Clemson Tigers,0.0,0.0,0.0,,,,,,,,
401599472,,Providence Friars,Seton Hall Pirates,0.0,0.0,0.0,,,,,,,,
401607366,,Arizona Wildcats,Colorado Buffaloes,0.0,0.0,0.0,,,,,,,,
401602060,,Tulsa Golden Hurricane,Memphis Tigers,0.0,0.0,0.0,,,,,,,,
401581668,,Louisiana Ragin' Cajuns,James Madison Dukes,0.0,0.0,0.0,,,,,,,,
401589664,,Gonzaga Bulldogs,Pepperdine Waves,0.0,0.0,0.0,,,,,,,,
401600313,,Purdue Boilermakers,Illinois Fighting Illini,0.0,0.0,0.0,,,,,,,,
401599474,,Butler Bulldogs,UConn Huskies,0.0,0.0,0.0,,,,,,,,
401603400,,Kansas Jayhawks,TCU Horned Frogs,0.0,0.0,0.0,,,,,,,,
401603399,,Houston Cougars,West Virginia Mountaineers,0.0,0.0,0.0,,,,,,,,
401597110,,Tennessee Volunteers,Ole Miss Rebels,0.0,0.0,0.0,,,,,,,,
401597109,,Florida Gators,Kentucky Wildcats,0.0,0.0,0.0,,,,,,,,
401599477,,Seton Hall Pirates,Marquette Golden Eagles,0.0,0.0,0.0,,,,,,,,
401604106,,Clemson Tigers,North Carolina Tar Heels,0.0,0.0,0.0,,,,,,,,
401607370,,Arizona Wildcats,Utah Utes,0.0,0.0,0.0,,,,,,,,
401603402,,Oklahoma Sooners,Iowa State Cyclones,0.0,0.0,0.0,,,,,,,,
401603398,,BYU Cougars,Cincinnati Bearcats,0.0,0.0,0.0,,,,,,,,
401600793,,Utah State Aggies,Colorado State Rams,0.0,0.0,0.0,,,,,,,,
401604110,,Notre Dame Fighting Irish,Duke Blue Devils,0.0,0.0,0.0,,,,,,,,
401602062,,Charlotte 49ers,Florida Atlantic Owls,0.0,0.0,0.0,,,,,,,,
401603403,,Oklahoma State Cowboys,Baylor Bears,0.0,0.0,0.0,,,,,,,,
401581669,,Southern Miss Golden Eagles,James Madison Dukes,0.0,0.0,0.0,,,,,,,,
401603404,,Texas Longhorns,Texas Tech Red Raiders,0.0,0.0,0.0,,,,,,,,
401600314,,Wisconsin Badgers,Nebraska Cornhuskers,0.0,0.0,0.0,,,,,,,,
401599475,,Creighton Bluejays,Providence Friars,0.0,0.0,0.0,,,,,,,,
401589667,,Gonzaga Bulldogs,San Diego Toreros,0.0,0.0,0.0,,,,,,,,
401597113,,Arkansas Razorbacks,Auburn Tigers,0.0,0.0,0.0,,,,,,,,
401602066,,Memphis Tigers,SMU Mustangs,0.0,0.0,0.0,,,,,,,,
401579042,,New Orleans Privateers,East Texas A&M Lions,0.0,0.0,0.0,,,,,,,,
401600652,,Monmouth Hawks,Northeastern Huskies,0.0,0.0,0.0,,,,,,,,
401606728,,South Carolina State Bulldogs,Howard Bison,0.0,0.0,0.0,,,,,,,,
401604425,,Morgan State Bears,Delaware State Hornets,0.0,0.0,0.0,,,,,,,,
401598023,,Southern Jaguars,Prairie View A&M Panthers,0.0,0.0,0.0,,,,,,,,
401594406,,North Carolina Central Eagles,Norfolk State Spartans,0.0,0.0,0.0,,,,,,,,
401589740,,Coppin State Eagles,Maryland Eastern Shore Hawks,0.0,0.0,0.0,,,,,,,,
401579014,,Northwestern State Demons,McNeese Cowboys,0.0,0.0,0.0,,,,,,,,
401581794,,Lamar Cardinals,Incarnate Word Cardinals,0.0,0.0,0.0,,,,,,,,
401578965,,Texas A&M-Corpus Christi Islanders,Houston Christian Huskies,0.0,0.0,0.0,,,,,,,,
401603001,,Grambling Tigers,Texas Southern Tigers,0.0,0.0,0.0,,,,,,,,
401600126,,Arkansas-Pine Bluff Golden Lions,Alabama State Hornets,0.0,0.0,0.0,,,,,,,,
401600102,,Mississippi Valley State Delta Devils,Alabama A&M Bulldogs,0.0,0.0,0.0,,,,,,,,
401600321,,Nebraska Cornhuskers,Purdue Boilermakers,0.0,0.0,0.0,,,,,,,,
401603407,,Iowa State Cyclones,Houston Cougars,0.0,0.0,0.0,,,,,,,,
401597118,,Kentucky Wildcats,Missouri Tigers,0.0,0.0,0.0,,,,,,,,
401604115,,Pittsburgh Panthers,Duke Blue Devils,0.0,0.0,0.0,,,,,,,,
401603405,,Baylor Bears,BYU Cougars,0.0,0.0,0.0,,,,,,,,
401597116,,Auburn Tigers,Texas A&M Aggies,0.0,0.0,0.0,,,,,,,,
401602972,,Boise State Broncos,Colorado State Rams,0.0,0.0,0.0,,,,,,,,
401597936,,San José State Spartans,San Diego State Aztecs,0.0,0.0,0.0,,,,,,,,
401600794,,Utah State Aggies,Wyoming Cowboys,0.0,0.0,0.0,,,,,,,,
401599479,,DePaul Blue Demons,Creighton Bluejays,0.0,0.0,0.0,,,,,,,,
401603406,,Cincinnati Bearcats,Texas Longhorns,0.0,0.0,0.0,,,,,,,,
401603411,,UCF Knights,Kansas Jayhawks,0.0,0.0,0.0,,,,,,,,
401599483,,Xavier Musketeers,UConn Huskies,0.0,0.0,0.0,,,,,,,,
401597122,,Mississippi State Bulldogs,Tennessee Volunteers,0.0,0.0,0.0,,,,,,,,
401604117,,NC State Wolfpack,North Carolina Tar Heels,0.0,0.0,0.0,,,,,,,,
401603410,,TCU Horned Frogs,Oklahoma Sooners,0.0,0.0,0.0,,,,,,,,
401599481,,Marquette Golden Eagles,Butler Bulldogs,0.0,0.0,0.0,,,,,,,,
401602070,,Memphis Tigers,UTSA Roadrunners,0.0,0.0,0.0,,,,,,,,
401600323,,Ohio State Buckeyes,Wisconsin Badgers,0.0,0.0,0.0,,,,,,,,
401604119,,Virginia Tech Hokies,Clemson Tigers,0.0,0.0,0.0,,,,,,,,
401600325,,Illinois Fighting Illini,Michigan State Spartans,0.0,0.0,0.0,,,,,,,,
401589671,,Santa Clara Broncos,Gonzaga Bulldogs,0.0,0.0,0.0,,,,,,,,
401602072,,Tulane Green Wave,Florida Atlantic Owls,0.0,0.0,0.0,,,,,,,,
401587689,,Milwaukee Panthers,Cleveland State Vikings,0.0,0.0,0.0,,,,,,,,
401600326,,Indiana Hoosiers,Minnesota Golden Gophers,0.0,0.0,0.0,,,,,,,,
401602073,,South Florida Bulls,Rice Owls,0.0,0.0,0.0,,,,,,,,
401596833,,Duquesne Dukes,Dayton Flyers,0.0,0.0,0.0,,,,,,,,
401594384,,Rider Broncs,Manhattan Jaspers,0.0,0.0,0.0,,,,,,,,
401594330,,Marist Red Foxes,Quinnipiac Bobcats,0.0,0.0,0.0,,,,,,,,
401594293,,Niagara Purple Eagles,Fairfield Stags,0.0,0.0,0.0,,,,,,,,
401594259,,Canisius Golden Griffins,Siena Saints,0.0,0.0,0.0,,,,,,,,
401588634,,Akron Zips,Buffalo Bulls,0.0,0.0,0.0,,,,,,,,
401587690,,Robert Morris Colonials,Purdue Fort Wayne Mastodons,0.0,0.0,0.0,,,,,,,,
401574537,,Queens University Royals,Stetson Hatters,0.0,0.0,0.0,,,,,,,,
401574525,,North Florida Ospreys,Jacksonville Dolphins,0.0,0.0,0.0,,,,,,,,
401574512,,Kennesaw State Owls,Florida Gulf Coast Eagles,0.0,0.0,0.0,,,,,,,,
401599484,,Villanova Wildcats,DePaul Blue Demons,0.0,0.0,0.0,,,,,,,,
401587691,,Youngstown State Penguins,Wright State Raiders,0.0,0.0,0.0,,,,,,,,
401600327,,Iowa Hawkeyes,Nebraska Cornhuskers,0.0,0.0,0.0,,,,,,,,
401602973,,Nevada Wolf Pack,Boise State Broncos,0.0,0.0,0.0,,,,,,,,
401600329,,Purdue Boilermakers,Penn State Nittany Lions,0.0,0.0,0.0,,,,,,,,
401603415,,TCU Horned Frogs,Houston Cougars,0.0,0.0,0.0,,,,,,,,
401603414,,Kansas Jayhawks,Oklahoma Sooners,0.0,0.0,0.0,,,,,,,,
401597126,,Georgia Bulldogs,Tennessee Volunteers,0.0,0.0,0.0,,,,,,,,
401597129,,Texas A&M Aggies,Kentucky Wildcats,0.0,0.0,0.0,,,,,,,,
401604123,,North Carolina Tar Heels,Syracuse Orange,0.0,0.0,0.0,,,,,,,,
401607378,,Washington State Cougars,Arizona Wildcats,0.0,0.0,0.0,,,,,,,,
401604121,,Duke Blue Devils,Georgia Tech Yellow Jackets,0.0,0.0,0.0,,,,,,,,
401603412,,Baylor Bears,Cincinnati Bearcats,0.0,0.0,0.0,,,,,,,,
401600328,,Wisconsin Badgers,Northwestern Wildcats,0.0,0.0,0.0,,,,,,,,
401597123,,Auburn Tigers,LSU Tigers,0.0,0.0,0.0,,,,,,,,
401603417,,UCF Knights,BYU Cougars,0.0,0.0,0.0,,,,,,,,
401597937,,New Mexico Lobos,San Diego State Aztecs,0.0,0.0,0.0,,,,,,,,
401597304,,UNLV Rebels,Utah State Aggies,0.0,0.0,0.0,,,,,,,,
401604120,,Clemson Tigers,Boston College Eagles,0.0,0.0,0.0,,,,,,,,
401599486,,Creighton Bluejays,St. John's Red Storm,0.0,0.0,0.0,,,,,,,,
401603418,,West Virginia Mountaineers,Texas Longhorns,0.0,0.0,0.0,,,,,,,,
401599488,,UConn Huskies,Georgetown Hoyas,0.0,0.0,0.0,,,,,,,,
401600330,,Illinois Fighting Illini,Maryland Terrapins,0.0,0.0,0.0,,,,,,,,
401602079,,Wichita State Shockers,Memphis Tigers,0.0,0.0,0.0,,,,,,,,
401602077,,Florida Atlantic Owls,UAB Blazers,0.0,0.0,0.0,,,,,,,,
401599489,,Marquette Golden Eagles,Villanova Wildcats,0.0,0.0,0.0,,,,,,,,
401600335,,Indiana Hoosiers,Purdue Boilermakers,0.0,0.0,0.0,,,,,,,,
401603422,,Oklahoma State Cowboys,Kansas Jayhawks,0.0,0.0,0.0,,,,,,,,
401597132,,Tennessee Volunteers,Florida Gators,0.0,0.0,0.0,,,,,,,,
401603421,,Kansas State Wildcats,Baylor Bears,0.0,0.0,0.0,,,,,,,,
401600334,,Penn State Nittany Lions,Wisconsin Badgers,0.0,0.0,0.0,,,,,,,,
401600795,,New Mexico Lobos,Utah State Aggies,0.0,0.0,0.0,,,,,,,,
401603420,,Cincinnati Bearcats,TCU Horned Frogs,0.0,0.0,0.0,,,,,,,,
401603419,,BYU Cougars,Iowa State Cyclones,0.0,0.0,0.0,,,,,,,,
401596842,,Dayton Flyers,Saint Louis Billikens,0.0,0.0,0.0,,,,,,,,
401599493,,UConn Huskies,Creighton Bluejays,0.0,0.0,0.0,,,,,,,,
401604132,,North Carolina Tar Heels,Louisville Cardinals,0.0,0.0,0.0,,,,,,,,
401603423,,Houston Cougars,Texas Tech Red Raiders,0.0,0.0,0.0,,,,,,,,
401597136,,Kentucky Wildcats,Mississippi State Bulldogs,0.0,0.0,0.0,,,,,,,,
401607383,,Arizona Wildcats,USC Trojans,0.0,0.0,0.0,,,,,,,,
401597135,,Vanderbilt Commodores,Auburn Tigers,0.0,0.0,0.0,,,,,,,,
401603424,,Oklahoma Sooners,West Virginia Mountaineers,0.0,0.0,0.0,,,,,,,,
401597134,,LSU Tigers,Ole Miss Rebels,0.0,0.0,0.0,,,,,,,,
401602086,,Memphis Tigers,South Florida Bulls,0.0,0.0,0.0,,,,,,,,
401600338,,Michigan Wolverines,Illinois Fighting Illini,0.0,0.0,0.0,,,,,,,,
401602085,,Florida Atlantic Owls,Wichita State Shockers,0.0,0.0,0.0,,,,,,,,
401600340,,Wisconsin Badgers,Indiana Hoosiers,0.0,0.0,0.0,,,,,,,,
401599498,,Villanova Wildcats,UConn Huskies,0.0,0.0,0.0,,,,,,,,
401600343,,Iowa Hawkeyes,Purdue Boilermakers,0.0,0.0,0.0,,,,,,,,
401603432,,West Virginia Mountaineers,Kansas Jayhawks,0.0,0.0,0.0,,,,,,,,
401604134,,Boston College Eagles,North Carolina Tar Heels,0.0,0.0,0.0,,,,,,,,
401603427,,Houston Cougars,UCF Knights,0.0,0.0,0.0,,,,,,,,
401597143,,Tennessee Volunteers,Alabama Crimson Tide,0.0,0.0,0.0,,,,,,,,
401604136,,Duke Blue Devils,Pittsburgh Panthers,0.0,0.0,0.0,,,,,,,,
401597142,,Kentucky Wildcats,Georgia Bulldogs,0.0,0.0,0.0,,,,,,,,
401603430,,Texas Longhorns,Baylor Bears,0.0,0.0,0.0,,,,,,,,
401607388,,Arizona Wildcats,UCLA Bruins,0.0,0.0,0.0,,,,,,,,
401597138,,Auburn Tigers,Ole Miss Rebels,0.0,0.0,0.0,,,,,,,,
401603426,,Cincinnati Bearcats,Oklahoma Sooners,0.0,0.0,0.0,,,,,,,,
401600796,,Utah State Aggies,Fresno State Bulldogs,0.0,0.0,0.0,,,,,,,,
401599497,,St. John's Red Storm,Marquette Golden Eagles,0.0,0.0,0.0,,,,,,,,
401599496,,Seton Hall Pirates,Creighton Bluejays,0.0,0.0,0.0,,,,,,,,
401603429,,TCU Horned Frogs,Iowa State Cyclones,0.0,0.0,0.0,,,,,,,,
401603431,,Texas Tech Red Raiders,BYU Cougars,0.0,0.0,0.0,,,,,,,,
401596848,,Dayton Flyers,Rhode Island Rams,0.0,0.0,0.0,,,,,,,,
401602092,,Tulane Green Wave,Memphis Tigers,0.0,0.0,0.0,,,,,,,,
401600344,,Illinois Fighting Illini,Rutgers Scarlet Knights,0.0,0.0,0.0,,,,,,,,
401602093,,UTSA Roadrunners,Florida Atlantic Owls,0.0,0.0,0.0,,,,,,,,
401604141,,North Carolina Tar Heels,Wake Forest Demon Deacons,0.0,0.0,0.0,,,,,,,,
401603433,,Kansas Jayhawks,Cincinnati Bearcats,0.0,0.0,0.0,,,,,,,,
401600346,,Purdue Boilermakers,Michigan Wolverines,0.0,0.0,0.0,,,,,,,,
401603434,,BYU Cougars,Houston Cougars,0.0,0.0,0.0,,,,,,,,
401597144,,South Carolina Gamecocks,Kentucky Wildcats,0.0,0.0,0.0,,,,,,,,
401603435,,Oklahoma Sooners,Texas Longhorns,0.0,0.0,0.0,,,,,,,,
401604144,,Louisville Cardinals,Duke Blue Devils,0.0,0.0,0.0,,,,,,,,
401600348,,Minnesota Golden Gophers,Wisconsin Badgers,0.0,0.0,0.0,,,,,,,,
401596857,,La Salle Explorers,Dayton Flyers,0.0,0.0,0.0,,,,,,,,
401599499,,Creighton Bluejays,Xavier Musketeers,0.0,0.0,0.0,,,,,,,,
401597146,,Alabama Crimson Tide,Auburn Tigers,0.0,0.0,0.0,,,,,,,,
401600349,,Northwestern Wildcats,Illinois Fighting Illini,0.0,0.0,0.0,,,,,,,,
401599501,,DePaul Blue Demons,Marquette Golden Eagles,0.0,0.0,0.0,,,,,,,,
401602096,,Rice Owls,Florida Atlantic Owls,0.0,0.0,0.0,,,,,,,,
401603438,,Iowa State Cyclones,Kansas State Wildcats,0.0,0.0,0.0,,,,,,,,
401602981,,Nevada Wolf Pack,Colorado State Rams,0.0,0.0,0.0,,,,,,,,
401602989,,San José State Spartans,New Mexico Lobos,0.0,0.0,0.0,,,,,,,,
401607395,,Oregon State Beavers,Arizona Wildcats,0.0,0.0,0.0,,,,,,,,
401600351,,Wisconsin Badgers,Michigan State Spartans,0.0,0.0,0.0,,,,,,,,
401604150,,Florida State Seminoles,North Carolina Tar Heels,0.0,0.0,0.0,,,,,,,,
401603442,,Houston Cougars,Kansas State Wildcats,0.0,0.0,0.0,,,,,,,,
401597156,,Vanderbilt Commodores,Tennessee Volunteers,0.0,0.0,0.0,,,,,,,,
401597151,,Arkansas Razorbacks,Kentucky Wildcats,0.0,0.0,0.0,,,,,,,,
401603443,,Iowa State Cyclones,Kansas Jayhawks,0.0,0.0,0.0,,,,,,,,
401597155,,Mississippi State Bulldogs,Auburn Tigers,0.0,0.0,0.0,,,,,,,,
401607398,,Oregon Ducks,Arizona Wildcats,0.0,0.0,0.0,,,,,,,,
401600352,,Illinois Fighting Illini,Indiana Hoosiers,0.0,0.0,0.0,,,,,,,,
401603444,,Oklahoma Sooners,Texas Tech Red Raiders,0.0,0.0,0.0,,,,,,,,
401604148,,Duke Blue Devils,Clemson Tigers,0.0,0.0,0.0,,,,,,,,
401599506,,Marquette Golden Eagles,Seton Hall Pirates,0.0,0.0,0.0,,,,,,,,
401603439,,Baylor Bears,TCU Horned Frogs,0.0,0.0,0.0,,,,,,,,
401596865,,Richmond Spiders,Dayton Flyers,0.0,0.0,0.0,,,,,,,,
401599505,,Creighton Bluejays,DePaul Blue Demons,0.0,0.0,0.0,,,,,,,,
401600797,,Boise State Broncos,Utah State Aggies,0.0,0.0,0.0,,,,,,,,
401603440,,BYU Cougars,Texas Longhorns,0.0,0.0,0.0,,,,,,,,
401602993,,Wyoming Cowboys,Colorado State Rams,0.0,0.0,0.0,,,,,,,,
401599508,,UConn Huskies,Xavier Musketeers,0.0,0.0,0.0,,,,,,,,
401600357,,Rutgers Scarlet Knights,Purdue Boilermakers,0.0,0.0,0.0,,,,,,,,
401602105,,UAB Blazers,Memphis Tigers,0.0,0.0,0.0,,,,,,,,
401602104,,Florida Atlantic Owls,North Texas Mean Green,0.0,0.0,0.0,,,,,,,,
401602982,,New Mexico Lobos,Nevada Wolf Pack,0.0,0.0,0.0,,,,,,,,
401603446,,Texas Longhorns,Houston Cougars,0.0,0.0,0.0,,,,,,,,
401604155,,Virginia Tech Hokies,Duke Blue Devils,0.0,0.0,0.0,,,,,,,,
401604156,,Georgia Tech Yellow Jackets,North Carolina Tar Heels,0.0,0.0,0.0,,,,,,,,
401597158,,Tennessee Volunteers,South Carolina Gamecocks,0.0,0.0,0.0,,,,,,,,
401603447,,Kansas Jayhawks,Oklahoma State Cowboys,0.0,0.0,0.0,,,,,,,,
401599510,,Villanova Wildcats,Marquette Golden Eagles,0.0,0.0,0.0,,,,,,,,
401600358,,Ohio State Buckeyes,Illinois Fighting Illini,0.0,0.0,0.0,,,,,,,,
401603449,,TCU Horned Frogs,Texas Tech Red Raiders,0.0,0.0,0.0,,,,,,,,
401600798,,Utah State Aggies,San José State Spartans,0.0,0.0,0.0,,,,,,,,
401596870,,Dayton Flyers,George Washington Revolutionaries,0.0,0.0,0.0,,,,,,,,
401603448,,Kansas State Wildcats,Oklahoma Sooners,0.0,0.0,0.0,,,,,,,,
401599512,,UConn Huskies,Providence Friars,0.0,0.0,0.0,,,,,,,,
401600361,,Purdue Boilermakers,Northwestern Wildcats,0.0,0.0,0.0,,,,,,,,
401597160,,Kentucky Wildcats,Florida Gators,0.0,0.0,0.0,,,,,,,,
401597161,,Auburn Tigers,Vanderbilt Commodores,0.0,0.0,0.0,,,,,,,,
401603450,,UCF Knights,Baylor Bears,0.0,0.0,0.0,,,,,,,,
401602974,,New Mexico Lobos,Boise State Broncos,0.0,0.0,0.0,,,,,,,,
401597159,,Georgia Bulldogs,Alabama Crimson Tide,0.0,0.0,0.0,,,,,,,,
401600363,,Nebraska Cornhuskers,Wisconsin Badgers,0.0,0.0,0.0,,,,,,,,
401607402,,Arizona Wildcats,California Golden Bears,0.0,0.0,0.0,,,,,,,,
401599513,,Creighton Bluejays,Butler Bulldogs,0.0,0.0,0.0,,,,,,,,
401596874,,Dayton Flyers,St. Bonaventure Bonnies,0.0,0.0,0.0,,,,,,,,
401599516,,St. John's Red Storm,UConn Huskies,0.0,0.0,0.0,,,,,,,,
401604165,,North Carolina Tar Heels,Duke Blue Devils,0.0,0.0,0.0,,,,,,,,
401603453,,Kansas Jayhawks,Houston Cougars,0.0,0.0,0.0,,,,,,,,
401597163,,Kentucky Wildcats,Tennessee Volunteers,0.0,0.0,0.0,,,,,,,,
401599515,,Georgetown Hoyas,Marquette Golden Eagles,0.0,0.0,0.0,,,,,,,,
401603452,,Baylor Bears,Iowa State Cyclones,0.0,0.0,0.0,,,,,,,,
401603456,,Texas Tech Red Raiders,Cincinnati Bearcats,0.0,0.0,0.0,,,,,,,,
401597165,,Ole Miss Rebels,Auburn Tigers,0.0,0.0,0.0,,,,,,,,
401597942,,San Diego State Aztecs,Utah State Aggies,0.0,0.0,0.0,,,,,,,,
401602113,,Florida Atlantic Owls,Tulsa Golden Hurricane,0.0,0.0,0.0,,,,,,,,
401603458,,West Virginia Mountaineers,BYU Cougars,0.0,0.0,0.0,,,,,,,,
401603457,,UCF Knights,Oklahoma Sooners,0.0,0.0,0.0,,,,,,,,
401597166,,Alabama Crimson Tide,Mississippi State Bulldogs,0.0,0.0,0.0,,,,,,,,
401603455,,TCU Horned Frogs,Texas Longhorns,0.0,0.0,0.0,,,,,,,,
401600370,,Wisconsin Badgers,Purdue Boilermakers,0.0,0.0,0.0,,,,,,,,
401607410,,Arizona Wildcats,Stanford Cardinal,0.0,0.0,0.0,,,,,,,,
401600369,,Illinois Fighting Illini,Nebraska Cornhuskers,0.0,0.0,0.0,,,,,,,,
401603459,,Kansas State Wildcats,Kansas Jayhawks,0.0,0.0,0.0,,,,,,,,
401599519,,UConn Huskies,Butler Bulldogs,0.0,0.0,0.0,,,,,,,,
401604171,,North Carolina Tar Heels,Clemson Tigers,0.0,0.0,0.0,,,,,,,,
401603461,,Houston Cougars,Oklahoma State Cowboys,0.0,0.0,0.0,,,,,,,,
401603460,,Baylor Bears,Texas Tech Red Raiders,0.0,0.0,0.0,,,,,,,,
401603462,,Texas Longhorns,Iowa State Cyclones,0.0,0.0,0.0,,,,,,,,
401597170,,South Carolina Gamecocks,Ole Miss Rebels,0.0,0.0,0.0,,,,,,,,
401597171,,Vanderbilt Commodores,Kentucky Wildcats,0.0,0.0,0.0,,,,,,,,
401596882,,Saint Joseph's Hawks,Dayton Flyers,0.0,0.0,0.0,,,,,,,,
401603463,,Oklahoma Sooners,BYU Cougars,0.0,0.0,0.0,,,,,,,,
401600799,,Utah State Aggies,Nevada Wolf Pack,0.0,0.0,0.0,,,,,,,,
401594452,,Air Force Falcons,San Diego State Aztecs,0.0,0.0,0.0,,,,,,,,
401602994,,Wyoming Cowboys,New Mexico Lobos,0.0,0.0,0.0,,,,,,,,
401597174,,Tennessee Volunteers,LSU Tigers,0.0,0.0,0.0,,,,,,,,
401604172,,Duke Blue Devils,Notre Dame Fighting Irish,0.0,0.0,0.0,,,,,,,,
401600375,,Michigan Wolverines,Wisconsin Badgers,0.0,0.0,0.0,,,,,,,,
401597172,,Auburn Tigers,Alabama Crimson Tide,0.0,0.0,0.0,,,,,,,,
401599520,,Providence Friars,Creighton Bluejays,0.0,0.0,0.0,,,,,,,,
401607413,,Utah Utes,Arizona Wildcats,0.0,0.0,0.0,,,,,,,,
401602124,,UAB Blazers,Florida Atlantic Owls,0.0,0.0,0.0,,,,,,,,
401596888,,VCU Rams,Dayton Flyers,0.0,0.0,0.0,,,,,,,,
401597943,,Nevada Wolf Pack,San Diego State Aztecs,0.0,0.0,0.0,,,,,,,,
401599524,,Georgetown Hoyas,UConn Huskies,0.0,0.0,0.0,,,,,,,,
401600378,,Purdue Boilermakers,Indiana Hoosiers,0.0,0.0,0.0,,,,,,,,
401604180,,Miami Hurricanes,North Carolina Tar Heels,0.0,0.0,0.0,,,,,,,,
401603467,,Kansas Jayhawks,Baylor Bears,0.0,0.0,0.0,,,,,,,,
401603465,,Cincinnati Bearcats,Houston Cougars,0.0,0.0,0.0,,,,,,,,
401597181,,Texas A&M Aggies,Tennessee Volunteers,0.0,0.0,0.0,,,,,,,,
401599525,,Marquette Golden Eagles,St. John's Red Storm,0.0,0.0,0.0,,,,,,,,
401607417,,Colorado Buffaloes,Arizona Wildcats,0.0,0.0,0.0,,,,,,,,
401604176,,Duke Blue Devils,Boston College Eagles,0.0,0.0,0.0,,,,,,,,
401600377,,Michigan State Spartans,Illinois Fighting Illini,0.0,0.0,0.0,,,,,,,,
401600381,,Rutgers Scarlet Knights,Wisconsin Badgers,0.0,0.0,0.0,,,,,,,,
401597176,,Florida Gators,Auburn Tigers,0.0,0.0,0.0,,,,,,,,
401603466,,Iowa State Cyclones,TCU Horned Frogs,0.0,0.0,0.0,,,,,,,,
401597180,,South Carolina Gamecocks,Vanderbilt Commodores,0.0,0.0,0.0,,,,,,,,
401597178,,LSU Tigers,Alabama Crimson Tide,0.0,0.0,0.0,,,,,,,,
401588942,,Kentucky Wildcats,Gonzaga Bulldogs,0.0,0.0,0.0,,,,,,,,
401599526,,Xavier Musketeers,Creighton Bluejays,0.0,0.0,0.0,,,,,,,,
401603464,,BYU Cougars,Kansas State Wildcats,0.0,0.0,0.0,,,,,,,,
401600800,,Utah State Aggies,Boise State Broncos,0.0,0.0,0.0,,,,,,,,
401603470,,Texas Tech Red Raiders,UCF Knights,0.0,0.0,0.0,,,,,,,,
401597310,,New Mexico Lobos,UNLV Rebels,0.0,0.0,0.0,,,,,,,,
401602131,,Wichita State Shockers,Florida Atlantic Owls,0.0,0.0,0.0,,,,,,,,
401603472,,Texas Tech Red Raiders,Kansas Jayhawks,0.0,0.0,0.0,,,,,,,,
401604183,,Duke Blue Devils,Wake Forest Demon Deacons,0.0,0.0,0.0,,,,,,,,
401599528,,Butler Bulldogs,Marquette Golden Eagles,0.0,0.0,0.0,,,,,,,,
401604187,,Syracuse Orange,North Carolina Tar Heels,0.0,0.0,0.0,,,,,,,,
401603474,,Cincinnati Bearcats,Iowa State Cyclones,0.0,0.0,0.0,,,,,,,,
401603475,,Baylor Bears,Oklahoma Sooners,0.0,0.0,0.0,,,,,,,,
401600384,,Illinois Fighting Illini,Michigan Wolverines,0.0,0.0,0.0,,,,,,,,
401596897,,Dayton Flyers,Duquesne Dukes,0.0,0.0,0.0,,,,,,,,
401599529,,Creighton Bluejays,Georgetown Hoyas,0.0,0.0,0.0,,,,,,,,
401603473,,BYU Cougars,UCF Knights,0.0,0.0,0.0,,,,,,,,
401600385,,Wisconsin Badgers,Ohio State Buckeyes,0.0,0.0,0.0,,,,,,,,
401604184,,Virginia Cavaliers,Pittsburgh Panthers,0.0,0.0,0.0,,,,,,,,
401597182,,Kentucky Wildcats,Ole Miss Rebels,0.0,0.0,0.0,,,,,,,,
401601894,,Indiana State Sycamores,Illinois State Redbirds,0.0,0.0,0.0,,,,,,,,
401599531,,DePaul Blue Demons,UConn Huskies,0.0,0.0,0.0,,,,,,,,
401597186,,Arkansas Razorbacks,Tennessee Volunteers,0.0,0.0,0.0,,,,,,,,
401597185,,Auburn Tigers,South Carolina Gamecocks,0.0,0.0,0.0,,,,,,,,
401600388,,Purdue Boilermakers,Minnesota Golden Gophers,0.0,0.0,0.0,,,,,,,,
401589713,,Saint Mary's Gaels,Pepperdine Waves,0.0,0.0,0.0,,,,,,,,
401602135,,Florida Atlantic Owls,Temple Owls,0.0,0.0,0.0,,,,,,,,
401581753,,Cornell Big Red,Harvard Crimson,0.0,0.0,0.0,,,,,,,,
401599533,,Georgetown Hoyas,Villanova Wildcats,0.0,0.0,0.0,,,,,,,,
401596901,,Saint Louis Billikens,VCU Rams,0.0,0.0,0.0,,,,,,,,
401594391,,Saint Peter's Peacocks,Siena Saints,0.0,0.0,0.0,,,,,,,,
401594358,,Rider Broncs,Mount St. Mary's Mountaineers,0.0,0.0,0.0,,,,,,,,
401594317,,Iona Gaels,Manhattan Jaspers,0.0,0.0,0.0,,,,,,,,
401594301,,Fairfield Stags,Niagara Purple Eagles,0.0,0.0,0.0,,,,,,,,
401594268,,Marist Red Foxes,Canisius Golden Griffins,0.0,0.0,0.0,,,,,,,,
401591563,,Columbia Lions,Dartmouth Big Green,0.0,0.0,0.0,,,,,,,,
401587195,,Pennsylvania Quakers,Yale Bulldogs,0.0,0.0,0.0,,,,,,,,
401577674,,Princeton Tigers,Brown Bears,0.0,0.0,0.0,,,,,,,,
401574542,,Queens University Royals,Jacksonville Dolphins,0.0,0.0,0.0,,,,,,,,
401574519,,Kennesaw State Owls,North Florida Ospreys,0.0,0.0,0.0,,,,,,,,
401588682,,Toledo Rockets,Ohio Bobcats,0.0,0.0,0.0,,,,,,,,
401597945,,San Diego State Aztecs,New Mexico Lobos,0.0,0.0,0.0,,,,,,,,
401599536,,UConn Huskies,Marquette Golden Eagles,0.0,0.0,0.0,,,,,,,,
401603476,,Houston Cougars,Texas Longhorns,0.0,0.0,0.0,,,,,,,,
401607425,,Arizona Wildcats,Arizona State Sun Devils,0.0,0.0,0.0,,,,,,,,
401603479,,Oklahoma Sooners,Kansas Jayhawks,0.0,0.0,0.0,,,,,,,,
401604190,,North Carolina Tar Heels,Virginia Tech Hokies,0.0,0.0,0.0,,,,,,,,
401597188,,Tennessee Volunteers,Vanderbilt Commodores,0.0,0.0,0.0,,,,,,,,
401604194,,Florida State Seminoles,Duke Blue Devils,0.0,0.0,0.0,,,,,,,,
401603477,,Iowa State Cyclones,Texas Tech Red Raiders,0.0,0.0,0.0,,,,,,,,
401597193,,South Carolina Gamecocks,LSU Tigers,0.0,0.0,0.0,,,,,,,,
401603482,,West Virginia Mountaineers,Baylor Bears,0.0,0.0,0.0,,,,,,,,
401597190,,Auburn Tigers,Kentucky Wildcats,0.0,0.0,0.0,,,,,,,,
401600390,,Maryland Terrapins,Illinois Fighting Illini,0.0,0.0,0.0,,,,,,,,
401597189,,Alabama Crimson Tide,Texas A&M Aggies,0.0,0.0,0.0,,,,,,,,
401596906,,Dayton Flyers,Fordham Rams,0.0,0.0,0.0,,,,,,,,
401599534,,Butler Bulldogs,Creighton Bluejays,0.0,0.0,0.0,,,,,,,,
401603480,,Oklahoma State Cowboys,BYU Cougars,0.0,0.0,0.0,,,,,,,,
401600393,,Iowa Hawkeyes,Wisconsin Badgers,0.0,0.0,0.0,,,,,,,,
401604191,,Virginia Cavaliers,Wake Forest Demon Deacons,0.0,0.0,0.0,,,,,,,,
401601900,,Southern Illinois Salukis,Indiana State Sycamores,0.0,0.0,0.0,,,,,,,,
401600395,,Ohio State Buckeyes,Purdue Boilermakers,0.0,0.0,0.0,,,,,,,,
401602142,,South Florida Bulls,Florida Atlantic Owls,0.0,0.0,0.0,,,,,,,,
401603483,,Houston Cougars,Iowa State Cyclones,0.0,0.0,0.0,,,,,,,,
401599538,,Creighton Bluejays,UConn Huskies,0.0,0.0,0.0,,,,,,,,
401597194,,Missouri Tigers,Tennessee Volunteers,0.0,0.0,0.0,,,,,,,,
401603487,,BYU Cougars,Baylor Bears,0.0,0.0,0.0,,,,,,,,
401589719,,Saint Mary's Gaels,San Francisco Dons,0.0,0.0,0.0,,,,,,,,
401597946,,Utah State Aggies,San Diego State Aztecs,0.0,0.0,0.0,,,,,,,,
401603485,,Texas Tech Red Raiders,TCU Horned Frogs,0.0,0.0,0.0,,,,,,,,
401599541,,Marquette Golden Eagles,DePaul Blue Demons,0.0,0.0,0.0,,,,,,,,
401604203,,Miami Hurricanes,Duke Blue Devils,0.0,0.0,0.0,,,,,,,,
401600399,,Penn State Nittany Lions,Illinois Fighting Illini,0.0,0.0,0.0,,,,,,,,
401597197,,Alabama Crimson Tide,Florida Gators,0.0,0.0,0.0,,,,,,,,
401596914,,George Mason Patriots,Dayton Flyers,0.0,0.0,0.0,,,,,,,,
401597198,,LSU Tigers,Kentucky Wildcats,0.0,0.0,0.0,,,,,,,,
401606630,,New Mexico Lobos,Colorado State Rams,0.0,0.0,0.0,,,,,,,,
401600403,,Purdue Boilermakers,Rutgers Scarlet Knights,0.0,0.0,0.0,,,,,,,,
401607431,,Arizona Wildcats,Washington State Cougars,0.0,0.0,0.0,,,,,,,,
401588694,,Akron Zips,Kent State Golden Flashes,0.0,0.0,0.0,,,,,,,,
401599993,,Jacksonville Dolphins,North Florida Ospreys,0.0,0.0,0.0,,,,,,,,
401594359,,Mount St. Mary's Mountaineers,Saint Peter's Peacocks,0.0,0.0,0.0,,,,,,,,
401594339,,Manhattan Jaspers,Marist Red Foxes,0.0,0.0,0.0,,,,,,,,
401594319,,Rider Broncs,Iona Gaels,0.0,0.0,0.0,,,,,,,,
401594270,,Canisius Golden Griffins,Niagara Purple Eagles,0.0,0.0,0.0,,,,,,,,
401589369,,Dartmouth Big Green,Pennsylvania Quakers,0.0,0.0,0.0,,,,,,,,
401588696,,Bowling Green Falcons,Toledo Rockets,0.0,0.0,0.0,,,,,,,,
401587748,,Green Bay Phoenix,Purdue Fort Wayne Mastodons,0.0,0.0,0.0,,,,,,,,
401587196,,Cornell Big Red,Yale Bulldogs,0.0,0.0,0.0,,,,,,,,
401581755,,Harvard Crimson,Princeton Tigers,0.0,0.0,0.0,,,,,,,,
401577676,,Columbia Lions,Brown Bears,0.0,0.0,0.0,,,,,,,,
401587749,,Milwaukee Panthers,Youngstown State Penguins,0.0,0.0,0.0,,,,,,,,
401596915,,Fordham Rams,Duquesne Dukes,0.0,0.0,0.0,,,,,,,,
401594303,,Quinnipiac Bobcats,Fairfield Stags,0.0,0.0,0.0,,,,,,,,
401602986,,San José State Spartans,Nevada Wolf Pack,0.0,0.0,0.0,,,,,,,,
401599545,,UConn Huskies,Villanova Wildcats,0.0,0.0,0.0,,,,,,,,
401603489,,Baylor Bears,Houston Cougars,0.0,0.0,0.0,,,,,,,,
401607433,,Arizona Wildcats,Washington Huskies,0.0,0.0,0.0,,,,,,,,
401597206,,Tennessee Volunteers,Texas A&M Aggies,0.0,0.0,0.0,,,,,,,,
401603490,,Iowa State Cyclones,West Virginia Mountaineers,0.0,0.0,0.0,,,,,,,,
401604210,,Wake Forest Demon Deacons,Duke Blue Devils,0.0,0.0,0.0,,,,,,,,
401603491,,Kansas Jayhawks,Texas Longhorns,0.0,0.0,0.0,,,,,,,,
401604205,,Virginia Cavaliers,North Carolina Tar Heels,0.0,0.0,0.0,,,,,,,,
401600404,,Illinois Fighting Illini,Iowa Hawkeyes,0.0,0.0,0.0,,,,,,,,
401597202,,Kentucky Wildcats,Alabama Crimson Tide,0.0,0.0,0.0,,,,,,,,
401597204,,Georgia Bulldogs,Auburn Tigers,0.0,0.0,0.0,,,,,,,,
401589723,,Saint Mary's Gaels,San Diego Toreros,0.0,0.0,0.0,,,,,,,,
401597947,,Fresno State Bulldogs,San Diego State Aztecs,0.0,0.0,0.0,,,,,,,,
401597203,,Ole Miss Rebels,South Carolina Gamecocks,0.0,0.0,0.0,,,,,,,,
401607434,,Arizona State Sun Devils,Washington State Cougars,0.0,0.0,0.0,,,,,,,,
401597313,,UNLV Rebels,Colorado State Rams,0.0,0.0,0.0,,,,,,,,
401603495,,UCF Knights,Texas Tech Red Raiders,0.0,0.0,0.0,,,,,,,,
401597201,,Florida Gators,Vanderbilt Commodores,0.0,0.0,0.0,,,,,,,,
401603492,,Kansas State Wildcats,BYU Cougars,0.0,0.0,0.0,,,,,,,,
401600409,,Michigan Wolverines,Purdue Boilermakers,0.0,0.0,0.0,,,,,,,,
401599546,,Marquette Golden Eagles,Xavier Musketeers,0.0,0.0,0.0,,,,,,,,
401599547,,St. John's Red Storm,Creighton Bluejays,0.0,0.0,0.0,,,,,,,,
401604211,,North Carolina Tar Heels,Miami Hurricanes,0.0,0.0,0.0,,,,,,,,
401603497,,TCU Horned Frogs,Baylor Bears,0.0,0.0,0.0,,,,,,,,
401603498,,Houston Cougars,Cincinnati Bearcats,0.0,0.0,0.0,,,,,,,,
401603499,,Kansas Jayhawks,BYU Cougars,0.0,0.0,0.0,,,,,,,,
401597209,,Mississippi State Bulldogs,Kentucky Wildcats,0.0,0.0,0.0,,,,,,,,
401597948,,San Diego State Aztecs,San José State Spartans,0.0,0.0,0.0,,,,,,,,
401596925,,Dayton Flyers,Davidson Wildcats,0.0,0.0,0.0,,,,,,,,
401600803,,Fresno State Bulldogs,Utah State Aggies,0.0,0.0,0.0,,,,,,,,
401597211,,Tennessee Volunteers,Auburn Tigers,0.0,0.0,0.0,,,,,,,,
401599551,,Marquette Golden Eagles,Providence Friars,0.0,0.0,0.0,,,,,,,,
401607437,,Arizona State Sun Devils,Arizona Wildcats,0.0,0.0,0.0,,,,,,,,
401603501,,Iowa State Cyclones,Oklahoma Sooners,0.0,0.0,0.0,,,,,,,,
401604217,,Duke Blue Devils,Louisville Cardinals,0.0,0.0,0.0,,,,,,,,
401599550,,Creighton Bluejays,Seton Hall Pirates,0.0,0.0,0.0,,,,,,,,
401600412,,Illinois Fighting Illini,Minnesota Golden Gophers,0.0,0.0,0.0,,,,,,,,
401597212,,Ole Miss Rebels,Alabama Crimson Tide,0.0,0.0,0.0,,,,,,,,
401597213,,Texas A&M Aggies,South Carolina Gamecocks,0.0,0.0,0.0,,,,,,,,
401597210,,Florida Gators,Missouri Tigers,0.0,0.0,0.0,,,,,,,,
401589729,,Pepperdine Waves,Saint Mary's Gaels,0.0,0.0,0.0,,,,,,,,
401607451,,Washington State Cougars,USC Trojans,0.0,0.0,0.0,,,,,,,,
401589728,,San Francisco Dons,Gonzaga Bulldogs,0.0,0.0,0.0,,,,,,,,
401596929,,Loyola Chicago Ramblers,Dayton Flyers,0.0,0.0,0.0,,,,,,,,
401594458,,Utah State Aggies,Air Force Falcons,0.0,0.0,0.0,,,,,,,,
401603506,,Oklahoma Sooners,Houston Cougars,0.0,0.0,0.0,,,,,,,,
401600418,,Purdue Boilermakers,Michigan State Spartans,0.0,0.0,0.0,,,,,,,,
401597215,,Alabama Crimson Tide,Tennessee Volunteers,0.0,0.0,0.0,,,,,,,,
401599553,,Creighton Bluejays,Marquette Golden Eagles,0.0,0.0,0.0,,,,,,,,
401607438,,Arizona Wildcats,Oregon Ducks,0.0,0.0,0.0,,,,,,,,
401603503,,Baylor Bears,Kansas Jayhawks,0.0,0.0,0.0,,,,,,,,
401603508,,UCF Knights,Iowa State Cyclones,0.0,0.0,0.0,,,,,,,,
401604219,,North Carolina Tar Heels,NC State Wolfpack,0.0,0.0,0.0,,,,,,,,
401604218,,Duke Blue Devils,Virginia Cavaliers,0.0,0.0,0.0,,,,,,,,
401597216,,Auburn Tigers,Mississippi State Bulldogs,0.0,0.0,0.0,,,,,,,,
401600416,,Wisconsin Badgers,Illinois Fighting Illini,0.0,0.0,0.0,,,,,,,,
401597214,,Kentucky Wildcats,Arkansas Razorbacks,0.0,0.0,0.0,,,,,,,,
401589731,,Saint Mary's Gaels,Gonzaga Bulldogs,0.0,0.0,0.0,,,,,,,,
401597219,,South Carolina Gamecocks,Florida Gators,0.0,0.0,0.0,,,,,,,,
401607449,,Washington State Cougars,UCLA Bruins,0.0,0.0,0.0,,,,,,,,
401602162,,Charlotte 49ers,South Florida Bulls,0.0,0.0,0.0,,,,,,,,
401599557,,UConn Huskies,Seton Hall Pirates,0.0,0.0,0.0,,,,,,,,
401604225,,NC State Wolfpack,Duke Blue Devils,0.0,0.0,0.0,,,,,,,,
401603510,,Baylor Bears,Texas Longhorns,0.0,0.0,0.0,,,,,,,,
401600423,,Illinois Fighting Illini,Purdue Boilermakers,0.0,0.0,0.0,,,,,,,,
401604226,,North Carolina Tar Heels,Notre Dame Fighting Irish,0.0,0.0,0.0,,,,,,,,
401597221,,Missouri Tigers,Auburn Tigers,0.0,0.0,0.0,,,,,,,,
401603512,,Kansas Jayhawks,Kansas State Wildcats,0.0,0.0,0.0,,,,,,,,
401597222,,Florida Gators,Alabama Crimson Tide,0.0,0.0,0.0,,,,,,,,
401597316,,UNLV Rebels,San Diego State Aztecs,0.0,0.0,0.0,,,,,,,,
401602169,,South Florida Bulls,Tulane Green Wave,0.0,0.0,0.0,,,,,,,,
401596937,,Saint Louis Billikens,Dayton Flyers,0.0,0.0,0.0,,,,,,,,
401603515,,UCF Knights,Houston Cougars,0.0,0.0,0.0,,,,,,,,
401599561,,Marquette Golden Eagles,UConn Huskies,0.0,0.0,0.0,,,,,,,,
401597225,,South Carolina Gamecocks,Tennessee Volunteers,0.0,0.0,0.0,,,,,,,,
401603514,,Iowa State Cyclones,BYU Cougars,0.0,0.0,0.0,,,,,,,,
401597224,,Kentucky Wildcats,Vanderbilt Commodores,0.0,0.0,0.0,,,,,,,,
401600804,,San José State Spartans,Utah State Aggies,0.0,0.0,0.0,,,,,,,,
401607442,,UCLA Bruins,Arizona Wildcats,0.0,0.0,0.0,,,,,,,,
401607441,,Washington State Cougars,Washington Huskies,0.0,0.0,0.0,,,,,,,,
401597949,,San Diego State Aztecs,Boise State Broncos,0.0,0.0,0.0,,,,,,,,
401596943,,Dayton Flyers,VCU Rams,0.0,0.0,0.0,,,,,,,,
401603519,,Houston Cougars,Kansas Jayhawks,0.0,0.0,0.0,,,,,,,,
401599564,,Providence Friars,UConn Huskies,0.0,0.0,0.0,,,,,,,,
401597233,,Tennessee Volunteers,Kentucky Wildcats,0.0,0.0,0.0,,,,,,,,
401607475,,USC Trojans,Arizona Wildcats,0.0,0.0,0.0,,,,,,,,
401603520,,Kansas State Wildcats,Iowa State Cyclones,0.0,0.0,0.0,,,,,,,,
401604232,,Duke Blue Devils,North Carolina Tar Heels,0.0,0.0,0.0,,,,,,,,
401599566,,Xavier Musketeers,Marquette Golden Eagles,0.0,0.0,0.0,,,,,,,,
401599565,,Villanova Wildcats,Creighton Bluejays,0.0,0.0,0.0,,,,,,,,
401603523,,Texas Tech Red Raiders,Baylor Bears,0.0,0.0,0.0,,,,,,,,
401597229,,Auburn Tigers,Georgia Bulldogs,0.0,0.0,0.0,,,,,,,,
401597228,,Alabama Crimson Tide,Arkansas Razorbacks,0.0,0.0,0.0,,,,,,,,
401597232,,Mississippi State Bulldogs,South Carolina Gamecocks,0.0,0.0,0.0,,,,,,,,
401603517,,BYU Cougars,Oklahoma State Cowboys,0.0,0.0,0.0,,,,,,,,
401600805,,Utah State Aggies,New Mexico Lobos,0.0,0.0,0.0,,,,,,,,
401602178,,Tulsa Golden Hurricane,South Florida Bulls,0.0,0.0,0.0,,,,,,,,
401600433,,Purdue Boilermakers,Wisconsin Badgers,0.0,0.0,0.0,,,,,,,,
401600428,,Iowa Hawkeyes,Illinois Fighting Illini,0.0,0.0,0.0,,,,,,,,
401625648,,Gonzaga Bulldogs,San Francisco Dons,0.0,0.0,0.0,,,,,,,,
401625647,,Saint Mary's Gaels,Santa Clara Broncos,0.0,0.0,0.0,,,,,,,,
401625649,,Saint Mary's Gaels,Gonzaga Bulldogs,0.0,0.0,0.0,,,,,,,,
401625439,,Kansas Jayhawks,Cincinnati Bearcats,0.0,0.0,0.0,,,,,,,,
401625416,,BYU Cougars,UCF Knights,0.0,0.0,0.0,,,,,,,,
401625441,,Houston Cougars,TCU Horned Frogs,0.0,0.0,0.0,,,,,,,,
401625559,,UConn Huskies,Xavier Musketeers,0.0,0.0,0.0,,,,,,,,
401625407,,North Carolina Tar Heels,Florida State Seminoles,0.0,0.0,0.0,,,,,,,,
401625477,,Arizona Wildcats,USC Trojans,0.0,0.0,0.0,,,,,,,,
401625442,,Iowa State Cyclones,Kansas State Wildcats,0.0,0.0,0.0,,,,,,,,
401625561,,Creighton Bluejays,Providence Friars,0.0,0.0,0.0,,,,,,,,
401625562,,Marquette Golden Eagles,Villanova Wildcats,0.0,0.0,0.0,,,,,,,,
401625409,,Duke Blue Devils,NC State Wolfpack,0.0,0.0,0.0,,,,,,,,
401625443,,Baylor Bears,Cincinnati Bearcats,0.0,0.0,0.0,,,,,,,,
401625450,,South Carolina Gamecocks,Arkansas Razorbacks,0.0,0.0,0.0,,,,,,,,
401625525,,Utah State Aggies,Fresno State Bulldogs,0.0,0.0,0.0,,,,,,,,
401625440,,Texas Tech Red Raiders,BYU Cougars,0.0,0.0,0.0,,,,,,,,
401625479,,Washington State Cougars,Stanford Cardinal,0.0,0.0,0.0,,,,,,,,
401625527,,Nevada Wolf Pack,Colorado State Rams,0.0,0.0,0.0,,,,,,,,
401625552,,Dayton Flyers,Duquesne Dukes,0.0,0.0,0.0,,,,,,,,
401625444,,Houston Cougars,Texas Tech Red Raiders,0.0,0.0,0.0,,,,,,,,
401625563,,UConn Huskies,St. John's Red Storm,0.0,0.0,0.0,,,,,,,,
401625684,,Purdue Boilermakers,Michigan State Spartans,0.0,0.0,0.0,,,,,,,,
401625411,,North Carolina Tar Heels,Pittsburgh Panthers,0.0,0.0,0.0,,,,,,,,
401625453,,Tennessee Volunteers,Mississippi State Bulldogs,0.0,0.0,0.0,,,,,,,,
401625481,,Arizona Wildcats,Oregon Ducks,0.0,0.0,0.0,,,,,,,,
401625445,,Iowa State Cyclones,Baylor Bears,0.0,0.0,0.0,,,,,,,,
401625455,,Kentucky Wildcats,Texas A&M Aggies,0.0,0.0,0.0,,,,,,,,
401625564,,Marquette Golden Eagles,Providence Friars,0.0,0.0,0.0,,,,,,,,
401625454,,Auburn Tigers,South Carolina Gamecocks,0.0,0.0,0.0,,,,,,,,
401625686,,Illinois Fighting Illini,Ohio State Buckeyes,0.0,0.0,0.0,,,,,,,,
401625529,,Utah State Aggies,San Diego State Aztecs,0.0,0.0,0.0,,,,,,,,
401625456,,Alabama Crimson Tide,Florida Gators,0.0,0.0,0.0,,,,,,,,
401625482,,Washington State Cougars,Colorado Buffaloes,0.0,0.0,0.0,,,,,,,,
401625446,,Houston Cougars,Iowa State Cyclones,0.0,0.0,0.0,,,,,,,,
401625565,,UConn Huskies,Marquette Golden Eagles,0.0,0.0,0.0,,,,,,,,
401625688,,Purdue Boilermakers,Wisconsin Badgers,0.0,0.0,0.0,,,,,,,,
401625413,,North Carolina Tar Heels,NC State Wolfpack,0.0,0.0,0.0,,,,,,,,
401625457,,Auburn Tigers,Mississippi State Bulldogs,0.0,0.0,0.0,,,,,,,,
401625689,,Illinois Fighting Illini,Nebraska Cornhuskers,0.0,0.0,0.0,,,,,,,,
401625459,,Auburn Tigers,Florida Gators,0.0,0.0,0.0,,,,,,,,
401625690,,Illinois Fighting Illini,Wisconsin Badgers,0.0,0.0,0.0,,,,,,,,
401638580,,Virginia Cavaliers,Colorado State Rams,0.0,0.0,0.0,,,,,,,,
401638579,,Howard Bison,Wagner Seahawks,0.0,0.0,0.0,,,,,,,,
401638582,,Boise State Broncos,Colorado Buffaloes,0.0,0.0,0.0,,,,,,,,
401638581,,Montana State Bobcats,Grambling Tigers,0.0,0.0,0.0,,,,,,,,
401638586,,North Carolina Tar Heels,Wagner Seahawks,0.0,0.0,0.0,,,,,,,,
401638583,,Arizona Wildcats,Long Beach State Beach,0.0,0.0,0.0,,,,,,,,
401638595,,Iowa State Cyclones,South Dakota State Jackrabbits,0.0,0.0,0.0,,,,,,,,
401638587,,Tennessee Volunteers,Saint Peter's Peacocks,0.0,0.0,0.0,,,,,,,,
401638589,,Creighton Bluejays,Akron Zips,0.0,0.0,0.0,,,,,,,,
401638597,,Illinois Fighting Illini,Morehead State Eagles,0.0,0.0,0.0,,,,,,,,
401638593,,Kentucky Wildcats,Oakland Golden Grizzlies,0.0,0.0,0.0,,,,,,,,
401638591,,Kansas Jayhawks,Samford Bulldogs,0.0,0.0,0.0,,,,,,,,
401638592,,Gonzaga Bulldogs,McNeese Cowboys,0.0,0.0,0.0,,,,,,,,
401638598,,BYU Cougars,Duquesne Dukes,0.0,0.0,0.0,,,,,,,,
401638590,,South Carolina Gamecocks,Oregon Ducks,0.0,0.0,0.0,,,,,,,,
401638594,,Texas Tech Red Raiders,NC State Wolfpack,0.0,0.0,0.0,,,,,,,,
401638584,,Dayton Flyers,Nevada Wolf Pack,0.0,0.0,0.0,,,,,,,,
401638588,,Texas Longhorns,Colorado State Rams,0.0,0.0,0.0,,,,,,,,
401638596,,Washington State Cougars,Drake Bulldogs,0.0,0.0,0.0,,,,,,,,
401638585,,Mississippi State Bulldogs,Michigan State Spartans,0.0,0.0,0.0,,,,,,,,
401638599,,UConn Huskies,Stetson Hatters,0.0,0.0,0.0,,,,,,,,
401638601,,Purdue Boilermakers,Grambling Tigers,0.0,0.0,0.0,,,,,,,,
401638600,,Houston Cougars,Longwood Lancers,0.0,0.0,0.0,,,,,,,,
401638607,,Marquette Golden Eagles,Western Kentucky Hilltoppers,0.0,0.0,0.0,,,,,,,,
401638602,,Baylor Bears,Colgate Raiders,0.0,0.0,0.0,,,,,,,,
401638612,,Auburn Tigers,Yale Bulldogs,0.0,0.0,0.0,,,,,,,,
401638609,,Duke Blue Devils,Vermont Catamounts,0.0,0.0,0.0,,,,,,,,
401638604,,Alabama Crimson Tide,Charleston Cougars,0.0,0.0,0.0,,,,,,,,
401638613,,San Diego State Aztecs,UAB Blazers,0.0,0.0,0.0,,,,,,,,
401638610,,Wisconsin Badgers,James Madison Dukes,0.0,0.0,0.0,,,,,,,,
401638605,,Saint Mary's Gaels,Grand Canyon Lopes,0.0,0.0,0.0,,,,,,,,
401638603,,Clemson Tigers,New Mexico Lobos,0.0,0.0,0.0,,,,,,,,
401638608,,Florida Gators,Colorado Buffaloes,0.0,0.0,0.0,,,,,,,,
401638614,,Florida Atlantic Owls,Northwestern Wildcats,0.0,0.0,0.0,,,,,,,,
401638611,,Nebraska Cornhuskers,Texas A&M Aggies,0.0,0.0,0.0,,,,,,,,
401638606,,Utah State Aggies,TCU Horned Frogs,0.0,0.0,0.0,,,,,,,,
401638622,,North Carolina Tar Heels,Michigan State Spartans,0.0,0.0,0.0,,,,,,,,
401638621,,Arizona Wildcats,Dayton Flyers,0.0,0.0,0.0,,,,,,,,
401638616,,Iowa State Cyclones,Washington State Cougars,0.0,0.0,0.0,,,,,,,,
401638619,,Tennessee Volunteers,Texas Longhorns,0.0,0.0,0.0,,,,,,,,
401638615,,Illinois Fighting Illini,Duquesne Dukes,0.0,0.0,0.0,,,,,,,,
401638618,,Creighton Bluejays,Oregon Ducks,0.0,0.0,0.0,,,,,,,,
401638617,,Kansas Jayhawks,Gonzaga Bulldogs,0.0,0.0,0.0,,,,,,,,
401638620,,NC State Wolfpack,Oakland Golden Grizzlies,0.0,0.0,0.0,,,,,,,,
401638628,,Purdue Boilermakers,Utah State Aggies,0.0,0.0,0.0,,,,,,,,
401638630,,UConn Huskies,Northwestern Wildcats,0.0,0.0,0.0,,,,,,,,
401638626,,Houston Cougars,Texas A&M Aggies,0.0,0.0,0.0,,,,,,,,
401638625,,Marquette Golden Eagles,Colorado Buffaloes,0.0,0.0,0.0,,,,,,,,
401638624,,Baylor Bears,Clemson Tigers,0.0,0.0,0.0,,,,,,,,
401638627,,Duke Blue Devils,James Madison Dukes,0.0,0.0,0.0,,,,,,,,
401638623,,Alabama Crimson Tide,Grand Canyon Lopes,0.0,0.0,0.0,,,,,,,,
401638629,,San Diego State Aztecs,Yale Bulldogs,0.0,0.0,0.0,,,,,,,,
401638633,,UConn Huskies,San Diego State Aztecs,0.0,0.0,0.0,,,,,,,,
401638632,,North Carolina Tar Heels,Alabama Crimson Tide,0.0,0.0,0.0,,,,,,,,
401638631,,Arizona Wildcats,Clemson Tigers,0.0,0.0,0.0,,,,,,,,
401638634,,Iowa State Cyclones,Illinois Fighting Illini,0.0,0.0,0.0,,,,,,,,
401638635,,Purdue Boilermakers,Gonzaga Bulldogs,0.0,0.0,0.0,,,,,,,,
401638638,,Houston Cougars,Duke Blue Devils,0.0,0.0,0.0,,,,,,,,
401638637,,Marquette Golden Eagles,NC State Wolfpack,0.0,0.0,0.0,,,,,,,,
401638636,,Tennessee Volunteers,Creighton Bluejays,0.0,0.0,0.0,,,,,,,,
401638639,,UConn Huskies,Illinois Fighting Illini,0.0,0.0,0.0,,,,,,,,
401638640,,Alabama Crimson Tide,Clemson Tigers,0.0,0.0,0.0,,,,,,,,
401638642,,Purdue Boilermakers,Tennessee Volunteers,0.0,0.0,0.0,,,,,,,,
401638641,,Duke Blue Devils,NC State Wolfpack,0.0,0.0,0.0,,,,,,,,
401638643,,Purdue Boilermakers,NC State Wolfpack,0.0,0.0,0.0,,,,,,,,
401638644,,UConn Huskies,Alabama Crimson Tide,0.0,0.0,0.0,,,,,,,,
401638645,,UConn Huskies,Purdue Boilermakers,0.0,0.0,0.0,,,,,,,,
401706962,,Kansas Jayhawks,Howard Bison,0.0,0.0,0.0,,,,,,,,
401719228,,Alabama Crimson Tide,UNC Asheville Bulldogs,0.0,0.0,0.0,,,,,,,,
401706926,,Houston Cougars,Jackson State Tigers,0.0,0.0,0.0,,,,,,,,
401706954,,Iowa State Cyclones,Mississippi Valley State Delta Devils,0.0,0.0,0.0,,,,,,,,
401727062,,Gonzaga Bulldogs,Baylor Bears,0.0,0.0,0.0,,,,,,,,
401706881,,Duke Blue Devils,Maine Black Bears,0.0,0.0,0.0,,,,,,,,
401700434,,North Carolina Tar Heels,Elon Phoenix,0.0,0.0,0.0,,,,,,,,
401706149,,Arizona Wildcats,Canisius Golden Griffins,0.0,0.0,0.0,,,,,,,,
401715335,,Tennessee Volunteers,Gardner-Webb Runnin' Bulldogs,0.0,0.0,0.0,,,,,,,,
401715355,,UCF Knights,Texas A&M Aggies,0.0,0.0,0.0,,,,,,,,
401707976,,Purdue Boilermakers,Texas A&M-Corpus Christi Islanders,0.0,0.0,0.0,,,,,,,,
401715476,,Marquette Golden Eagles,Stony Brook Seawolves,0.0,0.0,0.0,,,,,,,,
401715344,,Texas Longhorns,Ohio State Buckeyes,0.0,0.0,0.0,,,,,,,,
401715627,,Cincinnati Bearcats,Arkansas-Pine Bluff Golden Lions,0.0,0.0,0.0,,,,,,,,
401714888,,Florida Gators,South Florida Bulls,0.0,0.0,0.0,,,,,,,,
401706148,,UCLA Bruins,Rider Broncs,0.0,0.0,0.0,,,,,,,,
401714908,,Kentucky Wildcats,Wright State Raiders,0.0,0.0,0.0,,,,,,,,
401715317,,Ole Miss Rebels,Long Island University Sharks,0.0,0.0,0.0,,,,,,,,
401722276,,Rice Owls,Florida International Panthers,0.0,0.0,0.0,,,,,,,,
401721763,,Colgate Raiders,SUNY-Canton Roos,0.0,0.0,0.0,,,,,,,,
401700264,,Kennesaw State Owls,Toccoa Falls Eagles,0.0,0.0,0.0,,,,,,,,
401722271,,North Texas Mean Green,Evansville Purple Aces,0.0,0.0,0.0,,,,,,,,
401715636,,Texas Tech Red Raiders,Bethune-Cookman Wildcats,0.0,0.0,0.0,,,,,,,,
401706971,,Kansas State Wildcats,New Orleans Privateers,0.0,0.0,0.0,,,,,,,,
401720869,,Arizona State Sun Devils,Idaho State Bengals,0.0,0.0,0.0,,,,,,,,
401706909,,BYU Cougars,Central Arkansas Bears,0.0,0.0,0.0,,,,,,,,
401725365,,San Francisco Dons,Cal Poly Mustangs,0.0,0.0,0.0,,,,,,,,
401720870,,Sacramento State Hornets,Cal Maritime Keelhaulers,0.0,0.0,0.0,,,,,,,,
401715429,,Washington Huskies,UC Davis Aggies,0.0,0.0,0.0,,,,,,,,
401715607,,UConn Huskies,Sacred Heart Pioneers,0.0,0.0,0.0,,,,,,,,
401714641,,Auburn Tigers,Vermont Catamounts,0.0,0.0,0.0,,,,,,,,
401715448,,Creighton Bluejays,UT Rio Grande Valley Vaqueros,0.0,0.0,0.0,,,,,,,,
401711682,,Arkansas Razorbacks,Lipscomb Bisons,0.0,0.0,0.0,,,,,,,,
401707857,,Indiana Hoosiers,SIU Edwardsville Cougars,0.0,0.0,0.0,,,,,,,,
401715422,,Rutgers Scarlet Knights,Wagner Seahawks,0.0,0.0,0.0,,,,,,,,
401714889,,Florida Gators,Jacksonville Dolphins,0.0,0.0,0.0,,,,,,,,
401700435,,Kansas Jayhawks,North Carolina Tar Heels,0.0,0.0,0.0,,,,,,,,
401724531,,Alabama Crimson Tide,Arkansas State Red Wolves,0.0,0.0,0.0,,,,,,,,
401706882,,Duke Blue Devils,Army Black Knights,0.0,0.0,0.0,,,,,,,,
401715356,,Texas A&M Aggies,East Texas A&M Lions,0.0,0.0,0.0,,,,,,,,
401707977,,Purdue Boilermakers,Northern Kentucky Norse,0.0,0.0,0.0,,,,,,,,
401715477,,Marquette Golden Eagles,George Mason Patriots,0.0,0.0,0.0,,,,,,,,
401715345,,Texas Longhorns,Houston Christian Huskies,0.0,0.0,0.0,,,,,,,,
401715628,,Cincinnati Bearcats,Morehead State Eagles,0.0,0.0,0.0,,,,,,,,
401709999,,UCLA Bruins,New Mexico Lobos,0.0,0.0,0.0,,,,,,,,
401715318,,Ole Miss Rebels,Grambling Tigers,0.0,0.0,0.0,,,,,,,,
401715608,,UConn Huskies,New Hampshire Wildcats,0.0,0.0,0.0,,,,,,,,
401706947,,Houston Cougars,Auburn Tigers,0.0,0.0,0.0,,,,,,,,
401727063,,Arkansas Razorbacks,Baylor Bears,0.0,0.0,0.0,,,,,,,,
401722310,,Arizona Wildcats,Old Dominion Monarchs,0.0,0.0,0.0,,,,,,,,
401700427,,Louisville Cardinals,Tennessee Volunteers,0.0,0.0,0.0,,,,,,,,
401714909,,Kentucky Wildcats,Bucknell Bison,0.0,0.0,0.0,,,,,,,,
401722304,,Gonzaga Bulldogs,Arizona State Sun Devils,0.0,0.0,0.0,,,,,,,,
401715449,,Creighton Bluejays,Fairleigh Dickinson Knights,0.0,0.0,0.0,,,,,,,,
401707858,,Indiana Hoosiers,Eastern Illinois Panthers,0.0,0.0,0.0,,,,,,,,
401720709,,Alabama Crimson Tide,McNeese Cowboys,0.0,0.0,0.0,,,,,,,,
401706955,,Iowa State Cyclones,Kansas City Roos,0.0,0.0,0.0,,,,,,,,
401707978,,Purdue Boilermakers,Yale Bulldogs,0.0,0.0,0.0,,,,,,,,
401715478,,Marquette Golden Eagles,Central Michigan Chippewas,0.0,0.0,0.0,,,,,,,,
401714890,,Florida Gators,Grambling Tigers,0.0,0.0,0.0,,,,,,,,
401715406,,Ohio State Buckeyes,Youngstown State Penguins,0.0,0.0,0.0,,,,,,,,
401715357,,Texas A&M Aggies,Lamar Cardinals,0.0,0.0,0.0,,,,,,,,
401715423,,Rutgers Scarlet Knights,Saint Peter's Peacocks,0.0,0.0,0.0,,,,,,,,
401706963,,Kansas Jayhawks,Michigan State Spartans,0.0,0.0,0.0,,,,,,,,
401706883,,Kentucky Wildcats,Duke Blue Devils,0.0,0.0,0.0,,,,,,,,
401726427,,Baylor Bears,Sam Houston Bearkats,0.0,0.0,0.0,,,,,,,,
401715319,,Ole Miss Rebels,South Alabama Jaguars,0.0,0.0,0.0,,,,,,,,
401715609,,UConn Huskies,Le Moyne Dolphins,0.0,0.0,0.0,,,,,,,,
401714642,,Auburn Tigers,Kent State Golden Flashes,0.0,0.0,0.0,,,,,,,,
401706948,,Houston Cougars,Louisiana Ragin' Cajuns,0.0,0.0,0.0,,,,,,,,
401715336,,Tennessee Volunteers,Montana Grizzlies,0.0,0.0,0.0,,,,,,,,
401715450,,Creighton Bluejays,Houston Christian Huskies,0.0,0.0,0.0,,,,,,,,
401727079,,Arkansas Razorbacks,Troy Trojans,0.0,0.0,0.0,,,,,,,,
401715592,,St. John's Red Storm,Wagner Seahawks,0.0,0.0,0.0,,,,,,,,
401725815,,North Dakota Fighting Hawks,Utah Valley Wolverines,0.0,0.0,0.0,,,,,,,,
401720729,,New Orleans Privateers,Lindenwood Lions,0.0,0.0,0.0,,,,,,,,
401721021,,IU Indianapolis Jaguars,Eastern Michigan Eagles,0.0,0.0,0.0,,,,,,,,
401727426,,The Citadel Bulldogs,North Greenville Crusaders,0.0,0.0,0.0,,,,,,,,
401726390,,Florida International Panthers,Florida National Conquistadors,0.0,0.0,0.0,,,,,,,,
401726024,,South Dakota Coyotes,Dakota Wesleyan Tigers,0.0,0.0,0.0,,,,,,,,
401722167,,UMBC Retrievers,Coppin State Eagles,0.0,0.0,0.0,,,,,,,,
401722009,,Robert Morris Colonials,Stonehill Skyhawks,0.0,0.0,0.0,,,,,,,,
401721969,,Jacksonville Dolphins,South Carolina State Bulldogs,0.0,0.0,0.0,,,,,,,,
401721011,,Buffalo Bulls,Bryant Bulldogs,0.0,0.0,0.0,,,,,,,,
401715431,,Northern Kentucky Norse,Nicholls Colonels,0.0,0.0,0.0,,,,,,,,
401727086,,UL Monroe Warhawks,Ecclesia Royals,0.0,0.0,0.0,,,,,,,,
401715914,,Wichita State Shockers,Northern Iowa Panthers,0.0,0.0,0.0,,,,,,,,
401715310,,Missouri Tigers,Mississippi Valley State Delta Devils,0.0,0.0,0.0,,,,,,,,
401732949,,Tarleton State Texans,Tabor,0.0,0.0,0.0,,,,,,,,
401727322,,Chattanooga Mocs,Morehead State Eagles,0.0,0.0,0.0,,,,,,,,
401719219,,Oklahoma State Cowboys,Southern Illinois Salukis,0.0,0.0,0.0,,,,,,,,
401727090,,Denver Pioneers,Colorado Christian Cougars,0.0,0.0,0.0,,,,,,,,
401719369,,South Dakota State Jackrabbits,Northern Colorado Bears,0.0,0.0,0.0,,,,,,,,
401715987,,Arizona State Sun Devils,Grand Canyon Lopes,0.0,0.0,0.0,,,,,,,,
401706973,,Kansas State Wildcats,LSU Tigers,0.0,0.0,0.0,,,,,,,,
401720748,,New Mexico State Aggies,Texas A&M-Corpus Christi Islanders,0.0,0.0,0.0,,,,,,,,
401727274,,UC Riverside Highlanders,La Sierra Golden Eagles,0.0,0.0,0.0,,,,,,,,
401725507,,Cal Poly Mustangs,Seattle U Redhawks,0.0,0.0,0.0,,,,,,,,
401722385,,UNLV Rebels,Omaha Mavericks,0.0,0.0,0.0,,,,,,,,
401720880,,Pacific Tigers,Northern Arizona Lumberjacks,0.0,0.0,0.0,,,,,,,,
401707979,,Purdue Boilermakers,Alabama Crimson Tide,0.0,0.0,0.0,,,,,,,,
401722173,,Gonzaga Bulldogs,UMass Lowell River Hawks,0.0,0.0,0.0,,,,,,,,
401715442,,Wisconsin Badgers,Arizona Wildcats,0.0,0.0,0.0,,,,,,,,
401700436,,North Carolina Tar Heels,American University Eagles,0.0,0.0,0.0,,,,,,,,
401707869,,Maryland Terrapins,Marquette Golden Eagles,0.0,0.0,0.0,,,,,,,,
401715629,,Cincinnati Bearcats,Nicholls Colonels,0.0,0.0,0.0,,,,,,,,
401714891,,Florida State Seminoles,Florida Gators,0.0,0.0,0.0,,,,,,,,
401715358,,Texas A&M Aggies,Ohio State Buckeyes,0.0,0.0,0.0,,,,,,,,
401715424,,Rutgers Scarlet Knights,Monmouth Hawks,0.0,0.0,0.0,,,,,,,,
401706964,,Kansas Jayhawks,Oakland Golden Grizzlies,0.0,0.0,0.0,,,,,,,,
401706884,,Duke Blue Devils,Wofford Terriers,0.0,0.0,0.0,,,,,,,,
401715451,,Creighton Bluejays,Kansas City Roos,0.0,0.0,0.0,,,,,,,,
401707859,,Indiana Hoosiers,South Carolina Gamecocks,0.0,0.0,0.0,,,,,,,,
401715320,,Ole Miss Rebels,Colorado State Rams,0.0,0.0,0.0,,,,,,,,
401715337,,Tennessee Volunteers,Austin Peay Governors,0.0,0.0,0.0,,,,,,,,
401727064,,Baylor Bears,Tarleton State Texans,0.0,0.0,0.0,,,,,,,,
401715593,,St. John's Red Storm,New Mexico Lobos,0.0,0.0,0.0,,,,,,,,
401722265,,San Diego State Aztecs,Gonzaga Bulldogs,0.0,0.0,0.0,,,,,,,,
401711733,,Auburn Tigers,North Alabama Lions,0.0,0.0,0.0,,,,,,,,
401706956,,Iowa State Cyclones,IU Indianapolis Jaguars,0.0,0.0,0.0,,,,,,,,
401715443,,Wisconsin Badgers,UT Rio Grande Valley Vaqueros,0.0,0.0,0.0,,,,,,,,
401725196,,Arkansas Razorbacks,Pacific Tigers,0.0,0.0,0.0,,,,,,,,
401706965,,Kansas Jayhawks,UNC Wilmington Seahawks,0.0,0.0,0.0,,,,,,,,
401715610,,UConn Huskies,East Texas A&M Lions,0.0,0.0,0.0,,,,,,,,
401707980,,Marquette Golden Eagles,Purdue Boilermakers,0.0,0.0,0.0,,,,,,,,
401711685,,Kentucky Wildcats,Lipscomb Bisons,0.0,0.0,0.0,,,,,,,,
401715630,,Northern Kentucky Norse,Cincinnati Bearcats,0.0,0.0,0.0,,,,,,,,
401714892,,Florida Gators,Florida A&M Rattlers,0.0,0.0,0.0,,,,,,,,
401709971,,Gonzaga Bulldogs,Long Beach State Beach,0.0,0.0,0.0,,,,,,,,
401707850,,Alabama Crimson Tide,Illinois Fighting Illini,0.0,0.0,0.0,,,,,,,,
401715359,,Texas A&M Aggies,Southern Jaguars,0.0,0.0,0.0,,,,,,,,
401715425,,Rutgers Scarlet Knights,Merrimack Warriors,0.0,0.0,0.0,,,,,,,,
401715338,,Tennessee Volunteers,Virginia Cavaliers,0.0,0.0,0.0,,,,,,,,
401715594,,St. John's Red Storm,Baylor Bears,0.0,0.0,0.0,,,,,,,,
401707860,,Indiana Hoosiers,UNC Greensboro Spartans,0.0,0.0,0.0,,,,,,,,
401706949,,Houston Cougars,Hofstra Pride,0.0,0.0,0.0,,,,,,,,
401714910,,Kentucky Wildcats,Jackson State Tigers,0.0,0.0,0.0,,,,,,,,
401700437,,Hawai'i Rainbow Warriors,North Carolina Tar Heels,0.0,0.0,0.0,,,,,,,,
401729733,,Baylor Bears,Tennessee Volunteers,0.0,0.0,0.0,,,,,,,,
401706885,,Arizona Wildcats,Duke Blue Devils,0.0,0.0,0.0,,,,,,,,
401715452,,Creighton Bluejays,Nebraska Cornhuskers,0.0,0.0,0.0,,,,,,,,
401715444,,Wisconsin Badgers,UCF Knights,0.0,0.0,0.0,,,,,,,,
401727319,,Arkansas Razorbacks,Little Rock Trojans,0.0,0.0,0.0,,,,,,,,
401714893,,Florida Gators,Southern Illinois Salukis,0.0,0.0,0.0,,,,,,,,
401729735,,St. John's Red Storm,Virginia Cavaliers,0.0,0.0,0.0,,,,,,,,
401707981,,Purdue Boilermakers,Marshall Thundering Herd,0.0,0.0,0.0,,,,,,,,
401714900,,Marquette Golden Eagles,Georgia Bulldogs,0.0,0.0,0.0,,,,,,,,
401715631,,Georgia Tech Yellow Jackets,Cincinnati Bearcats,0.0,0.0,0.0,,,,,,,,
401707851,,Illinois Fighting Illini,Maryland Eastern Shore Hawks,0.0,0.0,0.0,,,,,,,,
401729804,,Pittsburgh Panthers,Wisconsin Badgers,0.0,0.0,0.0,,,,,,,,
401714901,,Georgia Bulldogs,St. John's Red Storm,0.0,0.0,0.0,,,,,,,,
401700269,,Kennesaw State Owls,Rutgers Scarlet Knights,0.0,0.0,0.0,,,,,,,,
401715611,,UConn Huskies,Memphis Tigers,0.0,0.0,0.0,,,,,,,,
401714643,,Iowa State Cyclones,Auburn Tigers,0.0,0.0,0.0,,,,,,,,
401716056,,North Carolina Tar Heels,Dayton Flyers,0.0,0.0,0.0,,,,,,,,
401723726,,Arkansas Razorbacks,Maryland Eastern Shore Hawks,0.0,0.0,0.0,,,,,,,,
401715330,,South Carolina Gamecocks,Xavier Musketeers,0.0,0.0,0.0,,,,,,,,
401706886,,Duke Blue Devils,Kansas Jayhawks,0.0,0.0,0.0,,,,,,,,
401729691,,Colorado Buffaloes,UConn Huskies,0.0,0.0,0.0,,,,,,,,
401729694,,North Carolina Tar Heels,Auburn Tigers,0.0,0.0,0.0,,,,,,,,
401729693,,Dayton Flyers,Iowa State Cyclones,0.0,0.0,0.0,,,,,,,,
401719210,,Houston Cougars,Alabama Crimson Tide,0.0,0.0,0.0,,,,,,,,
401714911,,Kentucky Wildcats,Western Kentucky Hilltoppers,0.0,0.0,0.0,,,,,,,,
401719207,,Oregon Ducks,Texas A&M Aggies,0.0,0.0,0.0,,,,,,,,
401715453,,San Diego State Aztecs,Creighton Bluejays,0.0,0.0,0.0,,,,,,,,
401729698,,Dayton Flyers,UConn Huskies,0.0,0.0,0.0,,,,,,,,
401715867,,West Virginia Mountaineers,Gonzaga Bulldogs,0.0,0.0,0.0,,,,,,,,
401729696,,Auburn Tigers,Memphis Tigers,0.0,0.0,0.0,,,,,,,,
401729695,,Iowa State Cyclones,Colorado Buffaloes,0.0,0.0,0.0,,,,,,,,
401719213,,Notre Dame Fighting Irish,Houston Cougars,0.0,0.0,0.0,,,,,,,,
401715339,,Tennessee Volunteers,UT Martin Skyhawks,0.0,0.0,0.0,,,,,,,,
401719212,,Rutgers Scarlet Knights,Alabama Crimson Tide,0.0,0.0,0.0,,,,,,,,
401715479,,Marquette Golden Eagles,Stonehill Skyhawks,0.0,0.0,0.0,,,,,,,,
401729697,,North Carolina Tar Heels,Michigan State Spartans,0.0,0.0,0.0,,,,,,,,
401707861,,Indiana Hoosiers,Louisville Cardinals,0.0,0.0,0.0,,,,,,,,
401715632,,Cincinnati Bearcats,Alabama State Hornets,0.0,0.0,0.0,,,,,,,,
401720733,,Baylor Bears,New Orleans Privateers,0.0,0.0,0.0,,,,,,,,
401719067,,Texas A&M Aggies,Creighton Bluejays,0.0,0.0,0.0,,,,,,,,
401729802,,Michigan Wolverines,Xavier Musketeers,0.0,0.0,0.0,,,,,,,,
401715868,,Davidson Wildcats,Arizona Wildcats,0.0,0.0,0.0,,,,,,,,
401729740,,Indiana Hoosiers,Gonzaga Bulldogs,0.0,0.0,0.0,,,,,,,,
401716065,,Purdue Boilermakers,NC State Wolfpack,0.0,0.0,0.0,,,,,,,,
401714894,,Wake Forest Demon Deacons,Florida Gators,0.0,0.0,0.0,,,,,,,,
401707853,,Arkansas Razorbacks,Illinois Fighting Illini,0.0,0.0,0.0,,,,,,,,
401715322,,Ole Miss Rebels,BYU Cougars,0.0,0.0,0.0,,,,,,,,
401729741,,Oklahoma Sooners,Arizona Wildcats,0.0,0.0,0.0,,,,,,,,
401714990,,UNLV Rebels,Mississippi State Bulldogs,0.0,0.0,0.0,,,,,,,,
401729748,,Gonzaga Bulldogs,Davidson Wildcats,0.0,0.0,0.0,,,,,,,,
401714912,,Kentucky Wildcats,Georgia State Panthers,0.0,0.0,0.0,,,,,,,,
401706887,,Duke Blue Devils,Seattle U Redhawks,0.0,0.0,0.0,,,,,,,,
401731040,,Purdue Boilermakers,Ole Miss Rebels,0.0,0.0,0.0,,,,,,,,
401729744,,Indiana Hoosiers,Providence Friars,0.0,0.0,0.0,,,,,,,,
401729798,,Florida Gators,Wichita State Shockers,0.0,0.0,0.0,,,,,,,,
401729746,,West Virginia Mountaineers,Arizona Wildcats,0.0,0.0,0.0,,,,,,,,
401729706,,Mississippi State Bulldogs,Butler Bulldogs,0.0,0.0,0.0,,,,,,,,
401706966,,Kansas Jayhawks,Furman Paladins,0.0,0.0,0.0,,,,,,,,
401715612,,UConn Huskies,Maryland Eastern Shore Hawks,0.0,0.0,0.0,,,,,,,,
401730559,,Houston Cougars,San Diego State Aztecs,0.0,0.0,0.0,,,,,,,,
401730560,,Alabama Crimson Tide,Oregon Ducks,0.0,0.0,0.0,,,,,,,,
401715480,,Marquette Golden Eagles,Western Carolina Catamounts,0.0,0.0,0.0,,,,,,,,
401715445,,Wisconsin Badgers,Chicago State Cougars,0.0,0.0,0.0,,,,,,,,
401730558,,Rutgers Scarlet Knights,Texas A&M Aggies,0.0,0.0,0.0,,,,,,,,
401730557,,Notre Dame Fighting Irish,Creighton Bluejays,0.0,0.0,0.0,,,,,,,,
401715624,,Xavier Musketeers,South Carolina State Bulldogs,0.0,0.0,0.0,,,,,,,,
401715473,,Georgetown Hoyas,UMBC Retrievers,0.0,0.0,0.0,,,,,,,,
401726396,,Jacksonville State Gamecocks,Columbia International Rams,0.0,0.0,0.0,,,,,,,,
401726061,,Old Dominion Monarchs,William & Mary Tribe,0.0,0.0,0.0,,,,,,,,
401722084,,Mississippi Valley State Delta Devils,Oakwood Ambassadors,0.0,0.0,0.0,,,,,,,,
401722000,,Drexel Dragons,Bryant Bulldogs,0.0,0.0,0.0,,,,,,,,
401721817,,Coppin State Eagles,Loyola Maryland Greyhounds,0.0,0.0,0.0,,,,,,,,
401721044,,Miami (OH) RedHawks,Air Force Falcons,0.0,0.0,0.0,,,,,,,,
401718452,,Rhode Island Rams,Yale Bulldogs,0.0,0.0,0.0,,,,,,,,
401725801,,UL Monroe Warhawks,UT Arlington Mavericks,0.0,0.0,0.0,,,,,,,,
401715938,,Tulane Green Wave,SE Louisiana Lions,0.0,0.0,0.0,,,,,,,,
401730573,,South Dakota State Jackrabbits,Dakota Wesleyan Tigers,0.0,0.0,0.0,,,,,,,,
401727334,,Southern Indiana Screaming Eagles,East-West University Phantoms,0.0,0.0,0.0,,,,,,,,
401721112,,St. Thomas-Minnesota Tommies,Chicago State Cougars,0.0,0.0,0.0,,,,,,,,
401719327,,Saint Louis Billikens,Jackson State Tigers,0.0,0.0,0.0,,,,,,,,
401706922,,Colorado Buffaloes,Pacific Tigers,0.0,0.0,0.0,,,,,,,,
401722236,,Nevada Wolf Pack,Washington State Cougars,0.0,0.0,0.0,,,,,,,,
401706896,,Tennessee Volunteers,Syracuse Orange,0.0,0.0,0.0,,,,,,,,
401700423,,Clemson Tigers,Kentucky Wildcats,0.0,0.0,0.0,,,,,,,,
401721306,,Wisconsin Badgers,Michigan Wolverines,0.0,0.0,0.0,,,,,,,,
401715619,,Villanova Wildcats,Cincinnati Bearcats,0.0,0.0,0.0,,,,,,,,
401715671,,Oklahoma Sooners,Georgia Tech Yellow Jackets,0.0,0.0,0.0,,,,,,,,
401700468,,Texas A&M Aggies,Wake Forest Demon Deacons,0.0,0.0,0.0,,,,,,,,
401700430,,Louisville Cardinals,Ole Miss Rebels,0.0,0.0,0.0,,,,,,,,
401706967,,Creighton Bluejays,Kansas Jayhawks,0.0,0.0,0.0,,,,,,,,
401706888,,Duke Blue Devils,Auburn Tigers,0.0,0.0,0.0,,,,,,,,
401706957,,Iowa State Cyclones,Marquette Golden Eagles,0.0,0.0,0.0,,,,,,,,
401700438,,North Carolina Tar Heels,Alabama Crimson Tide,0.0,0.0,0.0,,,,,,,,
401721309,,USC Trojans,Oregon Ducks,0.0,0.0,0.0,,,,,,,,
401700457,,Florida Gators,Virginia Cavaliers,0.0,0.0,0.0,,,,,,,,
401715613,,UConn Huskies,Baylor Bears,0.0,0.0,0.0,,,,,,,,
401722269,,Memphis Tigers,Louisiana Tech Bulldogs,0.0,0.0,0.0,,,,,,,,
401714991,,Mississippi State Bulldogs,Pittsburgh Panthers,0.0,0.0,0.0,,,,,,,,
401722266,,Fresno State Bulldogs,San Diego State Aztecs,0.0,0.0,0.0,,,,,,,,
401721310,,Penn State Nittany Lions,Purdue Boilermakers,0.0,0.0,0.0,,,,,,,,
401721311,,Northwestern Wildcats,Illinois Fighting Illini,0.0,0.0,0.0,,,,,,,,
401714913,,Gonzaga Bulldogs,Kentucky Wildcats,0.0,0.0,0.0,,,,,,,,
401715446,,Marquette Golden Eagles,Wisconsin Badgers,0.0,0.0,0.0,,,,,,,,
401706950,,Houston Cougars,Butler Bulldogs,0.0,0.0,0.0,,,,,,,,
401724771,,Virginia Tech Hokies,Pittsburgh Panthers,0.0,0.0,0.0,,,,,,,,
401724770,,North Carolina Tar Heels,Georgia Tech Yellow Jackets,0.0,0.0,0.0,,,,,,,,
401721284,,Oklahoma Sooners,Alcorn State Braves,0.0,0.0,0.0,,,,,,,,
401715323,,Ole Miss Rebels,Lindenwood Lions,0.0,0.0,0.0,,,,,,,,
401722347,,San Diego State Aztecs,San Diego Toreros,0.0,0.0,0.0,,,,,,,,
401706968,,Missouri Tigers,Kansas Jayhawks,0.0,0.0,0.0,,,,,,,,
401714644,,Auburn Tigers,Richmond Spiders,0.0,0.0,0.0,,,,,,,,
401706958,,Iowa State Cyclones,Jackson State Tigers,0.0,0.0,0.0,,,,,,,,
401721316,,Purdue Boilermakers,Maryland Terrapins,0.0,0.0,0.0,,,,,,,,
401724775,,Louisville Cardinals,Duke Blue Devils,0.0,0.0,0.0,,,,,,,,
401721317,,Oregon Ducks,UCLA Bruins,0.0,0.0,0.0,,,,,,,,
401715633,,Cincinnati Bearcats,Howard Bison,0.0,0.0,0.0,,,,,,,,
401722270,,Memphis Tigers,Arkansas State Red Wolves,0.0,0.0,0.0,,,,,,,,
401715360,,Texas Tech Red Raiders,Texas A&M Aggies,0.0,0.0,0.0,,,,,,,,
401715350,,Texas Longhorns,UConn Huskies,0.0,0.0,0.0,,,,,,,,
401721824,,Boston University Terriers,Thomas (ME) Terriers,0.0,0.0,0.0,,,,,,,,
401721318,,Indiana Hoosiers,Minnesota Golden Gophers,0.0,0.0,0.0,,,,,,,,
401723771,,Norfolk State Spartans,Hofstra Pride,0.0,0.0,0.0,,,,,,,,
401721708,,Columbia Lions,Sarah Lawrence Gryphons,0.0,0.0,0.0,,,,,,,,
401720447,,South Carolina State Bulldogs,Charleston Southern Buccaneers,0.0,0.0,0.0,,,,,,,,
401700413,,VCU Rams,Pennsylvania Quakers,0.0,0.0,0.0,,,,,,,,
401725378,,Baylor Bears,Abilene Christian Wildcats,0.0,0.0,0.0,,,,,,,,
401722369,,San José State Spartans,Lincoln University (CA) Oaklanders,0.0,0.0,0.0,,,,,,,,
401715340,,Tennessee Volunteers,Miami Hurricanes,0.0,0.0,0.0,,,,,,,,
401706889,,Duke Blue Devils,Incarnate Word Cardinals,0.0,0.0,0.0,,,,,,,,
401727356,,Arkansas Razorbacks,Michigan Wolverines,0.0,0.0,0.0,,,,,,,,
401706951,,Houston Cougars,Troy Trojans,0.0,0.0,0.0,,,,,,,,
401721319,,Illinois Fighting Illini,Wisconsin Badgers,0.0,0.0,0.0,,,,,,,,
401714914,,Kentucky Wildcats,Colgate Raiders,0.0,0.0,0.0,,,,,,,,
401722348,,San Diego State Aztecs,California Baptist Lancers,0.0,0.0,0.0,,,,,,,,
401706959,,Iowa Hawkeyes,Iowa State Cyclones,0.0,0.0,0.0,,,,,,,,
401727105,,North Dakota State Bison,Wisconsin-Stout Blue Devils,0.0,0.0,0.0,,,,,,,,
401721825,,Merrimack Warriors,Boston University Terriers,0.0,0.0,0.0,,,,,,,,
401718142,,George Washington Revolutionaries,Army Black Knights,0.0,0.0,0.0,,,,,,,,
401727056,,Louisiana Tech Bulldogs,Georgia Southern Eagles,0.0,0.0,0.0,,,,,,,,
401736875,,UTSA Roadrunners,North Dakota Fighting Hawks,0.0,0.0,0.0,,,,,,,,
401721321,,Nebraska Cornhuskers,Indiana Hoosiers,0.0,0.0,0.0,,,,,,,,
401715919,,Northern Iowa Panthers,Omaha Mavericks,0.0,0.0,0.0,,,,,,,,
401721079,,St. Thomas-Minnesota Tommies,Western Michigan Broncos,0.0,0.0,0.0,,,,,,,,
401720521,,Utah Tech Trailblazers,Weber State Wildcats,0.0,0.0,0.0,,,,,,,,
401706924,,Colorado Buffaloes,South Dakota State Jackrabbits,0.0,0.0,0.0,,,,,,,,
401707854,,Illinois Fighting Illini,Tennessee Volunteers,0.0,0.0,0.0,,,,,,,,
401714645,,Auburn Tigers,Ohio State Buckeyes,0.0,0.0,0.0,,,,,,,,
401700432,,Kentucky Wildcats,Louisville Cardinals,0.0,0.0,0.0,,,,,,,,
401715481,,Dayton Flyers,Marquette Golden Eagles,0.0,0.0,0.0,,,,,,,,
401715455,,Alabama Crimson Tide,Creighton Bluejays,0.0,0.0,0.0,,,,,,,,
401715614,,UConn Huskies,Gonzaga Bulldogs,0.0,0.0,0.0,,,,,,,,
401714895,,Florida Gators,Arizona State Sun Devils,0.0,0.0,0.0,,,,,,,,
401706969,,Kansas Jayhawks,NC State Wolfpack,0.0,0.0,0.0,,,,,,,,
401707975,,Purdue Boilermakers,Texas A&M Aggies,0.0,0.0,0.0,,,,,,,,
401719222,,Oklahoma Sooners,Oklahoma State Cowboys,0.0,0.0,0.0,,,,,,,,
401700424,,Clemson Tigers,Memphis Tigers,0.0,0.0,0.0,,,,,,,,
401715324,,Ole Miss Rebels,Southern Miss Golden Eagles,0.0,0.0,0.0,,,,,,,,
401713000,,Butler Bulldogs,Wisconsin Badgers,0.0,0.0,0.0,,,,,,,,
401715626,,Cincinnati Bearcats,Xavier Musketeers,0.0,0.0,0.0,,,,,,,,
401710005,,Arizona Wildcats,UCLA Bruins,0.0,0.0,0.0,,,,,,,,
401714993,,Mississippi State Bulldogs,McNeese Cowboys,0.0,0.0,0.0,,,,,,,,
401706960,,Iowa State Cyclones,Omaha Mavericks,0.0,0.0,0.0,,,,,,,,
401721654,,Oregon Ducks,Stephen F. Austin Lumberjacks,0.0,0.0,0.0,,,,,,,,
401726566,,Marshall Thundering Herd,West Virginia Wesleyan Bobcats,0.0,0.0,0.0,,,,,,,,
401726016,,Charleston Cougars,Wofford Terriers,0.0,0.0,0.0,,,,,,,,
401723736,,Maryland Eastern Shore Hawks,Cairn University Highlanders,0.0,0.0,0.0,,,,,,,,
401721962,,Central Arkansas Bears,The Citadel Bulldogs,0.0,0.0,0.0,,,,,,,,
401715941,,Grambling Tigers,SE Louisiana Lions,0.0,0.0,0.0,,,,,,,,
401726429,,Sam Houston Bearkats,St. Thomas (TX) Celts,0.0,0.0,0.0,,,,,,,,
401725386,,Louisiana Tech Bulldogs,Grand Canyon Lopes,0.0,0.0,0.0,,,,,,,,
401725383,,Middle Tennessee Blue Raiders,California Baptist Lancers,0.0,0.0,0.0,,,,,,,,
401733683,,Lipscomb Bisons,Truett-McConnell Bears,0.0,0.0,0.0,,,,,,,,
401721285,,Rice Owls,Alcorn State Braves,0.0,0.0,0.0,,,,,,,,
401719376,,Northern Colorado Bears,Air Force Falcons,0.0,0.0,0.0,,,,,,,,
401715920,,Northern Iowa Panthers,Montana Grizzlies,0.0,0.0,0.0,,,,,,,,
401715642,,Texas Tech Red Raiders,Oral Roberts Golden Eagles,0.0,0.0,0.0,,,,,,,,
401706988,,TCU Horned Frogs,South Alabama Jaguars,0.0,0.0,0.0,,,,,,,,
401726435,,UTEP Miners,Tarleton State Texans,0.0,0.0,0.0,,,,,,,,
401725810,,Utah Tech Trailblazers,Whittier Poets,0.0,0.0,0.0,,,,,,,,
401725795,,New Mexico State Aggies,Southern Utah Thunderbirds,0.0,0.0,0.0,,,,,,,,
401725347,,Portland Pilots,Willamette Bearcats,0.0,0.0,0.0,,,,,,,,
401715341,,Tennessee Volunteers,Western Carolina Catamounts,0.0,0.0,0.0,,,,,,,,
401714646,,Auburn Tigers,Georgia State Panthers,0.0,0.0,0.0,,,,,,,,
401706890,,Duke Blue Devils,George Mason Patriots,0.0,0.0,0.0,,,,,,,,
401700439,,North Carolina Tar Heels,Florida Gators,0.0,0.0,0.0,,,,,,,,
401715325,,Ole Miss Rebels,Southern Jaguars,0.0,0.0,0.0,,,,,,,,
401710006,,UCLA Bruins,Prairie View A&M Panthers,0.0,0.0,0.0,,,,,,,,
401721648,,Oakland Golden Grizzlies,Michigan State Spartans,0.0,0.0,0.0,,,,,,,,
401718253,,Dayton Flyers,UNLV Rebels,0.0,0.0,0.0,,,,,,,,
401700425,,South Carolina Gamecocks,Clemson Tigers,0.0,0.0,0.0,,,,,,,,
401724553,,North Dakota Fighting Hawks,Alabama Crimson Tide,0.0,0.0,0.0,,,,,,,,
401719074,,Marquette Golden Eagles,Butler Bulldogs,0.0,0.0,0.0,,,,,,,,
401719072,,UConn Huskies,Xavier Musketeers,0.0,0.0,0.0,,,,,,,,
401726446,,Gonzaga Bulldogs,Nicholls Colonels,0.0,0.0,0.0,,,,,,,,
401716054,,Oklahoma Sooners,Michigan Wolverines,0.0,0.0,0.0,,,,,,,,
401706952,,Houston Cougars,Toledo Rockets,0.0,0.0,0.0,,,,,,,,
401700459,,Virginia Cavaliers,Memphis Tigers,0.0,0.0,0.0,,,,,,,,
401727415,,Western Carolina Catamounts,Milligan Buffaloes,0.0,0.0,0.0,,,,,,,,
401722273,,Rice Owls,UNT Dallas Trailblazers,0.0,0.0,0.0,,,,,,,,
401716162,,UTSA Roadrunners,Southwestern Adventist Knights,0.0,0.0,0.0,,,,,,,,
401723775,,Norfolk State Spartans,Alabama State Hornets,0.0,0.0,0.0,,,,,,,,
401716119,,Incarnate Word Cardinals,Schreiner Mountaineers,0.0,0.0,0.0,,,,,,,,
401719236,,UNC Asheville Bulldogs,Virginia-Lynchburg Dragons,0.0,0.0,0.0,,,,,,,,
401721940,,Saint Francis Red Flash,Franciscan University Barons,0.0,0.0,0.0,,,,,,,,
401714905,,Georgia Bulldogs,Buffalo Bulls,0.0,0.0,0.0,,,,,,,,
401714410,,Cleveland State Vikings,Oakland Golden Grizzlies,0.0,0.0,0.0,,,,,,,,
401711740,,North Alabama Lions,Charleston Southern Buccaneers,0.0,0.0,0.0,,,,,,,,
401723705,,Delaware State Hornets,Grambling Tigers,0.0,0.0,0.0,,,,,,,,
401720982,,Belmont Bruins,UC Irvine Anteaters,0.0,0.0,0.0,,,,,,,,
401711690,,Middle Tennessee Blue Raiders,Lipscomb Bisons,0.0,0.0,0.0,,,,,,,,
401700281,,Morehead State Eagles,UT Martin Skyhawks,0.0,0.0,0.0,,,,,,,,
401730574,,South Dakota State Jackrabbits,Chadron State Eagles,0.0,0.0,0.0,,,,,,,,
401715353,,Texas Longhorns,New Orleans Privateers,0.0,0.0,0.0,,,,,,,,
401700280,,Little Rock Trojans,SIU Edwardsville Cougars,0.0,0.0,0.0,,,,,,,,
401722429,,Wyoming Cowboys,Bellarmine Knights,0.0,0.0,0.0,,,,,,,,
401700282,,Southern Indiana Screaming Eagles,Tennessee State Tigers,0.0,0.0,0.0,,,,,,,,
401700279,,Lindenwood Lions,Tennessee Tech Golden Eagles,0.0,0.0,0.0,,,,,,,,
401700278,,Southeast Missouri State Redhawks,Eastern Illinois Panthers,0.0,0.0,0.0,,,,,,,,
401726403,,New Mexico State Aggies,Northern New Mexico Eagles,0.0,0.0,0.0,,,,,,,,
401725811,,Utah Tech Trailblazers,South Dakota Coyotes,0.0,0.0,0.0,,,,,,,,
401721114,,Grand Canyon Lopes,Chicago State Cougars,0.0,0.0,0.0,,,,,,,,
401709979,,Pepperdine Waves,Long Beach State Beach,0.0,0.0,0.0,,,,,,,,
401725353,,Saint Mary's Gaels,Merrimack Warriors,0.0,0.0,0.0,,,,,,,,
401715361,,Texas A&M Aggies,Houston Christian Huskies,0.0,0.0,0.0,,,,,,,,
401715634,,Dayton Flyers,Cincinnati Bearcats,0.0,0.0,0.0,,,,,,,,
401707982,,Auburn Tigers,Purdue Boilermakers,0.0,0.0,0.0,,,,,,,,
401714915,,Ohio State Buckeyes,Kentucky Wildcats,0.0,0.0,0.0,,,,,,,,
401724779,,Georgia Tech Yellow Jackets,Duke Blue Devils,0.0,0.0,0.0,,,,,,,,
401711752,,Florida Gators,North Florida Ospreys,0.0,0.0,0.0,,,,,,,,
401719076,,Xavier Musketeers,Marquette Golden Eagles,0.0,0.0,0.0,,,,,,,,
401715702,,Stanford Cardinal,Oregon Ducks,0.0,0.0,0.0,,,,,,,,
401719077,,Butler Bulldogs,UConn Huskies,0.0,0.0,0.0,,,,,,,,
401721831,,Gonzaga Bulldogs,Bucknell Bison,0.0,0.0,0.0,,,,,,,,
401706953,,Houston Cougars,Texas A&M-Corpus Christi Islanders,0.0,0.0,0.0,,,,,,,,
401711713,,Ole Miss Rebels,Queens University Royals,0.0,0.0,0.0,,,,,,,,
401700440,,UCLA Bruins,North Carolina Tar Heels,0.0,0.0,0.0,,,,,,,,
401721649,,Michigan State Spartans,Florida Atlantic Owls,0.0,0.0,0.0,,,,,,,,
401714994,,Memphis Tigers,Mississippi State Bulldogs,0.0,0.0,0.0,,,,,,,,
401706880,,California Golden Bears,San Diego State Aztecs,0.0,0.0,0.0,,,,,,,,
401724778,,Clemson Tigers,Wake Forest Demon Deacons,0.0,0.0,0.0,,,,,,,,
401706961,,Iowa State Cyclones,Morgan State Bears,0.0,0.0,0.0,,,,,,,,
401721036,,Alabama Crimson Tide,Kent State Golden Flashes,0.0,0.0,0.0,,,,,,,,
401706970,,Kansas Jayhawks,Brown Bears,0.0,0.0,0.0,,,,,,,,
401721957,,Oklahoma Sooners,Central Arkansas Bears,0.0,0.0,0.0,,,,,,,,
401715635,,Cincinnati Bearcats,Grambling Tigers,0.0,0.0,0.0,,,,,,,,
401707877,,Michigan Wolverines,Purdue Fort Wayne Mastodons,0.0,0.0,0.0,,,,,,,,
401715342,,Tennessee Volunteers,Middle Tennessee Blue Raiders,0.0,0.0,0.0,,,,,,,,
401729811,,Murray State Racers,Loyola Chicago Ramblers,0.0,0.0,0.0,,,,,,,,
401729812,,Charlotte 49ers,Charleston Cougars,0.0,0.0,0.0,,,,,,,,
401729813,,Hawai'i Rainbow Warriors,Oakland Golden Grizzlies,0.0,0.0,0.0,,,,,,,,
401729814,,Nebraska Cornhuskers,Oregon State Beavers,0.0,0.0,0.0,,,,,,,,
401727065,,Baylor Bears,Arlington Baptist Patriots,0.0,0.0,0.0,,,,,,,,
401715362,,Texas A&M Aggies,Abilene Christian Wildcats,0.0,0.0,0.0,,,,,,,,
401710007,,UCLA Bruins,Gonzaga Bulldogs,0.0,0.0,0.0,,,,,,,,
401715326,,Memphis Tigers,Ole Miss Rebels,0.0,0.0,0.0,,,,,,,,
401722349,,San Diego State Aztecs,Utah State Aggies,0.0,0.0,0.0,,,,,,,,
401724554,,Alabama Crimson Tide,South Dakota State Jackrabbits,0.0,0.0,0.0,,,,,,,,
401711763,,Florida Gators,Stetson Hatters,0.0,0.0,0.0,,,,,,,,
401720524,,Oregon Ducks,Weber State Wildcats,0.0,0.0,0.0,,,,,,,,
401722123,,Oklahoma Sooners,Prairie View A&M Panthers,0.0,0.0,0.0,,,,,,,,
401707983,,Purdue Boilermakers,Toledo Rockets,0.0,0.0,0.0,,,,,,,,
401707855,,Illinois Fighting Illini,Chicago State Cougars,0.0,0.0,0.0,,,,,,,,
401714887,,Auburn Tigers,Monmouth Hawks,0.0,0.0,0.0,,,,,,,,
401725631,,Colorado Buffaloes,Iowa State Cyclones,0.0,0.0,0.0,,,,,,,,
401725633,,Oklahoma State Cowboys,Houston Cougars,0.0,0.0,0.0,,,,,,,,
401725630,,Kansas State Wildcats,Cincinnati Bearcats,0.0,0.0,0.0,,,,,,,,
401722038,,Mississippi State Bulldogs,Bethune-Cookman Wildcats,0.0,0.0,0.0,,,,,,,,
401721082,,Michigan State Spartans,Western Michigan Broncos,0.0,0.0,0.0,,,,,,,,
401706667,,Pepperdine Waves,Gonzaga Bulldogs,0.0,0.0,0.0,,,,,,,,
401727541,,Arkansas Razorbacks,Oakland Golden Grizzlies,0.0,0.0,0.0,,,,,,,,
401715343,,Tennessee Volunteers,Norfolk State Spartans,0.0,0.0,0.0,,,,,,,,
401724783,,Duke Blue Devils,Virginia Tech Hokies,0.0,0.0,0.0,,,,,,,,
401725637,,Kansas Jayhawks,West Virginia Mountaineers,0.0,0.0,0.0,,,,,,,,
401719081,,Providence Friars,Marquette Golden Eagles,0.0,0.0,0.0,,,,,,,,
401714916,,Kentucky Wildcats,Brown Bears,0.0,0.0,0.0,,,,,,,,
401725635,,Baylor Bears,Utah Utes,0.0,0.0,0.0,,,,,,,,
401719083,,DePaul Blue Demons,UConn Huskies,0.0,0.0,0.0,,,,,,,,
401721324,,Oregon Ducks,Illinois Fighting Illini,0.0,0.0,0.0,,,,,,,,
401706672,,Gonzaga Bulldogs,Portland Pilots,0.0,0.0,0.0,,,,,,,,
401721323,,Minnesota Golden Gophers,Purdue Boilermakers,0.0,0.0,0.0,,,,,,,,
401725517,,Florida Atlantic Owls,Memphis Tigers,0.0,0.0,0.0,,,,,,,,
401719086,,Marquette Golden Eagles,Creighton Bluejays,0.0,0.0,0.0,,,,,,,,
401721327,,Ohio State Buckeyes,Michigan State Spartans,0.0,0.0,0.0,,,,,,,,
401708306,,Tennessee Volunteers,Arkansas Razorbacks,0.0,0.0,0.0,,,,,,,,
401708301,,Auburn Tigers,Missouri Tigers,0.0,0.0,0.0,,,,,,,,
401725644,,Iowa State Cyclones,Baylor Bears,0.0,0.0,0.0,,,,,,,,
401724791,,SMU Mustangs,Duke Blue Devils,0.0,0.0,0.0,,,,,,,,
401708300,,Alabama Crimson Tide,Oklahoma Sooners,0.0,0.0,0.0,,,,,,,,
401708302,,Kentucky Wildcats,Florida Gators,0.0,0.0,0.0,,,,,,,,
401708307,,Texas A&M Aggies,Texas Longhorns,0.0,0.0,0.0,,,,,,,,
401725639,,Houston Cougars,BYU Cougars,0.0,0.0,0.0,,,,,,,,
401721329,,Nebraska Cornhuskers,UCLA Bruins,0.0,0.0,0.0,,,,,,,,
401725638,,Cincinnati Bearcats,Arizona Wildcats,0.0,0.0,0.0,,,,,,,,
401708305,,Mississippi State Bulldogs,South Carolina Gamecocks,0.0,0.0,0.0,,,,,,,,
401706677,,Loyola Marymount Lions,Gonzaga Bulldogs,0.0,0.0,0.0,,,,,,,,
401708304,,Ole Miss Rebels,Georgia Bulldogs,0.0,0.0,0.0,,,,,,,,
401725645,,UCF Knights,Kansas Jayhawks,0.0,0.0,0.0,,,,,,,,
401721331,,Oregon Ducks,Maryland Terrapins,0.0,0.0,0.0,,,,,,,,
401719089,,UConn Huskies,Providence Friars,0.0,0.0,0.0,,,,,,,,
401721333,,Purdue Boilermakers,Northwestern Wildcats,0.0,0.0,0.0,,,,,,,,
401725522,,Memphis Tigers,North Texas Mean Green,0.0,0.0,0.0,,,,,,,,
401721334,,Washington Huskies,Illinois Fighting Illini,0.0,0.0,0.0,,,,,,,,
401725646,,Houston Cougars,TCU Horned Frogs,0.0,0.0,0.0,,,,,,,,
401708310,,Florida Gators,Tennessee Volunteers,0.0,0.0,0.0,,,,,,,,
401708308,,Texas Longhorns,Auburn Tigers,0.0,0.0,0.0,,,,,,,,
401725648,,Iowa State Cyclones,Utah Utes,0.0,0.0,0.0,,,,,,,,
401724757,,Duke Blue Devils,Pittsburgh Panthers,0.0,0.0,0.0,,,,,,,,
401708311,,Georgia Bulldogs,Kentucky Wildcats,0.0,0.0,0.0,,,,,,,,
401719090,,Marquette Golden Eagles,Georgetown Hoyas,0.0,0.0,0.0,,,,,,,,
401708314,,Vanderbilt Commodores,Mississippi State Bulldogs,0.0,0.0,0.0,,,,,,,,
401725647,,West Virginia Mountaineers,Arizona Wildcats,0.0,0.0,0.0,,,,,,,,
401721338,,UCLA Bruins,Michigan Wolverines,0.0,0.0,0.0,,,,,,,,
401722374,,San José State Spartans,Utah State Aggies,0.0,0.0,0.0,,,,,,,,
401724555,,South Carolina Gamecocks,Alabama Crimson Tide,0.0,0.0,0.0,,,,,,,,
401719094,,Villanova Wildcats,UConn Huskies,0.0,0.0,0.0,,,,,,,,
401708315,,Oklahoma Sooners,Texas A&M Aggies,0.0,0.0,0.0,,,,,,,,
401725652,,Kansas Jayhawks,Arizona State Sun Devils,0.0,0.0,0.0,,,,,,,,
401721339,,Illinois Fighting Illini,Penn State Nittany Lions,0.0,0.0,0.0,,,,,,,,
401706683,,Gonzaga Bulldogs,San Diego Toreros,0.0,0.0,0.0,,,,,,,,
401708309,,Arkansas Razorbacks,Ole Miss Rebels,0.0,0.0,0.0,,,,,,,,
401721342,,Ohio State Buckeyes,Oregon Ducks,0.0,0.0,0.0,,,,,,,,
401721341,,Michigan State Spartans,Washington Huskies,0.0,0.0,0.0,,,,,,,,
401721343,,Rutgers Scarlet Knights,Purdue Boilermakers,0.0,0.0,0.0,,,,,,,,
401721344,,Maryland Terrapins,UCLA Bruins,0.0,0.0,0.0,,,,,,,,
401708323,,Texas Longhorns,Tennessee Volunteers,0.0,0.0,0.0,,,,,,,,
401708321,,South Carolina Gamecocks,Auburn Tigers,0.0,0.0,0.0,,,,,,,,
401725655,,Texas Tech Red Raiders,Iowa State Cyclones,0.0,0.0,0.0,,,,,,,,
401724748,,Duke Blue Devils,Notre Dame Fighting Irish,0.0,0.0,0.0,,,,,,,,
401708322,,Texas A&M Aggies,Alabama Crimson Tide,0.0,0.0,0.0,,,,,,,,
401708319,,Mississippi State Bulldogs,Kentucky Wildcats,0.0,0.0,0.0,,,,,,,,
401708316,,Arkansas Razorbacks,Florida Gators,0.0,0.0,0.0,,,,,,,,
401719099,,Georgetown Hoyas,UConn Huskies,0.0,0.0,0.0,,,,,,,,
401725656,,Cincinnati Bearcats,Kansas Jayhawks,0.0,0.0,0.0,,,,,,,,
401725659,,Kansas State Wildcats,Houston Cougars,0.0,0.0,0.0,,,,,,,,
401721346,,Illinois Fighting Illini,USC Trojans,0.0,0.0,0.0,,,,,,,,
401708317,,Georgia Bulldogs,Oklahoma Sooners,0.0,0.0,0.0,,,,,,,,
401706687,,Gonzaga Bulldogs,Washington State Cougars,0.0,0.0,0.0,,,,,,,,
401725531,,Memphis Tigers,East Carolina Pirates,0.0,0.0,0.0,,,,,,,,
401708318,,Ole Miss Rebels,LSU Tigers,0.0,0.0,0.0,,,,,,,,
401722396,,Utah State Aggies,Boise State Broncos,0.0,0.0,0.0,,,,,,,,
401721350,,Penn State Nittany Lions,Oregon Ducks,0.0,0.0,0.0,,,,,,,,
401721348,,Northwestern Wildcats,Michigan State Spartans,0.0,0.0,0.0,,,,,,,,
401721351,,Purdue Boilermakers,Nebraska Cornhuskers,0.0,0.0,0.0,,,,,,,,
401725661,,Colorado Buffaloes,West Virginia Mountaineers,0.0,0.0,0.0,,,,,,,,
401721349,,Michigan Wolverines,Washington Huskies,0.0,0.0,0.0,,,,,,,,
401721353,,Rutgers Scarlet Knights,UCLA Bruins,0.0,0.0,0.0,,,,,,,,
401721352,,Maryland Terrapins,Minnesota Golden Gophers,0.0,0.0,0.0,,,,,,,,
401722126,,Arkansas-Pine Bluff Golden Lions,Prairie View A&M Panthers,0.0,0.0,0.0,,,,,,,,
401724797,,Notre Dame Fighting Irish,Boston College Eagles,0.0,0.0,0.0,,,,,,,,
401722110,,Mississippi Valley State Delta Devils,Texas Southern Tigers,0.0,0.0,0.0,,,,,,,,
401721860,,Loyola Maryland Greyhounds,American University Eagles,0.0,0.0,0.0,,,,,,,,
401721288,,Alcorn State Braves,Alabama State Hornets,0.0,0.0,0.0,,,,,,,,
401706425,,Furman Paladins,Wofford Terriers,0.0,0.0,0.0,,,,,,,,
401722041,,Southern Jaguars,Bethune-Cookman Wildcats,0.0,0.0,0.0,,,,,,,,
401721213,,UT Rio Grande Valley Vaqueros,East Texas A&M Lions,0.0,0.0,0.0,,,,,,,,
401716123,,Incarnate Word Cardinals,Nicholls Colonels,0.0,0.0,0.0,,,,,,,,
401715944,,Stephen F. Austin Lumberjacks,SE Louisiana Lions,0.0,0.0,0.0,,,,,,,,
401723756,,Morgan State Bears,Norfolk State Spartans,0.0,0.0,0.0,,,,,,,,
401723730,,South Carolina State Bulldogs,Maryland Eastern Shore Hawks,0.0,0.0,0.0,,,,,,,,
401723709,,North Carolina Central Eagles,Delaware State Hornets,0.0,0.0,0.0,,,,,,,,
401723689,,Howard Bison,Coppin State Eagles,0.0,0.0,0.0,,,,,,,,
401721238,,Jackson State Tigers,Alabama A&M Bulldogs,0.0,0.0,0.0,,,,,,,,
401720758,,Texas A&M-Corpus Christi Islanders,Northwestern State Demons,0.0,0.0,0.0,,,,,,,,
401720673,,Lamar Cardinals,New Orleans Privateers,0.0,0.0,0.0,,,,,,,,
401715967,,Houston Christian Huskies,McNeese Cowboys,0.0,0.0,0.0,,,,,,,,
401714206,,Elon Phoenix,Campbell Fighting Camels,0.0,0.0,0.0,,,,,,,,
401722057,,Grambling Tigers,Florida A&M Rattlers,0.0,0.0,0.0,,,,,,,,
401708325,,Auburn Tigers,Mississippi State Bulldogs,0.0,0.0,0.0,,,,,,,,
401724800,,Duke Blue Devils,Miami Hurricanes,0.0,0.0,0.0,,,,,,,,
401708324,,Alabama Crimson Tide,Ole Miss Rebels,0.0,0.0,0.0,,,,,,,,
401708326,,Florida Gators,Missouri Tigers,0.0,0.0,0.0,,,,,,,,
401719100,,DePaul Blue Demons,Marquette Golden Eagles,0.0,0.0,0.0,,,,,,,,
401708327,,Kentucky Wildcats,Texas A&M Aggies,0.0,0.0,0.0,,,,,,,,
401721354,,Indiana Hoosiers,Illinois Fighting Illini,0.0,0.0,0.0,,,,,,,,
401721356,,Wisconsin Badgers,Ohio State Buckeyes,0.0,0.0,0.0,,,,,,,,
401725664,,Arizona Wildcats,Baylor Bears,0.0,0.0,0.0,,,,,,,,
401725667,,Iowa State Cyclones,Kansas Jayhawks,0.0,0.0,0.0,,,,,,,,
401708329,,Tennessee Volunteers,Georgia Bulldogs,0.0,0.0,0.0,,,,,,,,
401725669,,Houston Cougars,West Virginia Mountaineers,0.0,0.0,0.0,,,,,,,,
401721357,,Michigan State Spartans,Penn State Nittany Lions,0.0,0.0,0.0,,,,,,,,
401721358,,Washington Huskies,Purdue Boilermakers,0.0,0.0,0.0,,,,,,,,
401722397,,UNLV Rebels,Utah State Aggies,0.0,0.0,0.0,,,,,,,,
401706692,,Oregon State Beavers,Gonzaga Bulldogs,0.0,0.0,0.0,,,,,,,,
401725541,,Temple Owls,Memphis Tigers,0.0,0.0,0.0,,,,,,,,
401721359,,Minnesota Golden Gophers,Michigan Wolverines,0.0,0.0,0.0,,,,,,,,
401706329,,Akron Zips,Ohio Bobcats,0.0,0.0,0.0,,,,,,,,
401724372,,Saint Joseph's Hawks,VCU Rams,0.0,0.0,0.0,,,,,,,,
401719106,,Villanova Wildcats,Providence Friars,0.0,0.0,0.0,,,,,,,,
401714470,,Green Bay Phoenix,Robert Morris Colonials,0.0,0.0,0.0,,,,,,,,
401721362,,Ohio State Buckeyes,Indiana Hoosiers,0.0,0.0,0.0,,,,,,,,
401719105,,Georgetown Hoyas,DePaul Blue Demons,0.0,0.0,0.0,,,,,,,,
401714469,,Milwaukee Panthers,Youngstown State Penguins,0.0,0.0,0.0,,,,,,,,
401721363,,UCLA Bruins,Iowa Hawkeyes,0.0,0.0,0.0,,,,,,,,
401722160,,Fresno State Bulldogs,Air Force Falcons,0.0,0.0,0.0,,,,,,,,
401727822,,New Mexico Lobos,Boise State Broncos,0.0,0.0,0.0,,,,,,,,
401708333,,Georgia Bulldogs,Auburn Tigers,0.0,0.0,0.0,,,,,,,,
401725674,,West Virginia Mountaineers,Iowa State Cyclones,0.0,0.0,0.0,,,,,,,,
401724812,,Boston College Eagles,Duke Blue Devils,0.0,0.0,0.0,,,,,,,,
401708334,,Kentucky Wildcats,Alabama Crimson Tide,0.0,0.0,0.0,,,,,,,,
401708332,,Florida Gators,Texas Longhorns,0.0,0.0,0.0,,,,,,,,
401708338,,Vanderbilt Commodores,Tennessee Volunteers,0.0,0.0,0.0,,,,,,,,
401719109,,Marquette Golden Eagles,Xavier Musketeers,0.0,0.0,0.0,,,,,,,,
401725675,,Kansas Jayhawks,Kansas State Wildcats,0.0,0.0,0.0,,,,,,,,
401725676,,UCF Knights,Houston Cougars,0.0,0.0,0.0,,,,,,,,
401708337,,Texas A&M Aggies,LSU Tigers,0.0,0.0,0.0,,,,,,,,
401721364,,Oregon Ducks,Purdue Boilermakers,0.0,0.0,0.0,,,,,,,,
401719107,,UConn Huskies,Creighton Bluejays,0.0,0.0,0.0,,,,,,,,
401708335,,Mississippi State Bulldogs,Ole Miss Rebels,0.0,0.0,0.0,,,,,,,,
401706700,,Gonzaga Bulldogs,Santa Clara Broncos,0.0,0.0,0.0,,,,,,,,
401721365,,USC Trojans,Wisconsin Badgers,0.0,0.0,0.0,,,,,,,,
401721368,,Michigan State Spartans,Illinois Fighting Illini,0.0,0.0,0.0,,,,,,,,
401725545,,Charlotte 49ers,Memphis Tigers,0.0,0.0,0.0,,,,,,,,
401721367,,Michigan Wolverines,Northwestern Wildcats,0.0,0.0,0.0,,,,,,,,
401725677,,Baylor Bears,TCU Horned Frogs,0.0,0.0,0.0,,,,,,,,
401721944,,Wagner Seahawks,Saint Francis Red Flash,0.0,0.0,0.0,,,,,,,,
401714220,,UNC Wilmington Seahawks,William & Mary Tribe,0.0,0.0,0.0,,,,,,,,
401721726,,Cornell Big Red,Brown Bears,0.0,0.0,0.0,,,,,,,,
401721725,,Harvard Crimson,Pennsylvania Quakers,0.0,0.0,0.0,,,,,,,,
401721724,,Princeton Tigers,Columbia Lions,0.0,0.0,0.0,,,,,,,,
401721290,,Prairie View A&M Panthers,Alcorn State Braves,0.0,0.0,0.0,,,,,,,,
401721182,,Long Island University Sharks,Mercyhurst Lakers,0.0,0.0,0.0,,,,,,,,
401720956,,Yale Bulldogs,Dartmouth Big Green,0.0,0.0,0.0,,,,,,,,
401720739,,Northwestern State Demons,New Orleans Privateers,0.0,0.0,0.0,,,,,,,,
401720675,,Nicholls Colonels,Lamar Cardinals,0.0,0.0,0.0,,,,,,,,
401715946,,East Texas A&M Lions,SE Louisiana Lions,0.0,0.0,0.0,,,,,,,,
401714218,,Drexel Dragons,Hofstra Pride,0.0,0.0,0.0,,,,,,,,
401730467,,Howard Bison,Morehouse Maroon Tigers,0.0,0.0,0.0,,,,,,,,
401722073,,Texas Southern Tigers,Jackson State Tigers,0.0,0.0,0.0,,,,,,,,
401720718,,McNeese Cowboys,Stephen F. Austin Lumberjacks,0.0,0.0,0.0,,,,,,,,
401751403,,Norfolk State Spartans,Washington Adventist Shock,0.0,0.0,0.0,,,,,,,,
401727150,,New Mexico Lobos,Fresno State Bulldogs,0.0,0.0,0.0,,,,,,,,
401716125,,Incarnate Word Cardinals,UT Rio Grande Valley Vaqueros,0.0,0.0,0.0,,,,,,,,
401719110,,Villanova Wildcats,Georgetown Hoyas,0.0,0.0,0.0,,,,,,,,
401721369,,Penn State Nittany Lions,Rutgers Scarlet Knights,0.0,0.0,0.0,,,,,,,,
401722059,,Florida A&M Rattlers,Mississippi Valley State Delta Devils,0.0,0.0,0.0,,,,,,,,
401722043,,Bethune-Cookman Wildcats,Arkansas-Pine Bluff Golden Lions,0.0,0.0,0.0,,,,,,,,
401721869,,Colgate Raiders,Bucknell Bison,0.0,0.0,0.0,,,,,,,,
401721162,,Le Moyne Dolphins,Stonehill Skyhawks,0.0,0.0,0.0,,,,,,,,
401721120,,Chicago State Cougars,Fairleigh Dickinson Knights,0.0,0.0,0.0,,,,,,,,
401715969,,Houston Christian Huskies,Texas A&M-Corpus Christi Islanders,0.0,0.0,0.0,,,,,,,,
401720652,,Montana Grizzlies,Idaho Vandals,0.0,0.0,0.0,,,,,,,,
401718480,,Montana State Bobcats,Eastern Washington Eagles,0.0,0.0,0.0,,,,,,,,
401714222,,North Carolina A&T Aggies,Hampton Pirates,0.0,0.0,0.0,,,,,,,,
401725683,,Iowa State Cyclones,UCF Knights,0.0,0.0,0.0,,,,,,,,
401708341,,Alabama Crimson Tide,Vanderbilt Commodores,0.0,0.0,0.0,,,,,,,,
401708340,,Tennessee Volunteers,Mississippi State Bulldogs,0.0,0.0,0.0,,,,,,,,
401719113,,Seton Hall Pirates,Marquette Golden Eagles,0.0,0.0,0.0,,,,,,,,
401721372,,Purdue Boilermakers,Ohio State Buckeyes,0.0,0.0,0.0,,,,,,,,
401721371,,Oregon Ducks,Washington Huskies,0.0,0.0,0.0,,,,,,,,
401721373,,UCLA Bruins,Wisconsin Badgers,0.0,0.0,0.0,,,,,,,,
401719111,,UConn Huskies,Butler Bulldogs,0.0,0.0,0.0,,,,,,,,
401708345,,Texas Longhorns,Missouri Tigers,0.0,0.0,0.0,,,,,,,,
401725679,,West Virginia Mountaineers,Arizona State Sun Devils,0.0,0.0,0.0,,,,,,,,
401724817,,SMU Mustangs,Louisville Cardinals,0.0,0.0,0.0,,,,,,,,
401708344,,South Carolina Gamecocks,Florida Gators,0.0,0.0,0.0,,,,,,,,
401725681,,Houston Cougars,Utah Utes,0.0,0.0,0.0,,,,,,,,
401725684,,TCU Horned Frogs,Kansas Jayhawks,0.0,0.0,0.0,,,,,,,,
401708343,,Ole Miss Rebels,Texas A&M Aggies,0.0,0.0,0.0,,,,,,,,
401719114,,St. John's Red Storm,Xavier Musketeers,0.0,0.0,0.0,,,,,,,,
401721376,,Illinois Fighting Illini,Maryland Terrapins,0.0,0.0,0.0,,,,,,,,
401725552,,Memphis Tigers,Wichita State Shockers,0.0,0.0,0.0,,,,,,,,
401719115,,Marquette Golden Eagles,Villanova Wildcats,0.0,0.0,0.0,,,,,,,,
401721378,,Purdue Boilermakers,Michigan Wolverines,0.0,0.0,0.0,,,,,,,,
401708348,,Auburn Tigers,Tennessee Volunteers,0.0,0.0,0.0,,,,,,,,
401724827,,Wake Forest Demon Deacons,Duke Blue Devils,0.0,0.0,0.0,,,,,,,,
401725687,,Arizona State Sun Devils,Iowa State Cyclones,0.0,0.0,0.0,,,,,,,,
401708346,,Alabama Crimson Tide,LSU Tigers,0.0,0.0,0.0,,,,,,,,
401708349,,Florida Gators,Georgia Bulldogs,0.0,0.0,0.0,,,,,,,,
401725690,,Kansas Jayhawks,Houston Cougars,0.0,0.0,0.0,,,,,,,,
401721381,,Rutgers Scarlet Knights,Michigan State Spartans,0.0,0.0,0.0,,,,,,,,
401708352,,Vanderbilt Commodores,Kentucky Wildcats,0.0,0.0,0.0,,,,,,,,
401708353,,Texas Longhorns,Texas A&M Aggies,0.0,0.0,0.0,,,,,,,,
401708351,,South Carolina Gamecocks,Mississippi State Bulldogs,0.0,0.0,0.0,,,,,,,,
401721380,,Minnesota Golden Gophers,Oregon Ducks,0.0,0.0,0.0,,,,,,,,
401708350,,Missouri Tigers,Ole Miss Rebels,0.0,0.0,0.0,,,,,,,,
401719118,,Xavier Musketeers,UConn Huskies,0.0,0.0,0.0,,,,,,,,
401725691,,Kansas State Wildcats,West Virginia Mountaineers,0.0,0.0,0.0,,,,,,,,
401721382,,Illinois Fighting Illini,Northwestern Wildcats,0.0,0.0,0.0,,,,,,,,
401721384,,Wisconsin Badgers,Nebraska Cornhuskers,0.0,0.0,0.0,,,,,,,,
401725557,,Memphis Tigers,UAB Blazers,0.0,0.0,0.0,,,,,,,,
401724830,,Duke Blue Devils,NC State Wolfpack,0.0,0.0,0.0,,,,,,,,
401725694,,Arizona Wildcats,Iowa State Cyclones,0.0,0.0,0.0,,,,,,,,
401721388,,Michigan State Spartans,Minnesota Golden Gophers,0.0,0.0,0.0,,,,,,,,
401708354,,Tennessee Volunteers,Kentucky Wildcats,0.0,0.0,0.0,,,,,,,,
401719120,,Butler Bulldogs,Marquette Golden Eagles,0.0,0.0,0.0,,,,,,,,
401725697,,Kansas Jayhawks,UCF Knights,0.0,0.0,0.0,,,,,,,,
401708359,,Texas A&M Aggies,Oklahoma Sooners,0.0,0.0,0.0,,,,,,,,
401719122,,Georgetown Hoyas,St. John's Red Storm,0.0,0.0,0.0,,,,,,,,
401724831,,Louisville Cardinals,Wake Forest Demon Deacons,0.0,0.0,0.0,,,,,,,,
401708356,,LSU Tigers,Auburn Tigers,0.0,0.0,0.0,,,,,,,,
401724556,,Mississippi State Bulldogs,Alabama Crimson Tide,0.0,0.0,0.0,,,,,,,,
401725701,,West Virginia Mountaineers,Houston Cougars,0.0,0.0,0.0,,,,,,,,
401721389,,Maryland Terrapins,Wisconsin Badgers,0.0,0.0,0.0,,,,,,,,
401725700,,Texas Tech Red Raiders,TCU Horned Frogs,0.0,0.0,0.0,,,,,,,,
401708357,,Ole Miss Rebels,Texas Longhorns,0.0,0.0,0.0,,,,,,,,
401719123,,UConn Huskies,DePaul Blue Demons,0.0,0.0,0.0,,,,,,,,
401721393,,UCLA Bruins,Oregon Ducks,0.0,0.0,0.0,,,,,,,,
401721391,,Nebraska Cornhuskers,Illinois Fighting Illini,0.0,0.0,0.0,,,,,,,,
401725564,,Tulane Green Wave,Memphis Tigers,0.0,0.0,0.0,,,,,,,,
401721394,,Purdue Boilermakers,Indiana Hoosiers,0.0,0.0,0.0,,,,,,,,
401708363,,Ole Miss Rebels,Auburn Tigers,0.0,0.0,0.0,,,,,,,,
401724844,,Duke Blue Devils,North Carolina Tar Heels,0.0,0.0,0.0,,,,,,,,
401725706,,Iowa State Cyclones,Kansas State Wildcats,0.0,0.0,0.0,,,,,,,,
401708360,,Alabama Crimson Tide,Georgia Bulldogs,0.0,0.0,0.0,,,,,,,,
401708366,,Tennessee Volunteers,Florida Gators,0.0,0.0,0.0,,,,,,,,
401725707,,Houston Cougars,Texas Tech Red Raiders,0.0,0.0,0.0,,,,,,,,
401721398,,USC Trojans,Michigan State Spartans,0.0,0.0,0.0,,,,,,,,
401719128,,Marquette Golden Eagles,UConn Huskies,0.0,0.0,0.0,,,,,,,,
401725705,,Baylor Bears,Kansas Jayhawks,0.0,0.0,0.0,,,,,,,,
401708361,,Kentucky Wildcats,Arkansas Razorbacks,0.0,0.0,0.0,,,,,,,,
401708365,,South Carolina Gamecocks,Texas A&M Aggies,0.0,0.0,0.0,,,,,,,,
401708364,,Mississippi State Bulldogs,Missouri Tigers,0.0,0.0,0.0,,,,,,,,
401719127,,St. John's Red Storm,Providence Friars,0.0,0.0,0.0,,,,,,,,
401721396,,Northwestern Wildcats,Wisconsin Badgers,0.0,0.0,0.0,,,,,,,,
401724841,,Georgia Tech Yellow Jackets,Louisville Cardinals,0.0,0.0,0.0,,,,,,,,
401708367,,Oklahoma Sooners,Vanderbilt Commodores,0.0,0.0,0.0,,,,,,,,
401721400,,Oregon Ducks,Nebraska Cornhuskers,0.0,0.0,0.0,,,,,,,,
401721399,,Illinois Fighting Illini,Ohio State Buckeyes,0.0,0.0,0.0,,,,,,,,
401725569,,Rice Owls,Memphis Tigers,0.0,0.0,0.0,,,,,,,,
401725710,,Kansas Jayhawks,Iowa State Cyclones,0.0,0.0,0.0,,,,,,,,
401708368,,Auburn Tigers,Oklahoma Sooners,0.0,0.0,0.0,,,,,,,,
401725712,,Houston Cougars,Oklahoma State Cowboys,0.0,0.0,0.0,,,,,,,,
401708369,,Florida Gators,Vanderbilt Commodores,0.0,0.0,0.0,,,,,,,,
401721401,,Iowa Hawkeyes,Purdue Boilermakers,0.0,0.0,0.0,,,,,,,,
401721404,,UCLA Bruins,Michigan State Spartans,0.0,0.0,0.0,,,,,,,,
401719131,,St. John's Red Storm,Marquette Golden Eagles,0.0,0.0,0.0,,,,,,,,
401725713,,Texas Tech Red Raiders,Baylor Bears,0.0,0.0,0.0,,,,,,,,
401708371,,Ole Miss Rebels,Kentucky Wildcats,0.0,0.0,0.0,,,,,,,,
401725711,,BYU Cougars,Arizona Wildcats,0.0,0.0,0.0,,,,,,,,
401721405,,Wisconsin Badgers,Indiana Hoosiers,0.0,0.0,0.0,,,,,,,,
401724850,,Syracuse Orange,Duke Blue Devils,0.0,0.0,0.0,,,,,,,,
401708372,,Tennessee Volunteers,Missouri Tigers,0.0,0.0,0.0,,,,,,,,
401725573,,Memphis Tigers,Tulsa Golden Hurricane,0.0,0.0,0.0,,,,,,,,
401721407,,Rutgers Scarlet Knights,Illinois Fighting Illini,0.0,0.0,0.0,,,,,,,,
401721406,,Michigan Wolverines,Oregon Ducks,0.0,0.0,0.0,,,,,,,,
401721409,,Ohio State Buckeyes,Maryland Terrapins,0.0,0.0,0.0,,,,,,,,
401721410,,Purdue Boilermakers,USC Trojans,0.0,0.0,0.0,,,,,,,,
401719135,,UConn Huskies,St. John's Red Storm,0.0,0.0,0.0,,,,,,,,
401708375,,Auburn Tigers,Florida Gators,0.0,0.0,0.0,,,,,,,,
401724861,,Clemson Tigers,Duke Blue Devils,0.0,0.0,0.0,,,,,,,,
401708374,,Arkansas Razorbacks,Alabama Crimson Tide,0.0,0.0,0.0,,,,,,,,
401708381,,Oklahoma Sooners,Tennessee Volunteers,0.0,0.0,0.0,,,,,,,,
401725723,,Colorado Buffaloes,Houston Cougars,0.0,0.0,0.0,,,,,,,,
401725722,,Iowa State Cyclones,TCU Horned Frogs,0.0,0.0,0.0,,,,,,,,
401721413,,Michigan State Spartans,Oregon Ducks,0.0,0.0,0.0,,,,,,,,
401708379,,Missouri Tigers,Texas A&M Aggies,0.0,0.0,0.0,,,,,,,,
401719138,,Creighton Bluejays,Marquette Golden Eagles,0.0,0.0,0.0,,,,,,,,
401725721,,Arizona Wildcats,Texas Tech Red Raiders,0.0,0.0,0.0,,,,,,,,
401708377,,Kentucky Wildcats,South Carolina Gamecocks,0.0,0.0,0.0,,,,,,,,
401725720,,Kansas State Wildcats,Kansas Jayhawks,0.0,0.0,0.0,,,,,,,,
401721412,,Iowa Hawkeyes,Wisconsin Badgers,0.0,0.0,0.0,,,,,,,,
401708376,,Georgia Bulldogs,Mississippi State Bulldogs,0.0,0.0,0.0,,,,,,,,
401721414,,Minnesota Golden Gophers,Illinois Fighting Illini,0.0,0.0,0.0,,,,,,,,
401721411,,Indiana Hoosiers,Michigan Wolverines,0.0,0.0,0.0,,,,,,,,
401708378,,LSU Tigers,Ole Miss Rebels,0.0,0.0,0.0,,,,,,,,
401725581,,Memphis Tigers,Temple Owls,0.0,0.0,0.0,,,,,,,,
401721417,,Maryland Terrapins,Rutgers Scarlet Knights,0.0,0.0,0.0,,,,,,,,
401725726,,Houston Cougars,Baylor Bears,0.0,0.0,0.0,,,,,,,,
401724863,,Clemson Tigers,North Carolina Tar Heels,0.0,0.0,0.0,,,,,,,,
401708388,,Vanderbilt Commodores,Auburn Tigers,0.0,0.0,0.0,,,,,,,,
401708389,,Texas Longhorns,Alabama Crimson Tide,0.0,0.0,0.0,,,,,,,,
401708384,,Mississippi State Bulldogs,Florida Gators,0.0,0.0,0.0,,,,,,,,
401708383,,Kentucky Wildcats,Tennessee Volunteers,0.0,0.0,0.0,,,,,,,,
401721420,,Michigan Wolverines,Purdue Boilermakers,0.0,0.0,0.0,,,,,,,,
401708387,,Texas A&M Aggies,Georgia Bulldogs,0.0,0.0,0.0,,,,,,,,
401725731,,UCF Knights,Iowa State Cyclones,0.0,0.0,0.0,,,,,,,,
401721421,,Michigan State Spartans,Indiana Hoosiers,0.0,0.0,0.0,,,,,,,,
401725727,,Kansas State Wildcats,Arizona Wildcats,0.0,0.0,0.0,,,,,,,,
401725730,,Kansas Jayhawks,Colorado Buffaloes,0.0,0.0,0.0,,,,,,,,
401719140,,Marquette Golden Eagles,DePaul Blue Demons,0.0,0.0,0.0,,,,,,,,
401719141,,Creighton Bluejays,UConn Huskies,0.0,0.0,0.0,,,,,,,,
401724870,,Duke Blue Devils,California Golden Bears,0.0,0.0,0.0,,,,,,,,
401719143,,Villanova Wildcats,St. John's Red Storm,0.0,0.0,0.0,,,,,,,,
401725732,,Texas Tech Red Raiders,Arizona State Sun Devils,0.0,0.0,0.0,,,,,,,,
401708386,,South Carolina Gamecocks,Ole Miss Rebels,0.0,0.0,0.0,,,,,,,,
401708385,,Missouri Tigers,Oklahoma Sooners,0.0,0.0,0.0,,,,,,,,
401725588,,South Florida Bulls,Memphis Tigers,0.0,0.0,0.0,,,,,,,,
401721426,,Nebraska Cornhuskers,Maryland Terrapins,0.0,0.0,0.0,,,,,,,,
401720961,,Dartmouth Big Green,Columbia Lions,0.0,0.0,0.0,,,,,,,,
401706260,,Niagara Purple Eagles,Mount St. Mary's Mountaineers,0.0,0.0,0.0,,,,,,,,
401724427,,Loyola Chicago Ramblers,Saint Louis Billikens,0.0,0.0,0.0,,,,,,,,
401721741,,Harvard Crimson,Cornell Big Red,0.0,0.0,0.0,,,,,,,,
401721740,,Yale Bulldogs,Pennsylvania Quakers,0.0,0.0,0.0,,,,,,,,
401721739,,Brown Bears,Princeton Tigers,0.0,0.0,0.0,,,,,,,,
401714449,,Green Bay Phoenix,Northern Kentucky Norse,0.0,0.0,0.0,,,,,,,,
401706371,,Kent State Golden Flashes,Ohio Bobcats,0.0,0.0,0.0,,,,,,,,
401706262,,Saint Peter's Peacocks,Fairfield Stags,0.0,0.0,0.0,,,,,,,,
401706261,,Siena Saints,Marist Red Foxes,0.0,0.0,0.0,,,,,,,,
401706259,,Manhattan Jaspers,Merrimack Warriors,0.0,0.0,0.0,,,,,,,,
401706258,,Iona Gaels,Rider Broncs,0.0,0.0,0.0,,,,,,,,
401706257,,Sacred Heart Pioneers,Quinnipiac Bobcats,0.0,0.0,0.0,,,,,,,,
401721427,,Indiana Hoosiers,UCLA Bruins,0.0,0.0,0.0,,,,,,,,
401714450,,Milwaukee Panthers,Wright State Raiders,0.0,0.0,0.0,,,,,,,,
401722251,,San José State Spartans,Nevada Wolf Pack,0.0,0.0,0.0,,,,,,,,
401708390,,Alabama Crimson Tide,Auburn Tigers,0.0,0.0,0.0,,,,,,,,
401724878,,Duke Blue Devils,Stanford Cardinal,0.0,0.0,0.0,,,,,,,,
401708391,,Florida Gators,South Carolina Gamecocks,0.0,0.0,0.0,,,,,,,,
401708394,,Tennessee Volunteers,Vanderbilt Commodores,0.0,0.0,0.0,,,,,,,,
401725738,,Arizona Wildcats,Houston Cougars,0.0,0.0,0.0,,,,,,,,
401721430,,Purdue Boilermakers,Wisconsin Badgers,0.0,0.0,0.0,,,,,,,,
401708395,,Texas A&M Aggies,Arkansas Razorbacks,0.0,0.0,0.0,,,,,,,,
401725741,,Iowa State Cyclones,Cincinnati Bearcats,0.0,0.0,0.0,,,,,,,,
401721428,,Illinois Fighting Illini,Michigan State Spartans,0.0,0.0,0.0,,,,,,,,
401725736,,Oklahoma State Cowboys,Texas Tech Red Raiders,0.0,0.0,0.0,,,,,,,,
401708396,,Texas Longhorns,Kentucky Wildcats,0.0,0.0,0.0,,,,,,,,
401725734,,Utah Utes,Kansas Jayhawks,0.0,0.0,0.0,,,,,,,,
401708393,,Ole Miss Rebels,Mississippi State Bulldogs,0.0,0.0,0.0,,,,,,,,
401708392,,Georgia Bulldogs,Missouri Tigers,0.0,0.0,0.0,,,,,,,,
401724877,,Florida State Seminoles,Clemson Tigers,0.0,0.0,0.0,,,,,,,,
401719148,,St. John's Red Storm,Creighton Bluejays,0.0,0.0,0.0,,,,,,,,
401725594,,Wichita State Shockers,Memphis Tigers,0.0,0.0,0.0,,,,,,,,
401721434,,Ohio State Buckeyes,Michigan Wolverines,0.0,0.0,0.0,,,,,,,,
401721432,,Maryland Terrapins,Iowa Hawkeyes,0.0,0.0,0.0,,,,,,,,
401724880,,Virginia Cavaliers,Duke Blue Devils,0.0,0.0,0.0,,,,,,,,
401725742,,Baylor Bears,Arizona Wildcats,0.0,0.0,0.0,,,,,,,,
401708399,,Florida Gators,Oklahoma Sooners,0.0,0.0,0.0,,,,,,,,
401725745,,Arizona State Sun Devils,Houston Cougars,0.0,0.0,0.0,,,,,,,,
401708402,,Mississippi State Bulldogs,Texas A&M Aggies,0.0,0.0,0.0,,,,,,,,
401725747,,Iowa State Cyclones,Colorado Buffaloes,0.0,0.0,0.0,,,,,,,,
401725744,,TCU Horned Frogs,Texas Tech Red Raiders,0.0,0.0,0.0,,,,,,,,
401721438,,Wisconsin Badgers,Illinois Fighting Illini,0.0,0.0,0.0,,,,,,,,
401721436,,Michigan State Spartans,Purdue Boilermakers,0.0,0.0,0.0,,,,,,,,
401719151,,Marquette Golden Eagles,Seton Hall Pirates,0.0,0.0,0.0,,,,,,,,
401725746,,BYU Cougars,Kansas Jayhawks,0.0,0.0,0.0,,,,,,,,
401708398,,Auburn Tigers,Arkansas Razorbacks,0.0,0.0,0.0,,,,,,,,
401708403,,Missouri Tigers,Alabama Crimson Tide,0.0,0.0,0.0,,,,,,,,
401719152,,DePaul Blue Demons,St. John's Red Storm,0.0,0.0,0.0,,,,,,,,
401708400,,Kentucky Wildcats,Vanderbilt Commodores,0.0,0.0,0.0,,,,,,,,
401721442,,Maryland Terrapins,USC Trojans,0.0,0.0,0.0,,,,,,,,
401721444,,Michigan Wolverines,Michigan State Spartans,0.0,0.0,0.0,,,,,,,,
401719154,,Villanova Wildcats,Marquette Golden Eagles,0.0,0.0,0.0,,,,,,,,
401708406,,Auburn Tigers,Georgia Bulldogs,0.0,0.0,0.0,,,,,,,,
401708407,,LSU Tigers,Florida Gators,0.0,0.0,0.0,,,,,,,,
401707856,,Illinois Fighting Illini,Duke Blue Devils,0.0,0.0,0.0,,,,,,,,
401708404,,Alabama Crimson Tide,Kentucky Wildcats,0.0,0.0,0.0,,,,,,,,
401725751,,Houston Cougars,Iowa State Cyclones,0.0,0.0,0.0,,,,,,,,
401708409,,Texas A&M Aggies,Tennessee Volunteers,0.0,0.0,0.0,,,,,,,,
401725755,,Texas Tech Red Raiders,West Virginia Mountaineers,0.0,0.0,0.0,,,,,,,,
401721447,,Wisconsin Badgers,Oregon Ducks,0.0,0.0,0.0,,,,,,,,
401708405,,Arkansas Razorbacks,Missouri Tigers,0.0,0.0,0.0,,,,,,,,
401724887,,SMU Mustangs,Clemson Tigers,0.0,0.0,0.0,,,,,,,,
401725750,,Arizona Wildcats,BYU Cougars,0.0,0.0,0.0,,,,,,,,
401708411,,Oklahoma Sooners,Mississippi State Bulldogs,0.0,0.0,0.0,,,,,,,,
401725752,,Kansas Jayhawks,Oklahoma State Cowboys,0.0,0.0,0.0,,,,,,,,
401708410,,Vanderbilt Commodores,Ole Miss Rebels,0.0,0.0,0.0,,,,,,,,
401724891,,Louisville Cardinals,Florida State Seminoles,0.0,0.0,0.0,,,,,,,,
401719156,,St. John's Red Storm,UConn Huskies,0.0,0.0,0.0,,,,,,,,
401721448,,Indiana Hoosiers,Purdue Boilermakers,0.0,0.0,0.0,,,,,,,,
401725606,,Memphis Tigers,Florida Atlantic Owls,0.0,0.0,0.0,,,,,,,,
401725758,,Texas Tech Red Raiders,Houston Cougars,0.0,0.0,0.0,,,,,,,,
401721451,,Nebraska Cornhuskers,Michigan Wolverines,0.0,0.0,0.0,,,,,,,,
401724895,,Miami Hurricanes,Duke Blue Devils,0.0,0.0,0.0,,,,,,,,
401708416,,Georgia Bulldogs,Florida Gators,0.0,0.0,0.0,,,,,,,,
401708417,,LSU Tigers,Tennessee Volunteers,0.0,0.0,0.0,,,,,,,,
401708413,,Alabama Crimson Tide,Mississippi State Bulldogs,0.0,0.0,0.0,,,,,,,,
401725760,,Oklahoma State Cowboys,Iowa State Cyclones,0.0,0.0,0.0,,,,,,,,
401721454,,Wisconsin Badgers,Washington Huskies,0.0,0.0,0.0,,,,,,,,
401708412,,Missouri Tigers,South Carolina Gamecocks,0.0,0.0,0.0,,,,,,,,
401724897,,Virginia Tech Hokies,Louisville Cardinals,0.0,0.0,0.0,,,,,,,,
401719159,,Marquette Golden Eagles,Providence Friars,0.0,0.0,0.0,,,,,,,,
401708415,,Auburn Tigers,Ole Miss Rebels,0.0,0.0,0.0,,,,,,,,
401719161,,Butler Bulldogs,St. John's Red Storm,0.0,0.0,0.0,,,,,,,,
401721456,,Maryland Terrapins,Michigan State Spartans,0.0,0.0,0.0,,,,,,,,
401708418,,Texas A&M Aggies,Vanderbilt Commodores,0.0,0.0,0.0,,,,,,,,
401724898,,Clemson Tigers,Notre Dame Fighting Irish,0.0,0.0,0.0,,,,,,,,
401708419,,Oklahoma Sooners,Kentucky Wildcats,0.0,0.0,0.0,,,,,,,,
401725609,,Memphis Tigers,Rice Owls,0.0,0.0,0.0,,,,,,,,
401725764,,Arizona Wildcats,Utah Utes,0.0,0.0,0.0,,,,,,,,
401725763,,Arizona State Sun Devils,BYU Cougars,0.0,0.0,0.0,,,,,,,,
401721458,,Michigan Wolverines,Rutgers Scarlet Knights,0.0,0.0,0.0,,,,,,,,
401706754,,Loyola Marymount Lions,Saint Mary's Gaels,0.0,0.0,0.0,,,,,,,,
401721460,,Purdue Boilermakers,UCLA Bruins,0.0,0.0,0.0,,,,,,,,
401708421,,Kentucky Wildcats,Auburn Tigers,0.0,0.0,0.0,,,,,,,,
401724905,,Duke Blue Devils,Florida State Seminoles,0.0,0.0,0.0,,,,,,,,
401708420,,Florida Gators,Texas A&M Aggies,0.0,0.0,0.0,,,,,,,,
401725770,,Houston Cougars,Cincinnati Bearcats,0.0,0.0,0.0,,,,,,,,
401708425,,Tennessee Volunteers,Alabama Crimson Tide,0.0,0.0,0.0,,,,,,,,
401719169,,St. John's Red Storm,Seton Hall Pirates,0.0,0.0,0.0,,,,,,,,
401725766,,Iowa State Cyclones,Arizona Wildcats,0.0,0.0,0.0,,,,,,,,
401725768,,Kansas Jayhawks,Texas Tech Red Raiders,0.0,0.0,0.0,,,,,,,,
401724911,,Virginia Cavaliers,Clemson Tigers,0.0,0.0,0.0,,,,,,,,
401708426,,Vanderbilt Commodores,Missouri Tigers,0.0,0.0,0.0,,,,,,,,
401721463,,Penn State Nittany Lions,Maryland Terrapins,0.0,0.0,0.0,,,,,,,,
401724910,,Louisville Cardinals,Pittsburgh Panthers,0.0,0.0,0.0,,,,,,,,
401719170,,Georgetown Hoyas,Marquette Golden Eagles,0.0,0.0,0.0,,,,,,,,
401706760,,Saint Mary's Gaels,Oregon State Beavers,0.0,0.0,0.0,,,,,,,,
401708423,,Mississippi State Bulldogs,LSU Tigers,0.0,0.0,0.0,,,,,,,,
401725771,,BYU Cougars,West Virginia Mountaineers,0.0,0.0,0.0,,,,,,,,
401721466,,Michigan State Spartans,Wisconsin Badgers,0.0,0.0,0.0,,,,,,,,
401721465,,Michigan Wolverines,Illinois Fighting Illini,0.0,0.0,0.0,,,,,,,,
401725616,,UAB Blazers,Memphis Tigers,0.0,0.0,0.0,,,,,,,,
401724912,,Duke Blue Devils,Wake Forest Demon Deacons,0.0,0.0,0.0,,,,,,,,
401725774,,Houston Cougars,Kansas Jayhawks,0.0,0.0,0.0,,,,,,,,
401708433,,Texas A&M Aggies,Auburn Tigers,0.0,0.0,0.0,,,,,,,,
401725776,,Iowa State Cyclones,BYU Cougars,0.0,0.0,0.0,,,,,,,,
401725618,,UTSA Roadrunners,Memphis Tigers,0.0,0.0,0.0,,,,,,,,
401721470,,Purdue Boilermakers,Rutgers Scarlet Knights,0.0,0.0,0.0,,,,,,,,
401708429,,Kentucky Wildcats,LSU Tigers,0.0,0.0,0.0,,,,,,,,
401725775,,Arizona Wildcats,Arizona State Sun Devils,0.0,0.0,0.0,,,,,,,,
401708431,,Mississippi State Bulldogs,Texas Longhorns,0.0,0.0,0.0,,,,,,,,
401708430,,Ole Miss Rebels,Tennessee Volunteers,0.0,0.0,0.0,,,,,,,,
401708428,,Alabama Crimson Tide,Florida Gators,0.0,0.0,0.0,,,,,,,,
401725779,,Texas Tech Red Raiders,Colorado Buffaloes,0.0,0.0,0.0,,,,,,,,
401724917,,Boston College Eagles,Clemson Tigers,0.0,0.0,0.0,,,,,,,,
401721472,,Minnesota Golden Gophers,Wisconsin Badgers,0.0,0.0,0.0,,,,,,,,
401721471,,Michigan Wolverines,Maryland Terrapins,0.0,0.0,0.0,,,,,,,,
401724919,,Louisville Cardinals,California Golden Bears,0.0,0.0,0.0,,,,,,,,
401708435,,Oklahoma Sooners,Missouri Tigers,0.0,0.0,0.0,,,,,,,,
401719171,,UConn Huskies,Marquette Golden Eagles,0.0,0.0,0.0,,,,,,,,
401721474,,Iowa Hawkeyes,Michigan State Spartans,0.0,0.0,0.0,,,,,,,,
401725624,,Memphis Tigers,South Florida Bulls,0.0,0.0,0.0,,,,,,,,
401721475,,Illinois Fighting Illini,Purdue Boilermakers,0.0,0.0,0.0,,,,,,,,
401708437,,Auburn Tigers,Alabama Crimson Tide,0.0,0.0,0.0,,,,,,,,
401724922,,North Carolina Tar Heels,Duke Blue Devils,0.0,0.0,0.0,,,,,,,,
401725787,,Baylor Bears,Houston Cougars,0.0,0.0,0.0,,,,,,,,
401729827,,Tennessee Volunteers,South Carolina Gamecocks,0.0,0.0,0.0,,,,,,,,
401708438,,Florida Gators,Ole Miss Rebels,0.0,0.0,0.0,,,,,,,,
401719193,,Marquette Golden Eagles,St. John's Red Storm,0.0,0.0,0.0,,,,,,,,
401725785,,Arizona State Sun Devils,Texas Tech Red Raiders,0.0,0.0,0.0,,,,,,,,
401725784,,Kansas State Wildcats,Iowa State Cyclones,0.0,0.0,0.0,,,,,,,,
401724929,,Clemson Tigers,Virginia Tech Hokies,0.0,0.0,0.0,,,,,,,,
401721479,,Wisconsin Badgers,Penn State Nittany Lions,0.0,0.0,0.0,,,,,,,,
401721477,,Maryland Terrapins,Northwestern Wildcats,0.0,0.0,0.0,,,,,,,,
401724926,,Louisville Cardinals,Stanford Cardinal,0.0,0.0,0.0,,,,,,,,
401708441,,Missouri Tigers,Kentucky Wildcats,0.0,0.0,0.0,,,,,,,,
401708440,,LSU Tigers,Texas A&M Aggies,0.0,0.0,0.0,,,,,,,,
401725783,,BYU Cougars,Utah Utes,0.0,0.0,0.0,,,,,,,,
401725782,,Kansas Jayhawks,Arizona Wildcats,0.0,0.0,0.0,,,,,,,,
401708436,,Arkansas Razorbacks,Mississippi State Bulldogs,0.0,0.0,0.0,,,,,,,,
401721480,,Michigan State Spartans,Michigan Wolverines,0.0,0.0,0.0,,,,,,,,
401744264,,Saint Mary's Gaels,Pepperdine Waves,0.0,0.0,0.0,,,,,,,,
401744266,,Saint Mary's Gaels,Gonzaga Bulldogs,0.0,0.0,0.0,,,,,,,,
401743845,,Iowa State Cyclones,Cincinnati Bearcats,0.0,0.0,0.0,,,,,,,,
401743770,,Duke Blue Devils,Georgia Tech Yellow Jackets,0.0,0.0,0.0,,,,,,,,
401743849,,Houston Cougars,Colorado Buffaloes,0.0,0.0,0.0,,,,,,,,
401743878,,St. John's Red Storm,Butler Bulldogs,0.0,0.0,0.0,,,,,,,,
401743850,,Texas Tech Red Raiders,Baylor Bears,0.0,0.0,0.0,,,,,,,,
401743773,,Clemson Tigers,SMU Mustangs,0.0,0.0,0.0,,,,,,,,
401743848,,BYU Cougars,Iowa State Cyclones,0.0,0.0,0.0,,,,,,,,
401743772,,Louisville Cardinals,Stanford Cardinal,0.0,0.0,0.0,,,,,,,,
401744162,,Texas A&M Aggies,Texas Longhorns,0.0,0.0,0.0,,,,,,,,
401744164,,Kentucky Wildcats,Oklahoma Sooners,0.0,0.0,0.0,,,,,,,,
401743897,,Wisconsin Badgers,Northwestern Wildcats,0.0,0.0,0.0,,,,,,,,
401743919,,Purdue Boilermakers,USC Trojans,0.0,0.0,0.0,,,,,,,,
401744163,,Missouri Tigers,Mississippi State Bulldogs,0.0,0.0,0.0,,,,,,,,
401743896,,Oregon Ducks,Indiana Hoosiers,0.0,0.0,0.0,,,,,,,,
401743918,,Illinois Fighting Illini,Iowa Hawkeyes,0.0,0.0,0.0,,,,,,,,
401743879,,Xavier Musketeers,Marquette Golden Eagles,0.0,0.0,0.0,,,,,,,,
401743774,,Duke Blue Devils,North Carolina Tar Heels,0.0,0.0,0.0,,,,,,,,
401743852,,Houston Cougars,BYU Cougars,0.0,0.0,0.0,,,,,,,,
401744166,,Auburn Tigers,Ole Miss Rebels,0.0,0.0,0.0,,,,,,,,
401744170,,Florida Gators,Missouri Tigers,0.0,0.0,0.0,,,,,,,,
401744171,,Alabama Crimson Tide,Kentucky Wildcats,0.0,0.0,0.0,,,,,,,,
401743882,,St. John's Red Storm,Marquette Golden Eagles,0.0,0.0,0.0,,,,,,,,
401743916,,Michigan State Spartans,Oregon Ducks,0.0,0.0,0.0,,,,,,,,
401744168,,Tennessee Volunteers,Texas Longhorns,0.0,0.0,0.0,,,,,,,,
401743853,,Texas Tech Red Raiders,Arizona Wildcats,0.0,0.0,0.0,,,,,,,,
401743775,,Louisville Cardinals,Clemson Tigers,0.0,0.0,0.0,,,,,,,,
401743938,,Maryland Terrapins,Illinois Fighting Illini,0.0,0.0,0.0,,,,,,,,
401745781,,Memphis Tigers,Wichita State Shockers,0.0,0.0,0.0,,,,,,,,
401743917,,UCLA Bruins,Wisconsin Badgers,0.0,0.0,0.0,,,,,,,,
401743939,,Michigan Wolverines,Purdue Boilermakers,0.0,0.0,0.0,,,,,,,,
401743776,,Duke Blue Devils,Louisville Cardinals,0.0,0.0,0.0,,,,,,,,
401743854,,Houston Cougars,Arizona Wildcats,0.0,0.0,0.0,,,,,,,,
401744172,,Auburn Tigers,Tennessee Volunteers,0.0,0.0,0.0,,,,,,,,
401744173,,Florida Gators,Alabama Crimson Tide,0.0,0.0,0.0,,,,,,,,
401743884,,St. John's Red Storm,Creighton Bluejays,0.0,0.0,0.0,,,,,,,,
401743940,,Michigan State Spartans,Wisconsin Badgers,0.0,0.0,0.0,,,,,,,,
401743941,,Maryland Terrapins,Michigan Wolverines,0.0,0.0,0.0,,,,,,,,
401745785,,Memphis Tigers,Tulane Green Wave,0.0,0.0,0.0,,,,,,,,
401744175,,Florida Gators,Tennessee Volunteers,0.0,0.0,0.0,,,,,,,,
401745787,,Memphis Tigers,UAB Blazers,0.0,0.0,0.0,,,,,,,,
401743942,,Michigan Wolverines,Wisconsin Badgers,0.0,0.0,0.0,,,,,,,,
401745911,,San Diego State Aztecs,North Carolina Tar Heels,0.0,0.0,0.0,,,,,,,,
401745907,,Alabama State Hornets,Saint Francis Red Flash,0.0,0.0,0.0,,,,,,,,
401745909,,Texas Longhorns,Xavier Musketeers,0.0,0.0,0.0,,,,,,,,
401745913,,American University Eagles,Mount St. Mary's Mountaineers,0.0,0.0,0.0,,,,,,,,
401745972,,Houston Cougars,SIU Edwardsville Cougars,0.0,0.0,0.0,,,,,,,,
401745957,,Auburn Tigers,Alabama State Hornets,0.0,0.0,0.0,,,,,,,,
401745984,,Tennessee Volunteers,Wofford Terriers,0.0,0.0,0.0,,,,,,,,
401745989,,St. John's Red Storm,Omaha Mavericks,0.0,0.0,0.0,,,,,,,,
401745970,,Wisconsin Badgers,Montana Grizzlies,0.0,0.0,0.0,,,,,,,,
401745986,,Texas Tech Red Raiders,UNC Wilmington Seahawks,0.0,0.0,0.0,,,,,,,,
401745980,,Purdue Boilermakers,High Point Panthers,0.0,0.0,0.0,,,,,,,,
401745966,,Texas A&M Aggies,Yale Bulldogs,0.0,0.0,0.0,,,,,,,,
401745978,,Clemson Tigers,McNeese Cowboys,0.0,0.0,0.0,,,,,,,,
401745963,,Michigan Wolverines,UC San Diego Tritons,0.0,0.0,0.0,,,,,,,,
401745968,,BYU Cougars,VCU Rams,0.0,0.0,0.0,,,,,,,,
401745985,,Missouri Tigers,Drake Bulldogs,0.0,0.0,0.0,,,,,,,,
401745987,,Kansas Jayhawks,Arkansas Razorbacks,0.0,0.0,0.0,,,,,,,,
401745983,,UCLA Bruins,Utah State Aggies,0.0,0.0,0.0,,,,,,,,
401745959,,Louisville Cardinals,Creighton Bluejays,0.0,0.0,0.0,,,,,,,,
401745974,,Gonzaga Bulldogs,Georgia Bulldogs,0.0,0.0,0.0,,,,,,,,
401746003,,Duke Blue Devils,Mount St. Mary's Mountaineers,0.0,0.0,0.0,,,,,,,,
401746017,,Florida Gators,Norfolk State Spartans,0.0,0.0,0.0,,,,,,,,
401746014,,Alabama Crimson Tide,Robert Morris Colonials,0.0,0.0,0.0,,,,,,,,
401746001,,Michigan State Spartans,Bryant Bulldogs,0.0,0.0,0.0,,,,,,,,
401745997,,Iowa State Cyclones,Lipscomb Bisons,0.0,0.0,0.0,,,,,,,,
401746016,,Kentucky Wildcats,Troy Trojans,0.0,0.0,0.0,,,,,,,,
401746021,,Maryland Terrapins,Grand Canyon Lopes,0.0,0.0,0.0,,,,,,,,
401746009,,Arizona Wildcats,Akron Zips,0.0,0.0,0.0,,,,,,,,
401746019,,Memphis Tigers,Colorado State Rams,0.0,0.0,0.0,,,,,,,,
401746007,,Oregon Ducks,Liberty Flames,0.0,0.0,0.0,,,,,,,,
401745995,,Ole Miss Rebels,North Carolina Tar Heels,0.0,0.0,0.0,,,,,,,,
401746015,,Illinois Fighting Illini,Xavier Musketeers,0.0,0.0,0.0,,,,,,,,
401746012,,Saint Mary's Gaels,Vanderbilt Commodores,0.0,0.0,0.0,,,,,,,,
401745999,,Marquette Golden Eagles,New Mexico Lobos,0.0,0.0,0.0,,,,,,,,
401746005,,Mississippi State Bulldogs,Baylor Bears,0.0,0.0,0.0,,,,,,,,
401746018,,UConn Huskies,Oklahoma Sooners,0.0,0.0,0.0,,,,,,,,
401746042,,Auburn Tigers,Creighton Bluejays,0.0,0.0,0.0,,,,,,,,
401746038,,Houston Cougars,Gonzaga Bulldogs,0.0,0.0,0.0,,,,,,,,
401746032,,St. John's Red Storm,Arkansas Razorbacks,0.0,0.0,0.0,,,,,,,,
401746044,,Tennessee Volunteers,UCLA Bruins,0.0,0.0,0.0,,,,,,,,
401746040,,Texas Tech Red Raiders,Drake Bulldogs,0.0,0.0,0.0,,,,,,,,
401746034,,Wisconsin Badgers,BYU Cougars,0.0,0.0,0.0,,,,,,,,
401746030,,Purdue Boilermakers,McNeese Cowboys,0.0,0.0,0.0,,,,,,,,
401746036,,Texas A&M Aggies,Michigan Wolverines,0.0,0.0,0.0,,,,,,,,
401746050,,Florida Gators,UConn Huskies,0.0,0.0,0.0,,,,,,,,
401746049,,Duke Blue Devils,Baylor Bears,0.0,0.0,0.0,,,,,,,,
401746052,,Alabama Crimson Tide,Saint Mary's Gaels,0.0,0.0,0.0,,,,,,,,
401746054,,Michigan State Spartans,New Mexico Lobos,0.0,0.0,0.0,,,,,,,,
401746048,,Kentucky Wildcats,Illinois Fighting Illini,0.0,0.0,0.0,,,,,,,,
401746047,,Iowa State Cyclones,Ole Miss Rebels,0.0,0.0,0.0,,,,,,,,
401746046,,Maryland Terrapins,Colorado State Rams,0.0,0.0,0.0,,,,,,,,
401746045,,Arizona Wildcats,Oregon Ducks,0.0,0.0,0.0,,,,,,,,
401746065,,Florida Gators,Maryland Terrapins,0.0,0.0,0.0,,,,,,,,
401746061,,Duke Blue Devils,Arizona Wildcats,0.0,0.0,0.0,,,,,,,,
401746062,,Alabama Crimson Tide,BYU Cougars,0.0,0.0,0.0,,,,,,,,
401746063,,Texas Tech Red Raiders,Arkansas Razorbacks,0.0,0.0,0.0,,,,,,,,
401746069,,Auburn Tigers,Michigan Wolverines,0.0,0.0,0.0,,,,,,,,
401746071,,Houston Cougars,Purdue Boilermakers,0.0,0.0,0.0,,,,,,,,
401746070,,Michigan State Spartans,Ole Miss Rebels,0.0,0.0,0.0,,,,,,,,
401746072,,Tennessee Volunteers,Kentucky Wildcats,0.0,0.0,0.0,,,,,,,,
401746077,,Florida Gators,Texas Tech Red Raiders,0.0,0.0,0.0,,,,,,,,
401746076,,Duke Blue Devils,Alabama Crimson Tide,0.0,0.0,0.0,,,,,,,,
401746079,,Houston Cougars,Tennessee Volunteers,0.0,0.0,0.0,,,,,,,,
401746078,,Auburn Tigers,Michigan State Spartans,0.0,0.0,0.0,,,,,,,,
401746081,,Auburn Tigers,Florida Gators,0.0,0.0,0.0,,,,,,,,
401746080,,Duke Blue Devils,Houston Cougars,0.0,0.0,0.0,,,,,,,,
401746082,,Houston Cougars,Florida Gators,0.0,0.0,0.0,,,,,,,,
