game_id,season,date,home_team,away_team,home_score,away_score,home_score_1h,away_score_1h,home_score_2h,away_score_2h,neutral_site,venue
401575451,2023,2023-11-06,Kansas Jayhawks,North Carolina Central Eagles,99,56,59,18,40,38,False,Allen Fieldhouse
401576147,2023,2023-11-06,Duke Blue Devils,Dartmouth Big Green,92,54,42,21,50,33,False,Cameron Indoor Stadium
401577640,2023,2023-11-06,Purdue Boilermakers,Samford Bulldogs,98,45,51,17,47,28,False,Mackey Arena
401581835,2023,2023-11-06,Michigan State Spartans,James Madison Dukes,76,79,33,37,35,31,False,Breslin Center
401577598,2023,2023-11-06,Marquette Golden Eagles,Northern Illinois Huskies,92,70,50,28,42,42,False,Fiserv Forum
401584359,2023,2023-11-06,UConn Huskies,Northern Arizona Lumberjacks,95,52,47,30,48,22,False,Gampel Pavilion
401575434,2023,2023-11-06,Houston Cougars,UL Monroe Warhawks,84,31,38,14,46,17,False,Fertitta Center
401575517,2023,2023-11-06,Tennessee Volunteers,Tennessee Tech Golden Eagles,80,42,41,12,39,30,False,Food City Center
401600255,2023,2023-11-06,Arizona Wildcats,Morgan State Bears,122,59,61,26,61,33,False,McKale Memorial Center
401588936,2023,2023-11-06,Miami Hurricanes,NJIT Highlanders,101,60,52,32,49,28,False,Watsco Center
401594524,2023,2023-11-06,Arkansas Razorbacks,Alcorn State Braves,93,59,46,22,47,37,False,Bud Walton Arena
401575509,2023,2023-11-06,Texas A&M Aggies,East Texas A&M Lions,78,46,42,27,36,19,False,Reed Arena
401588940,2023,2023-11-06,Kentucky Wildcats,New Mexico State Aggies,86,46,37,29,49,17,False,Rupp Arena
401597930,2023,2023-11-06,San Diego State Aztecs,Cal State Fullerton Titans,83,57,37,35,46,22,False,Viejas Arena
401583724,2023,2023-11-06,Texas Longhorns,Incarnate Word Cardinals,88,56,48,17,40,39,False,Moody Center
401583596,2023,2023-11-06,North Carolina Tar Heels,Radford Highlanders,86,70,46,41,40,29,False,Dean E. Smith Center
401581588,2023,2023-11-06,USC Trojans,Kansas State Wildcats,82,69,40,30,42,39,True,T-Mobile Arena
401584356,2023,2023-11-06,Villanova Wildcats,American University Eagles,90,63,41,31,49,32,False,Finneran Pavilion
401598037,2023,2023-11-06,Saint Mary's Gaels,Stanislaus State Warriors,107,28,50,11,57,17,False,University Credit Union Pavilion
401591429,2023,2023-11-06,Alabama Crimson Tide,Morehead State Eagles,105,73,55,35,50,38,False,Coleman Coliseum
401584510,2023,2023-11-06,Illinois Fighting Illini,Eastern Illinois Panthers,80,52,37,25,43,27,False,State Farm Center
401577591,2023,2023-11-07,Creighton Bluejays,Florida A&M Rattlers,105,54,56,27,49,27,False,CHI Health Center Omaha
401583794,2023,2023-11-07,Baylor Bears,Auburn Tigers,88,82,34,43,54,39,True,Sanford Pentagon
401597840,2023,2023-11-08,Loyola Chicago Ramblers,Florida Atlantic Owls,62,75,30,43,32,32,True,Wintrust Arena
401592369,2023,2023-11-09,Michigan State Spartans,Southern Indiana Screaming Eagles,74,51,37,14,37,37,False,Breslin Center
401610179,2023,2023-11-09,Baylor Bears,John Brown Golden Eagles,96,70,47,34,49,36,False,Ferrell Center
401600062,2023,2023-11-09,USC Trojans,Cal State Bakersfield Roadrunners,85,59,47,23,38,36,False,Galen Center
401598038,2023,2023-11-09,Saint Mary's Gaels,New Mexico Lobos,72,58,40,25,32,33,False,University Credit Union Pavilion
401575452,2023,2023-11-10,Kansas Jayhawks,Manhattan Jaspers,99,61,44,19,55,42,False,Allen Fieldhouse
401576148,2023,2023-11-10,Duke Blue Devils,Arizona Wildcats,73,78,33,41,40,37,False,Cameron Indoor Stadium
401577641,2023,2023-11-10,Purdue Boilermakers,Morehead State Eagles,87,57,42,29,45,28,False,Mackey Arena
401577599,2023,2023-11-10,Marquette Golden Eagles,Rider Broncs,95,65,49,32,46,33,False,Fiserv Forum
401575518,2023,2023-11-10,Wisconsin Badgers,Tennessee Volunteers,70,80,35,43,35,37,False,Kohl Center
401587185,2023,2023-11-10,Gonzaga Bulldogs,Yale Bulldogs,86,71,47,42,39,29,False,McCarthey Athletic Center
401575461,2023,2023-11-10,Miami Hurricanes,UCF Knights,88,72,41,27,47,45,False,Watsco Center
401594525,2023,2023-11-10,Arkansas Razorbacks,Gardner-Webb Runnin' Bulldogs,86,68,48,36,38,32,False,Bud Walton Arena
401575510,2023,2023-11-10,Ohio State Buckeyes,Texas A&M Aggies,66,73,33,34,33,39,False,Value City Arena
401588943,2023,2023-11-10,Kentucky Wildcats,East Texas A&M Lions,81,61,38,30,43,31,False,Rupp Arena
401593950,2023,2023-11-10,BYU Cougars,San Diego State Aztecs,74,65,33,28,41,37,False,Marriott Center
401583725,2023,2023-11-10,Texas Longhorns,Delaware State Hornets,86,59,39,30,47,29,False,Moody Center
401584357,2023,2023-11-10,Villanova Wildcats,Le Moyne Dolphins,83,57,48,34,35,23,False,Finneran Pavilion
401591430,2023,2023-11-10,Alabama Crimson Tide,Indiana State Sycamores,102,80,48,37,54,43,False,Coleman Coliseum
401584511,2023,2023-11-10,Illinois Fighting Illini,Oakland Golden Grizzlies,64,53,28,27,36,26,False,State Farm Center
401589296,2023,2023-11-11,UConn Huskies,Stonehill Skyhawks,107,67,52,30,55,37,False,PeoplesBank Arena
401575435,2023,2023-11-11,Houston Cougars,Texas A&M-Corpus Christi Islanders,82,50,41,27,41,23,False,Fertitta Center
401577592,2023,2023-11-11,Creighton Bluejays,North Dakota State Bison,89,60,41,31,48,29,False,CHI Health Center Omaha
401583597,2023,2023-11-12,North Carolina Tar Heels,Lehigh Mountain Hawks,90,68,43,34,47,34,False,Dean E. Smith Center
401602630,2023,2023-11-12,Baylor Bears,Gardner-Webb Runnin' Bulldogs,77,62,40,34,37,28,False,Ferrell Center
401598039,2023,2023-11-12,Saint Mary's Gaels,Weber State Wildcats,57,61,37,26,20,35,False,University Credit Union Pavilion
401574570,2023,2023-11-13,Purdue Boilermakers,Xavier Musketeers,83,71,37,29,46,42,False,Mackey Arena
401600256,2023,2023-11-13,Arizona Wildcats,Southern Jaguars,97,59,35,23,62,36,False,McKale Memorial Center
401575436,2023,2023-11-13,Houston Cougars,Stetson Hatters,79,48,38,16,41,32,False,Fertitta Center
401588937,2023,2023-11-13,Miami Hurricanes,Florida International Panthers,86,80,41,39,45,41,False,Watsco Center
401581855,2023,2023-11-13,Arkansas Razorbacks,Old Dominion Monarchs,86,77,37,31,49,46,False,Bud Walton Arena
401584358,2023,2023-11-13,Pennsylvania Quakers,Villanova Wildcats,76,72,32,30,44,42,False,The Palestra
401575453,2023,2023-11-14,Kansas Jayhawks,Kentucky Wildcats,89,84,41,48,48,36,True,United Center
401574573,2023,2023-11-14,Illinois Fighting Illini,Marquette Golden Eagles,64,71,31,36,33,35,False,State Farm Center
401591369,2023,2023-11-14,UConn Huskies,Mississippi Valley State Delta Devils,87,53,44,27,43,26,False,PeoplesBank Arena
401575519,2023,2023-11-14,Tennessee Volunteers,Wofford Terriers,82,61,36,31,46,30,False,Food City Center
401574574,2023,2023-11-14,Creighton Bluejays,Iowa Hawkeyes,92,84,43,43,49,41,False,CHI Health Center Omaha
401576149,2023,2023-11-14,Michigan State Spartans,Duke Blue Devils,65,74,20,31,45,43,True,United Center
401581349,2023,2023-11-14,Florida Atlantic Owls,Eastern Michigan Eagles,100,57,51,28,49,29,False,Eleanor R. Baldwin Arena
401606989,2023,2023-11-14,Gonzaga Bulldogs,Eastern Oregon Mountaineers,123,57,63,30,60,27,False,McCarthey Athletic Center
401575511,2023,2023-11-14,SMU Mustangs,Texas A&M Aggies,66,79,32,39,34,40,False,Moody Coliseum (Dallas)
401581803,2023,2023-11-14,Baylor Bears,Kansas City Roos,99,61,51,33,48,28,False,Ferrell Center
401603531,2023,2023-11-14,USC Trojans,UC Irvine Anteaters,60,70,26,29,34,41,False,Galen Center
401591431,2023,2023-11-14,Alabama Crimson Tide,South Alabama Jaguars,102,46,47,23,55,23,False,Coleman Coliseum
401594480,2023,2023-11-14,Colorado Buffaloes,Milwaukee Panthers,106,79,53,33,53,46,False,CU Events Center
401583726,2023,2023-11-15,Texas Longhorns,Rice Owls,80,64,41,32,39,32,False,Moody Center
401581343,2023,2023-11-16,Towson Tigers,Houston Cougars,49,65,17,37,32,28,True,TD Arena
401607319,2023,2023-11-17,Arizona Wildcats,Belmont Bruins,100,68,56,35,44,33,False,McKale Memorial Center
401581548,2023,2023-11-17,Utah Utes,Houston Cougars,66,76,30,39,36,37,True,TD Arena
401576150,2023,2023-11-17,Duke Blue Devils,Bucknell Bison,90,60,44,29,46,31,False,Cameron Indoor Stadium
401581515,2023,2023-11-17,Miami Hurricanes,Georgia Bulldogs,79,68,39,29,40,39,True,Baha Mar Convention Center
401575512,2023,2023-11-17,Texas A&M Aggies,Oral Roberts Golden Eagles,74,66,38,31,36,35,False,Reed Arena
401594526,2023,2023-11-17,Arkansas Razorbacks,UNC Greensboro Spartans,72,78,24,38,48,40,False,Bud Walton Arena
401588944,2023,2023-11-17,Kentucky Wildcats,Stonehill Skyhawks,101,67,58,37,43,30,False,Rupp Arena
401574577,2023,2023-11-17,Michigan State Spartans,Butler Bulldogs,74,54,37,25,37,29,False,Breslin Center
401583598,2023,2023-11-17,North Carolina Tar Heels,UC Riverside Highlanders,77,52,37,26,40,26,False,Dean E. Smith Center
401574576,2023,2023-11-17,Villanova Wildcats,Maryland Terrapins,57,40,39,15,18,25,False,Finneran Pavilion
401591432,2023,2023-11-17,Alabama Crimson Tide,Mercer Bears,98,67,56,29,42,38,False,Coleman Coliseum
401584512,2023,2023-11-17,Illinois Fighting Illini,Valparaiso Beacons,87,64,38,45,49,19,False,State Farm Center
401581837,2023,2023-11-17,James Madison Dukes,Radford Highlanders,76,73,35,39,41,34,False,Atlantic Union Bank Center
401577593,2023,2023-11-18,Creighton Bluejays,Texas Southern Tigers,82,50,47,27,35,23,False,CHI Health Center Omaha
401600915,2023,2023-11-18,Florida Atlantic Owls,Bryant Bulldogs,52,61,29,26,23,35,False,Eleanor R. Baldwin Arena
401600257,2023,2023-11-19,Arizona Wildcats,UT Arlington Mavericks,101,56,43,37,58,19,False,McKale Memorial Center
401591374,2023,2023-11-19,Indiana Hoosiers,UConn Huskies,57,77,30,37,27,40,True,Madison Square Garden
401581549,2023,2023-11-19,Houston Cougars,Dayton Flyers,69,55,36,28,33,27,True,TD Arena
401581517,2023,2023-11-19,Miami Hurricanes,Kansas State Wildcats,91,83,47,28,44,55,True,Baha Mar Convention Center
401577659,2023,2023-11-19,USC Trojans,Brown Bears,81,70,35,32,46,38,False,Galen Center
401592370,2023,2023-11-19,Michigan State Spartans,Alcorn State Braves,81,49,44,16,37,33,False,Breslin Center
401591375,2023,2023-11-19,Louisville Cardinals,Texas Longhorns,80,81,38,41,42,40,True,Madison Square Garden
401584513,2023,2023-11-19,Illinois Fighting Illini,Southern Jaguars,88,60,45,27,43,33,False,State Farm Center
401575875,2023,2023-11-20,Chaminade Silverswords,Kansas Jayhawks,56,83,27,39,29,44,True,Stan Sheriff Center
401575874,2023,2023-11-20,Gonzaga Bulldogs,Purdue Boilermakers,63,73,35,30,28,43,True,Stan Sheriff Center
401575876,2023,2023-11-20,Marquette Golden Eagles,UCLA Bruins,71,69,30,35,41,34,True,Stan Sheriff Center
401601491,2023,2023-11-20,Texas Longhorns,UConn Huskies,71,81,33,46,38,35,True,Madison Square Garden
401575873,2023,2023-11-20,Syracuse Orange,Tennessee Volunteers,56,73,25,30,31,43,True,Stan Sheriff Center
401577544,2023,2023-11-20,Kentucky Wildcats,Saint Joseph's Hawks,96,88,41,38,36,39,False,Rupp Arena
401593791,2023,2023-11-20,Richmond Spiders,Colorado Buffaloes,59,64,25,28,34,36,True,Ocean Center
401575429,2023,2023-11-20,Virginia Cavaliers,Wisconsin Badgers,41,65,18,28,23,37,True,Suncoast Credit Union Arena
401581595,2023,2023-11-21,Marquette Golden Eagles,Kansas Jayhawks,73,59,38,28,35,31,True,Stan Sheriff Center
401581594,2023,2023-11-21,Purdue Boilermakers,Tennessee Volunteers,71,67,30,31,41,36,True,Stan Sheriff Center
401576151,2023,2023-11-21,Duke Blue Devils,La Salle Explorers,95,66,39,29,56,37,False,Cameron Indoor Stadium
401581596,2023,2023-11-21,Gonzaga Bulldogs,Syracuse Orange,76,57,39,25,37,32,True,Stan Sheriff Center
401603138,2023,2023-11-21,Colorado Buffaloes,Florida State Seminoles,71,77,30,27,30,33,True,Ocean Center
401581838,2023,2023-11-21,Southern Illinois Salukis,James Madison Dukes,76,82,39,40,37,42,True,Hard Rock Hotel Riviera Maya
401581599,2023,2023-11-22,Kansas Jayhawks,Tennessee Volunteers,69,60,35,35,34,25,True,Stan Sheriff Center
401581598,2023,2023-11-22,Marquette Golden Eagles,Purdue Boilermakers,75,78,33,45,42,33,True,Stan Sheriff Center
401577594,2023,2023-11-22,Creighton Bluejays,Loyola Chicago Ramblers,88,65,45,37,43,28,True,T-Mobile Center
401581600,2023,2023-11-22,UCLA Bruins,Gonzaga Bulldogs,65,69,34,38,31,31,True,Stan Sheriff Center
401581799,2023,2023-11-22,Oregon State Beavers,Baylor Bears,72,88,26,44,46,44,True,Barclays Center
401580922,2023,2023-11-22,North Carolina Tar Heels,Northern Iowa Panthers,91,69,35,41,56,28,True,Imperial Arena
401580925,2023,2023-11-22,Arkansas Razorbacks,Stanford Cardinal,77,74,22,20,37,39,True,Imperial Arena
401601497,2023,2023-11-22,Fresno State Bulldogs,James Madison Dukes,64,95,23,51,41,44,True,Hard Rock Hotel Riviera Maya
401603134,2023,2023-11-22,Virginia Cavaliers,West Virginia Mountaineers,56,54,26,23,30,31,True,Suncoast Credit Union Arena
401592391,2023,2023-11-23,Arizona Wildcats,Michigan State Spartans,74,68,40,30,34,38,True,Acrisure Arena
401581586,2023,2023-11-23,Creighton Bluejays,Colorado State Rams,48,69,19,27,29,42,True,T-Mobile Center
401581334,2023,2023-11-23,Texas A&M Aggies,Penn State Nittany Lions,89,77,39,32,50,45,True,State Farm Field House
401581520,2023,2023-11-23,North Carolina Tar Heels,Villanova Wildcats,81,83,34,32,34,36,True,Imperial Arena
401581165,2023,2023-11-23,Butler Bulldogs,Florida Atlantic Owls,86,91,42,46,44,45,True,State Farm Field House
401581521,2023,2023-11-23,Memphis Tigers,Arkansas Razorbacks,84,79,42,37,42,42,True,Imperial Arena
401586850,2023,2023-11-23,USC Trojans,Seton Hall Pirates,71,63,32,22,39,41,True,LionTree Arena
401591370,2023,2023-11-24,UConn Huskies,Manhattan Jaspers,90,60,49,32,41,28,False,PeoplesBank Arena
401575437,2023,2023-11-24,Houston Cougars,Montana Grizzlies,79,44,41,14,38,30,False,Fertitta Center
401576152,2023,2023-11-24,Duke Blue Devils,Southern Indiana Screaming Eagles,80,62,31,35,49,27,False,Cameron Indoor Stadium
401581565,2023,2023-11-24,Florida Atlantic Owls,Texas A&M Aggies,96,89,46,44,50,45,True,State Farm Field House
401582118,2023,2023-11-24,Florida Gators,Baylor Bears,91,95,41,41,50,54,True,Barclays Center
401581524,2023,2023-11-24,North Carolina Tar Heels,Arkansas Razorbacks,87,72,35,38,52,34,True,Imperial Arena
401581847,2023,2023-11-24,Kentucky Wildcats,Marshall Thundering Herd,118,82,69,41,49,41,False,Rupp Arena
401577636,2023,2023-11-24,Ohio State Buckeyes,Alabama Crimson Tide,92,81,38,33,54,48,True,Raider Arena
401586851,2023,2023-11-24,USC Trojans,Oklahoma Sooners,70,72,39,36,31,36,True,LionTree Arena
401606613,2023,2023-11-24,Mississippi State Bulldogs,Nicholls Colonels,74,61,36,24,38,37,False,Humphrey Coliseum
401582161,2023,2023-11-25,Oregon Ducks,Alabama Crimson Tide,91,99,39,47,52,52,True,Raider Arena
401581570,2023,2023-11-26,Iowa State Cyclones,Texas A&M Aggies,69,73,35,25,34,48,True,State Farm Field House
401583727,2023,2023-11-26,Texas Longhorns,Wyoming Cowboys,86,63,41,26,45,37,False,Moody Center
401581759,2023,2023-11-26,Colorado Buffaloes,Iona Gaels,85,68,42,37,43,31,False,CU Events Center
401581569,2023,2023-11-26,Virginia Tech Hokies,Florida Atlantic Owls,50,84,24,32,26,52,True,State Farm Field House
401591371,2023,2023-11-27,UConn Huskies,New Hampshire Wildcats,84,64,45,30,39,34,False,Gampel Pavilion
401577642,2023,2023-11-28,Purdue Boilermakers,Texas Southern Tigers,99,67,44,29,55,38,False,Mackey Arena
401577600,2023,2023-11-28,Marquette Golden Eagles,Southern Jaguars,93,56,52,36,41,20,False,Fiserv Forum
401575454,2023,2023-11-28,Kansas Jayhawks,Eastern Illinois Panthers,71,63,38,25,33,38,False,Allen Fieldhouse
401574549,2023,2023-11-28,Kentucky Wildcats,Miami Hurricanes,95,73,42,37,53,36,False,Rupp Arena
401584438,2023,2023-11-28,Baylor Bears,Nicholls Colonels,108,70,50,25,58,45,False,Ferrell Center
401600064,2023,2023-11-28,Gonzaga Bulldogs,Cal State Bakersfield Roadrunners,81,65,44,29,37,36,False,McCarthey Athletic Center
401574547,2023,2023-11-28,Georgia Tech Yellow Jackets,Mississippi State Bulldogs,67,59,39,26,28,33,False,McCamish Pavilion
401574551,2023,2023-11-28,Alabama Crimson Tide,Clemson Tigers,77,85,32,33,45,52,False,Coleman Coliseum
401574555,2023,2023-11-29,Arkansas Razorbacks,Duke Blue Devils,80,75,33,32,47,43,False,Bud Walton Arena
401574552,2023,2023-11-29,North Carolina Tar Heels,Tennessee Volunteers,100,92,61,39,39,53,False,Dean E. Smith Center
401574553,2023,2023-11-29,Virginia Cavaliers,Texas A&M Aggies,59,47,27,26,32,21,False,John Paul Jones Arena
401577546,2023,2023-11-29,Villanova Wildcats,Saint Joseph's Hawks,65,78,35,43,30,35,False,Finneran Pavilion
401594481,2023,2023-11-29,Colorado State Rams,Colorado Buffaloes,88,83,41,26,47,57,False,Moby Arena
401581839,2023,2023-11-29,James Madison Dukes,Buffalo Bulls,81,66,37,24,44,42,False,Atlantic Union Bank Center
401584372,2023,2023-11-30,Florida Atlantic Owls,Liberty Flames,83,58,44,27,39,31,False,Eleanor R. Baldwin Arena
401574560,2023,2023-11-30,Oklahoma State Cowboys,Creighton Bluejays,65,79,29,47,36,32,False,Gallagher-Iba Arena
401583728,2023,2023-11-30,Texas Longhorns,Texas State Bobcats,77,58,36,26,41,32,False,Moody Center
401584353,2023,2023-11-30,Oklahoma Sooners,Arkansas-Pine Bluff Golden Lions,107,86,52,34,55,52,False,Lloyd Noble Center
401600295,2023,2023-12-01,Northwestern Wildcats,Purdue Boilermakers,92,88,32,40,44,36,False,Welsh-Ryan Arena
401574563,2023,2023-12-01,Kansas Jayhawks,UConn Huskies,69,65,38,31,31,34,False,Allen Fieldhouse
401574562,2023,2023-12-01,Xavier Musketeers,Houston Cougars,60,66,31,36,29,30,False,Cintas Center
401593953,2023,2023-12-01,BYU Cougars,Fresno State Bulldogs,85,56,36,23,49,33,True,Delta Center
401598634,2023,2023-12-02,Arizona Wildcats,Colgate Raiders,82,55,35,30,47,25,False,McKale Memorial Center
401577601,2023,2023-12-02,Wisconsin Badgers,Marquette Golden Eagles,75,64,46,33,29,31,False,Kohl Center
401604090,2023,2023-12-02,Georgia Tech Yellow Jackets,Duke Blue Devils,72,68,35,31,37,37,False,McCamish Pavilion
401604091,2023,2023-12-02,Miami Hurricanes,Notre Dame Fighting Irish,62,49,33,26,29,23,False,Watsco Center
401602358,2023,2023-12-02,Baylor Bears,Northwestern State Demons,91,40,40,14,51,26,False,Ferrell Center
401603832,2023,2023-12-02,USC Trojans,Gonzaga Bulldogs,76,89,37,44,39,45,True,MGM Grand Garden Arena
401588945,2023,2023-12-02,Kentucky Wildcats,UNC Wilmington Seahawks,73,80,33,41,40,39,False,Rupp Arena
401577651,2023,2023-12-02,Florida Atlantic Owls,Charleston Cougars,90,74,40,46,50,28,False,Eleanor R. Baldwin Arena
401604092,2023,2023-12-02,North Carolina Tar Heels,Florida State Seminoles,78,70,29,35,49,35,False,Dean E. Smith Center
401604303,2023,2023-12-02,Villanova Wildcats,Drexel Dragons,55,57,25,26,30,31,True,Xfinity Mobile Arena
401581778,2023,2023-12-02,Colorado State Rams,Washington Huskies,86,81,41,44,45,37,True,MGM Grand Garden Arena
401600296,2023,2023-12-02,Rutgers Scarlet Knights,Illinois Fighting Illini,58,76,36,41,22,35,False,Jersey Mike’s Arena
401574837,2023,2023-12-03,Nebraska Cornhuskers,Creighton Bluejays,60,89,37,52,23,37,False,Pinnacle Bank Arena
401597984,2023,2023-12-03,Mississippi State Bulldogs,Southern Jaguars,59,60,31,28,28,32,False,Humphrey Coliseum
401581840,2023,2023-12-03,James Madison Dukes,Keystone Giants,130,59,63,30,67,29,False,Atlantic Union Bank Center
401600298,2023,2023-12-04,Purdue Boilermakers,Iowa Hawkeyes,87,68,45,24,42,44,False,Mackey Arena
401575455,2023,2023-12-05,Kansas Jayhawks,Kansas City Roos,88,69,44,30,44,39,False,Allen Fieldhouse
401580309,2023,2023-12-05,UConn Huskies,North Carolina Tar Heels,87,76,44,39,43,37,True,Madison Square Garden
401574569,2023,2023-12-05,Baylor Bears,Seton Hall Pirates,78,60,42,32,36,28,False,Ferrell Center
401604758,2023,2023-12-05,Gonzaga Bulldogs,Arkansas-Pine Bluff Golden Lions,111,71,59,30,52,41,False,McCarthey Athletic Center
401580310,2023,2023-12-05,Illinois Fighting Illini,Florida Atlantic Owls,98,89,39,42,59,47,True,Madison Square Garden
401587218,2023,2023-12-05,BYU Cougars,Evansville Purple Aces,96,55,47,25,49,30,False,Marriott Center
401575520,2023,2023-12-05,Tennessee Volunteers,George Mason Patriots,87,66,39,26,48,40,False,Food City Center
401574567,2023,2023-12-05,Oklahoma Sooners,Providence Friars,72,51,35,31,37,20,False,Lloyd Noble Center
401600300,2023,2023-12-05,Michigan State Spartans,Wisconsin Badgers,57,70,23,34,34,36,False,Breslin Center
401584446,2023,2023-12-05,Grand Canyon Lopes,San Diego State Aztecs,79,73,35,28,44,45,False,Global Credit Union Arena
401575438,2023,2023-12-06,Houston Cougars,Rice Owls,75,39,34,18,41,21,False,Fertitta Center
401574566,2023,2023-12-06,Marquette Golden Eagles,Texas Longhorns,86,65,42,28,44,37,False,Fiserv Forum
401594596,2023,2023-12-06,Colorado State Rams,Denver Pioneers,90,80,35,39,55,41,False,Moby Arena
401576639,2023,2023-12-06,Miami Hurricanes,Long Island University Sharks,97,49,53,18,44,31,False,Watsco Center
401575513,2023,2023-12-06,Texas A&M Aggies,DePaul Blue Demons,89,64,62,30,27,34,False,Reed Arena
401583763,2023,2023-12-06,Clemson Tigers,South Carolina Gamecocks,72,67,23,30,49,37,False,Littlejohn Coliseum
401598962,2023,2023-12-07,Bellarmine Knights,Berea Mountaineers,98,59,50,26,48,33,False,Freedom Hall (KY)
401617203,2023,2023-12-07,North Alabama Lions,Rust Bearcats,109,65,57,26,52,39,False,Flowers Hall
401604424,2023,2023-12-07,Delaware State Hornets,Virginia-Lynchburg Dragons,106,73,44,35,62,38,False,Memorial Hall (DE)
401594572,2023,2023-12-07,UNC Greensboro Spartans,Eastern Kentucky Colonels,87,85,31,42,46,35,False,First Horizon Coliseum
401589374,2023,2023-12-07,Wright State Raiders,Bethel (IN) Pilots,81,62,40,37,41,25,False,Nutter Center
401575447,2023,2023-12-07,Iowa State Cyclones,Iowa Hawkeyes,90,65,47,29,43,36,False,Hilton Coliseum
401574417,2023,2023-12-07,Central Arkansas Bears,Little Rock Trojans,75,71,30,31,45,40,False,Farris Center
401587239,2023,2023-12-07,Eastern Illinois Panthers,IU Indianapolis Jaguars,75,58,34,28,41,30,False,Groniger Arena
401583844,2023,2023-12-07,North Dakota State Bison,Portland Pilots,78,67,36,33,42,34,False,Scheels Center
401594094,2023,2023-12-07,Cal State Northridge Matadors,Bethesda University Flames,92,54,40,27,52,27,False,Premier America Credit Union Arena
401597838,2023,2023-12-08,Duquesne Dukes,Saint Peter's Peacocks,68,59,35,30,33,29,False,UPMC Cooper Fieldhouse
401593810,2023,2023-12-08,Boston College Eagles,Holy Cross Crusaders,95,64,33,31,62,33,False,Conte Forum
401589299,2023,2023-12-08,Rider Broncs,Stonehill Skyhawks,73,56,38,20,35,36,False,Alumni Gymnasium (Rider)
401587230,2023,2023-12-08,Manhattan Jaspers,Fairleigh Dickinson Knights,71,76,36,33,35,43,False,Draddy Gymnasium
401587189,2023,2023-12-08,Yale Bulldogs,Colby-Sawyer Chargers,95,36,42,11,53,25,False,John J. Lee Amphitheater
401581743,2023,2023-12-08,Harvard Crimson,Army Black Knights,70,64,29,30,41,34,False,Lavietes Pavilion
401581730,2023,2023-12-08,High Point Panthers,North Carolina A&T Aggies,75,62,34,31,41,31,False,Qubein Center
401581354,2023,2023-12-08,Eastern Michigan Eagles,Oakland Golden Grizzlies,63,77,31,34,32,43,False,Gervin GameAbove Center
401577711,2023,2023-12-08,Jacksonville State Gamecocks,UIC Flames,49,55,19,25,30,30,False,Pete Mathews Coliseum
401577687,2023,2023-12-08,Quinnipiac Bobcats,Navy Midshipmen,71,68,30,23,41,45,False,M&T Bank Arena
401584414,2023,2023-12-09,Arizona Wildcats,Wisconsin Badgers,98,73,48,31,50,42,False,McKale Memorial Center
401575456,2023,2023-12-09,Kansas Jayhawks,Missouri Tigers,73,64,41,29,32,35,False,Allen Fieldhouse
401575439,2023,2023-12-09,Houston Cougars,Jackson State Tigers,89,55,37,29,52,26,False,Fertitta Center
401577643,2023,2023-12-09,Purdue Boilermakers,Alabama Crimson Tide,92,86,47,49,45,37,True,Coca-Cola Coliseum
401591372,2023,2023-12-09,UConn Huskies,Arkansas-Pine Bluff Golden Lions,101,63,45,33,56,30,False,Gampel Pavilion
401581779,2023,2023-12-09,Washington Huskies,Gonzaga Bulldogs,78,73,42,48,36,25,False,Alaska Airlines Arena
401577603,2023,2023-12-09,Marquette Golden Eagles,Notre Dame Fighting Irish,78,59,52,24,26,35,False,Fiserv Forum
401577595,2023,2023-12-09,Creighton Bluejays,Central Michigan Chippewas,109,64,56,36,53,28,False,CHI Health Center Omaha
401583729,2023,2023-12-09,Texas Longhorns,Houston Christian Huskies,77,50,37,17,40,33,False,Moody Center
401595310,2023,2023-12-09,Colorado State Rams,Saint Mary's Gaels,61,64,32,33,29,31,False,Moby Arena
401593954,2023,2023-12-09,Utah Utes,BYU Cougars,73,69,45,31,28,38,False,Jon M. Huntsman Center
401588946,2023,2023-12-09,Kentucky Wildcats,Pennsylvania Quakers,81,66,39,29,42,37,True,Xfinity Mobile Arena
401575521,2023,2023-12-09,Tennessee Volunteers,Illinois Fighting Illini,86,79,34,36,52,43,False,Food City Center
401581841,2023,2023-12-09,Old Dominion Monarchs,James Madison Dukes,69,84,30,50,39,34,False,Chartway Arena
401584354,2023,2023-12-09,Oklahoma Sooners,Arkansas Razorbacks,79,70,37,25,42,45,True,BOK Center
401576153,2023,2023-12-09,Duke Blue Devils,Charlotte 49ers,80,56,45,27,35,29,False,Cameron Indoor Stadium
401578015,2023,2023-12-09,Clemson Tigers,TCU Horned Frogs,74,66,36,35,38,31,True,Coca-Cola Coliseum
401597932,2023,2023-12-09,San Diego State Aztecs,UC Irvine Anteaters,63,62,33,24,30,38,False,Viejas Arena
401583792,2023,2023-12-10,Miami Hurricanes,Colorado Buffaloes,63,90,36,37,27,53,True,Barclays Center
401575514,2023,2023-12-10,Texas A&M Aggies,Memphis Tigers,75,81,29,38,46,43,False,Reed Arena
401606990,2023,2023-12-11,Gonzaga Bulldogs,Mississippi Valley State Delta Devils,78,40,38,18,40,22,False,McCarthey Athletic Center
401575522,2023,2023-12-12,Tennessee Volunteers,Georgia Southern Eagles,74,56,49,21,25,35,False,Food City Center
401576154,2023,2023-12-12,Duke Blue Devils,Hofstra Pride,89,68,44,39,45,29,False,Cameron Indoor Stadium
401577596,2023,2023-12-13,UNLV Rebels,Creighton Bluejays,79,64,36,28,43,36,True,Lee's Family Forum
401608783,2023,2023-12-13,Florida Atlantic Owls,Florida International Panthers,94,60,43,20,51,40,False,Eleanor R. Baldwin Arena
401593955,2023,2023-12-13,BYU Cougars,Denver Pioneers,90,74,45,25,45,49,False,Marriott Center
401581722,2023,2023-12-13,Northwestern Wildcats,Chicago State Cougars,73,75,38,37,35,38,False,Welsh-Ryan Arena
401577604,2023,2023-12-14,Marquette Golden Eagles,St. Thomas-Minnesota Tommies,84,79,45,33,39,46,False,Fiserv Forum
401584415,2023,2023-12-14,Wisconsin Badgers,Jacksonville State Gamecocks,75,60,38,30,37,30,False,Kohl Center
401591373,2023,2023-12-15,Gonzaga Bulldogs,UConn Huskies,63,76,34,45,29,31,True,Climate Pledge Arena
401577644,2023,2023-12-16,Purdue Boilermakers,Arizona Wildcats,92,84,49,38,43,46,True,Gainbridge Fieldhouse
401575457,2023,2023-12-16,Indiana Hoosiers,Kansas Jayhawks,71,75,40,32,31,43,False,Simon Skjodt Assembly Hall
401575440,2023,2023-12-16,Houston Cougars,Texas A&M Aggies,70,66,38,23,32,43,True,Toyota Center (Houston)
401592434,2023,2023-12-16,Michigan State Spartans,Baylor Bears,88,64,45,17,43,47,True,Little Caesars Arena
401577597,2023,2023-12-16,Creighton Bluejays,Alabama Crimson Tide,85,82,44,44,41,38,False,CHI Health Center Omaha
401581147,2023,2023-12-16,Kentucky Wildcats,North Carolina Tar Heels,87,83,40,38,47,45,True,State Farm Arena
401584355,2023,2023-12-16,Oklahoma Sooners,Green Bay Phoenix,81,47,36,20,45,27,False,Lloyd Noble Center
401575523,2023,2023-12-16,Tennessee Volunteers,NC State Wolfpack,79,70,34,31,45,39,True,Frost Bank Center
401583604,2023,2023-12-16,Memphis Tigers,Clemson Tigers,79,77,32,39,47,38,False,FedExForum
401575423,2023,2023-12-16,St. Bonaventure Bonnies,Florida Atlantic Owls,54,64,26,27,28,37,True,MassMutual Center
401593956,2023,2023-12-16,BYU Cougars,Georgia State Panthers,86,54,39,26,47,28,False,Marriott Center
401583730,2023,2023-12-16,Texas Longhorns,LSU Tigers,96,85,56,37,40,48,True,Toyota Center (Houston)
401581842,2023,2023-12-16,Hampton Pirates,James Madison Dukes,71,88,42,41,29,47,False,Convocation Center (VA)
401575431,2023,2023-12-16,Virginia Cavaliers,Northeastern Huskies,56,54,24,30,32,24,False,John Paul Jones Arena
401588938,2023,2023-12-16,Miami Hurricanes,La Salle Explorers,84,77,45,33,39,44,False,Watsco Center
401581723,2023,2023-12-16,DePaul Blue Demons,Northwestern Wildcats,46,56,25,25,21,31,False,Wintrust Arena
401584515,2023,2023-12-17,Illinois Fighting Illini,Colgate Raiders,74,57,44,27,30,30,False,State Farm Center
401595311,2023,2023-12-17,Colorado State Rams,CSU Pueblo Thunderwolves,86,54,46,26,40,28,False,Moby Arena
401600769,2023,2023-12-18,Drexel Dragons,Penn State-Alleghany Nittany Lions,117,49,64,23,53,26,False,Daskalakis Athletic Center
401581867,2023,2023-12-18,Jacksonville Dolphins,UL Monroe Warhawks,75,65,24,35,51,30,False,Swisher Gymnasium
401608799,2023,2023-12-18,East Texas A&M Lions,Arlington Baptist Patriots,130,53,63,25,67,28,False,The Field House
401604785,2023,2023-12-18,Texas A&M-Corpus Christi Islanders,Texas Lutheran Bulldogs,102,50,48,19,54,31,False,Dugan Wellness Center
401598021,2023,2023-12-18,Prairie View A&M Panthers,North American Stallions,92,61,46,23,46,38,False,William Nicks Building
401601467,2023,2023-12-18,UNC Asheville Bulldogs,South Carolina State Bulldogs,79,75,34,36,45,39,False,Kimmel Arena
401577654,2023,2023-12-18,Charleston Cougars,Coastal Carolina Chanticleers,84,81,37,28,47,53,False,TD Arena
401583782,2023,2023-12-18,Youngstown State Penguins,Westminster (PA) Titans,117,45,58,24,59,21,False,Beeghly Center
401611803,2023,2023-12-18,Norfolk State Spartans,Southern Virginia Knights,108,52,56,23,52,29,False,Joseph G. Echols Hall
401602694,2023,2023-12-18,Le Moyne Dolphins,Houghton Highlanders,92,72,39,30,53,42,False,Ted Grant Court
401600290,2023,2023-12-18,Dartmouth Big Green,Thomas (ME) Terriers,77,48,39,21,38,27,False,Leede Arena
401596814,2023,2023-12-18,Campbell Fighting Camels,Morgan State Bears,83,76,36,37,47,39,False,John W. Pope Jr. Convocation Center
401592435,2023,2023-12-18,Michigan State Spartans,Oakland Golden Grizzlies,79,62,30,22,49,40,False,Breslin Center
401587210,2023,2023-12-18,Duquesne Dukes,Bradley Braves,69,67,37,40,32,27,True,LeBron James Arena
401587201,2023,2023-12-18,Ohio Bobcats,Defiance Yellow Jackets,108,28,60,19,48,9,False,Convocation Center (OH)
401584387,2023,2023-12-18,Marist Red Foxes,Maryland Eastern Shore Hawks,76,52,38,18,38,34,False,McCann Arena
401581852,2023,2023-12-18,Marshall Thundering Herd,Bluefield University Ramblin' Rams,103,70,46,23,57,47,False,Cam Henderson Center
401581093,2023,2023-12-18,Wake Forest Demon Deacons,Delaware State Hornets,88,59,42,32,46,27,False,LJVM Coliseum
401577689,2023,2023-12-18,Holy Cross Crusaders,Quinnipiac Bobcats,57,77,26,35,31,42,False,Hart Center
401575467,2023,2023-12-18,UCF Knights,Maine Black Bears,74,51,41,18,33,33,False,Addition Financial Arena
401594435,2023,2023-12-18,Little Rock Trojans,Murray State Racers,80,66,40,31,40,35,False,Jack Stephens Center
401604759,2023,2023-12-18,Arkansas-Pine Bluff Golden Lions,Ecclesia Royals,125,75,63,45,62,30,False,H.O. Clemmons Arena
401604348,2023,2023-12-18,SIU Edwardsville Cougars,Central Christian College Tigers,99,56,54,24,45,32,False,First Community Arena
401600245,2023,2023-12-18,Chicago State Cougars,UT Rio Grande Valley Vaqueros,78,68,36,27,42,41,False,Jones Convocation Center
401598013,2023,2023-12-18,Texas State Bobcats,LeTourneau Yellow Jackets,110,68,53,30,57,38,False,Strahan Arena at the University Events Center
401597434,2023,2023-12-18,Tarleton State Texans,Jacksonville State Gamecocks,62,65,40,31,22,34,False,Wisdom Gym
401594478,2023,2023-12-18,Western Illinois Leathernecks,Eureka Red Devils,92,56,34,19,58,37,False,Western Hall
401587220,2023,2023-12-18,Evansville Purple Aces,UT Martin Skyhawks,98,91,40,44,58,47,False,Ford Center
401581791,2023,2023-12-18,Lamar Cardinals,Southern Miss Golden Eagles,79,82,35,38,44,44,False,Montagne Center
401588606,2023,2023-12-18,Northern Illinois Huskies,Calumet Crimson Wave,92,48,58,17,34,31,False,NIU Convocation Center
401594597,2023,2023-12-18,Denver Pioneers,Adams State Grizzlies,89,83,46,32,43,51,False,Hamilton Gymnasium
401594055,2023,2023-12-18,Sacramento State Hornets,UC San Diego Tritons,52,83,22,50,30,33,False,The Nest
401594038,2023,2023-12-18,Fresno State Bulldogs,Portland State Vikings,72,75,28,41,37,24,False,Save Mart Center
401593977,2023,2023-12-18,Cal Poly Mustangs,Eastern Washington Eagles,53,62,23,26,30,36,False,Mott Athletics Center
401583757,2023,2023-12-18,Loyola Marymount Lions,Detroit Mercy Titans,76,56,39,30,37,26,False,Gersten Pavilion
401575413,2023,2023-12-18,Pacific Tigers,Stanislaus State Warriors,68,46,42,21,26,25,False,Alex G. Spanos Center
401599439,2023,2023-12-19,Providence Friars,Marquette Golden Eagles,72,57,40,29,32,28,False,Amica Mutual Pavilion
401581843,2023,2023-12-19,James Madison Dukes,Coppin State Eagles,87,48,49,26,38,22,False,Atlantic Union Bank Center
401575432,2023,2023-12-19,Memphis Tigers,Virginia Cavaliers,77,54,38,32,39,22,False,FedExForum
401591573,2023,2023-12-19,Ole Miss Rebels,Troy Trojans,74,53,31,22,43,31,False,The Sandy and John Black Pavilion at Ole Miss
401591434,2023,2023-12-20,Arizona Wildcats,Alabama Crimson Tide,87,74,41,40,46,34,True,Mortgage Matchup Center
401599441,2023,2023-12-20,Seton Hall Pirates,UConn Huskies,75,60,34,29,41,31,False,Prudential Center
401578668,2023,2023-12-20,Oklahoma Sooners,North Carolina Tar Heels,69,81,28,36,41,45,True,Spectrum Center
401576155,2023,2023-12-20,Duke Blue Devils,Baylor Bears,78,70,34,32,44,38,True,Madison Square Garden
401599440,2023,2023-12-20,Creighton Bluejays,Villanova Wildcats,66,68,34,24,24,34,False,CHI Health Center Omaha
401583819,2023,2023-12-20,Gonzaga Bulldogs,Jackson State Tigers,100,76,41,29,59,47,False,McCarthey Athletic Center
401577645,2023,2023-12-21,Purdue Boilermakers,Jacksonville Dolphins,100,57,45,27,55,30,False,Mackey Arena
401575441,2023,2023-12-21,Houston Cougars,Texas State Bobcats,72,37,29,18,43,19,False,Fertitta Center
401575524,2023,2023-12-21,Tennessee Volunteers,Tarleton State Texans,65,46,39,25,26,21,False,Food City Center
401588941,2023,2023-12-21,Louisville Cardinals,Kentucky Wildcats,76,95,33,53,43,42,False,KFC Yum! Center
401575458,2023,2023-12-22,Kansas Jayhawks,Yale Bulldogs,75,60,32,33,43,27,False,Allen Fieldhouse
401599443,2023,2023-12-22,Marquette Golden Eagles,Georgetown Hoyas,81,51,41,24,40,27,False,Fiserv Forum
401604912,2023,2023-12-22,Baylor Bears,Mississippi Valley State Delta Devils,107,48,50,20,57,28,False,Ferrell Center
401584516,2023,2023-12-22,Illinois Fighting Illini,Missouri Tigers,97,73,49,24,48,49,True,Enterprise Center
401590983,2023,2023-12-22,Loyola Marymount Lions,Colorado State Rams,67,76,27,35,40,41,False,Gersten Pavilion
401593957,2023,2023-12-22,BYU Cougars,Bellarmine Knights,101,59,42,28,59,31,False,Marriott Center
401583723,2023,2023-12-22,Clemson Tigers,Queens University Royals,109,79,69,36,40,43,False,Littlejohn Coliseum
401583731,2023,2023-12-22,Texas Longhorns,Texas A&M-Corpus Christi Islanders,71,55,35,24,36,31,False,Moody Center
401581844,2023,2023-12-22,Morgan State Bears,James Madison Dukes,75,89,35,47,40,42,False,Hill Field House
401584416,2023,2023-12-22,Wisconsin Badgers,Chicago State Cougars,80,53,38,25,42,28,False,Kohl Center
401600258,2023,2023-12-23,Arizona Wildcats,Florida Atlantic Owls,95,96,37,31,36,42,True,T-Mobile Arena
401599446,2023,2023-12-23,UConn Huskies,St. John's Red Storm,69,65,26,32,43,33,False,PeoplesBank Arena
401583605,2023,2023-12-23,Memphis Tigers,Vanderbilt Commodores,77,75,35,36,42,39,False,FedExForum
401594546,2023,2023-12-23,Ole Miss Rebels,Southern Miss Golden Eagles,89,72,47,30,42,42,True,Mississippi Coast Coliseum
401581557,2023,2023-12-24,Portland Pilots,Temple Owls,54,55,24,26,30,29,True,Stan Sheriff Center
401581558,2023,2023-12-24,Massachusetts Minutemen,Old Dominion Monarchs,87,65,41,28,46,37,True,Stan Sheriff Center
401581560,2023,2023-12-24,Hawai'i Rainbow Warriors,TCU Horned Frogs,51,65,27,36,24,29,False,Stan Sheriff Center
401581559,2023,2023-12-24,Georgia Tech Yellow Jackets,Nevada Wolf Pack,64,72,30,36,34,36,True,Stan Sheriff Center
401622999,2023,2023-12-27,Bethesda University Flames,Grand Canyon Lopes,74,124,35,67,39,57,True,Luke Air Force Base
401575433,2023,2023-12-27,Virginia Cavaliers,Morgan State Bears,79,44,43,16,36,28,False,John Paul Jones Arena
401594651,2023,2023-12-27,California Baptist Lancers,Chicago State Cougars,74,62,31,28,43,34,False,Dale E. and Sarah Ann Fowler Events Center
401574420,2023,2023-12-28,Oklahoma Sooners,Central Arkansas Bears,88,72,50,42,38,30,False,Lloyd Noble Center
401577646,2023,2023-12-29,Purdue Boilermakers,Eastern Kentucky Colonels,80,53,43,24,37,29,False,Mackey Arena
401607355,2023,2023-12-29,California Golden Bears,Arizona Wildcats,81,100,26,54,55,46,False,Haas Pavilion
401580112,2023,2023-12-29,Kentucky Wildcats,Illinois State Redbirds,96,70,45,30,51,40,False,Rupp Arena
401583599,2023,2023-12-29,North Carolina Tar Heels,Charleston Southern Buccaneers,105,60,51,28,54,32,False,Dean E. Smith Center
401584517,2023,2023-12-29,Illinois Fighting Illini,Fairleigh Dickinson Knights,104,71,48,28,56,43,False,State Farm Center
401594653,2023,2023-12-29,Gonzaga Bulldogs,San Diego State Aztecs,74,84,37,38,37,46,False,McCarthey Athletic Center
401609946,2023,2023-12-29,Colorado State Rams,Adams State Grizzlies,106,61,56,35,50,26,False,Moby Arena
401583764,2023,2023-12-29,Clemson Tigers,Radford Highlanders,93,58,49,23,44,35,False,Littlejohn Coliseum
401583732,2023,2023-12-29,Texas Longhorns,UNC Greensboro Spartans,72,37,36,22,36,15,False,Moody Center
401575459,2023,2023-12-30,Kansas Jayhawks,Wichita State Shockers,86,67,43,27,43,40,True,T-Mobile Center
401575442,2023,2023-12-30,Houston Cougars,Pennsylvania Quakers,81,42,39,17,42,25,False,Fertitta Center
401601144,2023,2023-12-30,Florida Gulf Coast Eagles,Florida Atlantic Owls,72,68,39,30,33,38,False,Alico Arena
401599448,2023,2023-12-30,Marquette Golden Eagles,Creighton Bluejays,72,67,28,30,44,37,False,Fiserv Forum
401593958,2023,2023-12-30,BYU Cougars,Wyoming Cowboys,94,68,44,33,50,35,False,Marriott Center
401574497,2023,2023-12-30,Duke Blue Devils,Queens University Royals,106,69,46,33,60,36,False,Cameron Indoor Stadium
401583606,2023,2023-12-30,Memphis Tigers,Austin Peay Governors,81,70,37,34,44,36,False,FedExForum
401581667,2023,2023-12-30,James Madison Dukes,Texas State Bobcats,82,65,36,28,46,37,False,Atlantic Union Bank Center
401607360,2023,2023-12-31,Stanford Cardinal,Arizona Wildcats,100,82,44,35,56,47,False,Maples Pavilion
401583752,2023,2023-12-31,Oklahoma Sooners,Monmouth Hawks,72,56,32,28,40,28,False,Lloyd Noble Center
401594547,2023,2023-12-31,Ole Miss Rebels,Bryant Bulldogs,95,78,41,30,54,48,False,The Sandy and John Black Pavilion at Ole Miss
401583733,2024,2024-01-01,Texas Longhorns,UT Arlington Mavericks,79,62,39,32,40,30,False,Moody Center
401600308,2024,2024-01-02,Maryland Terrapins,Purdue Boilermakers,53,67,19,32,34,35,False,XFINITY Center
401599471,2024,2024-01-02,UConn Huskies,DePaul Blue Demons,85,56,38,19,47,37,False,Gampel Pavilion
401575525,2024,2024-01-02,Tennessee Volunteers,Norfolk State Spartans,87,50,43,18,44,32,False,Food City Center
401604101,2024,2024-01-02,Pittsburgh Panthers,North Carolina Tar Heels,57,70,28,31,29,39,False,Petersen Events Center
401600307,2024,2024-01-02,Illinois Fighting Illini,Northwestern Wildcats,96,66,46,29,50,37,False,State Farm Center
401606629,2024,2024-01-02,Colorado State Rams,New Mexico Lobos,76,68,33,30,43,38,False,Moby Arena
401604100,2024,2024-01-02,Duke Blue Devils,Syracuse Orange,86,66,35,33,51,33,False,Cameron Indoor Stadium
401602055,2024,2024-01-02,Florida Atlantic Owls,East Carolina Pirates,79,64,35,36,44,28,False,Eleanor R. Baldwin Arena
401598580,2024,2024-01-02,Baylor Bears,Cornell Big Red,98,79,58,42,40,37,False,Foster Pavilion
401600306,2024,2024-01-02,Wisconsin Badgers,Iowa Hawkeyes,83,72,32,32,51,40,False,Kohl Center
401583801,2024,2024-01-02,Auburn Tigers,Pennsylvania Quakers,88,68,51,32,37,36,False,Neville Arena
401604103,2024,2024-01-03,Miami Hurricanes,Clemson Tigers,95,82,35,41,60,41,False,Watsco Center
401599472,2024,2024-01-03,Providence Friars,Seton Hall Pirates,57,61,24,29,33,32,False,Amica Mutual Pavilion
401607366,2024,2024-01-04,Arizona Wildcats,Colorado Buffaloes,97,50,50,23,47,27,False,McKale Memorial Center
401602060,2024,2024-01-04,Tulsa Golden Hurricane,Memphis Tigers,75,78,35,49,40,29,False,Reynolds Center
401581668,2024,2024-01-04,Louisiana Ragin' Cajuns,James Madison Dukes,61,68,23,22,38,46,False,Cajundome
401589664,2024,2024-01-04,Gonzaga Bulldogs,Pepperdine Waves,86,60,45,27,41,33,False,McCarthey Athletic Center
401600313,2024,2024-01-05,Purdue Boilermakers,Illinois Fighting Illini,83,78,47,32,36,46,False,Mackey Arena
401599474,2024,2024-01-05,Butler Bulldogs,UConn Huskies,81,88,42,35,39,53,False,Hinkle Fieldhouse
401603400,2024,2024-01-06,Kansas Jayhawks,TCU Horned Frogs,83,81,41,40,42,41,False,Allen Fieldhouse
401603399,2024,2024-01-06,Houston Cougars,West Virginia Mountaineers,89,55,48,22,41,33,False,Fertitta Center
401597110,2024,2024-01-06,Tennessee Volunteers,Ole Miss Rebels,90,64,40,31,50,33,False,Food City Center
401597109,2024,2024-01-06,Florida Gators,Kentucky Wildcats,85,87,45,37,40,50,False,Stephen C. O'Connell Center
401599477,2024,2024-01-06,Seton Hall Pirates,Marquette Golden Eagles,78,75,42,39,36,36,False,Prudential Center
401604106,2024,2024-01-06,Clemson Tigers,North Carolina Tar Heels,55,65,34,34,21,31,False,Littlejohn Coliseum
401607370,2024,2024-01-06,Arizona Wildcats,Utah Utes,92,73,42,39,50,34,False,McKale Memorial Center
401603402,2024,2024-01-06,Oklahoma Sooners,Iowa State Cyclones,71,63,32,26,39,37,False,Lloyd Noble Center
401603398,2024,2024-01-06,BYU Cougars,Cincinnati Bearcats,60,71,31,24,29,47,False,Marriott Center
401600793,2024,2024-01-06,Utah State Aggies,Colorado State Rams,77,72,28,32,49,40,False,Dee Glen Smith Spectrum
401604110,2024,2024-01-06,Notre Dame Fighting Irish,Duke Blue Devils,59,67,27,29,32,38,False,Purcell Pavilion
401602062,2024,2024-01-06,Charlotte 49ers,Florida Atlantic Owls,70,68,41,26,29,42,False,Halton Arena
401603403,2024,2024-01-06,Oklahoma State Cowboys,Baylor Bears,70,75,27,31,33,29,False,Gallagher-Iba Arena
401581669,2024,2024-01-06,Southern Miss Golden Eagles,James Madison Dukes,81,71,44,35,37,36,False,Reed Green Coliseum
401603404,2024,2024-01-06,Texas Longhorns,Texas Tech Red Raiders,67,78,33,37,34,41,False,Moody Center
401600314,2024,2024-01-06,Wisconsin Badgers,Nebraska Cornhuskers,88,72,51,38,37,34,False,Kohl Center
401599475,2024,2024-01-06,Creighton Bluejays,Providence Friars,69,60,37,30,32,30,False,CHI Health Center Omaha
401589667,2024,2024-01-06,Gonzaga Bulldogs,San Diego Toreros,101,74,55,35,46,39,False,McCarthey Athletic Center
401597113,2024,2024-01-06,Arkansas Razorbacks,Auburn Tigers,51,83,30,37,21,46,False,Bud Walton Arena
401602066,2024,2024-01-07,Memphis Tigers,SMU Mustangs,62,59,24,36,38,23,False,FedExForum
401579042,2024,2024-01-08,New Orleans Privateers,East Texas A&M Lions,88,85,37,33,51,52,False,Lakefront Arena
401600652,2024,2024-01-08,Monmouth Hawks,Northeastern Huskies,81,62,44,33,37,29,False,OceanFirst Bank Center
401606728,2024,2024-01-08,South Carolina State Bulldogs,Howard Bison,78,82,30,23,48,59,False,Smith-Hammond-Middleton Memorial Center
401604425,2024,2024-01-08,Morgan State Bears,Delaware State Hornets,66,78,29,41,37,37,False,Hill Field House
401598023,2024,2024-01-08,Southern Jaguars,Prairie View A&M Panthers,79,58,41,34,38,24,False,F.G. Clark Activity Center
401594406,2024,2024-01-08,North Carolina Central Eagles,Norfolk State Spartans,60,58,29,35,31,23,False,McDougald-McLendon Arena
401589740,2024,2024-01-08,Coppin State Eagles,Maryland Eastern Shore Hawks,58,55,21,23,24,22,False,Physical Education Complex
401579014,2024,2024-01-08,Northwestern State Demons,McNeese Cowboys,59,68,26,31,33,37,False,Prather Coliseum
401581794,2024,2024-01-08,Lamar Cardinals,Incarnate Word Cardinals,75,59,37,18,38,41,False,Montagne Center
401578965,2024,2024-01-08,Texas A&M-Corpus Christi Islanders,Houston Christian Huskies,81,59,36,23,45,36,False,American Bank Center
401603001,2024,2024-01-08,Grambling Tigers,Texas Southern Tigers,52,54,27,21,25,33,False,Fredrick C. Hobdy Assembly Center
401600126,2024,2024-01-08,Arkansas-Pine Bluff Golden Lions,Alabama State Hornets,72,83,37,37,35,46,False,H.O. Clemmons Arena
401600102,2024,2024-01-08,Mississippi Valley State Delta Devils,Alabama A&M Bulldogs,70,78,31,40,39,38,False,R.W. Harrison HPER Complex
401600321,2024,2024-01-09,Nebraska Cornhuskers,Purdue Boilermakers,88,72,41,30,47,42,False,Pinnacle Bank Arena
401603407,2024,2024-01-09,Iowa State Cyclones,Houston Cougars,57,53,31,21,26,32,False,Hilton Coliseum
401597118,2024,2024-01-09,Kentucky Wildcats,Missouri Tigers,90,77,47,42,43,35,False,Rupp Arena
401604115,2024,2024-01-09,Pittsburgh Panthers,Duke Blue Devils,53,75,23,48,30,27,False,Petersen Events Center
401603405,2024,2024-01-09,Baylor Bears,BYU Cougars,81,72,33,39,48,33,False,Foster Pavilion
401597116,2024,2024-01-09,Auburn Tigers,Texas A&M Aggies,66,55,30,22,36,33,False,Neville Arena
401602972,2024,2024-01-09,Boise State Broncos,Colorado State Rams,65,58,28,21,37,37,False,ExtraMile Arena
401597936,2024,2024-01-09,San José State Spartans,San Diego State Aztecs,78,81,41,42,37,39,False,Provident Credit Union Event Center
401600794,2024,2024-01-09,Utah State Aggies,Wyoming Cowboys,83,59,35,33,48,26,False,Dee Glen Smith Spectrum
401599479,2024,2024-01-09,DePaul Blue Demons,Creighton Bluejays,58,84,30,47,28,37,False,Wintrust Arena
401603406,2024,2024-01-09,Cincinnati Bearcats,Texas Longhorns,73,74,39,41,34,33,False,Fifth Third Arena
401603411,2024,2024-01-10,UCF Knights,Kansas Jayhawks,65,60,29,37,36,23,False,Addition Financial Arena
401599483,2024,2024-01-10,Xavier Musketeers,UConn Huskies,75,80,38,42,37,38,False,Cintas Center
401597122,2024,2024-01-10,Mississippi State Bulldogs,Tennessee Volunteers,77,72,35,22,42,50,False,Humphrey Coliseum
401604117,2024,2024-01-10,NC State Wolfpack,North Carolina Tar Heels,54,67,28,30,26,37,False,Lenovo Center
401603410,2024,2024-01-10,TCU Horned Frogs,Oklahoma Sooners,80,71,40,34,40,37,False,Schollmaier Arena
401599481,2024,2024-01-10,Marquette Golden Eagles,Butler Bulldogs,62,69,35,28,27,41,False,Fiserv Forum
401602070,2024,2024-01-10,Memphis Tigers,UTSA Roadrunners,107,101,35,37,59,57,False,FedExForum
401600323,2024,2024-01-10,Ohio State Buckeyes,Wisconsin Badgers,60,71,33,35,27,36,False,Value City Arena
401604119,2024,2024-01-10,Virginia Tech Hokies,Clemson Tigers,87,72,53,44,34,28,False,Cassell Coliseum
401600325,2024,2024-01-11,Illinois Fighting Illini,Michigan State Spartans,71,68,37,34,34,34,False,State Farm Center
401589671,2024,2024-01-11,Santa Clara Broncos,Gonzaga Bulldogs,77,76,40,34,37,42,False,Leavey Center
401602072,2024,2024-01-11,Tulane Green Wave,Florida Atlantic Owls,84,85,38,39,46,46,False,Devlin Fieldhouse
401587689,2024,2024-01-12,Milwaukee Panthers,Cleveland State Vikings,88,80,36,47,52,33,False,UW-Milwaukee Panther Arena
401600326,2024,2024-01-12,Indiana Hoosiers,Minnesota Golden Gophers,74,62,41,31,33,31,False,Simon Skjodt Assembly Hall
401602073,2024,2024-01-12,South Florida Bulls,Rice Owls,81,73,31,40,50,33,False,Yuengling Center
401596833,2024,2024-01-12,Duquesne Dukes,Dayton Flyers,62,72,21,31,41,41,False,UPMC Cooper Fieldhouse
401594384,2024,2024-01-12,Rider Broncs,Manhattan Jaspers,71,58,33,33,38,25,False,Alumni Gymnasium (Rider)
401594330,2024,2024-01-12,Marist Red Foxes,Quinnipiac Bobcats,55,66,33,29,22,37,False,McCann Arena
401594293,2024,2024-01-12,Niagara Purple Eagles,Fairfield Stags,96,72,52,36,44,36,False,Gallagher Center
401594259,2024,2024-01-12,Canisius Golden Griffins,Siena Saints,67,63,29,22,38,41,False,Koessler Athletic Center
401588634,2024,2024-01-12,Akron Zips,Buffalo Bulls,76,59,34,30,42,29,False,James A. Rhodes Arena
401587690,2024,2024-01-12,Robert Morris Colonials,Purdue Fort Wayne Mastodons,91,88,34,32,44,46,False,UPMC Events Center
401574537,2024,2024-01-12,Queens University Royals,Stetson Hatters,66,84,34,40,32,44,False,Curry Arena
401574525,2024,2024-01-12,North Florida Ospreys,Jacksonville Dolphins,82,74,33,36,49,38,False,UNF Arena
401574512,2024,2024-01-12,Kennesaw State Owls,Florida Gulf Coast Eagles,78,75,29,31,49,44,False,KSU Convocation Center
401599484,2024,2024-01-12,Villanova Wildcats,DePaul Blue Demons,94,69,42,32,52,37,False,Finneran Pavilion
401587691,2024,2024-01-12,Youngstown State Penguins,Wright State Raiders,81,71,32,34,49,37,False,Beeghly Center
401600327,2024,2024-01-12,Iowa Hawkeyes,Nebraska Cornhuskers,94,76,41,36,53,40,False,Carver-Hawkeye Arena
401602973,2024,2024-01-12,Nevada Wolf Pack,Boise State Broncos,56,64,27,30,29,34,False,Lawlor Events Center
401600329,2024,2024-01-13,Purdue Boilermakers,Penn State Nittany Lions,95,78,56,36,39,42,False,Mackey Arena
401603415,2024,2024-01-13,TCU Horned Frogs,Houston Cougars,68,67,29,31,39,36,False,Schollmaier Arena
401603414,2024,2024-01-13,Kansas Jayhawks,Oklahoma Sooners,78,66,38,37,40,29,False,Allen Fieldhouse
401597126,2024,2024-01-13,Georgia Bulldogs,Tennessee Volunteers,79,85,37,42,42,43,False,Stegeman Coliseum
401597129,2024,2024-01-13,Texas A&M Aggies,Kentucky Wildcats,97,92,46,45,43,44,False,Reed Arena
401604123,2024,2024-01-13,North Carolina Tar Heels,Syracuse Orange,103,67,52,30,51,37,False,Dean E. Smith Center
401607378,2024,2024-01-13,Washington State Cougars,Arizona Wildcats,73,70,34,30,39,40,False,Beasley Coliseum
401604121,2024,2024-01-13,Duke Blue Devils,Georgia Tech Yellow Jackets,84,79,39,39,45,40,False,Cameron Indoor Stadium
401603412,2024,2024-01-13,Baylor Bears,Cincinnati Bearcats,62,59,27,27,35,32,False,Foster Pavilion
401600328,2024,2024-01-13,Wisconsin Badgers,Northwestern Wildcats,71,63,32,25,39,38,False,Kohl Center
401597123,2024,2024-01-13,Auburn Tigers,LSU Tigers,93,78,51,34,42,44,False,Neville Arena
401603417,2024,2024-01-13,UCF Knights,BYU Cougars,58,63,24,26,34,37,False,Addition Financial Arena
401597937,2024,2024-01-13,New Mexico Lobos,San Diego State Aztecs,88,70,40,37,48,33,False,The Pit
401597304,2024,2024-01-13,UNLV Rebels,Utah State Aggies,86,87,47,40,39,47,False,Thomas & Mack Center
401604120,2024,2024-01-13,Clemson Tigers,Boston College Eagles,89,78,44,35,45,43,False,Littlejohn Coliseum
401599486,2024,2024-01-13,Creighton Bluejays,St. John's Red Storm,66,65,35,30,31,35,False,CHI Health Center Omaha
401603418,2024,2024-01-13,West Virginia Mountaineers,Texas Longhorns,76,73,30,28,46,45,False,WVU Coliseum
401599488,2024,2024-01-14,UConn Huskies,Georgetown Hoyas,80,67,40,31,40,36,False,PeoplesBank Arena
401600330,2024,2024-01-14,Illinois Fighting Illini,Maryland Terrapins,67,76,39,37,28,39,False,State Farm Center
401602079,2024,2024-01-14,Wichita State Shockers,Memphis Tigers,86,112,46,49,40,63,False,Charles Koch Arena
401602077,2024,2024-01-14,Florida Atlantic Owls,UAB Blazers,86,73,43,24,43,49,False,Eleanor R. Baldwin Arena
401599489,2024,2024-01-15,Marquette Golden Eagles,Villanova Wildcats,87,74,43,40,44,34,False,Fiserv Forum
401600335,2024,2024-01-16,Indiana Hoosiers,Purdue Boilermakers,66,87,29,51,37,36,False,Simon Skjodt Assembly Hall
401603422,2024,2024-01-16,Oklahoma State Cowboys,Kansas Jayhawks,66,90,33,48,33,42,False,Gallagher-Iba Arena
401597132,2024,2024-01-16,Tennessee Volunteers,Florida Gators,85,66,44,32,41,34,False,Food City Center
401603421,2024,2024-01-16,Kansas State Wildcats,Baylor Bears,68,64,26,31,28,23,False,Bramlage Coliseum
401600334,2024,2024-01-16,Penn State Nittany Lions,Wisconsin Badgers,87,83,39,35,48,48,False,Bryce Jordan Center
401600795,2024,2024-01-16,New Mexico Lobos,Utah State Aggies,99,86,55,39,44,47,False,The Pit
401603420,2024,2024-01-16,Cincinnati Bearcats,TCU Horned Frogs,81,77,32,33,35,34,False,Fifth Third Arena
401603419,2024,2024-01-16,BYU Cougars,Iowa State Cyclones,87,72,39,35,48,37,False,Marriott Center
401596842,2024,2024-01-16,Dayton Flyers,Saint Louis Billikens,70,65,28,30,42,35,False,UD Arena
401599493,2024,2024-01-17,UConn Huskies,Creighton Bluejays,62,48,32,21,30,27,False,Gampel Pavilion
401604132,2024,2024-01-17,North Carolina Tar Heels,Louisville Cardinals,86,70,46,29,40,41,False,Dean E. Smith Center
401603423,2024,2024-01-17,Houston Cougars,Texas Tech Red Raiders,77,54,38,29,39,25,False,Fertitta Center
401597136,2024,2024-01-17,Kentucky Wildcats,Mississippi State Bulldogs,90,77,47,29,43,48,False,Rupp Arena
401607383,2024,2024-01-17,Arizona Wildcats,USC Trojans,82,67,45,35,37,32,False,McKale Memorial Center
401597135,2024,2024-01-17,Vanderbilt Commodores,Auburn Tigers,65,80,24,41,41,39,False,Memorial Gymnasium (TN)
401603424,2024,2024-01-17,Oklahoma Sooners,West Virginia Mountaineers,77,63,29,25,48,38,False,Lloyd Noble Center
401597134,2024,2024-01-17,LSU Tigers,Ole Miss Rebels,89,80,35,33,54,47,False,Pete Maravich Assembly Center
401602086,2024,2024-01-18,Memphis Tigers,South Florida Bulls,73,74,47,32,26,42,False,FedExForum
401600338,2024,2024-01-18,Michigan Wolverines,Illinois Fighting Illini,73,88,36,37,37,51,False,Crisler Center
401602085,2024,2024-01-18,Florida Atlantic Owls,Wichita State Shockers,86,77,31,42,55,35,False,Eleanor R. Baldwin Arena
401600340,2024,2024-01-19,Wisconsin Badgers,Indiana Hoosiers,91,79,39,26,52,53,False,Kohl Center
401599498,2024,2024-01-20,Villanova Wildcats,UConn Huskies,65,66,24,29,41,37,False,Xfinity Mobile Arena
401600343,2024,2024-01-20,Iowa Hawkeyes,Purdue Boilermakers,70,84,34,47,36,37,False,Carver-Hawkeye Arena
401603432,2024,2024-01-20,West Virginia Mountaineers,Kansas Jayhawks,91,85,51,51,40,34,False,WVU Coliseum
401604134,2024,2024-01-20,Boston College Eagles,North Carolina Tar Heels,66,76,31,34,35,42,False,Conte Forum
401603427,2024,2024-01-20,Houston Cougars,UCF Knights,57,42,28,14,29,28,False,Fertitta Center
401597143,2024,2024-01-20,Tennessee Volunteers,Alabama Crimson Tide,91,71,50,37,41,34,False,Food City Center
401604136,2024,2024-01-20,Duke Blue Devils,Pittsburgh Panthers,76,80,34,38,42,42,False,Cameron Indoor Stadium
401597142,2024,2024-01-20,Kentucky Wildcats,Georgia Bulldogs,105,96,54,35,51,61,False,Rupp Arena
401603430,2024,2024-01-20,Texas Longhorns,Baylor Bears,75,73,42,41,33,32,False,Moody Center
401607388,2024,2024-01-20,Arizona Wildcats,UCLA Bruins,77,71,28,37,49,34,False,McKale Memorial Center
401597138,2024,2024-01-20,Auburn Tigers,Ole Miss Rebels,82,59,46,27,36,32,False,Neville Arena
401603426,2024,2024-01-20,Cincinnati Bearcats,Oklahoma Sooners,65,69,31,31,34,38,False,Fifth Third Arena
401600796,2024,2024-01-20,Utah State Aggies,Fresno State Bulldogs,83,62,40,27,43,35,False,Dee Glen Smith Spectrum
401599497,2024,2024-01-20,St. John's Red Storm,Marquette Golden Eagles,72,73,34,28,38,45,False,Madison Square Garden
401599496,2024,2024-01-20,Seton Hall Pirates,Creighton Bluejays,94,97,31,35,36,32,False,Prudential Center
401603429,2024,2024-01-20,TCU Horned Frogs,Iowa State Cyclones,72,73,26,44,46,29,False,Schollmaier Arena
401603431,2024,2024-01-20,Texas Tech Red Raiders,BYU Cougars,85,78,32,48,53,30,False,United Supermarkets Arena
401596848,2024,2024-01-20,Dayton Flyers,Rhode Island Rams,96,62,47,27,49,35,False,UD Arena
401602092,2024,2024-01-21,Tulane Green Wave,Memphis Tigers,81,79,34,34,47,45,False,Devlin Fieldhouse
401600344,2024,2024-01-21,Illinois Fighting Illini,Rutgers Scarlet Knights,86,63,40,28,46,35,False,State Farm Center
401602093,2024,2024-01-21,UTSA Roadrunners,Florida Atlantic Owls,103,112,53,49,38,42,False,UTSA Convocation Center
401604141,2024,2024-01-22,North Carolina Tar Heels,Wake Forest Demon Deacons,85,64,33,34,52,30,False,Dean E. Smith Center
401603433,2024,2024-01-22,Kansas Jayhawks,Cincinnati Bearcats,74,69,35,35,39,34,False,Allen Fieldhouse
401600346,2024,2024-01-23,Purdue Boilermakers,Michigan Wolverines,99,67,49,25,50,42,False,Mackey Arena
401603434,2024,2024-01-23,BYU Cougars,Houston Cougars,68,75,34,41,34,34,False,Marriott Center
401597144,2024,2024-01-23,South Carolina Gamecocks,Kentucky Wildcats,79,62,33,25,46,37,False,Colonial Life Arena
401603435,2024,2024-01-23,Oklahoma Sooners,Texas Longhorns,60,75,33,32,27,43,False,Lloyd Noble Center
401604144,2024,2024-01-23,Louisville Cardinals,Duke Blue Devils,69,83,34,45,35,38,False,KFC Yum! Center
401600348,2024,2024-01-23,Minnesota Golden Gophers,Wisconsin Badgers,59,61,24,34,35,27,False,Williams Arena
401596857,2024,2024-01-23,La Salle Explorers,Dayton Flyers,54,66,23,36,31,30,False,Tom Gola Arena
401599499,2024,2024-01-23,Creighton Bluejays,Xavier Musketeers,85,78,38,39,47,39,False,CHI Health Center Omaha
401597146,2024,2024-01-24,Alabama Crimson Tide,Auburn Tigers,79,75,44,30,35,45,False,Coleman Coliseum
401600349,2024,2024-01-24,Northwestern Wildcats,Illinois Fighting Illini,96,91,34,32,42,44,False,Welsh-Ryan Arena
401599501,2024,2024-01-24,DePaul Blue Demons,Marquette Golden Eagles,73,86,38,48,35,38,False,Wintrust Arena
401602096,2024,2024-01-24,Rice Owls,Florida Atlantic Owls,56,69,26,33,30,36,False,Tudor Fieldhouse
401603438,2024,2024-01-24,Iowa State Cyclones,Kansas State Wildcats,78,67,41,29,37,38,False,Hilton Coliseum
401602981,2024,2024-01-24,Nevada Wolf Pack,Colorado State Rams,77,64,35,27,42,37,False,Lawlor Events Center
401602989,2024,2024-01-24,San José State Spartans,New Mexico Lobos,75,95,32,43,43,52,False,Provident Credit Union Event Center
401607395,2024,2024-01-25,Oregon State Beavers,Arizona Wildcats,83,80,36,44,47,36,False,Gill Coliseum
401600351,2024,2024-01-26,Wisconsin Badgers,Michigan State Spartans,81,66,43,34,38,32,False,Kohl Center
401604150,2024,2024-01-27,Florida State Seminoles,North Carolina Tar Heels,68,75,41,36,27,39,False,Tucker Center
401603442,2024,2024-01-27,Houston Cougars,Kansas State Wildcats,74,52,41,21,33,31,False,Fertitta Center
401597156,2024,2024-01-27,Vanderbilt Commodores,Tennessee Volunteers,62,75,35,30,27,45,False,Memorial Gymnasium (TN)
401597151,2024,2024-01-27,Arkansas Razorbacks,Kentucky Wildcats,57,63,26,24,31,39,False,Bud Walton Arena
401603443,2024,2024-01-27,Iowa State Cyclones,Kansas Jayhawks,79,75,30,26,49,49,False,Hilton Coliseum
401597155,2024,2024-01-27,Mississippi State Bulldogs,Auburn Tigers,64,58,21,21,43,37,False,Humphrey Coliseum
401607398,2024,2024-01-27,Oregon Ducks,Arizona Wildcats,78,87,38,45,40,42,False,Matthew Knight Arena
401600352,2024,2024-01-27,Illinois Fighting Illini,Indiana Hoosiers,70,62,38,34,32,28,False,State Farm Center
401603444,2024,2024-01-27,Oklahoma Sooners,Texas Tech Red Raiders,84,85,34,33,50,52,False,Lloyd Noble Center
401604148,2024,2024-01-27,Duke Blue Devils,Clemson Tigers,72,71,32,26,40,45,False,Cameron Indoor Stadium
401599506,2024,2024-01-27,Marquette Golden Eagles,Seton Hall Pirates,75,57,30,29,45,28,False,Fiserv Forum
401603439,2024,2024-01-27,Baylor Bears,TCU Horned Frogs,102,105,40,35,36,41,False,Foster Pavilion
401596865,2024,2024-01-27,Richmond Spiders,Dayton Flyers,69,64,20,15,49,49,False,Robins Center
401599505,2024,2024-01-27,Creighton Bluejays,DePaul Blue Demons,85,62,40,37,45,25,False,CHI Health Center Omaha
401600797,2024,2024-01-27,Boise State Broncos,Utah State Aggies,84,90,39,37,37,39,False,ExtraMile Arena
401603440,2024,2024-01-27,BYU Cougars,Texas Longhorns,84,72,44,41,40,31,False,Marriott Center
401602993,2024,2024-01-27,Wyoming Cowboys,Colorado State Rams,79,76,31,28,34,37,False,Arena-Auditorium
401599508,2024,2024-01-28,UConn Huskies,Xavier Musketeers,99,56,48,22,51,34,False,PeoplesBank Arena
401600357,2024,2024-01-28,Rutgers Scarlet Knights,Purdue Boilermakers,60,68,20,33,40,35,False,Jersey Mike’s Arena
401602105,2024,2024-01-28,UAB Blazers,Memphis Tigers,97,88,45,44,52,44,False,Bartow Arena
401602104,2024,2024-01-28,Florida Atlantic Owls,North Texas Mean Green,66,63,26,28,40,35,False,Eleanor R. Baldwin Arena
401602982,2024,2024-01-28,New Mexico Lobos,Nevada Wolf Pack,89,55,38,24,51,31,False,The Pit
401603446,2024,2024-01-29,Texas Longhorns,Houston Cougars,72,76,25,33,40,32,False,Moody Center
401604155,2024,2024-01-29,Virginia Tech Hokies,Duke Blue Devils,67,77,29,35,38,42,False,Cassell Coliseum
401604156,2024,2024-01-30,Georgia Tech Yellow Jackets,North Carolina Tar Heels,74,73,37,37,37,36,False,McCamish Pavilion
401597158,2024,2024-01-30,Tennessee Volunteers,South Carolina Gamecocks,59,63,26,30,33,33,False,Food City Center
401603447,2024,2024-01-30,Kansas Jayhawks,Oklahoma State Cowboys,83,54,44,26,39,28,False,Allen Fieldhouse
401599510,2024,2024-01-30,Villanova Wildcats,Marquette Golden Eagles,80,85,31,39,49,46,False,Finneran Pavilion
401600358,2024,2024-01-30,Ohio State Buckeyes,Illinois Fighting Illini,75,87,34,41,41,46,False,Value City Arena
401603449,2024,2024-01-30,TCU Horned Frogs,Texas Tech Red Raiders,85,78,40,36,45,42,False,Schollmaier Arena
401600798,2024,2024-01-30,Utah State Aggies,San José State Spartans,82,61,37,30,45,31,False,Dee Glen Smith Spectrum
401596870,2024,2024-01-30,Dayton Flyers,George Washington Revolutionaries,83,61,38,24,45,37,False,UD Arena
401603448,2024,2024-01-30,Kansas State Wildcats,Oklahoma Sooners,53,73,19,35,34,38,False,Bramlage Coliseum
401599512,2024,2024-01-31,UConn Huskies,Providence Friars,74,65,29,28,45,37,False,Gampel Pavilion
401600361,2024,2024-01-31,Purdue Boilermakers,Northwestern Wildcats,105,96,47,39,34,42,False,Mackey Arena
401597160,2024,2024-01-31,Kentucky Wildcats,Florida Gators,91,94,41,36,43,48,False,Rupp Arena
401597161,2024,2024-01-31,Auburn Tigers,Vanderbilt Commodores,81,54,37,27,44,27,False,Neville Arena
401603450,2024,2024-01-31,UCF Knights,Baylor Bears,69,77,38,32,31,45,False,Addition Financial Arena
401602974,2024,2024-01-31,New Mexico Lobos,Boise State Broncos,78,86,38,41,40,45,False,The Pit
401597159,2024,2024-01-31,Georgia Bulldogs,Alabama Crimson Tide,76,85,41,27,35,58,False,Stegeman Coliseum
401600363,2024,2024-02-01,Nebraska Cornhuskers,Wisconsin Badgers,80,72,27,43,40,24,False,Pinnacle Bank Arena
401607402,2024,2024-02-01,Arizona Wildcats,California Golden Bears,91,65,48,28,43,37,False,McKale Memorial Center
401599513,2024,2024-02-02,Creighton Bluejays,Butler Bulldogs,98,99,49,45,49,54,False,CHI Health Center Omaha
401596874,2024,2024-02-02,Dayton Flyers,St. Bonaventure Bonnies,76,71,28,30,48,41,False,UD Arena
401599516,2024,2024-02-03,St. John's Red Storm,UConn Huskies,64,77,37,36,27,41,False,Madison Square Garden
401604165,2024,2024-02-03,North Carolina Tar Heels,Duke Blue Devils,93,84,45,35,48,49,False,Dean E. Smith Center
401603453,2024,2024-02-03,Kansas Jayhawks,Houston Cougars,78,65,43,28,35,37,False,Allen Fieldhouse
401597163,2024,2024-02-03,Kentucky Wildcats,Tennessee Volunteers,92,103,42,46,50,57,False,Rupp Arena
401599515,2024,2024-02-03,Georgetown Hoyas,Marquette Golden Eagles,57,91,22,44,35,47,False,Capital One Arena
401603452,2024,2024-02-03,Baylor Bears,Iowa State Cyclones,70,68,40,28,30,40,False,Foster Pavilion
401603456,2024,2024-02-03,Texas Tech Red Raiders,Cincinnati Bearcats,72,75,37,36,35,39,False,United Supermarkets Arena
401597165,2024,2024-02-03,Ole Miss Rebels,Auburn Tigers,77,91,44,35,33,56,False,The Sandy and John Black Pavilion at Ole Miss
401597942,2024,2024-02-03,San Diego State Aztecs,Utah State Aggies,81,67,42,36,39,31,False,Viejas Arena
401602113,2024,2024-02-03,Florida Atlantic Owls,Tulsa Golden Hurricane,102,70,40,27,62,43,False,Eleanor R. Baldwin Arena
401603458,2024,2024-02-03,West Virginia Mountaineers,BYU Cougars,73,86,29,38,44,48,False,WVU Coliseum
401603457,2024,2024-02-03,UCF Knights,Oklahoma Sooners,74,63,34,27,40,36,False,Addition Financial Arena
401597166,2024,2024-02-03,Alabama Crimson Tide,Mississippi State Bulldogs,99,67,47,24,52,43,False,Coleman Coliseum
401603455,2024,2024-02-03,TCU Horned Frogs,Texas Longhorns,66,77,32,43,34,34,False,Schollmaier Arena
401600370,2024,2024-02-04,Wisconsin Badgers,Purdue Boilermakers,69,75,32,34,37,41,False,Kohl Center
401607410,2024,2024-02-04,Arizona Wildcats,Stanford Cardinal,82,71,34,45,48,26,False,McKale Memorial Center
401600369,2024,2024-02-04,Illinois Fighting Illini,Nebraska Cornhuskers,87,84,34,36,39,37,False,State Farm Center
401603459,2024,2024-02-05,Kansas State Wildcats,Kansas Jayhawks,75,70,30,32,34,32,False,Bramlage Coliseum
401599519,2024,2024-02-06,UConn Huskies,Butler Bulldogs,71,62,35,27,36,35,False,PeoplesBank Arena
401604171,2024,2024-02-06,North Carolina Tar Heels,Clemson Tigers,76,80,34,43,42,37,False,Dean E. Smith Center
401603461,2024,2024-02-06,Houston Cougars,Oklahoma State Cowboys,79,63,40,21,39,42,False,Fertitta Center
401603460,2024,2024-02-06,Baylor Bears,Texas Tech Red Raiders,79,73,36,35,43,38,False,Foster Pavilion
401603462,2024,2024-02-06,Texas Longhorns,Iowa State Cyclones,65,70,19,36,46,34,False,Moody Center
401597170,2024,2024-02-06,South Carolina Gamecocks,Ole Miss Rebels,68,65,43,31,25,34,False,Colonial Life Arena
401597171,2024,2024-02-06,Vanderbilt Commodores,Kentucky Wildcats,77,109,38,54,39,55,False,Memorial Gymnasium (TN)
401596882,2024,2024-02-06,Saint Joseph's Hawks,Dayton Flyers,79,94,38,34,41,60,False,Michael J. Hagan '85 Arena
401603463,2024,2024-02-06,Oklahoma Sooners,BYU Cougars,82,66,34,34,48,32,False,Lloyd Noble Center
401600799,2024,2024-02-06,Utah State Aggies,Nevada Wolf Pack,63,77,27,36,36,41,False,Dee Glen Smith Spectrum
401594452,2024,2024-02-06,Air Force Falcons,San Diego State Aztecs,64,77,20,45,44,32,False,Clune Arena
401602994,2024,2024-02-06,Wyoming Cowboys,New Mexico Lobos,73,91,25,40,48,51,False,Arena-Auditorium
401597174,2024,2024-02-07,Tennessee Volunteers,LSU Tigers,88,68,50,27,38,41,False,Food City Center
401604172,2024,2024-02-07,Duke Blue Devils,Notre Dame Fighting Irish,71,53,33,25,38,28,False,Cameron Indoor Stadium
401600375,2024,2024-02-07,Michigan Wolverines,Wisconsin Badgers,72,68,37,33,35,35,False,Crisler Center
401597172,2024,2024-02-07,Auburn Tigers,Alabama Crimson Tide,99,81,55,41,44,40,False,Neville Arena
401599520,2024,2024-02-07,Providence Friars,Creighton Bluejays,91,87,31,33,47,45,False,Amica Mutual Pavilion
401607413,2024,2024-02-08,Utah Utes,Arizona Wildcats,99,105,25,41,51,35,False,Jon M. Huntsman Center
401602124,2024,2024-02-08,UAB Blazers,Florida Atlantic Owls,76,73,32,39,35,28,False,Bartow Arena
401596888,2024,2024-02-09,VCU Rams,Dayton Flyers,49,47,25,22,24,25,False,Siegel Center
401597943,2024,2024-02-09,Nevada Wolf Pack,San Diego State Aztecs,70,66,30,27,30,33,False,Lawlor Events Center
401599524,2024,2024-02-10,Georgetown Hoyas,UConn Huskies,64,89,28,52,36,37,False,Capital One Arena
401600378,2024,2024-02-10,Purdue Boilermakers,Indiana Hoosiers,79,59,37,25,42,34,False,Mackey Arena
401604180,2024,2024-02-10,Miami Hurricanes,North Carolina Tar Heels,72,75,41,40,31,35,False,Watsco Center
401603467,2024,2024-02-10,Kansas Jayhawks,Baylor Bears,64,61,34,28,30,33,False,Allen Fieldhouse
401603465,2024,2024-02-10,Cincinnati Bearcats,Houston Cougars,62,67,32,29,30,38,False,Fifth Third Arena
401597181,2024,2024-02-10,Texas A&M Aggies,Tennessee Volunteers,85,69,42,28,43,41,False,Reed Arena
401599525,2024,2024-02-10,Marquette Golden Eagles,St. John's Red Storm,86,75,38,47,48,28,False,Fiserv Forum
401607417,2024,2024-02-10,Colorado Buffaloes,Arizona Wildcats,79,99,40,47,39,52,False,CU Events Center
401604176,2024,2024-02-10,Duke Blue Devils,Boston College Eagles,80,65,36,32,44,33,False,Cameron Indoor Stadium
401600377,2024,2024-02-10,Michigan State Spartans,Illinois Fighting Illini,88,80,44,41,44,39,False,Breslin Center
401600381,2024,2024-02-10,Rutgers Scarlet Knights,Wisconsin Badgers,78,56,37,28,41,28,False,Jersey Mike’s Arena
401597176,2024,2024-02-10,Florida Gators,Auburn Tigers,81,65,42,26,39,39,False,Stephen C. O'Connell Center
401603466,2024,2024-02-10,Iowa State Cyclones,TCU Horned Frogs,71,59,30,22,41,37,False,Hilton Coliseum
401597180,2024,2024-02-10,South Carolina Gamecocks,Vanderbilt Commodores,75,60,28,32,47,28,False,Colonial Life Arena
401597178,2024,2024-02-10,LSU Tigers,Alabama Crimson Tide,92,109,46,49,46,60,False,Pete Maravich Assembly Center
401588942,2024,2024-02-10,Kentucky Wildcats,Gonzaga Bulldogs,85,89,32,42,53,47,False,Rupp Arena
401599526,2024,2024-02-10,Xavier Musketeers,Creighton Bluejays,71,78,29,38,42,40,False,Cintas Center
401603464,2024,2024-02-10,BYU Cougars,Kansas State Wildcats,72,66,36,27,36,39,False,Marriott Center
401600800,2024,2024-02-10,Utah State Aggies,Boise State Broncos,80,61,41,30,39,31,False,Dee Glen Smith Spectrum
401603470,2024,2024-02-10,Texas Tech Red Raiders,UCF Knights,66,59,31,25,35,34,False,United Supermarkets Arena
401597310,2024,2024-02-10,New Mexico Lobos,UNLV Rebels,77,80,40,39,37,41,False,The Pit
401602131,2024,2024-02-11,Wichita State Shockers,Florida Atlantic Owls,82,95,36,38,38,36,False,Charles Koch Arena
401603472,2024,2024-02-12,Texas Tech Red Raiders,Kansas Jayhawks,79,50,37,28,42,22,False,United Supermarkets Arena
401604183,2024,2024-02-12,Duke Blue Devils,Wake Forest Demon Deacons,77,69,29,27,48,42,False,Cameron Indoor Stadium
401599528,2024,2024-02-13,Butler Bulldogs,Marquette Golden Eagles,72,78,32,34,40,44,False,Hinkle Fieldhouse
401604187,2024,2024-02-13,Syracuse Orange,North Carolina Tar Heels,86,79,42,42,44,37,False,JMA Wireless Dome
401603474,2024,2024-02-13,Cincinnati Bearcats,Iowa State Cyclones,59,68,26,34,33,34,False,Fifth Third Arena
401603475,2024,2024-02-13,Baylor Bears,Oklahoma Sooners,79,62,40,27,39,35,False,Foster Pavilion
401600384,2024,2024-02-13,Illinois Fighting Illini,Michigan Wolverines,97,68,47,29,50,39,False,State Farm Center
401596897,2024,2024-02-13,Dayton Flyers,Duquesne Dukes,75,59,36,33,39,26,False,UD Arena
401599529,2024,2024-02-13,Creighton Bluejays,Georgetown Hoyas,94,72,46,27,48,45,False,CHI Health Center Omaha
401603473,2024,2024-02-13,BYU Cougars,UCF Knights,90,88,39,26,51,62,False,Marriott Center
401600385,2024,2024-02-13,Wisconsin Badgers,Ohio State Buckeyes,62,54,34,21,28,33,False,Kohl Center
401604184,2024,2024-02-13,Virginia Cavaliers,Pittsburgh Panthers,63,74,31,35,32,39,False,John Paul Jones Arena
401597182,2024,2024-02-13,Kentucky Wildcats,Ole Miss Rebels,75,63,43,29,32,34,False,Rupp Arena
401601894,2024,2024-02-13,Indiana State Sycamores,Illinois State Redbirds,67,80,29,35,38,45,False,Hulman Center
401599531,2024,2024-02-14,DePaul Blue Demons,UConn Huskies,65,101,29,52,36,49,False,Wintrust Arena
401597186,2024,2024-02-14,Arkansas Razorbacks,Tennessee Volunteers,63,92,40,46,23,46,False,Bud Walton Arena
401597185,2024,2024-02-14,Auburn Tigers,South Carolina Gamecocks,101,61,50,28,51,33,False,Neville Arena
401600388,2024,2024-02-15,Purdue Boilermakers,Minnesota Golden Gophers,84,76,35,43,49,33,False,Mackey Arena
401589713,2024,2024-02-15,Saint Mary's Gaels,Pepperdine Waves,103,59,43,27,60,32,False,University Credit Union Pavilion
401602135,2024,2024-02-15,Florida Atlantic Owls,Temple Owls,80,68,45,34,35,34,False,Eleanor R. Baldwin Arena
401581753,2024,2024-02-16,Cornell Big Red,Harvard Crimson,75,62,37,34,38,28,False,Newman Arena
401599533,2024,2024-02-16,Georgetown Hoyas,Villanova Wildcats,54,70,19,28,35,42,False,Capital One Arena
401596901,2024,2024-02-16,Saint Louis Billikens,VCU Rams,85,95,35,42,50,53,False,Chaifetz Arena
401594391,2024,2024-02-16,Saint Peter's Peacocks,Siena Saints,75,53,36,30,39,23,False,Yanitelli Center
401594358,2024,2024-02-16,Rider Broncs,Mount St. Mary's Mountaineers,61,57,22,27,39,30,False,Alumni Gymnasium (Rider)
401594317,2024,2024-02-16,Iona Gaels,Manhattan Jaspers,73,63,29,31,44,32,False,Hynes Athletics Center
401594301,2024,2024-02-16,Fairfield Stags,Niagara Purple Eagles,63,65,30,36,33,29,False,Leo D. Mahoney Arena
401594268,2024,2024-02-16,Marist Red Foxes,Canisius Golden Griffins,78,55,34,31,44,24,False,McCann Arena
401591563,2024,2024-02-16,Columbia Lions,Dartmouth Big Green,73,63,42,25,31,38,False,Levien Gymnasium
401587195,2024,2024-02-16,Pennsylvania Quakers,Yale Bulldogs,62,76,30,45,32,31,False,The Palestra
401577674,2024,2024-02-16,Princeton Tigers,Brown Bears,72,63,25,30,47,33,False,Jadwin Gymnasium
401574542,2024,2024-02-16,Queens University Royals,Jacksonville Dolphins,74,65,38,27,36,38,False,Curry Arena
401574519,2024,2024-02-16,Kennesaw State Owls,North Florida Ospreys,81,82,37,40,44,42,False,KSU Convocation Center
401588682,2024,2024-02-16,Toledo Rockets,Ohio Bobcats,85,83,39,44,46,39,False,Savage Arena
401597945,2024,2024-02-16,San Diego State Aztecs,New Mexico Lobos,81,70,39,28,42,42,False,Viejas Arena
401599536,2024,2024-02-17,UConn Huskies,Marquette Golden Eagles,81,53,42,26,39,27,False,PeoplesBank Arena
401603476,2024,2024-02-17,Houston Cougars,Texas Longhorns,82,61,40,27,42,34,False,Fertitta Center
401607425,2024,2024-02-17,Arizona Wildcats,Arizona State Sun Devils,105,60,49,31,56,29,False,McKale Memorial Center
401603479,2024,2024-02-17,Oklahoma Sooners,Kansas Jayhawks,57,67,34,29,23,38,False,Lloyd Noble Center
401604190,2024,2024-02-17,North Carolina Tar Heels,Virginia Tech Hokies,96,81,50,39,46,42,False,Dean E. Smith Center
401597188,2024,2024-02-17,Tennessee Volunteers,Vanderbilt Commodores,88,53,51,20,37,33,False,Food City Center
401604194,2024,2024-02-17,Florida State Seminoles,Duke Blue Devils,67,76,34,44,33,32,False,Tucker Center
401603477,2024,2024-02-17,Iowa State Cyclones,Texas Tech Red Raiders,82,74,38,24,44,50,False,Hilton Coliseum
401597193,2024,2024-02-17,South Carolina Gamecocks,LSU Tigers,63,64,32,25,31,39,False,Colonial Life Arena
401603482,2024,2024-02-17,West Virginia Mountaineers,Baylor Bears,81,94,34,42,47,52,False,WVU Coliseum
401597190,2024,2024-02-17,Auburn Tigers,Kentucky Wildcats,59,70,29,39,30,31,False,Neville Arena
401600390,2024,2024-02-17,Maryland Terrapins,Illinois Fighting Illini,80,85,38,43,42,42,False,XFINITY Center
401597189,2024,2024-02-17,Alabama Crimson Tide,Texas A&M Aggies,100,75,49,35,51,40,False,Coleman Coliseum
401596906,2024,2024-02-17,Dayton Flyers,Fordham Rams,78,70,44,35,34,35,False,UD Arena
401599534,2024,2024-02-17,Butler Bulldogs,Creighton Bluejays,57,79,35,34,22,45,False,Hinkle Fieldhouse
401603480,2024,2024-02-17,Oklahoma State Cowboys,BYU Cougars,93,83,49,34,44,49,False,Gallagher-Iba Arena
401600393,2024,2024-02-17,Iowa Hawkeyes,Wisconsin Badgers,88,86,43,47,35,31,False,Carver-Hawkeye Arena
401604191,2024,2024-02-17,Virginia Cavaliers,Wake Forest Demon Deacons,49,47,21,22,28,25,False,John Paul Jones Arena
401601900,2024,2024-02-17,Southern Illinois Salukis,Indiana State Sycamores,74,69,31,37,43,32,False,Banterra Center
401600395,2024,2024-02-18,Ohio State Buckeyes,Purdue Boilermakers,73,69,35,30,38,39,False,Value City Arena
401602142,2024,2024-02-18,South Florida Bulls,Florida Atlantic Owls,90,86,46,31,44,55,False,Yuengling Center
401603483,2024,2024-02-19,Houston Cougars,Iowa State Cyclones,73,65,28,23,45,42,False,Fertitta Center
401599538,2024,2024-02-20,Creighton Bluejays,UConn Huskies,85,66,43,29,42,37,False,CHI Health Center Omaha
401597194,2024,2024-02-20,Missouri Tigers,Tennessee Volunteers,67,72,29,26,38,46,False,Mizzou Arena
401603487,2024,2024-02-20,BYU Cougars,Baylor Bears,78,71,42,37,36,34,False,Marriott Center
401589719,2024,2024-02-20,Saint Mary's Gaels,San Francisco Dons,70,66,30,25,40,41,False,University Credit Union Pavilion
401597946,2024,2024-02-20,Utah State Aggies,San Diego State Aztecs,68,63,31,26,37,37,False,Dee Glen Smith Spectrum
401603485,2024,2024-02-20,Texas Tech Red Raiders,TCU Horned Frogs,82,81,38,38,44,43,False,United Supermarkets Arena
401599541,2024,2024-02-21,Marquette Golden Eagles,DePaul Blue Demons,105,71,59,29,46,42,False,Fiserv Forum
401604203,2024,2024-02-21,Miami Hurricanes,Duke Blue Devils,55,84,23,40,32,44,False,Watsco Center
401600399,2024,2024-02-21,Penn State Nittany Lions,Illinois Fighting Illini,90,89,41,48,49,41,False,Rec Hall
401597197,2024,2024-02-21,Alabama Crimson Tide,Florida Gators,98,93,37,41,48,44,False,Coleman Coliseum
401596914,2024,2024-02-21,George Mason Patriots,Dayton Flyers,71,67,27,33,44,34,False,EagleBank Arena
401597198,2024,2024-02-21,LSU Tigers,Kentucky Wildcats,75,74,27,36,48,38,False,Pete Maravich Assembly Center
401606630,2024,2024-02-21,New Mexico Lobos,Colorado State Rams,68,66,30,30,38,36,False,The Pit
401600403,2024,2024-02-22,Purdue Boilermakers,Rutgers Scarlet Knights,96,68,52,33,44,35,False,Mackey Arena
401607431,2024,2024-02-22,Arizona Wildcats,Washington State Cougars,74,77,33,34,41,43,False,McKale Memorial Center
401588694,2024,2024-02-23,Akron Zips,Kent State Golden Flashes,83,70,32,27,51,43,False,James A. Rhodes Arena
401599993,2024,2024-02-23,Jacksonville Dolphins,North Florida Ospreys,62,50,23,25,39,25,False,Swisher Gymnasium
401594359,2024,2024-02-23,Mount St. Mary's Mountaineers,Saint Peter's Peacocks,65,70,29,29,36,41,False,Knott Arena
401594339,2024,2024-02-23,Manhattan Jaspers,Marist Red Foxes,50,57,20,14,30,43,False,Draddy Gymnasium
401594319,2024,2024-02-23,Rider Broncs,Iona Gaels,78,75,41,29,37,46,False,Alumni Gymnasium (Rider)
401594270,2024,2024-02-23,Canisius Golden Griffins,Niagara Purple Eagles,69,59,39,25,30,34,False,Koessler Athletic Center
401589369,2024,2024-02-23,Dartmouth Big Green,Pennsylvania Quakers,69,82,22,39,47,43,False,Leede Arena
401588696,2024,2024-02-23,Bowling Green Falcons,Toledo Rockets,76,68,39,38,37,30,False,Stroh Center
401587748,2024,2024-02-23,Green Bay Phoenix,Purdue Fort Wayne Mastodons,59,85,23,47,36,38,False,Resch Center
401587196,2024,2024-02-23,Cornell Big Red,Yale Bulldogs,65,62,37,27,28,35,False,Newman Arena
401581755,2024,2024-02-23,Harvard Crimson,Princeton Tigers,53,66,31,43,22,23,False,Lavietes Pavilion
401577676,2024,2024-02-23,Columbia Lions,Brown Bears,64,66,26,33,38,33,False,Levien Gymnasium
401587749,2024,2024-02-23,Milwaukee Panthers,Youngstown State Penguins,80,84,25,39,42,28,False,UW-Milwaukee Panther Arena
401596915,2024,2024-02-23,Fordham Rams,Duquesne Dukes,79,67,26,32,53,35,False,Rose Hill Gym
401594303,2024,2024-02-23,Quinnipiac Bobcats,Fairfield Stags,81,85,39,39,42,46,False,M&T Bank Arena
401602986,2024,2024-02-23,San José State Spartans,Nevada Wolf Pack,63,84,29,34,34,50,False,Provident Credit Union Event Center
401599545,2024,2024-02-24,UConn Huskies,Villanova Wildcats,78,54,31,21,47,33,False,Gampel Pavilion
401603489,2024,2024-02-24,Baylor Bears,Houston Cougars,76,82,25,41,44,28,False,Foster Pavilion
401607433,2024,2024-02-24,Arizona Wildcats,Washington Huskies,91,75,52,35,39,40,False,McKale Memorial Center
401597206,2024,2024-02-24,Tennessee Volunteers,Texas A&M Aggies,86,51,37,27,49,24,False,Food City Center
401603490,2024,2024-02-24,Iowa State Cyclones,West Virginia Mountaineers,71,64,40,30,31,34,False,Hilton Coliseum
401604210,2024,2024-02-24,Wake Forest Demon Deacons,Duke Blue Devils,83,79,36,38,47,41,False,LJVM Coliseum
401603491,2024,2024-02-24,Kansas Jayhawks,Texas Longhorns,86,67,45,25,41,42,False,Allen Fieldhouse
401604205,2024,2024-02-24,Virginia Cavaliers,North Carolina Tar Heels,44,54,16,26,28,28,False,John Paul Jones Arena
401600404,2024,2024-02-24,Illinois Fighting Illini,Iowa Hawkeyes,95,85,44,43,51,42,False,State Farm Center
401597202,2024,2024-02-24,Kentucky Wildcats,Alabama Crimson Tide,117,95,58,42,59,53,False,Rupp Arena
401597204,2024,2024-02-24,Georgia Bulldogs,Auburn Tigers,76,97,34,45,42,52,False,Stegeman Coliseum
401589723,2024,2024-02-24,Saint Mary's Gaels,San Diego Toreros,88,62,43,30,45,32,False,University Credit Union Pavilion
401597947,2024,2024-02-24,Fresno State Bulldogs,San Diego State Aztecs,41,73,16,42,25,31,False,Save Mart Center
401597203,2024,2024-02-24,Ole Miss Rebels,South Carolina Gamecocks,59,72,22,36,37,36,False,The Sandy and John Black Pavilion at Ole Miss
401607434,2024,2024-02-24,Arizona State Sun Devils,Washington State Cougars,73,61,36,29,37,32,False,Desert Financial Arena
401597313,2024,2024-02-24,UNLV Rebels,Colorado State Rams,66,60,24,26,42,34,False,Thomas & Mack Center
401603495,2024,2024-02-24,UCF Knights,Texas Tech Red Raiders,75,61,36,32,39,29,False,Addition Financial Arena
401597201,2024,2024-02-24,Florida Gators,Vanderbilt Commodores,77,64,35,20,42,44,False,Stephen C. O'Connell Center
401603492,2024,2024-02-24,Kansas State Wildcats,BYU Cougars,84,74,42,38,42,36,False,Bramlage Coliseum
401600409,2024,2024-02-25,Michigan Wolverines,Purdue Boilermakers,76,84,36,47,40,37,False,Crisler Center
401599546,2024,2024-02-25,Marquette Golden Eagles,Xavier Musketeers,88,64,36,26,52,38,False,Fiserv Forum
401599547,2024,2024-02-25,St. John's Red Storm,Creighton Bluejays,80,66,41,28,39,38,False,Madison Square Garden
401604211,2024,2024-02-26,North Carolina Tar Heels,Miami Hurricanes,75,71,37,32,38,39,False,Dean E. Smith Center
401603497,2024,2024-02-26,TCU Horned Frogs,Baylor Bears,54,62,23,25,31,37,False,Schollmaier Arena
401603498,2024,2024-02-27,Houston Cougars,Cincinnati Bearcats,67,59,26,17,41,42,False,Fertitta Center
401603499,2024,2024-02-27,Kansas Jayhawks,BYU Cougars,68,76,35,29,33,47,False,Allen Fieldhouse
401597209,2024,2024-02-27,Mississippi State Bulldogs,Kentucky Wildcats,89,91,43,35,46,56,False,Humphrey Coliseum
401597948,2024,2024-02-27,San Diego State Aztecs,San José State Spartans,72,64,29,22,43,42,False,Viejas Arena
401596925,2024,2024-02-27,Dayton Flyers,Davidson Wildcats,80,66,40,21,40,45,False,UD Arena
401600803,2024,2024-02-27,Fresno State Bulldogs,Utah State Aggies,73,77,25,30,40,35,False,Save Mart Center
401597211,2024,2024-02-28,Tennessee Volunteers,Auburn Tigers,92,84,44,40,48,44,False,Food City Center
401599551,2024,2024-02-28,Marquette Golden Eagles,Providence Friars,91,69,50,26,41,43,False,Fiserv Forum
401607437,2024,2024-02-28,Arizona State Sun Devils,Arizona Wildcats,67,85,27,41,40,44,False,Desert Financial Arena
401603501,2024,2024-02-28,Iowa State Cyclones,Oklahoma Sooners,58,45,25,20,33,25,False,Hilton Coliseum
401604217,2024,2024-02-28,Duke Blue Devils,Louisville Cardinals,84,59,36,23,48,36,False,Cameron Indoor Stadium
401599550,2024,2024-02-28,Creighton Bluejays,Seton Hall Pirates,85,64,38,22,47,42,False,CHI Health Center Omaha
401600412,2024,2024-02-28,Illinois Fighting Illini,Minnesota Golden Gophers,105,97,48,45,57,52,False,State Farm Center
401597212,2024,2024-02-28,Ole Miss Rebels,Alabama Crimson Tide,88,103,42,39,46,64,False,The Sandy and John Black Pavilion at Ole Miss
401597213,2024,2024-02-28,Texas A&M Aggies,South Carolina Gamecocks,68,70,29,32,39,38,False,Reed Arena
401597210,2024,2024-02-28,Florida Gators,Missouri Tigers,83,74,37,28,46,46,False,Stephen C. O'Connell Center
401589729,2024,2024-02-29,Pepperdine Waves,Saint Mary's Gaels,57,83,28,51,29,32,False,Firestone Fieldhouse
401607451,2024,2024-02-29,Washington State Cougars,USC Trojans,75,72,35,39,40,33,False,Beasley Coliseum
401589728,2024,2024-02-29,San Francisco Dons,Gonzaga Bulldogs,68,86,34,35,34,51,False,Chase Center
401596929,2024,2024-03-01,Loyola Chicago Ramblers,Dayton Flyers,77,72,32,35,45,37,False,Gentile Arena
401594458,2024,2024-03-01,Utah State Aggies,Air Force Falcons,72,60,43,30,29,30,False,Dee Glen Smith Spectrum
401603506,2024,2024-03-02,Oklahoma Sooners,Houston Cougars,85,87,45,48,40,39,False,Lloyd Noble Center
401600418,2024,2024-03-02,Purdue Boilermakers,Michigan State Spartans,80,74,38,35,42,39,False,Mackey Arena
401597215,2024,2024-03-02,Alabama Crimson Tide,Tennessee Volunteers,74,81,41,39,33,42,False,Coleman Coliseum
401599553,2024,2024-03-02,Creighton Bluejays,Marquette Golden Eagles,89,75,42,40,47,35,False,CHI Health Center Omaha
401607438,2024,2024-03-02,Arizona Wildcats,Oregon Ducks,103,83,51,30,52,53,False,McKale Memorial Center
401603503,2024,2024-03-02,Baylor Bears,Kansas Jayhawks,82,74,35,34,47,40,False,Foster Pavilion
401603508,2024,2024-03-02,UCF Knights,Iowa State Cyclones,52,60,29,36,23,24,False,Addition Financial Arena
401604219,2024,2024-03-02,North Carolina Tar Heels,NC State Wolfpack,79,70,37,45,42,25,False,Dean E. Smith Center
401604218,2024,2024-03-02,Duke Blue Devils,Virginia Cavaliers,73,48,40,18,33,30,False,Cameron Indoor Stadium
401597216,2024,2024-03-02,Auburn Tigers,Mississippi State Bulldogs,78,63,39,22,39,41,False,Neville Arena
401600416,2024,2024-03-02,Wisconsin Badgers,Illinois Fighting Illini,83,91,37,39,46,52,False,Kohl Center
401597214,2024,2024-03-02,Kentucky Wildcats,Arkansas Razorbacks,111,102,53,48,58,54,False,Rupp Arena
401589731,2024,2024-03-02,Saint Mary's Gaels,Gonzaga Bulldogs,57,70,28,44,29,26,False,University Credit Union Pavilion
401597219,2024,2024-03-02,South Carolina Gamecocks,Florida Gators,82,76,31,37,51,39,False,Colonial Life Arena
401607449,2024,2024-03-02,Washington State Cougars,UCLA Bruins,77,65,40,32,37,33,False,Beasley Coliseum
401602162,2024,2024-03-02,Charlotte 49ers,South Florida Bulls,61,76,28,33,33,43,False,Halton Arena
401599557,2024,2024-03-03,UConn Huskies,Seton Hall Pirates,91,61,44,29,47,32,False,Gampel Pavilion
401604225,2024,2024-03-04,NC State Wolfpack,Duke Blue Devils,64,79,30,33,34,46,False,Lenovo Center
401603510,2024,2024-03-04,Baylor Bears,Texas Longhorns,93,85,40,48,53,37,False,Foster Pavilion
401600423,2024,2024-03-05,Illinois Fighting Illini,Purdue Boilermakers,71,77,40,34,31,43,False,State Farm Center
401604226,2024,2024-03-05,North Carolina Tar Heels,Notre Dame Fighting Irish,84,51,41,25,43,26,False,Dean E. Smith Center
401597221,2024,2024-03-05,Missouri Tigers,Auburn Tigers,74,101,39,44,35,57,False,Mizzou Arena
401603512,2024,2024-03-05,Kansas Jayhawks,Kansas State Wildcats,90,68,41,33,49,35,False,Allen Fieldhouse
401597222,2024,2024-03-05,Florida Gators,Alabama Crimson Tide,105,87,44,35,61,52,False,Stephen C. O'Connell Center
401597316,2024,2024-03-05,UNLV Rebels,San Diego State Aztecs,62,58,33,28,29,30,False,Thomas & Mack Center
401602169,2024,2024-03-05,South Florida Bulls,Tulane Green Wave,85,72,44,43,41,29,False,Yuengling Center
401596937,2024,2024-03-05,Saint Louis Billikens,Dayton Flyers,83,100,35,49,48,51,False,Chaifetz Arena
401603515,2024,2024-03-06,UCF Knights,Houston Cougars,59,67,31,28,28,39,False,Addition Financial Arena
401599561,2024,2024-03-06,Marquette Golden Eagles,UConn Huskies,67,74,31,42,36,32,False,Fiserv Forum
401597225,2024,2024-03-06,South Carolina Gamecocks,Tennessee Volunteers,59,66,24,35,35,31,False,Colonial Life Arena
401603514,2024,2024-03-06,Iowa State Cyclones,BYU Cougars,68,63,27,38,41,25,False,Hilton Coliseum
401597224,2024,2024-03-06,Kentucky Wildcats,Vanderbilt Commodores,93,77,45,40,48,37,False,Rupp Arena
401600804,2024,2024-03-06,San José State Spartans,Utah State Aggies,70,90,37,53,33,37,False,Provident Credit Union Event Center
401607442,2024,2024-03-07,UCLA Bruins,Arizona Wildcats,65,88,27,44,38,44,False,Pauley Pavilion
401607441,2024,2024-03-07,Washington State Cougars,Washington Huskies,68,74,30,32,38,42,False,Beasley Coliseum
401597949,2024,2024-03-08,San Diego State Aztecs,Boise State Broncos,77,79,31,33,41,39,False,Viejas Arena
401596943,2024,2024-03-08,Dayton Flyers,VCU Rams,91,86,31,38,39,32,False,UD Arena
401603519,2024,2024-03-09,Houston Cougars,Kansas Jayhawks,76,46,40,21,36,25,False,Fertitta Center
401599564,2024,2024-03-09,Providence Friars,UConn Huskies,60,74,24,42,36,32,False,Amica Mutual Pavilion
401597233,2024,2024-03-09,Tennessee Volunteers,Kentucky Wildcats,81,85,29,33,52,52,False,Food City Center
401607475,2024,2024-03-09,USC Trojans,Arizona Wildcats,78,65,34,30,44,35,False,Galen Center
401603520,2024,2024-03-09,Kansas State Wildcats,Iowa State Cyclones,65,58,28,24,37,34,False,Bramlage Coliseum
401604232,2024,2024-03-09,Duke Blue Devils,North Carolina Tar Heels,79,84,31,40,48,44,False,Cameron Indoor Stadium
401599566,2024,2024-03-09,Xavier Musketeers,Marquette Golden Eagles,80,86,33,37,47,49,False,Cintas Center
401599565,2024,2024-03-09,Villanova Wildcats,Creighton Bluejays,67,69,29,40,38,29,False,Xfinity Mobile Arena
401603523,2024,2024-03-09,Texas Tech Red Raiders,Baylor Bears,78,68,40,27,38,41,False,United Supermarkets Arena
401597229,2024,2024-03-09,Auburn Tigers,Georgia Bulldogs,92,78,45,31,47,47,False,Neville Arena
401597228,2024,2024-03-09,Alabama Crimson Tide,Arkansas Razorbacks,92,88,36,42,38,32,False,Coleman Coliseum
401597232,2024,2024-03-09,Mississippi State Bulldogs,South Carolina Gamecocks,89,93,37,38,40,39,False,Humphrey Coliseum
401603517,2024,2024-03-09,BYU Cougars,Oklahoma State Cowboys,85,71,32,29,53,42,False,Marriott Center
401600805,2024,2024-03-09,Utah State Aggies,New Mexico Lobos,87,85,39,44,48,41,False,Dee Glen Smith Spectrum
401602178,2024,2024-03-09,Tulsa Golden Hurricane,South Florida Bulls,76,70,31,37,45,33,False,Reynolds Center
401600433,2024,2024-03-10,Purdue Boilermakers,Wisconsin Badgers,78,70,44,33,34,37,False,Mackey Arena
401600428,2024,2024-03-10,Iowa Hawkeyes,Illinois Fighting Illini,61,73,29,39,32,34,False,Carver-Hawkeye Arena
401625648,2024,2024-03-11,Gonzaga Bulldogs,San Francisco Dons,89,77,38,37,51,40,True,Orleans Arena
401625647,2024,2024-03-11,Saint Mary's Gaels,Santa Clara Broncos,79,65,33,26,46,39,True,Orleans Arena
401625649,2024,2024-03-12,Saint Mary's Gaels,Gonzaga Bulldogs,69,60,31,27,38,33,True,Orleans Arena
401625439,2024,2024-03-13,Kansas Jayhawks,Cincinnati Bearcats,52,72,25,38,27,34,True,T-Mobile Center
401625416,2024,2024-03-13,BYU Cougars,UCF Knights,87,73,47,38,40,35,True,T-Mobile Center
401625441,2024,2024-03-14,Houston Cougars,TCU Horned Frogs,60,45,31,15,29,30,True,T-Mobile Center
401625559,2024,2024-03-14,UConn Huskies,Xavier Musketeers,87,60,34,33,53,27,True,Madison Square Garden
401625407,2024,2024-03-14,North Carolina Tar Heels,Florida State Seminoles,92,67,46,30,46,37,True,Capital One Arena
401625477,2024,2024-03-14,Arizona Wildcats,USC Trojans,70,49,28,16,42,33,True,T-Mobile Arena
401625442,2024,2024-03-14,Iowa State Cyclones,Kansas State Wildcats,76,57,34,27,42,30,True,T-Mobile Center
401625561,2024,2024-03-14,Creighton Bluejays,Providence Friars,73,78,30,33,43,45,True,Madison Square Garden
401625562,2024,2024-03-14,Marquette Golden Eagles,Villanova Wildcats,71,65,28,29,30,29,True,Madison Square Garden
401625409,2024,2024-03-14,Duke Blue Devils,NC State Wolfpack,69,74,32,35,37,39,True,Capital One Arena
401625443,2024,2024-03-14,Baylor Bears,Cincinnati Bearcats,68,56,24,26,44,30,True,T-Mobile Center
401625450,2024,2024-03-14,South Carolina Gamecocks,Arkansas Razorbacks,80,66,38,35,42,31,True,Bridgestone Arena
401625525,2024,2024-03-14,Utah State Aggies,Fresno State Bulldogs,87,75,35,36,35,34,True,Thomas & Mack Center
401625440,2024,2024-03-14,Texas Tech Red Raiders,BYU Cougars,81,67,42,23,39,44,True,T-Mobile Center
401625479,2024,2024-03-14,Washington State Cougars,Stanford Cardinal,79,62,45,29,34,33,True,T-Mobile Arena
401625527,2024,2024-03-14,Nevada Wolf Pack,Colorado State Rams,78,85,33,43,45,42,True,Thomas & Mack Center
401625552,2024,2024-03-14,Dayton Flyers,Duquesne Dukes,57,65,28,30,29,35,True,Barclays Center
401625444,2024,2024-03-15,Houston Cougars,Texas Tech Red Raiders,82,59,32,29,50,30,True,T-Mobile Center
401625563,2024,2024-03-15,UConn Huskies,St. John's Red Storm,95,90,52,47,43,43,False,Madison Square Garden
401625684,2024,2024-03-15,Purdue Boilermakers,Michigan State Spartans,67,62,34,27,33,35,True,Target Center
401625411,2024,2024-03-15,North Carolina Tar Heels,Pittsburgh Panthers,72,65,33,35,39,30,True,Capital One Arena
401625453,2024,2024-03-15,Tennessee Volunteers,Mississippi State Bulldogs,56,73,19,38,37,35,True,Bridgestone Arena
401625481,2024,2024-03-15,Arizona Wildcats,Oregon Ducks,59,67,33,23,26,44,True,T-Mobile Arena
401625445,2024,2024-03-15,Iowa State Cyclones,Baylor Bears,76,62,35,27,41,35,True,T-Mobile Center
401625455,2024,2024-03-15,Kentucky Wildcats,Texas A&M Aggies,87,97,42,48,45,49,True,Bridgestone Arena
401625564,2024,2024-03-15,Marquette Golden Eagles,Providence Friars,79,68,42,31,37,37,True,Madison Square Garden
401625454,2024,2024-03-15,Auburn Tigers,South Carolina Gamecocks,86,55,46,26,40,29,True,Bridgestone Arena
401625686,2024,2024-03-15,Illinois Fighting Illini,Ohio State Buckeyes,77,74,31,29,46,45,True,Target Center
401625529,2024,2024-03-15,Utah State Aggies,San Diego State Aztecs,70,86,39,36,31,50,True,Thomas & Mack Center
401625456,2024,2024-03-15,Alabama Crimson Tide,Florida Gators,88,102,33,48,55,54,True,Bridgestone Arena
401625482,2024,2024-03-15,Washington State Cougars,Colorado Buffaloes,52,58,23,27,29,31,True,T-Mobile Arena
401625446,2024,2024-03-16,Houston Cougars,Iowa State Cyclones,41,69,23,30,18,39,True,T-Mobile Center
401625565,2024,2024-03-16,UConn Huskies,Marquette Golden Eagles,73,57,26,24,47,33,True,Madison Square Garden
401625688,2024,2024-03-16,Purdue Boilermakers,Wisconsin Badgers,75,76,36,36,30,30,True,Target Center
401625413,2024,2024-03-16,North Carolina Tar Heels,NC State Wolfpack,76,84,40,39,36,45,True,Capital One Arena
401625457,2024,2024-03-16,Auburn Tigers,Mississippi State Bulldogs,73,66,31,31,42,35,True,Bridgestone Arena
401625689,2024,2024-03-16,Illinois Fighting Illini,Nebraska Cornhuskers,98,87,40,51,58,36,True,Target Center
401625459,2024,2024-03-17,Auburn Tigers,Florida Gators,86,67,38,30,48,37,True,Bridgestone Arena
401625690,2024,2024-03-17,Illinois Fighting Illini,Wisconsin Badgers,93,87,41,40,52,47,True,Target Center
401638580,2024,2024-03-19,Virginia Cavaliers,Colorado State Rams,42,67,14,27,28,40,True,UD Arena
401638579,2024,2024-03-19,Howard Bison,Wagner Seahawks,68,71,27,38,41,33,True,UD Arena
401638582,2024,2024-03-20,Boise State Broncos,Colorado Buffaloes,53,60,24,26,29,34,True,UD Arena
401638581,2024,2024-03-20,Montana State Bobcats,Grambling Tigers,81,88,42,33,30,39,True,UD Arena
401638586,2024,2024-03-21,North Carolina Tar Heels,Wagner Seahawks,90,62,40,28,50,34,True,Spectrum Center
401638583,2024,2024-03-21,Arizona Wildcats,Long Beach State Beach,85,65,41,35,44,30,True,Delta Center
401638595,2024,2024-03-21,Iowa State Cyclones,South Dakota State Jackrabbits,82,65,40,33,42,32,True,CHI Health Center Omaha
401638587,2024,2024-03-21,Tennessee Volunteers,Saint Peter's Peacocks,83,49,46,20,37,29,True,Spectrum Center
401638589,2024,2024-03-21,Creighton Bluejays,Akron Zips,77,60,39,34,38,26,True,PPG Paints Arena
401638597,2024,2024-03-21,Illinois Fighting Illini,Morehead State Eagles,85,69,39,38,46,31,True,CHI Health Center Omaha
401638593,2024,2024-03-21,Kentucky Wildcats,Oakland Golden Grizzlies,76,80,35,38,41,42,True,PPG Paints Arena
401638591,2024,2024-03-21,Kansas Jayhawks,Samford Bulldogs,93,89,48,38,45,51,True,Delta Center
401638592,2024,2024-03-21,Gonzaga Bulldogs,McNeese Cowboys,86,65,48,25,38,40,True,Delta Center
401638598,2024,2024-03-21,BYU Cougars,Duquesne Dukes,67,71,30,38,37,33,True,CHI Health Center Omaha
401638590,2024,2024-03-21,South Carolina Gamecocks,Oregon Ducks,73,87,29,34,44,53,True,PPG Paints Arena
401638594,2024,2024-03-21,Texas Tech Red Raiders,NC State Wolfpack,67,80,33,37,34,43,True,PPG Paints Arena
401638584,2024,2024-03-21,Dayton Flyers,Nevada Wolf Pack,63,60,25,34,38,26,True,Delta Center
401638588,2024,2024-03-21,Texas Longhorns,Colorado State Rams,56,44,27,11,29,33,True,Spectrum Center
401638596,2024,2024-03-21,Washington State Cougars,Drake Bulldogs,66,61,33,29,33,32,True,CHI Health Center Omaha
401638585,2024,2024-03-21,Mississippi State Bulldogs,Michigan State Spartans,51,69,24,31,27,38,True,Spectrum Center
401638599,2024,2024-03-22,UConn Huskies,Stetson Hatters,91,52,52,19,39,33,True,Barclays Center
401638601,2024,2024-03-22,Purdue Boilermakers,Grambling Tigers,78,50,36,27,42,23,True,Gainbridge Fieldhouse
401638600,2024,2024-03-22,Houston Cougars,Longwood Lancers,86,46,43,16,43,30,True,FedExForum
401638607,2024,2024-03-22,Marquette Golden Eagles,Western Kentucky Hilltoppers,87,69,36,43,51,26,True,Gainbridge Fieldhouse
401638602,2024,2024-03-22,Baylor Bears,Colgate Raiders,92,67,54,34,38,33,True,FedExForum
401638612,2024,2024-03-22,Auburn Tigers,Yale Bulldogs,76,78,41,34,35,44,True,Spokane Arena
401638609,2024,2024-03-22,Duke Blue Devils,Vermont Catamounts,64,47,34,29,30,18,True,Barclays Center
401638604,2024,2024-03-22,Alabama Crimson Tide,Charleston Cougars,109,96,51,34,58,62,True,Spokane Arena
401638613,2024,2024-03-22,San Diego State Aztecs,UAB Blazers,69,65,35,29,34,36,True,Spokane Arena
401638610,2024,2024-03-22,Wisconsin Badgers,James Madison Dukes,61,72,20,33,41,39,True,Barclays Center
401638605,2024,2024-03-22,Saint Mary's Gaels,Grand Canyon Lopes,66,75,27,28,39,47,True,Spokane Arena
401638603,2024,2024-03-22,Clemson Tigers,New Mexico Lobos,77,56,42,28,35,28,True,FedExForum
401638608,2024,2024-03-22,Florida Gators,Colorado Buffaloes,100,102,45,45,55,57,True,Gainbridge Fieldhouse
401638614,2024,2024-03-22,Florida Atlantic Owls,Northwestern Wildcats,65,77,20,19,38,39,True,Barclays Center
401638611,2024,2024-03-22,Nebraska Cornhuskers,Texas A&M Aggies,83,98,44,58,39,40,True,FedExForum
401638606,2024,2024-03-22,Utah State Aggies,TCU Horned Frogs,88,72,43,37,45,35,True,Gainbridge Fieldhouse
401638622,2024,2024-03-23,North Carolina Tar Heels,Michigan State Spartans,85,69,40,31,45,38,True,Spectrum Center
401638621,2024,2024-03-23,Arizona Wildcats,Dayton Flyers,78,68,40,33,38,35,True,Delta Center
401638616,2024,2024-03-23,Iowa State Cyclones,Washington State Cougars,67,56,27,27,40,29,True,CHI Health Center Omaha
401638619,2024,2024-03-23,Tennessee Volunteers,Texas Longhorns,62,58,28,19,34,39,True,Spectrum Center
401638615,2024,2024-03-23,Illinois Fighting Illini,Duquesne Dukes,89,63,50,26,39,37,True,CHI Health Center Omaha
401638618,2024,2024-03-23,Creighton Bluejays,Oregon Ducks,86,73,36,34,26,28,True,PPG Paints Arena
401638617,2024,2024-03-23,Kansas Jayhawks,Gonzaga Bulldogs,68,89,44,43,24,46,True,Delta Center
401638620,2024,2024-03-23,NC State Wolfpack,Oakland Golden Grizzlies,79,73,32,29,34,37,True,PPG Paints Arena
401638628,2024,2024-03-24,Purdue Boilermakers,Utah State Aggies,106,67,49,33,57,34,True,Gainbridge Fieldhouse
401638630,2024,2024-03-24,UConn Huskies,Northwestern Wildcats,75,58,40,18,35,40,True,Barclays Center
401638626,2024,2024-03-24,Houston Cougars,Texas A&M Aggies,100,95,43,38,43,48,True,FedExForum
401638625,2024,2024-03-24,Marquette Golden Eagles,Colorado Buffaloes,81,77,45,34,36,43,True,Gainbridge Fieldhouse
401638624,2024,2024-03-24,Baylor Bears,Clemson Tigers,64,72,25,35,39,37,True,FedExForum
401638627,2024,2024-03-24,Duke Blue Devils,James Madison Dukes,93,55,47,25,46,30,True,Barclays Center
401638623,2024,2024-03-24,Alabama Crimson Tide,Grand Canyon Lopes,72,61,38,30,34,31,True,Spokane Arena
401638629,2024,2024-03-24,San Diego State Aztecs,Yale Bulldogs,85,57,45,21,40,36,True,Spokane Arena
401638633,2024,2024-03-28,UConn Huskies,San Diego State Aztecs,82,52,40,31,42,21,True,TD Garden
401638632,2024,2024-03-28,North Carolina Tar Heels,Alabama Crimson Tide,87,89,54,46,33,43,True,crypto.com Arena
401638631,2024,2024-03-28,Arizona Wildcats,Clemson Tigers,72,77,31,39,41,38,True,crypto.com Arena
401638634,2024,2024-03-28,Iowa State Cyclones,Illinois Fighting Illini,69,72,26,36,43,36,True,TD Garden
401638635,2024,2024-03-29,Purdue Boilermakers,Gonzaga Bulldogs,80,68,40,36,40,32,True,Little Caesars Arena
401638638,2024,2024-03-29,Houston Cougars,Duke Blue Devils,51,54,22,23,29,31,True,American Airlines Center
401638637,2024,2024-03-29,Marquette Golden Eagles,NC State Wolfpack,58,67,24,37,34,30,True,American Airlines Center
401638636,2024,2024-03-29,Tennessee Volunteers,Creighton Bluejays,82,75,34,35,48,40,True,Little Caesars Arena
401638639,2024,2024-03-30,UConn Huskies,Illinois Fighting Illini,77,52,28,23,49,29,True,TD Garden
401638640,2024,2024-03-30,Alabama Crimson Tide,Clemson Tigers,89,82,35,32,54,50,True,crypto.com Arena
401638642,2024,2024-03-31,Purdue Boilermakers,Tennessee Volunteers,72,66,36,34,36,32,True,Little Caesars Arena
401638641,2024,2024-03-31,Duke Blue Devils,NC State Wolfpack,64,76,27,21,37,55,True,American Airlines Center
401638643,2024,2024-04-06,Purdue Boilermakers,NC State Wolfpack,63,50,35,29,28,21,True,State Farm Stadium
401638644,2024,2024-04-06,UConn Huskies,Alabama Crimson Tide,86,72,44,40,42,32,True,State Farm Stadium
401638645,2024,2024-04-08,UConn Huskies,Purdue Boilermakers,75,60,36,30,39,30,True,State Farm Stadium
401706962,2024,2024-11-04,Kansas Jayhawks,Howard Bison,87,57,46,19,41,38,False,Allen Fieldhouse
401719228,2024,2024-11-04,Alabama Crimson Tide,UNC Asheville Bulldogs,110,54,50,29,60,25,False,Coleman Coliseum
401706926,2024,2024-11-04,Houston Cougars,Jackson State Tigers,97,40,52,13,45,27,False,Fertitta Center
401706954,2024,2024-11-04,Iowa State Cyclones,Mississippi Valley State Delta Devils,83,44,44,21,39,23,False,Hilton Coliseum
401727062,2024,2024-11-04,Gonzaga Bulldogs,Baylor Bears,101,63,49,30,52,33,False,Spokane Arena
401706881,2024,2024-11-04,Duke Blue Devils,Maine Black Bears,96,62,44,33,52,29,False,Cameron Indoor Stadium
401700434,2024,2024-11-04,North Carolina Tar Heels,Elon Phoenix,90,76,51,39,39,37,False,Dean E. Smith Center
401706149,2024,2024-11-04,Arizona Wildcats,Canisius Golden Griffins,93,64,52,30,41,34,False,McKale Memorial Center
401715335,2024,2024-11-04,Tennessee Volunteers,Gardner-Webb Runnin' Bulldogs,80,64,44,32,36,32,False,Food City Center
401715355,2024,2024-11-04,UCF Knights,Texas A&M Aggies,64,61,29,29,35,32,False,Addition Financial Arena
401707976,2024,2024-11-04,Purdue Boilermakers,Texas A&M-Corpus Christi Islanders,90,73,49,33,41,40,False,Mackey Arena
401715476,2024,2024-11-04,Marquette Golden Eagles,Stony Brook Seawolves,102,62,48,30,54,32,False,Fiserv Forum
401715344,2024,2024-11-04,Texas Longhorns,Ohio State Buckeyes,72,80,31,38,41,42,True,T-Mobile Arena
401715627,2024,2024-11-04,Cincinnati Bearcats,Arkansas-Pine Bluff Golden Lions,109,54,55,32,54,22,False,Fifth Third Arena
401714888,2024,2024-11-04,Florida Gators,South Florida Bulls,98,83,39,40,59,43,True,VyStar Veterans Memorial Arena
401706148,2024,2024-11-04,UCLA Bruins,Rider Broncs,85,50,41,23,44,27,False,Pauley Pavilion
401714908,2024,2024-11-04,Kentucky Wildcats,Wright State Raiders,103,62,46,24,57,38,False,Rupp Arena
401715317,2024,2024-11-04,Ole Miss Rebels,Long Island University Sharks,90,60,44,27,46,33,False,The Sandy and John Black Pavilion at Ole Miss
401722276,2024,2024-11-05,Rice Owls,Florida International Panthers,77,70,38,27,39,43,False,Tudor Fieldhouse
401721763,2024,2024-11-05,Colgate Raiders,SUNY-Canton Roos,95,62,48,32,47,30,False,Cotterell Court
401700264,2024,2024-11-05,Kennesaw State Owls,Toccoa Falls Eagles,110,61,50,26,60,35,False,KSU Convocation Center
401722271,2024,2024-11-05,North Texas Mean Green,Evansville Purple Aces,80,63,42,17,38,46,False,The Super Pit
401715636,2024,2024-11-05,Texas Tech Red Raiders,Bethune-Cookman Wildcats,94,61,50,28,44,33,False,United Supermarkets Arena
401706971,2024,2024-11-05,Kansas State Wildcats,New Orleans Privateers,89,65,44,32,45,33,False,Bramlage Coliseum
401720869,2024,2024-11-05,Arizona State Sun Devils,Idaho State Bengals,55,48,31,20,24,28,False,Desert Financial Arena
401706909,2024,2024-11-05,BYU Cougars,Central Arkansas Bears,88,50,46,23,42,27,False,Marriott Center
401725365,2024,2024-11-05,San Francisco Dons,Cal Poly Mustangs,86,78,39,35,47,43,False,The Sobrato Center
401720870,2024,2024-11-05,Sacramento State Hornets,Cal Maritime Keelhaulers,106,44,53,13,53,31,False,The Nest
401715429,2024,2024-11-05,Washington Huskies,UC Davis Aggies,79,73,37,33,42,40,False,Alaska Airlines Arena
401715607,2024,2024-11-06,UConn Huskies,Sacred Heart Pioneers,92,56,46,31,46,25,False,Gampel Pavilion
401714641,2024,2024-11-06,Auburn Tigers,Vermont Catamounts,94,43,46,21,48,22,False,Neville Arena
401715448,2024,2024-11-06,Creighton Bluejays,UT Rio Grande Valley Vaqueros,99,86,46,38,53,48,False,CHI Health Center Omaha
401711682,2024,2024-11-06,Arkansas Razorbacks,Lipscomb Bisons,76,60,39,28,37,32,False,Bud Walton Arena
401707857,2024,2024-11-06,Indiana Hoosiers,SIU Edwardsville Cougars,80,61,42,30,38,31,False,Simon Skjodt Assembly Hall
401715422,2024,2024-11-06,Rutgers Scarlet Knights,Wagner Seahawks,75,52,36,19,39,33,False,Jersey Mike’s Arena
401714889,2024,2024-11-07,Florida Gators,Jacksonville Dolphins,81,60,46,32,35,28,False,Stephen C. O'Connell Center
401700435,2024,2024-11-08,Kansas Jayhawks,North Carolina Tar Heels,92,89,53,38,39,51,False,Allen Fieldhouse
401724531,2024,2024-11-08,Alabama Crimson Tide,Arkansas State Red Wolves,88,79,43,40,45,39,False,Coleman Coliseum
401706882,2024,2024-11-08,Duke Blue Devils,Army Black Knights,100,58,43,20,57,38,False,Cameron Indoor Stadium
401715356,2024,2024-11-08,Texas A&M Aggies,East Texas A&M Lions,87,55,50,24,37,31,False,Reed Arena
401707977,2024,2024-11-08,Purdue Boilermakers,Northern Kentucky Norse,72,50,37,24,35,26,False,Mackey Arena
401715477,2024,2024-11-08,Marquette Golden Eagles,George Mason Patriots,82,63,36,37,46,26,False,Fiserv Forum
401715345,2024,2024-11-08,Texas Longhorns,Houston Christian Huskies,90,59,42,35,48,24,False,Moody Center
401715628,2024,2024-11-08,Cincinnati Bearcats,Morehead State Eagles,83,56,37,19,46,37,False,Fifth Third Arena
401709999,2024,2024-11-08,UCLA Bruins,New Mexico Lobos,64,72,30,41,34,31,True,Lee's Family Forum
401715318,2024,2024-11-08,Ole Miss Rebels,Grambling Tigers,66,64,25,33,41,31,False,The Sandy and John Black Pavilion at Ole Miss
401715608,2024,2024-11-09,UConn Huskies,New Hampshire Wildcats,92,53,35,24,57,29,False,PeoplesBank Arena
401706947,2024,2024-11-09,Houston Cougars,Auburn Tigers,69,74,33,28,36,46,True,Toyota Center (Houston)
401727063,2024,2024-11-09,Arkansas Razorbacks,Baylor Bears,67,72,33,42,34,30,True,American Airlines Center
401722310,2024,2024-11-09,Arizona Wildcats,Old Dominion Monarchs,102,44,50,21,52,23,False,McKale Memorial Center
401700427,2024,2024-11-09,Louisville Cardinals,Tennessee Volunteers,55,77,26,40,29,37,False,KFC Yum! Center
401714909,2024,2024-11-09,Kentucky Wildcats,Bucknell Bison,100,72,47,31,53,41,False,Rupp Arena
401722304,2024,2024-11-10,Gonzaga Bulldogs,Arizona State Sun Devils,88,80,38,38,50,42,False,McCarthey Athletic Center
401715449,2024,2024-11-10,Creighton Bluejays,Fairleigh Dickinson Knights,96,70,50,34,46,36,False,CHI Health Center Omaha
401707858,2024,2024-11-10,Indiana Hoosiers,Eastern Illinois Panthers,90,55,36,37,54,18,False,Simon Skjodt Assembly Hall
401720709,2024,2024-11-11,Alabama Crimson Tide,McNeese Cowboys,72,64,41,30,31,34,False,Coleman Coliseum
401706955,2024,2024-11-11,Iowa State Cyclones,Kansas City Roos,82,56,34,22,48,34,False,Hilton Coliseum
401707978,2024,2024-11-11,Purdue Boilermakers,Yale Bulldogs,92,84,45,34,47,50,False,Mackey Arena
401715478,2024,2024-11-11,Marquette Golden Eagles,Central Michigan Chippewas,70,62,42,27,28,35,False,Fiserv Forum
401714890,2024,2024-11-11,Florida Gators,Grambling Tigers,86,62,43,28,43,34,False,Stephen C. O'Connell Center
401715406,2024,2024-11-11,Ohio State Buckeyes,Youngstown State Penguins,81,47,37,22,44,25,False,Value City Arena
401715357,2024,2024-11-11,Texas A&M Aggies,Lamar Cardinals,97,71,50,29,47,42,False,Reed Arena
401715423,2024,2024-11-11,Rutgers Scarlet Knights,Saint Peter's Peacocks,75,65,37,42,38,23,False,Jersey Mike’s Arena
401706963,2024,2024-11-12,Kansas Jayhawks,Michigan State Spartans,77,69,30,24,47,45,True,State Farm Arena
401706883,2024,2024-11-12,Kentucky Wildcats,Duke Blue Devils,77,72,37,46,40,26,True,State Farm Arena
401726427,2024,2024-11-12,Baylor Bears,Sam Houston Bearkats,104,67,54,37,50,30,False,Foster Pavilion
401715319,2024,2024-11-12,Ole Miss Rebels,South Alabama Jaguars,64,54,38,26,26,28,False,C. M. Tad Smith Coliseum
401715609,2024,2024-11-13,UConn Huskies,Le Moyne Dolphins,90,49,38,19,52,30,False,PeoplesBank Arena
401714642,2024,2024-11-13,Auburn Tigers,Kent State Golden Flashes,79,56,36,22,43,34,False,Neville Arena
401706948,2024,2024-11-13,Houston Cougars,Louisiana Ragin' Cajuns,91,45,51,25,40,20,False,Fertitta Center
401715336,2024,2024-11-13,Tennessee Volunteers,Montana Grizzlies,92,57,40,31,52,26,False,Food City Center
401715450,2024,2024-11-13,Creighton Bluejays,Houston Christian Huskies,78,43,39,12,39,31,False,CHI Health Center Omaha
401727079,2024,2024-11-13,Arkansas Razorbacks,Troy Trojans,65,49,26,27,39,22,False,Bud Walton Arena
401715592,2024,2024-11-13,St. John's Red Storm,Wagner Seahawks,66,45,31,22,35,23,False,Carnesecca Arena
401725815,2024,2024-11-14,North Dakota Fighting Hawks,Utah Valley Wolverines,77,71,33,34,44,37,False,Betty Engelstad Sioux Center
401720729,2024,2024-11-14,New Orleans Privateers,Lindenwood Lions,82,74,38,31,44,43,True,UPMC Events Center
401721021,2024,2024-11-14,IU Indianapolis Jaguars,Eastern Michigan Eagles,71,74,39,45,32,29,False,Corteva Coliseum
401727426,2024,2024-11-14,The Citadel Bulldogs,North Greenville Crusaders,79,54,37,23,42,31,False,McAlister Field House
401726390,2024,2024-11-14,Florida International Panthers,Florida National Conquistadors,110,55,50,25,60,30,False,Ocean Bank Convocation Center
401726024,2024,2024-11-14,South Dakota Coyotes,Dakota Wesleyan Tigers,92,69,49,29,43,40,False,Sanford Coyote Sports Center
401722167,2024,2024-11-14,UMBC Retrievers,Coppin State Eagles,92,67,43,27,49,40,False,Chesapeake Employers Insurance Arena
401722009,2024,2024-11-14,Robert Morris Colonials,Stonehill Skyhawks,63,51,29,25,34,26,False,UPMC Events Center
401721969,2024,2024-11-14,Jacksonville Dolphins,South Carolina State Bulldogs,71,62,27,32,44,30,False,Swisher Gymnasium
401721011,2024,2024-11-14,Buffalo Bulls,Bryant Bulldogs,64,87,25,50,39,37,False,Alumni Arena
401715431,2024,2024-11-14,Northern Kentucky Norse,Nicholls Colonels,59,61,25,35,34,26,False,Truist Arena
401727086,2024,2024-11-14,UL Monroe Warhawks,Ecclesia Royals,110,48,63,23,47,25,False,Fant-Ewing Coliseum
401715914,2024,2024-11-14,Wichita State Shockers,Northern Iowa Panthers,79,73,34,32,45,41,False,Charles Koch Arena
401715310,2024,2024-11-14,Missouri Tigers,Mississippi Valley State Delta Devils,111,39,51,19,60,20,False,Mizzou Arena
401732949,2024,2024-11-14,Tarleton State Texans,Tabor,88,57,44,34,44,23,False,Wisdom Gym
401727322,2024,2024-11-14,Chattanooga Mocs,Morehead State Eagles,76,62,37,37,39,25,False,McKenzie Arena
401719219,2024,2024-11-14,Oklahoma State Cowboys,Southern Illinois Salukis,85,78,38,37,47,41,False,Gallagher-Iba Arena
401727090,2024,2024-11-14,Denver Pioneers,Colorado Christian Cougars,86,63,38,33,48,30,False,Hamilton Gymnasium
401719369,2024,2024-11-14,South Dakota State Jackrabbits,Northern Colorado Bears,69,78,33,43,36,35,True,Summit Arena
401715987,2024,2024-11-14,Arizona State Sun Devils,Grand Canyon Lopes,87,76,41,40,46,36,True,Mortgage Matchup Center
401706973,2024,2024-11-14,Kansas State Wildcats,LSU Tigers,65,76,31,43,34,33,False,Bramlage Coliseum
401720748,2024,2024-11-14,New Mexico State Aggies,Texas A&M-Corpus Christi Islanders,83,82,48,32,35,50,False,Pan American Center
401727274,2024,2024-11-14,UC Riverside Highlanders,La Sierra Golden Eagles,79,51,36,20,43,31,False,SRC Arena
401725507,2024,2024-11-14,Cal Poly Mustangs,Seattle U Redhawks,75,71,37,31,38,40,False,Mott Athletics Center
401722385,2024,2024-11-14,UNLV Rebels,Omaha Mavericks,80,69,35,29,45,40,False,Thomas & Mack Center
401720880,2024,2024-11-14,Pacific Tigers,Northern Arizona Lumberjacks,57,60,24,30,33,30,False,Alex G. Spanos Center
401707979,2024,2024-11-15,Purdue Boilermakers,Alabama Crimson Tide,87,78,42,40,45,38,False,Mackey Arena
401722173,2024,2024-11-15,Gonzaga Bulldogs,UMass Lowell River Hawks,113,54,49,27,64,27,False,McCarthey Athletic Center
401715442,2024,2024-11-15,Wisconsin Badgers,Arizona Wildcats,103,88,55,44,48,44,False,Kohl Center
401700436,2024,2024-11-15,North Carolina Tar Heels,American University Eagles,107,55,43,34,64,21,False,Dean E. Smith Center
401707869,2024,2024-11-15,Maryland Terrapins,Marquette Golden Eagles,74,78,34,30,40,48,False,XFINITY Center
401715629,2024,2024-11-15,Cincinnati Bearcats,Nicholls Colonels,86,49,42,22,44,27,False,Fifth Third Arena
401714891,2024,2024-11-15,Florida State Seminoles,Florida Gators,74,87,31,44,43,43,False,Tucker Center
401715358,2024,2024-11-15,Texas A&M Aggies,Ohio State Buckeyes,78,64,31,22,47,42,False,Reed Arena
401715424,2024,2024-11-15,Rutgers Scarlet Knights,Monmouth Hawks,98,81,47,30,51,51,False,Jersey Mike’s Arena
401706964,2024,2024-11-16,Kansas Jayhawks,Oakland Golden Grizzlies,78,57,46,24,32,33,False,Allen Fieldhouse
401706884,2024,2024-11-16,Duke Blue Devils,Wofford Terriers,86,35,51,14,35,21,False,Cameron Indoor Stadium
401715451,2024,2024-11-16,Creighton Bluejays,Kansas City Roos,79,56,48,31,31,25,False,CHI Health Center Omaha
401707859,2024,2024-11-16,Indiana Hoosiers,South Carolina Gamecocks,87,71,43,32,44,39,False,Simon Skjodt Assembly Hall
401715320,2024,2024-11-16,Ole Miss Rebels,Colorado State Rams,84,69,45,26,39,43,True,Landers Center
401715337,2024,2024-11-17,Tennessee Volunteers,Austin Peay Governors,103,68,52,29,51,39,False,Food City Center
401727064,2024,2024-11-17,Baylor Bears,Tarleton State Texans,104,41,56,13,48,28,False,Foster Pavilion
401715593,2024,2024-11-17,St. John's Red Storm,New Mexico Lobos,85,71,40,29,45,42,False,Madison Square Garden
401722265,2024,2024-11-18,San Diego State Aztecs,Gonzaga Bulldogs,67,80,31,40,36,40,False,Viejas Arena
401711733,2024,2024-11-18,Auburn Tigers,North Alabama Lions,102,69,50,37,52,32,False,Neville Arena
401706956,2024,2024-11-18,Iowa State Cyclones,IU Indianapolis Jaguars,87,52,49,29,38,23,False,Hilton Coliseum
401715443,2024,2024-11-18,Wisconsin Badgers,UT Rio Grande Valley Vaqueros,87,84,48,52,39,32,False,Kohl Center
401725196,2024,2024-11-18,Arkansas Razorbacks,Pacific Tigers,91,72,44,37,47,35,False,Bud Walton Arena
401706965,2024,2024-11-19,Kansas Jayhawks,UNC Wilmington Seahawks,84,66,43,38,41,28,False,Allen Fieldhouse
401715610,2024,2024-11-19,UConn Huskies,East Texas A&M Lions,81,46,42,20,39,26,False,Gampel Pavilion
401707980,2024,2024-11-19,Marquette Golden Eagles,Purdue Boilermakers,76,58,35,28,41,30,False,Fiserv Forum
401711685,2024,2024-11-19,Kentucky Wildcats,Lipscomb Bisons,97,68,43,26,54,42,False,Rupp Arena
401715630,2024,2024-11-19,Northern Kentucky Norse,Cincinnati Bearcats,60,76,28,32,32,44,False,Truist Arena
401714892,2024,2024-11-19,Florida Gators,Florida A&M Rattlers,84,60,46,22,38,38,False,Stephen C. O'Connell Center
401709971,2024,2024-11-20,Gonzaga Bulldogs,Long Beach State Beach,84,41,40,24,44,17,False,McCarthey Athletic Center
401707850,2024,2024-11-20,Alabama Crimson Tide,Illinois Fighting Illini,100,87,52,38,48,49,True,Legacy Arena at BJCC
401715359,2024,2024-11-20,Texas A&M Aggies,Southern Jaguars,71,54,25,39,46,15,False,Reed Arena
401715425,2024,2024-11-20,Rutgers Scarlet Knights,Merrimack Warriors,74,63,37,30,37,33,False,Jersey Mike’s Arena
401715338,2024,2024-11-21,Tennessee Volunteers,Virginia Cavaliers,64,42,22,21,42,21,True,Baha Mar Convention Center
401715594,2024,2024-11-21,St. John's Red Storm,Baylor Bears,98,99,44,30,33,47,True,Baha Mar Convention Center
401707860,2024,2024-11-21,Indiana Hoosiers,UNC Greensboro Spartans,69,58,36,27,33,31,False,Simon Skjodt Assembly Hall
401706949,2024,2024-11-22,Houston Cougars,Hofstra Pride,80,44,48,18,32,26,False,Fertitta Center
401714910,2024,2024-11-22,Kentucky Wildcats,Jackson State Tigers,108,59,54,30,54,29,False,Rupp Arena
401700437,2024,2024-11-22,Hawai'i Rainbow Warriors,North Carolina Tar Heels,69,87,34,41,35,46,False,Stan Sheriff Center
401729733,2024,2024-11-22,Baylor Bears,Tennessee Volunteers,62,77,20,47,42,30,True,Baha Mar Convention Center
401706885,2024,2024-11-22,Arizona Wildcats,Duke Blue Devils,55,69,27,34,28,35,False,McKale Memorial Center
401715452,2024,2024-11-22,Creighton Bluejays,Nebraska Cornhuskers,63,74,24,35,39,39,False,CHI Health Center Omaha
401715444,2024,2024-11-22,Wisconsin Badgers,UCF Knights,86,70,46,31,40,39,True,Colonial Hall
401727319,2024,2024-11-22,Arkansas Razorbacks,Little Rock Trojans,79,67,42,24,37,43,False,Bud Walton Arena
401714893,2024,2024-11-22,Florida Gators,Southern Illinois Salukis,93,68,46,25,47,43,False,Stephen C. O'Connell Center
401729735,2024,2024-11-22,St. John's Red Storm,Virginia Cavaliers,80,55,39,26,41,29,True,Baha Mar Convention Center
401707981,2024,2024-11-23,Purdue Boilermakers,Marshall Thundering Herd,80,45,39,24,41,21,False,Mackey Arena
401714900,2024,2024-11-23,Marquette Golden Eagles,Georgia Bulldogs,80,69,36,35,44,34,True,Imperial Arena
401715631,2024,2024-11-23,Georgia Tech Yellow Jackets,Cincinnati Bearcats,58,81,29,45,29,36,False,McCamish Pavilion
401707851,2024,2024-11-23,Illinois Fighting Illini,Maryland Eastern Shore Hawks,87,40,35,15,52,25,False,State Farm Center
401729804,2024,2024-11-24,Pittsburgh Panthers,Wisconsin Badgers,75,81,34,27,41,54,True,Colonial Hall
401714901,2024,2024-11-24,Georgia Bulldogs,St. John's Red Storm,66,63,32,28,34,35,True,Imperial Arena
401700269,2024,2024-11-24,Kennesaw State Owls,Rutgers Scarlet Knights,79,77,44,26,35,51,False,KSU Convocation Center
401715611,2024,2024-11-25,UConn Huskies,Memphis Tigers,97,99,40,40,42,42,True,Lahaina Civic Center
401714643,2024,2024-11-25,Iowa State Cyclones,Auburn Tigers,81,83,49,33,32,50,True,Lahaina Civic Center
401716056,2024,2024-11-25,North Carolina Tar Heels,Dayton Flyers,92,90,33,51,59,39,True,Lahaina Civic Center
401723726,2024,2024-11-25,Arkansas Razorbacks,Maryland Eastern Shore Hawks,109,35,60,15,49,20,False,Bud Walton Arena
401715330,2024,2024-11-25,South Carolina Gamecocks,Xavier Musketeers,66,75,34,29,32,46,True,Suncoast Credit Union Arena
401706886,2024,2024-11-26,Duke Blue Devils,Kansas Jayhawks,72,75,39,41,33,34,True,T-Mobile Arena
401729691,2024,2024-11-26,Colorado Buffaloes,UConn Huskies,73,72,32,40,41,32,True,Lahaina Civic Center
401729694,2024,2024-11-26,North Carolina Tar Heels,Auburn Tigers,72,85,32,40,40,45,True,Lahaina Civic Center
401729693,2024,2024-11-26,Dayton Flyers,Iowa State Cyclones,84,89,41,37,43,52,True,Lahaina Civic Center
401719210,2024,2024-11-26,Houston Cougars,Alabama Crimson Tide,80,85,36,34,42,44,True,MGM Grand Garden Arena
401714911,2024,2024-11-26,Kentucky Wildcats,Western Kentucky Hilltoppers,87,68,45,33,42,35,False,Rupp Arena
401719207,2024,2024-11-26,Oregon Ducks,Texas A&M Aggies,80,70,29,32,51,38,True,MGM Grand Garden Arena
401715453,2024,2024-11-26,San Diego State Aztecs,Creighton Bluejays,71,53,32,28,39,25,True,MGM Grand Garden Arena
401729698,2024,2024-11-27,Dayton Flyers,UConn Huskies,85,67,41,34,44,33,True,Lahaina Civic Center
401715867,2024,2024-11-27,West Virginia Mountaineers,Gonzaga Bulldogs,86,78,31,39,40,32,True,Imperial Arena
401729696,2024,2024-11-27,Auburn Tigers,Memphis Tigers,90,76,47,31,43,45,True,Lahaina Civic Center
401729695,2024,2024-11-27,Iowa State Cyclones,Colorado Buffaloes,99,71,45,34,54,37,True,Lahaina Civic Center
401719213,2024,2024-11-27,Notre Dame Fighting Irish,Houston Cougars,54,65,31,39,23,26,True,MGM Grand Garden Arena
401715339,2024,2024-11-27,Tennessee Volunteers,UT Martin Skyhawks,78,35,35,20,43,15,False,Food City Center
401719212,2024,2024-11-27,Rutgers Scarlet Knights,Alabama Crimson Tide,90,95,41,41,49,54,True,MGM Grand Garden Arena
401715479,2024,2024-11-27,Marquette Golden Eagles,Stonehill Skyhawks,94,59,51,31,43,28,False,Fiserv Forum
401729697,2024,2024-11-27,North Carolina Tar Heels,Michigan State Spartans,91,94,34,43,48,39,True,Lahaina Civic Center
401707861,2024,2024-11-27,Indiana Hoosiers,Louisville Cardinals,61,89,29,37,32,52,True,Imperial Arena
401715632,2024,2024-11-27,Cincinnati Bearcats,Alabama State Hornets,77,59,46,33,31,26,False,Fifth Third Arena
401720733,2024,2024-11-27,Baylor Bears,New Orleans Privateers,91,60,50,23,41,37,False,Foster Pavilion
401719067,2024,2024-11-27,Texas A&M Aggies,Creighton Bluejays,77,73,27,31,50,42,True,MGM Grand Garden Arena
401729802,2024,2024-11-27,Michigan Wolverines,Xavier Musketeers,78,53,41,30,37,23,True,Suncoast Credit Union Arena
401715868,2024,2024-11-27,Davidson Wildcats,Arizona Wildcats,71,104,37,49,34,55,True,Imperial Arena
401729740,2024,2024-11-28,Indiana Hoosiers,Gonzaga Bulldogs,73,89,39,57,34,32,True,Imperial Arena
401716065,2024,2024-11-28,Purdue Boilermakers,NC State Wolfpack,71,61,33,32,38,29,True,LionTree Arena
401714894,2024,2024-11-28,Wake Forest Demon Deacons,Florida Gators,58,75,28,32,30,43,True,ESPN Wide World of Sports Complex
401707853,2024,2024-11-28,Arkansas Razorbacks,Illinois Fighting Illini,77,90,34,49,43,41,True,T-Mobile Center
401715322,2024,2024-11-28,Ole Miss Rebels,BYU Cougars,96,85,39,42,38,35,True,LionTree Arena
401729741,2024,2024-11-28,Oklahoma Sooners,Arizona Wildcats,82,77,36,30,46,47,True,Imperial Arena
401714990,2024,2024-11-28,UNLV Rebels,Mississippi State Bulldogs,58,80,32,45,26,35,True,Mullett Arena
401729748,2024,2024-11-29,Gonzaga Bulldogs,Davidson Wildcats,90,65,42,31,48,34,True,Imperial Arena
401714912,2024,2024-11-29,Kentucky Wildcats,Georgia State Panthers,105,76,48,33,57,43,False,Rupp Arena
401706887,2024,2024-11-29,Duke Blue Devils,Seattle U Redhawks,70,48,37,25,33,23,False,Cameron Indoor Stadium
401731040,2024,2024-11-29,Purdue Boilermakers,Ole Miss Rebels,80,78,42,34,38,44,True,LionTree Arena
401729744,2024,2024-11-29,Indiana Hoosiers,Providence Friars,89,73,44,34,45,39,True,Imperial Arena
401729798,2024,2024-11-29,Florida Gators,Wichita State Shockers,88,51,37,18,51,33,True,ESPN Wide World of Sports Complex
401729746,2024,2024-11-29,West Virginia Mountaineers,Arizona Wildcats,83,76,39,37,27,29,True,Imperial Arena
401729706,2024,2024-11-29,Mississippi State Bulldogs,Butler Bulldogs,77,87,34,40,43,47,True,Mullett Arena
401706966,2024,2024-11-30,Kansas Jayhawks,Furman Paladins,86,51,39,28,47,23,False,Allen Fieldhouse
401715612,2024,2024-11-30,UConn Huskies,Maryland Eastern Shore Hawks,99,45,40,18,59,27,False,PeoplesBank Arena
401730559,2024,2024-11-30,Houston Cougars,San Diego State Aztecs,70,73,30,25,35,40,True,MGM Grand Garden Arena
401730560,2024,2024-11-30,Alabama Crimson Tide,Oregon Ducks,81,83,39,39,42,44,True,MGM Grand Garden Arena
401715480,2024,2024-11-30,Marquette Golden Eagles,Western Carolina Catamounts,94,62,49,30,45,32,False,Fiserv Forum
401715445,2024,2024-11-30,Wisconsin Badgers,Chicago State Cougars,74,53,32,25,42,28,False,Kohl Center
401730558,2024,2024-11-30,Rutgers Scarlet Knights,Texas A&M Aggies,77,81,34,40,43,41,True,MGM Grand Garden Arena
401730557,2024,2024-11-30,Notre Dame Fighting Irish,Creighton Bluejays,76,80,30,40,46,40,True,MGM Grand Garden Arena
401715624,2024,2024-12-01,Xavier Musketeers,South Carolina State Bulldogs,71,68,32,26,39,42,False,Cintas Center
401715473,2024,2024-12-02,Georgetown Hoyas,UMBC Retrievers,86,62,41,35,45,27,False,Capital One Arena
401726396,2024,2024-12-02,Jacksonville State Gamecocks,Columbia International Rams,89,59,36,28,53,31,False,Pete Mathews Coliseum
401726061,2024,2024-12-02,Old Dominion Monarchs,William & Mary Tribe,88,83,38,36,50,47,False,Chartway Arena
401722084,2024,2024-12-02,Mississippi Valley State Delta Devils,Oakwood Ambassadors,91,71,40,33,51,38,False,R.W. Harrison HPER Complex
401722000,2024,2024-12-02,Drexel Dragons,Bryant Bulldogs,73,78,32,37,41,41,False,Daskalakis Athletic Center
401721817,2024,2024-12-02,Coppin State Eagles,Loyola Maryland Greyhounds,57,68,34,33,23,35,False,Physical Education Complex
401721044,2024,2024-12-02,Miami (OH) RedHawks,Air Force Falcons,73,60,29,30,44,30,False,Millett Hall
401718452,2024,2024-12-02,Rhode Island Rams,Yale Bulldogs,84,78,34,35,50,43,False,Thomas M. Ryan Center
401725801,2024,2024-12-02,UL Monroe Warhawks,UT Arlington Mavericks,70,84,30,34,40,50,False,Fant-Ewing Coliseum
401715938,2024,2024-12-02,Tulane Green Wave,SE Louisiana Lions,67,71,25,31,42,40,False,Devlin Fieldhouse
401730573,2024,2024-12-02,South Dakota State Jackrabbits,Dakota Wesleyan Tigers,78,62,39,28,39,34,False,First Bank & Trust Arena
401727334,2024,2024-12-02,Southern Indiana Screaming Eagles,East-West University Phantoms,104,46,53,25,51,21,False,Liberty Arena (IN)
401721112,2024,2024-12-02,St. Thomas-Minnesota Tommies,Chicago State Cougars,98,76,47,25,51,51,False,Schoenecker Arena
401719327,2024,2024-12-02,Saint Louis Billikens,Jackson State Tigers,74,66,30,35,44,31,False,Chaifetz Arena
401706922,2024,2024-12-02,Colorado Buffaloes,Pacific Tigers,75,66,29,38,46,28,False,CU Events Center
401722236,2024,2024-12-02,Nevada Wolf Pack,Washington State Cougars,57,68,21,31,36,37,False,Lawlor Events Center
401706896,2024,2024-12-03,Tennessee Volunteers,Syracuse Orange,96,70,45,35,51,35,False,Food City Center
401700423,2024,2024-12-03,Clemson Tigers,Kentucky Wildcats,70,66,37,30,33,36,False,Littlejohn Coliseum
401721306,2024,2024-12-03,Wisconsin Badgers,Michigan Wolverines,64,67,32,26,32,41,False,Kohl Center
401715619,2024,2024-12-03,Villanova Wildcats,Cincinnati Bearcats,68,60,37,28,31,32,False,Finneran Pavilion
401715671,2024,2024-12-03,Oklahoma Sooners,Georgia Tech Yellow Jackets,76,61,30,34,46,27,False,Lloyd Noble Center
401700468,2024,2024-12-03,Texas A&M Aggies,Wake Forest Demon Deacons,57,44,29,26,28,18,False,Reed Arena
401700430,2024,2024-12-03,Louisville Cardinals,Ole Miss Rebels,63,86,31,40,32,46,False,KFC Yum! Center
401706967,2024,2024-12-04,Creighton Bluejays,Kansas Jayhawks,76,63,41,31,35,32,False,CHI Health Center Omaha
401706888,2024,2024-12-04,Duke Blue Devils,Auburn Tigers,84,78,43,36,41,42,False,Cameron Indoor Stadium
401706957,2024,2024-12-04,Iowa State Cyclones,Marquette Golden Eagles,81,70,46,37,35,33,False,Hilton Coliseum
401700438,2024,2024-12-04,North Carolina Tar Heels,Alabama Crimson Tide,79,94,34,43,45,51,False,Dean E. Smith Center
401721309,2024,2024-12-04,USC Trojans,Oregon Ducks,60,68,30,23,30,45,False,Galen Center
401700457,2024,2024-12-04,Florida Gators,Virginia Cavaliers,87,69,39,35,48,34,False,Stephen C. O'Connell Center
401715613,2024,2024-12-04,UConn Huskies,Baylor Bears,76,72,36,37,40,35,False,Gampel Pavilion
401722269,2024,2024-12-04,Memphis Tigers,Louisiana Tech Bulldogs,81,71,37,38,44,33,False,FedExForum
401714991,2024,2024-12-04,Mississippi State Bulldogs,Pittsburgh Panthers,90,57,47,25,43,32,False,Humphrey Coliseum
401722266,2024,2024-12-04,Fresno State Bulldogs,San Diego State Aztecs,62,84,24,29,38,55,False,Save Mart Center
401721310,2024,2024-12-05,Penn State Nittany Lions,Purdue Boilermakers,81,70,40,24,41,46,False,Bryce Jordan Center
401721311,2024,2024-12-06,Northwestern Wildcats,Illinois Fighting Illini,70,66,24,27,32,29,False,Welsh-Ryan Arena
401714913,2024,2024-12-07,Gonzaga Bulldogs,Kentucky Wildcats,89,90,50,34,29,45,True,Climate Pledge Arena
401715446,2024,2024-12-07,Marquette Golden Eagles,Wisconsin Badgers,88,74,37,39,51,35,False,Fiserv Forum
401706950,2024,2024-12-07,Houston Cougars,Butler Bulldogs,79,51,28,18,51,33,False,Fertitta Center
401724771,2024,2024-12-07,Virginia Tech Hokies,Pittsburgh Panthers,59,64,36,28,23,36,False,Cassell Coliseum
401724770,2024,2024-12-07,North Carolina Tar Heels,Georgia Tech Yellow Jackets,68,65,31,30,37,35,False,Dean E. Smith Center
401721284,2024,2024-12-07,Oklahoma Sooners,Alcorn State Braves,94,78,49,41,45,37,False,Lloyd Noble Center
401715323,2024,2024-12-07,Ole Miss Rebels,Lindenwood Lions,86,53,39,33,47,20,False,The Sandy and John Black Pavilion at Ole Miss
401722347,2024,2024-12-07,San Diego State Aztecs,San Diego Toreros,74,57,33,31,41,26,False,Viejas Arena
401706968,2024,2024-12-08,Missouri Tigers,Kansas Jayhawks,76,67,39,25,37,42,False,Mizzou Arena
401714644,2024,2024-12-08,Auburn Tigers,Richmond Spiders,98,54,52,27,46,27,False,Neville Arena
401706958,2024,2024-12-08,Iowa State Cyclones,Jackson State Tigers,100,58,46,24,54,34,False,Hilton Coliseum
401721316,2024,2024-12-08,Purdue Boilermakers,Maryland Terrapins,83,78,31,36,52,42,False,Mackey Arena
401724775,2024,2024-12-08,Louisville Cardinals,Duke Blue Devils,65,76,37,33,28,43,False,KFC Yum! Center
401721317,2024,2024-12-08,Oregon Ducks,UCLA Bruins,71,73,34,33,37,40,False,Matthew Knight Arena
401715633,2024,2024-12-08,Cincinnati Bearcats,Howard Bison,84,67,36,32,48,35,False,Fifth Third Arena
401722270,2024,2024-12-08,Memphis Tigers,Arkansas State Red Wolves,72,85,29,42,43,43,False,FedExForum
401715360,2024,2024-12-08,Texas Tech Red Raiders,Texas A&M Aggies,67,72,31,34,36,38,True,Dickies Arena
401715350,2024,2024-12-08,Texas Longhorns,UConn Huskies,65,76,24,42,41,34,False,Moody Center
401721824,2024,2024-12-09,Boston University Terriers,Thomas (ME) Terriers,113,75,54,41,59,34,False,Case Gym
401721318,2024,2024-12-09,Indiana Hoosiers,Minnesota Golden Gophers,82,67,44,31,38,36,False,Simon Skjodt Assembly Hall
401723771,2024,2024-12-09,Norfolk State Spartans,Hofstra Pride,67,80,31,37,36,43,False,Joseph G. Echols Hall
401721708,2024,2024-12-09,Columbia Lions,Sarah Lawrence Gryphons,92,46,39,19,53,27,False,Levien Gymnasium
401720447,2024,2024-12-09,South Carolina State Bulldogs,Charleston Southern Buccaneers,82,63,42,28,40,35,False,Smith-Hammond-Middleton Memorial Center
401700413,2024,2024-12-09,VCU Rams,Pennsylvania Quakers,66,47,36,25,30,22,False,Siegel Center
401725378,2024,2024-12-09,Baylor Bears,Abilene Christian Wildcats,88,57,46,22,42,35,False,Foster Pavilion
401722369,2024,2024-12-09,San José State Spartans,Lincoln University (CA) Oaklanders,117,80,57,47,60,33,False,Provident Credit Union Event Center
401715340,2024,2024-12-10,Tennessee Volunteers,Miami Hurricanes,75,62,38,25,37,37,True,Madison Square Garden
401706889,2024,2024-12-10,Duke Blue Devils,Incarnate Word Cardinals,72,46,28,21,44,25,False,Cameron Indoor Stadium
401727356,2024,2024-12-10,Arkansas Razorbacks,Michigan Wolverines,89,87,45,49,44,38,True,Madison Square Garden
401706951,2024,2024-12-10,Houston Cougars,Troy Trojans,62,42,33,11,29,31,False,Fertitta Center
401721319,2024,2024-12-10,Illinois Fighting Illini,Wisconsin Badgers,86,80,39,35,47,45,False,State Farm Center
401714914,2024,2024-12-11,Kentucky Wildcats,Colgate Raiders,78,67,38,36,40,31,False,Rupp Arena
401722348,2024,2024-12-11,San Diego State Aztecs,California Baptist Lancers,81,75,40,33,41,42,False,Viejas Arena
401706959,2024,2024-12-12,Iowa Hawkeyes,Iowa State Cyclones,80,89,44,37,36,52,False,Carver-Hawkeye Arena
401727105,2024,2024-12-13,North Dakota State Bison,Wisconsin-Stout Blue Devils,91,62,55,21,36,41,False,Scheels Center
401721825,2024,2024-12-13,Merrimack Warriors,Boston University Terriers,64,61,29,21,35,40,False,Hammel Court
401718142,2024,2024-12-13,George Washington Revolutionaries,Army Black Knights,75,60,35,29,40,31,False,Charles E. Smith Center
401727056,2024,2024-12-13,Louisiana Tech Bulldogs,Georgia Southern Eagles,77,63,33,35,44,28,False,Thomas Assembly Center
401736875,2024,2024-12-13,UTSA Roadrunners,North Dakota Fighting Hawks,80,76,43,38,37,38,False,UTSA Convocation Center
401721321,2024,2024-12-13,Nebraska Cornhuskers,Indiana Hoosiers,85,68,44,41,41,27,False,Pinnacle Bank Arena
401715919,2024,2024-12-13,Northern Iowa Panthers,Omaha Mavericks,78,58,34,23,44,35,False,McLeod Center
401721079,2024,2024-12-13,St. Thomas-Minnesota Tommies,Western Michigan Broncos,77,71,36,34,41,37,False,Schoenecker Arena
401720521,2024,2024-12-13,Utah Tech Trailblazers,Weber State Wildcats,71,73,30,28,41,45,False,Burns Arena
401706924,2024,2024-12-13,Colorado Buffaloes,South Dakota State Jackrabbits,81,70,40,35,41,35,False,CU Events Center
401707854,2024,2024-12-14,Illinois Fighting Illini,Tennessee Volunteers,64,66,30,31,34,35,False,State Farm Center
401714645,2024,2024-12-14,Auburn Tigers,Ohio State Buckeyes,91,53,49,21,42,32,True,State Farm Arena
401700432,2024,2024-12-14,Kentucky Wildcats,Louisville Cardinals,93,85,46,40,47,45,False,Rupp Arena
401715481,2024,2024-12-14,Dayton Flyers,Marquette Golden Eagles,71,63,26,36,45,27,False,UD Arena
401715455,2024,2024-12-14,Alabama Crimson Tide,Creighton Bluejays,83,75,37,31,46,44,False,Coleman Coliseum
401715614,2024,2024-12-14,UConn Huskies,Gonzaga Bulldogs,77,71,43,40,34,31,True,Madison Square Garden
401714895,2024,2024-12-14,Florida Gators,Arizona State Sun Devils,83,66,41,32,42,34,True,State Farm Arena
401706969,2024,2024-12-14,Kansas Jayhawks,NC State Wolfpack,75,60,38,30,37,30,False,Allen Fieldhouse
401707975,2024,2024-12-14,Purdue Boilermakers,Texas A&M Aggies,66,70,35,38,31,32,True,Gainbridge Fieldhouse
401719222,2024,2024-12-14,Oklahoma Sooners,Oklahoma State Cowboys,80,65,43,26,37,39,True,Paycom Center
401700424,2024,2024-12-14,Clemson Tigers,Memphis Tigers,82,87,32,33,40,39,False,Littlejohn Coliseum
401715324,2024,2024-12-14,Ole Miss Rebels,Southern Miss Golden Eagles,77,46,38,28,39,18,True,Mississippi Coast Coliseum
401713000,2024,2024-12-14,Butler Bulldogs,Wisconsin Badgers,74,83,33,47,41,36,True,Gainbridge Fieldhouse
401715626,2024,2024-12-14,Cincinnati Bearcats,Xavier Musketeers,68,65,30,31,38,34,False,Fifth Third Arena
401710005,2024,2024-12-14,Arizona Wildcats,UCLA Bruins,54,57,28,30,26,27,True,Mortgage Matchup Center
401714993,2024,2024-12-14,Mississippi State Bulldogs,McNeese Cowboys,66,63,29,29,37,34,True,Cadence Bank Arena
401706960,2024,2024-12-15,Iowa State Cyclones,Omaha Mavericks,83,51,41,23,42,28,False,Hilton Coliseum
401721654,2024,2024-12-15,Oregon Ducks,Stephen F. Austin Lumberjacks,79,61,37,23,42,38,False,Matthew Knight Arena
401726566,2024,2024-12-16,Marshall Thundering Herd,West Virginia Wesleyan Bobcats,93,63,41,24,52,39,False,Cam Henderson Center
401726016,2024,2024-12-16,Charleston Cougars,Wofford Terriers,77,67,34,34,43,33,False,TD Arena
401723736,2024,2024-12-16,Maryland Eastern Shore Hawks,Cairn University Highlanders,81,64,40,33,41,31,False,Hytche Center
401721962,2024,2024-12-16,Central Arkansas Bears,The Citadel Bulldogs,73,71,47,42,26,29,False,Farris Center
401715941,2024,2024-12-16,Grambling Tigers,SE Louisiana Lions,65,75,29,40,36,35,False,Fredrick C. Hobdy Assembly Center
401726429,2024,2024-12-16,Sam Houston Bearkats,St. Thomas (TX) Celts,80,54,41,21,39,33,False,Bernard G. Johnson Coliseum
401725386,2024,2024-12-16,Louisiana Tech Bulldogs,Grand Canyon Lopes,74,66,32,33,42,33,False,Thomas Assembly Center
401725383,2024,2024-12-16,Middle Tennessee Blue Raiders,California Baptist Lancers,75,64,25,23,50,41,False,Murphy Center
401733683,2024,2024-12-16,Lipscomb Bisons,Truett-McConnell Bears,99,67,44,27,55,40,False,Allen Arena
401721285,2024,2024-12-16,Rice Owls,Alcorn State Braves,77,75,42,33,35,42,False,Tudor Fieldhouse
401719376,2024,2024-12-16,Northern Colorado Bears,Air Force Falcons,81,76,41,26,40,50,False,Bank of Colorado Arena
401715920,2024,2024-12-16,Northern Iowa Panthers,Montana Grizzlies,104,76,48,34,56,42,False,McLeod Center
401715642,2024,2024-12-16,Texas Tech Red Raiders,Oral Roberts Golden Eagles,86,50,41,19,45,31,False,United Supermarkets Arena
401706988,2024,2024-12-16,TCU Horned Frogs,South Alabama Jaguars,58,49,30,28,28,21,False,Schollmaier Arena
401726435,2024,2024-12-16,UTEP Miners,Tarleton State Texans,67,62,32,23,35,39,False,Don Haskins Center
401725810,2024,2024-12-16,Utah Tech Trailblazers,Whittier Poets,100,66,50,26,50,40,False,Burns Arena
401725795,2024,2024-12-16,New Mexico State Aggies,Southern Utah Thunderbirds,72,69,32,33,40,36,False,Pan American Center
401725347,2024,2024-12-16,Portland Pilots,Willamette Bearcats,100,69,56,32,44,37,False,Chiles Center
401715341,2024,2024-12-17,Tennessee Volunteers,Western Carolina Catamounts,84,36,38,15,46,21,False,Food City Center
401714646,2024,2024-12-17,Auburn Tigers,Georgia State Panthers,100,59,43,31,57,28,False,Neville Arena
401706890,2024,2024-12-17,Duke Blue Devils,George Mason Patriots,68,47,25,16,43,31,False,Cameron Indoor Stadium
401700439,2024,2024-12-17,North Carolina Tar Heels,Florida Gators,84,90,34,46,50,44,True,Spectrum Center
401715325,2024,2024-12-17,Ole Miss Rebels,Southern Jaguars,74,61,42,33,32,28,False,The Sandy and John Black Pavilion at Ole Miss
401710006,2024,2024-12-17,UCLA Bruins,Prairie View A&M Panthers,111,75,53,36,58,39,False,Pauley Pavilion
401721648,2024,2024-12-17,Oakland Golden Grizzlies,Michigan State Spartans,58,77,30,31,28,46,True,Little Caesars Arena
401718253,2024,2024-12-17,Dayton Flyers,UNLV Rebels,66,65,27,28,39,37,False,UD Arena
401700425,2024,2024-12-17,South Carolina Gamecocks,Clemson Tigers,91,88,34,26,46,54,False,Colonial Life Arena
401724553,2024,2024-12-18,North Dakota Fighting Hawks,Alabama Crimson Tide,90,97,38,35,52,62,False,Betty Engelstad Sioux Center
401719074,2024,2024-12-18,Marquette Golden Eagles,Butler Bulldogs,80,70,32,35,48,35,False,Fiserv Forum
401719072,2024,2024-12-18,UConn Huskies,Xavier Musketeers,94,89,29,30,49,48,False,PeoplesBank Arena
401726446,2024,2024-12-18,Gonzaga Bulldogs,Nicholls Colonels,102,72,43,29,59,43,False,McCarthey Athletic Center
401716054,2024,2024-12-18,Oklahoma Sooners,Michigan Wolverines,87,86,38,43,49,43,True,Spectrum Center
401706952,2024,2024-12-18,Houston Cougars,Toledo Rockets,78,49,39,22,39,27,False,Fertitta Center
401700459,2024,2024-12-18,Virginia Cavaliers,Memphis Tigers,62,64,30,21,32,43,False,John Paul Jones Arena
401727415,2024,2024-12-19,Western Carolina Catamounts,Milligan Buffaloes,78,69,29,35,49,34,False,Ramsey Center
401722273,2024,2024-12-19,Rice Owls,UNT Dallas Trailblazers,68,69,37,26,31,43,False,Tudor Fieldhouse
401716162,2024,2024-12-19,UTSA Roadrunners,Southwestern Adventist Knights,117,58,61,24,56,34,False,UTSA Convocation Center
401723775,2024,2024-12-19,Norfolk State Spartans,Alabama State Hornets,71,54,44,21,27,33,True,Mohegan Sun Arena
401716119,2024,2024-12-19,Incarnate Word Cardinals,Schreiner Mountaineers,101,57,50,23,51,34,False,McDermott Center
401719236,2024,2024-12-19,UNC Asheville Bulldogs,Virginia-Lynchburg Dragons,114,60,60,34,54,26,False,Kimmel Arena
401721940,2024,2024-12-19,Saint Francis Red Flash,Franciscan University Barons,104,47,50,25,54,22,False,DeGol Arena
401714905,2024,2024-12-19,Georgia Bulldogs,Buffalo Bulls,100,49,56,19,44,30,False,Stegeman Coliseum
401714410,2024,2024-12-19,Cleveland State Vikings,Oakland Golden Grizzlies,92,75,44,35,48,40,False,Wolstein Center
401711740,2024,2024-12-19,North Alabama Lions,Charleston Southern Buccaneers,86,69,46,35,40,34,False,Flowers Hall
401723705,2024,2024-12-19,Delaware State Hornets,Grambling Tigers,73,60,29,25,44,35,True,Mohegan Sun Arena
401720982,2024,2024-12-19,Belmont Bruins,UC Irvine Anteaters,84,92,39,25,45,67,False,Curb Event Center Arena
401711690,2024,2024-12-19,Middle Tennessee Blue Raiders,Lipscomb Bisons,67,65,37,30,30,35,False,Murphy Center
401700281,2024,2024-12-19,Morehead State Eagles,UT Martin Skyhawks,70,69,31,31,29,29,False,Ellis T. Johnson Arena
401730574,2024,2024-12-19,South Dakota State Jackrabbits,Chadron State Eagles,87,72,47,30,40,42,False,First Bank & Trust Arena
401715353,2024,2024-12-19,Texas Longhorns,New Orleans Privateers,98,62,44,28,54,34,False,Moody Center
401700280,2024,2024-12-19,Little Rock Trojans,SIU Edwardsville Cougars,60,56,30,22,30,34,False,Jack Stephens Center
401722429,2024,2024-12-19,Wyoming Cowboys,Bellarmine Knights,92,55,52,28,40,27,False,Arena-Auditorium
401700282,2024,2024-12-19,Southern Indiana Screaming Eagles,Tennessee State Tigers,77,75,39,40,38,35,False,Liberty Arena (IN)
401700279,2024,2024-12-19,Lindenwood Lions,Tennessee Tech Golden Eagles,73,79,39,42,34,37,False,Hyland Arena
401700278,2024,2024-12-19,Southeast Missouri State Redhawks,Eastern Illinois Panthers,79,72,38,35,41,37,False,Show Me Center
401726403,2024,2024-12-19,New Mexico State Aggies,Northern New Mexico Eagles,87,50,43,18,44,32,False,Pan American Center
401725811,2024,2024-12-19,Utah Tech Trailblazers,South Dakota Coyotes,92,87,39,42,53,45,False,Burns Arena
401721114,2024,2024-12-19,Grand Canyon Lopes,Chicago State Cougars,74,51,40,20,34,31,False,Global Credit Union Arena
401709979,2024,2024-12-19,Pepperdine Waves,Long Beach State Beach,76,79,36,45,40,34,False,Firestone Fieldhouse
401725353,2024,2024-12-19,Saint Mary's Gaels,Merrimack Warriors,73,68,32,26,41,42,False,University Credit Union Pavilion
401715361,2024,2024-12-20,Texas A&M Aggies,Houston Christian Huskies,77,45,35,23,42,22,False,Reed Arena
401715634,2024,2024-12-20,Dayton Flyers,Cincinnati Bearcats,59,66,17,25,42,41,True,Heritage Bank Center
401707982,2024,2024-12-21,Auburn Tigers,Purdue Boilermakers,87,69,41,26,46,43,True,Legacy Arena at BJCC
401714915,2024,2024-12-21,Ohio State Buckeyes,Kentucky Wildcats,85,65,39,30,46,35,True,Madison Square Garden
401724779,2024,2024-12-21,Georgia Tech Yellow Jackets,Duke Blue Devils,56,82,36,41,20,41,False,McCamish Pavilion
401711752,2024,2024-12-21,Florida Gators,North Florida Ospreys,99,45,54,17,45,28,False,Stephen C. O'Connell Center
401719076,2024,2024-12-21,Xavier Musketeers,Marquette Golden Eagles,70,72,22,27,48,45,False,Cintas Center
401715702,2024,2024-12-21,Stanford Cardinal,Oregon Ducks,61,76,19,36,42,40,True,SAP Center at San Jose
401719077,2024,2024-12-21,Butler Bulldogs,UConn Huskies,74,78,33,42,41,36,False,Hinkle Fieldhouse
401721831,2024,2024-12-21,Gonzaga Bulldogs,Bucknell Bison,86,65,38,27,48,38,False,McCarthey Athletic Center
401706953,2024,2024-12-21,Houston Cougars,Texas A&M-Corpus Christi Islanders,87,51,46,27,41,24,False,Fertitta Center
401711713,2024,2024-12-21,Ole Miss Rebels,Queens University Royals,80,62,38,33,42,29,False,The Sandy and John Black Pavilion at Ole Miss
401700440,2024,2024-12-21,UCLA Bruins,North Carolina Tar Heels,74,76,40,32,34,44,True,Madison Square Garden
401721649,2024,2024-12-21,Michigan State Spartans,Florida Atlantic Owls,86,69,42,29,44,40,False,Breslin Center
401714994,2024,2024-12-21,Memphis Tigers,Mississippi State Bulldogs,66,79,32,48,34,31,False,FedExForum
401706880,2024,2024-12-21,California Golden Bears,San Diego State Aztecs,50,71,16,25,34,46,True,SAP Center at San Jose
401724778,2024,2024-12-21,Clemson Tigers,Wake Forest Demon Deacons,73,62,40,31,33,31,False,Littlejohn Coliseum
401706961,2024,2024-12-22,Iowa State Cyclones,Morgan State Bears,99,72,50,34,49,38,False,Hilton Coliseum
401721036,2024,2024-12-22,Alabama Crimson Tide,Kent State Golden Flashes,81,54,39,24,42,30,False,Coleman Coliseum
401706970,2024,2024-12-22,Kansas Jayhawks,Brown Bears,87,53,42,31,45,22,False,Allen Fieldhouse
401721957,2024,2024-12-22,Oklahoma Sooners,Central Arkansas Bears,89,66,46,39,43,27,False,Lloyd Noble Center
401715635,2024,2024-12-22,Cincinnati Bearcats,Grambling Tigers,84,49,37,24,47,25,False,Fifth Third Arena
401707877,2024,2024-12-22,Michigan Wolverines,Purdue Fort Wayne Mastodons,89,58,54,29,35,29,False,Crisler Center
401715342,2024,2024-12-23,Tennessee Volunteers,Middle Tennessee Blue Raiders,82,64,34,40,48,24,False,Food City Center
401729811,2024,2024-12-25,Murray State Racers,Loyola Chicago Ramblers,71,68,34,36,37,32,True,Stan Sheriff Center
401729812,2024,2024-12-25,Charlotte 49ers,Charleston Cougars,81,84,31,46,50,38,True,Stan Sheriff Center
401729813,2024,2024-12-25,Hawai'i Rainbow Warriors,Oakland Golden Grizzlies,73,70,32,25,32,39,False,Stan Sheriff Center
401729814,2024,2024-12-25,Nebraska Cornhuskers,Oregon State Beavers,78,66,34,32,44,34,True,Stan Sheriff Center
401727065,2024,2024-12-27,Baylor Bears,Arlington Baptist Patriots,107,53,51,28,56,25,False,Foster Pavilion
401715362,2024,2024-12-28,Texas A&M Aggies,Abilene Christian Wildcats,92,54,48,29,44,25,False,Reed Arena
401710007,2024,2024-12-28,UCLA Bruins,Gonzaga Bulldogs,65,62,27,25,38,37,True,Intuit Dome
401715326,2024,2024-12-28,Memphis Tigers,Ole Miss Rebels,87,70,38,36,49,34,False,FedExForum
401722349,2024,2024-12-28,San Diego State Aztecs,Utah State Aggies,66,67,43,32,23,35,False,Viejas Arena
401724554,2024,2024-12-29,Alabama Crimson Tide,South Dakota State Jackrabbits,105,82,57,33,48,49,False,Coleman Coliseum
401711763,2024,2024-12-29,Florida Gators,Stetson Hatters,85,45,46,27,39,18,False,Stephen C. O'Connell Center
401720524,2024,2024-12-29,Oregon Ducks,Weber State Wildcats,89,49,40,23,49,26,False,Matthew Knight Arena
401722123,2024,2024-12-29,Oklahoma Sooners,Prairie View A&M Panthers,89,67,43,32,46,35,False,Lloyd Noble Center
401707983,2024,2024-12-29,Purdue Boilermakers,Toledo Rockets,83,64,39,28,44,36,False,Mackey Arena
401707855,2024,2024-12-29,Illinois Fighting Illini,Chicago State Cougars,117,64,60,24,57,40,False,State Farm Center
401714887,2024,2024-12-30,Auburn Tigers,Monmouth Hawks,87,58,46,28,41,30,False,Neville Arena
401725631,2024,2024-12-30,Colorado Buffaloes,Iowa State Cyclones,69,79,31,37,38,42,False,CU Events Center
401725633,2024,2024-12-30,Oklahoma State Cowboys,Houston Cougars,47,60,18,28,29,32,False,Gallagher-Iba Arena
401725630,2024,2024-12-30,Kansas State Wildcats,Cincinnati Bearcats,70,67,31,29,39,38,False,Bramlage Coliseum
401722038,2024,2024-12-30,Mississippi State Bulldogs,Bethune-Cookman Wildcats,87,73,52,45,35,28,False,Humphrey Coliseum
401721082,2024,2024-12-30,Michigan State Spartans,Western Michigan Broncos,80,62,37,24,43,38,False,Breslin Center
401706667,2024,2024-12-30,Pepperdine Waves,Gonzaga Bulldogs,82,89,32,50,50,39,False,Firestone Fieldhouse
401727541,2024,2024-12-30,Arkansas Razorbacks,Oakland Golden Grizzlies,92,62,42,39,50,23,False,Bud Walton Arena
401715343,2024,2024-12-31,Tennessee Volunteers,Norfolk State Spartans,67,52,35,28,32,24,False,Food City Center
401724783,2024,2024-12-31,Duke Blue Devils,Virginia Tech Hokies,88,65,37,27,51,38,False,Cameron Indoor Stadium
401725637,2024,2024-12-31,Kansas Jayhawks,West Virginia Mountaineers,61,62,20,33,41,29,False,Allen Fieldhouse
401719081,2024,2024-12-31,Providence Friars,Marquette Golden Eagles,50,78,20,47,30,31,False,Amica Mutual Pavilion
401714916,2024,2024-12-31,Kentucky Wildcats,Brown Bears,88,54,39,27,49,27,False,Rupp Arena
401725635,2024,2024-12-31,Baylor Bears,Utah Utes,81,56,37,17,44,39,False,Foster Pavilion
401719083,2025,2025-01-01,DePaul Blue Demons,UConn Huskies,68,81,22,43,46,38,False,Wintrust Arena
401721324,2025,2025-01-02,Oregon Ducks,Illinois Fighting Illini,77,109,38,45,39,64,False,Matthew Knight Arena
401706672,2025,2025-01-02,Gonzaga Bulldogs,Portland Pilots,81,50,35,17,46,33,False,McCarthey Athletic Center
401721323,2025,2025-01-02,Minnesota Golden Gophers,Purdue Boilermakers,61,81,27,28,34,53,False,Williams Arena
401725517,2025,2025-01-02,Florida Atlantic Owls,Memphis Tigers,62,90,32,42,30,48,False,Eleanor R. Baldwin Arena
401719086,2025,2025-01-03,Marquette Golden Eagles,Creighton Bluejays,79,71,39,35,40,36,False,Fiserv Forum
401721327,2025,2025-01-03,Ohio State Buckeyes,Michigan State Spartans,62,69,29,37,33,32,False,Value City Arena
401708306,2025,2025-01-04,Tennessee Volunteers,Arkansas Razorbacks,76,52,42,27,34,25,False,Food City Center
401708301,2025,2025-01-04,Auburn Tigers,Missouri Tigers,84,68,45,33,39,35,False,Neville Arena
401725644,2025,2025-01-04,Iowa State Cyclones,Baylor Bears,74,55,33,25,41,30,False,Hilton Coliseum
401724791,2025,2025-01-04,SMU Mustangs,Duke Blue Devils,62,89,32,41,30,48,False,Moody Coliseum (Dallas)
401708300,2025,2025-01-04,Alabama Crimson Tide,Oklahoma Sooners,107,79,48,29,59,50,False,Coleman Coliseum
401708302,2025,2025-01-04,Kentucky Wildcats,Florida Gators,106,100,52,42,54,58,False,Rupp Arena
401708307,2025,2025-01-04,Texas A&M Aggies,Texas Longhorns,80,60,37,37,43,23,False,Reed Arena
401725639,2025,2025-01-04,Houston Cougars,BYU Cougars,86,55,39,22,47,33,False,Fertitta Center
401721329,2025,2025-01-04,Nebraska Cornhuskers,UCLA Bruins,66,58,24,24,42,34,False,Pinnacle Bank Arena
401725638,2025,2025-01-04,Cincinnati Bearcats,Arizona Wildcats,67,72,26,39,41,33,False,Fifth Third Arena
401708305,2025,2025-01-04,Mississippi State Bulldogs,South Carolina Gamecocks,85,50,43,18,42,32,False,Humphrey Coliseum
401706677,2025,2025-01-04,Loyola Marymount Lions,Gonzaga Bulldogs,68,96,28,46,40,50,False,Gersten Pavilion
401708304,2025,2025-01-04,Ole Miss Rebels,Georgia Bulldogs,63,51,26,28,37,23,False,The Sandy and John Black Pavilion at Ole Miss
401725645,2025,2025-01-05,UCF Knights,Kansas Jayhawks,48,99,25,44,23,55,False,Addition Financial Arena
401721331,2025,2025-01-05,Oregon Ducks,Maryland Terrapins,83,79,42,45,41,34,False,Matthew Knight Arena
401719089,2025,2025-01-05,UConn Huskies,Providence Friars,87,84,27,39,60,45,False,Gampel Pavilion
401721333,2025,2025-01-05,Purdue Boilermakers,Northwestern Wildcats,79,61,41,18,38,43,False,Mackey Arena
401725522,2025,2025-01-05,Memphis Tigers,North Texas Mean Green,68,64,33,32,35,32,False,FedExForum
401721334,2025,2025-01-05,Washington Huskies,Illinois Fighting Illini,77,81,31,42,46,39,False,Alaska Airlines Arena
401725646,2025,2025-01-06,Houston Cougars,TCU Horned Frogs,65,46,29,22,36,24,False,Fertitta Center
401708310,2025,2025-01-07,Florida Gators,Tennessee Volunteers,73,43,34,15,39,28,False,Stephen C. O'Connell Center
401708308,2025,2025-01-07,Texas Longhorns,Auburn Tigers,82,87,27,39,55,48,False,Moody Center
401725648,2025,2025-01-07,Iowa State Cyclones,Utah Utes,82,59,38,25,44,34,False,Hilton Coliseum
401724757,2025,2025-01-07,Duke Blue Devils,Pittsburgh Panthers,76,47,34,24,42,23,False,Cameron Indoor Stadium
401708311,2025,2025-01-07,Georgia Bulldogs,Kentucky Wildcats,82,69,47,34,35,35,False,Stegeman Coliseum
401719090,2025,2025-01-07,Marquette Golden Eagles,Georgetown Hoyas,74,66,29,38,45,28,False,Fiserv Forum
401708314,2025,2025-01-07,Vanderbilt Commodores,Mississippi State Bulldogs,64,76,28,39,36,37,False,Memorial Gymnasium (TN)
401725647,2025,2025-01-07,West Virginia Mountaineers,Arizona Wildcats,56,75,28,39,28,36,False,WVU Coliseum
401721338,2025,2025-01-07,UCLA Bruins,Michigan Wolverines,75,94,37,47,38,47,False,Pauley Pavilion
401722374,2025,2025-01-07,San José State Spartans,Utah State Aggies,78,85,36,45,42,40,False,Provident Credit Union Event Center
401724555,2025,2025-01-08,South Carolina Gamecocks,Alabama Crimson Tide,68,88,28,45,40,43,False,Colonial Life Arena
401719094,2025,2025-01-08,Villanova Wildcats,UConn Huskies,68,66,32,25,36,41,False,Finneran Pavilion
401708315,2025,2025-01-08,Oklahoma Sooners,Texas A&M Aggies,78,80,39,30,39,50,False,Lloyd Noble Center
401725652,2025,2025-01-08,Kansas Jayhawks,Arizona State Sun Devils,74,55,36,42,38,13,False,Allen Fieldhouse
401721339,2025,2025-01-08,Illinois Fighting Illini,Penn State Nittany Lions,91,52,45,21,46,31,False,State Farm Center
401706683,2025,2025-01-08,Gonzaga Bulldogs,San Diego Toreros,93,80,47,34,46,46,False,McCarthey Athletic Center
401708309,2025,2025-01-08,Arkansas Razorbacks,Ole Miss Rebels,66,73,33,33,33,40,False,Bud Walton Arena
401721342,2025,2025-01-09,Ohio State Buckeyes,Oregon Ducks,71,73,32,27,39,46,False,Value City Arena
401721341,2025,2025-01-09,Michigan State Spartans,Washington Huskies,88,54,42,13,46,41,False,Breslin Center
401721343,2025,2025-01-09,Rutgers Scarlet Knights,Purdue Boilermakers,50,68,24,33,26,35,False,Jersey Mike’s Arena
401721344,2025,2025-01-10,Maryland Terrapins,UCLA Bruins,79,61,40,36,39,25,False,XFINITY Center
401708323,2025,2025-01-11,Texas Longhorns,Tennessee Volunteers,70,74,31,33,39,41,False,Moody Center
401708321,2025,2025-01-11,South Carolina Gamecocks,Auburn Tigers,63,66,40,34,23,32,False,Colonial Life Arena
401725655,2025,2025-01-11,Texas Tech Red Raiders,Iowa State Cyclones,84,85,40,34,34,40,False,United Supermarkets Arena
401724748,2025,2025-01-11,Duke Blue Devils,Notre Dame Fighting Irish,86,78,44,36,42,42,False,Cameron Indoor Stadium
401708322,2025,2025-01-11,Texas A&M Aggies,Alabama Crimson Tide,88,94,44,52,44,42,False,Reed Arena
401708319,2025,2025-01-11,Mississippi State Bulldogs,Kentucky Wildcats,90,95,44,49,46,46,False,Humphrey Coliseum
401708316,2025,2025-01-11,Arkansas Razorbacks,Florida Gators,63,71,25,28,38,43,False,Bud Walton Arena
401719099,2025,2025-01-11,Georgetown Hoyas,UConn Huskies,60,68,31,35,29,33,False,Capital One Arena
401725656,2025,2025-01-11,Cincinnati Bearcats,Kansas Jayhawks,40,54,25,24,15,30,False,Fifth Third Arena
401725659,2025,2025-01-11,Kansas State Wildcats,Houston Cougars,57,87,24,46,33,41,False,Bramlage Coliseum
401721346,2025,2025-01-11,Illinois Fighting Illini,USC Trojans,72,82,38,35,34,47,False,State Farm Center
401708317,2025,2025-01-11,Georgia Bulldogs,Oklahoma Sooners,72,62,33,36,39,26,False,Stegeman Coliseum
401706687,2025,2025-01-11,Gonzaga Bulldogs,Washington State Cougars,88,75,40,37,48,38,False,McCarthey Athletic Center
401725531,2025,2025-01-11,Memphis Tigers,East Carolina Pirates,74,70,38,24,36,46,False,FedExForum
401708318,2025,2025-01-11,Ole Miss Rebels,LSU Tigers,77,65,28,26,49,39,False,The Sandy and John Black Pavilion at Ole Miss
401722396,2025,2025-01-11,Utah State Aggies,Boise State Broncos,81,79,34,38,47,41,False,Dee Glen Smith Spectrum
401721350,2025,2025-01-12,Penn State Nittany Lions,Oregon Ducks,81,82,34,41,47,41,False,Bryce Jordan Center
401721348,2025,2025-01-12,Northwestern Wildcats,Michigan State Spartans,68,78,28,47,40,31,False,Welsh-Ryan Arena
401721351,2025,2025-01-12,Purdue Boilermakers,Nebraska Cornhuskers,104,68,45,28,59,40,False,Mackey Arena
401725661,2025,2025-01-12,Colorado Buffaloes,West Virginia Mountaineers,70,78,29,40,41,38,False,CU Events Center
401721349,2025,2025-01-12,Michigan Wolverines,Washington Huskies,91,75,48,38,43,37,False,Crisler Center
401721353,2025,2025-01-13,Rutgers Scarlet Knights,UCLA Bruins,75,68,30,33,45,35,False,Jersey Mike’s Arena
401721352,2025,2025-01-13,Maryland Terrapins,Minnesota Golden Gophers,77,71,32,35,45,36,False,XFINITY Center
401722126,2025,2025-01-13,Arkansas-Pine Bluff Golden Lions,Prairie View A&M Panthers,64,75,33,29,31,46,False,H.O. Clemmons Arena
401724797,2025,2025-01-13,Notre Dame Fighting Irish,Boston College Eagles,78,60,36,33,42,27,False,Purcell Pavilion
401722110,2025,2025-01-13,Mississippi Valley State Delta Devils,Texas Southern Tigers,53,82,28,27,25,55,False,R.W. Harrison HPER Complex
401721860,2025,2025-01-13,Loyola Maryland Greyhounds,American University Eagles,54,73,19,39,35,34,False,Reitz Arena
401721288,2025,2025-01-13,Alcorn State Braves,Alabama State Hornets,67,65,32,30,35,35,False,Davey L. Whitney Complex
401706425,2025,2025-01-13,Furman Paladins,Wofford Terriers,62,81,20,40,42,41,False,Bon Secours Wellness Arena
401722041,2025,2025-01-13,Southern Jaguars,Bethune-Cookman Wildcats,69,53,39,23,30,30,False,F.G. Clark Activity Center
401721213,2025,2025-01-13,UT Rio Grande Valley Vaqueros,East Texas A&M Lions,57,55,26,27,31,28,False,UTRGV Fieldhouse
401716123,2025,2025-01-13,Incarnate Word Cardinals,Nicholls Colonels,82,88,30,40,52,48,False,McDermott Center
401715944,2025,2025-01-13,Stephen F. Austin Lumberjacks,SE Louisiana Lions,59,66,26,31,33,35,False,William R. Johnson Coliseum
401723756,2025,2025-01-13,Morgan State Bears,Norfolk State Spartans,78,74,33,30,45,44,False,Hill Field House
401723730,2025,2025-01-13,South Carolina State Bulldogs,Maryland Eastern Shore Hawks,78,64,28,27,50,37,False,Smith-Hammond-Middleton Memorial Center
401723709,2025,2025-01-13,North Carolina Central Eagles,Delaware State Hornets,75,72,33,31,42,41,False,McDougald-McLendon Arena
401723689,2025,2025-01-13,Howard Bison,Coppin State Eagles,90,75,42,36,48,39,False,Burr Gymnasium
401721238,2025,2025-01-13,Jackson State Tigers,Alabama A&M Bulldogs,103,93,22,24,45,43,False,Lee E. Williams Athletics and Assembly Center
401720758,2025,2025-01-13,Texas A&M-Corpus Christi Islanders,Northwestern State Demons,73,64,41,25,32,39,False,American Bank Center
401720673,2025,2025-01-13,Lamar Cardinals,New Orleans Privateers,62,68,35,35,27,33,False,Montagne Center
401715967,2025,2025-01-13,Houston Christian Huskies,McNeese Cowboys,59,75,20,39,39,36,False,Sharp Gymnasium
401714206,2025,2025-01-13,Elon Phoenix,Campbell Fighting Camels,81,68,42,34,39,34,False,Schar Center
401722057,2025,2025-01-13,Grambling Tigers,Florida A&M Rattlers,79,72,39,30,40,42,False,Fredrick C. Hobdy Assembly Center
401708325,2025,2025-01-14,Auburn Tigers,Mississippi State Bulldogs,88,66,46,27,42,39,False,Neville Arena
401724800,2025,2025-01-14,Duke Blue Devils,Miami Hurricanes,89,54,50,26,39,28,False,Cameron Indoor Stadium
401708324,2025,2025-01-14,Alabama Crimson Tide,Ole Miss Rebels,64,74,36,32,28,42,False,Coleman Coliseum
401708326,2025,2025-01-14,Florida Gators,Missouri Tigers,82,83,34,50,48,33,False,Stephen C. O'Connell Center
401719100,2025,2025-01-14,DePaul Blue Demons,Marquette Golden Eagles,83,85,40,39,27,28,False,Wintrust Arena
401708327,2025,2025-01-14,Kentucky Wildcats,Texas A&M Aggies,81,69,35,32,46,37,False,Rupp Arena
401721354,2025,2025-01-14,Indiana Hoosiers,Illinois Fighting Illini,69,94,32,60,37,34,False,Simon Skjodt Assembly Hall
401721356,2025,2025-01-14,Wisconsin Badgers,Ohio State Buckeyes,70,68,37,20,33,48,False,Kohl Center
401725664,2025,2025-01-14,Arizona Wildcats,Baylor Bears,81,70,42,19,39,51,False,McKale Memorial Center
401725667,2025,2025-01-15,Iowa State Cyclones,Kansas Jayhawks,74,57,40,30,34,27,False,Hilton Coliseum
401708329,2025,2025-01-15,Tennessee Volunteers,Georgia Bulldogs,74,56,25,26,49,30,False,Food City Center
401725669,2025,2025-01-15,Houston Cougars,West Virginia Mountaineers,70,54,40,27,30,27,False,Fertitta Center
401721357,2025,2025-01-15,Michigan State Spartans,Penn State Nittany Lions,90,85,46,36,44,49,False,Breslin Center
401721358,2025,2025-01-15,Washington Huskies,Purdue Boilermakers,58,69,30,22,28,47,False,Alaska Airlines Arena
401722397,2025,2025-01-15,UNLV Rebels,Utah State Aggies,65,62,32,30,33,32,False,Thomas & Mack Center
401706692,2025,2025-01-16,Oregon State Beavers,Gonzaga Bulldogs,97,89,46,45,37,38,False,Gill Coliseum
401725541,2025,2025-01-16,Temple Owls,Memphis Tigers,88,81,36,30,52,51,False,Liacouras Center
401721359,2025,2025-01-16,Minnesota Golden Gophers,Michigan Wolverines,84,81,31,40,40,31,False,Williams Arena
401706329,2025,2025-01-17,Akron Zips,Ohio Bobcats,92,80,44,29,48,51,False,James A. Rhodes Arena
401724372,2025,2025-01-17,Saint Joseph's Hawks,VCU Rams,69,78,32,38,37,40,False,Michael J. Hagan '85 Arena
401719106,2025,2025-01-17,Villanova Wildcats,Providence Friars,75,73,32,37,43,36,False,Finneran Pavilion
401714470,2025,2025-01-17,Green Bay Phoenix,Robert Morris Colonials,67,89,45,40,22,49,False,Resch Center
401721362,2025,2025-01-17,Ohio State Buckeyes,Indiana Hoosiers,76,77,35,29,36,42,False,Value City Arena
401719105,2025,2025-01-17,Georgetown Hoyas,DePaul Blue Demons,68,73,28,39,40,34,False,Capital One Arena
401714469,2025,2025-01-17,Milwaukee Panthers,Youngstown State Penguins,79,64,38,26,41,38,False,UW-Milwaukee Panther Arena
401721363,2025,2025-01-17,UCLA Bruins,Iowa Hawkeyes,94,70,57,24,37,46,False,Pauley Pavilion
401722160,2025,2025-01-17,Fresno State Bulldogs,Air Force Falcons,74,65,41,24,33,41,False,Save Mart Center
401727822,2025,2025-01-17,New Mexico Lobos,Boise State Broncos,84,65,48,21,36,44,False,The Pit
401708333,2025,2025-01-18,Georgia Bulldogs,Auburn Tigers,68,70,27,33,41,37,False,Stegeman Coliseum
401725674,2025,2025-01-18,West Virginia Mountaineers,Iowa State Cyclones,64,57,25,24,39,33,False,WVU Coliseum
401724812,2025,2025-01-18,Boston College Eagles,Duke Blue Devils,63,88,34,40,29,48,False,Conte Forum
401708334,2025,2025-01-18,Kentucky Wildcats,Alabama Crimson Tide,97,102,45,47,52,55,False,Rupp Arena
401708332,2025,2025-01-18,Florida Gators,Texas Longhorns,84,60,37,30,47,30,False,Stephen C. O'Connell Center
401708338,2025,2025-01-18,Vanderbilt Commodores,Tennessee Volunteers,76,75,41,35,35,40,False,Memorial Gymnasium (TN)
401719109,2025,2025-01-18,Marquette Golden Eagles,Xavier Musketeers,57,59,24,35,33,24,False,Fiserv Forum
401725675,2025,2025-01-18,Kansas Jayhawks,Kansas State Wildcats,84,74,39,29,45,45,False,Allen Fieldhouse
401725676,2025,2025-01-18,UCF Knights,Houston Cougars,68,69,38,30,30,39,False,Addition Financial Arena
401708337,2025,2025-01-18,Texas A&M Aggies,LSU Tigers,68,57,30,30,38,27,False,Reed Arena
401721364,2025,2025-01-18,Oregon Ducks,Purdue Boilermakers,58,65,31,30,27,35,False,Matthew Knight Arena
401719107,2025,2025-01-18,UConn Huskies,Creighton Bluejays,63,68,28,35,35,33,False,Gampel Pavilion
401708335,2025,2025-01-18,Mississippi State Bulldogs,Ole Miss Rebels,84,81,37,29,37,45,False,Humphrey Coliseum
401706700,2025,2025-01-18,Gonzaga Bulldogs,Santa Clara Broncos,99,103,45,44,54,59,False,McCarthey Athletic Center
401721365,2025,2025-01-18,USC Trojans,Wisconsin Badgers,69,84,27,42,42,42,False,Galen Center
401721368,2025,2025-01-19,Michigan State Spartans,Illinois Fighting Illini,80,78,36,36,44,42,False,Breslin Center
401725545,2025,2025-01-19,Charlotte 49ers,Memphis Tigers,68,77,25,41,43,36,False,Halton Arena
401721367,2025,2025-01-19,Michigan Wolverines,Northwestern Wildcats,80,76,30,35,35,30,False,Crisler Center
401725677,2025,2025-01-19,Baylor Bears,TCU Horned Frogs,71,74,39,32,32,42,False,Foster Pavilion
401721944,2025,2025-01-20,Wagner Seahawks,Saint Francis Red Flash,70,68,32,25,23,30,False,Spiro Sports Center
401714220,2025,2025-01-20,UNC Wilmington Seahawks,William & Mary Tribe,85,74,43,37,42,37,False,Trask Coliseum
401721726,2025,2025-01-20,Cornell Big Red,Brown Bears,82,83,49,43,33,40,False,Newman Arena
401721725,2025,2025-01-20,Harvard Crimson,Pennsylvania Quakers,67,82,30,39,37,43,False,Lavietes Pavilion
401721724,2025,2025-01-20,Princeton Tigers,Columbia Lions,71,67,15,33,56,34,False,Jadwin Gymnasium
401721290,2025,2025-01-20,Prairie View A&M Panthers,Alcorn State Braves,70,78,31,41,39,37,False,William Nicks Building
401721182,2025,2025-01-20,Long Island University Sharks,Mercyhurst Lakers,72,63,34,28,25,31,False,Steinberg Wellness Center
401720956,2025,2025-01-20,Yale Bulldogs,Dartmouth Big Green,83,67,41,37,42,30,False,John J. Lee Amphitheater
401720739,2025,2025-01-20,Northwestern State Demons,New Orleans Privateers,73,61,27,36,46,25,False,Prather Coliseum
401720675,2025,2025-01-20,Nicholls Colonels,Lamar Cardinals,74,78,37,35,37,43,False,David R. Stopher Gymnasium
401715946,2025,2025-01-20,East Texas A&M Lions,SE Louisiana Lions,68,76,36,33,32,43,False,The Field House
401714218,2025,2025-01-20,Drexel Dragons,Hofstra Pride,60,55,26,37,34,18,False,Daskalakis Athletic Center
401730467,2025,2025-01-20,Howard Bison,Morehouse Maroon Tigers,76,79,28,40,48,39,False,Burr Gymnasium
401722073,2025,2025-01-20,Texas Southern Tigers,Jackson State Tigers,81,73,34,35,47,38,False,H&PE Arena
401720718,2025,2025-01-20,McNeese Cowboys,Stephen F. Austin Lumberjacks,79,59,43,26,36,33,False,Townsley Law Arena
401751403,2025,2025-01-20,Norfolk State Spartans,Washington Adventist Shock,105,42,52,23,53,19,False,Joseph G. Echols Hall
401727150,2025,2025-01-20,New Mexico Lobos,Fresno State Bulldogs,95,67,45,27,50,40,False,The Pit
401716125,2025,2025-01-20,Incarnate Word Cardinals,UT Rio Grande Valley Vaqueros,78,85,37,33,41,52,False,McDermott Center
401719110,2025,2025-01-20,Villanova Wildcats,Georgetown Hoyas,63,64,34,27,29,37,False,Finneran Pavilion
401721369,2025,2025-01-20,Penn State Nittany Lions,Rutgers Scarlet Knights,80,72,37,35,43,37,False,Bryce Jordan Center
401722059,2025,2025-01-20,Florida A&M Rattlers,Mississippi Valley State Delta Devils,83,53,30,15,53,38,False,Al Lawson Center
401722043,2025,2025-01-20,Bethune-Cookman Wildcats,Arkansas-Pine Bluff Golden Lions,73,64,27,24,46,40,False,Moore Gymnasium (FL)
401721869,2025,2025-01-20,Colgate Raiders,Bucknell Bison,87,80,37,42,50,38,False,Cotterell Court
401721162,2025,2025-01-20,Le Moyne Dolphins,Stonehill Skyhawks,73,72,38,30,35,42,False,Ted Grant Court
401721120,2025,2025-01-20,Chicago State Cougars,Fairleigh Dickinson Knights,48,58,23,27,25,31,False,Jones Convocation Center
401715969,2025,2025-01-20,Houston Christian Huskies,Texas A&M-Corpus Christi Islanders,76,72,45,32,31,40,False,Sharp Gymnasium
401720652,2025,2025-01-20,Montana Grizzlies,Idaho Vandals,72,67,37,31,35,36,False,Dahlberg Arena
401718480,2025,2025-01-20,Montana State Bobcats,Eastern Washington Eagles,74,64,29,31,45,33,False,Worthington Arena
401714222,2025,2025-01-20,North Carolina A&T Aggies,Hampton Pirates,73,74,29,39,44,35,False,Corbett Sports Center
401725683,2025,2025-01-21,Iowa State Cyclones,UCF Knights,108,83,54,36,54,47,False,Hilton Coliseum
401708341,2025,2025-01-21,Alabama Crimson Tide,Vanderbilt Commodores,103,87,48,31,55,56,False,Coleman Coliseum
401708340,2025,2025-01-21,Tennessee Volunteers,Mississippi State Bulldogs,68,56,34,16,34,40,False,Food City Center
401719113,2025,2025-01-21,Seton Hall Pirates,Marquette Golden Eagles,59,76,21,33,38,43,False,Prudential Center
401721372,2025,2025-01-21,Purdue Boilermakers,Ohio State Buckeyes,70,73,41,28,29,45,False,Mackey Arena
401721371,2025,2025-01-21,Oregon Ducks,Washington Huskies,82,71,34,32,48,39,False,Matthew Knight Arena
401721373,2025,2025-01-21,UCLA Bruins,Wisconsin Badgers,85,83,36,41,49,42,False,Pauley Pavilion
401719111,2025,2025-01-21,UConn Huskies,Butler Bulldogs,80,78,39,31,29,37,False,PeoplesBank Arena
401708345,2025,2025-01-21,Texas Longhorns,Missouri Tigers,61,53,32,25,29,28,False,Moody Center
401725679,2025,2025-01-21,West Virginia Mountaineers,Arizona State Sun Devils,57,65,23,24,34,41,False,WVU Coliseum
401724817,2025,2025-01-21,SMU Mustangs,Louisville Cardinals,73,98,27,50,46,48,False,Moody Coliseum (Dallas)
401708344,2025,2025-01-22,South Carolina Gamecocks,Florida Gators,69,70,36,29,33,41,False,Colonial Life Arena
401725681,2025,2025-01-22,Houston Cougars,Utah Utes,70,36,41,17,29,19,False,Fertitta Center
401725684,2025,2025-01-22,TCU Horned Frogs,Kansas Jayhawks,61,74,35,33,26,41,False,Schollmaier Arena
401708343,2025,2025-01-22,Ole Miss Rebels,Texas A&M Aggies,62,63,33,26,29,37,False,The Sandy and John Black Pavilion at Ole Miss
401719114,2025,2025-01-22,St. John's Red Storm,Xavier Musketeers,79,71,30,40,35,25,False,Madison Square Garden
401721376,2025,2025-01-23,Illinois Fighting Illini,Maryland Terrapins,70,91,35,38,35,53,False,State Farm Center
401725552,2025,2025-01-23,Memphis Tigers,Wichita State Shockers,61,53,23,27,38,26,False,FedExForum
401719115,2025,2025-01-24,Marquette Golden Eagles,Villanova Wildcats,87,74,36,26,51,48,False,Fiserv Forum
401721378,2025,2025-01-24,Purdue Boilermakers,Michigan Wolverines,91,64,51,26,40,38,False,Mackey Arena
401708348,2025,2025-01-25,Auburn Tigers,Tennessee Volunteers,53,51,22,20,31,31,False,Neville Arena
401724827,2025,2025-01-25,Wake Forest Demon Deacons,Duke Blue Devils,56,63,22,35,34,28,False,LJVM Coliseum
401725687,2025,2025-01-25,Arizona State Sun Devils,Iowa State Cyclones,61,76,40,33,21,43,False,Desert Financial Arena
401708346,2025,2025-01-25,Alabama Crimson Tide,LSU Tigers,80,73,40,40,40,33,False,Coleman Coliseum
401708349,2025,2025-01-25,Florida Gators,Georgia Bulldogs,89,59,51,26,38,33,False,Stephen C. O'Connell Center
401725690,2025,2025-01-25,Kansas Jayhawks,Houston Cougars,86,92,38,31,28,35,False,Allen Fieldhouse
401721381,2025,2025-01-25,Rutgers Scarlet Knights,Michigan State Spartans,74,81,32,35,42,46,False,Madison Square Garden
401708352,2025,2025-01-25,Vanderbilt Commodores,Kentucky Wildcats,74,69,41,27,33,42,False,Memorial Gymnasium (TN)
401708353,2025,2025-01-25,Texas Longhorns,Texas A&M Aggies,70,69,25,43,45,26,False,Moody Center
401708351,2025,2025-01-25,South Carolina Gamecocks,Mississippi State Bulldogs,60,65,20,28,35,27,False,Colonial Life Arena
401721380,2025,2025-01-25,Minnesota Golden Gophers,Oregon Ducks,77,69,44,38,33,31,False,Williams Arena
401708350,2025,2025-01-25,Missouri Tigers,Ole Miss Rebels,83,75,38,31,45,44,False,Mizzou Arena
401719118,2025,2025-01-25,Xavier Musketeers,UConn Huskies,76,72,40,41,36,31,False,Cintas Center
401725691,2025,2025-01-25,Kansas State Wildcats,West Virginia Mountaineers,73,60,42,18,31,42,False,Bramlage Coliseum
401721382,2025,2025-01-26,Illinois Fighting Illini,Northwestern Wildcats,83,74,43,21,40,53,False,State Farm Center
401721384,2025,2025-01-26,Wisconsin Badgers,Nebraska Cornhuskers,83,55,40,28,43,27,False,Kohl Center
401725557,2025,2025-01-26,Memphis Tigers,UAB Blazers,100,77,52,39,48,38,False,FedExForum
401724830,2025,2025-01-27,Duke Blue Devils,NC State Wolfpack,74,64,33,37,41,27,False,Cameron Indoor Stadium
401725694,2025,2025-01-27,Arizona Wildcats,Iowa State Cyclones,86,75,34,30,37,41,False,McKale Memorial Center
401721388,2025,2025-01-28,Michigan State Spartans,Minnesota Golden Gophers,73,51,36,16,37,35,False,Breslin Center
401708354,2025,2025-01-28,Tennessee Volunteers,Kentucky Wildcats,73,78,33,30,40,48,False,Food City Center
401719120,2025,2025-01-28,Butler Bulldogs,Marquette Golden Eagles,69,78,42,35,27,43,False,Hinkle Fieldhouse
401725697,2025,2025-01-28,Kansas Jayhawks,UCF Knights,91,87,41,43,50,44,False,Allen Fieldhouse
401708359,2025,2025-01-28,Texas A&M Aggies,Oklahoma Sooners,75,68,31,30,44,38,False,Reed Arena
401719122,2025,2025-01-28,Georgetown Hoyas,St. John's Red Storm,41,66,21,47,20,19,False,Capital One Arena
401724831,2025,2025-01-28,Louisville Cardinals,Wake Forest Demon Deacons,72,59,45,21,27,38,False,KFC Yum! Center
401708356,2025,2025-01-29,LSU Tigers,Auburn Tigers,74,87,29,41,45,46,False,Pete Maravich Assembly Center
401724556,2025,2025-01-29,Mississippi State Bulldogs,Alabama Crimson Tide,84,88,39,44,45,44,False,Humphrey Coliseum
401725701,2025,2025-01-29,West Virginia Mountaineers,Houston Cougars,49,63,19,39,30,24,False,WVU Coliseum
401721389,2025,2025-01-29,Maryland Terrapins,Wisconsin Badgers,76,68,32,31,44,37,False,XFINITY Center
401725700,2025,2025-01-29,Texas Tech Red Raiders,TCU Horned Frogs,71,57,32,29,39,28,False,United Supermarkets Arena
401708357,2025,2025-01-29,Ole Miss Rebels,Texas Longhorns,72,69,34,38,38,31,False,The Sandy and John Black Pavilion at Ole Miss
401719123,2025,2025-01-29,UConn Huskies,DePaul Blue Demons,72,61,29,37,43,24,False,PeoplesBank Arena
401721393,2025,2025-01-30,UCLA Bruins,Oregon Ducks,78,52,40,26,38,26,False,Pauley Pavilion
401721391,2025,2025-01-30,Nebraska Cornhuskers,Illinois Fighting Illini,80,74,40,31,30,39,False,Pinnacle Bank Arena
401725564,2025,2025-01-30,Tulane Green Wave,Memphis Tigers,56,68,26,29,30,39,False,Devlin Fieldhouse
401721394,2025,2025-01-31,Purdue Boilermakers,Indiana Hoosiers,81,76,37,41,44,35,False,Mackey Arena
401708363,2025,2025-02-01,Ole Miss Rebels,Auburn Tigers,82,92,34,41,48,51,False,The Sandy and John Black Pavilion at Ole Miss
401724844,2025,2025-02-01,Duke Blue Devils,North Carolina Tar Heels,87,70,47,25,40,45,False,Cameron Indoor Stadium
401725706,2025,2025-02-01,Iowa State Cyclones,Kansas State Wildcats,61,80,35,37,26,43,False,Hilton Coliseum
401708360,2025,2025-02-01,Alabama Crimson Tide,Georgia Bulldogs,90,69,39,28,51,41,False,Coleman Coliseum
401708366,2025,2025-02-01,Tennessee Volunteers,Florida Gators,64,44,24,21,40,23,False,Food City Center
401725707,2025,2025-02-01,Houston Cougars,Texas Tech Red Raiders,81,82,37,41,35,31,False,Fertitta Center
401721398,2025,2025-02-01,USC Trojans,Michigan State Spartans,70,64,35,32,35,32,False,Galen Center
401719128,2025,2025-02-01,Marquette Golden Eagles,UConn Huskies,69,77,29,42,40,35,False,Fiserv Forum
401725705,2025,2025-02-01,Baylor Bears,Kansas Jayhawks,81,70,21,40,60,30,False,Foster Pavilion
401708361,2025,2025-02-01,Kentucky Wildcats,Arkansas Razorbacks,79,89,45,46,34,43,False,Rupp Arena
401708365,2025,2025-02-01,South Carolina Gamecocks,Texas A&M Aggies,72,76,36,44,36,32,False,Colonial Life Arena
401708364,2025,2025-02-01,Mississippi State Bulldogs,Missouri Tigers,61,88,31,45,30,43,False,Humphrey Coliseum
401719127,2025,2025-02-01,St. John's Red Storm,Providence Friars,68,66,25,21,43,45,False,Madison Square Garden
401721396,2025,2025-02-01,Northwestern Wildcats,Wisconsin Badgers,69,75,31,25,38,50,False,Welsh-Ryan Arena
401724841,2025,2025-02-01,Georgia Tech Yellow Jackets,Louisville Cardinals,77,70,27,38,50,32,False,McCamish Pavilion
401708367,2025,2025-02-01,Oklahoma Sooners,Vanderbilt Commodores,97,67,36,40,61,27,False,Lloyd Noble Center
401721400,2025,2025-02-02,Oregon Ducks,Nebraska Cornhuskers,71,77,28,34,43,43,False,Matthew Knight Arena
401721399,2025,2025-02-02,Illinois Fighting Illini,Ohio State Buckeyes,87,79,36,42,51,37,False,State Farm Center
401725569,2025,2025-02-02,Rice Owls,Memphis Tigers,83,86,39,44,44,42,False,Tudor Fieldhouse
401725710,2025,2025-02-03,Kansas Jayhawks,Iowa State Cyclones,69,52,35,19,34,33,False,Allen Fieldhouse
401708368,2025,2025-02-04,Auburn Tigers,Oklahoma Sooners,98,70,44,34,54,36,False,Neville Arena
401725712,2025,2025-02-04,Houston Cougars,Oklahoma State Cowboys,72,63,39,33,33,30,False,Fertitta Center
401708369,2025,2025-02-04,Florida Gators,Vanderbilt Commodores,86,75,35,36,51,39,False,Stephen C. O'Connell Center
401721401,2025,2025-02-04,Iowa Hawkeyes,Purdue Boilermakers,81,90,36,36,45,54,False,Carver-Hawkeye Arena
401721404,2025,2025-02-04,UCLA Bruins,Michigan State Spartans,63,61,35,28,28,33,False,Pauley Pavilion
401719131,2025,2025-02-04,St. John's Red Storm,Marquette Golden Eagles,70,64,30,31,40,33,False,Madison Square Garden
401725713,2025,2025-02-04,Texas Tech Red Raiders,Baylor Bears,73,59,34,24,39,35,False,United Supermarkets Arena
401708371,2025,2025-02-04,Ole Miss Rebels,Kentucky Wildcats,98,84,54,31,44,53,False,The Sandy and John Black Pavilion at Ole Miss
401725711,2025,2025-02-04,BYU Cougars,Arizona Wildcats,74,85,41,41,33,44,False,Marriott Center
401721405,2025,2025-02-04,Wisconsin Badgers,Indiana Hoosiers,76,64,40,28,36,36,False,Kohl Center
401724850,2025,2025-02-05,Syracuse Orange,Duke Blue Devils,54,83,23,37,31,46,False,JMA Wireless Dome
401708372,2025,2025-02-05,Tennessee Volunteers,Missouri Tigers,85,81,28,34,57,47,False,Food City Center
401725573,2025,2025-02-05,Memphis Tigers,Tulsa Golden Hurricane,83,71,39,34,44,37,False,FedExForum
401721407,2025,2025-02-05,Rutgers Scarlet Knights,Illinois Fighting Illini,82,73,37,29,45,44,False,Jersey Mike’s Arena
401721406,2025,2025-02-05,Michigan Wolverines,Oregon Ducks,80,76,41,36,39,40,False,Crisler Center
401721409,2025,2025-02-06,Ohio State Buckeyes,Maryland Terrapins,73,70,32,41,41,29,False,Value City Arena
401721410,2025,2025-02-07,Purdue Boilermakers,USC Trojans,90,72,48,36,42,36,False,Mackey Arena
401719135,2025,2025-02-07,UConn Huskies,St. John's Red Storm,62,68,35,37,27,31,False,Gampel Pavilion
401708375,2025,2025-02-08,Auburn Tigers,Florida Gators,81,90,38,48,43,42,False,Neville Arena
401724861,2025,2025-02-08,Clemson Tigers,Duke Blue Devils,77,71,35,41,42,30,False,Littlejohn Coliseum
401708374,2025,2025-02-08,Arkansas Razorbacks,Alabama Crimson Tide,81,85,34,40,47,45,False,Bud Walton Arena
401708381,2025,2025-02-08,Oklahoma Sooners,Tennessee Volunteers,52,70,25,45,27,25,False,Lloyd Noble Center
401725723,2025,2025-02-08,Colorado Buffaloes,Houston Cougars,59,69,27,31,32,38,False,CU Events Center
401725722,2025,2025-02-08,Iowa State Cyclones,TCU Horned Frogs,82,52,42,24,40,28,False,Hilton Coliseum
401721413,2025,2025-02-08,Michigan State Spartans,Oregon Ducks,86,74,36,50,50,24,False,Breslin Center
401708379,2025,2025-02-08,Missouri Tigers,Texas A&M Aggies,64,67,29,38,35,29,False,Mizzou Arena
401719138,2025,2025-02-08,Creighton Bluejays,Marquette Golden Eagles,77,67,43,36,34,31,False,CHI Health Center Omaha
401725721,2025,2025-02-08,Arizona Wildcats,Texas Tech Red Raiders,82,73,39,37,43,36,False,McKale Memorial Center
401708377,2025,2025-02-08,Kentucky Wildcats,South Carolina Gamecocks,80,57,33,19,47,38,False,Rupp Arena
401725720,2025,2025-02-08,Kansas State Wildcats,Kansas Jayhawks,81,73,44,36,37,37,False,Bramlage Coliseum
401721412,2025,2025-02-08,Iowa Hawkeyes,Wisconsin Badgers,63,74,39,37,24,37,False,Carver-Hawkeye Arena
401708376,2025,2025-02-08,Georgia Bulldogs,Mississippi State Bulldogs,75,76,32,40,43,36,False,Stegeman Coliseum
401721414,2025,2025-02-08,Minnesota Golden Gophers,Illinois Fighting Illini,74,95,35,46,39,49,False,Williams Arena
401721411,2025,2025-02-08,Indiana Hoosiers,Michigan Wolverines,67,70,27,43,40,27,False,Simon Skjodt Assembly Hall
401708378,2025,2025-02-08,LSU Tigers,Ole Miss Rebels,70,72,39,33,31,39,False,Pete Maravich Assembly Center
401725581,2025,2025-02-09,Memphis Tigers,Temple Owls,90,82,35,35,55,47,False,FedExForum
401721417,2025,2025-02-09,Maryland Terrapins,Rutgers Scarlet Knights,90,81,49,38,41,43,False,XFINITY Center
401725726,2025,2025-02-10,Houston Cougars,Baylor Bears,76,65,38,30,38,35,False,Fertitta Center
401724863,2025,2025-02-10,Clemson Tigers,North Carolina Tar Heels,85,65,49,33,36,32,False,Littlejohn Coliseum
401708388,2025,2025-02-11,Vanderbilt Commodores,Auburn Tigers,68,80,32,34,36,46,False,Memorial Gymnasium (TN)
401708389,2025,2025-02-11,Texas Longhorns,Alabama Crimson Tide,80,103,31,49,49,54,False,Moody Center
401708384,2025,2025-02-11,Mississippi State Bulldogs,Florida Gators,68,81,34,33,34,48,False,Humphrey Coliseum
401708383,2025,2025-02-11,Kentucky Wildcats,Tennessee Volunteers,75,64,33,26,42,38,False,Rupp Arena
401721420,2025,2025-02-11,Michigan Wolverines,Purdue Boilermakers,75,73,35,37,40,36,False,Crisler Center
401708387,2025,2025-02-11,Texas A&M Aggies,Georgia Bulldogs,69,53,23,32,46,21,False,Reed Arena
401725731,2025,2025-02-11,UCF Knights,Iowa State Cyclones,65,77,30,32,35,45,False,Addition Financial Arena
401721421,2025,2025-02-11,Michigan State Spartans,Indiana Hoosiers,67,71,29,32,38,39,False,Breslin Center
401725727,2025,2025-02-11,Kansas State Wildcats,Arizona Wildcats,73,70,35,29,38,41,False,Bramlage Coliseum
401725730,2025,2025-02-11,Kansas Jayhawks,Colorado Buffaloes,71,59,40,26,31,33,False,Allen Fieldhouse
401719140,2025,2025-02-11,Marquette Golden Eagles,DePaul Blue Demons,68,58,34,32,34,26,False,Fiserv Forum
401719141,2025,2025-02-11,Creighton Bluejays,UConn Huskies,66,70,37,29,29,41,False,CHI Health Center Omaha
401724870,2025,2025-02-12,Duke Blue Devils,California Golden Bears,78,57,38,23,40,34,False,Cameron Indoor Stadium
401719143,2025,2025-02-12,Villanova Wildcats,St. John's Red Storm,73,71,34,32,39,39,False,Finneran Pavilion
401725732,2025,2025-02-12,Texas Tech Red Raiders,Arizona State Sun Devils,111,106,44,45,46,45,False,United Supermarkets Arena
401708386,2025,2025-02-12,South Carolina Gamecocks,Ole Miss Rebels,68,72,32,42,36,30,False,Colonial Life Arena
401708385,2025,2025-02-12,Missouri Tigers,Oklahoma Sooners,82,58,44,24,38,34,False,Mizzou Arena
401725588,2025,2025-02-13,South Florida Bulls,Memphis Tigers,65,80,27,42,38,38,False,Yuengling Center
401721426,2025,2025-02-13,Nebraska Cornhuskers,Maryland Terrapins,75,83,35,42,40,41,False,Pinnacle Bank Arena
401720961,2025,2025-02-14,Dartmouth Big Green,Columbia Lions,78,56,36,27,42,29,False,Leede Arena
401706260,2025,2025-02-14,Niagara Purple Eagles,Mount St. Mary's Mountaineers,83,84,34,41,49,43,False,Gallagher Center
401724427,2025,2025-02-14,Loyola Chicago Ramblers,Saint Louis Billikens,78,69,35,37,43,32,False,Gentile Arena
401721741,2025,2025-02-14,Harvard Crimson,Cornell Big Red,75,73,47,30,28,43,False,Lavietes Pavilion
401721740,2025,2025-02-14,Yale Bulldogs,Pennsylvania Quakers,72,71,37,32,35,39,False,John J. Lee Amphitheater
401721739,2025,2025-02-14,Brown Bears,Princeton Tigers,70,56,38,20,32,36,False,Pizzitola Sports Center
401714449,2025,2025-02-14,Green Bay Phoenix,Northern Kentucky Norse,60,73,31,42,29,31,False,Resch Center
401706371,2025,2025-02-14,Kent State Golden Flashes,Ohio Bobcats,76,75,44,40,32,35,False,M.A.C. Center
401706262,2025,2025-02-14,Saint Peter's Peacocks,Fairfield Stags,65,52,25,22,40,30,False,Yanitelli Center
401706261,2025,2025-02-14,Siena Saints,Marist Red Foxes,64,65,37,24,27,41,False,MVP Arena
401706259,2025,2025-02-14,Manhattan Jaspers,Merrimack Warriors,79,75,33,42,46,33,False,Draddy Gymnasium
401706258,2025,2025-02-14,Iona Gaels,Rider Broncs,71,74,45,36,26,38,False,Hynes Athletics Center
401706257,2025,2025-02-14,Sacred Heart Pioneers,Quinnipiac Bobcats,90,99,51,45,39,54,False,William H. Pitt Center
401721427,2025,2025-02-14,Indiana Hoosiers,UCLA Bruins,68,72,25,35,43,37,False,Simon Skjodt Assembly Hall
401714450,2025,2025-02-14,Milwaukee Panthers,Wright State Raiders,88,80,39,38,34,35,False,UW-Milwaukee Panther Arena
401722251,2025,2025-02-14,San José State Spartans,Nevada Wolf Pack,58,73,27,26,31,47,False,Provident Credit Union Event Center
401708390,2025,2025-02-15,Alabama Crimson Tide,Auburn Tigers,85,94,33,42,52,52,False,Coleman Coliseum
401724878,2025,2025-02-15,Duke Blue Devils,Stanford Cardinal,106,70,49,34,57,36,False,Cameron Indoor Stadium
401708391,2025,2025-02-15,Florida Gators,South Carolina Gamecocks,88,67,37,33,51,34,False,Stephen C. O'Connell Center
401708394,2025,2025-02-15,Tennessee Volunteers,Vanderbilt Commodores,81,76,31,44,50,32,False,Food City Center
401725738,2025,2025-02-15,Arizona Wildcats,Houston Cougars,58,62,30,25,28,37,False,McKale Memorial Center
401721430,2025,2025-02-15,Purdue Boilermakers,Wisconsin Badgers,84,94,37,36,47,58,False,Mackey Arena
401708395,2025,2025-02-15,Texas A&M Aggies,Arkansas Razorbacks,69,61,33,28,36,33,False,Reed Arena
401725741,2025,2025-02-15,Iowa State Cyclones,Cincinnati Bearcats,81,70,39,39,42,31,False,Hilton Coliseum
401721428,2025,2025-02-15,Illinois Fighting Illini,Michigan State Spartans,65,79,41,37,24,42,False,State Farm Center
401725736,2025,2025-02-15,Oklahoma State Cowboys,Texas Tech Red Raiders,55,93,24,43,31,50,False,Gallagher-Iba Arena
401708396,2025,2025-02-15,Texas Longhorns,Kentucky Wildcats,82,78,37,41,45,37,False,Moody Center
401725734,2025,2025-02-15,Utah Utes,Kansas Jayhawks,74,67,39,37,35,30,False,Jon M. Huntsman Center
401708393,2025,2025-02-15,Ole Miss Rebels,Mississippi State Bulldogs,71,81,33,40,38,41,False,The Sandy and John Black Pavilion at Ole Miss
401708392,2025,2025-02-15,Georgia Bulldogs,Missouri Tigers,74,87,41,38,33,49,False,Stegeman Coliseum
401724877,2025,2025-02-15,Florida State Seminoles,Clemson Tigers,46,72,19,36,27,36,False,Tucker Center
401719148,2025,2025-02-16,St. John's Red Storm,Creighton Bluejays,79,73,40,39,39,34,False,Madison Square Garden
401725594,2025,2025-02-16,Wichita State Shockers,Memphis Tigers,84,79,32,28,39,43,False,Charles Koch Arena
401721434,2025,2025-02-16,Ohio State Buckeyes,Michigan Wolverines,83,86,39,44,44,42,False,Value City Arena
401721432,2025,2025-02-16,Maryland Terrapins,Iowa Hawkeyes,101,75,47,51,54,24,False,XFINITY Center
401724880,2025,2025-02-17,Virginia Cavaliers,Duke Blue Devils,62,80,29,43,33,37,False,John Paul Jones Arena
401725742,2025,2025-02-17,Baylor Bears,Arizona Wildcats,67,74,33,41,34,33,False,Foster Pavilion
401708399,2025,2025-02-18,Florida Gators,Oklahoma Sooners,85,63,46,24,39,39,False,Stephen C. O'Connell Center
401725745,2025,2025-02-18,Arizona State Sun Devils,Houston Cougars,65,80,31,47,34,33,False,Desert Financial Arena
401708402,2025,2025-02-18,Mississippi State Bulldogs,Texas A&M Aggies,70,54,30,31,40,23,False,Humphrey Coliseum
401725747,2025,2025-02-18,Iowa State Cyclones,Colorado Buffaloes,79,65,45,28,34,37,False,Hilton Coliseum
401725744,2025,2025-02-18,TCU Horned Frogs,Texas Tech Red Raiders,69,66,36,28,33,38,False,Schollmaier Arena
401721438,2025,2025-02-18,Wisconsin Badgers,Illinois Fighting Illini,95,74,47,41,48,33,False,Kohl Center
401721436,2025,2025-02-18,Michigan State Spartans,Purdue Boilermakers,75,66,33,31,42,35,False,Breslin Center
401719151,2025,2025-02-18,Marquette Golden Eagles,Seton Hall Pirates,80,56,40,23,40,33,False,Fiserv Forum
401725746,2025,2025-02-18,BYU Cougars,Kansas Jayhawks,91,57,46,26,45,31,False,Marriott Center
401708398,2025,2025-02-19,Auburn Tigers,Arkansas Razorbacks,67,60,33,27,34,33,False,Neville Arena
401708403,2025,2025-02-19,Missouri Tigers,Alabama Crimson Tide,110,98,59,46,51,52,False,Mizzou Arena
401719152,2025,2025-02-19,DePaul Blue Demons,St. John's Red Storm,58,82,25,41,33,41,False,Wintrust Arena
401708400,2025,2025-02-19,Kentucky Wildcats,Vanderbilt Commodores,82,61,41,40,41,21,False,Rupp Arena
401721442,2025,2025-02-20,Maryland Terrapins,USC Trojans,88,71,37,27,51,44,False,XFINITY Center
401721444,2025,2025-02-21,Michigan Wolverines,Michigan State Spartans,62,75,38,34,24,41,False,Crisler Center
401719154,2025,2025-02-21,Villanova Wildcats,Marquette Golden Eagles,81,66,46,33,35,33,False,Xfinity Mobile Arena
401708406,2025,2025-02-22,Auburn Tigers,Georgia Bulldogs,82,70,29,24,53,46,False,Neville Arena
401708407,2025,2025-02-22,LSU Tigers,Florida Gators,65,79,37,31,28,48,False,Pete Maravich Assembly Center
401707856,2025,2025-02-22,Illinois Fighting Illini,Duke Blue Devils,67,110,37,54,30,56,True,Madison Square Garden
401708404,2025,2025-02-22,Alabama Crimson Tide,Kentucky Wildcats,96,83,47,40,49,43,False,Coleman Coliseum
401725751,2025,2025-02-22,Houston Cougars,Iowa State Cyclones,68,59,34,22,34,37,False,Fertitta Center
401708409,2025,2025-02-22,Texas A&M Aggies,Tennessee Volunteers,69,77,32,36,37,41,False,Reed Arena
401725755,2025,2025-02-22,Texas Tech Red Raiders,West Virginia Mountaineers,73,51,30,27,43,24,False,United Supermarkets Arena
401721447,2025,2025-02-22,Wisconsin Badgers,Oregon Ducks,73,77,38,26,28,40,False,Kohl Center
401708405,2025,2025-02-22,Arkansas Razorbacks,Missouri Tigers,92,85,41,48,51,37,False,Bud Walton Arena
401724887,2025,2025-02-22,SMU Mustangs,Clemson Tigers,69,79,32,36,37,43,False,Moody Coliseum (Dallas)
401725750,2025,2025-02-22,Arizona Wildcats,BYU Cougars,95,96,44,47,51,49,False,McKale Memorial Center
401708411,2025,2025-02-22,Oklahoma Sooners,Mississippi State Bulldogs,93,87,34,37,59,50,False,Lloyd Noble Center
401725752,2025,2025-02-22,Kansas Jayhawks,Oklahoma State Cowboys,96,64,52,23,44,41,False,Allen Fieldhouse
401708410,2025,2025-02-22,Vanderbilt Commodores,Ole Miss Rebels,77,72,41,33,36,39,False,Memorial Gymnasium (TN)
401724891,2025,2025-02-22,Louisville Cardinals,Florida State Seminoles,89,81,45,31,44,50,False,KFC Yum! Center
401719156,2025,2025-02-23,St. John's Red Storm,UConn Huskies,89,75,50,32,39,43,False,Madison Square Garden
401721448,2025,2025-02-23,Indiana Hoosiers,Purdue Boilermakers,73,58,25,37,48,21,False,Simon Skjodt Assembly Hall
401725606,2025,2025-02-23,Memphis Tigers,Florida Atlantic Owls,84,65,37,32,47,33,False,FedExForum
401725758,2025,2025-02-24,Texas Tech Red Raiders,Houston Cougars,61,69,30,33,31,36,False,United Supermarkets Arena
401721451,2025,2025-02-24,Nebraska Cornhuskers,Michigan Wolverines,46,49,21,25,25,24,False,Pinnacle Bank Arena
401724895,2025,2025-02-25,Miami Hurricanes,Duke Blue Devils,60,97,32,47,28,50,False,Watsco Center
401708416,2025,2025-02-25,Georgia Bulldogs,Florida Gators,88,83,51,35,37,48,False,Stegeman Coliseum
401708417,2025,2025-02-25,LSU Tigers,Tennessee Volunteers,59,65,23,26,36,39,False,Pete Maravich Assembly Center
401708413,2025,2025-02-25,Alabama Crimson Tide,Mississippi State Bulldogs,111,73,53,27,58,46,False,Coleman Coliseum
401725760,2025,2025-02-25,Oklahoma State Cowboys,Iowa State Cyclones,74,68,40,26,34,42,False,Gallagher-Iba Arena
401721454,2025,2025-02-25,Wisconsin Badgers,Washington Huskies,88,62,43,28,45,34,False,Kohl Center
401708412,2025,2025-02-25,Missouri Tigers,South Carolina Gamecocks,101,71,52,37,49,34,False,Mizzou Arena
401724897,2025,2025-02-25,Virginia Tech Hokies,Louisville Cardinals,66,71,26,34,40,37,False,Cassell Coliseum
401719159,2025,2025-02-25,Marquette Golden Eagles,Providence Friars,82,52,43,32,39,20,False,Fiserv Forum
401708415,2025,2025-02-26,Auburn Tigers,Ole Miss Rebels,106,76,50,40,56,36,False,Neville Arena
401719161,2025,2025-02-26,Butler Bulldogs,St. John's Red Storm,70,76,32,38,38,38,False,Hinkle Fieldhouse
401721456,2025,2025-02-26,Maryland Terrapins,Michigan State Spartans,55,58,23,21,32,37,False,XFINITY Center
401708418,2025,2025-02-26,Texas A&M Aggies,Vanderbilt Commodores,84,86,32,34,52,52,False,Reed Arena
401724898,2025,2025-02-26,Clemson Tigers,Notre Dame Fighting Irish,83,68,41,31,42,37,False,Littlejohn Coliseum
401708419,2025,2025-02-26,Oklahoma Sooners,Kentucky Wildcats,82,83,41,43,41,40,False,Lloyd Noble Center
401725609,2025,2025-02-26,Memphis Tigers,Rice Owls,84,72,39,32,45,40,False,FedExForum
401725764,2025,2025-02-26,Arizona Wildcats,Utah Utes,83,66,46,32,37,34,False,McKale Memorial Center
401725763,2025,2025-02-26,Arizona State Sun Devils,BYU Cougars,81,91,37,47,44,44,False,Desert Financial Arena
401721458,2025,2025-02-27,Michigan Wolverines,Rutgers Scarlet Knights,84,82,49,57,35,25,False,Crisler Center
401706754,2025,2025-02-27,Loyola Marymount Lions,Saint Mary's Gaels,55,58,19,24,36,34,False,Gersten Pavilion
401721460,2025,2025-02-28,Purdue Boilermakers,UCLA Bruins,76,66,37,35,39,31,False,Mackey Arena
401708421,2025,2025-03-01,Kentucky Wildcats,Auburn Tigers,78,94,34,49,44,45,False,Rupp Arena
401724905,2025,2025-03-01,Duke Blue Devils,Florida State Seminoles,100,65,47,30,53,35,False,Cameron Indoor Stadium
401708420,2025,2025-03-01,Florida Gators,Texas A&M Aggies,89,70,45,34,44,36,False,Stephen C. O'Connell Center
401725770,2025,2025-03-01,Houston Cougars,Cincinnati Bearcats,73,64,37,25,36,39,False,Fertitta Center
401708425,2025,2025-03-01,Tennessee Volunteers,Alabama Crimson Tide,79,76,38,42,41,34,False,Food City Center
401719169,2025,2025-03-01,St. John's Red Storm,Seton Hall Pirates,71,61,34,30,37,31,False,Madison Square Garden
401725766,2025,2025-03-01,Iowa State Cyclones,Arizona Wildcats,84,67,43,30,41,37,False,Hilton Coliseum
401725768,2025,2025-03-01,Kansas Jayhawks,Texas Tech Red Raiders,73,78,37,48,36,30,False,Allen Fieldhouse
401724911,2025,2025-03-01,Virginia Cavaliers,Clemson Tigers,58,71,32,27,26,44,False,John Paul Jones Arena
401708426,2025,2025-03-01,Vanderbilt Commodores,Missouri Tigers,97,93,29,38,52,43,False,Memorial Gymnasium (TN)
401721463,2025,2025-03-01,Penn State Nittany Lions,Maryland Terrapins,64,68,36,30,28,38,False,Bryce Jordan Center
401724910,2025,2025-03-01,Louisville Cardinals,Pittsburgh Panthers,79,68,39,33,40,35,False,KFC Yum! Center
401719170,2025,2025-03-01,Georgetown Hoyas,Marquette Golden Eagles,61,76,22,39,39,37,False,Capital One Arena
401706760,2025,2025-03-01,Saint Mary's Gaels,Oregon State Beavers,74,64,34,33,40,31,False,University Credit Union Pavilion
401708423,2025,2025-03-01,Mississippi State Bulldogs,LSU Tigers,81,69,35,37,46,32,False,Humphrey Coliseum
401725771,2025,2025-03-01,BYU Cougars,West Virginia Mountaineers,77,56,25,19,52,37,False,Marriott Center
401721466,2025,2025-03-02,Michigan State Spartans,Wisconsin Badgers,71,62,32,34,39,28,False,Breslin Center
401721465,2025,2025-03-02,Michigan Wolverines,Illinois Fighting Illini,73,93,30,31,43,62,False,Crisler Center
401725616,2025,2025-03-02,UAB Blazers,Memphis Tigers,81,88,42,36,39,52,False,Bartow Arena
401724912,2025,2025-03-03,Duke Blue Devils,Wake Forest Demon Deacons,93,60,40,27,53,33,False,Cameron Indoor Stadium
401725774,2025,2025-03-03,Houston Cougars,Kansas Jayhawks,65,59,30,27,35,32,False,Fertitta Center
401708433,2025,2025-03-04,Texas A&M Aggies,Auburn Tigers,83,72,40,34,43,38,False,Reed Arena
401725776,2025,2025-03-04,Iowa State Cyclones,BYU Cougars,85,88,24,33,44,35,False,Hilton Coliseum
401725618,2025,2025-03-04,UTSA Roadrunners,Memphis Tigers,70,75,36,41,34,34,False,UTSA Convocation Center
401721470,2025,2025-03-04,Purdue Boilermakers,Rutgers Scarlet Knights,100,71,50,41,50,30,False,Mackey Arena
401708429,2025,2025-03-04,Kentucky Wildcats,LSU Tigers,95,64,50,23,45,41,False,Rupp Arena
401725775,2025,2025-03-04,Arizona Wildcats,Arizona State Sun Devils,113,100,55,47,58,53,False,McKale Memorial Center
401708431,2025,2025-03-04,Mississippi State Bulldogs,Texas Longhorns,82,87,32,37,39,34,False,Humphrey Coliseum
401708430,2025,2025-03-05,Ole Miss Rebels,Tennessee Volunteers,78,76,36,41,42,35,False,The Sandy and John Black Pavilion at Ole Miss
401708428,2025,2025-03-05,Alabama Crimson Tide,Florida Gators,94,99,40,41,54,58,False,Coleman Coliseum
401725779,2025,2025-03-05,Texas Tech Red Raiders,Colorado Buffaloes,91,75,45,33,46,42,False,United Supermarkets Arena
401724917,2025,2025-03-05,Boston College Eagles,Clemson Tigers,69,78,39,49,30,29,False,Conte Forum
401721472,2025,2025-03-05,Minnesota Golden Gophers,Wisconsin Badgers,67,74,27,33,40,41,False,Williams Arena
401721471,2025,2025-03-05,Michigan Wolverines,Maryland Terrapins,65,71,22,33,43,38,False,Crisler Center
401724919,2025,2025-03-05,Louisville Cardinals,California Golden Bears,85,68,41,26,44,42,False,KFC Yum! Center
401708435,2025,2025-03-05,Oklahoma Sooners,Missouri Tigers,96,84,50,37,46,47,False,Lloyd Noble Center
401719171,2025,2025-03-05,UConn Huskies,Marquette Golden Eagles,72,66,33,37,39,29,False,Gampel Pavilion
401721474,2025,2025-03-06,Iowa Hawkeyes,Michigan State Spartans,84,91,37,30,47,61,False,Carver-Hawkeye Arena
401725624,2025,2025-03-07,Memphis Tigers,South Florida Bulls,84,68,35,35,49,33,False,FedExForum
401721475,2025,2025-03-07,Illinois Fighting Illini,Purdue Boilermakers,88,80,40,42,48,38,False,State Farm Center
401708437,2025,2025-03-08,Auburn Tigers,Alabama Crimson Tide,91,93,42,45,37,34,False,Neville Arena
401724922,2025,2025-03-08,North Carolina Tar Heels,Duke Blue Devils,69,82,42,43,27,39,False,Dean E. Smith Center
401725787,2025,2025-03-08,Baylor Bears,Houston Cougars,61,65,29,26,32,39,False,Foster Pavilion
401729827,2025,2025-03-08,Tennessee Volunteers,South Carolina Gamecocks,75,65,34,34,41,31,False,Food City Center
401708438,2025,2025-03-08,Florida Gators,Ole Miss Rebels,90,71,38,31,52,40,False,Stephen C. O'Connell Center
401719193,2025,2025-03-08,Marquette Golden Eagles,St. John's Red Storm,84,86,35,36,40,39,False,Fiserv Forum
401725785,2025,2025-03-08,Arizona State Sun Devils,Texas Tech Red Raiders,57,85,32,36,25,49,False,Desert Financial Arena
401725784,2025,2025-03-08,Kansas State Wildcats,Iowa State Cyclones,57,73,26,34,31,39,False,Bramlage Coliseum
401724929,2025,2025-03-08,Clemson Tigers,Virginia Tech Hokies,65,47,35,20,30,27,False,Littlejohn Coliseum
401721479,2025,2025-03-08,Wisconsin Badgers,Penn State Nittany Lions,75,86,40,35,35,51,False,Kohl Center
401721477,2025,2025-03-08,Maryland Terrapins,Northwestern Wildcats,74,61,32,29,42,32,False,XFINITY Center
401724926,2025,2025-03-08,Louisville Cardinals,Stanford Cardinal,68,48,33,18,35,30,False,KFC Yum! Center
401708441,2025,2025-03-08,Missouri Tigers,Kentucky Wildcats,83,91,29,38,54,53,False,Mizzou Arena
401708440,2025,2025-03-08,LSU Tigers,Texas A&M Aggies,52,66,32,30,20,36,False,Pete Maravich Assembly Center
401725783,2025,2025-03-08,BYU Cougars,Utah Utes,85,74,34,30,51,44,False,Marriott Center
401725782,2025,2025-03-08,Kansas Jayhawks,Arizona Wildcats,83,76,39,30,44,46,False,Allen Fieldhouse
401708436,2025,2025-03-08,Arkansas Razorbacks,Mississippi State Bulldogs,93,92,45,44,48,48,False,Bud Walton Arena
401721480,2025,2025-03-09,Michigan State Spartans,Michigan Wolverines,79,62,50,28,29,34,False,Breslin Center
401744264,2025,2025-03-10,Saint Mary's Gaels,Pepperdine Waves,74,59,39,29,35,30,True,Orleans Arena
401744266,2025,2025-03-11,Saint Mary's Gaels,Gonzaga Bulldogs,51,58,31,33,20,25,True,Orleans Arena
401743845,2025,2025-03-12,Iowa State Cyclones,Cincinnati Bearcats,76,56,33,24,43,32,True,T-Mobile Center
401743770,2025,2025-03-13,Duke Blue Devils,Georgia Tech Yellow Jackets,78,70,26,31,52,39,True,Spectrum Center
401743849,2025,2025-03-13,Houston Cougars,Colorado Buffaloes,77,68,38,33,39,35,True,T-Mobile Center
401743878,2025,2025-03-13,St. John's Red Storm,Butler Bulldogs,78,57,37,26,41,31,True,Madison Square Garden
401743850,2025,2025-03-13,Texas Tech Red Raiders,Baylor Bears,76,74,52,39,24,35,True,T-Mobile Center
401743773,2025,2025-03-13,Clemson Tigers,SMU Mustangs,57,54,28,27,29,27,True,Spectrum Center
401743848,2025,2025-03-13,BYU Cougars,Iowa State Cyclones,96,92,49,53,47,39,True,T-Mobile Center
401743772,2025,2025-03-13,Louisville Cardinals,Stanford Cardinal,75,73,30,33,45,40,True,Spectrum Center
401744162,2025,2025-03-13,Texas A&M Aggies,Texas Longhorns,89,94,27,33,46,40,True,Bridgestone Arena
401744164,2025,2025-03-13,Kentucky Wildcats,Oklahoma Sooners,85,84,40,38,45,46,True,Bridgestone Arena
401743897,2025,2025-03-13,Wisconsin Badgers,Northwestern Wildcats,70,63,37,30,33,33,True,Gainbridge Fieldhouse
401743919,2025,2025-03-13,Purdue Boilermakers,USC Trojans,76,71,35,35,41,36,True,Gainbridge Fieldhouse
401744163,2025,2025-03-13,Missouri Tigers,Mississippi State Bulldogs,85,73,39,34,46,39,True,Bridgestone Arena
401743896,2025,2025-03-13,Oregon Ducks,Indiana Hoosiers,72,59,37,29,35,30,True,Gainbridge Fieldhouse
401743918,2025,2025-03-13,Illinois Fighting Illini,Iowa Hawkeyes,106,94,49,45,57,49,True,Gainbridge Fieldhouse
401743879,2025,2025-03-13,Xavier Musketeers,Marquette Golden Eagles,87,89,46,36,41,53,True,Madison Square Garden
401743774,2025,2025-03-14,Duke Blue Devils,North Carolina Tar Heels,74,71,45,24,29,47,True,Spectrum Center
401743852,2025,2025-03-14,Houston Cougars,BYU Cougars,74,54,41,20,33,34,True,T-Mobile Center
401744166,2025,2025-03-14,Auburn Tigers,Ole Miss Rebels,62,57,29,22,33,35,True,Bridgestone Arena
401744170,2025,2025-03-14,Florida Gators,Missouri Tigers,95,81,50,37,45,44,True,Bridgestone Arena
401744171,2025,2025-03-14,Alabama Crimson Tide,Kentucky Wildcats,99,70,45,38,54,32,True,Bridgestone Arena
401743882,2025,2025-03-14,St. John's Red Storm,Marquette Golden Eagles,79,63,35,37,44,26,True,Madison Square Garden
401743916,2025,2025-03-14,Michigan State Spartans,Oregon Ducks,74,64,42,32,32,32,True,Gainbridge Fieldhouse
401744168,2025,2025-03-14,Tennessee Volunteers,Texas Longhorns,83,72,41,38,42,34,True,Bridgestone Arena
401743853,2025,2025-03-14,Texas Tech Red Raiders,Arizona Wildcats,80,86,39,47,41,39,True,T-Mobile Center
401743775,2025,2025-03-14,Louisville Cardinals,Clemson Tigers,76,73,33,28,43,45,True,Spectrum Center
401743938,2025,2025-03-14,Maryland Terrapins,Illinois Fighting Illini,88,65,57,31,31,34,True,Gainbridge Fieldhouse
401745781,2025,2025-03-14,Memphis Tigers,Wichita State Shockers,83,80,39,39,44,41,True,Dickies Arena
401743917,2025,2025-03-14,UCLA Bruins,Wisconsin Badgers,70,86,29,48,41,38,True,Gainbridge Fieldhouse
401743939,2025,2025-03-14,Michigan Wolverines,Purdue Boilermakers,86,68,40,36,46,32,True,Gainbridge Fieldhouse
401743776,2025,2025-03-15,Duke Blue Devils,Louisville Cardinals,73,62,33,38,40,24,True,Spectrum Center
401743854,2025,2025-03-15,Houston Cougars,Arizona Wildcats,72,64,28,33,44,31,True,T-Mobile Center
401744172,2025,2025-03-15,Auburn Tigers,Tennessee Volunteers,65,70,33,32,32,38,True,Bridgestone Arena
401744173,2025,2025-03-15,Florida Gators,Alabama Crimson Tide,104,82,47,45,57,37,True,Bridgestone Arena
401743884,2025,2025-03-15,St. John's Red Storm,Creighton Bluejays,82,66,25,28,57,38,False,Madison Square Garden
401743940,2025,2025-03-15,Michigan State Spartans,Wisconsin Badgers,74,77,33,37,41,40,True,Gainbridge Fieldhouse
401743941,2025,2025-03-15,Maryland Terrapins,Michigan Wolverines,80,81,34,38,46,43,True,Gainbridge Fieldhouse
401745785,2025,2025-03-15,Memphis Tigers,Tulane Green Wave,78,77,39,32,39,45,True,Dickies Arena
401744175,2025,2025-03-16,Florida Gators,Tennessee Volunteers,86,77,39,30,47,47,True,Bridgestone Arena
401745787,2025,2025-03-16,Memphis Tigers,UAB Blazers,84,72,32,35,52,37,True,Dickies Arena
401743942,2025,2025-03-16,Michigan Wolverines,Wisconsin Badgers,59,53,21,23,38,30,True,Gainbridge Fieldhouse
401745911,2025,2025-03-18,San Diego State Aztecs,North Carolina Tar Heels,68,95,23,47,45,48,True,UD Arena
401745907,2025,2025-03-18,Alabama State Hornets,Saint Francis Red Flash,70,68,34,39,36,29,True,UD Arena
401745909,2025,2025-03-19,Texas Longhorns,Xavier Musketeers,80,86,47,39,33,47,True,UD Arena
401745913,2025,2025-03-19,American University Eagles,Mount St. Mary's Mountaineers,72,83,38,48,34,35,True,UD Arena
401745972,2025,2025-03-20,Houston Cougars,SIU Edwardsville Cougars,78,40,52,24,26,16,True,INTRUST Bank Arena
401745957,2025,2025-03-20,Auburn Tigers,Alabama State Hornets,83,63,41,31,42,32,True,Rupp Arena
401745984,2025,2025-03-20,Tennessee Volunteers,Wofford Terriers,77,62,36,27,41,35,True,Rupp Arena
401745989,2025,2025-03-20,St. John's Red Storm,Omaha Mavericks,83,53,33,28,50,25,True,Amica Mutual Pavilion
401745970,2025,2025-03-20,Wisconsin Badgers,Montana Grizzlies,85,66,40,32,45,34,True,Ball Arena
401745986,2025,2025-03-20,Texas Tech Red Raiders,UNC Wilmington Seahawks,82,72,38,34,44,38,True,INTRUST Bank Arena
401745980,2025,2025-03-20,Purdue Boilermakers,High Point Panthers,75,63,37,27,38,36,True,Amica Mutual Pavilion
401745966,2025,2025-03-20,Texas A&M Aggies,Yale Bulldogs,80,71,40,29,40,42,True,Ball Arena
401745978,2025,2025-03-20,Clemson Tigers,McNeese Cowboys,67,69,13,31,54,38,True,Amica Mutual Pavilion
401745963,2025,2025-03-20,Michigan Wolverines,UC San Diego Tritons,68,65,41,27,27,38,True,Ball Arena
401745968,2025,2025-03-20,BYU Cougars,VCU Rams,80,71,39,28,41,43,True,Ball Arena
401745985,2025,2025-03-20,Missouri Tigers,Drake Bulldogs,57,67,23,30,34,37,True,INTRUST Bank Arena
401745987,2025,2025-03-20,Kansas Jayhawks,Arkansas Razorbacks,72,79,44,47,28,32,True,Amica Mutual Pavilion
401745983,2025,2025-03-20,UCLA Bruins,Utah State Aggies,72,47,39,27,33,20,True,Rupp Arena
401745959,2025,2025-03-20,Louisville Cardinals,Creighton Bluejays,75,89,34,49,41,40,True,Rupp Arena
401745974,2025,2025-03-20,Gonzaga Bulldogs,Georgia Bulldogs,89,68,48,27,41,41,True,INTRUST Bank Arena
401746003,2025,2025-03-21,Duke Blue Devils,Mount St. Mary's Mountaineers,93,49,54,28,39,21,True,Lenovo Center
401746017,2025,2025-03-21,Florida Gators,Norfolk State Spartans,95,69,53,32,42,37,True,Lenovo Center
401746014,2025,2025-03-21,Alabama Crimson Tide,Robert Morris Colonials,90,81,40,36,50,45,True,Rocket Arena
401746001,2025,2025-03-21,Michigan State Spartans,Bryant Bulldogs,87,62,33,28,54,34,True,Rocket Arena
401745997,2025,2025-03-21,Iowa State Cyclones,Lipscomb Bisons,82,55,40,24,42,31,True,Fiserv Forum
401746016,2025,2025-03-21,Kentucky Wildcats,Troy Trojans,76,57,35,27,41,30,True,Fiserv Forum
401746021,2025,2025-03-21,Maryland Terrapins,Grand Canyon Lopes,81,49,42,28,39,21,True,Climate Pledge Arena
401746009,2025,2025-03-21,Arizona Wildcats,Akron Zips,93,65,41,31,52,34,True,Climate Pledge Arena
401746019,2025,2025-03-21,Memphis Tigers,Colorado State Rams,70,78,36,31,34,47,True,Climate Pledge Arena
401746007,2025,2025-03-21,Oregon Ducks,Liberty Flames,81,52,44,20,37,32,True,Climate Pledge Arena
401745995,2025,2025-03-21,Ole Miss Rebels,North Carolina Tar Heels,71,64,44,26,27,38,True,Fiserv Forum
401746015,2025,2025-03-21,Illinois Fighting Illini,Xavier Musketeers,86,73,40,35,46,38,True,Fiserv Forum
401746012,2025,2025-03-21,Saint Mary's Gaels,Vanderbilt Commodores,59,56,22,29,37,27,True,Rocket Arena
401745999,2025,2025-03-21,Marquette Golden Eagles,New Mexico Lobos,66,75,32,35,34,40,True,Rocket Arena
401746005,2025,2025-03-21,Mississippi State Bulldogs,Baylor Bears,72,75,32,37,40,38,True,Lenovo Center
401746018,2025,2025-03-21,UConn Huskies,Oklahoma Sooners,67,59,32,26,35,33,True,Lenovo Center
401746042,2025,2025-03-22,Auburn Tigers,Creighton Bluejays,82,70,35,37,47,33,True,Rupp Arena
401746038,2025,2025-03-22,Houston Cougars,Gonzaga Bulldogs,81,76,35,27,46,49,True,INTRUST Bank Arena
401746032,2025,2025-03-22,St. John's Red Storm,Arkansas Razorbacks,66,75,32,35,34,40,True,Amica Mutual Pavilion
401746044,2025,2025-03-22,Tennessee Volunteers,UCLA Bruins,67,58,32,25,35,33,True,Rupp Arena
401746040,2025,2025-03-22,Texas Tech Red Raiders,Drake Bulldogs,77,64,37,30,40,34,True,INTRUST Bank Arena
401746034,2025,2025-03-22,Wisconsin Badgers,BYU Cougars,89,91,36,47,53,44,True,Ball Arena
401746030,2025,2025-03-22,Purdue Boilermakers,McNeese Cowboys,76,62,38,20,38,42,True,Amica Mutual Pavilion
401746036,2025,2025-03-22,Texas A&M Aggies,Michigan Wolverines,79,91,39,35,40,56,True,Ball Arena
401746050,2025,2025-03-23,Florida Gators,UConn Huskies,77,75,31,31,46,44,True,Lenovo Center
401746049,2025,2025-03-23,Duke Blue Devils,Baylor Bears,89,66,47,30,42,36,True,Lenovo Center
401746052,2025,2025-03-23,Alabama Crimson Tide,Saint Mary's Gaels,80,66,42,29,38,37,True,Rocket Arena
401746054,2025,2025-03-23,Michigan State Spartans,New Mexico Lobos,71,63,29,31,42,32,True,Rocket Arena
401746048,2025,2025-03-23,Kentucky Wildcats,Illinois Fighting Illini,84,75,37,32,47,43,True,Fiserv Forum
401746047,2025,2025-03-23,Iowa State Cyclones,Ole Miss Rebels,78,91,29,40,49,51,True,Fiserv Forum
401746046,2025,2025-03-23,Maryland Terrapins,Colorado State Rams,72,71,30,37,42,34,True,Climate Pledge Arena
401746045,2025,2025-03-23,Arizona Wildcats,Oregon Ducks,87,83,42,38,45,45,True,Climate Pledge Arena
401746065,2025,2025-03-27,Florida Gators,Maryland Terrapins,87,71,40,38,47,33,True,Chase Center
401746061,2025,2025-03-27,Duke Blue Devils,Arizona Wildcats,100,93,48,42,52,51,True,Prudential Center
401746062,2025,2025-03-27,Alabama Crimson Tide,BYU Cougars,113,88,51,40,62,48,True,Prudential Center
401746063,2025,2025-03-27,Texas Tech Red Raiders,Arkansas Razorbacks,85,83,31,38,41,34,True,Chase Center
401746069,2025,2025-03-28,Auburn Tigers,Michigan Wolverines,78,65,30,29,48,36,True,State Farm Arena
401746071,2025,2025-03-28,Houston Cougars,Purdue Boilermakers,62,60,29,31,33,29,True,Lucas Oil Stadium
401746070,2025,2025-03-28,Michigan State Spartans,Ole Miss Rebels,73,70,31,33,42,37,True,State Farm Arena
401746072,2025,2025-03-28,Tennessee Volunteers,Kentucky Wildcats,78,65,43,28,35,37,True,Lucas Oil Stadium
401746077,2025,2025-03-29,Florida Gators,Texas Tech Red Raiders,84,79,40,37,44,42,True,Chase Center
401746076,2025,2025-03-29,Duke Blue Devils,Alabama Crimson Tide,85,65,46,37,39,28,True,Prudential Center
401746079,2025,2025-03-30,Houston Cougars,Tennessee Volunteers,69,50,34,15,35,35,True,Lucas Oil Stadium
401746078,2025,2025-03-30,Auburn Tigers,Michigan State Spartans,70,64,33,24,37,40,True,State Farm Arena
401746081,2025,2025-04-05,Auburn Tigers,Florida Gators,73,79,46,38,27,41,True,Alamodome
401746080,2025,2025-04-05,Duke Blue Devils,Houston Cougars,67,70,34,28,33,42,True,Alamodome
401746082,2025,2025-04-07,Houston Cougars,Florida Gators,63,65,31,28,32,37,True,Alamodome
