game_id,season,date_game,start_time,home_team,away_team,home_score,away_score,home_score_1h,away_score_1h,home_score_2h,away_score_2h,neutral_site,venue,source,pair_key,event_id,book,market,period,commence_time,last_update,home_team_name,away_team_name,moneyline_home,moneyline_away,home_spread,home_spread_price,away_spread,away_spread_price,total,over_price,under_price,date_line,_day_diff,pred_total,pred_margin,pred_total_1h,pred_total_2h,pred_margin_1h,pred_margin_2h,pred_total_aligned,pred_margin_aligned,edge_total,edge_margin,edge_total_pct,edge_margin_pct,kelly_fraction_total,home_ml_prob_market,away_ml_prob_market,home_ml_prob_fair,away_ml_prob_fair,kelly_fraction_ml_home,kelly_fraction_ml_away,home_ml_ev,away_ml_ev,home_ml_b,away_ml_b
401811967,2025,2025-11-15,2025-11-16 01:00:00+00:00,Oral Roberts Golden Eagles,Belmont Bruins,0,0,,,,,False,Mabee Center,espn,belmont::oralrobertsgolden,4b712a6b5ad9ea04af597519d3bb44e9,BetMGM,h2h,2h,2025-11-16 01:00:00+00:00,2025-11-15 16:52:39+00:00,Oral Roberts Golden Eagles,Belmont Bruins,280.0,-350.0,,,,,,,,2025-11-16,1,77.65454,6.1303573,71.186745,77.65454,4.764591,6.1303573,77.65454,6.1303573,,,,,,0.2631578947368421,0.7777777777777778,0.7059439252122647,0.2940560747877353,0.6009238985023593,-1.0,1.6825869158066058,-0.6219279038443403,2.8,0.2857142857142857
401811967,2025,2025-11-15,2025-11-16 01:00:00+00:00,Oral Roberts Golden Eagles,Belmont Bruins,0,0,,,,,False,Mabee Center,espn,belmont::oralrobertsgolden,4b712a6b5ad9ea04af597519d3bb44e9,BetOnline.ag,h2h,2h,2025-11-16 01:00:00+00:00,2025-11-15 16:53:18+00:00,Oral Roberts Golden Eagles,Belmont Bruins,296.0,-370.0,,,,,,,,2025-11-16,1,77.65454,6.1303573,71.186745,77.65454,4.764591,6.1303573,77.65454,6.1303573,,,,,,0.2525252525252525,0.7872340425531915,0.7059439252122647,0.2940560747877353,0.6066006567028945,-1.0,1.795537943840568,-0.6264693104047686,2.96,0.2702702702702703
401811967,2025,2025-11-15,2025-11-16 01:00:00+00:00,Oral Roberts Golden Eagles,Belmont Bruins,0,0,,,,,False,Mabee Center,espn,belmont::oralrobertsgolden,4b712a6b5ad9ea04af597519d3bb44e9,BetRivers,h2h,2h,2025-11-16 01:00:00+00:00,2025-11-15 16:51:47+00:00,Oral Roberts Golden Eagles,Belmont Bruins,240.0,-335.0,,,,,,,,2025-11-16,1,77.65454,6.1303573,71.186745,77.65454,4.764591,6.1303573,77.65454,6.1303573,,,,,,0.2941176470588235,0.7701149425287356,0.7059439252122647,0.2940560747877353,0.583420560717375,-1.0,1.4002093457217,-0.6181659924398064,2.4,0.2985074626865671
401811967,2025,2025-11-15,2025-11-16 01:00:00+00:00,Oral Roberts Golden Eagles,Belmont Bruins,0,0,,,,,False,Mabee Center,espn,belmont::oralrobertsgolden,4b712a6b5ad9ea04af597519d3bb44e9,BetUS,h2h,2h,2025-11-16 01:00:00+00:00,2025-11-15 16:52:52+00:00,Oral Roberts Golden Eagles,Belmont Bruins,295.0,-370.0,,,,,,,,2025-11-16,1,77.65454,6.1303573,71.186745,77.65454,4.764591,6.1303573,77.65454,6.1303573,,,,,,0.2531645569620253,0.7872340425531915,0.7059439252122647,0.2940560747877353,0.60626389986049,-1.0,1.7884785045884457,-0.6264693104047686,2.95,0.2702702702702703
401811967,2025,2025-11-15,2025-11-16 01:00:00+00:00,Oral Roberts Golden Eagles,Belmont Bruins,0,0,,,,,False,Mabee Center,espn,belmont::oralrobertsgolden,4b712a6b5ad9ea04af597519d3bb44e9,Bovada,h2h,2h,2025-11-16 01:00:00+00:00,2025-11-15 16:53:10+00:00,Oral Roberts Golden Eagles,Belmont Bruins,290.0,-380.0,,,,,,,,2025-11-16,1,77.65454,6.1303573,71.186745,77.65454,4.764591,6.1303573,77.65454,6.1303573,,,,,,0.2564102564102564,0.7916666666666666,0.7059439252122647,0.2940560747877353,0.6045452787337353,-1.0,1.7531813083278325,-0.6285607476365449,2.9,0.2631578947368421
401811967,2025,2025-11-15,2025-11-16 01:00:00+00:00,Oral Roberts Golden Eagles,Belmont Bruins,0,0,,,,,False,Mabee Center,espn,belmont::oralrobertsgolden,4b712a6b5ad9ea04af597519d3bb44e9,Caesars,h2h,2h,2025-11-16 01:00:00+00:00,2025-11-15 16:51:47+00:00,Oral Roberts Golden Eagles,Belmont Bruins,310.0,-400.0,,,,,,,,2025-11-16,1,77.65454,6.1303573,71.186745,77.65454,4.764591,6.1303573,77.65454,6.1303573,,,,,,0.2439024390243902,0.8,0.7059439252122647,0.2940560747877353,0.6110871268936403,-1.0,1.8943700933702847,-0.6324299065153308,3.1,0.25
401811967,2025,2025-11-15,2025-11-16 01:00:00+00:00,Oral Roberts Golden Eagles,Belmont Bruins,0,0,,,,,False,Mabee Center,espn,belmont::oralrobertsgolden,4b712a6b5ad9ea04af597519d3bb44e9,DraftKings,h2h,2h,2025-11-16 01:00:00+00:00,2025-11-15 16:52:38+00:00,Oral Roberts Golden Eagles,Belmont Bruins,300.0,-380.0,,,,,,,,2025-11-16,1,77.65454,6.1303573,71.186745,77.65454,4.764591,6.1303573,77.65454,6.1303573,,,,,,0.25,0.7916666666666666,0.7059439252122647,0.2940560747877353,0.6079252336163529,-1.0,1.8237757008490587,-0.6285607476365449,3.0,0.2631578947368421
401811967,2025,2025-11-15,2025-11-16 01:00:00+00:00,Oral Roberts Golden Eagles,Belmont Bruins,0,0,,,,,False,Mabee Center,espn,belmont::oralrobertsgolden,4b712a6b5ad9ea04af597519d3bb44e9,FanDuel,h2h,2h,2025-11-16 01:00:00+00:00,2025-11-15 16:53:17+00:00,Oral Roberts Golden Eagles,Belmont Bruins,320.0,-420.0,,,,,,,,2025-11-16,1,77.65454,6.1303573,71.186745,77.65454,4.764591,6.1303573,77.65454,6.1303573,,,,,,0.238095238095238,0.8076923076923077,0.7059439252122647,0.2940560747877353,0.6140514018410973,-1.0,1.964964485891512,-0.6359305740723277,3.2,0.238095238095238
401811967,2025,2025-11-15,2025-11-16 01:00:00+00:00,Oral Roberts Golden Eagles,Belmont Bruins,0,0,,,,,False,Mabee Center,espn,belmont::oralrobertsgolden,4b712a6b5ad9ea04af597519d3bb44e9,LowVig.ag,h2h,2h,2025-11-16 01:00:00+00:00,2025-11-15 16:52:39+00:00,Oral Roberts Golden Eagles,Belmont Bruins,299.0,-375.0,,,,,,,,2025-11-16,1,77.65454,6.1303573,71.186745,77.65454,4.764591,6.1303573,77.65454,6.1303573,,,,,,0.2506265664160401,0.7894736842105263,0.7059439252122647,0.2940560747877353,0.6075974119053298,-1.0,1.816716261596936,-0.6275289719355353,2.99,0.2666666666666666
401812285,2025,2025-11-15,2025-11-15 21:00:00+00:00,NJIT Highlanders,Fairleigh Dickinson Knights,0,0,,,,,False,Joel & Diane Bloom Wellness and Events Center,espn,fairleighdickinson::njit,923422e883c990abbff94b0850f07391,BetMGM,h2h,2h,2025-11-15 21:00:00+00:00,2025-11-15 16:52:39+00:00,NJIT Highlanders,Fairleigh Dickinson Knights,-135.0,110.0,,,,,,,,2025-11-15,0,76.610214,4.1380816,69.39348,76.610214,1.742171,4.1380816,76.610214,4.1380816,,,,,,0.574468085106383,0.4761904761904761,0.6436300010139099,0.3563699989860901,0.1625305023826881,-0.2287481837538279,0.1203929647279171,-0.2516230021292107,0.7407407407407407,1.1
401812285,2025,2025-11-15,2025-11-15 21:00:00+00:00,NJIT Highlanders,Fairleigh Dickinson Knights,0,0,,,,,False,Joel & Diane Bloom Wellness and Events Center,espn,fairleighdickinson::njit,923422e883c990abbff94b0850f07391,BetRivers,h2h,2h,2025-11-15 21:00:00+00:00,2025-11-15 16:51:47+00:00,NJIT Highlanders,Fairleigh Dickinson Knights,-137.0,108.0,,,,,,,,2025-11-15,0,76.610214,4.1380816,69.39348,76.610214,1.742171,4.1380816,76.610214,4.1380816,,,,,,0.5780590717299579,0.4807692307692308,0.6436300010139099,0.3563699989860901,0.1554031024029664,-0.2395837056564189,0.1134329214620192,-0.2587504021089325,0.7299270072992701,1.08
401812285,2025,2025-11-15,2025-11-15 21:00:00+00:00,NJIT Highlanders,Fairleigh Dickinson Knights,0,0,,,,,False,Joel & Diane Bloom Wellness and Events Center,espn,fairleighdickinson::njit,923422e883c990abbff94b0850f07391,Bovada,h2h,2h,2025-11-15 21:00:00+00:00,2025-11-15 16:53:10+00:00,NJIT Highlanders,Fairleigh Dickinson Knights,-130.0,110.0,,,,,,,,2025-11-15,0,76.610214,4.1380816,69.39348,76.610214,1.742171,4.1380816,76.610214,4.1380816,,,,,,0.5652173913043478,0.4761904761904761,0.6436300010139099,0.3563699989860901,0.1803490023319927,-0.2287481837538279,0.1387300017938406,-0.2516230021292107,0.7692307692307693,1.1
401812285,2025,2025-11-15,2025-11-15 21:00:00+00:00,NJIT Highlanders,Fairleigh Dickinson Knights,0,0,,,,,False,Joel & Diane Bloom Wellness and Events Center,espn,fairleighdickinson::njit,923422e883c990abbff94b0850f07391,Caesars,h2h,2h,2025-11-15 21:00:00+00:00,2025-11-15 16:51:46+00:00,NJIT Highlanders,Fairleigh Dickinson Knights,-130.0,110.0,,,,,,,,2025-11-15,0,76.610214,4.1380816,69.39348,76.610214,1.742171,4.1380816,76.610214,4.1380816,,,,,,0.5652173913043478,0.4761904761904761,0.6436300010139099,0.3563699989860901,0.1803490023319927,-0.2287481837538279,0.1387300017938406,-0.2516230021292107,0.7692307692307693,1.1
401812285,2025,2025-11-15,2025-11-15 21:00:00+00:00,NJIT Highlanders,Fairleigh Dickinson Knights,0,0,,,,,False,Joel & Diane Bloom Wellness and Events Center,espn,fairleighdickinson::njit,923422e883c990abbff94b0850f07391,DraftKings,h2h,2h,2025-11-15 21:00:00+00:00,2025-11-15 16:52:38+00:00,NJIT Highlanders,Fairleigh Dickinson Knights,-130.0,110.0,,,,,,,,2025-11-15,0,76.610214,4.1380816,69.39348,76.610214,1.742171,4.1380816,76.610214,4.1380816,,,,,,0.5652173913043478,0.4761904761904761,0.6436300010139099,0.3563699989860901,0.1803490023319927,-0.2287481837538279,0.1387300017938406,-0.2516230021292107,0.7692307692307693,1.1
401812285,2025,2025-11-15,2025-11-15 21:00:00+00:00,NJIT Highlanders,Fairleigh Dickinson Knights,0,0,,,,,False,Joel & Diane Bloom Wellness and Events Center,espn,fairleighdickinson::njit,923422e883c990abbff94b0850f07391,FanDuel,h2h,2h,2025-11-15 21:00:00+00:00,2025-11-15 16:53:18+00:00,NJIT Highlanders,Fairleigh Dickinson Knights,-140.0,114.0,,,,,,,,2025-11-15,0,76.610214,4.1380816,69.39348,76.610214,1.742171,4.1380816,76.610214,4.1380816,,,,,,0.5833333333333334,0.4672897196261682,0.6436300010139099,0.3563699989860901,0.1447120024333837,-0.2082177212015501,0.1033657160238455,-0.2373682021697671,0.7142857142857143,1.14
401812788,2025,2025-11-15,2025-11-16 00:00:00+00:00,UConn Huskies,BYU Cougars,0,0,,,,,True,TD Garden,espn,byu::connecticut,7feed5f6ea61046c43044b9d436bde1e,BetMGM,h2h,2h,2025-11-16 00:00:00+00:00,2025-11-15 16:52:39+00:00,UConn Huskies,BYU Cougars,-285.0,225.0,,,,,,,,2025-11-16,1,75.352455,-0.61009717,74.39444,75.352455,3.2489352,-0.61009717,75.352455,-0.61009717,,,,,,0.7402597402597403,0.3076923076923077,0.4782245979808507,0.5217754020191493,-1.0,0.3092311362498823,-0.3539772974644648,0.6957700565622352,0.3508771929824561,2.25
401812788,2025,2025-11-15,2025-11-16 00:00:00+00:00,UConn Huskies,BYU Cougars,0,0,,,,,True,TD Garden,espn,byu::connecticut,7feed5f6ea61046c43044b9d436bde1e,BetOnline.ag,h2h,2h,2025-11-16 00:00:00+00:00,2025-11-15 16:53:18+00:00,UConn Huskies,BYU Cougars,-275.0,226.0,,,,,,,,2025-11-16,1,75.352455,-0.61009717,74.39444,75.352455,3.2489352,-0.61009717,75.352455,-0.61009717,,,,,,0.7333333333333333,0.3067484662576687,0.4782245979808507,0.5217754020191493,-0.95665775757181,0.3101715976028437,-0.3478755482079309,0.7009878105824267,0.3636363636363636,2.26
401812788,2025,2025-11-15,2025-11-16 00:00:00+00:00,UConn Huskies,BYU Cougars,0,0,,,,,True,TD Garden,espn,byu::connecticut,7feed5f6ea61046c43044b9d436bde1e,BetRivers,h2h,2h,2025-11-16 00:00:00+00:00,2025-11-15 16:51:47+00:00,UConn Huskies,BYU Cougars,-275.0,210.0,,,,,,,,2025-11-16,1,75.352455,-0.61009717,74.39444,75.352455,3.2489352,-0.61009717,75.352455,-0.61009717,,,,,,0.7333333333333333,0.3225806451612903,0.4782245979808507,0.5217754020191493,-0.95665775757181,0.2940494029806489,-0.3478755482079309,0.6175037462593628,0.3636363636363636,2.1
401812788,2025,2025-11-15,2025-11-16 00:00:00+00:00,UConn Huskies,BYU Cougars,0,0,,,,,True,TD Garden,espn,byu::connecticut,7feed5f6ea61046c43044b9d436bde1e,BetUS,h2h,2h,2025-11-16 00:00:00+00:00,2025-11-15 16:52:52+00:00,UConn Huskies,BYU Cougars,-275.0,230.0,,,,,,,,2025-11-16,1,75.352455,-0.61009717,74.39444,75.352455,3.2489352,-0.61009717,75.352455,-0.61009717,,,,,,0.7333333333333333,0.303030303030303,0.4782245979808507,0.5217754020191493,-0.95665775757181,0.3138516637666055,-0.3478755482079309,0.7218588266631926,0.3636363636363636,2.3
401812788,2025,2025-11-15,2025-11-16 00:00:00+00:00,UConn Huskies,BYU Cougars,0,0,,,,,True,TD Garden,espn,byu::connecticut,7feed5f6ea61046c43044b9d436bde1e,Bovada,h2h,2h,2025-11-16 00:00:00+00:00,2025-11-15 16:53:10+00:00,UConn Huskies,BYU Cougars,-275.0,225.0,,,,,,,,2025-11-16,1,75.352455,-0.61009717,74.39444,75.352455,3.2489352,-0.61009717,75.352455,-0.61009717,,,,,,0.7333333333333333,0.3076923076923077,0.4782245979808507,0.5217754020191493,-0.95665775757181,0.3092311362498823,-0.3478755482079309,0.6957700565622352,0.3636363636363636,2.25
401812788,2025,2025-11-15,2025-11-16 00:00:00+00:00,UConn Huskies,BYU Cougars,0,0,,,,,True,TD Garden,espn,byu::connecticut,7feed5f6ea61046c43044b9d436bde1e,Caesars,h2h,2h,2025-11-16 00:00:00+00:00,2025-11-15 16:51:46+00:00,UConn Huskies,BYU Cougars,-305.0,240.0,,,,,,,,2025-11-16,1,75.352455,-0.61009717,74.39444,75.352455,3.2489352,-0.61009717,75.352455,-0.61009717,,,,,,0.7530864197530864,0.2941176470588235,0.4782245979808507,0.5217754020191493,-1.0,0.3225151528604614,-0.3649804518614933,0.7740363668651075,0.3278688524590163,2.4
401812788,2025,2025-11-15,2025-11-16 00:00:00+00:00,UConn Huskies,BYU Cougars,0,0,,,,,True,TD Garden,espn,byu::connecticut,7feed5f6ea61046c43044b9d436bde1e,DraftKings,h2h,2h,2025-11-16 00:00:00+00:00,2025-11-15 16:52:38+00:00,UConn Huskies,BYU Cougars,-298.0,240.0,,,,,,,,2025-11-16,1,75.352455,-0.61009717,74.39444,75.352455,3.2489352,-0.61009717,75.352455,-0.61009717,,,,,,0.7487437185929648,0.2941176470588235,0.4782245979808507,0.5217754020191493,-1.0,0.3225151528604614,-0.3612973490054409,0.7740363668651075,0.3355704697986577,2.4
401812788,2025,2025-11-15,2025-11-16 00:00:00+00:00,UConn Huskies,BYU Cougars,0,0,,,,,True,TD Garden,espn,byu::connecticut,7feed5f6ea61046c43044b9d436bde1e,FanDuel,h2h,2h,2025-11-16 00:00:00+00:00,2025-11-15 16:53:17+00:00,UConn Huskies,BYU Cougars,-280.0,225.0,,,,,,,,2025-11-16,1,75.352455,-0.61009717,74.39444,75.352455,3.2489352,-0.61009717,75.352455,-0.61009717,,,,,,0.7368421052631579,0.3076923076923077,0.4782245979808507,0.5217754020191493,-0.9827465276727672,0.3092311362498823,-0.350980902740274,0.6957700565622352,0.3571428571428571,2.25
401812788,2025,2025-11-15,2025-11-16 00:00:00+00:00,UConn Huskies,BYU Cougars,0,0,,,,,True,TD Garden,espn,byu::connecticut,7feed5f6ea61046c43044b9d436bde1e,LowVig.ag,h2h,2h,2025-11-16 00:00:00+00:00,2025-11-15 16:52:39+00:00,UConn Huskies,BYU Cougars,-275.0,226.0,,,,,,,,2025-11-16,1,75.352455,-0.61009717,74.39444,75.352455,3.2489352,-0.61009717,75.352455,-0.61009717,,,,,,0.7333333333333333,0.3067484662576687,0.4782245979808507,0.5217754020191493,-0.95665775757181,0.3101715976028437,-0.3478755482079309,0.7009878105824267,0.3636363636363636,2.26
401812919,2025,2025-11-15,2025-11-15 17:00:00+00:00,Georgetown Hoyas,Clemson Tigers,0,0,,,,,False,Capital One Arena,espn,clemson::georgetownhoyas,012ebd70ff82139a83b970ec69904be9,BetMGM,h2h,2h,2025-11-15 17:00:00+00:00,2025-11-15 16:52:38+00:00,Georgetown Hoyas,Clemson Tigers,-102.0,-118.0,,,,,,,,2025-11-15,0,77.386665,-8.975986,72.33916,77.386665,-6.583722,-8.975986,77.386665,-8.975986,,,,,,0.504950495049505,0.5412844036697247,0.217161735638024,0.782838264361976,-0.5813332940111915,0.5265874163091078,-0.5699346019717564,0.446260522295854,0.9803921568627452,0.847457627118644
401812919,2025,2025-11-15,2025-11-15 17:00:00+00:00,Georgetown Hoyas,Clemson Tigers,0,0,,,,,False,Capital One Arena,espn,clemson::georgetownhoyas,012ebd70ff82139a83b970ec69904be9,BetOnline.ag,h2h,2h,2025-11-15 17:00:00+00:00,2025-11-15 16:53:18+00:00,Georgetown Hoyas,Clemson Tigers,-101.0,-119.0,,,,,,,,2025-11-15,0,77.386665,-8.975986,72.33916,77.386665,-6.583722,-8.975986,77.386665,-8.975986,,,,,,0.5024875621890548,0.54337899543379,0.217161735638024,0.782838264361976,-0.5735049113675718,0.5244157989527274,-0.5678266449183879,0.4406855453384264,0.99009900990099,0.8403361344537815
401812919,2025,2025-11-15,2025-11-15 17:00:00+00:00,Georgetown Hoyas,Clemson Tigers,0,0,,,,,False,Capital One Arena,espn,clemson::georgetownhoyas,012ebd70ff82139a83b970ec69904be9,BetRivers,h2h,2h,2025-11-15 17:00:00+00:00,2025-11-15 16:51:46+00:00,Georgetown Hoyas,Clemson Tigers,-106.0,-118.0,,,,,,,,2025-11-15,0,77.386665,-8.975986,72.33916,77.386665,-6.583722,-8.975986,77.386665,-8.975986,,,,,,0.5145631067961165,0.5412844036697247,0.217161735638024,0.782838264361976,-0.6126468245856705,0.5265874163091078,-0.5779687024393119,0.446260522295854,0.9433962264150944,0.847457627118644
401812919,2025,2025-11-15,2025-11-15 17:00:00+00:00,Georgetown Hoyas,Clemson Tigers,0,0,,,,,False,Capital One Arena,espn,clemson::georgetownhoyas,012ebd70ff82139a83b970ec69904be9,BetUS,h2h,2h,2025-11-15 17:00:00+00:00,2025-11-15 16:52:52+00:00,Georgetown Hoyas,Clemson Tigers,100.0,-120.0,,,,,,,,2025-11-15,0,77.386665,-8.975986,72.33916,77.386665,-6.583722,-8.975986,77.386665,-8.975986,,,,,,0.5,0.5454545454545454,0.217161735638024,0.782838264361976,-0.565676528723952,0.5222441815963472,-0.565676528723952,0.4352034846636227,1.0,0.8333333333333334
401812919,2025,2025-11-15,2025-11-15 17:00:00+00:00,Georgetown Hoyas,Clemson Tigers,0,0,,,,,False,Capital One Arena,espn,clemson::georgetownhoyas,012ebd70ff82139a83b970ec69904be9,Bovada,h2h,2h,2025-11-15 17:00:00+00:00,2025-11-15 16:53:10+00:00,Georgetown Hoyas,Clemson Tigers,-105.0,-115.0,,,,,,,,2025-11-15,0,77.386665,-8.975986,72.33916,77.386665,-6.583722,-8.975986,77.386665,-8.975986,,,,,,0.5121951219512195,0.5348837209302325,0.217161735638024,0.782838264361976,-0.6048184419420508,0.5331022683782484,-0.5760175637543341,0.463567189894129,0.9523809523809524,0.8695652173913043
401812919,2025,2025-11-15,2025-11-15 17:00:00+00:00,Georgetown Hoyas,Clemson Tigers,0,0,,,,,False,Capital One Arena,espn,clemson::georgetownhoyas,012ebd70ff82139a83b970ec69904be9,Caesars,h2h,2h,2025-11-15 17:00:00+00:00,2025-11-15 16:36:16+00:00,Georgetown Hoyas,Clemson Tigers,-115.0,-105.0,,,,,,,,2025-11-15,0,77.386665,-8.975986,72.33916,77.386665,-6.583722,-8.975986,77.386665,-8.975986,,,,,,0.5348837209302325,0.5121951219512195,0.217161735638024,0.782838264361976,-0.6831022683782484,0.5548184419420508,-0.5940019725028247,0.5283985161352864,0.8695652173913043,0.9523809523809524
401812919,2025,2025-11-15,2025-11-15 17:00:00+00:00,Georgetown Hoyas,Clemson Tigers,0,0,,,,,False,Capital One Arena,espn,clemson::georgetownhoyas,012ebd70ff82139a83b970ec69904be9,DraftKings,h2h,2h,2025-11-15 17:00:00+00:00,2025-11-15 16:52:38+00:00,Georgetown Hoyas,Clemson Tigers,-105.0,-115.0,,,,,,,,2025-11-15,0,77.386665,-8.975986,72.33916,77.386665,-6.583722,-8.975986,77.386665,-8.975986,,,,,,0.5121951219512195,0.5348837209302325,0.217161735638024,0.782838264361976,-0.6048184419420508,0.5331022683782484,-0.5760175637543341,0.463567189894129,0.9523809523809524,0.8695652173913043
401812919,2025,2025-11-15,2025-11-15 17:00:00+00:00,Georgetown Hoyas,Clemson Tigers,0,0,,,,,False,Capital One Arena,espn,clemson::georgetownhoyas,012ebd70ff82139a83b970ec69904be9,FanDuel,h2h,2h,2025-11-15 17:00:00+00:00,2025-11-15 16:53:17+00:00,Georgetown Hoyas,Clemson Tigers,102.0,-122.0,,,,,,,,2025-11-15,0,77.386665,-8.975986,72.33916,77.386665,-6.583722,-8.975986,77.386665,-8.975986,,,,,,0.495049504950495,0.5495495495495496,0.217161735638024,0.782838264361976,-0.5503267588345014,0.5179009468835868,-0.5613332940111915,0.424508972855399,1.02,0.819672131147541
401812919,2025,2025-11-15,2025-11-15 17:00:00+00:00,Georgetown Hoyas,Clemson Tigers,0,0,,,,,False,Capital One Arena,espn,clemson::georgetownhoyas,012ebd70ff82139a83b970ec69904be9,Fanatics,h2h,2h,2025-11-15 17:00:00+00:00,2025-11-15 15:13:20+00:00,Georgetown Hoyas,Clemson Tigers,100.0,-120.0,,,,,,,,2025-11-15,0,77.386665,-8.975986,72.33916,77.386665,-6.583722,-8.975986,77.386665,-8.975986,,,,,,0.5,0.5454545454545454,0.217161735638024,0.782838264361976,-0.565676528723952,0.5222441815963472,-0.565676528723952,0.4352034846636227,1.0,0.8333333333333334
401812919,2025,2025-11-15,2025-11-15 17:00:00+00:00,Georgetown Hoyas,Clemson Tigers,0,0,,,,,False,Capital One Arena,espn,clemson::georgetownhoyas,012ebd70ff82139a83b970ec69904be9,LowVig.ag,h2h,2h,2025-11-15 17:00:00+00:00,2025-11-15 16:52:39+00:00,Georgetown Hoyas,Clemson Tigers,-101.0,-119.0,,,,,,,,2025-11-15,0,77.386665,-8.975986,72.33916,77.386665,-6.583722,-8.975986,77.386665,-8.975986,,,,,,0.5024875621890548,0.54337899543379,0.217161735638024,0.782838264361976,-0.5735049113675718,0.5244157989527274,-0.5678266449183879,0.4406855453384264,0.99009900990099,0.8403361344537815
401813275,2025,2025-11-15,2025-11-15 21:00:00+00:00,Mercyhurst Lakers,Morgan State Bears,0,0,,,,,False,Mercyhurst Athletic Center,espn,mercyhurst::morganstate,5f0bd06c2e584b3d66e3f44f694bbaa0,BetMGM,h2h,2h,2025-11-15 21:00:00+00:00,2025-11-15 16:52:39+00:00,Mercyhurst Lakers,Morgan St Bears,-325.0,260.0,,,,,,,,2025-11-15,0,76.41352,8.692944,68.51251,76.41352,4.7473555,8.692944,76.41352,8.692944,,,,,,0.7647058823529411,0.2777777777777778,0.7758857203286103,0.2241142796713897,0.0475143113965935,-0.0743033050703834,0.0146197881220287,-0.1931885931829968,0.3076923076923077,2.6
401813275,2025,2025-11-15,2025-11-15 21:00:00+00:00,Mercyhurst Lakers,Morgan State Bears,0,0,,,,,False,Mercyhurst Athletic Center,espn,mercyhurst::morganstate,5f0bd06c2e584b3d66e3f44f694bbaa0,BetRivers,h2h,2h,2025-11-15 21:00:00+00:00,2025-11-15 16:51:47+00:00,Mercyhurst Lakers,Morgan St Bears,-400.0,280.0,,,,,,,,2025-11-15,0,76.41352,8.692944,68.51251,76.41352,4.7473555,8.692944,76.41352,8.692944,,,,,,0.8,0.2631578947368421,0.7758857203286103,0.2241142796713897,-0.1205713983569487,-0.0529877633031139,-0.0301428495892371,-0.148365737248719,0.25,2.8
401813275,2025,2025-11-15,2025-11-15 21:00:00+00:00,Mercyhurst Lakers,Morgan State Bears,0,0,,,,,False,Mercyhurst Athletic Center,espn,mercyhurst::morganstate,5f0bd06c2e584b3d66e3f44f694bbaa0,Bovada,h2h,2h,2025-11-15 21:00:00+00:00,2025-11-15 16:53:10+00:00,Mercyhurst Lakers,Morgan St Bears,-350.0,275.0,,,,,,,,2025-11-15,0,76.41352,8.692944,68.51251,76.41352,4.7473555,8.692944,76.41352,8.692944,,,,,,0.7777777777777778,0.2666666666666666,0.7758857203286103,0.2241142796713897,-0.0085142585212538,-0.0580259822662867,-0.0024326452917868,-0.1595714512322884,0.2857142857142857,2.75
401813275,2025,2025-11-15,2025-11-15 21:00:00+00:00,Mercyhurst Lakers,Morgan State Bears,0,0,,,,,False,Mercyhurst Athletic Center,espn,mercyhurst::morganstate,5f0bd06c2e584b3d66e3f44f694bbaa0,Caesars,h2h,2h,2025-11-15 21:00:00+00:00,2025-11-15 16:51:46+00:00,Mercyhurst Lakers,Morgan St Bears,-345.0,270.0,,,,,,,,2025-11-15,0,76.41352,8.692944,68.51251,76.41352,4.7473555,8.692944,76.41352,8.692944,,,,,,0.7752808988764045,0.2702702702702703,0.7758857203286103,0.2241142796713897,0.0026914554623156,-0.0632508019317992,0.0007801320180625,-0.1707771652158578,0.2898550724637681,2.7
401813275,2025,2025-11-15,2025-11-15 21:00:00+00:00,Mercyhurst Lakers,Morgan State Bears,0,0,,,,,False,Mercyhurst Athletic Center,espn,mercyhurst::morganstate,5f0bd06c2e584b3d66e3f44f694bbaa0,DraftKings,h2h,2h,2025-11-15 21:00:00+00:00,2025-11-15 16:52:38+00:00,Mercyhurst Lakers,Morgan St Bears,-340.0,270.0,,,,,,,,2025-11-15,0,76.41352,8.692944,68.51251,76.41352,4.7473555,8.692944,76.41352,8.692944,,,,,,0.7727272727272727,0.2702702702702703,0.7758857203286103,0.2241142796713897,0.0138971694458851,-0.0632508019317992,0.0040874027782015,-0.1707771652158578,0.2941176470588235,2.7
401813275,2025,2025-11-15,2025-11-15 21:00:00+00:00,Mercyhurst Lakers,Morgan State Bears,0,0,,,,,False,Mercyhurst Athletic Center,espn,mercyhurst::morganstate,5f0bd06c2e584b3d66e3f44f694bbaa0,FanDuel,h2h,2h,2025-11-15 21:00:00+00:00,2025-11-15 16:53:18+00:00,Mercyhurst Lakers,Morgan St Bears,-355.0,270.0,,,,,,,,2025-11-15,0,76.41352,8.692944,68.51251,76.41352,4.7473555,8.692944,76.41352,8.692944,,,,,,0.7802197802197802,0.2702702702702703,0.7758857203286103,0.2241142796713897,-0.0197199725048233,-0.0632508019317992,-0.0055549218323446,-0.1707771652158578,0.2816901408450704,2.7
401813275,2025,2025-11-15,2025-11-15 21:00:00+00:00,Mercyhurst Lakers,Morgan State Bears,0,0,,,,,False,Mercyhurst Athletic Center,espn,mercyhurst::morganstate,5f0bd06c2e584b3d66e3f44f694bbaa0,Fanatics,h2h,2h,2025-11-15 21:00:00+00:00,2025-11-15 15:13:20+00:00,Mercyhurst Lakers,Morgan St Bears,-350.0,280.0,,,,,,,,2025-11-15,0,76.41352,8.692944,68.51251,76.41352,4.7473555,8.692944,76.41352,8.692944,,,,,,0.7777777777777778,0.2631578947368421,0.7758857203286103,0.2241142796713897,-0.0085142585212538,-0.0529877633031139,-0.0024326452917868,-0.148365737248719,0.2857142857142857,2.8
401813437,2025,2025-11-15,2025-11-16 00:30:00+00:00,Dayton Flyers,Bethune-Cookman Wildcats,0,0,,,,,False,UD Arena,espn,bethunecookman::dayton,50b4e738db02e89574068f193e615ca4,BetMGM,h2h,2h,2025-11-16 00:30:00+00:00,2025-11-15 16:52:39+00:00,Dayton Flyers,Bethune-Cookman Wildcats,-5000.0,1450.0,,,,,,,,2025-11-16,1,78.77769,21.763586,71.625496,78.77769,17.788885,21.763586,78.77769,21.763586,,,,,,0.9803921568627452,0.064516129032258,0.9572658881514536,0.0427341118485462,-1.0,-0.0232842252653471,-0.0235887940855171,-0.3376212663475331,0.02,14.5
401813437,2025,2025-11-15,2025-11-16 00:30:00+00:00,Dayton Flyers,Bethune-Cookman Wildcats,0,0,,,,,False,UD Arena,espn,bethunecookman::dayton,50b4e738db02e89574068f193e615ca4,BetRivers,h2h,2h,2025-11-16 00:30:00+00:00,2025-11-15 16:51:47+00:00,Dayton Flyers,Bethune-Cookman Wildcats,-5000.0,1200.0,,,,,,,,2025-11-16,1,78.77769,21.763586,71.625496,78.77769,17.788885,21.763586,78.77769,21.763586,,,,,,0.9803921568627452,0.0769230769230769,0.9572658881514536,0.0427341118485462,-1.0,-0.0370380454974082,-0.0235887940855171,-0.4444565459688987,0.02,12.0
401813437,2025,2025-11-15,2025-11-16 00:30:00+00:00,Dayton Flyers,Bethune-Cookman Wildcats,0,0,,,,,False,UD Arena,espn,bethunecookman::dayton,50b4e738db02e89574068f193e615ca4,Caesars,h2h,2h,2025-11-16 00:30:00+00:00,2025-11-15 16:36:17+00:00,Dayton Flyers,Bethune-Cookman Wildcats,-4500.0,1550.0,,,,,,,,2025-11-16,1,78.77769,21.763586,71.625496,78.77769,17.788885,21.763586,78.77769,21.763586,,,,,,0.9782608695652174,0.0606060606060606,0.9572658881514536,0.0427341118485462,-0.9657691450331276,-0.019024977709612,-0.0214615365562917,-0.2948871544989868,0.0222222222222222,15.5
401813437,2025,2025-11-15,2025-11-16 00:30:00+00:00,Dayton Flyers,Bethune-Cookman Wildcats,0,0,,,,,False,UD Arena,espn,bethunecookman::dayton,50b4e738db02e89574068f193e615ca4,DraftKings,h2h,2h,2025-11-16 00:30:00+00:00,2025-11-15 16:52:38+00:00,Dayton Flyers,Bethune-Cookman Wildcats,-4000.0,1600.0,,,,,,,,2025-11-16,1,78.77769,21.763586,71.625496,78.77769,17.788885,21.763586,78.77769,21.763586,,,,,,0.975609756097561,0.0588235294117647,0.9572658881514536,0.0427341118485462,-0.7520985857903962,-0.0170950061609196,-0.0188024646447599,-0.2735200985747137,0.025,16.0
401813437,2025,2025-11-15,2025-11-16 00:30:00+00:00,Dayton Flyers,Bethune-Cookman Wildcats,0,0,,,,,False,UD Arena,espn,bethunecookman::dayton,50b4e738db02e89574068f193e615ca4,FanDuel,h2h,2h,2025-11-16 00:30:00+00:00,2025-11-15 16:53:17+00:00,Dayton Flyers,Bethune-Cookman Wildcats,-7000.0,2000.0,,,,,,,,2025-11-16,1,78.77769,21.763586,71.625496,78.77769,17.788885,21.763586,78.77769,21.763586,,,,,,0.9859154929577464,0.0476190476190476,0.9572658881514536,0.0427341118485462,-1.0,-0.0051291825590264,-0.029058884874954,-0.1025836511805287,0.0142857142857142,20.0
401813447,2025,2025-11-15,2025-11-16 01:00:00+00:00,Villanova Wildcats,Duquesne Dukes,0,0,,,,,False,Finneran Pavilion,espn,duquesne::villanova,91ee64ecc1d66cf7735deaf5b954bd03,BetMGM,h2h,2h,2025-11-16 01:00:00+00:00,2025-11-15 16:52:39+00:00,Villanova Wildcats,Duquesne Dukes,-600.0,425.0,,,,,,,,2025-11-16,1,79.81149,14.678448,74.401924,79.81149,14.220928,14.678448,79.81149,14.678448,,,,,,0.8571428571428571,0.1904761904761904,0.8906035698400506,0.1093964301599493,0.2342249888803543,-0.100157350978886,0.0390374981467257,-0.4256687416602658,0.1666666666666666,4.25
401813447,2025,2025-11-15,2025-11-16 01:00:00+00:00,Villanova Wildcats,Duquesne Dukes,0,0,,,,,False,Finneran Pavilion,espn,duquesne::villanova,91ee64ecc1d66cf7735deaf5b954bd03,BetOnline.ag,h2h,2h,2025-11-16 01:00:00+00:00,2025-11-15 16:53:18+00:00,Villanova Wildcats,Duquesne Dukes,-525.0,400.0,,,,,,,,2025-11-16,1,79.81149,14.678448,74.401924,79.81149,14.220928,14.678448,79.81149,14.678448,,,,,,0.84,0.2,0.8906035698400506,0.1093964301599493,0.3162723115003163,-0.1132544623000632,0.0602423450476793,-0.4530178492002531,0.1904761904761904,4.0
401813447,2025,2025-11-15,2025-11-16 01:00:00+00:00,Villanova Wildcats,Duquesne Dukes,0,0,,,,,False,Finneran Pavilion,espn,duquesne::villanova,91ee64ecc1d66cf7735deaf5b954bd03,BetRivers,h2h,2h,2025-11-16 01:00:00+00:00,2025-11-15 16:51:47+00:00,Villanova Wildcats,Duquesne Dukes,-590.0,360.0,,,,,,,,2025-11-16,1,79.81149,14.678448,74.401924,79.81149,14.220928,14.678448,79.81149,14.678448,,,,,,0.855072463768116,0.217391304347826,0.8906035698400506,0.1093964301599493,0.2451646318963492,-0.1379934503511758,0.0415533274400591,-0.4967764212642329,0.1694915254237288,3.6
401813447,2025,2025-11-15,2025-11-16 01:00:00+00:00,Villanova Wildcats,Duquesne Dukes,0,0,,,,,False,Finneran Pavilion,espn,duquesne::villanova,91ee64ecc1d66cf7735deaf5b954bd03,BetUS,h2h,2h,2025-11-16 01:00:00+00:00,2025-11-15 16:52:52+00:00,Villanova Wildcats,Duquesne Dukes,-525.0,405.0,,,,,,,,2025-11-16,1,79.81149,14.678448,74.401924,79.81149,14.220928,14.678448,79.81149,14.678448,,,,,,0.84,0.198019801980198,0.8906035698400506,0.1093964301599493,0.3162723115003163,-0.1105056858499396,0.0602423450476793,-0.4475480276922556,0.1904761904761904,4.05
401813447,2025,2025-11-15,2025-11-16 01:00:00+00:00,Villanova Wildcats,Duquesne Dukes,0,0,,,,,False,Finneran Pavilion,espn,duquesne::villanova,91ee64ecc1d66cf7735deaf5b954bd03,Bovada,h2h,2h,2025-11-16 01:00:00+00:00,2025-11-15 16:53:10+00:00,Villanova Wildcats,Duquesne Dukes,-600.0,425.0,,,,,,,,2025-11-16,1,79.81149,14.678448,74.401924,79.81149,14.220928,14.678448,79.81149,14.678448,,,,,,0.8571428571428571,0.1904761904761904,0.8906035698400506,0.1093964301599493,0.2342249888803543,-0.100157350978886,0.0390374981467257,-0.4256687416602658,0.1666666666666666,4.25
401813447,2025,2025-11-15,2025-11-16 01:00:00+00:00,Villanova Wildcats,Duquesne Dukes,0,0,,,,,False,Finneran Pavilion,espn,duquesne::villanova,91ee64ecc1d66cf7735deaf5b954bd03,Caesars,h2h,2h,2025-11-16 01:00:00+00:00,2025-11-15 16:51:46+00:00,Villanova Wildcats,Duquesne Dukes,-550.0,400.0,,,,,,,,2025-11-16,1,79.81149,14.678448,74.401924,79.81149,14.220928,14.678448,79.81149,14.678448,,,,,,0.8461538461538461,0.2,0.8906035698400506,0.1093964301599493,0.2889232039603291,-0.1132544623000632,0.0525314916291507,-0.4530178492002531,0.1818181818181818,4.0
401813447,2025,2025-11-15,2025-11-16 01:00:00+00:00,Villanova Wildcats,Duquesne Dukes,0,0,,,,,False,Finneran Pavilion,espn,duquesne::villanova,91ee64ecc1d66cf7735deaf5b954bd03,DraftKings,h2h,2h,2025-11-16 01:00:00+00:00,2025-11-15 16:52:38+00:00,Villanova Wildcats,Duquesne Dukes,-575.0,425.0,,,,,,,,2025-11-16,1,79.81149,14.678448,74.401924,79.81149,14.220928,14.678448,79.81149,14.678448,,,,,,0.8518518518518519,0.1904761904761904,0.8906035698400506,0.1093964301599493,0.2615740964203417,-0.100157350978886,0.0454911472035376,-0.4256687416602658,0.1739130434782608,4.25
401813447,2025,2025-11-15,2025-11-16 01:00:00+00:00,Villanova Wildcats,Duquesne Dukes,0,0,,,,,False,Finneran Pavilion,espn,duquesne::villanova,91ee64ecc1d66cf7735deaf5b954bd03,FanDuel,h2h,2h,2025-11-16 01:00:00+00:00,2025-11-15 16:53:17+00:00,Villanova Wildcats,Duquesne Dukes,-650.0,470.0,,,,,,,,2025-11-16,1,79.81149,14.678448,74.401924,79.81149,14.220928,14.678448,79.81149,14.678448,,,,,,0.8666666666666667,0.175438596491228,0.8906035698400506,0.1093964301599493,0.1795267738003797,-0.0800936910826145,0.0276195036615968,-0.3764403480882885,0.1538461538461538,4.7
401813447,2025,2025-11-15,2025-11-16 01:00:00+00:00,Villanova Wildcats,Duquesne Dukes,0,0,,,,,False,Finneran Pavilion,espn,duquesne::villanova,91ee64ecc1d66cf7735deaf5b954bd03,LowVig.ag,h2h,2h,2025-11-16 01:00:00+00:00,2025-11-15 16:52:39+00:00,Villanova Wildcats,Duquesne Dukes,-525.0,400.0,,,,,,,,2025-11-16,1,79.81149,14.678448,74.401924,79.81149,14.220928,14.678448,79.81149,14.678448,,,,,,0.84,0.2,0.8906035698400506,0.1093964301599493,0.3162723115003163,-0.1132544623000632,0.0602423450476793,-0.4530178492002531,0.1904761904761904,4.0
401817196,2025,2025-11-15,2025-11-15 21:00:00+00:00,St. Bonaventure Bonnies,Youngstown State Penguins,0,0,,,,,False,Reilly Center,espn,stbonaventurebonnies::youngstownstate,4d53f5368acf94b0fca72932b9f9e9f4,BetMGM,h2h,2h,2025-11-15 21:00:00+00:00,2025-11-15 16:52:39+00:00,St. Bonaventure Bonnies,Youngstown St Penguins,-625.0,450.0,,,,,,,,2025-11-15,0,77.11409,3.3946655,70.446754,77.11409,1.9650009,3.3946655,77.11409,3.3946655,,,,,,0.8620689655172413,0.1818181818181818,0.6189165841808109,0.3810834158191891,-1.0,0.2435463971123422,-0.2820567623502594,1.0959587870055405,0.16,4.5
401817196,2025,2025-11-15,2025-11-15 21:00:00+00:00,St. Bonaventure Bonnies,Youngstown State Penguins,0,0,,,,,False,Reilly Center,espn,stbonaventurebonnies::youngstownstate,4d53f5368acf94b0fca72932b9f9e9f4,BetOnline.ag,h2h,2h,2025-11-15 21:00:00+00:00,2025-11-15 16:53:18+00:00,St. Bonaventure Bonnies,Youngstown St Penguins,-600.0,446.0,,,,,,,,2025-11-15,0,77.11409,3.3946655,70.446754,77.11409,1.9650009,3.3946655,77.11409,3.3946655,,,,,,0.8571428571428571,0.1831501831501831,0.6189165841808109,0.3810834158191891,-1.0,0.2423128812495006,-0.277930651789054,1.0807154503727727,0.1666666666666666,4.46
401817196,2025,2025-11-15,2025-11-15 21:00:00+00:00,St. Bonaventure Bonnies,Youngstown State Penguins,0,0,,,,,False,Reilly Center,espn,stbonaventurebonnies::youngstownstate,4d53f5368acf94b0fca72932b9f9e9f4,BetRivers,h2h,2h,2025-11-15 21:00:00+00:00,2025-11-15 16:51:47+00:00,St. Bonaventure Bonnies,Youngstown St Penguins,-560.0,370.0,,,,,,,,2025-11-15,0,77.11409,3.3946655,70.446754,77.11409,1.9650009,3.3946655,77.11409,3.3946655,,,,,,0.8484848484848485,0.2127659574468085,0.6189165841808109,0.3810834158191891,-1.0,0.2138086633378889,-0.2705625972154729,0.7910920543501891,0.1785714285714285,3.7
401817196,2025,2025-11-15,2025-11-15 21:00:00+00:00,St. Bonaventure Bonnies,Youngstown State Penguins,0,0,,,,,False,Reilly Center,espn,stbonaventurebonnies::youngstownstate,4d53f5368acf94b0fca72932b9f9e9f4,BetUS,h2h,2h,2025-11-15 21:00:00+00:00,2025-11-15 16:52:52+00:00,St. Bonaventure Bonnies,Youngstown St Penguins,-600.0,450.0,,,,,,,,2025-11-15,0,77.11409,3.3946655,70.446754,77.11409,1.9650009,3.3946655,77.11409,3.3946655,,,,,,0.8571428571428571,0.1818181818181818,0.6189165841808109,0.3810834158191891,-1.0,0.2435463971123422,-0.277930651789054,1.0959587870055405,0.1666666666666666,4.5
401817196,2025,2025-11-15,2025-11-15 21:00:00+00:00,St. Bonaventure Bonnies,Youngstown State Penguins,0,0,,,,,False,Reilly Center,espn,stbonaventurebonnies::youngstownstate,4d53f5368acf94b0fca72932b9f9e9f4,Bovada,h2h,2h,2025-11-15 21:00:00+00:00,2025-11-15 16:53:10+00:00,St. Bonaventure Bonnies,Youngstown St Penguins,-600.0,425.0,,,,,,,,2025-11-15,0,77.11409,3.3946655,70.446754,77.11409,1.9650009,3.3946655,77.11409,3.3946655,,,,,,0.8571428571428571,0.1904761904761904,0.6189165841808109,0.3810834158191891,-1.0,0.2354559842472336,-0.277930651789054,1.000687933050743,0.1666666666666666,4.25
401817196,2025,2025-11-15,2025-11-15 21:00:00+00:00,St. Bonaventure Bonnies,Youngstown State Penguins,0,0,,,,,False,Reilly Center,espn,stbonaventurebonnies::youngstownstate,4d53f5368acf94b0fca72932b9f9e9f4,Caesars,h2h,2h,2025-11-15 21:00:00+00:00,2025-11-15 16:51:46+00:00,St. Bonaventure Bonnies,Youngstown St Penguins,-600.0,430.0,,,,,,,,2025-11-15,0,77.11409,3.3946655,70.446754,77.11409,1.9650009,3.3946655,77.11409,3.3946655,,,,,,0.8571428571428571,0.1886792452830188,0.6189165841808109,0.3810834158191891,-1.0,0.2371493264748145,-0.277930651789054,1.0197421038417025,0.1666666666666666,4.3
401817196,2025,2025-11-15,2025-11-15 21:00:00+00:00,St. Bonaventure Bonnies,Youngstown State Penguins,0,0,,,,,False,Reilly Center,espn,stbonaventurebonnies::youngstownstate,4d53f5368acf94b0fca72932b9f9e9f4,DraftKings,h2h,2h,2025-11-15 21:00:00+00:00,2025-11-15 16:52:38+00:00,St. Bonaventure Bonnies,Youngstown St Penguins,-600.0,440.0,,,,,,,,2025-11-15,0,77.11409,3.3946655,70.446754,77.11409,1.9650009,3.3946655,77.11409,3.3946655,,,,,,0.8571428571428571,0.1851851851851851,0.6189165841808109,0.3810834158191891,-1.0,0.2404205557780957,-0.277930651789054,1.0578504454236215,0.1666666666666666,4.4
401817196,2025,2025-11-15,2025-11-15 21:00:00+00:00,St. Bonaventure Bonnies,Youngstown State Penguins,0,0,,,,,False,Reilly Center,espn,stbonaventurebonnies::youngstownstate,4d53f5368acf94b0fca72932b9f9e9f4,FanDuel,h2h,2h,2025-11-15 21:00:00+00:00,2025-11-15 16:53:18+00:00,St. Bonaventure Bonnies,Youngstown St Penguins,-700.0,470.0,,,,,,,,2025-11-15,0,77.11409,3.3946655,70.446754,77.11409,1.9650009,3.3946655,77.11409,3.3946655,,,,,,0.875,0.175438596491228,0.6189165841808109,0.3810834158191891,-1.0,0.2493990362062507,-0.2926667609362162,1.1721754701693785,0.1428571428571428,4.7
401817196,2025,2025-11-15,2025-11-15 21:00:00+00:00,St. Bonaventure Bonnies,Youngstown State Penguins,0,0,,,,,False,Reilly Center,espn,stbonaventurebonnies::youngstownstate,4d53f5368acf94b0fca72932b9f9e9f4,Fanatics,h2h,2h,2025-11-15 21:00:00+00:00,2025-11-15 15:13:20+00:00,St. Bonaventure Bonnies,Youngstown St Penguins,-500.0,375.0,,,,,,,,2025-11-15,0,77.11409,3.3946655,70.446754,77.11409,1.9650009,3.3946655,77.11409,3.3946655,,,,,,0.8333333333333334,0.2105263157894736,0.6189165841808109,0.3810834158191891,-1.0,0.2160389933709729,-0.2573000989830269,0.8101462251411484,0.2,3.75
401817196,2025,2025-11-15,2025-11-15 21:00:00+00:00,St. Bonaventure Bonnies,Youngstown State Penguins,0,0,,,,,False,Reilly Center,espn,stbonaventurebonnies::youngstownstate,4d53f5368acf94b0fca72932b9f9e9f4,LowVig.ag,h2h,2h,2025-11-15 21:00:00+00:00,2025-11-15 16:52:39+00:00,St. Bonaventure Bonnies,Youngstown St Penguins,-600.0,446.0,,,,,,,,2025-11-15,0,77.11409,3.3946655,70.446754,77.11409,1.9650009,3.3946655,77.11409,3.3946655,,,,,,0.8571428571428571,0.1831501831501831,0.6189165841808109,0.3810834158191891,-1.0,0.2423128812495006,-0.277930651789054,1.0807154503727727,0.1666666666666666,4.46
401817213,2025,2025-11-15,2025-11-15 19:00:00+00:00,Temple Owls,Boston College Eagles,0,0,,,,,False,Liacouras Center,espn,bostoncollege::temple,f61ec9ac63985e018064ffd9075c0335,BetMGM,h2h,2h,2025-11-15 19:00:00+00:00,2025-11-15 16:52:39+00:00,Temple Owls,Boston College Eagles,-170.0,140.0,,,,,,,,2025-11-15,0,77.32163,1.0126647,71.11016,77.32163,0.55357194,1.0126647,77.32163,1.0126647,,,,,,0.6296296296296297,0.4166666666666667,0.5361036525179121,0.4638963474820878,-0.2525201382016372,0.0809651671121506,-0.1485412577656689,0.1133512339570108,0.5882352941176471,1.4
401817213,2025,2025-11-15,2025-11-15 19:00:00+00:00,Temple Owls,Boston College Eagles,0,0,,,,,False,Liacouras Center,espn,bostoncollege::temple,f61ec9ac63985e018064ffd9075c0335,BetOnline.ag,h2h,2h,2025-11-15 19:00:00+00:00,2025-11-15 16:53:18+00:00,Temple Owls,Boston College Eagles,-170.0,149.0,,,,,,,,2025-11-15,0,77.32163,1.0126647,71.11016,77.32163,0.55357194,1.0126647,77.32163,1.0126647,,,,,,0.6296296296296297,0.4016064257028112,0.5361036525179121,0.4638963474820878,-0.2525201382016372,0.1040952384096636,-0.1485412577656689,0.1551019052303988,0.5882352941176471,1.49
401817213,2025,2025-11-15,2025-11-15 19:00:00+00:00,Temple Owls,Boston College Eagles,0,0,,,,,False,Liacouras Center,espn,bostoncollege::temple,f61ec9ac63985e018064ffd9075c0335,BetRivers,h2h,2h,2025-11-15 19:00:00+00:00,2025-11-15 16:51:47+00:00,Temple Owls,Boston College Eagles,-175.0,138.0,,,,,,,,2025-11-15,0,77.32163,1.0126647,71.11016,77.32163,0.55357194,1.0126647,77.32163,1.0126647,,,,,,0.6363636363636364,0.4201680672268907,0.5361036525179121,0.4638963474820878,-0.2757149555757416,0.0754154398604123,-0.157551403186138,0.104073307007369,0.5714285714285714,1.38
401817213,2025,2025-11-15,2025-11-15 19:00:00+00:00,Temple Owls,Boston College Eagles,0,0,,,,,False,Liacouras Center,espn,bostoncollege::temple,f61ec9ac63985e018064ffd9075c0335,BetUS,h2h,2h,2025-11-15 19:00:00+00:00,2025-11-15 16:52:52+00:00,Temple Owls,Boston College Eagles,-170.0,146.0,,,,,,,,2025-11-15,0,77.32163,1.0126647,71.11016,77.32163,0.55357194,1.0126647,77.32163,1.0126647,,,,,,0.6296296296296297,0.4065040650406504,0.5361036525179121,0.4638963474820878,-0.2525201382016372,0.0967020649355727,-0.1485412577656689,0.1411850148059361,0.5882352941176471,1.46
401817213,2025,2025-11-15,2025-11-15 19:00:00+00:00,Temple Owls,Boston College Eagles,0,0,,,,,False,Liacouras Center,espn,bostoncollege::temple,f61ec9ac63985e018064ffd9075c0335,Bovada,h2h,2h,2025-11-15 19:00:00+00:00,2025-11-15 16:53:10+00:00,Temple Owls,Boston College Eagles,-180.0,155.0,,,,,,,,2025-11-15,0,77.32163,1.0126647,71.11016,77.32163,0.55357194,1.0126647,77.32163,1.0126647,,,,,,0.6428571428571429,0.392156862745098,0.5361036525179121,0.4638963474820878,-0.298909772949846,0.1180230232769832,-0.1660609849721366,0.1829356860793241,0.5555555555555556,1.55
401817213,2025,2025-11-15,2025-11-15 19:00:00+00:00,Temple Owls,Boston College Eagles,0,0,,,,,False,Liacouras Center,espn,bostoncollege::temple,f61ec9ac63985e018064ffd9075c0335,Caesars,h2h,2h,2025-11-15 19:00:00+00:00,2025-11-15 16:51:46+00:00,Temple Owls,Boston College Eagles,-170.0,143.0,,,,,,,,2025-11-15,0,77.32163,1.0126647,71.11016,77.32163,0.55357194,1.0126647,77.32163,1.0126647,,,,,,0.6296296296296297,0.411522633744856,0.5361036525179121,0.4638963474820878,-0.2525201382016372,0.0889986883786528,-0.1485412577656689,0.1272681243814735,0.5882352941176471,1.43
401817213,2025,2025-11-15,2025-11-15 19:00:00+00:00,Temple Owls,Boston College Eagles,0,0,,,,,False,Liacouras Center,espn,bostoncollege::temple,f61ec9ac63985e018064ffd9075c0335,DraftKings,h2h,2h,2025-11-15 19:00:00+00:00,2025-11-15 16:52:38+00:00,Temple Owls,Boston College Eagles,-166.0,140.0,,,,,,,,2025-11-15,0,77.32163,1.0126647,71.11016,77.32163,0.55357194,1.0126647,77.32163,1.0126647,,,,,,0.6240601503759399,0.4166666666666667,0.5361036525179121,0.4638963474820878,-0.2339642843023536,0.0809651671121506,-0.1409423399411769,0.1133512339570108,0.6024096385542169,1.4
401817213,2025,2025-11-15,2025-11-15 19:00:00+00:00,Temple Owls,Boston College Eagles,0,0,,,,,False,Liacouras Center,espn,bostoncollege::temple,f61ec9ac63985e018064ffd9075c0335,FanDuel,h2h,2h,2025-11-15 19:00:00+00:00,2025-11-15 16:53:17+00:00,Temple Owls,Boston College Eagles,-188.0,155.0,,,,,,,,2025-11-15,0,77.32163,1.0126647,71.11016,77.32163,0.55357194,1.0126647,77.32163,1.0126647,,,,,,0.6527777777777778,0.392156862745098,0.5361036525179121,0.4638963474820878,-0.3360214807484131,0.1180230232769832,-0.1787348301853261,0.1829356860793241,0.5319148936170213,1.55
401817213,2025,2025-11-15,2025-11-15 19:00:00+00:00,Temple Owls,Boston College Eagles,0,0,,,,,False,Liacouras Center,espn,bostoncollege::temple,f61ec9ac63985e018064ffd9075c0335,Fanatics,h2h,2h,2025-11-15 19:00:00+00:00,2025-11-15 15:13:20+00:00,Temple Owls,Boston College Eagles,-170.0,140.0,,,,,,,,2025-11-15,0,77.32163,1.0126647,71.11016,77.32163,0.55357194,1.0126647,77.32163,1.0126647,,,,,,0.6296296296296297,0.4166666666666667,0.5361036525179121,0.4638963474820878,-0.2525201382016372,0.0809651671121506,-0.1485412577656689,0.1133512339570108,0.5882352941176471,1.4
401817213,2025,2025-11-15,2025-11-15 19:00:00+00:00,Temple Owls,Boston College Eagles,0,0,,,,,False,Liacouras Center,espn,bostoncollege::temple,f61ec9ac63985e018064ffd9075c0335,LowVig.ag,h2h,2h,2025-11-15 19:00:00+00:00,2025-11-15 16:52:39+00:00,Temple Owls,Boston College Eagles,-170.0,149.0,,,,,,,,2025-11-15,0,77.32163,1.0126647,71.11016,77.32163,0.55357194,1.0126647,77.32163,1.0126647,,,,,,0.6296296296296297,0.4016064257028112,0.5361036525179121,0.4638963474820878,-0.2525201382016372,0.1040952384096636,-0.1485412577656689,0.1551019052303988,0.5882352941176471,1.49
401817242,2025,2025-11-15,2025-11-15 17:00:00+00:00,Louisville Cardinals,Ohio Bobcats,0,0,,,,,False,KFC Yum! Center,espn,louisville::ohio,78c491e6032b017351d37d7e846bcd6a,DraftKings,h2h,2h,2025-11-15 17:00:00+00:00,2025-11-15 16:52:38+00:00,Louisville Cardinals,Ohio Bobcats,-100000.0,5000.0,,,,,,,,2025-11-15,0,79.02552,5.8785706,73.85844,79.02552,6.6569204,5.8785706,79.02552,5.8785706,,,,,,0.999000999000999,0.0196078431372549,0.698422207379544,0.301577792620456,-1.0,0.2876093484728652,-0.3008793704130765,14.38046742364326,0.001,50.0
401817455,2025,2025-11-15,2025-11-15 19:00:00+00:00,SMU Mustangs,Butler Bulldogs,0,0,,,,,False,Moody Coliseum (Dallas),espn,butler::smu,25b1a5f3ad3dc01c557f435eafdeb25b,BetMGM,h2h,2h,2025-11-15 19:00:00+00:00,2025-11-15 16:52:39+00:00,SMU Mustangs,Butler Bulldogs,-350.0,275.0,,,,,,,,2025-11-15,0,78.32632,-0.12392998,73.173225,78.32632,1.2506304,-0.12392998,78.32632,-0.12392998,,,,,,0.7777777777777778,0.2666666666666666,0.4955740448916594,0.5044259551083405,-1.0,0.3242172115113735,-0.3628333708535807,0.8915973316562771,0.2857142857142857,2.75
401817455,2025,2025-11-15,2025-11-15 19:00:00+00:00,SMU Mustangs,Butler Bulldogs,0,0,,,,,False,Moody Coliseum (Dallas),espn,butler::smu,25b1a5f3ad3dc01c557f435eafdeb25b,BetOnline.ag,h2h,2h,2025-11-15 19:00:00+00:00,2025-11-15 16:53:18+00:00,SMU Mustangs,Butler Bulldogs,-350.0,280.0,,,,,,,,2025-11-15,0,78.32632,-0.12392998,73.173225,78.32632,1.2506304,-0.12392998,78.32632,-0.12392998,,,,,,0.7777777777777778,0.2631578947368421,0.4955740448916594,0.5044259551083405,-1.0,0.3274352247898907,-0.3628333708535807,0.916818629411694,0.2857142857142857,2.8
401817455,2025,2025-11-15,2025-11-15 19:00:00+00:00,SMU Mustangs,Butler Bulldogs,0,0,,,,,False,Moody Coliseum (Dallas),espn,butler::smu,25b1a5f3ad3dc01c557f435eafdeb25b,BetRivers,h2h,2h,2025-11-15 19:00:00+00:00,2025-11-15 16:51:47+00:00,SMU Mustangs,Butler Bulldogs,-345.0,260.0,,,,,,,,2025-11-15,0,78.32632,-0.12392998,73.173225,78.32632,1.2506304,-0.12392998,78.32632,-0.12392998,,,,,,0.7752808988764045,0.2777777777777778,0.4955740448916594,0.5044259551083405,-1.0,0.3138205532269331,-0.3607813044151059,0.8159334383900261,0.2898550724637681,2.6
401817455,2025,2025-11-15,2025-11-15 19:00:00+00:00,SMU Mustangs,Butler Bulldogs,0,0,,,,,False,Moody Coliseum (Dallas),espn,butler::smu,25b1a5f3ad3dc01c557f435eafdeb25b,BetUS,h2h,2h,2025-11-15 19:00:00+00:00,2025-11-15 16:52:52+00:00,SMU Mustangs,Butler Bulldogs,-375.0,300.0,,,,,,,,2025-11-15,0,78.32632,-0.12392998,73.173225,78.32632,1.2506304,-0.12392998,78.32632,-0.12392998,,,,,,0.7894736842105263,0.25,0.4955740448916594,0.5044259551083405,-1.0,0.3392346068111207,-0.3722728764705647,1.0177038204333622,0.2666666666666666,3.0
401817455,2025,2025-11-15,2025-11-15 19:00:00+00:00,SMU Mustangs,Butler Bulldogs,0,0,,,,,False,Moody Coliseum (Dallas),espn,butler::smu,25b1a5f3ad3dc01c557f435eafdeb25b,Bovada,h2h,2h,2025-11-15 19:00:00+00:00,2025-11-15 16:53:10+00:00,SMU Mustangs,Butler Bulldogs,-370.0,285.0,,,,,,,,2025-11-15,0,78.32632,-0.12392998,73.173225,78.32632,1.2506304,-0.12392998,78.32632,-0.12392998,,,,,,0.7872340425531915,0.2597402597402597,0.4955740448916594,0.5044259551083405,-1.0,0.3305403253217934,-0.3704870240565406,0.9420399271671112,0.2702702702702703,2.85
401817455,2025,2025-11-15,2025-11-15 19:00:00+00:00,SMU Mustangs,Butler Bulldogs,0,0,,,,,False,Moody Coliseum (Dallas),espn,butler::smu,25b1a5f3ad3dc01c557f435eafdeb25b,Caesars,h2h,2h,2025-11-15 19:00:00+00:00,2025-11-15 16:51:46+00:00,SMU Mustangs,Butler Bulldogs,-355.0,278.0,,,,,,,,2025-11-15,0,78.32632,-0.12392998,73.173225,78.32632,1.2506304,-0.12392998,78.32632,-0.12392998,,,,,,0.7802197802197802,0.2645502645502645,0.4955740448916594,0.5044259551083405,-1.0,0.3261619101832831,-0.3648276326036477,0.9067301103095272,0.2816901408450704,2.78
401817455,2025,2025-11-15,2025-11-15 19:00:00+00:00,SMU Mustangs,Butler Bulldogs,0,0,,,,,False,Moody Coliseum (Dallas),espn,butler::smu,25b1a5f3ad3dc01c557f435eafdeb25b,DraftKings,h2h,2h,2025-11-15 19:00:00+00:00,2025-11-15 16:52:38+00:00,SMU Mustangs,Butler Bulldogs,-340.0,270.0,,,,,,,,2025-11-15,0,78.32632,-0.12392998,73.173225,78.32632,1.2506304,-0.12392998,78.32632,-0.12392998,,,,,,0.7727272727272727,0.2702702702702703,0.4955740448916594,0.5044259551083405,-1.0,0.3208800125558741,-0.3586688830813819,0.8663760339008602,0.2941176470588235,2.7
401817455,2025,2025-11-15,2025-11-15 19:00:00+00:00,SMU Mustangs,Butler Bulldogs,0,0,,,,,False,Moody Coliseum (Dallas),espn,butler::smu,25b1a5f3ad3dc01c557f435eafdeb25b,FanDuel,h2h,2h,2025-11-15 19:00:00+00:00,2025-11-15 16:53:17+00:00,SMU Mustangs,Butler Bulldogs,-385.0,300.0,,,,,,,,2025-11-15,0,78.32632,-0.12392998,73.173225,78.32632,1.2506304,-0.12392998,78.32632,-0.12392998,,,,,,0.7938144329896907,0.25,0.4955740448916594,0.5044259551083405,-1.0,0.3392346068111207,-0.3757054239676498,1.0177038204333622,0.2597402597402597,3.0
401817455,2025,2025-11-15,2025-11-15 19:00:00+00:00,SMU Mustangs,Butler Bulldogs,0,0,,,,,False,Moody Coliseum (Dallas),espn,butler::smu,25b1a5f3ad3dc01c557f435eafdeb25b,Fanatics,h2h,2h,2025-11-15 19:00:00+00:00,2025-11-15 15:13:20+00:00,SMU Mustangs,Butler Bulldogs,-350.0,260.0,,,,,,,,2025-11-15,0,78.32632,-0.12392998,73.173225,78.32632,1.2506304,-0.12392998,78.32632,-0.12392998,,,,,,0.7777777777777778,0.2777777777777778,0.4955740448916594,0.5044259551083405,-1.0,0.3138205532269331,-0.3628333708535807,0.8159334383900261,0.2857142857142857,2.6
401817455,2025,2025-11-15,2025-11-15 19:00:00+00:00,SMU Mustangs,Butler Bulldogs,0,0,,,,,False,Moody Coliseum (Dallas),espn,butler::smu,25b1a5f3ad3dc01c557f435eafdeb25b,LowVig.ag,h2h,2h,2025-11-15 19:00:00+00:00,2025-11-15 16:52:39+00:00,SMU Mustangs,Butler Bulldogs,-350.0,280.0,,,,,,,,2025-11-15,0,78.32632,-0.12392998,73.173225,78.32632,1.2506304,-0.12392998,78.32632,-0.12392998,,,,,,0.7777777777777778,0.2631578947368421,0.4955740448916594,0.5044259551083405,-1.0,0.3274352247898907,-0.3628333708535807,0.916818629411694,0.2857142857142857,2.8
401817478,2025,2025-11-15,2025-11-15 20:30:00+00:00,Drexel Dragons,Syracuse Orange,0,0,,,,,True,Xfinity Mobile Arena,espn,drexel::syracuse,d66d31475c8d174ed98c381f6278c3a6,BetMGM,h2h,2h,2025-11-15 20:30:56+00:00,2025-11-15 16:52:39+00:00,Syracuse Orange,Drexel Dragons,-900.0,600.0,,,,,,,,2025-11-15,0,72.716034,-8.7566805,70.21027,72.716034,-6.642132,-8.7566805,72.716034,-8.7566805,,,,,,0.9,0.1428571428571428,0.2225349787563885,0.7774650212436114,-1.0,0.7403758581175466,-0.7527389124929016,4.44225514870528,0.1111111111111111,6.0
401817478,2025,2025-11-15,2025-11-15 20:30:00+00:00,Drexel Dragons,Syracuse Orange,0,0,,,,,True,Xfinity Mobile Arena,espn,drexel::syracuse,d66d31475c8d174ed98c381f6278c3a6,BetOnline.ag,h2h,2h,2025-11-15 20:30:56+00:00,2025-11-15 16:53:18+00:00,Syracuse Orange,Drexel Dragons,-950.0,637.0,,,,,,,,2025-11-15,0,72.716034,-8.7566805,70.21027,72.716034,-6.642132,-8.7566805,72.716034,-8.7566805,,,,,,0.9047619047619048,0.1356852103120759,0.2225349787563885,0.7774650212436114,-1.0,0.7425301737151359,-0.7540402866376757,4.729917206565416,0.1052631578947368,6.37
401817478,2025,2025-11-15,2025-11-15 20:30:00+00:00,Drexel Dragons,Syracuse Orange,0,0,,,,,True,Xfinity Mobile Arena,espn,drexel::syracuse,d66d31475c8d174ed98c381f6278c3a6,BetRivers,h2h,2h,2025-11-15 20:30:56+00:00,2025-11-15 16:51:47+00:00,Syracuse Orange,Drexel Dragons,-1000.0,550.0,,,,,,,,2025-11-15,0,72.716034,-8.7566805,70.21027,72.716034,-6.642132,-8.7566805,72.716034,-8.7566805,,,,,,0.9090909090909092,0.1538461538461538,0.2225349787563885,0.7774650212436114,-1.0,0.7370041160151771,-0.7552115233679725,4.053522638083474,0.1,5.5
401817478,2025,2025-11-15,2025-11-15 20:30:00+00:00,Drexel Dragons,Syracuse Orange,0,0,,,,,True,Xfinity Mobile Arena,espn,drexel::syracuse,d66d31475c8d174ed98c381f6278c3a6,BetUS,h2h,2h,2025-11-15 20:30:56+00:00,2025-11-15 16:52:52+00:00,Syracuse Orange,Drexel Dragons,-950.0,630.0,,,,,,,,2025-11-15,0,72.716034,-8.7566805,70.21027,72.716034,-6.642132,-8.7566805,72.716034,-8.7566805,,,,,,0.9047619047619048,0.136986301369863,0.2225349787563885,0.7774650212436114,-1.0,0.7421420087425974,-0.7540402866376757,4.675494655078364,0.1052631578947368,6.3
401817478,2025,2025-11-15,2025-11-15 20:30:00+00:00,Drexel Dragons,Syracuse Orange,0,0,,,,,True,Xfinity Mobile Arena,espn,drexel::syracuse,d66d31475c8d174ed98c381f6278c3a6,Bovada,h2h,2h,2025-11-15 20:30:56+00:00,2025-11-15 16:53:10+00:00,Syracuse Orange,Drexel Dragons,-950.0,600.0,,,,,,,,2025-11-15,0,72.716034,-8.7566805,70.21027,72.716034,-6.642132,-8.7566805,72.716034,-8.7566805,,,,,,0.9047619047619048,0.1428571428571428,0.2225349787563885,0.7774650212436114,-1.0,0.7403758581175466,-0.7540402866376757,4.44225514870528,0.1052631578947368,6.0
401817478,2025,2025-11-15,2025-11-15 20:30:00+00:00,Drexel Dragons,Syracuse Orange,0,0,,,,,True,Xfinity Mobile Arena,espn,drexel::syracuse,d66d31475c8d174ed98c381f6278c3a6,Caesars,h2h,2h,2025-11-15 20:30:56+00:00,2025-11-15 16:51:46+00:00,Syracuse Orange,Drexel Dragons,-900.0,600.0,,,,,,,,2025-11-15,0,72.716034,-8.7566805,70.21027,72.716034,-6.642132,-8.7566805,72.716034,-8.7566805,,,,,,0.9,0.1428571428571428,0.2225349787563885,0.7774650212436114,-1.0,0.7403758581175466,-0.7527389124929016,4.44225514870528,0.1111111111111111,6.0
401817478,2025,2025-11-15,2025-11-15 20:30:00+00:00,Drexel Dragons,Syracuse Orange,0,0,,,,,True,Xfinity Mobile Arena,espn,drexel::syracuse,d66d31475c8d174ed98c381f6278c3a6,DraftKings,h2h,2h,2025-11-15 20:30:56+00:00,2025-11-15 16:52:38+00:00,Syracuse Orange,Drexel Dragons,-950.0,625.0,,,,,,,,2025-11-15,0,72.716034,-8.7566805,70.21027,72.716034,-6.642132,-8.7566805,72.716034,-8.7566805,,,,,,0.9047619047619048,0.1379310344827586,0.2225349787563885,0.7774650212436114,-1.0,0.7418594246425892,-0.7540402866376757,4.636621404016183,0.1052631578947368,6.25
401817478,2025,2025-11-15,2025-11-15 20:30:00+00:00,Drexel Dragons,Syracuse Orange,0,0,,,,,True,Xfinity Mobile Arena,espn,drexel::syracuse,d66d31475c8d174ed98c381f6278c3a6,FanDuel,h2h,2h,2025-11-15 20:30:56+00:00,2025-11-15 16:53:17+00:00,Syracuse Orange,Drexel Dragons,-950.0,610.0,,,,,,,,2025-11-15,0,72.716034,-8.7566805,70.21027,72.716034,-6.642132,-8.7566805,72.716034,-8.7566805,,,,,,0.9047619047619048,0.1408450704225352,0.2225349787563885,0.7774650212436114,-1.0,0.740983877185187,-0.7540402866376757,4.520001650829641,0.1052631578947368,6.1
401817478,2025,2025-11-15,2025-11-15 20:30:00+00:00,Drexel Dragons,Syracuse Orange,0,0,,,,,True,Xfinity Mobile Arena,espn,drexel::syracuse,d66d31475c8d174ed98c381f6278c3a6,Fanatics,h2h,2h,2025-11-15 20:30:56+00:00,2025-11-15 15:13:20+00:00,Syracuse Orange,Drexel Dragons,-900.0,600.0,,,,,,,,2025-11-15,0,72.716034,-8.7566805,70.21027,72.716034,-6.642132,-8.7566805,72.716034,-8.7566805,,,,,,0.9,0.1428571428571428,0.2225349787563885,0.7774650212436114,-1.0,0.7403758581175466,-0.7527389124929016,4.44225514870528,0.1111111111111111,6.0
401817478,2025,2025-11-15,2025-11-15 20:30:00+00:00,Drexel Dragons,Syracuse Orange,0,0,,,,,True,Xfinity Mobile Arena,espn,drexel::syracuse,d66d31475c8d174ed98c381f6278c3a6,LowVig.ag,h2h,2h,2025-11-15 20:30:56+00:00,2025-11-15 16:52:39+00:00,Syracuse Orange,Drexel Dragons,-950.0,637.0,,,,,,,,2025-11-15,0,72.716034,-8.7566805,70.21027,72.716034,-6.642132,-8.7566805,72.716034,-8.7566805,,,,,,0.9047619047619048,0.1356852103120759,0.2225349787563885,0.7774650212436114,-1.0,0.7425301737151359,-0.7540402866376757,4.729917206565416,0.1052631578947368,6.37
401817489,2025,2025-11-15,2025-11-15 17:00:00+00:00,Virginia Cavaliers,Marshall Thundering Herd,0,0,,,,,False,John Paul Jones Arena,espn,marshallthunderingherd::virginiacavaliers,7673964fc4cdcb1e9fd76c51a3c9e424,BetMGM,h2h,2h,2025-11-15 17:00:00+00:00,2025-11-15 16:52:38+00:00,Virginia Cavaliers,Marshall Thundering Herd,-3000.0,1200.0,,,,,,,,2025-11-15,0,79.5057,8.182413,74.52991,79.5057,9.052472,8.182413,79.5057,8.182413,,,,,,0.967741935483871,0.0769230769230769,0.7629490475801936,0.2370509524198064,-1.0,0.173471865121457,-0.2116193175004666,2.081662381457484,0.0333333333333333,12.0
401817489,2025,2025-11-15,2025-11-15 17:00:00+00:00,Virginia Cavaliers,Marshall Thundering Herd,0,0,,,,,False,John Paul Jones Arena,espn,marshallthunderingherd::virginiacavaliers,7673964fc4cdcb1e9fd76c51a3c9e424,BetRivers,h2h,2h,2025-11-15 17:00:00+00:00,2025-11-15 16:51:46+00:00,Virginia Cavaliers,Marshall Thundering Herd,-3335.0,1150.0,,,,,,,,2025-11-15,0,79.5057,8.182413,74.52991,79.5057,9.052472,8.182413,79.5057,8.182413,,,,,,0.9708879184861716,0.08,0.7629490475801936,0.2370509524198064,-1.0,0.1707075569780505,-0.2141739195088561,1.9631369052475809,0.0299850074962518,11.5
401817489,2025,2025-11-15,2025-11-15 17:00:00+00:00,Virginia Cavaliers,Marshall Thundering Herd,0,0,,,,,False,John Paul Jones Arena,espn,marshallthunderingherd::virginiacavaliers,7673964fc4cdcb1e9fd76c51a3c9e424,Bovada,h2h,2h,2025-11-15 17:00:00+00:00,2025-11-15 16:53:10+00:00,Virginia Cavaliers,Marshall Thundering Herd,-4500.0,1250.0,,,,,,,,2025-11-15,0,79.5057,8.182413,74.52991,79.5057,9.052472,8.182413,79.5057,8.182413,,,,,,0.9782608695652174,0.074074074074074,0.7629490475801936,0.2370509524198064,-1.0,0.1760150286133909,-0.2200965291402465,2.200187857667387,0.0222222222222222,12.5
401817489,2025,2025-11-15,2025-11-15 17:00:00+00:00,Virginia Cavaliers,Marshall Thundering Herd,0,0,,,,,False,John Paul Jones Arena,espn,marshallthunderingherd::virginiacavaliers,7673964fc4cdcb1e9fd76c51a3c9e424,DraftKings,h2h,2h,2025-11-15 17:00:00+00:00,2025-11-15 16:52:38+00:00,Virginia Cavaliers,Marshall Thundering Herd,-2800.0,1300.0,,,,,,,,2025-11-15,0,79.5057,8.182413,74.52991,79.5057,9.052472,8.182413,79.5057,8.182413,,,,,,0.9655172413793104,0.0714285714285714,0.7629490475801936,0.2370509524198064,-1.0,0.1783625641444069,-0.2098027721490852,2.3187133338772905,0.0357142857142857,13.0
401817489,2025,2025-11-15,2025-11-15 17:00:00+00:00,Virginia Cavaliers,Marshall Thundering Herd,0,0,,,,,False,John Paul Jones Arena,espn,marshallthunderingherd::virginiacavaliers,7673964fc4cdcb1e9fd76c51a3c9e424,FanDuel,h2h,2h,2025-11-15 17:00:00+00:00,2025-11-15 16:53:17+00:00,Virginia Cavaliers,Marshall Thundering Herd,-4500.0,1600.0,,,,,,,,2025-11-15,0,79.5057,8.182413,74.52991,79.5057,9.052472,8.182413,79.5057,8.182413,,,,,,0.9782608695652174,0.0588235294117647,0.7629490475801936,0.2370509524198064,-1.0,0.1893666369460443,-0.2200965291402465,3.0298661911367097,0.0222222222222222,16.0
401817489,2025,2025-11-15,2025-11-15 17:00:00+00:00,Virginia Cavaliers,Marshall Thundering Herd,0,0,,,,,False,John Paul Jones Arena,espn,marshallthunderingherd::virginiacavaliers,7673964fc4cdcb1e9fd76c51a3c9e424,Fanatics,h2h,2h,2025-11-15 17:00:00+00:00,2025-11-15 15:13:20+00:00,Virginia Cavaliers,Marshall Thundering Herd,-4000.0,1500.0,,,,,,,,2025-11-15,0,79.5057,8.182413,74.52991,79.5057,9.052472,8.182413,79.5057,8.182413,,,,,,0.975609756097561,0.0625,0.7629490475801936,0.2370509524198064,-1.0,0.1861876825811269,-0.2179772262303016,2.792815238716903,0.025,15.0
401818300,2025,2025-11-15,2025-11-15 18:00:00+00:00,Yale Bulldogs,Stony Brook Seawolves,0,0,,,,,False,John J. Lee Amphitheater,espn,stonybrook::yale,64a904d6c0463a9ae284206aee75e8c1,BetMGM,h2h,2h,2025-11-15 18:00:00+00:00,2025-11-15 16:52:38+00:00,Yale Bulldogs,Stony Brook Seawolves,-2500.0,1100.0,,,,,,,,2025-11-15,0,77.32876,4.1849785,70.7748,77.32876,2.8652778,4.1849785,77.32876,4.1849785,,,,,,0.9615384615384616,0.0833333333333333,0.6451651982713246,0.3548348017286754,-1.0,0.2961834200676459,-0.3290281937978224,3.258017620744105,0.04,11.0
401818300,2025,2025-11-15,2025-11-15 18:00:00+00:00,Yale Bulldogs,Stony Brook Seawolves,0,0,,,,,False,John J. Lee Amphitheater,espn,stonybrook::yale,64a904d6c0463a9ae284206aee75e8c1,BetRivers,h2h,2h,2025-11-15 18:00:00+00:00,2025-11-15 16:51:46+00:00,Yale Bulldogs,Stony Brook Seawolves,-2500.0,950.0,,,,,,,,2025-11-15,0,77.32876,4.1849785,70.7748,77.32876,2.8652778,4.1849785,77.32876,4.1849785,,,,,,0.9615384615384616,0.0952380952380952,0.6451651982713246,0.3548348017286754,-1.0,0.2869226755948518,-0.3290281937978224,2.725765418151092,0.04,9.5
401818300,2025,2025-11-15,2025-11-15 18:00:00+00:00,Yale Bulldogs,Stony Brook Seawolves,0,0,,,,,False,John J. Lee Amphitheater,espn,stonybrook::yale,64a904d6c0463a9ae284206aee75e8c1,Bovada,h2h,2h,2025-11-15 18:00:00+00:00,2025-11-15 16:53:10+00:00,Yale Bulldogs,Stony Brook Seawolves,-4000.0,1200.0,,,,,,,,2025-11-15,0,77.32876,4.1849785,70.7748,77.32876,2.8652778,4.1849785,77.32876,4.1849785,,,,,,0.975609756097561,0.0769230769230769,0.6451651982713246,0.3548348017286754,-1.0,0.3010710352060651,-0.3387056717718923,3.612852422472781,0.025,12.0
401818300,2025,2025-11-15,2025-11-15 18:00:00+00:00,Yale Bulldogs,Stony Brook Seawolves,0,0,,,,,False,John J. Lee Amphitheater,espn,stonybrook::yale,64a904d6c0463a9ae284206aee75e8c1,DraftKings,h2h,2h,2025-11-15 18:00:00+00:00,2025-11-15 16:52:38+00:00,Yale Bulldogs,Stony Brook Seawolves,-2100.0,1100.0,,,,,,,,2025-11-15,0,77.32876,4.1849785,70.7748,77.32876,2.8652778,4.1849785,77.32876,4.1849785,,,,,,0.9545454545454546,0.0833333333333333,0.6451651982713246,0.3548348017286754,-1.0,0.2961834200676459,-0.3241126494300409,3.258017620744105,0.0476190476190476,11.0
401818300,2025,2025-11-15,2025-11-15 18:00:00+00:00,Yale Bulldogs,Stony Brook Seawolves,0,0,,,,,False,John J. Lee Amphitheater,espn,stonybrook::yale,64a904d6c0463a9ae284206aee75e8c1,FanDuel,h2h,2h,2025-11-15 18:00:00+00:00,2025-11-15 16:53:17+00:00,Yale Bulldogs,Stony Brook Seawolves,-4000.0,1260.0,,,,,,,,2025-11-15,0,77.32876,4.1849785,70.7748,77.32876,2.8652778,4.1849785,77.32876,4.1849785,,,,,,0.975609756097561,0.0735294117647058,0.6451651982713246,0.3548348017286754,-1.0,0.3036312145642845,-0.3387056717718923,3.825753303509985,0.025,12.6
401818300,2025,2025-11-15,2025-11-15 18:00:00+00:00,Yale Bulldogs,Stony Brook Seawolves,0,0,,,,,False,John J. Lee Amphitheater,espn,stonybrook::yale,64a904d6c0463a9ae284206aee75e8c1,Fanatics,h2h,2h,2025-11-15 18:00:00+00:00,2025-11-15 15:13:20+00:00,Yale Bulldogs,Stony Brook Seawolves,-4000.0,1500.0,,,,,,,,2025-11-15,0,77.32876,4.1849785,70.7748,77.32876,2.8652778,4.1849785,77.32876,4.1849785,,,,,,0.975609756097561,0.0625,0.6451651982713246,0.3548348017286754,-1.0,0.3118237885105871,-0.3387056717718923,4.677356827658807,0.025,15.0
401819884,2025,2025-11-15,2025-11-15 19:00:00+00:00,Kansas Jayhawks,Princeton Tigers,0,0,,,,,False,Allen Fieldhouse,espn,kansas::princeton,26b76d6cf08473bb4ba76c0cc0d90c83,DraftKings,h2h,2h,2025-11-15 19:00:00+00:00,2025-11-15 16:52:38+00:00,Kansas Jayhawks,Princeton Tigers,-3600.0,1500.0,,,,,,,,2025-11-15,0,80.056366,10.502708,75.3355,80.056366,11.566619,10.502708,80.056366,10.502708,,,,,,0.972972972972973,0.0625,0.8176321674755219,0.182367832524478,-1.0,0.1278590213594433,-0.1596558278723802,1.9178853203916493,0.0277777777777777,15.0
401819884,2025,2025-11-15,2025-11-15 19:00:00+00:00,Kansas Jayhawks,Princeton Tigers,0,0,,,,,False,Allen Fieldhouse,espn,kansas::princeton,26b76d6cf08473bb4ba76c0cc0d90c83,FanDuel,h2h,2h,2025-11-15 19:00:00+00:00,2025-11-15 16:53:17+00:00,Kansas Jayhawks,Princeton Tigers,-10000.0,2400.0,,,,,,,,2025-11-15,0,80.056366,10.502708,75.3355,80.056366,11.566619,10.502708,80.056366,10.502708,,,,,,0.99009900990099,0.04,0.8176321674755219,0.182367832524478,-1.0,0.1482998255463313,-0.1741915108497228,3.559195813111952,0.01,24.0
401819884,2025,2025-11-15,2025-11-15 19:00:00+00:00,Kansas Jayhawks,Princeton Tigers,0,0,,,,,False,Allen Fieldhouse,espn,kansas::princeton,26b76d6cf08473bb4ba76c0cc0d90c83,Fanatics,h2h,2h,2025-11-15 19:00:00+00:00,2025-11-15 15:13:20+00:00,Kansas Jayhawks,Princeton Tigers,-8000.0,2000.0,,,,,,,,2025-11-15,0,80.056366,10.502708,75.3355,80.056366,11.566619,10.502708,80.056366,10.502708,,,,,,0.9876543209876544,0.0476190476190476,0.8176321674755219,0.182367832524478,-1.0,0.1414862241507019,-0.172147430431034,2.82972448301404,0.0125,20.0
401820224,2025,2025-11-15,2025-11-16 02:00:00+00:00,New Mexico State Aggies,New Mexico Lobos,0,0,,,,,False,Pan American Center,espn,newmexico::newmexicostate,b1b0504dcc23e4014f1b71fb5fe261f8,BetMGM,h2h,2h,2025-11-16 02:00:00+00:00,2025-11-15 16:52:39+00:00,New Mexico St Aggies,New Mexico Lobos,145.0,-175.0,,,,,,,,2025-11-16,1,77.89913,0.8810166,72.23839,77.89913,1.3321456,0.8810166,77.89913,0.8810166,,,,,,0.4081632653061224,0.6363636363636364,0.5314234090021327,0.4685765909978673,0.2082671393484311,-0.461414374755865,0.3019873520552251,-0.2636653570033514,1.45,0.5714285714285714
401820224,2025,2025-11-15,2025-11-16 02:00:00+00:00,New Mexico State Aggies,New Mexico Lobos,0,0,,,,,False,Pan American Center,espn,newmexico::newmexicostate,b1b0504dcc23e4014f1b71fb5fe261f8,BetOnline.ag,h2h,2h,2025-11-16 02:00:00+00:00,2025-11-15 16:53:18+00:00,New Mexico St Aggies,New Mexico Lobos,149.0,-170.0,,,,,,,,2025-11-16,1,77.89913,0.8810166,72.23839,77.89913,1.3321456,0.8810166,77.89913,0.8810166,,,,,,0.4016064257028112,0.6296296296296297,0.5314234090021327,0.4685765909978673,0.216942475446517,-0.4348432043057582,0.3232442884153104,-0.2557901201798578,1.49,0.5882352941176471
401820224,2025,2025-11-15,2025-11-16 02:00:00+00:00,New Mexico State Aggies,New Mexico Lobos,0,0,,,,,False,Pan American Center,espn,newmexico::newmexicostate,b1b0504dcc23e4014f1b71fb5fe261f8,BetRivers,h2h,2h,2025-11-16 02:00:00+00:00,2025-11-15 16:51:47+00:00,New Mexico St Aggies,New Mexico Lobos,135.0,-175.0,,,,,,,,2025-11-16,1,77.89913,0.8810166,72.23839,77.89913,1.3321456,0.8810166,77.89913,0.8810166,,,,,,0.425531914893617,0.6363636363636364,0.5314234090021327,0.4685765909978673,0.1843296378926014,-0.461414374755865,0.2488450111550119,-0.2636653570033514,1.35,0.5714285714285714
401820224,2025,2025-11-15,2025-11-16 02:00:00+00:00,New Mexico State Aggies,New Mexico Lobos,0,0,,,,,False,Pan American Center,espn,newmexico::newmexicostate,b1b0504dcc23e4014f1b71fb5fe261f8,BetUS,h2h,2h,2025-11-16 02:00:00+00:00,2025-11-15 16:52:52+00:00,New Mexico St Aggies,New Mexico Lobos,146.0,-170.0,,,,,,,,2025-11-16,1,77.89913,0.8810166,72.23839,77.89913,1.3321456,0.8810166,77.89913,0.8810166,,,,,,0.4065040650406504,0.6296296296296297,0.5314234090021327,0.4685765909978673,0.2104805384556482,-0.4348432043057582,0.3073015861452464,-0.2557901201798578,1.46,0.5882352941176471
401820224,2025,2025-11-15,2025-11-16 02:00:00+00:00,New Mexico State Aggies,New Mexico Lobos,0,0,,,,,False,Pan American Center,espn,newmexico::newmexicostate,b1b0504dcc23e4014f1b71fb5fe261f8,Bovada,h2h,2h,2025-11-16 02:00:00+00:00,2025-11-15 16:53:10+00:00,New Mexico St Aggies,New Mexico Lobos,160.0,-185.0,,,,,,,,2025-11-16,1,77.89913,0.8810166,72.23839,77.89913,1.3321456,0.8810166,77.89913,0.8810166,,,,,,0.3846153846153846,0.6491228070175439,0.5314234090021327,0.4685765909978673,0.2385630396284656,-0.5145567156560781,0.3817008634055451,-0.2781387652195017,1.6,0.5405405405405406
401820224,2025,2025-11-15,2025-11-16 02:00:00+00:00,New Mexico State Aggies,New Mexico Lobos,0,0,,,,,False,Pan American Center,espn,newmexico::newmexicostate,b1b0504dcc23e4014f1b71fb5fe261f8,Caesars,h2h,2h,2025-11-16 02:00:00+00:00,2025-11-15 16:51:47+00:00,New Mexico St Aggies,New Mexico Lobos,143.0,-170.0,,,,,,,,2025-11-16,1,77.89913,0.8810166,72.23839,77.89913,1.3321456,0.8810166,77.89913,0.8810166,,,,,,0.411522633744856,0.6296296296296297,0.5314234090021327,0.4685765909978673,0.2037474712413862,-0.4348432043057582,0.2913588838751824,-0.2557901201798578,1.43,0.5882352941176471
401820224,2025,2025-11-15,2025-11-16 02:00:00+00:00,New Mexico State Aggies,New Mexico Lobos,0,0,,,,,False,Pan American Center,espn,newmexico::newmexicostate,b1b0504dcc23e4014f1b71fb5fe261f8,DraftKings,h2h,2h,2025-11-16 02:00:00+00:00,2025-11-15 16:52:38+00:00,New Mexico St Aggies,New Mexico Lobos,142.0,-170.0,,,,,,,,2025-11-16,1,77.89913,0.8810166,72.23839,77.89913,1.3321456,0.8810166,77.89913,0.8810166,,,,,,0.4132231404958678,0.6296296296296297,0.5314234090021327,0.4685765909978673,0.2014398942149022,-0.4348432043057582,0.2860446497851611,-0.2557901201798578,1.42,0.5882352941176471
401820224,2025,2025-11-15,2025-11-16 02:00:00+00:00,New Mexico State Aggies,New Mexico Lobos,0,0,,,,,False,Pan American Center,espn,newmexico::newmexicostate,b1b0504dcc23e4014f1b71fb5fe261f8,FanDuel,h2h,2h,2025-11-16 02:00:00+00:00,2025-11-15 16:53:17+00:00,New Mexico St Aggies,New Mexico Lobos,160.0,-194.0,,,,,,,,2025-11-16,1,77.89913,0.8810166,72.23839,77.89913,1.3321456,0.8810166,77.89913,0.8810166,,,,,,0.3846153846153846,0.6598639455782312,0.5314234090021327,0.4685765909978673,0.2385630396284656,-0.5623848224662702,0.3817008634055451,-0.2898890837455001,1.6,0.5154639175257731
401820224,2025,2025-11-15,2025-11-16 02:00:00+00:00,New Mexico State Aggies,New Mexico Lobos,0,0,,,,,False,Pan American Center,espn,newmexico::newmexicostate,b1b0504dcc23e4014f1b71fb5fe261f8,LowVig.ag,h2h,2h,2025-11-16 02:00:00+00:00,2025-11-15 16:52:39+00:00,New Mexico St Aggies,New Mexico Lobos,149.0,-170.0,,,,,,,,2025-11-16,1,77.89913,0.8810166,72.23839,77.89913,1.3321456,0.8810166,77.89913,0.8810166,,,,,,0.4016064257028112,0.6296296296296297,0.5314234090021327,0.4685765909978673,0.216942475446517,-0.4348432043057582,0.3232442884153104,-0.2557901201798578,1.49,0.5882352941176471
401820551,2025,2025-11-15,2025-11-15 19:00:00+00:00,Air Force Falcons,Miami (OH) RedHawks,0,0,,,,,False,Clune Arena,espn,airforce::miamioh,2c88580ba90a58e14e570672edcf0fb2,BetMGM,h2h,2h,2025-11-15 19:00:00+00:00,2025-11-15 16:52:39+00:00,Air Force Falcons,Miami (OH) RedHawks,450.0,-625.0,,,,,,,,2025-11-15,0,75.94683,-3.333625,68.93912,75.94683,-4.675352,-3.333625,75.94683,-3.333625,,,,,,0.1818181818181818,0.8620689655172413,0.3831422436818217,0.6168577563181783,0.2460627422777821,-1.0,1.1072823402500196,-0.2844450026709131,4.5,0.16
401820551,2025,2025-11-15,2025-11-15 19:00:00+00:00,Air Force Falcons,Miami (OH) RedHawks,0,0,,,,,False,Clune Arena,espn,airforce::miamioh,2c88580ba90a58e14e570672edcf0fb2,BetOnline.ag,h2h,2h,2025-11-15 19:00:00+00:00,2025-11-15 16:53:18+00:00,Air Force Falcons,Miami (OH) RedHawks,446.0,-600.0,,,,,,,,2025-11-15,0,75.94683,-3.333625,68.93912,75.94683,-4.675352,-3.333625,75.94683,-3.333625,,,,,,0.1831501831501831,0.8571428571428571,0.3831422436818217,0.6168577563181783,0.244833329709136,-1.0,1.0919566505027467,-0.280332617628792,4.46,0.1666666666666666
401820551,2025,2025-11-15,2025-11-15 19:00:00+00:00,Air Force Falcons,Miami (OH) RedHawks,0,0,,,,,False,Clune Arena,espn,airforce::miamioh,2c88580ba90a58e14e570672edcf0fb2,BetRivers,h2h,2h,2025-11-15 19:00:00+00:00,2025-11-15 16:51:47+00:00,Air Force Falcons,Miami (OH) RedHawks,340.0,-480.0,,,,,,,,2025-11-15,0,75.94683,-3.333625,68.93912,75.94683,-4.675352,-3.333625,75.94683,-3.333625,,,,,,0.2272727272727272,0.8275862068965517,0.3831422436818217,0.6168577563181783,0.201713491823534,-1.0,0.6858258722000157,-0.2546302111155345,3.4,0.2083333333333333
401820551,2025,2025-11-15,2025-11-15 19:00:00+00:00,Air Force Falcons,Miami (OH) RedHawks,0,0,,,,,False,Clune Arena,espn,airforce::miamioh,2c88580ba90a58e14e570672edcf0fb2,BetUS,h2h,2h,2025-11-15 19:00:00+00:00,2025-11-15 16:52:52+00:00,Air Force Falcons,Miami (OH) RedHawks,450.0,-600.0,,,,,,,,2025-11-15,0,75.94683,-3.333625,68.93912,75.94683,-4.675352,-3.333625,75.94683,-3.333625,,,,,,0.1818181818181818,0.8571428571428571,0.3831422436818217,0.6168577563181783,0.2460627422777821,-1.0,1.1072823402500196,-0.280332617628792,4.5,0.1666666666666666
401820551,2025,2025-11-15,2025-11-15 19:00:00+00:00,Air Force Falcons,Miami (OH) RedHawks,0,0,,,,,False,Clune Arena,espn,airforce::miamioh,2c88580ba90a58e14e570672edcf0fb2,Bovada,h2h,2h,2025-11-15 19:00:00+00:00,2025-11-15 16:53:10+00:00,Air Force Falcons,Miami (OH) RedHawks,475.0,-700.0,,,,,,,,2025-11-15,0,75.94683,-3.333625,68.93912,75.94683,-4.675352,-3.333625,75.94683,-3.333625,,,,,,0.1739130434782608,0.875,0.3831422436818217,0.6168577563181783,0.2532774528779947,-1.0,1.203067901170475,-0.2950197070649391,4.75,0.1428571428571428
401820551,2025,2025-11-15,2025-11-15 19:00:00+00:00,Air Force Falcons,Miami (OH) RedHawks,0,0,,,,,False,Clune Arena,espn,airforce::miamioh,2c88580ba90a58e14e570672edcf0fb2,Caesars,h2h,2h,2025-11-15 19:00:00+00:00,2025-11-15 16:51:46+00:00,Air Force Falcons,Miami (OH) RedHawks,430.0,-600.0,,,,,,,,2025-11-15,0,75.94683,-3.333625,68.93912,75.94683,-4.675352,-3.333625,75.94683,-3.333625,,,,,,0.1886792452830188,0.8571428571428571,0.3831422436818217,0.6168577563181783,0.2396869515148035,-1.0,1.0306538915136552,-0.280332617628792,4.3,0.1666666666666666
401820551,2025,2025-11-15,2025-11-15 19:00:00+00:00,Air Force Falcons,Miami (OH) RedHawks,0,0,,,,,False,Clune Arena,espn,airforce::miamioh,2c88580ba90a58e14e570672edcf0fb2,DraftKings,h2h,2h,2025-11-15 19:00:00+00:00,2025-11-15 16:52:38+00:00,Air Force Falcons,Miami (OH) RedHawks,440.0,-600.0,,,,,,,,2025-11-15,0,75.94683,-3.333625,68.93912,75.94683,-4.675352,-3.333625,75.94683,-3.333625,,,,,,0.1851851851851851,0.8571428571428571,0.3831422436818217,0.6168577563181783,0.242947299064054,-1.0,1.0689681158818376,-0.280332617628792,4.4,0.1666666666666666
401820551,2025,2025-11-15,2025-11-15 19:00:00+00:00,Air Force Falcons,Miami (OH) RedHawks,0,0,,,,,False,Clune Arena,espn,airforce::miamioh,2c88580ba90a58e14e570672edcf0fb2,FanDuel,h2h,2h,2025-11-15 19:00:00+00:00,2025-11-15 16:53:17+00:00,Air Force Falcons,Miami (OH) RedHawks,390.0,-550.0,,,,,,,,2025-11-15,0,75.94683,-3.333625,68.93912,75.94683,-4.675352,-3.333625,75.94683,-3.333625,,,,,,0.2040816326530612,0.8461538461538461,0.3831422436818217,0.6168577563181783,0.2249735882156222,-1.0,0.8773969940409265,-0.2709862879876075,3.9,0.1818181818181818
401820551,2025,2025-11-15,2025-11-15 19:00:00+00:00,Air Force Falcons,Miami (OH) RedHawks,0,0,,,,,False,Clune Arena,espn,airforce::miamioh,2c88580ba90a58e14e570672edcf0fb2,Fanatics,h2h,2h,2025-11-15 19:00:00+00:00,2025-11-15 15:13:20+00:00,Air Force Falcons,Miami (OH) RedHawks,425.0,-575.0,,,,,,,,2025-11-15,0,75.94683,-3.333625,68.93912,75.94683,-4.675352,-3.333625,75.94683,-3.333625,,,,,,0.1904761904761904,0.8518518518518519,0.3831422436818217,0.6168577563181783,0.2379992421951915,-1.0,1.0114967793295642,-0.2758626338873559,4.25,0.1739130434782608
401820551,2025,2025-11-15,2025-11-15 19:00:00+00:00,Air Force Falcons,Miami (OH) RedHawks,0,0,,,,,False,Clune Arena,espn,airforce::miamioh,2c88580ba90a58e14e570672edcf0fb2,LowVig.ag,h2h,2h,2025-11-15 19:00:00+00:00,2025-11-15 16:52:39+00:00,Air Force Falcons,Miami (OH) RedHawks,446.0,-600.0,,,,,,,,2025-11-15,0,75.94683,-3.333625,68.93912,75.94683,-4.675352,-3.333625,75.94683,-3.333625,,,,,,0.1831501831501831,0.8571428571428571,0.3831422436818217,0.6168577563181783,0.244833329709136,-1.0,1.0919566505027467,-0.280332617628792,4.46,0.1666666666666666
401820606,2025,2025-11-15,2025-11-15 20:00:00+00:00,Longwood Lancers,Binghamton Bearcats,0,0,,,,,False,Joan Perry Brock Center,espn,binghamton::longwood,479fdf00a705c450fea4e84c1aa6db5d,BetMGM,h2h,2h,2025-11-15 20:00:00+00:00,2025-11-15 16:52:39+00:00,Longwood Lancers,Binghamton Bearcats,-1600.0,875.0,,,,,,,,2025-11-15,0,75.75034,0.22727442,68.1648,75.75034,-2.3973744,0.22727442,75.75034,0.22727442,,,,,,0.9411764705882352,0.1025641025641025,0.5081162306026077,0.4918837693973923,-1.0,0.4338133430428086,-0.4601265049847293,3.795866751624575,0.0625,8.75
401820606,2025,2025-11-15,2025-11-15 20:00:00+00:00,Longwood Lancers,Binghamton Bearcats,0,0,,,,,False,Joan Perry Brock Center,espn,binghamton::longwood,479fdf00a705c450fea4e84c1aa6db5d,BetRivers,h2h,2h,2025-11-15 20:00:00+00:00,2025-11-15 16:51:47+00:00,Longwood Lancers,Binghamton Bearcats,-2000.0,750.0,,,,,,,,2025-11-15,0,75.75034,0.22727442,68.1648,75.75034,-2.3973744,0.22727442,75.75034,0.22727442,,,,,,0.9523809523809524,0.1176470588235294,0.5081162306026077,0.4918837693973923,-1.0,0.4241349386503779,-0.4664779578672619,3.1810120398778343,0.05,7.5
401820606,2025,2025-11-15,2025-11-15 20:00:00+00:00,Longwood Lancers,Binghamton Bearcats,0,0,,,,,False,Joan Perry Brock Center,espn,binghamton::longwood,479fdf00a705c450fea4e84c1aa6db5d,Caesars,h2h,2h,2025-11-15 20:00:00+00:00,2025-11-15 16:51:46+00:00,Longwood Lancers,Binghamton Bearcats,-1400.0,800.0,,,,,,,,2025-11-15,0,75.75034,0.22727442,68.1648,75.75034,-2.3973744,0.22727442,75.75034,0.22727442,,,,,,0.9333333333333332,0.1111111111111111,0.5081162306026077,0.4918837693973923,-1.0,0.4283692405720664,-0.4555897529257774,3.426953924576531,0.0714285714285714,8.0
401820606,2025,2025-11-15,2025-11-15 20:00:00+00:00,Longwood Lancers,Binghamton Bearcats,0,0,,,,,False,Joan Perry Brock Center,espn,binghamton::longwood,479fdf00a705c450fea4e84c1aa6db5d,DraftKings,h2h,2h,2025-11-15 20:00:00+00:00,2025-11-15 16:52:38+00:00,Longwood Lancers,Binghamton Bearcats,-1450.0,850.0,,,,,,,,2025-11-15,0,75.75034,0.22727442,68.1648,75.75034,-2.3973744,0.22727442,75.75034,0.22727442,,,,,,0.935483870967742,0.1052631578947368,0.5081162306026077,0.4918837693973923,-1.0,0.4321053893264973,-0.4568412707351435,3.672895809275227,0.0689655172413793,8.5
401820606,2025,2025-11-15,2025-11-15 20:00:00+00:00,Longwood Lancers,Binghamton Bearcats,0,0,,,,,False,Joan Perry Brock Center,espn,binghamton::longwood,479fdf00a705c450fea4e84c1aa6db5d,FanDuel,h2h,2h,2025-11-15 20:00:00+00:00,2025-11-15 16:53:18+00:00,Longwood Lancers,Binghamton Bearcats,-2200.0,980.0,,,,,,,,2025-11-15,0,75.75034,0.22727442,68.1648,75.75034,-2.3973744,0.22727442,75.75034,0.22727442,,,,,,0.9565217391304348,0.0925925925925925,0.5081162306026077,0.4918837693973923,-1.0,0.4400351744379425,-0.4687875770972737,4.312344709491837,0.0454545454545454,9.8
401820606,2025,2025-11-15,2025-11-15 20:00:00+00:00,Longwood Lancers,Binghamton Bearcats,0,0,,,,,False,Joan Perry Brock Center,espn,binghamton::longwood,479fdf00a705c450fea4e84c1aa6db5d,Fanatics,h2h,2h,2025-11-15 20:00:00+00:00,2025-11-15 15:13:20+00:00,Longwood Lancers,Binghamton Bearcats,-1300.0,800.0,,,,,,,,2025-11-15,0,75.75034,0.22727442,68.1648,75.75034,-2.3973744,0.22727442,75.75034,0.22727442,,,,,,0.9285714285714286,0.1111111111111111,0.5081162306026077,0.4918837693973923,-1.0,0.4283692405720664,-0.452797905504884,3.426953924576531,0.0769230769230769,8.0
401822179,2025,2025-11-15,2025-11-15 18:00:00+00:00,La Salle Explorers,Penn State Nittany Lions,0,0,,,,,True,Xfinity Mobile Arena,espn,lasalle::pennstatenittany,8620f0a7ba1f26be145a2621c08f3bb6,BetMGM,h2h,2h,2025-11-15 18:00:07+00:00,2025-11-15 16:52:38+00:00,Penn State Nittany Lions,La Salle Explorers,-375.0,290.0,,,,,,,,2025-11-15,0,71.885735,-13.782412,69.16434,71.885735,-11.539242,-13.782412,71.885735,-13.782412,,,,,,0.7894736842105263,0.2564102564102564,0.1225053667648,0.8774946332351999,-1.0,0.8352514033163033,-0.8448265354312533,2.42222906961728,0.2666666666666666,2.9
401822179,2025,2025-11-15,2025-11-15 18:00:00+00:00,La Salle Explorers,Penn State Nittany Lions,0,0,,,,,True,Xfinity Mobile Arena,espn,lasalle::pennstatenittany,8620f0a7ba1f26be145a2621c08f3bb6,BetOnline.ag,h2h,2h,2025-11-15 18:00:07+00:00,2025-11-15 16:53:18+00:00,Penn State Nittany Lions,La Salle Explorers,-400.0,316.0,,,,,,,,2025-11-15,0,71.885735,-13.782412,69.16434,71.885735,-11.539242,-13.782412,71.885735,-13.782412,,,,,,0.8,0.2403846153846154,0.1225053667648,0.8774946332351999,-1.0,0.8387271121070987,-0.8468682915439999,2.650377674258432,0.25,3.16
401822179,2025,2025-11-15,2025-11-15 18:00:00+00:00,La Salle Explorers,Penn State Nittany Lions,0,0,,,,,True,Xfinity Mobile Arena,espn,lasalle::pennstatenittany,8620f0a7ba1f26be145a2621c08f3bb6,BetRivers,h2h,2h,2025-11-15 18:00:07+00:00,2025-11-15 16:51:46+00:00,Penn State Nittany Lions,La Salle Explorers,-360.0,265.0,,,,,,,,2025-11-15,0,71.885735,-13.782412,69.16434,71.885735,-11.539242,-13.782412,71.885735,-13.782412,,,,,,0.782608695652174,0.273972602739726,0.1225053667648,0.8774946332351999,-1.0,0.8312661929465962,-0.8434653646894221,2.20285541130848,0.2777777777777778,2.65
401822179,2025,2025-11-15,2025-11-15 18:00:00+00:00,La Salle Explorers,Penn State Nittany Lions,0,0,,,,,True,Xfinity Mobile Arena,espn,lasalle::pennstatenittany,8620f0a7ba1f26be145a2621c08f3bb6,BetUS,h2h,2h,2025-11-15 18:00:07+00:00,2025-11-15 16:52:52+00:00,Penn State Nittany Lions,La Salle Explorers,-400.0,320.0,,,,,,,,2025-11-15,0,71.885735,-13.782412,69.16434,71.885735,-11.539242,-13.782412,71.885735,-13.782412,,,,,,0.8,0.238095238095238,0.1225053667648,0.8774946332351999,-1.0,0.8392117061211999,-0.8468682915439999,2.68547745958784,0.25,3.2
401822179,2025,2025-11-15,2025-11-15 18:00:00+00:00,La Salle Explorers,Penn State Nittany Lions,0,0,,,,,True,Xfinity Mobile Arena,espn,lasalle::pennstatenittany,8620f0a7ba1f26be145a2621c08f3bb6,Bovada,h2h,2h,2025-11-15 18:00:07+00:00,2025-11-15 16:53:10+00:00,Penn State Nittany Lions,La Salle Explorers,-400.0,300.0,,,,,,,,2025-11-15,0,71.885735,-13.782412,69.16434,71.885735,-11.539242,-13.782412,71.885735,-13.782412,,,,,,0.8,0.25,0.1225053667648,0.8774946332351999,-1.0,0.8366595109802666,-0.8468682915439999,2.5099785329408,0.25,3.0
401822179,2025,2025-11-15,2025-11-15 18:00:00+00:00,La Salle Explorers,Penn State Nittany Lions,0,0,,,,,True,Xfinity Mobile Arena,espn,lasalle::pennstatenittany,8620f0a7ba1f26be145a2621c08f3bb6,Caesars,h2h,2h,2025-11-15 18:00:07+00:00,2025-11-15 16:51:46+00:00,Penn State Nittany Lions,La Salle Explorers,-400.0,310.0,,,,,,,,2025-11-15,0,71.885735,-13.782412,69.16434,71.885735,-11.539242,-13.782412,71.885735,-13.782412,,,,,,0.8,0.2439024390243902,0.1225053667648,0.8774946332351999,-1.0,0.8379767729884903,-0.8468682915439999,2.59772799626432,0.25,3.1
401822179,2025,2025-11-15,2025-11-15 18:00:00+00:00,La Salle Explorers,Penn State Nittany Lions,0,0,,,,,True,Xfinity Mobile Arena,espn,lasalle::pennstatenittany,8620f0a7ba1f26be145a2621c08f3bb6,DraftKings,h2h,2h,2025-11-15 18:00:07+00:00,2025-11-15 16:52:38+00:00,Penn State Nittany Lions,La Salle Explorers,-380.0,300.0,,,,,,,,2025-11-15,0,71.885735,-13.782412,69.16434,71.885735,-11.539242,-13.782412,71.885735,-13.782412,,,,,,0.7916666666666666,0.25,0.1225053667648,0.8774946332351999,-1.0,0.8366595109802666,-0.8452563788234104,2.5099785329408,0.2631578947368421,3.0
401822179,2025,2025-11-15,2025-11-15 18:00:00+00:00,La Salle Explorers,Penn State Nittany Lions,0,0,,,,,True,Xfinity Mobile Arena,espn,lasalle::pennstatenittany,8620f0a7ba1f26be145a2621c08f3bb6,FanDuel,h2h,2h,2025-11-15 18:00:07+00:00,2025-11-15 16:53:17+00:00,Penn State Nittany Lions,La Salle Explorers,-385.0,300.0,,,,,,,,2025-11-15,0,71.885735,-13.782412,69.16434,71.885735,-11.539242,-13.782412,71.885735,-13.782412,,,,,,0.7938144329896907,0.25,0.1225053667648,0.8774946332351999,-1.0,0.8366595109802666,-0.845675057452135,2.5099785329408,0.2597402597402597,3.0
401822179,2025,2025-11-15,2025-11-15 18:00:00+00:00,La Salle Explorers,Penn State Nittany Lions,0,0,,,,,True,Xfinity Mobile Arena,espn,lasalle::pennstatenittany,8620f0a7ba1f26be145a2621c08f3bb6,Fanatics,h2h,2h,2025-11-15 18:00:07+00:00,2025-11-15 15:13:20+00:00,Penn State Nittany Lions,La Salle Explorers,-350.0,275.0,,,,,,,,2025-11-15,0,71.885735,-13.782412,69.16434,71.885735,-11.539242,-13.782412,71.885735,-13.782412,,,,,,0.7777777777777778,0.2666666666666666,0.1225053667648,0.8774946332351999,-1.0,0.832947227138909,-0.8424930998738285,2.290604874632,0.2857142857142857,2.75
401822179,2025,2025-11-15,2025-11-15 18:00:00+00:00,La Salle Explorers,Penn State Nittany Lions,0,0,,,,,True,Xfinity Mobile Arena,espn,lasalle::pennstatenittany,8620f0a7ba1f26be145a2621c08f3bb6,LowVig.ag,h2h,2h,2025-11-15 18:00:07+00:00,2025-11-15 16:52:39+00:00,Penn State Nittany Lions,La Salle Explorers,-400.0,316.0,,,,,,,,2025-11-15,0,71.885735,-13.782412,69.16434,71.885735,-11.539242,-13.782412,71.885735,-13.782412,,,,,,0.8,0.2403846153846154,0.1225053667648,0.8774946332351999,-1.0,0.8387271121070987,-0.8468682915439999,2.650377674258432,0.25,3.16
401822340,2025,2025-11-15,2025-11-15 19:00:00+00:00,Chicago State Cougars,UIC Flames,0,0,,,,,False,Jones Convocation Center,espn,chicagostate::uicflames,ee2fa9f1356780f93252a7a8fc1ca0ea,BetMGM,h2h,2h,2025-11-15 19:00:00+00:00,2025-11-15 16:52:39+00:00,Chicago St Cougars,UIC Flames,450.0,-625.0,,,,,,,,2025-11-15,0,75.50886,-0.37823772,67.76548,75.50886,-3.2025387,-0.37823772,75.50886,-0.37823772,,,,,,0.1818181818181818,0.8620689655172413,0.486494795733781,0.5135052042662189,0.3723825281190658,-1.0,1.675721376535796,-0.4043339630511861,4.5,0.16
401822340,2025,2025-11-15,2025-11-15 19:00:00+00:00,Chicago State Cougars,UIC Flames,0,0,,,,,False,Jones Convocation Center,espn,chicagostate::uicflames,ee2fa9f1356780f93252a7a8fc1ca0ea,BetRivers,h2h,2h,2025-11-15 19:00:00+00:00,2025-11-15 16:51:47+00:00,Chicago St Cougars,UIC Flames,400.0,-670.0,,,,,,,,2025-11-15,0,75.50886,-0.37823772,67.76548,75.50886,-3.2025387,-0.37823772,75.50886,-0.37823772,,,,,,0.2,0.8701298701298701,0.486494795733781,0.5135052042662189,0.3581184946672263,-1.0,1.4324739786689054,-0.4098522279328528,4.0,0.1492537313432835
401822340,2025,2025-11-15,2025-11-15 19:00:00+00:00,Chicago State Cougars,UIC Flames,0,0,,,,,False,Jones Convocation Center,espn,chicagostate::uicflames,ee2fa9f1356780f93252a7a8fc1ca0ea,Bovada,h2h,2h,2025-11-15 19:00:00+00:00,2025-11-15 16:53:10+00:00,Chicago St Cougars,UIC Flames,475.0,-700.0,,,,,,,,2025-11-15,0,75.50886,-0.37823772,67.76548,75.50886,-3.2025387,-0.37823772,75.50886,-0.37823772,,,,,,0.1739130434782608,0.875,0.486494795733781,0.5135052042662189,0.3783884369408928,-1.0,1.797345075469241,-0.4131369094100355,4.75,0.1428571428571428
401822340,2025,2025-11-15,2025-11-15 19:00:00+00:00,Chicago State Cougars,UIC Flames,0,0,,,,,False,Jones Convocation Center,espn,chicagostate::uicflames,ee2fa9f1356780f93252a7a8fc1ca0ea,Caesars,h2h,2h,2025-11-15 19:00:00+00:00,2025-11-15 16:51:46+00:00,Chicago St Cougars,UIC Flames,460.0,-650.0,,,,,,,,2025-11-15,0,75.50886,-0.37823772,67.76548,75.50886,-3.2025387,-0.37823772,75.50886,-0.37823772,,,,,,0.1785714285714285,0.8666666666666667,0.486494795733781,0.5135052042662189,0.3748632295889508,-1.0,1.7243708561091735,-0.4074939950774396,4.6,0.1538461538461538
401822340,2025,2025-11-15,2025-11-15 19:00:00+00:00,Chicago State Cougars,UIC Flames,0,0,,,,,False,Jones Convocation Center,espn,chicagostate::uicflames,ee2fa9f1356780f93252a7a8fc1ca0ea,DraftKings,h2h,2h,2025-11-15 19:00:00+00:00,2025-11-15 16:52:38+00:00,Chicago St Cougars,UIC Flames,490.0,-675.0,,,,,,,,2025-11-15,0,75.50886,-0.37823772,67.76548,75.50886,-3.2025387,-0.37823772,75.50886,-0.37823772,,,,,,0.1694915254237288,0.8709677419354839,0.486494795733781,0.5135052042662189,0.3816978152712874,-1.0,1.8703192948293084,-0.4104199506573042,4.9,0.1481481481481481
401822340,2025,2025-11-15,2025-11-15 19:00:00+00:00,Chicago State Cougars,UIC Flames,0,0,,,,,False,Jones Convocation Center,espn,chicagostate::uicflames,ee2fa9f1356780f93252a7a8fc1ca0ea,FanDuel,h2h,2h,2025-11-15 19:00:00+00:00,2025-11-15 16:53:18+00:00,Chicago St Cougars,UIC Flames,520.0,-800.0,,,,,,,,2025-11-15,0,75.50886,-0.37823772,67.76548,75.50886,-3.2025387,-0.37823772,75.50886,-0.37823772,,,,,,0.1612903225806451,0.8888888888888888,0.486494795733781,0.5135052042662189,0.3877437949133543,-1.0,2.0162677335494426,-0.4223066452005037,5.2,0.125
401822340,2025,2025-11-15,2025-11-15 19:00:00+00:00,Chicago State Cougars,UIC Flames,0,0,,,,,False,Jones Convocation Center,espn,chicagostate::uicflames,ee2fa9f1356780f93252a7a8fc1ca0ea,Fanatics,h2h,2h,2025-11-15 19:00:00+00:00,2025-11-15 15:13:20+00:00,Chicago St Cougars,UIC Flames,475.0,-700.0,,,,,,,,2025-11-15,0,75.50886,-0.37823772,67.76548,75.50886,-3.2025387,-0.37823772,75.50886,-0.37823772,,,,,,0.1739130434782608,0.875,0.486494795733781,0.5135052042662189,0.3783884369408928,-1.0,1.797345075469241,-0.4131369094100355,4.75,0.1428571428571428
401822730,2025,2025-11-15,2025-11-15 22:00:00+00:00,Cal State Fullerton Titans,Pacific Tigers,0,0,,,,,False,Titan Gym,espn,calstfullerton::pacific,a6ce280125f6ca8215cea725adf5c488,BetMGM,h2h,2h,2025-11-15 22:00:00+00:00,2025-11-15 16:52:39+00:00,CSU Fullerton Titans,Pacific Tigers,220.0,-275.0,,,,,,,,2025-11-15,0,76.78294,5.5622797,69.56867,76.78294,3.0340805,5.5622797,76.78294,5.5622797,,,,,,0.3125,0.7333333333333333,0.6888206258724411,0.3111793741275589,0.5473754558144597,-1.0,1.2042260027918117,-0.575664489826056,2.2,0.3636363636363636
401822730,2025,2025-11-15,2025-11-15 22:00:00+00:00,Cal State Fullerton Titans,Pacific Tigers,0,0,,,,,False,Titan Gym,espn,calstfullerton::pacific,a6ce280125f6ca8215cea725adf5c488,BetOnline.ag,h2h,2h,2025-11-15 22:00:00+00:00,2025-11-15 16:53:18+00:00,CSU Fullerton Titans,Pacific Tigers,215.0,-260.0,,,,,,,,2025-11-15,0,76.78294,5.5622797,69.56867,76.78294,3.0340805,5.5622797,76.78294,5.5622797,,,,,,0.3174603174603174,0.7222222222222222,0.6888206258724411,0.3111793741275589,0.5440860332549718,-1.0,1.1697849714981894,-0.5691362512079954,2.15,0.3846153846153846
401822730,2025,2025-11-15,2025-11-15 22:00:00+00:00,Cal State Fullerton Titans,Pacific Tigers,0,0,,,,,False,Titan Gym,espn,calstfullerton::pacific,a6ce280125f6ca8215cea725adf5c488,BetRivers,h2h,2h,2025-11-15 22:00:00+00:00,2025-11-15 16:51:47+00:00,CSU Fullerton Titans,Pacific Tigers,210.0,-295.0,,,,,,,,2025-11-15,0,76.78294,5.5622797,69.56867,76.78294,3.0340805,5.5622797,76.78294,5.5622797,,,,,,0.3225806451612903,0.7468354430379747,0.6888206258724411,0.3111793741275589,0.5406399715259844,-1.0,1.1353439402045673,-0.5833360922698787,2.1,0.3389830508474576
401822730,2025,2025-11-15,2025-11-15 22:00:00+00:00,Cal State Fullerton Titans,Pacific Tigers,0,0,,,,,False,Titan Gym,espn,calstfullerton::pacific,a6ce280125f6ca8215cea725adf5c488,BetUS,h2h,2h,2025-11-15 22:00:00+00:00,2025-11-15 16:52:52+00:00,CSU Fullerton Titans,Pacific Tigers,218.0,-260.0,,,,,,,,2025-11-15,0,76.78294,5.5622797,69.56867,76.78294,3.0340805,5.5622797,76.78294,5.5622797,,,,,,0.3144654088050314,0.7222222222222222,0.6888206258724411,0.3111793741275589,0.5460777937038361,-1.0,1.1904495902743628,-0.5691362512079954,2.18,0.3846153846153846
401822730,2025,2025-11-15,2025-11-15 22:00:00+00:00,Cal State Fullerton Titans,Pacific Tigers,0,0,,,,,False,Titan Gym,espn,calstfullerton::pacific,a6ce280125f6ca8215cea725adf5c488,Bovada,h2h,2h,2025-11-15 22:00:00+00:00,2025-11-15 16:53:10+00:00,CSU Fullerton Titans,Pacific Tigers,230.0,-280.0,,,,,,,,2025-11-15,0,76.78294,5.5622797,69.56867,76.78294,3.0340805,5.5622797,76.78294,5.5622797,,,,,,0.303030303030303,0.7368421052631579,0.6888206258724411,0.3111793741275589,0.5535252458169807,-1.0,1.2731080653790556,-0.5776851351125987,2.3,0.3571428571428571
401822730,2025,2025-11-15,2025-11-15 22:00:00+00:00,Cal State Fullerton Titans,Pacific Tigers,0,0,,,,,False,Titan Gym,espn,calstfullerton::pacific,a6ce280125f6ca8215cea725adf5c488,Caesars,h2h,2h,2025-11-15 22:00:00+00:00,2025-11-15 16:51:46+00:00,CSU Fullerton Titans,Pacific Tigers,228.0,-285.0,,,,,,,,2025-11-15,0,76.78294,5.5622797,69.56867,76.78294,3.0340805,5.5622797,76.78294,5.5622797,,,,,,0.3048780487804878,0.7402597402597403,0.6888206258724411,0.3111793741275589,0.5523384442375467,-1.0,1.2593316528616063,-0.5796348805645257,2.28,0.3508771929824561
401822730,2025,2025-11-15,2025-11-15 22:00:00+00:00,Cal State Fullerton Titans,Pacific Tigers,0,0,,,,,False,Titan Gym,espn,calstfullerton::pacific,a6ce280125f6ca8215cea725adf5c488,DraftKings,h2h,2h,2025-11-15 22:00:00+00:00,2025-11-15 16:52:38+00:00,CSU Fullerton Titans,Pacific Tigers,225.0,-278.0,,,,,,,,2025-11-15,0,76.78294,5.5622797,69.56867,76.78294,3.0340805,5.5622797,76.78294,5.5622797,,,,,,0.3076923076923077,0.7354497354497355,0.6888206258724411,0.3111793741275589,0.5505186818157483,-1.0,1.2386670340854335,-0.5768855992078515,2.25,0.3597122302158273
401822730,2025,2025-11-15,2025-11-15 22:00:00+00:00,Cal State Fullerton Titans,Pacific Tigers,0,0,,,,,False,Titan Gym,espn,calstfullerton::pacific,a6ce280125f6ca8215cea725adf5c488,FanDuel,h2h,2h,2025-11-15 22:00:00+00:00,2025-11-15 16:53:18+00:00,CSU Fullerton Titans,Pacific Tigers,235.0,-300.0,,,,,,,,2025-11-15,0,76.78294,5.5622797,69.56867,76.78294,3.0340805,5.5622797,76.78294,5.5622797,,,,,,0.2985074626865671,0.75,0.6888206258724411,0.3111793741275589,0.5564038709245437,-1.0,1.3075490966726775,-0.5850941678299214,2.35,0.3333333333333333
401822730,2025,2025-11-15,2025-11-15 22:00:00+00:00,Cal State Fullerton Titans,Pacific Tigers,0,0,,,,,False,Titan Gym,espn,calstfullerton::pacific,a6ce280125f6ca8215cea725adf5c488,Fanatics,h2h,2h,2025-11-15 22:00:00+00:00,2025-11-15 15:13:20+00:00,CSU Fullerton Titans,Pacific Tigers,220.0,-275.0,,,,,,,,2025-11-15,0,76.78294,5.5622797,69.56867,76.78294,3.0340805,5.5622797,76.78294,5.5622797,,,,,,0.3125,0.7333333333333333,0.6888206258724411,0.3111793741275589,0.5473754558144597,-1.0,1.2042260027918117,-0.575664489826056,2.2,0.3636363636363636
401822730,2025,2025-11-15,2025-11-15 22:00:00+00:00,Cal State Fullerton Titans,Pacific Tigers,0,0,,,,,False,Titan Gym,espn,calstfullerton::pacific,a6ce280125f6ca8215cea725adf5c488,LowVig.ag,h2h,2h,2025-11-15 22:00:00+00:00,2025-11-15 16:52:39+00:00,CSU Fullerton Titans,Pacific Tigers,215.0,-260.0,,,,,,,,2025-11-15,0,76.78294,5.5622797,69.56867,76.78294,3.0340805,5.5622797,76.78294,5.5622797,,,,,,0.3174603174603174,0.7222222222222222,0.6888206258724411,0.3111793741275589,0.5440860332549718,-1.0,1.1697849714981894,-0.5691362512079954,2.15,0.3846153846153846
401822761,2025,2025-11-15,2025-11-15 16:00:00+00:00,Coppin State Eagles,South Alabama Jaguars,28,33,28.0,33.0,,,True,McArthur Center,espn,coppinstate::southalabama,e92ddead662adfc6f790b3c5c11ff140,BetMGM,h2h,2h,2025-11-15 16:00:00+00:00,2025-11-15 15:11:47+00:00,South Alabama Jaguars,Coppin St Eagles,-3000.0,1250.0,,,,,,,,2025-11-15,0,72.20048,-0.52468395,68.30655,72.20048,-1.4591286,-0.52468395,72.20048,-0.52468395,,,,,,0.967741935483871,0.074074074074074,0.4812700557728228,0.5187299442271772,-1.0,0.4802283397653514,-0.5026876090347498,6.002854247066892,0.0333333333333333,12.5
401822761,2025,2025-11-15,2025-11-15 16:00:00+00:00,Coppin State Eagles,South Alabama Jaguars,28,33,28.0,33.0,,,True,McArthur Center,espn,coppinstate::southalabama,e92ddead662adfc6f790b3c5c11ff140,BetRivers,h2h,2h,2025-11-15 16:00:00+00:00,2025-11-15 15:13:48+00:00,South Alabama Jaguars,Coppin St Eagles,-3335.0,1050.0,,,,,,,,2025-11-15,0,72.20048,-0.52468395,68.30655,72.20048,-1.4591286,-0.52468395,72.20048,-0.52468395,,,,,,0.9708879184861716,0.0869565217391304,0.4812700557728228,0.5187299442271772,-1.0,0.4728947008202417,-0.5042990579971076,4.965394358612538,0.0299850074962518,10.5
401822761,2025,2025-11-15,2025-11-15 16:00:00+00:00,Coppin State Eagles,South Alabama Jaguars,28,33,28.0,33.0,,,True,McArthur Center,espn,coppinstate::southalabama,e92ddead662adfc6f790b3c5c11ff140,DraftKings,h2h,2h,2025-11-15 16:00:00+00:00,2025-11-15 15:13:32+00:00,South Alabama Jaguars,Coppin St Eagles,-3600.0,1500.0,,,,,,,,2025-11-15,0,72.20048,-0.52468395,68.30655,72.20048,-1.4591286,-0.52468395,72.20048,-0.52468395,,,,,,0.972972972972973,0.0625,0.4812700557728228,0.5187299442271772,-1.0,0.4866452738423223,-0.5053613315668211,7.2996791076348355,0.0277777777777777,15.0
401822761,2025,2025-11-15,2025-11-15 16:00:00+00:00,Coppin State Eagles,South Alabama Jaguars,28,33,28.0,33.0,,,True,McArthur Center,espn,coppinstate::southalabama,e92ddead662adfc6f790b3c5c11ff140,FanDuel,h2h,2h,2025-11-15 16:00:00+00:00,2025-11-15 15:13:33+00:00,South Alabama Jaguars,Coppin St Eagles,-3500.0,1280.0,,,,,,,,2025-11-15,0,72.20048,-0.52468395,68.30655,72.20048,-1.4591286,-0.52468395,72.20048,-0.52468395,,,,,,0.9722222222222222,0.072463768115942,0.4812700557728228,0.5187299442271772,-1.0,0.4811307211199254,-0.5049793712050966,6.158473230335046,0.0285714285714285,12.8
401822761,2025,2025-11-15,2025-11-15 16:00:00+00:00,Coppin State Eagles,South Alabama Jaguars,28,33,28.0,33.0,,,True,McArthur Center,espn,coppinstate::southalabama,e92ddead662adfc6f790b3c5c11ff140,Fanatics,h2h,2h,2025-11-15 16:00:00+00:00,2025-11-15 15:13:20+00:00,South Alabama Jaguars,Coppin St Eagles,-3000.0,1400.0,,,,,,,,2025-11-15,0,72.20048,-0.52468395,68.30655,72.20048,-1.4591286,-0.52468395,72.20048,-0.52468395,,,,,,0.967741935483871,0.0666666666666666,0.4812700557728228,0.5187299442271772,-1.0,0.4843535116719755,-0.5026876090347498,6.780949163407658,0.0333333333333333,14.0
401823011,2025,2025-11-15,2025-11-15 18:00:00+00:00,Cleveland State Vikings,Kent State Golden Flashes,0,0,,,,,True,Colonial Hall,espn,clevelandstate::kentstategoldenflashes,37fa2522d4be88ec92393fd57aaecfb2,BetMGM,h2h,2h,2025-11-15 18:00:00+00:00,2025-11-15 16:52:38+00:00,Kent State Golden Flashes,Cleveland St Vikings,-650.0,475.0,,,,,,,,2025-11-15,0,72.44833,-2.8407276,69.04041,72.44833,-2.76177,-2.8407276,72.44833,-2.8407276,,,,,,0.8666666666666667,0.1739130434782608,0.399915254082249,0.600084745917751,-1.0,0.5158920608478038,-0.5385593222127896,2.450487289027068,0.1538461538461538,4.75
401823011,2025,2025-11-15,2025-11-15 18:00:00+00:00,Cleveland State Vikings,Kent State Golden Flashes,0,0,,,,,True,Colonial Hall,espn,clevelandstate::kentstategoldenflashes,37fa2522d4be88ec92393fd57aaecfb2,BetOnline.ag,h2h,2h,2025-11-15 18:00:00+00:00,2025-11-15 16:53:18+00:00,Kent State Golden Flashes,Cleveland St Vikings,-700.0,505.0,,,,,,,,2025-11-15,0,72.44833,-2.8407276,69.04041,72.44833,-2.76177,-2.8407276,72.44833,-2.8407276,,,,,,0.875,0.1652892561983471,0.399915254082249,0.600084745917751,-1.0,0.5208936064955234,-0.5429539953345726,2.630512712802393,0.1428571428571428,5.05
401823011,2025,2025-11-15,2025-11-15 18:00:00+00:00,Cleveland State Vikings,Kent State Golden Flashes,0,0,,,,,True,Colonial Hall,espn,clevelandstate::kentstategoldenflashes,37fa2522d4be88ec92393fd57aaecfb2,BetRivers,h2h,2h,2025-11-15 18:00:00+00:00,2025-11-15 16:51:46+00:00,Kent State Golden Flashes,Cleveland St Vikings,-625.0,400.0,,,,,,,,2025-11-15,0,72.44833,-2.8407276,69.04041,72.44833,-2.76177,-2.8407276,72.44833,-2.8407276,,,,,,0.8620689655172413,0.2,0.399915254082249,0.600084745917751,-1.0,0.5001059323971887,-0.5360983052645911,2.000423729588755,0.16,4.0
401823011,2025,2025-11-15,2025-11-15 18:00:00+00:00,Cleveland State Vikings,Kent State Golden Flashes,0,0,,,,,True,Colonial Hall,espn,clevelandstate::kentstategoldenflashes,37fa2522d4be88ec92393fd57aaecfb2,BetUS,h2h,2h,2025-11-15 18:00:00+00:00,2025-11-15 16:52:52+00:00,Kent State Golden Flashes,Cleveland St Vikings,-700.0,500.0,,,,,,,,2025-11-15,0,72.44833,-2.8407276,69.04041,72.44833,-2.76177,-2.8407276,72.44833,-2.8407276,,,,,,0.875,0.1666666666666666,0.399915254082249,0.600084745917751,-1.0,0.5201016951013011,-0.5429539953345726,2.6005084755065058,0.1428571428571428,5.0
401823011,2025,2025-11-15,2025-11-15 18:00:00+00:00,Cleveland State Vikings,Kent State Golden Flashes,0,0,,,,,True,Colonial Hall,espn,clevelandstate::kentstategoldenflashes,37fa2522d4be88ec92393fd57aaecfb2,Bovada,h2h,2h,2025-11-15 18:00:00+00:00,2025-11-15 16:53:10+00:00,Kent State Golden Flashes,Cleveland St Vikings,-700.0,475.0,,,,,,,,2025-11-15,0,72.44833,-2.8407276,69.04041,72.44833,-2.76177,-2.8407276,72.44833,-2.8407276,,,,,,0.875,0.1739130434782608,0.399915254082249,0.600084745917751,-1.0,0.5158920608478038,-0.5429539953345726,2.450487289027068,0.1428571428571428,4.75
401823011,2025,2025-11-15,2025-11-15 18:00:00+00:00,Cleveland State Vikings,Kent State Golden Flashes,0,0,,,,,True,Colonial Hall,espn,clevelandstate::kentstategoldenflashes,37fa2522d4be88ec92393fd57aaecfb2,Caesars,h2h,2h,2025-11-15 18:00:00+00:00,2025-11-15 16:51:46+00:00,Kent State Golden Flashes,Cleveland St Vikings,-600.0,430.0,,,,,,,,2025-11-15,0,72.44833,-2.8407276,69.04041,72.44833,-2.76177,-2.8407276,72.44833,-2.8407276,,,,,,0.8571428571428571,0.1886792452830188,0.399915254082249,0.600084745917751,-1.0,0.5070811984567628,-0.5334322035707094,2.18044915336408,0.1666666666666666,4.3
401823011,2025,2025-11-15,2025-11-15 18:00:00+00:00,Cleveland State Vikings,Kent State Golden Flashes,0,0,,,,,True,Colonial Hall,espn,clevelandstate::kentstategoldenflashes,37fa2522d4be88ec92393fd57aaecfb2,DraftKings,h2h,2h,2025-11-15 18:00:00+00:00,2025-11-15 16:52:38+00:00,Kent State Golden Flashes,Cleveland St Vikings,-650.0,470.0,,,,,,,,2025-11-15,0,72.44833,-2.8407276,69.04041,72.44833,-2.76177,-2.8407276,72.44833,-2.8407276,,,,,,0.8666666666666667,0.175438596491228,0.399915254082249,0.600084745917751,-1.0,0.5149963939853576,-0.5385593222127896,2.4204830517311806,0.1538461538461538,4.7
401823011,2025,2025-11-15,2025-11-15 18:00:00+00:00,Cleveland State Vikings,Kent State Golden Flashes,0,0,,,,,True,Colonial Hall,espn,clevelandstate::kentstategoldenflashes,37fa2522d4be88ec92393fd57aaecfb2,FanDuel,h2h,2h,2025-11-15 18:00:00+00:00,2025-11-15 16:53:18+00:00,Kent State Golden Flashes,Cleveland St Vikings,-700.0,470.0,,,,,,,,2025-11-15,0,72.44833,-2.8407276,69.04041,72.44833,-2.76177,-2.8407276,72.44833,-2.8407276,,,,,,0.875,0.175438596491228,0.399915254082249,0.600084745917751,-1.0,0.5149963939853576,-0.5429539953345726,2.4204830517311806,0.1428571428571428,4.7
401823011,2025,2025-11-15,2025-11-15 18:00:00+00:00,Cleveland State Vikings,Kent State Golden Flashes,0,0,,,,,True,Colonial Hall,espn,clevelandstate::kentstategoldenflashes,37fa2522d4be88ec92393fd57aaecfb2,Fanatics,h2h,2h,2025-11-15 18:00:00+00:00,2025-11-15 15:13:20+00:00,Kent State Golden Flashes,Cleveland St Vikings,-630.0,450.0,,,,,,,,2025-11-15,0,72.44833,-2.8407276,69.04041,72.44833,-2.76177,-2.8407276,72.44833,-2.8407276,,,,,,0.863013698630137,0.1818181818181818,0.399915254082249,0.600084745917751,-1.0,0.511214689455029,-0.5366061341586639,2.3004661025476305,0.1587301587301587,4.5
401823011,2025,2025-11-15,2025-11-15 18:00:00+00:00,Cleveland State Vikings,Kent State Golden Flashes,0,0,,,,,True,Colonial Hall,espn,clevelandstate::kentstategoldenflashes,37fa2522d4be88ec92393fd57aaecfb2,LowVig.ag,h2h,2h,2025-11-15 18:00:00+00:00,2025-11-15 16:52:39+00:00,Kent State Golden Flashes,Cleveland St Vikings,-700.0,505.0,,,,,,,,2025-11-15,0,72.44833,-2.8407276,69.04041,72.44833,-2.76177,-2.8407276,72.44833,-2.8407276,,,,,,0.875,0.1652892561983471,0.399915254082249,0.600084745917751,-1.0,0.5208936064955234,-0.5429539953345726,2.630512712802393,0.1428571428571428,5.05
401823024,2025,2025-11-15,2025-11-15 19:00:00+00:00,Marquette Golden Eagles,Maryland Terrapins,0,0,,,,,False,Fiserv Forum,espn,marquettegolden::marylandterrapins,9572200eb7973686572f8d2b2a002f63,BetMGM,h2h,2h,2025-11-15 19:00:00+00:00,2025-11-15 16:52:39+00:00,Marquette Golden Eagles,Maryland Terrapins,-375.0,290.0,,,,,,,,2025-11-15,0,79.0172,-2.5682776,74.77562,79.0172,0.52548695,-2.5682776,79.0172,-2.5682776,,,,,,0.7894736842105263,0.2564102564102564,0.4092910763666251,0.5907089236333749,-1.0,0.449574069713849,-0.4815646366022749,1.303764802170162,0.2666666666666666,2.9
401823024,2025,2025-11-15,2025-11-15 19:00:00+00:00,Marquette Golden Eagles,Maryland Terrapins,0,0,,,,,False,Fiserv Forum,espn,marquettegolden::marylandterrapins,9572200eb7973686572f8d2b2a002f63,BetOnline.ag,h2h,2h,2025-11-15 19:00:00+00:00,2025-11-15 16:53:18+00:00,Marquette Golden Eagles,Maryland Terrapins,-400.0,316.0,,,,,,,,2025-11-15,0,79.0172,-2.5682776,74.77562,79.0172,0.52548695,-2.5682776,79.0172,-2.5682776,,,,,,0.8,0.2403846153846154,0.4092910763666251,0.5907089236333749,-1.0,0.461186431112291,-0.4883861545417186,1.4573491223148396,0.25,3.16
401823024,2025,2025-11-15,2025-11-15 19:00:00+00:00,Marquette Golden Eagles,Maryland Terrapins,0,0,,,,,False,Fiserv Forum,espn,marquettegolden::marylandterrapins,9572200eb7973686572f8d2b2a002f63,BetRivers,h2h,2h,2025-11-15 19:00:00+00:00,2025-11-15 16:51:47+00:00,Marquette Golden Eagles,Maryland Terrapins,-360.0,270.0,,,,,,,,2025-11-15,0,79.0172,-2.5682776,74.77562,79.0172,0.52548695,-2.5682776,79.0172,-2.5682776,,,,,,0.782608695652174,0.2702702702702703,0.4092910763666251,0.5907089236333749,-1.0,0.4391196360901804,-0.477016957975979,1.1856230174434872,0.2777777777777778,2.7
401823024,2025,2025-11-15,2025-11-15 19:00:00+00:00,Marquette Golden Eagles,Maryland Terrapins,0,0,,,,,False,Fiserv Forum,espn,marquettegolden::marylandterrapins,9572200eb7973686572f8d2b2a002f63,BetUS,h2h,2h,2025-11-15 19:00:00+00:00,2025-11-15 16:52:52+00:00,Marquette Golden Eagles,Maryland Terrapins,-400.0,320.0,,,,,,,,2025-11-15,0,79.0172,-2.5682776,74.77562,79.0172,0.52548695,-2.5682776,79.0172,-2.5682776,,,,,,0.8,0.238095238095238,0.4092910763666251,0.5907089236333749,-1.0,0.4628054622688045,-0.4883861545417186,1.4809774792601746,0.25,3.2
401823024,2025,2025-11-15,2025-11-15 19:00:00+00:00,Marquette Golden Eagles,Maryland Terrapins,0,0,,,,,False,Fiserv Forum,espn,marquettegolden::marylandterrapins,9572200eb7973686572f8d2b2a002f63,Bovada,h2h,2h,2025-11-15 19:00:00+00:00,2025-11-15 16:53:10+00:00,Marquette Golden Eagles,Maryland Terrapins,-390.0,295.0,,,,,,,,2025-11-15,0,79.0172,-2.5682776,74.77562,79.0172,0.52548695,-2.5682776,79.0172,-2.5682776,,,,,,0.7959183673469388,0.2531645569620253,0.4092910763666251,0.5907089236333749,-1.0,0.4519661858819765,-0.4857624937957787,1.333300248351831,0.2564102564102564,2.95
401823024,2025,2025-11-15,2025-11-15 19:00:00+00:00,Marquette Golden Eagles,Maryland Terrapins,0,0,,,,,False,Fiserv Forum,espn,marquettegolden::marylandterrapins,9572200eb7973686572f8d2b2a002f63,Caesars,h2h,2h,2025-11-15 19:00:00+00:00,2025-11-15 16:51:46+00:00,Marquette Golden Eagles,Maryland Terrapins,-385.0,300.0,,,,,,,,2025-11-15,0,79.0172,-2.5682776,74.77562,79.0172,0.52548695,-2.5682776,79.0172,-2.5682776,,,,,,0.7938144329896907,0.25,0.4092910763666251,0.5907089236333749,-1.0,0.4542785648444998,-0.4843995531485372,1.3628356945334996,0.2597402597402597,3.0
401823024,2025,2025-11-15,2025-11-15 19:00:00+00:00,Marquette Golden Eagles,Maryland Terrapins,0,0,,,,,False,Fiserv Forum,espn,marquettegolden::marylandterrapins,9572200eb7973686572f8d2b2a002f63,DraftKings,h2h,2h,2025-11-15 19:00:00+00:00,2025-11-15 16:52:38+00:00,Marquette Golden Eagles,Maryland Terrapins,-380.0,300.0,,,,,,,,2025-11-15,0,79.0172,-2.5682776,74.77562,79.0172,0.52548695,-2.5682776,79.0172,-2.5682776,,,,,,0.7916666666666666,0.25,0.4092910763666251,0.5907089236333749,-1.0,0.4542785648444998,-0.4830007456421578,1.3628356945334996,0.2631578947368421,3.0
401823024,2025,2025-11-15,2025-11-15 19:00:00+00:00,Marquette Golden Eagles,Maryland Terrapins,0,0,,,,,False,Fiserv Forum,espn,marquettegolden::marylandterrapins,9572200eb7973686572f8d2b2a002f63,FanDuel,h2h,2h,2025-11-15 19:00:00+00:00,2025-11-15 16:53:17+00:00,Marquette Golden Eagles,Maryland Terrapins,-385.0,300.0,,,,,,,,2025-11-15,0,79.0172,-2.5682776,74.77562,79.0172,0.52548695,-2.5682776,79.0172,-2.5682776,,,,,,0.7938144329896907,0.25,0.4092910763666251,0.5907089236333749,-1.0,0.4542785648444998,-0.4843995531485372,1.3628356945334996,0.2597402597402597,3.0
401823024,2025,2025-11-15,2025-11-15 19:00:00+00:00,Marquette Golden Eagles,Maryland Terrapins,0,0,,,,,False,Fiserv Forum,espn,marquettegolden::marylandterrapins,9572200eb7973686572f8d2b2a002f63,Fanatics,h2h,2h,2025-11-15 19:00:00+00:00,2025-11-15 15:13:20+00:00,Marquette Golden Eagles,Maryland Terrapins,-300.0,240.0,,,,,,,,2025-11-15,0,79.0172,-2.5682776,74.77562,79.0172,0.52548695,-2.5682776,79.0172,-2.5682776,,,,,,0.75,0.2941176470588235,0.4092910763666251,0.5907089236333749,-1.0,0.4201709751472811,-0.4542785648444999,1.0084103403534743,0.3333333333333333,2.4
401823024,2025,2025-11-15,2025-11-15 19:00:00+00:00,Marquette Golden Eagles,Maryland Terrapins,0,0,,,,,False,Fiserv Forum,espn,marquettegolden::marylandterrapins,9572200eb7973686572f8d2b2a002f63,LowVig.ag,h2h,2h,2025-11-15 19:00:00+00:00,2025-11-15 16:52:39+00:00,Marquette Golden Eagles,Maryland Terrapins,-380.0,303.0,,,,,,,,2025-11-15,0,79.0172,-2.5682776,74.77562,79.0172,0.52548695,-2.5682776,79.0172,-2.5682776,,,,,,0.7916666666666666,0.2481389578163771,0.4092910763666251,0.5907089236333749,-1.0,0.4556293604760729,-0.4830007456421578,1.380556962242501,0.2631578947368421,3.03
401823215,2025,2025-11-15,2025-11-15 19:00:00+00:00,Bellarmine Knights,Wofford Terriers,0,0,,,,,False,Knights Hall,espn,bellarmine::wofford,0d045fe6975fc350bc5c98544c5c2d5b,BetMGM,h2h,2h,2025-11-15 19:00:00+00:00,2025-11-15 16:52:39+00:00,Bellarmine Knights,Wofford Terriers,125.0,-150.0,,,,,,,,2025-11-15,0,77.18741,0.42332745,70.916435,77.18741,-0.076459885,0.42332745,77.18741,0.42332745,,,,,,0.4444444444444444,0.6,0.5151142313812449,0.4848857686187551,0.1272056164862408,-0.2877855784531122,0.159007020607801,-0.1918570523020748,1.25,0.6666666666666666
401823215,2025,2025-11-15,2025-11-15 19:00:00+00:00,Bellarmine Knights,Wofford Terriers,0,0,,,,,False,Knights Hall,espn,bellarmine::wofford,0d045fe6975fc350bc5c98544c5c2d5b,BetRivers,h2h,2h,2025-11-15 19:00:00+00:00,2025-11-15 16:51:47+00:00,Bellarmine Knights,Wofford Terriers,110.0,-143.0,,,,,,,,2025-11-15,0,77.18741,0.42332745,70.916435,77.18741,-0.076459885,0.42332745,77.18741,0.42332745,,,,,,0.4761904761904761,0.588477366255144,0.5151142313812449,0.4848857686187551,0.0743089871823766,-0.2517275822564251,0.0817398859006143,-0.1760332743051924,1.1,0.6993006993006993
401823215,2025,2025-11-15,2025-11-15 19:00:00+00:00,Bellarmine Knights,Wofford Terriers,0,0,,,,,False,Knights Hall,espn,bellarmine::wofford,0d045fe6975fc350bc5c98544c5c2d5b,Bovada,h2h,2h,2025-11-15 19:00:00+00:00,2025-11-15 16:53:10+00:00,Bellarmine Knights,Wofford Terriers,125.0,-145.0,,,,,,,,2025-11-15,0,77.18741,0.42332745,70.916435,77.18741,-0.076459885,0.42332745,77.18741,0.42332745,,,,,,0.4444444444444444,0.5918367346938775,0.5151142313812449,0.4848857686187551,0.1272056164862408,-0.26202986688405,0.159007020607801,-0.1807102530234827,1.25,0.6896551724137931
401823215,2025,2025-11-15,2025-11-15 19:00:00+00:00,Bellarmine Knights,Wofford Terriers,0,0,,,,,False,Knights Hall,espn,bellarmine::wofford,0d045fe6975fc350bc5c98544c5c2d5b,Caesars,h2h,2h,2025-11-15 19:00:00+00:00,2025-11-15 16:51:46+00:00,Bellarmine Knights,Wofford Terriers,122.0,-145.0,,,,,,,,2025-11-15,0,77.18741,0.42332745,70.916435,77.18741,-0.076459885,0.42332745,77.18741,0.42332745,,,,,,0.4504504504504504,0.5918367346938775,0.5151142313812449,0.4848857686187551,0.1176668800543964,-0.26202986688405,0.1435535936663636,-0.1807102530234827,1.22,0.6896551724137931
401823215,2025,2025-11-15,2025-11-15 19:00:00+00:00,Bellarmine Knights,Wofford Terriers,0,0,,,,,False,Knights Hall,espn,bellarmine::wofford,0d045fe6975fc350bc5c98544c5c2d5b,DraftKings,h2h,2h,2025-11-15 19:00:00+00:00,2025-11-15 16:52:38+00:00,Bellarmine Knights,Wofford Terriers,124.0,-148.0,,,,,,,,2025-11-15,0,77.18741,0.42332745,70.916435,77.18741,-0.076459885,0.42332745,77.18741,0.42332745,,,,,,0.4464285714285714,0.5967741935483871,0.5151142313812449,0.4848857686187551,0.1240773212048295,-0.2774832938254873,0.1538558782939886,-0.1874887120442482,1.24,0.6756756756756757
401823215,2025,2025-11-15,2025-11-15 19:00:00+00:00,Bellarmine Knights,Wofford Terriers,0,0,,,,,False,Knights Hall,espn,bellarmine::wofford,0d045fe6975fc350bc5c98544c5c2d5b,FanDuel,h2h,2h,2025-11-15 19:00:00+00:00,2025-11-15 16:53:18+00:00,Bellarmine Knights,Wofford Terriers,124.0,-152.0,,,,,,,,2025-11-15,0,77.18741,0.42332745,70.916435,77.18741,-0.076459885,0.42332745,77.18741,0.42332745,,,,,,0.4464285714285714,0.6031746031746031,0.5151142313812449,0.4848857686187551,0.1240773212048295,-0.2980878630807371,0.1538558782939886,-0.196110436237327,1.24,0.6578947368421053
401823215,2025,2025-11-15,2025-11-15 19:00:00+00:00,Bellarmine Knights,Wofford Terriers,0,0,,,,,False,Knights Hall,espn,bellarmine::wofford,0d045fe6975fc350bc5c98544c5c2d5b,Fanatics,h2h,2h,2025-11-15 19:00:00+00:00,2025-11-15 15:13:20+00:00,Bellarmine Knights,Wofford Terriers,120.0,-145.0,,,,,,,,2025-11-15,0,77.18741,0.42332745,70.916435,77.18741,-0.076459885,0.42332745,77.18741,0.42332745,,,,,,0.4545454545454545,0.5918367346938775,0.5151142313812449,0.4848857686187551,0.1110427575322822,-0.26202986688405,0.1332513090387387,-0.1807102530234827,1.2,0.6896551724137931
401823227,2025,2025-11-15,2025-11-15 18:00:00+00:00,Florida Gulf Coast Eagles,Chattanooga Mocs,0,0,,,,,False,Alico Arena,espn,chattanoogamocs::floridagulfcoast,006d559ede2bc2f2dd30485d37698aa0,BetMGM,h2h,2h,2025-11-15 18:00:00+00:00,2025-11-15 16:52:38+00:00,Florida Gulf Coast Eagles,Chattanooga Mocs,105.0,-125.0,,,,,,,,2025-11-15,0,76.969284,0.7011589,70.465096,76.969284,-0.20529461,0.7011589,76.969284,0.7011589,,,,,,0.4878048780487805,0.5555555555555556,0.5250204732928203,0.4749795267071797,0.0726590192859825,-0.1812960649088456,0.0762919702502816,-0.1450368519270765,1.05,0.8
401823227,2025,2025-11-15,2025-11-15 18:00:00+00:00,Florida Gulf Coast Eagles,Chattanooga Mocs,0,0,,,,,False,Alico Arena,espn,chattanoogamocs::floridagulfcoast,006d559ede2bc2f2dd30485d37698aa0,BetRivers,h2h,2h,2025-11-15 18:00:00+00:00,2025-11-15 16:51:46+00:00,Florida Gulf Coast Eagles,Chattanooga Mocs,102.0,-127.0,,,,,,,,2025-11-15,0,76.969284,0.7011589,70.465096,76.969284,-0.20529461,0.7011589,76.969284,0.7011589,,,,,,0.495049504950495,0.5594713656387665,0.5250204732928203,0.4749795267071797,0.0593542706387225,-0.191796474374702,0.060541356051497,-0.1510208459643323,1.02,0.7874015748031497
401823227,2025,2025-11-15,2025-11-15 18:00:00+00:00,Florida Gulf Coast Eagles,Chattanooga Mocs,0,0,,,,,False,Alico Arena,espn,chattanoogamocs::floridagulfcoast,006d559ede2bc2f2dd30485d37698aa0,Bovada,h2h,2h,2025-11-15 18:00:00+00:00,2025-11-15 16:53:10+00:00,Florida Gulf Coast Eagles,Chattanooga Mocs,105.0,-125.0,,,,,,,,2025-11-15,0,76.969284,0.7011589,70.465096,76.969284,-0.20529461,0.7011589,76.969284,0.7011589,,,,,,0.4878048780487805,0.5555555555555556,0.5250204732928203,0.4749795267071797,0.0726590192859825,-0.1812960649088456,0.0762919702502816,-0.1450368519270765,1.05,0.8
401823227,2025,2025-11-15,2025-11-15 18:00:00+00:00,Florida Gulf Coast Eagles,Chattanooga Mocs,0,0,,,,,False,Alico Arena,espn,chattanoogamocs::floridagulfcoast,006d559ede2bc2f2dd30485d37698aa0,Caesars,h2h,2h,2025-11-15 18:00:00+00:00,2025-11-15 16:51:46+00:00,Florida Gulf Coast Eagles,Chattanooga Mocs,105.0,-125.0,,,,,,,,2025-11-15,0,76.969284,0.7011589,70.465096,76.969284,-0.20529461,0.7011589,76.969284,0.7011589,,,,,,0.4878048780487805,0.5555555555555556,0.5250204732928203,0.4749795267071797,0.0726590192859825,-0.1812960649088456,0.0762919702502816,-0.1450368519270765,1.05,0.8
401823227,2025,2025-11-15,2025-11-15 18:00:00+00:00,Florida Gulf Coast Eagles,Chattanooga Mocs,0,0,,,,,False,Alico Arena,espn,chattanoogamocs::floridagulfcoast,006d559ede2bc2f2dd30485d37698aa0,DraftKings,h2h,2h,2025-11-15 18:00:00+00:00,2025-11-15 16:52:38+00:00,Florida Gulf Coast Eagles,Chattanooga Mocs,105.0,-125.0,,,,,,,,2025-11-15,0,76.969284,0.7011589,70.465096,76.969284,-0.20529461,0.7011589,76.969284,0.7011589,,,,,,0.4878048780487805,0.5555555555555556,0.5250204732928203,0.4749795267071797,0.0726590192859825,-0.1812960649088456,0.0762919702502816,-0.1450368519270765,1.05,0.8
401823227,2025,2025-11-15,2025-11-15 18:00:00+00:00,Florida Gulf Coast Eagles,Chattanooga Mocs,0,0,,,,,False,Alico Arena,espn,chattanoogamocs::floridagulfcoast,006d559ede2bc2f2dd30485d37698aa0,FanDuel,h2h,2h,2025-11-15 18:00:00+00:00,2025-11-15 16:53:18+00:00,Florida Gulf Coast Eagles,Chattanooga Mocs,106.0,-130.0,,,,,,,,2025-11-15,0,76.969284,0.7011589,70.465096,76.969284,-0.20529461,0.7011589,76.969284,0.7011589,,,,,,0.4854368932038835,0.5652173913043478,0.5250204732928203,0.4749795267071797,0.0769265801728394,-0.2075470885734867,0.0815421749832098,-0.1596516065949897,1.06,0.7692307692307693
401823227,2025,2025-11-15,2025-11-15 18:00:00+00:00,Florida Gulf Coast Eagles,Chattanooga Mocs,0,0,,,,,False,Alico Arena,espn,chattanoogamocs::floridagulfcoast,006d559ede2bc2f2dd30485d37698aa0,Fanatics,h2h,2h,2025-11-15 18:00:00+00:00,2025-11-15 15:13:20+00:00,Florida Gulf Coast Eagles,Chattanooga Mocs,-105.0,-115.0,,,,,,,,2025-11-15,0,76.969284,0.7011589,70.465096,76.969284,-0.20529461,0.7011589,76.969284,0.7011589,,,,,,0.5121951219512195,0.5348837209302325,0.5250204732928203,0.4749795267071797,0.0262919702502815,-0.1287940175795637,0.0250399716669348,-0.1119947978952727,0.9523809523809524,0.8695652173913043
401823324,2025,2025-11-15,2025-11-15 23:00:00+00:00,UT Arlington Mavericks,Missouri State Bears,0,0,,,,,False,College Park Center,espn,missouristate::utarlington,8db7e6326d0364479d9acd06c6768ec7,BetMGM,h2h,2h,2025-11-15 23:00:00+00:00,2025-11-15 16:52:39+00:00,UT-Arlington Mavericks,Missouri St Bears,-160.0,135.0,,,,,,,,2025-11-15,0,77.03342,-2.3412888,70.92492,77.03342,-2.3121636,-2.3412888,77.03342,-2.3412888,,,,,,0.6153846153846154,0.425531914893617,0.4171534441322654,0.5828465558677345,-0.5154010452561097,0.2738440046586489,-0.3221256532850686,0.3696894062891761,0.625,1.35
401823324,2025,2025-11-15,2025-11-15 23:00:00+00:00,UT Arlington Mavericks,Missouri State Bears,0,0,,,,,False,College Park Center,espn,missouristate::utarlington,8db7e6326d0364479d9acd06c6768ec7,BetOnline.ag,h2h,2h,2025-11-15 23:00:00+00:00,2025-11-15 16:53:18+00:00,UT-Arlington Mavericks,Missouri St Bears,-160.0,140.0,,,,,,,,2025-11-15,0,77.03342,-2.3412888,70.92492,77.03342,-2.3121636,-2.3412888,77.03342,-2.3412888,,,,,,0.6153846153846154,0.4166666666666667,0.4171534441322654,0.5828465558677345,-0.5154010452561097,0.2848798100589733,-0.3221256532850686,0.3988317340825626,0.625,1.4
401823324,2025,2025-11-15,2025-11-15 23:00:00+00:00,UT Arlington Mavericks,Missouri State Bears,0,0,,,,,False,College Park Center,espn,missouristate::utarlington,8db7e6326d0364479d9acd06c6768ec7,BetRivers,h2h,2h,2025-11-15 23:00:00+00:00,2025-11-15 16:51:47+00:00,UT-Arlington Mavericks,Missouri St Bears,-162.0,128.0,,,,,,,,2025-11-15,0,77.03342,-2.3412888,70.92492,77.03342,-2.3121636,-2.3412888,77.03342,-2.3412888,,,,,,0.6183206106870229,0.4385964912280701,0.4171534441322654,0.5828465558677345,-0.5270579763734644,0.256945427639402,-0.3253444298601632,0.3288901473784346,0.6172839506172839,1.28
401823324,2025,2025-11-15,2025-11-15 23:00:00+00:00,UT Arlington Mavericks,Missouri State Bears,0,0,,,,,False,College Park Center,espn,missouristate::utarlington,8db7e6326d0364479d9acd06c6768ec7,BetUS,h2h,2h,2025-11-15 23:00:00+00:00,2025-11-15 16:52:52+00:00,UT-Arlington Mavericks,Missouri St Bears,-160.0,138.0,,,,,,,,2025-11-15,0,77.03342,-2.3412888,70.92492,77.03342,-2.3121636,-2.3412888,77.03342,-2.3412888,,,,,,0.6153846153846154,0.4201680672268907,0.4171534441322654,0.5828465558677345,-0.5154010452561097,0.2805614514240638,-0.3221256532850686,0.387174802965208,0.625,1.38
401823324,2025,2025-11-15,2025-11-15 23:00:00+00:00,UT Arlington Mavericks,Missouri State Bears,0,0,,,,,False,College Park Center,espn,missouristate::utarlington,8db7e6326d0364479d9acd06c6768ec7,Bovada,h2h,2h,2025-11-15 23:00:00+00:00,2025-11-15 16:53:10+00:00,UT-Arlington Mavericks,Missouri St Bears,-160.0,135.0,,,,,,,,2025-11-15,0,77.03342,-2.3412888,70.92492,77.03342,-2.3121636,-2.3412888,77.03342,-2.3412888,,,,,,0.6153846153846154,0.425531914893617,0.4171534441322654,0.5828465558677345,-0.5154010452561097,0.2738440046586489,-0.3221256532850686,0.3696894062891761,0.625,1.35
401823324,2025,2025-11-15,2025-11-15 23:00:00+00:00,UT Arlington Mavericks,Missouri State Bears,0,0,,,,,False,College Park Center,espn,missouristate::utarlington,8db7e6326d0364479d9acd06c6768ec7,Caesars,h2h,2h,2025-11-15 23:00:00+00:00,2025-11-15 16:51:46+00:00,UT-Arlington Mavericks,Missouri St Bears,-165.0,140.0,,,,,,,,2025-11-15,0,77.03342,-2.3412888,70.92492,77.03342,-2.3121636,-2.3412888,77.03342,-2.3412888,,,,,,0.6226415094339622,0.4166666666666667,0.4171534441322654,0.5828465558677345,-0.5445433730494964,0.2848798100589733,-0.3300262866966645,0.3988317340825626,0.6060606060606061,1.4
401823324,2025,2025-11-15,2025-11-15 23:00:00+00:00,UT Arlington Mavericks,Missouri State Bears,0,0,,,,,False,College Park Center,espn,missouristate::utarlington,8db7e6326d0364479d9acd06c6768ec7,DraftKings,h2h,2h,2025-11-15 23:00:00+00:00,2025-11-15 16:52:38+00:00,UT-Arlington Mavericks,Missouri St Bears,-162.0,136.0,,,,,,,,2025-11-15,0,77.03342,-2.3412888,70.92492,77.03342,-2.3121636,-2.3412888,77.03342,-2.3412888,,,,,,0.6183206106870229,0.423728813559322,0.4171534441322654,0.5828465558677345,-0.5270579763734644,0.2761160822410687,-0.3253444298601632,0.3755178718478534,0.6172839506172839,1.36
401823324,2025,2025-11-15,2025-11-15 23:00:00+00:00,UT Arlington Mavericks,Missouri State Bears,0,0,,,,,False,College Park Center,espn,missouristate::utarlington,8db7e6326d0364479d9acd06c6768ec7,FanDuel,h2h,2h,2025-11-15 23:00:00+00:00,2025-11-15 16:53:18+00:00,UT-Arlington Mavericks,Missouri St Bears,-168.0,136.0,,,,,,,,2025-11-15,0,77.03342,-2.3412888,70.92492,77.03342,-2.3121636,-2.3412888,77.03342,-2.3412888,,,,,,0.6268656716417911,0.423728813559322,0.4171534441322654,0.5828465558677345,-0.5620287697255285,0.2761160822410687,-0.3345409343604336,0.3755178718478534,0.5952380952380952,1.36
401823324,2025,2025-11-15,2025-11-15 23:00:00+00:00,UT Arlington Mavericks,Missouri State Bears,0,0,,,,,False,College Park Center,espn,missouristate::utarlington,8db7e6326d0364479d9acd06c6768ec7,Fanatics,h2h,2h,2025-11-15 23:00:00+00:00,2025-11-15 15:13:20+00:00,UT-Arlington Mavericks,Missouri St Bears,-160.0,130.0,,,,,,,,2025-11-15,0,77.03342,-2.3412888,70.92492,77.03342,-2.3121636,-2.3412888,77.03342,-2.3412888,,,,,,0.6153846153846154,0.4347826086956521,0.4171534441322654,0.5828465558677345,-0.5154010452561097,0.2619592911506072,-0.3221256532850686,0.3405470784957893,0.625,1.3
401823324,2025,2025-11-15,2025-11-15 23:00:00+00:00,UT Arlington Mavericks,Missouri State Bears,0,0,,,,,False,College Park Center,espn,missouristate::utarlington,8db7e6326d0364479d9acd06c6768ec7,LowVig.ag,h2h,2h,2025-11-15 23:00:00+00:00,2025-11-15 16:52:39+00:00,UT-Arlington Mavericks,Missouri St Bears,-160.0,140.0,,,,,,,,2025-11-15,0,77.03342,-2.3412888,70.92492,77.03342,-2.3121636,-2.3412888,77.03342,-2.3412888,,,,,,0.6153846153846154,0.4166666666666667,0.4171534441322654,0.5828465558677345,-0.5154010452561097,0.2848798100589733,-0.3221256532850686,0.3988317340825626,0.625,1.4
401823342,2025,2025-11-15,2025-11-15 18:00:00+00:00,VMI Keydets,Jacksonville Dolphins,0,0,,,,,False,Cameron Hall,espn,jacksonville::vmikeydets,843d3c7d7bd15b6effcebc27ffde4ef0,BetMGM,h2h,2h,2025-11-15 18:00:00+00:00,2025-11-15 16:52:38+00:00,VMI Keydets,Jacksonville Dolphins,-110.0,-110.0,,,,,,,,2025-11-15,0,76.56981,5.0738497,69.212494,76.56981,2.3595672,5.0738497,76.56981,5.0738497,,,,,,0.5238095238095238,0.5238095238095238,0.6736709747565801,0.3263290252434199,0.3147090469888182,-0.4147090469888183,0.2860991336261983,-0.3770082245352893,0.9090909090909092,0.9090909090909092
401823342,2025,2025-11-15,2025-11-15 18:00:00+00:00,VMI Keydets,Jacksonville Dolphins,0,0,,,,,False,Cameron Hall,espn,jacksonville::vmikeydets,843d3c7d7bd15b6effcebc27ffde4ef0,BetRivers,h2h,2h,2025-11-15 18:00:00+00:00,2025-11-15 16:51:47+00:00,VMI Keydets,Jacksonville Dolphins,-110.0,-113.0,,,,,,,,2025-11-15,0,76.56981,5.0738497,69.212494,76.56981,2.3595672,5.0738497,76.56981,5.0738497,,,,,,0.5238095238095238,0.5305164319248826,0.6736709747565801,0.3263290252434199,0.3147090469888182,-0.4349191762315156,0.2860991336261983,-0.3848842267535536,0.9090909090909092,0.8849557522123894
401823342,2025,2025-11-15,2025-11-15 18:00:00+00:00,VMI Keydets,Jacksonville Dolphins,0,0,,,,,False,Cameron Hall,espn,jacksonville::vmikeydets,843d3c7d7bd15b6effcebc27ffde4ef0,Bovada,h2h,2h,2025-11-15 18:00:00+00:00,2025-11-15 16:53:10+00:00,VMI Keydets,Jacksonville Dolphins,-105.0,-115.0,,,,,,,,2025-11-15,0,76.56981,5.0738497,69.212494,76.56981,2.3595672,5.0738497,76.56981,5.0738497,,,,,,0.5121951219512195,0.5348837209302325,0.6736709747565801,0.3263290252434199,0.3310254982509892,-0.4483925957266472,0.3152623792866563,-0.3899066049796932,0.9523809523809524,0.8695652173913043
401823342,2025,2025-11-15,2025-11-15 18:00:00+00:00,VMI Keydets,Jacksonville Dolphins,0,0,,,,,False,Cameron Hall,espn,jacksonville::vmikeydets,843d3c7d7bd15b6effcebc27ffde4ef0,Caesars,h2h,2h,2025-11-15 18:00:00+00:00,2025-11-15 16:51:46+00:00,VMI Keydets,Jacksonville Dolphins,-105.0,-115.0,,,,,,,,2025-11-15,0,76.56981,5.0738497,69.212494,76.56981,2.3595672,5.0738497,76.56981,5.0738497,,,,,,0.5121951219512195,0.5348837209302325,0.6736709747565801,0.3263290252434199,0.3310254982509892,-0.4483925957266472,0.3152623792866563,-0.3899066049796932,0.9523809523809524,0.8695652173913043
401823342,2025,2025-11-15,2025-11-15 18:00:00+00:00,VMI Keydets,Jacksonville Dolphins,0,0,,,,,False,Cameron Hall,espn,jacksonville::vmikeydets,843d3c7d7bd15b6effcebc27ffde4ef0,DraftKings,h2h,2h,2025-11-15 18:00:00+00:00,2025-11-15 16:52:38+00:00,VMI Keydets,Jacksonville Dolphins,-102.0,-118.0,,,,,,,,2025-11-15,0,76.56981,5.0738497,69.212494,76.56981,2.3595672,5.0738497,76.56981,5.0738497,,,,,,0.504950495049505,0.5412844036697247,0.6736709747565801,0.3263290252434199,0.3408153690082917,-0.4686027249693447,0.3341327147140115,-0.3971209533638514,0.9803921568627452,0.847457627118644
401823342,2025,2025-11-15,2025-11-15 18:00:00+00:00,VMI Keydets,Jacksonville Dolphins,0,0,,,,,False,Cameron Hall,espn,jacksonville::vmikeydets,843d3c7d7bd15b6effcebc27ffde4ef0,FanDuel,h2h,2h,2025-11-15 18:00:00+00:00,2025-11-15 16:53:18+00:00,VMI Keydets,Jacksonville Dolphins,-105.0,-115.0,,,,,,,,2025-11-15,0,76.56981,5.0738497,69.212494,76.56981,2.3595672,5.0738497,76.56981,5.0738497,,,,,,0.5121951219512195,0.5348837209302325,0.6736709747565801,0.3263290252434199,0.3310254982509892,-0.4483925957266472,0.3152623792866563,-0.3899066049796932,0.9523809523809524,0.8695652173913043
401823342,2025,2025-11-15,2025-11-15 18:00:00+00:00,VMI Keydets,Jacksonville Dolphins,0,0,,,,,False,Cameron Hall,espn,jacksonville::vmikeydets,843d3c7d7bd15b6effcebc27ffde4ef0,Fanatics,h2h,2h,2025-11-15 18:00:00+00:00,2025-11-15 15:13:20+00:00,VMI Keydets,Jacksonville Dolphins,-105.0,-115.0,,,,,,,,2025-11-15,0,76.56981,5.0738497,69.212494,76.56981,2.3595672,5.0738497,76.56981,5.0738497,,,,,,0.5121951219512195,0.5348837209302325,0.6736709747565801,0.3263290252434199,0.3310254982509892,-0.4483925957266472,0.3152623792866563,-0.3899066049796932,0.9523809523809524,0.8695652173913043
401823369,2025,2025-11-15,2025-11-15 18:00:00+00:00,Toledo Rockets,Detroit Mercy Titans,0,0,,,,,False,Savage Arena,espn,detroitmercy::toledorockets,774c02bc29970934b59c5cd3c7a36be8,BetMGM,h2h,2h,2025-11-15 18:00:00+00:00,2025-11-15 16:52:38+00:00,Toledo Rockets,Detroit Mercy Titans,-550.0,400.0,,,,,,,,2025-11-15,0,77.33575,5.716687,70.617676,77.33575,3.982503,5.716687,77.33575,5.716687,,,,,,0.8461538461538461,0.2,0.6935289255954039,0.3064710744045961,-0.9920619836298744,0.1330888430057451,-0.1803749061145226,0.5323553720229804,0.1818181818181818,4.0
401823369,2025,2025-11-15,2025-11-15 18:00:00+00:00,Toledo Rockets,Detroit Mercy Titans,0,0,,,,,False,Savage Arena,espn,detroitmercy::toledorockets,774c02bc29970934b59c5cd3c7a36be8,BetOnline.ag,h2h,2h,2025-11-15 18:00:00+00:00,2025-11-15 16:53:18+00:00,Toledo Rockets,Detroit Mercy Titans,-600.0,446.0,,,,,,,,2025-11-15,0,77.33575,5.716687,70.617676,77.33575,3.982503,5.716687,77.33575,5.716687,,,,,,0.8571428571428571,0.1831501831501831,0.6935289255954039,0.3064710744045961,-1.0,0.1509713153024875,-0.1908829201386954,0.6733320662490946,0.1666666666666666,4.46
401823369,2025,2025-11-15,2025-11-15 18:00:00+00:00,Toledo Rockets,Detroit Mercy Titans,0,0,,,,,False,Savage Arena,espn,detroitmercy::toledorockets,774c02bc29970934b59c5cd3c7a36be8,BetRivers,h2h,2h,2025-11-15 18:00:00+00:00,2025-11-15 16:51:46+00:00,Toledo Rockets,Detroit Mercy Titans,-500.0,340.0,,,,,,,,2025-11-15,0,77.33575,5.716687,70.617676,77.33575,3.982503,5.716687,77.33575,5.716687,,,,,,0.8333333333333334,0.2272727272727272,0.6935289255954039,0.3064710744045961,-0.8388264464275764,0.1024919786412419,-0.1677652892855153,0.3484727273802227,0.2,3.4
401823369,2025,2025-11-15,2025-11-15 18:00:00+00:00,Toledo Rockets,Detroit Mercy Titans,0,0,,,,,False,Savage Arena,espn,detroitmercy::toledorockets,774c02bc29970934b59c5cd3c7a36be8,BetUS,h2h,2h,2025-11-15 18:00:00+00:00,2025-11-15 16:52:52+00:00,Toledo Rockets,Detroit Mercy Titans,-600.0,450.0,,,,,,,,2025-11-15,0,77.33575,5.716687,70.617676,77.33575,3.982503,5.716687,77.33575,5.716687,,,,,,0.8571428571428571,0.1818181818181818,0.6935289255954039,0.3064710744045961,-1.0,0.1523535353833952,-0.1908829201386954,0.6855909092252784,0.1666666666666666,4.5
401823369,2025,2025-11-15,2025-11-15 18:00:00+00:00,Toledo Rockets,Detroit Mercy Titans,0,0,,,,,False,Savage Arena,espn,detroitmercy::toledorockets,774c02bc29970934b59c5cd3c7a36be8,Bovada,h2h,2h,2025-11-15 18:00:00+00:00,2025-11-15 16:53:10+00:00,Toledo Rockets,Detroit Mercy Titans,-585.0,410.0,,,,,,,,2025-11-15,0,77.33575,5.716687,70.617676,77.33575,3.982503,5.716687,77.33575,5.716687,,,,,,0.8540145985401459,0.196078431372549,0.6935289255954039,0.3064710744045961,-1.0,0.1373176779179122,-0.1879191213113646,0.56300247946344,0.1709401709401709,4.1
401823369,2025,2025-11-15,2025-11-15 18:00:00+00:00,Toledo Rockets,Detroit Mercy Titans,0,0,,,,,False,Savage Arena,espn,detroitmercy::toledorockets,774c02bc29970934b59c5cd3c7a36be8,Caesars,h2h,2h,2025-11-15 18:00:00+00:00,2025-11-15 16:51:46+00:00,Toledo Rockets,Detroit Mercy Titans,-600.0,430.0,,,,,,,,2025-11-15,0,77.33575,5.716687,70.617676,77.33575,3.982503,5.716687,77.33575,5.716687,,,,,,0.8571428571428571,0.1886792452830188,0.6935289255954039,0.3064710744045961,-1.0,0.1451852777545021,-0.1908829201386954,0.6242966943443592,0.1666666666666666,4.3
401823369,2025,2025-11-15,2025-11-15 18:00:00+00:00,Toledo Rockets,Detroit Mercy Titans,0,0,,,,,False,Savage Arena,espn,detroitmercy::toledorockets,774c02bc29970934b59c5cd3c7a36be8,DraftKings,h2h,2h,2025-11-15 18:00:00+00:00,2025-11-15 16:52:38+00:00,Toledo Rockets,Detroit Mercy Titans,-575.0,425.0,,,,,,,,2025-11-15,0,77.33575,5.716687,70.617676,77.33575,3.982503,5.716687,77.33575,5.716687,,,,,,0.8518518518518519,0.1904761904761904,0.6935289255954039,0.3064710744045961,-1.0,0.1432877977939128,-0.185857348214091,0.6089731406241295,0.1739130434782608,4.25
401823369,2025,2025-11-15,2025-11-15 18:00:00+00:00,Toledo Rockets,Detroit Mercy Titans,0,0,,,,,False,Savage Arena,espn,detroitmercy::toledorockets,774c02bc29970934b59c5cd3c7a36be8,FanDuel,h2h,2h,2025-11-15 18:00:00+00:00,2025-11-15 16:53:17+00:00,Toledo Rockets,Detroit Mercy Titans,-650.0,440.0,,,,,,,,2025-11-15,0,77.33575,5.716687,70.617676,77.33575,3.982503,5.716687,77.33575,5.716687,,,,,,0.8666666666666667,0.1851851851851851,0.6935289255954039,0.3064710744045961,-1.0,0.1488508640420043,-0.1997743166206878,0.6549438017848189,0.1538461538461538,4.4
401823369,2025,2025-11-15,2025-11-15 18:00:00+00:00,Toledo Rockets,Detroit Mercy Titans,0,0,,,,,False,Savage Arena,espn,detroitmercy::toledorockets,774c02bc29970934b59c5cd3c7a36be8,Fanatics,h2h,2h,2025-11-15 18:00:00+00:00,2025-11-15 15:13:20+00:00,Toledo Rockets,Detroit Mercy Titans,-550.0,400.0,,,,,,,,2025-11-15,0,77.33575,5.716687,70.617676,77.33575,3.982503,5.716687,77.33575,5.716687,,,,,,0.8461538461538461,0.2,0.6935289255954039,0.3064710744045961,-0.9920619836298744,0.1330888430057451,-0.1803749061145226,0.5323553720229804,0.1818181818181818,4.0
401823369,2025,2025-11-15,2025-11-15 18:00:00+00:00,Toledo Rockets,Detroit Mercy Titans,0,0,,,,,False,Savage Arena,espn,detroitmercy::toledorockets,774c02bc29970934b59c5cd3c7a36be8,LowVig.ag,h2h,2h,2025-11-15 18:00:00+00:00,2025-11-15 16:52:39+00:00,Toledo Rockets,Detroit Mercy Titans,-600.0,446.0,,,,,,,,2025-11-15,0,77.33575,5.716687,70.617676,77.33575,3.982503,5.716687,77.33575,5.716687,,,,,,0.8571428571428571,0.1831501831501831,0.6935289255954039,0.3064710744045961,-1.0,0.1509713153024875,-0.1908829201386954,0.6733320662490946,0.1666666666666666,4.46
401823409,2025,2025-11-15,2025-11-15 20:30:00+00:00,Radford Highlanders,Wright State Raiders,0,0,,,,,True,Colonial Hall,espn,radford::wrightstateraiders,cafc1f321d96001053ad8b9974286582,BetMGM,h2h,2h,2025-11-15 20:30:00+00:00,2025-11-15 16:52:39+00:00,Radford Highlanders,Wright St Raiders,-275.0,225.0,,,,,,,,2025-11-15,0,72.057594,-7.157201,68.76378,72.057594,-6.4799128,-7.157201,72.057594,-7.157201,,,,,,0.7333333333333333,0.3076923076923077,0.2645490275155946,0.7354509724844054,-1.0,0.6178736269219188,-0.6392513261150983,1.3902156605743174,0.3636363636363636,2.25
401823409,2025,2025-11-15,2025-11-15 20:30:00+00:00,Radford Highlanders,Wright State Raiders,0,0,,,,,True,Colonial Hall,espn,radford::wrightstateraiders,cafc1f321d96001053ad8b9974286582,BetRivers,h2h,2h,2025-11-15 20:30:00+00:00,2025-11-15 16:51:47+00:00,Radford Highlanders,Wright St Raiders,-286.0,215.0,,,,,,,,2025-11-15,0,72.057594,-7.157201,68.76378,72.057594,-6.4799128,-7.157201,72.057594,-7.157201,,,,,,0.7409326424870466,0.3174603174603174,0.2645490275155946,0.7354509724844054,-1.0,0.6124049131748265,-0.6429513125139177,1.3166705633258768,0.3496503496503496,2.15
401823409,2025,2025-11-15,2025-11-15 20:30:00+00:00,Radford Highlanders,Wright State Raiders,0,0,,,,,True,Colonial Hall,espn,radford::wrightstateraiders,cafc1f321d96001053ad8b9974286582,Bovada,h2h,2h,2025-11-15 20:30:00+00:00,2025-11-15 16:53:10+00:00,Radford Highlanders,Wright St Raiders,-280.0,230.0,,,,,,,,2025-11-15,0,72.057594,-7.157201,68.76378,72.057594,-6.4799128,-7.157201,72.057594,-7.157201,,,,,,0.7368421052631579,0.303030303030303,0.2645490275155946,0.7354509724844054,-1.0,0.6204296561732773,-0.6409691769431216,1.4269882091985375,0.3571428571428571,2.3
401823409,2025,2025-11-15,2025-11-15 20:30:00+00:00,Radford Highlanders,Wright State Raiders,0,0,,,,,True,Colonial Hall,espn,radford::wrightstateraiders,cafc1f321d96001053ad8b9974286582,Caesars,h2h,2h,2025-11-15 20:30:00+00:00,2025-11-15 16:51:46+00:00,Radford Highlanders,Wright St Raiders,-285.0,228.0,,,,,,,,2025-11-15,0,72.057594,-7.157201,68.76378,72.057594,-6.4799128,-7.157201,72.057594,-7.157201,,,,,,0.7402597402597403,0.3048780487804878,0.2645490275155946,0.7354509724844054,-1.0,0.6194206972582674,-0.642626752303495,1.4122791897488496,0.3508771929824561,2.28
401823409,2025,2025-11-15,2025-11-15 20:30:00+00:00,Radford Highlanders,Wright State Raiders,0,0,,,,,True,Colonial Hall,espn,radford::wrightstateraiders,cafc1f321d96001053ad8b9974286582,DraftKings,h2h,2h,2025-11-15 20:30:00+00:00,2025-11-15 16:52:38+00:00,Radford Highlanders,Wright St Raiders,-270.0,220.0,,,,,,,,2025-11-15,0,72.057594,-7.157201,68.76378,72.057594,-6.4799128,-7.157201,72.057594,-7.157201,,,,,,0.7297297297297297,0.3125,0.2645490275155946,0.7354509724844054,-1.0,0.6152014145227714,-0.6374698511823333,1.3534431119500974,0.3703703703703703,2.2
401823409,2025,2025-11-15,2025-11-15 20:30:00+00:00,Radford Highlanders,Wright State Raiders,0,0,,,,,True,Colonial Hall,espn,radford::wrightstateraiders,cafc1f321d96001053ad8b9974286582,FanDuel,h2h,2h,2025-11-15 20:30:00+00:00,2025-11-15 16:53:18+00:00,Radford Highlanders,Wright St Raiders,-325.0,250.0,,,,,,,,2025-11-15,0,72.057594,-7.157201,68.76378,72.057594,-6.4799128,-7.157201,72.057594,-7.157201,,,,,,0.7647058823529411,0.2857142857142857,0.2645490275155946,0.7354509724844054,-1.0,0.6296313614781675,-0.6540512717103762,1.5740784036954187,0.3076923076923077,2.5
401823409,2025,2025-11-15,2025-11-15 20:30:00+00:00,Radford Highlanders,Wright State Raiders,0,0,,,,,True,Colonial Hall,espn,radford::wrightstateraiders,cafc1f321d96001053ad8b9974286582,Fanatics,h2h,2h,2025-11-15 20:30:00+00:00,2025-11-15 15:13:20+00:00,Radford Highlanders,Wright St Raiders,-285.0,230.0,,,,,,,,2025-11-15,0,72.057594,-7.157201,68.76378,72.057594,-6.4799128,-7.157201,72.057594,-7.157201,,,,,,0.7402597402597403,0.303030303030303,0.2645490275155946,0.7354509724844054,-1.0,0.6204296561732773,-0.642626752303495,1.4269882091985375,0.3508771929824561,2.3
401823418,2025,2025-11-15,2025-11-15 23:00:00+00:00,Davidson Wildcats,Bowling Green Falcons,0,0,,,,,False,John M. Belk Arena,espn,bowlinggreen::davidson,eca5ffef726db1d3ecdae6455c710226,BetMGM,h2h,2h,2025-11-15 23:00:00+00:00,2025-11-15 16:52:39+00:00,Davidson Wildcats,Bowling Green Falcons,-220.0,180.0,,,,,,,,2025-11-15,0,77.870155,8.465862,71.34453,77.870155,6.7827177,8.465862,77.870155,8.465862,,,,,,0.6875,0.3571428571428571,0.7701943364165799,0.2298056635834201,0.2646218765330554,-0.1980800788702353,0.1202826711513888,-0.3565441419664236,0.4545454545454545,1.8
401823418,2025,2025-11-15,2025-11-15 23:00:00+00:00,Davidson Wildcats,Bowling Green Falcons,0,0,,,,,False,John M. Belk Arena,espn,bowlinggreen::davidson,eca5ffef726db1d3ecdae6455c710226,BetOnline.ag,h2h,2h,2025-11-15 23:00:00+00:00,2025-11-15 16:53:18+00:00,Davidson Wildcats,Bowling Green Falcons,-215.0,183.0,,,,,,,,2025-11-15,0,77.870155,8.465862,71.34453,77.870155,6.7827177,8.465862,77.870155,8.465862,,,,,,0.6825396825396826,0.3533568904593639,0.7701943364165799,0.2298056635834201,0.2761121597122265,-0.1910655585021426,0.1284242603312681,-0.349649972058921,0.4651162790697674,1.83
401823418,2025,2025-11-15,2025-11-15 23:00:00+00:00,Davidson Wildcats,Bowling Green Falcons,0,0,,,,,False,John M. Belk Arena,espn,bowlinggreen::davidson,eca5ffef726db1d3ecdae6455c710226,BetRivers,h2h,2h,2025-11-15 23:00:00+00:00,2025-11-15 16:51:47+00:00,Davidson Wildcats,Bowling Green Falcons,-225.0,165.0,,,,,,,,2025-11-15,0,77.870155,8.465862,71.34453,77.870155,6.7827177,8.465862,77.870155,8.465862,,,,,,0.6923076923076923,0.3773584905660377,0.7701943364165799,0.2298056635834201,0.2531315933538844,-0.2369787827296585,0.1125029303795042,-0.3910149915039366,0.4444444444444444,1.65
401823418,2025,2025-11-15,2025-11-15 23:00:00+00:00,Davidson Wildcats,Bowling Green Falcons,0,0,,,,,False,John M. Belk Arena,espn,bowlinggreen::davidson,eca5ffef726db1d3ecdae6455c710226,BetUS,h2h,2h,2025-11-15 23:00:00+00:00,2025-11-15 16:52:52+00:00,Davidson Wildcats,Bowling Green Falcons,-215.0,183.0,,,,,,,,2025-11-15,0,77.870155,8.465862,71.34453,77.870155,6.7827177,8.465862,77.870155,8.465862,,,,,,0.6825396825396826,0.3533568904593639,0.7701943364165799,0.2298056635834201,0.2761121597122265,-0.1910655585021426,0.1284242603312681,-0.349649972058921,0.4651162790697674,1.83
401823418,2025,2025-11-15,2025-11-15 23:00:00+00:00,Davidson Wildcats,Bowling Green Falcons,0,0,,,,,False,John M. Belk Arena,espn,bowlinggreen::davidson,eca5ffef726db1d3ecdae6455c710226,Bovada,h2h,2h,2025-11-15 23:00:00+00:00,2025-11-15 16:53:10+00:00,Davidson Wildcats,Bowling Green Falcons,-220.0,180.0,,,,,,,,2025-11-15,0,77.870155,8.465862,71.34453,77.870155,6.7827177,8.465862,77.870155,8.465862,,,,,,0.6875,0.3571428571428571,0.7701943364165799,0.2298056635834201,0.2646218765330554,-0.1980800788702353,0.1202826711513888,-0.3565441419664236,0.4545454545454545,1.8
401823418,2025,2025-11-15,2025-11-15 23:00:00+00:00,Davidson Wildcats,Bowling Green Falcons,0,0,,,,,False,John M. Belk Arena,espn,bowlinggreen::davidson,eca5ffef726db1d3ecdae6455c710226,Caesars,h2h,2h,2025-11-15 23:00:00+00:00,2025-11-15 16:51:46+00:00,Davidson Wildcats,Bowling Green Falcons,-225.0,185.0,,,,,,,,2025-11-15,0,77.870155,8.465862,71.34453,77.870155,6.7827177,8.465862,77.870155,8.465862,,,,,,0.6923076923076923,0.3508771929824561,0.7701943364165799,0.2298056635834201,0.2531315933538844,-0.1865155993444608,0.1125029303795042,-0.3450538587872526,0.4444444444444444,1.85
401823418,2025,2025-11-15,2025-11-15 23:00:00+00:00,Davidson Wildcats,Bowling Green Falcons,0,0,,,,,False,John M. Belk Arena,espn,bowlinggreen::davidson,eca5ffef726db1d3ecdae6455c710226,DraftKings,h2h,2h,2025-11-15 23:00:00+00:00,2025-11-15 16:52:38+00:00,Davidson Wildcats,Bowling Green Falcons,-225.0,185.0,,,,,,,,2025-11-15,0,77.870155,8.465862,71.34453,77.870155,6.7827177,8.465862,77.870155,8.465862,,,,,,0.6923076923076923,0.3508771929824561,0.7701943364165799,0.2298056635834201,0.2531315933538844,-0.1865155993444608,0.1125029303795042,-0.3450538587872526,0.4444444444444444,1.85
401823418,2025,2025-11-15,2025-11-15 23:00:00+00:00,Davidson Wildcats,Bowling Green Falcons,0,0,,,,,False,John M. Belk Arena,espn,bowlinggreen::davidson,eca5ffef726db1d3ecdae6455c710226,FanDuel,h2h,2h,2025-11-15 23:00:00+00:00,2025-11-15 16:53:17+00:00,Davidson Wildcats,Bowling Green Falcons,-240.0,195.0,,,,,,,,2025-11-15,0,77.870155,8.465862,71.34453,77.870155,6.7827177,8.465862,77.870155,8.465862,,,,,,0.7058823529411765,0.3389830508474576,0.7701943364165799,0.2298056635834201,0.2186607438163715,-0.1651657909891849,0.0911086432568215,-0.3220732924289106,0.4166666666666667,1.95
401823418,2025,2025-11-15,2025-11-15 23:00:00+00:00,Davidson Wildcats,Bowling Green Falcons,0,0,,,,,False,John M. Belk Arena,espn,bowlinggreen::davidson,eca5ffef726db1d3ecdae6455c710226,Fanatics,h2h,2h,2025-11-15 23:00:00+00:00,2025-11-15 15:13:20+00:00,Davidson Wildcats,Bowling Green Falcons,-225.0,185.0,,,,,,,,2025-11-15,0,77.870155,8.465862,71.34453,77.870155,6.7827177,8.465862,77.870155,8.465862,,,,,,0.6923076923076923,0.3508771929824561,0.7701943364165799,0.2298056635834201,0.2531315933538844,-0.1865155993444608,0.1125029303795042,-0.3450538587872526,0.4444444444444444,1.85
401823418,2025,2025-11-15,2025-11-15 23:00:00+00:00,Davidson Wildcats,Bowling Green Falcons,0,0,,,,,False,John M. Belk Arena,espn,bowlinggreen::davidson,eca5ffef726db1d3ecdae6455c710226,LowVig.ag,h2h,2h,2025-11-15 23:00:00+00:00,2025-11-15 16:52:39+00:00,Davidson Wildcats,Bowling Green Falcons,-215.0,183.0,,,,,,,,2025-11-15,0,77.870155,8.465862,71.34453,77.870155,6.7827177,8.465862,77.870155,8.465862,,,,,,0.6825396825396826,0.3533568904593639,0.7701943364165799,0.2298056635834201,0.2761121597122265,-0.1910655585021426,0.1284242603312681,-0.349649972058921,0.4651162790697674,1.83
401823452,2025,2025-11-15,2025-11-15 20:00:00+00:00,Queens University Royals,Sacred Heart Pioneers,0,0,,,,,False,Curry Arena,espn,queensroyals::sacredheart,1be3957d82b606e4e1d57f851c690044,BetRivers,h2h,2h,2025-11-15 20:00:00+00:00,2025-11-15 16:51:47+00:00,Queens University Royals,Sacred Heart Pioneers,-220.0,175.0,,,,,,,,2025-11-15,0,76.073784,5.1569853,68.24588,76.073784,1.6673131,5.1569853,76.073784,5.1569853,,,,,,0.6875,0.3636363636363636,0.6762764838020132,0.3237235161979868,-0.0359152518335577,-0.062720188831735,-0.0163251144697989,-0.1097603304555363,0.4545454545454545,1.75
401823452,2025,2025-11-15,2025-11-15 20:00:00+00:00,Queens University Royals,Sacred Heart Pioneers,0,0,,,,,False,Curry Arena,espn,queensroyals::sacredheart,1be3957d82b606e4e1d57f851c690044,Bovada,h2h,2h,2025-11-15 20:00:00+00:00,2025-11-15 16:53:10+00:00,Queens University Royals,Sacred Heart Pioneers,-225.0,185.0,,,,,,,,2025-11-15,0,76.073784,5.1569853,68.24588,76.073784,1.6673131,5.1569853,76.073784,5.1569853,,,,,,0.6923076923076923,0.3508771929824561,0.6762764838020132,0.3237235161979868,-0.052101427643457,-0.0418313399112095,-0.0231561900637586,-0.0773879788357376,0.4444444444444444,1.85
401823452,2025,2025-11-15,2025-11-15 20:00:00+00:00,Queens University Royals,Sacred Heart Pioneers,0,0,,,,,False,Curry Arena,espn,queensroyals::sacredheart,1be3957d82b606e4e1d57f851c690044,Caesars,h2h,2h,2025-11-15 20:00:00+00:00,2025-11-15 16:51:46+00:00,Queens University Royals,Sacred Heart Pioneers,-210.0,175.0,,,,,,,,2025-11-15,0,76.073784,5.1569853,68.24588,76.073784,1.6673131,5.1569853,76.073784,5.1569853,,,,,,0.6774193548387096,0.3636363636363636,0.6762764838020132,0.3237235161979868,-0.003542900213759,-0.062720188831735,-0.0016870953398852,-0.1097603304555363,0.4761904761904761,1.75
401823452,2025,2025-11-15,2025-11-15 20:00:00+00:00,Queens University Royals,Sacred Heart Pioneers,0,0,,,,,False,Curry Arena,espn,queensroyals::sacredheart,1be3957d82b606e4e1d57f851c690044,DraftKings,h2h,2h,2025-11-15 20:00:00+00:00,2025-11-15 16:52:38+00:00,Queens University Royals,Sacred Heart Pioneers,-218.0,180.0,,,,,,,,2025-11-15,0,76.073784,5.1569853,68.24588,76.073784,1.6673131,5.1569853,76.073784,5.1569853,,,,,,0.6855345911949685,0.3571428571428571,0.6762764838020132,0.3237235161979868,-0.0294407815095978,-0.0519856414697983,-0.0135049456466045,-0.093574154645637,0.4587155963302752,1.8
401823452,2025,2025-11-15,2025-11-15 20:00:00+00:00,Queens University Royals,Sacred Heart Pioneers,0,0,,,,,False,Curry Arena,espn,queensroyals::sacredheart,1be3957d82b606e4e1d57f851c690044,FanDuel,h2h,2h,2025-11-15 20:00:00+00:00,2025-11-15 16:53:18+00:00,Queens University Royals,Sacred Heart Pioneers,-250.0,198.0,,,,,,,,2025-11-15,0,76.073784,5.1569853,68.24588,76.073784,1.6673131,5.1569853,76.073784,5.1569853,,,,,,0.7142857142857143,0.3355704697986577,0.6762764838020132,0.3237235161979868,-0.1330323066929536,-0.0178302634999997,-0.0532129226771814,-0.0353039217299994,0.4,1.98
401823452,2025,2025-11-15,2025-11-15 20:00:00+00:00,Queens University Royals,Sacred Heart Pioneers,0,0,,,,,False,Curry Arena,espn,queensroyals::sacredheart,1be3957d82b606e4e1d57f851c690044,Fanatics,h2h,2h,2025-11-15 20:00:00+00:00,2025-11-15 15:13:20+00:00,Queens University Royals,Sacred Heart Pioneers,-190.0,160.0,,,,,,,,2025-11-15,0,76.073784,5.1569853,68.24588,76.073784,1.6673131,5.1569853,76.073784,5.1569853,,,,,,0.6551724137931034,0.3846153846153846,0.6762764838020132,0.3237235161979868,0.0612018030258382,-0.0989492861782714,0.0322114752767569,-0.1583188578852343,0.5263157894736842,1.6
401823486,2025,2025-11-15,2025-11-15 19:00:00+00:00,Winthrop Eagles,Mercer Bears,0,0,,,,,False,Winthrop Coliseum,espn,mercer::winthrop,b1b00dbd9ef7212737eebab1c9fbd04d,BetMGM,h2h,2h,2025-11-15 19:00:00+00:00,2025-11-15 16:52:39+00:00,Winthrop Eagles,Mercer Bears,-140.0,115.0,,,,,,,,2025-11-15,0,77.28847,-1.0818255,71.27762,77.28847,-1.013849,-1.0818255,77.28847,-1.0818255,,,,,,0.5833333333333334,0.4651162790697674,0.4614400935269004,0.5385599064730995,-0.2925437755354387,0.1373076512323164,-0.2089598396681705,0.1579037989171638,0.7142857142857143,1.15
401823486,2025,2025-11-15,2025-11-15 19:00:00+00:00,Winthrop Eagles,Mercer Bears,0,0,,,,,False,Winthrop Coliseum,espn,mercer::winthrop,b1b00dbd9ef7212737eebab1c9fbd04d,BetRivers,h2h,2h,2025-11-15 19:00:00+00:00,2025-11-15 16:51:47+00:00,Winthrop Eagles,Mercer Bears,-137.0,112.0,,,,,,,,2025-11-15,0,77.28847,-1.0818255,71.27762,77.28847,-1.013849,-1.0818255,77.28847,-1.0818255,,,,,,0.5780590717299579,0.4716981132075472,0.4614400935269004,0.5385599064730995,-0.2763869783412458,0.1265598229669383,-0.2017423199571137,0.1417470017229709,0.7299270072992701,1.12
401823486,2025,2025-11-15,2025-11-15 19:00:00+00:00,Winthrop Eagles,Mercer Bears,0,0,,,,,False,Winthrop Coliseum,espn,mercer::winthrop,b1b00dbd9ef7212737eebab1c9fbd04d,Bovada,h2h,2h,2025-11-15 19:00:00+00:00,2025-11-15 16:53:10+00:00,Winthrop Eagles,Mercer Bears,-145.0,125.0,,,,,,,,2025-11-15,0,77.28847,-1.0818255,71.27762,77.28847,-1.013849,-1.0818255,77.28847,-1.0818255,,,,,,0.5918367346938775,0.4444444444444444,0.4614400935269004,0.5385599064730995,-0.3194717708590937,0.169407831651579,-0.2203253592131681,0.2117597895644738,0.6896551724137931,1.25
401823486,2025,2025-11-15,2025-11-15 19:00:00+00:00,Winthrop Eagles,Mercer Bears,0,0,,,,,False,Winthrop Coliseum,espn,mercer::winthrop,b1b00dbd9ef7212737eebab1c9fbd04d,Caesars,h2h,2h,2025-11-15 19:00:00+00:00,2025-11-15 16:51:46+00:00,Winthrop Eagles,Mercer Bears,-130.0,110.0,,,,,,,,2025-11-15,0,77.28847,-1.0818255,71.27762,77.28847,-1.013849,-1.0818255,77.28847,-1.0818255,,,,,,0.5652173913043478,0.4761904761904761,0.4614400935269004,0.5385599064730995,-0.2386877848881288,0.1190689123577353,-0.1836059883754837,0.1309758035935089,0.7692307692307693,1.1
401823486,2025,2025-11-15,2025-11-15 19:00:00+00:00,Winthrop Eagles,Mercer Bears,0,0,,,,,False,Winthrop Coliseum,espn,mercer::winthrop,b1b00dbd9ef7212737eebab1c9fbd04d,DraftKings,h2h,2h,2025-11-15 19:00:00+00:00,2025-11-15 16:52:38+00:00,Winthrop Eagles,Mercer Bears,-135.0,114.0,,,,,,,,2025-11-15,0,77.28847,-1.0818255,71.27762,77.28847,-1.013849,-1.0818255,77.28847,-1.0818255,,,,,,0.574468085106383,0.4672897196261682,0.4614400935269004,0.5385599064730995,-0.2656157802117839,0.1337878946073972,-0.1967524297865066,0.1525181998524328,0.7407407407407407,1.14
401823486,2025,2025-11-15,2025-11-15 19:00:00+00:00,Winthrop Eagles,Mercer Bears,0,0,,,,,False,Winthrop Coliseum,espn,mercer::winthrop,b1b00dbd9ef7212737eebab1c9fbd04d,FanDuel,h2h,2h,2025-11-15 19:00:00+00:00,2025-11-15 16:53:18+00:00,Winthrop Eagles,Mercer Bears,-132.0,108.0,,,,,,,,2025-11-15,0,77.28847,-1.0818255,71.27762,77.28847,-1.013849,-1.0818255,77.28847,-1.0818255,,,,,,0.5689655172413793,0.4807692307692308,0.4614400935269004,0.5385599064730995,-0.2494589830175908,0.1113005606148583,-0.1889840780436294,0.1202046054640469,0.7575757575757576,1.08
401823486,2025,2025-11-15,2025-11-15 19:00:00+00:00,Winthrop Eagles,Mercer Bears,0,0,,,,,False,Winthrop Coliseum,espn,mercer::winthrop,b1b00dbd9ef7212737eebab1c9fbd04d,Fanatics,h2h,2h,2025-11-15 19:00:00+00:00,2025-11-15 15:13:20+00:00,Winthrop Eagles,Mercer Bears,-140.0,115.0,,,,,,,,2025-11-15,0,77.28847,-1.0818255,71.27762,77.28847,-1.013849,-1.0818255,77.28847,-1.0818255,,,,,,0.5833333333333334,0.4651162790697674,0.4614400935269004,0.5385599064730995,-0.2925437755354387,0.1373076512323164,-0.2089598396681705,0.1579037989171638,0.7142857142857143,1.15
401823511,2025,2025-11-15,2025-11-15 21:00:00+00:00,UC San Diego Tritons,Idaho Vandals,0,0,,,,,False,LionTree Arena,espn,idahovandals::ucsandiegotritons,a0f02ffda3b626ad2886b39881a4beeb,BetMGM,h2h,2h,2025-11-15 21:00:00+00:00,2025-11-15 16:52:39+00:00,UC San Diego Tritons,Idaho Vandals,-275.0,225.0,,,,,,,,2025-11-15,0,76.881195,-3.555826,70.76554,76.881195,-3.4223316,-3.555826,76.881195,-3.555826,,,,,,0.7333333333333333,0.3076923076923077,0.3756683191393585,0.6243316808606415,-1.0,0.457367983465371,-0.4877250193554202,1.0290779627970847,0.3636363636363636,2.25
401823511,2025,2025-11-15,2025-11-15 21:00:00+00:00,UC San Diego Tritons,Idaho Vandals,0,0,,,,,False,LionTree Arena,espn,idahovandals::ucsandiegotritons,a0f02ffda3b626ad2886b39881a4beeb,BetOnline.ag,h2h,2h,2025-11-15 21:00:00+00:00,2025-11-15 16:53:18+00:00,UC San Diego Tritons,Idaho Vandals,-285.0,234.0,,,,,,,,2025-11-15,0,76.881195,-3.555826,70.76554,76.881195,-3.4223316,-3.555826,76.881195,-3.555826,,,,,,0.7402597402597403,0.2994011976047904,0.3756683191393585,0.6243316808606415,-1.0,0.4637896641344198,-0.4925182355485858,1.0852678140745424,0.3508771929824561,2.34
401823511,2025,2025-11-15,2025-11-15 21:00:00+00:00,UC San Diego Tritons,Idaho Vandals,0,0,,,,,False,LionTree Arena,espn,idahovandals::ucsandiegotritons,a0f02ffda3b626ad2886b39881a4beeb,BetRivers,h2h,2h,2025-11-15 21:00:00+00:00,2025-11-15 16:51:47+00:00,UC San Diego Tritons,Idaho Vandals,-275.0,195.0,,,,,,,,2025-11-15,0,76.881195,-3.555826,70.76554,76.881195,-3.4223316,-3.555826,76.881195,-3.555826,,,,,,0.7333333333333333,0.3389830508474576,0.3756683191393585,0.6243316808606415,-1.0,0.4316812607891756,-0.4877250193554202,0.8417784585388924,0.3636363636363636,1.95
401823511,2025,2025-11-15,2025-11-15 21:00:00+00:00,UC San Diego Tritons,Idaho Vandals,0,0,,,,,False,LionTree Arena,espn,idahovandals::ucsandiegotritons,a0f02ffda3b626ad2886b39881a4beeb,BetUS,h2h,2h,2025-11-15 21:00:00+00:00,2025-11-15 16:52:52+00:00,UC San Diego Tritons,Idaho Vandals,-285.0,238.0,,,,,,,,2025-11-15,0,76.881195,-3.555826,70.76554,76.881195,-3.4223316,-3.555826,76.881195,-3.555826,,,,,,0.7402597402597403,0.2958579881656805,0.3756683191393585,0.6243316808606415,-1.0,0.4664878492894825,-0.4925182355485858,1.1102410813089685,0.3508771929824561,2.38
401823511,2025,2025-11-15,2025-11-15 21:00:00+00:00,UC San Diego Tritons,Idaho Vandals,0,0,,,,,False,LionTree Arena,espn,idahovandals::ucsandiegotritons,a0f02ffda3b626ad2886b39881a4beeb,Bovada,h2h,2h,2025-11-15 21:00:00+00:00,2025-11-15 16:53:10+00:00,UC San Diego Tritons,Idaho Vandals,-285.0,235.0,,,,,,,,2025-11-15,0,76.881195,-3.555826,70.76554,76.881195,-3.4223316,-3.555826,76.881195,-3.555826,,,,,,0.7402597402597403,0.2985074626865671,0.3756683191393585,0.6243316808606415,-1.0,0.4644728216524038,-0.4925182355485858,1.0915111308831489,0.3508771929824561,2.35
401823511,2025,2025-11-15,2025-11-15 21:00:00+00:00,UC San Diego Tritons,Idaho Vandals,0,0,,,,,False,LionTree Arena,espn,idahovandals::ucsandiegotritons,a0f02ffda3b626ad2886b39881a4beeb,Caesars,h2h,2h,2025-11-15 21:00:00+00:00,2025-11-15 16:51:46+00:00,UC San Diego Tritons,Idaho Vandals,-278.0,222.0,,,,,,,,2025-11-15,0,76.881195,-3.555826,70.76554,76.881195,-3.4223316,-3.555826,76.881195,-3.555826,,,,,,0.7354497354497355,0.3105590062111801,0.3756683191393585,0.6243316808606415,-1.0,0.4551117172843539,-0.4891991919615917,1.0103480123712658,0.3597122302158273,2.22
401823511,2025,2025-11-15,2025-11-15 21:00:00+00:00,UC San Diego Tritons,Idaho Vandals,0,0,,,,,False,LionTree Arena,espn,idahovandals::ucsandiegotritons,a0f02ffda3b626ad2886b39881a4beeb,DraftKings,h2h,2h,2025-11-15 21:00:00+00:00,2025-11-15 16:52:38+00:00,UC San Diego Tritons,Idaho Vandals,-285.0,230.0,,,,,,,,2025-11-15,0,76.881195,-3.555826,70.76554,76.881195,-3.4223316,-3.555826,76.881195,-3.555826,,,,,,0.7402597402597403,0.303030303030303,0.3756683191393585,0.6243316808606415,-1.0,0.4609976290609205,-0.4925182355485858,1.060294546840117,0.3508771929824561,2.3
401823511,2025,2025-11-15,2025-11-15 21:00:00+00:00,UC San Diego Tritons,Idaho Vandals,0,0,,,,,False,LionTree Arena,espn,idahovandals::ucsandiegotritons,a0f02ffda3b626ad2886b39881a4beeb,FanDuel,h2h,2h,2025-11-15 21:00:00+00:00,2025-11-15 16:53:18+00:00,UC San Diego Tritons,Idaho Vandals,-290.0,225.0,,,,,,,,2025-11-15,0,76.881195,-3.555826,70.76554,76.881195,-3.4223316,-3.555826,76.881195,-3.555826,,,,,,0.7435897435897436,0.3076923076923077,0.3756683191393585,0.6243316808606415,-1.0,0.457367983465371,-0.4947908811574144,1.0290779627970847,0.3448275862068966,2.25
401823511,2025,2025-11-15,2025-11-15 21:00:00+00:00,UC San Diego Tritons,Idaho Vandals,0,0,,,,,False,LionTree Arena,espn,idahovandals::ucsandiegotritons,a0f02ffda3b626ad2886b39881a4beeb,Fanatics,h2h,2h,2025-11-15 21:00:00+00:00,2025-11-15 15:13:20+00:00,UC San Diego Tritons,Idaho Vandals,-300.0,240.0,,,,,,,,2025-11-15,0,76.881195,-3.555826,70.76554,76.881195,-3.4223316,-3.555826,76.881195,-3.555826,,,,,,0.75,0.2941176470588235,0.3756683191393585,0.6243316808606415,-1.0,0.4678032145525755,-0.4991089078141887,1.1227277149261812,0.3333333333333333,2.4
401823511,2025,2025-11-15,2025-11-15 21:00:00+00:00,UC San Diego Tritons,Idaho Vandals,0,0,,,,,False,LionTree Arena,espn,idahovandals::ucsandiegotritons,a0f02ffda3b626ad2886b39881a4beeb,LowVig.ag,h2h,2h,2025-11-15 21:00:00+00:00,2025-11-15 16:52:39+00:00,UC San Diego Tritons,Idaho Vandals,-285.0,234.0,,,,,,,,2025-11-15,0,76.881195,-3.555826,70.76554,76.881195,-3.4223316,-3.555826,76.881195,-3.555826,,,,,,0.7402597402597403,0.2994011976047904,0.3756683191393585,0.6243316808606415,-1.0,0.4637896641344198,-0.4925182355485858,1.0852678140745424,0.3508771929824561,2.34
401823541,2025,2025-11-15,2025-11-16 01:00:00+00:00,Omaha Mavericks,Southern Utah Thunderbirds,0,0,,,,,False,Baxter Arena,espn,omaha::southernutahthunderbirds,6112af91e2a57eed59e11edb70e91332,BetMGM,h2h,2h,2025-11-16 01:00:00+00:00,2025-11-15 16:52:39+00:00,Omaha Mavericks,Southern Utah Thunderbirds,-450.0,340.0,,,,,,,,2025-11-16,1,75.617096,-6.06738,68.60526,75.617096,-7.1546707,-6.06738,75.617096,-6.06738,,,,,,0.8181818181818182,0.2272727272727272,0.2959271396492615,0.7040728603507385,-1.0,0.6170354663362496,-0.6383112737620137,2.097920585543249,0.2222222222222222,3.4
401823541,2025,2025-11-15,2025-11-16 01:00:00+00:00,Omaha Mavericks,Southern Utah Thunderbirds,0,0,,,,,False,Baxter Arena,espn,omaha::southernutahthunderbirds,6112af91e2a57eed59e11edb70e91332,BetOnline.ag,h2h,2h,2025-11-16 01:00:00+00:00,2025-11-15 16:53:18+00:00,Omaha Mavericks,Southern Utah Thunderbirds,-450.0,350.0,,,,,,,,2025-11-16,1,75.617096,-6.06738,68.60526,75.617096,-7.1546707,-6.06738,75.617096,-6.06738,,,,,,0.8181818181818182,0.2222222222222222,0.2959271396492615,0.7040728603507385,-1.0,0.619522249022378,-0.6383112737620137,2.168327871578323,0.2222222222222222,3.5
401823541,2025,2025-11-15,2025-11-16 01:00:00+00:00,Omaha Mavericks,Southern Utah Thunderbirds,0,0,,,,,False,Baxter Arena,espn,omaha::southernutahthunderbirds,6112af91e2a57eed59e11edb70e91332,BetRivers,h2h,2h,2025-11-16 01:00:00+00:00,2025-11-15 16:51:47+00:00,Omaha Mavericks,Southern Utah Thunderbirds,-455.0,310.0,,,,,,,,2025-11-16,1,75.617096,-6.06738,68.60526,75.617096,-7.1546707,-6.06738,75.617096,-6.06738,,,,,,0.8198198198198198,0.2439024390243902,0.2959271396492615,0.7040728603507385,-1.0,0.6086124927219444,-0.639033928559692,1.886698727438028,0.2197802197802197,3.1
401823541,2025,2025-11-15,2025-11-16 01:00:00+00:00,Omaha Mavericks,Southern Utah Thunderbirds,0,0,,,,,False,Baxter Arena,espn,omaha::southernutahthunderbirds,6112af91e2a57eed59e11edb70e91332,BetUS,h2h,2h,2025-11-16 01:00:00+00:00,2025-11-15 16:52:52+00:00,Omaha Mavericks,Southern Utah Thunderbirds,-450.0,355.0,,,,,,,,2025-11-16,1,75.617096,-6.06738,68.60526,75.617096,-7.1546707,-6.06738,75.617096,-6.06738,,,,,,0.8181818181818182,0.2197802197802197,0.2959271396492615,0.7040728603507385,-1.0,0.6207131027030592,-0.6383112737620137,2.20353151459586,0.2222222222222222,3.55
401823541,2025,2025-11-15,2025-11-16 01:00:00+00:00,Omaha Mavericks,Southern Utah Thunderbirds,0,0,,,,,False,Baxter Arena,espn,omaha::southernutahthunderbirds,6112af91e2a57eed59e11edb70e91332,Bovada,h2h,2h,2025-11-16 01:00:00+00:00,2025-11-15 16:53:10+00:00,Omaha Mavericks,Southern Utah Thunderbirds,-460.0,340.0,,,,,,,,2025-11-16,1,75.617096,-6.06738,68.60526,75.617096,-7.1546707,-6.06738,75.617096,-6.06738,,,,,,0.8214285714285714,0.2272727272727272,0.2959271396492615,0.7040728603507385,-1.0,0.6170354663362496,-0.6397408734704642,2.097920585543249,0.217391304347826,3.4
401823541,2025,2025-11-15,2025-11-16 01:00:00+00:00,Omaha Mavericks,Southern Utah Thunderbirds,0,0,,,,,False,Baxter Arena,espn,omaha::southernutahthunderbirds,6112af91e2a57eed59e11edb70e91332,Caesars,h2h,2h,2025-11-16 01:00:00+00:00,2025-11-15 16:51:46+00:00,Omaha Mavericks,Southern Utah Thunderbirds,-480.0,360.0,,,,,,,,2025-11-16,1,75.617096,-6.06738,68.60526,75.617096,-7.1546707,-6.06738,75.617096,-6.06738,,,,,,0.8275862068965517,0.217391304347826,0.2959271396492615,0.7040728603507385,-1.0,0.6218708771148326,-0.642421372923809,2.238735157613397,0.2083333333333333,3.6
401823541,2025,2025-11-15,2025-11-16 01:00:00+00:00,Omaha Mavericks,Southern Utah Thunderbirds,0,0,,,,,False,Baxter Arena,espn,omaha::southernutahthunderbirds,6112af91e2a57eed59e11edb70e91332,DraftKings,h2h,2h,2025-11-16 01:00:00+00:00,2025-11-15 16:52:38+00:00,Omaha Mavericks,Southern Utah Thunderbirds,-440.0,340.0,,,,,,,,2025-11-16,1,75.617096,-6.06738,68.60526,75.617096,-7.1546707,-6.06738,75.617096,-6.06738,,,,,,0.8148148148148148,0.2272727272727272,0.2959271396492615,0.7040728603507385,-1.0,0.6170354663362496,-0.6368166922486336,2.097920585543249,0.2272727272727272,3.4
401823541,2025,2025-11-15,2025-11-16 01:00:00+00:00,Omaha Mavericks,Southern Utah Thunderbirds,0,0,,,,,False,Baxter Arena,espn,omaha::southernutahthunderbirds,6112af91e2a57eed59e11edb70e91332,FanDuel,h2h,2h,2025-11-16 01:00:00+00:00,2025-11-15 16:53:18+00:00,Omaha Mavericks,Southern Utah Thunderbirds,-520.0,370.0,,,,,,,,2025-11-16,1,75.617096,-6.06738,68.60526,75.617096,-7.1546707,-6.06738,75.617096,-6.06738,,,,,,0.8387096774193549,0.2127659574468085,0.2959271396492615,0.7040728603507385,-1.0,0.6240925523374247,-0.6471637950335728,2.3091424436484718,0.1923076923076923,3.7
401823541,2025,2025-11-15,2025-11-16 01:00:00+00:00,Omaha Mavericks,Southern Utah Thunderbirds,0,0,,,,,False,Baxter Arena,espn,omaha::southernutahthunderbirds,6112af91e2a57eed59e11edb70e91332,LowVig.ag,h2h,2h,2025-11-16 01:00:00+00:00,2025-11-15 16:52:39+00:00,Omaha Mavericks,Southern Utah Thunderbirds,-450.0,350.0,,,,,,,,2025-11-16,1,75.617096,-6.06738,68.60526,75.617096,-7.1546707,-6.06738,75.617096,-6.06738,,,,,,0.8181818181818182,0.2222222222222222,0.2959271396492615,0.7040728603507385,-1.0,0.619522249022378,-0.6383112737620137,2.168327871578323,0.2222222222222222,3.5
401823589,2025,2025-11-15,2025-11-16 00:00:00+00:00,UNC Wilmington Seahawks,South Carolina Upstate Spartans,0,0,,,,,False,Trask Coliseum,espn,uncwilmingtonseahawks::uscupstate,960ec9094909bda3c9c11d3379624d67,BetMGM,h2h,2h,2025-11-16 00:00:00+00:00,2025-11-15 16:52:39+00:00,UNC Wilmington Seahawks,South Carolina Upstate Spartans,-1200.0,750.0,,,,,,,,2025-11-16,1,76.89689,3.1021254,70.06069,76.89689,1.4253826,3.1021254,76.89689,3.1021254,,,,,,0.9230769230769232,0.1176470588235294,0.6090119210540873,0.3909880789459127,-1.0,0.3097864894720343,-0.3402370855247387,2.3233986710402577,0.0833333333333333,7.5
401823589,2025,2025-11-15,2025-11-16 00:00:00+00:00,UNC Wilmington Seahawks,South Carolina Upstate Spartans,0,0,,,,,False,Trask Coliseum,espn,uncwilmingtonseahawks::uscupstate,960ec9094909bda3c9c11d3379624d67,BetRivers,h2h,2h,2025-11-16 00:00:00+00:00,2025-11-15 16:51:47+00:00,UNC Wilmington Seahawks,South Carolina Upstate Spartans,-1115.0,575.0,,,,,,,,2025-11-16,1,76.89689,3.1021254,70.06069,76.89689,1.4253826,3.1021254,76.89689,3.1021254,,,,,,0.9176954732510288,0.1481481481481481,0.6090119210540873,0.3909880789459127,-1.0,0.285072962240854,-0.3363681757123622,1.6391695328849107,0.0896860986547085,5.75
401823589,2025,2025-11-15,2025-11-16 00:00:00+00:00,UNC Wilmington Seahawks,South Carolina Upstate Spartans,0,0,,,,,False,Trask Coliseum,espn,uncwilmingtonseahawks::uscupstate,960ec9094909bda3c9c11d3379624d67,Caesars,h2h,2h,2025-11-16 00:00:00+00:00,2025-11-15 16:51:46+00:00,UNC Wilmington Seahawks,South Carolina Upstate Spartans,-1400.0,800.0,,,,,,,,2025-11-16,1,76.89689,3.1021254,70.06069,76.89689,1.4253826,3.1021254,76.89689,3.1021254,,,,,,0.9333333333333332,0.1111111111111111,0.6090119210540873,0.3909880789459127,-1.0,0.3148615888141517,-0.3474872274420493,2.518892710513214,0.0714285714285714,8.0
401823589,2025,2025-11-15,2025-11-16 00:00:00+00:00,UNC Wilmington Seahawks,South Carolina Upstate Spartans,0,0,,,,,False,Trask Coliseum,espn,uncwilmingtonseahawks::uscupstate,960ec9094909bda3c9c11d3379624d67,FanDuel,h2h,2h,2025-11-16 00:00:00+00:00,2025-11-15 16:53:17+00:00,UNC Wilmington Seahawks,South Carolina Upstate Spartans,-1400.0,800.0,,,,,,,,2025-11-16,1,76.89689,3.1021254,70.06069,76.89689,1.4253826,3.1021254,76.89689,3.1021254,,,,,,0.9333333333333332,0.1111111111111111,0.6090119210540873,0.3909880789459127,-1.0,0.3148615888141517,-0.3474872274420493,2.518892710513214,0.0714285714285714,8.0
401823589,2025,2025-11-15,2025-11-16 00:00:00+00:00,UNC Wilmington Seahawks,South Carolina Upstate Spartans,0,0,,,,,False,Trask Coliseum,espn,uncwilmingtonseahawks::uscupstate,960ec9094909bda3c9c11d3379624d67,Fanatics,h2h,2h,2025-11-16 00:00:00+00:00,2025-11-15 15:13:20+00:00,UNC Wilmington Seahawks,South Carolina Upstate Spartans,-1300.0,800.0,,,,,,,,2025-11-16,1,76.89689,3.1021254,70.06069,76.89689,1.4253826,3.1021254,76.89689,3.1021254,,,,,,0.9285714285714286,0.1111111111111111,0.6090119210540873,0.3909880789459127,-1.0,0.3148615888141517,-0.3441410080955983,2.518892710513214,0.0769230769230769,8.0
401823758,2025,2025-11-15,2025-11-16 02:00:00+00:00,Wyoming Cowboys,Portland Pilots,0,0,,,,,False,Arena-Auditorium,espn,portlandpilots::wyoming,0bfc117e86c1a7debf1e63c652170e1c,BetMGM,h2h,2h,2025-11-16 02:00:00+00:00,2025-11-15 16:52:39+00:00,Wyoming Cowboys,Portland Pilots,-625.0,450.0,,,,,,,,2025-11-16,1,76.685715,1.1493758,69.86872,76.685715,-0.30974078,1.1493758,76.685715,1.1493758,,,,,,0.8620689655172413,0.1818181818181818,0.5409571582309503,0.4590428417690497,-1.0,0.3388301399399496,-0.3724896964520977,1.5247356297297734,0.16,4.5
401823758,2025,2025-11-15,2025-11-16 02:00:00+00:00,Wyoming Cowboys,Portland Pilots,0,0,,,,,False,Arena-Auditorium,espn,portlandpilots::wyoming,0bfc117e86c1a7debf1e63c652170e1c,BetOnline.ag,h2h,2h,2025-11-16 02:00:00+00:00,2025-11-15 16:53:18+00:00,Wyoming Cowboys,Portland Pilots,-600.0,446.0,,,,,,,,2025-11-16,1,76.685715,1.1493758,69.86872,76.685715,-0.30974078,1.1493758,76.685715,1.1493758,,,,,,0.8571428571428571,0.1831501831501831,0.5409571582309503,0.4590428417690497,-1.0,0.3377519991163703,-0.3688833153972247,1.5063739160590115,0.1666666666666666,4.46
401823758,2025,2025-11-15,2025-11-16 02:00:00+00:00,Wyoming Cowboys,Portland Pilots,0,0,,,,,False,Arena-Auditorium,espn,portlandpilots::wyoming,0bfc117e86c1a7debf1e63c652170e1c,BetRivers,h2h,2h,2025-11-16 02:00:00+00:00,2025-11-15 16:51:48+00:00,Wyoming Cowboys,Portland Pilots,-625.0,400.0,,,,,,,,2025-11-16,1,76.685715,1.1493758,69.86872,76.685715,-0.30974078,1.1493758,76.685715,1.1493758,,,,,,0.8620689655172413,0.2,0.5409571582309503,0.4590428417690497,-1.0,0.3238035522113122,-0.3724896964520977,1.2952142088452487,0.16,4.0
401823758,2025,2025-11-15,2025-11-16 02:00:00+00:00,Wyoming Cowboys,Portland Pilots,0,0,,,,,False,Arena-Auditorium,espn,portlandpilots::wyoming,0bfc117e86c1a7debf1e63c652170e1c,BetUS,h2h,2h,2025-11-16 02:00:00+00:00,2025-11-15 16:52:52+00:00,Wyoming Cowboys,Portland Pilots,-600.0,450.0,,,,,,,,2025-11-16,1,76.685715,1.1493758,69.86872,76.685715,-0.30974078,1.1493758,76.685715,1.1493758,,,,,,0.8571428571428571,0.1818181818181818,0.5409571582309503,0.4590428417690497,-1.0,0.3388301399399496,-0.3688833153972247,1.5247356297297734,0.1666666666666666,4.5
401823758,2025,2025-11-15,2025-11-16 02:00:00+00:00,Wyoming Cowboys,Portland Pilots,0,0,,,,,False,Arena-Auditorium,espn,portlandpilots::wyoming,0bfc117e86c1a7debf1e63c652170e1c,Bovada,h2h,2h,2025-11-16 02:00:00+00:00,2025-11-15 16:53:10+00:00,Wyoming Cowboys,Portland Pilots,-600.0,425.0,,,,,,,,2025-11-16,1,76.685715,1.1493758,69.86872,76.685715,-0.30974078,1.1493758,76.685715,1.1493758,,,,,,0.8571428571428571,0.1904761904761904,0.5409571582309503,0.4590428417690497,-1.0,0.3317588045382379,-0.3688833153972247,1.409974919287511,0.1666666666666666,4.25
401823758,2025,2025-11-15,2025-11-16 02:00:00+00:00,Wyoming Cowboys,Portland Pilots,0,0,,,,,False,Arena-Auditorium,espn,portlandpilots::wyoming,0bfc117e86c1a7debf1e63c652170e1c,Caesars,h2h,2h,2025-11-16 02:00:00+00:00,2025-11-15 16:51:47+00:00,Wyoming Cowboys,Portland Pilots,-550.0,400.0,,,,,,,,2025-11-16,1,76.685715,1.1493758,69.86872,76.685715,-0.30974078,1.1493758,76.685715,1.1493758,,,,,,0.8461538461538461,0.2,0.5409571582309503,0.4590428417690497,-1.0,0.3238035522113122,-0.3606869948179679,1.2952142088452487,0.1818181818181818,4.0
401823758,2025,2025-11-15,2025-11-16 02:00:00+00:00,Wyoming Cowboys,Portland Pilots,0,0,,,,,False,Arena-Auditorium,espn,portlandpilots::wyoming,0bfc117e86c1a7debf1e63c652170e1c,DraftKings,h2h,2h,2025-11-16 02:00:00+00:00,2025-11-15 16:52:38+00:00,Wyoming Cowboys,Portland Pilots,-625.0,455.0,,,,,,,,2025-11-16,1,76.685715,1.1493758,69.86872,76.685715,-0.30974078,1.1493758,76.685715,1.1493758,,,,,,0.8620689655172413,0.1801801801801801,0.5409571582309503,0.4590428417690497,-1.0,0.3401511586413683,-0.3724896964520977,1.547687771818226,0.16,4.55
401823758,2025,2025-11-15,2025-11-16 02:00:00+00:00,Wyoming Cowboys,Portland Pilots,0,0,,,,,False,Arena-Auditorium,espn,portlandpilots::wyoming,0bfc117e86c1a7debf1e63c652170e1c,FanDuel,h2h,2h,2025-11-16 02:00:00+00:00,2025-11-15 16:53:17+00:00,Wyoming Cowboys,Portland Pilots,-780.0,530.0,,,,,,,,2025-11-16,1,76.685715,1.1493758,69.86872,76.685715,-0.30974078,1.1493758,76.685715,1.1493758,,,,,,0.8863636363636364,0.1587301587301587,0.5409571582309503,0.4590428417690497,-1.0,0.3569754534235874,-0.3896893599445689,1.8919699031450132,0.1282051282051282,5.3
401823758,2025,2025-11-15,2025-11-16 02:00:00+00:00,Wyoming Cowboys,Portland Pilots,0,0,,,,,False,Arena-Auditorium,espn,portlandpilots::wyoming,0bfc117e86c1a7debf1e63c652170e1c,LowVig.ag,h2h,2h,2025-11-16 02:00:00+00:00,2025-11-15 16:52:39+00:00,Wyoming Cowboys,Portland Pilots,-600.0,446.0,,,,,,,,2025-11-16,1,76.685715,1.1493758,69.86872,76.685715,-0.30974078,1.1493758,76.685715,1.1493758,,,,,,0.8571428571428571,0.1831501831501831,0.5409571582309503,0.4590428417690497,-1.0,0.3377519991163703,-0.3688833153972247,1.5063739160590115,0.1666666666666666,4.46
401823816,2025,2025-11-15,2025-11-15 21:00:00+00:00,Boise State Broncos,Montana State Bobcats,0,0,,,,,False,ExtraMile Arena,espn,boisestate::montanastate,f30b268b251b3d02abd0154ca3cb8f17,BetMGM,h2h,2h,2025-11-15 21:00:00+00:00,2025-11-15 16:52:39+00:00,Boise State Broncos,Montana St Bobcats,-2500.0,1050.0,,,,,,,,2025-11-15,0,77.54577,3.9852037,71.21399,77.54577,3.0460541,3.9852037,77.54577,3.9852037,,,,,,0.9615384615384616,0.0869565217391304,0.6386050570936536,0.3613949429063464,-1.0,0.3005754136593318,-0.3358507406226003,3.156041843422984,0.04,10.5
401823816,2025,2025-11-15,2025-11-15 21:00:00+00:00,Boise State Broncos,Montana State Bobcats,0,0,,,,,False,ExtraMile Arena,espn,boisestate::montanastate,f30b268b251b3d02abd0154ca3cb8f17,BetOnline.ag,h2h,2h,2025-11-15 21:00:00+00:00,2025-11-15 16:53:18+00:00,Boise State Broncos,Montana St Bobcats,-2400.0,1136.0,,,,,,,,2025-11-15,0,77.54577,3.9852037,71.21399,77.54577,3.0460541,3.9852037,77.54577,3.9852037,,,,,,0.96,0.0809061488673139,0.6386050570936536,0.3613949429063464,-1.0,0.3051797090072572,-0.3347863988607775,3.466841494322442,0.0416666666666666,11.36
401823816,2025,2025-11-15,2025-11-15 21:00:00+00:00,Boise State Broncos,Montana State Bobcats,0,0,,,,,False,ExtraMile Arena,espn,boisestate::montanastate,f30b268b251b3d02abd0154ca3cb8f17,BetRivers,h2h,2h,2025-11-15 21:00:00+00:00,2025-11-15 16:51:47+00:00,Boise State Broncos,Montana St Bobcats,-2500.0,800.0,,,,,,,,2025-11-15,0,77.54577,3.9852037,71.21399,77.54577,3.0460541,3.9852037,77.54577,3.9852037,,,,,,0.9615384615384616,0.1111111111111111,0.6386050570936536,0.3613949429063464,-1.0,0.2815693107696397,-0.3358507406226003,2.252554486157118,0.04,8.0
401823816,2025,2025-11-15,2025-11-15 21:00:00+00:00,Boise State Broncos,Montana State Bobcats,0,0,,,,,False,ExtraMile Arena,espn,boisestate::montanastate,f30b268b251b3d02abd0154ca3cb8f17,BetUS,h2h,2h,2025-11-15 21:00:00+00:00,2025-11-15 16:52:52+00:00,Boise State Broncos,Montana St Bobcats,-2400.0,1150.0,,,,,,,,2025-11-15,0,77.54577,3.9852037,71.21399,77.54577,3.0460541,3.9852037,77.54577,3.9852037,,,,,,0.96,0.08,0.6386050570936536,0.3613949429063464,-1.0,0.3058640683764635,-0.3347863988607775,3.5174367863293305,0.0416666666666666,11.5
401823816,2025,2025-11-15,2025-11-15 21:00:00+00:00,Boise State Broncos,Montana State Bobcats,0,0,,,,,False,ExtraMile Arena,espn,boisestate::montanastate,f30b268b251b3d02abd0154ca3cb8f17,Bovada,h2h,2h,2025-11-15 21:00:00+00:00,2025-11-15 16:53:10+00:00,Boise State Broncos,Montana St Bobcats,-1800.0,850.0,,,,,,,,2025-11-15,0,77.54577,3.9852037,71.21399,77.54577,3.0460541,3.9852037,77.54577,3.9852037,,,,,,0.9473684210526316,0.1052631578947368,0.6386050570936536,0.3613949429063464,-1.0,0.286264936189446,-0.3259168841789212,2.433251957610292,0.0555555555555555,8.5
401823816,2025,2025-11-15,2025-11-15 21:00:00+00:00,Boise State Broncos,Montana State Bobcats,0,0,,,,,False,ExtraMile Arena,espn,boisestate::montanastate,f30b268b251b3d02abd0154ca3cb8f17,Caesars,h2h,2h,2025-11-15 21:00:00+00:00,2025-11-15 16:51:46+00:00,Boise State Broncos,Montana St Bobcats,-2000.0,1050.0,,,,,,,,2025-11-15,0,77.54577,3.9852037,71.21399,77.54577,3.0460541,3.9852037,77.54577,3.9852037,,,,,,0.9523809523809524,0.0869565217391304,0.6386050570936536,0.3613949429063464,-1.0,0.3005754136593318,-0.3294646900516638,3.156041843422984,0.05,10.5
401823816,2025,2025-11-15,2025-11-15 21:00:00+00:00,Boise State Broncos,Montana State Bobcats,0,0,,,,,False,ExtraMile Arena,espn,boisestate::montanastate,f30b268b251b3d02abd0154ca3cb8f17,DraftKings,h2h,2h,2025-11-15 21:00:00+00:00,2025-11-15 16:52:38+00:00,Boise State Broncos,Montana St Bobcats,-2100.0,1100.0,,,,,,,,2025-11-15,0,77.54577,3.9852037,71.21399,77.54577,3.0460541,3.9852037,77.54577,3.9852037,,,,,,0.9545454545454546,0.0833333333333333,0.6386050570936536,0.3613949429063464,-1.0,0.3033399377160143,-0.3309851782828391,3.3367393148761573,0.0476190476190476,11.0
401823816,2025,2025-11-15,2025-11-15 21:00:00+00:00,Boise State Broncos,Montana State Bobcats,0,0,,,,,False,ExtraMile Arena,espn,boisestate::montanastate,f30b268b251b3d02abd0154ca3cb8f17,FanDuel,h2h,2h,2025-11-15 21:00:00+00:00,2025-11-15 16:53:17+00:00,Boise State Broncos,Montana St Bobcats,-2800.0,1160.0,,,,,,,,2025-11-15,0,77.54577,3.9852037,71.21399,77.54577,3.0460541,3.9852037,77.54577,3.9852037,,,,,,0.9655172413793104,0.0793650793650793,0.6386050570936536,0.3613949429063464,-1.0,0.3063427828120659,-0.3385876194387159,3.553576280619965,0.0357142857142857,11.6
401823816,2025,2025-11-15,2025-11-15 21:00:00+00:00,Boise State Broncos,Montana State Bobcats,0,0,,,,,False,ExtraMile Arena,espn,boisestate::montanastate,f30b268b251b3d02abd0154ca3cb8f17,Fanatics,h2h,2h,2025-11-15 21:00:00+00:00,2025-11-15 15:13:20+00:00,Boise State Broncos,Montana St Bobcats,-1800.0,1050.0,,,,,,,,2025-11-15,0,77.54577,3.9852037,71.21399,77.54577,3.0460541,3.9852037,77.54577,3.9852037,,,,,,0.9473684210526316,0.0869565217391304,0.6386050570936536,0.3613949429063464,-1.0,0.3005754136593318,-0.3259168841789212,3.156041843422984,0.0555555555555555,10.5
401823816,2025,2025-11-15,2025-11-15 21:00:00+00:00,Boise State Broncos,Montana State Bobcats,0,0,,,,,False,ExtraMile Arena,espn,boisestate::montanastate,f30b268b251b3d02abd0154ca3cb8f17,LowVig.ag,h2h,2h,2025-11-15 21:00:00+00:00,2025-11-15 16:52:39+00:00,Boise State Broncos,Montana St Bobcats,-2400.0,1136.0,,,,,,,,2025-11-15,0,77.54577,3.9852037,71.21399,77.54577,3.0460541,3.9852037,77.54577,3.9852037,,,,,,0.96,0.0809061488673139,0.6386050570936536,0.3613949429063464,-1.0,0.3051797090072572,-0.3347863988607775,3.466841494322442,0.0416666666666666,11.36
401824120,2025,2025-11-15,2025-11-16 00:00:00+00:00,Santa Clara Broncos,Nevada Wolf Pack,0,0,,,,,False,Leavey Center,espn,nevadawolfpack::santaclara,bf90b92b8a5ed41da8baf2094720c89c,BetMGM,h2h,2h,2025-11-16 00:00:00+00:00,2025-11-15 16:52:39+00:00,Santa Clara Broncos,Nevada Wolf Pack,-295.0,230.0,,,,,,,,2025-11-16,1,76.61781,-9.8659115,70.95477,76.61781,-8.391899,-9.8659115,76.61781,-9.8659115,,,,,,0.7468354430379747,0.303030303030303,0.1963261961077155,0.8036738038922845,-1.0,0.7183145881932778,-0.7371225509744148,1.6521235528445386,0.3389830508474576,2.3
401824120,2025,2025-11-15,2025-11-16 00:00:00+00:00,Santa Clara Broncos,Nevada Wolf Pack,0,0,,,,,False,Leavey Center,espn,nevadawolfpack::santaclara,bf90b92b8a5ed41da8baf2094720c89c,BetOnline.ag,h2h,2h,2025-11-16 00:00:00+00:00,2025-11-15 16:53:18+00:00,Santa Clara Broncos,Nevada Wolf Pack,-290.0,237.0,,,,,,,,2025-11-16,1,76.61781,-9.8659115,70.95477,76.61781,-8.391899,-9.8659115,76.61781,-9.8659115,,,,,,0.7435897435897436,0.2967359050445103,0.1963261961077155,0.8036738038922845,-1.0,0.7208357464628686,-0.7359751155792791,1.7083807191169988,0.3448275862068966,2.37
401824120,2025,2025-11-15,2025-11-16 00:00:00+00:00,Santa Clara Broncos,Nevada Wolf Pack,0,0,,,,,False,Leavey Center,espn,nevadawolfpack::santaclara,bf90b92b8a5ed41da8baf2094720c89c,BetRivers,h2h,2h,2025-11-16 00:00:00+00:00,2025-11-15 16:51:47+00:00,Santa Clara Broncos,Nevada Wolf Pack,-295.0,215.0,,,,,,,,2025-11-16,1,76.61781,-9.8659115,70.95477,76.61781,-8.391899,-9.8659115,76.61781,-9.8659115,,,,,,0.7468354430379747,0.3174603174603174,0.1963261961077155,0.8036738038922845,-1.0,0.7123592940747423,-0.7371225509744148,1.531572482260696,0.3389830508474576,2.15
401824120,2025,2025-11-15,2025-11-16 00:00:00+00:00,Santa Clara Broncos,Nevada Wolf Pack,0,0,,,,,False,Leavey Center,espn,nevadawolfpack::santaclara,bf90b92b8a5ed41da8baf2094720c89c,BetUS,h2h,2h,2025-11-16 00:00:00+00:00,2025-11-15 16:52:52+00:00,Santa Clara Broncos,Nevada Wolf Pack,-290.0,240.0,,,,,,,,2025-11-16,1,76.61781,-9.8659115,70.95477,76.61781,-8.391899,-9.8659115,76.61781,-9.8659115,,,,,,0.7435897435897436,0.2941176470588235,0.1963261961077155,0.8036738038922845,-1.0,0.7218712221807363,-0.7359751155792791,1.732490933233767,0.3448275862068966,2.4
401824120,2025,2025-11-15,2025-11-16 00:00:00+00:00,Santa Clara Broncos,Nevada Wolf Pack,0,0,,,,,False,Leavey Center,espn,nevadawolfpack::santaclara,bf90b92b8a5ed41da8baf2094720c89c,Bovada,h2h,2h,2025-11-16 00:00:00+00:00,2025-11-15 16:53:10+00:00,Santa Clara Broncos,Nevada Wolf Pack,-290.0,240.0,,,,,,,,2025-11-16,1,76.61781,-9.8659115,70.95477,76.61781,-8.391899,-9.8659115,76.61781,-9.8659115,,,,,,0.7435897435897436,0.2941176470588235,0.1963261961077155,0.8036738038922845,-1.0,0.7218712221807363,-0.7359751155792791,1.732490933233767,0.3448275862068966,2.4
401824120,2025,2025-11-15,2025-11-16 00:00:00+00:00,Santa Clara Broncos,Nevada Wolf Pack,0,0,,,,,False,Leavey Center,espn,nevadawolfpack::santaclara,bf90b92b8a5ed41da8baf2094720c89c,Caesars,h2h,2h,2025-11-16 00:00:00+00:00,2025-11-15 16:51:46+00:00,Santa Clara Broncos,Nevada Wolf Pack,-305.0,240.0,,,,,,,,2025-11-16,1,76.61781,-9.8659115,70.95477,76.61781,-8.391899,-9.8659115,76.61781,-9.8659115,,,,,,0.7530864197530864,0.2941176470588235,0.1963261961077155,0.8036738038922845,-1.0,0.7218712221807363,-0.7393045592668039,1.732490933233767,0.3278688524590163,2.4
401824120,2025,2025-11-15,2025-11-16 00:00:00+00:00,Santa Clara Broncos,Nevada Wolf Pack,0,0,,,,,False,Leavey Center,espn,nevadawolfpack::santaclara,bf90b92b8a5ed41da8baf2094720c89c,DraftKings,h2h,2h,2025-11-16 00:00:00+00:00,2025-11-15 16:52:38+00:00,Santa Clara Broncos,Nevada Wolf Pack,-290.0,235.0,,,,,,,,2025-11-16,1,76.61781,-9.8659115,70.95477,76.61781,-8.391899,-9.8659115,76.61781,-9.8659115,,,,,,0.7435897435897436,0.2985074626865671,0.1963261961077155,0.8036738038922845,-1.0,0.7201307417187885,-0.7359751155792791,1.6923072430391533,0.3448275862068966,2.35
401824120,2025,2025-11-15,2025-11-16 00:00:00+00:00,Santa Clara Broncos,Nevada Wolf Pack,0,0,,,,,False,Leavey Center,espn,nevadawolfpack::santaclara,bf90b92b8a5ed41da8baf2094720c89c,FanDuel,h2h,2h,2025-11-16 00:00:00+00:00,2025-11-15 16:53:17+00:00,Santa Clara Broncos,Nevada Wolf Pack,-345.0,270.0,,,,,,,,2025-11-16,1,76.61781,-9.8659115,70.95477,76.61781,-8.391899,-9.8659115,76.61781,-9.8659115,,,,,,0.7752808988764045,0.2702702702702703,0.1963261961077155,0.8036738038922845,-1.0,0.730960397926464,-0.7467676600929467,1.9735930744014527,0.2898550724637681,2.7
401824120,2025,2025-11-15,2025-11-16 00:00:00+00:00,Santa Clara Broncos,Nevada Wolf Pack,0,0,,,,,False,Leavey Center,espn,nevadawolfpack::santaclara,bf90b92b8a5ed41da8baf2094720c89c,LowVig.ag,h2h,2h,2025-11-16 00:00:00+00:00,2025-11-15 16:52:39+00:00,Santa Clara Broncos,Nevada Wolf Pack,-290.0,237.0,,,,,,,,2025-11-16,1,76.61781,-9.8659115,70.95477,76.61781,-8.391899,-9.8659115,76.61781,-9.8659115,,,,,,0.7435897435897436,0.2967359050445103,0.1963261961077155,0.8036738038922845,-1.0,0.7208357464628686,-0.7359751155792791,1.7083807191169988,0.3448275862068966,2.37
401824358,2025,2025-11-15,2025-11-15 18:00:00+00:00,Boston University Terriers,Merrimack Warriors,0,0,,,,,False,Case Gym,espn,boston::merrimack,bd0e0b0d9a9217a926c2aa6b43ae81e1,BetMGM,h2h,2h,2025-11-15 18:00:00+00:00,2025-11-15 16:52:38+00:00,Boston Univ. Terriers,Merrimack Warriors,-160.0,135.0,,,,,,,,2025-11-15,0,76.68394,2.431029,69.72365,76.68394,0.6159005,2.431029,76.68394,2.431029,,,,,,0.6153846153846154,0.425531914893617,0.5859602224248686,0.4140397775751314,-0.0765034216953417,-0.0200048316284748,-0.0478146385595885,-0.027006522698441,0.625,1.35
401824358,2025,2025-11-15,2025-11-15 18:00:00+00:00,Boston University Terriers,Merrimack Warriors,0,0,,,,,False,Case Gym,espn,boston::merrimack,bd0e0b0d9a9217a926c2aa6b43ae81e1,BetRivers,h2h,2h,2025-11-15 18:00:00+00:00,2025-11-15 16:51:46+00:00,Boston Univ. Terriers,Merrimack Warriors,-162.0,130.0,,,,,,,,2025-11-15,0,76.68394,2.431029,69.72365,76.68394,0.6159005,2.431029,76.68394,2.431029,,,,,,0.6183206106870229,0.4347826086956521,0.5859602224248686,0.4140397775751314,-0.0847842172468443,-0.0366988550593828,-0.0523359365721261,-0.0477085115771976,0.6172839506172839,1.3
401824358,2025,2025-11-15,2025-11-15 18:00:00+00:00,Boston University Terriers,Merrimack Warriors,0,0,,,,,False,Case Gym,espn,boston::merrimack,bd0e0b0d9a9217a926c2aa6b43ae81e1,Bovada,h2h,2h,2025-11-15 18:00:00+00:00,2025-11-15 16:53:10+00:00,Boston Univ. Terriers,Merrimack Warriors,-150.0,130.0,,,,,,,,2025-11-15,0,76.68394,2.431029,69.72365,76.68394,0.6159005,2.431029,76.68394,2.431029,,,,,,0.6,0.4347826086956521,0.5859602224248686,0.4140397775751314,-0.0350994439378286,-0.0366988550593828,-0.0233996292918857,-0.0477085115771976,0.6666666666666666,1.3
401824358,2025,2025-11-15,2025-11-15 18:00:00+00:00,Boston University Terriers,Merrimack Warriors,0,0,,,,,False,Case Gym,espn,boston::merrimack,bd0e0b0d9a9217a926c2aa6b43ae81e1,Caesars,h2h,2h,2025-11-15 18:00:00+00:00,2025-11-15 16:51:46+00:00,Boston Univ. Terriers,Merrimack Warriors,-165.0,140.0,,,,,,,,2025-11-15,0,76.68394,2.431029,69.72365,76.68394,0.6159005,2.431029,76.68394,2.431029,,,,,,0.6226415094339622,0.4166666666666667,0.5859602224248686,0.4140397775751314,-0.0972054105740983,-0.0045032384426318,-0.058912370044908,-0.0063045338196845,0.6060606060606061,1.4
401824358,2025,2025-11-15,2025-11-15 18:00:00+00:00,Boston University Terriers,Merrimack Warriors,0,0,,,,,False,Case Gym,espn,boston::merrimack,bd0e0b0d9a9217a926c2aa6b43ae81e1,DraftKings,h2h,2h,2025-11-15 18:00:00+00:00,2025-11-15 16:52:38+00:00,Boston Univ. Terriers,Merrimack Warriors,-162.0,136.0,,,,,,,,2025-11-15,0,76.68394,2.431029,69.72365,76.68394,0.6159005,2.431029,76.68394,2.431029,,,,,,0.6183206106870229,0.423728813559322,0.5859602224248686,0.4140397775751314,-0.0847842172468443,-0.0168133271490366,-0.0523359365721261,-0.0228661249226898,0.6172839506172839,1.36
401824358,2025,2025-11-15,2025-11-15 18:00:00+00:00,Boston University Terriers,Merrimack Warriors,0,0,,,,,False,Case Gym,espn,boston::merrimack,bd0e0b0d9a9217a926c2aa6b43ae81e1,FanDuel,h2h,2h,2025-11-15 18:00:00+00:00,2025-11-15 16:53:18+00:00,Boston Univ. Terriers,Merrimack Warriors,-150.0,122.0,,,,,,,,2025-11-15,0,76.68394,2.431029,69.72365,76.68394,0.6159005,2.431029,76.68394,2.431029,,,,,,0.6,0.4504504504504504,0.5859602224248686,0.4140397775751314,-0.0350994439378286,-0.0662554867075477,-0.0233996292918857,-0.0808316937832082,0.6666666666666666,1.22
401824358,2025,2025-11-15,2025-11-15 18:00:00+00:00,Boston University Terriers,Merrimack Warriors,0,0,,,,,False,Case Gym,espn,boston::merrimack,bd0e0b0d9a9217a926c2aa6b43ae81e1,Fanatics,h2h,2h,2025-11-15 18:00:00+00:00,2025-11-15 15:13:20+00:00,Boston Univ. Terriers,Merrimack Warriors,-200.0,165.0,,,,,,,,2025-11-15,0,76.68394,2.431029,69.72365,76.68394,0.6159005,2.431029,76.68394,2.431029,,,,,,0.6666666666666666,0.3773584905660377,0.5859602224248686,0.4140397775751314,-0.2421193327253943,0.058912370044908,-0.1210596663626971,0.0972054105740982,0.5,1.65
401824887,2025,2025-11-15,2025-11-15 20:00:00+00:00,North Alabama Lions,East Tennessee State Buccaneers,0,0,,,,,False,Flowers Hall,espn,easttennesseestate::northalabama,891bcf5217203e1c7d6522fbc40164b2,BetMGM,h2h,2h,2025-11-15 20:00:00+00:00,2025-11-15 16:52:39+00:00,North Alabama Lions,East Tennessee St Buccaneers,-110.0,-110.0,,,,,,,,2025-11-15,0,76.900345,3.1107883,70.06641,76.900345,1.4369022,3.1107883,76.900345,3.1107883,,,,,,0.5238095238095238,0.5238095238095238,0.609306563919634,0.390693436080366,0.1795437842312314,-0.2795437842312314,0.1632216220283922,-0.2541307129374831,0.9090909090909092,0.9090909090909092
401824887,2025,2025-11-15,2025-11-15 20:00:00+00:00,North Alabama Lions,East Tennessee State Buccaneers,0,0,,,,,False,Flowers Hall,espn,easttennesseestate::northalabama,891bcf5217203e1c7d6522fbc40164b2,BetRivers,h2h,2h,2025-11-15 20:00:00+00:00,2025-11-15 16:51:47+00:00,North Alabama Lions,East Tennessee St Buccaneers,-115.0,-108.0,,,,,,,,2025-11-15,0,76.900345,3.1107883,70.06641,76.900345,1.4369022,3.1107883,76.900345,3.1107883,,,,,,0.5348837209302325,0.5192307692307693,0.609306563919634,0.390693436080366,0.1600091124272131,-0.2673576529528387,0.1391383586323592,-0.2475533823637395,0.8695652173913043,0.925925925925926
401824887,2025,2025-11-15,2025-11-15 20:00:00+00:00,North Alabama Lions,East Tennessee State Buccaneers,0,0,,,,,False,Flowers Hall,espn,easttennesseestate::northalabama,891bcf5217203e1c7d6522fbc40164b2,Bovada,h2h,2h,2025-11-15 20:00:00+00:00,2025-11-15 16:53:10+00:00,North Alabama Lions,East Tennessee St Buccaneers,-115.0,-105.0,,,,,,,,2025-11-15,0,76.900345,3.1107883,70.06641,76.900345,1.4369022,3.1107883,76.900345,3.1107883,,,,,,0.5348837209302325,0.5121951219512195,0.609306563919634,0.390693436080366,0.1600091124272131,-0.2490784560352497,0.1391383586323592,-0.2372175771764283,0.8695652173913043,0.9523809523809524
401824887,2025,2025-11-15,2025-11-15 20:00:00+00:00,North Alabama Lions,East Tennessee State Buccaneers,0,0,,,,,False,Flowers Hall,espn,easttennesseestate::northalabama,891bcf5217203e1c7d6522fbc40164b2,Caesars,h2h,2h,2025-11-15 20:00:00+00:00,2025-11-15 16:51:46+00:00,North Alabama Lions,East Tennessee St Buccaneers,-115.0,-105.0,,,,,,,,2025-11-15,0,76.900345,3.1107883,70.06641,76.900345,1.4369022,3.1107883,76.900345,3.1107883,,,,,,0.5348837209302325,0.5121951219512195,0.609306563919634,0.390693436080366,0.1600091124272131,-0.2490784560352497,0.1391383586323592,-0.2372175771764283,0.8695652173913043,0.9523809523809524
401824887,2025,2025-11-15,2025-11-15 20:00:00+00:00,North Alabama Lions,East Tennessee State Buccaneers,0,0,,,,,False,Flowers Hall,espn,easttennesseestate::northalabama,891bcf5217203e1c7d6522fbc40164b2,DraftKings,h2h,2h,2025-11-15 20:00:00+00:00,2025-11-15 16:52:38+00:00,North Alabama Lions,East Tennessee St Buccaneers,-115.0,-105.0,,,,,,,,2025-11-15,0,76.900345,3.1107883,70.06641,76.900345,1.4369022,3.1107883,76.900345,3.1107883,,,,,,0.5348837209302325,0.5121951219512195,0.609306563919634,0.390693436080366,0.1600091124272131,-0.2490784560352497,0.1391383586323592,-0.2372175771764283,0.8695652173913043,0.9523809523809524
401824887,2025,2025-11-15,2025-11-15 20:00:00+00:00,North Alabama Lions,East Tennessee State Buccaneers,0,0,,,,,False,Flowers Hall,espn,easttennesseestate::northalabama,891bcf5217203e1c7d6522fbc40164b2,FanDuel,h2h,2h,2025-11-15 20:00:00+00:00,2025-11-15 16:53:18+00:00,North Alabama Lions,East Tennessee St Buccaneers,-118.0,-104.0,,,,,,,,2025-11-15,0,76.900345,3.1107883,70.06641,76.900345,1.4369022,3.1107883,76.900345,3.1107883,,,,,,0.5412844036697247,0.5098039215686274,0.609306563919634,0.390693436080366,0.1482883093448021,-0.2429853903960533,0.1256680587667814,-0.2336397984577436,0.847457627118644,0.9615384615384616
401824887,2025,2025-11-15,2025-11-15 20:00:00+00:00,North Alabama Lions,East Tennessee State Buccaneers,0,0,,,,,False,Flowers Hall,espn,easttennesseestate::northalabama,891bcf5217203e1c7d6522fbc40164b2,Fanatics,h2h,2h,2025-11-15 20:00:00+00:00,2025-11-15 15:13:20+00:00,North Alabama Lions,East Tennessee St Buccaneers,-115.0,-105.0,,,,,,,,2025-11-15,0,76.900345,3.1107883,70.06641,76.900345,1.4369022,3.1107883,76.900345,3.1107883,,,,,,0.5348837209302325,0.5121951219512195,0.609306563919634,0.390693436080366,0.1600091124272131,-0.2490784560352497,0.1391383586323592,-0.2372175771764283,0.8695652173913043,0.9523809523809524
401824898,2025,2025-11-15,2025-11-16 04:59:00+00:00,Hawai'i Rainbow Warriors,Utah Tech Trailblazers,0,0,,,,,False,Stan Sheriff Center,espn,hawaiirainbow::utahtechtrailblazers,8de0ad5085746ff41bf2599e0bc65a1f,BetMGM,h2h,2h,2025-11-16 05:00:00+00:00,2025-11-15 16:52:39+00:00,Hawai'i Rainbow Warriors,Utah Tech Trailblazers,-2500.0,1050.0,,,,,,,,2025-11-16,1,76.73019,3.26933,69.72026,76.73019,1.2932417,3.26933,76.73019,3.26933,,,,,,0.9615384615384616,0.0869565217391304,0.6146846170099433,0.3853153829900567,-1.0,0.3267739908938716,-0.360727998309659,3.4311269043856525,0.04,10.5
401824898,2025,2025-11-15,2025-11-16 04:59:00+00:00,Hawai'i Rainbow Warriors,Utah Tech Trailblazers,0,0,,,,,False,Stan Sheriff Center,espn,hawaiirainbow::utahtechtrailblazers,8de0ad5085746ff41bf2599e0bc65a1f,BetRivers,h2h,2h,2025-11-16 05:00:00+00:00,2025-11-15 16:51:48+00:00,Hawai'i Rainbow Warriors,Utah Tech Trailblazers,-1667.0,750.0,,,,,,,,2025-11-16,1,76.73019,3.26933,69.72026,76.73019,1.2932417,3.26933,76.73019,3.26933,,,,,,0.9434069043576684,0.1176470588235294,0.6146846170099433,0.3853153829900567,-1.0,0.3033574340553976,-0.3484416807099161,2.2751807554154824,0.05998800239952,7.5
401824898,2025,2025-11-15,2025-11-16 04:59:00+00:00,Hawai'i Rainbow Warriors,Utah Tech Trailblazers,0,0,,,,,False,Stan Sheriff Center,espn,hawaiirainbow::utahtechtrailblazers,8de0ad5085746ff41bf2599e0bc65a1f,BetUS,h2h,2h,2025-11-16 05:00:00+00:00,2025-11-15 16:52:52+00:00,Hawai'i Rainbow Warriors,Utah Tech Trailblazers,-2400.0,1150.0,,,,,,,,2025-11-16,1,76.73019,3.26933,69.72026,76.73019,1.2932417,3.26933,76.73019,3.26933,,,,,,0.96,0.08,0.6146846170099433,0.3853153829900567,-1.0,0.3318645467283225,-0.3597035239479758,3.816442287375709,0.0416666666666666,11.5
401824898,2025,2025-11-15,2025-11-16 04:59:00+00:00,Hawai'i Rainbow Warriors,Utah Tech Trailblazers,0,0,,,,,False,Stan Sheriff Center,espn,hawaiirainbow::utahtechtrailblazers,8de0ad5085746ff41bf2599e0bc65a1f,Caesars,h2h,2h,2025-11-16 05:00:00+00:00,2025-11-15 16:51:47+00:00,Hawai'i Rainbow Warriors,Utah Tech Trailblazers,-2000.0,1050.0,,,,,,,,2025-11-16,1,76.73019,3.26933,69.72026,76.73019,1.2932417,3.26933,76.73019,3.26933,,,,,,0.9523809523809524,0.0869565217391304,0.6146846170099433,0.3853153829900567,-1.0,0.3267739908938716,-0.3545811521395596,3.4311269043856525,0.05,10.5
401824898,2025,2025-11-15,2025-11-16 04:59:00+00:00,Hawai'i Rainbow Warriors,Utah Tech Trailblazers,0,0,,,,,False,Stan Sheriff Center,espn,hawaiirainbow::utahtechtrailblazers,8de0ad5085746ff41bf2599e0bc65a1f,DraftKings,h2h,2h,2025-11-16 05:00:00+00:00,2025-11-15 16:52:38+00:00,Hawai'i Rainbow Warriors,Utah Tech Trailblazers,-2100.0,1100.0,,,,,,,,2025-11-16,1,76.73019,3.26933,69.72026,76.73019,1.2932417,3.26933,76.73019,3.26933,,,,,,0.9545454545454546,0.0833333333333333,0.6146846170099433,0.3853153829900567,-1.0,0.3294349632618801,-0.3560446869419642,3.623784595880682,0.0476190476190476,11.0
401824898,2025,2025-11-15,2025-11-16 04:59:00+00:00,Hawai'i Rainbow Warriors,Utah Tech Trailblazers,0,0,,,,,False,Stan Sheriff Center,espn,hawaiirainbow::utahtechtrailblazers,8de0ad5085746ff41bf2599e0bc65a1f,FanDuel,h2h,2h,2025-11-16 05:00:00+00:00,2025-11-15 16:53:18+00:00,Hawai'i Rainbow Warriors,Utah Tech Trailblazers,-2800.0,1160.0,,,,,,,,2025-11-16,1,76.73019,3.26933,69.72026,76.73019,1.2932417,3.26933,76.73019,3.26933,,,,,,0.9655172413793104,0.0793650793650793,0.6146846170099433,0.3853153829900567,-1.0,0.3323253297995444,-0.3633623609539873,3.8549738256747146,0.0357142857142857,11.6
401826044,2025,2025-11-15,2025-11-15 22:00:00+00:00,UC Riverside Highlanders,North Dakota Fighting Hawks,0,0,,,,,False,SRC Arena,espn,californiariverside::northdakotafighting,a22e044912e5f67f8234debac9935a6a,BetMGM,h2h,2h,2025-11-15 22:00:00+00:00,2025-11-15 16:52:39+00:00,UC Riverside Highlanders,North Dakota Fighting Hawks,-180.0,145.0,,,,,,,,2025-11-15,0,76.4402,0.46737027,69.47061,76.4402,-1.1753154,0.46737027,76.4402,0.46737027,,,,,,0.6428571428571429,0.4081632653061224,0.516685597317734,0.483314402682266,-0.3532803275103447,0.1269795079803804,-0.1962668486168582,0.1841202865715516,0.5555555555555556,1.45
401826044,2025,2025-11-15,2025-11-15 22:00:00+00:00,UC Riverside Highlanders,North Dakota Fighting Hawks,0,0,,,,,False,SRC Arena,espn,californiariverside::northdakotafighting,a22e044912e5f67f8234debac9935a6a,BetOnline.ag,h2h,2h,2025-11-15 22:00:00+00:00,2025-11-15 16:53:18+00:00,UC Riverside Highlanders,North Dakota Fighting Hawks,-170.0,149.0,,,,,,,,2025-11-15,0,76.4402,0.46737027,69.47061,76.4402,-1.1753154,0.46737027,76.4402,0.46737027,,,,,,0.6296296296296297,0.4016064257028112,0.516685597317734,0.483314402682266,-0.3049488872421181,0.1365455454220418,-0.1793816983777165,0.2034528626788423,0.5882352941176471,1.49
401826044,2025,2025-11-15,2025-11-15 22:00:00+00:00,UC Riverside Highlanders,North Dakota Fighting Hawks,0,0,,,,,False,SRC Arena,espn,californiariverside::northdakotafighting,a22e044912e5f67f8234debac9935a6a,BetRivers,h2h,2h,2025-11-15 22:00:00+00:00,2025-11-15 16:51:47+00:00,UC Riverside Highlanders,North Dakota Fighting Hawks,-190.0,143.0,,,,,,,,2025-11-15,0,76.4402,0.46737027,69.47061,76.4402,-1.1753154,0.46737027,76.4402,0.46737027,,,,,,0.6551724137931034,0.411522633744856,0.516685597317734,0.483314402682266,-0.4016117677785715,0.121995803159375,-0.2113746146203007,0.1744539985179063,0.5263157894736842,1.43
401826044,2025,2025-11-15,2025-11-15 22:00:00+00:00,UC Riverside Highlanders,North Dakota Fighting Hawks,0,0,,,,,False,SRC Arena,espn,californiariverside::northdakotafighting,a22e044912e5f67f8234debac9935a6a,BetUS,h2h,2h,2025-11-15 22:00:00+00:00,2025-11-15 16:52:52+00:00,UC Riverside Highlanders,North Dakota Fighting Hawks,-190.0,163.0,,,,,,,,2025-11-15,0,76.4402,0.46737027,69.47061,76.4402,-1.1753154,0.46737027,76.4402,0.46737027,,,,,,0.6551724137931034,0.3802281368821292,0.516685597317734,0.483314402682266,-0.4016117677785715,0.1663293736529813,-0.2113746146203007,0.2711168790543595,0.5263157894736842,1.63
401826044,2025,2025-11-15,2025-11-15 22:00:00+00:00,UC Riverside Highlanders,North Dakota Fighting Hawks,0,0,,,,,False,SRC Arena,espn,californiariverside::northdakotafighting,a22e044912e5f67f8234debac9935a6a,Bovada,h2h,2h,2025-11-15 22:00:00+00:00,2025-11-15 16:53:10+00:00,UC Riverside Highlanders,North Dakota Fighting Hawks,-175.0,150.0,,,,,,,,2025-11-15,0,76.4402,0.46737027,69.47061,76.4402,-1.1753154,0.46737027,76.4402,0.46737027,,,,,,0.6363636363636364,0.4,0.516685597317734,0.483314402682266,-0.3291146073762315,0.1388573378037766,-0.1880654899292751,0.208286006705665,0.5714285714285714,1.5
401826044,2025,2025-11-15,2025-11-15 22:00:00+00:00,UC Riverside Highlanders,North Dakota Fighting Hawks,0,0,,,,,False,SRC Arena,espn,californiariverside::northdakotafighting,a22e044912e5f67f8234debac9935a6a,Caesars,h2h,2h,2025-11-15 22:00:00+00:00,2025-11-15 16:51:46+00:00,UC Riverside Highlanders,North Dakota Fighting Hawks,-180.0,152.0,,,,,,,,2025-11-15,0,76.4402,0.46737027,69.47061,76.4402,-1.1753154,0.46737027,76.4402,0.46737027,,,,,,0.6428571428571429,0.3968253968253968,0.516685597317734,0.483314402682266,-0.3532803275103447,0.1433896676048094,-0.1962668486168582,0.2179522947593103,0.5555555555555556,1.52
401826044,2025,2025-11-15,2025-11-15 22:00:00+00:00,UC Riverside Highlanders,North Dakota Fighting Hawks,0,0,,,,,False,SRC Arena,espn,californiariverside::northdakotafighting,a22e044912e5f67f8234debac9935a6a,DraftKings,h2h,2h,2025-11-15 22:00:00+00:00,2025-11-15 16:52:38+00:00,UC Riverside Highlanders,North Dakota Fighting Hawks,-185.0,154.0,,,,,,,,2025-11-15,0,76.4402,0.46737027,69.47061,76.4402,-1.1753154,0.46737027,76.4402,0.46737027,,,,,,0.6491228070175439,0.3937007874015748,0.516685597317734,0.483314402682266,-0.377446047644458,0.1478042745538673,-0.204024890618626,0.2276185828129556,0.5405405405405406,1.54
401826044,2025,2025-11-15,2025-11-15 22:00:00+00:00,UC Riverside Highlanders,North Dakota Fighting Hawks,0,0,,,,,False,SRC Arena,espn,californiariverside::northdakotafighting,a22e044912e5f67f8234debac9935a6a,FanDuel,h2h,2h,2025-11-15 22:00:00+00:00,2025-11-15 16:53:17+00:00,UC Riverside Highlanders,North Dakota Fighting Hawks,-194.0,160.0,,,,,,,,2025-11-15,0,76.4402,0.46737027,69.47061,76.4402,-1.1753154,0.46737027,76.4402,0.46737027,,,,,,0.6598639455782312,0.3846153846153846,0.516685597317734,0.483314402682266,-0.4209443438858621,0.1603859043586822,-0.2169816205597227,0.2566174469738916,0.5154639175257731,1.6
401826044,2025,2025-11-15,2025-11-15 22:00:00+00:00,UC Riverside Highlanders,North Dakota Fighting Hawks,0,0,,,,,False,SRC Arena,espn,californiariverside::northdakotafighting,a22e044912e5f67f8234debac9935a6a,Fanatics,h2h,2h,2025-11-15 22:00:00+00:00,2025-11-15 15:13:20+00:00,UC Riverside Highlanders,North Dakota Fighting Hawks,-210.0,175.0,,,,,,,,2025-11-15,0,76.4402,0.46737027,69.47061,76.4402,-1.1753154,0.46737027,76.4402,0.46737027,,,,,,0.6774193548387096,0.3636363636363636,0.516685597317734,0.483314402682266,-0.4982746483150246,0.1880654899292751,-0.2372736420547736,0.3291146073762314,0.4761904761904761,1.75
401826044,2025,2025-11-15,2025-11-15 22:00:00+00:00,UC Riverside Highlanders,North Dakota Fighting Hawks,0,0,,,,,False,SRC Arena,espn,californiariverside::northdakotafighting,a22e044912e5f67f8234debac9935a6a,LowVig.ag,h2h,2h,2025-11-15 22:00:00+00:00,2025-11-15 16:52:39+00:00,UC Riverside Highlanders,North Dakota Fighting Hawks,-170.0,149.0,,,,,,,,2025-11-15,0,76.4402,0.46737027,69.47061,76.4402,-1.1753154,0.46737027,76.4402,0.46737027,,,,,,0.6296296296296297,0.4016064257028112,0.516685597317734,0.483314402682266,-0.3049488872421181,0.1365455454220418,-0.1793816983777165,0.2034528626788423,0.5882352941176471,1.49
401826700,2025,2025-11-15,2025-11-15 19:00:00+00:00,George Mason Patriots,New Hampshire Wildcats,0,0,,,,,False,EagleBank Arena,espn,georgemasonpatriots::newhampshire,a04f2e3e5379b8c6608a391ddddbbb78,BetRivers,h2h,2h,2025-11-15 19:00:00+00:00,2025-11-15 15:13:49+00:00,George Mason Patriots,New Hampshire Wildcats,-10000.0,1500.0,,,,,,,,2025-11-15,0,76.726105,0.30058527,70.0404,76.726105,-0.86346865,0.30058527,76.726105,0.30058527,,,,,,0.99009900990099,0.0625,0.5107335389598776,0.4892664610401224,-1.0,0.4552175584427972,-0.4841591256505236,6.828263376641958,0.01,15.0
401826700,2025,2025-11-15,2025-11-15 19:00:00+00:00,George Mason Patriots,New Hampshire Wildcats,0,0,,,,,False,EagleBank Arena,espn,georgemasonpatriots::newhampshire,a04f2e3e5379b8c6608a391ddddbbb78,Caesars,h2h,2h,2025-11-15 19:00:00+00:00,2025-11-15 16:36:17+00:00,George Mason Patriots,New Hampshire Wildcats,-3500.0,1350.0,,,,,,,,2025-11-15,0,76.726105,0.30058527,70.0404,76.726105,-0.86346865,0.30058527,76.726105,0.30058527,,,,,,0.9722222222222222,0.0689655172413793,0.5107335389598776,0.4892664610401224,-1.0,0.4514343470430944,-0.4746740742126973,6.094363685081775,0.0285714285714285,13.5
401826700,2025,2025-11-15,2025-11-15 19:00:00+00:00,George Mason Patriots,New Hampshire Wildcats,0,0,,,,,False,EagleBank Arena,espn,georgemasonpatriots::newhampshire,a04f2e3e5379b8c6608a391ddddbbb78,FanDuel,h2h,2h,2025-11-15 19:00:00+00:00,2025-11-15 16:53:18+00:00,George Mason Patriots,New Hampshire Wildcats,-20000.0,3000.0,,,,,,,,2025-11-15,0,76.726105,0.30058527,70.0404,76.726105,-0.86346865,0.30058527,76.726105,0.30058527,,,,,,0.9950248756218906,0.032258064516129,0.5107335389598776,0.4892664610401224,-1.0,0.4722420097414598,-0.486712793345323,14.167260292243794,0.005,30.0
401826700,2025,2025-11-15,2025-11-15 19:00:00+00:00,George Mason Patriots,New Hampshire Wildcats,0,0,,,,,False,EagleBank Arena,espn,georgemasonpatriots::newhampshire,a04f2e3e5379b8c6608a391ddddbbb78,Fanatics,h2h,2h,2025-11-15 19:00:00+00:00,2025-11-15 15:13:20+00:00,George Mason Patriots,New Hampshire Wildcats,-9000.0,2200.0,,,,,,,,2025-11-15,0,76.726105,0.30058527,70.0404,76.726105,-0.86346865,0.30058527,76.726105,0.30058527,,,,,,0.989010989010989,0.0434782608695652,0.5107335389598776,0.4892664610401224,-1.0,0.4660513001783097,-0.4835916439405682,10.253128603922814,0.0111111111111111,22.0
401826727,2025,2025-11-15,2025-11-16 03:00:00+00:00,San Francisco Dons,Bradley Braves,0,0,,,,,False,The Sobrato Center,espn,bradley::sanfrancisco,c0550bdb35a726c71260823bf5e9691a,BetMGM,h2h,2h,2025-11-16 03:00:00+00:00,2025-11-15 16:52:39+00:00,San Francisco Dons,Bradley Braves,-500.0,375.0,,,,,,,,2025-11-16,1,77.77001,5.7340245,71.45322,77.77001,4.652239,5.7340245,77.77001,5.7340245,,,,,,0.8333333333333334,0.2105263157894736,0.6940551053837696,0.3059448946162304,-0.8356693676973825,0.1208635331805585,-0.1671338735394765,0.4532382494270945,0.2,3.75
401826727,2025,2025-11-15,2025-11-16 03:00:00+00:00,San Francisco Dons,Bradley Braves,0,0,,,,,False,The Sobrato Center,espn,bradley::sanfrancisco,c0550bdb35a726c71260823bf5e9691a,BetOnline.ag,h2h,2h,2025-11-16 03:00:00+00:00,2025-11-15 16:53:18+00:00,San Francisco Dons,Bradley Braves,-460.0,358.0,,,,,,,,2025-11-16,1,77.77001,5.7340245,71.45322,77.77001,4.652239,5.7340245,77.77001,5.7340245,,,,,,0.8214285714285714,0.2183406113537118,0.6940551053837696,0.3059448946162304,-0.7132914098508903,0.1120747534475796,-0.1550633499675848,0.4012276173423352,0.217391304347826,3.58
401826727,2025,2025-11-15,2025-11-16 03:00:00+00:00,San Francisco Dons,Bradley Braves,0,0,,,,,False,The Sobrato Center,espn,bradley::sanfrancisco,c0550bdb35a726c71260823bf5e9691a,BetRivers,h2h,2h,2025-11-16 03:00:00+00:00,2025-11-15 16:51:48+00:00,San Francisco Dons,Bradley Braves,-560.0,380.0,,,,,,,,2025-11-16,1,77.77001,5.7340245,71.45322,77.77001,4.652239,5.7340245,77.77001,5.7340245,,,,,,0.8484848484848485,0.2083333333333333,0.6940551053837696,0.3059448946162304,-1.0,0.1232988142520805,-0.1820064829405572,0.4685354941579061,0.1785714285714285,3.8
401826727,2025,2025-11-15,2025-11-16 03:00:00+00:00,San Francisco Dons,Bradley Braves,0,0,,,,,False,The Sobrato Center,espn,bradley::sanfrancisco,c0550bdb35a726c71260823bf5e9691a,BetUS,h2h,2h,2025-11-16 03:00:00+00:00,2025-11-15 16:52:52+00:00,San Francisco Dons,Bradley Braves,-460.0,360.0,,,,,,,,2025-11-16,1,77.77001,5.7340245,71.45322,77.77001,4.652239,5.7340245,77.77001,5.7340245,,,,,,0.8214285714285714,0.217391304347826,0.6940551053837696,0.3059448946162304,-0.7132914098508903,0.1131518097874055,-0.1550633499675848,0.40734651523466,0.217391304347826,3.6
401826727,2025,2025-11-15,2025-11-16 03:00:00+00:00,San Francisco Dons,Bradley Braves,0,0,,,,,False,The Sobrato Center,espn,bradley::sanfrancisco,c0550bdb35a726c71260823bf5e9691a,Bovada,h2h,2h,2025-11-16 03:00:00+00:00,2025-11-15 16:53:11+00:00,San Francisco Dons,Bradley Braves,-490.0,355.0,,,,,,,,2025-11-16,1,77.77001,5.7340245,71.45322,77.77001,4.652239,5.7340245,77.77001,5.7340245,,,,,,0.8305084745762712,0.2197802197802197,0.6940551053837696,0.3059448946162304,-0.8050748782357594,0.1104364142264361,-0.1643009955583182,0.3920492705038483,0.2040816326530612,3.55
401826727,2025,2025-11-15,2025-11-16 03:00:00+00:00,San Francisco Dons,Bradley Braves,0,0,,,,,False,The Sobrato Center,espn,bradley::sanfrancisco,c0550bdb35a726c71260823bf5e9691a,Caesars,h2h,2h,2025-11-16 03:00:00+00:00,2025-11-15 16:51:47+00:00,San Francisco Dons,Bradley Braves,-480.0,360.0,,,,,,,,2025-11-16,1,77.77001,5.7340245,71.45322,77.77001,4.652239,5.7340245,77.77001,5.7340245,,,,,,0.8275862068965517,0.217391304347826,0.6940551053837696,0.3059448946162304,-0.7744803887741364,0.1131518097874055,-0.1613500809946117,0.40734651523466,0.2083333333333333,3.6
401826727,2025,2025-11-15,2025-11-16 03:00:00+00:00,San Francisco Dons,Bradley Braves,0,0,,,,,False,The Sobrato Center,espn,bradley::sanfrancisco,c0550bdb35a726c71260823bf5e9691a,DraftKings,h2h,2h,2025-11-16 03:00:00+00:00,2025-11-15 16:52:38+00:00,San Francisco Dons,Bradley Braves,-470.0,360.0,,,,,,,,2025-11-16,1,77.77001,5.7340245,71.45322,77.77001,4.652239,5.7340245,77.77001,5.7340245,,,,,,0.8245614035087719,0.217391304347826,0.6940551053837696,0.3059448946162304,-0.7438858993125135,0.1131518097874055,-0.1582735955984071,0.40734651523466,0.2127659574468085,3.6
401826727,2025,2025-11-15,2025-11-16 03:00:00+00:00,San Francisco Dons,Bradley Braves,0,0,,,,,False,The Sobrato Center,espn,bradley::sanfrancisco,c0550bdb35a726c71260823bf5e9691a,FanDuel,h2h,2h,2025-11-16 03:00:00+00:00,2025-11-15 16:53:17+00:00,San Francisco Dons,Bradley Braves,-550.0,390.0,,,,,,,,2025-11-16,1,77.77001,5.7340245,71.45322,77.77001,4.652239,5.7340245,77.77001,5.7340245,,,,,,0.8461538461538461,0.2040816326530612,0.6940551053837696,0.3059448946162304,-0.9886418150054976,0.1279820470819305,-0.1797530572737268,0.4991299836195291,0.1818181818181818,3.9
401826727,2025,2025-11-15,2025-11-16 03:00:00+00:00,San Francisco Dons,Bradley Braves,0,0,,,,,False,The Sobrato Center,espn,bradley::sanfrancisco,c0550bdb35a726c71260823bf5e9691a,LowVig.ag,h2h,2h,2025-11-16 03:00:00+00:00,2025-11-15 16:52:39+00:00,San Francisco Dons,Bradley Braves,-460.0,358.0,,,,,,,,2025-11-16,1,77.77001,5.7340245,71.45322,77.77001,4.652239,5.7340245,77.77001,5.7340245,,,,,,0.8214285714285714,0.2183406113537118,0.6940551053837696,0.3059448946162304,-0.7132914098508903,0.1120747534475796,-0.1550633499675848,0.4012276173423352,0.217391304347826,3.58
401826739,2025,2025-11-15,2025-11-15 19:00:00+00:00,Denver Pioneers,UTSA Roadrunners,0,0,,,,,False,Hamilton Gymnasium,espn,denver::texassanantonio,3bf8897d93a8567982239c91d296f37b,BetMGM,h2h,2h,2025-11-15 19:00:00+00:00,2025-11-15 16:52:39+00:00,Denver Pioneers,UTSA Roadrunners,-190.0,154.0,,,,,,,,2025-11-15,0,75.63377,-1.9517424,68.18273,75.63377,-4.148078,-1.9517424,75.63377,-1.9517424,,,,,,0.6551724137931034,0.3937007874015748,0.430743008420887,0.569256991579113,-0.6508452755794278,0.2895537393577578,-0.3425501450418041,0.4459127586109471,0.5263157894736842,1.54
401826739,2025,2025-11-15,2025-11-15 19:00:00+00:00,Denver Pioneers,UTSA Roadrunners,0,0,,,,,False,Hamilton Gymnasium,espn,denver::texassanantonio,3bf8897d93a8567982239c91d296f37b,BetOnline.ag,h2h,2h,2025-11-15 19:00:00+00:00,2025-11-15 16:53:18+00:00,Denver Pioneers,UTSA Roadrunners,-180.0,157.0,,,,,,,,2025-11-15,0,75.63377,-1.9517424,68.18273,75.63377,-4.148078,-1.9517424,75.63377,-1.9517424,,,,,,0.6428571428571429,0.3891050583657587,0.430743008420887,0.569256991579113,-0.5939195764215164,0.2948983874893761,-0.3299553202341758,0.4629904683583205,0.5555555555555556,1.57
401826739,2025,2025-11-15,2025-11-15 19:00:00+00:00,Denver Pioneers,UTSA Roadrunners,0,0,,,,,False,Hamilton Gymnasium,espn,denver::texassanantonio,3bf8897d93a8567982239c91d296f37b,BetRivers,h2h,2h,2025-11-15 19:00:00+00:00,2025-11-15 16:51:47+00:00,Denver Pioneers,UTSA Roadrunners,-177.0,140.0,,,,,,,,2025-11-15,0,75.63377,-1.9517424,68.18273,75.63377,-4.148078,-1.9517424,75.63377,-1.9517424,,,,,,0.6389891696750902,0.4166666666666667,0.430743008420887,0.569256991579113,-0.576841866674143,0.2615834141356223,-0.3258993597029056,0.3662167797898712,0.5649717514124294,1.4
401826739,2025,2025-11-15,2025-11-15 19:00:00+00:00,Denver Pioneers,UTSA Roadrunners,0,0,,,,,False,Hamilton Gymnasium,espn,denver::texassanantonio,3bf8897d93a8567982239c91d296f37b,BetUS,h2h,2h,2025-11-15 19:00:00+00:00,2025-11-15 16:52:52+00:00,Denver Pioneers,UTSA Roadrunners,-180.0,155.0,,,,,,,,2025-11-15,0,75.63377,-1.9517424,68.18273,75.63377,-4.148078,-1.9517424,75.63377,-1.9517424,,,,,,0.6428571428571429,0.392156862745098,0.430743008420887,0.569256991579113,-0.5939195764215164,0.2913582764688634,-0.3299553202341758,0.4516053285267383,0.5555555555555556,1.55
401826739,2025,2025-11-15,2025-11-15 19:00:00+00:00,Denver Pioneers,UTSA Roadrunners,0,0,,,,,False,Hamilton Gymnasium,espn,denver::texassanantonio,3bf8897d93a8567982239c91d296f37b,Bovada,h2h,2h,2025-11-15 19:00:00+00:00,2025-11-15 16:53:10+00:00,Denver Pioneers,UTSA Roadrunners,-180.0,155.0,,,,,,,,2025-11-15,0,75.63377,-1.9517424,68.18273,75.63377,-4.148078,-1.9517424,75.63377,-1.9517424,,,,,,0.6428571428571429,0.392156862745098,0.430743008420887,0.569256991579113,-0.5939195764215164,0.2913582764688634,-0.3299553202341758,0.4516053285267383,0.5555555555555556,1.55
401826739,2025,2025-11-15,2025-11-15 19:00:00+00:00,Denver Pioneers,UTSA Roadrunners,0,0,,,,,False,Hamilton Gymnasium,espn,denver::texassanantonio,3bf8897d93a8567982239c91d296f37b,Caesars,h2h,2h,2025-11-15 19:00:00+00:00,2025-11-15 16:51:46+00:00,Denver Pioneers,UTSA Roadrunners,-190.0,158.0,,,,,,,,2025-11-15,0,75.63377,-1.9517424,68.18273,75.63377,-4.148078,-1.9517424,75.63377,-1.9517424,,,,,,0.6551724137931034,0.3875968992248062,0.430743008420887,0.569256991579113,-0.6508452755794278,0.2966348343507035,-0.3425501450418041,0.4686830382741116,0.5263157894736842,1.58
401826739,2025,2025-11-15,2025-11-15 19:00:00+00:00,Denver Pioneers,UTSA Roadrunners,0,0,,,,,False,Hamilton Gymnasium,espn,denver::texassanantonio,3bf8897d93a8567982239c91d296f37b,DraftKings,h2h,2h,2025-11-15 19:00:00+00:00,2025-11-15 16:52:38+00:00,Denver Pioneers,UTSA Roadrunners,-185.0,154.0,,,,,,,,2025-11-15,0,75.63377,-1.9517424,68.18273,75.63377,-4.148078,-1.9517424,75.63377,-1.9517424,,,,,,0.6491228070175439,0.3937007874015748,0.430743008420887,0.569256991579113,-0.622382426000472,0.2895537393577578,-0.3364229329732281,0.4459127586109471,0.5405405405405406,1.54
401826739,2025,2025-11-15,2025-11-15 19:00:00+00:00,Denver Pioneers,UTSA Roadrunners,0,0,,,,,False,Hamilton Gymnasium,espn,denver::texassanantonio,3bf8897d93a8567982239c91d296f37b,FanDuel,h2h,2h,2025-11-15 19:00:00+00:00,2025-11-15 16:53:17+00:00,Denver Pioneers,UTSA Roadrunners,-205.0,164.0,,,,,,,,2025-11-15,0,75.63377,-1.9517424,68.18273,75.63377,-4.148078,-1.9517424,75.63377,-1.9517424,,,,,,0.6721311475409836,0.3787878787878788,0.430743008420887,0.569256991579113,-0.7362338243162947,0.3066088157127185,-0.3591384508859974,0.5028384577688584,0.4878048780487805,1.64
401826739,2025,2025-11-15,2025-11-15 19:00:00+00:00,Denver Pioneers,UTSA Roadrunners,0,0,,,,,False,Hamilton Gymnasium,espn,denver::texassanantonio,3bf8897d93a8567982239c91d296f37b,Fanatics,h2h,2h,2025-11-15 19:00:00+00:00,2025-11-15 15:13:20+00:00,Denver Pioneers,UTSA Roadrunners,-180.0,150.0,,,,,,,,2025-11-15,0,75.63377,-1.9517424,68.18273,75.63377,-4.148078,-1.9517424,75.63377,-1.9517424,,,,,,0.6428571428571429,0.4,0.430743008420887,0.569256991579113,-0.5939195764215164,0.2820949859651884,-0.3299553202341758,0.4231424789477825,0.5555555555555556,1.5
401826739,2025,2025-11-15,2025-11-15 19:00:00+00:00,Denver Pioneers,UTSA Roadrunners,0,0,,,,,False,Hamilton Gymnasium,espn,denver::texassanantonio,3bf8897d93a8567982239c91d296f37b,LowVig.ag,h2h,2h,2025-11-15 19:00:00+00:00,2025-11-15 16:52:39+00:00,Denver Pioneers,UTSA Roadrunners,-180.0,157.0,,,,,,,,2025-11-15,0,75.63377,-1.9517424,68.18273,75.63377,-4.148078,-1.9517424,75.63377,-1.9517424,,,,,,0.6428571428571429,0.3891050583657587,0.430743008420887,0.569256991579113,-0.5939195764215164,0.2948983874893761,-0.3299553202341758,0.4629904683583205,0.5555555555555556,1.57
401826768,2025,2025-11-15,2025-11-15 18:00:00+00:00,Northeastern Huskies,Vermont Catamounts,0,0,,,,,False,Matthews Arena,espn,northeastern::vermontcatamounts,f2a91230deef7a2fd7c55a5586dd1eed,BetMGM,h2h,2h,2025-11-15 18:00:00+00:00,2025-11-15 16:52:38+00:00,Northeastern Huskies,Vermont Catamounts,-125.0,105.0,,,,,,,,2025-11-15,0,76.53385,-5.253356,70.28325,76.53385,-5.1776543,-5.253356,76.53385,-5.253356,,,,,,0.5555555555555556,0.4878048780487805,0.3207168447141609,0.6792831552858392,-0.528387099393138,0.3738385412723526,-0.4227096795145104,0.3925304683359703,0.8,1.05
401826768,2025,2025-11-15,2025-11-15 18:00:00+00:00,Northeastern Huskies,Vermont Catamounts,0,0,,,,,False,Matthews Arena,espn,northeastern::vermontcatamounts,f2a91230deef7a2fd7c55a5586dd1eed,BetRivers,h2h,2h,2025-11-15 18:00:00+00:00,2025-11-15 16:51:46+00:00,Northeastern Huskies,Vermont Catamounts,-129.0,105.0,,,,,,,,2025-11-15,0,76.53385,-5.253356,70.28325,76.53385,-5.1776543,-5.253356,76.53385,-5.253356,,,,,,0.5633187772925764,0.4878048780487805,0.3207168447141609,0.6792831552858392,-0.5555584256045716,0.3738385412723526,-0.4306654462050943,0.3925304683359703,0.7751937984496124,1.05
401826768,2025,2025-11-15,2025-11-15 18:00:00+00:00,Northeastern Huskies,Vermont Catamounts,0,0,,,,,False,Matthews Arena,espn,northeastern::vermontcatamounts,f2a91230deef7a2fd7c55a5586dd1eed,Bovada,h2h,2h,2025-11-15 18:00:00+00:00,2025-11-15 16:53:10+00:00,Northeastern Huskies,Vermont Catamounts,-120.0,100.0,,,,,,,,2025-11-15,0,76.53385,-5.253356,70.28325,76.53385,-5.1776543,-5.253356,76.53385,-5.253356,,,,,,0.5454545454545454,0.5,0.3207168447141609,0.6792831552858392,-0.494422941628846,0.3585663105716783,-0.4120191180240384,0.3585663105716783,0.8333333333333334,1.0
401826768,2025,2025-11-15,2025-11-15 18:00:00+00:00,Northeastern Huskies,Vermont Catamounts,0,0,,,,,False,Matthews Arena,espn,northeastern::vermontcatamounts,f2a91230deef7a2fd7c55a5586dd1eed,Caesars,h2h,2h,2025-11-15 18:00:00+00:00,2025-11-15 16:51:46+00:00,Northeastern Huskies,Vermont Catamounts,-135.0,115.0,,,,,,,,2025-11-15,0,76.53385,-5.253356,70.28325,76.53385,-5.1776543,-5.253356,76.53385,-5.253356,,,,,,0.574468085106383,0.4651162790697674,0.3207168447141609,0.6792831552858392,-0.596315414921722,0.4003989424909166,-0.4417151221642384,0.4604587838645541,0.7407407407407407,1.15
401826768,2025,2025-11-15,2025-11-15 18:00:00+00:00,Northeastern Huskies,Vermont Catamounts,0,0,,,,,False,Matthews Arena,espn,northeastern::vermontcatamounts,f2a91230deef7a2fd7c55a5586dd1eed,DraftKings,h2h,2h,2025-11-15 18:00:00+00:00,2025-11-15 16:52:38+00:00,Northeastern Huskies,Vermont Catamounts,-130.0,110.0,,,,,,,,2025-11-15,0,76.53385,-5.253356,70.28325,76.53385,-5.1776543,-5.253356,76.53385,-5.253356,,,,,,0.5652173913043478,0.4761904761904761,0.3207168447141609,0.6792831552858392,-0.56235125715743,0.3877223873638748,-0.4325778901211,0.4264946261002623,0.7692307692307693,1.1
401826768,2025,2025-11-15,2025-11-15 18:00:00+00:00,Northeastern Huskies,Vermont Catamounts,0,0,,,,,False,Matthews Arena,espn,northeastern::vermontcatamounts,f2a91230deef7a2fd7c55a5586dd1eed,FanDuel,h2h,2h,2025-11-15 18:00:00+00:00,2025-11-15 16:53:18+00:00,Northeastern Huskies,Vermont Catamounts,-128.0,104.0,,,,,,,,2025-11-15,0,76.53385,-5.253356,70.28325,76.53385,-5.1776543,-5.253356,76.53385,-5.253356,,,,,,0.5614035087719298,0.4901960784313725,0.3207168447141609,0.6792831552858392,-0.5487655940517132,0.3709015738299153,-0.4287231203529009,0.3857376367831119,0.78125,1.04
401826768,2025,2025-11-15,2025-11-15 18:00:00+00:00,Northeastern Huskies,Vermont Catamounts,0,0,,,,,False,Matthews Arena,espn,northeastern::vermontcatamounts,f2a91230deef7a2fd7c55a5586dd1eed,Fanatics,h2h,2h,2025-11-15 18:00:00+00:00,2025-11-15 15:13:20+00:00,Northeastern Huskies,Vermont Catamounts,-130.0,110.0,,,,,,,,2025-11-15,0,76.53385,-5.253356,70.28325,76.53385,-5.1776543,-5.253356,76.53385,-5.253356,,,,,,0.5652173913043478,0.4761904761904761,0.3207168447141609,0.6792831552858392,-0.56235125715743,0.3877223873638748,-0.4325778901211,0.4264946261002623,0.7692307692307693,1.1
401826778,2025,2025-11-15,2025-11-16 00:00:00+00:00,Nebraska Cornhuskers,Oklahoma Sooners,0,0,,,,,True,Sanford Pentagon,espn,nebraska::oklahomasooners,a7f7587d196bc784472013fadc488acc,BetMGM,h2h,2h,2025-11-16 00:00:00+00:00,2025-11-15 16:52:39+00:00,Nebraska Cornhuskers,Oklahoma Sooners,-110.0,-110.0,,,,,,,,2025-11-16,1,73.18022,-9.825982,71.22357,73.18022,-6.7142687,-9.825982,73.18022,-9.825982,,,,,,0.5238095238095238,0.5238095238095238,0.1972277790014844,0.8027722209985155,-0.6858216640968827,0.5858216640968825,-0.6234742400880752,0.5325651491789841,0.9090909090909092,0.9090909090909092
401826778,2025,2025-11-15,2025-11-16 00:00:00+00:00,Nebraska Cornhuskers,Oklahoma Sooners,0,0,,,,,True,Sanford Pentagon,espn,nebraska::oklahomasooners,a7f7587d196bc784472013fadc488acc,BetOnline.ag,h2h,2h,2025-11-16 00:00:00+00:00,2025-11-15 16:53:18+00:00,Nebraska Cornhuskers,Oklahoma Sooners,-113.0,-107.0,,,,,,,,2025-11-16,1,73.18022,-9.825982,71.22357,73.18022,-6.7142687,-9.825982,73.18022,-9.825982,,,,,,0.5305164319248826,0.5169082125603864,0.1972277790014844,0.8027722209985155,-0.7099048307268381,0.5917384974669272,-0.628234363475078,0.5530266331466609,0.8849557522123894,0.9345794392523364
401826778,2025,2025-11-15,2025-11-16 00:00:00+00:00,Nebraska Cornhuskers,Oklahoma Sooners,0,0,,,,,True,Sanford Pentagon,espn,nebraska::oklahomasooners,a7f7587d196bc784472013fadc488acc,BetRivers,h2h,2h,2025-11-16 00:00:00+00:00,2025-11-15 16:51:47+00:00,Nebraska Cornhuskers,Oklahoma Sooners,-120.0,-107.0,,,,,,,,2025-11-16,1,73.18022,-9.825982,71.22357,73.18022,-6.7142687,-9.825982,73.18022,-9.825982,,,,,,0.5454545454545454,0.5169082125603864,0.1972277790014844,0.8027722209985155,-0.7660988861967342,0.5917384974669272,-0.6384157384972785,0.5530266331466609,0.8333333333333334,0.9345794392523364
401826778,2025,2025-11-15,2025-11-16 00:00:00+00:00,Nebraska Cornhuskers,Oklahoma Sooners,0,0,,,,,True,Sanford Pentagon,espn,nebraska::oklahomasooners,a7f7587d196bc784472013fadc488acc,BetUS,h2h,2h,2025-11-16 00:00:00+00:00,2025-11-15 16:52:52+00:00,Nebraska Cornhuskers,Oklahoma Sooners,-115.0,-105.0,,,,,,,,2025-11-16,1,73.18022,-9.825982,71.22357,73.18022,-6.7142687,-9.825982,73.18022,-9.825982,,,,,,0.5348837209302325,0.5121951219512195,0.1972277790014844,0.8027722209985155,-0.7259602751468085,0.5956830530469568,-0.6312698044754856,0.5673171933780541,0.8695652173913043,0.9523809523809524
401826778,2025,2025-11-15,2025-11-16 00:00:00+00:00,Nebraska Cornhuskers,Oklahoma Sooners,0,0,,,,,True,Sanford Pentagon,espn,nebraska::oklahomasooners,a7f7587d196bc784472013fadc488acc,Bovada,h2h,2h,2025-11-16 00:00:00+00:00,2025-11-15 16:53:10+00:00,Nebraska Cornhuskers,Oklahoma Sooners,-120.0,100.0,,,,,,,,2025-11-16,1,73.18022,-9.825982,71.22357,73.18022,-6.7142687,-9.825982,73.18022,-9.825982,,,,,,0.5454545454545454,0.5,0.1972277790014844,0.8027722209985155,-0.7660988861967342,0.6055444419970311,-0.6384157384972785,0.6055444419970311,0.8333333333333334,1.0
401826778,2025,2025-11-15,2025-11-16 00:00:00+00:00,Nebraska Cornhuskers,Oklahoma Sooners,0,0,,,,,True,Sanford Pentagon,espn,nebraska::oklahomasooners,a7f7587d196bc784472013fadc488acc,DraftKings,h2h,2h,2025-11-16 00:00:00+00:00,2025-11-15 16:52:38+00:00,Nebraska Cornhuskers,Oklahoma Sooners,-112.0,-108.0,,,,,,,,2025-11-16,1,73.18022,-9.825982,71.22357,73.18022,-6.7142687,-9.825982,73.18022,-9.825982,,,,,,0.5283018867924528,0.5192307692307693,0.1972277790014844,0.8027722209985155,-0.7018771085168528,0.5897662196769123,-0.6266759897471901,0.5460798330341781,0.8928571428571429,0.925925925925926
401826778,2025,2025-11-15,2025-11-16 00:00:00+00:00,Nebraska Cornhuskers,Oklahoma Sooners,0,0,,,,,True,Sanford Pentagon,espn,nebraska::oklahomasooners,a7f7587d196bc784472013fadc488acc,FanDuel,h2h,2h,2025-11-16 00:00:00+00:00,2025-11-15 16:53:17+00:00,Nebraska Cornhuskers,Oklahoma Sooners,-118.0,-102.0,,,,,,,,2025-11-16,1,73.18022,-9.825982,71.22357,73.18022,-6.7142687,-9.825982,73.18022,-9.825982,,,,,,0.5412844036697247,0.504950495049505,0.1972277790014844,0.8027722209985155,-0.7500434417767639,0.6015998864170014,-0.6356300354040372,0.5898038102127464,0.847457627118644,0.9803921568627452
401826778,2025,2025-11-15,2025-11-16 00:00:00+00:00,Nebraska Cornhuskers,Oklahoma Sooners,0,0,,,,,True,Sanford Pentagon,espn,nebraska::oklahomasooners,a7f7587d196bc784472013fadc488acc,LowVig.ag,h2h,2h,2025-11-16 00:00:00+00:00,2025-11-15 16:52:39+00:00,Nebraska Cornhuskers,Oklahoma Sooners,-113.0,-107.0,,,,,,,,2025-11-16,1,73.18022,-9.825982,71.22357,73.18022,-6.7142687,-9.825982,73.18022,-9.825982,,,,,,0.5305164319248826,0.5169082125603864,0.1972277790014844,0.8027722209985155,-0.7099048307268381,0.5917384974669272,-0.628234363475078,0.5530266331466609,0.8849557522123894,0.9345794392523364
401826897,2025,2025-11-15,2025-11-16 00:00:00+00:00,Louisiana Tech Bulldogs,Jackson State Tigers,0,0,,,,,False,Thomas Assembly Center,espn,jacksonstate::louisianatech,1baf8f2d12256a1d29777c46e92caf17,BetMGM,h2h,2h,2025-11-16 00:00:00+00:00,2025-11-15 16:52:39+00:00,Louisiana Tech Bulldogs,Jackson St Tigers,-375.0,290.0,,,,,,,,2025-11-16,1,77.37961,13.739815,69.81584,77.37961,9.860777,13.739815,77.37961,13.739815,,,,,,0.7894736842105263,0.2564102564102564,0.876838974265073,0.123161025734927,0.4149851277590965,-0.1791972412530291,0.110662700735759,-0.5196719996337845,0.2666666666666666,2.9
401826897,2025,2025-11-15,2025-11-16 00:00:00+00:00,Louisiana Tech Bulldogs,Jackson State Tigers,0,0,,,,,False,Thomas Assembly Center,espn,jacksonstate::louisianatech,1baf8f2d12256a1d29777c46e92caf17,BetRivers,h2h,2h,2025-11-16 00:00:00+00:00,2025-11-15 16:51:47+00:00,Louisiana Tech Bulldogs,Jackson St Tigers,-400.0,280.0,,,,,,,,2025-11-16,1,77.37961,13.739815,69.81584,77.37961,9.860777,13.739815,77.37961,13.739815,,,,,,0.8,0.2631578947368421,0.876838974265073,0.123161025734927,0.3841948713253648,-0.1899957507883133,0.0960487178313412,-0.5319881022072772,0.25,2.8
401826897,2025,2025-11-15,2025-11-16 00:00:00+00:00,Louisiana Tech Bulldogs,Jackson State Tigers,0,0,,,,,False,Thomas Assembly Center,espn,jacksonstate::louisianatech,1baf8f2d12256a1d29777c46e92caf17,Bovada,h2h,2h,2025-11-16 00:00:00+00:00,2025-11-15 16:53:10+00:00,Louisiana Tech Bulldogs,Jackson St Tigers,-360.0,280.0,,,,,,,,2025-11-16,1,77.37961,13.739815,69.81584,77.37961,9.860777,13.739815,77.37961,13.739815,,,,,,0.782608695652174,0.2631578947368421,0.876838974265073,0.123161025734927,0.4334592816193355,-0.1899957507883133,0.120405356005371,-0.5319881022072772,0.2777777777777778,2.8
401826897,2025,2025-11-15,2025-11-16 00:00:00+00:00,Louisiana Tech Bulldogs,Jackson State Tigers,0,0,,,,,False,Thomas Assembly Center,espn,jacksonstate::louisianatech,1baf8f2d12256a1d29777c46e92caf17,Caesars,h2h,2h,2025-11-16 00:00:00+00:00,2025-11-15 16:51:46+00:00,Louisiana Tech Bulldogs,Jackson St Tigers,-355.0,278.0,,,,,,,,2025-11-16,1,77.37961,13.739815,69.81584,77.37961,9.860777,13.739815,77.37961,13.739815,,,,,,0.7802197802197802,0.2645502645502645,0.876838974265073,0.123161025734927,0.439617332906082,-0.1922486772381208,0.1238358684242484,-0.5344513227219758,0.2816901408450704,2.78
401826897,2025,2025-11-15,2025-11-16 00:00:00+00:00,Louisiana Tech Bulldogs,Jackson State Tigers,0,0,,,,,False,Thomas Assembly Center,espn,jacksonstate::louisianatech,1baf8f2d12256a1d29777c46e92caf17,DraftKings,h2h,2h,2025-11-16 00:00:00+00:00,2025-11-15 16:52:38+00:00,Louisiana Tech Bulldogs,Jackson St Tigers,-360.0,285.0,,,,,,,,2025-11-16,1,77.37961,13.739815,69.81584,77.37961,9.860777,13.739815,77.37961,13.739815,,,,,,0.782608695652174,0.2597402597402597,0.876838974265073,0.123161025734927,0.4334592816193355,-0.1845017722528178,0.120405356005371,-0.5258300509205309,0.2777777777777778,2.85
401826897,2025,2025-11-15,2025-11-16 00:00:00+00:00,Louisiana Tech Bulldogs,Jackson State Tigers,0,0,,,,,False,Thomas Assembly Center,espn,jacksonstate::louisianatech,1baf8f2d12256a1d29777c46e92caf17,FanDuel,h2h,2h,2025-11-16 00:00:00+00:00,2025-11-15 16:53:17+00:00,Louisiana Tech Bulldogs,Jackson St Tigers,-430.0,330.0,,,,,,,,2025-11-16,1,77.37961,13.739815,69.81584,77.37961,9.860777,13.739815,77.37961,13.739815,,,,,,0.8113207547169812,0.2325581395348837,0.876838974265073,0.123161025734927,0.3472465636048867,-0.1425477543453981,0.0807550147918341,-0.4704075893398137,0.2325581395348837,3.3
401826915,2025,2025-11-15,2025-11-15 23:00:00+00:00,St. John's Red Storm,William & Mary Tribe,0,0,,,,,False,Carnesecca Arena,espn,stjohnsredstorm::williamandmarytribe,24bffcd1cb393e3107f80d15854708e9,DraftKings,h2h,2h,2025-11-15 23:00:00+00:00,2025-11-15 16:52:38+00:00,St. John's Red Storm,William & Mary Tribe,-20000.0,3500.0,,,,,,,,2025-11-15,0,78.446014,9.291334,72.36384,78.446014,8.252131,9.291334,78.446014,9.291334,,,,,,0.9950248756218906,0.0277777777777777,0.790399210522841,0.209600789477159,-1.0,0.1870179548907921,-0.2056487934245447,6.545628421177724,0.005,35.0
401826932,2025,2025-11-15,2025-11-16 03:00:00+00:00,UC Irvine Anteaters,Weber State Wildcats,0,0,,,,,False,Bren Events Center,espn,ucirvineanteaters::weberstate,44b8c5e46c04254f2f4cabf3642eb175,BetMGM,h2h,2h,2025-11-16 03:00:00+00:00,2025-11-15 16:52:39+00:00,UC Irvine Anteaters,Weber State Wildcats,-650.0,475.0,,,,,,,,2025-11-16,1,77.39897,3.9328418,70.936676,77.39897,2.7859669,3.9328418,77.39897,3.9328418,,,,,,0.8666666666666667,0.1739130434782608,0.6368769117487353,0.3631230882512647,-1.0,0.2290437384094257,-0.2651420249053054,1.087957757444772,0.1538461538461538,4.75
401826932,2025,2025-11-15,2025-11-16 03:00:00+00:00,UC Irvine Anteaters,Weber State Wildcats,0,0,,,,,False,Bren Events Center,espn,ucirvineanteaters::weberstate,44b8c5e46c04254f2f4cabf3642eb175,BetOnline.ag,h2h,2h,2025-11-16 03:00:00+00:00,2025-11-15 16:53:18+00:00,UC Irvine Anteaters,Weber State Wildcats,-650.0,476.0,,,,,,,,2025-11-16,1,77.39897,3.9328418,70.936676,77.39897,2.7859669,3.9328418,77.39897,3.9328418,,,,,,0.8666666666666667,0.1736111111111111,0.6368769117487353,0.3631230882512647,-1.0,0.2293254177158161,-0.2651420249053054,1.091588988327285,0.1538461538461538,4.76
401826932,2025,2025-11-15,2025-11-16 03:00:00+00:00,UC Irvine Anteaters,Weber State Wildcats,0,0,,,,,False,Bren Events Center,espn,ucirvineanteaters::weberstate,44b8c5e46c04254f2f4cabf3642eb175,BetRivers,h2h,2h,2025-11-16 03:00:00+00:00,2025-11-15 16:51:48+00:00,UC Irvine Anteaters,Weber State Wildcats,-590.0,390.0,,,,,,,,2025-11-16,1,77.39897,3.9328418,70.936676,77.39897,2.7859669,3.9328418,77.39897,3.9328418,,,,,,0.855072463768116,0.2040816326530612,0.6368769117487353,0.3631230882512647,-1.0,0.1998213160079992,-0.255177848971818,0.7793031324311971,0.1694915254237288,3.9
401826932,2025,2025-11-15,2025-11-16 03:00:00+00:00,UC Irvine Anteaters,Weber State Wildcats,0,0,,,,,False,Bren Events Center,espn,ucirvineanteaters::weberstate,44b8c5e46c04254f2f4cabf3642eb175,BetUS,h2h,2h,2025-11-16 03:00:00+00:00,2025-11-15 16:52:52+00:00,UC Irvine Anteaters,Weber State Wildcats,-650.0,475.0,,,,,,,,2025-11-16,1,77.39897,3.9328418,70.936676,77.39897,2.7859669,3.9328418,77.39897,3.9328418,,,,,,0.8666666666666667,0.1739130434782608,0.6368769117487353,0.3631230882512647,-1.0,0.2290437384094257,-0.2651420249053054,1.087957757444772,0.1538461538461538,4.75
401826932,2025,2025-11-15,2025-11-16 03:00:00+00:00,UC Irvine Anteaters,Weber State Wildcats,0,0,,,,,False,Bren Events Center,espn,ucirvineanteaters::weberstate,44b8c5e46c04254f2f4cabf3642eb175,Bovada,h2h,2h,2025-11-16 03:00:00+00:00,2025-11-15 16:53:11+00:00,UC Irvine Anteaters,Weber State Wildcats,-600.0,425.0,,,,,,,,2025-11-16,1,77.39897,3.9328418,70.936676,77.39897,2.7859669,3.9328418,77.39897,3.9328418,,,,,,0.8571428571428571,0.1904761904761904,0.6368769117487353,0.3631230882512647,-1.0,0.2132696972515623,-0.2569769362931421,0.9063962133191398,0.1666666666666666,4.25
401826932,2025,2025-11-15,2025-11-16 03:00:00+00:00,UC Irvine Anteaters,Weber State Wildcats,0,0,,,,,False,Bren Events Center,espn,ucirvineanteaters::weberstate,44b8c5e46c04254f2f4cabf3642eb175,Caesars,h2h,2h,2025-11-16 03:00:00+00:00,2025-11-15 16:51:47+00:00,UC Irvine Anteaters,Weber State Wildcats,-650.0,460.0,,,,,,,,2025-11-16,1,77.39897,3.9328418,70.936676,77.39897,2.7859669,3.9328418,77.39897,3.9328418,,,,,,0.8666666666666667,0.1785714285714285,0.6368769117487353,0.3631230882512647,-1.0,0.2246715856971917,-0.2651420249053054,1.033489294207082,0.1538461538461538,4.6
401826932,2025,2025-11-15,2025-11-16 03:00:00+00:00,UC Irvine Anteaters,Weber State Wildcats,0,0,,,,,False,Bren Events Center,espn,ucirvineanteaters::weberstate,44b8c5e46c04254f2f4cabf3642eb175,DraftKings,h2h,2h,2025-11-16 03:00:00+00:00,2025-11-15 16:52:38+00:00,UC Irvine Anteaters,Weber State Wildcats,-625.0,455.0,,,,,,,,2025-11-16,1,77.39897,3.9328418,70.936676,77.39897,2.7859669,3.9328418,77.39897,3.9328418,,,,,,0.8620689655172413,0.1801801801801801,0.6368769117487353,0.3631230882512647,-1.0,0.22315014061418,-0.261222782371467,1.0153331397945191,0.16,4.55
401826932,2025,2025-11-15,2025-11-16 03:00:00+00:00,UC Irvine Anteaters,Weber State Wildcats,0,0,,,,,False,Bren Events Center,espn,ucirvineanteaters::weberstate,44b8c5e46c04254f2f4cabf3642eb175,FanDuel,h2h,2h,2025-11-16 03:00:00+00:00,2025-11-15 16:53:17+00:00,UC Irvine Anteaters,Weber State Wildcats,-670.0,470.0,,,,,,,,2025-11-16,1,77.39897,3.9328418,70.936676,77.39897,2.7859669,3.9328418,77.39897,3.9328418,,,,,,0.8701298701298701,0.175438596491228,0.6368769117487353,0.3631230882512647,-1.0,0.2276173623472785,-0.2680668327663789,1.069801603032209,0.1492537313432835,4.7
401826932,2025,2025-11-15,2025-11-16 03:00:00+00:00,UC Irvine Anteaters,Weber State Wildcats,0,0,,,,,False,Bren Events Center,espn,ucirvineanteaters::weberstate,44b8c5e46c04254f2f4cabf3642eb175,LowVig.ag,h2h,2h,2025-11-16 03:00:00+00:00,2025-11-15 16:52:39+00:00,UC Irvine Anteaters,Weber State Wildcats,-650.0,476.0,,,,,,,,2025-11-16,1,77.39897,3.9328418,70.936676,77.39897,2.7859669,3.9328418,77.39897,3.9328418,,,,,,0.8666666666666667,0.1736111111111111,0.6368769117487353,0.3631230882512647,-1.0,0.2293254177158161,-0.2651420249053054,1.091588988327285,0.1538461538461538,4.76
401826948,2025,2025-11-15,2025-11-16 03:00:00+00:00,Fresno State Bulldogs,Utah Valley Wolverines,0,0,,,,,False,Save Mart Center,espn,fresnostate::utahvalleywolverines,7c30499706091aea96f05498614d30fd,BetMGM,h2h,2h,2025-11-16 03:00:00+00:00,2025-11-15 16:52:39+00:00,Fresno St Bulldogs,Utah Valley Wolverines,155.0,-190.0,,,,,,,,2025-11-16,1,76.742424,-3.4048226,70.48124,76.742424,-3.5229552,-3.4048226,76.742424,-3.4048226,,,,,,0.392156862745098,0.6551724137931034,0.3807412403665159,0.619258759633484,-0.0187805400421833,-0.1041495970628965,-0.0291098370653841,-0.0548155774015244,1.55,0.5263157894736842
401826948,2025,2025-11-15,2025-11-16 03:00:00+00:00,Fresno State Bulldogs,Utah Valley Wolverines,0,0,,,,,False,Save Mart Center,espn,fresnostate::utahvalleywolverines,7c30499706091aea96f05498614d30fd,BetOnline.ag,h2h,2h,2025-11-16 03:00:00+00:00,2025-11-15 16:53:18+00:00,Fresno St Bulldogs,Utah Valley Wolverines,164.0,-188.0,,,,,,,,2025-11-16,1,76.742424,-3.4048226,70.48124,76.742424,-3.5229552,-3.4048226,76.742424,-3.4048226,,,,,,0.3787878787878788,0.6527777777777778,0.3807412403665159,0.619258759633484,0.0031444357119525,-0.0965347722555661,0.0051568745676021,-0.0513482831146628,1.64,0.5319148936170213
401826948,2025,2025-11-15,2025-11-16 03:00:00+00:00,Fresno State Bulldogs,Utah Valley Wolverines,0,0,,,,,False,Save Mart Center,espn,fresnostate::utahvalleywolverines,7c30499706091aea96f05498614d30fd,BetRivers,h2h,2h,2025-11-16 03:00:00+00:00,2025-11-15 16:51:48+00:00,Fresno St Bulldogs,Utah Valley Wolverines,160.0,-210.0,,,,,,,,2025-11-16,1,76.742424,-3.4048226,70.48124,76.742424,-3.5229552,-3.4048226,76.742424,-3.4048226,,,,,,0.3846153846153846,0.6774193548387096,0.3807412403665159,0.619258759633484,-0.0062954844044114,-0.1802978451361997,-0.0100727750470583,-0.0858561167315236,1.6,0.4761904761904761
401826948,2025,2025-11-15,2025-11-16 03:00:00+00:00,Fresno State Bulldogs,Utah Valley Wolverines,0,0,,,,,False,Save Mart Center,espn,fresnostate::utahvalleywolverines,7c30499706091aea96f05498614d30fd,BetUS,h2h,2h,2025-11-16 03:00:00+00:00,2025-11-15 16:52:52+00:00,Fresno St Bulldogs,Utah Valley Wolverines,163.0,-190.0,,,,,,,,2025-11-16,1,76.742424,-3.4048226,70.48124,76.742424,-3.5229552,-3.4048226,76.742424,-3.4048226,,,,,,0.3802281368821292,0.6551724137931034,0.3807412403665159,0.619258759633484,0.0008278908981208,-0.1041495970628965,0.001349462163937,-0.0548155774015244,1.63,0.5263157894736842
401826948,2025,2025-11-15,2025-11-16 03:00:00+00:00,Fresno State Bulldogs,Utah Valley Wolverines,0,0,,,,,False,Save Mart Center,espn,fresnostate::utahvalleywolverines,7c30499706091aea96f05498614d30fd,Bovada,h2h,2h,2025-11-16 03:00:00+00:00,2025-11-15 16:53:11+00:00,Fresno St Bulldogs,Utah Valley Wolverines,165.0,-195.0,,,,,,,,2025-11-16,1,76.742424,-3.4048226,70.48124,76.742424,-3.5229552,-3.4048226,76.742424,-3.4048226,,,,,,0.3773584905660377,0.6610169491525424,0.3807412403665159,0.619258759633484,0.0054329011947074,-0.1231866590812223,0.0089642869712672,-0.0631726456826781,1.65,0.5128205128205128
401826948,2025,2025-11-15,2025-11-16 03:00:00+00:00,Fresno State Bulldogs,Utah Valley Wolverines,0,0,,,,,False,Save Mart Center,espn,fresnostate::utahvalleywolverines,7c30499706091aea96f05498614d30fd,Caesars,h2h,2h,2025-11-16 03:00:00+00:00,2025-11-15 16:51:47+00:00,Fresno St Bulldogs,Utah Valley Wolverines,158.0,-190.0,,,,,,,,2025-11-16,1,76.742424,-3.4048226,70.48124,76.742424,-3.5229552,-3.4048226,76.742424,-3.4048226,,,,,,0.3875968992248062,0.6551724137931034,0.3807412403665159,0.619258759633484,-0.0111946834521447,-0.1041495970628965,-0.0176875998543887,-0.0548155774015244,1.58,0.5263157894736842
401826948,2025,2025-11-15,2025-11-16 03:00:00+00:00,Fresno State Bulldogs,Utah Valley Wolverines,0,0,,,,,False,Save Mart Center,espn,fresnostate::utahvalleywolverines,7c30499706091aea96f05498614d30fd,DraftKings,h2h,2h,2025-11-16 03:00:00+00:00,2025-11-15 16:52:38+00:00,Fresno St Bulldogs,Utah Valley Wolverines,160.0,-192.0,,,,,,,,2025-11-16,1,76.742424,-3.4048226,70.48124,76.742424,-3.5229552,-3.4048226,76.742424,-3.4048226,,,,,,0.3846153846153846,0.6575342465753424,0.3807412403665159,0.619258759633484,-0.0062954844044114,-0.1117644218702267,-0.0100727750470583,-0.058210636390743,1.6,0.5208333333333334
401826948,2025,2025-11-15,2025-11-16 03:00:00+00:00,Fresno State Bulldogs,Utah Valley Wolverines,0,0,,,,,False,Save Mart Center,espn,fresnostate::utahvalleywolverines,7c30499706091aea96f05498614d30fd,FanDuel,h2h,2h,2025-11-16 03:00:00+00:00,2025-11-15 16:53:18+00:00,Fresno St Bulldogs,Utah Valley Wolverines,168.0,-210.0,,,,,,,,2025-11-16,1,76.742424,-3.4048226,70.48124,76.742424,-3.5229552,-3.4048226,76.742424,-3.4048226,,,,,,0.373134328358209,0.6774193548387096,0.3807412403665159,0.619258759633484,0.0121348358227754,-0.1802978451361997,0.0203865241822628,-0.0858561167315236,1.68,0.4761904761904761
401826948,2025,2025-11-15,2025-11-16 03:00:00+00:00,Fresno State Bulldogs,Utah Valley Wolverines,0,0,,,,,False,Save Mart Center,espn,fresnostate::utahvalleywolverines,7c30499706091aea96f05498614d30fd,LowVig.ag,h2h,2h,2025-11-16 03:00:00+00:00,2025-11-15 16:52:39+00:00,Fresno St Bulldogs,Utah Valley Wolverines,164.0,-188.0,,,,,,,,2025-11-16,1,76.742424,-3.4048226,70.48124,76.742424,-3.5229552,-3.4048226,76.742424,-3.4048226,,,,,,0.3787878787878788,0.6527777777777778,0.3807412403665159,0.619258759633484,0.0031444357119525,-0.0965347722555661,0.0051568745676021,-0.0513482831146628,1.64,0.5319148936170213
401827005,2025,2025-11-15,2025-11-15 22:00:00+00:00,Texas State Bobcats,Texas Southern Tigers,0,0,,,,,False,Strahan Arena at the University Events Center,espn,texassouthern::texasstate,9fc9a3d0ec83da6c8ce2175d56b68d2a,BetMGM,h2h,2h,2025-11-15 22:00:00+00:00,2025-11-15 16:52:39+00:00,Texas State Bobcats,Texas Southern Tigers,-190.0,154.0,,,,,,,,2025-11-15,0,76.892044,3.4642105,70.01088,76.892044,1.6793637,3.4642105,76.892044,3.4642105,,,,,,0.6551724137931034,0.3937007874015748,0.6212570574447147,0.3787429425552853,-0.0983545334103273,-0.0246707311101138,-0.0517655439001722,-0.0379929259095753,0.5263157894736842,1.54
401827005,2025,2025-11-15,2025-11-15 22:00:00+00:00,Texas State Bobcats,Texas Southern Tigers,0,0,,,,,False,Strahan Arena at the University Events Center,espn,texassouthern::texasstate,9fc9a3d0ec83da6c8ce2175d56b68d2a,BetRivers,h2h,2h,2025-11-15 22:00:00+00:00,2025-11-15 16:51:47+00:00,Texas State Bobcats,Texas Southern Tigers,-205.0,160.0,,,,,,,,2025-11-15,0,76.892044,3.4642105,70.01088,76.892044,1.6793637,3.4642105,76.892044,3.4642105,,,,,,0.6721311475409836,0.3846153846153846,0.6212570574447147,0.3787429425552853,-0.1551659747936201,-0.0095427183476613,-0.075690719411522,-0.0152683493562582,0.4878048780487805,1.6
401827005,2025,2025-11-15,2025-11-15 22:00:00+00:00,Texas State Bobcats,Texas Southern Tigers,0,0,,,,,False,Strahan Arena at the University Events Center,espn,texassouthern::texasstate,9fc9a3d0ec83da6c8ce2175d56b68d2a,Bovada,h2h,2h,2025-11-15 22:00:00+00:00,2025-11-15 16:53:10+00:00,Texas State Bobcats,Texas Southern Tigers,-210.0,175.0,,,,,,,,2025-11-15,0,76.892044,3.4642105,70.01088,76.892044,1.6793637,3.4642105,76.892044,3.4642105,,,,,,0.6774193548387096,0.3636363636363636,0.6212570574447147,0.3787429425552853,-0.1741031219213844,0.023738909729734,-0.0829062485339925,0.0415430920270345,0.4761904761904761,1.75
401827005,2025,2025-11-15,2025-11-15 22:00:00+00:00,Texas State Bobcats,Texas Southern Tigers,0,0,,,,,False,Strahan Arena at the University Events Center,espn,texassouthern::texasstate,9fc9a3d0ec83da6c8ce2175d56b68d2a,Caesars,h2h,2h,2025-11-15 22:00:00+00:00,2025-11-15 16:51:46+00:00,Texas State Bobcats,Texas Southern Tigers,-195.0,162.0,,,,,,,,2025-11-15,0,76.892044,3.4642105,70.01088,76.892044,1.6793637,3.4642105,76.892044,3.4642105,,,,,,0.6610169491525424,0.3816793893129771,0.6212570574447147,0.3787429425552853,-0.1172916805380916,-0.0047490682130571,-0.0601495797631239,-0.0076934905051525,0.5128205128205128,1.62
401827005,2025,2025-11-15,2025-11-15 22:00:00+00:00,Texas State Bobcats,Texas Southern Tigers,0,0,,,,,False,Strahan Arena at the University Events Center,espn,texassouthern::texasstate,9fc9a3d0ec83da6c8ce2175d56b68d2a,DraftKings,h2h,2h,2025-11-15 22:00:00+00:00,2025-11-15 16:52:38+00:00,Texas State Bobcats,Texas Southern Tigers,-198.0,164.0,,,,,,,,2025-11-15,0,76.892044,3.4642105,70.01088,76.892044,1.6793637,3.4642105,76.892044,3.4642105,,,,,,0.6644295302013423,0.3787878787878788,0.6212570574447147,0.3787429425552853,-0.1286539688147501,-7.233637441884629e-05,-0.0649767519266414,-0.0001186316540469,0.5050505050505051,1.64
401827005,2025,2025-11-15,2025-11-15 22:00:00+00:00,Texas State Bobcats,Texas Southern Tigers,0,0,,,,,False,Strahan Arena at the University Events Center,espn,texassouthern::texasstate,9fc9a3d0ec83da6c8ce2175d56b68d2a,FanDuel,h2h,2h,2025-11-15 22:00:00+00:00,2025-11-15 16:53:17+00:00,Texas State Bobcats,Texas Southern Tigers,-205.0,168.0,,,,,,,,2025-11-15,0,76.892044,3.4642105,70.01088,76.892044,1.6793637,3.4642105,76.892044,3.4642105,,,,,,0.6721311475409836,0.373134328358209,0.6212570574447147,0.3787429425552853,-0.1551659747936201,0.0089470750286693,-0.075690719411522,0.0150310860481645,0.4878048780487805,1.68
401827005,2025,2025-11-15,2025-11-15 22:00:00+00:00,Texas State Bobcats,Texas Southern Tigers,0,0,,,,,False,Strahan Arena at the University Events Center,espn,texassouthern::texasstate,9fc9a3d0ec83da6c8ce2175d56b68d2a,Fanatics,h2h,2h,2025-11-15 22:00:00+00:00,2025-11-15 15:13:20+00:00,Texas State Bobcats,Texas Southern Tigers,-240.0,190.0,,,,,,,,2025-11-15,0,76.892044,3.4642105,70.01088,76.892044,1.6793637,3.4642105,76.892044,3.4642105,,,,,,0.7058823529411765,0.3448275862068966,0.6212570574447147,0.3787429425552853,-0.2877260046879699,0.0517655439001722,-0.1198858352866541,0.0983545334103273,0.4166666666666667,1.9
401827235,2025,2025-11-15,2025-11-16 02:00:00+00:00,Minnesota Golden Gophers,Green Bay Phoenix,0,0,,,,,False,Williams Arena,espn,greenbayphoenix::minnesotagolden,4ee145c9787e53a83124264ae26a2d48,DraftKings,h2h,2h,2025-11-16 02:00:00+00:00,2025-11-15 16:52:38+00:00,Minnesota Golden Gophers,Green Bay Phoenix,-4000.0,1600.0,,,,,,,,2025-11-16,1,78.061195,15.910622,70.89041,78.061195,12.46475,15.910622,78.061195,15.910622,,,,,,0.975609756097561,0.0588235294117647,0.9066115159286946,0.0933884840713054,-1.0,0.0367252643257619,-0.070723196173088,0.5876042292121918,0.025,16.0
401827235,2025,2025-11-15,2025-11-16 02:00:00+00:00,Minnesota Golden Gophers,Green Bay Phoenix,0,0,,,,,False,Williams Arena,espn,greenbayphoenix::minnesotagolden,4ee145c9787e53a83124264ae26a2d48,FanDuel,h2h,2h,2025-11-16 02:00:00+00:00,2025-11-15 16:53:17+00:00,Minnesota Golden Gophers,Green Bay Phoenix,-20000.0,3500.0,,,,,,,,2025-11-16,1,78.061195,15.910622,70.89041,78.061195,12.46475,15.910622,78.061195,15.910622,,,,,,0.9950248756218906,0.0277777777777777,0.9066115159286946,0.0933884840713054,-1.0,0.0674852979019141,-0.0888554264916619,2.3619854265669944,0.005,35.0
401827911,2025,2025-11-15,2025-11-15 21:00:00+00:00,Utah State Aggies,UTEP Miners,0,0,,,,,False,Dee Glen Smith Spectrum,espn,utahstate::utepminers,d596a9154e99375848961f8679297a4d,BetMGM,h2h,2h,2025-11-15 21:00:00+00:00,2025-11-15 16:52:39+00:00,Utah State Aggies,UTEP Miners,-2000.0,950.0,,,,,,,,2025-11-15,0,78.3145,8.677972,72.177986,78.3145,7.608797,8.677972,78.3145,8.677972,,,,,,0.9523809523809524,0.0952380952380952,0.7755135812783522,0.2244864187216477,-1.0,0.1428534101660317,-0.1857107396577301,1.3571073965773013,0.05,9.5
401827911,2025,2025-11-15,2025-11-15 21:00:00+00:00,Utah State Aggies,UTEP Miners,0,0,,,,,False,Dee Glen Smith Spectrum,espn,utahstate::utepminers,d596a9154e99375848961f8679297a4d,BetRivers,h2h,2h,2025-11-15 21:00:00+00:00,2025-11-15 16:51:47+00:00,Utah State Aggies,UTEP Miners,-3335.0,850.0,,,,,,,,2025-11-15,0,78.3145,8.677972,72.177986,78.3145,7.608797,8.677972,78.3145,8.677972,,,,,,0.9708879184861716,0.1052631578947368,0.7755135812783522,0.2244864187216477,-1.0,0.1332495268065475,-0.2012326381735712,1.1326209778556535,0.0299850074962518,8.5
401827911,2025,2025-11-15,2025-11-15 21:00:00+00:00,Utah State Aggies,UTEP Miners,0,0,,,,,False,Dee Glen Smith Spectrum,espn,utahstate::utepminers,d596a9154e99375848961f8679297a4d,BetUS,h2h,2h,2025-11-15 21:00:00+00:00,2025-11-15 16:52:52+00:00,Utah State Aggies,UTEP Miners,-2000.0,1050.0,,,,,,,,2025-11-15,0,78.3145,8.677972,72.177986,78.3145,7.608797,8.677972,78.3145,8.677972,,,,,,0.9523809523809524,0.0869565217391304,0.7755135812783522,0.2244864187216477,-1.0,0.1506279824094237,-0.1857107396577301,1.5815938152989495,0.05,10.5
401827911,2025,2025-11-15,2025-11-15 21:00:00+00:00,Utah State Aggies,UTEP Miners,0,0,,,,,False,Dee Glen Smith Spectrum,espn,utahstate::utepminers,d596a9154e99375848961f8679297a4d,Bovada,h2h,2h,2025-11-15 21:00:00+00:00,2025-11-15 16:53:10+00:00,Utah State Aggies,UTEP Miners,-2200.0,1000.0,,,,,,,,2025-11-15,0,78.3145,8.677972,72.177986,78.3145,7.608797,8.677972,78.3145,8.677972,,,,,,0.9565217391304348,0.0909090909090909,0.7755135812783522,0.2244864187216477,-1.0,0.1469350605938125,-0.1892358013908135,1.4693506059381254,0.0454545454545454,10.0
401827911,2025,2025-11-15,2025-11-15 21:00:00+00:00,Utah State Aggies,UTEP Miners,0,0,,,,,False,Dee Glen Smith Spectrum,espn,utahstate::utepminers,d596a9154e99375848961f8679297a4d,Caesars,h2h,2h,2025-11-15 21:00:00+00:00,2025-11-15 16:51:46+00:00,Utah State Aggies,UTEP Miners,-1700.0,950.0,,,,,,,,2025-11-15,0,78.3145,8.677972,72.177986,78.3145,7.608797,8.677972,78.3145,8.677972,,,,,,0.9444444444444444,0.0952380952380952,0.7755135812783522,0.2244864187216477,-1.0,0.1428534101660317,-0.1788679727640976,1.3571073965773013,0.0588235294117647,9.5
401827911,2025,2025-11-15,2025-11-15 21:00:00+00:00,Utah State Aggies,UTEP Miners,0,0,,,,,False,Dee Glen Smith Spectrum,espn,utahstate::utepminers,d596a9154e99375848961f8679297a4d,DraftKings,h2h,2h,2025-11-15 21:00:00+00:00,2025-11-15 16:52:38+00:00,Utah State Aggies,UTEP Miners,-2100.0,1100.0,,,,,,,,2025-11-15,0,78.3145,8.677972,72.177986,78.3145,7.608797,8.677972,78.3145,8.677972,,,,,,0.9545454545454546,0.0833333333333333,0.7755135812783522,0.2244864187216477,-1.0,0.1539851840599793,-0.1875572005655357,1.6938370246597731,0.0476190476190476,11.0
401827911,2025,2025-11-15,2025-11-15 21:00:00+00:00,Utah State Aggies,UTEP Miners,0,0,,,,,False,Dee Glen Smith Spectrum,espn,utahstate::utepminers,d596a9154e99375848961f8679297a4d,FanDuel,h2h,2h,2025-11-15 21:00:00+00:00,2025-11-15 16:53:17+00:00,Utah State Aggies,UTEP Miners,-2500.0,1100.0,,,,,,,,2025-11-15,0,78.3145,8.677972,72.177986,78.3145,7.608797,8.677972,78.3145,8.677972,,,,,,0.9615384615384616,0.0833333333333333,0.7755135812783522,0.2244864187216477,-1.0,0.1539851840599793,-0.1934658754705136,1.6938370246597731,0.04,11.0
401827911,2025,2025-11-15,2025-11-15 21:00:00+00:00,Utah State Aggies,UTEP Miners,0,0,,,,,False,Dee Glen Smith Spectrum,espn,utahstate::utepminers,d596a9154e99375848961f8679297a4d,Fanatics,h2h,2h,2025-11-15 21:00:00+00:00,2025-11-15 15:13:20+00:00,Utah State Aggies,UTEP Miners,-1800.0,1050.0,,,,,,,,2025-11-15,0,78.3145,8.677972,72.177986,78.3145,7.608797,8.677972,78.3145,8.677972,,,,,,0.9473684210526316,0.0869565217391304,0.7755135812783522,0.2244864187216477,-1.0,0.1506279824094237,-0.1814023308728504,1.5815938152989495,0.0555555555555555,10.5
401828681,2025,2025-11-15,2025-11-15 18:00:00+00:00,New Haven Chargers,Delaware State Hornets,0,0,,,,,False,Jeffery P. Hazell Athletics Center,espn,delawarestate::newhavenchargers,ac525d076ca2ce100ff63186e714cc8b,BetMGM,h2h,2h,2025-11-15 18:00:00+00:00,2025-11-15 16:52:38+00:00,New Haven Chargers,Delaware St Hornets,-130.0,105.0,,,,,,,,2025-11-15,0,76.39651,9.086908,68.43632,76.39651,5.0072837,9.086908,76.39651,9.086908,,,,,,0.5652173913043478,0.4878048780487805,0.7855200487496021,0.2144799512503978,0.5066961121240848,-0.5336343808920803,0.3897662400954499,-0.5603160999366843,0.7692307692307693,1.05
401828681,2025,2025-11-15,2025-11-15 18:00:00+00:00,New Haven Chargers,Delaware State Hornets,0,0,,,,,False,Jeffery P. Hazell Athletics Center,espn,delawarestate::newhavenchargers,ac525d076ca2ce100ff63186e714cc8b,BetRivers,h2h,2h,2025-11-15 18:00:00+00:00,2025-11-15 16:51:46+00:00,New Haven Chargers,Delaware St Hornets,-122.0,100.0,,,,,,,,2025-11-15,0,76.39651,9.086908,68.43632,76.39651,5.0072837,9.086908,76.39651,9.086908,,,,,,0.5495495495495496,0.5,0.7855200487496021,0.2144799512503978,0.5238545082241168,-0.5710400974992043,0.4293889411673088,-0.5710400974992043,0.819672131147541,1.0
401828681,2025,2025-11-15,2025-11-15 18:00:00+00:00,New Haven Chargers,Delaware State Hornets,0,0,,,,,False,Jeffery P. Hazell Athletics Center,espn,delawarestate::newhavenchargers,ac525d076ca2ce100ff63186e714cc8b,Bovada,h2h,2h,2025-11-15 18:00:00+00:00,2025-11-15 16:53:10+00:00,New Haven Chargers,Delaware St Hornets,-125.0,105.0,,,,,,,,2025-11-15,0,76.39651,9.086908,68.43632,76.39651,5.0072837,9.086908,76.39651,9.086908,,,,,,0.5555555555555556,0.4878048780487805,0.7855200487496021,0.2144799512503978,0.5174201096866049,-0.5336343808920803,0.4139360877492839,-0.5603160999366843,0.8,1.05
401828681,2025,2025-11-15,2025-11-15 18:00:00+00:00,New Haven Chargers,Delaware State Hornets,0,0,,,,,False,Jeffery P. Hazell Athletics Center,espn,delawarestate::newhavenchargers,ac525d076ca2ce100ff63186e714cc8b,Caesars,h2h,2h,2025-11-15 18:00:00+00:00,2025-11-15 16:51:46+00:00,New Haven Chargers,Delaware St Hornets,-125.0,105.0,,,,,,,,2025-11-15,0,76.39651,9.086908,68.43632,76.39651,5.0072837,9.086908,76.39651,9.086908,,,,,,0.5555555555555556,0.4878048780487805,0.7855200487496021,0.2144799512503978,0.5174201096866049,-0.5336343808920803,0.4139360877492839,-0.5603160999366843,0.8,1.05
401828681,2025,2025-11-15,2025-11-15 18:00:00+00:00,New Haven Chargers,Delaware State Hornets,0,0,,,,,False,Jeffery P. Hazell Athletics Center,espn,delawarestate::newhavenchargers,ac525d076ca2ce100ff63186e714cc8b,DraftKings,h2h,2h,2025-11-15 18:00:00+00:00,2025-11-15 16:52:38+00:00,New Haven Chargers,Delaware St Hornets,-130.0,110.0,,,,,,,,2025-11-15,0,76.39651,9.086908,68.43632,76.39651,5.0072837,9.086908,76.39651,9.086908,,,,,,0.5652173913043478,0.4761904761904761,0.7855200487496021,0.2144799512503978,0.5066961121240848,-0.499629183976513,0.3897662400954499,-0.5495921023741644,0.7692307692307693,1.1
401828681,2025,2025-11-15,2025-11-15 18:00:00+00:00,New Haven Chargers,Delaware State Hornets,0,0,,,,,False,Jeffery P. Hazell Athletics Center,espn,delawarestate::newhavenchargers,ac525d076ca2ce100ff63186e714cc8b,FanDuel,h2h,2h,2025-11-15 18:00:00+00:00,2025-11-15 16:53:18+00:00,New Haven Chargers,Delaware St Hornets,-128.0,104.0,,,,,,,,2025-11-15,0,76.39651,9.086908,68.43632,76.39651,5.0072837,9.086908,76.39651,9.086908,,,,,,0.5614035087719298,0.4901960784313725,0.7855200487496021,0.2144799512503978,0.5109857111490929,-0.5408277879319118,0.3992075868352288,-0.5624608994491883,0.78125,1.04
401828681,2025,2025-11-15,2025-11-15 18:00:00+00:00,New Haven Chargers,Delaware State Hornets,0,0,,,,,False,Jeffery P. Hazell Athletics Center,espn,delawarestate::newhavenchargers,ac525d076ca2ce100ff63186e714cc8b,Fanatics,h2h,2h,2025-11-15 18:00:00+00:00,2025-11-15 15:13:20+00:00,New Haven Chargers,Delaware St Hornets,-120.0,100.0,,,,,,,,2025-11-15,0,76.39651,9.086908,68.43632,76.39651,5.0072837,9.086908,76.39651,9.086908,,,,,,0.5454545454545454,0.5,0.7855200487496021,0.2144799512503978,0.5281441072491248,-0.5710400974992043,0.4401200893742706,-0.5710400974992043,0.8333333333333334,1.0
401830115,2025,2025-11-15,2025-11-15 19:00:00+00:00,UNC Greensboro Spartans,Austin Peay Governors,0,0,,,,,False,First Horizon Coliseum,espn,austinpeay::uncgreensboro,dd04fa7927bbad53e3a251c40ffb66ee,BetMGM,h2h,2h,2025-11-15 19:00:00+00:00,2025-11-15 16:52:39+00:00,UNC Greensboro Spartans,Austin Peay Governors,-135.0,110.0,,,,,,,,2025-11-15,0,77.39153,13.787704,69.83356,77.39153,9.91352,13.787704,77.39153,13.787704,,,,,,0.574468085106383,0.4761904761904761,0.8775758783833275,0.1224241216166724,0.7123033142008196,-0.6753721314590797,0.5276320845931997,-0.7429093446049877,0.7407407407407407,1.1
401830115,2025,2025-11-15,2025-11-15 19:00:00+00:00,UNC Greensboro Spartans,Austin Peay Governors,0,0,,,,,False,First Horizon Coliseum,espn,austinpeay::uncgreensboro,dd04fa7927bbad53e3a251c40ffb66ee,BetRivers,h2h,2h,2025-11-15 19:00:00+00:00,2025-11-15 16:51:47+00:00,UNC Greensboro Spartans,Austin Peay Governors,-134.0,108.0,,,,,,,,2025-11-15,0,77.39153,13.787704,69.83356,77.39153,9.91352,13.787704,77.39153,13.787704,,,,,,0.5726495726495726,0.4807692307692308,0.8775758783833275,0.1224241216166724,0.7135275554169864,-0.6901461361456678,0.5324832503111839,-0.7453578270373212,0.746268656716418,1.08
401830115,2025,2025-11-15,2025-11-15 19:00:00+00:00,UNC Greensboro Spartans,Austin Peay Governors,0,0,,,,,False,First Horizon Coliseum,espn,austinpeay::uncgreensboro,dd04fa7927bbad53e3a251c40ffb66ee,Bovada,h2h,2h,2025-11-15 19:00:00+00:00,2025-11-15 16:53:10+00:00,UNC Greensboro Spartans,Austin Peay Governors,-135.0,115.0,,,,,,,,2025-11-15,0,77.39153,13.787704,69.83356,77.39153,9.91352,13.787704,77.39153,13.787704,,,,,,0.574468085106383,0.4651162790697674,0.8775758783833275,0.1224241216166724,0.7123033142008196,-0.6406853378470906,0.5276320845931997,-0.7367881385241541,0.7407407407407407,1.15
401830115,2025,2025-11-15,2025-11-15 19:00:00+00:00,UNC Greensboro Spartans,Austin Peay Governors,0,0,,,,,False,First Horizon Coliseum,espn,austinpeay::uncgreensboro,dd04fa7927bbad53e3a251c40ffb66ee,Caesars,h2h,2h,2025-11-15 19:00:00+00:00,2025-11-15 16:51:46+00:00,UNC Greensboro Spartans,Austin Peay Governors,-130.0,110.0,,,,,,,,2025-11-15,0,77.39153,13.787704,69.83356,77.39153,9.91352,13.787704,77.39153,13.787704,,,,,,0.5652173913043478,0.4761904761904761,0.8775758783833275,0.1224241216166724,0.7184245202816533,-0.6753721314590797,0.5526342463705025,-0.7429093446049877,0.7692307692307693,1.1
401830115,2025,2025-11-15,2025-11-15 19:00:00+00:00,UNC Greensboro Spartans,Austin Peay Governors,0,0,,,,,False,First Horizon Coliseum,espn,austinpeay::uncgreensboro,dd04fa7927bbad53e3a251c40ffb66ee,DraftKings,h2h,2h,2025-11-15 19:00:00+00:00,2025-11-15 16:52:38+00:00,UNC Greensboro Spartans,Austin Peay Governors,-130.0,110.0,,,,,,,,2025-11-15,0,77.39153,13.787704,69.83356,77.39153,9.91352,13.787704,77.39153,13.787704,,,,,,0.5652173913043478,0.4761904761904761,0.8775758783833275,0.1224241216166724,0.7184245202816533,-0.6753721314590797,0.5526342463705025,-0.7429093446049877,0.7692307692307693,1.1
401830115,2025,2025-11-15,2025-11-15 19:00:00+00:00,UNC Greensboro Spartans,Austin Peay Governors,0,0,,,,,False,First Horizon Coliseum,espn,austinpeay::uncgreensboro,dd04fa7927bbad53e3a251c40ffb66ee,FanDuel,h2h,2h,2025-11-15 19:00:00+00:00,2025-11-15 16:53:18+00:00,UNC Greensboro Spartans,Austin Peay Governors,-134.0,110.0,,,,,,,,2025-11-15,0,77.39153,13.787704,69.83356,77.39153,9.91352,13.787704,77.39153,13.787704,,,,,,0.5726495726495726,0.4761904761904761,0.8775758783833275,0.1224241216166724,0.7135275554169864,-0.6753721314590797,0.5324832503111839,-0.7429093446049877,0.746268656716418,1.1
401830115,2025,2025-11-15,2025-11-15 19:00:00+00:00,UNC Greensboro Spartans,Austin Peay Governors,0,0,,,,,False,First Horizon Coliseum,espn,austinpeay::uncgreensboro,dd04fa7927bbad53e3a251c40ffb66ee,Fanatics,h2h,2h,2025-11-15 19:00:00+00:00,2025-11-15 15:13:20+00:00,UNC Greensboro Spartans,Austin Peay Governors,-130.0,110.0,,,,,,,,2025-11-15,0,77.39153,13.787704,69.83356,77.39153,9.91352,13.787704,77.39153,13.787704,,,,,,0.5652173913043478,0.4761904761904761,0.8775758783833275,0.1224241216166724,0.7184245202816533,-0.6753721314590797,0.5526342463705025,-0.7429093446049877,0.7692307692307693,1.1
