game_id,book,fetched_at,moneyline_home,moneyline_away,spread,total,commence_time,home_team_name,away_team_name
637e6b560dd32cea4594f3d006bb0d76,BetOnline.ag,2026-02-21 14:26:23.864743+00:00,-210.0,180.0,-5.0,145.0,2026-02-21 17:00:00+00:00,Charlotte 49ers,East Carolina Pirates
637e6b560dd32cea4594f3d006bb0d76,LowVig.ag,2026-02-21 14:26:23.864743+00:00,-210.0,180.0,-5.0,145.0,2026-02-21 17:00:00+00:00,Charlotte 49ers,East Carolina Pirates
637e6b560dd32cea4594f3d006bb0d76,DraftKings,2026-02-21 14:26:23.864743+00:00,-245.0,200.0,-5.5,145.5,2026-02-21 17:00:00+00:00,Charlotte 49ers,East Carolina Pirates
637e6b560dd32cea4594f3d006bb0d76,Fanatics,2026-02-21 14:26:23.864743+00:00,-225.0,185.0,-5.0,145.0,2026-02-21 17:00:00+00:00,Charlotte 49ers,East Carolina Pirates
637e6b560dd32cea4594f3d006bb0d76,BetMGM,2026-02-21 14:26:23.864743+00:00,-225.0,185.0,-5.5,145.5,2026-02-21 17:00:00+00:00,Charlotte 49ers,East Carolina Pirates
637e6b560dd32cea4594f3d006bb0d76,Bovada,2026-02-21 14:26:23.864743+00:00,-230.0,190.0,-5.0,145.0,2026-02-21 17:00:00+00:00,Charlotte 49ers,East Carolina Pirates
637e6b560dd32cea4594f3d006bb0d76,FanDuel,2026-02-21 14:26:23.864743+00:00,-240.0,195.0,-4.5,145.5,2026-02-21 17:00:00+00:00,Charlotte 49ers,East Carolina Pirates
637e6b560dd32cea4594f3d006bb0d76,Caesars,2026-02-21 14:26:23.864743+00:00,-225.0,185.0,-5.0,145.5,2026-02-21 17:00:00+00:00,Charlotte 49ers,East Carolina Pirates
637e6b560dd32cea4594f3d006bb0d76,BetUS,2026-02-21 14:26:23.864743+00:00,-210.0,180.0,-5.0,145.5,2026-02-21 17:00:00+00:00,Charlotte 49ers,East Carolina Pirates
637e6b560dd32cea4594f3d006bb0d76,BetRivers,2026-02-21 14:26:23.864743+00:00,-230.0,180.0,-4.5,144.5,2026-02-21 17:00:00+00:00,Charlotte 49ers,East Carolina Pirates
3bd0532bb23c8fbb535635985ba8ea66,DraftKings,2026-02-21 14:26:23.864743+00:00,675.0,-1050.0,13.5,150.5,2026-02-21 17:00:00+00:00,Ole Miss Rebels,Florida Gators
3bd0532bb23c8fbb535635985ba8ea66,Fanatics,2026-02-21 14:26:23.864743+00:00,650.0,-1000.0,13.0,150.5,2026-02-21 17:00:00+00:00,Ole Miss Rebels,Florida Gators
3bd0532bb23c8fbb535635985ba8ea66,BetRivers,2026-02-21 14:26:23.864743+00:00,650.0,-1250.0,13.5,150.5,2026-02-21 17:00:00+00:00,Ole Miss Rebels,Florida Gators
3bd0532bb23c8fbb535635985ba8ea66,FanDuel,2026-02-21 14:26:23.864743+00:00,720.0,-1200.0,13.5,150.5,2026-02-21 17:00:00+00:00,Ole Miss Rebels,Florida Gators
3bd0532bb23c8fbb535635985ba8ea66,Bovada,2026-02-21 14:26:23.864743+00:00,625.0,-1000.0,13.0,150.5,2026-02-21 17:00:00+00:00,Ole Miss Rebels,Florida Gators
3bd0532bb23c8fbb535635985ba8ea66,BetOnline.ag,2026-02-21 14:26:23.864743+00:00,732.0,-1150.0,13.5,150.5,2026-02-21 17:00:00+00:00,Ole Miss Rebels,Florida Gators
3bd0532bb23c8fbb535635985ba8ea66,LowVig.ag,2026-02-21 14:26:23.864743+00:00,732.0,-1150.0,13.5,150.5,2026-02-21 17:00:00+00:00,Ole Miss Rebels,Florida Gators
3bd0532bb23c8fbb535635985ba8ea66,BetMGM,2026-02-21 14:26:23.864743+00:00,650.0,-1100.0,13.5,150.5,2026-02-21 17:00:00+00:00,Ole Miss Rebels,Florida Gators
3bd0532bb23c8fbb535635985ba8ea66,Caesars,2026-02-21 14:26:23.864743+00:00,700.0,-1100.0,13.0,150.5,2026-02-21 17:00:00+00:00,Ole Miss Rebels,Florida Gators
3bd0532bb23c8fbb535635985ba8ea66,BetUS,2026-02-21 14:26:23.864743+00:00,730.0,-1150.0,13.0,150.5,2026-02-21 17:00:00+00:00,Ole Miss Rebels,Florida Gators
31aa4d0ad5d853a77dc7e0814a741e40,BetOnline.ag,2026-02-21 14:26:23.864743+00:00,,,-12.5,143.0,2026-02-21 17:00:00+00:00,Howard Bison,North Carolina Central Eagles
31aa4d0ad5d853a77dc7e0814a741e40,LowVig.ag,2026-02-21 14:26:23.864743+00:00,,,-12.5,143.0,2026-02-21 17:00:00+00:00,Howard Bison,North Carolina Central Eagles
31aa4d0ad5d853a77dc7e0814a741e40,DraftKings,2026-02-21 14:26:23.864743+00:00,,,-12.5,143.5,2026-02-21 17:00:00+00:00,Howard Bison,North Carolina Central Eagles
31aa4d0ad5d853a77dc7e0814a741e40,FanDuel,2026-02-21 14:26:23.864743+00:00,-1000.0,640.0,-12.5,142.5,2026-02-21 17:00:00+00:00,Howard Bison,North Carolina Central Eagles
31aa4d0ad5d853a77dc7e0814a741e40,BetMGM,2026-02-21 14:26:23.864743+00:00,-900.0,600.0,-12.5,143.5,2026-02-21 17:00:00+00:00,Howard Bison,North Carolina Central Eagles
31aa4d0ad5d853a77dc7e0814a741e40,Fanatics,2026-02-21 14:26:23.864743+00:00,-1000.0,650.0,-12.5,143.0,2026-02-21 17:00:00+00:00,Howard Bison,North Carolina Central Eagles
31aa4d0ad5d853a77dc7e0814a741e40,BetRivers,2026-02-21 14:26:23.864743+00:00,-910.0,540.0,-12.5,142.5,2026-02-21 17:00:00+00:00,Howard Bison,North Carolina Central Eagles
31aa4d0ad5d853a77dc7e0814a741e40,Bovada,2026-02-21 14:26:23.864743+00:00,,,-12.5,143.0,2026-02-21 17:00:00+00:00,Howard Bison,North Carolina Central Eagles
37130304ee3c83df15537b7127652e38,BetOnline.ag,2026-02-21 14:26:23.864743+00:00,-475.0,367.0,-9.5,143.5,2026-02-21 17:00:00+00:00,Saint Joseph's Hawks,Loyola (Chi) Ramblers
37130304ee3c83df15537b7127652e38,LowVig.ag,2026-02-21 14:26:23.864743+00:00,-475.0,367.0,-9.5,143.5,2026-02-21 17:00:00+00:00,Saint Joseph's Hawks,Loyola (Chi) Ramblers
37130304ee3c83df15537b7127652e38,DraftKings,2026-02-21 14:26:23.864743+00:00,-470.0,360.0,-9.5,143.5,2026-02-21 17:00:00+00:00,Saint Joseph's Hawks,Loyola (Chi) Ramblers
37130304ee3c83df15537b7127652e38,Fanatics,2026-02-21 14:26:23.864743+00:00,-500.0,375.0,-9.0,143.0,2026-02-21 17:00:00+00:00,Saint Joseph's Hawks,Loyola (Chi) Ramblers
37130304ee3c83df15537b7127652e38,BetMGM,2026-02-21 14:26:23.864743+00:00,-475.0,360.0,,143.5,2026-02-21 17:00:00+00:00,Saint Joseph's Hawks,Loyola (Chi) Ramblers
37130304ee3c83df15537b7127652e38,FanDuel,2026-02-21 14:26:23.864743+00:00,-530.0,390.0,-9.5,143.5,2026-02-21 17:00:00+00:00,Saint Joseph's Hawks,Loyola (Chi) Ramblers
37130304ee3c83df15537b7127652e38,BetUS,2026-02-21 14:26:23.864743+00:00,-475.0,375.0,-9.5,143.5,2026-02-21 17:00:00+00:00,Saint Joseph's Hawks,Loyola (Chi) Ramblers
37130304ee3c83df15537b7127652e38,BetRivers,2026-02-21 14:26:23.864743+00:00,-560.0,380.0,-9.5,143.5,2026-02-21 17:00:00+00:00,Saint Joseph's Hawks,Loyola (Chi) Ramblers
37130304ee3c83df15537b7127652e38,Bovada,2026-02-21 14:26:23.864743+00:00,-490.0,355.0,-9.0,143.0,2026-02-21 17:00:00+00:00,Saint Joseph's Hawks,Loyola (Chi) Ramblers
90b453ae2c53debd52db8d5b3b672247,FanDuel,2026-02-21 14:26:23.864743+00:00,-225.0,188.0,-4.5,151.5,2026-02-21 17:00:06+00:00,Virginia Tech Hokies,Wake Forest Demon Deacons
90b453ae2c53debd52db8d5b3b672247,Fanatics,2026-02-21 14:26:23.864743+00:00,-210.0,175.0,-5.0,152.0,2026-02-21 17:00:06+00:00,Virginia Tech Hokies,Wake Forest Demon Deacons
90b453ae2c53debd52db8d5b3b672247,BetRivers,2026-02-21 14:26:23.864743+00:00,-210.0,163.0,-4.5,151.5,2026-02-21 17:00:06+00:00,Virginia Tech Hokies,Wake Forest Demon Deacons
90b453ae2c53debd52db8d5b3b672247,Bovada,2026-02-21 14:26:23.864743+00:00,-200.0,170.0,-5.0,152.0,2026-02-21 17:00:06+00:00,Virginia Tech Hokies,Wake Forest Demon Deacons
90b453ae2c53debd52db8d5b3b672247,BetOnline.ag,2026-02-21 14:26:23.864743+00:00,-215.0,183.0,-5.0,151.5,2026-02-21 17:00:06+00:00,Virginia Tech Hokies,Wake Forest Demon Deacons
90b453ae2c53debd52db8d5b3b672247,LowVig.ag,2026-02-21 14:26:23.864743+00:00,-215.0,183.0,-5.0,151.5,2026-02-21 17:00:06+00:00,Virginia Tech Hokies,Wake Forest Demon Deacons
90b453ae2c53debd52db8d5b3b672247,DraftKings,2026-02-21 14:26:23.864743+00:00,-218.0,180.0,-4.5,151.5,2026-02-21 17:00:06+00:00,Virginia Tech Hokies,Wake Forest Demon Deacons
90b453ae2c53debd52db8d5b3b672247,BetMGM,2026-02-21 14:26:23.864743+00:00,-220.0,180.0,-4.5,151.5,2026-02-21 17:00:06+00:00,Virginia Tech Hokies,Wake Forest Demon Deacons
90b453ae2c53debd52db8d5b3b672247,Caesars,2026-02-21 14:26:23.864743+00:00,-225.0,185.0,-5.0,151.5,2026-02-21 17:00:06+00:00,Virginia Tech Hokies,Wake Forest Demon Deacons
90b453ae2c53debd52db8d5b3b672247,BetUS,2026-02-21 14:26:23.864743+00:00,-215.0,183.0,-5.0,151.5,2026-02-21 17:00:06+00:00,Virginia Tech Hokies,Wake Forest Demon Deacons
7588a8fb6b8f3d92d287c8ac8a34d733,FanDuel,2026-02-21 14:26:23.864743+00:00,-360.0,285.0,-7.5,134.5,2026-02-21 17:00:31+00:00,Minnesota Golden Gophers,Rutgers Scarlet Knights
7588a8fb6b8f3d92d287c8ac8a34d733,Fanatics,2026-02-21 14:26:23.864743+00:00,-350.0,260.0,-7.5,133.5,2026-02-21 17:00:31+00:00,Minnesota Golden Gophers,Rutgers Scarlet Knights
7588a8fb6b8f3d92d287c8ac8a34d733,BetRivers,2026-02-21 14:26:23.864743+00:00,-400.0,290.0,-7.5,134.5,2026-02-21 17:00:31+00:00,Minnesota Golden Gophers,Rutgers Scarlet Knights
7588a8fb6b8f3d92d287c8ac8a34d733,Bovada,2026-02-21 14:26:23.864743+00:00,-340.0,270.0,-7.5,133.5,2026-02-21 17:00:31+00:00,Minnesota Golden Gophers,Rutgers Scarlet Knights
7588a8fb6b8f3d92d287c8ac8a34d733,BetOnline.ag,2026-02-21 14:26:23.864743+00:00,-330.0,267.0,-7.5,133.5,2026-02-21 17:00:31+00:00,Minnesota Golden Gophers,Rutgers Scarlet Knights
7588a8fb6b8f3d92d287c8ac8a34d733,LowVig.ag,2026-02-21 14:26:23.864743+00:00,-330.0,267.0,-7.5,133.5,2026-02-21 17:00:31+00:00,Minnesota Golden Gophers,Rutgers Scarlet Knights
7588a8fb6b8f3d92d287c8ac8a34d733,DraftKings,2026-02-21 14:26:23.864743+00:00,,,-7.5,133.5,2026-02-21 17:00:31+00:00,Minnesota Golden Gophers,Rutgers Scarlet Knights
7588a8fb6b8f3d92d287c8ac8a34d733,BetMGM,2026-02-21 14:26:23.864743+00:00,-350.0,280.0,-7.5,133.5,2026-02-21 17:00:31+00:00,Minnesota Golden Gophers,Rutgers Scarlet Knights
7588a8fb6b8f3d92d287c8ac8a34d733,Caesars,2026-02-21 14:26:23.864743+00:00,-350.0,275.0,-7.5,133.5,2026-02-21 17:00:31+00:00,Minnesota Golden Gophers,Rutgers Scarlet Knights
7588a8fb6b8f3d92d287c8ac8a34d733,BetUS,2026-02-21 14:26:23.864743+00:00,-330.0,270.0,-7.5,133.5,2026-02-21 17:00:31+00:00,Minnesota Golden Gophers,Rutgers Scarlet Knights
5429e878bb45dde1542bc9dc989e34bb,FanDuel,2026-02-21 14:26:23.864743+00:00,-1000.0,640.0,-12.5,154.5,2026-02-21 17:00:32+00:00,St. John's Red Storm,Creighton Bluejays
5429e878bb45dde1542bc9dc989e34bb,Fanatics,2026-02-21 14:26:23.864743+00:00,-900.0,600.0,-12.5,155.0,2026-02-21 17:00:32+00:00,St. John's Red Storm,Creighton Bluejays
5429e878bb45dde1542bc9dc989e34bb,BetRivers,2026-02-21 14:26:23.864743+00:00,-835.0,500.0,-12.5,155.5,2026-02-21 17:00:32+00:00,St. John's Red Storm,Creighton Bluejays
5429e878bb45dde1542bc9dc989e34bb,BetOnline.ag,2026-02-21 14:26:23.864743+00:00,-900.0,613.0,-12.5,156.5,2026-02-21 17:00:32+00:00,St. John's Red Storm,Creighton Bluejays
5429e878bb45dde1542bc9dc989e34bb,LowVig.ag,2026-02-21 14:26:23.864743+00:00,-900.0,613.0,-12.5,156.5,2026-02-21 17:00:32+00:00,St. John's Red Storm,Creighton Bluejays
5429e878bb45dde1542bc9dc989e34bb,BetMGM,2026-02-21 14:26:23.864743+00:00,-900.0,600.0,,156.5,2026-02-21 17:00:32+00:00,St. John's Red Storm,Creighton Bluejays
5429e878bb45dde1542bc9dc989e34bb,Caesars,2026-02-21 14:26:23.864743+00:00,-900.0,600.0,-12.5,156.5,2026-02-21 17:00:32+00:00,St. John's Red Storm,Creighton Bluejays
5429e878bb45dde1542bc9dc989e34bb,BetUS,2026-02-21 14:26:23.864743+00:00,-900.0,600.0,-12.5,156.5,2026-02-21 17:00:32+00:00,St. John's Red Storm,Creighton Bluejays
5429e878bb45dde1542bc9dc989e34bb,Bovada,2026-02-21 14:26:23.864743+00:00,-950.0,600.0,-12.5,155.0,2026-02-21 17:00:32+00:00,St. John's Red Storm,Creighton Bluejays
602f638d6208d7d95f1b5b2b912019c3,FanDuel,2026-02-21 14:26:23.864743+00:00,-450.0,340.0,-8.5,144.5,2026-02-21 17:00:49+00:00,Clemson Tigers,Florida St Seminoles
602f638d6208d7d95f1b5b2b912019c3,Fanatics,2026-02-21 14:26:23.864743+00:00,-450.0,350.0,-8.5,145.0,2026-02-21 17:00:49+00:00,Clemson Tigers,Florida St Seminoles
602f638d6208d7d95f1b5b2b912019c3,BetRivers,2026-02-21 14:26:23.864743+00:00,-435.0,310.0,-8.5,145.5,2026-02-21 17:00:49+00:00,Clemson Tigers,Florida St Seminoles
602f638d6208d7d95f1b5b2b912019c3,Bovada,2026-02-21 14:26:23.864743+00:00,-480.0,350.0,-8.5,145.0,2026-02-21 17:00:49+00:00,Clemson Tigers,Florida St Seminoles
602f638d6208d7d95f1b5b2b912019c3,BetOnline.ag,2026-02-21 14:26:23.864743+00:00,-415.0,327.0,-8.5,145.0,2026-02-21 17:00:49+00:00,Clemson Tigers,Florida St Seminoles
602f638d6208d7d95f1b5b2b912019c3,LowVig.ag,2026-02-21 14:26:23.864743+00:00,-415.0,327.0,-8.5,145.0,2026-02-21 17:00:49+00:00,Clemson Tigers,Florida St Seminoles
602f638d6208d7d95f1b5b2b912019c3,DraftKings,2026-02-21 14:26:23.864743+00:00,-440.0,340.0,-8.5,144.5,2026-02-21 17:00:49+00:00,Clemson Tigers,Florida St Seminoles
602f638d6208d7d95f1b5b2b912019c3,BetMGM,2026-02-21 14:26:23.864743+00:00,-425.0,325.0,-8.5,145.5,2026-02-21 17:00:49+00:00,Clemson Tigers,Florida St Seminoles
602f638d6208d7d95f1b5b2b912019c3,Caesars,2026-02-21 14:26:23.864743+00:00,-440.0,335.0,-8.5,145.0,2026-02-21 17:00:49+00:00,Clemson Tigers,Florida St Seminoles
602f638d6208d7d95f1b5b2b912019c3,BetUS,2026-02-21 14:26:23.864743+00:00,-415.0,330.0,-8.5,145.0,2026-02-21 17:00:49+00:00,Clemson Tigers,Florida St Seminoles
9b085cb926d1ce98927ff4c15aa27d3b,BetOnline.ag,2026-02-21 14:26:23.864743+00:00,,,-6.5,144.5,2026-02-21 18:00:00+00:00,UMBC Retrievers,Albany Great Danes
9b085cb926d1ce98927ff4c15aa27d3b,LowVig.ag,2026-02-21 14:26:23.864743+00:00,,,-6.5,144.5,2026-02-21 18:00:00+00:00,UMBC Retrievers,Albany Great Danes
9b085cb926d1ce98927ff4c15aa27d3b,Fanatics,2026-02-21 14:26:23.864743+00:00,-260.0,210.0,-6.5,144.5,2026-02-21 18:00:00+00:00,UMBC Retrievers,Albany Great Danes
9b085cb926d1ce98927ff4c15aa27d3b,BetRivers,2026-02-21 14:26:23.864743+00:00,-265.0,200.0,-6.5,144.5,2026-02-21 18:00:00+00:00,UMBC Retrievers,Albany Great Danes
9b085cb926d1ce98927ff4c15aa27d3b,Bovada,2026-02-21 14:26:23.864743+00:00,,,-6.5,145.0,2026-02-21 18:00:00+00:00,UMBC Retrievers,Albany Great Danes
9b085cb926d1ce98927ff4c15aa27d3b,FanDuel,2026-02-21 14:26:23.864743+00:00,-265.0,210.0,-6.5,144.5,2026-02-21 18:00:00+00:00,UMBC Retrievers,Albany Great Danes
3a20680403aedc8f45bddef611951fb5,BetOnline.ag,2026-02-21 14:26:23.864743+00:00,-330.0,267.0,-7.5,148.0,2026-02-21 18:00:00+00:00,Appalachian St Mountaineers,Georgia Southern Eagles
3a20680403aedc8f45bddef611951fb5,LowVig.ag,2026-02-21 14:26:23.864743+00:00,-330.0,267.0,-7.5,148.0,2026-02-21 18:00:00+00:00,Appalachian St Mountaineers,Georgia Southern Eagles
3a20680403aedc8f45bddef611951fb5,DraftKings,2026-02-21 14:26:23.864743+00:00,-325.0,260.0,-7.5,148.5,2026-02-21 18:00:00+00:00,Appalachian St Mountaineers,Georgia Southern Eagles
3a20680403aedc8f45bddef611951fb5,Fanatics,2026-02-21 14:26:23.864743+00:00,-350.0,260.0,-7.0,147.5,2026-02-21 18:00:00+00:00,Appalachian St Mountaineers,Georgia Southern Eagles
3a20680403aedc8f45bddef611951fb5,BetMGM,2026-02-21 14:26:23.864743+00:00,-325.0,260.0,-7.5,147.5,2026-02-21 18:00:00+00:00,Appalachian St Mountaineers,Georgia Southern Eagles
3a20680403aedc8f45bddef611951fb5,FanDuel,2026-02-21 14:26:23.864743+00:00,-365.0,285.0,-7.5,147.5,2026-02-21 18:00:00+00:00,Appalachian St Mountaineers,Georgia Southern Eagles
3a20680403aedc8f45bddef611951fb5,Caesars,2026-02-21 14:26:23.864743+00:00,-345.0,270.0,-7.5,148.0,2026-02-21 18:00:00+00:00,Appalachian St Mountaineers,Georgia Southern Eagles
3a20680403aedc8f45bddef611951fb5,BetUS,2026-02-21 14:26:23.864743+00:00,-330.0,270.0,-7.5,148.0,2026-02-21 18:00:00+00:00,Appalachian St Mountaineers,Georgia Southern Eagles
3a20680403aedc8f45bddef611951fb5,BetRivers,2026-02-21 14:26:23.864743+00:00,-345.0,255.0,-7.5,147.5,2026-02-21 18:00:00+00:00,Appalachian St Mountaineers,Georgia Southern Eagles
3a20680403aedc8f45bddef611951fb5,Bovada,2026-02-21 14:26:23.864743+00:00,-310.0,255.0,-7.0,147.5,2026-02-21 18:00:00+00:00,Appalachian St Mountaineers,Georgia Southern Eagles
25dd704b17603d2fc1a067d46bc6b711,BetOnline.ag,2026-02-21 14:26:23.864743+00:00,,,-9.0,146.0,2026-02-21 18:00:00+00:00,UMass Lowell River Hawks,Binghamton Bearcats
25dd704b17603d2fc1a067d46bc6b711,LowVig.ag,2026-02-21 14:26:23.864743+00:00,,,-9.0,146.0,2026-02-21 18:00:00+00:00,UMass Lowell River Hawks,Binghamton Bearcats
25dd704b17603d2fc1a067d46bc6b711,BetMGM,2026-02-21 14:26:23.864743+00:00,-475.0,360.0,-9.5,146.5,2026-02-21 18:00:00+00:00,UMass Lowell River Hawks,Binghamton Bearcats
25dd704b17603d2fc1a067d46bc6b711,Fanatics,2026-02-21 14:26:23.864743+00:00,-450.0,350.0,-9.0,146.5,2026-02-21 18:00:00+00:00,UMass Lowell River Hawks,Binghamton Bearcats
25dd704b17603d2fc1a067d46bc6b711,BetRivers,2026-02-21 14:26:23.864743+00:00,-455.0,335.0,-9.5,146.5,2026-02-21 18:00:00+00:00,UMass Lowell River Hawks,Binghamton Bearcats
25dd704b17603d2fc1a067d46bc6b711,Bovada,2026-02-21 14:26:23.864743+00:00,,,-9.0,146.5,2026-02-21 18:00:00+00:00,UMass Lowell River Hawks,Binghamton Bearcats
25dd704b17603d2fc1a067d46bc6b711,FanDuel,2026-02-21 14:26:23.864743+00:00,-500.0,360.0,-9.5,146.5,2026-02-21 18:00:00+00:00,UMass Lowell River Hawks,Binghamton Bearcats
fb520e8cf414aeeca29df9b23c49f538,BetOnline.ag,2026-02-21 14:26:23.864743+00:00,161.0,-185.0,4.0,143.0,2026-02-21 18:00:00+00:00,The Citadel Bulldogs,Chattanooga Mocs
fb520e8cf414aeeca29df9b23c49f538,LowVig.ag,2026-02-21 14:26:23.864743+00:00,161.0,-185.0,4.0,143.0,2026-02-21 18:00:00+00:00,The Citadel Bulldogs,Chattanooga Mocs
fb520e8cf414aeeca29df9b23c49f538,DraftKings,2026-02-21 14:26:23.864743+00:00,154.0,-185.0,4.5,143.5,2026-02-21 18:00:00+00:00,The Citadel Bulldogs,Chattanooga Mocs
fb520e8cf414aeeca29df9b23c49f538,Fanatics,2026-02-21 14:26:23.864743+00:00,150.0,-180.0,4.0,143.0,2026-02-21 18:00:00+00:00,The Citadel Bulldogs,Chattanooga Mocs
fb520e8cf414aeeca29df9b23c49f538,BetMGM,2026-02-21 14:26:23.864743+00:00,155.0,-190.0,4.5,142.5,2026-02-21 18:00:00+00:00,The Citadel Bulldogs,Chattanooga Mocs
fb520e8cf414aeeca29df9b23c49f538,FanDuel,2026-02-21 14:26:23.864743+00:00,164.0,-200.0,4.5,142.5,2026-02-21 18:00:00+00:00,The Citadel Bulldogs,Chattanooga Mocs
fb520e8cf414aeeca29df9b23c49f538,Caesars,2026-02-21 14:26:23.864743+00:00,158.0,-190.0,4.0,143.0,2026-02-21 18:00:00+00:00,The Citadel Bulldogs,Chattanooga Mocs
fb520e8cf414aeeca29df9b23c49f538,BetUS,2026-02-21 14:26:23.864743+00:00,159.0,-185.0,4.0,143.0,2026-02-21 18:00:00+00:00,The Citadel Bulldogs,Chattanooga Mocs
fb520e8cf414aeeca29df9b23c49f538,BetRivers,2026-02-21 14:26:23.864743+00:00,150.0,-190.0,4.5,142.5,2026-02-21 18:00:00+00:00,The Citadel Bulldogs,Chattanooga Mocs
fb520e8cf414aeeca29df9b23c49f538,Bovada,2026-02-21 14:26:23.864743+00:00,150.0,-175.0,4.0,143.0,2026-02-21 18:00:00+00:00,The Citadel Bulldogs,Chattanooga Mocs
9bbe4c3408e40a28be734107b576ce83,DraftKings,2026-02-21 14:26:23.864743+00:00,-625.0,455.0,-10.5,138.5,2026-02-21 18:00:00+00:00,Kansas Jayhawks,Cincinnati Bearcats
9bbe4c3408e40a28be734107b576ce83,Fanatics,2026-02-21 14:26:23.864743+00:00,-630.0,450.0,-10.5,138.5,2026-02-21 18:00:00+00:00,Kansas Jayhawks,Cincinnati Bearcats
9bbe4c3408e40a28be734107b576ce83,BetRivers,2026-02-21 14:26:23.864743+00:00,-670.0,430.0,-10.5,138.5,2026-02-21 18:00:00+00:00,Kansas Jayhawks,Cincinnati Bearcats
9bbe4c3408e40a28be734107b576ce83,FanDuel,2026-02-21 14:26:23.864743+00:00,-670.0,470.0,-10.5,138.5,2026-02-21 18:00:00+00:00,Kansas Jayhawks,Cincinnati Bearcats
9bbe4c3408e40a28be734107b576ce83,Bovada,2026-02-21 14:26:23.864743+00:00,-650.0,450.0,-10.5,138.5,2026-02-21 18:00:00+00:00,Kansas Jayhawks,Cincinnati Bearcats
9bbe4c3408e40a28be734107b576ce83,LowVig.ag,2026-02-21 14:26:23.864743+00:00,-600.0,446.0,-10.5,138.5,2026-02-21 18:00:00+00:00,Kansas Jayhawks,Cincinnati Bearcats
9bbe4c3408e40a28be734107b576ce83,BetOnline.ag,2026-02-21 14:26:23.864743+00:00,-600.0,446.0,-10.5,138.5,2026-02-21 18:00:00+00:00,Kansas Jayhawks,Cincinnati Bearcats
9bbe4c3408e40a28be734107b576ce83,BetMGM,2026-02-21 14:26:23.864743+00:00,-625.0,450.0,-10.5,138.5,2026-02-21 18:00:00+00:00,Kansas Jayhawks,Cincinnati Bearcats
9bbe4c3408e40a28be734107b576ce83,Caesars,2026-02-21 14:26:23.864743+00:00,-600.0,430.0,-10.5,138.5,2026-02-21 18:00:00+00:00,Kansas Jayhawks,Cincinnati Bearcats
9bbe4c3408e40a28be734107b576ce83,BetUS,2026-02-21 14:26:23.864743+00:00,-600.0,450.0,-10.5,138.5,2026-02-21 18:00:00+00:00,Kansas Jayhawks,Cincinnati Bearcats
8f751136fde67b883e8a9b2e8374af35,BetOnline.ag,2026-02-21 14:26:23.864743+00:00,105.0,-125.0,1.5,153.5,2026-02-21 18:00:00+00:00,Coastal Carolina Chanticleers,Marshall Thundering Herd
8f751136fde67b883e8a9b2e8374af35,LowVig.ag,2026-02-21 14:26:23.864743+00:00,105.0,-125.0,1.5,153.5,2026-02-21 18:00:00+00:00,Coastal Carolina Chanticleers,Marshall Thundering Herd
8f751136fde67b883e8a9b2e8374af35,DraftKings,2026-02-21 14:26:23.864743+00:00,105.0,-125.0,1.5,153.5,2026-02-21 18:00:00+00:00,Coastal Carolina Chanticleers,Marshall Thundering Herd
8f751136fde67b883e8a9b2e8374af35,Fanatics,2026-02-21 14:26:23.864743+00:00,100.0,-120.0,1.5,153.5,2026-02-21 18:00:00+00:00,Coastal Carolina Chanticleers,Marshall Thundering Herd
8f751136fde67b883e8a9b2e8374af35,BetMGM,2026-02-21 14:26:23.864743+00:00,105.0,-125.0,1.5,153.5,2026-02-21 18:00:00+00:00,Coastal Carolina Chanticleers,Marshall Thundering Herd
8f751136fde67b883e8a9b2e8374af35,FanDuel,2026-02-21 14:26:23.864743+00:00,106.0,-128.0,1.5,153.5,2026-02-21 18:00:00+00:00,Coastal Carolina Chanticleers,Marshall Thundering Herd
8f751136fde67b883e8a9b2e8374af35,Caesars,2026-02-21 14:26:23.864743+00:00,105.0,-125.0,1.5,153.5,2026-02-21 18:00:00+00:00,Coastal Carolina Chanticleers,Marshall Thundering Herd
8f751136fde67b883e8a9b2e8374af35,BetUS,2026-02-21 14:26:23.864743+00:00,105.0,-125.0,1.5,153.5,2026-02-21 18:00:00+00:00,Coastal Carolina Chanticleers,Marshall Thundering Herd
8f751136fde67b883e8a9b2e8374af35,BetRivers,2026-02-21 14:26:23.864743+00:00,102.0,-127.0,1.5,153.5,2026-02-21 18:00:00+00:00,Coastal Carolina Chanticleers,Marshall Thundering Herd
8f751136fde67b883e8a9b2e8374af35,Bovada,2026-02-21 14:26:23.864743+00:00,100.0,-120.0,1.5,153.5,2026-02-21 18:00:00+00:00,Coastal Carolina Chanticleers,Marshall Thundering Herd
2f86f5c4083603acb2fb11c24dd6aa1e,BetOnline.ag,2026-02-21 14:26:23.864743+00:00,145.0,-165.0,3.5,135.0,2026-02-21 18:00:00+00:00,Louisiana Ragin' Cajuns,Texas State Bobcats
2f86f5c4083603acb2fb11c24dd6aa1e,LowVig.ag,2026-02-21 14:26:23.864743+00:00,145.0,-165.0,3.5,135.0,2026-02-21 18:00:00+00:00,Louisiana Ragin' Cajuns,Texas State Bobcats
2f86f5c4083603acb2fb11c24dd6aa1e,DraftKings,2026-02-21 14:26:23.864743+00:00,,,3.5,134.5,2026-02-21 18:00:00+00:00,Louisiana Ragin' Cajuns,Texas State Bobcats
2f86f5c4083603acb2fb11c24dd6aa1e,BetMGM,2026-02-21 14:26:23.864743+00:00,140.0,-170.0,3.5,134.5,2026-02-21 18:00:00+00:00,Louisiana Ragin' Cajuns,Texas State Bobcats
2f86f5c4083603acb2fb11c24dd6aa1e,Bovada,2026-02-21 14:26:23.864743+00:00,145.0,-170.0,3.5,134.5,2026-02-21 18:00:00+00:00,Louisiana Ragin' Cajuns,Texas State Bobcats
2f86f5c4083603acb2fb11c24dd6aa1e,FanDuel,2026-02-21 14:26:23.864743+00:00,160.0,-194.0,3.5,134.5,2026-02-21 18:00:00+00:00,Louisiana Ragin' Cajuns,Texas State Bobcats
2f86f5c4083603acb2fb11c24dd6aa1e,Caesars,2026-02-21 14:26:23.864743+00:00,143.0,-170.0,3.5,134.5,2026-02-21 18:00:00+00:00,Louisiana Ragin' Cajuns,Texas State Bobcats
2f86f5c4083603acb2fb11c24dd6aa1e,BetUS,2026-02-21 14:26:23.864743+00:00,142.0,-165.0,3.5,135.0,2026-02-21 18:00:00+00:00,Louisiana Ragin' Cajuns,Texas State Bobcats
2f86f5c4083603acb2fb11c24dd6aa1e,BetRivers,2026-02-21 14:26:23.864743+00:00,140.0,-177.0,3.5,133.5,2026-02-21 18:00:00+00:00,Louisiana Ragin' Cajuns,Texas State Bobcats
bdf395f5634d72d6b440e30e243cedb2,BetOnline.ag,2026-02-21 14:26:23.864743+00:00,361.0,-465.0,9.0,154.0,2026-02-21 18:00:00+00:00,VMI Keydets,Western Carolina Catamounts
bdf395f5634d72d6b440e30e243cedb2,LowVig.ag,2026-02-21 14:26:23.864743+00:00,361.0,-465.0,9.0,154.0,2026-02-21 18:00:00+00:00,VMI Keydets,Western Carolina Catamounts
bdf395f5634d72d6b440e30e243cedb2,DraftKings,2026-02-21 14:26:23.864743+00:00,370.0,-485.0,9.5,154.5,2026-02-21 18:00:00+00:00,VMI Keydets,Western Carolina Catamounts
bdf395f5634d72d6b440e30e243cedb2,Fanatics,2026-02-21 14:26:23.864743+00:00,350.0,-450.0,9.5,154.5,2026-02-21 18:00:00+00:00,VMI Keydets,Western Carolina Catamounts
bdf395f5634d72d6b440e30e243cedb2,BetMGM,2026-02-21 14:26:23.864743+00:00,340.0,-450.0,9.5,154.5,2026-02-21 18:00:00+00:00,VMI Keydets,Western Carolina Catamounts
bdf395f5634d72d6b440e30e243cedb2,FanDuel,2026-02-21 14:26:23.864743+00:00,360.0,-480.0,9.5,154.5,2026-02-21 18:00:00+00:00,VMI Keydets,Western Carolina Catamounts
bdf395f5634d72d6b440e30e243cedb2,Caesars,2026-02-21 14:26:23.864743+00:00,360.0,-480.0,9.0,155.0,2026-02-21 18:00:00+00:00,VMI Keydets,Western Carolina Catamounts
bdf395f5634d72d6b440e30e243cedb2,BetUS,2026-02-21 14:26:23.864743+00:00,365.0,-465.0,9.0,154.5,2026-02-21 18:00:00+00:00,VMI Keydets,Western Carolina Catamounts
bdf395f5634d72d6b440e30e243cedb2,Bovada,2026-02-21 14:26:23.864743+00:00,355.0,-490.0,9.5,155.0,2026-02-21 18:00:00+00:00,VMI Keydets,Western Carolina Catamounts
bdf395f5634d72d6b440e30e243cedb2,BetRivers,2026-02-21 14:26:23.864743+00:00,310.0,-435.0,8.5,154.5,2026-02-21 18:00:00+00:00,VMI Keydets,Western Carolina Catamounts
b11be50233a68a0b65736b4bde5e8f91,FanDuel,2026-02-21 14:26:23.864743+00:00,-128.0,106.0,-1.5,151.5,2026-02-21 18:00:33+00:00,South Carolina Gamecocks,Mississippi St Bulldogs
b11be50233a68a0b65736b4bde5e8f91,Fanatics,2026-02-21 14:26:23.864743+00:00,-125.0,105.0,-1.5,151.5,2026-02-21 18:00:33+00:00,South Carolina Gamecocks,Mississippi St Bulldogs
b11be50233a68a0b65736b4bde5e8f91,BetRivers,2026-02-21 14:26:23.864743+00:00,-124.0,100.0,-1.5,151.5,2026-02-21 18:00:33+00:00,South Carolina Gamecocks,Mississippi St Bulldogs
b11be50233a68a0b65736b4bde5e8f91,Bovada,2026-02-21 14:26:23.864743+00:00,-120.0,100.0,-1.5,151.5,2026-02-21 18:00:33+00:00,South Carolina Gamecocks,Mississippi St Bulldogs
b11be50233a68a0b65736b4bde5e8f91,LowVig.ag,2026-02-21 14:26:23.864743+00:00,-118.0,-102.0,-1.0,151.5,2026-02-21 18:00:33+00:00,South Carolina Gamecocks,Mississippi St Bulldogs
b11be50233a68a0b65736b4bde5e8f91,BetOnline.ag,2026-02-21 14:26:23.864743+00:00,-118.0,-102.0,-1.0,151.5,2026-02-21 18:00:33+00:00,South Carolina Gamecocks,Mississippi St Bulldogs
b11be50233a68a0b65736b4bde5e8f91,DraftKings,2026-02-21 14:26:23.864743+00:00,-120.0,100.0,-1.5,151.5,2026-02-21 18:00:33+00:00,South Carolina Gamecocks,Mississippi St Bulldogs
b11be50233a68a0b65736b4bde5e8f91,BetMGM,2026-02-21 14:26:23.864743+00:00,-118.0,-102.0,-1.5,151.5,2026-02-21 18:00:33+00:00,South Carolina Gamecocks,Mississippi St Bulldogs
b11be50233a68a0b65736b4bde5e8f91,Caesars,2026-02-21 14:26:23.864743+00:00,-120.0,100.0,-1.0,151.5,2026-02-21 18:00:33+00:00,South Carolina Gamecocks,Mississippi St Bulldogs
b11be50233a68a0b65736b4bde5e8f91,BetUS,2026-02-21 14:26:23.864743+00:00,-120.0,100.0,-1.0,151.5,2026-02-21 18:00:33+00:00,South Carolina Gamecocks,Mississippi St Bulldogs
217193320d87ee99c12507c083719a5d,FanDuel,2026-02-21 14:26:23.864743+00:00,100.0,-120.0,1.5,153.5,2026-02-21 18:00:38+00:00,Syracuse Orange,North Carolina Tar Heels
217193320d87ee99c12507c083719a5d,Fanatics,2026-02-21 14:26:23.864743+00:00,110.0,-130.0,2.5,154.0,2026-02-21 18:00:38+00:00,Syracuse Orange,North Carolina Tar Heels
217193320d87ee99c12507c083719a5d,BetRivers,2026-02-21 14:26:23.864743+00:00,-103.0,-121.0,1.5,154.5,2026-02-21 18:00:38+00:00,Syracuse Orange,North Carolina Tar Heels
217193320d87ee99c12507c083719a5d,Bovada,2026-02-21 14:26:23.864743+00:00,105.0,-125.0,1.5,154.0,2026-02-21 18:00:38+00:00,Syracuse Orange,North Carolina Tar Heels
217193320d87ee99c12507c083719a5d,LowVig.ag,2026-02-21 14:26:23.864743+00:00,-102.0,-118.0,1.0,154.0,2026-02-21 18:00:38+00:00,Syracuse Orange,North Carolina Tar Heels
217193320d87ee99c12507c083719a5d,BetOnline.ag,2026-02-21 14:26:23.864743+00:00,-102.0,-118.0,1.0,154.0,2026-02-21 18:00:38+00:00,Syracuse Orange,North Carolina Tar Heels
217193320d87ee99c12507c083719a5d,BetMGM,2026-02-21 14:26:23.864743+00:00,100.0,-120.0,1.5,153.5,2026-02-21 18:00:38+00:00,Syracuse Orange,North Carolina Tar Heels
217193320d87ee99c12507c083719a5d,Caesars,2026-02-21 14:26:23.864743+00:00,100.0,-120.0,1.0,154.0,2026-02-21 18:00:38+00:00,Syracuse Orange,North Carolina Tar Heels
217193320d87ee99c12507c083719a5d,BetUS,2026-02-21 14:26:23.864743+00:00,100.0,-120.0,1.0,154.0,2026-02-21 18:00:38+00:00,Syracuse Orange,North Carolina Tar Heels
b3ea2036981d0a94e3b93d6831f596c5,FanDuel,2026-02-21 14:26:23.864743+00:00,440.0,-610.0,9.5,138.5,2026-02-21 18:30:00+00:00,Army Knights,Navy Midshipmen
b3ea2036981d0a94e3b93d6831f596c5,BetOnline.ag,2026-02-21 14:26:23.864743+00:00,,,9.5,137.0,2026-02-21 18:30:00+00:00,Army Knights,Navy Midshipmen
b3ea2036981d0a94e3b93d6831f596c5,LowVig.ag,2026-02-21 14:26:23.864743+00:00,,,9.5,137.0,2026-02-21 18:30:00+00:00,Army Knights,Navy Midshipmen
b3ea2036981d0a94e3b93d6831f596c5,BetMGM,2026-02-21 14:26:23.864743+00:00,375.0,-500.0,9.5,137.5,2026-02-21 18:30:00+00:00,Army Knights,Navy Midshipmen
b3ea2036981d0a94e3b93d6831f596c5,BetRivers,2026-02-21 14:26:23.864743+00:00,380.0,-560.0,9.5,138.5,2026-02-21 18:30:00+00:00,Army Knights,Navy Midshipmen
b3ea2036981d0a94e3b93d6831f596c5,Fanatics,2026-02-21 14:26:23.864743+00:00,425.0,-575.0,9.5,137.5,2026-02-21 18:30:00+00:00,Army Knights,Navy Midshipmen
b3ea2036981d0a94e3b93d6831f596c5,Bovada,2026-02-21 14:26:23.864743+00:00,,,9.5,137.5,2026-02-21 18:30:00+00:00,Army Knights,Navy Midshipmen
5a2a6eb17e707c8ea84e11bf884d73f4,FanDuel,2026-02-21 14:26:23.864743+00:00,-176.0,146.0,-3.5,159.5,2026-02-21 18:30:06+00:00,Butler Bulldogs,Xavier Musketeers
5a2a6eb17e707c8ea84e11bf884d73f4,Fanatics,2026-02-21 14:26:23.864743+00:00,-170.0,140.0,-3.5,159.5,2026-02-21 18:30:06+00:00,Butler Bulldogs,Xavier Musketeers
5a2a6eb17e707c8ea84e11bf884d73f4,BetRivers,2026-02-21 14:26:23.864743+00:00,-165.0,133.0,-3.5,159.5,2026-02-21 18:30:06+00:00,Butler Bulldogs,Xavier Musketeers
5a2a6eb17e707c8ea84e11bf884d73f4,Bovada,2026-02-21 14:26:23.864743+00:00,-170.0,145.0,-3.5,159.5,2026-02-21 18:30:06+00:00,Butler Bulldogs,Xavier Musketeers
5a2a6eb17e707c8ea84e11bf884d73f4,LowVig.ag,2026-02-21 14:26:23.864743+00:00,-165.0,145.0,-3.5,160.0,2026-02-21 18:30:06+00:00,Butler Bulldogs,Xavier Musketeers
5a2a6eb17e707c8ea84e11bf884d73f4,BetOnline.ag,2026-02-21 14:26:23.864743+00:00,-165.0,145.0,-3.5,160.0,2026-02-21 18:30:06+00:00,Butler Bulldogs,Xavier Musketeers
5a2a6eb17e707c8ea84e11bf884d73f4,DraftKings,2026-02-21 14:26:23.864743+00:00,-170.0,142.0,-3.5,159.5,2026-02-21 18:30:06+00:00,Butler Bulldogs,Xavier Musketeers
5a2a6eb17e707c8ea84e11bf884d73f4,BetMGM,2026-02-21 14:26:23.864743+00:00,-170.0,140.0,-3.5,159.5,2026-02-21 18:30:06+00:00,Butler Bulldogs,Xavier Musketeers
5a2a6eb17e707c8ea84e11bf884d73f4,Caesars,2026-02-21 14:26:23.864743+00:00,-170.0,143.0,-3.5,159.5,2026-02-21 18:30:06+00:00,Butler Bulldogs,Xavier Musketeers
5a2a6eb17e707c8ea84e11bf884d73f4,BetUS,2026-02-21 14:26:23.864743+00:00,-165.0,142.0,-3.5,160.0,2026-02-21 18:30:06+00:00,Butler Bulldogs,Xavier Musketeers
a73700bf0691f62a58cae2e669b69e73,BetOnline.ag,2026-02-21 14:26:23.864743+00:00,,,1.5,151.5,2026-02-21 19:00:00+00:00,Florida Gulf Coast Eagles,Central Arkansas Bears
a73700bf0691f62a58cae2e669b69e73,LowVig.ag,2026-02-21 14:26:23.864743+00:00,,,1.5,151.5,2026-02-21 19:00:00+00:00,Florida Gulf Coast Eagles,Central Arkansas Bears
a73700bf0691f62a58cae2e669b69e73,DraftKings,2026-02-21 14:26:23.864743+00:00,110.0,-130.0,1.5,151.5,2026-02-21 19:00:00+00:00,Florida Gulf Coast Eagles,Central Arkansas Bears
a73700bf0691f62a58cae2e669b69e73,BetMGM,2026-02-21 14:26:23.864743+00:00,105.0,-130.0,1.5,151.5,2026-02-21 19:00:00+00:00,Florida Gulf Coast Eagles,Central Arkansas Bears
a73700bf0691f62a58cae2e669b69e73,Fanatics,2026-02-21 14:26:23.864743+00:00,105.0,-125.0,1.5,151.5,2026-02-21 19:00:00+00:00,Florida Gulf Coast Eagles,Central Arkansas Bears
a73700bf0691f62a58cae2e669b69e73,BetRivers,2026-02-21 14:26:23.864743+00:00,-103.0,-125.0,1.5,151.5,2026-02-21 19:00:00+00:00,Florida Gulf Coast Eagles,Central Arkansas Bears
a73700bf0691f62a58cae2e669b69e73,Bovada,2026-02-21 14:26:23.864743+00:00,,,1.5,151.5,2026-02-21 19:00:00+00:00,Florida Gulf Coast Eagles,Central Arkansas Bears
a73700bf0691f62a58cae2e669b69e73,FanDuel,2026-02-21 14:26:23.864743+00:00,110.0,-134.0,1.5,151.5,2026-02-21 19:00:00+00:00,Florida Gulf Coast Eagles,Central Arkansas Bears
eb6f533a18c1c0f25503341c09099e6e,BetOnline.ag,2026-02-21 14:26:23.864743+00:00,,,4.0,139.5,2026-02-21 19:00:00+00:00,Chicago St Cougars,Central Connecticut St Blue Devils
eb6f533a18c1c0f25503341c09099e6e,LowVig.ag,2026-02-21 14:26:23.864743+00:00,,,4.0,139.5,2026-02-21 19:00:00+00:00,Chicago St Cougars,Central Connecticut St Blue Devils
eb6f533a18c1c0f25503341c09099e6e,DraftKings,2026-02-21 14:26:23.864743+00:00,160.0,-192.0,3.5,139.5,2026-02-21 19:00:00+00:00,Chicago St Cougars,Central Connecticut St Blue Devils
eb6f533a18c1c0f25503341c09099e6e,BetMGM,2026-02-21 14:26:23.864743+00:00,154.0,-190.0,3.5,139.5,2026-02-21 19:00:00+00:00,Chicago St Cougars,Central Connecticut St Blue Devils
eb6f533a18c1c0f25503341c09099e6e,Fanatics,2026-02-21 14:26:23.864743+00:00,160.0,-190.0,4.0,139.5,2026-02-21 19:00:00+00:00,Chicago St Cougars,Central Connecticut St Blue Devils
eb6f533a18c1c0f25503341c09099e6e,BetRivers,2026-02-21 14:26:23.864743+00:00,150.0,-195.0,3.5,139.5,2026-02-21 19:00:00+00:00,Chicago St Cougars,Central Connecticut St Blue Devils
eb6f533a18c1c0f25503341c09099e6e,Bovada,2026-02-21 14:26:23.864743+00:00,,,4.0,139.5,2026-02-21 19:00:00+00:00,Chicago St Cougars,Central Connecticut St Blue Devils
eb6f533a18c1c0f25503341c09099e6e,FanDuel,2026-02-21 14:26:23.864743+00:00,160.0,-200.0,3.5,139.5,2026-02-21 19:00:00+00:00,Chicago St Cougars,Central Connecticut St Blue Devils
02c09e8d6df7215000e21c1daa00a124,BetOnline.ag,2026-02-21 14:26:23.864743+00:00,,,-8.5,152.0,2026-02-21 19:00:00+00:00,Colgate Raiders,Loyola (MD) Greyhounds
02c09e8d6df7215000e21c1daa00a124,LowVig.ag,2026-02-21 14:26:23.864743+00:00,,,-8.5,152.0,2026-02-21 19:00:00+00:00,Colgate Raiders,Loyola (MD) Greyhounds
02c09e8d6df7215000e21c1daa00a124,BetMGM,2026-02-21 14:26:23.864743+00:00,-400.0,310.0,-8.5,151.5,2026-02-21 19:00:00+00:00,Colgate Raiders,Loyola (MD) Greyhounds
02c09e8d6df7215000e21c1daa00a124,Fanatics,2026-02-21 14:26:23.864743+00:00,-375.0,300.0,-8.5,152.0,2026-02-21 19:00:00+00:00,Colgate Raiders,Loyola (MD) Greyhounds
02c09e8d6df7215000e21c1daa00a124,BetRivers,2026-02-21 14:26:23.864743+00:00,-400.0,290.0,-8.5,151.5,2026-02-21 19:00:00+00:00,Colgate Raiders,Loyola (MD) Greyhounds
02c09e8d6df7215000e21c1daa00a124,Bovada,2026-02-21 14:26:23.864743+00:00,,,-8.5,152.0,2026-02-21 19:00:00+00:00,Colgate Raiders,Loyola (MD) Greyhounds
02c09e8d6df7215000e21c1daa00a124,FanDuel,2026-02-21 14:26:23.864743+00:00,-420.0,310.0,-8.5,152.5,2026-02-21 19:00:00+00:00,Colgate Raiders,Loyola (MD) Greyhounds
e2c8fc0efc0edd40ca9e0f544ffd88b8,BetOnline.ag,2026-02-21 14:26:23.864743+00:00,-275.0,226.0,-6.5,151.0,2026-02-21 19:00:00+00:00,Columbia Lions,Dartmouth Big Green
e2c8fc0efc0edd40ca9e0f544ffd88b8,LowVig.ag,2026-02-21 14:26:23.864743+00:00,-275.0,226.0,-6.5,151.0,2026-02-21 19:00:00+00:00,Columbia Lions,Dartmouth Big Green
e2c8fc0efc0edd40ca9e0f544ffd88b8,Fanatics,2026-02-21 14:26:23.864743+00:00,-285.0,230.0,-7.0,150.5,2026-02-21 19:00:00+00:00,Columbia Lions,Dartmouth Big Green
e2c8fc0efc0edd40ca9e0f544ffd88b8,BetMGM,2026-02-21 14:26:23.864743+00:00,-295.0,230.0,-6.5,150.5,2026-02-21 19:00:00+00:00,Columbia Lions,Dartmouth Big Green
e2c8fc0efc0edd40ca9e0f544ffd88b8,Caesars,2026-02-21 14:26:23.864743+00:00,-285.0,228.0,-6.5,150.5,2026-02-21 19:00:00+00:00,Columbia Lions,Dartmouth Big Green
e2c8fc0efc0edd40ca9e0f544ffd88b8,BetUS,2026-02-21 14:26:23.864743+00:00,-275.0,230.0,-6.5,150.5,2026-02-21 19:00:00+00:00,Columbia Lions,Dartmouth Big Green
e2c8fc0efc0edd40ca9e0f544ffd88b8,Bovada,2026-02-21 14:26:23.864743+00:00,-310.0,255.0,-7.0,150.5,2026-02-21 19:00:00+00:00,Columbia Lions,Dartmouth Big Green
e2c8fc0efc0edd40ca9e0f544ffd88b8,BetRivers,2026-02-21 14:26:23.864743+00:00,-335.0,245.0,-6.5,150.5,2026-02-21 19:00:00+00:00,Columbia Lions,Dartmouth Big Green
e2c8fc0efc0edd40ca9e0f544ffd88b8,FanDuel,2026-02-21 14:26:23.864743+00:00,-290.0,225.0,-6.5,150.5,2026-02-21 19:00:00+00:00,Columbia Lions,Dartmouth Big Green
2c0cf83699f726c545e5a26eb3d19764,BetOnline.ag,2026-02-21 14:26:23.864743+00:00,-185.0,161.0,-4.0,154.5,2026-02-21 19:00:00+00:00,Cornell Big Red,Harvard Crimson
2c0cf83699f726c545e5a26eb3d19764,LowVig.ag,2026-02-21 14:26:23.864743+00:00,-185.0,161.0,-4.0,154.5,2026-02-21 19:00:00+00:00,Cornell Big Red,Harvard Crimson
2c0cf83699f726c545e5a26eb3d19764,Fanatics,2026-02-21 14:26:23.864743+00:00,-190.0,160.0,-4.0,154.5,2026-02-21 19:00:00+00:00,Cornell Big Red,Harvard Crimson
2c0cf83699f726c545e5a26eb3d19764,BetMGM,2026-02-21 14:26:23.864743+00:00,-190.0,155.0,-4.5,154.5,2026-02-21 19:00:00+00:00,Cornell Big Red,Harvard Crimson
2c0cf83699f726c545e5a26eb3d19764,Caesars,2026-02-21 14:26:23.864743+00:00,-190.0,158.0,-4.0,154.5,2026-02-21 19:00:00+00:00,Cornell Big Red,Harvard Crimson
2c0cf83699f726c545e5a26eb3d19764,BetUS,2026-02-21 14:26:23.864743+00:00,-185.0,159.0,-4.0,154.5,2026-02-21 19:00:00+00:00,Cornell Big Red,Harvard Crimson
2c0cf83699f726c545e5a26eb3d19764,Bovada,2026-02-21 14:26:23.864743+00:00,-185.0,160.0,-4.0,154.5,2026-02-21 19:00:00+00:00,Cornell Big Red,Harvard Crimson
2c0cf83699f726c545e5a26eb3d19764,BetRivers,2026-02-21 14:26:23.864743+00:00,-200.0,155.0,-4.5,154.5,2026-02-21 19:00:00+00:00,Cornell Big Red,Harvard Crimson
2c0cf83699f726c545e5a26eb3d19764,FanDuel,2026-02-21 14:26:23.864743+00:00,-200.0,160.0,-4.5,154.5,2026-02-21 19:00:00+00:00,Cornell Big Red,Harvard Crimson
d33dca1e6394d6b1a1c1793f39e09706,BetOnline.ag,2026-02-21 14:26:23.864743+00:00,,,0.0,131.0,2026-02-21 19:00:00+00:00,Fordham Rams,Davidson Wildcats
d33dca1e6394d6b1a1c1793f39e09706,LowVig.ag,2026-02-21 14:26:23.864743+00:00,,,0.0,131.0,2026-02-21 19:00:00+00:00,Fordham Rams,Davidson Wildcats
d33dca1e6394d6b1a1c1793f39e09706,Fanatics,2026-02-21 14:26:23.864743+00:00,-110.0,-110.0,-1.0,132.0,2026-02-21 19:00:00+00:00,Fordham Rams,Davidson Wildcats
d33dca1e6394d6b1a1c1793f39e09706,BetMGM,2026-02-21 14:26:23.864743+00:00,-118.0,-102.0,-1.5,131.5,2026-02-21 19:00:00+00:00,Fordham Rams,Davidson Wildcats
d33dca1e6394d6b1a1c1793f39e09706,FanDuel,2026-02-21 14:26:23.864743+00:00,-120.0,100.0,-1.5,132.5,2026-02-21 19:00:00+00:00,Fordham Rams,Davidson Wildcats
d33dca1e6394d6b1a1c1793f39e09706,Caesars,2026-02-21 14:26:23.864743+00:00,-120.0,100.0,-1.5,131.5,2026-02-21 19:00:00+00:00,Fordham Rams,Davidson Wildcats
d33dca1e6394d6b1a1c1793f39e09706,BetUS,2026-02-21 14:26:23.864743+00:00,,,0.0,131.0,2026-02-21 19:00:00+00:00,Fordham Rams,Davidson Wildcats
d33dca1e6394d6b1a1c1793f39e09706,Bovada,2026-02-21 14:26:23.864743+00:00,-105.0,-115.0,1.0,132.0,2026-02-21 19:00:00+00:00,Fordham Rams,Davidson Wildcats
d33dca1e6394d6b1a1c1793f39e09706,BetRivers,2026-02-21 14:26:23.864743+00:00,-127.0,100.0,-1.5,131.5,2026-02-21 19:00:00+00:00,Fordham Rams,Davidson Wildcats
252f4a7685a3103579aed65a35c7f3bf,BetOnline.ag,2026-02-21 14:26:23.864743+00:00,-250.0,207.0,-6.0,148.5,2026-02-21 19:00:00+00:00,Dayton Flyers,Duquesne Dukes
252f4a7685a3103579aed65a35c7f3bf,LowVig.ag,2026-02-21 14:26:23.864743+00:00,-250.0,207.0,-6.0,148.5,2026-02-21 19:00:00+00:00,Dayton Flyers,Duquesne Dukes
252f4a7685a3103579aed65a35c7f3bf,DraftKings,2026-02-21 14:26:23.864743+00:00,,,-6.5,148.5,2026-02-21 19:00:00+00:00,Dayton Flyers,Duquesne Dukes
252f4a7685a3103579aed65a35c7f3bf,Fanatics,2026-02-21 14:26:23.864743+00:00,-260.0,210.0,-6.0,148.5,2026-02-21 19:00:00+00:00,Dayton Flyers,Duquesne Dukes
252f4a7685a3103579aed65a35c7f3bf,BetMGM,2026-02-21 14:26:23.864743+00:00,-275.0,220.0,-6.5,148.5,2026-02-21 19:00:00+00:00,Dayton Flyers,Duquesne Dukes
252f4a7685a3103579aed65a35c7f3bf,FanDuel,2026-02-21 14:26:23.864743+00:00,-280.0,225.0,-5.5,148.5,2026-02-21 19:00:00+00:00,Dayton Flyers,Duquesne Dukes
252f4a7685a3103579aed65a35c7f3bf,Caesars,2026-02-21 14:26:23.864743+00:00,-260.0,210.0,-6.0,148.5,2026-02-21 19:00:00+00:00,Dayton Flyers,Duquesne Dukes
252f4a7685a3103579aed65a35c7f3bf,BetUS,2026-02-21 14:26:23.864743+00:00,-250.0,210.0,-6.0,148.5,2026-02-21 19:00:00+00:00,Dayton Flyers,Duquesne Dukes
252f4a7685a3103579aed65a35c7f3bf,Bovada,2026-02-21 14:26:23.864743+00:00,-260.0,215.0,-6.0,148.5,2026-02-21 19:00:00+00:00,Dayton Flyers,Duquesne Dukes
252f4a7685a3103579aed65a35c7f3bf,BetRivers,2026-02-21 14:26:23.864743+00:00,-295.0,220.0,-6.5,148.5,2026-02-21 19:00:00+00:00,Dayton Flyers,Duquesne Dukes
bd21b22cbfba6a1c3b0f6cfb54a923d0,BetOnline.ag,2026-02-21 14:26:23.864743+00:00,-360.0,289.0,-8.0,137.0,2026-02-21 19:00:00+00:00,Middle Tennessee Blue Raiders,Delaware Blue Hens
bd21b22cbfba6a1c3b0f6cfb54a923d0,LowVig.ag,2026-02-21 14:26:23.864743+00:00,-360.0,289.0,-8.0,137.0,2026-02-21 19:00:00+00:00,Middle Tennessee Blue Raiders,Delaware Blue Hens
bd21b22cbfba6a1c3b0f6cfb54a923d0,DraftKings,2026-02-21 14:26:23.864743+00:00,,,-7.5,136.5,2026-02-21 19:00:00+00:00,Middle Tennessee Blue Raiders,Delaware Blue Hens
bd21b22cbfba6a1c3b0f6cfb54a923d0,Fanatics,2026-02-21 14:26:23.864743+00:00,-400.0,310.0,-8.0,136.5,2026-02-21 19:00:00+00:00,Middle Tennessee Blue Raiders,Delaware Blue Hens
bd21b22cbfba6a1c3b0f6cfb54a923d0,BetMGM,2026-02-21 14:26:23.864743+00:00,-375.0,300.0,-8.5,136.5,2026-02-21 19:00:00+00:00,Middle Tennessee Blue Raiders,Delaware Blue Hens
bd21b22cbfba6a1c3b0f6cfb54a923d0,Caesars,2026-02-21 14:26:23.864743+00:00,-355.0,278.0,-8.0,136.5,2026-02-21 19:00:00+00:00,Middle Tennessee Blue Raiders,Delaware Blue Hens
bd21b22cbfba6a1c3b0f6cfb54a923d0,BetUS,2026-02-21 14:26:23.864743+00:00,-360.0,290.0,-8.0,137.0,2026-02-21 19:00:00+00:00,Middle Tennessee Blue Raiders,Delaware Blue Hens
bd21b22cbfba6a1c3b0f6cfb54a923d0,Bovada,2026-02-21 14:26:23.864743+00:00,-390.0,295.0,-8.0,136.5,2026-02-21 19:00:00+00:00,Middle Tennessee Blue Raiders,Delaware Blue Hens
bd21b22cbfba6a1c3b0f6cfb54a923d0,BetRivers,2026-02-21 14:26:23.864743+00:00,-480.0,335.0,-8.5,136.5,2026-02-21 19:00:00+00:00,Middle Tennessee Blue Raiders,Delaware Blue Hens
bd21b22cbfba6a1c3b0f6cfb54a923d0,FanDuel,2026-02-21 14:26:23.864743+00:00,-420.0,310.0,-7.5,136.5,2026-02-21 19:00:00+00:00,Middle Tennessee Blue Raiders,Delaware Blue Hens
6e3932eca9ac474e83cd983cb7e52e97,BetOnline.ag,2026-02-21 14:26:23.864743+00:00,316.0,-400.0,8.5,148.0,2026-02-21 19:00:00+00:00,Northeastern Huskies,Hofstra Pride
6e3932eca9ac474e83cd983cb7e52e97,LowVig.ag,2026-02-21 14:26:23.864743+00:00,316.0,-400.0,8.5,148.0,2026-02-21 19:00:00+00:00,Northeastern Huskies,Hofstra Pride
6e3932eca9ac474e83cd983cb7e52e97,BetMGM,2026-02-21 14:26:23.864743+00:00,310.0,-400.0,8.5,148.5,2026-02-21 19:00:00+00:00,Northeastern Huskies,Hofstra Pride
6e3932eca9ac474e83cd983cb7e52e97,Fanatics,2026-02-21 14:26:23.864743+00:00,330.0,-425.0,8.5,148.5,2026-02-21 19:00:00+00:00,Northeastern Huskies,Hofstra Pride
6e3932eca9ac474e83cd983cb7e52e97,Caesars,2026-02-21 14:26:23.864743+00:00,320.0,-420.0,8.5,148.5,2026-02-21 19:00:00+00:00,Northeastern Huskies,Hofstra Pride
6e3932eca9ac474e83cd983cb7e52e97,BetUS,2026-02-21 14:26:23.864743+00:00,320.0,-400.0,8.5,148.0,2026-02-21 19:00:00+00:00,Northeastern Huskies,Hofstra Pride
6e3932eca9ac474e83cd983cb7e52e97,Bovada,2026-02-21 14:26:23.864743+00:00,310.0,-415.0,8.5,148.5,2026-02-21 19:00:00+00:00,Northeastern Huskies,Hofstra Pride
6e3932eca9ac474e83cd983cb7e52e97,BetRivers,2026-02-21 14:26:23.864743+00:00,310.0,-435.0,8.5,148.5,2026-02-21 19:00:00+00:00,Northeastern Huskies,Hofstra Pride
6e3932eca9ac474e83cd983cb7e52e97,FanDuel,2026-02-21 14:26:23.864743+00:00,360.0,-500.0,9.5,148.5,2026-02-21 19:00:00+00:00,Northeastern Huskies,Hofstra Pride
6f8c38f5d1d923ca9f7b395fe73750ef,BetOnline.ag,2026-02-21 14:26:23.864743+00:00,,,2.5,135.5,2026-02-21 19:00:00+00:00,Mercyhurst Lakers,LIU Sharks
6f8c38f5d1d923ca9f7b395fe73750ef,LowVig.ag,2026-02-21 14:26:23.864743+00:00,,,2.5,135.5,2026-02-21 19:00:00+00:00,Mercyhurst Lakers,LIU Sharks
6f8c38f5d1d923ca9f7b395fe73750ef,BetMGM,2026-02-21 14:26:23.864743+00:00,125.0,-150.0,2.5,135.5,2026-02-21 19:00:00+00:00,Mercyhurst Lakers,LIU Sharks
6f8c38f5d1d923ca9f7b395fe73750ef,Fanatics,2026-02-21 14:26:23.864743+00:00,120.0,-145.0,2.5,136.0,2026-02-21 19:00:00+00:00,Mercyhurst Lakers,LIU Sharks
6f8c38f5d1d923ca9f7b395fe73750ef,BetRivers,2026-02-21 14:26:23.864743+00:00,125.0,-159.0,2.5,135.5,2026-02-21 19:00:00+00:00,Mercyhurst Lakers,LIU Sharks
6f8c38f5d1d923ca9f7b395fe73750ef,Bovada,2026-02-21 14:26:23.864743+00:00,,,2.5,136.5,2026-02-21 19:00:00+00:00,Mercyhurst Lakers,LIU Sharks
6f8c38f5d1d923ca9f7b395fe73750ef,FanDuel,2026-02-21 14:26:23.864743+00:00,126.0,-154.0,2.5,135.5,2026-02-21 19:00:00+00:00,Mercyhurst Lakers,LIU Sharks
673d21b4954f5a485e3e1098721fa98a,BetOnline.ag,2026-02-21 14:26:23.864743+00:00,,,2.5,138.5,2026-02-21 19:00:00+00:00,Stonehill Skyhawks,Le Moyne Dolphins
673d21b4954f5a485e3e1098721fa98a,LowVig.ag,2026-02-21 14:26:23.864743+00:00,,,2.5,138.5,2026-02-21 19:00:00+00:00,Stonehill Skyhawks,Le Moyne Dolphins
673d21b4954f5a485e3e1098721fa98a,BetMGM,2026-02-21 14:26:23.864743+00:00,125.0,-150.0,2.5,137.5,2026-02-21 19:00:00+00:00,Stonehill Skyhawks,Le Moyne Dolphins
673d21b4954f5a485e3e1098721fa98a,Fanatics,2026-02-21 14:26:23.864743+00:00,120.0,-145.0,2.5,137.5,2026-02-21 19:00:00+00:00,Stonehill Skyhawks,Le Moyne Dolphins
673d21b4954f5a485e3e1098721fa98a,BetRivers,2026-02-21 14:26:23.864743+00:00,117.0,-148.0,2.5,136.5,2026-02-21 19:00:00+00:00,Stonehill Skyhawks,Le Moyne Dolphins
673d21b4954f5a485e3e1098721fa98a,Bovada,2026-02-21 14:26:23.864743+00:00,,,2.5,138.0,2026-02-21 19:00:00+00:00,Stonehill Skyhawks,Le Moyne Dolphins
673d21b4954f5a485e3e1098721fa98a,FanDuel,2026-02-21 14:26:23.864743+00:00,120.0,-148.0,2.5,137.5,2026-02-21 19:00:00+00:00,Stonehill Skyhawks,Le Moyne Dolphins
5828e3fa0898bff28fd35609d84d43f4,BetOnline.ag,2026-02-21 14:26:23.864743+00:00,-180.0,157.0,-4.0,156.0,2026-02-21 19:00:00+00:00,Mercer Bears,Samford Bulldogs
5828e3fa0898bff28fd35609d84d43f4,LowVig.ag,2026-02-21 14:26:23.864743+00:00,-180.0,157.0,-4.0,156.0,2026-02-21 19:00:00+00:00,Mercer Bears,Samford Bulldogs
5828e3fa0898bff28fd35609d84d43f4,DraftKings,2026-02-21 14:26:23.864743+00:00,,,-3.5,154.5,2026-02-21 19:00:00+00:00,Mercer Bears,Samford Bulldogs
5828e3fa0898bff28fd35609d84d43f4,Fanatics,2026-02-21 14:26:23.864743+00:00,-180.0,150.0,-4.0,155.0,2026-02-21 19:00:00+00:00,Mercer Bears,Samford Bulldogs
5828e3fa0898bff28fd35609d84d43f4,BetMGM,2026-02-21 14:26:23.864743+00:00,-185.0,150.0,-3.5,155.5,2026-02-21 19:00:00+00:00,Mercer Bears,Samford Bulldogs
5828e3fa0898bff28fd35609d84d43f4,Caesars,2026-02-21 14:26:23.864743+00:00,-190.0,158.0,-4.0,155.0,2026-02-21 19:00:00+00:00,Mercer Bears,Samford Bulldogs
5828e3fa0898bff28fd35609d84d43f4,BetUS,2026-02-21 14:26:23.864743+00:00,-180.0,155.0,-4.0,156.0,2026-02-21 19:00:00+00:00,Mercer Bears,Samford Bulldogs
5828e3fa0898bff28fd35609d84d43f4,Bovada,2026-02-21 14:26:23.864743+00:00,-165.0,140.0,-3.5,155.0,2026-02-21 19:00:00+00:00,Mercer Bears,Samford Bulldogs
5828e3fa0898bff28fd35609d84d43f4,BetRivers,2026-02-21 14:26:23.864743+00:00,-186.0,143.0,-3.5,154.5,2026-02-21 19:00:00+00:00,Mercer Bears,Samford Bulldogs
5828e3fa0898bff28fd35609d84d43f4,FanDuel,2026-02-21 14:26:23.864743+00:00,-192.0,154.0,-3.5,154.5,2026-02-21 19:00:00+00:00,Mercer Bears,Samford Bulldogs
fb9126a7ef50d1b9073b72956ae57217,BetOnline.ag,2026-02-21 14:26:23.864743+00:00,,,-18.5,147.0,2026-02-21 19:00:00+00:00,North Dakota St Bison,UMKC Kangaroos
fb9126a7ef50d1b9073b72956ae57217,LowVig.ag,2026-02-21 14:26:23.864743+00:00,,,-18.5,147.0,2026-02-21 19:00:00+00:00,North Dakota St Bison,UMKC Kangaroos
fb9126a7ef50d1b9073b72956ae57217,DraftKings,2026-02-21 14:26:23.864743+00:00,,,-18.5,147.5,2026-02-21 19:00:00+00:00,North Dakota St Bison,UMKC Kangaroos
fb9126a7ef50d1b9073b72956ae57217,Fanatics,2026-02-21 14:26:23.864743+00:00,-4000.0,1500.0,-18.5,147.5,2026-02-21 19:00:00+00:00,North Dakota St Bison,UMKC Kangaroos
fb9126a7ef50d1b9073b72956ae57217,BetMGM,2026-02-21 14:26:23.864743+00:00,-3000.0,1200.0,-18.5,147.5,2026-02-21 19:00:00+00:00,North Dakota St Bison,UMKC Kangaroos
fb9126a7ef50d1b9073b72956ae57217,Caesars,2026-02-21 14:26:23.864743+00:00,,,-18.5,147.5,2026-02-21 19:00:00+00:00,North Dakota St Bison,UMKC Kangaroos
fb9126a7ef50d1b9073b72956ae57217,BetUS,2026-02-21 14:26:23.864743+00:00,,,-19.0,147.0,2026-02-21 19:00:00+00:00,North Dakota St Bison,UMKC Kangaroos
fb9126a7ef50d1b9073b72956ae57217,Bovada,2026-02-21 14:26:23.864743+00:00,-4000.0,1200.0,-19.0,147.5,2026-02-21 19:00:00+00:00,North Dakota St Bison,UMKC Kangaroos
fb9126a7ef50d1b9073b72956ae57217,BetRivers,2026-02-21 14:26:23.864743+00:00,-5000.0,1200.0,-18.5,147.5,2026-02-21 19:00:00+00:00,North Dakota St Bison,UMKC Kangaroos
fb9126a7ef50d1b9073b72956ae57217,FanDuel,2026-02-21 14:26:23.864743+00:00,-6000.0,1600.0,-18.5,147.5,2026-02-21 19:00:00+00:00,North Dakota St Bison,UMKC Kangaroos
e88fa879edcc6348f52ee56b5ed7b82b,BetOnline.ag,2026-02-21 14:26:23.864743+00:00,-500.0,383.0,-9.5,152.5,2026-02-21 19:00:00+00:00,Yale Bulldogs,Pennsylvania Quakers
e88fa879edcc6348f52ee56b5ed7b82b,LowVig.ag,2026-02-21 14:26:23.864743+00:00,-500.0,383.0,-9.5,152.5,2026-02-21 19:00:00+00:00,Yale Bulldogs,Pennsylvania Quakers
e88fa879edcc6348f52ee56b5ed7b82b,DraftKings,2026-02-21 14:26:23.864743+00:00,,,-9.5,152.5,2026-02-21 19:00:00+00:00,Yale Bulldogs,Pennsylvania Quakers
e88fa879edcc6348f52ee56b5ed7b82b,BetMGM,2026-02-21 14:26:23.864743+00:00,-500.0,375.0,-9.5,152.5,2026-02-21 19:00:00+00:00,Yale Bulldogs,Pennsylvania Quakers
e88fa879edcc6348f52ee56b5ed7b82b,Fanatics,2026-02-21 14:26:23.864743+00:00,-500.0,375.0,-9.5,151.0,2026-02-21 19:00:00+00:00,Yale Bulldogs,Pennsylvania Quakers
e88fa879edcc6348f52ee56b5ed7b82b,FanDuel,2026-02-21 14:26:23.864743+00:00,-490.0,365.0,-9.5,152.5,2026-02-21 19:00:00+00:00,Yale Bulldogs,Pennsylvania Quakers
e88fa879edcc6348f52ee56b5ed7b82b,Caesars,2026-02-21 14:26:23.864743+00:00,-480.0,360.0,-9.5,152.5,2026-02-21 19:00:00+00:00,Yale Bulldogs,Pennsylvania Quakers
e88fa879edcc6348f52ee56b5ed7b82b,BetUS,2026-02-21 14:26:23.864743+00:00,-500.0,390.0,-9.5,152.0,2026-02-21 19:00:00+00:00,Yale Bulldogs,Pennsylvania Quakers
e88fa879edcc6348f52ee56b5ed7b82b,Bovada,2026-02-21 14:26:23.864743+00:00,-510.0,370.0,-10.0,151.0,2026-02-21 19:00:00+00:00,Yale Bulldogs,Pennsylvania Quakers
e88fa879edcc6348f52ee56b5ed7b82b,BetRivers,2026-02-21 14:26:23.864743+00:00,-590.0,390.0,-10.5,151.5,2026-02-21 19:00:00+00:00,Yale Bulldogs,Pennsylvania Quakers
5acd594b2ff23591501922f7cdd95bc1,BetOnline.ag,2026-02-21 14:26:23.864743+00:00,-185.0,161.0,-4.0,143.5,2026-02-21 19:00:00+00:00,Tennessee St Tigers,SIU-Edwardsville Cougars
5acd594b2ff23591501922f7cdd95bc1,LowVig.ag,2026-02-21 14:26:23.864743+00:00,-185.0,161.0,-4.0,143.5,2026-02-21 19:00:00+00:00,Tennessee St Tigers,SIU-Edwardsville Cougars
5acd594b2ff23591501922f7cdd95bc1,DraftKings,2026-02-21 14:26:23.864743+00:00,,,-3.5,143.5,2026-02-21 19:00:00+00:00,Tennessee St Tigers,SIU-Edwardsville Cougars
5acd594b2ff23591501922f7cdd95bc1,BetMGM,2026-02-21 14:26:23.864743+00:00,-190.0,154.0,-3.5,143.5,2026-02-21 19:00:00+00:00,Tennessee St Tigers,SIU-Edwardsville Cougars
5acd594b2ff23591501922f7cdd95bc1,Fanatics,2026-02-21 14:26:23.864743+00:00,-190.0,160.0,-4.5,143.5,2026-02-21 19:00:00+00:00,Tennessee St Tigers,SIU-Edwardsville Cougars
5acd594b2ff23591501922f7cdd95bc1,BetUS,2026-02-21 14:26:23.864743+00:00,-185.0,159.0,-4.0,143.5,2026-02-21 19:00:00+00:00,Tennessee St Tigers,SIU-Edwardsville Cougars
5acd594b2ff23591501922f7cdd95bc1,Bovada,2026-02-21 14:26:23.864743+00:00,-185.0,160.0,-4.5,143.5,2026-02-21 19:00:00+00:00,Tennessee St Tigers,SIU-Edwardsville Cougars
5acd594b2ff23591501922f7cdd95bc1,BetRivers,2026-02-21 14:26:23.864743+00:00,-215.0,165.0,-4.5,143.5,2026-02-21 19:00:00+00:00,Tennessee St Tigers,SIU-Edwardsville Cougars
5acd594b2ff23591501922f7cdd95bc1,FanDuel,2026-02-21 14:26:23.864743+00:00,-205.0,164.0,-4.5,143.5,2026-02-21 19:00:00+00:00,Tennessee St Tigers,SIU-Edwardsville Cougars
6200d82aa5b16f17e5eb5b32fe29338d,BetOnline.ag,2026-02-21 14:26:23.864743+00:00,,,1.5,151.5,2026-02-21 19:00:00+00:00,St. Francis (PA) Red Flash,Wagner Seahawks
6200d82aa5b16f17e5eb5b32fe29338d,LowVig.ag,2026-02-21 14:26:23.864743+00:00,,,1.5,151.5,2026-02-21 19:00:00+00:00,St. Francis (PA) Red Flash,Wagner Seahawks
6200d82aa5b16f17e5eb5b32fe29338d,BetMGM,2026-02-21 14:26:23.864743+00:00,105.0,-125.0,1.5,150.5,2026-02-21 19:00:00+00:00,St. Francis (PA) Red Flash,Wagner Seahawks
6200d82aa5b16f17e5eb5b32fe29338d,Fanatics,2026-02-21 14:26:23.864743+00:00,110.0,-130.0,1.5,149.5,2026-02-21 19:00:00+00:00,St. Francis (PA) Red Flash,Wagner Seahawks
6200d82aa5b16f17e5eb5b32fe29338d,BetRivers,2026-02-21 14:26:23.864743+00:00,102.0,-130.0,1.5,151.5,2026-02-21 19:00:00+00:00,St. Francis (PA) Red Flash,Wagner Seahawks
6200d82aa5b16f17e5eb5b32fe29338d,Bovada,2026-02-21 14:26:23.864743+00:00,,,1.5,150.5,2026-02-21 19:00:00+00:00,St. Francis (PA) Red Flash,Wagner Seahawks
6200d82aa5b16f17e5eb5b32fe29338d,FanDuel,2026-02-21 14:26:23.864743+00:00,108.0,-132.0,1.5,150.5,2026-02-21 19:00:00+00:00,St. Francis (PA) Red Flash,Wagner Seahawks
9cffa8af82de83bc1a833c59a345b49e,DraftKings,2026-02-21 14:26:23.864743+00:00,-185.0,154.0,-3.5,150.5,2026-02-21 19:00:00+00:00,Vanderbilt Commodores,Tennessee Volunteers
9cffa8af82de83bc1a833c59a345b49e,Fanatics,2026-02-21 14:26:23.864743+00:00,-180.0,150.0,-3.5,150.5,2026-02-21 19:00:00+00:00,Vanderbilt Commodores,Tennessee Volunteers
9cffa8af82de83bc1a833c59a345b49e,FanDuel,2026-02-21 14:26:23.864743+00:00,-194.0,158.0,-3.5,150.5,2026-02-21 19:00:00+00:00,Vanderbilt Commodores,Tennessee Volunteers
9cffa8af82de83bc1a833c59a345b49e,BetRivers,2026-02-21 14:26:23.864743+00:00,-180.0,138.0,-3.5,150.5,2026-02-21 19:00:00+00:00,Vanderbilt Commodores,Tennessee Volunteers
9cffa8af82de83bc1a833c59a345b49e,Bovada,2026-02-21 14:26:23.864743+00:00,-180.0,155.0,-4.0,151.0,2026-02-21 19:00:00+00:00,Vanderbilt Commodores,Tennessee Volunteers
9cffa8af82de83bc1a833c59a345b49e,LowVig.ag,2026-02-21 14:26:23.864743+00:00,-180.0,157.0,-4.0,150.5,2026-02-21 19:00:00+00:00,Vanderbilt Commodores,Tennessee Volunteers
9cffa8af82de83bc1a833c59a345b49e,BetOnline.ag,2026-02-21 14:26:23.864743+00:00,-180.0,157.0,-4.0,150.5,2026-02-21 19:00:00+00:00,Vanderbilt Commodores,Tennessee Volunteers
9cffa8af82de83bc1a833c59a345b49e,BetMGM,2026-02-21 14:26:23.864743+00:00,-190.0,154.0,-3.5,150.5,2026-02-21 19:00:00+00:00,Vanderbilt Commodores,Tennessee Volunteers
9cffa8af82de83bc1a833c59a345b49e,Caesars,2026-02-21 14:26:23.864743+00:00,-190.0,158.0,-4.0,150.5,2026-02-21 19:00:00+00:00,Vanderbilt Commodores,Tennessee Volunteers
9cffa8af82de83bc1a833c59a345b49e,BetUS,2026-02-21 14:26:23.864743+00:00,-180.0,155.0,-4.0,150.5,2026-02-21 19:00:00+00:00,Vanderbilt Commodores,Tennessee Volunteers
d099a563f1a57c8d2cf64def2714044f,FanDuel,2026-02-21 14:26:23.864743+00:00,-4000.0,1400.0,-18.5,148.5,2026-02-21 19:00:03+00:00,Nebraska Cornhuskers,Penn State Nittany Lions
d099a563f1a57c8d2cf64def2714044f,Fanatics,2026-02-21 14:26:23.864743+00:00,-4000.0,1500.0,-18.5,148.5,2026-02-21 19:00:03+00:00,Nebraska Cornhuskers,Penn State Nittany Lions
d099a563f1a57c8d2cf64def2714044f,DraftKings,2026-02-21 14:26:23.864743+00:00,-2800.0,1300.0,-18.5,148.5,2026-02-21 19:00:03+00:00,Nebraska Cornhuskers,Penn State Nittany Lions
d099a563f1a57c8d2cf64def2714044f,BetRivers,2026-02-21 14:26:23.864743+00:00,-3335.0,1000.0,-18.5,148.5,2026-02-21 19:00:03+00:00,Nebraska Cornhuskers,Penn State Nittany Lions
d099a563f1a57c8d2cf64def2714044f,Bovada,2026-02-21 14:26:23.864743+00:00,-4000.0,1200.0,-19.0,148.5,2026-02-21 19:00:03+00:00,Nebraska Cornhuskers,Penn State Nittany Lions
d099a563f1a57c8d2cf64def2714044f,LowVig.ag,2026-02-21 14:26:23.864743+00:00,,,-18.5,148.5,2026-02-21 19:00:03+00:00,Nebraska Cornhuskers,Penn State Nittany Lions
d099a563f1a57c8d2cf64def2714044f,BetOnline.ag,2026-02-21 14:26:23.864743+00:00,,,-18.5,148.5,2026-02-21 19:00:03+00:00,Nebraska Cornhuskers,Penn State Nittany Lions
d099a563f1a57c8d2cf64def2714044f,BetMGM,2026-02-21 14:26:23.864743+00:00,-3000.0,1200.0,-18.5,148.5,2026-02-21 19:00:03+00:00,Nebraska Cornhuskers,Penn State Nittany Lions
d099a563f1a57c8d2cf64def2714044f,Caesars,2026-02-21 14:26:23.864743+00:00,-3500.0,1350.0,-18.5,148.5,2026-02-21 19:00:03+00:00,Nebraska Cornhuskers,Penn State Nittany Lions
d099a563f1a57c8d2cf64def2714044f,BetUS,2026-02-21 14:26:23.864743+00:00,,,-18.5,148.5,2026-02-21 19:00:03+00:00,Nebraska Cornhuskers,Penn State Nittany Lions
d092205144e6359231206ed6003fe9f1,FanDuel,2026-02-21 14:26:23.864743+00:00,-385.0,290.0,-7.5,145.5,2026-02-21 19:00:14+00:00,Virginia Cavaliers,Miami Hurricanes
d092205144e6359231206ed6003fe9f1,Fanatics,2026-02-21 14:26:23.864743+00:00,-350.0,260.0,-7.5,145.0,2026-02-21 19:00:14+00:00,Virginia Cavaliers,Miami Hurricanes
d092205144e6359231206ed6003fe9f1,DraftKings,2026-02-21 14:26:23.864743+00:00,,,-7.5,145.5,2026-02-21 19:00:14+00:00,Virginia Cavaliers,Miami Hurricanes
d092205144e6359231206ed6003fe9f1,BetRivers,2026-02-21 14:26:23.864743+00:00,-360.0,265.0,-7.5,145.5,2026-02-21 19:00:14+00:00,Virginia Cavaliers,Miami Hurricanes
d092205144e6359231206ed6003fe9f1,Bovada,2026-02-21 14:26:23.864743+00:00,-330.0,265.0,-7.0,145.0,2026-02-21 19:00:14+00:00,Virginia Cavaliers,Miami Hurricanes
d092205144e6359231206ed6003fe9f1,BetOnline.ag,2026-02-21 14:26:23.864743+00:00,-350.0,280.0,-7.0,145.0,2026-02-21 19:00:14+00:00,Virginia Cavaliers,Miami Hurricanes
d092205144e6359231206ed6003fe9f1,LowVig.ag,2026-02-21 14:26:23.864743+00:00,-350.0,280.0,-7.0,145.0,2026-02-21 19:00:14+00:00,Virginia Cavaliers,Miami Hurricanes
d092205144e6359231206ed6003fe9f1,BetMGM,2026-02-21 14:26:23.864743+00:00,-325.0,260.0,-7.5,145.5,2026-02-21 19:00:14+00:00,Virginia Cavaliers,Miami Hurricanes
d092205144e6359231206ed6003fe9f1,Caesars,2026-02-21 14:26:23.864743+00:00,-355.0,278.0,-7.5,145.0,2026-02-21 19:00:14+00:00,Virginia Cavaliers,Miami Hurricanes
d092205144e6359231206ed6003fe9f1,BetUS,2026-02-21 14:26:23.864743+00:00,-350.0,280.0,-7.0,145.0,2026-02-21 19:00:14+00:00,Virginia Cavaliers,Miami Hurricanes
4cdafa7e9eb8b41d235238dc6250ba24,FanDuel,2026-02-21 14:26:23.864743+00:00,-128.0,106.0,-1.5,137.5,2026-02-21 19:00:32+00:00,Pittsburgh Panthers,Notre Dame Fighting Irish
4cdafa7e9eb8b41d235238dc6250ba24,Fanatics,2026-02-21 14:26:23.864743+00:00,-125.0,105.0,-1.5,138.5,2026-02-21 19:00:32+00:00,Pittsburgh Panthers,Notre Dame Fighting Irish
4cdafa7e9eb8b41d235238dc6250ba24,BetRivers,2026-02-21 14:26:23.864743+00:00,-130.0,102.0,-1.5,138.5,2026-02-21 19:00:32+00:00,Pittsburgh Panthers,Notre Dame Fighting Irish
4cdafa7e9eb8b41d235238dc6250ba24,Bovada,2026-02-21 14:26:23.864743+00:00,-125.0,105.0,-1.5,138.5,2026-02-21 19:00:32+00:00,Pittsburgh Panthers,Notre Dame Fighting Irish
4cdafa7e9eb8b41d235238dc6250ba24,LowVig.ag,2026-02-21 14:26:23.864743+00:00,-127.0,107.0,-1.5,138.0,2026-02-21 19:00:32+00:00,Pittsburgh Panthers,Notre Dame Fighting Irish
4cdafa7e9eb8b41d235238dc6250ba24,BetOnline.ag,2026-02-21 14:26:23.864743+00:00,-127.0,107.0,-1.5,138.0,2026-02-21 19:00:32+00:00,Pittsburgh Panthers,Notre Dame Fighting Irish
4cdafa7e9eb8b41d235238dc6250ba24,DraftKings,2026-02-21 14:26:23.864743+00:00,-122.0,102.0,-1.5,138.5,2026-02-21 19:00:32+00:00,Pittsburgh Panthers,Notre Dame Fighting Irish
4cdafa7e9eb8b41d235238dc6250ba24,BetMGM,2026-02-21 14:26:23.864743+00:00,-125.0,105.0,-1.5,137.5,2026-02-21 19:00:32+00:00,Pittsburgh Panthers,Notre Dame Fighting Irish
4cdafa7e9eb8b41d235238dc6250ba24,Caesars,2026-02-21 14:26:23.864743+00:00,-125.0,105.0,-1.5,138.0,2026-02-21 19:00:32+00:00,Pittsburgh Panthers,Notre Dame Fighting Irish
4cdafa7e9eb8b41d235238dc6250ba24,BetUS,2026-02-21 14:26:23.864743+00:00,-125.0,105.0,-1.5,138.0,2026-02-21 19:00:32+00:00,Pittsburgh Panthers,Notre Dame Fighting Irish
27ec3647b64ac973730d2ec76c4771f3,FanDuel,2026-02-21 14:26:23.864743+00:00,-10000.0,2400.0,-23.5,164.5,2026-02-21 19:15:42+00:00,Louisville Cardinals,Georgia Tech Yellow Jackets
27ec3647b64ac973730d2ec76c4771f3,Fanatics,2026-02-21 14:26:23.864743+00:00,-10000.0,2500.0,-23.0,164.5,2026-02-21 19:15:42+00:00,Louisville Cardinals,Georgia Tech Yellow Jackets
27ec3647b64ac973730d2ec76c4771f3,DraftKings,2026-02-21 14:26:23.864743+00:00,-5000.0,1800.0,-23.5,165.5,2026-02-21 19:15:42+00:00,Louisville Cardinals,Georgia Tech Yellow Jackets
27ec3647b64ac973730d2ec76c4771f3,BetRivers,2026-02-21 14:26:23.864743+00:00,-5000.0,1300.0,-23.5,164.5,2026-02-21 19:15:42+00:00,Louisville Cardinals,Georgia Tech Yellow Jackets
27ec3647b64ac973730d2ec76c4771f3,Bovada,2026-02-21 14:26:23.864743+00:00,-15000.0,2500.0,-23.5,164.5,2026-02-21 19:15:42+00:00,Louisville Cardinals,Georgia Tech Yellow Jackets
27ec3647b64ac973730d2ec76c4771f3,LowVig.ag,2026-02-21 14:26:23.864743+00:00,,,-23.5,166.0,2026-02-21 19:15:42+00:00,Louisville Cardinals,Georgia Tech Yellow Jackets
27ec3647b64ac973730d2ec76c4771f3,BetOnline.ag,2026-02-21 14:26:23.864743+00:00,,,-23.5,166.0,2026-02-21 19:15:42+00:00,Louisville Cardinals,Georgia Tech Yellow Jackets
27ec3647b64ac973730d2ec76c4771f3,BetMGM,2026-02-21 14:26:23.864743+00:00,-10000.0,2000.0,-23.5,165.5,2026-02-21 19:15:42+00:00,Louisville Cardinals,Georgia Tech Yellow Jackets
27ec3647b64ac973730d2ec76c4771f3,Caesars,2026-02-21 14:26:23.864743+00:00,-7000.0,1800.0,-23.5,165.5,2026-02-21 19:15:42+00:00,Louisville Cardinals,Georgia Tech Yellow Jackets
27ec3647b64ac973730d2ec76c4771f3,BetUS,2026-02-21 14:26:23.864743+00:00,,,-23.5,166.0,2026-02-21 19:15:42+00:00,Louisville Cardinals,Georgia Tech Yellow Jackets
50e8119fc8c1719c63f57e210367084b,BetOnline.ag,2026-02-21 14:26:23.864743+00:00,161.0,-185.0,4.0,136.0,2026-02-21 19:30:00+00:00,La Salle Explorers,Rhode Island Rams
50e8119fc8c1719c63f57e210367084b,LowVig.ag,2026-02-21 14:26:23.864743+00:00,161.0,-185.0,4.0,136.0,2026-02-21 19:30:00+00:00,La Salle Explorers,Rhode Island Rams
50e8119fc8c1719c63f57e210367084b,DraftKings,2026-02-21 14:26:23.864743+00:00,,,4.5,136.5,2026-02-21 19:30:00+00:00,La Salle Explorers,Rhode Island Rams
50e8119fc8c1719c63f57e210367084b,BetMGM,2026-02-21 14:26:23.864743+00:00,154.0,-190.0,4.5,135.5,2026-02-21 19:30:00+00:00,La Salle Explorers,Rhode Island Rams
50e8119fc8c1719c63f57e210367084b,Fanatics,2026-02-21 14:26:23.864743+00:00,150.0,-180.0,4.0,137.0,2026-02-21 19:30:00+00:00,La Salle Explorers,Rhode Island Rams
50e8119fc8c1719c63f57e210367084b,FanDuel,2026-02-21 14:26:23.864743+00:00,168.0,-205.0,4.5,135.5,2026-02-21 19:30:00+00:00,La Salle Explorers,Rhode Island Rams
50e8119fc8c1719c63f57e210367084b,Caesars,2026-02-21 14:26:23.864743+00:00,158.0,-190.0,4.0,136.0,2026-02-21 19:30:00+00:00,La Salle Explorers,Rhode Island Rams
50e8119fc8c1719c63f57e210367084b,BetUS,2026-02-21 14:26:23.864743+00:00,159.0,-185.0,4.0,136.0,2026-02-21 19:30:00+00:00,La Salle Explorers,Rhode Island Rams
50e8119fc8c1719c63f57e210367084b,Bovada,2026-02-21 14:26:23.864743+00:00,140.0,-165.0,4.0,137.0,2026-02-21 19:30:00+00:00,La Salle Explorers,Rhode Island Rams
50e8119fc8c1719c63f57e210367084b,BetRivers,2026-02-21 14:26:23.864743+00:00,148.0,-190.0,3.5,136.5,2026-02-21 19:30:00+00:00,La Salle Explorers,Rhode Island Rams
bae3b9745c415ab20aed05e274a9ecc4,FanDuel,2026-02-21 14:26:23.864743+00:00,-1000.0,640.0,-12.5,158.5,2026-02-21 19:30:14+00:00,Texas Tech Red Raiders,Kansas St Wildcats
bae3b9745c415ab20aed05e274a9ecc4,Fanatics,2026-02-21 14:26:23.864743+00:00,-1000.0,650.0,-12.5,159.5,2026-02-21 19:30:14+00:00,Texas Tech Red Raiders,Kansas St Wildcats
bae3b9745c415ab20aed05e274a9ecc4,DraftKings,2026-02-21 14:26:23.864743+00:00,-1000.0,650.0,-12.5,159.5,2026-02-21 19:30:14+00:00,Texas Tech Red Raiders,Kansas St Wildcats
bae3b9745c415ab20aed05e274a9ecc4,BetRivers,2026-02-21 14:26:23.864743+00:00,-835.0,500.0,-12.5,159.5,2026-02-21 19:30:14+00:00,Texas Tech Red Raiders,Kansas St Wildcats
bae3b9745c415ab20aed05e274a9ecc4,Bovada,2026-02-21 14:26:23.864743+00:00,-1000.0,625.0,-12.5,160.0,2026-02-21 19:30:14+00:00,Texas Tech Red Raiders,Kansas St Wildcats
bae3b9745c415ab20aed05e274a9ecc4,BetOnline.ag,2026-02-21 14:26:23.864743+00:00,-950.0,637.0,-12.5,159.0,2026-02-21 19:30:14+00:00,Texas Tech Red Raiders,Kansas St Wildcats
bae3b9745c415ab20aed05e274a9ecc4,LowVig.ag,2026-02-21 14:26:23.864743+00:00,-950.0,637.0,-12.5,159.0,2026-02-21 19:30:14+00:00,Texas Tech Red Raiders,Kansas St Wildcats
bae3b9745c415ab20aed05e274a9ecc4,BetMGM,2026-02-21 14:26:23.864743+00:00,-900.0,575.0,-12.5,158.5,2026-02-21 19:30:14+00:00,Texas Tech Red Raiders,Kansas St Wildcats
bae3b9745c415ab20aed05e274a9ecc4,Caesars,2026-02-21 14:26:23.864743+00:00,-1000.0,650.0,-12.5,159.0,2026-02-21 19:30:14+00:00,Texas Tech Red Raiders,Kansas St Wildcats
bae3b9745c415ab20aed05e274a9ecc4,BetUS,2026-02-21 14:26:23.864743+00:00,-950.0,630.0,-12.0,159.0,2026-02-21 19:30:14+00:00,Texas Tech Red Raiders,Kansas St Wildcats
e69a3448c016ab583c4e070c481dd468,BetOnline.ag,2026-02-21 14:26:23.864743+00:00,979.0,-1800.0,16.5,152.0,2026-02-21 20:00:00+00:00,Air Force Falcons,UNLV Rebels
e69a3448c016ab583c4e070c481dd468,LowVig.ag,2026-02-21 14:26:23.864743+00:00,979.0,-1800.0,16.5,152.0,2026-02-21 20:00:00+00:00,Air Force Falcons,UNLV Rebels
e69a3448c016ab583c4e070c481dd468,DraftKings,2026-02-21 14:26:23.864743+00:00,,,16.5,152.5,2026-02-21 20:00:00+00:00,Air Force Falcons,UNLV Rebels
e69a3448c016ab583c4e070c481dd468,BetMGM,2026-02-21 14:26:23.864743+00:00,1000.0,-2000.0,16.5,151.5,2026-02-21 20:00:00+00:00,Air Force Falcons,UNLV Rebels
e69a3448c016ab583c4e070c481dd468,Fanatics,2026-02-21 14:26:23.864743+00:00,1050.0,-1800.0,16.0,152.0,2026-02-21 20:00:00+00:00,Air Force Falcons,UNLV Rebels
e69a3448c016ab583c4e070c481dd468,FanDuel,2026-02-21 14:26:23.864743+00:00,1100.0,-2500.0,16.5,151.5,2026-02-21 20:00:00+00:00,Air Force Falcons,UNLV Rebels
e69a3448c016ab583c4e070c481dd468,BetUS,2026-02-21 14:26:23.864743+00:00,1000.0,-1800.0,16.5,152.0,2026-02-21 20:00:00+00:00,Air Force Falcons,UNLV Rebels
e69a3448c016ab583c4e070c481dd468,Caesars,2026-02-21 14:26:23.864743+00:00,1050.0,-2000.0,16.5,152.0,2026-02-21 20:00:00+00:00,Air Force Falcons,UNLV Rebels
e69a3448c016ab583c4e070c481dd468,Bovada,2026-02-21 14:26:23.864743+00:00,1000.0,-2200.0,16.5,152.0,2026-02-21 20:00:00+00:00,Air Force Falcons,UNLV Rebels
e69a3448c016ab583c4e070c481dd468,BetRivers,2026-02-21 14:26:23.864743+00:00,850.0,-2000.0,16.5,152.5,2026-02-21 20:00:00+00:00,Air Force Falcons,UNLV Rebels
214a2f314b722e58ff5f566a0db21880,BetOnline.ag,2026-02-21 14:26:23.864743+00:00,836.0,-1400.0,14.5,164.5,2026-02-21 20:00:00+00:00,UL Monroe Warhawks,Arkansas St Red Wolves
214a2f314b722e58ff5f566a0db21880,LowVig.ag,2026-02-21 14:26:23.864743+00:00,836.0,-1400.0,14.5,164.5,2026-02-21 20:00:00+00:00,UL Monroe Warhawks,Arkansas St Red Wolves
214a2f314b722e58ff5f566a0db21880,DraftKings,2026-02-21 14:26:23.864743+00:00,,,14.5,164.5,2026-02-21 20:00:00+00:00,UL Monroe Warhawks,Arkansas St Red Wolves
214a2f314b722e58ff5f566a0db21880,Fanatics,2026-02-21 14:26:23.864743+00:00,900.0,-1600.0,15.0,164.5,2026-02-21 20:00:00+00:00,UL Monroe Warhawks,Arkansas St Red Wolves
214a2f314b722e58ff5f566a0db21880,BetMGM,2026-02-21 14:26:23.864743+00:00,750.0,-1200.0,14.5,164.5,2026-02-21 20:00:00+00:00,UL Monroe Warhawks,Arkansas St Red Wolves
214a2f314b722e58ff5f566a0db21880,BetUS,2026-02-21 14:26:23.864743+00:00,825.0,-1400.0,14.5,164.5,2026-02-21 20:00:00+00:00,UL Monroe Warhawks,Arkansas St Red Wolves
214a2f314b722e58ff5f566a0db21880,Caesars,2026-02-21 14:26:23.864743+00:00,800.0,-1400.0,14.5,164.5,2026-02-21 20:00:00+00:00,UL Monroe Warhawks,Arkansas St Red Wolves
214a2f314b722e58ff5f566a0db21880,Bovada,2026-02-21 14:26:23.864743+00:00,850.0,-1800.0,15.5,164.5,2026-02-21 20:00:00+00:00,UL Monroe Warhawks,Arkansas St Red Wolves
214a2f314b722e58ff5f566a0db21880,BetRivers,2026-02-21 14:26:23.864743+00:00,750.0,-1667.0,15.5,163.5,2026-02-21 20:00:00+00:00,UL Monroe Warhawks,Arkansas St Red Wolves
214a2f314b722e58ff5f566a0db21880,FanDuel,2026-02-21 14:26:23.864743+00:00,980.0,-2200.0,14.5,164.5,2026-02-21 20:00:00+00:00,UL Monroe Warhawks,Arkansas St Red Wolves
8a215584c526a7700f261b92cd72005c,BetOnline.ag,2026-02-21 14:26:23.864743+00:00,-180.0,157.0,-4.0,155.5,2026-02-21 20:00:00+00:00,Florida Int'l Golden Panthers,Missouri St Bears
8a215584c526a7700f261b92cd72005c,LowVig.ag,2026-02-21 14:26:23.864743+00:00,-180.0,157.0,-4.0,155.5,2026-02-21 20:00:00+00:00,Florida Int'l Golden Panthers,Missouri St Bears
8a215584c526a7700f261b92cd72005c,DraftKings,2026-02-21 14:26:23.864743+00:00,,,-4.5,155.5,2026-02-21 20:00:00+00:00,Florida Int'l Golden Panthers,Missouri St Bears
8a215584c526a7700f261b92cd72005c,Fanatics,2026-02-21 14:26:23.864743+00:00,-180.0,150.0,-4.0,155.5,2026-02-21 20:00:00+00:00,Florida Int'l Golden Panthers,Missouri St Bears
8a215584c526a7700f261b92cd72005c,BetMGM,2026-02-21 14:26:23.864743+00:00,-190.0,155.0,-4.5,155.5,2026-02-21 20:00:00+00:00,Florida Int'l Golden Panthers,Missouri St Bears
8a215584c526a7700f261b92cd72005c,BetUS,2026-02-21 14:26:23.864743+00:00,-180.0,155.0,-4.0,155.5,2026-02-21 20:00:00+00:00,Florida Int'l Golden Panthers,Missouri St Bears
8a215584c526a7700f261b92cd72005c,Caesars,2026-02-21 14:26:23.864743+00:00,-190.0,158.0,-4.0,155.5,2026-02-21 20:00:00+00:00,Florida Int'l Golden Panthers,Missouri St Bears
8a215584c526a7700f261b92cd72005c,Bovada,2026-02-21 14:26:23.864743+00:00,-175.0,150.0,-4.0,155.5,2026-02-21 20:00:00+00:00,Florida Int'l Golden Panthers,Missouri St Bears
8a215584c526a7700f261b92cd72005c,BetRivers,2026-02-21 14:26:23.864743+00:00,-182.0,145.0,-3.5,155.5,2026-02-21 20:00:00+00:00,Florida Int'l Golden Panthers,Missouri St Bears
8a215584c526a7700f261b92cd72005c,FanDuel,2026-02-21 14:26:23.864743+00:00,-184.0,148.0,-3.5,155.5,2026-02-21 20:00:00+00:00,Florida Int'l Golden Panthers,Missouri St Bears
96b24c44aa20bc8f648d2a2cc8e79e98,BetOnline.ag,2026-02-21 14:26:23.864743+00:00,-275.0,226.0,-6.5,151.5,2026-02-21 20:00:00+00:00,South Dakota St Jackrabbits,North Dakota Fighting Hawks
96b24c44aa20bc8f648d2a2cc8e79e98,LowVig.ag,2026-02-21 14:26:23.864743+00:00,-275.0,226.0,-6.5,151.5,2026-02-21 20:00:00+00:00,South Dakota St Jackrabbits,North Dakota Fighting Hawks
96b24c44aa20bc8f648d2a2cc8e79e98,DraftKings,2026-02-21 14:26:23.864743+00:00,,,-6.5,151.5,2026-02-21 20:00:00+00:00,South Dakota St Jackrabbits,North Dakota Fighting Hawks
96b24c44aa20bc8f648d2a2cc8e79e98,Fanatics,2026-02-21 14:26:23.864743+00:00,-285.0,230.0,-6.5,151.5,2026-02-21 20:00:00+00:00,South Dakota St Jackrabbits,North Dakota Fighting Hawks
96b24c44aa20bc8f648d2a2cc8e79e98,BetMGM,2026-02-21 14:26:23.864743+00:00,-285.0,225.0,-6.5,151.5,2026-02-21 20:00:00+00:00,South Dakota St Jackrabbits,North Dakota Fighting Hawks
96b24c44aa20bc8f648d2a2cc8e79e98,BetUS,2026-02-21 14:26:23.864743+00:00,-275.0,230.0,-6.5,151.5,2026-02-21 20:00:00+00:00,South Dakota St Jackrabbits,North Dakota Fighting Hawks
96b24c44aa20bc8f648d2a2cc8e79e98,Caesars,2026-02-21 14:26:23.864743+00:00,-278.0,222.0,-6.5,151.5,2026-02-21 20:00:00+00:00,South Dakota St Jackrabbits,North Dakota Fighting Hawks
96b24c44aa20bc8f648d2a2cc8e79e98,Bovada,2026-02-21 14:26:23.864743+00:00,-280.0,230.0,-6.5,151.5,2026-02-21 20:00:00+00:00,South Dakota St Jackrabbits,North Dakota Fighting Hawks
96b24c44aa20bc8f648d2a2cc8e79e98,BetRivers,2026-02-21 14:26:23.864743+00:00,-305.0,225.0,-6.5,151.5,2026-02-21 20:00:00+00:00,South Dakota St Jackrabbits,North Dakota Fighting Hawks
96b24c44aa20bc8f648d2a2cc8e79e98,FanDuel,2026-02-21 14:26:23.864743+00:00,-290.0,225.0,-6.5,151.5,2026-02-21 20:00:00+00:00,South Dakota St Jackrabbits,North Dakota Fighting Hawks
787ceb4576bc2d8d888be22668ca95fb,BetOnline.ag,2026-02-21 14:26:23.864743+00:00,207.0,-250.0,6.0,150.5,2026-02-21 20:00:00+00:00,Northern Illinois Huskies,Ohio Bobcats
787ceb4576bc2d8d888be22668ca95fb,LowVig.ag,2026-02-21 14:26:23.864743+00:00,207.0,-250.0,6.0,150.5,2026-02-21 20:00:00+00:00,Northern Illinois Huskies,Ohio Bobcats
787ceb4576bc2d8d888be22668ca95fb,DraftKings,2026-02-21 14:26:23.864743+00:00,,,5.5,150.5,2026-02-21 20:00:00+00:00,Northern Illinois Huskies,Ohio Bobcats
787ceb4576bc2d8d888be22668ca95fb,Fanatics,2026-02-21 14:26:23.864743+00:00,200.0,-250.0,5.5,150.0,2026-02-21 20:00:00+00:00,Northern Illinois Huskies,Ohio Bobcats
787ceb4576bc2d8d888be22668ca95fb,BetMGM,2026-02-21 14:26:23.864743+00:00,200.0,-250.0,,150.5,2026-02-21 20:00:00+00:00,Northern Illinois Huskies,Ohio Bobcats
787ceb4576bc2d8d888be22668ca95fb,BetUS,2026-02-21 14:26:23.864743+00:00,210.0,-250.0,6.0,150.5,2026-02-21 20:00:00+00:00,Northern Illinois Huskies,Ohio Bobcats
787ceb4576bc2d8d888be22668ca95fb,Bovada,2026-02-21 14:26:23.864743+00:00,190.0,-230.0,5.5,150.0,2026-02-21 20:00:00+00:00,Northern Illinois Huskies,Ohio Bobcats
787ceb4576bc2d8d888be22668ca95fb,BetRivers,2026-02-21 14:26:23.864743+00:00,195.0,-250.0,5.5,150.5,2026-02-21 20:00:00+00:00,Northern Illinois Huskies,Ohio Bobcats
787ceb4576bc2d8d888be22668ca95fb,FanDuel,2026-02-21 14:26:23.864743+00:00,205.0,-260.0,5.5,150.5,2026-02-21 20:00:00+00:00,Northern Illinois Huskies,Ohio Bobcats
182cd40d3b5d503fa016168de5686cdc,BetOnline.ag,2026-02-21 14:26:23.864743+00:00,-180.0,157.0,-4.0,148.0,2026-02-21 20:00:00+00:00,Southern Miss Golden Eagles,Old Dominion Monarchs
182cd40d3b5d503fa016168de5686cdc,LowVig.ag,2026-02-21 14:26:23.864743+00:00,-180.0,157.0,-4.0,148.0,2026-02-21 20:00:00+00:00,Southern Miss Golden Eagles,Old Dominion Monarchs
182cd40d3b5d503fa016168de5686cdc,DraftKings,2026-02-21 14:26:23.864743+00:00,,,-3.5,147.5,2026-02-21 20:00:00+00:00,Southern Miss Golden Eagles,Old Dominion Monarchs
182cd40d3b5d503fa016168de5686cdc,Fanatics,2026-02-21 14:26:23.864743+00:00,-180.0,150.0,-4.0,148.0,2026-02-21 20:00:00+00:00,Southern Miss Golden Eagles,Old Dominion Monarchs
182cd40d3b5d503fa016168de5686cdc,BetMGM,2026-02-21 14:26:23.864743+00:00,-190.0,154.0,-3.5,147.5,2026-02-21 20:00:00+00:00,Southern Miss Golden Eagles,Old Dominion Monarchs
182cd40d3b5d503fa016168de5686cdc,Caesars,2026-02-21 14:26:23.864743+00:00,-190.0,158.0,-4.0,148.0,2026-02-21 20:00:00+00:00,Southern Miss Golden Eagles,Old Dominion Monarchs
182cd40d3b5d503fa016168de5686cdc,BetUS,2026-02-21 14:26:23.864743+00:00,-180.0,155.0,-4.0,148.0,2026-02-21 20:00:00+00:00,Southern Miss Golden Eagles,Old Dominion Monarchs
182cd40d3b5d503fa016168de5686cdc,Bovada,2026-02-21 14:26:23.864743+00:00,-175.0,150.0,-4.0,148.0,2026-02-21 20:00:00+00:00,Southern Miss Golden Eagles,Old Dominion Monarchs
182cd40d3b5d503fa016168de5686cdc,BetRivers,2026-02-21 14:26:23.864743+00:00,-190.0,148.0,-4.5,147.5,2026-02-21 20:00:00+00:00,Southern Miss Golden Eagles,Old Dominion Monarchs
182cd40d3b5d503fa016168de5686cdc,FanDuel,2026-02-21 14:26:23.864743+00:00,-188.0,152.0,-3.5,147.5,2026-02-21 20:00:00+00:00,Southern Miss Golden Eagles,Old Dominion Monarchs
75b3a299fef9c24912d347b359a5c825,BetOnline.ag,2026-02-21 14:26:23.864743+00:00,,,-11.5,162.0,2026-02-21 20:00:00+00:00,Queens University Royals,West Georgia Wolves
75b3a299fef9c24912d347b359a5c825,LowVig.ag,2026-02-21 14:26:23.864743+00:00,,,-11.5,162.0,2026-02-21 20:00:00+00:00,Queens University Royals,West Georgia Wolves
75b3a299fef9c24912d347b359a5c825,DraftKings,2026-02-21 14:26:23.864743+00:00,,,-11.5,162.5,2026-02-21 20:00:00+00:00,Queens University Royals,West Georgia Wolves
75b3a299fef9c24912d347b359a5c825,Fanatics,2026-02-21 14:26:23.864743+00:00,-800.0,550.0,-11.5,162.5,2026-02-21 20:00:00+00:00,Queens University Royals,West Georgia Wolves
75b3a299fef9c24912d347b359a5c825,BetRivers,2026-02-21 14:26:23.864743+00:00,-715.0,450.0,-11.5,162.5,2026-02-21 20:00:00+00:00,Queens University Royals,West Georgia Wolves
75b3a299fef9c24912d347b359a5c825,Bovada,2026-02-21 14:26:23.864743+00:00,,,-11.5,162.5,2026-02-21 20:00:00+00:00,Queens University Royals,West Georgia Wolves
75b3a299fef9c24912d347b359a5c825,FanDuel,2026-02-21 14:26:23.864743+00:00,-900.0,570.0,-11.5,162.5,2026-02-21 20:00:00+00:00,Queens University Royals,West Georgia Wolves
e942a82d199d4912a2949cb8560891e4,BetOnline.ag,2026-02-21 14:26:23.864743+00:00,-300.0,245.0,-7.0,139.0,2026-02-21 20:00:00+00:00,UIC Flames,Valparaiso Beacons
e942a82d199d4912a2949cb8560891e4,LowVig.ag,2026-02-21 14:26:23.864743+00:00,-300.0,245.0,-7.0,139.0,2026-02-21 20:00:00+00:00,UIC Flames,Valparaiso Beacons
e942a82d199d4912a2949cb8560891e4,DraftKings,2026-02-21 14:26:23.864743+00:00,,,-7.5,138.5,2026-02-21 20:00:00+00:00,UIC Flames,Valparaiso Beacons
e942a82d199d4912a2949cb8560891e4,Fanatics,2026-02-21 14:26:23.864743+00:00,-325.0,250.0,-7.0,138.5,2026-02-21 20:00:00+00:00,UIC Flames,Valparaiso Beacons
e942a82d199d4912a2949cb8560891e4,BetMGM,2026-02-21 14:26:23.864743+00:00,-300.0,240.0,-7.5,138.5,2026-02-21 20:00:00+00:00,UIC Flames,Valparaiso Beacons
e942a82d199d4912a2949cb8560891e4,FanDuel,2026-02-21 14:26:23.864743+00:00,-320.0,255.0,-6.5,138.5,2026-02-21 20:00:00+00:00,UIC Flames,Valparaiso Beacons
e942a82d199d4912a2949cb8560891e4,BetUS,2026-02-21 14:26:23.864743+00:00,-300.0,250.0,-7.0,139.0,2026-02-21 20:00:00+00:00,UIC Flames,Valparaiso Beacons
e942a82d199d4912a2949cb8560891e4,Bovada,2026-02-21 14:26:23.864743+00:00,-310.0,255.0,-7.5,138.5,2026-02-21 20:00:00+00:00,UIC Flames,Valparaiso Beacons
e942a82d199d4912a2949cb8560891e4,BetRivers,2026-02-21 14:26:23.864743+00:00,-335.0,245.0,-6.5,138.5,2026-02-21 20:00:00+00:00,UIC Flames,Valparaiso Beacons
898492f12f1c618c715a5c1bc7fb19d5,BetOnline.ag,2026-02-21 14:26:23.864743+00:00,222.0,-270.0,6.0,140.0,2026-02-21 20:00:00+00:00,UT-Arlington Mavericks,Utah Valley Wolverines
898492f12f1c618c715a5c1bc7fb19d5,LowVig.ag,2026-02-21 14:26:23.864743+00:00,222.0,-270.0,6.0,140.0,2026-02-21 20:00:00+00:00,UT-Arlington Mavericks,Utah Valley Wolverines
898492f12f1c618c715a5c1bc7fb19d5,DraftKings,2026-02-21 14:26:23.864743+00:00,,,6.5,139.5,2026-02-21 20:00:00+00:00,UT-Arlington Mavericks,Utah Valley Wolverines
898492f12f1c618c715a5c1bc7fb19d5,Fanatics,2026-02-21 14:26:23.864743+00:00,210.0,-260.0,6.0,140.0,2026-02-21 20:00:00+00:00,UT-Arlington Mavericks,Utah Valley Wolverines
898492f12f1c618c715a5c1bc7fb19d5,BetMGM,2026-02-21 14:26:23.864743+00:00,220.0,-275.0,6.5,140.5,2026-02-21 20:00:00+00:00,UT-Arlington Mavericks,Utah Valley Wolverines
898492f12f1c618c715a5c1bc7fb19d5,FanDuel,2026-02-21 14:26:23.864743+00:00,240.0,-300.0,6.5,140.5,2026-02-21 20:00:00+00:00,UT-Arlington Mavericks,Utah Valley Wolverines
898492f12f1c618c715a5c1bc7fb19d5,BetUS,2026-02-21 14:26:23.864743+00:00,225.0,-270.0,6.0,140.0,2026-02-21 20:00:00+00:00,UT-Arlington Mavericks,Utah Valley Wolverines
898492f12f1c618c715a5c1bc7fb19d5,Caesars,2026-02-21 14:26:23.864743+00:00,222.0,-278.0,6.0,139.5,2026-02-21 20:00:00+00:00,UT-Arlington Mavericks,Utah Valley Wolverines
898492f12f1c618c715a5c1bc7fb19d5,Bovada,2026-02-21 14:26:23.864743+00:00,200.0,-240.0,5.5,140.0,2026-02-21 20:00:00+00:00,UT-Arlington Mavericks,Utah Valley Wolverines
898492f12f1c618c715a5c1bc7fb19d5,BetRivers,2026-02-21 14:26:23.864743+00:00,195.0,-265.0,5.5,140.5,2026-02-21 20:00:00+00:00,UT-Arlington Mavericks,Utah Valley Wolverines
d03c1f3471b8a44da4188c16f41a7207,FanDuel,2026-02-21 14:26:23.864743+00:00,-285.0,230.0,-5.5,141.5,2026-02-21 20:00:36+00:00,Houston Cougars,Arizona Wildcats
d03c1f3471b8a44da4188c16f41a7207,Fanatics,2026-02-21 14:26:23.864743+00:00,-250.0,200.0,-6.0,141.5,2026-02-21 20:00:36+00:00,Houston Cougars,Arizona Wildcats
d03c1f3471b8a44da4188c16f41a7207,Caesars,2026-02-21 14:26:23.864743+00:00,-260.0,210.0,-6.0,141.5,2026-02-21 20:00:36+00:00,Houston Cougars,Arizona Wildcats
d03c1f3471b8a44da4188c16f41a7207,DraftKings,2026-02-21 14:26:23.864743+00:00,-250.0,205.0,-5.5,141.5,2026-02-21 20:00:36+00:00,Houston Cougars,Arizona Wildcats
d03c1f3471b8a44da4188c16f41a7207,BetMGM,2026-02-21 14:26:23.864743+00:00,-250.0,200.0,-5.5,141.5,2026-02-21 20:00:36+00:00,Houston Cougars,Arizona Wildcats
d03c1f3471b8a44da4188c16f41a7207,BetRivers,2026-02-21 14:26:23.864743+00:00,-278.0,215.0,-5.5,141.5,2026-02-21 20:00:36+00:00,Houston Cougars,Arizona Wildcats
d03c1f3471b8a44da4188c16f41a7207,Bovada,2026-02-21 14:26:23.864743+00:00,-250.0,210.0,-6.0,141.0,2026-02-21 20:00:36+00:00,Houston Cougars,Arizona Wildcats
d03c1f3471b8a44da4188c16f41a7207,BetOnline.ag,2026-02-21 14:26:23.864743+00:00,-250.0,207.0,-6.0,142.0,2026-02-21 20:00:36+00:00,Houston Cougars,Arizona Wildcats
d03c1f3471b8a44da4188c16f41a7207,LowVig.ag,2026-02-21 14:26:23.864743+00:00,-250.0,207.0,-6.0,142.0,2026-02-21 20:00:36+00:00,Houston Cougars,Arizona Wildcats
d03c1f3471b8a44da4188c16f41a7207,BetUS,2026-02-21 14:26:23.864743+00:00,-250.0,210.0,-6.0,142.0,2026-02-21 20:00:36+00:00,Houston Cougars,Arizona Wildcats
5058639bf76004b08680b0770bc6127a,FanDuel,2026-02-21 14:26:23.864743+00:00,146.0,-176.0,3.5,145.5,2026-02-21 20:00:52+00:00,Maryland Terrapins,Washington Huskies
5058639bf76004b08680b0770bc6127a,Fanatics,2026-02-21 14:26:23.864743+00:00,140.0,-170.0,3.5,146.0,2026-02-21 20:00:52+00:00,Maryland Terrapins,Washington Huskies
5058639bf76004b08680b0770bc6127a,Bovada,2026-02-21 14:26:23.864743+00:00,140.0,-165.0,3.5,146.0,2026-02-21 20:00:52+00:00,Maryland Terrapins,Washington Huskies
5058639bf76004b08680b0770bc6127a,BetOnline.ag,2026-02-21 14:26:23.864743+00:00,145.0,-165.0,3.5,144.5,2026-02-21 20:00:52+00:00,Maryland Terrapins,Washington Huskies
5058639bf76004b08680b0770bc6127a,LowVig.ag,2026-02-21 14:26:23.864743+00:00,145.0,-165.0,3.5,144.5,2026-02-21 20:00:52+00:00,Maryland Terrapins,Washington Huskies
5058639bf76004b08680b0770bc6127a,BetRivers,2026-02-21 14:26:23.864743+00:00,150.0,-195.0,3.5,145.5,2026-02-21 20:00:52+00:00,Maryland Terrapins,Washington Huskies
5058639bf76004b08680b0770bc6127a,DraftKings,2026-02-21 14:26:23.864743+00:00,154.0,-185.0,4.5,145.5,2026-02-21 20:00:52+00:00,Maryland Terrapins,Washington Huskies
5058639bf76004b08680b0770bc6127a,BetMGM,2026-02-21 14:26:23.864743+00:00,145.0,-175.0,3.5,145.5,2026-02-21 20:00:52+00:00,Maryland Terrapins,Washington Huskies
5058639bf76004b08680b0770bc6127a,BetUS,2026-02-21 14:26:23.864743+00:00,142.0,-165.0,3.5,144.5,2026-02-21 20:00:52+00:00,Maryland Terrapins,Washington Huskies
5058639bf76004b08680b0770bc6127a,Caesars,2026-02-21 14:26:23.864743+00:00,143.0,-170.0,3.5,145.5,2026-02-21 20:00:52+00:00,Maryland Terrapins,Washington Huskies
a62c021e9d3f0c11eae02785e2e33e24,BetOnline.ag,2026-02-21 14:26:23.864743+00:00,110.0,-130.0,2.0,143.0,2026-02-21 20:30:00+00:00,Georgia St Panthers,James Madison Dukes
a62c021e9d3f0c11eae02785e2e33e24,LowVig.ag,2026-02-21 14:26:23.864743+00:00,110.0,-130.0,2.0,143.0,2026-02-21 20:30:00+00:00,Georgia St Panthers,James Madison Dukes
a62c021e9d3f0c11eae02785e2e33e24,DraftKings,2026-02-21 14:26:23.864743+00:00,,,1.5,143.5,2026-02-21 20:30:00+00:00,Georgia St Panthers,James Madison Dukes
a62c021e9d3f0c11eae02785e2e33e24,Fanatics,2026-02-21 14:26:23.864743+00:00,110.0,-130.0,2.0,143.0,2026-02-21 20:30:00+00:00,Georgia St Panthers,James Madison Dukes
a62c021e9d3f0c11eae02785e2e33e24,BetMGM,2026-02-21 14:26:23.864743+00:00,110.0,-135.0,1.5,143.5,2026-02-21 20:30:00+00:00,Georgia St Panthers,James Madison Dukes
a62c021e9d3f0c11eae02785e2e33e24,BetUS,2026-02-21 14:26:23.864743+00:00,110.0,-130.0,2.0,143.0,2026-02-21 20:30:00+00:00,Georgia St Panthers,James Madison Dukes
a62c021e9d3f0c11eae02785e2e33e24,Caesars,2026-02-21 14:26:23.864743+00:00,110.0,-130.0,2.0,143.5,2026-02-21 20:30:00+00:00,Georgia St Panthers,James Madison Dukes
a62c021e9d3f0c11eae02785e2e33e24,Bovada,2026-02-21 14:26:23.864743+00:00,110.0,-130.0,2.0,142.5,2026-02-21 20:30:00+00:00,Georgia St Panthers,James Madison Dukes
a62c021e9d3f0c11eae02785e2e33e24,BetRivers,2026-02-21 14:26:23.864743+00:00,107.0,-136.0,1.5,142.5,2026-02-21 20:30:00+00:00,Georgia St Panthers,James Madison Dukes
a62c021e9d3f0c11eae02785e2e33e24,FanDuel,2026-02-21 14:26:23.864743+00:00,106.0,-130.0,1.5,142.5,2026-02-21 20:30:00+00:00,Georgia St Panthers,James Madison Dukes
84bf100be1110aa20b5a2d93289dc3f8,BetOnline.ag,2026-02-21 14:26:23.864743+00:00,-335.0,270.0,-7.5,149.5,2026-02-21 20:30:00+00:00,Sam Houston St Bearkats,Jacksonville St Gamecocks
84bf100be1110aa20b5a2d93289dc3f8,LowVig.ag,2026-02-21 14:26:23.864743+00:00,-335.0,270.0,-7.5,149.5,2026-02-21 20:30:00+00:00,Sam Houston St Bearkats,Jacksonville St Gamecocks
84bf100be1110aa20b5a2d93289dc3f8,DraftKings,2026-02-21 14:26:23.864743+00:00,,,-7.5,149.5,2026-02-21 20:30:00+00:00,Sam Houston St Bearkats,Jacksonville St Gamecocks
84bf100be1110aa20b5a2d93289dc3f8,Fanatics,2026-02-21 14:26:23.864743+00:00,-350.0,260.0,-7.5,149.5,2026-02-21 20:30:00+00:00,Sam Houston St Bearkats,Jacksonville St Gamecocks
84bf100be1110aa20b5a2d93289dc3f8,BetMGM,2026-02-21 14:26:23.864743+00:00,-325.0,260.0,-7.5,149.5,2026-02-21 20:30:00+00:00,Sam Houston St Bearkats,Jacksonville St Gamecocks
84bf100be1110aa20b5a2d93289dc3f8,BetUS,2026-02-21 14:26:23.864743+00:00,-335.0,272.0,-7.5,149.5,2026-02-21 20:30:00+00:00,Sam Houston St Bearkats,Jacksonville St Gamecocks
84bf100be1110aa20b5a2d93289dc3f8,Caesars,2026-02-21 14:26:23.864743+00:00,-350.0,275.0,-7.5,149.5,2026-02-21 20:30:00+00:00,Sam Houston St Bearkats,Jacksonville St Gamecocks
84bf100be1110aa20b5a2d93289dc3f8,Bovada,2026-02-21 14:26:23.864743+00:00,-340.0,270.0,-7.5,149.5,2026-02-21 20:30:00+00:00,Sam Houston St Bearkats,Jacksonville St Gamecocks
84bf100be1110aa20b5a2d93289dc3f8,BetRivers,2026-02-21 14:26:23.864743+00:00,-375.0,265.0,-7.5,149.5,2026-02-21 20:30:00+00:00,Sam Houston St Bearkats,Jacksonville St Gamecocks
84bf100be1110aa20b5a2d93289dc3f8,FanDuel,2026-02-21 14:26:23.864743+00:00,-375.0,285.0,-7.5,149.5,2026-02-21 20:30:00+00:00,Sam Houston St Bearkats,Jacksonville St Gamecocks
f109743ed2da31df576cf9221e0cfc92,BetOnline.ag,2026-02-21 14:26:23.864743+00:00,,,-3.0,162.0,2026-02-21 20:30:00+00:00,Stetson Hatters,North Florida Ospreys
f109743ed2da31df576cf9221e0cfc92,LowVig.ag,2026-02-21 14:26:23.864743+00:00,,,-3.0,162.0,2026-02-21 20:30:00+00:00,Stetson Hatters,North Florida Ospreys
f109743ed2da31df576cf9221e0cfc92,DraftKings,2026-02-21 14:26:23.864743+00:00,,,-3.5,162.5,2026-02-21 20:30:00+00:00,Stetson Hatters,North Florida Ospreys
f109743ed2da31df576cf9221e0cfc92,BetMGM,2026-02-21 14:26:23.864743+00:00,-160.0,135.0,-3.5,162.5,2026-02-21 20:30:00+00:00,Stetson Hatters,North Florida Ospreys
f109743ed2da31df576cf9221e0cfc92,Fanatics,2026-02-21 14:26:23.864743+00:00,-160.0,130.0,-3.0,162.0,2026-02-21 20:30:00+00:00,Stetson Hatters,North Florida Ospreys
f109743ed2da31df576cf9221e0cfc92,BetRivers,2026-02-21 14:26:23.864743+00:00,-152.0,120.0,-2.5,161.5,2026-02-21 20:30:00+00:00,Stetson Hatters,North Florida Ospreys
f109743ed2da31df576cf9221e0cfc92,Bovada,2026-02-21 14:26:23.864743+00:00,,,-3.0,162.0,2026-02-21 20:30:00+00:00,Stetson Hatters,North Florida Ospreys
f109743ed2da31df576cf9221e0cfc92,FanDuel,2026-02-21 14:26:23.864743+00:00,-168.0,136.0,-3.5,162.5,2026-02-21 20:30:00+00:00,Stetson Hatters,North Florida Ospreys
e76f5f1e39865215f057bd6e6cd0b99a,FanDuel,2026-02-21 14:26:23.864743+00:00,-156.0,130.0,-2.5,163.5,2026-02-21 20:30:16+00:00,Georgia Bulldogs,Texas Longhorns
e76f5f1e39865215f057bd6e6cd0b99a,Fanatics,2026-02-21 14:26:23.864743+00:00,-145.0,120.0,-2.5,163.0,2026-02-21 20:30:16+00:00,Georgia Bulldogs,Texas Longhorns
e76f5f1e39865215f057bd6e6cd0b99a,Bovada,2026-02-21 14:26:23.864743+00:00,-145.0,125.0,-2.5,164.0,2026-02-21 20:30:16+00:00,Georgia Bulldogs,Texas Longhorns
e76f5f1e39865215f057bd6e6cd0b99a,LowVig.ag,2026-02-21 14:26:23.864743+00:00,-135.0,115.0,-2.0,162.0,2026-02-21 20:30:16+00:00,Georgia Bulldogs,Texas Longhorns
e76f5f1e39865215f057bd6e6cd0b99a,BetOnline.ag,2026-02-21 14:26:23.864743+00:00,-135.0,115.0,-2.0,162.0,2026-02-21 20:30:16+00:00,Georgia Bulldogs,Texas Longhorns
e76f5f1e39865215f057bd6e6cd0b99a,DraftKings,2026-02-21 14:26:23.864743+00:00,-148.0,124.0,-2.5,162.5,2026-02-21 20:30:16+00:00,Georgia Bulldogs,Texas Longhorns
e76f5f1e39865215f057bd6e6cd0b99a,BetRivers,2026-02-21 14:26:23.864743+00:00,-152.0,123.0,-2.5,162.5,2026-02-21 20:30:16+00:00,Georgia Bulldogs,Texas Longhorns
e76f5f1e39865215f057bd6e6cd0b99a,BetMGM,2026-02-21 14:26:23.864743+00:00,-145.0,120.0,-2.5,161.5,2026-02-21 20:30:16+00:00,Georgia Bulldogs,Texas Longhorns
e76f5f1e39865215f057bd6e6cd0b99a,BetUS,2026-02-21 14:26:23.864743+00:00,-135.0,115.0,-2.0,162.0,2026-02-21 20:30:16+00:00,Georgia Bulldogs,Texas Longhorns
e76f5f1e39865215f057bd6e6cd0b99a,Caesars,2026-02-21 14:26:23.864743+00:00,-145.0,122.0,-2.5,162.5,2026-02-21 20:30:16+00:00,Georgia Bulldogs,Texas Longhorns
1d4ea6781f66527696c0317f28fd6ab9,FanDuel,2026-02-21 14:26:23.864743+00:00,-210.0,172.0,-4.5,163.5,2026-02-21 20:30:38+00:00,Colorado Buffaloes,Oklahoma St Cowboys
1d4ea6781f66527696c0317f28fd6ab9,Fanatics,2026-02-21 14:26:23.864743+00:00,-190.0,160.0,-4.5,163.5,2026-02-21 20:30:38+00:00,Colorado Buffaloes,Oklahoma St Cowboys
1d4ea6781f66527696c0317f28fd6ab9,Bovada,2026-02-21 14:26:23.864743+00:00,-195.0,165.0,-4.5,163.5,2026-02-21 20:30:38+00:00,Colorado Buffaloes,Oklahoma St Cowboys
1d4ea6781f66527696c0317f28fd6ab9,LowVig.ag,2026-02-21 14:26:23.864743+00:00,-190.0,165.0,-4.5,163.0,2026-02-21 20:30:38+00:00,Colorado Buffaloes,Oklahoma St Cowboys
1d4ea6781f66527696c0317f28fd6ab9,BetOnline.ag,2026-02-21 14:26:23.864743+00:00,-190.0,165.0,-4.5,163.0,2026-02-21 20:30:38+00:00,Colorado Buffaloes,Oklahoma St Cowboys
1d4ea6781f66527696c0317f28fd6ab9,DraftKings,2026-02-21 14:26:23.864743+00:00,-192.0,160.0,-4.5,163.5,2026-02-21 20:30:38+00:00,Colorado Buffaloes,Oklahoma St Cowboys
1d4ea6781f66527696c0317f28fd6ab9,BetRivers,2026-02-21 14:26:23.864743+00:00,-195.0,155.0,-4.5,162.5,2026-02-21 20:30:38+00:00,Colorado Buffaloes,Oklahoma St Cowboys
1d4ea6781f66527696c0317f28fd6ab9,BetMGM,2026-02-21 14:26:23.864743+00:00,-200.0,165.0,-4.5,163.5,2026-02-21 20:30:38+00:00,Colorado Buffaloes,Oklahoma St Cowboys
1d4ea6781f66527696c0317f28fd6ab9,BetUS,2026-02-21 14:26:23.864743+00:00,-190.0,163.0,-4.5,163.0,2026-02-21 20:30:38+00:00,Colorado Buffaloes,Oklahoma St Cowboys
1d4ea6781f66527696c0317f28fd6ab9,Caesars,2026-02-21 14:26:23.864743+00:00,-195.0,162.0,-4.5,163.5,2026-02-21 20:30:38+00:00,Colorado Buffaloes,Oklahoma St Cowboys
1d4aa4992978e48e4b7bf06e1d7a24de,BetOnline.ag,2026-02-21 14:26:23.864743+00:00,-300.0,245.0,-7.0,145.5,2026-02-21 21:00:00+00:00,Abilene Christian Wildcats,Southern Utah Thunderbirds
1d4aa4992978e48e4b7bf06e1d7a24de,LowVig.ag,2026-02-21 14:26:23.864743+00:00,-300.0,245.0,-7.0,145.5,2026-02-21 21:00:00+00:00,Abilene Christian Wildcats,Southern Utah Thunderbirds
1d4aa4992978e48e4b7bf06e1d7a24de,DraftKings,2026-02-21 14:26:23.864743+00:00,,,-6.5,145.5,2026-02-21 21:00:00+00:00,Abilene Christian Wildcats,Southern Utah Thunderbirds
1d4aa4992978e48e4b7bf06e1d7a24de,Fanatics,2026-02-21 14:26:23.864743+00:00,-285.0,230.0,-6.5,146.0,2026-02-21 21:00:00+00:00,Abilene Christian Wildcats,Southern Utah Thunderbirds
1d4aa4992978e48e4b7bf06e1d7a24de,BetMGM,2026-02-21 14:26:23.864743+00:00,-300.0,240.0,-6.5,145.5,2026-02-21 21:00:00+00:00,Abilene Christian Wildcats,Southern Utah Thunderbirds
1d4aa4992978e48e4b7bf06e1d7a24de,BetUS,2026-02-21 14:26:23.864743+00:00,-300.0,250.0,-7.0,145.5,2026-02-21 21:00:00+00:00,Abilene Christian Wildcats,Southern Utah Thunderbirds
1d4aa4992978e48e4b7bf06e1d7a24de,Caesars,2026-02-21 14:26:23.864743+00:00,-320.0,250.0,-6.5,145.5,2026-02-21 21:00:00+00:00,Abilene Christian Wildcats,Southern Utah Thunderbirds
1d4aa4992978e48e4b7bf06e1d7a24de,Bovada,2026-02-21 14:26:23.864743+00:00,-285.0,235.0,-6.5,146.0,2026-02-21 21:00:00+00:00,Abilene Christian Wildcats,Southern Utah Thunderbirds
1d4aa4992978e48e4b7bf06e1d7a24de,BetRivers,2026-02-21 14:26:23.864743+00:00,-315.0,230.0,-6.5,145.5,2026-02-21 21:00:00+00:00,Abilene Christian Wildcats,Southern Utah Thunderbirds
1d4aa4992978e48e4b7bf06e1d7a24de,FanDuel,2026-02-21 14:26:23.864743+00:00,-290.0,225.0,-6.5,145.5,2026-02-21 21:00:00+00:00,Abilene Christian Wildcats,Southern Utah Thunderbirds
0936206b5072335ac7a94743452ef737,BetOnline.ag,2026-02-21 14:26:23.864743+00:00,,,1.5,148.5,2026-02-21 21:00:00+00:00,Alcorn St Braves,Jackson St Tigers
0936206b5072335ac7a94743452ef737,LowVig.ag,2026-02-21 14:26:23.864743+00:00,,,1.5,148.5,2026-02-21 21:00:00+00:00,Alcorn St Braves,Jackson St Tigers
0936206b5072335ac7a94743452ef737,DraftKings,2026-02-21 14:26:23.864743+00:00,,,1.5,149.5,2026-02-21 21:00:00+00:00,Alcorn St Braves,Jackson St Tigers
0936206b5072335ac7a94743452ef737,BetMGM,2026-02-21 14:26:23.864743+00:00,100.0,-120.0,1.5,148.5,2026-02-21 21:00:00+00:00,Alcorn St Braves,Jackson St Tigers
0936206b5072335ac7a94743452ef737,Fanatics,2026-02-21 14:26:23.864743+00:00,100.0,-120.0,1.5,149.0,2026-02-21 21:00:00+00:00,Alcorn St Braves,Jackson St Tigers
0936206b5072335ac7a94743452ef737,BetRivers,2026-02-21 14:26:23.864743+00:00,-103.0,-124.0,1.5,150.5,2026-02-21 21:00:00+00:00,Alcorn St Braves,Jackson St Tigers
0936206b5072335ac7a94743452ef737,FanDuel,2026-02-21 14:26:23.864743+00:00,102.0,-124.0,1.5,149.5,2026-02-21 21:00:00+00:00,Alcorn St Braves,Jackson St Tigers
0936206b5072335ac7a94743452ef737,Bovada,2026-02-21 14:26:23.864743+00:00,,,1.5,149.0,2026-02-21 21:00:00+00:00,Alcorn St Braves,Jackson St Tigers
8b661d925939280e7ebc3192b70d3bc4,DraftKings,2026-02-21 14:26:23.864743+00:00,-535.0,400.0,-9.5,160.5,2026-02-21 21:00:00+00:00,Arkansas Razorbacks,Missouri Tigers
8b661d925939280e7ebc3192b70d3bc4,Fanatics,2026-02-21 14:26:23.864743+00:00,-550.0,400.0,-10.0,160.0,2026-02-21 21:00:00+00:00,Arkansas Razorbacks,Missouri Tigers
8b661d925939280e7ebc3192b70d3bc4,BetRivers,2026-02-21 14:26:23.864743+00:00,-455.0,325.0,-9.5,160.5,2026-02-21 21:00:00+00:00,Arkansas Razorbacks,Missouri Tigers
8b661d925939280e7ebc3192b70d3bc4,FanDuel,2026-02-21 14:26:23.864743+00:00,-520.0,385.0,-10.5,159.5,2026-02-21 21:00:00+00:00,Arkansas Razorbacks,Missouri Tigers
8b661d925939280e7ebc3192b70d3bc4,Bovada,2026-02-21 14:26:23.864743+00:00,-575.0,400.0,-10.0,160.0,2026-02-21 21:00:00+00:00,Arkansas Razorbacks,Missouri Tigers
8b661d925939280e7ebc3192b70d3bc4,BetOnline.ag,2026-02-21 14:26:23.864743+00:00,-500.0,383.0,-9.5,160.0,2026-02-21 21:00:00+00:00,Arkansas Razorbacks,Missouri Tigers
8b661d925939280e7ebc3192b70d3bc4,LowVig.ag,2026-02-21 14:26:23.864743+00:00,-500.0,383.0,-9.5,160.0,2026-02-21 21:00:00+00:00,Arkansas Razorbacks,Missouri Tigers
8b661d925939280e7ebc3192b70d3bc4,BetMGM,2026-02-21 14:26:23.864743+00:00,-500.0,375.0,-9.5,160.5,2026-02-21 21:00:00+00:00,Arkansas Razorbacks,Missouri Tigers
8b661d925939280e7ebc3192b70d3bc4,BetUS,2026-02-21 14:26:23.864743+00:00,-500.0,390.0,-9.5,160.5,2026-02-21 21:00:00+00:00,Arkansas Razorbacks,Missouri Tigers
8b661d925939280e7ebc3192b70d3bc4,Caesars,2026-02-21 14:26:23.864743+00:00,-550.0,400.0,-9.5,160.5,2026-02-21 21:00:00+00:00,Arkansas Razorbacks,Missouri Tigers
b3948d6c81c69efe13f6a7fceb81edd2,BetOnline.ag,2026-02-21 14:26:23.864743+00:00,105.0,-125.0,1.5,143.0,2026-02-21 21:00:00+00:00,Arkansas-Little Rock Trojans,SE Missouri St Redhawks
b3948d6c81c69efe13f6a7fceb81edd2,LowVig.ag,2026-02-21 14:26:23.864743+00:00,105.0,-125.0,1.5,143.0,2026-02-21 21:00:00+00:00,Arkansas-Little Rock Trojans,SE Missouri St Redhawks
b3948d6c81c69efe13f6a7fceb81edd2,DraftKings,2026-02-21 14:26:23.864743+00:00,,,1.5,142.5,2026-02-21 21:00:00+00:00,Arkansas-Little Rock Trojans,SE Missouri St Redhawks
b3948d6c81c69efe13f6a7fceb81edd2,BetMGM,2026-02-21 14:26:23.864743+00:00,110.0,-135.0,1.5,143.5,2026-02-21 21:00:00+00:00,Arkansas-Little Rock Trojans,SE Missouri St Redhawks
b3948d6c81c69efe13f6a7fceb81edd2,Fanatics,2026-02-21 14:26:23.864743+00:00,110.0,-130.0,2.0,143.0,2026-02-21 21:00:00+00:00,Arkansas-Little Rock Trojans,SE Missouri St Redhawks
b3948d6c81c69efe13f6a7fceb81edd2,BetUS,2026-02-21 14:26:23.864743+00:00,105.0,-125.0,1.5,143.0,2026-02-21 21:00:00+00:00,Arkansas-Little Rock Trojans,SE Missouri St Redhawks
b3948d6c81c69efe13f6a7fceb81edd2,Caesars,2026-02-21 14:26:23.864743+00:00,105.0,-125.0,1.5,143.0,2026-02-21 21:00:00+00:00,Arkansas-Little Rock Trojans,SE Missouri St Redhawks
b3948d6c81c69efe13f6a7fceb81edd2,Bovada,2026-02-21 14:26:23.864743+00:00,115.0,-135.0,2.0,143.0,2026-02-21 21:00:00+00:00,Arkansas-Little Rock Trojans,SE Missouri St Redhawks
b3948d6c81c69efe13f6a7fceb81edd2,BetRivers,2026-02-21 14:26:23.864743+00:00,108.0,-137.0,1.5,143.5,2026-02-21 21:00:00+00:00,Arkansas-Little Rock Trojans,SE Missouri St Redhawks
b3948d6c81c69efe13f6a7fceb81edd2,FanDuel,2026-02-21 14:26:23.864743+00:00,114.0,-140.0,2.5,142.5,2026-02-21 21:00:00+00:00,Arkansas-Little Rock Trojans,SE Missouri St Redhawks
5599a4608859136cf8a989707f01bfae,BetOnline.ag,2026-02-21 14:26:23.864743+00:00,,,-16.0,144.5,2026-02-21 21:00:00+00:00,Boise State Broncos,San José St Spartans
5599a4608859136cf8a989707f01bfae,LowVig.ag,2026-02-21 14:26:23.864743+00:00,,,-16.0,144.5,2026-02-21 21:00:00+00:00,Boise State Broncos,San José St Spartans
5599a4608859136cf8a989707f01bfae,DraftKings,2026-02-21 14:26:23.864743+00:00,,,-16.5,144.5,2026-02-21 21:00:00+00:00,Boise State Broncos,San José St Spartans
5599a4608859136cf8a989707f01bfae,Fanatics,2026-02-21 14:26:23.864743+00:00,-1800.0,1050.0,-16.5,145.0,2026-02-21 21:00:00+00:00,Boise State Broncos,San José St Spartans
5599a4608859136cf8a989707f01bfae,BetMGM,2026-02-21 14:26:23.864743+00:00,-2000.0,950.0,-16.5,144.5,2026-02-21 21:00:00+00:00,Boise State Broncos,San José St Spartans
5599a4608859136cf8a989707f01bfae,FanDuel,2026-02-21 14:26:23.864743+00:00,-2300.0,1060.0,-15.5,144.5,2026-02-21 21:00:00+00:00,Boise State Broncos,San José St Spartans
5599a4608859136cf8a989707f01bfae,BetUS,2026-02-21 14:26:23.864743+00:00,,,-16.0,144.5,2026-02-21 21:00:00+00:00,Boise State Broncos,San José St Spartans
5599a4608859136cf8a989707f01bfae,Caesars,2026-02-21 14:26:23.864743+00:00,,,-16.0,144.5,2026-02-21 21:00:00+00:00,Boise State Broncos,San José St Spartans
5599a4608859136cf8a989707f01bfae,Bovada,2026-02-21 14:26:23.864743+00:00,-1800.0,850.0,-16.5,145.0,2026-02-21 21:00:00+00:00,Boise State Broncos,San José St Spartans
5599a4608859136cf8a989707f01bfae,BetRivers,2026-02-21 14:26:23.864743+00:00,-2500.0,950.0,-16.5,144.5,2026-02-21 21:00:00+00:00,Boise State Broncos,San José St Spartans
dd1ccd0b7196cde57c28fb4df0f0f620,BetOnline.ag,2026-02-21 14:26:23.864743+00:00,125.0,-145.0,2.5,151.0,2026-02-21 21:00:00+00:00,Campbell Fighting Camels,UNC Wilmington Seahawks
dd1ccd0b7196cde57c28fb4df0f0f620,LowVig.ag,2026-02-21 14:26:23.864743+00:00,125.0,-145.0,2.5,151.0,2026-02-21 21:00:00+00:00,Campbell Fighting Camels,UNC Wilmington Seahawks
dd1ccd0b7196cde57c28fb4df0f0f620,DraftKings,2026-02-21 14:26:23.864743+00:00,,,2.5,151.5,2026-02-21 21:00:00+00:00,Campbell Fighting Camels,UNC Wilmington Seahawks
dd1ccd0b7196cde57c28fb4df0f0f620,Fanatics,2026-02-21 14:26:23.864743+00:00,125.0,-150.0,3.0,151.5,2026-02-21 21:00:00+00:00,Campbell Fighting Camels,UNC Wilmington Seahawks
dd1ccd0b7196cde57c28fb4df0f0f620,BetMGM,2026-02-21 14:26:23.864743+00:00,125.0,-150.0,2.5,150.5,2026-02-21 21:00:00+00:00,Campbell Fighting Camels,UNC Wilmington Seahawks
dd1ccd0b7196cde57c28fb4df0f0f620,BetUS,2026-02-21 14:26:23.864743+00:00,125.0,-145.0,2.5,151.0,2026-02-21 21:00:00+00:00,Campbell Fighting Camels,UNC Wilmington Seahawks
dd1ccd0b7196cde57c28fb4df0f0f620,Caesars,2026-02-21 14:26:23.864743+00:00,122.0,-145.0,2.5,151.0,2026-02-21 21:00:00+00:00,Campbell Fighting Camels,UNC Wilmington Seahawks
dd1ccd0b7196cde57c28fb4df0f0f620,Bovada,2026-02-21 14:26:23.864743+00:00,130.0,-150.0,3.0,151.5,2026-02-21 21:00:00+00:00,Campbell Fighting Camels,UNC Wilmington Seahawks
dd1ccd0b7196cde57c28fb4df0f0f620,BetRivers,2026-02-21 14:26:23.864743+00:00,117.0,-148.0,2.5,151.5,2026-02-21 21:00:00+00:00,Campbell Fighting Camels,UNC Wilmington Seahawks
dd1ccd0b7196cde57c28fb4df0f0f620,FanDuel,2026-02-21 14:26:23.864743+00:00,124.0,-152.0,2.5,150.5,2026-02-21 21:00:00+00:00,Campbell Fighting Camels,UNC Wilmington Seahawks
a2ab640a6cee1e6d7dc343cfaa7c2add,BetOnline.ag,2026-02-21 14:26:23.864743+00:00,-175.0,153.0,-4.0,148.5,2026-02-21 21:00:00+00:00,Charleston Cougars,Monmouth Hawks
a2ab640a6cee1e6d7dc343cfaa7c2add,LowVig.ag,2026-02-21 14:26:23.864743+00:00,-175.0,153.0,-4.0,148.5,2026-02-21 21:00:00+00:00,Charleston Cougars,Monmouth Hawks
a2ab640a6cee1e6d7dc343cfaa7c2add,DraftKings,2026-02-21 14:26:23.864743+00:00,,,-4.5,148.5,2026-02-21 21:00:00+00:00,Charleston Cougars,Monmouth Hawks
a2ab640a6cee1e6d7dc343cfaa7c2add,Fanatics,2026-02-21 14:26:23.864743+00:00,-190.0,160.0,-4.5,148.0,2026-02-21 21:00:00+00:00,Charleston Cougars,Monmouth Hawks
a2ab640a6cee1e6d7dc343cfaa7c2add,BetMGM,2026-02-21 14:26:23.864743+00:00,-190.0,155.0,-4.5,148.5,2026-02-21 21:00:00+00:00,Charleston Cougars,Monmouth Hawks
a2ab640a6cee1e6d7dc343cfaa7c2add,BetUS,2026-02-21 14:26:23.864743+00:00,-175.0,150.0,-4.0,148.5,2026-02-21 21:00:00+00:00,Charleston Cougars,Monmouth Hawks
a2ab640a6cee1e6d7dc343cfaa7c2add,Caesars,2026-02-21 14:26:23.864743+00:00,-190.0,158.0,-4.5,148.5,2026-02-21 21:00:00+00:00,Charleston Cougars,Monmouth Hawks
a2ab640a6cee1e6d7dc343cfaa7c2add,Bovada,2026-02-21 14:26:23.864743+00:00,-185.0,160.0,-4.5,147.0,2026-02-21 21:00:00+00:00,Charleston Cougars,Monmouth Hawks
a2ab640a6cee1e6d7dc343cfaa7c2add,BetRivers,2026-02-21 14:26:23.864743+00:00,-200.0,155.0,-4.5,145.5,2026-02-21 21:00:00+00:00,Charleston Cougars,Monmouth Hawks
a2ab640a6cee1e6d7dc343cfaa7c2add,FanDuel,2026-02-21 14:26:23.864743+00:00,-215.0,172.0,-4.5,147.5,2026-02-21 21:00:00+00:00,Charleston Cougars,Monmouth Hawks
b4bc16d9c868e0637fe71a3b8837df2b,BetOnline.ag,2026-02-21 14:26:23.864743+00:00,,,-4.0,152.5,2026-02-21 21:00:00+00:00,Charleston Southern Buccaneers,Longwood Lancers
b4bc16d9c868e0637fe71a3b8837df2b,LowVig.ag,2026-02-21 14:26:23.864743+00:00,,,-4.0,152.5,2026-02-21 21:00:00+00:00,Charleston Southern Buccaneers,Longwood Lancers
b4bc16d9c868e0637fe71a3b8837df2b,DraftKings,2026-02-21 14:26:23.864743+00:00,,,-3.5,152.5,2026-02-21 21:00:00+00:00,Charleston Southern Buccaneers,Longwood Lancers
b4bc16d9c868e0637fe71a3b8837df2b,BetMGM,2026-02-21 14:26:23.864743+00:00,-190.0,154.0,-3.5,152.5,2026-02-21 21:00:00+00:00,Charleston Southern Buccaneers,Longwood Lancers
b4bc16d9c868e0637fe71a3b8837df2b,Fanatics,2026-02-21 14:26:23.864743+00:00,-180.0,150.0,-4.0,152.5,2026-02-21 21:00:00+00:00,Charleston Southern Buccaneers,Longwood Lancers
b4bc16d9c868e0637fe71a3b8837df2b,Bovada,2026-02-21 14:26:23.864743+00:00,,,-4.0,152.5,2026-02-21 21:00:00+00:00,Charleston Southern Buccaneers,Longwood Lancers
b4bc16d9c868e0637fe71a3b8837df2b,BetRivers,2026-02-21 14:26:23.864743+00:00,-195.0,148.0,-4.5,152.5,2026-02-21 21:00:00+00:00,Charleston Southern Buccaneers,Longwood Lancers
b4bc16d9c868e0637fe71a3b8837df2b,FanDuel,2026-02-21 14:26:23.864743+00:00,-188.0,152.0,-4.5,152.5,2026-02-21 21:00:00+00:00,Charleston Southern Buccaneers,Longwood Lancers
6ccbc674ff17e17dc45d48216224367e,BetOnline.ag,2026-02-21 14:26:23.864743+00:00,,,-5.5,147.5,2026-02-21 21:00:00+00:00,Morgan St Bears,Delaware St Hornets
6ccbc674ff17e17dc45d48216224367e,LowVig.ag,2026-02-21 14:26:23.864743+00:00,,,-5.5,147.5,2026-02-21 21:00:00+00:00,Morgan St Bears,Delaware St Hornets
6ccbc674ff17e17dc45d48216224367e,DraftKings,2026-02-21 14:26:23.864743+00:00,,,-5.5,147.5,2026-02-21 21:00:00+00:00,Morgan St Bears,Delaware St Hornets
6ccbc674ff17e17dc45d48216224367e,BetMGM,2026-02-21 14:26:23.864743+00:00,-235.0,195.0,-5.5,147.5,2026-02-21 21:00:00+00:00,Morgan St Bears,Delaware St Hornets
6ccbc674ff17e17dc45d48216224367e,Fanatics,2026-02-21 14:26:23.864743+00:00,-240.0,190.0,-5.5,148.0,2026-02-21 21:00:00+00:00,Morgan St Bears,Delaware St Hornets
6ccbc674ff17e17dc45d48216224367e,Bovada,2026-02-21 14:26:23.864743+00:00,,,-5.5,148.0,2026-02-21 21:00:00+00:00,Morgan St Bears,Delaware St Hornets
6ccbc674ff17e17dc45d48216224367e,BetRivers,2026-02-21 14:26:23.864743+00:00,-240.0,185.0,-5.5,147.5,2026-02-21 21:00:00+00:00,Morgan St Bears,Delaware St Hornets
6ccbc674ff17e17dc45d48216224367e,FanDuel,2026-02-21 14:26:23.864743+00:00,-245.0,194.0,-5.5,147.5,2026-02-21 21:00:00+00:00,Morgan St Bears,Delaware St Hornets
d4153ae97cff6651955955729c7e0893,BetOnline.ag,2026-02-21 14:26:23.864743+00:00,211.0,-255.0,5.5,148.5,2026-02-21 21:00:00+00:00,UNC Greensboro Spartans,East Tennessee St Buccaneers
d4153ae97cff6651955955729c7e0893,LowVig.ag,2026-02-21 14:26:23.864743+00:00,211.0,-255.0,5.5,148.5,2026-02-21 21:00:00+00:00,UNC Greensboro Spartans,East Tennessee St Buccaneers
d4153ae97cff6651955955729c7e0893,DraftKings,2026-02-21 14:26:23.864743+00:00,,,5.5,148.5,2026-02-21 21:00:00+00:00,UNC Greensboro Spartans,East Tennessee St Buccaneers
d4153ae97cff6651955955729c7e0893,Fanatics,2026-02-21 14:26:23.864743+00:00,230.0,-285.0,6.5,149.0,2026-02-21 21:00:00+00:00,UNC Greensboro Spartans,East Tennessee St Buccaneers
d4153ae97cff6651955955729c7e0893,BetMGM,2026-02-21 14:26:23.864743+00:00,200.0,-250.0,,148.5,2026-02-21 21:00:00+00:00,UNC Greensboro Spartans,East Tennessee St Buccaneers
d4153ae97cff6651955955729c7e0893,BetUS,2026-02-21 14:26:23.864743+00:00,215.0,-255.0,6.0,148.5,2026-02-21 21:00:00+00:00,UNC Greensboro Spartans,East Tennessee St Buccaneers
d4153ae97cff6651955955729c7e0893,Caesars,2026-02-21 14:26:23.864743+00:00,210.0,-260.0,5.5,148.5,2026-02-21 21:00:00+00:00,UNC Greensboro Spartans,East Tennessee St Buccaneers
d4153ae97cff6651955955729c7e0893,Bovada,2026-02-21 14:26:23.864743+00:00,215.0,-260.0,6.0,149.0,2026-02-21 21:00:00+00:00,UNC Greensboro Spartans,East Tennessee St Buccaneers
d4153ae97cff6651955955729c7e0893,BetRivers,2026-02-21 14:26:23.864743+00:00,230.0,-305.0,6.5,148.5,2026-02-21 21:00:00+00:00,UNC Greensboro Spartans,East Tennessee St Buccaneers
d4153ae97cff6651955955729c7e0893,FanDuel,2026-02-21 14:26:23.864743+00:00,240.0,-310.0,6.5,149.5,2026-02-21 21:00:00+00:00,UNC Greensboro Spartans,East Tennessee St Buccaneers
cbc5c5f7818b04862b4c7becb1e626d7,BetOnline.ag,2026-02-21 14:26:23.864743+00:00,-1500.0,874.0,-14.5,154.0,2026-02-21 21:00:00+00:00,Murray St Racers,Evansville Purple Aces
cbc5c5f7818b04862b4c7becb1e626d7,LowVig.ag,2026-02-21 14:26:23.864743+00:00,-1500.0,874.0,-14.5,154.0,2026-02-21 21:00:00+00:00,Murray St Racers,Evansville Purple Aces
cbc5c5f7818b04862b4c7becb1e626d7,DraftKings,2026-02-21 14:26:23.864743+00:00,,,-14.5,154.5,2026-02-21 21:00:00+00:00,Murray St Racers,Evansville Purple Aces
cbc5c5f7818b04862b4c7becb1e626d7,Fanatics,2026-02-21 14:26:23.864743+00:00,-1600.0,900.0,-15.0,155.0,2026-02-21 21:00:00+00:00,Murray St Racers,Evansville Purple Aces
cbc5c5f7818b04862b4c7becb1e626d7,BetMGM,2026-02-21 14:26:23.864743+00:00,-1400.0,800.0,-14.5,154.5,2026-02-21 21:00:00+00:00,Murray St Racers,Evansville Purple Aces
cbc5c5f7818b04862b4c7becb1e626d7,FanDuel,2026-02-21 14:26:23.864743+00:00,-1600.0,890.0,-14.5,154.5,2026-02-21 21:00:00+00:00,Murray St Racers,Evansville Purple Aces
cbc5c5f7818b04862b4c7becb1e626d7,BetUS,2026-02-21 14:26:23.864743+00:00,-1500.0,850.0,-14.5,154.0,2026-02-21 21:00:00+00:00,Murray St Racers,Evansville Purple Aces
cbc5c5f7818b04862b4c7becb1e626d7,Caesars,2026-02-21 14:26:23.864743+00:00,-1600.0,900.0,-14.5,154.5,2026-02-21 21:00:00+00:00,Murray St Racers,Evansville Purple Aces
cbc5c5f7818b04862b4c7becb1e626d7,Bovada,2026-02-21 14:26:23.864743+00:00,-1600.0,800.0,-15.0,155.0,2026-02-21 21:00:00+00:00,Murray St Racers,Evansville Purple Aces
cbc5c5f7818b04862b4c7becb1e626d7,BetRivers,2026-02-21 14:26:23.864743+00:00,-1667.0,750.0,-14.5,154.5,2026-02-21 21:00:00+00:00,Murray St Racers,Evansville Purple Aces
9efa1f9ac7fcd84a39efb293cb41457a,BetOnline.ag,2026-02-21 14:26:23.864743+00:00,-240.0,200.0,-5.5,135.5,2026-02-21 21:00:00+00:00,Stony Brook Seawolves,Hampton Pirates
9efa1f9ac7fcd84a39efb293cb41457a,LowVig.ag,2026-02-21 14:26:23.864743+00:00,-240.0,200.0,-5.5,135.5,2026-02-21 21:00:00+00:00,Stony Brook Seawolves,Hampton Pirates
9efa1f9ac7fcd84a39efb293cb41457a,BetMGM,2026-02-21 14:26:23.864743+00:00,-225.0,185.0,-5.5,135.5,2026-02-21 21:00:00+00:00,Stony Brook Seawolves,Hampton Pirates
9efa1f9ac7fcd84a39efb293cb41457a,Fanatics,2026-02-21 14:26:23.864743+00:00,-210.0,175.0,-5.5,136.0,2026-02-21 21:00:00+00:00,Stony Brook Seawolves,Hampton Pirates
9efa1f9ac7fcd84a39efb293cb41457a,BetUS,2026-02-21 14:26:23.864743+00:00,-240.0,203.0,-5.5,136.0,2026-02-21 21:00:00+00:00,Stony Brook Seawolves,Hampton Pirates
9efa1f9ac7fcd84a39efb293cb41457a,Caesars,2026-02-21 14:26:23.864743+00:00,-250.0,205.0,-5.5,135.5,2026-02-21 21:00:00+00:00,Stony Brook Seawolves,Hampton Pirates
9efa1f9ac7fcd84a39efb293cb41457a,Bovada,2026-02-21 14:26:23.864743+00:00,-185.0,160.0,-4.5,136.0,2026-02-21 21:00:00+00:00,Stony Brook Seawolves,Hampton Pirates
9efa1f9ac7fcd84a39efb293cb41457a,BetRivers,2026-02-21 14:26:23.864743+00:00,-215.0,165.0,-4.5,135.5,2026-02-21 21:00:00+00:00,Stony Brook Seawolves,Hampton Pirates
9efa1f9ac7fcd84a39efb293cb41457a,FanDuel,2026-02-21 14:26:23.864743+00:00,-235.0,186.0,-5.5,135.5,2026-02-21 21:00:00+00:00,Stony Brook Seawolves,Hampton Pirates
e7140b50e84287741fc1d4e6732ad419,BetOnline.ag,2026-02-21 14:26:23.864743+00:00,,,-8.5,165.0,2026-02-21 21:00:00+00:00,High Point Panthers,Winthrop Eagles
e7140b50e84287741fc1d4e6732ad419,LowVig.ag,2026-02-21 14:26:23.864743+00:00,,,-8.5,165.0,2026-02-21 21:00:00+00:00,High Point Panthers,Winthrop Eagles
e7140b50e84287741fc1d4e6732ad419,DraftKings,2026-02-21 14:26:23.864743+00:00,,,-8.5,164.5,2026-02-21 21:00:00+00:00,High Point Panthers,Winthrop Eagles
e7140b50e84287741fc1d4e6732ad419,BetMGM,2026-02-21 14:26:23.864743+00:00,-375.0,290.0,-8.5,164.5,2026-02-21 21:00:00+00:00,High Point Panthers,Winthrop Eagles
e7140b50e84287741fc1d4e6732ad419,Fanatics,2026-02-21 14:26:23.864743+00:00,-350.0,280.0,-8.0,165.0,2026-02-21 21:00:00+00:00,High Point Panthers,Winthrop Eagles
e7140b50e84287741fc1d4e6732ad419,BetRivers,2026-02-21 14:26:23.864743+00:00,-345.0,255.0,-7.5,164.5,2026-02-21 21:00:00+00:00,High Point Panthers,Winthrop Eagles
e7140b50e84287741fc1d4e6732ad419,FanDuel,2026-02-21 14:26:23.864743+00:00,-420.0,310.0,-8.5,164.5,2026-02-21 21:00:00+00:00,High Point Panthers,Winthrop Eagles
e7140b50e84287741fc1d4e6732ad419,Bovada,2026-02-21 14:26:23.864743+00:00,,,-8.0,165.0,2026-02-21 21:00:00+00:00,High Point Panthers,Winthrop Eagles
cc70b85a95828d0d5506944e97a9b696,BetOnline.ag,2026-02-21 14:26:23.864743+00:00,-400.0,316.0,-8.5,147.5,2026-02-21 21:00:00+00:00,Liberty Flames,Western Kentucky Hilltoppers
cc70b85a95828d0d5506944e97a9b696,LowVig.ag,2026-02-21 14:26:23.864743+00:00,-400.0,316.0,-8.5,147.5,2026-02-21 21:00:00+00:00,Liberty Flames,Western Kentucky Hilltoppers
cc70b85a95828d0d5506944e97a9b696,DraftKings,2026-02-21 14:26:23.864743+00:00,,,-8.5,146.5,2026-02-21 21:00:00+00:00,Liberty Flames,Western Kentucky Hilltoppers
cc70b85a95828d0d5506944e97a9b696,Fanatics,2026-02-21 14:26:23.864743+00:00,-375.0,300.0,-8.0,147.0,2026-02-21 21:00:00+00:00,Liberty Flames,Western Kentucky Hilltoppers
cc70b85a95828d0d5506944e97a9b696,BetMGM,2026-02-21 14:26:23.864743+00:00,-375.0,300.0,-8.5,146.5,2026-02-21 21:00:00+00:00,Liberty Flames,Western Kentucky Hilltoppers
cc70b85a95828d0d5506944e97a9b696,FanDuel,2026-02-21 14:26:23.864743+00:00,-410.0,315.0,-7.5,146.5,2026-02-21 21:00:00+00:00,Liberty Flames,Western Kentucky Hilltoppers
cc70b85a95828d0d5506944e97a9b696,BetUS,2026-02-21 14:26:23.864743+00:00,-400.0,320.0,-8.5,147.0,2026-02-21 21:00:00+00:00,Liberty Flames,Western Kentucky Hilltoppers
cc70b85a95828d0d5506944e97a9b696,Caesars,2026-02-21 14:26:23.864743+00:00,-420.0,320.0,-8.0,146.5,2026-02-21 21:00:00+00:00,Liberty Flames,Western Kentucky Hilltoppers
cc70b85a95828d0d5506944e97a9b696,Bovada,2026-02-21 14:26:23.864743+00:00,-360.0,280.0,-8.0,145.5,2026-02-21 21:00:00+00:00,Liberty Flames,Western Kentucky Hilltoppers
cc70b85a95828d0d5506944e97a9b696,BetRivers,2026-02-21 14:26:23.864743+00:00,-385.0,275.0,-7.5,146.5,2026-02-21 21:00:00+00:00,Liberty Flames,Western Kentucky Hilltoppers
077770c987e834f929994613cb3dd0da,BetOnline.ag,2026-02-21 14:26:23.864743+00:00,125.0,-145.0,2.5,153.0,2026-02-21 21:00:00+00:00,Tennessee Tech Golden Eagles,Lindenwood Lions
077770c987e834f929994613cb3dd0da,LowVig.ag,2026-02-21 14:26:23.864743+00:00,125.0,-145.0,2.5,153.0,2026-02-21 21:00:00+00:00,Tennessee Tech Golden Eagles,Lindenwood Lions
077770c987e834f929994613cb3dd0da,DraftKings,2026-02-21 14:26:23.864743+00:00,120.0,-142.0,2.5,153.5,2026-02-21 21:00:00+00:00,Tennessee Tech Golden Eagles,Lindenwood Lions
077770c987e834f929994613cb3dd0da,BetMGM,2026-02-21 14:26:23.864743+00:00,118.0,-145.0,2.5,153.5,2026-02-21 21:00:00+00:00,Tennessee Tech Golden Eagles,Lindenwood Lions
077770c987e834f929994613cb3dd0da,Fanatics,2026-02-21 14:26:23.864743+00:00,120.0,-145.0,2.5,154.0,2026-02-21 21:00:00+00:00,Tennessee Tech Golden Eagles,Lindenwood Lions
077770c987e834f929994613cb3dd0da,BetUS,2026-02-21 14:26:23.864743+00:00,125.0,-145.0,2.5,153.0,2026-02-21 21:00:00+00:00,Tennessee Tech Golden Eagles,Lindenwood Lions
077770c987e834f929994613cb3dd0da,Caesars,2026-02-21 14:26:23.864743+00:00,122.0,-145.0,2.5,153.5,2026-02-21 21:00:00+00:00,Tennessee Tech Golden Eagles,Lindenwood Lions
077770c987e834f929994613cb3dd0da,Bovada,2026-02-21 14:26:23.864743+00:00,120.0,-140.0,2.5,154.0,2026-02-21 21:00:00+00:00,Tennessee Tech Golden Eagles,Lindenwood Lions
077770c987e834f929994613cb3dd0da,BetRivers,2026-02-21 14:26:23.864743+00:00,116.0,-148.0,2.5,153.5,2026-02-21 21:00:00+00:00,Tennessee Tech Golden Eagles,Lindenwood Lions
077770c987e834f929994613cb3dd0da,FanDuel,2026-02-21 14:26:23.864743+00:00,122.0,-150.0,2.5,153.5,2026-02-21 21:00:00+00:00,Tennessee Tech Golden Eagles,Lindenwood Lions
1439a0b20e7c48174ee2a665f1eac181,BetOnline.ag,2026-02-21 14:26:23.864743+00:00,,,-3.5,137.5,2026-02-21 21:00:00+00:00,New Hampshire Wildcats,Maine Black Bears
1439a0b20e7c48174ee2a665f1eac181,LowVig.ag,2026-02-21 14:26:23.864743+00:00,,,-3.5,137.5,2026-02-21 21:00:00+00:00,New Hampshire Wildcats,Maine Black Bears
1439a0b20e7c48174ee2a665f1eac181,DraftKings,2026-02-21 14:26:23.864743+00:00,,,-3.5,137.5,2026-02-21 21:00:00+00:00,New Hampshire Wildcats,Maine Black Bears
1439a0b20e7c48174ee2a665f1eac181,BetMGM,2026-02-21 14:26:23.864743+00:00,-165.0,135.0,-3.5,136.5,2026-02-21 21:00:00+00:00,New Hampshire Wildcats,Maine Black Bears
1439a0b20e7c48174ee2a665f1eac181,Fanatics,2026-02-21 14:26:23.864743+00:00,-170.0,140.0,-3.5,137.0,2026-02-21 21:00:00+00:00,New Hampshire Wildcats,Maine Black Bears
1439a0b20e7c48174ee2a665f1eac181,Bovada,2026-02-21 14:26:23.864743+00:00,,,-3.5,137.0,2026-02-21 21:00:00+00:00,New Hampshire Wildcats,Maine Black Bears
1439a0b20e7c48174ee2a665f1eac181,BetRivers,2026-02-21 14:26:23.864743+00:00,-175.0,135.0,-3.5,136.5,2026-02-21 21:00:00+00:00,New Hampshire Wildcats,Maine Black Bears
1439a0b20e7c48174ee2a665f1eac181,FanDuel,2026-02-21 14:26:23.864743+00:00,-176.0,142.0,-3.5,136.5,2026-02-21 21:00:00+00:00,New Hampshire Wildcats,Maine Black Bears
20bc132eec489fae36f25a2e059754b7,BetOnline.ag,2026-02-21 14:26:23.864743+00:00,,,-10.0,146.5,2026-02-21 21:00:00+00:00,Norfolk St Spartans,South Carolina St Bulldogs
20bc132eec489fae36f25a2e059754b7,LowVig.ag,2026-02-21 14:26:23.864743+00:00,,,-10.0,146.5,2026-02-21 21:00:00+00:00,Norfolk St Spartans,South Carolina St Bulldogs
20bc132eec489fae36f25a2e059754b7,DraftKings,2026-02-21 14:26:23.864743+00:00,,,-10.5,146.5,2026-02-21 21:00:00+00:00,Norfolk St Spartans,South Carolina St Bulldogs
20bc132eec489fae36f25a2e059754b7,BetMGM,2026-02-21 14:26:23.864743+00:00,-600.0,425.0,-10.5,146.5,2026-02-21 21:00:00+00:00,Norfolk St Spartans,South Carolina St Bulldogs
20bc132eec489fae36f25a2e059754b7,Fanatics,2026-02-21 14:26:23.864743+00:00,-575.0,425.0,-10.0,146.5,2026-02-21 21:00:00+00:00,Norfolk St Spartans,South Carolina St Bulldogs
20bc132eec489fae36f25a2e059754b7,BetRivers,2026-02-21 14:26:23.864743+00:00,-670.0,400.0,-10.5,146.5,2026-02-21 21:00:00+00:00,Norfolk St Spartans,South Carolina St Bulldogs
20bc132eec489fae36f25a2e059754b7,FanDuel,2026-02-21 14:26:23.864743+00:00,-650.0,440.0,-10.5,147.5,2026-02-21 21:00:00+00:00,Norfolk St Spartans,South Carolina St Bulldogs
20bc132eec489fae36f25a2e059754b7,Bovada,2026-02-21 14:26:23.864743+00:00,,,-10.0,146.5,2026-02-21 21:00:00+00:00,Norfolk St Spartans,South Carolina St Bulldogs
17c858980c63a9b01b62c48f237f21d6,BetOnline.ag,2026-02-21 14:26:23.864743+00:00,108.0,-128.0,1.5,143.0,2026-02-21 21:00:00+00:00,South Alabama Jaguars,Troy Trojans
17c858980c63a9b01b62c48f237f21d6,LowVig.ag,2026-02-21 14:26:23.864743+00:00,108.0,-128.0,1.5,143.0,2026-02-21 21:00:00+00:00,South Alabama Jaguars,Troy Trojans
17c858980c63a9b01b62c48f237f21d6,DraftKings,2026-02-21 14:26:23.864743+00:00,102.0,-122.0,1.5,142.5,2026-02-21 21:00:00+00:00,South Alabama Jaguars,Troy Trojans
17c858980c63a9b01b62c48f237f21d6,BetMGM,2026-02-21 14:26:23.864743+00:00,100.0,-120.0,1.5,143.5,2026-02-21 21:00:00+00:00,South Alabama Jaguars,Troy Trojans
17c858980c63a9b01b62c48f237f21d6,Fanatics,2026-02-21 14:26:23.864743+00:00,100.0,-120.0,1.0,142.5,2026-02-21 21:00:00+00:00,South Alabama Jaguars,Troy Trojans
17c858980c63a9b01b62c48f237f21d6,BetUS,2026-02-21 14:26:23.864743+00:00,110.0,-130.0,1.5,143.0,2026-02-21 21:00:00+00:00,South Alabama Jaguars,Troy Trojans
17c858980c63a9b01b62c48f237f21d6,Caesars,2026-02-21 14:26:23.864743+00:00,110.0,-130.0,2.0,143.0,2026-02-21 21:00:00+00:00,South Alabama Jaguars,Troy Trojans
17c858980c63a9b01b62c48f237f21d6,Bovada,2026-02-21 14:26:23.864743+00:00,-105.0,-115.0,1.5,142.5,2026-02-21 21:00:00+00:00,South Alabama Jaguars,Troy Trojans
17c858980c63a9b01b62c48f237f21d6,BetRivers,2026-02-21 14:26:23.864743+00:00,102.0,-130.0,1.5,142.5,2026-02-21 21:00:00+00:00,South Alabama Jaguars,Troy Trojans
17c858980c63a9b01b62c48f237f21d6,FanDuel,2026-02-21 14:26:23.864743+00:00,100.0,-122.0,1.5,142.5,2026-02-21 21:00:00+00:00,South Alabama Jaguars,Troy Trojans
9169b93b99b920d52f7e74325c577cec,FanDuel,2026-02-21 14:26:23.864743+00:00,-2100.0,1000.0,-15.5,150.5,2026-02-21 21:00:23+00:00,SMU Mustangs,Boston College Eagles
9169b93b99b920d52f7e74325c577cec,Fanatics,2026-02-21 14:26:23.864743+00:00,-1700.0,1000.0,-15.5,151.5,2026-02-21 21:00:23+00:00,SMU Mustangs,Boston College Eagles
9169b93b99b920d52f7e74325c577cec,LowVig.ag,2026-02-21 14:26:23.864743+00:00,-1550.0,892.0,-15.0,151.0,2026-02-21 21:00:23+00:00,SMU Mustangs,Boston College Eagles
9169b93b99b920d52f7e74325c577cec,BetOnline.ag,2026-02-21 14:26:23.864743+00:00,-1550.0,892.0,-15.0,151.0,2026-02-21 21:00:23+00:00,SMU Mustangs,Boston College Eagles
9169b93b99b920d52f7e74325c577cec,Bovada,2026-02-21 14:26:23.864743+00:00,-1800.0,850.0,-15.5,151.5,2026-02-21 21:00:23+00:00,SMU Mustangs,Boston College Eagles
9169b93b99b920d52f7e74325c577cec,DraftKings,2026-02-21 14:26:23.864743+00:00,-1600.0,900.0,-15.5,151.5,2026-02-21 21:00:23+00:00,SMU Mustangs,Boston College Eagles
9169b93b99b920d52f7e74325c577cec,BetRivers,2026-02-21 14:26:23.864743+00:00,-2500.0,900.0,-15.5,150.5,2026-02-21 21:00:23+00:00,SMU Mustangs,Boston College Eagles
9169b93b99b920d52f7e74325c577cec,BetMGM,2026-02-21 14:26:23.864743+00:00,-1600.0,875.0,-15.5,151.5,2026-02-21 21:00:23+00:00,SMU Mustangs,Boston College Eagles
9169b93b99b920d52f7e74325c577cec,BetUS,2026-02-21 14:26:23.864743+00:00,-1550.0,900.0,-15.5,151.5,2026-02-21 21:00:23+00:00,SMU Mustangs,Boston College Eagles
9169b93b99b920d52f7e74325c577cec,Caesars,2026-02-21 14:26:23.864743+00:00,-1600.0,900.0,-15.5,151.5,2026-02-21 21:00:23+00:00,SMU Mustangs,Boston College Eagles
cbd8215b23ffddf47cd6ed980332fea4,FanDuel,2026-02-21 14:26:23.864743+00:00,-260.0,205.0,-5.5,146.5,2026-02-21 21:00:35+00:00,USC Trojans,Oregon Ducks
cbd8215b23ffddf47cd6ed980332fea4,Fanatics,2026-02-21 14:26:23.864743+00:00,-240.0,190.0,-5.5,147.0,2026-02-21 21:00:35+00:00,USC Trojans,Oregon Ducks
cbd8215b23ffddf47cd6ed980332fea4,LowVig.ag,2026-02-21 14:26:23.864743+00:00,-215.0,183.0,-5.0,148.0,2026-02-21 21:00:35+00:00,USC Trojans,Oregon Ducks
cbd8215b23ffddf47cd6ed980332fea4,BetOnline.ag,2026-02-21 14:26:23.864743+00:00,-215.0,183.0,-5.0,148.0,2026-02-21 21:00:35+00:00,USC Trojans,Oregon Ducks
cbd8215b23ffddf47cd6ed980332fea4,Bovada,2026-02-21 14:26:23.864743+00:00,-260.0,215.0,-6.0,146.5,2026-02-21 21:00:35+00:00,USC Trojans,Oregon Ducks
cbd8215b23ffddf47cd6ed980332fea4,DraftKings,2026-02-21 14:26:23.864743+00:00,-245.0,200.0,-5.5,147.5,2026-02-21 21:00:35+00:00,USC Trojans,Oregon Ducks
cbd8215b23ffddf47cd6ed980332fea4,BetMGM,2026-02-21 14:26:23.864743+00:00,-235.0,195.0,-5.5,147.5,2026-02-21 21:00:35+00:00,USC Trojans,Oregon Ducks
cbd8215b23ffddf47cd6ed980332fea4,BetRivers,2026-02-21 14:26:23.864743+00:00,-275.0,205.0,-5.5,146.5,2026-02-21 21:00:35+00:00,USC Trojans,Oregon Ducks
cbd8215b23ffddf47cd6ed980332fea4,BetUS,2026-02-21 14:26:23.864743+00:00,-215.0,183.0,-5.0,148.0,2026-02-21 21:00:35+00:00,USC Trojans,Oregon Ducks
cbd8215b23ffddf47cd6ed980332fea4,Caesars,2026-02-21 14:26:23.864743+00:00,-250.0,205.0,-5.5,148.0,2026-02-21 21:00:35+00:00,USC Trojans,Oregon Ducks
487c9e700f44523703a7392bd4266572,FanDuel,2026-02-21 14:26:23.864743+00:00,-360.0,280.0,-7.5,158.5,2026-02-21 21:00:43+00:00,Baylor Bears,Arizona St Sun Devils
487c9e700f44523703a7392bd4266572,Fanatics,2026-02-21 14:26:23.864743+00:00,-325.0,250.0,-7.5,158.0,2026-02-21 21:00:43+00:00,Baylor Bears,Arizona St Sun Devils
487c9e700f44523703a7392bd4266572,LowVig.ag,2026-02-21 14:26:23.864743+00:00,-320.0,260.0,-7.5,157.0,2026-02-21 21:00:43+00:00,Baylor Bears,Arizona St Sun Devils
487c9e700f44523703a7392bd4266572,Bovada,2026-02-21 14:26:23.864743+00:00,-320.0,260.0,-7.5,158.0,2026-02-21 21:00:43+00:00,Baylor Bears,Arizona St Sun Devils
487c9e700f44523703a7392bd4266572,BetOnline.ag,2026-02-21 14:26:23.864743+00:00,-320.0,260.0,-7.5,157.0,2026-02-21 21:00:43+00:00,Baylor Bears,Arizona St Sun Devils
487c9e700f44523703a7392bd4266572,DraftKings,2026-02-21 14:26:23.864743+00:00,-340.0,270.0,-7.5,158.5,2026-02-21 21:00:43+00:00,Baylor Bears,Arizona St Sun Devils
487c9e700f44523703a7392bd4266572,BetRivers,2026-02-21 14:26:23.864743+00:00,-335.0,245.0,-7.5,157.5,2026-02-21 21:00:43+00:00,Baylor Bears,Arizona St Sun Devils
487c9e700f44523703a7392bd4266572,BetMGM,2026-02-21 14:26:23.864743+00:00,-325.0,260.0,-7.5,157.5,2026-02-21 21:00:43+00:00,Baylor Bears,Arizona St Sun Devils
487c9e700f44523703a7392bd4266572,BetUS,2026-02-21 14:26:23.864743+00:00,-320.0,260.0,-7.5,157.0,2026-02-21 21:00:43+00:00,Baylor Bears,Arizona St Sun Devils
487c9e700f44523703a7392bd4266572,Caesars,2026-02-21 14:26:23.864743+00:00,-345.0,270.0,-7.5,158.0,2026-02-21 21:00:43+00:00,Baylor Bears,Arizona St Sun Devils
8e57ee7152a5f8bf052eaa48292bf97c,BetOnline.ag,2026-02-21 14:26:23.864743+00:00,,,3.0,126.5,2026-02-21 21:30:00+00:00,Coppin St Eagles,Maryland-Eastern Shore Hawks
8e57ee7152a5f8bf052eaa48292bf97c,LowVig.ag,2026-02-21 14:26:23.864743+00:00,,,3.0,126.5,2026-02-21 21:30:00+00:00,Coppin St Eagles,Maryland-Eastern Shore Hawks
8e57ee7152a5f8bf052eaa48292bf97c,DraftKings,2026-02-21 14:26:23.864743+00:00,,,3.5,127.5,2026-02-21 21:30:00+00:00,Coppin St Eagles,Maryland-Eastern Shore Hawks
8e57ee7152a5f8bf052eaa48292bf97c,BetMGM,2026-02-21 14:26:23.864743+00:00,135.0,-160.0,3.5,126.5,2026-02-21 21:30:00+00:00,Coppin St Eagles,Maryland-Eastern Shore Hawks
8e57ee7152a5f8bf052eaa48292bf97c,Fanatics,2026-02-21 14:26:23.864743+00:00,130.0,-160.0,3.0,127.0,2026-02-21 21:30:00+00:00,Coppin St Eagles,Maryland-Eastern Shore Hawks
8e57ee7152a5f8bf052eaa48292bf97c,BetRivers,2026-02-21 14:26:23.864743+00:00,128.0,-165.0,3.5,128.5,2026-02-21 21:30:00+00:00,Coppin St Eagles,Maryland-Eastern Shore Hawks
8e57ee7152a5f8bf052eaa48292bf97c,FanDuel,2026-02-21 14:26:23.864743+00:00,138.0,-170.0,3.5,127.5,2026-02-21 21:30:00+00:00,Coppin St Eagles,Maryland-Eastern Shore Hawks
8e57ee7152a5f8bf052eaa48292bf97c,Bovada,2026-02-21 14:26:23.864743+00:00,,,3.0,127.0,2026-02-21 21:30:00+00:00,Coppin St Eagles,Maryland-Eastern Shore Hawks
f406b7d664425b01f67b3e86f3201d15,BetOnline.ag,2026-02-21 14:26:23.864743+00:00,-177.0,155.0,-4.0,133.5,2026-02-21 21:30:00+00:00,Eastern Illinois Panthers,Southern Indiana Screaming Eagles
f406b7d664425b01f67b3e86f3201d15,LowVig.ag,2026-02-21 14:26:23.864743+00:00,-177.0,155.0,-4.0,133.5,2026-02-21 21:30:00+00:00,Eastern Illinois Panthers,Southern Indiana Screaming Eagles
f406b7d664425b01f67b3e86f3201d15,DraftKings,2026-02-21 14:26:23.864743+00:00,,,-3.5,134.5,2026-02-21 21:30:00+00:00,Eastern Illinois Panthers,Southern Indiana Screaming Eagles
f406b7d664425b01f67b3e86f3201d15,Fanatics,2026-02-21 14:26:23.864743+00:00,-180.0,150.0,-4.0,135.0,2026-02-21 21:30:00+00:00,Eastern Illinois Panthers,Southern Indiana Screaming Eagles
f406b7d664425b01f67b3e86f3201d15,BetMGM,2026-02-21 14:26:23.864743+00:00,-190.0,154.0,-4.5,133.5,2026-02-21 21:30:00+00:00,Eastern Illinois Panthers,Southern Indiana Screaming Eagles
f406b7d664425b01f67b3e86f3201d15,BetUS,2026-02-21 14:26:23.864743+00:00,-175.0,150.0,-4.0,133.5,2026-02-21 21:30:00+00:00,Eastern Illinois Panthers,Southern Indiana Screaming Eagles
f406b7d664425b01f67b3e86f3201d15,Bovada,2026-02-21 14:26:23.864743+00:00,-175.0,150.0,-4.0,136.0,2026-02-21 21:30:00+00:00,Eastern Illinois Panthers,Southern Indiana Screaming Eagles
f406b7d664425b01f67b3e86f3201d15,BetRivers,2026-02-21 14:26:23.864743+00:00,-205.0,155.0,-4.5,135.5,2026-02-21 21:30:00+00:00,Eastern Illinois Panthers,Southern Indiana Screaming Eagles
f406b7d664425b01f67b3e86f3201d15,FanDuel,2026-02-21 14:26:23.864743+00:00,-196.0,158.0,-4.5,134.5,2026-02-21 21:30:00+00:00,Eastern Illinois Panthers,Southern Indiana Screaming Eagles
d5e8527468b5b9e0cbc36778a7623aea,BetOnline.ag,2026-02-21 14:26:23.864743+00:00,,,-2.5,132.5,2026-02-21 21:30:00+00:00,Northwestern St Demons,Houston Christian Huskies
d5e8527468b5b9e0cbc36778a7623aea,LowVig.ag,2026-02-21 14:26:23.864743+00:00,,,-2.5,132.5,2026-02-21 21:30:00+00:00,Northwestern St Demons,Houston Christian Huskies
d5e8527468b5b9e0cbc36778a7623aea,DraftKings,2026-02-21 14:26:23.864743+00:00,-148.0,124.0,-2.5,132.5,2026-02-21 21:30:00+00:00,Northwestern St Demons,Houston Christian Huskies
d5e8527468b5b9e0cbc36778a7623aea,BetMGM,2026-02-21 14:26:23.864743+00:00,-150.0,125.0,-2.5,132.5,2026-02-21 21:30:00+00:00,Northwestern St Demons,Houston Christian Huskies
d5e8527468b5b9e0cbc36778a7623aea,Fanatics,2026-02-21 14:26:23.864743+00:00,-145.0,120.0,-2.5,132.5,2026-02-21 21:30:00+00:00,Northwestern St Demons,Houston Christian Huskies
d5e8527468b5b9e0cbc36778a7623aea,BetRivers,2026-02-21 14:26:23.864743+00:00,-155.0,120.0,-2.5,132.5,2026-02-21 21:30:00+00:00,Northwestern St Demons,Houston Christian Huskies
d5e8527468b5b9e0cbc36778a7623aea,FanDuel,2026-02-21 14:26:23.864743+00:00,-154.0,126.0,-2.5,133.5,2026-02-21 21:30:00+00:00,Northwestern St Demons,Houston Christian Huskies
d5e8527468b5b9e0cbc36778a7623aea,Bovada,2026-02-21 14:26:23.864743+00:00,,,-2.5,132.5,2026-02-21 21:30:00+00:00,Northwestern St Demons,Houston Christian Huskies
d3520c9c7ebdadac04806d7e49b33faa,BetOnline.ag,2026-02-21 14:26:23.864743+00:00,316.0,-400.0,8.5,144.5,2026-02-21 21:30:00+00:00,Western Illinois Leathernecks,Morehead St Eagles
d3520c9c7ebdadac04806d7e49b33faa,LowVig.ag,2026-02-21 14:26:23.864743+00:00,316.0,-400.0,8.5,144.5,2026-02-21 21:30:00+00:00,Western Illinois Leathernecks,Morehead St Eagles
d3520c9c7ebdadac04806d7e49b33faa,DraftKings,2026-02-21 14:26:23.864743+00:00,,,8.5,144.5,2026-02-21 21:30:00+00:00,Western Illinois Leathernecks,Morehead St Eagles
d3520c9c7ebdadac04806d7e49b33faa,BetMGM,2026-02-21 14:26:23.864743+00:00,300.0,-375.0,8.5,144.5,2026-02-21 21:30:00+00:00,Western Illinois Leathernecks,Morehead St Eagles
d3520c9c7ebdadac04806d7e49b33faa,Fanatics,2026-02-21 14:26:23.864743+00:00,310.0,-400.0,8.5,144.5,2026-02-21 21:30:00+00:00,Western Illinois Leathernecks,Morehead St Eagles
d3520c9c7ebdadac04806d7e49b33faa,BetUS,2026-02-21 14:26:23.864743+00:00,320.0,-400.0,8.5,144.0,2026-02-21 21:30:00+00:00,Western Illinois Leathernecks,Morehead St Eagles
d3520c9c7ebdadac04806d7e49b33faa,Bovada,2026-02-21 14:26:23.864743+00:00,310.0,-415.0,8.5,144.0,2026-02-21 21:30:00+00:00,Western Illinois Leathernecks,Morehead St Eagles
d3520c9c7ebdadac04806d7e49b33faa,BetRivers,2026-02-21 14:26:23.864743+00:00,310.0,-435.0,8.5,143.5,2026-02-21 21:30:00+00:00,Western Illinois Leathernecks,Morehead St Eagles
d3520c9c7ebdadac04806d7e49b33faa,FanDuel,2026-02-21 14:26:23.864743+00:00,310.0,-420.0,8.5,144.5,2026-02-21 21:30:00+00:00,Western Illinois Leathernecks,Morehead St Eagles
f6cde232ced73f236efd3b4f35146583,BetOnline.ag,2026-02-21 14:26:23.864743+00:00,,,1.0,142.0,2026-02-21 21:30:00+00:00,South Carolina Upstate Spartans,Presbyterian Blue Hose
f6cde232ced73f236efd3b4f35146583,LowVig.ag,2026-02-21 14:26:23.864743+00:00,,,1.0,142.0,2026-02-21 21:30:00+00:00,South Carolina Upstate Spartans,Presbyterian Blue Hose
f6cde232ced73f236efd3b4f35146583,DraftKings,2026-02-21 14:26:23.864743+00:00,-102.0,-118.0,1.5,141.5,2026-02-21 21:30:00+00:00,South Carolina Upstate Spartans,Presbyterian Blue Hose
f6cde232ced73f236efd3b4f35146583,BetMGM,2026-02-21 14:26:23.864743+00:00,-102.0,-118.0,1.5,141.5,2026-02-21 21:30:00+00:00,South Carolina Upstate Spartans,Presbyterian Blue Hose
f6cde232ced73f236efd3b4f35146583,Fanatics,2026-02-21 14:26:23.864743+00:00,-105.0,-115.0,1.0,141.5,2026-02-21 21:30:00+00:00,South Carolina Upstate Spartans,Presbyterian Blue Hose
f6cde232ced73f236efd3b4f35146583,BetRivers,2026-02-21 14:26:23.864743+00:00,-107.0,-118.0,-0.5,140.5,2026-02-21 21:30:00+00:00,South Carolina Upstate Spartans,Presbyterian Blue Hose
f6cde232ced73f236efd3b4f35146583,FanDuel,2026-02-21 14:26:23.864743+00:00,-102.0,-120.0,1.5,141.5,2026-02-21 21:30:00+00:00,South Carolina Upstate Spartans,Presbyterian Blue Hose
f6cde232ced73f236efd3b4f35146583,Bovada,2026-02-21 14:26:23.864743+00:00,,,1.0,141.5,2026-02-21 21:30:00+00:00,South Carolina Upstate Spartans,Presbyterian Blue Hose
92cf0b35184e8c611ac087b1241868cb,BetOnline.ag,2026-02-21 14:26:23.864743+00:00,,,-1.5,149.0,2026-02-21 21:30:00+00:00,UNC Asheville Bulldogs,Radford Highlanders
92cf0b35184e8c611ac087b1241868cb,LowVig.ag,2026-02-21 14:26:23.864743+00:00,,,-1.5,149.0,2026-02-21 21:30:00+00:00,UNC Asheville Bulldogs,Radford Highlanders
92cf0b35184e8c611ac087b1241868cb,DraftKings,2026-02-21 14:26:23.864743+00:00,-120.0,100.0,-1.5,149.5,2026-02-21 21:30:00+00:00,UNC Asheville Bulldogs,Radford Highlanders
92cf0b35184e8c611ac087b1241868cb,BetMGM,2026-02-21 14:26:23.864743+00:00,-120.0,100.0,-1.5,148.5,2026-02-21 21:30:00+00:00,UNC Asheville Bulldogs,Radford Highlanders
92cf0b35184e8c611ac087b1241868cb,Fanatics,2026-02-21 14:26:23.864743+00:00,-120.0,100.0,-1.5,149.0,2026-02-21 21:30:00+00:00,UNC Asheville Bulldogs,Radford Highlanders
92cf0b35184e8c611ac087b1241868cb,BetRivers,2026-02-21 14:26:23.864743+00:00,-120.0,-106.0,-1.5,148.5,2026-02-21 21:30:00+00:00,UNC Asheville Bulldogs,Radford Highlanders
92cf0b35184e8c611ac087b1241868cb,FanDuel,2026-02-21 14:26:23.864743+00:00,-124.0,102.0,-1.5,148.5,2026-02-21 21:30:00+00:00,UNC Asheville Bulldogs,Radford Highlanders
92cf0b35184e8c611ac087b1241868cb,Bovada,2026-02-21 14:26:23.864743+00:00,,,-1.5,149.0,2026-02-21 21:30:00+00:00,UNC Asheville Bulldogs,Radford Highlanders
95106d7cd25a2b5e339c973544ceca47,BetOnline.ag,2026-02-21 14:26:23.864743+00:00,,,4.0,134.5,2026-02-21 21:30:00+00:00,SE Louisiana Lions,UT Rio Grande Valley Vaqueros
95106d7cd25a2b5e339c973544ceca47,LowVig.ag,2026-02-21 14:26:23.864743+00:00,,,4.0,134.5,2026-02-21 21:30:00+00:00,SE Louisiana Lions,UT Rio Grande Valley Vaqueros
95106d7cd25a2b5e339c973544ceca47,DraftKings,2026-02-21 14:26:23.864743+00:00,,,4.5,134.5,2026-02-21 21:30:00+00:00,SE Louisiana Lions,UT Rio Grande Valley Vaqueros
95106d7cd25a2b5e339c973544ceca47,BetMGM,2026-02-21 14:26:23.864743+00:00,154.0,-190.0,4.5,134.5,2026-02-21 21:30:00+00:00,SE Louisiana Lions,UT Rio Grande Valley Vaqueros
95106d7cd25a2b5e339c973544ceca47,Fanatics,2026-02-21 14:26:23.864743+00:00,150.0,-180.0,4.0,134.5,2026-02-21 21:30:00+00:00,SE Louisiana Lions,UT Rio Grande Valley Vaqueros
95106d7cd25a2b5e339c973544ceca47,BetRivers,2026-02-21 14:26:23.864743+00:00,143.0,-182.0,3.5,134.5,2026-02-21 21:30:00+00:00,SE Louisiana Lions,UT Rio Grande Valley Vaqueros
95106d7cd25a2b5e339c973544ceca47,FanDuel,2026-02-21 14:26:23.864743+00:00,154.0,-192.0,3.5,134.5,2026-02-21 21:30:00+00:00,SE Louisiana Lions,UT Rio Grande Valley Vaqueros
95106d7cd25a2b5e339c973544ceca47,Bovada,2026-02-21 14:26:23.864743+00:00,,,4.0,134.5,2026-02-21 21:30:00+00:00,SE Louisiana Lions,UT Rio Grande Valley Vaqueros
bc2cbd9a399939faa46cb825d9a5e71a,BetOnline.ag,2026-02-21 14:26:23.864743+00:00,-190.0,165.0,-4.5,151.0,2026-02-21 22:00:00+00:00,Central Michigan Chippewas,Western Michigan Broncos
bc2cbd9a399939faa46cb825d9a5e71a,LowVig.ag,2026-02-21 14:26:23.864743+00:00,-190.0,165.0,-4.5,151.0,2026-02-21 22:00:00+00:00,Central Michigan Chippewas,Western Michigan Broncos
bc2cbd9a399939faa46cb825d9a5e71a,DraftKings,2026-02-21 14:26:23.864743+00:00,,,-4.5,151.5,2026-02-21 22:00:00+00:00,Central Michigan Chippewas,Western Michigan Broncos
bc2cbd9a399939faa46cb825d9a5e71a,BetMGM,2026-02-21 14:26:23.864743+00:00,-190.0,155.0,-3.5,151.5,2026-02-21 22:00:00+00:00,Central Michigan Chippewas,Western Michigan Broncos
bc2cbd9a399939faa46cb825d9a5e71a,Fanatics,2026-02-21 14:26:23.864743+00:00,-190.0,160.0,-4.0,151.0,2026-02-21 22:00:00+00:00,Central Michigan Chippewas,Western Michigan Broncos
bc2cbd9a399939faa46cb825d9a5e71a,BetUS,2026-02-21 14:26:23.864743+00:00,-190.0,163.0,-4.5,151.0,2026-02-21 22:00:00+00:00,Central Michigan Chippewas,Western Michigan Broncos
bc2cbd9a399939faa46cb825d9a5e71a,Caesars,2026-02-21 14:26:23.864743+00:00,-190.0,158.0,-4.5,151.5,2026-02-21 22:00:00+00:00,Central Michigan Chippewas,Western Michigan Broncos
bc2cbd9a399939faa46cb825d9a5e71a,Bovada,2026-02-21 14:26:23.864743+00:00,-185.0,160.0,-4.0,151.0,2026-02-21 22:00:00+00:00,Central Michigan Chippewas,Western Michigan Broncos
bc2cbd9a399939faa46cb825d9a5e71a,BetRivers,2026-02-21 14:26:23.864743+00:00,-175.0,133.0,-3.5,150.5,2026-02-21 22:00:00+00:00,Central Michigan Chippewas,Western Michigan Broncos
bc2cbd9a399939faa46cb825d9a5e71a,FanDuel,2026-02-21 14:26:23.864743+00:00,-184.0,148.0,-3.5,151.5,2026-02-21 22:00:00+00:00,Central Michigan Chippewas,Western Michigan Broncos
e44b2d61f81a4044cff3f48f77a6805f,BetOnline.ag,2026-02-21 14:26:23.864743+00:00,-415.0,327.0,-8.5,146.5,2026-02-21 22:00:00+00:00,Toledo Rockets,Eastern Michigan Eagles
e44b2d61f81a4044cff3f48f77a6805f,LowVig.ag,2026-02-21 14:26:23.864743+00:00,-415.0,327.0,-8.5,146.5,2026-02-21 22:00:00+00:00,Toledo Rockets,Eastern Michigan Eagles
e44b2d61f81a4044cff3f48f77a6805f,DraftKings,2026-02-21 14:26:23.864743+00:00,,,-8.5,146.5,2026-02-21 22:00:00+00:00,Toledo Rockets,Eastern Michigan Eagles
e44b2d61f81a4044cff3f48f77a6805f,Fanatics,2026-02-21 14:26:23.864743+00:00,-425.0,330.0,-9.0,146.0,2026-02-21 22:00:00+00:00,Toledo Rockets,Eastern Michigan Eagles
e44b2d61f81a4044cff3f48f77a6805f,BetMGM,2026-02-21 14:26:23.864743+00:00,-450.0,333.0,-8.5,145.5,2026-02-21 22:00:00+00:00,Toledo Rockets,Eastern Michigan Eagles
e44b2d61f81a4044cff3f48f77a6805f,BetUS,2026-02-21 14:26:23.864743+00:00,-415.0,330.0,-9.0,146.5,2026-02-21 22:00:00+00:00,Toledo Rockets,Eastern Michigan Eagles
e44b2d61f81a4044cff3f48f77a6805f,Caesars,2026-02-21 14:26:23.864743+00:00,-440.0,335.0,-8.5,146.5,2026-02-21 22:00:00+00:00,Toledo Rockets,Eastern Michigan Eagles
e44b2d61f81a4044cff3f48f77a6805f,Bovada,2026-02-21 14:26:23.864743+00:00,-430.0,320.0,-9.0,147.0,2026-02-21 22:00:00+00:00,Toledo Rockets,Eastern Michigan Eagles
e44b2d61f81a4044cff3f48f77a6805f,BetRivers,2026-02-21 14:26:23.864743+00:00,-455.0,320.0,-8.5,146.5,2026-02-21 22:00:00+00:00,Toledo Rockets,Eastern Michigan Eagles
e44b2d61f81a4044cff3f48f77a6805f,FanDuel,2026-02-21 14:26:23.864743+00:00,-480.0,350.0,-8.5,145.5,2026-02-21 22:00:00+00:00,Toledo Rockets,Eastern Michigan Eagles
3fac664a066442fd4743c09c087e9e55,BetOnline.ag,2026-02-21 14:26:23.864743+00:00,-255.0,211.0,-6.0,146.0,2026-02-21 22:00:00+00:00,Portland St Vikings,Eastern Washington Eagles
3fac664a066442fd4743c09c087e9e55,LowVig.ag,2026-02-21 14:26:23.864743+00:00,-255.0,211.0,-6.0,146.0,2026-02-21 22:00:00+00:00,Portland St Vikings,Eastern Washington Eagles
3fac664a066442fd4743c09c087e9e55,DraftKings,2026-02-21 14:26:23.864743+00:00,,,-5.5,146.5,2026-02-21 22:00:00+00:00,Portland St Vikings,Eastern Washington Eagles
3fac664a066442fd4743c09c087e9e55,BetMGM,2026-02-21 14:26:23.864743+00:00,-275.0,220.0,-5.5,146.5,2026-02-21 22:00:00+00:00,Portland St Vikings,Eastern Washington Eagles
3fac664a066442fd4743c09c087e9e55,Fanatics,2026-02-21 14:26:23.864743+00:00,-260.0,210.0,-6.0,146.5,2026-02-21 22:00:00+00:00,Portland St Vikings,Eastern Washington Eagles
3fac664a066442fd4743c09c087e9e55,BetUS,2026-02-21 14:26:23.864743+00:00,-255.0,215.0,-6.0,146.0,2026-02-21 22:00:00+00:00,Portland St Vikings,Eastern Washington Eagles
3fac664a066442fd4743c09c087e9e55,Caesars,2026-02-21 14:26:23.864743+00:00,-260.0,210.0,-6.0,146.5,2026-02-21 22:00:00+00:00,Portland St Vikings,Eastern Washington Eagles
3fac664a066442fd4743c09c087e9e55,Bovada,2026-02-21 14:26:23.864743+00:00,-270.0,220.0,-6.0,146.5,2026-02-21 22:00:00+00:00,Portland St Vikings,Eastern Washington Eagles
3fac664a066442fd4743c09c087e9e55,BetRivers,2026-02-21 14:26:23.864743+00:00,-275.0,205.0,-6.5,146.5,2026-02-21 22:00:00+00:00,Portland St Vikings,Eastern Washington Eagles
3fac664a066442fd4743c09c087e9e55,FanDuel,2026-02-21 14:26:23.864743+00:00,-265.0,210.0,-6.5,146.5,2026-02-21 22:00:00+00:00,Portland St Vikings,Eastern Washington Eagles
2dd7b055f4b4c8a16ae02830384de050,BetOnline.ag,2026-02-21 14:26:23.864743+00:00,-240.0,200.0,-5.0,148.0,2026-02-21 22:00:00+00:00,Kennesaw St Owls,Louisiana Tech Bulldogs
2dd7b055f4b4c8a16ae02830384de050,LowVig.ag,2026-02-21 14:26:23.864743+00:00,-240.0,200.0,-5.0,148.0,2026-02-21 22:00:00+00:00,Kennesaw St Owls,Louisiana Tech Bulldogs
2dd7b055f4b4c8a16ae02830384de050,DraftKings,2026-02-21 14:26:23.864743+00:00,,,-5.5,147.5,2026-02-21 22:00:00+00:00,Kennesaw St Owls,Louisiana Tech Bulldogs
2dd7b055f4b4c8a16ae02830384de050,Fanatics,2026-02-21 14:26:23.864743+00:00,-250.0,200.0,-5.5,147.5,2026-02-21 22:00:00+00:00,Kennesaw St Owls,Louisiana Tech Bulldogs
2dd7b055f4b4c8a16ae02830384de050,BetMGM,2026-02-21 14:26:23.864743+00:00,-235.0,195.0,-5.5,147.5,2026-02-21 22:00:00+00:00,Kennesaw St Owls,Louisiana Tech Bulldogs
2dd7b055f4b4c8a16ae02830384de050,BetUS,2026-02-21 14:26:23.864743+00:00,-240.0,203.0,-5.0,147.5,2026-02-21 22:00:00+00:00,Kennesaw St Owls,Louisiana Tech Bulldogs
2dd7b055f4b4c8a16ae02830384de050,Caesars,2026-02-21 14:26:23.864743+00:00,-250.0,205.0,-5.5,147.5,2026-02-21 22:00:00+00:00,Kennesaw St Owls,Louisiana Tech Bulldogs
2dd7b055f4b4c8a16ae02830384de050,Bovada,2026-02-21 14:26:23.864743+00:00,-240.0,200.0,-5.0,147.5,2026-02-21 22:00:00+00:00,Kennesaw St Owls,Louisiana Tech Bulldogs
2dd7b055f4b4c8a16ae02830384de050,BetRivers,2026-02-21 14:26:23.864743+00:00,-278.0,205.0,-5.5,147.5,2026-02-21 22:00:00+00:00,Kennesaw St Owls,Louisiana Tech Bulldogs
2dd7b055f4b4c8a16ae02830384de050,FanDuel,2026-02-21 14:26:23.864743+00:00,-290.0,225.0,-5.5,147.5,2026-02-21 22:00:00+00:00,Kennesaw St Owls,Louisiana Tech Bulldogs
2d314a35b6a5630b120ed76c90999bab,BetOnline.ag,2026-02-21 14:26:23.864743+00:00,,,-13.0,148.0,2026-02-21 22:00:00+00:00,Lipscomb Bisons,North Alabama Lions
2d314a35b6a5630b120ed76c90999bab,LowVig.ag,2026-02-21 14:26:23.864743+00:00,,,-13.0,148.0,2026-02-21 22:00:00+00:00,Lipscomb Bisons,North Alabama Lions
2d314a35b6a5630b120ed76c90999bab,DraftKings,2026-02-21 14:26:23.864743+00:00,,,-12.5,147.5,2026-02-21 22:00:00+00:00,Lipscomb Bisons,North Alabama Lions
2d314a35b6a5630b120ed76c90999bab,BetMGM,2026-02-21 14:26:23.864743+00:00,-1000.0,625.0,-12.5,148.5,2026-02-21 22:00:00+00:00,Lipscomb Bisons,North Alabama Lions
2d314a35b6a5630b120ed76c90999bab,Fanatics,2026-02-21 14:26:23.864743+00:00,-1100.0,700.0,-12.5,148.0,2026-02-21 22:00:00+00:00,Lipscomb Bisons,North Alabama Lions
2d314a35b6a5630b120ed76c90999bab,BetRivers,2026-02-21 14:26:23.864743+00:00,-1250.0,650.0,-12.5,147.5,2026-02-21 22:00:00+00:00,Lipscomb Bisons,North Alabama Lions
2d314a35b6a5630b120ed76c90999bab,FanDuel,2026-02-21 14:26:23.864743+00:00,-1300.0,730.0,-12.5,147.5,2026-02-21 22:00:00+00:00,Lipscomb Bisons,North Alabama Lions
2d314a35b6a5630b120ed76c90999bab,Bovada,2026-02-21 14:26:23.864743+00:00,,,-12.5,148.0,2026-02-21 22:00:00+00:00,Lipscomb Bisons,North Alabama Lions
dada31bc5a7a28245334224c8ec7508a,BetOnline.ag,2026-02-21 14:26:23.864743+00:00,-145.0,125.0,-2.5,141.5,2026-02-21 22:00:00+00:00,Tarleton State Texans,Utah Tech Trailblazers
dada31bc5a7a28245334224c8ec7508a,LowVig.ag,2026-02-21 14:26:23.864743+00:00,-145.0,125.0,-2.5,141.5,2026-02-21 22:00:00+00:00,Tarleton State Texans,Utah Tech Trailblazers
dada31bc5a7a28245334224c8ec7508a,DraftKings,2026-02-21 14:26:23.864743+00:00,,,-2.5,141.5,2026-02-21 22:00:00+00:00,Tarleton State Texans,Utah Tech Trailblazers
dada31bc5a7a28245334224c8ec7508a,BetMGM,2026-02-21 14:26:23.864743+00:00,-145.0,118.0,-2.5,141.5,2026-02-21 22:00:00+00:00,Tarleton State Texans,Utah Tech Trailblazers
dada31bc5a7a28245334224c8ec7508a,Fanatics,2026-02-21 14:26:23.864743+00:00,-145.0,120.0,-2.5,141.5,2026-02-21 22:00:00+00:00,Tarleton State Texans,Utah Tech Trailblazers
dada31bc5a7a28245334224c8ec7508a,BetUS,2026-02-21 14:26:23.864743+00:00,-145.0,125.0,-2.5,141.5,2026-02-21 22:00:00+00:00,Tarleton State Texans,Utah Tech Trailblazers
dada31bc5a7a28245334224c8ec7508a,Caesars,2026-02-21 14:26:23.864743+00:00,-145.0,122.0,-2.5,141.5,2026-02-21 22:00:00+00:00,Tarleton State Texans,Utah Tech Trailblazers
dada31bc5a7a28245334224c8ec7508a,Bovada,2026-02-21 14:26:23.864743+00:00,-125.0,105.0,-1.5,141.5,2026-02-21 22:00:00+00:00,Tarleton State Texans,Utah Tech Trailblazers
dada31bc5a7a28245334224c8ec7508a,BetRivers,2026-02-21 14:26:23.864743+00:00,-136.0,107.0,-1.5,141.5,2026-02-21 22:00:00+00:00,Tarleton State Texans,Utah Tech Trailblazers
dada31bc5a7a28245334224c8ec7508a,FanDuel,2026-02-21 14:26:23.864743+00:00,-134.0,110.0,-1.5,141.5,2026-02-21 22:00:00+00:00,Tarleton State Texans,Utah Tech Trailblazers
24062f4ac7732bcc03355c232fbb98ed,BetOnline.ag,2026-02-21 14:26:23.864743+00:00,125.0,-145.0,2.5,149.0,2026-02-21 22:00:00+00:00,UC Riverside Highlanders,UC Davis Aggies
24062f4ac7732bcc03355c232fbb98ed,LowVig.ag,2026-02-21 14:26:23.864743+00:00,125.0,-145.0,2.5,149.0,2026-02-21 22:00:00+00:00,UC Riverside Highlanders,UC Davis Aggies
24062f4ac7732bcc03355c232fbb98ed,DraftKings,2026-02-21 14:26:23.864743+00:00,,,2.5,148.5,2026-02-21 22:00:00+00:00,UC Riverside Highlanders,UC Davis Aggies
24062f4ac7732bcc03355c232fbb98ed,BetMGM,2026-02-21 14:26:23.864743+00:00,125.0,-150.0,2.5,149.5,2026-02-21 22:00:00+00:00,UC Riverside Highlanders,UC Davis Aggies
24062f4ac7732bcc03355c232fbb98ed,Fanatics,2026-02-21 14:26:23.864743+00:00,125.0,-150.0,3.0,149.0,2026-02-21 22:00:00+00:00,UC Riverside Highlanders,UC Davis Aggies
24062f4ac7732bcc03355c232fbb98ed,BetUS,2026-02-21 14:26:23.864743+00:00,125.0,-145.0,2.5,149.0,2026-02-21 22:00:00+00:00,UC Riverside Highlanders,UC Davis Aggies
24062f4ac7732bcc03355c232fbb98ed,Caesars,2026-02-21 14:26:23.864743+00:00,122.0,-145.0,2.5,149.0,2026-02-21 22:00:00+00:00,UC Riverside Highlanders,UC Davis Aggies
24062f4ac7732bcc03355c232fbb98ed,Bovada,2026-02-21 14:26:23.864743+00:00,135.0,-160.0,3.0,149.0,2026-02-21 22:00:00+00:00,UC Riverside Highlanders,UC Davis Aggies
24062f4ac7732bcc03355c232fbb98ed,BetRivers,2026-02-21 14:26:23.864743+00:00,125.0,-159.0,2.5,148.5,2026-02-21 22:00:00+00:00,UC Riverside Highlanders,UC Davis Aggies
24062f4ac7732bcc03355c232fbb98ed,FanDuel,2026-02-21 14:26:23.864743+00:00,138.0,-170.0,3.5,148.5,2026-02-21 22:00:00+00:00,UC Riverside Highlanders,UC Davis Aggies
0f04b7a88e308fe43aab53d80042e884,FanDuel,2026-02-21 14:26:23.864743+00:00,-260.0,210.0,-5.5,131.5,2026-02-21 22:00:48+00:00,TCU Horned Frogs,West Virginia Mountaineers
0f04b7a88e308fe43aab53d80042e884,Fanatics,2026-02-21 14:26:23.864743+00:00,-240.0,190.0,-5.5,131.0,2026-02-21 22:00:48+00:00,TCU Horned Frogs,West Virginia Mountaineers
0f04b7a88e308fe43aab53d80042e884,Bovada,2026-02-21 14:26:23.864743+00:00,-240.0,200.0,-5.5,131.0,2026-02-21 22:00:48+00:00,TCU Horned Frogs,West Virginia Mountaineers
0f04b7a88e308fe43aab53d80042e884,BetOnline.ag,2026-02-21 14:26:23.864743+00:00,-240.0,200.0,-5.5,131.5,2026-02-21 22:00:48+00:00,TCU Horned Frogs,West Virginia Mountaineers
0f04b7a88e308fe43aab53d80042e884,LowVig.ag,2026-02-21 14:26:23.864743+00:00,-240.0,200.0,-5.5,131.5,2026-02-21 22:00:48+00:00,TCU Horned Frogs,West Virginia Mountaineers
0f04b7a88e308fe43aab53d80042e884,DraftKings,2026-02-21 14:26:23.864743+00:00,-245.0,200.0,-5.5,131.5,2026-02-21 22:00:48+00:00,TCU Horned Frogs,West Virginia Mountaineers
0f04b7a88e308fe43aab53d80042e884,BetMGM,2026-02-21 14:26:23.864743+00:00,-250.0,200.0,-5.5,131.5,2026-02-21 22:00:48+00:00,TCU Horned Frogs,West Virginia Mountaineers
0f04b7a88e308fe43aab53d80042e884,BetRivers,2026-02-21 14:26:23.864743+00:00,-286.0,215.0,-5.5,130.5,2026-02-21 22:00:48+00:00,TCU Horned Frogs,West Virginia Mountaineers
0f04b7a88e308fe43aab53d80042e884,BetUS,2026-02-21 14:26:23.864743+00:00,-240.0,203.0,-5.5,131.5,2026-02-21 22:00:48+00:00,TCU Horned Frogs,West Virginia Mountaineers
0f04b7a88e308fe43aab53d80042e884,Caesars,2026-02-21 14:26:23.864743+00:00,-250.0,205.0,-5.0,131.5,2026-02-21 22:00:48+00:00,TCU Horned Frogs,West Virginia Mountaineers
91d27d89a15817d3f293bac3ef1a1d9c,BetOnline.ag,2026-02-21 14:26:23.864743+00:00,,,-7.0,143.5,2026-02-21 22:30:00+00:00,Bethune-Cookman Wildcats,Alabama A&M Bulldogs
91d27d89a15817d3f293bac3ef1a1d9c,LowVig.ag,2026-02-21 14:26:23.864743+00:00,,,-7.0,143.5,2026-02-21 22:30:00+00:00,Bethune-Cookman Wildcats,Alabama A&M Bulldogs
91d27d89a15817d3f293bac3ef1a1d9c,DraftKings,2026-02-21 14:26:23.864743+00:00,,,-6.5,143.5,2026-02-21 22:30:00+00:00,Bethune-Cookman Wildcats,Alabama A&M Bulldogs
91d27d89a15817d3f293bac3ef1a1d9c,BetMGM,2026-02-21 14:26:23.864743+00:00,-295.0,230.0,,143.5,2026-02-21 22:30:00+00:00,Bethune-Cookman Wildcats,Alabama A&M Bulldogs
91d27d89a15817d3f293bac3ef1a1d9c,Fanatics,2026-02-21 14:26:23.864743+00:00,-285.0,230.0,-7.0,142.5,2026-02-21 22:30:00+00:00,Bethune-Cookman Wildcats,Alabama A&M Bulldogs
91d27d89a15817d3f293bac3ef1a1d9c,BetRivers,2026-02-21 14:26:23.864743+00:00,-335.0,240.0,-6.5,142.5,2026-02-21 22:30:00+00:00,Bethune-Cookman Wildcats,Alabama A&M Bulldogs
91d27d89a15817d3f293bac3ef1a1d9c,FanDuel,2026-02-21 14:26:23.864743+00:00,-320.0,245.0,-6.5,142.5,2026-02-21 22:30:00+00:00,Bethune-Cookman Wildcats,Alabama A&M Bulldogs
91d27d89a15817d3f293bac3ef1a1d9c,Bovada,2026-02-21 14:26:23.864743+00:00,,,-7.0,143.0,2026-02-21 22:30:00+00:00,Bethune-Cookman Wildcats,Alabama A&M Bulldogs
89e25deff51956df63b834d57763a18f,FanDuel,2026-02-21 14:26:23.864743+00:00,132.0,-160.0,2.5,140.5,2026-02-21 22:30:20+00:00,Villanova Wildcats,UConn Huskies
89e25deff51956df63b834d57763a18f,DraftKings,2026-02-21 14:26:23.864743+00:00,124.0,-148.0,2.5,140.5,2026-02-21 22:30:20+00:00,Villanova Wildcats,UConn Huskies
89e25deff51956df63b834d57763a18f,BetRivers,2026-02-21 14:26:23.864743+00:00,125.0,-155.0,2.5,140.5,2026-02-21 22:30:20+00:00,Villanova Wildcats,UConn Huskies
89e25deff51956df63b834d57763a18f,Fanatics,2026-02-21 14:26:23.864743+00:00,125.0,-150.0,2.5,140.5,2026-02-21 22:30:20+00:00,Villanova Wildcats,UConn Huskies
89e25deff51956df63b834d57763a18f,Bovada,2026-02-21 14:26:23.864743+00:00,125.0,-145.0,2.5,140.5,2026-02-21 22:30:20+00:00,Villanova Wildcats,UConn Huskies
89e25deff51956df63b834d57763a18f,BetOnline.ag,2026-02-21 14:26:23.864743+00:00,125.0,-145.0,2.5,140.5,2026-02-21 22:30:20+00:00,Villanova Wildcats,UConn Huskies
89e25deff51956df63b834d57763a18f,LowVig.ag,2026-02-21 14:26:23.864743+00:00,125.0,-145.0,2.5,140.5,2026-02-21 22:30:20+00:00,Villanova Wildcats,UConn Huskies
89e25deff51956df63b834d57763a18f,BetMGM,2026-02-21 14:26:23.864743+00:00,125.0,-150.0,2.5,140.5,2026-02-21 22:30:20+00:00,Villanova Wildcats,UConn Huskies
89e25deff51956df63b834d57763a18f,BetUS,2026-02-21 14:26:23.864743+00:00,125.0,-145.0,3.0,140.5,2026-02-21 22:30:20+00:00,Villanova Wildcats,UConn Huskies
89e25deff51956df63b834d57763a18f,Caesars,2026-02-21 14:26:23.864743+00:00,122.0,-145.0,2.5,140.5,2026-02-21 22:30:20+00:00,Villanova Wildcats,UConn Huskies
5a7eeb8334a21dbef480cb7a6aac0275,BetOnline.ag,2026-02-21 14:26:23.864743+00:00,,,1.5,143.5,2026-02-21 23:00:00+00:00,Florida A&M Rattlers,Alabama St Hornets
5a7eeb8334a21dbef480cb7a6aac0275,LowVig.ag,2026-02-21 14:26:23.864743+00:00,,,1.5,143.5,2026-02-21 23:00:00+00:00,Florida A&M Rattlers,Alabama St Hornets
5a7eeb8334a21dbef480cb7a6aac0275,DraftKings,2026-02-21 14:26:23.864743+00:00,102.0,-122.0,1.5,143.5,2026-02-21 23:00:00+00:00,Florida A&M Rattlers,Alabama St Hornets
5a7eeb8334a21dbef480cb7a6aac0275,Fanatics,2026-02-21 14:26:23.864743+00:00,105.0,-125.0,1.5,143.5,2026-02-21 23:00:00+00:00,Florida A&M Rattlers,Alabama St Hornets
5a7eeb8334a21dbef480cb7a6aac0275,BetMGM,2026-02-21 14:26:23.864743+00:00,105.0,-125.0,,143.5,2026-02-21 23:00:00+00:00,Florida A&M Rattlers,Alabama St Hornets
5a7eeb8334a21dbef480cb7a6aac0275,BetRivers,2026-02-21 14:26:23.864743+00:00,-103.0,-125.0,1.5,143.5,2026-02-21 23:00:00+00:00,Florida A&M Rattlers,Alabama St Hornets
5a7eeb8334a21dbef480cb7a6aac0275,FanDuel,2026-02-21 14:26:23.864743+00:00,102.0,-124.0,1.5,143.5,2026-02-21 23:00:00+00:00,Florida A&M Rattlers,Alabama St Hornets
5a7eeb8334a21dbef480cb7a6aac0275,Bovada,2026-02-21 14:26:23.864743+00:00,,,1.5,143.5,2026-02-21 23:00:00+00:00,Florida A&M Rattlers,Alabama St Hornets
5541d9341c15d14c5cba9039e9347113,BetOnline.ag,2026-02-21 14:26:23.864743+00:00,-310.0,252.0,-7.5,156.5,2026-02-21 23:00:00+00:00,Massachusetts Minutemen,Buffalo Bulls
5541d9341c15d14c5cba9039e9347113,LowVig.ag,2026-02-21 14:26:23.864743+00:00,-310.0,252.0,-7.5,156.5,2026-02-21 23:00:00+00:00,Massachusetts Minutemen,Buffalo Bulls
5541d9341c15d14c5cba9039e9347113,Fanatics,2026-02-21 14:26:23.864743+00:00,-350.0,260.0,-7.5,156.5,2026-02-21 23:00:00+00:00,Massachusetts Minutemen,Buffalo Bulls
5541d9341c15d14c5cba9039e9347113,BetMGM,2026-02-21 14:26:23.864743+00:00,-325.0,260.0,-7.5,156.5,2026-02-21 23:00:00+00:00,Massachusetts Minutemen,Buffalo Bulls
5541d9341c15d14c5cba9039e9347113,BetUS,2026-02-21 14:26:23.864743+00:00,-310.0,255.0,-7.5,156.5,2026-02-21 23:00:00+00:00,Massachusetts Minutemen,Buffalo Bulls
5541d9341c15d14c5cba9039e9347113,Caesars,2026-02-21 14:26:23.864743+00:00,-320.0,250.0,-7.5,156.5,2026-02-21 23:00:00+00:00,Massachusetts Minutemen,Buffalo Bulls
5541d9341c15d14c5cba9039e9347113,Bovada,2026-02-21 14:26:23.864743+00:00,-310.0,255.0,-7.0,156.0,2026-02-21 23:00:00+00:00,Massachusetts Minutemen,Buffalo Bulls
5541d9341c15d14c5cba9039e9347113,BetRivers,2026-02-21 14:26:23.864743+00:00,-345.0,250.0,-7.5,155.5,2026-02-21 23:00:00+00:00,Massachusetts Minutemen,Buffalo Bulls
5541d9341c15d14c5cba9039e9347113,FanDuel,2026-02-21 14:26:23.864743+00:00,-355.0,270.0,-7.5,156.5,2026-02-21 23:00:00+00:00,Massachusetts Minutemen,Buffalo Bulls
bf75be3c8449f3f2e594e2a914d2fd0f,BetOnline.ag,2026-02-21 14:26:23.864743+00:00,135.0,-155.0,3.5,137.5,2026-02-21 23:00:00+00:00,Colorado St Rams,San Diego St Aztecs
bf75be3c8449f3f2e594e2a914d2fd0f,LowVig.ag,2026-02-21 14:26:23.864743+00:00,135.0,-155.0,3.5,137.5,2026-02-21 23:00:00+00:00,Colorado St Rams,San Diego St Aztecs
bf75be3c8449f3f2e594e2a914d2fd0f,DraftKings,2026-02-21 14:26:23.864743+00:00,130.0,-155.0,3.5,137.5,2026-02-21 23:00:00+00:00,Colorado St Rams,San Diego St Aztecs
bf75be3c8449f3f2e594e2a914d2fd0f,BetMGM,2026-02-21 14:26:23.864743+00:00,125.0,-150.0,2.5,137.5,2026-02-21 23:00:00+00:00,Colorado St Rams,San Diego St Aztecs
bf75be3c8449f3f2e594e2a914d2fd0f,Fanatics,2026-02-21 14:26:23.864743+00:00,125.0,-150.0,3.0,137.5,2026-02-21 23:00:00+00:00,Colorado St Rams,San Diego St Aztecs
bf75be3c8449f3f2e594e2a914d2fd0f,FanDuel,2026-02-21 14:26:23.864743+00:00,140.0,-170.0,2.5,136.5,2026-02-21 23:00:00+00:00,Colorado St Rams,San Diego St Aztecs
bf75be3c8449f3f2e594e2a914d2fd0f,BetUS,2026-02-21 14:26:23.864743+00:00,134.0,-155.0,3.0,137.5,2026-02-21 23:00:00+00:00,Colorado St Rams,San Diego St Aztecs
bf75be3c8449f3f2e594e2a914d2fd0f,Caesars,2026-02-21 14:26:23.864743+00:00,140.0,-165.0,3.5,137.5,2026-02-21 23:00:00+00:00,Colorado St Rams,San Diego St Aztecs
bf75be3c8449f3f2e594e2a914d2fd0f,Bovada,2026-02-21 14:26:23.864743+00:00,125.0,-145.0,2.5,137.5,2026-02-21 23:00:00+00:00,Colorado St Rams,San Diego St Aztecs
bf75be3c8449f3f2e594e2a914d2fd0f,BetRivers,2026-02-21 14:26:23.864743+00:00,118.0,-152.0,2.5,137.5,2026-02-21 23:00:00+00:00,Colorado St Rams,San Diego St Aztecs
c47da890ce116f0f94899c40f90339cf,BetOnline.ag,2026-02-21 14:26:23.864743+00:00,165.0,-190.0,4.5,167.0,2026-02-21 23:00:00+00:00,Denver Pioneers,St. Thomas (MN) Tommies
c47da890ce116f0f94899c40f90339cf,LowVig.ag,2026-02-21 14:26:23.864743+00:00,165.0,-190.0,4.5,167.0,2026-02-21 23:00:00+00:00,Denver Pioneers,St. Thomas (MN) Tommies
c47da890ce116f0f94899c40f90339cf,DraftKings,2026-02-21 14:26:23.864743+00:00,,,4.5,167.5,2026-02-21 23:00:00+00:00,Denver Pioneers,St. Thomas (MN) Tommies
c47da890ce116f0f94899c40f90339cf,BetMGM,2026-02-21 14:26:23.864743+00:00,165.0,-200.0,4.5,167.5,2026-02-21 23:00:00+00:00,Denver Pioneers,St. Thomas (MN) Tommies
c47da890ce116f0f94899c40f90339cf,Fanatics,2026-02-21 14:26:23.864743+00:00,160.0,-190.0,4.5,167.5,2026-02-21 23:00:00+00:00,Denver Pioneers,St. Thomas (MN) Tommies
c47da890ce116f0f94899c40f90339cf,BetUS,2026-02-21 14:26:23.864743+00:00,163.0,-190.0,4.5,168.0,2026-02-21 23:00:00+00:00,Denver Pioneers,St. Thomas (MN) Tommies
c47da890ce116f0f94899c40f90339cf,Caesars,2026-02-21 14:26:23.864743+00:00,162.0,-195.0,4.5,167.5,2026-02-21 23:00:00+00:00,Denver Pioneers,St. Thomas (MN) Tommies
c47da890ce116f0f94899c40f90339cf,Bovada,2026-02-21 14:26:23.864743+00:00,150.0,-175.0,4.0,167.5,2026-02-21 23:00:00+00:00,Denver Pioneers,St. Thomas (MN) Tommies
c47da890ce116f0f94899c40f90339cf,BetRivers,2026-02-21 14:26:23.864743+00:00,150.0,-195.0,4.5,167.5,2026-02-21 23:00:00+00:00,Denver Pioneers,St. Thomas (MN) Tommies
c47da890ce116f0f94899c40f90339cf,FanDuel,2026-02-21 14:26:23.864743+00:00,172.0,-215.0,4.5,168.5,2026-02-21 23:00:00+00:00,Denver Pioneers,St. Thomas (MN) Tommies
618223842538acaafd5ca83593b04ffc,BetOnline.ag,2026-02-21 14:26:23.864743+00:00,,,-2.0,146.0,2026-02-21 23:00:00+00:00,East Texas A&M Lions,Incarnate Word Cardinals
618223842538acaafd5ca83593b04ffc,LowVig.ag,2026-02-21 14:26:23.864743+00:00,,,-2.0,146.0,2026-02-21 23:00:00+00:00,East Texas A&M Lions,Incarnate Word Cardinals
618223842538acaafd5ca83593b04ffc,DraftKings,2026-02-21 14:26:23.864743+00:00,-125.0,105.0,-2.5,146.5,2026-02-21 23:00:00+00:00,East Texas A&M Lions,Incarnate Word Cardinals
618223842538acaafd5ca83593b04ffc,Fanatics,2026-02-21 14:26:23.864743+00:00,-130.0,110.0,-2.0,146.0,2026-02-21 23:00:00+00:00,East Texas A&M Lions,Incarnate Word Cardinals
618223842538acaafd5ca83593b04ffc,BetRivers,2026-02-21 14:26:23.864743+00:00,-130.0,102.0,-1.5,145.5,2026-02-21 23:00:00+00:00,East Texas A&M Lions,Incarnate Word Cardinals
618223842538acaafd5ca83593b04ffc,FanDuel,2026-02-21 14:26:23.864743+00:00,-138.0,112.0,-1.5,146.5,2026-02-21 23:00:00+00:00,East Texas A&M Lions,Incarnate Word Cardinals
618223842538acaafd5ca83593b04ffc,Bovada,2026-02-21 14:26:23.864743+00:00,,,-2.0,146.0,2026-02-21 23:00:00+00:00,East Texas A&M Lions,Incarnate Word Cardinals
8ce62c8d1508313a440c5b15019e782f,BetOnline.ag,2026-02-21 14:26:23.864743+00:00,,,-5.0,142.0,2026-02-21 23:00:00+00:00,Southern Jaguars,Grambling St Tigers
8ce62c8d1508313a440c5b15019e782f,LowVig.ag,2026-02-21 14:26:23.864743+00:00,,,-5.0,142.0,2026-02-21 23:00:00+00:00,Southern Jaguars,Grambling St Tigers
8ce62c8d1508313a440c5b15019e782f,DraftKings,2026-02-21 14:26:23.864743+00:00,,,-5.5,141.5,2026-02-21 23:00:00+00:00,Southern Jaguars,Grambling St Tigers
8ce62c8d1508313a440c5b15019e782f,BetMGM,2026-02-21 14:26:23.864743+00:00,-250.0,200.0,-5.5,142.5,2026-02-21 23:00:00+00:00,Southern Jaguars,Grambling St Tigers
8ce62c8d1508313a440c5b15019e782f,Fanatics,2026-02-21 14:26:23.864743+00:00,-240.0,190.0,-5.5,141.5,2026-02-21 23:00:00+00:00,Southern Jaguars,Grambling St Tigers
8ce62c8d1508313a440c5b15019e782f,BetRivers,2026-02-21 14:26:23.864743+00:00,-245.0,188.0,-5.5,141.5,2026-02-21 23:00:00+00:00,Southern Jaguars,Grambling St Tigers
8ce62c8d1508313a440c5b15019e782f,FanDuel,2026-02-21 14:26:23.864743+00:00,-250.0,198.0,-5.5,141.5,2026-02-21 23:00:00+00:00,Southern Jaguars,Grambling St Tigers
8ce62c8d1508313a440c5b15019e782f,Bovada,2026-02-21 14:26:23.864743+00:00,,,-5.5,142.0,2026-02-21 23:00:00+00:00,Southern Jaguars,Grambling St Tigers
2fbb1c6c59432b4f5ed646b1cff98468,BetOnline.ag,2026-02-21 14:26:23.864743+00:00,140.0,-160.0,3.5,144.5,2026-02-21 23:00:00+00:00,Idaho State Bengals,Montana St Bobcats
2fbb1c6c59432b4f5ed646b1cff98468,LowVig.ag,2026-02-21 14:26:23.864743+00:00,140.0,-160.0,3.5,144.5,2026-02-21 23:00:00+00:00,Idaho State Bengals,Montana St Bobcats
2fbb1c6c59432b4f5ed646b1cff98468,DraftKings,2026-02-21 14:26:23.864743+00:00,136.0,-162.0,3.5,144.5,2026-02-21 23:00:00+00:00,Idaho State Bengals,Montana St Bobcats
2fbb1c6c59432b4f5ed646b1cff98468,Fanatics,2026-02-21 14:26:23.864743+00:00,125.0,-150.0,3.0,144.5,2026-02-21 23:00:00+00:00,Idaho State Bengals,Montana St Bobcats
2fbb1c6c59432b4f5ed646b1cff98468,BetMGM,2026-02-21 14:26:23.864743+00:00,135.0,-160.0,3.5,144.5,2026-02-21 23:00:00+00:00,Idaho State Bengals,Montana St Bobcats
2fbb1c6c59432b4f5ed646b1cff98468,BetUS,2026-02-21 14:26:23.864743+00:00,138.0,-160.0,3.0,144.5,2026-02-21 23:00:00+00:00,Idaho State Bengals,Montana St Bobcats
2fbb1c6c59432b4f5ed646b1cff98468,Caesars,2026-02-21 14:26:23.864743+00:00,140.0,-165.0,3.5,144.5,2026-02-21 23:00:00+00:00,Idaho State Bengals,Montana St Bobcats
2fbb1c6c59432b4f5ed646b1cff98468,Bovada,2026-02-21 14:26:23.864743+00:00,140.0,-165.0,3.0,144.5,2026-02-21 23:00:00+00:00,Idaho State Bengals,Montana St Bobcats
2fbb1c6c59432b4f5ed646b1cff98468,BetRivers,2026-02-21 14:26:23.864743+00:00,118.0,-150.0,2.5,144.5,2026-02-21 23:00:00+00:00,Idaho State Bengals,Montana St Bobcats
2fbb1c6c59432b4f5ed646b1cff98468,FanDuel,2026-02-21 14:26:23.864743+00:00,138.0,-170.0,3.5,144.5,2026-02-21 23:00:00+00:00,Idaho State Bengals,Montana St Bobcats
9147f46c5513b5ee799bbfa4b7df94fb,BetOnline.ag,2026-02-21 14:26:23.864743+00:00,130.0,-150.0,3.0,150.5,2026-02-21 23:00:00+00:00,San Diego Toreros,Loyola Marymount Lions
9147f46c5513b5ee799bbfa4b7df94fb,LowVig.ag,2026-02-21 14:26:23.864743+00:00,130.0,-150.0,3.0,150.5,2026-02-21 23:00:00+00:00,San Diego Toreros,Loyola Marymount Lions
9147f46c5513b5ee799bbfa4b7df94fb,DraftKings,2026-02-21 14:26:23.864743+00:00,130.0,-155.0,2.5,150.5,2026-02-21 23:00:00+00:00,San Diego Toreros,Loyola Marymount Lions
9147f46c5513b5ee799bbfa4b7df94fb,Fanatics,2026-02-21 14:26:23.864743+00:00,125.0,-150.0,3.0,150.5,2026-02-21 23:00:00+00:00,San Diego Toreros,Loyola Marymount Lions
9147f46c5513b5ee799bbfa4b7df94fb,BetMGM,2026-02-21 14:26:23.864743+00:00,125.0,-155.0,2.5,150.5,2026-02-21 23:00:00+00:00,San Diego Toreros,Loyola Marymount Lions
9147f46c5513b5ee799bbfa4b7df94fb,BetUS,2026-02-21 14:26:23.864743+00:00,129.0,-150.0,3.0,150.5,2026-02-21 23:00:00+00:00,San Diego Toreros,Loyola Marymount Lions
9147f46c5513b5ee799bbfa4b7df94fb,Caesars,2026-02-21 14:26:23.864743+00:00,130.0,-155.0,3.0,150.5,2026-02-21 23:00:00+00:00,San Diego Toreros,Loyola Marymount Lions
9147f46c5513b5ee799bbfa4b7df94fb,Bovada,2026-02-21 14:26:23.864743+00:00,135.0,-160.0,3.0,150.5,2026-02-21 23:00:00+00:00,San Diego Toreros,Loyola Marymount Lions
9147f46c5513b5ee799bbfa4b7df94fb,BetRivers,2026-02-21 14:26:23.864743+00:00,120.0,-155.0,2.5,149.5,2026-02-21 23:00:00+00:00,San Diego Toreros,Loyola Marymount Lions
9147f46c5513b5ee799bbfa4b7df94fb,FanDuel,2026-02-21 14:26:23.864743+00:00,112.0,-138.0,1.5,150.5,2026-02-21 23:00:00+00:00,San Diego Toreros,Loyola Marymount Lions
700f761df19fea3a3171231fbccafc06,BetOnline.ag,2026-02-21 14:26:23.864743+00:00,,,13.0,145.0,2026-02-21 23:00:00+00:00,Miss Valley St Delta Devils,Texas Southern Tigers
700f761df19fea3a3171231fbccafc06,LowVig.ag,2026-02-21 14:26:23.864743+00:00,,,13.0,145.0,2026-02-21 23:00:00+00:00,Miss Valley St Delta Devils,Texas Southern Tigers
700f761df19fea3a3171231fbccafc06,DraftKings,2026-02-21 14:26:23.864743+00:00,525.0,-750.0,12.5,144.5,2026-02-21 23:00:00+00:00,Miss Valley St Delta Devils,Texas Southern Tigers
700f761df19fea3a3171231fbccafc06,Fanatics,2026-02-21 14:26:23.864743+00:00,600.0,-900.0,12.5,145.5,2026-02-21 23:00:00+00:00,Miss Valley St Delta Devils,Texas Southern Tigers
700f761df19fea3a3171231fbccafc06,BetRivers,2026-02-21 14:26:23.864743+00:00,525.0,-910.0,12.5,144.5,2026-02-21 23:00:00+00:00,Miss Valley St Delta Devils,Texas Southern Tigers
700f761df19fea3a3171231fbccafc06,FanDuel,2026-02-21 14:26:23.864743+00:00,590.0,-950.0,12.5,144.5,2026-02-21 23:00:00+00:00,Miss Valley St Delta Devils,Texas Southern Tigers
700f761df19fea3a3171231fbccafc06,Bovada,2026-02-21 14:26:23.864743+00:00,,,13.0,145.5,2026-02-21 23:00:00+00:00,Miss Valley St Delta Devils,Texas Southern Tigers
3b927d883757764c381d260313d6177b,BetOnline.ag,2026-02-21 14:26:23.864743+00:00,,,-13.0,146.5,2026-02-21 23:00:00+00:00,Stephen F. Austin Lumberjacks,Nicholls St Colonels
3b927d883757764c381d260313d6177b,LowVig.ag,2026-02-21 14:26:23.864743+00:00,,,-13.0,146.5,2026-02-21 23:00:00+00:00,Stephen F. Austin Lumberjacks,Nicholls St Colonels
3b927d883757764c381d260313d6177b,DraftKings,2026-02-21 14:26:23.864743+00:00,,,-13.5,146.5,2026-02-21 23:00:00+00:00,Stephen F. Austin Lumberjacks,Nicholls St Colonels
3b927d883757764c381d260313d6177b,Fanatics,2026-02-21 14:26:23.864743+00:00,-1100.0,700.0,-13.5,147.0,2026-02-21 23:00:00+00:00,Stephen F. Austin Lumberjacks,Nicholls St Colonels
3b927d883757764c381d260313d6177b,BetRivers,2026-02-21 14:26:23.864743+00:00,-1115.0,600.0,-13.5,147.5,2026-02-21 23:00:00+00:00,Stephen F. Austin Lumberjacks,Nicholls St Colonels
3b927d883757764c381d260313d6177b,FanDuel,2026-02-21 14:26:23.864743+00:00,-1600.0,820.0,-13.5,146.5,2026-02-21 23:00:00+00:00,Stephen F. Austin Lumberjacks,Nicholls St Colonels
3b927d883757764c381d260313d6177b,Bovada,2026-02-21 14:26:23.864743+00:00,,,-13.5,147.0,2026-02-21 23:00:00+00:00,Stephen F. Austin Lumberjacks,Nicholls St Colonels
4a3d1d236411c1ce654a9bdb6b1c05dc,BetOnline.ag,2026-02-21 14:26:23.864743+00:00,-275.0,226.0,-6.5,131.5,2026-02-21 23:00:00+00:00,Northern Iowa Panthers,Southern Illinois Salukis
4a3d1d236411c1ce654a9bdb6b1c05dc,LowVig.ag,2026-02-21 14:26:23.864743+00:00,-275.0,226.0,-6.5,131.5,2026-02-21 23:00:00+00:00,Northern Iowa Panthers,Southern Illinois Salukis
4a3d1d236411c1ce654a9bdb6b1c05dc,DraftKings,2026-02-21 14:26:23.864743+00:00,-278.0,225.0,-6.5,131.5,2026-02-21 23:00:00+00:00,Northern Iowa Panthers,Southern Illinois Salukis
4a3d1d236411c1ce654a9bdb6b1c05dc,BetMGM,2026-02-21 14:26:23.864743+00:00,-285.0,225.0,-6.5,131.5,2026-02-21 23:00:00+00:00,Northern Iowa Panthers,Southern Illinois Salukis
4a3d1d236411c1ce654a9bdb6b1c05dc,Fanatics,2026-02-21 14:26:23.864743+00:00,-285.0,230.0,-6.5,132.0,2026-02-21 23:00:00+00:00,Northern Iowa Panthers,Southern Illinois Salukis
4a3d1d236411c1ce654a9bdb6b1c05dc,FanDuel,2026-02-21 14:26:23.864743+00:00,-330.0,260.0,-6.5,132.5,2026-02-21 23:00:00+00:00,Northern Iowa Panthers,Southern Illinois Salukis
4a3d1d236411c1ce654a9bdb6b1c05dc,BetUS,2026-02-21 14:26:23.864743+00:00,-275.0,230.0,-6.5,131.5,2026-02-21 23:00:00+00:00,Northern Iowa Panthers,Southern Illinois Salukis
4a3d1d236411c1ce654a9bdb6b1c05dc,Bovada,2026-02-21 14:26:23.864743+00:00,-285.0,235.0,-6.5,132.0,2026-02-21 23:00:00+00:00,Northern Iowa Panthers,Southern Illinois Salukis
4a3d1d236411c1ce654a9bdb6b1c05dc,BetRivers,2026-02-21 14:26:23.864743+00:00,-305.0,230.0,-6.5,131.5,2026-02-21 23:00:00+00:00,Northern Iowa Panthers,Southern Illinois Salukis
d62c3470af1a7d1900274444dd5cab01,BetOnline.ag,2026-02-21 14:26:23.864743+00:00,-145.0,125.0,-2.5,149.5,2026-02-21 23:00:00+00:00,Richmond Spiders,St. Bonaventure Bonnies
d62c3470af1a7d1900274444dd5cab01,LowVig.ag,2026-02-21 14:26:23.864743+00:00,-145.0,125.0,-2.5,149.5,2026-02-21 23:00:00+00:00,Richmond Spiders,St. Bonaventure Bonnies
d62c3470af1a7d1900274444dd5cab01,Fanatics,2026-02-21 14:26:23.864743+00:00,-145.0,120.0,-2.5,149.5,2026-02-21 23:00:00+00:00,Richmond Spiders,St. Bonaventure Bonnies
d62c3470af1a7d1900274444dd5cab01,BetMGM,2026-02-21 14:26:23.864743+00:00,-150.0,125.0,-2.5,149.5,2026-02-21 23:00:00+00:00,Richmond Spiders,St. Bonaventure Bonnies
d62c3470af1a7d1900274444dd5cab01,FanDuel,2026-02-21 14:26:23.864743+00:00,-154.0,128.0,-2.5,150.5,2026-02-21 23:00:00+00:00,Richmond Spiders,St. Bonaventure Bonnies
d62c3470af1a7d1900274444dd5cab01,BetUS,2026-02-21 14:26:23.864743+00:00,-145.0,125.0,-2.5,149.5,2026-02-21 23:00:00+00:00,Richmond Spiders,St. Bonaventure Bonnies
d62c3470af1a7d1900274444dd5cab01,Caesars,2026-02-21 14:26:23.864743+00:00,-145.0,122.0,-2.5,149.5,2026-02-21 23:00:00+00:00,Richmond Spiders,St. Bonaventure Bonnies
d62c3470af1a7d1900274444dd5cab01,Bovada,2026-02-21 14:26:23.864743+00:00,-140.0,120.0,-2.5,149.5,2026-02-21 23:00:00+00:00,Richmond Spiders,St. Bonaventure Bonnies
d62c3470af1a7d1900274444dd5cab01,BetRivers,2026-02-21 14:26:23.864743+00:00,-148.0,116.0,-2.5,149.5,2026-02-21 23:00:00+00:00,Richmond Spiders,St. Bonaventure Bonnies
b7b7788f69c0dcf58f9bee475221875e,BetOnline.ag,2026-02-21 14:26:23.864743+00:00,-410.0,324.0,-8.5,142.5,2026-02-21 23:00:00+00:00,Wichita St Shockers,Temple Owls
b7b7788f69c0dcf58f9bee475221875e,LowVig.ag,2026-02-21 14:26:23.864743+00:00,-410.0,324.0,-8.5,142.5,2026-02-21 23:00:00+00:00,Wichita St Shockers,Temple Owls
b7b7788f69c0dcf58f9bee475221875e,DraftKings,2026-02-21 14:26:23.864743+00:00,-410.0,320.0,-8.5,142.5,2026-02-21 23:00:00+00:00,Wichita St Shockers,Temple Owls
b7b7788f69c0dcf58f9bee475221875e,BetMGM,2026-02-21 14:26:23.864743+00:00,-425.0,320.0,-8.5,142.5,2026-02-21 23:00:00+00:00,Wichita St Shockers,Temple Owls
b7b7788f69c0dcf58f9bee475221875e,Fanatics,2026-02-21 14:26:23.864743+00:00,-425.0,330.0,-8.5,142.0,2026-02-21 23:00:00+00:00,Wichita St Shockers,Temple Owls
b7b7788f69c0dcf58f9bee475221875e,FanDuel,2026-02-21 14:26:23.864743+00:00,-450.0,340.0,-8.5,141.5,2026-02-21 23:00:00+00:00,Wichita St Shockers,Temple Owls
b7b7788f69c0dcf58f9bee475221875e,BetUS,2026-02-21 14:26:23.864743+00:00,-410.0,325.0,-8.5,142.5,2026-02-21 23:00:00+00:00,Wichita St Shockers,Temple Owls
b7b7788f69c0dcf58f9bee475221875e,Caesars,2026-02-21 14:26:23.864743+00:00,-420.0,320.0,-8.5,142.5,2026-02-21 23:00:00+00:00,Wichita St Shockers,Temple Owls
b7b7788f69c0dcf58f9bee475221875e,Bovada,2026-02-21 14:26:23.864743+00:00,-435.0,325.0,-8.5,142.0,2026-02-21 23:00:00+00:00,Wichita St Shockers,Temple Owls
b7b7788f69c0dcf58f9bee475221875e,BetRivers,2026-02-21 14:26:23.864743+00:00,-435.0,310.0,-8.5,142.5,2026-02-21 23:00:00+00:00,Wichita St Shockers,Temple Owls
0b6567814ab41da6dbe66c41cfe41ffb,FanDuel,2026-02-21 14:26:23.864743+00:00,-132.0,110.0,-1.5,148.5,2026-02-21 23:00:05+00:00,California Golden Bears,Stanford Cardinal
0b6567814ab41da6dbe66c41cfe41ffb,Fanatics,2026-02-21 14:26:23.864743+00:00,-125.0,105.0,-1.5,148.5,2026-02-21 23:00:05+00:00,California Golden Bears,Stanford Cardinal
0b6567814ab41da6dbe66c41cfe41ffb,LowVig.ag,2026-02-21 14:26:23.864743+00:00,-130.0,110.0,-2.0,148.5,2026-02-21 23:00:05+00:00,California Golden Bears,Stanford Cardinal
0b6567814ab41da6dbe66c41cfe41ffb,BetOnline.ag,2026-02-21 14:26:23.864743+00:00,-130.0,110.0,-2.0,148.5,2026-02-21 23:00:05+00:00,California Golden Bears,Stanford Cardinal
0b6567814ab41da6dbe66c41cfe41ffb,DraftKings,2026-02-21 14:26:23.864743+00:00,-120.0,100.0,-1.5,148.5,2026-02-21 23:00:05+00:00,California Golden Bears,Stanford Cardinal
0b6567814ab41da6dbe66c41cfe41ffb,Bovada,2026-02-21 14:26:23.864743+00:00,-120.0,100.0,-1.5,148.0,2026-02-21 23:00:05+00:00,California Golden Bears,Stanford Cardinal
0b6567814ab41da6dbe66c41cfe41ffb,BetMGM,2026-02-21 14:26:23.864743+00:00,-130.0,105.0,-1.5,148.5,2026-02-21 23:00:05+00:00,California Golden Bears,Stanford Cardinal
0b6567814ab41da6dbe66c41cfe41ffb,BetRivers,2026-02-21 14:26:23.864743+00:00,-134.0,106.0,-1.5,148.5,2026-02-21 23:00:05+00:00,California Golden Bears,Stanford Cardinal
0b6567814ab41da6dbe66c41cfe41ffb,BetUS,2026-02-21 14:26:23.864743+00:00,-130.0,110.0,-2.0,148.5,2026-02-21 23:00:05+00:00,California Golden Bears,Stanford Cardinal
0b6567814ab41da6dbe66c41cfe41ffb,Caesars,2026-02-21 14:26:23.864743+00:00,-130.0,110.0,-2.0,148.5,2026-02-21 23:00:05+00:00,California Golden Bears,Stanford Cardinal
fdd453fd17ed79742377643dde623c35,FanDuel,2026-02-21 14:26:23.864743+00:00,265.0,-335.0,7.5,172.5,2026-02-21 23:00:35+00:00,LSU Tigers,Alabama Crimson Tide
fdd453fd17ed79742377643dde623c35,DraftKings,2026-02-21 14:26:23.864743+00:00,250.0,-310.0,6.5,171.5,2026-02-21 23:00:35+00:00,LSU Tigers,Alabama Crimson Tide
fdd453fd17ed79742377643dde623c35,BetRivers,2026-02-21 14:26:23.864743+00:00,230.0,-305.0,6.5,171.5,2026-02-21 23:00:35+00:00,LSU Tigers,Alabama Crimson Tide
fdd453fd17ed79742377643dde623c35,Fanatics,2026-02-21 14:26:23.864743+00:00,250.0,-325.0,7.0,172.0,2026-02-21 23:00:35+00:00,LSU Tigers,Alabama Crimson Tide
fdd453fd17ed79742377643dde623c35,LowVig.ag,2026-02-21 14:26:23.864743+00:00,252.0,-310.0,7.0,172.0,2026-02-21 23:00:35+00:00,LSU Tigers,Alabama Crimson Tide
fdd453fd17ed79742377643dde623c35,BetOnline.ag,2026-02-21 14:26:23.864743+00:00,252.0,-310.0,7.0,172.0,2026-02-21 23:00:35+00:00,LSU Tigers,Alabama Crimson Tide
fdd453fd17ed79742377643dde623c35,BetMGM,2026-02-21 14:26:23.864743+00:00,230.0,-295.0,6.5,171.5,2026-02-21 23:00:35+00:00,LSU Tigers,Alabama Crimson Tide
fdd453fd17ed79742377643dde623c35,Bovada,2026-02-21 14:26:23.864743+00:00,250.0,-300.0,7.0,172.5,2026-02-21 23:00:35+00:00,LSU Tigers,Alabama Crimson Tide
fdd453fd17ed79742377643dde623c35,BetUS,2026-02-21 14:26:23.864743+00:00,255.0,-310.0,7.0,172.0,2026-02-21 23:00:35+00:00,LSU Tigers,Alabama Crimson Tide
fdd453fd17ed79742377643dde623c35,Caesars,2026-02-21 14:26:23.864743+00:00,250.0,-320.0,7.0,171.5,2026-02-21 23:00:35+00:00,LSU Tigers,Alabama Crimson Tide
d7c701e34a33baaff729cac8a1819298,FanDuel,2026-02-21 14:26:23.864743+00:00,-235.0,190.0,-4.5,135.5,2026-02-21 23:00:52+00:00,Seton Hall Pirates,Georgetown Hoyas
d7c701e34a33baaff729cac8a1819298,Fanatics,2026-02-21 14:26:23.864743+00:00,-210.0,175.0,-5.0,135.5,2026-02-21 23:00:52+00:00,Seton Hall Pirates,Georgetown Hoyas
d7c701e34a33baaff729cac8a1819298,BetOnline.ag,2026-02-21 14:26:23.864743+00:00,-195.0,170.0,-4.5,136.5,2026-02-21 23:00:52+00:00,Seton Hall Pirates,Georgetown Hoyas
d7c701e34a33baaff729cac8a1819298,LowVig.ag,2026-02-21 14:26:23.864743+00:00,-195.0,170.0,-4.5,136.5,2026-02-21 23:00:52+00:00,Seton Hall Pirates,Georgetown Hoyas
d7c701e34a33baaff729cac8a1819298,Bovada,2026-02-21 14:26:23.864743+00:00,-200.0,170.0,-4.5,135.5,2026-02-21 23:00:52+00:00,Seton Hall Pirates,Georgetown Hoyas
d7c701e34a33baaff729cac8a1819298,DraftKings,2026-02-21 14:26:23.864743+00:00,,,-4.5,136.5,2026-02-21 23:00:52+00:00,Seton Hall Pirates,Georgetown Hoyas
d7c701e34a33baaff729cac8a1819298,BetMGM,2026-02-21 14:26:23.864743+00:00,-220.0,180.0,-4.5,136.5,2026-02-21 23:00:52+00:00,Seton Hall Pirates,Georgetown Hoyas
d7c701e34a33baaff729cac8a1819298,BetRivers,2026-02-21 14:26:23.864743+00:00,-240.0,185.0,-4.5,135.5,2026-02-21 23:00:52+00:00,Seton Hall Pirates,Georgetown Hoyas
d7c701e34a33baaff729cac8a1819298,BetUS,2026-02-21 14:26:23.864743+00:00,-195.0,167.0,-4.5,136.0,2026-02-21 23:00:52+00:00,Seton Hall Pirates,Georgetown Hoyas
d7c701e34a33baaff729cac8a1819298,Caesars,2026-02-21 14:26:23.864743+00:00,-205.0,170.0,-4.5,136.5,2026-02-21 23:00:52+00:00,Seton Hall Pirates,Georgetown Hoyas
0245db13f1705c3397e27305392c113c,BetOnline.ag,2026-02-21 14:26:23.864743+00:00,,,-3.0,158.5,2026-02-21 23:30:00+00:00,Arkansas-Pine Bluff Golden Lions,Prairie View Panthers
0245db13f1705c3397e27305392c113c,LowVig.ag,2026-02-21 14:26:23.864743+00:00,,,-3.0,158.5,2026-02-21 23:30:00+00:00,Arkansas-Pine Bluff Golden Lions,Prairie View Panthers
0245db13f1705c3397e27305392c113c,DraftKings,2026-02-21 14:26:23.864743+00:00,-162.0,136.0,-3.5,158.5,2026-02-21 23:30:00+00:00,Arkansas-Pine Bluff Golden Lions,Prairie View Panthers
0245db13f1705c3397e27305392c113c,Fanatics,2026-02-21 14:26:23.864743+00:00,-170.0,140.0,-3.0,158.0,2026-02-21 23:30:00+00:00,Arkansas-Pine Bluff Golden Lions,Prairie View Panthers
0245db13f1705c3397e27305392c113c,BetRivers,2026-02-21 14:26:23.864743+00:00,-159.0,125.0,-3.5,157.5,2026-02-21 23:30:00+00:00,Arkansas-Pine Bluff Golden Lions,Prairie View Panthers
0245db13f1705c3397e27305392c113c,FanDuel,2026-02-21 14:26:23.864743+00:00,-170.0,138.0,-3.5,158.5,2026-02-21 23:30:00+00:00,Arkansas-Pine Bluff Golden Lions,Prairie View Panthers
0245db13f1705c3397e27305392c113c,Bovada,2026-02-21 14:26:23.864743+00:00,,,-3.0,158.0,2026-02-21 23:30:00+00:00,Arkansas-Pine Bluff Golden Lions,Prairie View Panthers
2ef11f6ff54d5aed0b1c13e388b786f9,FanDuel,2026-02-21 14:26:23.864743+00:00,134.0,-162.0,2.5,150.5,2026-02-21 23:30:17+00:00,Duke Blue Devils,Michigan Wolverines
2ef11f6ff54d5aed0b1c13e388b786f9,Caesars,2026-02-21 14:26:23.864743+00:00,122.0,-145.0,2.5,150.5,2026-02-21 23:30:17+00:00,Duke Blue Devils,Michigan Wolverines
2ef11f6ff54d5aed0b1c13e388b786f9,DraftKings,2026-02-21 14:26:23.864743+00:00,124.0,-148.0,2.5,150.5,2026-02-21 23:30:17+00:00,Duke Blue Devils,Michigan Wolverines
2ef11f6ff54d5aed0b1c13e388b786f9,Fanatics,2026-02-21 14:26:23.864743+00:00,120.0,-145.0,2.5,150.5,2026-02-21 23:30:17+00:00,Duke Blue Devils,Michigan Wolverines
2ef11f6ff54d5aed0b1c13e388b786f9,BetRivers,2026-02-21 14:26:23.864743+00:00,123.0,-155.0,2.5,150.5,2026-02-21 23:30:17+00:00,Duke Blue Devils,Michigan Wolverines
2ef11f6ff54d5aed0b1c13e388b786f9,LowVig.ag,2026-02-21 14:26:23.864743+00:00,125.0,-145.0,2.5,150.5,2026-02-21 23:30:17+00:00,Duke Blue Devils,Michigan Wolverines
2ef11f6ff54d5aed0b1c13e388b786f9,BetOnline.ag,2026-02-21 14:26:23.864743+00:00,125.0,-145.0,2.5,150.5,2026-02-21 23:30:17+00:00,Duke Blue Devils,Michigan Wolverines
2ef11f6ff54d5aed0b1c13e388b786f9,Bovada,2026-02-21 14:26:23.864743+00:00,125.0,-145.0,2.5,150.5,2026-02-21 23:30:17+00:00,Duke Blue Devils,Michigan Wolverines
2ef11f6ff54d5aed0b1c13e388b786f9,BetUS,2026-02-21 14:26:23.864743+00:00,125.0,-145.0,2.5,150.5,2026-02-21 23:30:17+00:00,Duke Blue Devils,Michigan Wolverines
