event_id,book,fetched_at,last_update,commence_time,home_team_name,away_team_name,market,period,moneyline_home,moneyline_away,home_spread,home_spread_price,away_spread,away_spread_price,total,over_price,under_price
028e96b1378f60711260cf56d3cf8a57,FanDuel,2025-12-13 16:22:22.925734+00:00,2025-12-13 16:21:13+00:00,2025-12-13 17:00:00+00:00,Florida Atlantic Owls,Albany Great Danes,h2h,2h,-3500.0,1280.0,,,,,,,
028e96b1378f60711260cf56d3cf8a57,FanDuel,2025-12-13 16:22:22.925734+00:00,2025-12-13 16:21:13+00:00,2025-12-13 17:00:00+00:00,Florida Atlantic Owls,Albany Great Danes,spreads,full_game,,,-18.5,-105.0,18.5,-115.0,,,
028e96b1378f60711260cf56d3cf8a57,FanDuel,2025-12-13 16:22:22.925734+00:00,2025-12-13 16:21:13+00:00,2025-12-13 17:00:00+00:00,Florida Atlantic Owls,Albany Great Danes,totals,full_game,,,,,,,148.5,-110.0,-110.0
028e96b1378f60711260cf56d3cf8a57,Fanatics,2025-12-13 16:22:22.925734+00:00,2025-12-13 16:21:50+00:00,2025-12-13 17:00:00+00:00,Florida Atlantic Owls,Albany Great Danes,h2h,2h,-3000.0,1400.0,,,,,,,
028e96b1378f60711260cf56d3cf8a57,Fanatics,2025-12-13 16:22:22.925734+00:00,2025-12-13 16:21:50+00:00,2025-12-13 17:00:00+00:00,Florida Atlantic Owls,Albany Great Danes,spreads,full_game,,,-18.5,-110.0,18.5,-110.0,,,
028e96b1378f60711260cf56d3cf8a57,Fanatics,2025-12-13 16:22:22.925734+00:00,2025-12-13 16:21:50+00:00,2025-12-13 17:00:00+00:00,Florida Atlantic Owls,Albany Great Danes,totals,full_game,,,,,,,149.0,-110.0,-110.0
028e96b1378f60711260cf56d3cf8a57,LowVig.ag,2025-12-13 16:22:22.925734+00:00,2025-12-13 16:21:24+00:00,2025-12-13 17:00:00+00:00,Florida Atlantic Owls,Albany Great Danes,spreads,full_game,,,-18.5,-113.0,18.5,101.0,,,
028e96b1378f60711260cf56d3cf8a57,LowVig.ag,2025-12-13 16:22:22.925734+00:00,2025-12-13 16:21:24+00:00,2025-12-13 17:00:00+00:00,Florida Atlantic Owls,Albany Great Danes,totals,full_game,,,,,,,147.0,100.0,-117.0
028e96b1378f60711260cf56d3cf8a57,BetOnline.ag,2025-12-13 16:22:22.925734+00:00,2025-12-13 16:21:39+00:00,2025-12-13 17:00:00+00:00,Florida Atlantic Owls,Albany Great Danes,spreads,full_game,,,-18.5,-117.0,18.5,-103.0,,,
028e96b1378f60711260cf56d3cf8a57,BetOnline.ag,2025-12-13 16:22:22.925734+00:00,2025-12-13 16:21:39+00:00,2025-12-13 17:00:00+00:00,Florida Atlantic Owls,Albany Great Danes,totals,full_game,,,,,,,147.0,-102.0,-118.0
028e96b1378f60711260cf56d3cf8a57,DraftKings,2025-12-13 16:22:22.925734+00:00,2025-12-13 16:21:38+00:00,2025-12-13 17:00:00+00:00,Florida Atlantic Owls,Albany Great Danes,spreads,full_game,,,-18.5,-115.0,18.5,-105.0,,,
028e96b1378f60711260cf56d3cf8a57,DraftKings,2025-12-13 16:22:22.925734+00:00,2025-12-13 16:21:38+00:00,2025-12-13 17:00:00+00:00,Florida Atlantic Owls,Albany Great Danes,totals,full_game,,,,,,,147.5,-110.0,-110.0
028e96b1378f60711260cf56d3cf8a57,BetMGM,2025-12-13 16:22:22.925734+00:00,2025-12-13 16:21:54+00:00,2025-12-13 17:00:00+00:00,Florida Atlantic Owls,Albany Great Danes,h2h,2h,-3000.0,1200.0,,,,,,,
028e96b1378f60711260cf56d3cf8a57,BetMGM,2025-12-13 16:22:22.925734+00:00,2025-12-13 16:21:54+00:00,2025-12-13 17:00:00+00:00,Florida Atlantic Owls,Albany Great Danes,spreads,full_game,,,-18.5,-115.0,18.5,-105.0,,,
028e96b1378f60711260cf56d3cf8a57,BetMGM,2025-12-13 16:22:22.925734+00:00,2025-12-13 16:21:54+00:00,2025-12-13 17:00:00+00:00,Florida Atlantic Owls,Albany Great Danes,totals,full_game,,,,,,,147.5,-115.0,-105.0
028e96b1378f60711260cf56d3cf8a57,BetRivers,2025-12-13 16:22:22.925734+00:00,2025-12-13 16:22:17+00:00,2025-12-13 17:00:00+00:00,Florida Atlantic Owls,Albany Great Danes,h2h,2h,-3335.0,1150.0,,,,,,,
028e96b1378f60711260cf56d3cf8a57,BetRivers,2025-12-13 16:22:22.925734+00:00,2025-12-13 16:22:17+00:00,2025-12-13 17:00:00+00:00,Florida Atlantic Owls,Albany Great Danes,spreads,full_game,,,-19.0,-112.0,19.0,-112.0,,,
028e96b1378f60711260cf56d3cf8a57,BetRivers,2025-12-13 16:22:22.925734+00:00,2025-12-13 16:22:17+00:00,2025-12-13 17:00:00+00:00,Florida Atlantic Owls,Albany Great Danes,totals,full_game,,,,,,,148.5,-112.0,-110.0
028e96b1378f60711260cf56d3cf8a57,Bovada,2025-12-13 16:22:22.925734+00:00,2025-12-13 16:21:51+00:00,2025-12-13 17:00:00+00:00,Florida Atlantic Owls,Albany Great Danes,spreads,full_game,,,-18.5,-110.0,18.5,-110.0,,,
028e96b1378f60711260cf56d3cf8a57,Bovada,2025-12-13 16:22:22.925734+00:00,2025-12-13 16:21:51+00:00,2025-12-13 17:00:00+00:00,Florida Atlantic Owls,Albany Great Danes,totals,full_game,,,,,,,149.0,-110.0,-110.0
028e96b1378f60711260cf56d3cf8a57,Caesars,2025-12-13 16:22:22.925734+00:00,2025-12-13 16:17:55+00:00,2025-12-13 17:00:00+00:00,Florida Atlantic Owls,Albany Great Danes,h2h,2h,-3500.0,1350.0,,,,,,,
028e96b1378f60711260cf56d3cf8a57,Caesars,2025-12-13 16:22:22.925734+00:00,2025-12-13 16:17:55+00:00,2025-12-13 17:00:00+00:00,Florida Atlantic Owls,Albany Great Danes,spreads,full_game,,,-18.5,-110.0,18.5,-110.0,,,
028e96b1378f60711260cf56d3cf8a57,Caesars,2025-12-13 16:22:22.925734+00:00,2025-12-13 16:17:55+00:00,2025-12-13 17:00:00+00:00,Florida Atlantic Owls,Albany Great Danes,totals,full_game,,,,,,,148.5,-110.0,-110.0
fd2cf8bf95805b79462b5572a55293f3,DraftKings,2025-12-13 16:22:22.925734+00:00,2025-12-13 16:21:38+00:00,2025-12-13 17:00:00+00:00,Texas Tech Red Raiders,Arkansas Razorbacks,h2h,2h,-130.0,110.0,,,,,,,
fd2cf8bf95805b79462b5572a55293f3,DraftKings,2025-12-13 16:22:22.925734+00:00,2025-12-13 16:21:38+00:00,2025-12-13 17:00:00+00:00,Texas Tech Red Raiders,Arkansas Razorbacks,spreads,full_game,,,-2.5,-102.0,2.5,-118.0,,,
fd2cf8bf95805b79462b5572a55293f3,DraftKings,2025-12-13 16:22:22.925734+00:00,2025-12-13 16:21:38+00:00,2025-12-13 17:00:00+00:00,Texas Tech Red Raiders,Arkansas Razorbacks,totals,full_game,,,,,,,155.5,-105.0,-115.0
fd2cf8bf95805b79462b5572a55293f3,FanDuel,2025-12-13 16:22:22.925734+00:00,2025-12-13 16:21:13+00:00,2025-12-13 17:00:00+00:00,Texas Tech Red Raiders,Arkansas Razorbacks,h2h,2h,-142.0,118.0,,,,,,,
fd2cf8bf95805b79462b5572a55293f3,FanDuel,2025-12-13 16:22:22.925734+00:00,2025-12-13 16:21:13+00:00,2025-12-13 17:00:00+00:00,Texas Tech Red Raiders,Arkansas Razorbacks,spreads,full_game,,,-2.5,100.0,2.5,-122.0,,,
fd2cf8bf95805b79462b5572a55293f3,FanDuel,2025-12-13 16:22:22.925734+00:00,2025-12-13 16:21:13+00:00,2025-12-13 17:00:00+00:00,Texas Tech Red Raiders,Arkansas Razorbacks,totals,full_game,,,,,,,154.5,-110.0,-110.0
fd2cf8bf95805b79462b5572a55293f3,BetRivers,2025-12-13 16:22:22.925734+00:00,2025-12-13 16:22:17+00:00,2025-12-13 17:00:00+00:00,Texas Tech Red Raiders,Arkansas Razorbacks,h2h,2h,-129.0,104.0,,,,,,,
fd2cf8bf95805b79462b5572a55293f3,BetRivers,2025-12-13 16:22:22.925734+00:00,2025-12-13 16:22:17+00:00,2025-12-13 17:00:00+00:00,Texas Tech Red Raiders,Arkansas Razorbacks,spreads,full_game,,,-1.5,-114.0,1.5,-108.0,,,
fd2cf8bf95805b79462b5572a55293f3,BetRivers,2025-12-13 16:22:22.925734+00:00,2025-12-13 16:22:17+00:00,2025-12-13 17:00:00+00:00,Texas Tech Red Raiders,Arkansas Razorbacks,totals,full_game,,,,,,,154.0,-113.0,-109.0
fd2cf8bf95805b79462b5572a55293f3,Fanatics,2025-12-13 16:22:22.925734+00:00,2025-12-13 16:21:50+00:00,2025-12-13 17:00:00+00:00,Texas Tech Red Raiders,Arkansas Razorbacks,h2h,2h,-125.0,105.0,,,,,,,
fd2cf8bf95805b79462b5572a55293f3,Fanatics,2025-12-13 16:22:22.925734+00:00,2025-12-13 16:21:50+00:00,2025-12-13 17:00:00+00:00,Texas Tech Red Raiders,Arkansas Razorbacks,spreads,full_game,,,-2.0,-110.0,2.0,-110.0,,,
fd2cf8bf95805b79462b5572a55293f3,Fanatics,2025-12-13 16:22:22.925734+00:00,2025-12-13 16:21:50+00:00,2025-12-13 17:00:00+00:00,Texas Tech Red Raiders,Arkansas Razorbacks,totals,full_game,,,,,,,156.0,-110.0,-110.0
fd2cf8bf95805b79462b5572a55293f3,LowVig.ag,2025-12-13 16:22:22.925734+00:00,2025-12-13 16:21:24+00:00,2025-12-13 17:00:00+00:00,Texas Tech Red Raiders,Arkansas Razorbacks,h2h,2h,-130.0,110.0,,,,,,,
fd2cf8bf95805b79462b5572a55293f3,LowVig.ag,2025-12-13 16:22:22.925734+00:00,2025-12-13 16:21:24+00:00,2025-12-13 17:00:00+00:00,Texas Tech Red Raiders,Arkansas Razorbacks,spreads,full_game,,,-2.0,-104.0,2.0,-108.0,,,
fd2cf8bf95805b79462b5572a55293f3,LowVig.ag,2025-12-13 16:22:22.925734+00:00,2025-12-13 16:21:24+00:00,2025-12-13 17:00:00+00:00,Texas Tech Red Raiders,Arkansas Razorbacks,totals,full_game,,,,,,,154.5,-113.0,-103.0
fd2cf8bf95805b79462b5572a55293f3,BetOnline.ag,2025-12-13 16:22:22.925734+00:00,2025-12-13 16:21:39+00:00,2025-12-13 17:00:00+00:00,Texas Tech Red Raiders,Arkansas Razorbacks,h2h,2h,-130.0,110.0,,,,,,,
fd2cf8bf95805b79462b5572a55293f3,BetOnline.ag,2025-12-13 16:22:22.925734+00:00,2025-12-13 16:21:39+00:00,2025-12-13 17:00:00+00:00,Texas Tech Red Raiders,Arkansas Razorbacks,spreads,full_game,,,-2.0,-108.0,2.0,-112.0,,,
fd2cf8bf95805b79462b5572a55293f3,BetOnline.ag,2025-12-13 16:22:22.925734+00:00,2025-12-13 16:21:39+00:00,2025-12-13 17:00:00+00:00,Texas Tech Red Raiders,Arkansas Razorbacks,totals,full_game,,,,,,,154.5,-115.0,-105.0
fd2cf8bf95805b79462b5572a55293f3,BetMGM,2025-12-13 16:22:22.925734+00:00,2025-12-13 16:21:54+00:00,2025-12-13 17:00:00+00:00,Texas Tech Red Raiders,Arkansas Razorbacks,h2h,2h,-135.0,110.0,,,,,,,
fd2cf8bf95805b79462b5572a55293f3,BetMGM,2025-12-13 16:22:22.925734+00:00,2025-12-13 16:21:54+00:00,2025-12-13 17:00:00+00:00,Texas Tech Red Raiders,Arkansas Razorbacks,spreads,full_game,,,-2.5,-105.0,2.5,-115.0,,,
fd2cf8bf95805b79462b5572a55293f3,BetMGM,2025-12-13 16:22:22.925734+00:00,2025-12-13 16:21:54+00:00,2025-12-13 17:00:00+00:00,Texas Tech Red Raiders,Arkansas Razorbacks,totals,full_game,,,,,,,154.5,-115.0,-105.0
fd2cf8bf95805b79462b5572a55293f3,Caesars,2025-12-13 16:22:22.925734+00:00,2025-12-13 16:17:55+00:00,2025-12-13 17:00:00+00:00,Texas Tech Red Raiders,Arkansas Razorbacks,h2h,2h,-130.0,110.0,,,,,,,
fd2cf8bf95805b79462b5572a55293f3,Caesars,2025-12-13 16:22:22.925734+00:00,2025-12-13 16:17:55+00:00,2025-12-13 17:00:00+00:00,Texas Tech Red Raiders,Arkansas Razorbacks,spreads,full_game,,,-2.0,-110.0,2.0,-110.0,,,
fd2cf8bf95805b79462b5572a55293f3,Caesars,2025-12-13 16:22:22.925734+00:00,2025-12-13 16:17:55+00:00,2025-12-13 17:00:00+00:00,Texas Tech Red Raiders,Arkansas Razorbacks,totals,full_game,,,,,,,155.0,-110.0,-110.0
fd2cf8bf95805b79462b5572a55293f3,Bovada,2025-12-13 16:22:22.925734+00:00,2025-12-13 16:21:51+00:00,2025-12-13 17:00:00+00:00,Texas Tech Red Raiders,Arkansas Razorbacks,h2h,2h,-130.0,110.0,,,,,,,
fd2cf8bf95805b79462b5572a55293f3,Bovada,2025-12-13 16:22:22.925734+00:00,2025-12-13 16:21:51+00:00,2025-12-13 17:00:00+00:00,Texas Tech Red Raiders,Arkansas Razorbacks,spreads,full_game,,,-2.0,-105.0,2.0,-115.0,,,
fd2cf8bf95805b79462b5572a55293f3,Bovada,2025-12-13 16:22:22.925734+00:00,2025-12-13 16:21:51+00:00,2025-12-13 17:00:00+00:00,Texas Tech Red Raiders,Arkansas Razorbacks,totals,full_game,,,,,,,155.5,-110.0,-110.0
fd2cf8bf95805b79462b5572a55293f3,BetUS,2025-12-13 16:22:22.925734+00:00,2025-12-13 16:22:17+00:00,2025-12-13 17:00:00+00:00,Texas Tech Red Raiders,Arkansas Razorbacks,h2h,2h,-130.0,110.0,,,,,,,
fd2cf8bf95805b79462b5572a55293f3,BetUS,2025-12-13 16:22:22.925734+00:00,2025-12-13 16:22:17+00:00,2025-12-13 17:00:00+00:00,Texas Tech Red Raiders,Arkansas Razorbacks,spreads,full_game,,,-2.0,-110.0,2.0,-110.0,,,
fd2cf8bf95805b79462b5572a55293f3,BetUS,2025-12-13 16:22:22.925734+00:00,2025-12-13 16:22:17+00:00,2025-12-13 17:00:00+00:00,Texas Tech Red Raiders,Arkansas Razorbacks,totals,full_game,,,,,,,155.0,-110.0,-110.0
96d6bd85c3904761f734ef4b7ec1ec52,FanDuel,2025-12-13 16:22:22.925734+00:00,2025-12-13 16:21:13+00:00,2025-12-13 17:00:00+00:00,Stony Brook Seawolves,Central Michigan Chippewas,h2h,2h,-295.0,235.0,,,,,,,
96d6bd85c3904761f734ef4b7ec1ec52,FanDuel,2025-12-13 16:22:22.925734+00:00,2025-12-13 16:21:13+00:00,2025-12-13 17:00:00+00:00,Stony Brook Seawolves,Central Michigan Chippewas,spreads,full_game,,,-6.5,-110.0,6.5,-110.0,,,
96d6bd85c3904761f734ef4b7ec1ec52,FanDuel,2025-12-13 16:22:22.925734+00:00,2025-12-13 16:21:13+00:00,2025-12-13 17:00:00+00:00,Stony Brook Seawolves,Central Michigan Chippewas,totals,full_game,,,,,,,144.5,-110.0,-110.0
96d6bd85c3904761f734ef4b7ec1ec52,BetOnline.ag,2025-12-13 16:22:22.925734+00:00,2025-12-13 16:21:39+00:00,2025-12-13 17:00:00+00:00,Stony Brook Seawolves,Central Michigan Chippewas,h2h,2h,-300.0,245.0,,,,,,,
96d6bd85c3904761f734ef4b7ec1ec52,BetOnline.ag,2025-12-13 16:22:22.925734+00:00,2025-12-13 16:21:39+00:00,2025-12-13 17:00:00+00:00,Stony Brook Seawolves,Central Michigan Chippewas,spreads,full_game,,,-6.5,-102.0,6.5,-118.0,,,
96d6bd85c3904761f734ef4b7ec1ec52,BetOnline.ag,2025-12-13 16:22:22.925734+00:00,2025-12-13 16:21:39+00:00,2025-12-13 17:00:00+00:00,Stony Brook Seawolves,Central Michigan Chippewas,totals,full_game,,,,,,,145.0,-105.0,-115.0
96d6bd85c3904761f734ef4b7ec1ec52,LowVig.ag,2025-12-13 16:22:22.925734+00:00,2025-12-13 16:21:24+00:00,2025-12-13 17:00:00+00:00,Stony Brook Seawolves,Central Michigan Chippewas,h2h,2h,-300.0,245.0,,,,,,,
96d6bd85c3904761f734ef4b7ec1ec52,LowVig.ag,2025-12-13 16:22:22.925734+00:00,2025-12-13 16:21:24+00:00,2025-12-13 17:00:00+00:00,Stony Brook Seawolves,Central Michigan Chippewas,spreads,full_game,,,-6.5,102.0,6.5,-114.0,,,
96d6bd85c3904761f734ef4b7ec1ec52,LowVig.ag,2025-12-13 16:22:22.925734+00:00,2025-12-13 16:21:24+00:00,2025-12-13 17:00:00+00:00,Stony Brook Seawolves,Central Michigan Chippewas,totals,full_game,,,,,,,145.0,-103.0,-113.0
96d6bd85c3904761f734ef4b7ec1ec52,Fanatics,2025-12-13 16:22:22.925734+00:00,2025-12-13 16:21:50+00:00,2025-12-13 17:00:00+00:00,Stony Brook Seawolves,Central Michigan Chippewas,h2h,2h,-300.0,240.0,,,,,,,
96d6bd85c3904761f734ef4b7ec1ec52,Fanatics,2025-12-13 16:22:22.925734+00:00,2025-12-13 16:21:50+00:00,2025-12-13 17:00:00+00:00,Stony Brook Seawolves,Central Michigan Chippewas,spreads,full_game,,,-6.5,-110.0,6.5,-110.0,,,
96d6bd85c3904761f734ef4b7ec1ec52,Fanatics,2025-12-13 16:22:22.925734+00:00,2025-12-13 16:21:50+00:00,2025-12-13 17:00:00+00:00,Stony Brook Seawolves,Central Michigan Chippewas,totals,full_game,,,,,,,145.0,-110.0,-110.0
96d6bd85c3904761f734ef4b7ec1ec52,DraftKings,2025-12-13 16:22:22.925734+00:00,2025-12-13 16:21:38+00:00,2025-12-13 17:00:00+00:00,Stony Brook Seawolves,Central Michigan Chippewas,h2h,2h,-298.0,240.0,,,,,,,
96d6bd85c3904761f734ef4b7ec1ec52,DraftKings,2025-12-13 16:22:22.925734+00:00,2025-12-13 16:21:38+00:00,2025-12-13 17:00:00+00:00,Stony Brook Seawolves,Central Michigan Chippewas,spreads,full_game,,,-6.5,-105.0,6.5,-115.0,,,
96d6bd85c3904761f734ef4b7ec1ec52,DraftKings,2025-12-13 16:22:22.925734+00:00,2025-12-13 16:21:38+00:00,2025-12-13 17:00:00+00:00,Stony Brook Seawolves,Central Michigan Chippewas,totals,full_game,,,,,,,144.5,-112.0,-108.0
96d6bd85c3904761f734ef4b7ec1ec52,BetMGM,2025-12-13 16:22:22.925734+00:00,2025-12-13 16:21:54+00:00,2025-12-13 17:00:00+00:00,Stony Brook Seawolves,Central Michigan Chippewas,h2h,2h,-275.0,220.0,,,,,,,
96d6bd85c3904761f734ef4b7ec1ec52,BetMGM,2025-12-13 16:22:22.925734+00:00,2025-12-13 16:21:54+00:00,2025-12-13 17:00:00+00:00,Stony Brook Seawolves,Central Michigan Chippewas,spreads,full_game,,,-6.5,-105.0,6.5,-115.0,,,
96d6bd85c3904761f734ef4b7ec1ec52,BetMGM,2025-12-13 16:22:22.925734+00:00,2025-12-13 16:21:54+00:00,2025-12-13 17:00:00+00:00,Stony Brook Seawolves,Central Michigan Chippewas,totals,full_game,,,,,,,144.5,-110.0,-110.0
96d6bd85c3904761f734ef4b7ec1ec52,Bovada,2025-12-13 16:22:22.925734+00:00,2025-12-13 16:21:51+00:00,2025-12-13 17:00:00+00:00,Stony Brook Seawolves,Central Michigan Chippewas,h2h,2h,-300.0,250.0,,,,,,,
96d6bd85c3904761f734ef4b7ec1ec52,Bovada,2025-12-13 16:22:22.925734+00:00,2025-12-13 16:21:51+00:00,2025-12-13 17:00:00+00:00,Stony Brook Seawolves,Central Michigan Chippewas,spreads,full_game,,,-6.0,-105.0,6.0,-115.0,,,
96d6bd85c3904761f734ef4b7ec1ec52,Bovada,2025-12-13 16:22:22.925734+00:00,2025-12-13 16:21:51+00:00,2025-12-13 17:00:00+00:00,Stony Brook Seawolves,Central Michigan Chippewas,totals,full_game,,,,,,,145.0,-110.0,-110.0
96d6bd85c3904761f734ef4b7ec1ec52,Caesars,2025-12-13 16:22:22.925734+00:00,2025-12-13 16:17:55+00:00,2025-12-13 17:00:00+00:00,Stony Brook Seawolves,Central Michigan Chippewas,h2h,2h,-305.0,240.0,,,,,,,
96d6bd85c3904761f734ef4b7ec1ec52,Caesars,2025-12-13 16:22:22.925734+00:00,2025-12-13 16:17:55+00:00,2025-12-13 17:00:00+00:00,Stony Brook Seawolves,Central Michigan Chippewas,spreads,full_game,,,-6.5,-110.0,6.5,-110.0,,,
96d6bd85c3904761f734ef4b7ec1ec52,Caesars,2025-12-13 16:22:22.925734+00:00,2025-12-13 16:17:55+00:00,2025-12-13 17:00:00+00:00,Stony Brook Seawolves,Central Michigan Chippewas,totals,full_game,,,,,,,144.5,-110.0,-110.0
96d6bd85c3904761f734ef4b7ec1ec52,BetUS,2025-12-13 16:22:22.925734+00:00,2025-12-13 16:22:17+00:00,2025-12-13 17:00:00+00:00,Stony Brook Seawolves,Central Michigan Chippewas,h2h,2h,-300.0,250.0,,,,,,,
96d6bd85c3904761f734ef4b7ec1ec52,BetUS,2025-12-13 16:22:22.925734+00:00,2025-12-13 16:22:17+00:00,2025-12-13 17:00:00+00:00,Stony Brook Seawolves,Central Michigan Chippewas,spreads,full_game,,,-6.5,-110.0,6.5,-110.0,,,
96d6bd85c3904761f734ef4b7ec1ec52,BetUS,2025-12-13 16:22:22.925734+00:00,2025-12-13 16:22:17+00:00,2025-12-13 17:00:00+00:00,Stony Brook Seawolves,Central Michigan Chippewas,totals,full_game,,,,,,,144.5,-110.0,-110.0
96d6bd85c3904761f734ef4b7ec1ec52,BetRivers,2025-12-13 16:22:22.925734+00:00,2025-12-13 16:22:17+00:00,2025-12-13 17:00:00+00:00,Stony Brook Seawolves,Central Michigan Chippewas,h2h,2h,-286.0,220.0,,,,,,,
96d6bd85c3904761f734ef4b7ec1ec52,BetRivers,2025-12-13 16:22:22.925734+00:00,2025-12-13 16:22:17+00:00,2025-12-13 17:00:00+00:00,Stony Brook Seawolves,Central Michigan Chippewas,spreads,full_game,,,-6.5,-110.0,6.5,-112.0,,,
96d6bd85c3904761f734ef4b7ec1ec52,BetRivers,2025-12-13 16:22:22.925734+00:00,2025-12-13 16:22:17+00:00,2025-12-13 17:00:00+00:00,Stony Brook Seawolves,Central Michigan Chippewas,totals,full_game,,,,,,,144.5,-112.0,-112.0
df1c30cc5ffafdd66678674172b31d61,FanDuel,2025-12-13 16:22:22.925734+00:00,2025-12-13 16:21:13+00:00,2025-12-13 17:00:00+00:00,Wichita St Shockers,DePaul Blue Demons,h2h,2h,-330.0,260.0,,,,,,,
df1c30cc5ffafdd66678674172b31d61,FanDuel,2025-12-13 16:22:22.925734+00:00,2025-12-13 16:21:13+00:00,2025-12-13 17:00:00+00:00,Wichita St Shockers,DePaul Blue Demons,spreads,full_game,,,-7.5,-104.0,7.5,-118.0,,,
df1c30cc5ffafdd66678674172b31d61,FanDuel,2025-12-13 16:22:22.925734+00:00,2025-12-13 16:21:13+00:00,2025-12-13 17:00:00+00:00,Wichita St Shockers,DePaul Blue Demons,totals,full_game,,,,,,,142.5,-110.0,-110.0
df1c30cc5ffafdd66678674172b31d61,BetOnline.ag,2025-12-13 16:22:22.925734+00:00,2025-12-13 16:21:39+00:00,2025-12-13 17:00:00+00:00,Wichita St Shockers,DePaul Blue Demons,h2h,2h,-290.0,237.0,,,,,,,
df1c30cc5ffafdd66678674172b31d61,BetOnline.ag,2025-12-13 16:22:22.925734+00:00,2025-12-13 16:21:39+00:00,2025-12-13 17:00:00+00:00,Wichita St Shockers,DePaul Blue Demons,spreads,full_game,,,-7.0,-109.0,7.0,-111.0,,,
df1c30cc5ffafdd66678674172b31d61,BetOnline.ag,2025-12-13 16:22:22.925734+00:00,2025-12-13 16:21:39+00:00,2025-12-13 17:00:00+00:00,Wichita St Shockers,DePaul Blue Demons,totals,full_game,,,,,,,142.5,-105.0,-115.0
df1c30cc5ffafdd66678674172b31d61,LowVig.ag,2025-12-13 16:22:22.925734+00:00,2025-12-13 16:21:24+00:00,2025-12-13 17:00:00+00:00,Wichita St Shockers,DePaul Blue Demons,h2h,2h,-290.0,237.0,,,,,,,
df1c30cc5ffafdd66678674172b31d61,LowVig.ag,2025-12-13 16:22:22.925734+00:00,2025-12-13 16:21:24+00:00,2025-12-13 17:00:00+00:00,Wichita St Shockers,DePaul Blue Demons,spreads,full_game,,,-7.0,-105.0,7.0,-107.0,,,
df1c30cc5ffafdd66678674172b31d61,LowVig.ag,2025-12-13 16:22:22.925734+00:00,2025-12-13 16:21:24+00:00,2025-12-13 17:00:00+00:00,Wichita St Shockers,DePaul Blue Demons,totals,full_game,,,,,,,142.5,-103.0,-113.0
df1c30cc5ffafdd66678674172b31d61,Fanatics,2025-12-13 16:22:22.925734+00:00,2025-12-13 16:21:50+00:00,2025-12-13 17:00:00+00:00,Wichita St Shockers,DePaul Blue Demons,h2h,2h,-300.0,240.0,,,,,,,
df1c30cc5ffafdd66678674172b31d61,Fanatics,2025-12-13 16:22:22.925734+00:00,2025-12-13 16:21:50+00:00,2025-12-13 17:00:00+00:00,Wichita St Shockers,DePaul Blue Demons,spreads,full_game,,,-7.0,-110.0,7.0,-110.0,,,
df1c30cc5ffafdd66678674172b31d61,Fanatics,2025-12-13 16:22:22.925734+00:00,2025-12-13 16:21:50+00:00,2025-12-13 17:00:00+00:00,Wichita St Shockers,DePaul Blue Demons,totals,full_game,,,,,,,142.5,-110.0,-110.0
df1c30cc5ffafdd66678674172b31d61,DraftKings,2025-12-13 16:22:22.925734+00:00,2025-12-13 16:21:38+00:00,2025-12-13 17:00:00+00:00,Wichita St Shockers,DePaul Blue Demons,h2h,2h,-298.0,240.0,,,,,,,
df1c30cc5ffafdd66678674172b31d61,DraftKings,2025-12-13 16:22:22.925734+00:00,2025-12-13 16:21:38+00:00,2025-12-13 17:00:00+00:00,Wichita St Shockers,DePaul Blue Demons,spreads,full_game,,,-6.5,-118.0,6.5,-102.0,,,
df1c30cc5ffafdd66678674172b31d61,DraftKings,2025-12-13 16:22:22.925734+00:00,2025-12-13 16:21:38+00:00,2025-12-13 17:00:00+00:00,Wichita St Shockers,DePaul Blue Demons,totals,full_game,,,,,,,142.5,-105.0,-115.0
df1c30cc5ffafdd66678674172b31d61,BetMGM,2025-12-13 16:22:22.925734+00:00,2025-12-13 16:21:54+00:00,2025-12-13 17:00:00+00:00,Wichita St Shockers,DePaul Blue Demons,h2h,2h,-300.0,240.0,,,,,,,
df1c30cc5ffafdd66678674172b31d61,BetMGM,2025-12-13 16:22:22.925734+00:00,2025-12-13 16:21:54+00:00,2025-12-13 17:00:00+00:00,Wichita St Shockers,DePaul Blue Demons,spreads,full_game,,,-6.5,-118.0,6.5,-102.0,,,
df1c30cc5ffafdd66678674172b31d61,BetMGM,2025-12-13 16:22:22.925734+00:00,2025-12-13 16:21:54+00:00,2025-12-13 17:00:00+00:00,Wichita St Shockers,DePaul Blue Demons,totals,full_game,,,,,,,142.5,-105.0,-115.0
df1c30cc5ffafdd66678674172b31d61,Bovada,2025-12-13 16:22:22.925734+00:00,2025-12-13 16:21:51+00:00,2025-12-13 17:00:00+00:00,Wichita St Shockers,DePaul Blue Demons,h2h,2h,-285.0,235.0,,,,,,,
df1c30cc5ffafdd66678674172b31d61,Bovada,2025-12-13 16:22:22.925734+00:00,2025-12-13 16:21:51+00:00,2025-12-13 17:00:00+00:00,Wichita St Shockers,DePaul Blue Demons,spreads,full_game,,,-6.5,-115.0,6.5,-105.0,,,
df1c30cc5ffafdd66678674172b31d61,Bovada,2025-12-13 16:22:22.925734+00:00,2025-12-13 16:21:51+00:00,2025-12-13 17:00:00+00:00,Wichita St Shockers,DePaul Blue Demons,totals,full_game,,,,,,,142.5,-110.0,-110.0
df1c30cc5ffafdd66678674172b31d61,BetUS,2025-12-13 16:22:22.925734+00:00,2025-12-13 16:22:17+00:00,2025-12-13 17:00:00+00:00,Wichita St Shockers,DePaul Blue Demons,h2h,2h,-290.0,240.0,,,,,,,
df1c30cc5ffafdd66678674172b31d61,BetUS,2025-12-13 16:22:22.925734+00:00,2025-12-13 16:22:17+00:00,2025-12-13 17:00:00+00:00,Wichita St Shockers,DePaul Blue Demons,spreads,full_game,,,-7.0,-110.0,7.0,-110.0,,,
df1c30cc5ffafdd66678674172b31d61,BetUS,2025-12-13 16:22:22.925734+00:00,2025-12-13 16:22:17+00:00,2025-12-13 17:00:00+00:00,Wichita St Shockers,DePaul Blue Demons,totals,full_game,,,,,,,142.0,-110.0,-110.0
df1c30cc5ffafdd66678674172b31d61,BetRivers,2025-12-13 16:22:22.925734+00:00,2025-12-13 16:22:17+00:00,2025-12-13 17:00:00+00:00,Wichita St Shockers,DePaul Blue Demons,h2h,2h,-315.0,245.0,,,,,,,
df1c30cc5ffafdd66678674172b31d61,BetRivers,2025-12-13 16:22:22.925734+00:00,2025-12-13 16:22:17+00:00,2025-12-13 17:00:00+00:00,Wichita St Shockers,DePaul Blue Demons,spreads,full_game,,,-7.0,-114.0,7.0,-109.0,,,
df1c30cc5ffafdd66678674172b31d61,BetRivers,2025-12-13 16:22:22.925734+00:00,2025-12-13 16:22:17+00:00,2025-12-13 17:00:00+00:00,Wichita St Shockers,DePaul Blue Demons,totals,full_game,,,,,,,142.5,-112.0,-112.0
b419063a4cc1875b2888396d11b3316e,FanDuel,2025-12-13 16:22:22.925734+00:00,2025-12-13 16:21:13+00:00,2025-12-13 17:00:00+00:00,Florida St Seminoles,Massachusetts Minutemen,h2h,2h,-950.0,610.0,,,,,,,
b419063a4cc1875b2888396d11b3316e,FanDuel,2025-12-13 16:22:22.925734+00:00,2025-12-13 16:21:13+00:00,2025-12-13 17:00:00+00:00,Florida St Seminoles,Massachusetts Minutemen,spreads,full_game,,,-12.5,-105.0,12.5,-115.0,,,
b419063a4cc1875b2888396d11b3316e,FanDuel,2025-12-13 16:22:22.925734+00:00,2025-12-13 16:21:13+00:00,2025-12-13 17:00:00+00:00,Florida St Seminoles,Massachusetts Minutemen,totals,full_game,,,,,,,164.5,-115.0,-105.0
b419063a4cc1875b2888396d11b3316e,BetOnline.ag,2025-12-13 16:22:22.925734+00:00,2025-12-13 16:21:39+00:00,2025-12-13 17:00:00+00:00,Florida St Seminoles,Massachusetts Minutemen,h2h,2h,-900.0,613.0,,,,,,,
b419063a4cc1875b2888396d11b3316e,BetOnline.ag,2025-12-13 16:22:22.925734+00:00,2025-12-13 16:21:39+00:00,2025-12-13 17:00:00+00:00,Florida St Seminoles,Massachusetts Minutemen,spreads,full_game,,,-12.5,-115.0,12.5,-105.0,,,
b419063a4cc1875b2888396d11b3316e,BetOnline.ag,2025-12-13 16:22:22.925734+00:00,2025-12-13 16:21:39+00:00,2025-12-13 17:00:00+00:00,Florida St Seminoles,Massachusetts Minutemen,totals,full_game,,,,,,,163.5,-115.0,-105.0
b419063a4cc1875b2888396d11b3316e,LowVig.ag,2025-12-13 16:22:22.925734+00:00,2025-12-13 16:21:24+00:00,2025-12-13 17:00:00+00:00,Florida St Seminoles,Massachusetts Minutemen,h2h,2h,-900.0,613.0,,,,,,,
b419063a4cc1875b2888396d11b3316e,LowVig.ag,2025-12-13 16:22:22.925734+00:00,2025-12-13 16:21:24+00:00,2025-12-13 17:00:00+00:00,Florida St Seminoles,Massachusetts Minutemen,spreads,full_game,,,-12.5,-111.0,12.5,-101.0,,,
b419063a4cc1875b2888396d11b3316e,LowVig.ag,2025-12-13 16:22:22.925734+00:00,2025-12-13 16:21:24+00:00,2025-12-13 17:00:00+00:00,Florida St Seminoles,Massachusetts Minutemen,totals,full_game,,,,,,,163.5,-113.0,-103.0
b419063a4cc1875b2888396d11b3316e,Fanatics,2025-12-13 16:22:22.925734+00:00,2025-12-13 16:21:50+00:00,2025-12-13 17:00:00+00:00,Florida St Seminoles,Massachusetts Minutemen,h2h,2h,-750.0,500.0,,,,,,,
b419063a4cc1875b2888396d11b3316e,Fanatics,2025-12-13 16:22:22.925734+00:00,2025-12-13 16:21:50+00:00,2025-12-13 17:00:00+00:00,Florida St Seminoles,Massachusetts Minutemen,spreads,full_game,,,-12.0,-105.0,12.0,-115.0,,,
b419063a4cc1875b2888396d11b3316e,Fanatics,2025-12-13 16:22:22.925734+00:00,2025-12-13 16:21:50+00:00,2025-12-13 17:00:00+00:00,Florida St Seminoles,Massachusetts Minutemen,totals,full_game,,,,,,,164.5,-110.0,-110.0
b419063a4cc1875b2888396d11b3316e,DraftKings,2025-12-13 16:22:22.925734+00:00,2025-12-13 16:21:38+00:00,2025-12-13 17:00:00+00:00,Florida St Seminoles,Massachusetts Minutemen,h2h,2h,-850.0,575.0,,,,,,,
b419063a4cc1875b2888396d11b3316e,DraftKings,2025-12-13 16:22:22.925734+00:00,2025-12-13 16:21:38+00:00,2025-12-13 17:00:00+00:00,Florida St Seminoles,Massachusetts Minutemen,spreads,full_game,,,-12.5,-105.0,12.5,-115.0,,,
b419063a4cc1875b2888396d11b3316e,DraftKings,2025-12-13 16:22:22.925734+00:00,2025-12-13 16:21:38+00:00,2025-12-13 17:00:00+00:00,Florida St Seminoles,Massachusetts Minutemen,totals,full_game,,,,,,,164.5,-108.0,-112.0
b419063a4cc1875b2888396d11b3316e,Caesars,2025-12-13 16:22:22.925734+00:00,2025-12-13 16:17:55+00:00,2025-12-13 17:00:00+00:00,Florida St Seminoles,Massachusetts Minutemen,h2h,2h,-900.0,600.0,,,,,,,
b419063a4cc1875b2888396d11b3316e,Caesars,2025-12-13 16:22:22.925734+00:00,2025-12-13 16:17:55+00:00,2025-12-13 17:00:00+00:00,Florida St Seminoles,Massachusetts Minutemen,spreads,full_game,,,-11.5,-110.0,11.5,-110.0,,,
b419063a4cc1875b2888396d11b3316e,Caesars,2025-12-13 16:22:22.925734+00:00,2025-12-13 16:17:55+00:00,2025-12-13 17:00:00+00:00,Florida St Seminoles,Massachusetts Minutemen,totals,full_game,,,,,,,164.0,-110.0,-110.0
b419063a4cc1875b2888396d11b3316e,BetMGM,2025-12-13 16:22:22.925734+00:00,2025-12-13 16:21:54+00:00,2025-12-13 17:00:00+00:00,Florida St Seminoles,Massachusetts Minutemen,h2h,2h,-900.0,575.0,,,,,,,
b419063a4cc1875b2888396d11b3316e,BetMGM,2025-12-13 16:22:22.925734+00:00,2025-12-13 16:21:54+00:00,2025-12-13 17:00:00+00:00,Florida St Seminoles,Massachusetts Minutemen,spreads,full_game,,,-12.5,-105.0,12.5,-115.0,,,
b419063a4cc1875b2888396d11b3316e,BetMGM,2025-12-13 16:22:22.925734+00:00,2025-12-13 16:21:54+00:00,2025-12-13 17:00:00+00:00,Florida St Seminoles,Massachusetts Minutemen,totals,full_game,,,,,,,164.5,-110.0,-110.0
b419063a4cc1875b2888396d11b3316e,Bovada,2025-12-13 16:22:22.925734+00:00,2025-12-13 16:21:51+00:00,2025-12-13 17:00:00+00:00,Florida St Seminoles,Massachusetts Minutemen,h2h,2h,-850.0,550.0,,,,,,,
b419063a4cc1875b2888396d11b3316e,Bovada,2025-12-13 16:22:22.925734+00:00,2025-12-13 16:21:51+00:00,2025-12-13 17:00:00+00:00,Florida St Seminoles,Massachusetts Minutemen,spreads,full_game,,,-12.0,-110.0,12.0,-110.0,,,
b419063a4cc1875b2888396d11b3316e,Bovada,2025-12-13 16:22:22.925734+00:00,2025-12-13 16:21:51+00:00,2025-12-13 17:00:00+00:00,Florida St Seminoles,Massachusetts Minutemen,totals,full_game,,,,,,,165.0,-110.0,-110.0
b419063a4cc1875b2888396d11b3316e,BetUS,2025-12-13 16:22:22.925734+00:00,2025-12-13 16:22:17+00:00,2025-12-13 17:00:00+00:00,Florida St Seminoles,Massachusetts Minutemen,h2h,2h,-900.0,600.0,,,,,,,
b419063a4cc1875b2888396d11b3316e,BetUS,2025-12-13 16:22:22.925734+00:00,2025-12-13 16:22:17+00:00,2025-12-13 17:00:00+00:00,Florida St Seminoles,Massachusetts Minutemen,spreads,full_game,,,-12.5,-105.0,12.5,-115.0,,,
b419063a4cc1875b2888396d11b3316e,BetUS,2025-12-13 16:22:22.925734+00:00,2025-12-13 16:22:17+00:00,2025-12-13 17:00:00+00:00,Florida St Seminoles,Massachusetts Minutemen,totals,full_game,,,,,,,164.0,-110.0,-110.0
b419063a4cc1875b2888396d11b3316e,BetRivers,2025-12-13 16:22:22.925734+00:00,2025-12-13 16:22:17+00:00,2025-12-13 17:00:00+00:00,Florida St Seminoles,Massachusetts Minutemen,h2h,2h,-770.0,475.0,,,,,,,
b419063a4cc1875b2888396d11b3316e,BetRivers,2025-12-13 16:22:22.925734+00:00,2025-12-13 16:22:17+00:00,2025-12-13 17:00:00+00:00,Florida St Seminoles,Massachusetts Minutemen,spreads,full_game,,,-12.0,-112.0,12.0,-112.0,,,
b419063a4cc1875b2888396d11b3316e,BetRivers,2025-12-13 16:22:22.925734+00:00,2025-12-13 16:22:17+00:00,2025-12-13 17:00:00+00:00,Florida St Seminoles,Massachusetts Minutemen,totals,full_game,,,,,,,164.0,-112.0,-112.0
90037ad5c077aab6704cfdd24f998140,FanDuel,2025-12-13 16:22:22.925734+00:00,2025-12-13 16:21:13+00:00,2025-12-13 17:00:00+00:00,St. John's Red Storm,Iona Gaels,h2h,2h,-30000.0,4000.0,,,,,,,
90037ad5c077aab6704cfdd24f998140,FanDuel,2025-12-13 16:22:22.925734+00:00,2025-12-13 16:21:13+00:00,2025-12-13 17:00:00+00:00,St. John's Red Storm,Iona Gaels,spreads,full_game,,,-27.5,-110.0,27.5,-110.0,,,
90037ad5c077aab6704cfdd24f998140,FanDuel,2025-12-13 16:22:22.925734+00:00,2025-12-13 16:21:13+00:00,2025-12-13 17:00:00+00:00,St. John's Red Storm,Iona Gaels,totals,full_game,,,,,,,159.5,-115.0,-105.0
90037ad5c077aab6704cfdd24f998140,LowVig.ag,2025-12-13 16:22:22.925734+00:00,2025-12-13 16:21:24+00:00,2025-12-13 17:00:00+00:00,St. John's Red Storm,Iona Gaels,spreads,full_game,,,-28.0,-106.0,28.0,-106.0,,,
90037ad5c077aab6704cfdd24f998140,LowVig.ag,2025-12-13 16:22:22.925734+00:00,2025-12-13 16:21:24+00:00,2025-12-13 17:00:00+00:00,St. John's Red Storm,Iona Gaels,totals,full_game,,,,,,,159.0,-108.0,-108.0
90037ad5c077aab6704cfdd24f998140,BetOnline.ag,2025-12-13 16:22:22.925734+00:00,2025-12-13 16:21:39+00:00,2025-12-13 17:00:00+00:00,St. John's Red Storm,Iona Gaels,spreads,full_game,,,-28.0,-110.0,28.0,-110.0,,,
90037ad5c077aab6704cfdd24f998140,BetOnline.ag,2025-12-13 16:22:22.925734+00:00,2025-12-13 16:21:39+00:00,2025-12-13 17:00:00+00:00,St. John's Red Storm,Iona Gaels,totals,full_game,,,,,,,159.0,-110.0,-110.0
90037ad5c077aab6704cfdd24f998140,Fanatics,2025-12-13 16:22:22.925734+00:00,2025-12-13 16:21:50+00:00,2025-12-13 17:00:00+00:00,St. John's Red Storm,Iona Gaels,h2h,2h,-20000.0,4500.0,,,,,,,
90037ad5c077aab6704cfdd24f998140,Fanatics,2025-12-13 16:22:22.925734+00:00,2025-12-13 16:21:50+00:00,2025-12-13 17:00:00+00:00,St. John's Red Storm,Iona Gaels,spreads,full_game,,,-27.5,-110.0,27.5,-110.0,,,
90037ad5c077aab6704cfdd24f998140,Fanatics,2025-12-13 16:22:22.925734+00:00,2025-12-13 16:21:50+00:00,2025-12-13 17:00:00+00:00,St. John's Red Storm,Iona Gaels,totals,full_game,,,,,,,160.0,-110.0,-110.0
90037ad5c077aab6704cfdd24f998140,DraftKings,2025-12-13 16:22:22.925734+00:00,2025-12-13 16:21:38+00:00,2025-12-13 17:00:00+00:00,St. John's Red Storm,Iona Gaels,spreads,full_game,,,-28.5,-105.0,28.5,-115.0,,,
90037ad5c077aab6704cfdd24f998140,DraftKings,2025-12-13 16:22:22.925734+00:00,2025-12-13 16:21:38+00:00,2025-12-13 17:00:00+00:00,St. John's Red Storm,Iona Gaels,totals,full_game,,,,,,,159.5,-110.0,-110.0
90037ad5c077aab6704cfdd24f998140,Caesars,2025-12-13 16:22:22.925734+00:00,2025-12-13 16:17:55+00:00,2025-12-13 17:00:00+00:00,St. John's Red Storm,Iona Gaels,spreads,full_game,,,-28.0,-110.0,28.0,-110.0,,,
90037ad5c077aab6704cfdd24f998140,Caesars,2025-12-13 16:22:22.925734+00:00,2025-12-13 16:17:55+00:00,2025-12-13 17:00:00+00:00,St. John's Red Storm,Iona Gaels,totals,full_game,,,,,,,159.5,-110.0,-110.0
90037ad5c077aab6704cfdd24f998140,BetMGM,2025-12-13 16:22:22.925734+00:00,2025-12-13 16:21:54+00:00,2025-12-13 17:00:00+00:00,St. John's Red Storm,Iona Gaels,totals,full_game,,,,,,,159.5,-105.0,-115.0
90037ad5c077aab6704cfdd24f998140,Bovada,2025-12-13 16:22:22.925734+00:00,2025-12-13 16:21:51+00:00,2025-12-13 17:00:00+00:00,St. John's Red Storm,Iona Gaels,h2h,2h,-20000.0,2000.0,,,,,,,
90037ad5c077aab6704cfdd24f998140,Bovada,2025-12-13 16:22:22.925734+00:00,2025-12-13 16:21:51+00:00,2025-12-13 17:00:00+00:00,St. John's Red Storm,Iona Gaels,spreads,full_game,,,-27.5,-110.0,27.5,-110.0,,,
90037ad5c077aab6704cfdd24f998140,Bovada,2025-12-13 16:22:22.925734+00:00,2025-12-13 16:21:51+00:00,2025-12-13 17:00:00+00:00,St. John's Red Storm,Iona Gaels,totals,full_game,,,,,,,160.0,-110.0,-110.0
90037ad5c077aab6704cfdd24f998140,BetUS,2025-12-13 16:22:22.925734+00:00,2025-12-13 16:22:17+00:00,2025-12-13 17:00:00+00:00,St. John's Red Storm,Iona Gaels,spreads,full_game,,,-28.0,-110.0,28.0,-110.0,,,
90037ad5c077aab6704cfdd24f998140,BetUS,2025-12-13 16:22:22.925734+00:00,2025-12-13 16:22:17+00:00,2025-12-13 17:00:00+00:00,St. John's Red Storm,Iona Gaels,totals,full_game,,,,,,,159.0,-110.0,-110.0
90037ad5c077aab6704cfdd24f998140,BetRivers,2025-12-13 16:22:22.925734+00:00,2025-12-13 16:22:17+00:00,2025-12-13 17:00:00+00:00,St. John's Red Storm,Iona Gaels,spreads,full_game,,,-27.0,-114.0,27.0,-109.0,,,
90037ad5c077aab6704cfdd24f998140,BetRivers,2025-12-13 16:22:22.925734+00:00,2025-12-13 16:22:17+00:00,2025-12-13 17:00:00+00:00,St. John's Red Storm,Iona Gaels,totals,full_game,,,,,,,159.5,-112.0,-112.0
0e249dc175bfeda24865928da92ec92a,FanDuel,2025-12-13 16:22:22.925734+00:00,2025-12-13 16:21:13+00:00,2025-12-13 17:00:00+00:00,Miami Hurricanes,UL Monroe Warhawks,spreads,full_game,,,-36.5,-118.0,36.5,-104.0,,,
0e249dc175bfeda24865928da92ec92a,FanDuel,2025-12-13 16:22:22.925734+00:00,2025-12-13 16:21:13+00:00,2025-12-13 17:00:00+00:00,Miami Hurricanes,UL Monroe Warhawks,totals,full_game,,,,,,,154.5,-115.0,-105.0
0e249dc175bfeda24865928da92ec92a,BetOnline.ag,2025-12-13 16:22:22.925734+00:00,2025-12-13 16:21:39+00:00,2025-12-13 17:00:00+00:00,Miami Hurricanes,UL Monroe Warhawks,spreads,full_game,,,-36.0,-115.0,36.0,-105.0,,,
0e249dc175bfeda24865928da92ec92a,BetOnline.ag,2025-12-13 16:22:22.925734+00:00,2025-12-13 16:21:39+00:00,2025-12-13 17:00:00+00:00,Miami Hurricanes,UL Monroe Warhawks,totals,full_game,,,,,,,155.0,-105.0,-115.0
0e249dc175bfeda24865928da92ec92a,LowVig.ag,2025-12-13 16:22:22.925734+00:00,2025-12-13 16:21:24+00:00,2025-12-13 17:00:00+00:00,Miami Hurricanes,UL Monroe Warhawks,spreads,full_game,,,-36.0,-111.0,36.0,-101.0,,,
0e249dc175bfeda24865928da92ec92a,LowVig.ag,2025-12-13 16:22:22.925734+00:00,2025-12-13 16:21:24+00:00,2025-12-13 17:00:00+00:00,Miami Hurricanes,UL Monroe Warhawks,totals,full_game,,,,,,,155.0,-103.0,-113.0
0e249dc175bfeda24865928da92ec92a,Fanatics,2025-12-13 16:22:22.925734+00:00,2025-12-13 16:21:50+00:00,2025-12-13 17:00:00+00:00,Miami Hurricanes,UL Monroe Warhawks,spreads,full_game,,,-36.0,-110.0,36.0,-110.0,,,
0e249dc175bfeda24865928da92ec92a,Fanatics,2025-12-13 16:22:22.925734+00:00,2025-12-13 16:21:50+00:00,2025-12-13 17:00:00+00:00,Miami Hurricanes,UL Monroe Warhawks,totals,full_game,,,,,,,155.0,-110.0,-110.0
0e249dc175bfeda24865928da92ec92a,DraftKings,2025-12-13 16:22:22.925734+00:00,2025-12-13 16:21:38+00:00,2025-12-13 17:00:00+00:00,Miami Hurricanes,UL Monroe Warhawks,spreads,full_game,,,-36.5,-105.0,36.5,-115.0,,,
0e249dc175bfeda24865928da92ec92a,DraftKings,2025-12-13 16:22:22.925734+00:00,2025-12-13 16:21:38+00:00,2025-12-13 17:00:00+00:00,Miami Hurricanes,UL Monroe Warhawks,totals,full_game,,,,,,,154.5,-115.0,-105.0
0e249dc175bfeda24865928da92ec92a,BetMGM,2025-12-13 16:22:22.925734+00:00,2025-12-13 16:21:54+00:00,2025-12-13 17:00:00+00:00,Miami Hurricanes,UL Monroe Warhawks,spreads,full_game,,,-36.5,-110.0,36.5,-110.0,,,
0e249dc175bfeda24865928da92ec92a,BetMGM,2025-12-13 16:22:22.925734+00:00,2025-12-13 16:21:54+00:00,2025-12-13 17:00:00+00:00,Miami Hurricanes,UL Monroe Warhawks,totals,full_game,,,,,,,154.5,-115.0,-105.0
0e249dc175bfeda24865928da92ec92a,Bovada,2025-12-13 16:22:22.925734+00:00,2025-12-13 16:21:51+00:00,2025-12-13 17:00:00+00:00,Miami Hurricanes,UL Monroe Warhawks,spreads,full_game,,,-36.0,-110.0,36.0,-110.0,,,
0e249dc175bfeda24865928da92ec92a,Bovada,2025-12-13 16:22:22.925734+00:00,2025-12-13 16:21:51+00:00,2025-12-13 17:00:00+00:00,Miami Hurricanes,UL Monroe Warhawks,totals,full_game,,,,,,,154.5,-110.0,-110.0
0e249dc175bfeda24865928da92ec92a,Caesars,2025-12-13 16:22:22.925734+00:00,2025-12-13 16:17:55+00:00,2025-12-13 17:00:00+00:00,Miami Hurricanes,UL Monroe Warhawks,spreads,full_game,,,-36.0,-110.0,36.0,-110.0,,,
0e249dc175bfeda24865928da92ec92a,Caesars,2025-12-13 16:22:22.925734+00:00,2025-12-13 16:17:55+00:00,2025-12-13 17:00:00+00:00,Miami Hurricanes,UL Monroe Warhawks,totals,full_game,,,,,,,155.0,-110.0,-110.0
0e249dc175bfeda24865928da92ec92a,BetUS,2025-12-13 16:22:22.925734+00:00,2025-12-13 16:22:17+00:00,2025-12-13 17:00:00+00:00,Miami Hurricanes,UL Monroe Warhawks,spreads,full_game,,,-36.5,-110.0,36.5,-110.0,,,
0e249dc175bfeda24865928da92ec92a,BetUS,2025-12-13 16:22:22.925734+00:00,2025-12-13 16:22:17+00:00,2025-12-13 17:00:00+00:00,Miami Hurricanes,UL Monroe Warhawks,totals,full_game,,,,,,,155.0,-110.0,-110.0
0e249dc175bfeda24865928da92ec92a,BetRivers,2025-12-13 16:22:22.925734+00:00,2025-12-13 16:22:17+00:00,2025-12-13 17:00:00+00:00,Miami Hurricanes,UL Monroe Warhawks,spreads,full_game,,,-36.0,-114.0,36.0,-109.0,,,
0e249dc175bfeda24865928da92ec92a,BetRivers,2025-12-13 16:22:22.925734+00:00,2025-12-13 16:22:17+00:00,2025-12-13 17:00:00+00:00,Miami Hurricanes,UL Monroe Warhawks,totals,full_game,,,,,,,154.5,-110.0,-113.0
074fdf840b3fccba03bec9f59cd202ae,DraftKings,2025-12-13 16:22:22.925734+00:00,2025-12-13 16:21:38+00:00,2025-12-13 17:00:00+00:00,Penn State Nittany Lions,Michigan St Spartans,h2h,2h,525.0,-750.0,,,,,,,
074fdf840b3fccba03bec9f59cd202ae,DraftKings,2025-12-13 16:22:22.925734+00:00,2025-12-13 16:21:38+00:00,2025-12-13 17:00:00+00:00,Penn State Nittany Lions,Michigan St Spartans,spreads,full_game,,,11.5,-112.0,-11.5,-108.0,,,
074fdf840b3fccba03bec9f59cd202ae,DraftKings,2025-12-13 16:22:22.925734+00:00,2025-12-13 16:21:38+00:00,2025-12-13 17:00:00+00:00,Penn State Nittany Lions,Michigan St Spartans,totals,full_game,,,,,,,144.5,-110.0,-110.0
074fdf840b3fccba03bec9f59cd202ae,Fanatics,2025-12-13 16:22:22.925734+00:00,2025-12-13 16:21:50+00:00,2025-12-13 17:00:00+00:00,Penn State Nittany Lions,Michigan St Spartans,h2h,2h,500.0,-750.0,,,,,,,
074fdf840b3fccba03bec9f59cd202ae,Fanatics,2025-12-13 16:22:22.925734+00:00,2025-12-13 16:21:50+00:00,2025-12-13 17:00:00+00:00,Penn State Nittany Lions,Michigan St Spartans,spreads,full_game,,,11.0,-110.0,-11.0,-110.0,,,
074fdf840b3fccba03bec9f59cd202ae,Fanatics,2025-12-13 16:22:22.925734+00:00,2025-12-13 16:21:50+00:00,2025-12-13 17:00:00+00:00,Penn State Nittany Lions,Michigan St Spartans,totals,full_game,,,,,,,145.0,-110.0,-110.0
074fdf840b3fccba03bec9f59cd202ae,FanDuel,2025-12-13 16:22:22.925734+00:00,2025-12-13 16:21:13+00:00,2025-12-13 17:00:00+00:00,Penn State Nittany Lions,Michigan St Spartans,h2h,2h,550.0,-820.0,,,,,,,
074fdf840b3fccba03bec9f59cd202ae,FanDuel,2025-12-13 16:22:22.925734+00:00,2025-12-13 16:21:13+00:00,2025-12-13 17:00:00+00:00,Penn State Nittany Lions,Michigan St Spartans,spreads,full_game,,,11.5,-110.0,-11.5,-110.0,,,
074fdf840b3fccba03bec9f59cd202ae,FanDuel,2025-12-13 16:22:22.925734+00:00,2025-12-13 16:21:13+00:00,2025-12-13 17:00:00+00:00,Penn State Nittany Lions,Michigan St Spartans,totals,full_game,,,,,,,144.5,-115.0,-105.0
074fdf840b3fccba03bec9f59cd202ae,BetRivers,2025-12-13 16:22:22.925734+00:00,2025-12-13 16:22:17+00:00,2025-12-13 17:00:00+00:00,Penn State Nittany Lions,Michigan St Spartans,h2h,2h,440.0,-670.0,,,,,,,
074fdf840b3fccba03bec9f59cd202ae,BetRivers,2025-12-13 16:22:22.925734+00:00,2025-12-13 16:22:17+00:00,2025-12-13 17:00:00+00:00,Penn State Nittany Lions,Michigan St Spartans,spreads,full_game,,,11.5,-112.0,-11.5,-110.0,,,
074fdf840b3fccba03bec9f59cd202ae,BetRivers,2025-12-13 16:22:22.925734+00:00,2025-12-13 16:22:17+00:00,2025-12-13 17:00:00+00:00,Penn State Nittany Lions,Michigan St Spartans,totals,full_game,,,,,,,144.5,-114.0,-109.0
074fdf840b3fccba03bec9f59cd202ae,BetMGM,2025-12-13 16:22:22.925734+00:00,2025-12-13 16:21:54+00:00,2025-12-13 17:00:00+00:00,Penn State Nittany Lions,Michigan St Spartans,h2h,2h,500.0,-700.0,,,,,,,
074fdf840b3fccba03bec9f59cd202ae,BetMGM,2025-12-13 16:22:22.925734+00:00,2025-12-13 16:21:54+00:00,2025-12-13 17:00:00+00:00,Penn State Nittany Lions,Michigan St Spartans,spreads,full_game,,,11.5,-115.0,-11.5,-105.0,,,
074fdf840b3fccba03bec9f59cd202ae,BetMGM,2025-12-13 16:22:22.925734+00:00,2025-12-13 16:21:54+00:00,2025-12-13 17:00:00+00:00,Penn State Nittany Lions,Michigan St Spartans,totals,full_game,,,,,,,144.5,-110.0,-110.0
074fdf840b3fccba03bec9f59cd202ae,Caesars,2025-12-13 16:22:22.925734+00:00,2025-12-13 16:17:55+00:00,2025-12-13 17:00:00+00:00,Penn State Nittany Lions,Michigan St Spartans,h2h,2h,550.0,-800.0,,,,,,,
074fdf840b3fccba03bec9f59cd202ae,Caesars,2025-12-13 16:22:22.925734+00:00,2025-12-13 16:17:55+00:00,2025-12-13 17:00:00+00:00,Penn State Nittany Lions,Michigan St Spartans,spreads,full_game,,,11.0,-110.0,-11.0,-110.0,,,
074fdf840b3fccba03bec9f59cd202ae,Caesars,2025-12-13 16:22:22.925734+00:00,2025-12-13 16:17:55+00:00,2025-12-13 17:00:00+00:00,Penn State Nittany Lions,Michigan St Spartans,totals,full_game,,,,,,,145.5,-110.0,-110.0
074fdf840b3fccba03bec9f59cd202ae,LowVig.ag,2025-12-13 16:22:22.925734+00:00,2025-12-13 16:21:24+00:00,2025-12-13 17:00:00+00:00,Penn State Nittany Lions,Michigan St Spartans,h2h,2h,561.0,-800.0,,,,,,,
074fdf840b3fccba03bec9f59cd202ae,LowVig.ag,2025-12-13 16:22:22.925734+00:00,2025-12-13 16:21:24+00:00,2025-12-13 17:00:00+00:00,Penn State Nittany Lions,Michigan St Spartans,spreads,full_game,,,11.0,-105.0,-11.0,-107.0,,,
074fdf840b3fccba03bec9f59cd202ae,LowVig.ag,2025-12-13 16:22:22.925734+00:00,2025-12-13 16:21:24+00:00,2025-12-13 17:00:00+00:00,Penn State Nittany Lions,Michigan St Spartans,totals,full_game,,,,,,,144.5,-108.0,-108.0
074fdf840b3fccba03bec9f59cd202ae,BetOnline.ag,2025-12-13 16:22:22.925734+00:00,2025-12-13 16:21:39+00:00,2025-12-13 17:00:00+00:00,Penn State Nittany Lions,Michigan St Spartans,h2h,2h,561.0,-800.0,,,,,,,
074fdf840b3fccba03bec9f59cd202ae,BetOnline.ag,2025-12-13 16:22:22.925734+00:00,2025-12-13 16:21:39+00:00,2025-12-13 17:00:00+00:00,Penn State Nittany Lions,Michigan St Spartans,spreads,full_game,,,11.0,-109.0,-11.0,-111.0,,,
074fdf840b3fccba03bec9f59cd202ae,BetOnline.ag,2025-12-13 16:22:22.925734+00:00,2025-12-13 16:21:39+00:00,2025-12-13 17:00:00+00:00,Penn State Nittany Lions,Michigan St Spartans,totals,full_game,,,,,,,144.5,-110.0,-110.0
074fdf840b3fccba03bec9f59cd202ae,Bovada,2025-12-13 16:22:22.925734+00:00,2025-12-13 16:21:51+00:00,2025-12-13 17:00:00+00:00,Penn State Nittany Lions,Michigan St Spartans,h2h,2h,475.0,-700.0,,,,,,,
074fdf840b3fccba03bec9f59cd202ae,Bovada,2025-12-13 16:22:22.925734+00:00,2025-12-13 16:21:51+00:00,2025-12-13 17:00:00+00:00,Penn State Nittany Lions,Michigan St Spartans,spreads,full_game,,,11.0,-110.0,-11.0,-110.0,,,
074fdf840b3fccba03bec9f59cd202ae,Bovada,2025-12-13 16:22:22.925734+00:00,2025-12-13 16:21:51+00:00,2025-12-13 17:00:00+00:00,Penn State Nittany Lions,Michigan St Spartans,totals,full_game,,,,,,,145.0,-110.0,-110.0
074fdf840b3fccba03bec9f59cd202ae,BetUS,2025-12-13 16:22:22.925734+00:00,2025-12-13 16:22:17+00:00,2025-12-13 17:00:00+00:00,Penn State Nittany Lions,Michigan St Spartans,h2h,2h,550.0,-800.0,,,,,,,
074fdf840b3fccba03bec9f59cd202ae,BetUS,2025-12-13 16:22:22.925734+00:00,2025-12-13 16:22:17+00:00,2025-12-13 17:00:00+00:00,Penn State Nittany Lions,Michigan St Spartans,spreads,full_game,,,11.0,-110.0,-11.0,-110.0,,,
074fdf840b3fccba03bec9f59cd202ae,BetUS,2025-12-13 16:22:22.925734+00:00,2025-12-13 16:22:17+00:00,2025-12-13 17:00:00+00:00,Penn State Nittany Lions,Michigan St Spartans,totals,full_game,,,,,,,145.0,-110.0,-110.0
1d233b91ccf52f4977030445a6fa6b18,FanDuel,2025-12-13 16:22:22.925734+00:00,2025-12-13 16:21:13+00:00,2025-12-13 17:30:00+00:00,George Mason Patriots,Old Dominion Monarchs,h2h,2h,-2100.0,1000.0,,,,,,,
1d233b91ccf52f4977030445a6fa6b18,FanDuel,2025-12-13 16:22:22.925734+00:00,2025-12-13 16:21:13+00:00,2025-12-13 17:30:00+00:00,George Mason Patriots,Old Dominion Monarchs,spreads,full_game,,,-15.5,-120.0,15.5,-102.0,,,
1d233b91ccf52f4977030445a6fa6b18,FanDuel,2025-12-13 16:22:22.925734+00:00,2025-12-13 16:21:13+00:00,2025-12-13 17:30:00+00:00,George Mason Patriots,Old Dominion Monarchs,totals,full_game,,,,,,,144.5,-115.0,-105.0
1d233b91ccf52f4977030445a6fa6b18,BetOnline.ag,2025-12-13 16:22:22.925734+00:00,2025-12-13 16:21:39+00:00,2025-12-13 17:30:00+00:00,George Mason Patriots,Old Dominion Monarchs,h2h,2h,-1800.0,979.0,,,,,,,
1d233b91ccf52f4977030445a6fa6b18,BetOnline.ag,2025-12-13 16:22:22.925734+00:00,2025-12-13 16:21:39+00:00,2025-12-13 17:30:00+00:00,George Mason Patriots,Old Dominion Monarchs,spreads,full_game,,,-16.0,-110.0,16.0,-110.0,,,
1d233b91ccf52f4977030445a6fa6b18,BetOnline.ag,2025-12-13 16:22:22.925734+00:00,2025-12-13 16:21:39+00:00,2025-12-13 17:30:00+00:00,George Mason Patriots,Old Dominion Monarchs,totals,full_game,,,,,,,143.0,-105.0,-115.0
1d233b91ccf52f4977030445a6fa6b18,LowVig.ag,2025-12-13 16:22:22.925734+00:00,2025-12-13 16:21:24+00:00,2025-12-13 17:30:00+00:00,George Mason Patriots,Old Dominion Monarchs,h2h,2h,-1800.0,979.0,,,,,,,
1d233b91ccf52f4977030445a6fa6b18,LowVig.ag,2025-12-13 16:22:22.925734+00:00,2025-12-13 16:21:24+00:00,2025-12-13 17:30:00+00:00,George Mason Patriots,Old Dominion Monarchs,spreads,full_game,,,-16.0,-106.0,16.0,-106.0,,,
1d233b91ccf52f4977030445a6fa6b18,LowVig.ag,2025-12-13 16:22:22.925734+00:00,2025-12-13 16:21:24+00:00,2025-12-13 17:30:00+00:00,George Mason Patriots,Old Dominion Monarchs,totals,full_game,,,,,,,143.0,-108.0,-108.0
1d233b91ccf52f4977030445a6fa6b18,Fanatics,2025-12-13 16:22:22.925734+00:00,2025-12-13 16:21:50+00:00,2025-12-13 17:30:00+00:00,George Mason Patriots,Old Dominion Monarchs,h2h,2h,-1700.0,1000.0,,,,,,,
1d233b91ccf52f4977030445a6fa6b18,Fanatics,2025-12-13 16:22:22.925734+00:00,2025-12-13 16:21:50+00:00,2025-12-13 17:30:00+00:00,George Mason Patriots,Old Dominion Monarchs,spreads,full_game,,,-16.0,-110.0,16.0,-110.0,,,
1d233b91ccf52f4977030445a6fa6b18,Fanatics,2025-12-13 16:22:22.925734+00:00,2025-12-13 16:21:50+00:00,2025-12-13 17:30:00+00:00,George Mason Patriots,Old Dominion Monarchs,totals,full_game,,,,,,,143.5,-110.0,-110.0
1d233b91ccf52f4977030445a6fa6b18,DraftKings,2025-12-13 16:22:22.925734+00:00,2025-12-13 16:21:38+00:00,2025-12-13 17:30:00+00:00,George Mason Patriots,Old Dominion Monarchs,h2h,2h,-1800.0,1000.0,,,,,,,
1d233b91ccf52f4977030445a6fa6b18,DraftKings,2025-12-13 16:22:22.925734+00:00,2025-12-13 16:21:38+00:00,2025-12-13 17:30:00+00:00,George Mason Patriots,Old Dominion Monarchs,spreads,full_game,,,-16.5,-102.0,16.5,-118.0,,,
1d233b91ccf52f4977030445a6fa6b18,DraftKings,2025-12-13 16:22:22.925734+00:00,2025-12-13 16:21:38+00:00,2025-12-13 17:30:00+00:00,George Mason Patriots,Old Dominion Monarchs,totals,full_game,,,,,,,143.5,-108.0,-112.0
1d233b91ccf52f4977030445a6fa6b18,BetMGM,2025-12-13 16:22:22.925734+00:00,2025-12-13 16:21:54+00:00,2025-12-13 17:30:00+00:00,George Mason Patriots,Old Dominion Monarchs,h2h,2h,-2000.0,950.0,,,,,,,
1d233b91ccf52f4977030445a6fa6b18,BetMGM,2025-12-13 16:22:22.925734+00:00,2025-12-13 16:21:54+00:00,2025-12-13 17:30:00+00:00,George Mason Patriots,Old Dominion Monarchs,spreads,full_game,,,-16.5,-105.0,16.5,-115.0,,,
1d233b91ccf52f4977030445a6fa6b18,BetMGM,2025-12-13 16:22:22.925734+00:00,2025-12-13 16:21:54+00:00,2025-12-13 17:30:00+00:00,George Mason Patriots,Old Dominion Monarchs,totals,full_game,,,,,,,142.5,-115.0,-105.0
1d233b91ccf52f4977030445a6fa6b18,Bovada,2025-12-13 16:22:22.925734+00:00,2025-12-13 16:21:51+00:00,2025-12-13 17:30:00+00:00,George Mason Patriots,Old Dominion Monarchs,h2h,2h,-1900.0,900.0,,,,,,,
1d233b91ccf52f4977030445a6fa6b18,Bovada,2025-12-13 16:22:22.925734+00:00,2025-12-13 16:21:51+00:00,2025-12-13 17:30:00+00:00,George Mason Patriots,Old Dominion Monarchs,spreads,full_game,,,-16.0,-105.0,16.0,-115.0,,,
1d233b91ccf52f4977030445a6fa6b18,Bovada,2025-12-13 16:22:22.925734+00:00,2025-12-13 16:21:51+00:00,2025-12-13 17:30:00+00:00,George Mason Patriots,Old Dominion Monarchs,totals,full_game,,,,,,,142.5,-110.0,-110.0
1d233b91ccf52f4977030445a6fa6b18,Caesars,2025-12-13 16:22:22.925734+00:00,2025-12-13 16:17:55+00:00,2025-12-13 17:30:00+00:00,George Mason Patriots,Old Dominion Monarchs,h2h,2h,-1700.0,950.0,,,,,,,
1d233b91ccf52f4977030445a6fa6b18,Caesars,2025-12-13 16:22:22.925734+00:00,2025-12-13 16:17:55+00:00,2025-12-13 17:30:00+00:00,George Mason Patriots,Old Dominion Monarchs,spreads,full_game,,,-16.0,-110.0,16.0,-110.0,,,
1d233b91ccf52f4977030445a6fa6b18,Caesars,2025-12-13 16:22:22.925734+00:00,2025-12-13 16:17:55+00:00,2025-12-13 17:30:00+00:00,George Mason Patriots,Old Dominion Monarchs,totals,full_game,,,,,,,145.0,-110.0,-110.0
1d233b91ccf52f4977030445a6fa6b18,BetUS,2025-12-13 16:22:22.925734+00:00,2025-12-13 16:22:17+00:00,2025-12-13 17:30:00+00:00,George Mason Patriots,Old Dominion Monarchs,h2h,2h,-1800.0,1000.0,,,,,,,
1d233b91ccf52f4977030445a6fa6b18,BetUS,2025-12-13 16:22:22.925734+00:00,2025-12-13 16:22:17+00:00,2025-12-13 17:30:00+00:00,George Mason Patriots,Old Dominion Monarchs,spreads,full_game,,,-16.0,-110.0,16.0,-110.0,,,
1d233b91ccf52f4977030445a6fa6b18,BetUS,2025-12-13 16:22:22.925734+00:00,2025-12-13 16:22:17+00:00,2025-12-13 17:30:00+00:00,George Mason Patriots,Old Dominion Monarchs,totals,full_game,,,,,,,143.0,-110.0,-110.0
1d233b91ccf52f4977030445a6fa6b18,BetRivers,2025-12-13 16:22:22.925734+00:00,2025-12-13 16:22:17+00:00,2025-12-13 17:30:00+00:00,George Mason Patriots,Old Dominion Monarchs,h2h,2h,-1430.0,750.0,,,,,,,
1d233b91ccf52f4977030445a6fa6b18,BetRivers,2025-12-13 16:22:22.925734+00:00,2025-12-13 16:22:17+00:00,2025-12-13 17:30:00+00:00,George Mason Patriots,Old Dominion Monarchs,spreads,full_game,,,-15.5,-113.0,15.5,-110.0,,,
1d233b91ccf52f4977030445a6fa6b18,BetRivers,2025-12-13 16:22:22.925734+00:00,2025-12-13 16:22:17+00:00,2025-12-13 17:30:00+00:00,George Mason Patriots,Old Dominion Monarchs,totals,full_game,,,,,,,143.5,-113.0,-110.0
7dbb0eb51f566a82ad3bd4bcfe7885ff,DraftKings,2025-12-13 16:22:22.925734+00:00,2025-12-13 16:21:38+00:00,2025-12-13 18:00:00+00:00,Delaware Blue Hens,CSU Northridge Matadors,h2h,2h,-155.0,130.0,,,,,,,
7dbb0eb51f566a82ad3bd4bcfe7885ff,DraftKings,2025-12-13 16:22:22.925734+00:00,2025-12-13 16:21:38+00:00,2025-12-13 18:00:00+00:00,Delaware Blue Hens,CSU Northridge Matadors,spreads,full_game,,,-2.5,-115.0,2.5,-105.0,,,
7dbb0eb51f566a82ad3bd4bcfe7885ff,DraftKings,2025-12-13 16:22:22.925734+00:00,2025-12-13 16:21:38+00:00,2025-12-13 18:00:00+00:00,Delaware Blue Hens,CSU Northridge Matadors,totals,full_game,,,,,,,146.5,-105.0,-115.0
7dbb0eb51f566a82ad3bd4bcfe7885ff,BetOnline.ag,2025-12-13 16:22:22.925734+00:00,2025-12-13 16:21:39+00:00,2025-12-13 18:00:00+00:00,Delaware Blue Hens,CSU Northridge Matadors,h2h,2h,-145.0,125.0,,,,,,,
7dbb0eb51f566a82ad3bd4bcfe7885ff,BetOnline.ag,2025-12-13 16:22:22.925734+00:00,2025-12-13 16:21:39+00:00,2025-12-13 18:00:00+00:00,Delaware Blue Hens,CSU Northridge Matadors,spreads,full_game,,,-2.5,-110.0,2.5,-110.0,,,
7dbb0eb51f566a82ad3bd4bcfe7885ff,BetOnline.ag,2025-12-13 16:22:22.925734+00:00,2025-12-13 16:21:39+00:00,2025-12-13 18:00:00+00:00,Delaware Blue Hens,CSU Northridge Matadors,totals,full_game,,,,,,,146.0,-110.0,-110.0
7dbb0eb51f566a82ad3bd4bcfe7885ff,Fanatics,2025-12-13 16:22:22.925734+00:00,2025-12-13 16:21:50+00:00,2025-12-13 18:00:00+00:00,Delaware Blue Hens,CSU Northridge Matadors,h2h,2h,-150.0,125.0,,,,,,,
7dbb0eb51f566a82ad3bd4bcfe7885ff,Fanatics,2025-12-13 16:22:22.925734+00:00,2025-12-13 16:21:50+00:00,2025-12-13 18:00:00+00:00,Delaware Blue Hens,CSU Northridge Matadors,spreads,full_game,,,-3.0,-110.0,3.0,-110.0,,,
7dbb0eb51f566a82ad3bd4bcfe7885ff,Fanatics,2025-12-13 16:22:22.925734+00:00,2025-12-13 16:21:50+00:00,2025-12-13 18:00:00+00:00,Delaware Blue Hens,CSU Northridge Matadors,totals,full_game,,,,,,,146.5,-110.0,-110.0
7dbb0eb51f566a82ad3bd4bcfe7885ff,Caesars,2025-12-13 16:22:22.925734+00:00,2025-12-13 16:17:55+00:00,2025-12-13 18:00:00+00:00,Delaware Blue Hens,CSU Northridge Matadors,h2h,2h,-165.0,140.0,,,,,,,
7dbb0eb51f566a82ad3bd4bcfe7885ff,Caesars,2025-12-13 16:22:22.925734+00:00,2025-12-13 16:17:55+00:00,2025-12-13 18:00:00+00:00,Delaware Blue Hens,CSU Northridge Matadors,spreads,full_game,,,-3.0,-110.0,3.0,-110.0,,,
7dbb0eb51f566a82ad3bd4bcfe7885ff,Caesars,2025-12-13 16:22:22.925734+00:00,2025-12-13 16:17:55+00:00,2025-12-13 18:00:00+00:00,Delaware Blue Hens,CSU Northridge Matadors,totals,full_game,,,,,,,146.0,-110.0,-110.0
7dbb0eb51f566a82ad3bd4bcfe7885ff,LowVig.ag,2025-12-13 16:22:22.925734+00:00,2025-12-13 16:21:24+00:00,2025-12-13 18:00:00+00:00,Delaware Blue Hens,CSU Northridge Matadors,h2h,2h,-145.0,125.0,,,,,,,
7dbb0eb51f566a82ad3bd4bcfe7885ff,LowVig.ag,2025-12-13 16:22:22.925734+00:00,2025-12-13 16:21:24+00:00,2025-12-13 18:00:00+00:00,Delaware Blue Hens,CSU Northridge Matadors,spreads,full_game,,,-2.5,-106.0,2.5,-106.0,,,
7dbb0eb51f566a82ad3bd4bcfe7885ff,LowVig.ag,2025-12-13 16:22:22.925734+00:00,2025-12-13 16:21:24+00:00,2025-12-13 18:00:00+00:00,Delaware Blue Hens,CSU Northridge Matadors,totals,full_game,,,,,,,146.0,-108.0,-108.0
7dbb0eb51f566a82ad3bd4bcfe7885ff,BetMGM,2025-12-13 16:22:22.925734+00:00,2025-12-13 16:21:54+00:00,2025-12-13 18:00:00+00:00,Delaware Blue Hens,CSU Northridge Matadors,h2h,2h,-155.0,125.0,,,,,,,
7dbb0eb51f566a82ad3bd4bcfe7885ff,BetMGM,2025-12-13 16:22:22.925734+00:00,2025-12-13 16:21:54+00:00,2025-12-13 18:00:00+00:00,Delaware Blue Hens,CSU Northridge Matadors,spreads,full_game,,,-2.5,-115.0,2.5,-105.0,,,
7dbb0eb51f566a82ad3bd4bcfe7885ff,BetMGM,2025-12-13 16:22:22.925734+00:00,2025-12-13 16:21:54+00:00,2025-12-13 18:00:00+00:00,Delaware Blue Hens,CSU Northridge Matadors,totals,full_game,,,,,,,145.5,-110.0,-110.0
7dbb0eb51f566a82ad3bd4bcfe7885ff,Bovada,2025-12-13 16:22:22.925734+00:00,2025-12-13 16:21:51+00:00,2025-12-13 18:00:00+00:00,Delaware Blue Hens,CSU Northridge Matadors,h2h,2h,-150.0,130.0,,,,,,,
7dbb0eb51f566a82ad3bd4bcfe7885ff,Bovada,2025-12-13 16:22:22.925734+00:00,2025-12-13 16:21:51+00:00,2025-12-13 18:00:00+00:00,Delaware Blue Hens,CSU Northridge Matadors,spreads,full_game,,,-3.0,-105.0,3.0,-115.0,,,
7dbb0eb51f566a82ad3bd4bcfe7885ff,Bovada,2025-12-13 16:22:22.925734+00:00,2025-12-13 16:21:51+00:00,2025-12-13 18:00:00+00:00,Delaware Blue Hens,CSU Northridge Matadors,totals,full_game,,,,,,,146.0,-110.0,-110.0
7dbb0eb51f566a82ad3bd4bcfe7885ff,BetUS,2025-12-13 16:22:22.925734+00:00,2025-12-13 16:22:17+00:00,2025-12-13 18:00:00+00:00,Delaware Blue Hens,CSU Northridge Matadors,h2h,2h,-145.0,125.0,,,,,,,
7dbb0eb51f566a82ad3bd4bcfe7885ff,BetUS,2025-12-13 16:22:22.925734+00:00,2025-12-13 16:22:17+00:00,2025-12-13 18:00:00+00:00,Delaware Blue Hens,CSU Northridge Matadors,spreads,full_game,,,-2.5,-110.0,2.5,-110.0,,,
7dbb0eb51f566a82ad3bd4bcfe7885ff,BetUS,2025-12-13 16:22:22.925734+00:00,2025-12-13 16:22:17+00:00,2025-12-13 18:00:00+00:00,Delaware Blue Hens,CSU Northridge Matadors,totals,full_game,,,,,,,146.0,-110.0,-110.0
7dbb0eb51f566a82ad3bd4bcfe7885ff,BetRivers,2025-12-13 16:22:22.925734+00:00,2025-12-13 16:22:17+00:00,2025-12-13 18:00:00+00:00,Delaware Blue Hens,CSU Northridge Matadors,h2h,2h,-162.0,125.0,,,,,,,
7dbb0eb51f566a82ad3bd4bcfe7885ff,BetRivers,2025-12-13 16:22:22.925734+00:00,2025-12-13 16:22:17+00:00,2025-12-13 18:00:00+00:00,Delaware Blue Hens,CSU Northridge Matadors,spreads,full_game,,,-3.0,-113.0,3.0,-110.0,,,
7dbb0eb51f566a82ad3bd4bcfe7885ff,BetRivers,2025-12-13 16:22:22.925734+00:00,2025-12-13 16:22:17+00:00,2025-12-13 18:00:00+00:00,Delaware Blue Hens,CSU Northridge Matadors,totals,full_game,,,,,,,147.0,-113.0,-110.0
7dbb0eb51f566a82ad3bd4bcfe7885ff,FanDuel,2025-12-13 16:22:22.925734+00:00,2025-12-13 16:21:13+00:00,2025-12-13 18:00:00+00:00,Delaware Blue Hens,CSU Northridge Matadors,h2h,2h,-162.0,132.0,,,,,,,
7dbb0eb51f566a82ad3bd4bcfe7885ff,FanDuel,2025-12-13 16:22:22.925734+00:00,2025-12-13 16:21:13+00:00,2025-12-13 18:00:00+00:00,Delaware Blue Hens,CSU Northridge Matadors,spreads,full_game,,,-2.5,-115.0,2.5,-105.0,,,
7dbb0eb51f566a82ad3bd4bcfe7885ff,FanDuel,2025-12-13 16:22:22.925734+00:00,2025-12-13 16:21:13+00:00,2025-12-13 18:00:00+00:00,Delaware Blue Hens,CSU Northridge Matadors,totals,full_game,,,,,,,145.5,-108.0,-112.0
3d7102b068d0b6e6e43da2894b5336fb,DraftKings,2025-12-13 16:22:22.925734+00:00,2025-12-13 16:21:38+00:00,2025-12-13 18:00:00+00:00,Elon Phoenix,Northern Illinois Huskies,h2h,2h,-700.0,500.0,,,,,,,
3d7102b068d0b6e6e43da2894b5336fb,DraftKings,2025-12-13 16:22:22.925734+00:00,2025-12-13 16:21:38+00:00,2025-12-13 18:00:00+00:00,Elon Phoenix,Northern Illinois Huskies,spreads,full_game,,,-11.5,-108.0,11.5,-112.0,,,
3d7102b068d0b6e6e43da2894b5336fb,DraftKings,2025-12-13 16:22:22.925734+00:00,2025-12-13 16:21:38+00:00,2025-12-13 18:00:00+00:00,Elon Phoenix,Northern Illinois Huskies,totals,full_game,,,,,,,158.5,-110.0,-110.0
3d7102b068d0b6e6e43da2894b5336fb,BetOnline.ag,2025-12-13 16:22:22.925734+00:00,2025-12-13 16:21:39+00:00,2025-12-13 18:00:00+00:00,Elon Phoenix,Northern Illinois Huskies,h2h,2h,-700.0,505.0,,,,,,,
3d7102b068d0b6e6e43da2894b5336fb,BetOnline.ag,2025-12-13 16:22:22.925734+00:00,2025-12-13 16:21:39+00:00,2025-12-13 18:00:00+00:00,Elon Phoenix,Northern Illinois Huskies,spreads,full_game,,,-11.5,-105.0,11.5,-115.0,,,
3d7102b068d0b6e6e43da2894b5336fb,BetOnline.ag,2025-12-13 16:22:22.925734+00:00,2025-12-13 16:21:39+00:00,2025-12-13 18:00:00+00:00,Elon Phoenix,Northern Illinois Huskies,totals,full_game,,,,,,,159.0,-110.0,-110.0
3d7102b068d0b6e6e43da2894b5336fb,Fanatics,2025-12-13 16:22:22.925734+00:00,2025-12-13 16:21:50+00:00,2025-12-13 18:00:00+00:00,Elon Phoenix,Northern Illinois Huskies,h2h,2h,-750.0,500.0,,,,,,,
3d7102b068d0b6e6e43da2894b5336fb,Fanatics,2025-12-13 16:22:22.925734+00:00,2025-12-13 16:21:50+00:00,2025-12-13 18:00:00+00:00,Elon Phoenix,Northern Illinois Huskies,spreads,full_game,,,-11.5,-110.0,11.5,-110.0,,,
3d7102b068d0b6e6e43da2894b5336fb,Fanatics,2025-12-13 16:22:22.925734+00:00,2025-12-13 16:21:50+00:00,2025-12-13 18:00:00+00:00,Elon Phoenix,Northern Illinois Huskies,totals,full_game,,,,,,,159.0,-110.0,-110.0
3d7102b068d0b6e6e43da2894b5336fb,LowVig.ag,2025-12-13 16:22:22.925734+00:00,2025-12-13 16:21:24+00:00,2025-12-13 18:00:00+00:00,Elon Phoenix,Northern Illinois Huskies,h2h,2h,-700.0,505.0,,,,,,,
3d7102b068d0b6e6e43da2894b5336fb,LowVig.ag,2025-12-13 16:22:22.925734+00:00,2025-12-13 16:21:24+00:00,2025-12-13 18:00:00+00:00,Elon Phoenix,Northern Illinois Huskies,spreads,full_game,,,-11.5,-101.0,11.5,-111.0,,,
3d7102b068d0b6e6e43da2894b5336fb,LowVig.ag,2025-12-13 16:22:22.925734+00:00,2025-12-13 16:21:24+00:00,2025-12-13 18:00:00+00:00,Elon Phoenix,Northern Illinois Huskies,totals,full_game,,,,,,,159.0,-108.0,-108.0
3d7102b068d0b6e6e43da2894b5336fb,BetMGM,2025-12-13 16:22:22.925734+00:00,2025-12-13 16:21:54+00:00,2025-12-13 18:00:00+00:00,Elon Phoenix,Northern Illinois Huskies,h2h,2h,-700.0,500.0,,,,,,,
3d7102b068d0b6e6e43da2894b5336fb,BetMGM,2025-12-13 16:22:22.925734+00:00,2025-12-13 16:21:54+00:00,2025-12-13 18:00:00+00:00,Elon Phoenix,Northern Illinois Huskies,totals,full_game,,,,,,,158.5,-110.0,-110.0
3d7102b068d0b6e6e43da2894b5336fb,Bovada,2025-12-13 16:22:22.925734+00:00,2025-12-13 16:21:51+00:00,2025-12-13 18:00:00+00:00,Elon Phoenix,Northern Illinois Huskies,h2h,2h,-700.0,475.0,,,,,,,
3d7102b068d0b6e6e43da2894b5336fb,Bovada,2025-12-13 16:22:22.925734+00:00,2025-12-13 16:21:51+00:00,2025-12-13 18:00:00+00:00,Elon Phoenix,Northern Illinois Huskies,spreads,full_game,,,-11.5,-105.0,11.5,-115.0,,,
3d7102b068d0b6e6e43da2894b5336fb,Bovada,2025-12-13 16:22:22.925734+00:00,2025-12-13 16:21:51+00:00,2025-12-13 18:00:00+00:00,Elon Phoenix,Northern Illinois Huskies,totals,full_game,,,,,,,159.0,-115.0,-105.0
3d7102b068d0b6e6e43da2894b5336fb,BetUS,2025-12-13 16:22:22.925734+00:00,2025-12-13 16:22:17+00:00,2025-12-13 18:00:00+00:00,Elon Phoenix,Northern Illinois Huskies,h2h,2h,-700.0,500.0,,,,,,,
3d7102b068d0b6e6e43da2894b5336fb,BetUS,2025-12-13 16:22:22.925734+00:00,2025-12-13 16:22:17+00:00,2025-12-13 18:00:00+00:00,Elon Phoenix,Northern Illinois Huskies,spreads,full_game,,,-11.5,-110.0,11.5,-110.0,,,
3d7102b068d0b6e6e43da2894b5336fb,BetUS,2025-12-13 16:22:22.925734+00:00,2025-12-13 16:22:17+00:00,2025-12-13 18:00:00+00:00,Elon Phoenix,Northern Illinois Huskies,totals,full_game,,,,,,,158.5,-110.0,-110.0
3d7102b068d0b6e6e43da2894b5336fb,BetRivers,2025-12-13 16:22:22.925734+00:00,2025-12-13 16:22:17+00:00,2025-12-13 18:00:00+00:00,Elon Phoenix,Northern Illinois Huskies,h2h,2h,-715.0,460.0,,,,,,,
3d7102b068d0b6e6e43da2894b5336fb,BetRivers,2025-12-13 16:22:22.925734+00:00,2025-12-13 16:22:17+00:00,2025-12-13 18:00:00+00:00,Elon Phoenix,Northern Illinois Huskies,spreads,full_game,,,-11.5,-108.0,11.5,-115.0,,,
3d7102b068d0b6e6e43da2894b5336fb,BetRivers,2025-12-13 16:22:22.925734+00:00,2025-12-13 16:22:17+00:00,2025-12-13 18:00:00+00:00,Elon Phoenix,Northern Illinois Huskies,totals,full_game,,,,,,,158.5,-110.0,-113.0
3d7102b068d0b6e6e43da2894b5336fb,FanDuel,2025-12-13 16:22:22.925734+00:00,2025-12-13 16:21:13+00:00,2025-12-13 18:00:00+00:00,Elon Phoenix,Northern Illinois Huskies,h2h,2h,-800.0,520.0,,,,,,,
3d7102b068d0b6e6e43da2894b5336fb,FanDuel,2025-12-13 16:22:22.925734+00:00,2025-12-13 16:21:13+00:00,2025-12-13 18:00:00+00:00,Elon Phoenix,Northern Illinois Huskies,spreads,full_game,,,-11.5,-112.0,11.5,-108.0,,,
3d7102b068d0b6e6e43da2894b5336fb,FanDuel,2025-12-13 16:22:22.925734+00:00,2025-12-13 16:21:13+00:00,2025-12-13 18:00:00+00:00,Elon Phoenix,Northern Illinois Huskies,totals,full_game,,,,,,,158.5,-110.0,-110.0
92f32518416e525e48587a5719c0e747,DraftKings,2025-12-13 16:22:22.925734+00:00,2025-12-13 16:21:38+00:00,2025-12-13 18:00:00+00:00,Robert Morris Colonials,Toledo Rockets,h2h,2h,-102.0,-118.0,,,,,,,
92f32518416e525e48587a5719c0e747,DraftKings,2025-12-13 16:22:22.925734+00:00,2025-12-13 16:21:38+00:00,2025-12-13 18:00:00+00:00,Robert Morris Colonials,Toledo Rockets,spreads,full_game,,,1.5,-118.0,-1.5,-102.0,,,
92f32518416e525e48587a5719c0e747,DraftKings,2025-12-13 16:22:22.925734+00:00,2025-12-13 16:21:38+00:00,2025-12-13 18:00:00+00:00,Robert Morris Colonials,Toledo Rockets,totals,full_game,,,,,,,154.5,-108.0,-112.0
92f32518416e525e48587a5719c0e747,BetOnline.ag,2025-12-13 16:22:22.925734+00:00,2025-12-13 16:21:39+00:00,2025-12-13 18:00:00+00:00,Robert Morris Colonials,Toledo Rockets,spreads,full_game,,,0.0,-110.0,0.0,-110.0,,,
92f32518416e525e48587a5719c0e747,BetOnline.ag,2025-12-13 16:22:22.925734+00:00,2025-12-13 16:21:39+00:00,2025-12-13 18:00:00+00:00,Robert Morris Colonials,Toledo Rockets,totals,full_game,,,,,,,154.5,-115.0,-105.0
92f32518416e525e48587a5719c0e747,Fanatics,2025-12-13 16:22:22.925734+00:00,2025-12-13 16:21:50+00:00,2025-12-13 18:00:00+00:00,Robert Morris Colonials,Toledo Rockets,h2h,2h,-105.0,-115.0,,,,,,,
92f32518416e525e48587a5719c0e747,Fanatics,2025-12-13 16:22:22.925734+00:00,2025-12-13 16:21:50+00:00,2025-12-13 18:00:00+00:00,Robert Morris Colonials,Toledo Rockets,spreads,full_game,,,1.0,-110.0,-1.0,-110.0,,,
92f32518416e525e48587a5719c0e747,Fanatics,2025-12-13 16:22:22.925734+00:00,2025-12-13 16:21:50+00:00,2025-12-13 18:00:00+00:00,Robert Morris Colonials,Toledo Rockets,totals,full_game,,,,,,,154.0,-110.0,-110.0
92f32518416e525e48587a5719c0e747,Caesars,2025-12-13 16:22:22.925734+00:00,2025-12-13 16:17:55+00:00,2025-12-13 18:00:00+00:00,Robert Morris Colonials,Toledo Rockets,h2h,2h,-110.0,-110.0,,,,,,,
92f32518416e525e48587a5719c0e747,Caesars,2025-12-13 16:22:22.925734+00:00,2025-12-13 16:17:55+00:00,2025-12-13 18:00:00+00:00,Robert Morris Colonials,Toledo Rockets,spreads,full_game,,,0.0,-110.0,-0.0,-110.0,,,
92f32518416e525e48587a5719c0e747,Caesars,2025-12-13 16:22:22.925734+00:00,2025-12-13 16:17:55+00:00,2025-12-13 18:00:00+00:00,Robert Morris Colonials,Toledo Rockets,totals,full_game,,,,,,,154.0,-110.0,-110.0
92f32518416e525e48587a5719c0e747,LowVig.ag,2025-12-13 16:22:22.925734+00:00,2025-12-13 16:21:24+00:00,2025-12-13 18:00:00+00:00,Robert Morris Colonials,Toledo Rockets,spreads,full_game,,,0.0,-106.0,0.0,-106.0,,,
92f32518416e525e48587a5719c0e747,LowVig.ag,2025-12-13 16:22:22.925734+00:00,2025-12-13 16:21:24+00:00,2025-12-13 18:00:00+00:00,Robert Morris Colonials,Toledo Rockets,totals,full_game,,,,,,,154.5,-113.0,-103.0
92f32518416e525e48587a5719c0e747,BetMGM,2025-12-13 16:22:22.925734+00:00,2025-12-13 16:21:54+00:00,2025-12-13 18:00:00+00:00,Robert Morris Colonials,Toledo Rockets,h2h,2h,-110.0,-110.0,,,,,,,
92f32518416e525e48587a5719c0e747,BetMGM,2025-12-13 16:22:22.925734+00:00,2025-12-13 16:21:54+00:00,2025-12-13 18:00:00+00:00,Robert Morris Colonials,Toledo Rockets,spreads,full_game,,,1.5,-120.0,-1.5,100.0,,,
92f32518416e525e48587a5719c0e747,BetMGM,2025-12-13 16:22:22.925734+00:00,2025-12-13 16:21:54+00:00,2025-12-13 18:00:00+00:00,Robert Morris Colonials,Toledo Rockets,totals,full_game,,,,,,,154.5,-105.0,-115.0
92f32518416e525e48587a5719c0e747,Bovada,2025-12-13 16:22:22.925734+00:00,2025-12-13 16:21:51+00:00,2025-12-13 18:00:00+00:00,Robert Morris Colonials,Toledo Rockets,h2h,2h,-110.0,-110.0,,,,,,,
92f32518416e525e48587a5719c0e747,Bovada,2025-12-13 16:22:22.925734+00:00,2025-12-13 16:21:51+00:00,2025-12-13 18:00:00+00:00,Robert Morris Colonials,Toledo Rockets,spreads,full_game,,,-1.0,-105.0,1.0,-115.0,,,
92f32518416e525e48587a5719c0e747,Bovada,2025-12-13 16:22:22.925734+00:00,2025-12-13 16:21:51+00:00,2025-12-13 18:00:00+00:00,Robert Morris Colonials,Toledo Rockets,totals,full_game,,,,,,,154.0,-110.0,-110.0
92f32518416e525e48587a5719c0e747,BetUS,2025-12-13 16:22:22.925734+00:00,2025-12-13 16:22:17+00:00,2025-12-13 18:00:00+00:00,Robert Morris Colonials,Toledo Rockets,spreads,full_game,,,0.0,-110.0,0.0,-110.0,,,
92f32518416e525e48587a5719c0e747,BetUS,2025-12-13 16:22:22.925734+00:00,2025-12-13 16:22:17+00:00,2025-12-13 18:00:00+00:00,Robert Morris Colonials,Toledo Rockets,totals,full_game,,,,,,,154.0,-110.0,-110.0
92f32518416e525e48587a5719c0e747,BetRivers,2025-12-13 16:22:22.925734+00:00,2025-12-13 16:22:17+00:00,2025-12-13 18:00:00+00:00,Robert Morris Colonials,Toledo Rockets,h2h,2h,-107.0,-115.0,,,,,,,
92f32518416e525e48587a5719c0e747,BetRivers,2025-12-13 16:22:22.925734+00:00,2025-12-13 16:22:17+00:00,2025-12-13 18:00:00+00:00,Robert Morris Colonials,Toledo Rockets,spreads,full_game,,,1.0,-113.0,-1.0,-110.0,,,
92f32518416e525e48587a5719c0e747,BetRivers,2025-12-13 16:22:22.925734+00:00,2025-12-13 16:22:17+00:00,2025-12-13 18:00:00+00:00,Robert Morris Colonials,Toledo Rockets,totals,full_game,,,,,,,154.0,-112.0,-112.0
92f32518416e525e48587a5719c0e747,FanDuel,2025-12-13 16:22:22.925734+00:00,2025-12-13 16:21:13+00:00,2025-12-13 18:00:00+00:00,Robert Morris Colonials,Toledo Rockets,h2h,2h,-104.0,-118.0,,,,,,,
92f32518416e525e48587a5719c0e747,FanDuel,2025-12-13 16:22:22.925734+00:00,2025-12-13 16:21:13+00:00,2025-12-13 18:00:00+00:00,Robert Morris Colonials,Toledo Rockets,spreads,full_game,,,1.5,-118.0,-1.5,-104.0,,,
92f32518416e525e48587a5719c0e747,FanDuel,2025-12-13 16:22:22.925734+00:00,2025-12-13 16:21:13+00:00,2025-12-13 18:00:00+00:00,Robert Morris Colonials,Toledo Rockets,totals,full_game,,,,,,,153.5,-114.0,-106.0
c6543670c9585c86048018037ecb5fd4,FanDuel,2025-12-13 16:22:22.925734+00:00,2025-12-13 16:21:13+00:00,2025-12-13 18:00:01+00:00,Oklahoma Sooners,Oklahoma St Cowboys,h2h,2h,-156.0,130.0,,,,,,,
c6543670c9585c86048018037ecb5fd4,FanDuel,2025-12-13 16:22:22.925734+00:00,2025-12-13 16:21:13+00:00,2025-12-13 18:00:01+00:00,Oklahoma Sooners,Oklahoma St Cowboys,spreads,full_game,,,-2.5,-118.0,2.5,-104.0,,,
c6543670c9585c86048018037ecb5fd4,FanDuel,2025-12-13 16:22:22.925734+00:00,2025-12-13 16:21:13+00:00,2025-12-13 18:00:01+00:00,Oklahoma Sooners,Oklahoma St Cowboys,totals,full_game,,,,,,,169.5,-110.0,-110.0
c6543670c9585c86048018037ecb5fd4,Fanatics,2025-12-13 16:22:22.925734+00:00,2025-12-13 16:21:50+00:00,2025-12-13 18:00:01+00:00,Oklahoma Sooners,Oklahoma St Cowboys,h2h,2h,-160.0,130.0,,,,,,,
c6543670c9585c86048018037ecb5fd4,Fanatics,2025-12-13 16:22:22.925734+00:00,2025-12-13 16:21:50+00:00,2025-12-13 18:00:01+00:00,Oklahoma Sooners,Oklahoma St Cowboys,spreads,full_game,,,-3.0,-110.0,3.0,-110.0,,,
c6543670c9585c86048018037ecb5fd4,Fanatics,2025-12-13 16:22:22.925734+00:00,2025-12-13 16:21:50+00:00,2025-12-13 18:00:01+00:00,Oklahoma Sooners,Oklahoma St Cowboys,totals,full_game,,,,,,,170.0,-110.0,-110.0
c6543670c9585c86048018037ecb5fd4,BetRivers,2025-12-13 16:22:22.925734+00:00,2025-12-13 16:22:17+00:00,2025-12-13 18:00:01+00:00,Oklahoma Sooners,Oklahoma St Cowboys,h2h,2h,-162.0,123.0,,,,,,,
c6543670c9585c86048018037ecb5fd4,BetRivers,2025-12-13 16:22:22.925734+00:00,2025-12-13 16:22:17+00:00,2025-12-13 18:00:01+00:00,Oklahoma Sooners,Oklahoma St Cowboys,spreads,full_game,,,-3.0,-109.0,3.0,-114.0,,,
c6543670c9585c86048018037ecb5fd4,BetRivers,2025-12-13 16:22:22.925734+00:00,2025-12-13 16:22:17+00:00,2025-12-13 18:00:01+00:00,Oklahoma Sooners,Oklahoma St Cowboys,totals,full_game,,,,,,,170.0,-110.0,-113.0
c6543670c9585c86048018037ecb5fd4,DraftKings,2025-12-13 16:22:22.925734+00:00,2025-12-13 16:21:38+00:00,2025-12-13 18:00:01+00:00,Oklahoma Sooners,Oklahoma St Cowboys,h2h,2h,-155.0,130.0,,,,,,,
c6543670c9585c86048018037ecb5fd4,DraftKings,2025-12-13 16:22:22.925734+00:00,2025-12-13 16:21:38+00:00,2025-12-13 18:00:01+00:00,Oklahoma Sooners,Oklahoma St Cowboys,spreads,full_game,,,-2.5,-115.0,2.5,-105.0,,,
c6543670c9585c86048018037ecb5fd4,DraftKings,2025-12-13 16:22:22.925734+00:00,2025-12-13 16:21:38+00:00,2025-12-13 18:00:01+00:00,Oklahoma Sooners,Oklahoma St Cowboys,totals,full_game,,,,,,,169.5,-108.0,-112.0
c6543670c9585c86048018037ecb5fd4,BetMGM,2025-12-13 16:22:22.925734+00:00,2025-12-13 16:21:54+00:00,2025-12-13 18:00:01+00:00,Oklahoma Sooners,Oklahoma St Cowboys,h2h,2h,-160.0,135.0,,,,,,,
c6543670c9585c86048018037ecb5fd4,BetMGM,2025-12-13 16:22:22.925734+00:00,2025-12-13 16:21:54+00:00,2025-12-13 18:00:01+00:00,Oklahoma Sooners,Oklahoma St Cowboys,spreads,full_game,,,-3.5,-105.0,3.5,-115.0,,,
c6543670c9585c86048018037ecb5fd4,BetMGM,2025-12-13 16:22:22.925734+00:00,2025-12-13 16:21:54+00:00,2025-12-13 18:00:01+00:00,Oklahoma Sooners,Oklahoma St Cowboys,totals,full_game,,,,,,,169.5,-110.0,-110.0
c6543670c9585c86048018037ecb5fd4,Caesars,2025-12-13 16:22:22.925734+00:00,2025-12-13 16:17:55+00:00,2025-12-13 18:00:01+00:00,Oklahoma Sooners,Oklahoma St Cowboys,h2h,2h,-165.0,140.0,,,,,,,
c6543670c9585c86048018037ecb5fd4,Caesars,2025-12-13 16:22:22.925734+00:00,2025-12-13 16:17:55+00:00,2025-12-13 18:00:01+00:00,Oklahoma Sooners,Oklahoma St Cowboys,spreads,full_game,,,-2.5,-110.0,2.5,-110.0,,,
c6543670c9585c86048018037ecb5fd4,Caesars,2025-12-13 16:22:22.925734+00:00,2025-12-13 16:17:55+00:00,2025-12-13 18:00:01+00:00,Oklahoma Sooners,Oklahoma St Cowboys,totals,full_game,,,,,,,168.5,-110.0,-110.0
c6543670c9585c86048018037ecb5fd4,BetOnline.ag,2025-12-13 16:22:22.925734+00:00,2025-12-13 16:21:39+00:00,2025-12-13 18:00:01+00:00,Oklahoma Sooners,Oklahoma St Cowboys,h2h,2h,-162.0,142.0,,,,,,,
c6543670c9585c86048018037ecb5fd4,BetOnline.ag,2025-12-13 16:22:22.925734+00:00,2025-12-13 16:21:39+00:00,2025-12-13 18:00:01+00:00,Oklahoma Sooners,Oklahoma St Cowboys,spreads,full_game,,,-3.5,-110.0,3.5,-110.0,,,
c6543670c9585c86048018037ecb5fd4,BetOnline.ag,2025-12-13 16:22:22.925734+00:00,2025-12-13 16:21:39+00:00,2025-12-13 18:00:01+00:00,Oklahoma Sooners,Oklahoma St Cowboys,totals,full_game,,,,,,,169.5,-108.0,-112.0
c6543670c9585c86048018037ecb5fd4,LowVig.ag,2025-12-13 16:22:22.925734+00:00,2025-12-13 16:21:24+00:00,2025-12-13 18:00:01+00:00,Oklahoma Sooners,Oklahoma St Cowboys,h2h,2h,-162.0,142.0,,,,,,,
c6543670c9585c86048018037ecb5fd4,LowVig.ag,2025-12-13 16:22:22.925734+00:00,2025-12-13 16:21:24+00:00,2025-12-13 18:00:01+00:00,Oklahoma Sooners,Oklahoma St Cowboys,spreads,full_game,,,-3.5,-106.0,3.5,-106.0,,,
c6543670c9585c86048018037ecb5fd4,LowVig.ag,2025-12-13 16:22:22.925734+00:00,2025-12-13 16:21:24+00:00,2025-12-13 18:00:01+00:00,Oklahoma Sooners,Oklahoma St Cowboys,totals,full_game,,,,,,,169.5,-106.0,-110.0
c6543670c9585c86048018037ecb5fd4,Bovada,2025-12-13 16:22:22.925734+00:00,2025-12-13 16:21:51+00:00,2025-12-13 18:00:01+00:00,Oklahoma Sooners,Oklahoma St Cowboys,h2h,2h,-165.0,140.0,,,,,,,
c6543670c9585c86048018037ecb5fd4,Bovada,2025-12-13 16:22:22.925734+00:00,2025-12-13 16:21:51+00:00,2025-12-13 18:00:01+00:00,Oklahoma Sooners,Oklahoma St Cowboys,spreads,full_game,,,-3.0,-110.0,3.0,-110.0,,,
c6543670c9585c86048018037ecb5fd4,Bovada,2025-12-13 16:22:22.925734+00:00,2025-12-13 16:21:51+00:00,2025-12-13 18:00:01+00:00,Oklahoma Sooners,Oklahoma St Cowboys,totals,full_game,,,,,,,170.0,-110.0,-110.0
c6543670c9585c86048018037ecb5fd4,BetUS,2025-12-13 16:22:22.925734+00:00,2025-12-13 16:22:17+00:00,2025-12-13 18:00:01+00:00,Oklahoma Sooners,Oklahoma St Cowboys,h2h,2h,-153.0,132.0,,,,,,,
c6543670c9585c86048018037ecb5fd4,BetUS,2025-12-13 16:22:22.925734+00:00,2025-12-13 16:22:17+00:00,2025-12-13 18:00:01+00:00,Oklahoma Sooners,Oklahoma St Cowboys,spreads,full_game,,,-3.0,-110.0,3.0,-110.0,,,
c6543670c9585c86048018037ecb5fd4,BetUS,2025-12-13 16:22:22.925734+00:00,2025-12-13 16:22:17+00:00,2025-12-13 18:00:01+00:00,Oklahoma Sooners,Oklahoma St Cowboys,totals,full_game,,,,,,,169.5,-110.0,-110.0
773ffbf41d1e2338996e2d4db68eade3,DraftKings,2025-12-13 16:22:22.925734+00:00,2025-12-13 16:21:38+00:00,2025-12-13 19:00:00+00:00,Bellarmine Knights,Northern Kentucky Norse,h2h,2h,150.0,-180.0,,,,,,,
773ffbf41d1e2338996e2d4db68eade3,DraftKings,2025-12-13 16:22:22.925734+00:00,2025-12-13 16:21:38+00:00,2025-12-13 19:00:00+00:00,Bellarmine Knights,Northern Kentucky Norse,spreads,full_game,,,4.5,-115.0,-4.5,-105.0,,,
773ffbf41d1e2338996e2d4db68eade3,DraftKings,2025-12-13 16:22:22.925734+00:00,2025-12-13 16:21:38+00:00,2025-12-13 19:00:00+00:00,Bellarmine Knights,Northern Kentucky Norse,totals,full_game,,,,,,,146.5,-112.0,-108.0
773ffbf41d1e2338996e2d4db68eade3,LowVig.ag,2025-12-13 16:22:22.925734+00:00,2025-12-13 16:21:25+00:00,2025-12-13 19:00:00+00:00,Bellarmine Knights,Northern Kentucky Norse,spreads,full_game,,,4.5,-106.0,-4.5,-106.0,,,
773ffbf41d1e2338996e2d4db68eade3,LowVig.ag,2025-12-13 16:22:22.925734+00:00,2025-12-13 16:21:25+00:00,2025-12-13 19:00:00+00:00,Bellarmine Knights,Northern Kentucky Norse,totals,full_game,,,,,,,147.0,-108.0,-108.0
773ffbf41d1e2338996e2d4db68eade3,BetOnline.ag,2025-12-13 16:22:22.925734+00:00,2025-12-13 16:21:39+00:00,2025-12-13 19:00:00+00:00,Bellarmine Knights,Northern Kentucky Norse,spreads,full_game,,,4.5,-110.0,-4.5,-110.0,,,
773ffbf41d1e2338996e2d4db68eade3,BetOnline.ag,2025-12-13 16:22:22.925734+00:00,2025-12-13 16:21:39+00:00,2025-12-13 19:00:00+00:00,Bellarmine Knights,Northern Kentucky Norse,totals,full_game,,,,,,,147.0,-110.0,-110.0
773ffbf41d1e2338996e2d4db68eade3,Fanatics,2025-12-13 16:22:22.925734+00:00,2025-12-13 16:21:50+00:00,2025-12-13 19:00:00+00:00,Bellarmine Knights,Northern Kentucky Norse,h2h,2h,150.0,-180.0,,,,,,,
773ffbf41d1e2338996e2d4db68eade3,Fanatics,2025-12-13 16:22:22.925734+00:00,2025-12-13 16:21:50+00:00,2025-12-13 19:00:00+00:00,Bellarmine Knights,Northern Kentucky Norse,spreads,full_game,,,4.0,-110.0,-4.0,-110.0,,,
773ffbf41d1e2338996e2d4db68eade3,Fanatics,2025-12-13 16:22:22.925734+00:00,2025-12-13 16:21:50+00:00,2025-12-13 19:00:00+00:00,Bellarmine Knights,Northern Kentucky Norse,totals,full_game,,,,,,,147.0,-110.0,-110.0
773ffbf41d1e2338996e2d4db68eade3,BetMGM,2025-12-13 16:22:22.925734+00:00,2025-12-13 16:21:54+00:00,2025-12-13 19:00:00+00:00,Bellarmine Knights,Northern Kentucky Norse,h2h,2h,154.0,-190.0,,,,,,,
773ffbf41d1e2338996e2d4db68eade3,BetMGM,2025-12-13 16:22:22.925734+00:00,2025-12-13 16:21:54+00:00,2025-12-13 19:00:00+00:00,Bellarmine Knights,Northern Kentucky Norse,spreads,full_game,,,4.5,-115.0,-4.5,-105.0,,,
773ffbf41d1e2338996e2d4db68eade3,BetMGM,2025-12-13 16:22:22.925734+00:00,2025-12-13 16:21:54+00:00,2025-12-13 19:00:00+00:00,Bellarmine Knights,Northern Kentucky Norse,totals,full_game,,,,,,,146.5,-110.0,-110.0
773ffbf41d1e2338996e2d4db68eade3,FanDuel,2025-12-13 16:22:22.925734+00:00,2025-12-13 16:21:13+00:00,2025-12-13 19:00:00+00:00,Bellarmine Knights,Northern Kentucky Norse,h2h,2h,156.0,-194.0,,,,,,,
773ffbf41d1e2338996e2d4db68eade3,FanDuel,2025-12-13 16:22:22.925734+00:00,2025-12-13 16:21:13+00:00,2025-12-13 19:00:00+00:00,Bellarmine Knights,Northern Kentucky Norse,spreads,full_game,,,4.5,-115.0,-4.5,-105.0,,,
773ffbf41d1e2338996e2d4db68eade3,FanDuel,2025-12-13 16:22:22.925734+00:00,2025-12-13 16:21:13+00:00,2025-12-13 19:00:00+00:00,Bellarmine Knights,Northern Kentucky Norse,totals,full_game,,,,,,,146.5,-110.0,-110.0
773ffbf41d1e2338996e2d4db68eade3,BetRivers,2025-12-13 16:22:22.925734+00:00,2025-12-13 16:22:17+00:00,2025-12-13 19:00:00+00:00,Bellarmine Knights,Northern Kentucky Norse,h2h,2h,163.0,-205.0,,,,,,,
773ffbf41d1e2338996e2d4db68eade3,BetRivers,2025-12-13 16:22:22.925734+00:00,2025-12-13 16:22:17+00:00,2025-12-13 19:00:00+00:00,Bellarmine Knights,Northern Kentucky Norse,spreads,full_game,,,4.5,-110.0,-4.5,-112.0,,,
773ffbf41d1e2338996e2d4db68eade3,BetRivers,2025-12-13 16:22:22.925734+00:00,2025-12-13 16:22:17+00:00,2025-12-13 19:00:00+00:00,Bellarmine Knights,Northern Kentucky Norse,totals,full_game,,,,,,,146.5,-112.0,-112.0
773ffbf41d1e2338996e2d4db68eade3,Bovada,2025-12-13 16:22:22.925734+00:00,2025-12-13 16:21:51+00:00,2025-12-13 19:00:00+00:00,Bellarmine Knights,Northern Kentucky Norse,h2h,2h,150.0,-175.0,,,,,,,
773ffbf41d1e2338996e2d4db68eade3,Bovada,2025-12-13 16:22:22.925734+00:00,2025-12-13 16:21:51+00:00,2025-12-13 19:00:00+00:00,Bellarmine Knights,Northern Kentucky Norse,spreads,full_game,,,4.0,-110.0,-4.0,-110.0,,,
773ffbf41d1e2338996e2d4db68eade3,Bovada,2025-12-13 16:22:22.925734+00:00,2025-12-13 16:21:51+00:00,2025-12-13 19:00:00+00:00,Bellarmine Knights,Northern Kentucky Norse,totals,full_game,,,,,,,147.0,-110.0,-110.0
773ffbf41d1e2338996e2d4db68eade3,Caesars,2025-12-13 16:22:22.925734+00:00,2025-12-13 16:17:55+00:00,2025-12-13 19:00:00+00:00,Bellarmine Knights,Northern Kentucky Norse,h2h,2h,158.0,-190.0,,,,,,,
773ffbf41d1e2338996e2d4db68eade3,Caesars,2025-12-13 16:22:22.925734+00:00,2025-12-13 16:17:55+00:00,2025-12-13 19:00:00+00:00,Bellarmine Knights,Northern Kentucky Norse,spreads,full_game,,,4.5,-110.0,-4.5,-110.0,,,
773ffbf41d1e2338996e2d4db68eade3,Caesars,2025-12-13 16:22:22.925734+00:00,2025-12-13 16:17:55+00:00,2025-12-13 19:00:00+00:00,Bellarmine Knights,Northern Kentucky Norse,totals,full_game,,,,,,,146.5,-110.0,-110.0
4a6851c3e18955ff9673eaef68f46537,DraftKings,2025-12-13 16:22:22.925734+00:00,2025-12-13 16:21:38+00:00,2025-12-13 19:00:00+00:00,Dartmouth Big Green,Boston Univ. Terriers,h2h,2h,-155.0,130.0,,,,,,,
4a6851c3e18955ff9673eaef68f46537,DraftKings,2025-12-13 16:22:22.925734+00:00,2025-12-13 16:21:38+00:00,2025-12-13 19:00:00+00:00,Dartmouth Big Green,Boston Univ. Terriers,spreads,full_game,,,-2.5,-115.0,2.5,-105.0,,,
4a6851c3e18955ff9673eaef68f46537,DraftKings,2025-12-13 16:22:22.925734+00:00,2025-12-13 16:21:38+00:00,2025-12-13 19:00:00+00:00,Dartmouth Big Green,Boston Univ. Terriers,totals,full_game,,,,,,,146.5,-108.0,-112.0
4a6851c3e18955ff9673eaef68f46537,BetOnline.ag,2025-12-13 16:22:22.925734+00:00,2025-12-13 16:21:39+00:00,2025-12-13 19:00:00+00:00,Dartmouth Big Green,Boston Univ. Terriers,spreads,full_game,,,-3.0,-110.0,3.0,-110.0,,,
4a6851c3e18955ff9673eaef68f46537,BetOnline.ag,2025-12-13 16:22:22.925734+00:00,2025-12-13 16:21:39+00:00,2025-12-13 19:00:00+00:00,Dartmouth Big Green,Boston Univ. Terriers,totals,full_game,,,,,,,146.5,-105.0,-115.0
4a6851c3e18955ff9673eaef68f46537,LowVig.ag,2025-12-13 16:22:22.925734+00:00,2025-12-13 16:21:24+00:00,2025-12-13 19:00:00+00:00,Dartmouth Big Green,Boston Univ. Terriers,spreads,full_game,,,-3.0,-106.0,3.0,-106.0,,,
4a6851c3e18955ff9673eaef68f46537,LowVig.ag,2025-12-13 16:22:22.925734+00:00,2025-12-13 16:21:24+00:00,2025-12-13 19:00:00+00:00,Dartmouth Big Green,Boston Univ. Terriers,totals,full_game,,,,,,,146.5,-103.0,-113.0
4a6851c3e18955ff9673eaef68f46537,Fanatics,2025-12-13 16:22:22.925734+00:00,2025-12-13 16:21:50+00:00,2025-12-13 19:00:00+00:00,Dartmouth Big Green,Boston Univ. Terriers,h2h,2h,-150.0,125.0,,,,,,,
4a6851c3e18955ff9673eaef68f46537,Fanatics,2025-12-13 16:22:22.925734+00:00,2025-12-13 16:21:50+00:00,2025-12-13 19:00:00+00:00,Dartmouth Big Green,Boston Univ. Terriers,spreads,full_game,,,-2.5,-110.0,2.5,-110.0,,,
4a6851c3e18955ff9673eaef68f46537,Fanatics,2025-12-13 16:22:22.925734+00:00,2025-12-13 16:21:50+00:00,2025-12-13 19:00:00+00:00,Dartmouth Big Green,Boston Univ. Terriers,totals,full_game,,,,,,,146.5,-110.0,-110.0
4a6851c3e18955ff9673eaef68f46537,BetMGM,2025-12-13 16:22:22.925734+00:00,2025-12-13 16:21:54+00:00,2025-12-13 19:00:00+00:00,Dartmouth Big Green,Boston Univ. Terriers,h2h,2h,-150.0,125.0,,,,,,,
4a6851c3e18955ff9673eaef68f46537,BetMGM,2025-12-13 16:22:22.925734+00:00,2025-12-13 16:21:54+00:00,2025-12-13 19:00:00+00:00,Dartmouth Big Green,Boston Univ. Terriers,spreads,full_game,,,-2.5,-118.0,2.5,-102.0,,,
4a6851c3e18955ff9673eaef68f46537,BetMGM,2025-12-13 16:22:22.925734+00:00,2025-12-13 16:21:54+00:00,2025-12-13 19:00:00+00:00,Dartmouth Big Green,Boston Univ. Terriers,totals,full_game,,,,,,,146.5,-105.0,-115.0
4a6851c3e18955ff9673eaef68f46537,FanDuel,2025-12-13 16:22:22.925734+00:00,2025-12-13 16:21:13+00:00,2025-12-13 19:00:00+00:00,Dartmouth Big Green,Boston Univ. Terriers,h2h,2h,-160.0,130.0,,,,,,,
4a6851c3e18955ff9673eaef68f46537,FanDuel,2025-12-13 16:22:22.925734+00:00,2025-12-13 16:21:13+00:00,2025-12-13 19:00:00+00:00,Dartmouth Big Green,Boston Univ. Terriers,spreads,full_game,,,-2.5,-114.0,2.5,-106.0,,,
4a6851c3e18955ff9673eaef68f46537,FanDuel,2025-12-13 16:22:22.925734+00:00,2025-12-13 16:21:13+00:00,2025-12-13 19:00:00+00:00,Dartmouth Big Green,Boston Univ. Terriers,totals,full_game,,,,,,,146.5,-110.0,-110.0
4a6851c3e18955ff9673eaef68f46537,BetRivers,2025-12-13 16:22:22.925734+00:00,2025-12-13 16:22:17+00:00,2025-12-13 19:00:00+00:00,Dartmouth Big Green,Boston Univ. Terriers,h2h,2h,-150.0,120.0,,,,,,,
4a6851c3e18955ff9673eaef68f46537,BetRivers,2025-12-13 16:22:22.925734+00:00,2025-12-13 16:22:17+00:00,2025-12-13 19:00:00+00:00,Dartmouth Big Green,Boston Univ. Terriers,spreads,full_game,,,-3.0,-108.0,3.0,-115.0,,,
4a6851c3e18955ff9673eaef68f46537,BetRivers,2025-12-13 16:22:22.925734+00:00,2025-12-13 16:22:17+00:00,2025-12-13 19:00:00+00:00,Dartmouth Big Green,Boston Univ. Terriers,totals,full_game,,,,,,,146.5,-113.0,-110.0
4a6851c3e18955ff9673eaef68f46537,Bovada,2025-12-13 16:22:22.925734+00:00,2025-12-13 16:21:51+00:00,2025-12-13 19:00:00+00:00,Dartmouth Big Green,Boston Univ. Terriers,h2h,2h,-145.0,125.0,,,,,,,
4a6851c3e18955ff9673eaef68f46537,Bovada,2025-12-13 16:22:22.925734+00:00,2025-12-13 16:21:51+00:00,2025-12-13 19:00:00+00:00,Dartmouth Big Green,Boston Univ. Terriers,spreads,full_game,,,-2.5,-115.0,2.5,-105.0,,,
4a6851c3e18955ff9673eaef68f46537,Bovada,2025-12-13 16:22:22.925734+00:00,2025-12-13 16:21:51+00:00,2025-12-13 19:00:00+00:00,Dartmouth Big Green,Boston Univ. Terriers,totals,full_game,,,,,,,146.5,-110.0,-110.0
4a6851c3e18955ff9673eaef68f46537,Caesars,2025-12-13 16:22:22.925734+00:00,2025-12-13 16:17:55+00:00,2025-12-13 19:00:00+00:00,Dartmouth Big Green,Boston Univ. Terriers,h2h,2h,-155.0,130.0,,,,,,,
4a6851c3e18955ff9673eaef68f46537,Caesars,2025-12-13 16:22:22.925734+00:00,2025-12-13 16:17:55+00:00,2025-12-13 19:00:00+00:00,Dartmouth Big Green,Boston Univ. Terriers,spreads,full_game,,,-2.5,-110.0,2.5,-110.0,,,
4a6851c3e18955ff9673eaef68f46537,Caesars,2025-12-13 16:22:22.925734+00:00,2025-12-13 16:17:55+00:00,2025-12-13 19:00:00+00:00,Dartmouth Big Green,Boston Univ. Terriers,totals,full_game,,,,,,,146.5,-110.0,-110.0
7800aaa2f33956d85ec3ec21a0995161,DraftKings,2025-12-13 16:22:22.925734+00:00,2025-12-13 16:21:38+00:00,2025-12-13 19:00:00+00:00,Maine Black Bears,Canisius Golden Griffins,h2h,2h,-245.0,200.0,,,,,,,
7800aaa2f33956d85ec3ec21a0995161,DraftKings,2025-12-13 16:22:22.925734+00:00,2025-12-13 16:21:38+00:00,2025-12-13 19:00:00+00:00,Maine Black Bears,Canisius Golden Griffins,spreads,full_game,,,-5.5,-108.0,5.5,-112.0,,,
7800aaa2f33956d85ec3ec21a0995161,DraftKings,2025-12-13 16:22:22.925734+00:00,2025-12-13 16:21:38+00:00,2025-12-13 19:00:00+00:00,Maine Black Bears,Canisius Golden Griffins,totals,full_game,,,,,,,126.5,-105.0,-115.0
7800aaa2f33956d85ec3ec21a0995161,BetOnline.ag,2025-12-13 16:22:22.925734+00:00,2025-12-13 16:21:39+00:00,2025-12-13 19:00:00+00:00,Maine Black Bears,Canisius Golden Griffins,spreads,full_game,,,-5.0,-105.0,5.0,-115.0,,,
7800aaa2f33956d85ec3ec21a0995161,BetOnline.ag,2025-12-13 16:22:22.925734+00:00,2025-12-13 16:21:39+00:00,2025-12-13 19:00:00+00:00,Maine Black Bears,Canisius Golden Griffins,totals,full_game,,,,,,,126.0,-115.0,-105.0
7800aaa2f33956d85ec3ec21a0995161,LowVig.ag,2025-12-13 16:22:22.925734+00:00,2025-12-13 16:21:24+00:00,2025-12-13 19:00:00+00:00,Maine Black Bears,Canisius Golden Griffins,spreads,full_game,,,-5.0,-101.0,5.0,-111.0,,,
7800aaa2f33956d85ec3ec21a0995161,LowVig.ag,2025-12-13 16:22:22.925734+00:00,2025-12-13 16:21:24+00:00,2025-12-13 19:00:00+00:00,Maine Black Bears,Canisius Golden Griffins,totals,full_game,,,,,,,126.0,-113.0,-103.0
7800aaa2f33956d85ec3ec21a0995161,Fanatics,2025-12-13 16:22:22.925734+00:00,2025-12-13 16:21:50+00:00,2025-12-13 19:00:00+00:00,Maine Black Bears,Canisius Golden Griffins,h2h,2h,-240.0,190.0,,,,,,,
7800aaa2f33956d85ec3ec21a0995161,Fanatics,2025-12-13 16:22:22.925734+00:00,2025-12-13 16:21:50+00:00,2025-12-13 19:00:00+00:00,Maine Black Bears,Canisius Golden Griffins,spreads,full_game,,,-5.5,-110.0,5.5,-110.0,,,
7800aaa2f33956d85ec3ec21a0995161,Fanatics,2025-12-13 16:22:22.925734+00:00,2025-12-13 16:21:50+00:00,2025-12-13 19:00:00+00:00,Maine Black Bears,Canisius Golden Griffins,totals,full_game,,,,,,,126.5,-110.0,-110.0
7800aaa2f33956d85ec3ec21a0995161,BetMGM,2025-12-13 16:22:22.925734+00:00,2025-12-13 16:21:54+00:00,2025-12-13 19:00:00+00:00,Maine Black Bears,Canisius Golden Griffins,h2h,2h,-235.0,195.0,,,,,,,
7800aaa2f33956d85ec3ec21a0995161,BetMGM,2025-12-13 16:22:22.925734+00:00,2025-12-13 16:21:54+00:00,2025-12-13 19:00:00+00:00,Maine Black Bears,Canisius Golden Griffins,spreads,full_game,,,-5.5,-105.0,5.5,-115.0,,,
7800aaa2f33956d85ec3ec21a0995161,BetMGM,2025-12-13 16:22:22.925734+00:00,2025-12-13 16:21:54+00:00,2025-12-13 19:00:00+00:00,Maine Black Bears,Canisius Golden Griffins,totals,full_game,,,,,,,126.5,-105.0,-115.0
7800aaa2f33956d85ec3ec21a0995161,FanDuel,2025-12-13 16:22:22.925734+00:00,2025-12-13 16:21:13+00:00,2025-12-13 19:00:00+00:00,Maine Black Bears,Canisius Golden Griffins,h2h,2h,-265.0,210.0,,,,,,,
7800aaa2f33956d85ec3ec21a0995161,FanDuel,2025-12-13 16:22:22.925734+00:00,2025-12-13 16:21:13+00:00,2025-12-13 19:00:00+00:00,Maine Black Bears,Canisius Golden Griffins,spreads,full_game,,,-5.5,-110.0,5.5,-110.0,,,
7800aaa2f33956d85ec3ec21a0995161,FanDuel,2025-12-13 16:22:22.925734+00:00,2025-12-13 16:21:13+00:00,2025-12-13 19:00:00+00:00,Maine Black Bears,Canisius Golden Griffins,totals,full_game,,,,,,,126.5,-108.0,-112.0
7800aaa2f33956d85ec3ec21a0995161,BetRivers,2025-12-13 16:22:22.925734+00:00,2025-12-13 16:22:17+00:00,2025-12-13 19:00:00+00:00,Maine Black Bears,Canisius Golden Griffins,h2h,2h,-295.0,225.0,,,,,,,
7800aaa2f33956d85ec3ec21a0995161,BetRivers,2025-12-13 16:22:22.925734+00:00,2025-12-13 16:22:17+00:00,2025-12-13 19:00:00+00:00,Maine Black Bears,Canisius Golden Griffins,spreads,full_game,,,-6.5,-112.0,6.5,-114.0,,,
7800aaa2f33956d85ec3ec21a0995161,BetRivers,2025-12-13 16:22:22.925734+00:00,2025-12-13 16:22:17+00:00,2025-12-13 19:00:00+00:00,Maine Black Bears,Canisius Golden Griffins,totals,full_game,,,,,,,126.5,-110.0,-115.0
7800aaa2f33956d85ec3ec21a0995161,Bovada,2025-12-13 16:22:22.925734+00:00,2025-12-13 16:21:51+00:00,2025-12-13 19:00:00+00:00,Maine Black Bears,Canisius Golden Griffins,h2h,2h,-235.0,195.0,,,,,,,
7800aaa2f33956d85ec3ec21a0995161,Bovada,2025-12-13 16:22:22.925734+00:00,2025-12-13 16:21:51+00:00,2025-12-13 19:00:00+00:00,Maine Black Bears,Canisius Golden Griffins,spreads,full_game,,,-5.5,-115.0,5.5,-105.0,,,
7800aaa2f33956d85ec3ec21a0995161,Bovada,2025-12-13 16:22:22.925734+00:00,2025-12-13 16:21:51+00:00,2025-12-13 19:00:00+00:00,Maine Black Bears,Canisius Golden Griffins,totals,full_game,,,,,,,127.5,-110.0,-110.0
7800aaa2f33956d85ec3ec21a0995161,Caesars,2025-12-13 16:22:22.925734+00:00,2025-12-13 16:17:55+00:00,2025-12-13 19:00:00+00:00,Maine Black Bears,Canisius Golden Griffins,h2h,2h,-250.0,205.0,,,,,,,
7800aaa2f33956d85ec3ec21a0995161,Caesars,2025-12-13 16:22:22.925734+00:00,2025-12-13 16:17:55+00:00,2025-12-13 19:00:00+00:00,Maine Black Bears,Canisius Golden Griffins,spreads,full_game,,,-5.5,-110.0,5.5,-110.0,,,
7800aaa2f33956d85ec3ec21a0995161,Caesars,2025-12-13 16:22:22.925734+00:00,2025-12-13 16:17:55+00:00,2025-12-13 19:00:00+00:00,Maine Black Bears,Canisius Golden Griffins,totals,full_game,,,,,,,126.0,-110.0,-110.0
e718e8fa93726eccbe67304e9942c043,DraftKings,2025-12-13 16:22:22.925734+00:00,2025-12-13 16:21:38+00:00,2025-12-13 19:00:00+00:00,Davidson Wildcats,Mercyhurst Lakers,h2h,2h,-1050.0,675.0,,,,,,,
e718e8fa93726eccbe67304e9942c043,DraftKings,2025-12-13 16:22:22.925734+00:00,2025-12-13 16:21:38+00:00,2025-12-13 19:00:00+00:00,Davidson Wildcats,Mercyhurst Lakers,spreads,full_game,,,-13.5,-108.0,13.5,-112.0,,,
e718e8fa93726eccbe67304e9942c043,DraftKings,2025-12-13 16:22:22.925734+00:00,2025-12-13 16:21:38+00:00,2025-12-13 19:00:00+00:00,Davidson Wildcats,Mercyhurst Lakers,totals,full_game,,,,,,,133.5,-105.0,-115.0
e718e8fa93726eccbe67304e9942c043,BetOnline.ag,2025-12-13 16:22:22.925734+00:00,2025-12-13 16:21:39+00:00,2025-12-13 19:00:00+00:00,Davidson Wildcats,Mercyhurst Lakers,spreads,full_game,,,-13.0,-110.0,13.0,-110.0,,,
e718e8fa93726eccbe67304e9942c043,BetOnline.ag,2025-12-13 16:22:22.925734+00:00,2025-12-13 16:21:39+00:00,2025-12-13 19:00:00+00:00,Davidson Wildcats,Mercyhurst Lakers,totals,full_game,,,,,,,133.0,-110.0,-110.0
e718e8fa93726eccbe67304e9942c043,LowVig.ag,2025-12-13 16:22:22.925734+00:00,2025-12-13 16:21:25+00:00,2025-12-13 19:00:00+00:00,Davidson Wildcats,Mercyhurst Lakers,spreads,full_game,,,-13.0,-106.0,13.0,-106.0,,,
e718e8fa93726eccbe67304e9942c043,LowVig.ag,2025-12-13 16:22:22.925734+00:00,2025-12-13 16:21:25+00:00,2025-12-13 19:00:00+00:00,Davidson Wildcats,Mercyhurst Lakers,totals,full_game,,,,,,,133.0,-108.0,-108.0
e718e8fa93726eccbe67304e9942c043,Fanatics,2025-12-13 16:22:22.925734+00:00,2025-12-13 16:21:50+00:00,2025-12-13 19:00:00+00:00,Davidson Wildcats,Mercyhurst Lakers,h2h,2h,-1300.0,800.0,,,,,,,
e718e8fa93726eccbe67304e9942c043,Fanatics,2025-12-13 16:22:22.925734+00:00,2025-12-13 16:21:50+00:00,2025-12-13 19:00:00+00:00,Davidson Wildcats,Mercyhurst Lakers,spreads,full_game,,,-13.0,-110.0,13.0,-110.0,,,
e718e8fa93726eccbe67304e9942c043,Fanatics,2025-12-13 16:22:22.925734+00:00,2025-12-13 16:21:50+00:00,2025-12-13 19:00:00+00:00,Davidson Wildcats,Mercyhurst Lakers,totals,full_game,,,,,,,133.0,-110.0,-110.0
e718e8fa93726eccbe67304e9942c043,BetMGM,2025-12-13 16:22:22.925734+00:00,2025-12-13 16:21:54+00:00,2025-12-13 19:00:00+00:00,Davidson Wildcats,Mercyhurst Lakers,h2h,2h,-1200.0,725.0,,,,,,,
e718e8fa93726eccbe67304e9942c043,BetMGM,2025-12-13 16:22:22.925734+00:00,2025-12-13 16:21:54+00:00,2025-12-13 19:00:00+00:00,Davidson Wildcats,Mercyhurst Lakers,spreads,full_game,,,-13.5,-105.0,13.5,-115.0,,,
e718e8fa93726eccbe67304e9942c043,BetMGM,2025-12-13 16:22:22.925734+00:00,2025-12-13 16:21:54+00:00,2025-12-13 19:00:00+00:00,Davidson Wildcats,Mercyhurst Lakers,totals,full_game,,,,,,,133.5,-105.0,-115.0
e718e8fa93726eccbe67304e9942c043,FanDuel,2025-12-13 16:22:22.925734+00:00,2025-12-13 16:21:13+00:00,2025-12-13 19:00:00+00:00,Davidson Wildcats,Mercyhurst Lakers,h2h,2h,-1800.0,880.0,,,,,,,
e718e8fa93726eccbe67304e9942c043,FanDuel,2025-12-13 16:22:22.925734+00:00,2025-12-13 16:21:13+00:00,2025-12-13 19:00:00+00:00,Davidson Wildcats,Mercyhurst Lakers,spreads,full_game,,,-13.5,-106.0,13.5,-114.0,,,
e718e8fa93726eccbe67304e9942c043,FanDuel,2025-12-13 16:22:22.925734+00:00,2025-12-13 16:21:13+00:00,2025-12-13 19:00:00+00:00,Davidson Wildcats,Mercyhurst Lakers,totals,full_game,,,,,,,133.5,-106.0,-114.0
e718e8fa93726eccbe67304e9942c043,BetRivers,2025-12-13 16:22:22.925734+00:00,2025-12-13 16:22:17+00:00,2025-12-13 19:00:00+00:00,Davidson Wildcats,Mercyhurst Lakers,h2h,2h,-1000.0,575.0,,,,,,,
e718e8fa93726eccbe67304e9942c043,BetRivers,2025-12-13 16:22:22.925734+00:00,2025-12-13 16:22:17+00:00,2025-12-13 19:00:00+00:00,Davidson Wildcats,Mercyhurst Lakers,spreads,full_game,,,-13.5,-107.0,13.5,-120.0,,,
e718e8fa93726eccbe67304e9942c043,BetRivers,2025-12-13 16:22:22.925734+00:00,2025-12-13 16:22:17+00:00,2025-12-13 19:00:00+00:00,Davidson Wildcats,Mercyhurst Lakers,totals,full_game,,,,,,,134.5,-108.0,-118.0
e718e8fa93726eccbe67304e9942c043,Bovada,2025-12-13 16:22:22.925734+00:00,2025-12-13 16:21:51+00:00,2025-12-13 19:00:00+00:00,Davidson Wildcats,Mercyhurst Lakers,h2h,2h,-1100.0,650.0,,,,,,,
e718e8fa93726eccbe67304e9942c043,Bovada,2025-12-13 16:22:22.925734+00:00,2025-12-13 16:21:51+00:00,2025-12-13 19:00:00+00:00,Davidson Wildcats,Mercyhurst Lakers,spreads,full_game,,,-13.0,-110.0,13.0,-110.0,,,
e718e8fa93726eccbe67304e9942c043,Bovada,2025-12-13 16:22:22.925734+00:00,2025-12-13 16:21:51+00:00,2025-12-13 19:00:00+00:00,Davidson Wildcats,Mercyhurst Lakers,totals,full_game,,,,,,,132.5,-105.0,-115.0
e718e8fa93726eccbe67304e9942c043,Caesars,2025-12-13 16:22:22.925734+00:00,2025-12-13 16:17:55+00:00,2025-12-13 19:00:00+00:00,Davidson Wildcats,Mercyhurst Lakers,h2h,2h,-1100.0,700.0,,,,,,,
e718e8fa93726eccbe67304e9942c043,Caesars,2025-12-13 16:22:22.925734+00:00,2025-12-13 16:17:55+00:00,2025-12-13 19:00:00+00:00,Davidson Wildcats,Mercyhurst Lakers,spreads,full_game,,,-13.0,-110.0,13.0,-110.0,,,
e718e8fa93726eccbe67304e9942c043,Caesars,2025-12-13 16:22:22.925734+00:00,2025-12-13 16:17:55+00:00,2025-12-13 19:00:00+00:00,Davidson Wildcats,Mercyhurst Lakers,totals,full_game,,,,,,,133.0,-110.0,-110.0
3925bbbc950e970196f6b705ce7a6111,DraftKings,2025-12-13 16:22:22.925734+00:00,2025-12-13 16:21:38+00:00,2025-12-13 19:00:00+00:00,Drake Bulldogs,North Dakota St Bison,h2h,2h,-278.0,225.0,,,,,,,
3925bbbc950e970196f6b705ce7a6111,DraftKings,2025-12-13 16:22:22.925734+00:00,2025-12-13 16:21:38+00:00,2025-12-13 19:00:00+00:00,Drake Bulldogs,North Dakota St Bison,spreads,full_game,,,-6.5,-110.0,6.5,-110.0,,,
3925bbbc950e970196f6b705ce7a6111,DraftKings,2025-12-13 16:22:22.925734+00:00,2025-12-13 16:21:38+00:00,2025-12-13 19:00:00+00:00,Drake Bulldogs,North Dakota St Bison,totals,full_game,,,,,,,144.5,-108.0,-112.0
3925bbbc950e970196f6b705ce7a6111,Fanatics,2025-12-13 16:22:22.925734+00:00,2025-12-13 16:21:50+00:00,2025-12-13 19:00:00+00:00,Drake Bulldogs,North Dakota St Bison,h2h,2h,-275.0,220.0,,,,,,,
3925bbbc950e970196f6b705ce7a6111,Fanatics,2025-12-13 16:22:22.925734+00:00,2025-12-13 16:21:50+00:00,2025-12-13 19:00:00+00:00,Drake Bulldogs,North Dakota St Bison,spreads,full_game,,,-6.5,-110.0,6.5,-110.0,,,
3925bbbc950e970196f6b705ce7a6111,Fanatics,2025-12-13 16:22:22.925734+00:00,2025-12-13 16:21:50+00:00,2025-12-13 19:00:00+00:00,Drake Bulldogs,North Dakota St Bison,totals,full_game,,,,,,,144.0,-110.0,-110.0
3925bbbc950e970196f6b705ce7a6111,BetOnline.ag,2025-12-13 16:22:22.925734+00:00,2025-12-13 16:21:39+00:00,2025-12-13 19:00:00+00:00,Drake Bulldogs,North Dakota St Bison,h2h,2h,-280.0,230.0,,,,,,,
3925bbbc950e970196f6b705ce7a6111,BetOnline.ag,2025-12-13 16:22:22.925734+00:00,2025-12-13 16:21:39+00:00,2025-12-13 19:00:00+00:00,Drake Bulldogs,North Dakota St Bison,spreads,full_game,,,-6.5,-110.0,6.5,-110.0,,,
3925bbbc950e970196f6b705ce7a6111,BetOnline.ag,2025-12-13 16:22:22.925734+00:00,2025-12-13 16:21:39+00:00,2025-12-13 19:00:00+00:00,Drake Bulldogs,North Dakota St Bison,totals,full_game,,,,,,,144.0,-110.0,-110.0
3925bbbc950e970196f6b705ce7a6111,LowVig.ag,2025-12-13 16:22:22.925734+00:00,2025-12-13 16:21:24+00:00,2025-12-13 19:00:00+00:00,Drake Bulldogs,North Dakota St Bison,h2h,2h,-280.0,230.0,,,,,,,
3925bbbc950e970196f6b705ce7a6111,LowVig.ag,2025-12-13 16:22:22.925734+00:00,2025-12-13 16:21:24+00:00,2025-12-13 19:00:00+00:00,Drake Bulldogs,North Dakota St Bison,spreads,full_game,,,-6.5,-106.0,6.5,-106.0,,,
3925bbbc950e970196f6b705ce7a6111,LowVig.ag,2025-12-13 16:22:22.925734+00:00,2025-12-13 16:21:24+00:00,2025-12-13 19:00:00+00:00,Drake Bulldogs,North Dakota St Bison,totals,full_game,,,,,,,144.0,-108.0,-108.0
3925bbbc950e970196f6b705ce7a6111,BetMGM,2025-12-13 16:22:22.925734+00:00,2025-12-13 16:21:54+00:00,2025-12-13 19:00:00+00:00,Drake Bulldogs,North Dakota St Bison,h2h,2h,-285.0,225.0,,,,,,,
3925bbbc950e970196f6b705ce7a6111,BetMGM,2025-12-13 16:22:22.925734+00:00,2025-12-13 16:21:54+00:00,2025-12-13 19:00:00+00:00,Drake Bulldogs,North Dakota St Bison,spreads,full_game,,,-6.5,-110.0,6.5,-110.0,,,
3925bbbc950e970196f6b705ce7a6111,BetMGM,2025-12-13 16:22:22.925734+00:00,2025-12-13 16:21:54+00:00,2025-12-13 19:00:00+00:00,Drake Bulldogs,North Dakota St Bison,totals,full_game,,,,,,,144.5,-105.0,-115.0
3925bbbc950e970196f6b705ce7a6111,Bovada,2025-12-13 16:22:22.925734+00:00,2025-12-13 16:21:51+00:00,2025-12-13 19:00:00+00:00,Drake Bulldogs,North Dakota St Bison,h2h,2h,-285.0,235.0,,,,,,,
3925bbbc950e970196f6b705ce7a6111,Bovada,2025-12-13 16:22:22.925734+00:00,2025-12-13 16:21:51+00:00,2025-12-13 19:00:00+00:00,Drake Bulldogs,North Dakota St Bison,spreads,full_game,,,-6.5,-110.0,6.5,-110.0,,,
3925bbbc950e970196f6b705ce7a6111,Bovada,2025-12-13 16:22:22.925734+00:00,2025-12-13 16:21:51+00:00,2025-12-13 19:00:00+00:00,Drake Bulldogs,North Dakota St Bison,totals,full_game,,,,,,,144.0,-110.0,-110.0
3925bbbc950e970196f6b705ce7a6111,Caesars,2025-12-13 16:22:22.925734+00:00,2025-12-13 16:17:55+00:00,2025-12-13 19:00:00+00:00,Drake Bulldogs,North Dakota St Bison,h2h,2h,-278.0,222.0,,,,,,,
3925bbbc950e970196f6b705ce7a6111,Caesars,2025-12-13 16:22:22.925734+00:00,2025-12-13 16:17:55+00:00,2025-12-13 19:00:00+00:00,Drake Bulldogs,North Dakota St Bison,spreads,full_game,,,-6.5,-110.0,6.5,-110.0,,,
3925bbbc950e970196f6b705ce7a6111,Caesars,2025-12-13 16:22:22.925734+00:00,2025-12-13 16:17:55+00:00,2025-12-13 19:00:00+00:00,Drake Bulldogs,North Dakota St Bison,totals,full_game,,,,,,,144.0,-110.0,-110.0
3925bbbc950e970196f6b705ce7a6111,BetUS,2025-12-13 16:22:22.925734+00:00,2025-12-13 16:22:17+00:00,2025-12-13 19:00:00+00:00,Drake Bulldogs,North Dakota St Bison,h2h,2h,-280.0,235.0,,,,,,,
3925bbbc950e970196f6b705ce7a6111,BetUS,2025-12-13 16:22:22.925734+00:00,2025-12-13 16:22:17+00:00,2025-12-13 19:00:00+00:00,Drake Bulldogs,North Dakota St Bison,spreads,full_game,,,-6.5,-110.0,6.5,-110.0,,,
3925bbbc950e970196f6b705ce7a6111,BetUS,2025-12-13 16:22:22.925734+00:00,2025-12-13 16:22:17+00:00,2025-12-13 19:00:00+00:00,Drake Bulldogs,North Dakota St Bison,totals,full_game,,,,,,,144.0,-110.0,-110.0
3925bbbc950e970196f6b705ce7a6111,BetRivers,2025-12-13 16:22:22.925734+00:00,2025-12-13 16:22:17+00:00,2025-12-13 19:00:00+00:00,Drake Bulldogs,North Dakota St Bison,h2h,2h,-278.0,215.0,,,,,,,
3925bbbc950e970196f6b705ce7a6111,BetRivers,2025-12-13 16:22:22.925734+00:00,2025-12-13 16:22:17+00:00,2025-12-13 19:00:00+00:00,Drake Bulldogs,North Dakota St Bison,spreads,full_game,,,-6.5,-110.0,6.5,-113.0,,,
3925bbbc950e970196f6b705ce7a6111,BetRivers,2025-12-13 16:22:22.925734+00:00,2025-12-13 16:22:17+00:00,2025-12-13 19:00:00+00:00,Drake Bulldogs,North Dakota St Bison,totals,full_game,,,,,,,143.0,-112.0,-110.0
3925bbbc950e970196f6b705ce7a6111,FanDuel,2025-12-13 16:22:22.925734+00:00,2025-12-13 16:21:13+00:00,2025-12-13 19:00:00+00:00,Drake Bulldogs,North Dakota St Bison,h2h,2h,-300.0,235.0,,,,,,,
3925bbbc950e970196f6b705ce7a6111,FanDuel,2025-12-13 16:22:22.925734+00:00,2025-12-13 16:21:13+00:00,2025-12-13 19:00:00+00:00,Drake Bulldogs,North Dakota St Bison,spreads,full_game,,,-6.5,-110.0,6.5,-110.0,,,
3925bbbc950e970196f6b705ce7a6111,FanDuel,2025-12-13 16:22:22.925734+00:00,2025-12-13 16:21:13+00:00,2025-12-13 19:00:00+00:00,Drake Bulldogs,North Dakota St Bison,totals,full_game,,,,,,,144.5,-106.0,-114.0
9e65af317e7f06a03de41a4dc2402559,FanDuel,2025-12-13 16:22:22.925734+00:00,2025-12-13 16:21:13+00:00,2025-12-13 19:00:00+00:00,Notre Dame Fighting Irish,Evansville Purple Aces,h2h,2h,-2500.0,1100.0,,,,,,,
9e65af317e7f06a03de41a4dc2402559,FanDuel,2025-12-13 16:22:22.925734+00:00,2025-12-13 16:21:13+00:00,2025-12-13 19:00:00+00:00,Notre Dame Fighting Irish,Evansville Purple Aces,spreads,full_game,,,-16.5,-110.0,16.5,-110.0,,,
9e65af317e7f06a03de41a4dc2402559,FanDuel,2025-12-13 16:22:22.925734+00:00,2025-12-13 16:21:13+00:00,2025-12-13 19:00:00+00:00,Notre Dame Fighting Irish,Evansville Purple Aces,totals,full_game,,,,,,,133.5,-110.0,-110.0
9e65af317e7f06a03de41a4dc2402559,LowVig.ag,2025-12-13 16:22:22.925734+00:00,2025-12-13 16:21:24+00:00,2025-12-13 19:00:00+00:00,Notre Dame Fighting Irish,Evansville Purple Aces,spreads,full_game,,,-16.5,-104.0,16.5,-108.0,,,
9e65af317e7f06a03de41a4dc2402559,LowVig.ag,2025-12-13 16:22:22.925734+00:00,2025-12-13 16:21:24+00:00,2025-12-13 19:00:00+00:00,Notre Dame Fighting Irish,Evansville Purple Aces,totals,full_game,,,,,,,133.5,-119.0,102.0
9e65af317e7f06a03de41a4dc2402559,BetOnline.ag,2025-12-13 16:22:22.925734+00:00,2025-12-13 16:21:39+00:00,2025-12-13 19:00:00+00:00,Notre Dame Fighting Irish,Evansville Purple Aces,spreads,full_game,,,-16.5,-108.0,16.5,-112.0,,,
9e65af317e7f06a03de41a4dc2402559,BetOnline.ag,2025-12-13 16:22:22.925734+00:00,2025-12-13 16:21:39+00:00,2025-12-13 19:00:00+00:00,Notre Dame Fighting Irish,Evansville Purple Aces,totals,full_game,,,,,,,133.5,-120.0,100.0
9e65af317e7f06a03de41a4dc2402559,Fanatics,2025-12-13 16:22:22.925734+00:00,2025-12-13 16:21:50+00:00,2025-12-13 19:00:00+00:00,Notre Dame Fighting Irish,Evansville Purple Aces,h2h,2h,-1800.0,1050.0,,,,,,,
9e65af317e7f06a03de41a4dc2402559,Fanatics,2025-12-13 16:22:22.925734+00:00,2025-12-13 16:21:50+00:00,2025-12-13 19:00:00+00:00,Notre Dame Fighting Irish,Evansville Purple Aces,spreads,full_game,,,-16.5,-110.0,16.5,-110.0,,,
9e65af317e7f06a03de41a4dc2402559,Fanatics,2025-12-13 16:22:22.925734+00:00,2025-12-13 16:21:50+00:00,2025-12-13 19:00:00+00:00,Notre Dame Fighting Irish,Evansville Purple Aces,totals,full_game,,,,,,,134.5,-110.0,-110.0
9e65af317e7f06a03de41a4dc2402559,DraftKings,2025-12-13 16:22:22.925734+00:00,2025-12-13 16:21:38+00:00,2025-12-13 19:00:00+00:00,Notre Dame Fighting Irish,Evansville Purple Aces,h2h,2h,-2400.0,1200.0,,,,,,,
9e65af317e7f06a03de41a4dc2402559,DraftKings,2025-12-13 16:22:22.925734+00:00,2025-12-13 16:21:38+00:00,2025-12-13 19:00:00+00:00,Notre Dame Fighting Irish,Evansville Purple Aces,spreads,full_game,,,-16.5,-108.0,16.5,-112.0,,,
9e65af317e7f06a03de41a4dc2402559,DraftKings,2025-12-13 16:22:22.925734+00:00,2025-12-13 16:21:38+00:00,2025-12-13 19:00:00+00:00,Notre Dame Fighting Irish,Evansville Purple Aces,totals,full_game,,,,,,,134.5,-110.0,-110.0
9e65af317e7f06a03de41a4dc2402559,BetMGM,2025-12-13 16:22:22.925734+00:00,2025-12-13 16:21:54+00:00,2025-12-13 19:00:00+00:00,Notre Dame Fighting Irish,Evansville Purple Aces,h2h,2h,-2500.0,1050.0,,,,,,,
9e65af317e7f06a03de41a4dc2402559,BetMGM,2025-12-13 16:22:22.925734+00:00,2025-12-13 16:21:54+00:00,2025-12-13 19:00:00+00:00,Notre Dame Fighting Irish,Evansville Purple Aces,spreads,full_game,,,-16.5,-110.0,16.5,-110.0,,,
9e65af317e7f06a03de41a4dc2402559,BetMGM,2025-12-13 16:22:22.925734+00:00,2025-12-13 16:21:54+00:00,2025-12-13 19:00:00+00:00,Notre Dame Fighting Irish,Evansville Purple Aces,totals,full_game,,,,,,,134.5,-105.0,-115.0
9e65af317e7f06a03de41a4dc2402559,Bovada,2025-12-13 16:22:22.925734+00:00,2025-12-13 16:21:51+00:00,2025-12-13 19:00:00+00:00,Notre Dame Fighting Irish,Evansville Purple Aces,h2h,2h,-2200.0,1000.0,,,,,,,
9e65af317e7f06a03de41a4dc2402559,Bovada,2025-12-13 16:22:22.925734+00:00,2025-12-13 16:21:51+00:00,2025-12-13 19:00:00+00:00,Notre Dame Fighting Irish,Evansville Purple Aces,spreads,full_game,,,-16.5,-105.0,16.5,-115.0,,,
9e65af317e7f06a03de41a4dc2402559,Bovada,2025-12-13 16:22:22.925734+00:00,2025-12-13 16:21:51+00:00,2025-12-13 19:00:00+00:00,Notre Dame Fighting Irish,Evansville Purple Aces,totals,full_game,,,,,,,135.0,-110.0,-110.0
9e65af317e7f06a03de41a4dc2402559,Caesars,2025-12-13 16:22:22.925734+00:00,2025-12-13 16:17:55+00:00,2025-12-13 19:00:00+00:00,Notre Dame Fighting Irish,Evansville Purple Aces,h2h,2h,-2400.0,1150.0,,,,,,,
9e65af317e7f06a03de41a4dc2402559,Caesars,2025-12-13 16:22:22.925734+00:00,2025-12-13 16:17:55+00:00,2025-12-13 19:00:00+00:00,Notre Dame Fighting Irish,Evansville Purple Aces,spreads,full_game,,,-16.5,-110.0,16.5,-110.0,,,
9e65af317e7f06a03de41a4dc2402559,Caesars,2025-12-13 16:22:22.925734+00:00,2025-12-13 16:17:55+00:00,2025-12-13 19:00:00+00:00,Notre Dame Fighting Irish,Evansville Purple Aces,totals,full_game,,,,,,,135.0,-110.0,-110.0
9e65af317e7f06a03de41a4dc2402559,BetUS,2025-12-13 16:22:22.925734+00:00,2025-12-13 16:22:17+00:00,2025-12-13 19:00:00+00:00,Notre Dame Fighting Irish,Evansville Purple Aces,spreads,full_game,,,-16.5,-110.0,16.5,-110.0,,,
9e65af317e7f06a03de41a4dc2402559,BetUS,2025-12-13 16:22:22.925734+00:00,2025-12-13 16:22:17+00:00,2025-12-13 19:00:00+00:00,Notre Dame Fighting Irish,Evansville Purple Aces,totals,full_game,,,,,,,134.5,-110.0,-110.0
9e65af317e7f06a03de41a4dc2402559,BetRivers,2025-12-13 16:22:22.925734+00:00,2025-12-13 16:22:17+00:00,2025-12-13 19:00:00+00:00,Notre Dame Fighting Irish,Evansville Purple Aces,h2h,2h,-2500.0,850.0,,,,,,,
9e65af317e7f06a03de41a4dc2402559,BetRivers,2025-12-13 16:22:22.925734+00:00,2025-12-13 16:22:17+00:00,2025-12-13 19:00:00+00:00,Notre Dame Fighting Irish,Evansville Purple Aces,spreads,full_game,,,-16.5,-109.0,16.5,-114.0,,,
9e65af317e7f06a03de41a4dc2402559,BetRivers,2025-12-13 16:22:22.925734+00:00,2025-12-13 16:22:17+00:00,2025-12-13 19:00:00+00:00,Notre Dame Fighting Irish,Evansville Purple Aces,totals,full_game,,,,,,,134.0,-109.0,-114.0
e03cc53db295c4836799a4bc32e84bb2,DraftKings,2025-12-13 16:22:22.925734+00:00,2025-12-13 16:21:38+00:00,2025-12-13 19:00:00+00:00,Fordham Rams,Manhattan Jaspers,h2h,2h,-410.0,320.0,,,,,,,
e03cc53db295c4836799a4bc32e84bb2,DraftKings,2025-12-13 16:22:22.925734+00:00,2025-12-13 16:21:38+00:00,2025-12-13 19:00:00+00:00,Fordham Rams,Manhattan Jaspers,spreads,full_game,,,-8.5,-115.0,8.5,-105.0,,,
e03cc53db295c4836799a4bc32e84bb2,DraftKings,2025-12-13 16:22:22.925734+00:00,2025-12-13 16:21:38+00:00,2025-12-13 19:00:00+00:00,Fordham Rams,Manhattan Jaspers,totals,full_game,,,,,,,145.5,-112.0,-108.0
e03cc53db295c4836799a4bc32e84bb2,Fanatics,2025-12-13 16:22:22.925734+00:00,2025-12-13 16:21:50+00:00,2025-12-13 19:00:00+00:00,Fordham Rams,Manhattan Jaspers,h2h,2h,-400.0,310.0,,,,,,,
e03cc53db295c4836799a4bc32e84bb2,Fanatics,2025-12-13 16:22:22.925734+00:00,2025-12-13 16:21:50+00:00,2025-12-13 19:00:00+00:00,Fordham Rams,Manhattan Jaspers,spreads,full_game,,,-9.0,-110.0,9.0,-110.0,,,
e03cc53db295c4836799a4bc32e84bb2,Fanatics,2025-12-13 16:22:22.925734+00:00,2025-12-13 16:21:50+00:00,2025-12-13 19:00:00+00:00,Fordham Rams,Manhattan Jaspers,totals,full_game,,,,,,,145.5,-110.0,-110.0
e03cc53db295c4836799a4bc32e84bb2,BetOnline.ag,2025-12-13 16:22:22.925734+00:00,2025-12-13 16:21:39+00:00,2025-12-13 19:00:00+00:00,Fordham Rams,Manhattan Jaspers,h2h,2h,-410.0,324.0,,,,,,,
e03cc53db295c4836799a4bc32e84bb2,BetOnline.ag,2025-12-13 16:22:22.925734+00:00,2025-12-13 16:21:39+00:00,2025-12-13 19:00:00+00:00,Fordham Rams,Manhattan Jaspers,spreads,full_game,,,-8.5,-114.0,8.5,-106.0,,,
e03cc53db295c4836799a4bc32e84bb2,BetOnline.ag,2025-12-13 16:22:22.925734+00:00,2025-12-13 16:21:39+00:00,2025-12-13 19:00:00+00:00,Fordham Rams,Manhattan Jaspers,totals,full_game,,,,,,,146.0,-110.0,-110.0
e03cc53db295c4836799a4bc32e84bb2,LowVig.ag,2025-12-13 16:22:22.925734+00:00,2025-12-13 16:21:24+00:00,2025-12-13 19:00:00+00:00,Fordham Rams,Manhattan Jaspers,h2h,2h,-410.0,324.0,,,,,,,
e03cc53db295c4836799a4bc32e84bb2,LowVig.ag,2025-12-13 16:22:22.925734+00:00,2025-12-13 16:21:24+00:00,2025-12-13 19:00:00+00:00,Fordham Rams,Manhattan Jaspers,spreads,full_game,,,-8.5,-110.0,8.5,-102.0,,,
e03cc53db295c4836799a4bc32e84bb2,LowVig.ag,2025-12-13 16:22:22.925734+00:00,2025-12-13 16:21:24+00:00,2025-12-13 19:00:00+00:00,Fordham Rams,Manhattan Jaspers,totals,full_game,,,,,,,146.0,-108.0,-108.0
e03cc53db295c4836799a4bc32e84bb2,BetMGM,2025-12-13 16:22:22.925734+00:00,2025-12-13 16:21:54+00:00,2025-12-13 19:00:00+00:00,Fordham Rams,Manhattan Jaspers,h2h,2h,-425.0,320.0,,,,,,,
e03cc53db295c4836799a4bc32e84bb2,BetMGM,2025-12-13 16:22:22.925734+00:00,2025-12-13 16:21:54+00:00,2025-12-13 19:00:00+00:00,Fordham Rams,Manhattan Jaspers,spreads,full_game,,,-8.5,-115.0,8.5,-105.0,,,
e03cc53db295c4836799a4bc32e84bb2,BetMGM,2025-12-13 16:22:22.925734+00:00,2025-12-13 16:21:54+00:00,2025-12-13 19:00:00+00:00,Fordham Rams,Manhattan Jaspers,totals,full_game,,,,,,,145.5,-115.0,-105.0
e03cc53db295c4836799a4bc32e84bb2,Bovada,2025-12-13 16:22:22.925734+00:00,2025-12-13 16:21:51+00:00,2025-12-13 19:00:00+00:00,Fordham Rams,Manhattan Jaspers,h2h,2h,-430.0,320.0,,,,,,,
e03cc53db295c4836799a4bc32e84bb2,Bovada,2025-12-13 16:22:22.925734+00:00,2025-12-13 16:21:51+00:00,2025-12-13 19:00:00+00:00,Fordham Rams,Manhattan Jaspers,spreads,full_game,,,-9.0,-110.0,9.0,-110.0,,,
e03cc53db295c4836799a4bc32e84bb2,Bovada,2025-12-13 16:22:22.925734+00:00,2025-12-13 16:21:51+00:00,2025-12-13 19:00:00+00:00,Fordham Rams,Manhattan Jaspers,totals,full_game,,,,,,,145.5,-105.0,-115.0
e03cc53db295c4836799a4bc32e84bb2,Caesars,2025-12-13 16:22:22.925734+00:00,2025-12-13 16:17:55+00:00,2025-12-13 19:00:00+00:00,Fordham Rams,Manhattan Jaspers,h2h,2h,-420.0,320.0,,,,,,,
e03cc53db295c4836799a4bc32e84bb2,Caesars,2025-12-13 16:22:22.925734+00:00,2025-12-13 16:17:55+00:00,2025-12-13 19:00:00+00:00,Fordham Rams,Manhattan Jaspers,spreads,full_game,,,-8.5,-110.0,8.5,-110.0,,,
e03cc53db295c4836799a4bc32e84bb2,Caesars,2025-12-13 16:22:22.925734+00:00,2025-12-13 16:17:55+00:00,2025-12-13 19:00:00+00:00,Fordham Rams,Manhattan Jaspers,totals,full_game,,,,,,,145.5,-110.0,-110.0
e03cc53db295c4836799a4bc32e84bb2,BetUS,2025-12-13 16:22:22.925734+00:00,2025-12-13 16:22:17+00:00,2025-12-13 19:00:00+00:00,Fordham Rams,Manhattan Jaspers,h2h,2h,-410.0,325.0,,,,,,,
e03cc53db295c4836799a4bc32e84bb2,BetUS,2025-12-13 16:22:22.925734+00:00,2025-12-13 16:22:17+00:00,2025-12-13 19:00:00+00:00,Fordham Rams,Manhattan Jaspers,spreads,full_game,,,-8.5,-110.0,8.5,-110.0,,,
e03cc53db295c4836799a4bc32e84bb2,BetUS,2025-12-13 16:22:22.925734+00:00,2025-12-13 16:22:17+00:00,2025-12-13 19:00:00+00:00,Fordham Rams,Manhattan Jaspers,totals,full_game,,,,,,,145.5,-110.0,-110.0
e03cc53db295c4836799a4bc32e84bb2,BetRivers,2025-12-13 16:22:22.925734+00:00,2025-12-13 16:22:17+00:00,2025-12-13 19:00:00+00:00,Fordham Rams,Manhattan Jaspers,h2h,2h,-435.0,310.0,,,,,,,
e03cc53db295c4836799a4bc32e84bb2,BetRivers,2025-12-13 16:22:22.925734+00:00,2025-12-13 16:22:17+00:00,2025-12-13 19:00:00+00:00,Fordham Rams,Manhattan Jaspers,spreads,full_game,,,-9.0,-109.0,9.0,-114.0,,,
e03cc53db295c4836799a4bc32e84bb2,BetRivers,2025-12-13 16:22:22.925734+00:00,2025-12-13 16:22:17+00:00,2025-12-13 19:00:00+00:00,Fordham Rams,Manhattan Jaspers,totals,full_game,,,,,,,145.0,-114.0,-109.0
e03cc53db295c4836799a4bc32e84bb2,FanDuel,2025-12-13 16:22:22.925734+00:00,2025-12-13 16:21:13+00:00,2025-12-13 19:00:00+00:00,Fordham Rams,Manhattan Jaspers,h2h,2h,-450.0,330.0,,,,,,,
e03cc53db295c4836799a4bc32e84bb2,FanDuel,2025-12-13 16:22:22.925734+00:00,2025-12-13 16:21:13+00:00,2025-12-13 19:00:00+00:00,Fordham Rams,Manhattan Jaspers,spreads,full_game,,,-8.5,-114.0,8.5,-106.0,,,
e03cc53db295c4836799a4bc32e84bb2,FanDuel,2025-12-13 16:22:22.925734+00:00,2025-12-13 16:21:13+00:00,2025-12-13 19:00:00+00:00,Fordham Rams,Manhattan Jaspers,totals,full_game,,,,,,,145.5,-110.0,-110.0
8cd99449d0a3755522f494a6837dcdac,DraftKings,2025-12-13 16:22:22.925734+00:00,2025-12-13 16:21:38+00:00,2025-12-13 19:00:00+00:00,Georgia St Panthers,Jacksonville St Gamecocks,h2h,2h,154.0,-185.0,,,,,,,
8cd99449d0a3755522f494a6837dcdac,DraftKings,2025-12-13 16:22:22.925734+00:00,2025-12-13 16:21:38+00:00,2025-12-13 19:00:00+00:00,Georgia St Panthers,Jacksonville St Gamecocks,spreads,full_game,,,3.5,-108.0,-3.5,-112.0,,,
8cd99449d0a3755522f494a6837dcdac,DraftKings,2025-12-13 16:22:22.925734+00:00,2025-12-13 16:21:38+00:00,2025-12-13 19:00:00+00:00,Georgia St Panthers,Jacksonville St Gamecocks,totals,full_game,,,,,,,138.5,-110.0,-110.0
8cd99449d0a3755522f494a6837dcdac,Fanatics,2025-12-13 16:22:22.925734+00:00,2025-12-13 16:21:50+00:00,2025-12-13 19:00:00+00:00,Georgia St Panthers,Jacksonville St Gamecocks,h2h,2h,150.0,-180.0,,,,,,,
8cd99449d0a3755522f494a6837dcdac,Fanatics,2025-12-13 16:22:22.925734+00:00,2025-12-13 16:21:50+00:00,2025-12-13 19:00:00+00:00,Georgia St Panthers,Jacksonville St Gamecocks,spreads,full_game,,,4.0,-110.0,-4.0,-110.0,,,
8cd99449d0a3755522f494a6837dcdac,Fanatics,2025-12-13 16:22:22.925734+00:00,2025-12-13 16:21:50+00:00,2025-12-13 19:00:00+00:00,Georgia St Panthers,Jacksonville St Gamecocks,totals,full_game,,,,,,,138.0,-110.0,-110.0
8cd99449d0a3755522f494a6837dcdac,LowVig.ag,2025-12-13 16:22:22.925734+00:00,2025-12-13 16:21:24+00:00,2025-12-13 19:00:00+00:00,Georgia St Panthers,Jacksonville St Gamecocks,h2h,2h,153.0,-175.0,,,,,,,
8cd99449d0a3755522f494a6837dcdac,LowVig.ag,2025-12-13 16:22:22.925734+00:00,2025-12-13 16:21:24+00:00,2025-12-13 19:00:00+00:00,Georgia St Panthers,Jacksonville St Gamecocks,spreads,full_game,,,3.5,-104.0,-3.5,-108.0,,,
8cd99449d0a3755522f494a6837dcdac,LowVig.ag,2025-12-13 16:22:22.925734+00:00,2025-12-13 16:21:24+00:00,2025-12-13 19:00:00+00:00,Georgia St Panthers,Jacksonville St Gamecocks,totals,full_game,,,,,,,138.5,-108.0,-108.0
8cd99449d0a3755522f494a6837dcdac,BetOnline.ag,2025-12-13 16:22:22.925734+00:00,2025-12-13 16:21:39+00:00,2025-12-13 19:00:00+00:00,Georgia St Panthers,Jacksonville St Gamecocks,h2h,2h,153.0,-175.0,,,,,,,
8cd99449d0a3755522f494a6837dcdac,BetOnline.ag,2025-12-13 16:22:22.925734+00:00,2025-12-13 16:21:39+00:00,2025-12-13 19:00:00+00:00,Georgia St Panthers,Jacksonville St Gamecocks,spreads,full_game,,,3.5,-108.0,-3.5,-112.0,,,
8cd99449d0a3755522f494a6837dcdac,BetOnline.ag,2025-12-13 16:22:22.925734+00:00,2025-12-13 16:21:39+00:00,2025-12-13 19:00:00+00:00,Georgia St Panthers,Jacksonville St Gamecocks,totals,full_game,,,,,,,138.5,-110.0,-110.0
8cd99449d0a3755522f494a6837dcdac,BetMGM,2025-12-13 16:22:22.925734+00:00,2025-12-13 16:21:54+00:00,2025-12-13 19:00:00+00:00,Georgia St Panthers,Jacksonville St Gamecocks,h2h,2h,154.0,-190.0,,,,,,,
8cd99449d0a3755522f494a6837dcdac,BetMGM,2025-12-13 16:22:22.925734+00:00,2025-12-13 16:21:54+00:00,2025-12-13 19:00:00+00:00,Georgia St Panthers,Jacksonville St Gamecocks,spreads,full_game,,,3.5,-105.0,-3.5,-115.0,,,
8cd99449d0a3755522f494a6837dcdac,BetMGM,2025-12-13 16:22:22.925734+00:00,2025-12-13 16:21:54+00:00,2025-12-13 19:00:00+00:00,Georgia St Panthers,Jacksonville St Gamecocks,totals,full_game,,,,,,,138.5,-110.0,-110.0
8cd99449d0a3755522f494a6837dcdac,Bovada,2025-12-13 16:22:22.925734+00:00,2025-12-13 16:21:51+00:00,2025-12-13 19:00:00+00:00,Georgia St Panthers,Jacksonville St Gamecocks,h2h,2h,160.0,-185.0,,,,,,,
8cd99449d0a3755522f494a6837dcdac,Bovada,2025-12-13 16:22:22.925734+00:00,2025-12-13 16:21:51+00:00,2025-12-13 19:00:00+00:00,Georgia St Panthers,Jacksonville St Gamecocks,spreads,full_game,,,4.0,-110.0,-4.0,-110.0,,,
8cd99449d0a3755522f494a6837dcdac,Bovada,2025-12-13 16:22:22.925734+00:00,2025-12-13 16:21:51+00:00,2025-12-13 19:00:00+00:00,Georgia St Panthers,Jacksonville St Gamecocks,totals,full_game,,,,,,,139.0,-110.0,-110.0
8cd99449d0a3755522f494a6837dcdac,Caesars,2025-12-13 16:22:22.925734+00:00,2025-12-13 16:17:55+00:00,2025-12-13 19:00:00+00:00,Georgia St Panthers,Jacksonville St Gamecocks,h2h,2h,158.0,-190.0,,,,,,,
8cd99449d0a3755522f494a6837dcdac,Caesars,2025-12-13 16:22:22.925734+00:00,2025-12-13 16:17:55+00:00,2025-12-13 19:00:00+00:00,Georgia St Panthers,Jacksonville St Gamecocks,spreads,full_game,,,3.5,-110.0,-3.5,-110.0,,,
8cd99449d0a3755522f494a6837dcdac,Caesars,2025-12-13 16:22:22.925734+00:00,2025-12-13 16:17:55+00:00,2025-12-13 19:00:00+00:00,Georgia St Panthers,Jacksonville St Gamecocks,totals,full_game,,,,,,,138.5,-110.0,-110.0
8cd99449d0a3755522f494a6837dcdac,BetUS,2025-12-13 16:22:22.925734+00:00,2025-12-13 16:22:17+00:00,2025-12-13 19:00:00+00:00,Georgia St Panthers,Jacksonville St Gamecocks,h2h,2h,150.0,-175.0,,,,,,,
8cd99449d0a3755522f494a6837dcdac,BetUS,2025-12-13 16:22:22.925734+00:00,2025-12-13 16:22:17+00:00,2025-12-13 19:00:00+00:00,Georgia St Panthers,Jacksonville St Gamecocks,spreads,full_game,,,4.0,-110.0,-4.0,-110.0,,,
8cd99449d0a3755522f494a6837dcdac,BetUS,2025-12-13 16:22:22.925734+00:00,2025-12-13 16:22:17+00:00,2025-12-13 19:00:00+00:00,Georgia St Panthers,Jacksonville St Gamecocks,totals,full_game,,,,,,,139.0,-110.0,-110.0
8cd99449d0a3755522f494a6837dcdac,BetRivers,2025-12-13 16:22:22.925734+00:00,2025-12-13 16:22:17+00:00,2025-12-13 19:00:00+00:00,Georgia St Panthers,Jacksonville St Gamecocks,h2h,2h,140.0,-175.0,,,,,,,
8cd99449d0a3755522f494a6837dcdac,BetRivers,2025-12-13 16:22:22.925734+00:00,2025-12-13 16:22:17+00:00,2025-12-13 19:00:00+00:00,Georgia St Panthers,Jacksonville St Gamecocks,spreads,full_game,,,3.5,-113.0,-3.5,-110.0,,,
8cd99449d0a3755522f494a6837dcdac,BetRivers,2025-12-13 16:22:22.925734+00:00,2025-12-13 16:22:17+00:00,2025-12-13 19:00:00+00:00,Georgia St Panthers,Jacksonville St Gamecocks,totals,full_game,,,,,,,138.5,-112.0,-112.0
8cd99449d0a3755522f494a6837dcdac,FanDuel,2025-12-13 16:22:22.925734+00:00,2025-12-13 16:21:13+00:00,2025-12-13 19:00:00+00:00,Georgia St Panthers,Jacksonville St Gamecocks,h2h,2h,160.0,-200.0,,,,,,,
8cd99449d0a3755522f494a6837dcdac,FanDuel,2025-12-13 16:22:22.925734+00:00,2025-12-13 16:21:13+00:00,2025-12-13 19:00:00+00:00,Georgia St Panthers,Jacksonville St Gamecocks,spreads,full_game,,,4.5,-120.0,-4.5,-102.0,,,
8cd99449d0a3755522f494a6837dcdac,FanDuel,2025-12-13 16:22:22.925734+00:00,2025-12-13 16:21:13+00:00,2025-12-13 19:00:00+00:00,Georgia St Panthers,Jacksonville St Gamecocks,totals,full_game,,,,,,,138.5,-110.0,-110.0
bea0327d4874960cfe950e7c93dcdb0f,FanDuel,2025-12-13 16:22:22.925734+00:00,2025-12-13 16:21:13+00:00,2025-12-13 19:00:00+00:00,Northwestern Wildcats,Jackson St Tigers,spreads,full_game,,,-29.5,-112.0,29.5,-108.0,,,
bea0327d4874960cfe950e7c93dcdb0f,FanDuel,2025-12-13 16:22:22.925734+00:00,2025-12-13 16:21:13+00:00,2025-12-13 19:00:00+00:00,Northwestern Wildcats,Jackson St Tigers,totals,full_game,,,,,,,146.5,-110.0,-110.0
bea0327d4874960cfe950e7c93dcdb0f,Fanatics,2025-12-13 16:22:22.925734+00:00,2025-12-13 16:21:50+00:00,2025-12-13 19:00:00+00:00,Northwestern Wildcats,Jackson St Tigers,h2h,2h,-13000.0,2800.0,,,,,,,
bea0327d4874960cfe950e7c93dcdb0f,Fanatics,2025-12-13 16:22:22.925734+00:00,2025-12-13 16:21:50+00:00,2025-12-13 19:00:00+00:00,Northwestern Wildcats,Jackson St Tigers,spreads,full_game,,,-30.0,-110.0,30.0,-110.0,,,
bea0327d4874960cfe950e7c93dcdb0f,Fanatics,2025-12-13 16:22:22.925734+00:00,2025-12-13 16:21:50+00:00,2025-12-13 19:00:00+00:00,Northwestern Wildcats,Jackson St Tigers,totals,full_game,,,,,,,146.5,-110.0,-110.0
bea0327d4874960cfe950e7c93dcdb0f,DraftKings,2025-12-13 16:22:22.925734+00:00,2025-12-13 16:21:38+00:00,2025-12-13 19:00:00+00:00,Northwestern Wildcats,Jackson St Tigers,spreads,full_game,,,-30.5,-108.0,30.5,-112.0,,,
bea0327d4874960cfe950e7c93dcdb0f,DraftKings,2025-12-13 16:22:22.925734+00:00,2025-12-13 16:21:38+00:00,2025-12-13 19:00:00+00:00,Northwestern Wildcats,Jackson St Tigers,totals,full_game,,,,,,,147.5,-105.0,-115.0
bea0327d4874960cfe950e7c93dcdb0f,LowVig.ag,2025-12-13 16:22:22.925734+00:00,2025-12-13 16:21:25+00:00,2025-12-13 19:00:00+00:00,Northwestern Wildcats,Jackson St Tigers,spreads,full_game,,,-30.0,-106.0,30.0,-106.0,,,
bea0327d4874960cfe950e7c93dcdb0f,LowVig.ag,2025-12-13 16:22:22.925734+00:00,2025-12-13 16:21:25+00:00,2025-12-13 19:00:00+00:00,Northwestern Wildcats,Jackson St Tigers,totals,full_game,,,,,,,147.0,-113.0,-103.0
bea0327d4874960cfe950e7c93dcdb0f,BetOnline.ag,2025-12-13 16:22:22.925734+00:00,2025-12-13 16:21:39+00:00,2025-12-13 19:00:00+00:00,Northwestern Wildcats,Jackson St Tigers,spreads,full_game,,,-30.0,-110.0,30.0,-110.0,,,
bea0327d4874960cfe950e7c93dcdb0f,BetOnline.ag,2025-12-13 16:22:22.925734+00:00,2025-12-13 16:21:39+00:00,2025-12-13 19:00:00+00:00,Northwestern Wildcats,Jackson St Tigers,totals,full_game,,,,,,,147.0,-115.0,-105.0
bea0327d4874960cfe950e7c93dcdb0f,BetMGM,2025-12-13 16:22:22.925734+00:00,2025-12-13 16:21:54+00:00,2025-12-13 19:00:00+00:00,Northwestern Wildcats,Jackson St Tigers,spreads,full_game,,,-30.5,-105.0,30.5,-115.0,,,
bea0327d4874960cfe950e7c93dcdb0f,BetMGM,2025-12-13 16:22:22.925734+00:00,2025-12-13 16:21:54+00:00,2025-12-13 19:00:00+00:00,Northwestern Wildcats,Jackson St Tigers,totals,full_game,,,,,,,147.5,-105.0,-115.0
bea0327d4874960cfe950e7c93dcdb0f,BetRivers,2025-12-13 16:22:22.925734+00:00,2025-12-13 16:22:17+00:00,2025-12-13 19:00:00+00:00,Northwestern Wildcats,Jackson St Tigers,spreads,full_game,,,-29.5,-110.0,29.5,-113.0,,,
bea0327d4874960cfe950e7c93dcdb0f,BetRivers,2025-12-13 16:22:22.925734+00:00,2025-12-13 16:22:17+00:00,2025-12-13 19:00:00+00:00,Northwestern Wildcats,Jackson St Tigers,totals,full_game,,,,,,,145.5,-112.0,-110.0
bea0327d4874960cfe950e7c93dcdb0f,Bovada,2025-12-13 16:22:22.925734+00:00,2025-12-13 16:21:51+00:00,2025-12-13 19:00:00+00:00,Northwestern Wildcats,Jackson St Tigers,spreads,full_game,,,-29.5,-120.0,29.5,100.0,,,
bea0327d4874960cfe950e7c93dcdb0f,Bovada,2025-12-13 16:22:22.925734+00:00,2025-12-13 16:21:51+00:00,2025-12-13 19:00:00+00:00,Northwestern Wildcats,Jackson St Tigers,totals,full_game,,,,,,,146.5,-110.0,-110.0
105b640ec4ea51ebcc866382f44cd023,DraftKings,2025-12-13 16:22:22.925734+00:00,2025-12-13 16:21:38+00:00,2025-12-13 19:00:00+00:00,Purdue Boilermakers,Marquette Golden Eagles,h2h,2h,-2400.0,1200.0,,,,,,,
105b640ec4ea51ebcc866382f44cd023,DraftKings,2025-12-13 16:22:22.925734+00:00,2025-12-13 16:21:38+00:00,2025-12-13 19:00:00+00:00,Purdue Boilermakers,Marquette Golden Eagles,spreads,full_game,,,-18.5,-112.0,18.5,-108.0,,,
105b640ec4ea51ebcc866382f44cd023,DraftKings,2025-12-13 16:22:22.925734+00:00,2025-12-13 16:21:38+00:00,2025-12-13 19:00:00+00:00,Purdue Boilermakers,Marquette Golden Eagles,totals,full_game,,,,,,,153.5,-108.0,-112.0
105b640ec4ea51ebcc866382f44cd023,FanDuel,2025-12-13 16:22:22.925734+00:00,2025-12-13 16:21:13+00:00,2025-12-13 19:00:00+00:00,Purdue Boilermakers,Marquette Golden Eagles,h2h,2h,-4000.0,1400.0,,,,,,,
105b640ec4ea51ebcc866382f44cd023,FanDuel,2025-12-13 16:22:22.925734+00:00,2025-12-13 16:21:13+00:00,2025-12-13 19:00:00+00:00,Purdue Boilermakers,Marquette Golden Eagles,spreads,full_game,,,-18.5,-110.0,18.5,-110.0,,,
105b640ec4ea51ebcc866382f44cd023,FanDuel,2025-12-13 16:22:22.925734+00:00,2025-12-13 16:21:13+00:00,2025-12-13 19:00:00+00:00,Purdue Boilermakers,Marquette Golden Eagles,totals,full_game,,,,,,,153.5,-110.0,-110.0
105b640ec4ea51ebcc866382f44cd023,Fanatics,2025-12-13 16:22:22.925734+00:00,2025-12-13 16:21:50+00:00,2025-12-13 19:00:00+00:00,Purdue Boilermakers,Marquette Golden Eagles,h2h,2h,-2500.0,1300.0,,,,,,,
105b640ec4ea51ebcc866382f44cd023,Fanatics,2025-12-13 16:22:22.925734+00:00,2025-12-13 16:21:50+00:00,2025-12-13 19:00:00+00:00,Purdue Boilermakers,Marquette Golden Eagles,spreads,full_game,,,-18.5,-110.0,18.5,-110.0,,,
105b640ec4ea51ebcc866382f44cd023,Fanatics,2025-12-13 16:22:22.925734+00:00,2025-12-13 16:21:50+00:00,2025-12-13 19:00:00+00:00,Purdue Boilermakers,Marquette Golden Eagles,totals,full_game,,,,,,,154.0,-110.0,-110.0
105b640ec4ea51ebcc866382f44cd023,BetRivers,2025-12-13 16:22:22.925734+00:00,2025-12-13 16:22:17+00:00,2025-12-13 19:00:00+00:00,Purdue Boilermakers,Marquette Golden Eagles,h2h,2h,-1430.0,750.0,,,,,,,
105b640ec4ea51ebcc866382f44cd023,BetRivers,2025-12-13 16:22:22.925734+00:00,2025-12-13 16:22:17+00:00,2025-12-13 19:00:00+00:00,Purdue Boilermakers,Marquette Golden Eagles,spreads,full_game,,,-19.0,-112.0,19.0,-112.0,,,
105b640ec4ea51ebcc866382f44cd023,BetRivers,2025-12-13 16:22:22.925734+00:00,2025-12-13 16:22:17+00:00,2025-12-13 19:00:00+00:00,Purdue Boilermakers,Marquette Golden Eagles,totals,full_game,,,,,,,153.5,-109.0,-113.0
105b640ec4ea51ebcc866382f44cd023,BetMGM,2025-12-13 16:22:22.925734+00:00,2025-12-13 16:21:54+00:00,2025-12-13 19:00:00+00:00,Purdue Boilermakers,Marquette Golden Eagles,h2h,2h,-3000.0,1150.0,,,,,,,
105b640ec4ea51ebcc866382f44cd023,BetMGM,2025-12-13 16:22:22.925734+00:00,2025-12-13 16:21:54+00:00,2025-12-13 19:00:00+00:00,Purdue Boilermakers,Marquette Golden Eagles,spreads,full_game,,,-18.5,-110.0,18.5,-110.0,,,
105b640ec4ea51ebcc866382f44cd023,BetMGM,2025-12-13 16:22:22.925734+00:00,2025-12-13 16:21:54+00:00,2025-12-13 19:00:00+00:00,Purdue Boilermakers,Marquette Golden Eagles,totals,full_game,,,,,,,153.5,-110.0,-110.0
105b640ec4ea51ebcc866382f44cd023,Caesars,2025-12-13 16:22:22.925734+00:00,2025-12-13 16:17:55+00:00,2025-12-13 19:00:00+00:00,Purdue Boilermakers,Marquette Golden Eagles,spreads,full_game,,,-18.5,-110.0,18.5,-110.0,,,
105b640ec4ea51ebcc866382f44cd023,Caesars,2025-12-13 16:22:22.925734+00:00,2025-12-13 16:17:55+00:00,2025-12-13 19:00:00+00:00,Purdue Boilermakers,Marquette Golden Eagles,totals,full_game,,,,,,,153.5,-110.0,-110.0
105b640ec4ea51ebcc866382f44cd023,BetOnline.ag,2025-12-13 16:22:22.925734+00:00,2025-12-13 16:21:39+00:00,2025-12-13 19:00:00+00:00,Purdue Boilermakers,Marquette Golden Eagles,spreads,full_game,,,-18.5,-112.0,18.5,-108.0,,,
105b640ec4ea51ebcc866382f44cd023,BetOnline.ag,2025-12-13 16:22:22.925734+00:00,2025-12-13 16:21:39+00:00,2025-12-13 19:00:00+00:00,Purdue Boilermakers,Marquette Golden Eagles,totals,full_game,,,,,,,153.5,-110.0,-110.0
105b640ec4ea51ebcc866382f44cd023,LowVig.ag,2025-12-13 16:22:22.925734+00:00,2025-12-13 16:21:24+00:00,2025-12-13 19:00:00+00:00,Purdue Boilermakers,Marquette Golden Eagles,spreads,full_game,,,-18.5,-108.0,18.5,-104.0,,,
105b640ec4ea51ebcc866382f44cd023,LowVig.ag,2025-12-13 16:22:22.925734+00:00,2025-12-13 16:21:24+00:00,2025-12-13 19:00:00+00:00,Purdue Boilermakers,Marquette Golden Eagles,totals,full_game,,,,,,,153.5,-108.0,-108.0
105b640ec4ea51ebcc866382f44cd023,Bovada,2025-12-13 16:22:22.925734+00:00,2025-12-13 16:21:51+00:00,2025-12-13 19:00:00+00:00,Purdue Boilermakers,Marquette Golden Eagles,h2h,2h,-4000.0,1200.0,,,,,,,
105b640ec4ea51ebcc866382f44cd023,Bovada,2025-12-13 16:22:22.925734+00:00,2025-12-13 16:21:51+00:00,2025-12-13 19:00:00+00:00,Purdue Boilermakers,Marquette Golden Eagles,spreads,full_game,,,-18.5,-110.0,18.5,-110.0,,,
105b640ec4ea51ebcc866382f44cd023,Bovada,2025-12-13 16:22:22.925734+00:00,2025-12-13 16:21:51+00:00,2025-12-13 19:00:00+00:00,Purdue Boilermakers,Marquette Golden Eagles,totals,full_game,,,,,,,154.5,-110.0,-110.0
105b640ec4ea51ebcc866382f44cd023,BetUS,2025-12-13 16:22:22.925734+00:00,2025-12-13 16:22:17+00:00,2025-12-13 19:00:00+00:00,Purdue Boilermakers,Marquette Golden Eagles,spreads,full_game,,,-18.5,-110.0,18.5,-110.0,,,
105b640ec4ea51ebcc866382f44cd023,BetUS,2025-12-13 16:22:22.925734+00:00,2025-12-13 16:22:17+00:00,2025-12-13 19:00:00+00:00,Purdue Boilermakers,Marquette Golden Eagles,totals,full_game,,,,,,,153.5,-110.0,-110.0
7405b166b48a96c42dc314c2e705114f,DraftKings,2025-12-13 16:22:22.925734+00:00,2025-12-13 16:21:38+00:00,2025-12-13 19:00:00+00:00,NJIT Highlanders,Sacred Heart Pioneers,h2h,2h,220.0,-270.0,,,,,,,
7405b166b48a96c42dc314c2e705114f,DraftKings,2025-12-13 16:22:22.925734+00:00,2025-12-13 16:21:38+00:00,2025-12-13 19:00:00+00:00,NJIT Highlanders,Sacred Heart Pioneers,spreads,full_game,,,5.5,-105.0,-5.5,-115.0,,,
7405b166b48a96c42dc314c2e705114f,DraftKings,2025-12-13 16:22:22.925734+00:00,2025-12-13 16:21:38+00:00,2025-12-13 19:00:00+00:00,NJIT Highlanders,Sacred Heart Pioneers,totals,full_game,,,,,,,152.5,-115.0,-105.0
7405b166b48a96c42dc314c2e705114f,BetOnline.ag,2025-12-13 16:22:22.925734+00:00,2025-12-13 16:21:39+00:00,2025-12-13 19:00:00+00:00,NJIT Highlanders,Sacred Heart Pioneers,spreads,full_game,,,6.0,-110.0,-6.0,-110.0,,,
7405b166b48a96c42dc314c2e705114f,BetOnline.ag,2025-12-13 16:22:22.925734+00:00,2025-12-13 16:21:39+00:00,2025-12-13 19:00:00+00:00,NJIT Highlanders,Sacred Heart Pioneers,totals,full_game,,,,,,,153.0,-105.0,-115.0
7405b166b48a96c42dc314c2e705114f,LowVig.ag,2025-12-13 16:22:22.925734+00:00,2025-12-13 16:21:24+00:00,2025-12-13 19:00:00+00:00,NJIT Highlanders,Sacred Heart Pioneers,spreads,full_game,,,6.0,-106.0,-6.0,-106.0,,,
7405b166b48a96c42dc314c2e705114f,LowVig.ag,2025-12-13 16:22:22.925734+00:00,2025-12-13 16:21:24+00:00,2025-12-13 19:00:00+00:00,NJIT Highlanders,Sacred Heart Pioneers,totals,full_game,,,,,,,153.0,-103.0,-113.0
7405b166b48a96c42dc314c2e705114f,Fanatics,2025-12-13 16:22:22.925734+00:00,2025-12-13 16:21:50+00:00,2025-12-13 19:00:00+00:00,NJIT Highlanders,Sacred Heart Pioneers,h2h,2h,210.0,-260.0,,,,,,,
7405b166b48a96c42dc314c2e705114f,Fanatics,2025-12-13 16:22:22.925734+00:00,2025-12-13 16:21:50+00:00,2025-12-13 19:00:00+00:00,NJIT Highlanders,Sacred Heart Pioneers,spreads,full_game,,,6.0,-110.0,-6.0,-110.0,,,
7405b166b48a96c42dc314c2e705114f,Fanatics,2025-12-13 16:22:22.925734+00:00,2025-12-13 16:21:50+00:00,2025-12-13 19:00:00+00:00,NJIT Highlanders,Sacred Heart Pioneers,totals,full_game,,,,,,,153.0,-110.0,-110.0
7405b166b48a96c42dc314c2e705114f,BetMGM,2025-12-13 16:22:22.925734+00:00,2025-12-13 16:21:54+00:00,2025-12-13 19:00:00+00:00,NJIT Highlanders,Sacred Heart Pioneers,h2h,2h,200.0,-250.0,,,,,,,
7405b166b48a96c42dc314c2e705114f,BetMGM,2025-12-13 16:22:22.925734+00:00,2025-12-13 16:21:54+00:00,2025-12-13 19:00:00+00:00,NJIT Highlanders,Sacred Heart Pioneers,spreads,full_game,,,5.5,-102.0,-5.5,-118.0,,,
7405b166b48a96c42dc314c2e705114f,BetMGM,2025-12-13 16:22:22.925734+00:00,2025-12-13 16:21:54+00:00,2025-12-13 19:00:00+00:00,NJIT Highlanders,Sacred Heart Pioneers,totals,full_game,,,,,,,152.5,-110.0,-110.0
7405b166b48a96c42dc314c2e705114f,FanDuel,2025-12-13 16:22:22.925734+00:00,2025-12-13 16:21:13+00:00,2025-12-13 19:00:00+00:00,NJIT Highlanders,Sacred Heart Pioneers,h2h,2h,220.0,-280.0,,,,,,,
7405b166b48a96c42dc314c2e705114f,FanDuel,2025-12-13 16:22:22.925734+00:00,2025-12-13 16:21:13+00:00,2025-12-13 19:00:00+00:00,NJIT Highlanders,Sacred Heart Pioneers,spreads,full_game,,,6.5,-115.0,-6.5,-105.0,,,
7405b166b48a96c42dc314c2e705114f,FanDuel,2025-12-13 16:22:22.925734+00:00,2025-12-13 16:21:13+00:00,2025-12-13 19:00:00+00:00,NJIT Highlanders,Sacred Heart Pioneers,totals,full_game,,,,,,,152.5,-114.0,-106.0
7405b166b48a96c42dc314c2e705114f,BetRivers,2025-12-13 16:22:22.925734+00:00,2025-12-13 16:22:17+00:00,2025-12-13 19:00:00+00:00,NJIT Highlanders,Sacred Heart Pioneers,h2h,2h,200.0,-275.0,,,,,,,
7405b166b48a96c42dc314c2e705114f,BetRivers,2025-12-13 16:22:22.925734+00:00,2025-12-13 16:22:17+00:00,2025-12-13 19:00:00+00:00,NJIT Highlanders,Sacred Heart Pioneers,spreads,full_game,,,6.5,-120.0,-6.5,-107.0,,,
7405b166b48a96c42dc314c2e705114f,BetRivers,2025-12-13 16:22:22.925734+00:00,2025-12-13 16:22:17+00:00,2025-12-13 19:00:00+00:00,NJIT Highlanders,Sacred Heart Pioneers,totals,full_game,,,,,,,152.5,-115.0,-110.0
7405b166b48a96c42dc314c2e705114f,Bovada,2025-12-13 16:22:22.925734+00:00,2025-12-13 16:21:51+00:00,2025-12-13 19:00:00+00:00,NJIT Highlanders,Sacred Heart Pioneers,h2h,2h,210.0,-250.0,,,,,,,
7405b166b48a96c42dc314c2e705114f,Bovada,2025-12-13 16:22:22.925734+00:00,2025-12-13 16:21:51+00:00,2025-12-13 19:00:00+00:00,NJIT Highlanders,Sacred Heart Pioneers,spreads,full_game,,,6.0,-110.0,-6.0,-110.0,,,
7405b166b48a96c42dc314c2e705114f,Bovada,2025-12-13 16:22:22.925734+00:00,2025-12-13 16:21:51+00:00,2025-12-13 19:00:00+00:00,NJIT Highlanders,Sacred Heart Pioneers,totals,full_game,,,,,,,153.5,-110.0,-110.0
7405b166b48a96c42dc314c2e705114f,Caesars,2025-12-13 16:22:22.925734+00:00,2025-12-13 16:17:55+00:00,2025-12-13 19:00:00+00:00,NJIT Highlanders,Sacred Heart Pioneers,h2h,2h,222.0,-278.0,,,,,,,
7405b166b48a96c42dc314c2e705114f,Caesars,2025-12-13 16:22:22.925734+00:00,2025-12-13 16:17:55+00:00,2025-12-13 19:00:00+00:00,NJIT Highlanders,Sacred Heart Pioneers,spreads,full_game,,,5.5,-110.0,-5.5,-110.0,,,
7405b166b48a96c42dc314c2e705114f,Caesars,2025-12-13 16:22:22.925734+00:00,2025-12-13 16:17:55+00:00,2025-12-13 19:00:00+00:00,NJIT Highlanders,Sacred Heart Pioneers,totals,full_game,,,,,,,153.0,-110.0,-110.0
21208fb1f6c4e88f040d5a761b374875,FanDuel,2025-12-13 16:22:22.925734+00:00,2025-12-13 16:21:13+00:00,2025-12-13 19:00:00+00:00,North Carolina Tar Heels,South Carolina Upstate Spartans,spreads,full_game,,,-28.5,-118.0,28.5,-104.0,,,
21208fb1f6c4e88f040d5a761b374875,FanDuel,2025-12-13 16:22:22.925734+00:00,2025-12-13 16:21:13+00:00,2025-12-13 19:00:00+00:00,North Carolina Tar Heels,South Carolina Upstate Spartans,totals,full_game,,,,,,,150.5,-115.0,-105.0
21208fb1f6c4e88f040d5a761b374875,Fanatics,2025-12-13 16:22:22.925734+00:00,2025-12-13 16:21:50+00:00,2025-12-13 19:00:00+00:00,North Carolina Tar Heels,South Carolina Upstate Spartans,spreads,full_game,,,-29.0,-110.0,29.0,-110.0,,,
21208fb1f6c4e88f040d5a761b374875,Fanatics,2025-12-13 16:22:22.925734+00:00,2025-12-13 16:21:50+00:00,2025-12-13 19:00:00+00:00,North Carolina Tar Heels,South Carolina Upstate Spartans,totals,full_game,,,,,,,152.5,-110.0,-110.0
21208fb1f6c4e88f040d5a761b374875,DraftKings,2025-12-13 16:22:22.925734+00:00,2025-12-13 16:21:38+00:00,2025-12-13 19:00:00+00:00,North Carolina Tar Heels,South Carolina Upstate Spartans,spreads,full_game,,,-29.5,-105.0,29.5,-115.0,,,
21208fb1f6c4e88f040d5a761b374875,DraftKings,2025-12-13 16:22:22.925734+00:00,2025-12-13 16:21:38+00:00,2025-12-13 19:00:00+00:00,North Carolina Tar Heels,South Carolina Upstate Spartans,totals,full_game,,,,,,,151.5,-115.0,-105.0
21208fb1f6c4e88f040d5a761b374875,LowVig.ag,2025-12-13 16:22:22.925734+00:00,2025-12-13 16:21:25+00:00,2025-12-13 19:00:00+00:00,North Carolina Tar Heels,South Carolina Upstate Spartans,spreads,full_game,,,-29.5,-111.0,29.5,-101.0,,,
21208fb1f6c4e88f040d5a761b374875,LowVig.ag,2025-12-13 16:22:22.925734+00:00,2025-12-13 16:21:25+00:00,2025-12-13 19:00:00+00:00,North Carolina Tar Heels,South Carolina Upstate Spartans,totals,full_game,,,,,,,151.0,-113.0,-103.0
21208fb1f6c4e88f040d5a761b374875,BetOnline.ag,2025-12-13 16:22:22.925734+00:00,2025-12-13 16:21:39+00:00,2025-12-13 19:00:00+00:00,North Carolina Tar Heels,South Carolina Upstate Spartans,spreads,full_game,,,-29.5,-115.0,29.5,-105.0,,,
21208fb1f6c4e88f040d5a761b374875,BetOnline.ag,2025-12-13 16:22:22.925734+00:00,2025-12-13 16:21:39+00:00,2025-12-13 19:00:00+00:00,North Carolina Tar Heels,South Carolina Upstate Spartans,totals,full_game,,,,,,,151.0,-115.0,-105.0
21208fb1f6c4e88f040d5a761b374875,BetMGM,2025-12-13 16:22:22.925734+00:00,2025-12-13 16:21:54+00:00,2025-12-13 19:00:00+00:00,North Carolina Tar Heels,South Carolina Upstate Spartans,spreads,full_game,,,-29.5,-105.0,29.5,-115.0,,,
21208fb1f6c4e88f040d5a761b374875,BetMGM,2025-12-13 16:22:22.925734+00:00,2025-12-13 16:21:54+00:00,2025-12-13 19:00:00+00:00,North Carolina Tar Heels,South Carolina Upstate Spartans,totals,full_game,,,,,,,151.5,-115.0,-105.0
21208fb1f6c4e88f040d5a761b374875,BetRivers,2025-12-13 16:22:22.925734+00:00,2025-12-13 16:22:17+00:00,2025-12-13 19:00:00+00:00,North Carolina Tar Heels,South Carolina Upstate Spartans,spreads,full_game,,,-29.0,-112.0,29.0,-112.0,,,
21208fb1f6c4e88f040d5a761b374875,BetRivers,2025-12-13 16:22:22.925734+00:00,2025-12-13 16:22:17+00:00,2025-12-13 19:00:00+00:00,North Carolina Tar Heels,South Carolina Upstate Spartans,totals,full_game,,,,,,,151.5,-113.0,-110.0
21208fb1f6c4e88f040d5a761b374875,Bovada,2025-12-13 16:22:22.925734+00:00,2025-12-13 16:21:51+00:00,2025-12-13 19:00:00+00:00,North Carolina Tar Heels,South Carolina Upstate Spartans,spreads,full_game,,,-29.0,-110.0,29.0,-110.0,,,
21208fb1f6c4e88f040d5a761b374875,Bovada,2025-12-13 16:22:22.925734+00:00,2025-12-13 16:21:51+00:00,2025-12-13 19:00:00+00:00,North Carolina Tar Heels,South Carolina Upstate Spartans,totals,full_game,,,,,,,152.5,-110.0,-110.0
21208fb1f6c4e88f040d5a761b374875,Caesars,2025-12-13 16:22:22.925734+00:00,2025-12-13 16:17:55+00:00,2025-12-13 19:00:00+00:00,North Carolina Tar Heels,South Carolina Upstate Spartans,spreads,full_game,,,-29.5,-110.0,29.5,-110.0,,,
21208fb1f6c4e88f040d5a761b374875,Caesars,2025-12-13 16:22:22.925734+00:00,2025-12-13 16:17:55+00:00,2025-12-13 19:00:00+00:00,North Carolina Tar Heels,South Carolina Upstate Spartans,totals,full_game,,,,,,,152.0,-110.0,-110.0
1137a9a1e9a1f86935d0359821d7f9f8,DraftKings,2025-12-13 16:22:22.925734+00:00,2025-12-13 16:21:38+00:00,2025-12-13 19:00:00+00:00,North Dakota Fighting Hawks,Western Illinois Leathernecks,h2h,2h,-340.0,270.0,,,,,,,
1137a9a1e9a1f86935d0359821d7f9f8,DraftKings,2025-12-13 16:22:22.925734+00:00,2025-12-13 16:21:38+00:00,2025-12-13 19:00:00+00:00,North Dakota Fighting Hawks,Western Illinois Leathernecks,spreads,full_game,,,-7.5,-110.0,7.5,-110.0,,,
1137a9a1e9a1f86935d0359821d7f9f8,DraftKings,2025-12-13 16:22:22.925734+00:00,2025-12-13 16:21:38+00:00,2025-12-13 19:00:00+00:00,North Dakota Fighting Hawks,Western Illinois Leathernecks,totals,full_game,,,,,,,145.5,-112.0,-108.0
1137a9a1e9a1f86935d0359821d7f9f8,Fanatics,2025-12-13 16:22:22.925734+00:00,2025-12-13 16:21:50+00:00,2025-12-13 19:00:00+00:00,North Dakota Fighting Hawks,Western Illinois Leathernecks,h2h,2h,-325.0,250.0,,,,,,,
1137a9a1e9a1f86935d0359821d7f9f8,Fanatics,2025-12-13 16:22:22.925734+00:00,2025-12-13 16:21:50+00:00,2025-12-13 19:00:00+00:00,North Dakota Fighting Hawks,Western Illinois Leathernecks,spreads,full_game,,,-7.5,-110.0,7.5,-110.0,,,
1137a9a1e9a1f86935d0359821d7f9f8,Fanatics,2025-12-13 16:22:22.925734+00:00,2025-12-13 16:21:50+00:00,2025-12-13 19:00:00+00:00,North Dakota Fighting Hawks,Western Illinois Leathernecks,totals,full_game,,,,,,,145.0,-110.0,-110.0
1137a9a1e9a1f86935d0359821d7f9f8,LowVig.ag,2025-12-13 16:22:22.925734+00:00,2025-12-13 16:21:24+00:00,2025-12-13 19:00:00+00:00,North Dakota Fighting Hawks,Western Illinois Leathernecks,h2h,2h,-325.0,263.0,,,,,,,
1137a9a1e9a1f86935d0359821d7f9f8,LowVig.ag,2025-12-13 16:22:22.925734+00:00,2025-12-13 16:21:24+00:00,2025-12-13 19:00:00+00:00,North Dakota Fighting Hawks,Western Illinois Leathernecks,spreads,full_game,,,-7.5,-106.0,7.5,-106.0,,,
1137a9a1e9a1f86935d0359821d7f9f8,LowVig.ag,2025-12-13 16:22:22.925734+00:00,2025-12-13 16:21:24+00:00,2025-12-13 19:00:00+00:00,North Dakota Fighting Hawks,Western Illinois Leathernecks,totals,full_game,,,,,,,146.0,-111.0,-105.0
1137a9a1e9a1f86935d0359821d7f9f8,BetOnline.ag,2025-12-13 16:22:22.925734+00:00,2025-12-13 16:21:39+00:00,2025-12-13 19:00:00+00:00,North Dakota Fighting Hawks,Western Illinois Leathernecks,h2h,2h,-325.0,263.0,,,,,,,
1137a9a1e9a1f86935d0359821d7f9f8,BetOnline.ag,2025-12-13 16:22:22.925734+00:00,2025-12-13 16:21:39+00:00,2025-12-13 19:00:00+00:00,North Dakota Fighting Hawks,Western Illinois Leathernecks,spreads,full_game,,,-7.5,-110.0,7.5,-110.0,,,
1137a9a1e9a1f86935d0359821d7f9f8,BetOnline.ag,2025-12-13 16:22:22.925734+00:00,2025-12-13 16:21:39+00:00,2025-12-13 19:00:00+00:00,North Dakota Fighting Hawks,Western Illinois Leathernecks,totals,full_game,,,,,,,146.0,-113.0,-107.0
1137a9a1e9a1f86935d0359821d7f9f8,BetMGM,2025-12-13 16:22:22.925734+00:00,2025-12-13 16:21:54+00:00,2025-12-13 19:00:00+00:00,North Dakota Fighting Hawks,Western Illinois Leathernecks,h2h,2h,-325.0,260.0,,,,,,,
1137a9a1e9a1f86935d0359821d7f9f8,BetMGM,2025-12-13 16:22:22.925734+00:00,2025-12-13 16:21:54+00:00,2025-12-13 19:00:00+00:00,North Dakota Fighting Hawks,Western Illinois Leathernecks,spreads,full_game,,,-7.5,-110.0,7.5,-110.0,,,
1137a9a1e9a1f86935d0359821d7f9f8,BetMGM,2025-12-13 16:22:22.925734+00:00,2025-12-13 16:21:54+00:00,2025-12-13 19:00:00+00:00,North Dakota Fighting Hawks,Western Illinois Leathernecks,totals,full_game,,,,,,,145.5,-110.0,-110.0
1137a9a1e9a1f86935d0359821d7f9f8,Bovada,2025-12-13 16:22:22.925734+00:00,2025-12-13 16:21:51+00:00,2025-12-13 19:00:00+00:00,North Dakota Fighting Hawks,Western Illinois Leathernecks,h2h,2h,-340.0,270.0,,,,,,,
1137a9a1e9a1f86935d0359821d7f9f8,Bovada,2025-12-13 16:22:22.925734+00:00,2025-12-13 16:21:51+00:00,2025-12-13 19:00:00+00:00,North Dakota Fighting Hawks,Western Illinois Leathernecks,spreads,full_game,,,-7.5,-115.0,7.5,-105.0,,,
1137a9a1e9a1f86935d0359821d7f9f8,Bovada,2025-12-13 16:22:22.925734+00:00,2025-12-13 16:21:51+00:00,2025-12-13 19:00:00+00:00,North Dakota Fighting Hawks,Western Illinois Leathernecks,totals,full_game,,,,,,,145.5,-110.0,-110.0
1137a9a1e9a1f86935d0359821d7f9f8,BetUS,2025-12-13 16:22:22.925734+00:00,2025-12-13 16:22:17+00:00,2025-12-13 19:00:00+00:00,North Dakota Fighting Hawks,Western Illinois Leathernecks,h2h,2h,-325.0,265.0,,,,,,,
1137a9a1e9a1f86935d0359821d7f9f8,BetUS,2025-12-13 16:22:22.925734+00:00,2025-12-13 16:22:17+00:00,2025-12-13 19:00:00+00:00,North Dakota Fighting Hawks,Western Illinois Leathernecks,spreads,full_game,,,-7.5,-110.0,7.5,-110.0,,,
1137a9a1e9a1f86935d0359821d7f9f8,BetUS,2025-12-13 16:22:22.925734+00:00,2025-12-13 16:22:17+00:00,2025-12-13 19:00:00+00:00,North Dakota Fighting Hawks,Western Illinois Leathernecks,totals,full_game,,,,,,,145.5,-110.0,-110.0
1137a9a1e9a1f86935d0359821d7f9f8,BetRivers,2025-12-13 16:22:22.925734+00:00,2025-12-13 16:22:17+00:00,2025-12-13 19:00:00+00:00,North Dakota Fighting Hawks,Western Illinois Leathernecks,h2h,2h,-315.0,240.0,,,,,,,
1137a9a1e9a1f86935d0359821d7f9f8,BetRivers,2025-12-13 16:22:22.925734+00:00,2025-12-13 16:22:17+00:00,2025-12-13 19:00:00+00:00,North Dakota Fighting Hawks,Western Illinois Leathernecks,spreads,full_game,,,-7.5,-110.0,7.5,-113.0,,,
1137a9a1e9a1f86935d0359821d7f9f8,BetRivers,2025-12-13 16:22:22.925734+00:00,2025-12-13 16:22:17+00:00,2025-12-13 19:00:00+00:00,North Dakota Fighting Hawks,Western Illinois Leathernecks,totals,full_game,,,,,,,145.5,-110.0,-113.0
1137a9a1e9a1f86935d0359821d7f9f8,FanDuel,2025-12-13 16:22:22.925734+00:00,2025-12-13 16:21:13+00:00,2025-12-13 19:00:00+00:00,North Dakota Fighting Hawks,Western Illinois Leathernecks,h2h,2h,-375.0,285.0,,,,,,,
1137a9a1e9a1f86935d0359821d7f9f8,FanDuel,2025-12-13 16:22:22.925734+00:00,2025-12-13 16:21:13+00:00,2025-12-13 19:00:00+00:00,North Dakota Fighting Hawks,Western Illinois Leathernecks,spreads,full_game,,,-7.5,-112.0,7.5,-108.0,,,
1137a9a1e9a1f86935d0359821d7f9f8,FanDuel,2025-12-13 16:22:22.925734+00:00,2025-12-13 16:21:13+00:00,2025-12-13 19:00:00+00:00,North Dakota Fighting Hawks,Western Illinois Leathernecks,totals,full_game,,,,,,,145.5,-106.0,-114.0
5294e6de1be93f4d5876bc77a84cec3c,DraftKings,2025-12-13 16:22:22.925734+00:00,2025-12-13 16:21:38+00:00,2025-12-13 19:00:00+00:00,South Dakota Coyotes,Prairie View Panthers,h2h,2h,-395.0,310.0,,,,,,,
5294e6de1be93f4d5876bc77a84cec3c,DraftKings,2025-12-13 16:22:22.925734+00:00,2025-12-13 16:21:38+00:00,2025-12-13 19:00:00+00:00,South Dakota Coyotes,Prairie View Panthers,spreads,full_game,,,-8.5,-110.0,8.5,-110.0,,,
5294e6de1be93f4d5876bc77a84cec3c,DraftKings,2025-12-13 16:22:22.925734+00:00,2025-12-13 16:21:38+00:00,2025-12-13 19:00:00+00:00,South Dakota Coyotes,Prairie View Panthers,totals,full_game,,,,,,,167.5,-108.0,-112.0
5294e6de1be93f4d5876bc77a84cec3c,BetOnline.ag,2025-12-13 16:22:22.925734+00:00,2025-12-13 16:21:39+00:00,2025-12-13 19:00:00+00:00,South Dakota Coyotes,Prairie View Panthers,spreads,full_game,,,-8.0,-115.0,8.0,-105.0,,,
5294e6de1be93f4d5876bc77a84cec3c,BetOnline.ag,2025-12-13 16:22:22.925734+00:00,2025-12-13 16:21:39+00:00,2025-12-13 19:00:00+00:00,South Dakota Coyotes,Prairie View Panthers,totals,full_game,,,,,,,168.0,-110.0,-110.0
5294e6de1be93f4d5876bc77a84cec3c,LowVig.ag,2025-12-13 16:22:22.925734+00:00,2025-12-13 16:21:25+00:00,2025-12-13 19:00:00+00:00,South Dakota Coyotes,Prairie View Panthers,spreads,full_game,,,-8.0,-111.0,8.0,-101.0,,,
5294e6de1be93f4d5876bc77a84cec3c,LowVig.ag,2025-12-13 16:22:22.925734+00:00,2025-12-13 16:21:25+00:00,2025-12-13 19:00:00+00:00,South Dakota Coyotes,Prairie View Panthers,totals,full_game,,,,,,,168.0,-108.0,-108.0
5294e6de1be93f4d5876bc77a84cec3c,Fanatics,2025-12-13 16:22:22.925734+00:00,2025-12-13 16:21:50+00:00,2025-12-13 19:00:00+00:00,South Dakota Coyotes,Prairie View Panthers,h2h,2h,-375.0,300.0,,,,,,,
5294e6de1be93f4d5876bc77a84cec3c,Fanatics,2025-12-13 16:22:22.925734+00:00,2025-12-13 16:21:50+00:00,2025-12-13 19:00:00+00:00,South Dakota Coyotes,Prairie View Panthers,spreads,full_game,,,-8.5,-110.0,8.5,-110.0,,,
5294e6de1be93f4d5876bc77a84cec3c,Fanatics,2025-12-13 16:22:22.925734+00:00,2025-12-13 16:21:50+00:00,2025-12-13 19:00:00+00:00,South Dakota Coyotes,Prairie View Panthers,totals,full_game,,,,,,,166.5,-110.0,-110.0
5294e6de1be93f4d5876bc77a84cec3c,BetMGM,2025-12-13 16:22:22.925734+00:00,2025-12-13 16:21:54+00:00,2025-12-13 19:00:00+00:00,South Dakota Coyotes,Prairie View Panthers,h2h,2h,-400.0,300.0,,,,,,,
5294e6de1be93f4d5876bc77a84cec3c,BetMGM,2025-12-13 16:22:22.925734+00:00,2025-12-13 16:21:54+00:00,2025-12-13 19:00:00+00:00,South Dakota Coyotes,Prairie View Panthers,totals,full_game,,,,,,,167.5,-110.0,-110.0
5294e6de1be93f4d5876bc77a84cec3c,FanDuel,2025-12-13 16:22:22.925734+00:00,2025-12-13 16:21:13+00:00,2025-12-13 19:00:00+00:00,South Dakota Coyotes,Prairie View Panthers,h2h,2h,-385.0,290.0,,,,,,,
5294e6de1be93f4d5876bc77a84cec3c,FanDuel,2025-12-13 16:22:22.925734+00:00,2025-12-13 16:21:13+00:00,2025-12-13 19:00:00+00:00,South Dakota Coyotes,Prairie View Panthers,spreads,full_game,,,-8.5,-118.0,8.5,-104.0,,,
5294e6de1be93f4d5876bc77a84cec3c,FanDuel,2025-12-13 16:22:22.925734+00:00,2025-12-13 16:21:13+00:00,2025-12-13 19:00:00+00:00,South Dakota Coyotes,Prairie View Panthers,totals,full_game,,,,,,,166.5,-110.0,-110.0
5294e6de1be93f4d5876bc77a84cec3c,BetRivers,2025-12-13 16:22:22.925734+00:00,2025-12-13 16:22:17+00:00,2025-12-13 19:00:00+00:00,South Dakota Coyotes,Prairie View Panthers,h2h,2h,-360.0,270.0,,,,,,,
5294e6de1be93f4d5876bc77a84cec3c,BetRivers,2025-12-13 16:22:22.925734+00:00,2025-12-13 16:22:17+00:00,2025-12-13 19:00:00+00:00,South Dakota Coyotes,Prairie View Panthers,spreads,full_game,,,-8.5,-113.0,8.5,-109.0,,,
5294e6de1be93f4d5876bc77a84cec3c,BetRivers,2025-12-13 16:22:22.925734+00:00,2025-12-13 16:22:17+00:00,2025-12-13 19:00:00+00:00,South Dakota Coyotes,Prairie View Panthers,totals,full_game,,,,,,,167.0,-112.0,-110.0
5294e6de1be93f4d5876bc77a84cec3c,Bovada,2025-12-13 16:22:22.925734+00:00,2025-12-13 16:21:51+00:00,2025-12-13 19:00:00+00:00,South Dakota Coyotes,Prairie View Panthers,h2h,2h,-420.0,315.0,,,,,,,
5294e6de1be93f4d5876bc77a84cec3c,Bovada,2025-12-13 16:22:22.925734+00:00,2025-12-13 16:21:51+00:00,2025-12-13 19:00:00+00:00,South Dakota Coyotes,Prairie View Panthers,spreads,full_game,,,-8.5,-110.0,8.5,-110.0,,,
5294e6de1be93f4d5876bc77a84cec3c,Bovada,2025-12-13 16:22:22.925734+00:00,2025-12-13 16:21:51+00:00,2025-12-13 19:00:00+00:00,South Dakota Coyotes,Prairie View Panthers,totals,full_game,,,,,,,166.5,-110.0,-110.0
5294e6de1be93f4d5876bc77a84cec3c,Caesars,2025-12-13 16:22:22.925734+00:00,2025-12-13 16:17:55+00:00,2025-12-13 19:00:00+00:00,South Dakota Coyotes,Prairie View Panthers,h2h,2h,-400.0,310.0,,,,,,,
5294e6de1be93f4d5876bc77a84cec3c,Caesars,2025-12-13 16:22:22.925734+00:00,2025-12-13 16:17:55+00:00,2025-12-13 19:00:00+00:00,South Dakota Coyotes,Prairie View Panthers,spreads,full_game,,,-8.0,-110.0,8.0,-110.0,,,
5294e6de1be93f4d5876bc77a84cec3c,Caesars,2025-12-13 16:22:22.925734+00:00,2025-12-13 16:17:55+00:00,2025-12-13 19:00:00+00:00,South Dakota Coyotes,Prairie View Panthers,totals,full_game,,,,,,,167.5,-110.0,-110.0
74f7a257812ba969fef8386a38510b94,DraftKings,2025-12-13 16:22:22.925734+00:00,2025-12-13 16:21:38+00:00,2025-12-13 19:00:00+00:00,Quinnipiac Bobcats,UMass Lowell River Hawks,spreads,full_game,,,-12.5,-112.0,12.5,-108.0,,,
74f7a257812ba969fef8386a38510b94,DraftKings,2025-12-13 16:22:22.925734+00:00,2025-12-13 16:21:38+00:00,2025-12-13 19:00:00+00:00,Quinnipiac Bobcats,UMass Lowell River Hawks,totals,full_game,,,,,,,155.5,-108.0,-112.0
74f7a257812ba969fef8386a38510b94,BetOnline.ag,2025-12-13 16:22:22.925734+00:00,2025-12-13 16:21:39+00:00,2025-12-13 19:00:00+00:00,Quinnipiac Bobcats,UMass Lowell River Hawks,spreads,full_game,,,-12.5,-110.0,12.5,-110.0,,,
74f7a257812ba969fef8386a38510b94,BetOnline.ag,2025-12-13 16:22:22.925734+00:00,2025-12-13 16:21:39+00:00,2025-12-13 19:00:00+00:00,Quinnipiac Bobcats,UMass Lowell River Hawks,totals,full_game,,,,,,,155.5,-105.0,-115.0
74f7a257812ba969fef8386a38510b94,LowVig.ag,2025-12-13 16:22:22.925734+00:00,2025-12-13 16:21:24+00:00,2025-12-13 19:00:00+00:00,Quinnipiac Bobcats,UMass Lowell River Hawks,spreads,full_game,,,-12.5,-106.0,12.5,-106.0,,,
74f7a257812ba969fef8386a38510b94,LowVig.ag,2025-12-13 16:22:22.925734+00:00,2025-12-13 16:21:24+00:00,2025-12-13 19:00:00+00:00,Quinnipiac Bobcats,UMass Lowell River Hawks,totals,full_game,,,,,,,155.5,-103.0,-113.0
74f7a257812ba969fef8386a38510b94,Fanatics,2025-12-13 16:22:22.925734+00:00,2025-12-13 16:21:50+00:00,2025-12-13 19:00:00+00:00,Quinnipiac Bobcats,UMass Lowell River Hawks,h2h,2h,-1000.0,650.0,,,,,,,
74f7a257812ba969fef8386a38510b94,Fanatics,2025-12-13 16:22:22.925734+00:00,2025-12-13 16:21:50+00:00,2025-12-13 19:00:00+00:00,Quinnipiac Bobcats,UMass Lowell River Hawks,spreads,full_game,,,-12.5,-115.0,12.5,-105.0,,,
74f7a257812ba969fef8386a38510b94,Fanatics,2025-12-13 16:22:22.925734+00:00,2025-12-13 16:21:50+00:00,2025-12-13 19:00:00+00:00,Quinnipiac Bobcats,UMass Lowell River Hawks,totals,full_game,,,,,,,155.5,-110.0,-110.0
74f7a257812ba969fef8386a38510b94,BetMGM,2025-12-13 16:22:22.925734+00:00,2025-12-13 16:21:54+00:00,2025-12-13 19:00:00+00:00,Quinnipiac Bobcats,UMass Lowell River Hawks,h2h,2h,-900.0,600.0,,,,,,,
74f7a257812ba969fef8386a38510b94,BetMGM,2025-12-13 16:22:22.925734+00:00,2025-12-13 16:21:54+00:00,2025-12-13 19:00:00+00:00,Quinnipiac Bobcats,UMass Lowell River Hawks,spreads,full_game,,,-12.5,-110.0,12.5,-110.0,,,
74f7a257812ba969fef8386a38510b94,BetMGM,2025-12-13 16:22:22.925734+00:00,2025-12-13 16:21:54+00:00,2025-12-13 19:00:00+00:00,Quinnipiac Bobcats,UMass Lowell River Hawks,totals,full_game,,,,,,,155.5,-105.0,-115.0
74f7a257812ba969fef8386a38510b94,FanDuel,2025-12-13 16:22:22.925734+00:00,2025-12-13 16:21:13+00:00,2025-12-13 19:00:00+00:00,Quinnipiac Bobcats,UMass Lowell River Hawks,h2h,2h,-1200.0,680.0,,,,,,,
74f7a257812ba969fef8386a38510b94,FanDuel,2025-12-13 16:22:22.925734+00:00,2025-12-13 16:21:13+00:00,2025-12-13 19:00:00+00:00,Quinnipiac Bobcats,UMass Lowell River Hawks,spreads,full_game,,,-12.5,-105.0,12.5,-115.0,,,
74f7a257812ba969fef8386a38510b94,FanDuel,2025-12-13 16:22:22.925734+00:00,2025-12-13 16:21:13+00:00,2025-12-13 19:00:00+00:00,Quinnipiac Bobcats,UMass Lowell River Hawks,totals,full_game,,,,,,,155.5,-114.0,-106.0
74f7a257812ba969fef8386a38510b94,BetRivers,2025-12-13 16:22:22.925734+00:00,2025-12-13 16:22:17+00:00,2025-12-13 19:00:00+00:00,Quinnipiac Bobcats,UMass Lowell River Hawks,h2h,2h,-1000.0,540.0,,,,,,,
74f7a257812ba969fef8386a38510b94,BetRivers,2025-12-13 16:22:22.925734+00:00,2025-12-13 16:22:17+00:00,2025-12-13 19:00:00+00:00,Quinnipiac Bobcats,UMass Lowell River Hawks,spreads,full_game,,,-12.5,-110.0,12.5,-113.0,,,
74f7a257812ba969fef8386a38510b94,BetRivers,2025-12-13 16:22:22.925734+00:00,2025-12-13 16:22:17+00:00,2025-12-13 19:00:00+00:00,Quinnipiac Bobcats,UMass Lowell River Hawks,totals,full_game,,,,,,,156.0,-112.0,-112.0
74f7a257812ba969fef8386a38510b94,Bovada,2025-12-13 16:22:22.925734+00:00,2025-12-13 16:21:51+00:00,2025-12-13 19:00:00+00:00,Quinnipiac Bobcats,UMass Lowell River Hawks,h2h,2h,-1100.0,650.0,,,,,,,
74f7a257812ba969fef8386a38510b94,Bovada,2025-12-13 16:22:22.925734+00:00,2025-12-13 16:21:51+00:00,2025-12-13 19:00:00+00:00,Quinnipiac Bobcats,UMass Lowell River Hawks,spreads,full_game,,,-13.0,-105.0,13.0,-115.0,,,
74f7a257812ba969fef8386a38510b94,Bovada,2025-12-13 16:22:22.925734+00:00,2025-12-13 16:21:51+00:00,2025-12-13 19:00:00+00:00,Quinnipiac Bobcats,UMass Lowell River Hawks,totals,full_game,,,,,,,155.5,-110.0,-110.0
74f7a257812ba969fef8386a38510b94,Caesars,2025-12-13 16:22:22.925734+00:00,2025-12-13 16:17:55+00:00,2025-12-13 19:00:00+00:00,Quinnipiac Bobcats,UMass Lowell River Hawks,h2h,2h,-900.0,600.0,,,,,,,
74f7a257812ba969fef8386a38510b94,Caesars,2025-12-13 16:22:22.925734+00:00,2025-12-13 16:17:55+00:00,2025-12-13 19:00:00+00:00,Quinnipiac Bobcats,UMass Lowell River Hawks,spreads,full_game,,,-12.5,-110.0,12.5,-110.0,,,
74f7a257812ba969fef8386a38510b94,Caesars,2025-12-13 16:22:22.925734+00:00,2025-12-13 16:17:55+00:00,2025-12-13 19:00:00+00:00,Quinnipiac Bobcats,UMass Lowell River Hawks,totals,full_game,,,,,,,155.5,-110.0,-110.0
826ab3cc76eb3f4b14b00a2d999b7738,DraftKings,2025-12-13 16:22:22.925734+00:00,2025-12-13 16:21:38+00:00,2025-12-13 19:00:00+00:00,UNC Asheville Bulldogs,St. Thomas (MN) Tommies,h2h,2h,142.0,-170.0,,,,,,,
826ab3cc76eb3f4b14b00a2d999b7738,DraftKings,2025-12-13 16:22:22.925734+00:00,2025-12-13 16:21:38+00:00,2025-12-13 19:00:00+00:00,UNC Asheville Bulldogs,St. Thomas (MN) Tommies,spreads,full_game,,,3.5,-110.0,-3.5,-110.0,,,
826ab3cc76eb3f4b14b00a2d999b7738,DraftKings,2025-12-13 16:22:22.925734+00:00,2025-12-13 16:21:38+00:00,2025-12-13 19:00:00+00:00,UNC Asheville Bulldogs,St. Thomas (MN) Tommies,totals,full_game,,,,,,,150.5,-110.0,-110.0
826ab3cc76eb3f4b14b00a2d999b7738,LowVig.ag,2025-12-13 16:22:22.925734+00:00,2025-12-13 16:21:24+00:00,2025-12-13 19:00:00+00:00,UNC Asheville Bulldogs,St. Thomas (MN) Tommies,spreads,full_game,,,3.5,-106.0,-3.5,-106.0,,,
826ab3cc76eb3f4b14b00a2d999b7738,LowVig.ag,2025-12-13 16:22:22.925734+00:00,2025-12-13 16:21:24+00:00,2025-12-13 19:00:00+00:00,UNC Asheville Bulldogs,St. Thomas (MN) Tommies,totals,full_game,,,,,,,150.5,-108.0,-108.0
826ab3cc76eb3f4b14b00a2d999b7738,BetOnline.ag,2025-12-13 16:22:22.925734+00:00,2025-12-13 16:21:39+00:00,2025-12-13 19:00:00+00:00,UNC Asheville Bulldogs,St. Thomas (MN) Tommies,spreads,full_game,,,3.5,-110.0,-3.5,-110.0,,,
826ab3cc76eb3f4b14b00a2d999b7738,BetOnline.ag,2025-12-13 16:22:22.925734+00:00,2025-12-13 16:21:39+00:00,2025-12-13 19:00:00+00:00,UNC Asheville Bulldogs,St. Thomas (MN) Tommies,totals,full_game,,,,,,,150.5,-110.0,-110.0
826ab3cc76eb3f4b14b00a2d999b7738,Fanatics,2025-12-13 16:22:22.925734+00:00,2025-12-13 16:21:50+00:00,2025-12-13 19:00:00+00:00,UNC Asheville Bulldogs,St. Thomas (MN) Tommies,h2h,2h,145.0,-175.0,,,,,,,
826ab3cc76eb3f4b14b00a2d999b7738,Fanatics,2025-12-13 16:22:22.925734+00:00,2025-12-13 16:21:50+00:00,2025-12-13 19:00:00+00:00,UNC Asheville Bulldogs,St. Thomas (MN) Tommies,spreads,full_game,,,4.0,-110.0,-4.0,-110.0,,,
826ab3cc76eb3f4b14b00a2d999b7738,Fanatics,2025-12-13 16:22:22.925734+00:00,2025-12-13 16:21:50+00:00,2025-12-13 19:00:00+00:00,UNC Asheville Bulldogs,St. Thomas (MN) Tommies,totals,full_game,,,,,,,150.5,-110.0,-110.0
826ab3cc76eb3f4b14b00a2d999b7738,BetMGM,2025-12-13 16:22:22.925734+00:00,2025-12-13 16:21:54+00:00,2025-12-13 19:00:00+00:00,UNC Asheville Bulldogs,St. Thomas (MN) Tommies,h2h,2h,145.0,-175.0,,,,,,,
826ab3cc76eb3f4b14b00a2d999b7738,BetMGM,2025-12-13 16:22:22.925734+00:00,2025-12-13 16:21:54+00:00,2025-12-13 19:00:00+00:00,UNC Asheville Bulldogs,St. Thomas (MN) Tommies,spreads,full_game,,,3.5,-110.0,-3.5,-110.0,,,
826ab3cc76eb3f4b14b00a2d999b7738,BetMGM,2025-12-13 16:22:22.925734+00:00,2025-12-13 16:21:54+00:00,2025-12-13 19:00:00+00:00,UNC Asheville Bulldogs,St. Thomas (MN) Tommies,totals,full_game,,,,,,,150.5,-110.0,-110.0
826ab3cc76eb3f4b14b00a2d999b7738,FanDuel,2025-12-13 16:22:22.925734+00:00,2025-12-13 16:21:13+00:00,2025-12-13 19:00:00+00:00,UNC Asheville Bulldogs,St. Thomas (MN) Tommies,h2h,2h,144.0,-178.0,,,,,,,
826ab3cc76eb3f4b14b00a2d999b7738,FanDuel,2025-12-13 16:22:22.925734+00:00,2025-12-13 16:21:13+00:00,2025-12-13 19:00:00+00:00,UNC Asheville Bulldogs,St. Thomas (MN) Tommies,spreads,full_game,,,3.5,-112.0,-3.5,-108.0,,,
826ab3cc76eb3f4b14b00a2d999b7738,FanDuel,2025-12-13 16:22:22.925734+00:00,2025-12-13 16:21:13+00:00,2025-12-13 19:00:00+00:00,UNC Asheville Bulldogs,St. Thomas (MN) Tommies,totals,full_game,,,,,,,150.5,-110.0,-110.0
826ab3cc76eb3f4b14b00a2d999b7738,BetRivers,2025-12-13 16:22:22.925734+00:00,2025-12-13 16:22:17+00:00,2025-12-13 19:00:00+00:00,UNC Asheville Bulldogs,St. Thomas (MN) Tommies,h2h,2h,138.0,-182.0,,,,,,,
826ab3cc76eb3f4b14b00a2d999b7738,BetRivers,2025-12-13 16:22:22.925734+00:00,2025-12-13 16:22:17+00:00,2025-12-13 19:00:00+00:00,UNC Asheville Bulldogs,St. Thomas (MN) Tommies,spreads,full_game,,,3.5,-109.0,-3.5,-114.0,,,
826ab3cc76eb3f4b14b00a2d999b7738,BetRivers,2025-12-13 16:22:22.925734+00:00,2025-12-13 16:22:17+00:00,2025-12-13 19:00:00+00:00,UNC Asheville Bulldogs,St. Thomas (MN) Tommies,totals,full_game,,,,,,,150.5,-110.0,-113.0
826ab3cc76eb3f4b14b00a2d999b7738,Bovada,2025-12-13 16:22:22.925734+00:00,2025-12-13 16:21:51+00:00,2025-12-13 19:00:00+00:00,UNC Asheville Bulldogs,St. Thomas (MN) Tommies,h2h,2h,145.0,-170.0,,,,,,,
826ab3cc76eb3f4b14b00a2d999b7738,Bovada,2025-12-13 16:22:22.925734+00:00,2025-12-13 16:21:51+00:00,2025-12-13 19:00:00+00:00,UNC Asheville Bulldogs,St. Thomas (MN) Tommies,spreads,full_game,,,3.5,-110.0,-3.5,-110.0,,,
826ab3cc76eb3f4b14b00a2d999b7738,Bovada,2025-12-13 16:22:22.925734+00:00,2025-12-13 16:21:51+00:00,2025-12-13 19:00:00+00:00,UNC Asheville Bulldogs,St. Thomas (MN) Tommies,totals,full_game,,,,,,,150.5,-110.0,-110.0
826ab3cc76eb3f4b14b00a2d999b7738,Caesars,2025-12-13 16:22:22.925734+00:00,2025-12-13 16:17:55+00:00,2025-12-13 19:00:00+00:00,UNC Asheville Bulldogs,St. Thomas (MN) Tommies,h2h,2h,150.0,-178.0,,,,,,,
826ab3cc76eb3f4b14b00a2d999b7738,Caesars,2025-12-13 16:22:22.925734+00:00,2025-12-13 16:17:55+00:00,2025-12-13 19:00:00+00:00,UNC Asheville Bulldogs,St. Thomas (MN) Tommies,spreads,full_game,,,3.5,-110.0,-3.5,-110.0,,,
826ab3cc76eb3f4b14b00a2d999b7738,Caesars,2025-12-13 16:22:22.925734+00:00,2025-12-13 16:17:55+00:00,2025-12-13 19:00:00+00:00,UNC Asheville Bulldogs,St. Thomas (MN) Tommies,totals,full_game,,,,,,,150.5,-110.0,-110.0
f1b887b91d8ebf5683ed8c3f0c53caa6,DraftKings,2025-12-13 16:22:22.925734+00:00,2025-12-13 16:21:38+00:00,2025-12-13 19:00:00+00:00,Utah Valley Wolverines,UC Santa Barbara Gauchos,h2h,2h,-245.0,200.0,,,,,,,
f1b887b91d8ebf5683ed8c3f0c53caa6,DraftKings,2025-12-13 16:22:22.925734+00:00,2025-12-13 16:21:38+00:00,2025-12-13 19:00:00+00:00,Utah Valley Wolverines,UC Santa Barbara Gauchos,spreads,full_game,,,-5.5,-108.0,5.5,-112.0,,,
f1b887b91d8ebf5683ed8c3f0c53caa6,DraftKings,2025-12-13 16:22:22.925734+00:00,2025-12-13 16:21:38+00:00,2025-12-13 19:00:00+00:00,Utah Valley Wolverines,UC Santa Barbara Gauchos,totals,full_game,,,,,,,147.5,-115.0,-105.0
f1b887b91d8ebf5683ed8c3f0c53caa6,LowVig.ag,2025-12-13 16:22:22.925734+00:00,2025-12-13 16:21:24+00:00,2025-12-13 19:00:00+00:00,Utah Valley Wolverines,UC Santa Barbara Gauchos,h2h,2h,-240.0,200.0,,,,,,,
f1b887b91d8ebf5683ed8c3f0c53caa6,LowVig.ag,2025-12-13 16:22:22.925734+00:00,2025-12-13 16:21:24+00:00,2025-12-13 19:00:00+00:00,Utah Valley Wolverines,UC Santa Barbara Gauchos,spreads,full_game,,,-5.5,-106.0,5.5,-106.0,,,
f1b887b91d8ebf5683ed8c3f0c53caa6,LowVig.ag,2025-12-13 16:22:22.925734+00:00,2025-12-13 16:21:24+00:00,2025-12-13 19:00:00+00:00,Utah Valley Wolverines,UC Santa Barbara Gauchos,totals,full_game,,,,,,,148.0,-113.0,-103.0
f1b887b91d8ebf5683ed8c3f0c53caa6,BetOnline.ag,2025-12-13 16:22:22.925734+00:00,2025-12-13 16:21:39+00:00,2025-12-13 19:00:00+00:00,Utah Valley Wolverines,UC Santa Barbara Gauchos,h2h,2h,-240.0,200.0,,,,,,,
f1b887b91d8ebf5683ed8c3f0c53caa6,BetOnline.ag,2025-12-13 16:22:22.925734+00:00,2025-12-13 16:21:39+00:00,2025-12-13 19:00:00+00:00,Utah Valley Wolverines,UC Santa Barbara Gauchos,spreads,full_game,,,-5.5,-110.0,5.5,-110.0,,,
f1b887b91d8ebf5683ed8c3f0c53caa6,BetOnline.ag,2025-12-13 16:22:22.925734+00:00,2025-12-13 16:21:39+00:00,2025-12-13 19:00:00+00:00,Utah Valley Wolverines,UC Santa Barbara Gauchos,totals,full_game,,,,,,,148.0,-115.0,-105.0
f1b887b91d8ebf5683ed8c3f0c53caa6,Fanatics,2025-12-13 16:22:22.925734+00:00,2025-12-13 16:21:50+00:00,2025-12-13 19:00:00+00:00,Utah Valley Wolverines,UC Santa Barbara Gauchos,h2h,2h,-210.0,175.0,,,,,,,
f1b887b91d8ebf5683ed8c3f0c53caa6,Fanatics,2025-12-13 16:22:22.925734+00:00,2025-12-13 16:21:50+00:00,2025-12-13 19:00:00+00:00,Utah Valley Wolverines,UC Santa Barbara Gauchos,spreads,full_game,,,-5.0,-110.0,5.0,-110.0,,,
f1b887b91d8ebf5683ed8c3f0c53caa6,Fanatics,2025-12-13 16:22:22.925734+00:00,2025-12-13 16:21:50+00:00,2025-12-13 19:00:00+00:00,Utah Valley Wolverines,UC Santa Barbara Gauchos,totals,full_game,,,,,,,147.5,-110.0,-110.0
f1b887b91d8ebf5683ed8c3f0c53caa6,BetMGM,2025-12-13 16:22:22.925734+00:00,2025-12-13 16:21:54+00:00,2025-12-13 19:00:00+00:00,Utah Valley Wolverines,UC Santa Barbara Gauchos,h2h,2h,-235.0,190.0,,,,,,,
f1b887b91d8ebf5683ed8c3f0c53caa6,BetMGM,2025-12-13 16:22:22.925734+00:00,2025-12-13 16:21:54+00:00,2025-12-13 19:00:00+00:00,Utah Valley Wolverines,UC Santa Barbara Gauchos,spreads,full_game,,,-5.5,-110.0,5.5,-110.0,,,
f1b887b91d8ebf5683ed8c3f0c53caa6,BetMGM,2025-12-13 16:22:22.925734+00:00,2025-12-13 16:21:54+00:00,2025-12-13 19:00:00+00:00,Utah Valley Wolverines,UC Santa Barbara Gauchos,totals,full_game,,,,,,,147.5,-110.0,-110.0
f1b887b91d8ebf5683ed8c3f0c53caa6,Bovada,2025-12-13 16:22:22.925734+00:00,2025-12-13 16:21:51+00:00,2025-12-13 19:00:00+00:00,Utah Valley Wolverines,UC Santa Barbara Gauchos,h2h,2h,-225.0,185.0,,,,,,,
f1b887b91d8ebf5683ed8c3f0c53caa6,Bovada,2025-12-13 16:22:22.925734+00:00,2025-12-13 16:21:51+00:00,2025-12-13 19:00:00+00:00,Utah Valley Wolverines,UC Santa Barbara Gauchos,spreads,full_game,,,-5.5,-105.0,5.5,-115.0,,,
f1b887b91d8ebf5683ed8c3f0c53caa6,Bovada,2025-12-13 16:22:22.925734+00:00,2025-12-13 16:21:51+00:00,2025-12-13 19:00:00+00:00,Utah Valley Wolverines,UC Santa Barbara Gauchos,totals,full_game,,,,,,,147.5,-110.0,-110.0
f1b887b91d8ebf5683ed8c3f0c53caa6,Caesars,2025-12-13 16:22:22.925734+00:00,2025-12-13 16:17:55+00:00,2025-12-13 19:00:00+00:00,Utah Valley Wolverines,UC Santa Barbara Gauchos,h2h,2h,-250.0,205.0,,,,,,,
f1b887b91d8ebf5683ed8c3f0c53caa6,Caesars,2025-12-13 16:22:22.925734+00:00,2025-12-13 16:17:55+00:00,2025-12-13 19:00:00+00:00,Utah Valley Wolverines,UC Santa Barbara Gauchos,spreads,full_game,,,-5.5,-110.0,5.5,-110.0,,,
f1b887b91d8ebf5683ed8c3f0c53caa6,Caesars,2025-12-13 16:22:22.925734+00:00,2025-12-13 16:17:55+00:00,2025-12-13 19:00:00+00:00,Utah Valley Wolverines,UC Santa Barbara Gauchos,totals,full_game,,,,,,,147.5,-110.0,-110.0
f1b887b91d8ebf5683ed8c3f0c53caa6,BetUS,2025-12-13 16:22:22.925734+00:00,2025-12-13 16:22:17+00:00,2025-12-13 19:00:00+00:00,Utah Valley Wolverines,UC Santa Barbara Gauchos,h2h,2h,-230.0,195.0,,,,,,,
f1b887b91d8ebf5683ed8c3f0c53caa6,BetUS,2025-12-13 16:22:22.925734+00:00,2025-12-13 16:22:17+00:00,2025-12-13 19:00:00+00:00,Utah Valley Wolverines,UC Santa Barbara Gauchos,spreads,full_game,,,-5.5,-110.0,5.5,-110.0,,,
f1b887b91d8ebf5683ed8c3f0c53caa6,BetUS,2025-12-13 16:22:22.925734+00:00,2025-12-13 16:22:17+00:00,2025-12-13 19:00:00+00:00,Utah Valley Wolverines,UC Santa Barbara Gauchos,totals,full_game,,,,,,,147.5,-110.0,-110.0
f1b887b91d8ebf5683ed8c3f0c53caa6,BetRivers,2025-12-13 16:22:22.925734+00:00,2025-12-13 16:22:17+00:00,2025-12-13 19:00:00+00:00,Utah Valley Wolverines,UC Santa Barbara Gauchos,h2h,2h,-215.0,170.0,,,,,,,
f1b887b91d8ebf5683ed8c3f0c53caa6,BetRivers,2025-12-13 16:22:22.925734+00:00,2025-12-13 16:22:17+00:00,2025-12-13 19:00:00+00:00,Utah Valley Wolverines,UC Santa Barbara Gauchos,spreads,full_game,,,-5.0,-110.0,5.0,-113.0,,,
f1b887b91d8ebf5683ed8c3f0c53caa6,BetRivers,2025-12-13 16:22:22.925734+00:00,2025-12-13 16:22:17+00:00,2025-12-13 19:00:00+00:00,Utah Valley Wolverines,UC Santa Barbara Gauchos,totals,full_game,,,,,,,147.0,-110.0,-113.0
f1b887b91d8ebf5683ed8c3f0c53caa6,FanDuel,2025-12-13 16:22:22.925734+00:00,2025-12-13 16:21:13+00:00,2025-12-13 19:00:00+00:00,Utah Valley Wolverines,UC Santa Barbara Gauchos,h2h,2h,-210.0,168.0,,,,,,,
f1b887b91d8ebf5683ed8c3f0c53caa6,FanDuel,2025-12-13 16:22:22.925734+00:00,2025-12-13 16:21:13+00:00,2025-12-13 19:00:00+00:00,Utah Valley Wolverines,UC Santa Barbara Gauchos,spreads,full_game,,,-4.5,-110.0,4.5,-110.0,,,
f1b887b91d8ebf5683ed8c3f0c53caa6,FanDuel,2025-12-13 16:22:22.925734+00:00,2025-12-13 16:21:13+00:00,2025-12-13 19:00:00+00:00,Utah Valley Wolverines,UC Santa Barbara Gauchos,totals,full_game,,,,,,,148.5,-105.0,-115.0
55f2b596b9f0abdab05de7e2d05e3d62,FanDuel,2025-12-13 16:22:22.925734+00:00,2025-12-13 16:21:13+00:00,2025-12-13 19:00:02+00:00,Georgia Bulldogs,Cincinnati Bearcats,h2h,2h,-400.0,310.0,,,,,,,
55f2b596b9f0abdab05de7e2d05e3d62,FanDuel,2025-12-13 16:22:22.925734+00:00,2025-12-13 16:21:13+00:00,2025-12-13 19:00:02+00:00,Georgia Bulldogs,Cincinnati Bearcats,spreads,full_game,,,-7.5,-115.0,7.5,-105.0,,,
55f2b596b9f0abdab05de7e2d05e3d62,FanDuel,2025-12-13 16:22:22.925734+00:00,2025-12-13 16:21:13+00:00,2025-12-13 19:00:02+00:00,Georgia Bulldogs,Cincinnati Bearcats,totals,full_game,,,,,,,157.5,-110.0,-110.0
55f2b596b9f0abdab05de7e2d05e3d62,LowVig.ag,2025-12-13 16:22:22.925734+00:00,2025-12-13 16:21:24+00:00,2025-12-13 19:00:02+00:00,Georgia Bulldogs,Cincinnati Bearcats,h2h,2h,-360.0,289.0,,,,,,,
55f2b596b9f0abdab05de7e2d05e3d62,LowVig.ag,2025-12-13 16:22:22.925734+00:00,2025-12-13 16:21:24+00:00,2025-12-13 19:00:02+00:00,Georgia Bulldogs,Cincinnati Bearcats,spreads,full_game,,,-7.5,-106.0,7.5,-106.0,,,
55f2b596b9f0abdab05de7e2d05e3d62,LowVig.ag,2025-12-13 16:22:22.925734+00:00,2025-12-13 16:21:24+00:00,2025-12-13 19:00:02+00:00,Georgia Bulldogs,Cincinnati Bearcats,totals,full_game,,,,,,,156.5,-108.0,-108.0
55f2b596b9f0abdab05de7e2d05e3d62,BetOnline.ag,2025-12-13 16:22:22.925734+00:00,2025-12-13 16:21:39+00:00,2025-12-13 19:00:02+00:00,Georgia Bulldogs,Cincinnati Bearcats,h2h,2h,-360.0,289.0,,,,,,,
55f2b596b9f0abdab05de7e2d05e3d62,BetOnline.ag,2025-12-13 16:22:22.925734+00:00,2025-12-13 16:21:39+00:00,2025-12-13 19:00:02+00:00,Georgia Bulldogs,Cincinnati Bearcats,spreads,full_game,,,-7.5,-110.0,7.5,-110.0,,,
55f2b596b9f0abdab05de7e2d05e3d62,BetOnline.ag,2025-12-13 16:22:22.925734+00:00,2025-12-13 16:21:39+00:00,2025-12-13 19:00:02+00:00,Georgia Bulldogs,Cincinnati Bearcats,totals,full_game,,,,,,,156.5,-110.0,-110.0
55f2b596b9f0abdab05de7e2d05e3d62,Fanatics,2025-12-13 16:22:22.925734+00:00,2025-12-13 16:21:50+00:00,2025-12-13 19:00:02+00:00,Georgia Bulldogs,Cincinnati Bearcats,h2h,2h,-350.0,280.0,,,,,,,
55f2b596b9f0abdab05de7e2d05e3d62,Fanatics,2025-12-13 16:22:22.925734+00:00,2025-12-13 16:21:50+00:00,2025-12-13 19:00:02+00:00,Georgia Bulldogs,Cincinnati Bearcats,spreads,full_game,,,-8.0,-105.0,8.0,-115.0,,,
55f2b596b9f0abdab05de7e2d05e3d62,Fanatics,2025-12-13 16:22:22.925734+00:00,2025-12-13 16:21:50+00:00,2025-12-13 19:00:02+00:00,Georgia Bulldogs,Cincinnati Bearcats,totals,full_game,,,,,,,157.0,-110.0,-110.0
55f2b596b9f0abdab05de7e2d05e3d62,Caesars,2025-12-13 16:22:22.925734+00:00,2025-12-13 16:17:55+00:00,2025-12-13 19:00:02+00:00,Georgia Bulldogs,Cincinnati Bearcats,h2h,2h,-400.0,310.0,,,,,,,
55f2b596b9f0abdab05de7e2d05e3d62,Caesars,2025-12-13 16:22:22.925734+00:00,2025-12-13 16:17:55+00:00,2025-12-13 19:00:02+00:00,Georgia Bulldogs,Cincinnati Bearcats,spreads,full_game,,,-7.0,-110.0,7.0,-110.0,,,
55f2b596b9f0abdab05de7e2d05e3d62,Caesars,2025-12-13 16:22:22.925734+00:00,2025-12-13 16:17:55+00:00,2025-12-13 19:00:02+00:00,Georgia Bulldogs,Cincinnati Bearcats,totals,full_game,,,,,,,158.5,-110.0,-110.0
55f2b596b9f0abdab05de7e2d05e3d62,DraftKings,2025-12-13 16:22:22.925734+00:00,2025-12-13 16:21:38+00:00,2025-12-13 19:00:02+00:00,Georgia Bulldogs,Cincinnati Bearcats,h2h,2h,-375.0,295.0,,,,,,,
55f2b596b9f0abdab05de7e2d05e3d62,DraftKings,2025-12-13 16:22:22.925734+00:00,2025-12-13 16:21:38+00:00,2025-12-13 19:00:02+00:00,Georgia Bulldogs,Cincinnati Bearcats,spreads,full_game,,,-7.5,-115.0,7.5,-105.0,,,
55f2b596b9f0abdab05de7e2d05e3d62,DraftKings,2025-12-13 16:22:22.925734+00:00,2025-12-13 16:21:38+00:00,2025-12-13 19:00:02+00:00,Georgia Bulldogs,Cincinnati Bearcats,totals,full_game,,,,,,,156.5,-115.0,-105.0
55f2b596b9f0abdab05de7e2d05e3d62,BetMGM,2025-12-13 16:22:22.925734+00:00,2025-12-13 16:21:54+00:00,2025-12-13 19:00:02+00:00,Georgia Bulldogs,Cincinnati Bearcats,h2h,2h,-350.0,275.0,,,,,,,
55f2b596b9f0abdab05de7e2d05e3d62,BetMGM,2025-12-13 16:22:22.925734+00:00,2025-12-13 16:21:54+00:00,2025-12-13 19:00:02+00:00,Georgia Bulldogs,Cincinnati Bearcats,spreads,full_game,,,-7.5,-115.0,7.5,-105.0,,,
55f2b596b9f0abdab05de7e2d05e3d62,BetMGM,2025-12-13 16:22:22.925734+00:00,2025-12-13 16:21:54+00:00,2025-12-13 19:00:02+00:00,Georgia Bulldogs,Cincinnati Bearcats,totals,full_game,,,,,,,156.5,-115.0,-105.0
55f2b596b9f0abdab05de7e2d05e3d62,Bovada,2025-12-13 16:22:22.925734+00:00,2025-12-13 16:21:51+00:00,2025-12-13 19:00:02+00:00,Georgia Bulldogs,Cincinnati Bearcats,h2h,2h,-380.0,290.0,,,,,,,
55f2b596b9f0abdab05de7e2d05e3d62,Bovada,2025-12-13 16:22:22.925734+00:00,2025-12-13 16:21:51+00:00,2025-12-13 19:00:02+00:00,Georgia Bulldogs,Cincinnati Bearcats,spreads,full_game,,,-7.5,-110.0,7.5,-110.0,,,
55f2b596b9f0abdab05de7e2d05e3d62,Bovada,2025-12-13 16:22:22.925734+00:00,2025-12-13 16:21:51+00:00,2025-12-13 19:00:02+00:00,Georgia Bulldogs,Cincinnati Bearcats,totals,full_game,,,,,,,157.0,-110.0,-110.0
55f2b596b9f0abdab05de7e2d05e3d62,BetUS,2025-12-13 16:22:22.925734+00:00,2025-12-13 16:22:17+00:00,2025-12-13 19:00:02+00:00,Georgia Bulldogs,Cincinnati Bearcats,h2h,2h,-360.0,290.0,,,,,,,
55f2b596b9f0abdab05de7e2d05e3d62,BetUS,2025-12-13 16:22:22.925734+00:00,2025-12-13 16:22:17+00:00,2025-12-13 19:00:02+00:00,Georgia Bulldogs,Cincinnati Bearcats,spreads,full_game,,,-7.5,-110.0,7.5,-110.0,,,
55f2b596b9f0abdab05de7e2d05e3d62,BetUS,2025-12-13 16:22:22.925734+00:00,2025-12-13 16:22:17+00:00,2025-12-13 19:00:02+00:00,Georgia Bulldogs,Cincinnati Bearcats,totals,full_game,,,,,,,157.0,-110.0,-110.0
55f2b596b9f0abdab05de7e2d05e3d62,BetRivers,2025-12-13 16:22:22.925734+00:00,2025-12-13 16:22:17+00:00,2025-12-13 19:00:02+00:00,Georgia Bulldogs,Cincinnati Bearcats,h2h,2h,-360.0,250.0,,,,,,,
55f2b596b9f0abdab05de7e2d05e3d62,BetRivers,2025-12-13 16:22:22.925734+00:00,2025-12-13 16:22:17+00:00,2025-12-13 19:00:02+00:00,Georgia Bulldogs,Cincinnati Bearcats,spreads,full_game,,,-7.5,-110.0,7.5,-113.0,,,
55f2b596b9f0abdab05de7e2d05e3d62,BetRivers,2025-12-13 16:22:22.925734+00:00,2025-12-13 16:22:17+00:00,2025-12-13 19:00:02+00:00,Georgia Bulldogs,Cincinnati Bearcats,totals,full_game,,,,,,,157.0,-113.0,-110.0
2efc047e2cd2dfa1ab6eea544eb7317f,FanDuel,2025-12-13 16:22:22.925734+00:00,2025-12-13 16:21:13+00:00,2025-12-13 19:00:29+00:00,Butler Bulldogs,Providence Friars,h2h,2h,-205.0,168.0,,,,,,,
2efc047e2cd2dfa1ab6eea544eb7317f,FanDuel,2025-12-13 16:22:22.925734+00:00,2025-12-13 16:21:13+00:00,2025-12-13 19:00:29+00:00,Butler Bulldogs,Providence Friars,spreads,full_game,,,-4.5,-110.0,4.5,-110.0,,,
2efc047e2cd2dfa1ab6eea544eb7317f,FanDuel,2025-12-13 16:22:22.925734+00:00,2025-12-13 16:21:13+00:00,2025-12-13 19:00:29+00:00,Butler Bulldogs,Providence Friars,totals,full_game,,,,,,,166.5,-104.0,-118.0
2efc047e2cd2dfa1ab6eea544eb7317f,Fanatics,2025-12-13 16:22:22.925734+00:00,2025-12-13 16:21:50+00:00,2025-12-13 19:00:29+00:00,Butler Bulldogs,Providence Friars,h2h,2h,-180.0,150.0,,,,,,,
2efc047e2cd2dfa1ab6eea544eb7317f,Fanatics,2025-12-13 16:22:22.925734+00:00,2025-12-13 16:21:50+00:00,2025-12-13 19:00:29+00:00,Butler Bulldogs,Providence Friars,spreads,full_game,,,-4.0,-110.0,4.0,-110.0,,,
2efc047e2cd2dfa1ab6eea544eb7317f,Fanatics,2025-12-13 16:22:22.925734+00:00,2025-12-13 16:21:50+00:00,2025-12-13 19:00:29+00:00,Butler Bulldogs,Providence Friars,totals,full_game,,,,,,,165.5,-110.0,-110.0
2efc047e2cd2dfa1ab6eea544eb7317f,Caesars,2025-12-13 16:22:22.925734+00:00,2025-12-13 16:17:55+00:00,2025-12-13 19:00:29+00:00,Butler Bulldogs,Providence Friars,h2h,2h,-195.0,162.0,,,,,,,
2efc047e2cd2dfa1ab6eea544eb7317f,Caesars,2025-12-13 16:22:22.925734+00:00,2025-12-13 16:17:55+00:00,2025-12-13 19:00:29+00:00,Butler Bulldogs,Providence Friars,spreads,full_game,,,-4.0,-110.0,4.0,-110.0,,,
2efc047e2cd2dfa1ab6eea544eb7317f,Caesars,2025-12-13 16:22:22.925734+00:00,2025-12-13 16:17:55+00:00,2025-12-13 19:00:29+00:00,Butler Bulldogs,Providence Friars,totals,full_game,,,,,,,165.0,-110.0,-110.0
2efc047e2cd2dfa1ab6eea544eb7317f,BetOnline.ag,2025-12-13 16:22:22.925734+00:00,2025-12-13 16:21:39+00:00,2025-12-13 19:00:29+00:00,Butler Bulldogs,Providence Friars,h2h,2h,-185.0,161.0,,,,,,,
2efc047e2cd2dfa1ab6eea544eb7317f,BetOnline.ag,2025-12-13 16:22:22.925734+00:00,2025-12-13 16:21:39+00:00,2025-12-13 19:00:29+00:00,Butler Bulldogs,Providence Friars,spreads,full_game,,,-4.0,-110.0,4.0,-110.0,,,
2efc047e2cd2dfa1ab6eea544eb7317f,BetOnline.ag,2025-12-13 16:22:22.925734+00:00,2025-12-13 16:21:39+00:00,2025-12-13 19:00:29+00:00,Butler Bulldogs,Providence Friars,totals,full_game,,,,,,,165.0,-105.0,-115.0
2efc047e2cd2dfa1ab6eea544eb7317f,LowVig.ag,2025-12-13 16:22:22.925734+00:00,2025-12-13 16:21:24+00:00,2025-12-13 19:00:29+00:00,Butler Bulldogs,Providence Friars,h2h,2h,-185.0,161.0,,,,,,,
2efc047e2cd2dfa1ab6eea544eb7317f,LowVig.ag,2025-12-13 16:22:22.925734+00:00,2025-12-13 16:21:24+00:00,2025-12-13 19:00:29+00:00,Butler Bulldogs,Providence Friars,spreads,full_game,,,-4.0,-106.0,4.0,-106.0,,,
2efc047e2cd2dfa1ab6eea544eb7317f,LowVig.ag,2025-12-13 16:22:22.925734+00:00,2025-12-13 16:21:24+00:00,2025-12-13 19:00:29+00:00,Butler Bulldogs,Providence Friars,totals,full_game,,,,,,,165.0,-103.0,-113.0
2efc047e2cd2dfa1ab6eea544eb7317f,DraftKings,2025-12-13 16:22:22.925734+00:00,2025-12-13 16:21:38+00:00,2025-12-13 19:00:29+00:00,Butler Bulldogs,Providence Friars,h2h,2h,-198.0,164.0,,,,,,,
2efc047e2cd2dfa1ab6eea544eb7317f,DraftKings,2025-12-13 16:22:22.925734+00:00,2025-12-13 16:21:38+00:00,2025-12-13 19:00:29+00:00,Butler Bulldogs,Providence Friars,spreads,full_game,,,-4.5,-102.0,4.5,-118.0,,,
2efc047e2cd2dfa1ab6eea544eb7317f,DraftKings,2025-12-13 16:22:22.925734+00:00,2025-12-13 16:21:38+00:00,2025-12-13 19:00:29+00:00,Butler Bulldogs,Providence Friars,totals,full_game,,,,,,,165.5,-105.0,-115.0
2efc047e2cd2dfa1ab6eea544eb7317f,BetMGM,2025-12-13 16:22:22.925734+00:00,2025-12-13 16:21:54+00:00,2025-12-13 19:00:29+00:00,Butler Bulldogs,Providence Friars,h2h,2h,-190.0,155.0,,,,,,,
2efc047e2cd2dfa1ab6eea544eb7317f,BetMGM,2025-12-13 16:22:22.925734+00:00,2025-12-13 16:21:54+00:00,2025-12-13 19:00:29+00:00,Butler Bulldogs,Providence Friars,spreads,full_game,,,-4.5,-105.0,4.5,-115.0,,,
2efc047e2cd2dfa1ab6eea544eb7317f,BetMGM,2025-12-13 16:22:22.925734+00:00,2025-12-13 16:21:54+00:00,2025-12-13 19:00:29+00:00,Butler Bulldogs,Providence Friars,totals,full_game,,,,,,,164.5,-110.0,-110.0
2efc047e2cd2dfa1ab6eea544eb7317f,Bovada,2025-12-13 16:22:22.925734+00:00,2025-12-13 16:21:51+00:00,2025-12-13 19:00:29+00:00,Butler Bulldogs,Providence Friars,h2h,2h,-180.0,155.0,,,,,,,
2efc047e2cd2dfa1ab6eea544eb7317f,Bovada,2025-12-13 16:22:22.925734+00:00,2025-12-13 16:21:51+00:00,2025-12-13 19:00:29+00:00,Butler Bulldogs,Providence Friars,spreads,full_game,,,-3.5,-110.0,3.5,-110.0,,,
2efc047e2cd2dfa1ab6eea544eb7317f,Bovada,2025-12-13 16:22:22.925734+00:00,2025-12-13 16:21:51+00:00,2025-12-13 19:00:29+00:00,Butler Bulldogs,Providence Friars,totals,full_game,,,,,,,165.5,-110.0,-110.0
2efc047e2cd2dfa1ab6eea544eb7317f,BetUS,2025-12-13 16:22:22.925734+00:00,2025-12-13 16:22:17+00:00,2025-12-13 19:00:29+00:00,Butler Bulldogs,Providence Friars,h2h,2h,-185.0,159.0,,,,,,,
2efc047e2cd2dfa1ab6eea544eb7317f,BetUS,2025-12-13 16:22:22.925734+00:00,2025-12-13 16:22:17+00:00,2025-12-13 19:00:29+00:00,Butler Bulldogs,Providence Friars,spreads,full_game,,,-4.0,-110.0,4.0,-110.0,,,
2efc047e2cd2dfa1ab6eea544eb7317f,BetUS,2025-12-13 16:22:22.925734+00:00,2025-12-13 16:22:17+00:00,2025-12-13 19:00:29+00:00,Butler Bulldogs,Providence Friars,totals,full_game,,,,,,,165.0,-105.0,-115.0
2efc047e2cd2dfa1ab6eea544eb7317f,BetRivers,2025-12-13 16:22:22.925734+00:00,2025-12-13 16:22:17+00:00,2025-12-13 19:00:29+00:00,Butler Bulldogs,Providence Friars,h2h,2h,-186.0,150.0,,,,,,,
2efc047e2cd2dfa1ab6eea544eb7317f,BetRivers,2025-12-13 16:22:22.925734+00:00,2025-12-13 16:22:17+00:00,2025-12-13 19:00:29+00:00,Butler Bulldogs,Providence Friars,spreads,full_game,,,-4.5,-108.0,4.5,-114.0,,,
2efc047e2cd2dfa1ab6eea544eb7317f,BetRivers,2025-12-13 16:22:22.925734+00:00,2025-12-13 16:22:17+00:00,2025-12-13 19:00:29+00:00,Butler Bulldogs,Providence Friars,totals,full_game,,,,,,,166.0,-113.0,-110.0
66208cd6e218f53ca29887be174c9826,FanDuel,2025-12-13 16:22:22.925734+00:00,2025-12-13 16:21:13+00:00,2025-12-13 19:30:00+00:00,Florida Gators,GW Revolutionaries,h2h,2h,-1450.0,810.0,,,,,,,
66208cd6e218f53ca29887be174c9826,FanDuel,2025-12-13 16:22:22.925734+00:00,2025-12-13 16:21:13+00:00,2025-12-13 19:30:00+00:00,Florida Gators,GW Revolutionaries,spreads,full_game,,,-14.5,-110.0,14.5,-110.0,,,
66208cd6e218f53ca29887be174c9826,FanDuel,2025-12-13 16:22:22.925734+00:00,2025-12-13 16:21:13+00:00,2025-12-13 19:30:00+00:00,Florida Gators,GW Revolutionaries,totals,full_game,,,,,,,166.5,-104.0,-118.0
66208cd6e218f53ca29887be174c9826,LowVig.ag,2025-12-13 16:22:22.925734+00:00,2025-12-13 16:21:24+00:00,2025-12-13 19:30:00+00:00,Florida Gators,GW Revolutionaries,h2h,2h,-1350.0,817.0,,,,,,,
66208cd6e218f53ca29887be174c9826,LowVig.ag,2025-12-13 16:22:22.925734+00:00,2025-12-13 16:21:24+00:00,2025-12-13 19:30:00+00:00,Florida Gators,GW Revolutionaries,spreads,full_game,,,-14.0,-106.0,14.0,-106.0,,,
66208cd6e218f53ca29887be174c9826,LowVig.ag,2025-12-13 16:22:22.925734+00:00,2025-12-13 16:21:24+00:00,2025-12-13 19:30:00+00:00,Florida Gators,GW Revolutionaries,totals,full_game,,,,,,,165.0,100.0,-117.0
66208cd6e218f53ca29887be174c9826,BetOnline.ag,2025-12-13 16:22:22.925734+00:00,2025-12-13 16:21:39+00:00,2025-12-13 19:30:00+00:00,Florida Gators,GW Revolutionaries,h2h,2h,-1350.0,817.0,,,,,,,
66208cd6e218f53ca29887be174c9826,BetOnline.ag,2025-12-13 16:22:22.925734+00:00,2025-12-13 16:21:39+00:00,2025-12-13 19:30:00+00:00,Florida Gators,GW Revolutionaries,spreads,full_game,,,-14.0,-110.0,14.0,-110.0,,,
66208cd6e218f53ca29887be174c9826,BetOnline.ag,2025-12-13 16:22:22.925734+00:00,2025-12-13 16:21:39+00:00,2025-12-13 19:30:00+00:00,Florida Gators,GW Revolutionaries,totals,full_game,,,,,,,165.0,-102.0,-118.0
66208cd6e218f53ca29887be174c9826,Fanatics,2025-12-13 16:22:22.925734+00:00,2025-12-13 16:21:50+00:00,2025-12-13 19:30:00+00:00,Florida Gators,GW Revolutionaries,h2h,2h,-1300.0,800.0,,,,,,,
66208cd6e218f53ca29887be174c9826,Fanatics,2025-12-13 16:22:22.925734+00:00,2025-12-13 16:21:50+00:00,2025-12-13 19:30:00+00:00,Florida Gators,GW Revolutionaries,spreads,full_game,,,-14.0,-110.0,14.0,-110.0,,,
66208cd6e218f53ca29887be174c9826,Fanatics,2025-12-13 16:22:22.925734+00:00,2025-12-13 16:21:50+00:00,2025-12-13 19:30:00+00:00,Florida Gators,GW Revolutionaries,totals,full_game,,,,,,,165.0,-110.0,-110.0
66208cd6e218f53ca29887be174c9826,Caesars,2025-12-13 16:22:22.925734+00:00,2025-12-13 16:17:55+00:00,2025-12-13 19:30:00+00:00,Florida Gators,GW Revolutionaries,h2h,2h,-1400.0,800.0,,,,,,,
66208cd6e218f53ca29887be174c9826,Caesars,2025-12-13 16:22:22.925734+00:00,2025-12-13 16:17:55+00:00,2025-12-13 19:30:00+00:00,Florida Gators,GW Revolutionaries,spreads,full_game,,,-14.0,-110.0,14.0,-110.0,,,
66208cd6e218f53ca29887be174c9826,Caesars,2025-12-13 16:22:22.925734+00:00,2025-12-13 16:17:55+00:00,2025-12-13 19:30:00+00:00,Florida Gators,GW Revolutionaries,totals,full_game,,,,,,,164.5,-110.0,-110.0
66208cd6e218f53ca29887be174c9826,DraftKings,2025-12-13 16:22:22.925734+00:00,2025-12-13 16:21:38+00:00,2025-12-13 19:30:00+00:00,Florida Gators,GW Revolutionaries,h2h,2h,-1450.0,850.0,,,,,,,
66208cd6e218f53ca29887be174c9826,DraftKings,2025-12-13 16:22:22.925734+00:00,2025-12-13 16:21:38+00:00,2025-12-13 19:30:00+00:00,Florida Gators,GW Revolutionaries,spreads,full_game,,,-13.5,-118.0,13.5,-102.0,,,
66208cd6e218f53ca29887be174c9826,DraftKings,2025-12-13 16:22:22.925734+00:00,2025-12-13 16:21:38+00:00,2025-12-13 19:30:00+00:00,Florida Gators,GW Revolutionaries,totals,full_game,,,,,,,164.5,-110.0,-110.0
66208cd6e218f53ca29887be174c9826,BetMGM,2025-12-13 16:22:22.925734+00:00,2025-12-13 16:21:54+00:00,2025-12-13 19:30:00+00:00,Florida Gators,GW Revolutionaries,h2h,2h,-1100.0,700.0,,,,,,,
66208cd6e218f53ca29887be174c9826,BetMGM,2025-12-13 16:22:22.925734+00:00,2025-12-13 16:21:54+00:00,2025-12-13 19:30:00+00:00,Florida Gators,GW Revolutionaries,spreads,full_game,,,-13.5,-118.0,13.5,-102.0,,,
66208cd6e218f53ca29887be174c9826,BetMGM,2025-12-13 16:22:22.925734+00:00,2025-12-13 16:21:54+00:00,2025-12-13 19:30:00+00:00,Florida Gators,GW Revolutionaries,totals,full_game,,,,,,,164.5,-105.0,-115.0
66208cd6e218f53ca29887be174c9826,Bovada,2025-12-13 16:22:22.925734+00:00,2025-12-13 16:21:51+00:00,2025-12-13 19:30:00+00:00,Florida Gators,GW Revolutionaries,h2h,2h,-1400.0,750.0,,,,,,,
66208cd6e218f53ca29887be174c9826,Bovada,2025-12-13 16:22:22.925734+00:00,2025-12-13 16:21:51+00:00,2025-12-13 19:30:00+00:00,Florida Gators,GW Revolutionaries,spreads,full_game,,,-14.0,-105.0,14.0,-115.0,,,
66208cd6e218f53ca29887be174c9826,Bovada,2025-12-13 16:22:22.925734+00:00,2025-12-13 16:21:51+00:00,2025-12-13 19:30:00+00:00,Florida Gators,GW Revolutionaries,totals,full_game,,,,,,,164.5,-110.0,-110.0
66208cd6e218f53ca29887be174c9826,BetUS,2025-12-13 16:22:22.925734+00:00,2025-12-13 16:22:17+00:00,2025-12-13 19:30:00+00:00,Florida Gators,GW Revolutionaries,h2h,2h,-1350.0,830.0,,,,,,,
66208cd6e218f53ca29887be174c9826,BetUS,2025-12-13 16:22:22.925734+00:00,2025-12-13 16:22:17+00:00,2025-12-13 19:30:00+00:00,Florida Gators,GW Revolutionaries,spreads,full_game,,,-14.0,-110.0,14.0,-110.0,,,
66208cd6e218f53ca29887be174c9826,BetUS,2025-12-13 16:22:22.925734+00:00,2025-12-13 16:22:17+00:00,2025-12-13 19:30:00+00:00,Florida Gators,GW Revolutionaries,totals,full_game,,,,,,,164.5,-110.0,-110.0
66208cd6e218f53ca29887be174c9826,BetRivers,2025-12-13 16:22:22.925734+00:00,2025-12-13 16:22:17+00:00,2025-12-13 19:30:00+00:00,Florida Gators,GW Revolutionaries,h2h,2h,-1115.0,650.0,,,,,,,
66208cd6e218f53ca29887be174c9826,BetRivers,2025-12-13 16:22:22.925734+00:00,2025-12-13 16:22:17+00:00,2025-12-13 19:30:00+00:00,Florida Gators,GW Revolutionaries,spreads,full_game,,,-14.0,-114.0,14.0,-109.0,,,
66208cd6e218f53ca29887be174c9826,BetRivers,2025-12-13 16:22:22.925734+00:00,2025-12-13 16:22:17+00:00,2025-12-13 19:30:00+00:00,Florida Gators,GW Revolutionaries,totals,full_game,,,,,,,164.5,-112.0,-112.0
1506ce35c4fbf6adff3bb8bea0f874e4,FanDuel,2025-12-13 16:22:22.925734+00:00,2025-12-13 16:21:13+00:00,2025-12-13 19:30:00+00:00,Georgetown Hoyas,Saint Peter's Peacocks,h2h,2h,-4000.0,1400.0,,,,,,,
1506ce35c4fbf6adff3bb8bea0f874e4,FanDuel,2025-12-13 16:22:22.925734+00:00,2025-12-13 16:21:13+00:00,2025-12-13 19:30:00+00:00,Georgetown Hoyas,Saint Peter's Peacocks,spreads,full_game,,,-18.5,-110.0,18.5,-110.0,,,
1506ce35c4fbf6adff3bb8bea0f874e4,FanDuel,2025-12-13 16:22:22.925734+00:00,2025-12-13 16:21:13+00:00,2025-12-13 19:30:00+00:00,Georgetown Hoyas,Saint Peter's Peacocks,totals,full_game,,,,,,,140.5,-110.0,-110.0
1506ce35c4fbf6adff3bb8bea0f874e4,BetOnline.ag,2025-12-13 16:22:22.925734+00:00,2025-12-13 16:21:39+00:00,2025-12-13 19:30:00+00:00,Georgetown Hoyas,Saint Peter's Peacocks,spreads,full_game,,,-18.5,-108.0,18.5,-112.0,,,
1506ce35c4fbf6adff3bb8bea0f874e4,BetOnline.ag,2025-12-13 16:22:22.925734+00:00,2025-12-13 16:21:39+00:00,2025-12-13 19:30:00+00:00,Georgetown Hoyas,Saint Peter's Peacocks,totals,full_game,,,,,,,140.5,-110.0,-110.0
1506ce35c4fbf6adff3bb8bea0f874e4,Fanatics,2025-12-13 16:22:22.925734+00:00,2025-12-13 16:21:50+00:00,2025-12-13 19:30:00+00:00,Georgetown Hoyas,Saint Peter's Peacocks,h2h,2h,-3000.0,1400.0,,,,,,,
1506ce35c4fbf6adff3bb8bea0f874e4,Fanatics,2025-12-13 16:22:22.925734+00:00,2025-12-13 16:21:50+00:00,2025-12-13 19:30:00+00:00,Georgetown Hoyas,Saint Peter's Peacocks,spreads,full_game,,,-18.0,-110.0,18.0,-110.0,,,
1506ce35c4fbf6adff3bb8bea0f874e4,Fanatics,2025-12-13 16:22:22.925734+00:00,2025-12-13 16:21:50+00:00,2025-12-13 19:30:00+00:00,Georgetown Hoyas,Saint Peter's Peacocks,totals,full_game,,,,,,,140.5,-110.0,-110.0
1506ce35c4fbf6adff3bb8bea0f874e4,LowVig.ag,2025-12-13 16:22:22.925734+00:00,2025-12-13 16:21:24+00:00,2025-12-13 19:30:00+00:00,Georgetown Hoyas,Saint Peter's Peacocks,spreads,full_game,,,-18.5,-104.0,18.5,-108.0,,,
1506ce35c4fbf6adff3bb8bea0f874e4,LowVig.ag,2025-12-13 16:22:22.925734+00:00,2025-12-13 16:21:24+00:00,2025-12-13 19:30:00+00:00,Georgetown Hoyas,Saint Peter's Peacocks,totals,full_game,,,,,,,140.5,-108.0,-108.0
1506ce35c4fbf6adff3bb8bea0f874e4,DraftKings,2025-12-13 16:22:22.925734+00:00,2025-12-13 16:21:38+00:00,2025-12-13 19:30:00+00:00,Georgetown Hoyas,Saint Peter's Peacocks,h2h,2h,-3200.0,1400.0,,,,,,,
1506ce35c4fbf6adff3bb8bea0f874e4,DraftKings,2025-12-13 16:22:22.925734+00:00,2025-12-13 16:21:38+00:00,2025-12-13 19:30:00+00:00,Georgetown Hoyas,Saint Peter's Peacocks,spreads,full_game,,,-18.5,-110.0,18.5,-110.0,,,
1506ce35c4fbf6adff3bb8bea0f874e4,DraftKings,2025-12-13 16:22:22.925734+00:00,2025-12-13 16:21:38+00:00,2025-12-13 19:30:00+00:00,Georgetown Hoyas,Saint Peter's Peacocks,totals,full_game,,,,,,,140.5,-110.0,-110.0
1506ce35c4fbf6adff3bb8bea0f874e4,BetMGM,2025-12-13 16:22:22.925734+00:00,2025-12-13 16:21:54+00:00,2025-12-13 19:30:00+00:00,Georgetown Hoyas,Saint Peter's Peacocks,h2h,2h,-3000.0,1200.0,,,,,,,
1506ce35c4fbf6adff3bb8bea0f874e4,BetMGM,2025-12-13 16:22:22.925734+00:00,2025-12-13 16:21:54+00:00,2025-12-13 19:30:00+00:00,Georgetown Hoyas,Saint Peter's Peacocks,spreads,full_game,,,-18.5,-110.0,18.5,-110.0,,,
1506ce35c4fbf6adff3bb8bea0f874e4,BetMGM,2025-12-13 16:22:22.925734+00:00,2025-12-13 16:21:54+00:00,2025-12-13 19:30:00+00:00,Georgetown Hoyas,Saint Peter's Peacocks,totals,full_game,,,,,,,140.5,-110.0,-110.0
1506ce35c4fbf6adff3bb8bea0f874e4,Bovada,2025-12-13 16:22:22.925734+00:00,2025-12-13 16:21:51+00:00,2025-12-13 19:30:00+00:00,Georgetown Hoyas,Saint Peter's Peacocks,h2h,2h,-4000.0,1200.0,,,,,,,
1506ce35c4fbf6adff3bb8bea0f874e4,Bovada,2025-12-13 16:22:22.925734+00:00,2025-12-13 16:21:51+00:00,2025-12-13 19:30:00+00:00,Georgetown Hoyas,Saint Peter's Peacocks,spreads,full_game,,,-18.0,-110.0,18.0,-110.0,,,
1506ce35c4fbf6adff3bb8bea0f874e4,Bovada,2025-12-13 16:22:22.925734+00:00,2025-12-13 16:21:51+00:00,2025-12-13 19:30:00+00:00,Georgetown Hoyas,Saint Peter's Peacocks,totals,full_game,,,,,,,140.0,-110.0,-110.0
1506ce35c4fbf6adff3bb8bea0f874e4,Caesars,2025-12-13 16:22:22.925734+00:00,2025-12-13 16:17:55+00:00,2025-12-13 19:30:00+00:00,Georgetown Hoyas,Saint Peter's Peacocks,h2h,2h,-3500.0,1350.0,,,,,,,
1506ce35c4fbf6adff3bb8bea0f874e4,Caesars,2025-12-13 16:22:22.925734+00:00,2025-12-13 16:17:55+00:00,2025-12-13 19:30:00+00:00,Georgetown Hoyas,Saint Peter's Peacocks,spreads,full_game,,,-18.5,-110.0,18.5,-110.0,,,
1506ce35c4fbf6adff3bb8bea0f874e4,Caesars,2025-12-13 16:22:22.925734+00:00,2025-12-13 16:17:55+00:00,2025-12-13 19:30:00+00:00,Georgetown Hoyas,Saint Peter's Peacocks,totals,full_game,,,,,,,140.5,-110.0,-110.0
1506ce35c4fbf6adff3bb8bea0f874e4,BetUS,2025-12-13 16:22:22.925734+00:00,2025-12-13 16:22:17+00:00,2025-12-13 19:30:00+00:00,Georgetown Hoyas,Saint Peter's Peacocks,spreads,full_game,,,-18.5,-110.0,18.5,-110.0,,,
1506ce35c4fbf6adff3bb8bea0f874e4,BetUS,2025-12-13 16:22:22.925734+00:00,2025-12-13 16:22:17+00:00,2025-12-13 19:30:00+00:00,Georgetown Hoyas,Saint Peter's Peacocks,totals,full_game,,,,,,,140.0,-110.0,-110.0
1506ce35c4fbf6adff3bb8bea0f874e4,BetRivers,2025-12-13 16:22:22.925734+00:00,2025-12-13 16:22:17+00:00,2025-12-13 19:30:00+00:00,Georgetown Hoyas,Saint Peter's Peacocks,h2h,2h,-2500.0,1000.0,,,,,,,
1506ce35c4fbf6adff3bb8bea0f874e4,BetRivers,2025-12-13 16:22:22.925734+00:00,2025-12-13 16:22:17+00:00,2025-12-13 19:30:00+00:00,Georgetown Hoyas,Saint Peter's Peacocks,spreads,full_game,,,-18.0,-109.0,18.0,-114.0,,,
1506ce35c4fbf6adff3bb8bea0f874e4,BetRivers,2025-12-13 16:22:22.925734+00:00,2025-12-13 16:22:17+00:00,2025-12-13 19:30:00+00:00,Georgetown Hoyas,Saint Peter's Peacocks,totals,full_game,,,,,,,141.0,-109.0,-114.0
65010c00ad2566f304e7b18f50aec53b,DraftKings,2025-12-13 16:22:22.925734+00:00,2025-12-13 16:21:38+00:00,2025-12-13 20:00:00+00:00,Rice Owls,Arkansas St Red Wolves,h2h,2h,114.0,-135.0,,,,,,,
65010c00ad2566f304e7b18f50aec53b,DraftKings,2025-12-13 16:22:22.925734+00:00,2025-12-13 16:21:38+00:00,2025-12-13 20:00:00+00:00,Rice Owls,Arkansas St Red Wolves,spreads,full_game,,,2.5,-118.0,-2.5,-102.0,,,
65010c00ad2566f304e7b18f50aec53b,DraftKings,2025-12-13 16:22:22.925734+00:00,2025-12-13 16:21:38+00:00,2025-12-13 20:00:00+00:00,Rice Owls,Arkansas St Red Wolves,totals,full_game,,,,,,,155.5,-112.0,-108.0
65010c00ad2566f304e7b18f50aec53b,LowVig.ag,2025-12-13 16:22:22.925734+00:00,2025-12-13 16:21:24+00:00,2025-12-13 20:00:00+00:00,Rice Owls,Arkansas St Red Wolves,h2h,2h,112.0,-132.0,,,,,,,
65010c00ad2566f304e7b18f50aec53b,LowVig.ag,2025-12-13 16:22:22.925734+00:00,2025-12-13 16:21:24+00:00,2025-12-13 20:00:00+00:00,Rice Owls,Arkansas St Red Wolves,spreads,full_game,,,2.0,-106.0,-2.0,-106.0,,,
65010c00ad2566f304e7b18f50aec53b,LowVig.ag,2025-12-13 16:22:22.925734+00:00,2025-12-13 16:21:24+00:00,2025-12-13 20:00:00+00:00,Rice Owls,Arkansas St Red Wolves,totals,full_game,,,,,,,156.0,-108.0,-108.0
65010c00ad2566f304e7b18f50aec53b,BetOnline.ag,2025-12-13 16:22:22.925734+00:00,2025-12-13 16:21:39+00:00,2025-12-13 20:00:00+00:00,Rice Owls,Arkansas St Red Wolves,h2h,2h,112.0,-132.0,,,,,,,
65010c00ad2566f304e7b18f50aec53b,BetOnline.ag,2025-12-13 16:22:22.925734+00:00,2025-12-13 16:21:39+00:00,2025-12-13 20:00:00+00:00,Rice Owls,Arkansas St Red Wolves,spreads,full_game,,,2.0,-110.0,-2.0,-110.0,,,
65010c00ad2566f304e7b18f50aec53b,BetOnline.ag,2025-12-13 16:22:22.925734+00:00,2025-12-13 16:21:39+00:00,2025-12-13 20:00:00+00:00,Rice Owls,Arkansas St Red Wolves,totals,full_game,,,,,,,156.0,-110.0,-110.0
65010c00ad2566f304e7b18f50aec53b,Fanatics,2025-12-13 16:22:22.925734+00:00,2025-12-13 16:21:50+00:00,2025-12-13 20:00:00+00:00,Rice Owls,Arkansas St Red Wolves,h2h,2h,110.0,-130.0,,,,,,,
65010c00ad2566f304e7b18f50aec53b,Fanatics,2025-12-13 16:22:22.925734+00:00,2025-12-13 16:21:50+00:00,2025-12-13 20:00:00+00:00,Rice Owls,Arkansas St Red Wolves,spreads,full_game,,,2.5,-110.0,-2.5,-110.0,,,
65010c00ad2566f304e7b18f50aec53b,Fanatics,2025-12-13 16:22:22.925734+00:00,2025-12-13 16:21:50+00:00,2025-12-13 20:00:00+00:00,Rice Owls,Arkansas St Red Wolves,totals,full_game,,,,,,,156.0,-110.0,-110.0
65010c00ad2566f304e7b18f50aec53b,BetMGM,2025-12-13 16:22:22.925734+00:00,2025-12-13 16:21:54+00:00,2025-12-13 20:00:00+00:00,Rice Owls,Arkansas St Red Wolves,h2h,2h,110.0,-135.0,,,,,,,
65010c00ad2566f304e7b18f50aec53b,BetMGM,2025-12-13 16:22:22.925734+00:00,2025-12-13 16:21:54+00:00,2025-12-13 20:00:00+00:00,Rice Owls,Arkansas St Red Wolves,spreads,full_game,,,1.5,-105.0,-1.5,-115.0,,,
65010c00ad2566f304e7b18f50aec53b,BetMGM,2025-12-13 16:22:22.925734+00:00,2025-12-13 16:21:54+00:00,2025-12-13 20:00:00+00:00,Rice Owls,Arkansas St Red Wolves,totals,full_game,,,,,,,155.5,-115.0,-105.0
65010c00ad2566f304e7b18f50aec53b,Bovada,2025-12-13 16:22:22.925734+00:00,2025-12-13 16:21:51+00:00,2025-12-13 20:00:00+00:00,Rice Owls,Arkansas St Red Wolves,h2h,2h,115.0,-135.0,,,,,,,
65010c00ad2566f304e7b18f50aec53b,Bovada,2025-12-13 16:22:22.925734+00:00,2025-12-13 16:21:51+00:00,2025-12-13 20:00:00+00:00,Rice Owls,Arkansas St Red Wolves,spreads,full_game,,,2.0,-105.0,-2.0,-115.0,,,
65010c00ad2566f304e7b18f50aec53b,Bovada,2025-12-13 16:22:22.925734+00:00,2025-12-13 16:21:51+00:00,2025-12-13 20:00:00+00:00,Rice Owls,Arkansas St Red Wolves,totals,full_game,,,,,,,156.0,-110.0,-110.0
65010c00ad2566f304e7b18f50aec53b,Caesars,2025-12-13 16:22:22.925734+00:00,2025-12-13 16:17:55+00:00,2025-12-13 20:00:00+00:00,Rice Owls,Arkansas St Red Wolves,h2h,2h,110.0,-130.0,,,,,,,
65010c00ad2566f304e7b18f50aec53b,Caesars,2025-12-13 16:22:22.925734+00:00,2025-12-13 16:17:55+00:00,2025-12-13 20:00:00+00:00,Rice Owls,Arkansas St Red Wolves,spreads,full_game,,,2.0,-110.0,-2.0,-110.0,,,
65010c00ad2566f304e7b18f50aec53b,Caesars,2025-12-13 16:22:22.925734+00:00,2025-12-13 16:17:55+00:00,2025-12-13 20:00:00+00:00,Rice Owls,Arkansas St Red Wolves,totals,full_game,,,,,,,156.0,-110.0,-110.0
65010c00ad2566f304e7b18f50aec53b,BetUS,2025-12-13 16:22:22.925734+00:00,2025-12-13 16:22:17+00:00,2025-12-13 20:00:00+00:00,Rice Owls,Arkansas St Red Wolves,h2h,2h,110.0,-130.0,,,,,,,
65010c00ad2566f304e7b18f50aec53b,BetUS,2025-12-13 16:22:22.925734+00:00,2025-12-13 16:22:17+00:00,2025-12-13 20:00:00+00:00,Rice Owls,Arkansas St Red Wolves,spreads,full_game,,,2.0,-110.0,-2.0,-110.0,,,
65010c00ad2566f304e7b18f50aec53b,BetUS,2025-12-13 16:22:22.925734+00:00,2025-12-13 16:22:17+00:00,2025-12-13 20:00:00+00:00,Rice Owls,Arkansas St Red Wolves,totals,full_game,,,,,,,156.0,-110.0,-110.0
65010c00ad2566f304e7b18f50aec53b,BetRivers,2025-12-13 16:22:22.925734+00:00,2025-12-13 16:22:17+00:00,2025-12-13 20:00:00+00:00,Rice Owls,Arkansas St Red Wolves,h2h,2h,108.0,-134.0,,,,,,,
65010c00ad2566f304e7b18f50aec53b,BetRivers,2025-12-13 16:22:22.925734+00:00,2025-12-13 16:22:17+00:00,2025-12-13 20:00:00+00:00,Rice Owls,Arkansas St Red Wolves,spreads,full_game,,,2.0,-110.0,-2.0,-113.0,,,
65010c00ad2566f304e7b18f50aec53b,BetRivers,2025-12-13 16:22:22.925734+00:00,2025-12-13 16:22:17+00:00,2025-12-13 20:00:00+00:00,Rice Owls,Arkansas St Red Wolves,totals,full_game,,,,,,,156.0,-110.0,-112.0
65010c00ad2566f304e7b18f50aec53b,FanDuel,2025-12-13 16:22:22.925734+00:00,2025-12-13 16:21:13+00:00,2025-12-13 20:00:00+00:00,Rice Owls,Arkansas St Red Wolves,h2h,2h,112.0,-138.0,,,,,,,
65010c00ad2566f304e7b18f50aec53b,FanDuel,2025-12-13 16:22:22.925734+00:00,2025-12-13 16:21:13+00:00,2025-12-13 20:00:00+00:00,Rice Owls,Arkansas St Red Wolves,spreads,full_game,,,1.5,-102.0,-1.5,-120.0,,,
65010c00ad2566f304e7b18f50aec53b,FanDuel,2025-12-13 16:22:22.925734+00:00,2025-12-13 16:21:13+00:00,2025-12-13 20:00:00+00:00,Rice Owls,Arkansas St Red Wolves,totals,full_game,,,,,,,155.5,-110.0,-110.0
697e0442bd6d0267a6973344f491c880,FanDuel,2025-12-13 16:22:22.925734+00:00,2025-12-13 16:21:13+00:00,2025-12-13 20:00:00+00:00,Clemson Tigers,Mercer Bears,h2h,2h,-10000.0,2400.0,,,,,,,
697e0442bd6d0267a6973344f491c880,FanDuel,2025-12-13 16:22:22.925734+00:00,2025-12-13 16:21:13+00:00,2025-12-13 20:00:00+00:00,Clemson Tigers,Mercer Bears,spreads,full_game,,,-23.5,-110.0,23.5,-110.0,,,
697e0442bd6d0267a6973344f491c880,FanDuel,2025-12-13 16:22:22.925734+00:00,2025-12-13 16:21:13+00:00,2025-12-13 20:00:00+00:00,Clemson Tigers,Mercer Bears,totals,full_game,,,,,,,149.5,-104.0,-118.0
697e0442bd6d0267a6973344f491c880,BetOnline.ag,2025-12-13 16:22:22.925734+00:00,2025-12-13 16:21:39+00:00,2025-12-13 20:00:00+00:00,Clemson Tigers,Mercer Bears,spreads,full_game,,,-23.5,-113.0,23.5,-107.0,,,
697e0442bd6d0267a6973344f491c880,BetOnline.ag,2025-12-13 16:22:22.925734+00:00,2025-12-13 16:21:39+00:00,2025-12-13 20:00:00+00:00,Clemson Tigers,Mercer Bears,totals,full_game,,,,,,,149.0,-110.0,-110.0
697e0442bd6d0267a6973344f491c880,LowVig.ag,2025-12-13 16:22:22.925734+00:00,2025-12-13 16:21:24+00:00,2025-12-13 20:00:00+00:00,Clemson Tigers,Mercer Bears,spreads,full_game,,,-23.5,-109.0,23.5,-103.0,,,
697e0442bd6d0267a6973344f491c880,LowVig.ag,2025-12-13 16:22:22.925734+00:00,2025-12-13 16:21:24+00:00,2025-12-13 20:00:00+00:00,Clemson Tigers,Mercer Bears,totals,full_game,,,,,,,149.0,-108.0,-108.0
697e0442bd6d0267a6973344f491c880,Fanatics,2025-12-13 16:22:22.925734+00:00,2025-12-13 16:21:50+00:00,2025-12-13 20:00:00+00:00,Clemson Tigers,Mercer Bears,h2h,2h,-10000.0,2500.0,,,,,,,
697e0442bd6d0267a6973344f491c880,Fanatics,2025-12-13 16:22:22.925734+00:00,2025-12-13 16:21:50+00:00,2025-12-13 20:00:00+00:00,Clemson Tigers,Mercer Bears,spreads,full_game,,,-23.0,-110.0,23.0,-110.0,,,
697e0442bd6d0267a6973344f491c880,Fanatics,2025-12-13 16:22:22.925734+00:00,2025-12-13 16:21:50+00:00,2025-12-13 20:00:00+00:00,Clemson Tigers,Mercer Bears,totals,full_game,,,,,,,149.0,-110.0,-110.0
697e0442bd6d0267a6973344f491c880,DraftKings,2025-12-13 16:22:22.925734+00:00,2025-12-13 16:21:38+00:00,2025-12-13 20:00:00+00:00,Clemson Tigers,Mercer Bears,spreads,full_game,,,-23.5,-112.0,23.5,-108.0,,,
697e0442bd6d0267a6973344f491c880,DraftKings,2025-12-13 16:22:22.925734+00:00,2025-12-13 16:21:38+00:00,2025-12-13 20:00:00+00:00,Clemson Tigers,Mercer Bears,totals,full_game,,,,,,,148.5,-112.0,-108.0
697e0442bd6d0267a6973344f491c880,BetMGM,2025-12-13 16:22:22.925734+00:00,2025-12-13 16:21:54+00:00,2025-12-13 20:00:00+00:00,Clemson Tigers,Mercer Bears,h2h,2h,-10000.0,2200.0,,,,,,,
697e0442bd6d0267a6973344f491c880,BetMGM,2025-12-13 16:22:22.925734+00:00,2025-12-13 16:21:54+00:00,2025-12-13 20:00:00+00:00,Clemson Tigers,Mercer Bears,spreads,full_game,,,-23.5,-115.0,23.5,-105.0,,,
697e0442bd6d0267a6973344f491c880,BetMGM,2025-12-13 16:22:22.925734+00:00,2025-12-13 16:21:54+00:00,2025-12-13 20:00:00+00:00,Clemson Tigers,Mercer Bears,totals,full_game,,,,,,,148.5,-115.0,-105.0
697e0442bd6d0267a6973344f491c880,Bovada,2025-12-13 16:22:22.925734+00:00,2025-12-13 16:21:51+00:00,2025-12-13 20:00:00+00:00,Clemson Tigers,Mercer Bears,h2h,2h,-10000.0,1600.0,,,,,,,
697e0442bd6d0267a6973344f491c880,Bovada,2025-12-13 16:22:22.925734+00:00,2025-12-13 16:21:51+00:00,2025-12-13 20:00:00+00:00,Clemson Tigers,Mercer Bears,spreads,full_game,,,-23.0,-110.0,23.0,-110.0,,,
697e0442bd6d0267a6973344f491c880,Bovada,2025-12-13 16:22:22.925734+00:00,2025-12-13 16:21:51+00:00,2025-12-13 20:00:00+00:00,Clemson Tigers,Mercer Bears,totals,full_game,,,,,,,149.5,-110.0,-110.0
697e0442bd6d0267a6973344f491c880,Caesars,2025-12-13 16:22:22.925734+00:00,2025-12-13 16:17:55+00:00,2025-12-13 20:00:00+00:00,Clemson Tigers,Mercer Bears,spreads,full_game,,,-23.5,-110.0,23.5,-110.0,,,
697e0442bd6d0267a6973344f491c880,Caesars,2025-12-13 16:22:22.925734+00:00,2025-12-13 16:17:55+00:00,2025-12-13 20:00:00+00:00,Clemson Tigers,Mercer Bears,totals,full_game,,,,,,,148.5,-110.0,-110.0
697e0442bd6d0267a6973344f491c880,BetUS,2025-12-13 16:22:22.925734+00:00,2025-12-13 16:22:17+00:00,2025-12-13 20:00:00+00:00,Clemson Tigers,Mercer Bears,spreads,full_game,,,-23.5,-115.0,23.5,-105.0,,,
697e0442bd6d0267a6973344f491c880,BetUS,2025-12-13 16:22:22.925734+00:00,2025-12-13 16:22:17+00:00,2025-12-13 20:00:00+00:00,Clemson Tigers,Mercer Bears,totals,full_game,,,,,,,149.0,-110.0,-110.0
697e0442bd6d0267a6973344f491c880,BetRivers,2025-12-13 16:22:22.925734+00:00,2025-12-13 16:22:17+00:00,2025-12-13 20:00:00+00:00,Clemson Tigers,Mercer Bears,spreads,full_game,,,-23.5,-113.0,23.5,-110.0,,,
697e0442bd6d0267a6973344f491c880,BetRivers,2025-12-13 16:22:22.925734+00:00,2025-12-13 16:22:17+00:00,2025-12-13 20:00:00+00:00,Clemson Tigers,Mercer Bears,totals,full_game,,,,,,,149.0,-109.0,-114.0
f7ef4f012842f467945d7b8c8226b67b,DraftKings,2025-12-13 16:22:22.925734+00:00,2025-12-13 16:21:38+00:00,2025-12-13 20:00:00+00:00,Longwood Lancers,Delaware St Hornets,h2h,2h,-1450.0,850.0,,,,,,,
f7ef4f012842f467945d7b8c8226b67b,DraftKings,2025-12-13 16:22:22.925734+00:00,2025-12-13 16:21:38+00:00,2025-12-13 20:00:00+00:00,Longwood Lancers,Delaware St Hornets,spreads,full_game,,,-15.5,-102.0,15.5,-118.0,,,
f7ef4f012842f467945d7b8c8226b67b,DraftKings,2025-12-13 16:22:22.925734+00:00,2025-12-13 16:21:38+00:00,2025-12-13 20:00:00+00:00,Longwood Lancers,Delaware St Hornets,totals,full_game,,,,,,,141.5,-108.0,-112.0
f7ef4f012842f467945d7b8c8226b67b,BetOnline.ag,2025-12-13 16:22:22.925734+00:00,2025-12-13 16:21:39+00:00,2025-12-13 20:00:00+00:00,Longwood Lancers,Delaware St Hornets,spreads,full_game,,,-15.0,-115.0,15.0,-105.0,,,
f7ef4f012842f467945d7b8c8226b67b,BetOnline.ag,2025-12-13 16:22:22.925734+00:00,2025-12-13 16:21:39+00:00,2025-12-13 20:00:00+00:00,Longwood Lancers,Delaware St Hornets,totals,full_game,,,,,,,141.5,-110.0,-110.0
f7ef4f012842f467945d7b8c8226b67b,LowVig.ag,2025-12-13 16:22:22.925734+00:00,2025-12-13 16:21:25+00:00,2025-12-13 20:00:00+00:00,Longwood Lancers,Delaware St Hornets,spreads,full_game,,,-15.0,-111.0,15.0,-101.0,,,
f7ef4f012842f467945d7b8c8226b67b,LowVig.ag,2025-12-13 16:22:22.925734+00:00,2025-12-13 16:21:25+00:00,2025-12-13 20:00:00+00:00,Longwood Lancers,Delaware St Hornets,totals,full_game,,,,,,,141.5,-108.0,-108.0
f7ef4f012842f467945d7b8c8226b67b,Fanatics,2025-12-13 16:22:22.925734+00:00,2025-12-13 16:21:50+00:00,2025-12-13 20:00:00+00:00,Longwood Lancers,Delaware St Hornets,h2h,2h,-1600.0,900.0,,,,,,,
f7ef4f012842f467945d7b8c8226b67b,Fanatics,2025-12-13 16:22:22.925734+00:00,2025-12-13 16:21:50+00:00,2025-12-13 20:00:00+00:00,Longwood Lancers,Delaware St Hornets,spreads,full_game,,,-15.0,-110.0,15.0,-110.0,,,
f7ef4f012842f467945d7b8c8226b67b,Fanatics,2025-12-13 16:22:22.925734+00:00,2025-12-13 16:21:50+00:00,2025-12-13 20:00:00+00:00,Longwood Lancers,Delaware St Hornets,totals,full_game,,,,,,,141.5,-110.0,-110.0
f7ef4f012842f467945d7b8c8226b67b,BetMGM,2025-12-13 16:22:22.925734+00:00,2025-12-13 16:21:54+00:00,2025-12-13 20:00:00+00:00,Longwood Lancers,Delaware St Hornets,h2h,2h,-1600.0,875.0,,,,,,,
f7ef4f012842f467945d7b8c8226b67b,BetMGM,2025-12-13 16:22:22.925734+00:00,2025-12-13 16:21:54+00:00,2025-12-13 20:00:00+00:00,Longwood Lancers,Delaware St Hornets,spreads,full_game,,,-15.5,-105.0,15.5,-115.0,,,
f7ef4f012842f467945d7b8c8226b67b,BetMGM,2025-12-13 16:22:22.925734+00:00,2025-12-13 16:21:54+00:00,2025-12-13 20:00:00+00:00,Longwood Lancers,Delaware St Hornets,totals,full_game,,,,,,,141.5,-110.0,-110.0
f7ef4f012842f467945d7b8c8226b67b,FanDuel,2025-12-13 16:22:22.925734+00:00,2025-12-13 16:21:13+00:00,2025-12-13 20:00:00+00:00,Longwood Lancers,Delaware St Hornets,h2h,2h,-2200.0,980.0,,,,,,,
f7ef4f012842f467945d7b8c8226b67b,FanDuel,2025-12-13 16:22:22.925734+00:00,2025-12-13 16:21:13+00:00,2025-12-13 20:00:00+00:00,Longwood Lancers,Delaware St Hornets,spreads,full_game,,,-15.5,-104.0,15.5,-118.0,,,
f7ef4f012842f467945d7b8c8226b67b,FanDuel,2025-12-13 16:22:22.925734+00:00,2025-12-13 16:21:13+00:00,2025-12-13 20:00:00+00:00,Longwood Lancers,Delaware St Hornets,totals,full_game,,,,,,,141.5,-110.0,-110.0
f7ef4f012842f467945d7b8c8226b67b,BetRivers,2025-12-13 16:22:22.925734+00:00,2025-12-13 16:22:17+00:00,2025-12-13 20:00:00+00:00,Longwood Lancers,Delaware St Hornets,h2h,2h,-1250.0,700.0,,,,,,,
f7ef4f012842f467945d7b8c8226b67b,BetRivers,2025-12-13 16:22:22.925734+00:00,2025-12-13 16:22:17+00:00,2025-12-13 20:00:00+00:00,Longwood Lancers,Delaware St Hornets,spreads,full_game,,,-14.5,-115.0,14.5,-109.0,,,
f7ef4f012842f467945d7b8c8226b67b,BetRivers,2025-12-13 16:22:22.925734+00:00,2025-12-13 16:22:17+00:00,2025-12-13 20:00:00+00:00,Longwood Lancers,Delaware St Hornets,totals,full_game,,,,,,,142.5,-115.0,-110.0
f7ef4f012842f467945d7b8c8226b67b,Bovada,2025-12-13 16:22:22.925734+00:00,2025-12-13 16:21:51+00:00,2025-12-13 20:00:00+00:00,Longwood Lancers,Delaware St Hornets,h2h,2h,-1800.0,850.0,,,,,,,
f7ef4f012842f467945d7b8c8226b67b,Bovada,2025-12-13 16:22:22.925734+00:00,2025-12-13 16:21:51+00:00,2025-12-13 20:00:00+00:00,Longwood Lancers,Delaware St Hornets,spreads,full_game,,,-15.0,-110.0,15.0,-110.0,,,
f7ef4f012842f467945d7b8c8226b67b,Bovada,2025-12-13 16:22:22.925734+00:00,2025-12-13 16:21:51+00:00,2025-12-13 20:00:00+00:00,Longwood Lancers,Delaware St Hornets,totals,full_game,,,,,,,141.5,-110.0,-110.0
f7ef4f012842f467945d7b8c8226b67b,Caesars,2025-12-13 16:22:22.925734+00:00,2025-12-13 16:17:55+00:00,2025-12-13 20:00:00+00:00,Longwood Lancers,Delaware St Hornets,h2h,2h,-1400.0,800.0,,,,,,,
f7ef4f012842f467945d7b8c8226b67b,Caesars,2025-12-13 16:22:22.925734+00:00,2025-12-13 16:17:55+00:00,2025-12-13 20:00:00+00:00,Longwood Lancers,Delaware St Hornets,spreads,full_game,,,-15.0,-110.0,15.0,-110.0,,,
f7ef4f012842f467945d7b8c8226b67b,Caesars,2025-12-13 16:22:22.925734+00:00,2025-12-13 16:17:55+00:00,2025-12-13 20:00:00+00:00,Longwood Lancers,Delaware St Hornets,totals,full_game,,,,,,,141.5,-110.0,-110.0
507f865b1080c1cc3ece8561a9b53819,DraftKings,2025-12-13 16:22:22.925734+00:00,2025-12-13 16:21:38+00:00,2025-12-13 20:00:00+00:00,Eastern Kentucky Colonels,Miami (OH) RedHawks,h2h,2h,195.0,-238.0,,,,,,,
507f865b1080c1cc3ece8561a9b53819,DraftKings,2025-12-13 16:22:22.925734+00:00,2025-12-13 16:21:38+00:00,2025-12-13 20:00:00+00:00,Eastern Kentucky Colonels,Miami (OH) RedHawks,spreads,full_game,,,5.5,-108.0,-5.5,-112.0,,,
507f865b1080c1cc3ece8561a9b53819,DraftKings,2025-12-13 16:22:22.925734+00:00,2025-12-13 16:21:38+00:00,2025-12-13 20:00:00+00:00,Eastern Kentucky Colonels,Miami (OH) RedHawks,totals,full_game,,,,,,,158.5,-112.0,-108.0
507f865b1080c1cc3ece8561a9b53819,BetOnline.ag,2025-12-13 16:22:22.925734+00:00,2025-12-13 16:21:39+00:00,2025-12-13 20:00:00+00:00,Eastern Kentucky Colonels,Miami (OH) RedHawks,spreads,full_game,,,5.5,-112.0,-5.5,-108.0,,,
507f865b1080c1cc3ece8561a9b53819,BetOnline.ag,2025-12-13 16:22:22.925734+00:00,2025-12-13 16:21:39+00:00,2025-12-13 20:00:00+00:00,Eastern Kentucky Colonels,Miami (OH) RedHawks,totals,full_game,,,,,,,159.0,-110.0,-110.0
507f865b1080c1cc3ece8561a9b53819,LowVig.ag,2025-12-13 16:22:22.925734+00:00,2025-12-13 16:21:25+00:00,2025-12-13 20:00:00+00:00,Eastern Kentucky Colonels,Miami (OH) RedHawks,spreads,full_game,,,5.5,-108.0,-5.5,-104.0,,,
507f865b1080c1cc3ece8561a9b53819,LowVig.ag,2025-12-13 16:22:22.925734+00:00,2025-12-13 16:21:25+00:00,2025-12-13 20:00:00+00:00,Eastern Kentucky Colonels,Miami (OH) RedHawks,totals,full_game,,,,,,,159.0,-108.0,-108.0
507f865b1080c1cc3ece8561a9b53819,Fanatics,2025-12-13 16:22:22.925734+00:00,2025-12-13 16:21:50+00:00,2025-12-13 20:00:00+00:00,Eastern Kentucky Colonels,Miami (OH) RedHawks,h2h,2h,190.0,-240.0,,,,,,,
507f865b1080c1cc3ece8561a9b53819,Fanatics,2025-12-13 16:22:22.925734+00:00,2025-12-13 16:21:50+00:00,2025-12-13 20:00:00+00:00,Eastern Kentucky Colonels,Miami (OH) RedHawks,spreads,full_game,,,5.5,-110.0,-5.5,-110.0,,,
507f865b1080c1cc3ece8561a9b53819,Fanatics,2025-12-13 16:22:22.925734+00:00,2025-12-13 16:21:50+00:00,2025-12-13 20:00:00+00:00,Eastern Kentucky Colonels,Miami (OH) RedHawks,totals,full_game,,,,,,,158.0,-110.0,-110.0
507f865b1080c1cc3ece8561a9b53819,BetMGM,2025-12-13 16:22:22.925734+00:00,2025-12-13 16:21:54+00:00,2025-12-13 20:00:00+00:00,Eastern Kentucky Colonels,Miami (OH) RedHawks,h2h,2h,195.0,-235.0,,,,,,,
507f865b1080c1cc3ece8561a9b53819,BetMGM,2025-12-13 16:22:22.925734+00:00,2025-12-13 16:21:54+00:00,2025-12-13 20:00:00+00:00,Eastern Kentucky Colonels,Miami (OH) RedHawks,totals,full_game,,,,,,,158.5,-115.0,-105.0
507f865b1080c1cc3ece8561a9b53819,FanDuel,2025-12-13 16:22:22.925734+00:00,2025-12-13 16:21:13+00:00,2025-12-13 20:00:00+00:00,Eastern Kentucky Colonels,Miami (OH) RedHawks,h2h,2h,198.0,-250.0,,,,,,,
507f865b1080c1cc3ece8561a9b53819,FanDuel,2025-12-13 16:22:22.925734+00:00,2025-12-13 16:21:13+00:00,2025-12-13 20:00:00+00:00,Eastern Kentucky Colonels,Miami (OH) RedHawks,spreads,full_game,,,5.5,-114.0,-5.5,-106.0,,,
507f865b1080c1cc3ece8561a9b53819,FanDuel,2025-12-13 16:22:22.925734+00:00,2025-12-13 16:21:13+00:00,2025-12-13 20:00:00+00:00,Eastern Kentucky Colonels,Miami (OH) RedHawks,totals,full_game,,,,,,,158.5,-112.0,-108.0
507f865b1080c1cc3ece8561a9b53819,BetRivers,2025-12-13 16:22:22.925734+00:00,2025-12-13 16:22:17+00:00,2025-12-13 20:00:00+00:00,Eastern Kentucky Colonels,Miami (OH) RedHawks,h2h,2h,188.0,-245.0,,,,,,,
507f865b1080c1cc3ece8561a9b53819,BetRivers,2025-12-13 16:22:22.925734+00:00,2025-12-13 16:22:17+00:00,2025-12-13 20:00:00+00:00,Eastern Kentucky Colonels,Miami (OH) RedHawks,spreads,full_game,,,6.5,-120.0,-6.5,-107.0,,,
507f865b1080c1cc3ece8561a9b53819,BetRivers,2025-12-13 16:22:22.925734+00:00,2025-12-13 16:22:17+00:00,2025-12-13 20:00:00+00:00,Eastern Kentucky Colonels,Miami (OH) RedHawks,totals,full_game,,,,,,,158.5,-117.0,-109.0
507f865b1080c1cc3ece8561a9b53819,Bovada,2025-12-13 16:22:22.925734+00:00,2025-12-13 16:21:51+00:00,2025-12-13 20:00:00+00:00,Eastern Kentucky Colonels,Miami (OH) RedHawks,h2h,2h,195.0,-235.0,,,,,,,
507f865b1080c1cc3ece8561a9b53819,Bovada,2025-12-13 16:22:22.925734+00:00,2025-12-13 16:21:51+00:00,2025-12-13 20:00:00+00:00,Eastern Kentucky Colonels,Miami (OH) RedHawks,spreads,full_game,,,5.5,-115.0,-5.5,-105.0,,,
507f865b1080c1cc3ece8561a9b53819,Bovada,2025-12-13 16:22:22.925734+00:00,2025-12-13 16:21:51+00:00,2025-12-13 20:00:00+00:00,Eastern Kentucky Colonels,Miami (OH) RedHawks,totals,full_game,,,,,,,158.0,-110.0,-110.0
507f865b1080c1cc3ece8561a9b53819,Caesars,2025-12-13 16:22:22.925734+00:00,2025-12-13 16:17:55+00:00,2025-12-13 20:00:00+00:00,Eastern Kentucky Colonels,Miami (OH) RedHawks,h2h,2h,205.0,-250.0,,,,,,,
507f865b1080c1cc3ece8561a9b53819,Caesars,2025-12-13 16:22:22.925734+00:00,2025-12-13 16:17:55+00:00,2025-12-13 20:00:00+00:00,Eastern Kentucky Colonels,Miami (OH) RedHawks,spreads,full_game,,,5.5,-110.0,-5.5,-110.0,,,
507f865b1080c1cc3ece8561a9b53819,Caesars,2025-12-13 16:22:22.925734+00:00,2025-12-13 16:17:55+00:00,2025-12-13 20:00:00+00:00,Eastern Kentucky Colonels,Miami (OH) RedHawks,totals,full_game,,,,,,,159.0,-110.0,-110.0
02b0bb03735f48b9ed812da2d85f9163,DraftKings,2025-12-13 16:22:22.925734+00:00,2025-12-13 16:21:38+00:00,2025-12-13 20:00:00+00:00,Howard Bison,Hampton Pirates,h2h,2h,124.0,-148.0,,,,,,,
02b0bb03735f48b9ed812da2d85f9163,DraftKings,2025-12-13 16:22:22.925734+00:00,2025-12-13 16:21:38+00:00,2025-12-13 20:00:00+00:00,Howard Bison,Hampton Pirates,spreads,full_game,,,2.5,-105.0,-2.5,-115.0,,,
02b0bb03735f48b9ed812da2d85f9163,DraftKings,2025-12-13 16:22:22.925734+00:00,2025-12-13 16:21:38+00:00,2025-12-13 20:00:00+00:00,Howard Bison,Hampton Pirates,totals,full_game,,,,,,,141.5,-112.0,-108.0
02b0bb03735f48b9ed812da2d85f9163,BetOnline.ag,2025-12-13 16:22:22.925734+00:00,2025-12-13 16:21:39+00:00,2025-12-13 20:00:00+00:00,Howard Bison,Hampton Pirates,spreads,full_game,,,3.0,-110.0,-3.0,-110.0,,,
02b0bb03735f48b9ed812da2d85f9163,BetOnline.ag,2025-12-13 16:22:22.925734+00:00,2025-12-13 16:21:39+00:00,2025-12-13 20:00:00+00:00,Howard Bison,Hampton Pirates,totals,full_game,,,,,,,142.0,-105.0,-115.0
02b0bb03735f48b9ed812da2d85f9163,LowVig.ag,2025-12-13 16:22:22.925734+00:00,2025-12-13 16:21:25+00:00,2025-12-13 20:00:00+00:00,Howard Bison,Hampton Pirates,spreads,full_game,,,3.0,-106.0,-3.0,-106.0,,,
02b0bb03735f48b9ed812da2d85f9163,LowVig.ag,2025-12-13 16:22:22.925734+00:00,2025-12-13 16:21:25+00:00,2025-12-13 20:00:00+00:00,Howard Bison,Hampton Pirates,totals,full_game,,,,,,,142.0,-103.0,-113.0
02b0bb03735f48b9ed812da2d85f9163,BetMGM,2025-12-13 16:22:22.925734+00:00,2025-12-13 16:21:54+00:00,2025-12-13 20:00:00+00:00,Howard Bison,Hampton Pirates,h2h,2h,125.0,-150.0,,,,,,,
02b0bb03735f48b9ed812da2d85f9163,BetMGM,2025-12-13 16:22:22.925734+00:00,2025-12-13 16:21:54+00:00,2025-12-13 20:00:00+00:00,Howard Bison,Hampton Pirates,spreads,full_game,,,2.5,-105.0,-2.5,-115.0,,,
02b0bb03735f48b9ed812da2d85f9163,BetMGM,2025-12-13 16:22:22.925734+00:00,2025-12-13 16:21:54+00:00,2025-12-13 20:00:00+00:00,Howard Bison,Hampton Pirates,totals,full_game,,,,,,,142.5,-105.0,-115.0
02b0bb03735f48b9ed812da2d85f9163,Fanatics,2025-12-13 16:22:22.925734+00:00,2025-12-13 16:21:50+00:00,2025-12-13 20:00:00+00:00,Howard Bison,Hampton Pirates,h2h,2h,130.0,-160.0,,,,,,,
02b0bb03735f48b9ed812da2d85f9163,Fanatics,2025-12-13 16:22:22.925734+00:00,2025-12-13 16:21:50+00:00,2025-12-13 20:00:00+00:00,Howard Bison,Hampton Pirates,spreads,full_game,,,3.0,-110.0,-3.0,-110.0,,,
02b0bb03735f48b9ed812da2d85f9163,Fanatics,2025-12-13 16:22:22.925734+00:00,2025-12-13 16:21:50+00:00,2025-12-13 20:00:00+00:00,Howard Bison,Hampton Pirates,totals,full_game,,,,,,,142.5,-110.0,-110.0
02b0bb03735f48b9ed812da2d85f9163,BetRivers,2025-12-13 16:22:22.925734+00:00,2025-12-13 16:22:17+00:00,2025-12-13 20:00:00+00:00,Howard Bison,Hampton Pirates,h2h,2h,138.0,-180.0,,,,,,,
02b0bb03735f48b9ed812da2d85f9163,BetRivers,2025-12-13 16:22:22.925734+00:00,2025-12-13 16:22:17+00:00,2025-12-13 20:00:00+00:00,Howard Bison,Hampton Pirates,spreads,full_game,,,3.5,-112.0,-3.5,-114.0,,,
02b0bb03735f48b9ed812da2d85f9163,BetRivers,2025-12-13 16:22:22.925734+00:00,2025-12-13 16:22:17+00:00,2025-12-13 20:00:00+00:00,Howard Bison,Hampton Pirates,totals,full_game,,,,,,,141.5,-118.0,-108.0
02b0bb03735f48b9ed812da2d85f9163,FanDuel,2025-12-13 16:22:22.925734+00:00,2025-12-13 16:21:13+00:00,2025-12-13 20:00:00+00:00,Howard Bison,Hampton Pirates,h2h,2h,136.0,-168.0,,,,,,,
02b0bb03735f48b9ed812da2d85f9163,FanDuel,2025-12-13 16:22:22.925734+00:00,2025-12-13 16:21:13+00:00,2025-12-13 20:00:00+00:00,Howard Bison,Hampton Pirates,spreads,full_game,,,2.5,-102.0,-2.5,-120.0,,,
02b0bb03735f48b9ed812da2d85f9163,FanDuel,2025-12-13 16:22:22.925734+00:00,2025-12-13 16:21:13+00:00,2025-12-13 20:00:00+00:00,Howard Bison,Hampton Pirates,totals,full_game,,,,,,,141.5,-114.0,-106.0
02b0bb03735f48b9ed812da2d85f9163,Bovada,2025-12-13 16:22:22.925734+00:00,2025-12-13 16:21:51+00:00,2025-12-13 20:00:00+00:00,Howard Bison,Hampton Pirates,h2h,2h,125.0,-145.0,,,,,,,
02b0bb03735f48b9ed812da2d85f9163,Bovada,2025-12-13 16:22:22.925734+00:00,2025-12-13 16:21:51+00:00,2025-12-13 20:00:00+00:00,Howard Bison,Hampton Pirates,spreads,full_game,,,2.5,-105.0,-2.5,-115.0,,,
02b0bb03735f48b9ed812da2d85f9163,Bovada,2025-12-13 16:22:22.925734+00:00,2025-12-13 16:21:51+00:00,2025-12-13 20:00:00+00:00,Howard Bison,Hampton Pirates,totals,full_game,,,,,,,142.5,-110.0,-110.0
496d299f0a89def7d1c31b59588b25b8,FanDuel,2025-12-13 16:22:22.925734+00:00,2025-12-13 16:21:13+00:00,2025-12-13 20:00:00+00:00,Houston Cougars,New Orleans Privateers,spreads,full_game,,,-34.5,-110.0,34.5,-110.0,,,
496d299f0a89def7d1c31b59588b25b8,FanDuel,2025-12-13 16:22:22.925734+00:00,2025-12-13 16:21:13+00:00,2025-12-13 20:00:00+00:00,Houston Cougars,New Orleans Privateers,totals,full_game,,,,,,,139.5,-115.0,-105.0
496d299f0a89def7d1c31b59588b25b8,Fanatics,2025-12-13 16:22:22.925734+00:00,2025-12-13 16:21:50+00:00,2025-12-13 20:00:00+00:00,Houston Cougars,New Orleans Privateers,spreads,full_game,,,-34.0,-110.0,34.0,-110.0,,,
496d299f0a89def7d1c31b59588b25b8,Fanatics,2025-12-13 16:22:22.925734+00:00,2025-12-13 16:21:50+00:00,2025-12-13 20:00:00+00:00,Houston Cougars,New Orleans Privateers,totals,full_game,,,,,,,141.0,-110.0,-110.0
496d299f0a89def7d1c31b59588b25b8,BetOnline.ag,2025-12-13 16:22:22.925734+00:00,2025-12-13 16:21:39+00:00,2025-12-13 20:00:00+00:00,Houston Cougars,New Orleans Privateers,spreads,full_game,,,-33.5,-115.0,33.5,-105.0,,,
496d299f0a89def7d1c31b59588b25b8,BetOnline.ag,2025-12-13 16:22:22.925734+00:00,2025-12-13 16:21:39+00:00,2025-12-13 20:00:00+00:00,Houston Cougars,New Orleans Privateers,totals,full_game,,,,,,,140.5,-110.0,-110.0
496d299f0a89def7d1c31b59588b25b8,LowVig.ag,2025-12-13 16:22:22.925734+00:00,2025-12-13 16:21:25+00:00,2025-12-13 20:00:00+00:00,Houston Cougars,New Orleans Privateers,spreads,full_game,,,-33.5,-111.0,33.5,-101.0,,,
496d299f0a89def7d1c31b59588b25b8,LowVig.ag,2025-12-13 16:22:22.925734+00:00,2025-12-13 16:21:25+00:00,2025-12-13 20:00:00+00:00,Houston Cougars,New Orleans Privateers,totals,full_game,,,,,,,140.5,-108.0,-108.0
496d299f0a89def7d1c31b59588b25b8,DraftKings,2025-12-13 16:22:22.925734+00:00,2025-12-13 16:21:38+00:00,2025-12-13 20:00:00+00:00,Houston Cougars,New Orleans Privateers,spreads,full_game,,,-34.5,-108.0,34.5,-112.0,,,
496d299f0a89def7d1c31b59588b25b8,DraftKings,2025-12-13 16:22:22.925734+00:00,2025-12-13 16:21:38+00:00,2025-12-13 20:00:00+00:00,Houston Cougars,New Orleans Privateers,totals,full_game,,,,,,,140.5,-112.0,-108.0
496d299f0a89def7d1c31b59588b25b8,BetRivers,2025-12-13 16:22:22.925734+00:00,2025-12-13 16:22:17+00:00,2025-12-13 20:00:00+00:00,Houston Cougars,New Orleans Privateers,spreads,full_game,,,-34.5,-112.0,34.5,-112.0,,,
496d299f0a89def7d1c31b59588b25b8,BetRivers,2025-12-13 16:22:22.925734+00:00,2025-12-13 16:22:17+00:00,2025-12-13 20:00:00+00:00,Houston Cougars,New Orleans Privateers,totals,full_game,,,,,,,140.5,-112.0,-112.0
496d299f0a89def7d1c31b59588b25b8,Bovada,2025-12-13 16:22:22.925734+00:00,2025-12-13 16:21:51+00:00,2025-12-13 20:00:00+00:00,Houston Cougars,New Orleans Privateers,spreads,full_game,,,-34.0,-110.0,34.0,-110.0,,,
496d299f0a89def7d1c31b59588b25b8,Bovada,2025-12-13 16:22:22.925734+00:00,2025-12-13 16:21:51+00:00,2025-12-13 20:00:00+00:00,Houston Cougars,New Orleans Privateers,totals,full_game,,,,,,,141.5,-110.0,-110.0
496d299f0a89def7d1c31b59588b25b8,Caesars,2025-12-13 16:22:22.925734+00:00,2025-12-13 16:17:55+00:00,2025-12-13 20:00:00+00:00,Houston Cougars,New Orleans Privateers,spreads,full_game,,,-34.0,-110.0,34.0,-110.0,,,
496d299f0a89def7d1c31b59588b25b8,Caesars,2025-12-13 16:22:22.925734+00:00,2025-12-13 16:17:55+00:00,2025-12-13 20:00:00+00:00,Houston Cougars,New Orleans Privateers,totals,full_game,,,,,,,141.0,-110.0,-110.0
dbfde798f14a65e609dc6cd16276d48f,DraftKings,2025-12-13 16:22:22.925734+00:00,2025-12-13 16:21:38+00:00,2025-12-13 20:00:00+00:00,Louisiana Tech Bulldogs,Louisiana Ragin' Cajuns,h2h,2h,-675.0,490.0,,,,,,,
dbfde798f14a65e609dc6cd16276d48f,DraftKings,2025-12-13 16:22:22.925734+00:00,2025-12-13 16:21:38+00:00,2025-12-13 20:00:00+00:00,Louisiana Tech Bulldogs,Louisiana Ragin' Cajuns,spreads,full_game,,,-10.5,-112.0,10.5,-108.0,,,
dbfde798f14a65e609dc6cd16276d48f,DraftKings,2025-12-13 16:22:22.925734+00:00,2025-12-13 16:21:38+00:00,2025-12-13 20:00:00+00:00,Louisiana Tech Bulldogs,Louisiana Ragin' Cajuns,totals,full_game,,,,,,,126.5,-108.0,-112.0
dbfde798f14a65e609dc6cd16276d48f,BetOnline.ag,2025-12-13 16:22:22.925734+00:00,2025-12-13 16:21:39+00:00,2025-12-13 20:00:00+00:00,Louisiana Tech Bulldogs,Louisiana Ragin' Cajuns,h2h,2h,-625.0,461.0,,,,,,,
dbfde798f14a65e609dc6cd16276d48f,BetOnline.ag,2025-12-13 16:22:22.925734+00:00,2025-12-13 16:21:39+00:00,2025-12-13 20:00:00+00:00,Louisiana Tech Bulldogs,Louisiana Ragin' Cajuns,spreads,full_game,,,-10.5,-110.0,10.5,-110.0,,,
dbfde798f14a65e609dc6cd16276d48f,BetOnline.ag,2025-12-13 16:22:22.925734+00:00,2025-12-13 16:21:39+00:00,2025-12-13 20:00:00+00:00,Louisiana Tech Bulldogs,Louisiana Ragin' Cajuns,totals,full_game,,,,,,,126.0,-104.0,-116.0
dbfde798f14a65e609dc6cd16276d48f,LowVig.ag,2025-12-13 16:22:22.925734+00:00,2025-12-13 16:21:24+00:00,2025-12-13 20:00:00+00:00,Louisiana Tech Bulldogs,Louisiana Ragin' Cajuns,h2h,2h,-625.0,461.0,,,,,,,
dbfde798f14a65e609dc6cd16276d48f,LowVig.ag,2025-12-13 16:22:22.925734+00:00,2025-12-13 16:21:24+00:00,2025-12-13 20:00:00+00:00,Louisiana Tech Bulldogs,Louisiana Ragin' Cajuns,spreads,full_game,,,-10.5,-106.0,10.5,-106.0,,,
dbfde798f14a65e609dc6cd16276d48f,LowVig.ag,2025-12-13 16:22:22.925734+00:00,2025-12-13 16:21:24+00:00,2025-12-13 20:00:00+00:00,Louisiana Tech Bulldogs,Louisiana Ragin' Cajuns,totals,full_game,,,,,,,126.0,-102.0,-114.0
dbfde798f14a65e609dc6cd16276d48f,BetMGM,2025-12-13 16:22:22.925734+00:00,2025-12-13 16:21:54+00:00,2025-12-13 20:00:00+00:00,Louisiana Tech Bulldogs,Louisiana Ragin' Cajuns,h2h,2h,-650.0,475.0,,,,,,,
dbfde798f14a65e609dc6cd16276d48f,BetMGM,2025-12-13 16:22:22.925734+00:00,2025-12-13 16:21:54+00:00,2025-12-13 20:00:00+00:00,Louisiana Tech Bulldogs,Louisiana Ragin' Cajuns,spreads,full_game,,,-10.5,-110.0,10.5,-110.0,,,
dbfde798f14a65e609dc6cd16276d48f,BetMGM,2025-12-13 16:22:22.925734+00:00,2025-12-13 16:21:54+00:00,2025-12-13 20:00:00+00:00,Louisiana Tech Bulldogs,Louisiana Ragin' Cajuns,totals,full_game,,,,,,,125.5,-110.0,-110.0
dbfde798f14a65e609dc6cd16276d48f,Bovada,2025-12-13 16:22:22.925734+00:00,2025-12-13 16:21:51+00:00,2025-12-13 20:00:00+00:00,Louisiana Tech Bulldogs,Louisiana Ragin' Cajuns,h2h,2h,-650.0,450.0,,,,,,,
dbfde798f14a65e609dc6cd16276d48f,Bovada,2025-12-13 16:22:22.925734+00:00,2025-12-13 16:21:51+00:00,2025-12-13 20:00:00+00:00,Louisiana Tech Bulldogs,Louisiana Ragin' Cajuns,spreads,full_game,,,-10.5,-110.0,10.5,-110.0,,,
dbfde798f14a65e609dc6cd16276d48f,Bovada,2025-12-13 16:22:22.925734+00:00,2025-12-13 16:21:51+00:00,2025-12-13 20:00:00+00:00,Louisiana Tech Bulldogs,Louisiana Ragin' Cajuns,totals,full_game,,,,,,,126.5,-110.0,-110.0
dbfde798f14a65e609dc6cd16276d48f,Caesars,2025-12-13 16:22:22.925734+00:00,2025-12-13 16:17:55+00:00,2025-12-13 20:00:00+00:00,Louisiana Tech Bulldogs,Louisiana Ragin' Cajuns,h2h,2h,-600.0,430.0,,,,,,,
dbfde798f14a65e609dc6cd16276d48f,Caesars,2025-12-13 16:22:22.925734+00:00,2025-12-13 16:17:55+00:00,2025-12-13 20:00:00+00:00,Louisiana Tech Bulldogs,Louisiana Ragin' Cajuns,spreads,full_game,,,-10.5,-110.0,10.5,-110.0,,,
dbfde798f14a65e609dc6cd16276d48f,Caesars,2025-12-13 16:22:22.925734+00:00,2025-12-13 16:17:55+00:00,2025-12-13 20:00:00+00:00,Louisiana Tech Bulldogs,Louisiana Ragin' Cajuns,totals,full_game,,,,,,,126.0,-110.0,-110.0
dbfde798f14a65e609dc6cd16276d48f,BetUS,2025-12-13 16:22:22.925734+00:00,2025-12-13 16:22:17+00:00,2025-12-13 20:00:00+00:00,Louisiana Tech Bulldogs,Louisiana Ragin' Cajuns,h2h,2h,-625.0,465.0,,,,,,,
dbfde798f14a65e609dc6cd16276d48f,BetUS,2025-12-13 16:22:22.925734+00:00,2025-12-13 16:22:17+00:00,2025-12-13 20:00:00+00:00,Louisiana Tech Bulldogs,Louisiana Ragin' Cajuns,spreads,full_game,,,-10.5,-110.0,10.5,-110.0,,,
dbfde798f14a65e609dc6cd16276d48f,BetUS,2025-12-13 16:22:22.925734+00:00,2025-12-13 16:22:17+00:00,2025-12-13 20:00:00+00:00,Louisiana Tech Bulldogs,Louisiana Ragin' Cajuns,totals,full_game,,,,,,,126.0,-110.0,-110.0
dbfde798f14a65e609dc6cd16276d48f,BetRivers,2025-12-13 16:22:22.925734+00:00,2025-12-13 16:22:17+00:00,2025-12-13 20:00:00+00:00,Louisiana Tech Bulldogs,Louisiana Ragin' Cajuns,h2h,2h,-670.0,450.0,,,,,,,
dbfde798f14a65e609dc6cd16276d48f,BetRivers,2025-12-13 16:22:22.925734+00:00,2025-12-13 16:22:17+00:00,2025-12-13 20:00:00+00:00,Louisiana Tech Bulldogs,Louisiana Ragin' Cajuns,spreads,full_game,,,-10.5,-115.0,10.5,-108.0,,,
dbfde798f14a65e609dc6cd16276d48f,BetRivers,2025-12-13 16:22:22.925734+00:00,2025-12-13 16:22:17+00:00,2025-12-13 20:00:00+00:00,Louisiana Tech Bulldogs,Louisiana Ragin' Cajuns,totals,full_game,,,,,,,126.5,-113.0,-110.0
dbfde798f14a65e609dc6cd16276d48f,FanDuel,2025-12-13 16:22:22.925734+00:00,2025-12-13 16:21:13+00:00,2025-12-13 20:00:00+00:00,Louisiana Tech Bulldogs,Louisiana Ragin' Cajuns,h2h,2h,-750.0,490.0,,,,,,,
dbfde798f14a65e609dc6cd16276d48f,FanDuel,2025-12-13 16:22:22.925734+00:00,2025-12-13 16:21:13+00:00,2025-12-13 20:00:00+00:00,Louisiana Tech Bulldogs,Louisiana Ragin' Cajuns,spreads,full_game,,,-10.5,-110.0,10.5,-110.0,,,
dbfde798f14a65e609dc6cd16276d48f,FanDuel,2025-12-13 16:22:22.925734+00:00,2025-12-13 16:21:13+00:00,2025-12-13 20:00:00+00:00,Louisiana Tech Bulldogs,Louisiana Ragin' Cajuns,totals,full_game,,,,,,,126.5,-110.0,-110.0
c3465fd6db0cedf4a3e8748e9ce8cbb3,DraftKings,2025-12-13 16:22:22.925734+00:00,2025-12-13 16:21:38+00:00,2025-12-13 20:00:00+00:00,Tulsa Golden Hurricane,New Mexico St Aggies,h2h,2h,-218.0,180.0,,,,,,,
c3465fd6db0cedf4a3e8748e9ce8cbb3,DraftKings,2025-12-13 16:22:22.925734+00:00,2025-12-13 16:21:38+00:00,2025-12-13 20:00:00+00:00,Tulsa Golden Hurricane,New Mexico St Aggies,spreads,full_game,,,-5.5,-105.0,5.5,-115.0,,,
c3465fd6db0cedf4a3e8748e9ce8cbb3,DraftKings,2025-12-13 16:22:22.925734+00:00,2025-12-13 16:21:38+00:00,2025-12-13 20:00:00+00:00,Tulsa Golden Hurricane,New Mexico St Aggies,totals,full_game,,,,,,,144.5,-112.0,-108.0
c3465fd6db0cedf4a3e8748e9ce8cbb3,LowVig.ag,2025-12-13 16:22:22.925734+00:00,2025-12-13 16:21:24+00:00,2025-12-13 20:00:00+00:00,Tulsa Golden Hurricane,New Mexico St Aggies,h2h,2h,-217.0,185.0,,,,,,,
c3465fd6db0cedf4a3e8748e9ce8cbb3,LowVig.ag,2025-12-13 16:22:22.925734+00:00,2025-12-13 16:21:24+00:00,2025-12-13 20:00:00+00:00,Tulsa Golden Hurricane,New Mexico St Aggies,spreads,full_game,,,-5.0,-108.0,5.0,-104.0,,,
c3465fd6db0cedf4a3e8748e9ce8cbb3,LowVig.ag,2025-12-13 16:22:22.925734+00:00,2025-12-13 16:21:24+00:00,2025-12-13 20:00:00+00:00,Tulsa Golden Hurricane,New Mexico St Aggies,totals,full_game,,,,,,,144.0,-108.0,-108.0
c3465fd6db0cedf4a3e8748e9ce8cbb3,BetOnline.ag,2025-12-13 16:22:22.925734+00:00,2025-12-13 16:21:39+00:00,2025-12-13 20:00:00+00:00,Tulsa Golden Hurricane,New Mexico St Aggies,h2h,2h,-217.0,185.0,,,,,,,
c3465fd6db0cedf4a3e8748e9ce8cbb3,BetOnline.ag,2025-12-13 16:22:22.925734+00:00,2025-12-13 16:21:39+00:00,2025-12-13 20:00:00+00:00,Tulsa Golden Hurricane,New Mexico St Aggies,spreads,full_game,,,-5.0,-112.0,5.0,-108.0,,,
c3465fd6db0cedf4a3e8748e9ce8cbb3,BetOnline.ag,2025-12-13 16:22:22.925734+00:00,2025-12-13 16:21:39+00:00,2025-12-13 20:00:00+00:00,Tulsa Golden Hurricane,New Mexico St Aggies,totals,full_game,,,,,,,144.0,-110.0,-110.0
c3465fd6db0cedf4a3e8748e9ce8cbb3,FanDuel,2025-12-13 16:22:22.925734+00:00,2025-12-13 16:21:13+00:00,2025-12-13 20:00:00+00:00,Tulsa Golden Hurricane,New Mexico St Aggies,h2h,2h,-240.0,195.0,,,,,,,
c3465fd6db0cedf4a3e8748e9ce8cbb3,FanDuel,2025-12-13 16:22:22.925734+00:00,2025-12-13 16:21:13+00:00,2025-12-13 20:00:00+00:00,Tulsa Golden Hurricane,New Mexico St Aggies,spreads,full_game,,,-5.5,-108.0,5.5,-112.0,,,
c3465fd6db0cedf4a3e8748e9ce8cbb3,FanDuel,2025-12-13 16:22:22.925734+00:00,2025-12-13 16:21:13+00:00,2025-12-13 20:00:00+00:00,Tulsa Golden Hurricane,New Mexico St Aggies,totals,full_game,,,,,,,145.5,-115.0,-105.0
c3465fd6db0cedf4a3e8748e9ce8cbb3,Fanatics,2025-12-13 16:22:22.925734+00:00,2025-12-13 16:21:50+00:00,2025-12-13 20:00:00+00:00,Tulsa Golden Hurricane,New Mexico St Aggies,h2h,2h,-210.0,175.0,,,,,,,
c3465fd6db0cedf4a3e8748e9ce8cbb3,Fanatics,2025-12-13 16:22:22.925734+00:00,2025-12-13 16:21:50+00:00,2025-12-13 20:00:00+00:00,Tulsa Golden Hurricane,New Mexico St Aggies,spreads,full_game,,,-5.0,-110.0,5.0,-110.0,,,
c3465fd6db0cedf4a3e8748e9ce8cbb3,Fanatics,2025-12-13 16:22:22.925734+00:00,2025-12-13 16:21:50+00:00,2025-12-13 20:00:00+00:00,Tulsa Golden Hurricane,New Mexico St Aggies,totals,full_game,,,,,,,145.0,-110.0,-110.0
c3465fd6db0cedf4a3e8748e9ce8cbb3,BetMGM,2025-12-13 16:22:22.925734+00:00,2025-12-13 16:21:54+00:00,2025-12-13 20:00:00+00:00,Tulsa Golden Hurricane,New Mexico St Aggies,h2h,2h,-220.0,180.0,,,,,,,
c3465fd6db0cedf4a3e8748e9ce8cbb3,BetMGM,2025-12-13 16:22:22.925734+00:00,2025-12-13 16:21:54+00:00,2025-12-13 20:00:00+00:00,Tulsa Golden Hurricane,New Mexico St Aggies,spreads,full_game,,,-5.5,-105.0,5.5,-115.0,,,
c3465fd6db0cedf4a3e8748e9ce8cbb3,BetMGM,2025-12-13 16:22:22.925734+00:00,2025-12-13 16:21:54+00:00,2025-12-13 20:00:00+00:00,Tulsa Golden Hurricane,New Mexico St Aggies,totals,full_game,,,,,,,144.5,-105.0,-115.0
c3465fd6db0cedf4a3e8748e9ce8cbb3,Bovada,2025-12-13 16:22:22.925734+00:00,2025-12-13 16:21:51+00:00,2025-12-13 20:00:00+00:00,Tulsa Golden Hurricane,New Mexico St Aggies,h2h,2h,-220.0,180.0,,,,,,,
c3465fd6db0cedf4a3e8748e9ce8cbb3,Bovada,2025-12-13 16:22:22.925734+00:00,2025-12-13 16:21:51+00:00,2025-12-13 20:00:00+00:00,Tulsa Golden Hurricane,New Mexico St Aggies,spreads,full_game,,,-5.0,-110.0,5.0,-110.0,,,
c3465fd6db0cedf4a3e8748e9ce8cbb3,Bovada,2025-12-13 16:22:22.925734+00:00,2025-12-13 16:21:51+00:00,2025-12-13 20:00:00+00:00,Tulsa Golden Hurricane,New Mexico St Aggies,totals,full_game,,,,,,,145.0,-105.0,-115.0
c3465fd6db0cedf4a3e8748e9ce8cbb3,Caesars,2025-12-13 16:22:22.925734+00:00,2025-12-13 16:17:55+00:00,2025-12-13 20:00:00+00:00,Tulsa Golden Hurricane,New Mexico St Aggies,h2h,2h,-225.0,185.0,,,,,,,
c3465fd6db0cedf4a3e8748e9ce8cbb3,Caesars,2025-12-13 16:22:22.925734+00:00,2025-12-13 16:17:55+00:00,2025-12-13 20:00:00+00:00,Tulsa Golden Hurricane,New Mexico St Aggies,spreads,full_game,,,-5.0,-110.0,5.0,-110.0,,,
c3465fd6db0cedf4a3e8748e9ce8cbb3,Caesars,2025-12-13 16:22:22.925734+00:00,2025-12-13 16:17:55+00:00,2025-12-13 20:00:00+00:00,Tulsa Golden Hurricane,New Mexico St Aggies,totals,full_game,,,,,,,144.5,-110.0,-110.0
c3465fd6db0cedf4a3e8748e9ce8cbb3,BetUS,2025-12-13 16:22:22.925734+00:00,2025-12-13 16:22:17+00:00,2025-12-13 20:00:00+00:00,Tulsa Golden Hurricane,New Mexico St Aggies,h2h,2h,-215.0,183.0,,,,,,,
c3465fd6db0cedf4a3e8748e9ce8cbb3,BetUS,2025-12-13 16:22:22.925734+00:00,2025-12-13 16:22:17+00:00,2025-12-13 20:00:00+00:00,Tulsa Golden Hurricane,New Mexico St Aggies,spreads,full_game,,,-5.0,-110.0,5.0,-110.0,,,
c3465fd6db0cedf4a3e8748e9ce8cbb3,BetUS,2025-12-13 16:22:22.925734+00:00,2025-12-13 16:22:17+00:00,2025-12-13 20:00:00+00:00,Tulsa Golden Hurricane,New Mexico St Aggies,totals,full_game,,,,,,,144.0,-110.0,-110.0
c3465fd6db0cedf4a3e8748e9ce8cbb3,BetRivers,2025-12-13 16:22:22.925734+00:00,2025-12-13 16:22:17+00:00,2025-12-13 20:00:00+00:00,Tulsa Golden Hurricane,New Mexico St Aggies,h2h,2h,-205.0,160.0,,,,,,,
c3465fd6db0cedf4a3e8748e9ce8cbb3,BetRivers,2025-12-13 16:22:22.925734+00:00,2025-12-13 16:22:17+00:00,2025-12-13 20:00:00+00:00,Tulsa Golden Hurricane,New Mexico St Aggies,spreads,full_game,,,-4.5,-113.0,4.5,-110.0,,,
c3465fd6db0cedf4a3e8748e9ce8cbb3,BetRivers,2025-12-13 16:22:22.925734+00:00,2025-12-13 16:22:17+00:00,2025-12-13 20:00:00+00:00,Tulsa Golden Hurricane,New Mexico St Aggies,totals,full_game,,,,,,,144.5,-110.0,-113.0
c2569cdde93f72734d8a4d5755ee47f0,FanDuel,2025-12-13 16:22:22.925734+00:00,2025-12-13 16:21:13+00:00,2025-12-13 20:00:00+00:00,Ole Miss Rebels,Southern Miss Golden Eagles,h2h,2h,-1400.0,800.0,,,,,,,
c2569cdde93f72734d8a4d5755ee47f0,FanDuel,2025-12-13 16:22:22.925734+00:00,2025-12-13 16:21:13+00:00,2025-12-13 20:00:00+00:00,Ole Miss Rebels,Southern Miss Golden Eagles,spreads,full_game,,,-13.5,-110.0,13.5,-110.0,,,
c2569cdde93f72734d8a4d5755ee47f0,FanDuel,2025-12-13 16:22:22.925734+00:00,2025-12-13 16:21:13+00:00,2025-12-13 20:00:00+00:00,Ole Miss Rebels,Southern Miss Golden Eagles,totals,full_game,,,,,,,136.5,-110.0,-110.0
c2569cdde93f72734d8a4d5755ee47f0,BetOnline.ag,2025-12-13 16:22:22.925734+00:00,2025-12-13 16:21:39+00:00,2025-12-13 20:00:00+00:00,Ole Miss Rebels,Southern Miss Golden Eagles,h2h,2h,-1100.0,709.0,,,,,,,
c2569cdde93f72734d8a4d5755ee47f0,BetOnline.ag,2025-12-13 16:22:22.925734+00:00,2025-12-13 16:21:39+00:00,2025-12-13 20:00:00+00:00,Ole Miss Rebels,Southern Miss Golden Eagles,spreads,full_game,,,-13.5,-110.0,13.5,-110.0,,,
c2569cdde93f72734d8a4d5755ee47f0,BetOnline.ag,2025-12-13 16:22:22.925734+00:00,2025-12-13 16:21:39+00:00,2025-12-13 20:00:00+00:00,Ole Miss Rebels,Southern Miss Golden Eagles,totals,full_game,,,,,,,137.5,-110.0,-110.0
c2569cdde93f72734d8a4d5755ee47f0,LowVig.ag,2025-12-13 16:22:22.925734+00:00,2025-12-13 16:21:24+00:00,2025-12-13 20:00:00+00:00,Ole Miss Rebels,Southern Miss Golden Eagles,h2h,2h,-1100.0,709.0,,,,,,,
c2569cdde93f72734d8a4d5755ee47f0,LowVig.ag,2025-12-13 16:22:22.925734+00:00,2025-12-13 16:21:24+00:00,2025-12-13 20:00:00+00:00,Ole Miss Rebels,Southern Miss Golden Eagles,spreads,full_game,,,-13.5,-106.0,13.5,-106.0,,,
c2569cdde93f72734d8a4d5755ee47f0,LowVig.ag,2025-12-13 16:22:22.925734+00:00,2025-12-13 16:21:24+00:00,2025-12-13 20:00:00+00:00,Ole Miss Rebels,Southern Miss Golden Eagles,totals,full_game,,,,,,,137.5,-108.0,-108.0
c2569cdde93f72734d8a4d5755ee47f0,Fanatics,2025-12-13 16:22:22.925734+00:00,2025-12-13 16:21:50+00:00,2025-12-13 20:00:00+00:00,Ole Miss Rebels,Southern Miss Golden Eagles,h2h,2h,-1000.0,650.0,,,,,,,
c2569cdde93f72734d8a4d5755ee47f0,Fanatics,2025-12-13 16:22:22.925734+00:00,2025-12-13 16:21:50+00:00,2025-12-13 20:00:00+00:00,Ole Miss Rebels,Southern Miss Golden Eagles,spreads,full_game,,,-13.0,-110.0,13.0,-110.0,,,
c2569cdde93f72734d8a4d5755ee47f0,Fanatics,2025-12-13 16:22:22.925734+00:00,2025-12-13 16:21:50+00:00,2025-12-13 20:00:00+00:00,Ole Miss Rebels,Southern Miss Golden Eagles,totals,full_game,,,,,,,138.0,-110.0,-110.0
c2569cdde93f72734d8a4d5755ee47f0,Caesars,2025-12-13 16:22:22.925734+00:00,2025-12-13 16:17:55+00:00,2025-12-13 20:00:00+00:00,Ole Miss Rebels,Southern Miss Golden Eagles,h2h,2h,-1100.0,700.0,,,,,,,
c2569cdde93f72734d8a4d5755ee47f0,Caesars,2025-12-13 16:22:22.925734+00:00,2025-12-13 16:17:55+00:00,2025-12-13 20:00:00+00:00,Ole Miss Rebels,Southern Miss Golden Eagles,spreads,full_game,,,-14.0,-110.0,14.0,-110.0,,,
c2569cdde93f72734d8a4d5755ee47f0,Caesars,2025-12-13 16:22:22.925734+00:00,2025-12-13 16:17:55+00:00,2025-12-13 20:00:00+00:00,Ole Miss Rebels,Southern Miss Golden Eagles,totals,full_game,,,,,,,137.5,-110.0,-110.0
c2569cdde93f72734d8a4d5755ee47f0,DraftKings,2025-12-13 16:22:22.925734+00:00,2025-12-13 16:21:38+00:00,2025-12-13 20:00:00+00:00,Ole Miss Rebels,Southern Miss Golden Eagles,h2h,2h,-1100.0,700.0,,,,,,,
c2569cdde93f72734d8a4d5755ee47f0,DraftKings,2025-12-13 16:22:22.925734+00:00,2025-12-13 16:21:38+00:00,2025-12-13 20:00:00+00:00,Ole Miss Rebels,Southern Miss Golden Eagles,spreads,full_game,,,-13.5,-108.0,13.5,-112.0,,,
c2569cdde93f72734d8a4d5755ee47f0,DraftKings,2025-12-13 16:22:22.925734+00:00,2025-12-13 16:21:38+00:00,2025-12-13 20:00:00+00:00,Ole Miss Rebels,Southern Miss Golden Eagles,totals,full_game,,,,,,,137.5,-105.0,-115.0
c2569cdde93f72734d8a4d5755ee47f0,BetMGM,2025-12-13 16:22:22.925734+00:00,2025-12-13 16:21:54+00:00,2025-12-13 20:00:00+00:00,Ole Miss Rebels,Southern Miss Golden Eagles,h2h,2h,-1100.0,675.0,,,,,,,
c2569cdde93f72734d8a4d5755ee47f0,BetMGM,2025-12-13 16:22:22.925734+00:00,2025-12-13 16:21:54+00:00,2025-12-13 20:00:00+00:00,Ole Miss Rebels,Southern Miss Golden Eagles,spreads,full_game,,,-13.5,-110.0,13.5,-110.0,,,
c2569cdde93f72734d8a4d5755ee47f0,BetMGM,2025-12-13 16:22:22.925734+00:00,2025-12-13 16:21:54+00:00,2025-12-13 20:00:00+00:00,Ole Miss Rebels,Southern Miss Golden Eagles,totals,full_game,,,,,,,136.5,-115.0,-105.0
c2569cdde93f72734d8a4d5755ee47f0,Bovada,2025-12-13 16:22:22.925734+00:00,2025-12-13 16:21:51+00:00,2025-12-13 20:00:00+00:00,Ole Miss Rebels,Southern Miss Golden Eagles,h2h,2h,-1100.0,650.0,,,,,,,
c2569cdde93f72734d8a4d5755ee47f0,Bovada,2025-12-13 16:22:22.925734+00:00,2025-12-13 16:21:51+00:00,2025-12-13 20:00:00+00:00,Ole Miss Rebels,Southern Miss Golden Eagles,spreads,full_game,,,-13.0,-110.0,13.0,-110.0,,,
c2569cdde93f72734d8a4d5755ee47f0,Bovada,2025-12-13 16:22:22.925734+00:00,2025-12-13 16:21:51+00:00,2025-12-13 20:00:00+00:00,Ole Miss Rebels,Southern Miss Golden Eagles,totals,full_game,,,,,,,138.0,-105.0,-115.0
c2569cdde93f72734d8a4d5755ee47f0,BetUS,2025-12-13 16:22:22.925734+00:00,2025-12-13 16:22:17+00:00,2025-12-13 20:00:00+00:00,Ole Miss Rebels,Southern Miss Golden Eagles,h2h,2h,-1100.0,700.0,,,,,,,
c2569cdde93f72734d8a4d5755ee47f0,BetUS,2025-12-13 16:22:22.925734+00:00,2025-12-13 16:22:17+00:00,2025-12-13 20:00:00+00:00,Ole Miss Rebels,Southern Miss Golden Eagles,spreads,full_game,,,-13.5,-110.0,13.5,-110.0,,,
c2569cdde93f72734d8a4d5755ee47f0,BetUS,2025-12-13 16:22:22.925734+00:00,2025-12-13 16:22:17+00:00,2025-12-13 20:00:00+00:00,Ole Miss Rebels,Southern Miss Golden Eagles,totals,full_game,,,,,,,136.0,-110.0,-110.0
c2569cdde93f72734d8a4d5755ee47f0,BetRivers,2025-12-13 16:22:22.925734+00:00,2025-12-13 16:22:17+00:00,2025-12-13 20:00:00+00:00,Ole Miss Rebels,Southern Miss Golden Eagles,h2h,2h,-1115.0,650.0,,,,,,,
c2569cdde93f72734d8a4d5755ee47f0,BetRivers,2025-12-13 16:22:22.925734+00:00,2025-12-13 16:22:17+00:00,2025-12-13 20:00:00+00:00,Ole Miss Rebels,Southern Miss Golden Eagles,spreads,full_game,,,-13.5,-113.0,13.5,-109.0,,,
c2569cdde93f72734d8a4d5755ee47f0,BetRivers,2025-12-13 16:22:22.925734+00:00,2025-12-13 16:22:17+00:00,2025-12-13 20:00:00+00:00,Ole Miss Rebels,Southern Miss Golden Eagles,totals,full_game,,,,,,,137.5,-109.0,-114.0
ec9c7bc81212244600e309f8578839ab,DraftKings,2025-12-13 16:22:22.925734+00:00,2025-12-13 16:21:38+00:00,2025-12-13 20:00:00+00:00,Valparaiso Beacons,UNC Wilmington Seahawks,h2h,2h,170.0,-205.0,,,,,,,
ec9c7bc81212244600e309f8578839ab,DraftKings,2025-12-13 16:22:22.925734+00:00,2025-12-13 16:21:38+00:00,2025-12-13 20:00:00+00:00,Valparaiso Beacons,UNC Wilmington Seahawks,spreads,full_game,,,4.5,-105.0,-4.5,-115.0,,,
ec9c7bc81212244600e309f8578839ab,DraftKings,2025-12-13 16:22:22.925734+00:00,2025-12-13 16:21:38+00:00,2025-12-13 20:00:00+00:00,Valparaiso Beacons,UNC Wilmington Seahawks,totals,full_game,,,,,,,134.5,-105.0,-115.0
ec9c7bc81212244600e309f8578839ab,Fanatics,2025-12-13 16:22:22.925734+00:00,2025-12-13 16:21:50+00:00,2025-12-13 20:00:00+00:00,Valparaiso Beacons,UNC Wilmington Seahawks,h2h,2h,165.0,-200.0,,,,,,,
ec9c7bc81212244600e309f8578839ab,Fanatics,2025-12-13 16:22:22.925734+00:00,2025-12-13 16:21:50+00:00,2025-12-13 20:00:00+00:00,Valparaiso Beacons,UNC Wilmington Seahawks,spreads,full_game,,,4.5,-110.0,-4.5,-110.0,,,
ec9c7bc81212244600e309f8578839ab,Fanatics,2025-12-13 16:22:22.925734+00:00,2025-12-13 16:21:50+00:00,2025-12-13 20:00:00+00:00,Valparaiso Beacons,UNC Wilmington Seahawks,totals,full_game,,,,,,,134.5,-110.0,-110.0
ec9c7bc81212244600e309f8578839ab,LowVig.ag,2025-12-13 16:22:22.925734+00:00,2025-12-13 16:21:24+00:00,2025-12-13 20:00:00+00:00,Valparaiso Beacons,UNC Wilmington Seahawks,h2h,2h,170.0,-195.0,,,,,,,
ec9c7bc81212244600e309f8578839ab,LowVig.ag,2025-12-13 16:22:22.925734+00:00,2025-12-13 16:21:24+00:00,2025-12-13 20:00:00+00:00,Valparaiso Beacons,UNC Wilmington Seahawks,spreads,full_game,,,4.5,-110.0,-4.5,-102.0,,,
ec9c7bc81212244600e309f8578839ab,LowVig.ag,2025-12-13 16:22:22.925734+00:00,2025-12-13 16:21:24+00:00,2025-12-13 20:00:00+00:00,Valparaiso Beacons,UNC Wilmington Seahawks,totals,full_game,,,,,,,134.0,-108.0,-108.0
ec9c7bc81212244600e309f8578839ab,BetOnline.ag,2025-12-13 16:22:22.925734+00:00,2025-12-13 16:21:39+00:00,2025-12-13 20:00:00+00:00,Valparaiso Beacons,UNC Wilmington Seahawks,h2h,2h,170.0,-195.0,,,,,,,
ec9c7bc81212244600e309f8578839ab,BetOnline.ag,2025-12-13 16:22:22.925734+00:00,2025-12-13 16:21:39+00:00,2025-12-13 20:00:00+00:00,Valparaiso Beacons,UNC Wilmington Seahawks,spreads,full_game,,,4.5,-114.0,-4.5,-106.0,,,
ec9c7bc81212244600e309f8578839ab,BetOnline.ag,2025-12-13 16:22:22.925734+00:00,2025-12-13 16:21:39+00:00,2025-12-13 20:00:00+00:00,Valparaiso Beacons,UNC Wilmington Seahawks,totals,full_game,,,,,,,134.0,-110.0,-110.0
ec9c7bc81212244600e309f8578839ab,BetMGM,2025-12-13 16:22:22.925734+00:00,2025-12-13 16:21:54+00:00,2025-12-13 20:00:00+00:00,Valparaiso Beacons,UNC Wilmington Seahawks,h2h,2h,165.0,-200.0,,,,,,,
ec9c7bc81212244600e309f8578839ab,BetMGM,2025-12-13 16:22:22.925734+00:00,2025-12-13 16:21:54+00:00,2025-12-13 20:00:00+00:00,Valparaiso Beacons,UNC Wilmington Seahawks,spreads,full_game,,,4.5,-110.0,-4.5,-110.0,,,
ec9c7bc81212244600e309f8578839ab,BetMGM,2025-12-13 16:22:22.925734+00:00,2025-12-13 16:21:54+00:00,2025-12-13 20:00:00+00:00,Valparaiso Beacons,UNC Wilmington Seahawks,totals,full_game,,,,,,,133.5,-110.0,-110.0
ec9c7bc81212244600e309f8578839ab,Bovada,2025-12-13 16:22:22.925734+00:00,2025-12-13 16:21:51+00:00,2025-12-13 20:00:00+00:00,Valparaiso Beacons,UNC Wilmington Seahawks,h2h,2h,165.0,-195.0,,,,,,,
ec9c7bc81212244600e309f8578839ab,Bovada,2025-12-13 16:22:22.925734+00:00,2025-12-13 16:21:51+00:00,2025-12-13 20:00:00+00:00,Valparaiso Beacons,UNC Wilmington Seahawks,spreads,full_game,,,4.5,-115.0,-4.5,-105.0,,,
ec9c7bc81212244600e309f8578839ab,Bovada,2025-12-13 16:22:22.925734+00:00,2025-12-13 16:21:51+00:00,2025-12-13 20:00:00+00:00,Valparaiso Beacons,UNC Wilmington Seahawks,totals,full_game,,,,,,,134.5,-110.0,-110.0
ec9c7bc81212244600e309f8578839ab,Caesars,2025-12-13 16:22:22.925734+00:00,2025-12-13 16:17:55+00:00,2025-12-13 20:00:00+00:00,Valparaiso Beacons,UNC Wilmington Seahawks,h2h,2h,170.0,-205.0,,,,,,,
ec9c7bc81212244600e309f8578839ab,Caesars,2025-12-13 16:22:22.925734+00:00,2025-12-13 16:17:55+00:00,2025-12-13 20:00:00+00:00,Valparaiso Beacons,UNC Wilmington Seahawks,spreads,full_game,,,4.5,-110.0,-4.5,-110.0,,,
ec9c7bc81212244600e309f8578839ab,Caesars,2025-12-13 16:22:22.925734+00:00,2025-12-13 16:17:55+00:00,2025-12-13 20:00:00+00:00,Valparaiso Beacons,UNC Wilmington Seahawks,totals,full_game,,,,,,,134.0,-110.0,-110.0
ec9c7bc81212244600e309f8578839ab,BetUS,2025-12-13 16:22:22.925734+00:00,2025-12-13 16:22:17+00:00,2025-12-13 20:00:00+00:00,Valparaiso Beacons,UNC Wilmington Seahawks,h2h,2h,167.0,-195.0,,,,,,,
ec9c7bc81212244600e309f8578839ab,BetUS,2025-12-13 16:22:22.925734+00:00,2025-12-13 16:22:17+00:00,2025-12-13 20:00:00+00:00,Valparaiso Beacons,UNC Wilmington Seahawks,spreads,full_game,,,4.5,-115.0,-4.5,-105.0,,,
ec9c7bc81212244600e309f8578839ab,BetUS,2025-12-13 16:22:22.925734+00:00,2025-12-13 16:22:17+00:00,2025-12-13 20:00:00+00:00,Valparaiso Beacons,UNC Wilmington Seahawks,totals,full_game,,,,,,,134.0,-110.0,-110.0
ec9c7bc81212244600e309f8578839ab,BetRivers,2025-12-13 16:22:22.925734+00:00,2025-12-13 16:22:17+00:00,2025-12-13 20:00:00+00:00,Valparaiso Beacons,UNC Wilmington Seahawks,h2h,2h,188.0,-240.0,,,,,,,
ec9c7bc81212244600e309f8578839ab,BetRivers,2025-12-13 16:22:22.925734+00:00,2025-12-13 16:22:17+00:00,2025-12-13 20:00:00+00:00,Valparaiso Beacons,UNC Wilmington Seahawks,spreads,full_game,,,5.5,-115.0,-5.5,-107.0,,,
ec9c7bc81212244600e309f8578839ab,BetRivers,2025-12-13 16:22:22.925734+00:00,2025-12-13 16:22:17+00:00,2025-12-13 20:00:00+00:00,Valparaiso Beacons,UNC Wilmington Seahawks,totals,full_game,,,,,,,134.5,-113.0,-110.0
ec9c7bc81212244600e309f8578839ab,FanDuel,2025-12-13 16:22:22.925734+00:00,2025-12-13 16:21:13+00:00,2025-12-13 20:00:00+00:00,Valparaiso Beacons,UNC Wilmington Seahawks,h2h,2h,176.0,-220.0,,,,,,,
ec9c7bc81212244600e309f8578839ab,FanDuel,2025-12-13 16:22:22.925734+00:00,2025-12-13 16:21:13+00:00,2025-12-13 20:00:00+00:00,Valparaiso Beacons,UNC Wilmington Seahawks,spreads,full_game,,,4.5,-106.0,-4.5,-114.0,,,
ec9c7bc81212244600e309f8578839ab,FanDuel,2025-12-13 16:22:22.925734+00:00,2025-12-13 16:21:13+00:00,2025-12-13 20:00:00+00:00,Valparaiso Beacons,UNC Wilmington Seahawks,totals,full_game,,,,,,,134.5,-106.0,-114.0
b4fa333c2641cb395350ae64dbd66b2f,FanDuel,2025-12-13 16:22:22.925734+00:00,2025-12-13 16:21:13+00:00,2025-12-13 20:00:25+00:00,Creighton Bluejays,Kansas St Wildcats,h2h,2h,-210.0,172.0,,,,,,,
b4fa333c2641cb395350ae64dbd66b2f,FanDuel,2025-12-13 16:22:22.925734+00:00,2025-12-13 16:21:13+00:00,2025-12-13 20:00:25+00:00,Creighton Bluejays,Kansas St Wildcats,spreads,full_game,,,-4.5,-105.0,4.5,-115.0,,,
b4fa333c2641cb395350ae64dbd66b2f,FanDuel,2025-12-13 16:22:22.925734+00:00,2025-12-13 16:21:13+00:00,2025-12-13 20:00:25+00:00,Creighton Bluejays,Kansas St Wildcats,totals,full_game,,,,,,,158.5,-110.0,-110.0
b4fa333c2641cb395350ae64dbd66b2f,Fanatics,2025-12-13 16:22:22.925734+00:00,2025-12-13 16:21:50+00:00,2025-12-13 20:00:25+00:00,Creighton Bluejays,Kansas St Wildcats,h2h,2h,-190.0,160.0,,,,,,,
b4fa333c2641cb395350ae64dbd66b2f,Fanatics,2025-12-13 16:22:22.925734+00:00,2025-12-13 16:21:50+00:00,2025-12-13 20:00:25+00:00,Creighton Bluejays,Kansas St Wildcats,spreads,full_game,,,-4.5,-110.0,4.5,-110.0,,,
b4fa333c2641cb395350ae64dbd66b2f,Fanatics,2025-12-13 16:22:22.925734+00:00,2025-12-13 16:21:50+00:00,2025-12-13 20:00:25+00:00,Creighton Bluejays,Kansas St Wildcats,totals,full_game,,,,,,,158.5,-110.0,-110.0
b4fa333c2641cb395350ae64dbd66b2f,BetOnline.ag,2025-12-13 16:22:22.925734+00:00,2025-12-13 16:21:39+00:00,2025-12-13 20:00:25+00:00,Creighton Bluejays,Kansas St Wildcats,h2h,2h,-185.0,161.0,,,,,,,
b4fa333c2641cb395350ae64dbd66b2f,BetOnline.ag,2025-12-13 16:22:22.925734+00:00,2025-12-13 16:21:39+00:00,2025-12-13 20:00:25+00:00,Creighton Bluejays,Kansas St Wildcats,spreads,full_game,,,-4.0,-114.0,4.0,-106.0,,,
b4fa333c2641cb395350ae64dbd66b2f,BetOnline.ag,2025-12-13 16:22:22.925734+00:00,2025-12-13 16:21:39+00:00,2025-12-13 20:00:25+00:00,Creighton Bluejays,Kansas St Wildcats,totals,full_game,,,,,,,159.5,-112.0,-108.0
b4fa333c2641cb395350ae64dbd66b2f,LowVig.ag,2025-12-13 16:22:22.925734+00:00,2025-12-13 16:21:24+00:00,2025-12-13 20:00:25+00:00,Creighton Bluejays,Kansas St Wildcats,h2h,2h,-185.0,161.0,,,,,,,
b4fa333c2641cb395350ae64dbd66b2f,LowVig.ag,2025-12-13 16:22:22.925734+00:00,2025-12-13 16:21:24+00:00,2025-12-13 20:00:25+00:00,Creighton Bluejays,Kansas St Wildcats,spreads,full_game,,,-4.0,-110.0,4.0,-102.0,,,
b4fa333c2641cb395350ae64dbd66b2f,LowVig.ag,2025-12-13 16:22:22.925734+00:00,2025-12-13 16:21:24+00:00,2025-12-13 20:00:25+00:00,Creighton Bluejays,Kansas St Wildcats,totals,full_game,,,,,,,159.5,-110.0,-106.0
b4fa333c2641cb395350ae64dbd66b2f,Caesars,2025-12-13 16:22:22.925734+00:00,2025-12-13 16:17:55+00:00,2025-12-13 20:00:25+00:00,Creighton Bluejays,Kansas St Wildcats,h2h,2h,-195.0,162.0,,,,,,,
b4fa333c2641cb395350ae64dbd66b2f,Caesars,2025-12-13 16:22:22.925734+00:00,2025-12-13 16:17:55+00:00,2025-12-13 20:00:25+00:00,Creighton Bluejays,Kansas St Wildcats,spreads,full_game,,,-4.0,-110.0,4.0,-110.0,,,
b4fa333c2641cb395350ae64dbd66b2f,Caesars,2025-12-13 16:22:22.925734+00:00,2025-12-13 16:17:55+00:00,2025-12-13 20:00:25+00:00,Creighton Bluejays,Kansas St Wildcats,totals,full_game,,,,,,,159.5,-110.0,-110.0
b4fa333c2641cb395350ae64dbd66b2f,DraftKings,2025-12-13 16:22:22.925734+00:00,2025-12-13 16:21:38+00:00,2025-12-13 20:00:25+00:00,Creighton Bluejays,Kansas St Wildcats,h2h,2h,-192.0,160.0,,,,,,,
b4fa333c2641cb395350ae64dbd66b2f,DraftKings,2025-12-13 16:22:22.925734+00:00,2025-12-13 16:21:38+00:00,2025-12-13 20:00:25+00:00,Creighton Bluejays,Kansas St Wildcats,spreads,full_game,,,-4.5,-108.0,4.5,-112.0,,,
b4fa333c2641cb395350ae64dbd66b2f,DraftKings,2025-12-13 16:22:22.925734+00:00,2025-12-13 16:21:38+00:00,2025-12-13 20:00:25+00:00,Creighton Bluejays,Kansas St Wildcats,totals,full_game,,,,,,,159.5,-108.0,-112.0
b4fa333c2641cb395350ae64dbd66b2f,BetMGM,2025-12-13 16:22:22.925734+00:00,2025-12-13 16:21:54+00:00,2025-12-13 20:00:25+00:00,Creighton Bluejays,Kansas St Wildcats,h2h,2h,-190.0,154.0,,,,,,,
b4fa333c2641cb395350ae64dbd66b2f,BetMGM,2025-12-13 16:22:22.925734+00:00,2025-12-13 16:21:54+00:00,2025-12-13 20:00:25+00:00,Creighton Bluejays,Kansas St Wildcats,spreads,full_game,,,-4.5,-105.0,4.5,-115.0,,,
b4fa333c2641cb395350ae64dbd66b2f,BetMGM,2025-12-13 16:22:22.925734+00:00,2025-12-13 16:21:54+00:00,2025-12-13 20:00:25+00:00,Creighton Bluejays,Kansas St Wildcats,totals,full_game,,,,,,,159.5,-110.0,-110.0
b4fa333c2641cb395350ae64dbd66b2f,Bovada,2025-12-13 16:22:22.925734+00:00,2025-12-13 16:21:51+00:00,2025-12-13 20:00:25+00:00,Creighton Bluejays,Kansas St Wildcats,h2h,2h,-185.0,160.0,,,,,,,
b4fa333c2641cb395350ae64dbd66b2f,Bovada,2025-12-13 16:22:22.925734+00:00,2025-12-13 16:21:51+00:00,2025-12-13 20:00:25+00:00,Creighton Bluejays,Kansas St Wildcats,spreads,full_game,,,-4.0,-110.0,4.0,-110.0,,,
b4fa333c2641cb395350ae64dbd66b2f,Bovada,2025-12-13 16:22:22.925734+00:00,2025-12-13 16:21:51+00:00,2025-12-13 20:00:25+00:00,Creighton Bluejays,Kansas St Wildcats,totals,full_game,,,,,,,159.0,-110.0,-110.0
b4fa333c2641cb395350ae64dbd66b2f,BetUS,2025-12-13 16:22:22.925734+00:00,2025-12-13 16:22:17+00:00,2025-12-13 20:00:25+00:00,Creighton Bluejays,Kansas St Wildcats,h2h,2h,-185.0,159.0,,,,,,,
b4fa333c2641cb395350ae64dbd66b2f,BetUS,2025-12-13 16:22:22.925734+00:00,2025-12-13 16:22:17+00:00,2025-12-13 20:00:25+00:00,Creighton Bluejays,Kansas St Wildcats,spreads,full_game,,,-4.0,-110.0,4.0,-110.0,,,
b4fa333c2641cb395350ae64dbd66b2f,BetUS,2025-12-13 16:22:22.925734+00:00,2025-12-13 16:22:17+00:00,2025-12-13 20:00:25+00:00,Creighton Bluejays,Kansas St Wildcats,totals,full_game,,,,,,,159.5,-110.0,-110.0
b4fa333c2641cb395350ae64dbd66b2f,BetRivers,2025-12-13 16:22:22.925734+00:00,2025-12-13 16:22:17+00:00,2025-12-13 20:00:25+00:00,Creighton Bluejays,Kansas St Wildcats,h2h,2h,-195.0,155.0,,,,,,,
b4fa333c2641cb395350ae64dbd66b2f,BetRivers,2025-12-13 16:22:22.925734+00:00,2025-12-13 16:22:17+00:00,2025-12-13 20:00:25+00:00,Creighton Bluejays,Kansas St Wildcats,spreads,full_game,,,-4.5,-108.0,4.5,-115.0,,,
b4fa333c2641cb395350ae64dbd66b2f,BetRivers,2025-12-13 16:22:22.925734+00:00,2025-12-13 16:22:17+00:00,2025-12-13 20:00:25+00:00,Creighton Bluejays,Kansas St Wildcats,totals,full_game,,,,,,,158.5,-110.0,-112.0
2ddaab9d31b08df30472a8c9c41daaf8,FanDuel,2025-12-13 16:22:22.925734+00:00,2025-12-13 16:21:13+00:00,2025-12-13 20:30:00+00:00,Louisville Cardinals,Memphis Tigers,h2h,2h,-2000.0,980.0,,,,,,,
2ddaab9d31b08df30472a8c9c41daaf8,FanDuel,2025-12-13 16:22:22.925734+00:00,2025-12-13 16:21:13+00:00,2025-12-13 20:30:00+00:00,Louisville Cardinals,Memphis Tigers,spreads,full_game,,,-15.5,-110.0,15.5,-110.0,,,
2ddaab9d31b08df30472a8c9c41daaf8,FanDuel,2025-12-13 16:22:22.925734+00:00,2025-12-13 16:21:13+00:00,2025-12-13 20:30:00+00:00,Louisville Cardinals,Memphis Tigers,totals,full_game,,,,,,,160.5,-110.0,-110.0
2ddaab9d31b08df30472a8c9c41daaf8,Fanatics,2025-12-13 16:22:22.925734+00:00,2025-12-13 16:21:50+00:00,2025-12-13 20:30:00+00:00,Louisville Cardinals,Memphis Tigers,h2h,2h,-1600.0,900.0,,,,,,,
2ddaab9d31b08df30472a8c9c41daaf8,Fanatics,2025-12-13 16:22:22.925734+00:00,2025-12-13 16:21:50+00:00,2025-12-13 20:30:00+00:00,Louisville Cardinals,Memphis Tigers,spreads,full_game,,,-16.0,-110.0,16.0,-110.0,,,
2ddaab9d31b08df30472a8c9c41daaf8,Fanatics,2025-12-13 16:22:22.925734+00:00,2025-12-13 16:21:50+00:00,2025-12-13 20:30:00+00:00,Louisville Cardinals,Memphis Tigers,totals,full_game,,,,,,,160.5,-110.0,-110.0
2ddaab9d31b08df30472a8c9c41daaf8,BetRivers,2025-12-13 16:22:22.925734+00:00,2025-12-13 16:22:17+00:00,2025-12-13 20:30:00+00:00,Louisville Cardinals,Memphis Tigers,h2h,2h,-1430.0,750.0,,,,,,,
2ddaab9d31b08df30472a8c9c41daaf8,BetRivers,2025-12-13 16:22:22.925734+00:00,2025-12-13 16:22:17+00:00,2025-12-13 20:30:00+00:00,Louisville Cardinals,Memphis Tigers,spreads,full_game,,,-15.5,-114.0,15.5,-109.0,,,
2ddaab9d31b08df30472a8c9c41daaf8,BetRivers,2025-12-13 16:22:22.925734+00:00,2025-12-13 16:22:17+00:00,2025-12-13 20:30:00+00:00,Louisville Cardinals,Memphis Tigers,totals,full_game,,,,,,,160.5,-113.0,-110.0
2ddaab9d31b08df30472a8c9c41daaf8,DraftKings,2025-12-13 16:22:22.925734+00:00,2025-12-13 16:21:38+00:00,2025-12-13 20:30:00+00:00,Louisville Cardinals,Memphis Tigers,h2h,2h,-1650.0,950.0,,,,,,,
2ddaab9d31b08df30472a8c9c41daaf8,DraftKings,2025-12-13 16:22:22.925734+00:00,2025-12-13 16:21:38+00:00,2025-12-13 20:30:00+00:00,Louisville Cardinals,Memphis Tigers,spreads,full_game,,,-15.5,-112.0,15.5,-108.0,,,
2ddaab9d31b08df30472a8c9c41daaf8,DraftKings,2025-12-13 16:22:22.925734+00:00,2025-12-13 16:21:38+00:00,2025-12-13 20:30:00+00:00,Louisville Cardinals,Memphis Tigers,totals,full_game,,,,,,,160.5,-108.0,-112.0
2ddaab9d31b08df30472a8c9c41daaf8,Caesars,2025-12-13 16:22:22.925734+00:00,2025-12-13 16:17:55+00:00,2025-12-13 20:30:00+00:00,Louisville Cardinals,Memphis Tigers,h2h,2h,-1700.0,950.0,,,,,,,
2ddaab9d31b08df30472a8c9c41daaf8,Caesars,2025-12-13 16:22:22.925734+00:00,2025-12-13 16:17:55+00:00,2025-12-13 20:30:00+00:00,Louisville Cardinals,Memphis Tigers,spreads,full_game,,,-15.5,-110.0,15.5,-110.0,,,
2ddaab9d31b08df30472a8c9c41daaf8,Caesars,2025-12-13 16:22:22.925734+00:00,2025-12-13 16:17:55+00:00,2025-12-13 20:30:00+00:00,Louisville Cardinals,Memphis Tigers,totals,full_game,,,,,,,160.5,-110.0,-110.0
2ddaab9d31b08df30472a8c9c41daaf8,BetMGM,2025-12-13 16:22:22.925734+00:00,2025-12-13 16:21:54+00:00,2025-12-13 20:30:00+00:00,Louisville Cardinals,Memphis Tigers,h2h,2h,-1600.0,850.0,,,,,,,
2ddaab9d31b08df30472a8c9c41daaf8,BetMGM,2025-12-13 16:22:22.925734+00:00,2025-12-13 16:21:54+00:00,2025-12-13 20:30:00+00:00,Louisville Cardinals,Memphis Tigers,spreads,full_game,,,-15.5,-110.0,15.5,-110.0,,,
2ddaab9d31b08df30472a8c9c41daaf8,BetMGM,2025-12-13 16:22:22.925734+00:00,2025-12-13 16:21:54+00:00,2025-12-13 20:30:00+00:00,Louisville Cardinals,Memphis Tigers,totals,full_game,,,,,,,160.5,-110.0,-110.0
2ddaab9d31b08df30472a8c9c41daaf8,LowVig.ag,2025-12-13 16:22:22.925734+00:00,2025-12-13 16:21:24+00:00,2025-12-13 20:30:00+00:00,Louisville Cardinals,Memphis Tigers,h2h,2h,-1700.0,945.0,,,,,,,
2ddaab9d31b08df30472a8c9c41daaf8,LowVig.ag,2025-12-13 16:22:22.925734+00:00,2025-12-13 16:21:24+00:00,2025-12-13 20:30:00+00:00,Louisville Cardinals,Memphis Tigers,spreads,full_game,,,-15.5,-106.0,15.5,-106.0,,,
2ddaab9d31b08df30472a8c9c41daaf8,LowVig.ag,2025-12-13 16:22:22.925734+00:00,2025-12-13 16:21:24+00:00,2025-12-13 20:30:00+00:00,Louisville Cardinals,Memphis Tigers,totals,full_game,,,,,,,160.5,-108.0,-108.0
2ddaab9d31b08df30472a8c9c41daaf8,BetOnline.ag,2025-12-13 16:22:22.925734+00:00,2025-12-13 16:21:39+00:00,2025-12-13 20:30:00+00:00,Louisville Cardinals,Memphis Tigers,h2h,2h,-1700.0,945.0,,,,,,,
2ddaab9d31b08df30472a8c9c41daaf8,BetOnline.ag,2025-12-13 16:22:22.925734+00:00,2025-12-13 16:21:39+00:00,2025-12-13 20:30:00+00:00,Louisville Cardinals,Memphis Tigers,spreads,full_game,,,-15.5,-110.0,15.5,-110.0,,,
2ddaab9d31b08df30472a8c9c41daaf8,BetOnline.ag,2025-12-13 16:22:22.925734+00:00,2025-12-13 16:21:39+00:00,2025-12-13 20:30:00+00:00,Louisville Cardinals,Memphis Tigers,totals,full_game,,,,,,,160.5,-110.0,-110.0
2ddaab9d31b08df30472a8c9c41daaf8,Bovada,2025-12-13 16:22:22.925734+00:00,2025-12-13 16:21:51+00:00,2025-12-13 20:30:00+00:00,Louisville Cardinals,Memphis Tigers,h2h,2h,-1900.0,900.0,,,,,,,
2ddaab9d31b08df30472a8c9c41daaf8,Bovada,2025-12-13 16:22:22.925734+00:00,2025-12-13 16:21:51+00:00,2025-12-13 20:30:00+00:00,Louisville Cardinals,Memphis Tigers,spreads,full_game,,,-15.5,-115.0,15.5,-105.0,,,
2ddaab9d31b08df30472a8c9c41daaf8,Bovada,2025-12-13 16:22:22.925734+00:00,2025-12-13 16:21:51+00:00,2025-12-13 20:30:00+00:00,Louisville Cardinals,Memphis Tigers,totals,full_game,,,,,,,160.0,-110.0,-110.0
2ddaab9d31b08df30472a8c9c41daaf8,BetUS,2025-12-13 16:22:22.925734+00:00,2025-12-13 16:22:17+00:00,2025-12-13 20:30:00+00:00,Louisville Cardinals,Memphis Tigers,h2h,2h,-1700.0,950.0,,,,,,,
2ddaab9d31b08df30472a8c9c41daaf8,BetUS,2025-12-13 16:22:22.925734+00:00,2025-12-13 16:22:17+00:00,2025-12-13 20:30:00+00:00,Louisville Cardinals,Memphis Tigers,spreads,full_game,,,-15.5,-110.0,15.5,-110.0,,,
2ddaab9d31b08df30472a8c9c41daaf8,BetUS,2025-12-13 16:22:22.925734+00:00,2025-12-13 16:22:17+00:00,2025-12-13 20:30:00+00:00,Louisville Cardinals,Memphis Tigers,totals,full_game,,,,,,,160.5,-110.0,-110.0
fa84219af96c3535c00e16dbbc9f4383,DraftKings,2025-12-13 16:22:22.925734+00:00,2025-12-13 16:21:38+00:00,2025-12-13 21:00:00+00:00,Akron Zips,Murray St Racers,h2h,2h,-250.0,205.0,,,,,,,
fa84219af96c3535c00e16dbbc9f4383,DraftKings,2025-12-13 16:22:22.925734+00:00,2025-12-13 16:21:38+00:00,2025-12-13 21:00:00+00:00,Akron Zips,Murray St Racers,spreads,full_game,,,-5.5,-112.0,5.5,-108.0,,,
fa84219af96c3535c00e16dbbc9f4383,DraftKings,2025-12-13 16:22:22.925734+00:00,2025-12-13 16:21:38+00:00,2025-12-13 21:00:00+00:00,Akron Zips,Murray St Racers,totals,full_game,,,,,,,172.5,-108.0,-112.0
fa84219af96c3535c00e16dbbc9f4383,LowVig.ag,2025-12-13 16:22:22.925734+00:00,2025-12-13 16:21:24+00:00,2025-12-13 21:00:00+00:00,Akron Zips,Murray St Racers,h2h,2h,-235.0,195.0,,,,,,,
fa84219af96c3535c00e16dbbc9f4383,LowVig.ag,2025-12-13 16:22:22.925734+00:00,2025-12-13 16:21:24+00:00,2025-12-13 21:00:00+00:00,Akron Zips,Murray St Racers,spreads,full_game,,,-5.5,-101.0,5.5,-111.0,,,
fa84219af96c3535c00e16dbbc9f4383,LowVig.ag,2025-12-13 16:22:22.925734+00:00,2025-12-13 16:21:24+00:00,2025-12-13 21:00:00+00:00,Akron Zips,Murray St Racers,totals,full_game,,,,,,,172.5,-108.0,-108.0
fa84219af96c3535c00e16dbbc9f4383,BetOnline.ag,2025-12-13 16:22:22.925734+00:00,2025-12-13 16:21:39+00:00,2025-12-13 21:00:00+00:00,Akron Zips,Murray St Racers,h2h,2h,-235.0,195.0,,,,,,,
fa84219af96c3535c00e16dbbc9f4383,BetOnline.ag,2025-12-13 16:22:22.925734+00:00,2025-12-13 16:21:39+00:00,2025-12-13 21:00:00+00:00,Akron Zips,Murray St Racers,spreads,full_game,,,-5.5,-105.0,5.5,-115.0,,,
fa84219af96c3535c00e16dbbc9f4383,BetOnline.ag,2025-12-13 16:22:22.925734+00:00,2025-12-13 16:21:39+00:00,2025-12-13 21:00:00+00:00,Akron Zips,Murray St Racers,totals,full_game,,,,,,,172.5,-110.0,-110.0
fa84219af96c3535c00e16dbbc9f4383,FanDuel,2025-12-13 16:22:22.925734+00:00,2025-12-13 16:21:13+00:00,2025-12-13 21:00:00+00:00,Akron Zips,Murray St Racers,h2h,2h,-260.0,210.0,,,,,,,
fa84219af96c3535c00e16dbbc9f4383,FanDuel,2025-12-13 16:22:22.925734+00:00,2025-12-13 16:21:13+00:00,2025-12-13 21:00:00+00:00,Akron Zips,Murray St Racers,spreads,full_game,,,-5.5,-114.0,5.5,-106.0,,,
fa84219af96c3535c00e16dbbc9f4383,FanDuel,2025-12-13 16:22:22.925734+00:00,2025-12-13 16:21:13+00:00,2025-12-13 21:00:00+00:00,Akron Zips,Murray St Racers,totals,full_game,,,,,,,172.5,-110.0,-110.0
fa84219af96c3535c00e16dbbc9f4383,Fanatics,2025-12-13 16:22:22.925734+00:00,2025-12-13 16:21:50+00:00,2025-12-13 21:00:00+00:00,Akron Zips,Murray St Racers,h2h,2h,-240.0,190.0,,,,,,,
fa84219af96c3535c00e16dbbc9f4383,Fanatics,2025-12-13 16:22:22.925734+00:00,2025-12-13 16:21:50+00:00,2025-12-13 21:00:00+00:00,Akron Zips,Murray St Racers,spreads,full_game,,,-5.5,-110.0,5.5,-110.0,,,
fa84219af96c3535c00e16dbbc9f4383,Fanatics,2025-12-13 16:22:22.925734+00:00,2025-12-13 16:21:50+00:00,2025-12-13 21:00:00+00:00,Akron Zips,Murray St Racers,totals,full_game,,,,,,,172.0,-110.0,-110.0
fa84219af96c3535c00e16dbbc9f4383,BetMGM,2025-12-13 16:22:22.925734+00:00,2025-12-13 16:21:54+00:00,2025-12-13 21:00:00+00:00,Akron Zips,Murray St Racers,h2h,2h,-235.0,190.0,,,,,,,
fa84219af96c3535c00e16dbbc9f4383,BetMGM,2025-12-13 16:22:22.925734+00:00,2025-12-13 16:21:54+00:00,2025-12-13 21:00:00+00:00,Akron Zips,Murray St Racers,spreads,full_game,,,-5.5,-110.0,5.5,-110.0,,,
fa84219af96c3535c00e16dbbc9f4383,BetMGM,2025-12-13 16:22:22.925734+00:00,2025-12-13 16:21:54+00:00,2025-12-13 21:00:00+00:00,Akron Zips,Murray St Racers,totals,full_game,,,,,,,172.5,-105.0,-115.0
fa84219af96c3535c00e16dbbc9f4383,Bovada,2025-12-13 16:22:22.925734+00:00,2025-12-13 16:21:51+00:00,2025-12-13 21:00:00+00:00,Akron Zips,Murray St Racers,h2h,2h,-230.0,190.0,,,,,,,
fa84219af96c3535c00e16dbbc9f4383,Bovada,2025-12-13 16:22:22.925734+00:00,2025-12-13 16:21:51+00:00,2025-12-13 21:00:00+00:00,Akron Zips,Murray St Racers,spreads,full_game,,,-5.0,-115.0,5.0,-105.0,,,
fa84219af96c3535c00e16dbbc9f4383,Bovada,2025-12-13 16:22:22.925734+00:00,2025-12-13 16:21:51+00:00,2025-12-13 21:00:00+00:00,Akron Zips,Murray St Racers,totals,full_game,,,,,,,172.0,-105.0,-115.0
fa84219af96c3535c00e16dbbc9f4383,Caesars,2025-12-13 16:22:22.925734+00:00,2025-12-13 16:17:55+00:00,2025-12-13 21:00:00+00:00,Akron Zips,Murray St Racers,h2h,2h,-250.0,205.0,,,,,,,
fa84219af96c3535c00e16dbbc9f4383,Caesars,2025-12-13 16:22:22.925734+00:00,2025-12-13 16:17:55+00:00,2025-12-13 21:00:00+00:00,Akron Zips,Murray St Racers,spreads,full_game,,,-5.5,-110.0,5.5,-110.0,,,
fa84219af96c3535c00e16dbbc9f4383,Caesars,2025-12-13 16:22:22.925734+00:00,2025-12-13 16:17:55+00:00,2025-12-13 21:00:00+00:00,Akron Zips,Murray St Racers,totals,full_game,,,,,,,171.0,-110.0,-110.0
fa84219af96c3535c00e16dbbc9f4383,BetUS,2025-12-13 16:22:22.925734+00:00,2025-12-13 16:22:17+00:00,2025-12-13 21:00:00+00:00,Akron Zips,Murray St Racers,h2h,2h,-235.0,200.0,,,,,,,
fa84219af96c3535c00e16dbbc9f4383,BetUS,2025-12-13 16:22:22.925734+00:00,2025-12-13 16:22:17+00:00,2025-12-13 21:00:00+00:00,Akron Zips,Murray St Racers,spreads,full_game,,,-5.5,-105.0,5.5,-115.0,,,
fa84219af96c3535c00e16dbbc9f4383,BetUS,2025-12-13 16:22:22.925734+00:00,2025-12-13 16:22:17+00:00,2025-12-13 21:00:00+00:00,Akron Zips,Murray St Racers,totals,full_game,,,,,,,172.5,-105.0,-115.0
fa84219af96c3535c00e16dbbc9f4383,BetRivers,2025-12-13 16:22:22.925734+00:00,2025-12-13 16:22:17+00:00,2025-12-13 21:00:00+00:00,Akron Zips,Murray St Racers,h2h,2h,-240.0,185.0,,,,,,,
fa84219af96c3535c00e16dbbc9f4383,BetRivers,2025-12-13 16:22:22.925734+00:00,2025-12-13 16:22:17+00:00,2025-12-13 21:00:00+00:00,Akron Zips,Murray St Racers,spreads,full_game,,,-6.0,-110.0,6.0,-113.0,,,
fa84219af96c3535c00e16dbbc9f4383,BetRivers,2025-12-13 16:22:22.925734+00:00,2025-12-13 16:22:17+00:00,2025-12-13 21:00:00+00:00,Akron Zips,Murray St Racers,totals,full_game,,,,,,,172.5,-110.0,-113.0
977047d305bfae21b065dcf6d1532ae2,DraftKings,2025-12-13 16:22:22.925734+00:00,2025-12-13 16:21:38+00:00,2025-12-13 21:00:00+00:00,Belmont Bruins,UIC Flames,h2h,2h,-1350.0,800.0,,,,,,,
977047d305bfae21b065dcf6d1532ae2,DraftKings,2025-12-13 16:22:22.925734+00:00,2025-12-13 16:21:38+00:00,2025-12-13 21:00:00+00:00,Belmont Bruins,UIC Flames,spreads,full_game,,,-14.5,-105.0,14.5,-115.0,,,
977047d305bfae21b065dcf6d1532ae2,DraftKings,2025-12-13 16:22:22.925734+00:00,2025-12-13 16:21:38+00:00,2025-12-13 21:00:00+00:00,Belmont Bruins,UIC Flames,totals,full_game,,,,,,,154.5,-115.0,-105.0
977047d305bfae21b065dcf6d1532ae2,LowVig.ag,2025-12-13 16:22:22.925734+00:00,2025-12-13 16:21:24+00:00,2025-12-13 21:00:00+00:00,Belmont Bruins,UIC Flames,h2h,2h,-1300.0,795.0,,,,,,,
977047d305bfae21b065dcf6d1532ae2,LowVig.ag,2025-12-13 16:22:22.925734+00:00,2025-12-13 16:21:24+00:00,2025-12-13 21:00:00+00:00,Belmont Bruins,UIC Flames,spreads,full_game,,,-14.5,-101.0,14.5,-111.0,,,
977047d305bfae21b065dcf6d1532ae2,LowVig.ag,2025-12-13 16:22:22.925734+00:00,2025-12-13 16:21:24+00:00,2025-12-13 21:00:00+00:00,Belmont Bruins,UIC Flames,totals,full_game,,,,,,,155.0,-108.0,-108.0
977047d305bfae21b065dcf6d1532ae2,Fanatics,2025-12-13 16:22:22.925734+00:00,2025-12-13 16:21:50+00:00,2025-12-13 21:00:00+00:00,Belmont Bruins,UIC Flames,h2h,2h,-1400.0,800.0,,,,,,,
977047d305bfae21b065dcf6d1532ae2,Fanatics,2025-12-13 16:22:22.925734+00:00,2025-12-13 16:21:50+00:00,2025-12-13 21:00:00+00:00,Belmont Bruins,UIC Flames,spreads,full_game,,,-14.5,-110.0,14.5,-110.0,,,
977047d305bfae21b065dcf6d1532ae2,Fanatics,2025-12-13 16:22:22.925734+00:00,2025-12-13 16:21:50+00:00,2025-12-13 21:00:00+00:00,Belmont Bruins,UIC Flames,totals,full_game,,,,,,,155.0,-110.0,-110.0
977047d305bfae21b065dcf6d1532ae2,BetOnline.ag,2025-12-13 16:22:22.925734+00:00,2025-12-13 16:21:39+00:00,2025-12-13 21:00:00+00:00,Belmont Bruins,UIC Flames,h2h,2h,-1300.0,795.0,,,,,,,
977047d305bfae21b065dcf6d1532ae2,BetOnline.ag,2025-12-13 16:22:22.925734+00:00,2025-12-13 16:21:39+00:00,2025-12-13 21:00:00+00:00,Belmont Bruins,UIC Flames,spreads,full_game,,,-14.5,-105.0,14.5,-115.0,,,
977047d305bfae21b065dcf6d1532ae2,BetOnline.ag,2025-12-13 16:22:22.925734+00:00,2025-12-13 16:21:39+00:00,2025-12-13 21:00:00+00:00,Belmont Bruins,UIC Flames,totals,full_game,,,,,,,155.0,-110.0,-110.0
977047d305bfae21b065dcf6d1532ae2,BetMGM,2025-12-13 16:22:22.925734+00:00,2025-12-13 16:21:54+00:00,2025-12-13 21:00:00+00:00,Belmont Bruins,UIC Flames,h2h,2h,-1200.0,750.0,,,,,,,
977047d305bfae21b065dcf6d1532ae2,BetMGM,2025-12-13 16:22:22.925734+00:00,2025-12-13 16:21:54+00:00,2025-12-13 21:00:00+00:00,Belmont Bruins,UIC Flames,spreads,full_game,,,-14.5,-105.0,14.5,-115.0,,,
977047d305bfae21b065dcf6d1532ae2,BetMGM,2025-12-13 16:22:22.925734+00:00,2025-12-13 16:21:54+00:00,2025-12-13 21:00:00+00:00,Belmont Bruins,UIC Flames,totals,full_game,,,,,,,155.5,-110.0,-110.0
977047d305bfae21b065dcf6d1532ae2,Bovada,2025-12-13 16:22:22.925734+00:00,2025-12-13 16:21:51+00:00,2025-12-13 21:00:00+00:00,Belmont Bruins,UIC Flames,h2h,2h,-1300.0,725.0,,,,,,,
977047d305bfae21b065dcf6d1532ae2,Bovada,2025-12-13 16:22:22.925734+00:00,2025-12-13 16:21:51+00:00,2025-12-13 21:00:00+00:00,Belmont Bruins,UIC Flames,spreads,full_game,,,-14.0,-110.0,14.0,-110.0,,,
977047d305bfae21b065dcf6d1532ae2,Bovada,2025-12-13 16:22:22.925734+00:00,2025-12-13 16:21:51+00:00,2025-12-13 21:00:00+00:00,Belmont Bruins,UIC Flames,totals,full_game,,,,,,,154.5,-110.0,-110.0
977047d305bfae21b065dcf6d1532ae2,BetUS,2025-12-13 16:22:22.925734+00:00,2025-12-13 16:22:17+00:00,2025-12-13 21:00:00+00:00,Belmont Bruins,UIC Flames,h2h,2h,-1300.0,780.0,,,,,,,
977047d305bfae21b065dcf6d1532ae2,BetUS,2025-12-13 16:22:22.925734+00:00,2025-12-13 16:22:17+00:00,2025-12-13 21:00:00+00:00,Belmont Bruins,UIC Flames,spreads,full_game,,,-14.5,-105.0,14.5,-115.0,,,
977047d305bfae21b065dcf6d1532ae2,BetUS,2025-12-13 16:22:22.925734+00:00,2025-12-13 16:22:17+00:00,2025-12-13 21:00:00+00:00,Belmont Bruins,UIC Flames,totals,full_game,,,,,,,155.0,-110.0,-110.0
977047d305bfae21b065dcf6d1532ae2,BetRivers,2025-12-13 16:22:22.925734+00:00,2025-12-13 16:22:17+00:00,2025-12-13 21:00:00+00:00,Belmont Bruins,UIC Flames,h2h,2h,-1250.0,650.0,,,,,,,
977047d305bfae21b065dcf6d1532ae2,BetRivers,2025-12-13 16:22:22.925734+00:00,2025-12-13 16:22:17+00:00,2025-12-13 21:00:00+00:00,Belmont Bruins,UIC Flames,spreads,full_game,,,-14.0,-114.0,14.0,-109.0,,,
977047d305bfae21b065dcf6d1532ae2,BetRivers,2025-12-13 16:22:22.925734+00:00,2025-12-13 16:22:17+00:00,2025-12-13 21:00:00+00:00,Belmont Bruins,UIC Flames,totals,full_game,,,,,,,155.5,-113.0,-110.0
977047d305bfae21b065dcf6d1532ae2,FanDuel,2025-12-13 16:22:22.925734+00:00,2025-12-13 16:21:13+00:00,2025-12-13 21:00:00+00:00,Belmont Bruins,UIC Flames,h2h,2h,-2000.0,920.0,,,,,,,
977047d305bfae21b065dcf6d1532ae2,FanDuel,2025-12-13 16:22:22.925734+00:00,2025-12-13 16:21:13+00:00,2025-12-13 21:00:00+00:00,Belmont Bruins,UIC Flames,spreads,full_game,,,-14.5,-110.0,14.5,-110.0,,,
977047d305bfae21b065dcf6d1532ae2,FanDuel,2025-12-13 16:22:22.925734+00:00,2025-12-13 16:21:13+00:00,2025-12-13 21:00:00+00:00,Belmont Bruins,UIC Flames,totals,full_game,,,,,,,155.5,-112.0,-108.0
b2b5455976ed212e2cc91ec3db185dff,DraftKings,2025-12-13 16:22:22.925734+00:00,2025-12-13 16:21:38+00:00,2025-12-13 21:00:00+00:00,Binghamton Bearcats,Central Connecticut St Blue Devils,h2h,2h,295.0,-375.0,,,,,,,
b2b5455976ed212e2cc91ec3db185dff,DraftKings,2025-12-13 16:22:22.925734+00:00,2025-12-13 16:21:38+00:00,2025-12-13 21:00:00+00:00,Binghamton Bearcats,Central Connecticut St Blue Devils,spreads,full_game,,,7.5,-105.0,-7.5,-115.0,,,
b2b5455976ed212e2cc91ec3db185dff,DraftKings,2025-12-13 16:22:22.925734+00:00,2025-12-13 16:21:38+00:00,2025-12-13 21:00:00+00:00,Binghamton Bearcats,Central Connecticut St Blue Devils,totals,full_game,,,,,,,133.5,-110.0,-110.0
b2b5455976ed212e2cc91ec3db185dff,BetOnline.ag,2025-12-13 16:22:22.925734+00:00,2025-12-13 16:21:39+00:00,2025-12-13 21:00:00+00:00,Binghamton Bearcats,Central Connecticut St Blue Devils,spreads,full_game,,,7.5,-110.0,-7.5,-110.0,,,
b2b5455976ed212e2cc91ec3db185dff,BetOnline.ag,2025-12-13 16:22:22.925734+00:00,2025-12-13 16:21:39+00:00,2025-12-13 21:00:00+00:00,Binghamton Bearcats,Central Connecticut St Blue Devils,totals,full_game,,,,,,,133.5,-110.0,-110.0
b2b5455976ed212e2cc91ec3db185dff,Fanatics,2025-12-13 16:22:22.925734+00:00,2025-12-13 16:21:50+00:00,2025-12-13 21:00:00+00:00,Binghamton Bearcats,Central Connecticut St Blue Devils,h2h,2h,260.0,-350.0,,,,,,,
b2b5455976ed212e2cc91ec3db185dff,Fanatics,2025-12-13 16:22:22.925734+00:00,2025-12-13 16:21:50+00:00,2025-12-13 21:00:00+00:00,Binghamton Bearcats,Central Connecticut St Blue Devils,spreads,full_game,,,8.0,-110.0,-8.0,-110.0,,,
b2b5455976ed212e2cc91ec3db185dff,Fanatics,2025-12-13 16:22:22.925734+00:00,2025-12-13 16:21:50+00:00,2025-12-13 21:00:00+00:00,Binghamton Bearcats,Central Connecticut St Blue Devils,totals,full_game,,,,,,,133.5,-110.0,-110.0
b2b5455976ed212e2cc91ec3db185dff,BetMGM,2025-12-13 16:22:22.925734+00:00,2025-12-13 16:21:54+00:00,2025-12-13 21:00:00+00:00,Binghamton Bearcats,Central Connecticut St Blue Devils,spreads,full_game,,,7.5,-105.0,-7.5,-115.0,,,
b2b5455976ed212e2cc91ec3db185dff,BetMGM,2025-12-13 16:22:22.925734+00:00,2025-12-13 16:21:54+00:00,2025-12-13 21:00:00+00:00,Binghamton Bearcats,Central Connecticut St Blue Devils,totals,full_game,,,,,,,133.5,-110.0,-110.0
b2b5455976ed212e2cc91ec3db185dff,LowVig.ag,2025-12-13 16:22:22.925734+00:00,2025-12-13 16:21:25+00:00,2025-12-13 21:00:00+00:00,Binghamton Bearcats,Central Connecticut St Blue Devils,spreads,full_game,,,7.5,-106.0,-7.5,-106.0,,,
b2b5455976ed212e2cc91ec3db185dff,LowVig.ag,2025-12-13 16:22:22.925734+00:00,2025-12-13 16:21:25+00:00,2025-12-13 21:00:00+00:00,Binghamton Bearcats,Central Connecticut St Blue Devils,totals,full_game,,,,,,,133.5,-108.0,-108.0
b2b5455976ed212e2cc91ec3db185dff,FanDuel,2025-12-13 16:22:22.925734+00:00,2025-12-13 16:21:13+00:00,2025-12-13 21:00:00+00:00,Binghamton Bearcats,Central Connecticut St Blue Devils,h2h,2h,300.0,-400.0,,,,,,,
b2b5455976ed212e2cc91ec3db185dff,FanDuel,2025-12-13 16:22:22.925734+00:00,2025-12-13 16:21:13+00:00,2025-12-13 21:00:00+00:00,Binghamton Bearcats,Central Connecticut St Blue Devils,spreads,full_game,,,8.5,-118.0,-8.5,-104.0,,,
b2b5455976ed212e2cc91ec3db185dff,FanDuel,2025-12-13 16:22:22.925734+00:00,2025-12-13 16:21:13+00:00,2025-12-13 21:00:00+00:00,Binghamton Bearcats,Central Connecticut St Blue Devils,totals,full_game,,,,,,,133.5,-110.0,-110.0
b2b5455976ed212e2cc91ec3db185dff,BetRivers,2025-12-13 16:22:22.925734+00:00,2025-12-13 16:22:17+00:00,2025-12-13 21:00:00+00:00,Binghamton Bearcats,Central Connecticut St Blue Devils,h2h,2h,240.0,-315.0,,,,,,,
b2b5455976ed212e2cc91ec3db185dff,BetRivers,2025-12-13 16:22:22.925734+00:00,2025-12-13 16:22:17+00:00,2025-12-13 21:00:00+00:00,Binghamton Bearcats,Central Connecticut St Blue Devils,spreads,full_game,,,7.5,-118.0,-7.5,-108.0,,,
b2b5455976ed212e2cc91ec3db185dff,BetRivers,2025-12-13 16:22:22.925734+00:00,2025-12-13 16:22:17+00:00,2025-12-13 21:00:00+00:00,Binghamton Bearcats,Central Connecticut St Blue Devils,totals,full_game,,,,,,,133.5,-113.0,-113.0
b2b5455976ed212e2cc91ec3db185dff,Bovada,2025-12-13 16:22:22.925734+00:00,2025-12-13 16:21:51+00:00,2025-12-13 21:00:00+00:00,Binghamton Bearcats,Central Connecticut St Blue Devils,h2h,2h,280.0,-360.0,,,,,,,
b2b5455976ed212e2cc91ec3db185dff,Bovada,2025-12-13 16:22:22.925734+00:00,2025-12-13 16:21:51+00:00,2025-12-13 21:00:00+00:00,Binghamton Bearcats,Central Connecticut St Blue Devils,spreads,full_game,,,8.0,-115.0,-8.0,-105.0,,,
b2b5455976ed212e2cc91ec3db185dff,Bovada,2025-12-13 16:22:22.925734+00:00,2025-12-13 16:21:51+00:00,2025-12-13 21:00:00+00:00,Binghamton Bearcats,Central Connecticut St Blue Devils,totals,full_game,,,,,,,134.0,-110.0,-110.0
b2b5455976ed212e2cc91ec3db185dff,Caesars,2025-12-13 16:22:22.925734+00:00,2025-12-13 16:17:55+00:00,2025-12-13 21:00:00+00:00,Binghamton Bearcats,Central Connecticut St Blue Devils,h2h,2h,310.0,-400.0,,,,,,,
b2b5455976ed212e2cc91ec3db185dff,Caesars,2025-12-13 16:22:22.925734+00:00,2025-12-13 16:17:55+00:00,2025-12-13 21:00:00+00:00,Binghamton Bearcats,Central Connecticut St Blue Devils,spreads,full_game,,,7.5,-110.0,-7.5,-110.0,,,
b2b5455976ed212e2cc91ec3db185dff,Caesars,2025-12-13 16:22:22.925734+00:00,2025-12-13 16:17:55+00:00,2025-12-13 21:00:00+00:00,Binghamton Bearcats,Central Connecticut St Blue Devils,totals,full_game,,,,,,,133.5,-110.0,-110.0
dda93c26a268e28e0b1cd07ac9b77769,DraftKings,2025-12-13 16:22:22.925734+00:00,2025-12-13 16:21:38+00:00,2025-12-13 21:00:00+00:00,Bryant Bulldogs,Marist Red Foxes,h2h,2h,120.0,-142.0,,,,,,,
dda93c26a268e28e0b1cd07ac9b77769,DraftKings,2025-12-13 16:22:22.925734+00:00,2025-12-13 16:21:38+00:00,2025-12-13 21:00:00+00:00,Bryant Bulldogs,Marist Red Foxes,spreads,full_game,,,2.5,-112.0,-2.5,-108.0,,,
dda93c26a268e28e0b1cd07ac9b77769,DraftKings,2025-12-13 16:22:22.925734+00:00,2025-12-13 16:21:38+00:00,2025-12-13 21:00:00+00:00,Bryant Bulldogs,Marist Red Foxes,totals,full_game,,,,,,,131.5,-108.0,-112.0
dda93c26a268e28e0b1cd07ac9b77769,BetOnline.ag,2025-12-13 16:22:22.925734+00:00,2025-12-13 16:21:39+00:00,2025-12-13 21:00:00+00:00,Bryant Bulldogs,Marist Red Foxes,spreads,full_game,,,2.0,-108.0,-2.0,-112.0,,,
dda93c26a268e28e0b1cd07ac9b77769,BetOnline.ag,2025-12-13 16:22:22.925734+00:00,2025-12-13 16:21:39+00:00,2025-12-13 21:00:00+00:00,Bryant Bulldogs,Marist Red Foxes,totals,full_game,,,,,,,131.0,-110.0,-110.0
dda93c26a268e28e0b1cd07ac9b77769,LowVig.ag,2025-12-13 16:22:22.925734+00:00,2025-12-13 16:21:25+00:00,2025-12-13 21:00:00+00:00,Bryant Bulldogs,Marist Red Foxes,spreads,full_game,,,2.0,-104.0,-2.0,-108.0,,,
dda93c26a268e28e0b1cd07ac9b77769,LowVig.ag,2025-12-13 16:22:22.925734+00:00,2025-12-13 16:21:25+00:00,2025-12-13 21:00:00+00:00,Bryant Bulldogs,Marist Red Foxes,totals,full_game,,,,,,,131.0,-108.0,-108.0
dda93c26a268e28e0b1cd07ac9b77769,BetMGM,2025-12-13 16:22:22.925734+00:00,2025-12-13 16:21:54+00:00,2025-12-13 21:00:00+00:00,Bryant Bulldogs,Marist Red Foxes,spreads,full_game,,,2.5,-115.0,-2.5,-105.0,,,
dda93c26a268e28e0b1cd07ac9b77769,BetMGM,2025-12-13 16:22:22.925734+00:00,2025-12-13 16:21:54+00:00,2025-12-13 21:00:00+00:00,Bryant Bulldogs,Marist Red Foxes,totals,full_game,,,,,,,131.5,-110.0,-110.0
dda93c26a268e28e0b1cd07ac9b77769,Fanatics,2025-12-13 16:22:22.925734+00:00,2025-12-13 16:21:50+00:00,2025-12-13 21:00:00+00:00,Bryant Bulldogs,Marist Red Foxes,h2h,2h,120.0,-145.0,,,,,,,
dda93c26a268e28e0b1cd07ac9b77769,Fanatics,2025-12-13 16:22:22.925734+00:00,2025-12-13 16:21:50+00:00,2025-12-13 21:00:00+00:00,Bryant Bulldogs,Marist Red Foxes,spreads,full_game,,,2.0,-110.0,-2.0,-110.0,,,
dda93c26a268e28e0b1cd07ac9b77769,Fanatics,2025-12-13 16:22:22.925734+00:00,2025-12-13 16:21:50+00:00,2025-12-13 21:00:00+00:00,Bryant Bulldogs,Marist Red Foxes,totals,full_game,,,,,,,131.5,-110.0,-110.0
dda93c26a268e28e0b1cd07ac9b77769,FanDuel,2025-12-13 16:22:22.925734+00:00,2025-12-13 16:21:13+00:00,2025-12-13 21:00:00+00:00,Bryant Bulldogs,Marist Red Foxes,h2h,2h,118.0,-144.0,,,,,,,
dda93c26a268e28e0b1cd07ac9b77769,FanDuel,2025-12-13 16:22:22.925734+00:00,2025-12-13 16:21:13+00:00,2025-12-13 21:00:00+00:00,Bryant Bulldogs,Marist Red Foxes,spreads,full_game,,,2.5,-114.0,-2.5,-106.0,,,
dda93c26a268e28e0b1cd07ac9b77769,FanDuel,2025-12-13 16:22:22.925734+00:00,2025-12-13 16:21:13+00:00,2025-12-13 21:00:00+00:00,Bryant Bulldogs,Marist Red Foxes,totals,full_game,,,,,,,131.5,-106.0,-114.0
dda93c26a268e28e0b1cd07ac9b77769,BetRivers,2025-12-13 16:22:22.925734+00:00,2025-12-13 16:22:17+00:00,2025-12-13 21:00:00+00:00,Bryant Bulldogs,Marist Red Foxes,h2h,2h,110.0,-139.0,,,,,,,
dda93c26a268e28e0b1cd07ac9b77769,BetRivers,2025-12-13 16:22:22.925734+00:00,2025-12-13 16:22:17+00:00,2025-12-13 21:00:00+00:00,Bryant Bulldogs,Marist Red Foxes,spreads,full_game,,,1.5,-106.0,-1.5,-121.0,,,
dda93c26a268e28e0b1cd07ac9b77769,BetRivers,2025-12-13 16:22:22.925734+00:00,2025-12-13 16:22:17+00:00,2025-12-13 21:00:00+00:00,Bryant Bulldogs,Marist Red Foxes,totals,full_game,,,,,,,130.5,-114.0,-112.0
dda93c26a268e28e0b1cd07ac9b77769,Bovada,2025-12-13 16:22:22.925734+00:00,2025-12-13 16:21:51+00:00,2025-12-13 21:00:00+00:00,Bryant Bulldogs,Marist Red Foxes,h2h,2h,120.0,-140.0,,,,,,,
dda93c26a268e28e0b1cd07ac9b77769,Bovada,2025-12-13 16:22:22.925734+00:00,2025-12-13 16:21:51+00:00,2025-12-13 21:00:00+00:00,Bryant Bulldogs,Marist Red Foxes,spreads,full_game,,,2.5,-115.0,-2.5,-105.0,,,
dda93c26a268e28e0b1cd07ac9b77769,Bovada,2025-12-13 16:22:22.925734+00:00,2025-12-13 16:21:51+00:00,2025-12-13 21:00:00+00:00,Bryant Bulldogs,Marist Red Foxes,totals,full_game,,,,,,,131.5,-110.0,-110.0
dda93c26a268e28e0b1cd07ac9b77769,Caesars,2025-12-13 16:22:22.925734+00:00,2025-12-13 16:17:55+00:00,2025-12-13 21:00:00+00:00,Bryant Bulldogs,Marist Red Foxes,h2h,2h,122.0,-145.0,,,,,,,
dda93c26a268e28e0b1cd07ac9b77769,Caesars,2025-12-13 16:22:22.925734+00:00,2025-12-13 16:17:55+00:00,2025-12-13 21:00:00+00:00,Bryant Bulldogs,Marist Red Foxes,spreads,full_game,,,3.0,-110.0,-3.0,-110.0,,,
dda93c26a268e28e0b1cd07ac9b77769,Caesars,2025-12-13 16:22:22.925734+00:00,2025-12-13 16:17:55+00:00,2025-12-13 21:00:00+00:00,Bryant Bulldogs,Marist Red Foxes,totals,full_game,,,,,,,131.0,-110.0,-110.0
9a35ae714d81dd4c70dbea3e857f9580,DraftKings,2025-12-13 16:22:22.925734+00:00,2025-12-13 16:21:38+00:00,2025-12-13 21:00:00+00:00,Denver Pioneers,CSU Fullerton Titans,h2h,2h,-218.0,180.0,,,,,,,
9a35ae714d81dd4c70dbea3e857f9580,DraftKings,2025-12-13 16:22:22.925734+00:00,2025-12-13 16:21:38+00:00,2025-12-13 21:00:00+00:00,Denver Pioneers,CSU Fullerton Titans,spreads,full_game,,,-5.5,-105.0,5.5,-115.0,,,
9a35ae714d81dd4c70dbea3e857f9580,DraftKings,2025-12-13 16:22:22.925734+00:00,2025-12-13 16:21:38+00:00,2025-12-13 21:00:00+00:00,Denver Pioneers,CSU Fullerton Titans,totals,full_game,,,,,,,168.5,-105.0,-115.0
9a35ae714d81dd4c70dbea3e857f9580,Fanatics,2025-12-13 16:22:22.925734+00:00,2025-12-13 16:21:50+00:00,2025-12-13 21:00:00+00:00,Denver Pioneers,CSU Fullerton Titans,h2h,2h,-225.0,185.0,,,,,,,
9a35ae714d81dd4c70dbea3e857f9580,Fanatics,2025-12-13 16:22:22.925734+00:00,2025-12-13 16:21:50+00:00,2025-12-13 21:00:00+00:00,Denver Pioneers,CSU Fullerton Titans,spreads,full_game,,,-5.0,-110.0,5.0,-110.0,,,
9a35ae714d81dd4c70dbea3e857f9580,Fanatics,2025-12-13 16:22:22.925734+00:00,2025-12-13 16:21:50+00:00,2025-12-13 21:00:00+00:00,Denver Pioneers,CSU Fullerton Titans,totals,full_game,,,,,,,168.0,-110.0,-110.0
9a35ae714d81dd4c70dbea3e857f9580,LowVig.ag,2025-12-13 16:22:22.925734+00:00,2025-12-13 16:21:24+00:00,2025-12-13 21:00:00+00:00,Denver Pioneers,CSU Fullerton Titans,h2h,2h,-220.0,186.0,,,,,,,
9a35ae714d81dd4c70dbea3e857f9580,LowVig.ag,2025-12-13 16:22:22.925734+00:00,2025-12-13 16:21:24+00:00,2025-12-13 21:00:00+00:00,Denver Pioneers,CSU Fullerton Titans,spreads,full_game,,,-5.0,-106.0,5.0,-106.0,,,
9a35ae714d81dd4c70dbea3e857f9580,LowVig.ag,2025-12-13 16:22:22.925734+00:00,2025-12-13 16:21:24+00:00,2025-12-13 21:00:00+00:00,Denver Pioneers,CSU Fullerton Titans,totals,full_game,,,,,,,168.0,-103.0,-113.0
9a35ae714d81dd4c70dbea3e857f9580,Caesars,2025-12-13 16:22:22.925734+00:00,2025-12-13 16:17:55+00:00,2025-12-13 21:00:00+00:00,Denver Pioneers,CSU Fullerton Titans,h2h,2h,-225.0,185.0,,,,,,,
9a35ae714d81dd4c70dbea3e857f9580,Caesars,2025-12-13 16:22:22.925734+00:00,2025-12-13 16:17:55+00:00,2025-12-13 21:00:00+00:00,Denver Pioneers,CSU Fullerton Titans,spreads,full_game,,,-5.0,-110.0,5.0,-110.0,,,
9a35ae714d81dd4c70dbea3e857f9580,Caesars,2025-12-13 16:22:22.925734+00:00,2025-12-13 16:17:55+00:00,2025-12-13 21:00:00+00:00,Denver Pioneers,CSU Fullerton Titans,totals,full_game,,,,,,,168.5,-110.0,-110.0
9a35ae714d81dd4c70dbea3e857f9580,BetOnline.ag,2025-12-13 16:22:22.925734+00:00,2025-12-13 16:21:39+00:00,2025-12-13 21:00:00+00:00,Denver Pioneers,CSU Fullerton Titans,h2h,2h,-220.0,186.0,,,,,,,
9a35ae714d81dd4c70dbea3e857f9580,BetOnline.ag,2025-12-13 16:22:22.925734+00:00,2025-12-13 16:21:39+00:00,2025-12-13 21:00:00+00:00,Denver Pioneers,CSU Fullerton Titans,spreads,full_game,,,-5.0,-110.0,5.0,-110.0,,,
9a35ae714d81dd4c70dbea3e857f9580,BetOnline.ag,2025-12-13 16:22:22.925734+00:00,2025-12-13 16:21:39+00:00,2025-12-13 21:00:00+00:00,Denver Pioneers,CSU Fullerton Titans,totals,full_game,,,,,,,168.0,-105.0,-115.0
9a35ae714d81dd4c70dbea3e857f9580,BetMGM,2025-12-13 16:22:22.925734+00:00,2025-12-13 16:21:54+00:00,2025-12-13 21:00:00+00:00,Denver Pioneers,CSU Fullerton Titans,h2h,2h,-220.0,180.0,,,,,,,
9a35ae714d81dd4c70dbea3e857f9580,BetMGM,2025-12-13 16:22:22.925734+00:00,2025-12-13 16:21:54+00:00,2025-12-13 21:00:00+00:00,Denver Pioneers,CSU Fullerton Titans,spreads,full_game,,,-5.5,-105.0,5.5,-115.0,,,
9a35ae714d81dd4c70dbea3e857f9580,BetMGM,2025-12-13 16:22:22.925734+00:00,2025-12-13 16:21:54+00:00,2025-12-13 21:00:00+00:00,Denver Pioneers,CSU Fullerton Titans,totals,full_game,,,,,,,168.5,-105.0,-115.0
9a35ae714d81dd4c70dbea3e857f9580,Bovada,2025-12-13 16:22:22.925734+00:00,2025-12-13 16:21:51+00:00,2025-12-13 21:00:00+00:00,Denver Pioneers,CSU Fullerton Titans,h2h,2h,-230.0,190.0,,,,,,,
9a35ae714d81dd4c70dbea3e857f9580,Bovada,2025-12-13 16:22:22.925734+00:00,2025-12-13 16:21:51+00:00,2025-12-13 21:00:00+00:00,Denver Pioneers,CSU Fullerton Titans,spreads,full_game,,,-5.5,-105.0,5.5,-115.0,,,
9a35ae714d81dd4c70dbea3e857f9580,Bovada,2025-12-13 16:22:22.925734+00:00,2025-12-13 16:21:51+00:00,2025-12-13 21:00:00+00:00,Denver Pioneers,CSU Fullerton Titans,totals,full_game,,,,,,,167.5,-115.0,-105.0
9a35ae714d81dd4c70dbea3e857f9580,BetUS,2025-12-13 16:22:22.925734+00:00,2025-12-13 16:22:17+00:00,2025-12-13 21:00:00+00:00,Denver Pioneers,CSU Fullerton Titans,h2h,2h,-215.0,183.0,,,,,,,
9a35ae714d81dd4c70dbea3e857f9580,BetUS,2025-12-13 16:22:22.925734+00:00,2025-12-13 16:22:17+00:00,2025-12-13 21:00:00+00:00,Denver Pioneers,CSU Fullerton Titans,spreads,full_game,,,-5.0,-110.0,5.0,-110.0,,,
9a35ae714d81dd4c70dbea3e857f9580,BetUS,2025-12-13 16:22:22.925734+00:00,2025-12-13 16:22:17+00:00,2025-12-13 21:00:00+00:00,Denver Pioneers,CSU Fullerton Titans,totals,full_game,,,,,,,168.0,-110.0,-110.0
9a35ae714d81dd4c70dbea3e857f9580,BetRivers,2025-12-13 16:22:22.925734+00:00,2025-12-13 16:22:17+00:00,2025-12-13 21:00:00+00:00,Denver Pioneers,CSU Fullerton Titans,h2h,2h,-215.0,170.0,,,,,,,
9a35ae714d81dd4c70dbea3e857f9580,BetRivers,2025-12-13 16:22:22.925734+00:00,2025-12-13 16:22:17+00:00,2025-12-13 21:00:00+00:00,Denver Pioneers,CSU Fullerton Titans,spreads,full_game,,,-5.5,-109.0,5.5,-114.0,,,
9a35ae714d81dd4c70dbea3e857f9580,BetRivers,2025-12-13 16:22:22.925734+00:00,2025-12-13 16:22:17+00:00,2025-12-13 21:00:00+00:00,Denver Pioneers,CSU Fullerton Titans,totals,full_game,,,,,,,169.5,-110.0,-113.0
9a35ae714d81dd4c70dbea3e857f9580,FanDuel,2025-12-13 16:22:22.925734+00:00,2025-12-13 16:21:13+00:00,2025-12-13 21:00:00+00:00,Denver Pioneers,CSU Fullerton Titans,h2h,2h,-235.0,186.0,,,,,,,
9a35ae714d81dd4c70dbea3e857f9580,FanDuel,2025-12-13 16:22:22.925734+00:00,2025-12-13 16:21:13+00:00,2025-12-13 21:00:00+00:00,Denver Pioneers,CSU Fullerton Titans,spreads,full_game,,,-5.5,-106.0,5.5,-114.0,,,
9a35ae714d81dd4c70dbea3e857f9580,FanDuel,2025-12-13 16:22:22.925734+00:00,2025-12-13 16:21:13+00:00,2025-12-13 21:00:00+00:00,Denver Pioneers,CSU Fullerton Titans,totals,full_game,,,,,,,168.5,-108.0,-112.0
9d42423f1c92510f1cc88cb484814f45,FanDuel,2025-12-13 16:22:22.925734+00:00,2025-12-13 16:21:13+00:00,2025-12-13 21:00:00+00:00,Colorado Buffaloes,UTSA Roadrunners,h2h,2h,-8000.0,2200.0,,,,,,,
9d42423f1c92510f1cc88cb484814f45,FanDuel,2025-12-13 16:22:22.925734+00:00,2025-12-13 16:21:13+00:00,2025-12-13 21:00:00+00:00,Colorado Buffaloes,UTSA Roadrunners,spreads,full_game,,,-22.5,-115.0,22.5,-105.0,,,
9d42423f1c92510f1cc88cb484814f45,FanDuel,2025-12-13 16:22:22.925734+00:00,2025-12-13 16:21:13+00:00,2025-12-13 21:00:00+00:00,Colorado Buffaloes,UTSA Roadrunners,totals,full_game,,,,,,,154.5,-110.0,-112.0
9d42423f1c92510f1cc88cb484814f45,LowVig.ag,2025-12-13 16:22:22.925734+00:00,2025-12-13 16:21:24+00:00,2025-12-13 21:00:00+00:00,Colorado Buffaloes,UTSA Roadrunners,spreads,full_game,,,-22.5,-106.0,22.5,-106.0,,,
9d42423f1c92510f1cc88cb484814f45,LowVig.ag,2025-12-13 16:22:22.925734+00:00,2025-12-13 16:21:24+00:00,2025-12-13 21:00:00+00:00,Colorado Buffaloes,UTSA Roadrunners,totals,full_game,,,,,,,154.5,-113.0,-103.0
9d42423f1c92510f1cc88cb484814f45,Fanatics,2025-12-13 16:22:22.925734+00:00,2025-12-13 16:21:50+00:00,2025-12-13 21:00:00+00:00,Colorado Buffaloes,UTSA Roadrunners,h2h,2h,-9000.0,2200.0,,,,,,,
9d42423f1c92510f1cc88cb484814f45,Fanatics,2025-12-13 16:22:22.925734+00:00,2025-12-13 16:21:50+00:00,2025-12-13 21:00:00+00:00,Colorado Buffaloes,UTSA Roadrunners,spreads,full_game,,,-23.0,-110.0,23.0,-110.0,,,
9d42423f1c92510f1cc88cb484814f45,Fanatics,2025-12-13 16:22:22.925734+00:00,2025-12-13 16:21:50+00:00,2025-12-13 21:00:00+00:00,Colorado Buffaloes,UTSA Roadrunners,totals,full_game,,,,,,,155.0,-110.0,-110.0
9d42423f1c92510f1cc88cb484814f45,BetOnline.ag,2025-12-13 16:22:22.925734+00:00,2025-12-13 16:21:39+00:00,2025-12-13 21:00:00+00:00,Colorado Buffaloes,UTSA Roadrunners,spreads,full_game,,,-22.5,-110.0,22.5,-110.0,,,
9d42423f1c92510f1cc88cb484814f45,BetOnline.ag,2025-12-13 16:22:22.925734+00:00,2025-12-13 16:21:39+00:00,2025-12-13 21:00:00+00:00,Colorado Buffaloes,UTSA Roadrunners,totals,full_game,,,,,,,154.5,-115.0,-105.0
9d42423f1c92510f1cc88cb484814f45,DraftKings,2025-12-13 16:22:22.925734+00:00,2025-12-13 16:21:38+00:00,2025-12-13 21:00:00+00:00,Colorado Buffaloes,UTSA Roadrunners,h2h,2h,-8000.0,2200.0,,,,,,,
9d42423f1c92510f1cc88cb484814f45,DraftKings,2025-12-13 16:22:22.925734+00:00,2025-12-13 16:21:38+00:00,2025-12-13 21:00:00+00:00,Colorado Buffaloes,UTSA Roadrunners,spreads,full_game,,,-22.5,-112.0,22.5,-108.0,,,
9d42423f1c92510f1cc88cb484814f45,DraftKings,2025-12-13 16:22:22.925734+00:00,2025-12-13 16:21:38+00:00,2025-12-13 21:00:00+00:00,Colorado Buffaloes,UTSA Roadrunners,totals,full_game,,,,,,,154.5,-115.0,-105.0
9d42423f1c92510f1cc88cb484814f45,BetMGM,2025-12-13 16:22:22.925734+00:00,2025-12-13 16:21:54+00:00,2025-12-13 21:00:00+00:00,Colorado Buffaloes,UTSA Roadrunners,h2h,2h,-10000.0,1900.0,,,,,,,
9d42423f1c92510f1cc88cb484814f45,BetMGM,2025-12-13 16:22:22.925734+00:00,2025-12-13 16:21:54+00:00,2025-12-13 21:00:00+00:00,Colorado Buffaloes,UTSA Roadrunners,spreads,full_game,,,-22.5,-115.0,22.5,-105.0,,,
9d42423f1c92510f1cc88cb484814f45,BetMGM,2025-12-13 16:22:22.925734+00:00,2025-12-13 16:21:54+00:00,2025-12-13 21:00:00+00:00,Colorado Buffaloes,UTSA Roadrunners,totals,full_game,,,,,,,154.5,-115.0,-105.0
9d42423f1c92510f1cc88cb484814f45,Bovada,2025-12-13 16:22:22.925734+00:00,2025-12-13 16:21:52+00:00,2025-12-13 21:00:00+00:00,Colorado Buffaloes,UTSA Roadrunners,h2h,2h,-10000.0,1600.0,,,,,,,
9d42423f1c92510f1cc88cb484814f45,Bovada,2025-12-13 16:22:22.925734+00:00,2025-12-13 16:21:52+00:00,2025-12-13 21:00:00+00:00,Colorado Buffaloes,UTSA Roadrunners,spreads,full_game,,,-23.0,-105.0,23.0,-115.0,,,
9d42423f1c92510f1cc88cb484814f45,Bovada,2025-12-13 16:22:22.925734+00:00,2025-12-13 16:21:52+00:00,2025-12-13 21:00:00+00:00,Colorado Buffaloes,UTSA Roadrunners,totals,full_game,,,,,,,155.0,-110.0,-110.0
9d42423f1c92510f1cc88cb484814f45,Caesars,2025-12-13 16:22:22.925734+00:00,2025-12-13 16:17:55+00:00,2025-12-13 21:00:00+00:00,Colorado Buffaloes,UTSA Roadrunners,spreads,full_game,,,-22.5,-110.0,22.5,-110.0,,,
9d42423f1c92510f1cc88cb484814f45,Caesars,2025-12-13 16:22:22.925734+00:00,2025-12-13 16:17:55+00:00,2025-12-13 21:00:00+00:00,Colorado Buffaloes,UTSA Roadrunners,totals,full_game,,,,,,,154.5,-110.0,-110.0
9d42423f1c92510f1cc88cb484814f45,BetUS,2025-12-13 16:22:22.925734+00:00,2025-12-13 16:22:17+00:00,2025-12-13 21:00:00+00:00,Colorado Buffaloes,UTSA Roadrunners,spreads,full_game,,,-22.5,-110.0,22.5,-110.0,,,
9d42423f1c92510f1cc88cb484814f45,BetUS,2025-12-13 16:22:22.925734+00:00,2025-12-13 16:22:17+00:00,2025-12-13 21:00:00+00:00,Colorado Buffaloes,UTSA Roadrunners,totals,full_game,,,,,,,155.0,-110.0,-110.0
9d42423f1c92510f1cc88cb484814f45,BetRivers,2025-12-13 16:22:22.925734+00:00,2025-12-13 16:22:17+00:00,2025-12-13 21:00:00+00:00,Colorado Buffaloes,UTSA Roadrunners,h2h,2h,-10000.0,1500.0,,,,,,,
9d42423f1c92510f1cc88cb484814f45,BetRivers,2025-12-13 16:22:22.925734+00:00,2025-12-13 16:22:17+00:00,2025-12-13 21:00:00+00:00,Colorado Buffaloes,UTSA Roadrunners,spreads,full_game,,,-23.0,-112.0,23.0,-112.0,,,
9d42423f1c92510f1cc88cb484814f45,BetRivers,2025-12-13 16:22:22.925734+00:00,2025-12-13 16:22:17+00:00,2025-12-13 21:00:00+00:00,Colorado Buffaloes,UTSA Roadrunners,totals,full_game,,,,,,,155.0,-110.0,-113.0
eb78d2ee9fb0413c284cf0386f39c071,FanDuel,2025-12-13 16:22:22.925734+00:00,2025-12-13 16:21:13+00:00,2025-12-13 21:00:00+00:00,Syracuse Orange,Hofstra Pride,h2h,2h,-850.0,570.0,,,,,,,
eb78d2ee9fb0413c284cf0386f39c071,FanDuel,2025-12-13 16:22:22.925734+00:00,2025-12-13 16:21:13+00:00,2025-12-13 21:00:00+00:00,Syracuse Orange,Hofstra Pride,spreads,full_game,,,-11.5,-110.0,11.5,-110.0,,,
eb78d2ee9fb0413c284cf0386f39c071,FanDuel,2025-12-13 16:22:22.925734+00:00,2025-12-13 16:21:13+00:00,2025-12-13 21:00:00+00:00,Syracuse Orange,Hofstra Pride,totals,full_game,,,,,,,139.5,-105.0,-115.0
eb78d2ee9fb0413c284cf0386f39c071,BetOnline.ag,2025-12-13 16:22:22.925734+00:00,2025-12-13 16:21:39+00:00,2025-12-13 21:00:00+00:00,Syracuse Orange,Hofstra Pride,h2h,2h,-730.0,523.0,,,,,,,
eb78d2ee9fb0413c284cf0386f39c071,BetOnline.ag,2025-12-13 16:22:22.925734+00:00,2025-12-13 16:21:39+00:00,2025-12-13 21:00:00+00:00,Syracuse Orange,Hofstra Pride,spreads,full_game,,,-11.5,-110.0,11.5,-110.0,,,
eb78d2ee9fb0413c284cf0386f39c071,BetOnline.ag,2025-12-13 16:22:22.925734+00:00,2025-12-13 16:21:39+00:00,2025-12-13 21:00:00+00:00,Syracuse Orange,Hofstra Pride,totals,full_game,,,,,,,138.5,-110.0,-110.0
eb78d2ee9fb0413c284cf0386f39c071,Fanatics,2025-12-13 16:22:22.925734+00:00,2025-12-13 16:21:50+00:00,2025-12-13 21:00:00+00:00,Syracuse Orange,Hofstra Pride,h2h,2h,-750.0,500.0,,,,,,,
eb78d2ee9fb0413c284cf0386f39c071,Fanatics,2025-12-13 16:22:22.925734+00:00,2025-12-13 16:21:50+00:00,2025-12-13 21:00:00+00:00,Syracuse Orange,Hofstra Pride,spreads,full_game,,,-11.5,-110.0,11.5,-110.0,,,
eb78d2ee9fb0413c284cf0386f39c071,Fanatics,2025-12-13 16:22:22.925734+00:00,2025-12-13 16:21:50+00:00,2025-12-13 21:00:00+00:00,Syracuse Orange,Hofstra Pride,totals,full_game,,,,,,,139.5,-110.0,-110.0
eb78d2ee9fb0413c284cf0386f39c071,LowVig.ag,2025-12-13 16:22:22.925734+00:00,2025-12-13 16:21:24+00:00,2025-12-13 21:00:00+00:00,Syracuse Orange,Hofstra Pride,h2h,2h,-730.0,523.0,,,,,,,
eb78d2ee9fb0413c284cf0386f39c071,LowVig.ag,2025-12-13 16:22:22.925734+00:00,2025-12-13 16:21:24+00:00,2025-12-13 21:00:00+00:00,Syracuse Orange,Hofstra Pride,spreads,full_game,,,-11.5,-106.0,11.5,-106.0,,,
eb78d2ee9fb0413c284cf0386f39c071,LowVig.ag,2025-12-13 16:22:22.925734+00:00,2025-12-13 16:21:24+00:00,2025-12-13 21:00:00+00:00,Syracuse Orange,Hofstra Pride,totals,full_game,,,,,,,138.5,-108.0,-108.0
eb78d2ee9fb0413c284cf0386f39c071,DraftKings,2025-12-13 16:22:22.925734+00:00,2025-12-13 16:21:38+00:00,2025-12-13 21:00:00+00:00,Syracuse Orange,Hofstra Pride,h2h,2h,-700.0,500.0,,,,,,,
eb78d2ee9fb0413c284cf0386f39c071,DraftKings,2025-12-13 16:22:22.925734+00:00,2025-12-13 16:21:38+00:00,2025-12-13 21:00:00+00:00,Syracuse Orange,Hofstra Pride,spreads,full_game,,,-11.5,-108.0,11.5,-112.0,,,
eb78d2ee9fb0413c284cf0386f39c071,DraftKings,2025-12-13 16:22:22.925734+00:00,2025-12-13 16:21:38+00:00,2025-12-13 21:00:00+00:00,Syracuse Orange,Hofstra Pride,totals,full_game,,,,,,,139.5,-108.0,-112.0
eb78d2ee9fb0413c284cf0386f39c071,BetMGM,2025-12-13 16:22:22.925734+00:00,2025-12-13 16:21:54+00:00,2025-12-13 21:00:00+00:00,Syracuse Orange,Hofstra Pride,h2h,2h,-750.0,525.0,,,,,,,
eb78d2ee9fb0413c284cf0386f39c071,BetMGM,2025-12-13 16:22:22.925734+00:00,2025-12-13 16:21:54+00:00,2025-12-13 21:00:00+00:00,Syracuse Orange,Hofstra Pride,spreads,full_game,,,-11.5,-110.0,11.5,-110.0,,,
eb78d2ee9fb0413c284cf0386f39c071,BetMGM,2025-12-13 16:22:22.925734+00:00,2025-12-13 16:21:54+00:00,2025-12-13 21:00:00+00:00,Syracuse Orange,Hofstra Pride,totals,full_game,,,,,,,139.5,-105.0,-115.0
eb78d2ee9fb0413c284cf0386f39c071,Bovada,2025-12-13 16:22:22.925734+00:00,2025-12-13 16:21:51+00:00,2025-12-13 21:00:00+00:00,Syracuse Orange,Hofstra Pride,h2h,2h,-750.0,500.0,,,,,,,
eb78d2ee9fb0413c284cf0386f39c071,Bovada,2025-12-13 16:22:22.925734+00:00,2025-12-13 16:21:51+00:00,2025-12-13 21:00:00+00:00,Syracuse Orange,Hofstra Pride,spreads,full_game,,,-11.5,-110.0,11.5,-110.0,,,
eb78d2ee9fb0413c284cf0386f39c071,Bovada,2025-12-13 16:22:22.925734+00:00,2025-12-13 16:21:51+00:00,2025-12-13 21:00:00+00:00,Syracuse Orange,Hofstra Pride,totals,full_game,,,,,,,139.5,-110.0,-110.0
eb78d2ee9fb0413c284cf0386f39c071,Caesars,2025-12-13 16:22:22.925734+00:00,2025-12-13 16:17:55+00:00,2025-12-13 21:00:00+00:00,Syracuse Orange,Hofstra Pride,h2h,2h,-700.0,500.0,,,,,,,
eb78d2ee9fb0413c284cf0386f39c071,Caesars,2025-12-13 16:22:22.925734+00:00,2025-12-13 16:17:55+00:00,2025-12-13 21:00:00+00:00,Syracuse Orange,Hofstra Pride,spreads,full_game,,,-11.5,-110.0,11.5,-110.0,,,
eb78d2ee9fb0413c284cf0386f39c071,Caesars,2025-12-13 16:22:22.925734+00:00,2025-12-13 16:17:55+00:00,2025-12-13 21:00:00+00:00,Syracuse Orange,Hofstra Pride,totals,full_game,,,,,,,139.5,-110.0,-110.0
eb78d2ee9fb0413c284cf0386f39c071,BetUS,2025-12-13 16:22:22.925734+00:00,2025-12-13 16:22:17+00:00,2025-12-13 21:00:00+00:00,Syracuse Orange,Hofstra Pride,h2h,2h,-730.0,520.0,,,,,,,
eb78d2ee9fb0413c284cf0386f39c071,BetUS,2025-12-13 16:22:22.925734+00:00,2025-12-13 16:22:17+00:00,2025-12-13 21:00:00+00:00,Syracuse Orange,Hofstra Pride,spreads,full_game,,,-12.0,-110.0,12.0,-110.0,,,
eb78d2ee9fb0413c284cf0386f39c071,BetUS,2025-12-13 16:22:22.925734+00:00,2025-12-13 16:22:17+00:00,2025-12-13 21:00:00+00:00,Syracuse Orange,Hofstra Pride,totals,full_game,,,,,,,139.5,-110.0,-110.0
eb78d2ee9fb0413c284cf0386f39c071,BetRivers,2025-12-13 16:22:22.925734+00:00,2025-12-13 16:22:17+00:00,2025-12-13 21:00:00+00:00,Syracuse Orange,Hofstra Pride,h2h,2h,-715.0,460.0,,,,,,,
eb78d2ee9fb0413c284cf0386f39c071,BetRivers,2025-12-13 16:22:22.925734+00:00,2025-12-13 16:22:17+00:00,2025-12-13 21:00:00+00:00,Syracuse Orange,Hofstra Pride,spreads,full_game,,,-11.0,-114.0,11.0,-108.0,,,
eb78d2ee9fb0413c284cf0386f39c071,BetRivers,2025-12-13 16:22:22.925734+00:00,2025-12-13 16:22:17+00:00,2025-12-13 21:00:00+00:00,Syracuse Orange,Hofstra Pride,totals,full_game,,,,,,,139.0,-110.0,-113.0
82c56359d09986924ae2abf58ea7e5d7,DraftKings,2025-12-13 16:22:22.925734+00:00,2025-12-13 16:21:38+00:00,2025-12-13 21:00:00+00:00,LIU Sharks,La Salle Explorers,h2h,2h,-142.0,120.0,,,,,,,
82c56359d09986924ae2abf58ea7e5d7,DraftKings,2025-12-13 16:22:22.925734+00:00,2025-12-13 16:21:38+00:00,2025-12-13 21:00:00+00:00,LIU Sharks,La Salle Explorers,spreads,full_game,,,-2.5,-110.0,2.5,-110.0,,,
82c56359d09986924ae2abf58ea7e5d7,DraftKings,2025-12-13 16:22:22.925734+00:00,2025-12-13 16:21:38+00:00,2025-12-13 21:00:00+00:00,LIU Sharks,La Salle Explorers,totals,full_game,,,,,,,143.5,-110.0,-110.0
82c56359d09986924ae2abf58ea7e5d7,BetOnline.ag,2025-12-13 16:22:22.925734+00:00,2025-12-13 16:21:39+00:00,2025-12-13 21:00:00+00:00,LIU Sharks,La Salle Explorers,spreads,full_game,,,-2.5,-110.0,2.5,-110.0,,,
82c56359d09986924ae2abf58ea7e5d7,BetOnline.ag,2025-12-13 16:22:22.925734+00:00,2025-12-13 16:21:39+00:00,2025-12-13 21:00:00+00:00,LIU Sharks,La Salle Explorers,totals,full_game,,,,,,,143.5,-115.0,-105.0
82c56359d09986924ae2abf58ea7e5d7,LowVig.ag,2025-12-13 16:22:22.925734+00:00,2025-12-13 16:21:25+00:00,2025-12-13 21:00:00+00:00,LIU Sharks,La Salle Explorers,spreads,full_game,,,-2.5,-106.0,2.5,-106.0,,,
82c56359d09986924ae2abf58ea7e5d7,LowVig.ag,2025-12-13 16:22:22.925734+00:00,2025-12-13 16:21:25+00:00,2025-12-13 21:00:00+00:00,LIU Sharks,La Salle Explorers,totals,full_game,,,,,,,143.5,-113.0,-103.0
82c56359d09986924ae2abf58ea7e5d7,Fanatics,2025-12-13 16:22:22.925734+00:00,2025-12-13 16:21:50+00:00,2025-12-13 21:00:00+00:00,LIU Sharks,La Salle Explorers,h2h,2h,-140.0,115.0,,,,,,,
82c56359d09986924ae2abf58ea7e5d7,Fanatics,2025-12-13 16:22:22.925734+00:00,2025-12-13 16:21:50+00:00,2025-12-13 21:00:00+00:00,LIU Sharks,La Salle Explorers,spreads,full_game,,,-2.0,-110.0,2.0,-110.0,,,
82c56359d09986924ae2abf58ea7e5d7,Fanatics,2025-12-13 16:22:22.925734+00:00,2025-12-13 16:21:50+00:00,2025-12-13 21:00:00+00:00,LIU Sharks,La Salle Explorers,totals,full_game,,,,,,,143.5,-110.0,-110.0
82c56359d09986924ae2abf58ea7e5d7,BetMGM,2025-12-13 16:22:22.925734+00:00,2025-12-13 16:21:54+00:00,2025-12-13 21:00:00+00:00,LIU Sharks,La Salle Explorers,spreads,full_game,,,-2.5,-110.0,2.5,-110.0,,,
82c56359d09986924ae2abf58ea7e5d7,BetMGM,2025-12-13 16:22:22.925734+00:00,2025-12-13 16:21:54+00:00,2025-12-13 21:00:00+00:00,LIU Sharks,La Salle Explorers,totals,full_game,,,,,,,143.5,-110.0,-110.0
82c56359d09986924ae2abf58ea7e5d7,FanDuel,2025-12-13 16:22:22.925734+00:00,2025-12-13 16:21:13+00:00,2025-12-13 21:00:00+00:00,LIU Sharks,La Salle Explorers,h2h,2h,-148.0,120.0,,,,,,,
82c56359d09986924ae2abf58ea7e5d7,FanDuel,2025-12-13 16:22:22.925734+00:00,2025-12-13 16:21:13+00:00,2025-12-13 21:00:00+00:00,LIU Sharks,La Salle Explorers,spreads,full_game,,,-2.5,-108.0,2.5,-112.0,,,
82c56359d09986924ae2abf58ea7e5d7,FanDuel,2025-12-13 16:22:22.925734+00:00,2025-12-13 16:21:13+00:00,2025-12-13 21:00:00+00:00,LIU Sharks,La Salle Explorers,totals,full_game,,,,,,,143.5,-108.0,-112.0
82c56359d09986924ae2abf58ea7e5d7,BetRivers,2025-12-13 16:22:22.925734+00:00,2025-12-13 16:22:17+00:00,2025-12-13 21:00:00+00:00,LIU Sharks,La Salle Explorers,h2h,2h,-148.0,120.0,,,,,,,
82c56359d09986924ae2abf58ea7e5d7,BetRivers,2025-12-13 16:22:22.925734+00:00,2025-12-13 16:22:17+00:00,2025-12-13 21:00:00+00:00,LIU Sharks,La Salle Explorers,spreads,full_game,,,-2.5,-114.0,2.5,-109.0,,,
82c56359d09986924ae2abf58ea7e5d7,BetRivers,2025-12-13 16:22:22.925734+00:00,2025-12-13 16:22:17+00:00,2025-12-13 21:00:00+00:00,LIU Sharks,La Salle Explorers,totals,full_game,,,,,,,143.5,-109.0,-114.0
82c56359d09986924ae2abf58ea7e5d7,Bovada,2025-12-13 16:22:22.925734+00:00,2025-12-13 16:21:51+00:00,2025-12-13 21:00:00+00:00,LIU Sharks,La Salle Explorers,h2h,2h,-135.0,115.0,,,,,,,
82c56359d09986924ae2abf58ea7e5d7,Bovada,2025-12-13 16:22:22.925734+00:00,2025-12-13 16:21:51+00:00,2025-12-13 21:00:00+00:00,LIU Sharks,La Salle Explorers,spreads,full_game,,,-2.0,-115.0,2.0,-105.0,,,
82c56359d09986924ae2abf58ea7e5d7,Bovada,2025-12-13 16:22:22.925734+00:00,2025-12-13 16:21:51+00:00,2025-12-13 21:00:00+00:00,LIU Sharks,La Salle Explorers,totals,full_game,,,,,,,144.0,-110.0,-110.0
82c56359d09986924ae2abf58ea7e5d7,Caesars,2025-12-13 16:22:22.925734+00:00,2025-12-13 16:17:55+00:00,2025-12-13 21:00:00+00:00,LIU Sharks,La Salle Explorers,h2h,2h,-145.0,122.0,,,,,,,
82c56359d09986924ae2abf58ea7e5d7,Caesars,2025-12-13 16:22:22.925734+00:00,2025-12-13 16:17:55+00:00,2025-12-13 21:00:00+00:00,LIU Sharks,La Salle Explorers,spreads,full_game,,,-2.5,-110.0,2.5,-110.0,,,
82c56359d09986924ae2abf58ea7e5d7,Caesars,2025-12-13 16:22:22.925734+00:00,2025-12-13 16:17:55+00:00,2025-12-13 21:00:00+00:00,LIU Sharks,La Salle Explorers,totals,full_game,,,,,,,143.5,-110.0,-110.0
53f3ace3959d5da5ea02b90f39867181,FanDuel,2025-12-13 16:22:22.925734+00:00,2025-12-13 16:21:13+00:00,2025-12-13 21:00:00+00:00,Marshall Thundering Herd,Wright St Raiders,h2h,2h,-205.0,168.0,,,,,,,
53f3ace3959d5da5ea02b90f39867181,FanDuel,2025-12-13 16:22:22.925734+00:00,2025-12-13 16:21:13+00:00,2025-12-13 21:00:00+00:00,Marshall Thundering Herd,Wright St Raiders,spreads,full_game,,,-4.5,-110.0,4.5,-110.0,,,
53f3ace3959d5da5ea02b90f39867181,FanDuel,2025-12-13 16:22:22.925734+00:00,2025-12-13 16:21:13+00:00,2025-12-13 21:00:00+00:00,Marshall Thundering Herd,Wright St Raiders,totals,full_game,,,,,,,147.5,-115.0,-105.0
53f3ace3959d5da5ea02b90f39867181,Fanatics,2025-12-13 16:22:22.925734+00:00,2025-12-13 16:21:50+00:00,2025-12-13 21:00:00+00:00,Marshall Thundering Herd,Wright St Raiders,h2h,2h,-190.0,160.0,,,,,,,
53f3ace3959d5da5ea02b90f39867181,Fanatics,2025-12-13 16:22:22.925734+00:00,2025-12-13 16:21:50+00:00,2025-12-13 21:00:00+00:00,Marshall Thundering Herd,Wright St Raiders,spreads,full_game,,,-4.5,-110.0,4.5,-110.0,,,
53f3ace3959d5da5ea02b90f39867181,Fanatics,2025-12-13 16:22:22.925734+00:00,2025-12-13 16:21:50+00:00,2025-12-13 21:00:00+00:00,Marshall Thundering Herd,Wright St Raiders,totals,full_game,,,,,,,148.0,-110.0,-110.0
53f3ace3959d5da5ea02b90f39867181,LowVig.ag,2025-12-13 16:22:22.925734+00:00,2025-12-13 16:21:24+00:00,2025-12-13 21:00:00+00:00,Marshall Thundering Herd,Wright St Raiders,h2h,2h,-187.0,163.0,,,,,,,
53f3ace3959d5da5ea02b90f39867181,LowVig.ag,2025-12-13 16:22:22.925734+00:00,2025-12-13 16:21:24+00:00,2025-12-13 21:00:00+00:00,Marshall Thundering Herd,Wright St Raiders,spreads,full_game,,,-4.0,-113.0,4.0,101.0,,,
53f3ace3959d5da5ea02b90f39867181,LowVig.ag,2025-12-13 16:22:22.925734+00:00,2025-12-13 16:21:24+00:00,2025-12-13 21:00:00+00:00,Marshall Thundering Herd,Wright St Raiders,totals,full_game,,,,,,,148.0,-105.0,-111.0
53f3ace3959d5da5ea02b90f39867181,BetOnline.ag,2025-12-13 16:22:22.925734+00:00,2025-12-13 16:21:39+00:00,2025-12-13 21:00:00+00:00,Marshall Thundering Herd,Wright St Raiders,h2h,2h,-187.0,163.0,,,,,,,
53f3ace3959d5da5ea02b90f39867181,BetOnline.ag,2025-12-13 16:22:22.925734+00:00,2025-12-13 16:21:39+00:00,2025-12-13 21:00:00+00:00,Marshall Thundering Herd,Wright St Raiders,spreads,full_game,,,-4.0,-117.0,4.0,-103.0,,,
53f3ace3959d5da5ea02b90f39867181,BetOnline.ag,2025-12-13 16:22:22.925734+00:00,2025-12-13 16:21:39+00:00,2025-12-13 21:00:00+00:00,Marshall Thundering Herd,Wright St Raiders,totals,full_game,,,,,,,148.0,-107.0,-113.0
53f3ace3959d5da5ea02b90f39867181,DraftKings,2025-12-13 16:22:22.925734+00:00,2025-12-13 16:21:38+00:00,2025-12-13 21:00:00+00:00,Marshall Thundering Herd,Wright St Raiders,h2h,2h,-198.0,164.0,,,,,,,
53f3ace3959d5da5ea02b90f39867181,DraftKings,2025-12-13 16:22:22.925734+00:00,2025-12-13 16:21:38+00:00,2025-12-13 21:00:00+00:00,Marshall Thundering Herd,Wright St Raiders,spreads,full_game,,,-4.5,-110.0,4.5,-110.0,,,
53f3ace3959d5da5ea02b90f39867181,DraftKings,2025-12-13 16:22:22.925734+00:00,2025-12-13 16:21:38+00:00,2025-12-13 21:00:00+00:00,Marshall Thundering Herd,Wright St Raiders,totals,full_game,,,,,,,148.5,-105.0,-115.0
53f3ace3959d5da5ea02b90f39867181,BetMGM,2025-12-13 16:22:22.925734+00:00,2025-12-13 16:21:54+00:00,2025-12-13 21:00:00+00:00,Marshall Thundering Herd,Wright St Raiders,h2h,2h,-200.0,165.0,,,,,,,
53f3ace3959d5da5ea02b90f39867181,BetMGM,2025-12-13 16:22:22.925734+00:00,2025-12-13 16:21:54+00:00,2025-12-13 21:00:00+00:00,Marshall Thundering Herd,Wright St Raiders,spreads,full_game,,,-4.5,-110.0,4.5,-110.0,,,
53f3ace3959d5da5ea02b90f39867181,BetMGM,2025-12-13 16:22:22.925734+00:00,2025-12-13 16:21:54+00:00,2025-12-13 21:00:00+00:00,Marshall Thundering Herd,Wright St Raiders,totals,full_game,,,,,,,147.5,-110.0,-110.0
53f3ace3959d5da5ea02b90f39867181,Caesars,2025-12-13 16:22:22.925734+00:00,2025-12-13 16:17:55+00:00,2025-12-13 21:00:00+00:00,Marshall Thundering Herd,Wright St Raiders,h2h,2h,-190.0,158.0,,,,,,,
53f3ace3959d5da5ea02b90f39867181,Caesars,2025-12-13 16:22:22.925734+00:00,2025-12-13 16:17:55+00:00,2025-12-13 21:00:00+00:00,Marshall Thundering Herd,Wright St Raiders,spreads,full_game,,,-4.5,-110.0,4.5,-110.0,,,
53f3ace3959d5da5ea02b90f39867181,Caesars,2025-12-13 16:22:22.925734+00:00,2025-12-13 16:17:55+00:00,2025-12-13 21:00:00+00:00,Marshall Thundering Herd,Wright St Raiders,totals,full_game,,,,,,,148.0,-110.0,-110.0
53f3ace3959d5da5ea02b90f39867181,Bovada,2025-12-13 16:22:22.925734+00:00,2025-12-13 16:21:52+00:00,2025-12-13 21:00:00+00:00,Marshall Thundering Herd,Wright St Raiders,h2h,2h,-185.0,160.0,,,,,,,
53f3ace3959d5da5ea02b90f39867181,Bovada,2025-12-13 16:22:22.925734+00:00,2025-12-13 16:21:52+00:00,2025-12-13 21:00:00+00:00,Marshall Thundering Herd,Wright St Raiders,spreads,full_game,,,-4.5,-110.0,4.5,-110.0,,,
53f3ace3959d5da5ea02b90f39867181,Bovada,2025-12-13 16:22:22.925734+00:00,2025-12-13 16:21:52+00:00,2025-12-13 21:00:00+00:00,Marshall Thundering Herd,Wright St Raiders,totals,full_game,,,,,,,148.5,-110.0,-110.0
53f3ace3959d5da5ea02b90f39867181,BetUS,2025-12-13 16:22:22.925734+00:00,2025-12-13 16:22:17+00:00,2025-12-13 21:00:00+00:00,Marshall Thundering Herd,Wright St Raiders,h2h,2h,-185.0,159.0,,,,,,,
53f3ace3959d5da5ea02b90f39867181,BetUS,2025-12-13 16:22:22.925734+00:00,2025-12-13 16:22:17+00:00,2025-12-13 21:00:00+00:00,Marshall Thundering Herd,Wright St Raiders,spreads,full_game,,,-4.5,-110.0,4.5,-110.0,,,
53f3ace3959d5da5ea02b90f39867181,BetUS,2025-12-13 16:22:22.925734+00:00,2025-12-13 16:22:17+00:00,2025-12-13 21:00:00+00:00,Marshall Thundering Herd,Wright St Raiders,totals,full_game,,,,,,,148.0,-110.0,-110.0
53f3ace3959d5da5ea02b90f39867181,BetRivers,2025-12-13 16:22:22.925734+00:00,2025-12-13 16:22:17+00:00,2025-12-13 21:00:00+00:00,Marshall Thundering Herd,Wright St Raiders,h2h,2h,-210.0,163.0,,,,,,,
53f3ace3959d5da5ea02b90f39867181,BetRivers,2025-12-13 16:22:22.925734+00:00,2025-12-13 16:22:17+00:00,2025-12-13 21:00:00+00:00,Marshall Thundering Herd,Wright St Raiders,spreads,full_game,,,-4.5,-114.0,4.5,-109.0,,,
53f3ace3959d5da5ea02b90f39867181,BetRivers,2025-12-13 16:22:22.925734+00:00,2025-12-13 16:22:17+00:00,2025-12-13 21:00:00+00:00,Marshall Thundering Herd,Wright St Raiders,totals,full_game,,,,,,,147.5,-110.0,-113.0
bf45a6f4ae1c9568684e05ad29cb6f59,DraftKings,2025-12-13 16:22:22.925734+00:00,2025-12-13 16:21:38+00:00,2025-12-13 21:00:00+00:00,Morgan St Bears,Niagara Purple Eagles,h2h,2h,-115.0,-105.0,,,,,,,
bf45a6f4ae1c9568684e05ad29cb6f59,DraftKings,2025-12-13 16:22:22.925734+00:00,2025-12-13 16:21:38+00:00,2025-12-13 21:00:00+00:00,Morgan St Bears,Niagara Purple Eagles,spreads,full_game,,,-1.5,100.0,1.5,-120.0,,,
bf45a6f4ae1c9568684e05ad29cb6f59,DraftKings,2025-12-13 16:22:22.925734+00:00,2025-12-13 16:21:38+00:00,2025-12-13 21:00:00+00:00,Morgan St Bears,Niagara Purple Eagles,totals,full_game,,,,,,,140.5,-110.0,-110.0
bf45a6f4ae1c9568684e05ad29cb6f59,BetOnline.ag,2025-12-13 16:22:22.925734+00:00,2025-12-13 16:21:39+00:00,2025-12-13 21:00:00+00:00,Morgan St Bears,Niagara Purple Eagles,spreads,full_game,,,-1.0,-105.0,1.0,-115.0,,,
bf45a6f4ae1c9568684e05ad29cb6f59,BetOnline.ag,2025-12-13 16:22:22.925734+00:00,2025-12-13 16:21:39+00:00,2025-12-13 21:00:00+00:00,Morgan St Bears,Niagara Purple Eagles,totals,full_game,,,,,,,140.5,-110.0,-110.0
bf45a6f4ae1c9568684e05ad29cb6f59,LowVig.ag,2025-12-13 16:22:22.925734+00:00,2025-12-13 16:21:25+00:00,2025-12-13 21:00:00+00:00,Morgan St Bears,Niagara Purple Eagles,spreads,full_game,,,-1.0,-101.0,1.0,-111.0,,,
bf45a6f4ae1c9568684e05ad29cb6f59,LowVig.ag,2025-12-13 16:22:22.925734+00:00,2025-12-13 16:21:25+00:00,2025-12-13 21:00:00+00:00,Morgan St Bears,Niagara Purple Eagles,totals,full_game,,,,,,,140.5,-108.0,-108.0
bf45a6f4ae1c9568684e05ad29cb6f59,BetMGM,2025-12-13 16:22:22.925734+00:00,2025-12-13 16:21:54+00:00,2025-12-13 21:00:00+00:00,Morgan St Bears,Niagara Purple Eagles,h2h,2h,-115.0,-105.0,,,,,,,
bf45a6f4ae1c9568684e05ad29cb6f59,BetMGM,2025-12-13 16:22:22.925734+00:00,2025-12-13 16:21:54+00:00,2025-12-13 21:00:00+00:00,Morgan St Bears,Niagara Purple Eagles,spreads,full_game,,,-1.5,-102.0,1.5,-118.0,,,
bf45a6f4ae1c9568684e05ad29cb6f59,BetMGM,2025-12-13 16:22:22.925734+00:00,2025-12-13 16:21:54+00:00,2025-12-13 21:00:00+00:00,Morgan St Bears,Niagara Purple Eagles,totals,full_game,,,,,,,140.5,-110.0,-110.0
bf45a6f4ae1c9568684e05ad29cb6f59,Fanatics,2025-12-13 16:22:22.925734+00:00,2025-12-13 16:21:50+00:00,2025-12-13 21:00:00+00:00,Morgan St Bears,Niagara Purple Eagles,h2h,2h,-120.0,100.0,,,,,,,
bf45a6f4ae1c9568684e05ad29cb6f59,Fanatics,2025-12-13 16:22:22.925734+00:00,2025-12-13 16:21:50+00:00,2025-12-13 21:00:00+00:00,Morgan St Bears,Niagara Purple Eagles,spreads,full_game,,,-1.0,-110.0,1.0,-110.0,,,
bf45a6f4ae1c9568684e05ad29cb6f59,Fanatics,2025-12-13 16:22:22.925734+00:00,2025-12-13 16:21:50+00:00,2025-12-13 21:00:00+00:00,Morgan St Bears,Niagara Purple Eagles,totals,full_game,,,,,,,141.0,-110.0,-110.0
bf45a6f4ae1c9568684e05ad29cb6f59,FanDuel,2025-12-13 16:22:22.925734+00:00,2025-12-13 16:21:13+00:00,2025-12-13 21:00:00+00:00,Morgan St Bears,Niagara Purple Eagles,h2h,2h,-118.0,-104.0,,,,,,,
bf45a6f4ae1c9568684e05ad29cb6f59,FanDuel,2025-12-13 16:22:22.925734+00:00,2025-12-13 16:21:13+00:00,2025-12-13 21:00:00+00:00,Morgan St Bears,Niagara Purple Eagles,spreads,full_game,,,-1.5,-104.0,1.5,-118.0,,,
bf45a6f4ae1c9568684e05ad29cb6f59,FanDuel,2025-12-13 16:22:22.925734+00:00,2025-12-13 16:21:13+00:00,2025-12-13 21:00:00+00:00,Morgan St Bears,Niagara Purple Eagles,totals,full_game,,,,,,,140.5,-114.0,-105.0
bf45a6f4ae1c9568684e05ad29cb6f59,BetRivers,2025-12-13 16:22:22.925734+00:00,2025-12-13 16:22:17+00:00,2025-12-13 21:00:00+00:00,Morgan St Bears,Niagara Purple Eagles,h2h,2h,-125.0,-103.0,,,,,,,
bf45a6f4ae1c9568684e05ad29cb6f59,BetRivers,2025-12-13 16:22:22.925734+00:00,2025-12-13 16:22:17+00:00,2025-12-13 21:00:00+00:00,Morgan St Bears,Niagara Purple Eagles,spreads,full_game,,,-1.5,-110.0,1.5,-115.0,,,
bf45a6f4ae1c9568684e05ad29cb6f59,BetRivers,2025-12-13 16:22:22.925734+00:00,2025-12-13 16:22:17+00:00,2025-12-13 21:00:00+00:00,Morgan St Bears,Niagara Purple Eagles,totals,full_game,,,,,,,140.5,-113.0,-113.0
bf45a6f4ae1c9568684e05ad29cb6f59,Bovada,2025-12-13 16:22:22.925734+00:00,2025-12-13 16:21:51+00:00,2025-12-13 21:00:00+00:00,Morgan St Bears,Niagara Purple Eagles,h2h,2h,-120.0,100.0,,,,,,,
bf45a6f4ae1c9568684e05ad29cb6f59,Bovada,2025-12-13 16:22:22.925734+00:00,2025-12-13 16:21:51+00:00,2025-12-13 21:00:00+00:00,Morgan St Bears,Niagara Purple Eagles,spreads,full_game,,,-1.5,-105.0,1.5,-115.0,,,
bf45a6f4ae1c9568684e05ad29cb6f59,Bovada,2025-12-13 16:22:22.925734+00:00,2025-12-13 16:21:51+00:00,2025-12-13 21:00:00+00:00,Morgan St Bears,Niagara Purple Eagles,totals,full_game,,,,,,,140.5,-115.0,-105.0
bf45a6f4ae1c9568684e05ad29cb6f59,Caesars,2025-12-13 16:22:22.925734+00:00,2025-12-13 16:17:55+00:00,2025-12-13 21:00:00+00:00,Morgan St Bears,Niagara Purple Eagles,h2h,2h,-125.0,105.0,,,,,,,
bf45a6f4ae1c9568684e05ad29cb6f59,Caesars,2025-12-13 16:22:22.925734+00:00,2025-12-13 16:17:55+00:00,2025-12-13 21:00:00+00:00,Morgan St Bears,Niagara Purple Eagles,spreads,full_game,,,-1.5,-110.0,1.5,-110.0,,,
bf45a6f4ae1c9568684e05ad29cb6f59,Caesars,2025-12-13 16:22:22.925734+00:00,2025-12-13 16:17:55+00:00,2025-12-13 21:00:00+00:00,Morgan St Bears,Niagara Purple Eagles,totals,full_game,,,,,,,140.5,-110.0,-110.0
aefaf2b726e371addd6a627269370f3f,FanDuel,2025-12-13 16:22:22.925734+00:00,2025-12-13 16:21:13+00:00,2025-12-13 21:00:00+00:00,Oregon Ducks,UC Davis Aggies,h2h,2h,-1100.0,680.0,,,,,,,
aefaf2b726e371addd6a627269370f3f,FanDuel,2025-12-13 16:22:22.925734+00:00,2025-12-13 16:21:13+00:00,2025-12-13 21:00:00+00:00,Oregon Ducks,UC Davis Aggies,spreads,full_game,,,-12.5,-120.0,12.5,-102.0,,,
aefaf2b726e371addd6a627269370f3f,FanDuel,2025-12-13 16:22:22.925734+00:00,2025-12-13 16:21:13+00:00,2025-12-13 21:00:00+00:00,Oregon Ducks,UC Davis Aggies,totals,full_game,,,,,,,144.5,-110.0,-110.0
aefaf2b726e371addd6a627269370f3f,Fanatics,2025-12-13 16:22:22.925734+00:00,2025-12-13 16:21:50+00:00,2025-12-13 21:00:00+00:00,Oregon Ducks,UC Davis Aggies,h2h,2h,-1100.0,700.0,,,,,,,
aefaf2b726e371addd6a627269370f3f,Fanatics,2025-12-13 16:22:22.925734+00:00,2025-12-13 16:21:50+00:00,2025-12-13 21:00:00+00:00,Oregon Ducks,UC Davis Aggies,spreads,full_game,,,-13.5,-110.0,13.5,-110.0,,,
aefaf2b726e371addd6a627269370f3f,Fanatics,2025-12-13 16:22:22.925734+00:00,2025-12-13 16:21:50+00:00,2025-12-13 21:00:00+00:00,Oregon Ducks,UC Davis Aggies,totals,full_game,,,,,,,144.5,-110.0,-110.0
aefaf2b726e371addd6a627269370f3f,LowVig.ag,2025-12-13 16:22:22.925734+00:00,2025-12-13 16:21:24+00:00,2025-12-13 21:00:00+00:00,Oregon Ducks,UC Davis Aggies,h2h,2h,-1150.0,732.0,,,,,,,
aefaf2b726e371addd6a627269370f3f,LowVig.ag,2025-12-13 16:22:22.925734+00:00,2025-12-13 16:21:24+00:00,2025-12-13 21:00:00+00:00,Oregon Ducks,UC Davis Aggies,spreads,full_game,,,-13.5,-111.0,13.5,-101.0,,,
aefaf2b726e371addd6a627269370f3f,LowVig.ag,2025-12-13 16:22:22.925734+00:00,2025-12-13 16:21:24+00:00,2025-12-13 21:00:00+00:00,Oregon Ducks,UC Davis Aggies,totals,full_game,,,,,,,144.5,-110.0,-106.0
aefaf2b726e371addd6a627269370f3f,BetOnline.ag,2025-12-13 16:22:22.925734+00:00,2025-12-13 16:21:39+00:00,2025-12-13 21:00:00+00:00,Oregon Ducks,UC Davis Aggies,h2h,2h,-1150.0,732.0,,,,,,,
aefaf2b726e371addd6a627269370f3f,BetOnline.ag,2025-12-13 16:22:22.925734+00:00,2025-12-13 16:21:39+00:00,2025-12-13 21:00:00+00:00,Oregon Ducks,UC Davis Aggies,spreads,full_game,,,-13.5,-115.0,13.5,-105.0,,,
aefaf2b726e371addd6a627269370f3f,BetOnline.ag,2025-12-13 16:22:22.925734+00:00,2025-12-13 16:21:39+00:00,2025-12-13 21:00:00+00:00,Oregon Ducks,UC Davis Aggies,totals,full_game,,,,,,,144.5,-112.0,-108.0
aefaf2b726e371addd6a627269370f3f,DraftKings,2025-12-13 16:22:22.925734+00:00,2025-12-13 16:21:38+00:00,2025-12-13 21:00:00+00:00,Oregon Ducks,UC Davis Aggies,h2h,2h,-1100.0,700.0,,,,,,,
aefaf2b726e371addd6a627269370f3f,DraftKings,2025-12-13 16:22:22.925734+00:00,2025-12-13 16:21:38+00:00,2025-12-13 21:00:00+00:00,Oregon Ducks,UC Davis Aggies,spreads,full_game,,,-13.5,-108.0,13.5,-112.0,,,
aefaf2b726e371addd6a627269370f3f,DraftKings,2025-12-13 16:22:22.925734+00:00,2025-12-13 16:21:38+00:00,2025-12-13 21:00:00+00:00,Oregon Ducks,UC Davis Aggies,totals,full_game,,,,,,,144.5,-108.0,-112.0
aefaf2b726e371addd6a627269370f3f,BetMGM,2025-12-13 16:22:22.925734+00:00,2025-12-13 16:21:54+00:00,2025-12-13 21:00:00+00:00,Oregon Ducks,UC Davis Aggies,h2h,2h,-1100.0,700.0,,,,,,,
aefaf2b726e371addd6a627269370f3f,BetMGM,2025-12-13 16:22:22.925734+00:00,2025-12-13 16:21:54+00:00,2025-12-13 21:00:00+00:00,Oregon Ducks,UC Davis Aggies,spreads,full_game,,,-13.5,-110.0,13.5,-110.0,,,
aefaf2b726e371addd6a627269370f3f,BetMGM,2025-12-13 16:22:22.925734+00:00,2025-12-13 16:21:54+00:00,2025-12-13 21:00:00+00:00,Oregon Ducks,UC Davis Aggies,totals,full_game,,,,,,,144.5,-115.0,-105.0
aefaf2b726e371addd6a627269370f3f,Bovada,2025-12-13 16:22:22.925734+00:00,2025-12-13 16:21:52+00:00,2025-12-13 21:00:00+00:00,Oregon Ducks,UC Davis Aggies,h2h,2h,-1100.0,650.0,,,,,,,
aefaf2b726e371addd6a627269370f3f,Bovada,2025-12-13 16:22:22.925734+00:00,2025-12-13 16:21:52+00:00,2025-12-13 21:00:00+00:00,Oregon Ducks,UC Davis Aggies,spreads,full_game,,,-13.5,-115.0,13.5,-105.0,,,
aefaf2b726e371addd6a627269370f3f,Bovada,2025-12-13 16:22:22.925734+00:00,2025-12-13 16:21:52+00:00,2025-12-13 21:00:00+00:00,Oregon Ducks,UC Davis Aggies,totals,full_game,,,,,,,145.0,-110.0,-110.0
aefaf2b726e371addd6a627269370f3f,Caesars,2025-12-13 16:22:22.925734+00:00,2025-12-13 16:17:55+00:00,2025-12-13 21:00:00+00:00,Oregon Ducks,UC Davis Aggies,h2h,2h,-1100.0,700.0,,,,,,,
aefaf2b726e371addd6a627269370f3f,Caesars,2025-12-13 16:22:22.925734+00:00,2025-12-13 16:17:55+00:00,2025-12-13 21:00:00+00:00,Oregon Ducks,UC Davis Aggies,spreads,full_game,,,-13.5,-110.0,13.5,-110.0,,,
aefaf2b726e371addd6a627269370f3f,Caesars,2025-12-13 16:22:22.925734+00:00,2025-12-13 16:17:55+00:00,2025-12-13 21:00:00+00:00,Oregon Ducks,UC Davis Aggies,totals,full_game,,,,,,,144.5,-110.0,-110.0
aefaf2b726e371addd6a627269370f3f,BetUS,2025-12-13 16:22:22.925734+00:00,2025-12-13 16:22:17+00:00,2025-12-13 21:00:00+00:00,Oregon Ducks,UC Davis Aggies,h2h,2h,-1100.0,700.0,,,,,,,
aefaf2b726e371addd6a627269370f3f,BetUS,2025-12-13 16:22:22.925734+00:00,2025-12-13 16:22:17+00:00,2025-12-13 21:00:00+00:00,Oregon Ducks,UC Davis Aggies,spreads,full_game,,,-13.5,-110.0,13.5,-110.0,,,
aefaf2b726e371addd6a627269370f3f,BetUS,2025-12-13 16:22:22.925734+00:00,2025-12-13 16:22:17+00:00,2025-12-13 21:00:00+00:00,Oregon Ducks,UC Davis Aggies,totals,full_game,,,,,,,145.0,-110.0,-110.0
aefaf2b726e371addd6a627269370f3f,BetRivers,2025-12-13 16:22:22.925734+00:00,2025-12-13 16:22:17+00:00,2025-12-13 21:00:00+00:00,Oregon Ducks,UC Davis Aggies,h2h,2h,-1250.0,700.0,,,,,,,
aefaf2b726e371addd6a627269370f3f,BetRivers,2025-12-13 16:22:22.925734+00:00,2025-12-13 16:22:17+00:00,2025-12-13 21:00:00+00:00,Oregon Ducks,UC Davis Aggies,spreads,full_game,,,-13.5,-112.0,13.5,-112.0,,,
aefaf2b726e371addd6a627269370f3f,BetRivers,2025-12-13 16:22:22.925734+00:00,2025-12-13 16:22:17+00:00,2025-12-13 21:00:00+00:00,Oregon Ducks,UC Davis Aggies,totals,full_game,,,,,,,144.5,-112.0,-112.0
63b82bd7093c664e48319266394cd4cd,FanDuel,2025-12-13 16:22:22.925734+00:00,2025-12-13 16:21:13+00:00,2025-12-13 21:00:41+00:00,Illinois Fighting Illini,Nebraska Cornhuskers,h2h,2h,-690.0,480.0,,,,,,,
63b82bd7093c664e48319266394cd4cd,FanDuel,2025-12-13 16:22:22.925734+00:00,2025-12-13 16:21:13+00:00,2025-12-13 21:00:41+00:00,Illinois Fighting Illini,Nebraska Cornhuskers,spreads,full_game,,,-11.5,-102.0,11.5,-120.0,,,
63b82bd7093c664e48319266394cd4cd,FanDuel,2025-12-13 16:22:22.925734+00:00,2025-12-13 16:21:13+00:00,2025-12-13 21:00:41+00:00,Illinois Fighting Illini,Nebraska Cornhuskers,totals,full_game,,,,,,,157.5,-110.0,-110.0
63b82bd7093c664e48319266394cd4cd,Fanatics,2025-12-13 16:22:22.925734+00:00,2025-12-13 16:21:50+00:00,2025-12-13 21:00:41+00:00,Illinois Fighting Illini,Nebraska Cornhuskers,h2h,2h,-700.0,475.0,,,,,,,
63b82bd7093c664e48319266394cd4cd,Fanatics,2025-12-13 16:22:22.925734+00:00,2025-12-13 16:21:50+00:00,2025-12-13 21:00:41+00:00,Illinois Fighting Illini,Nebraska Cornhuskers,spreads,full_game,,,-11.0,-110.0,11.0,-110.0,,,
63b82bd7093c664e48319266394cd4cd,Fanatics,2025-12-13 16:22:22.925734+00:00,2025-12-13 16:21:50+00:00,2025-12-13 21:00:41+00:00,Illinois Fighting Illini,Nebraska Cornhuskers,totals,full_game,,,,,,,157.5,-110.0,-110.0
63b82bd7093c664e48319266394cd4cd,BetRivers,2025-12-13 16:22:22.925734+00:00,2025-12-13 16:22:17+00:00,2025-12-13 21:00:41+00:00,Illinois Fighting Illini,Nebraska Cornhuskers,h2h,2h,-670.0,450.0,,,,,,,
63b82bd7093c664e48319266394cd4cd,BetRivers,2025-12-13 16:22:22.925734+00:00,2025-12-13 16:22:17+00:00,2025-12-13 21:00:41+00:00,Illinois Fighting Illini,Nebraska Cornhuskers,spreads,full_game,,,-11.0,-112.0,11.0,-112.0,,,
63b82bd7093c664e48319266394cd4cd,BetRivers,2025-12-13 16:22:22.925734+00:00,2025-12-13 16:22:17+00:00,2025-12-13 21:00:41+00:00,Illinois Fighting Illini,Nebraska Cornhuskers,totals,full_game,,,,,,,157.5,-112.0,-112.0
63b82bd7093c664e48319266394cd4cd,DraftKings,2025-12-13 16:22:22.925734+00:00,2025-12-13 16:21:38+00:00,2025-12-13 21:00:41+00:00,Illinois Fighting Illini,Nebraska Cornhuskers,h2h,2h,-700.0,500.0,,,,,,,
63b82bd7093c664e48319266394cd4cd,DraftKings,2025-12-13 16:22:22.925734+00:00,2025-12-13 16:21:38+00:00,2025-12-13 21:00:41+00:00,Illinois Fighting Illini,Nebraska Cornhuskers,spreads,full_game,,,-11.5,-108.0,11.5,-112.0,,,
63b82bd7093c664e48319266394cd4cd,DraftKings,2025-12-13 16:22:22.925734+00:00,2025-12-13 16:21:38+00:00,2025-12-13 21:00:41+00:00,Illinois Fighting Illini,Nebraska Cornhuskers,totals,full_game,,,,,,,157.5,-108.0,-112.0
63b82bd7093c664e48319266394cd4cd,BetMGM,2025-12-13 16:22:22.925734+00:00,2025-12-13 16:21:54+00:00,2025-12-13 21:00:41+00:00,Illinois Fighting Illini,Nebraska Cornhuskers,h2h,2h,-750.0,525.0,,,,,,,
63b82bd7093c664e48319266394cd4cd,BetMGM,2025-12-13 16:22:22.925734+00:00,2025-12-13 16:21:54+00:00,2025-12-13 21:00:41+00:00,Illinois Fighting Illini,Nebraska Cornhuskers,spreads,full_game,,,-11.5,-110.0,11.5,-110.0,,,
63b82bd7093c664e48319266394cd4cd,BetMGM,2025-12-13 16:22:22.925734+00:00,2025-12-13 16:21:54+00:00,2025-12-13 21:00:41+00:00,Illinois Fighting Illini,Nebraska Cornhuskers,totals,full_game,,,,,,,156.5,-110.0,-110.0
63b82bd7093c664e48319266394cd4cd,LowVig.ag,2025-12-13 16:22:22.925734+00:00,2025-12-13 16:21:24+00:00,2025-12-13 21:00:41+00:00,Illinois Fighting Illini,Nebraska Cornhuskers,h2h,2h,-750.0,534.0,,,,,,,
63b82bd7093c664e48319266394cd4cd,LowVig.ag,2025-12-13 16:22:22.925734+00:00,2025-12-13 16:21:24+00:00,2025-12-13 21:00:41+00:00,Illinois Fighting Illini,Nebraska Cornhuskers,spreads,full_game,,,-12.0,-106.0,12.0,-106.0,,,
63b82bd7093c664e48319266394cd4cd,LowVig.ag,2025-12-13 16:22:22.925734+00:00,2025-12-13 16:21:24+00:00,2025-12-13 21:00:41+00:00,Illinois Fighting Illini,Nebraska Cornhuskers,totals,full_game,,,,,,,157.5,-108.0,-108.0
63b82bd7093c664e48319266394cd4cd,BetOnline.ag,2025-12-13 16:22:22.925734+00:00,2025-12-13 16:21:39+00:00,2025-12-13 21:00:41+00:00,Illinois Fighting Illini,Nebraska Cornhuskers,h2h,2h,-750.0,534.0,,,,,,,
63b82bd7093c664e48319266394cd4cd,BetOnline.ag,2025-12-13 16:22:22.925734+00:00,2025-12-13 16:21:39+00:00,2025-12-13 21:00:41+00:00,Illinois Fighting Illini,Nebraska Cornhuskers,spreads,full_game,,,-12.0,-110.0,12.0,-110.0,,,
63b82bd7093c664e48319266394cd4cd,BetOnline.ag,2025-12-13 16:22:22.925734+00:00,2025-12-13 16:21:39+00:00,2025-12-13 21:00:41+00:00,Illinois Fighting Illini,Nebraska Cornhuskers,totals,full_game,,,,,,,157.5,-110.0,-110.0
63b82bd7093c664e48319266394cd4cd,Bovada,2025-12-13 16:22:22.925734+00:00,2025-12-13 16:21:51+00:00,2025-12-13 21:00:41+00:00,Illinois Fighting Illini,Nebraska Cornhuskers,h2h,2h,-700.0,475.0,,,,,,,
63b82bd7093c664e48319266394cd4cd,Bovada,2025-12-13 16:22:22.925734+00:00,2025-12-13 16:21:51+00:00,2025-12-13 21:00:41+00:00,Illinois Fighting Illini,Nebraska Cornhuskers,spreads,full_game,,,-11.5,-105.0,11.5,-115.0,,,
63b82bd7093c664e48319266394cd4cd,Bovada,2025-12-13 16:22:22.925734+00:00,2025-12-13 16:21:51+00:00,2025-12-13 21:00:41+00:00,Illinois Fighting Illini,Nebraska Cornhuskers,totals,full_game,,,,,,,157.5,-110.0,-110.0
63b82bd7093c664e48319266394cd4cd,BetUS,2025-12-13 16:22:22.925734+00:00,2025-12-13 16:22:17+00:00,2025-12-13 21:00:41+00:00,Illinois Fighting Illini,Nebraska Cornhuskers,h2h,2h,-750.0,530.0,,,,,,,
63b82bd7093c664e48319266394cd4cd,BetUS,2025-12-13 16:22:22.925734+00:00,2025-12-13 16:22:17+00:00,2025-12-13 21:00:41+00:00,Illinois Fighting Illini,Nebraska Cornhuskers,spreads,full_game,,,-11.5,-110.0,11.5,-110.0,,,
63b82bd7093c664e48319266394cd4cd,BetUS,2025-12-13 16:22:22.925734+00:00,2025-12-13 16:22:17+00:00,2025-12-13 21:00:41+00:00,Illinois Fighting Illini,Nebraska Cornhuskers,totals,full_game,,,,,,,157.0,-110.0,-110.0
32a9e1b718e5a4d96562b644b9cc5f46,FanDuel,2025-12-13 16:22:22.925734+00:00,2025-12-13 16:21:13+00:00,2025-12-13 21:30:00+00:00,Auburn Tigers,Chattanooga Mocs,h2h,2h,-4500.0,1600.0,,,,,,,
32a9e1b718e5a4d96562b644b9cc5f46,FanDuel,2025-12-13 16:22:22.925734+00:00,2025-12-13 16:21:13+00:00,2025-12-13 21:30:00+00:00,Auburn Tigers,Chattanooga Mocs,spreads,full_game,,,-21.5,-105.0,21.5,-115.0,,,
32a9e1b718e5a4d96562b644b9cc5f46,FanDuel,2025-12-13 16:22:22.925734+00:00,2025-12-13 16:21:13+00:00,2025-12-13 21:30:00+00:00,Auburn Tigers,Chattanooga Mocs,totals,full_game,,,,,,,151.5,-110.0,-110.0
32a9e1b718e5a4d96562b644b9cc5f46,BetOnline.ag,2025-12-13 16:22:22.925734+00:00,2025-12-13 16:21:39+00:00,2025-12-13 21:30:00+00:00,Auburn Tigers,Chattanooga Mocs,spreads,full_game,,,-22.0,-108.0,22.0,-112.0,,,
32a9e1b718e5a4d96562b644b9cc5f46,BetOnline.ag,2025-12-13 16:22:22.925734+00:00,2025-12-13 16:21:39+00:00,2025-12-13 21:30:00+00:00,Auburn Tigers,Chattanooga Mocs,totals,full_game,,,,,,,151.5,-110.0,-110.0
32a9e1b718e5a4d96562b644b9cc5f46,DraftKings,2025-12-13 16:22:22.925734+00:00,2025-12-13 16:21:38+00:00,2025-12-13 21:30:00+00:00,Auburn Tigers,Chattanooga Mocs,h2h,2h,-5000.0,1800.0,,,,,,,
32a9e1b718e5a4d96562b644b9cc5f46,DraftKings,2025-12-13 16:22:22.925734+00:00,2025-12-13 16:21:38+00:00,2025-12-13 21:30:00+00:00,Auburn Tigers,Chattanooga Mocs,spreads,full_game,,,-21.5,-115.0,21.5,-105.0,,,
32a9e1b718e5a4d96562b644b9cc5f46,DraftKings,2025-12-13 16:22:22.925734+00:00,2025-12-13 16:21:38+00:00,2025-12-13 21:30:00+00:00,Auburn Tigers,Chattanooga Mocs,totals,full_game,,,,,,,151.5,-110.0,-110.0
32a9e1b718e5a4d96562b644b9cc5f46,LowVig.ag,2025-12-13 16:22:22.925734+00:00,2025-12-13 16:21:24+00:00,2025-12-13 21:30:00+00:00,Auburn Tigers,Chattanooga Mocs,spreads,full_game,,,-22.0,-104.0,22.0,-108.0,,,
32a9e1b718e5a4d96562b644b9cc5f46,LowVig.ag,2025-12-13 16:22:22.925734+00:00,2025-12-13 16:21:24+00:00,2025-12-13 21:30:00+00:00,Auburn Tigers,Chattanooga Mocs,totals,full_game,,,,,,,151.5,-108.0,-108.0
32a9e1b718e5a4d96562b644b9cc5f46,Fanatics,2025-12-13 16:22:22.925734+00:00,2025-12-13 16:21:50+00:00,2025-12-13 21:30:00+00:00,Auburn Tigers,Chattanooga Mocs,h2h,2h,-7000.0,2000.0,,,,,,,
32a9e1b718e5a4d96562b644b9cc5f46,Fanatics,2025-12-13 16:22:22.925734+00:00,2025-12-13 16:21:50+00:00,2025-12-13 21:30:00+00:00,Auburn Tigers,Chattanooga Mocs,spreads,full_game,,,-21.5,-110.0,21.5,-110.0,,,
32a9e1b718e5a4d96562b644b9cc5f46,Fanatics,2025-12-13 16:22:22.925734+00:00,2025-12-13 16:21:50+00:00,2025-12-13 21:30:00+00:00,Auburn Tigers,Chattanooga Mocs,totals,full_game,,,,,,,151.5,-110.0,-110.0
32a9e1b718e5a4d96562b644b9cc5f46,BetMGM,2025-12-13 16:22:22.925734+00:00,2025-12-13 16:21:54+00:00,2025-12-13 21:30:00+00:00,Auburn Tigers,Chattanooga Mocs,h2h,2h,-10000.0,1750.0,,,,,,,
32a9e1b718e5a4d96562b644b9cc5f46,BetMGM,2025-12-13 16:22:22.925734+00:00,2025-12-13 16:21:54+00:00,2025-12-13 21:30:00+00:00,Auburn Tigers,Chattanooga Mocs,spreads,full_game,,,-21.5,-118.0,21.5,-102.0,,,
32a9e1b718e5a4d96562b644b9cc5f46,BetMGM,2025-12-13 16:22:22.925734+00:00,2025-12-13 16:21:54+00:00,2025-12-13 21:30:00+00:00,Auburn Tigers,Chattanooga Mocs,totals,full_game,,,,,,,151.5,-110.0,-110.0
32a9e1b718e5a4d96562b644b9cc5f46,Bovada,2025-12-13 16:22:22.925734+00:00,2025-12-13 16:21:52+00:00,2025-12-13 21:30:00+00:00,Auburn Tigers,Chattanooga Mocs,h2h,2h,-10000.0,1600.0,,,,,,,
32a9e1b718e5a4d96562b644b9cc5f46,Bovada,2025-12-13 16:22:22.925734+00:00,2025-12-13 16:21:52+00:00,2025-12-13 21:30:00+00:00,Auburn Tigers,Chattanooga Mocs,spreads,full_game,,,-21.5,-105.0,21.5,-115.0,,,
32a9e1b718e5a4d96562b644b9cc5f46,Bovada,2025-12-13 16:22:22.925734+00:00,2025-12-13 16:21:52+00:00,2025-12-13 21:30:00+00:00,Auburn Tigers,Chattanooga Mocs,totals,full_game,,,,,,,151.5,-110.0,-110.0
32a9e1b718e5a4d96562b644b9cc5f46,Caesars,2025-12-13 16:22:22.925734+00:00,2025-12-13 16:17:55+00:00,2025-12-13 21:30:00+00:00,Auburn Tigers,Chattanooga Mocs,spreads,full_game,,,-21.5,-110.0,21.5,-110.0,,,
32a9e1b718e5a4d96562b644b9cc5f46,Caesars,2025-12-13 16:22:22.925734+00:00,2025-12-13 16:17:55+00:00,2025-12-13 21:30:00+00:00,Auburn Tigers,Chattanooga Mocs,totals,full_game,,,,,,,151.5,-110.0,-110.0
32a9e1b718e5a4d96562b644b9cc5f46,BetUS,2025-12-13 16:22:22.925734+00:00,2025-12-13 16:22:17+00:00,2025-12-13 21:30:00+00:00,Auburn Tigers,Chattanooga Mocs,spreads,full_game,,,-21.5,-110.0,21.5,-110.0,,,
32a9e1b718e5a4d96562b644b9cc5f46,BetUS,2025-12-13 16:22:22.925734+00:00,2025-12-13 16:22:17+00:00,2025-12-13 21:30:00+00:00,Auburn Tigers,Chattanooga Mocs,totals,full_game,,,,,,,151.5,-110.0,-110.0
32a9e1b718e5a4d96562b644b9cc5f46,BetRivers,2025-12-13 16:22:22.925734+00:00,2025-12-13 16:22:17+00:00,2025-12-13 21:30:00+00:00,Auburn Tigers,Chattanooga Mocs,h2h,2h,-10000.0,1400.0,,,,,,,
32a9e1b718e5a4d96562b644b9cc5f46,BetRivers,2025-12-13 16:22:22.925734+00:00,2025-12-13 16:22:17+00:00,2025-12-13 21:30:00+00:00,Auburn Tigers,Chattanooga Mocs,spreads,full_game,,,-22.0,-109.0,22.0,-114.0,,,
32a9e1b718e5a4d96562b644b9cc5f46,BetRivers,2025-12-13 16:22:22.925734+00:00,2025-12-13 16:22:17+00:00,2025-12-13 21:30:00+00:00,Auburn Tigers,Chattanooga Mocs,totals,full_game,,,,,,,151.5,-113.0,-110.0
6f0dddd6d0f9a60cbf36ac3d1f7d190c,DraftKings,2025-12-13 16:22:22.925734+00:00,2025-12-13 16:21:38+00:00,2025-12-13 21:30:00+00:00,Houston Christian Huskies,SE Louisiana Lions,h2h,2h,-148.0,124.0,,,,,,,
6f0dddd6d0f9a60cbf36ac3d1f7d190c,DraftKings,2025-12-13 16:22:22.925734+00:00,2025-12-13 16:21:38+00:00,2025-12-13 21:30:00+00:00,Houston Christian Huskies,SE Louisiana Lions,spreads,full_game,,,-2.5,-108.0,2.5,-112.0,,,
6f0dddd6d0f9a60cbf36ac3d1f7d190c,DraftKings,2025-12-13 16:22:22.925734+00:00,2025-12-13 16:21:38+00:00,2025-12-13 21:30:00+00:00,Houston Christian Huskies,SE Louisiana Lions,totals,full_game,,,,,,,132.5,-105.0,-115.0
6f0dddd6d0f9a60cbf36ac3d1f7d190c,LowVig.ag,2025-12-13 16:22:22.925734+00:00,2025-12-13 16:21:25+00:00,2025-12-13 21:30:00+00:00,Houston Christian Huskies,SE Louisiana Lions,spreads,full_game,,,-2.5,-101.0,2.5,-111.0,,,
6f0dddd6d0f9a60cbf36ac3d1f7d190c,LowVig.ag,2025-12-13 16:22:22.925734+00:00,2025-12-13 16:21:25+00:00,2025-12-13 21:30:00+00:00,Houston Christian Huskies,SE Louisiana Lions,totals,full_game,,,,,,,132.0,-108.0,-108.0
6f0dddd6d0f9a60cbf36ac3d1f7d190c,BetOnline.ag,2025-12-13 16:22:22.925734+00:00,2025-12-13 16:21:39+00:00,2025-12-13 21:30:00+00:00,Houston Christian Huskies,SE Louisiana Lions,spreads,full_game,,,-2.5,-105.0,2.5,-115.0,,,
6f0dddd6d0f9a60cbf36ac3d1f7d190c,BetOnline.ag,2025-12-13 16:22:22.925734+00:00,2025-12-13 16:21:39+00:00,2025-12-13 21:30:00+00:00,Houston Christian Huskies,SE Louisiana Lions,totals,full_game,,,,,,,132.0,-110.0,-110.0
6f0dddd6d0f9a60cbf36ac3d1f7d190c,BetMGM,2025-12-13 16:22:22.925734+00:00,2025-12-13 16:21:54+00:00,2025-12-13 21:30:00+00:00,Houston Christian Huskies,SE Louisiana Lions,h2h,2h,-150.0,125.0,,,,,,,
6f0dddd6d0f9a60cbf36ac3d1f7d190c,BetMGM,2025-12-13 16:22:22.925734+00:00,2025-12-13 16:21:54+00:00,2025-12-13 21:30:00+00:00,Houston Christian Huskies,SE Louisiana Lions,spreads,full_game,,,-2.5,-110.0,2.5,-110.0,,,
6f0dddd6d0f9a60cbf36ac3d1f7d190c,BetMGM,2025-12-13 16:22:22.925734+00:00,2025-12-13 16:21:54+00:00,2025-12-13 21:30:00+00:00,Houston Christian Huskies,SE Louisiana Lions,totals,full_game,,,,,,,131.5,-110.0,-110.0
6f0dddd6d0f9a60cbf36ac3d1f7d190c,Fanatics,2025-12-13 16:22:22.925734+00:00,2025-12-13 16:21:50+00:00,2025-12-13 21:30:00+00:00,Houston Christian Huskies,SE Louisiana Lions,h2h,2h,-150.0,125.0,,,,,,,
6f0dddd6d0f9a60cbf36ac3d1f7d190c,Fanatics,2025-12-13 16:22:22.925734+00:00,2025-12-13 16:21:50+00:00,2025-12-13 21:30:00+00:00,Houston Christian Huskies,SE Louisiana Lions,spreads,full_game,,,-2.5,-115.0,2.5,-105.0,,,
6f0dddd6d0f9a60cbf36ac3d1f7d190c,Fanatics,2025-12-13 16:22:22.925734+00:00,2025-12-13 16:21:50+00:00,2025-12-13 21:30:00+00:00,Houston Christian Huskies,SE Louisiana Lions,totals,full_game,,,,,,,133.0,-110.0,-110.0
6f0dddd6d0f9a60cbf36ac3d1f7d190c,FanDuel,2025-12-13 16:22:22.925734+00:00,2025-12-13 16:21:13+00:00,2025-12-13 21:30:00+00:00,Houston Christian Huskies,SE Louisiana Lions,h2h,2h,-168.0,136.0,,,,,,,
6f0dddd6d0f9a60cbf36ac3d1f7d190c,FanDuel,2025-12-13 16:22:22.925734+00:00,2025-12-13 16:21:13+00:00,2025-12-13 21:30:00+00:00,Houston Christian Huskies,SE Louisiana Lions,spreads,full_game,,,-2.5,-118.0,2.5,-104.0,,,
6f0dddd6d0f9a60cbf36ac3d1f7d190c,FanDuel,2025-12-13 16:22:22.925734+00:00,2025-12-13 16:21:13+00:00,2025-12-13 21:30:00+00:00,Houston Christian Huskies,SE Louisiana Lions,totals,full_game,,,,,,,132.5,-110.0,-110.0
6f0dddd6d0f9a60cbf36ac3d1f7d190c,BetRivers,2025-12-13 16:22:22.925734+00:00,2025-12-13 16:22:17+00:00,2025-12-13 21:30:00+00:00,Houston Christian Huskies,SE Louisiana Lions,h2h,2h,-148.0,115.0,,,,,,,
6f0dddd6d0f9a60cbf36ac3d1f7d190c,BetRivers,2025-12-13 16:22:22.925734+00:00,2025-12-13 16:22:17+00:00,2025-12-13 21:30:00+00:00,Houston Christian Huskies,SE Louisiana Lions,spreads,full_game,,,-2.5,-112.0,2.5,-114.0,,,
6f0dddd6d0f9a60cbf36ac3d1f7d190c,BetRivers,2025-12-13 16:22:22.925734+00:00,2025-12-13 16:22:17+00:00,2025-12-13 21:30:00+00:00,Houston Christian Huskies,SE Louisiana Lions,totals,full_game,,,,,,,132.5,-118.0,-108.0
6f0dddd6d0f9a60cbf36ac3d1f7d190c,Bovada,2025-12-13 16:22:22.925734+00:00,2025-12-13 16:21:52+00:00,2025-12-13 21:30:00+00:00,Houston Christian Huskies,SE Louisiana Lions,h2h,2h,-145.0,125.0,,,,,,,
6f0dddd6d0f9a60cbf36ac3d1f7d190c,Bovada,2025-12-13 16:22:22.925734+00:00,2025-12-13 16:21:52+00:00,2025-12-13 21:30:00+00:00,Houston Christian Huskies,SE Louisiana Lions,spreads,full_game,,,-2.5,-110.0,2.5,-110.0,,,
6f0dddd6d0f9a60cbf36ac3d1f7d190c,Bovada,2025-12-13 16:22:22.925734+00:00,2025-12-13 16:21:52+00:00,2025-12-13 21:30:00+00:00,Houston Christian Huskies,SE Louisiana Lions,totals,full_game,,,,,,,132.5,-115.0,-105.0
6f0dddd6d0f9a60cbf36ac3d1f7d190c,Caesars,2025-12-13 16:22:22.925734+00:00,2025-12-13 16:17:55+00:00,2025-12-13 21:30:00+00:00,Houston Christian Huskies,SE Louisiana Lions,h2h,2h,-145.0,122.0,,,,,,,
6f0dddd6d0f9a60cbf36ac3d1f7d190c,Caesars,2025-12-13 16:22:22.925734+00:00,2025-12-13 16:17:55+00:00,2025-12-13 21:30:00+00:00,Houston Christian Huskies,SE Louisiana Lions,spreads,full_game,,,-2.5,-110.0,2.5,-110.0,,,
6f0dddd6d0f9a60cbf36ac3d1f7d190c,Caesars,2025-12-13 16:22:22.925734+00:00,2025-12-13 16:17:55+00:00,2025-12-13 21:30:00+00:00,Houston Christian Huskies,SE Louisiana Lions,totals,full_game,,,,,,,132.0,-110.0,-110.0
3ecc3cfb52c490029cdb4ae26d8d1ad4,FanDuel,2025-12-13 16:22:22.925734+00:00,2025-12-13 16:21:13+00:00,2025-12-13 21:30:36+00:00,Villanova Wildcats,Pittsburgh Panthers,h2h,2h,-610.0,440.0,,,,,,,
3ecc3cfb52c490029cdb4ae26d8d1ad4,FanDuel,2025-12-13 16:22:22.925734+00:00,2025-12-13 16:21:13+00:00,2025-12-13 21:30:36+00:00,Villanova Wildcats,Pittsburgh Panthers,spreads,full_game,,,-9.5,-115.0,9.5,-105.0,,,
3ecc3cfb52c490029cdb4ae26d8d1ad4,FanDuel,2025-12-13 16:22:22.925734+00:00,2025-12-13 16:21:13+00:00,2025-12-13 21:30:36+00:00,Villanova Wildcats,Pittsburgh Panthers,totals,full_game,,,,,,,135.5,-115.0,-105.0
3ecc3cfb52c490029cdb4ae26d8d1ad4,Fanatics,2025-12-13 16:22:22.925734+00:00,2025-12-13 16:21:50+00:00,2025-12-13 21:30:36+00:00,Villanova Wildcats,Pittsburgh Panthers,h2h,2h,-550.0,400.0,,,,,,,
3ecc3cfb52c490029cdb4ae26d8d1ad4,Fanatics,2025-12-13 16:22:22.925734+00:00,2025-12-13 16:21:50+00:00,2025-12-13 21:30:36+00:00,Villanova Wildcats,Pittsburgh Panthers,spreads,full_game,,,-10.0,-110.0,10.0,-110.0,,,
3ecc3cfb52c490029cdb4ae26d8d1ad4,Fanatics,2025-12-13 16:22:22.925734+00:00,2025-12-13 16:21:50+00:00,2025-12-13 21:30:36+00:00,Villanova Wildcats,Pittsburgh Panthers,totals,full_game,,,,,,,136.5,-110.0,-110.0
3ecc3cfb52c490029cdb4ae26d8d1ad4,LowVig.ag,2025-12-13 16:22:22.925734+00:00,2025-12-13 16:21:24+00:00,2025-12-13 21:30:36+00:00,Villanova Wildcats,Pittsburgh Panthers,h2h,2h,-545.0,412.0,,,,,,,
3ecc3cfb52c490029cdb4ae26d8d1ad4,LowVig.ag,2025-12-13 16:22:22.925734+00:00,2025-12-13 16:21:24+00:00,2025-12-13 21:30:36+00:00,Villanova Wildcats,Pittsburgh Panthers,spreads,full_game,,,-10.0,-106.0,10.0,-106.0,,,
3ecc3cfb52c490029cdb4ae26d8d1ad4,LowVig.ag,2025-12-13 16:22:22.925734+00:00,2025-12-13 16:21:24+00:00,2025-12-13 21:30:36+00:00,Villanova Wildcats,Pittsburgh Panthers,totals,full_game,,,,,,,135.5,-110.0,-106.0
3ecc3cfb52c490029cdb4ae26d8d1ad4,BetOnline.ag,2025-12-13 16:22:22.925734+00:00,2025-12-13 16:21:39+00:00,2025-12-13 21:30:36+00:00,Villanova Wildcats,Pittsburgh Panthers,h2h,2h,-545.0,412.0,,,,,,,
3ecc3cfb52c490029cdb4ae26d8d1ad4,BetOnline.ag,2025-12-13 16:22:22.925734+00:00,2025-12-13 16:21:39+00:00,2025-12-13 21:30:36+00:00,Villanova Wildcats,Pittsburgh Panthers,spreads,full_game,,,-10.0,-110.0,10.0,-110.0,,,
3ecc3cfb52c490029cdb4ae26d8d1ad4,BetOnline.ag,2025-12-13 16:22:22.925734+00:00,2025-12-13 16:21:39+00:00,2025-12-13 21:30:36+00:00,Villanova Wildcats,Pittsburgh Panthers,totals,full_game,,,,,,,135.5,-112.0,-108.0
3ecc3cfb52c490029cdb4ae26d8d1ad4,Caesars,2025-12-13 16:22:22.925734+00:00,2025-12-13 16:17:55+00:00,2025-12-13 21:30:36+00:00,Villanova Wildcats,Pittsburgh Panthers,h2h,2h,-600.0,430.0,,,,,,,
3ecc3cfb52c490029cdb4ae26d8d1ad4,Caesars,2025-12-13 16:22:22.925734+00:00,2025-12-13 16:17:55+00:00,2025-12-13 21:30:36+00:00,Villanova Wildcats,Pittsburgh Panthers,spreads,full_game,,,-10.0,-110.0,10.0,-110.0,,,
3ecc3cfb52c490029cdb4ae26d8d1ad4,Caesars,2025-12-13 16:22:22.925734+00:00,2025-12-13 16:17:55+00:00,2025-12-13 21:30:36+00:00,Villanova Wildcats,Pittsburgh Panthers,totals,full_game,,,,,,,136.5,-110.0,-110.0
3ecc3cfb52c490029cdb4ae26d8d1ad4,DraftKings,2025-12-13 16:22:22.925734+00:00,2025-12-13 16:21:38+00:00,2025-12-13 21:30:36+00:00,Villanova Wildcats,Pittsburgh Panthers,h2h,2h,-575.0,425.0,,,,,,,
3ecc3cfb52c490029cdb4ae26d8d1ad4,DraftKings,2025-12-13 16:22:22.925734+00:00,2025-12-13 16:21:38+00:00,2025-12-13 21:30:36+00:00,Villanova Wildcats,Pittsburgh Panthers,spreads,full_game,,,-9.5,-118.0,9.5,-102.0,,,
3ecc3cfb52c490029cdb4ae26d8d1ad4,DraftKings,2025-12-13 16:22:22.925734+00:00,2025-12-13 16:21:38+00:00,2025-12-13 21:30:36+00:00,Villanova Wildcats,Pittsburgh Panthers,totals,full_game,,,,,,,136.5,-110.0,-110.0
3ecc3cfb52c490029cdb4ae26d8d1ad4,BetMGM,2025-12-13 16:22:22.925734+00:00,2025-12-13 16:21:54+00:00,2025-12-13 21:30:36+00:00,Villanova Wildcats,Pittsburgh Panthers,h2h,2h,-550.0,400.0,,,,,,,
3ecc3cfb52c490029cdb4ae26d8d1ad4,BetMGM,2025-12-13 16:22:22.925734+00:00,2025-12-13 16:21:54+00:00,2025-12-13 21:30:36+00:00,Villanova Wildcats,Pittsburgh Panthers,spreads,full_game,,,-9.5,-118.0,9.5,-102.0,,,
3ecc3cfb52c490029cdb4ae26d8d1ad4,BetMGM,2025-12-13 16:22:22.925734+00:00,2025-12-13 16:21:54+00:00,2025-12-13 21:30:36+00:00,Villanova Wildcats,Pittsburgh Panthers,totals,full_game,,,,,,,136.5,-105.0,-115.0
3ecc3cfb52c490029cdb4ae26d8d1ad4,Bovada,2025-12-13 16:22:22.925734+00:00,2025-12-13 16:21:52+00:00,2025-12-13 21:30:36+00:00,Villanova Wildcats,Pittsburgh Panthers,h2h,2h,-575.0,400.0,,,,,,,
3ecc3cfb52c490029cdb4ae26d8d1ad4,Bovada,2025-12-13 16:22:22.925734+00:00,2025-12-13 16:21:52+00:00,2025-12-13 21:30:36+00:00,Villanova Wildcats,Pittsburgh Panthers,spreads,full_game,,,-10.0,-110.0,10.0,-110.0,,,
3ecc3cfb52c490029cdb4ae26d8d1ad4,Bovada,2025-12-13 16:22:22.925734+00:00,2025-12-13 16:21:52+00:00,2025-12-13 21:30:36+00:00,Villanova Wildcats,Pittsburgh Panthers,totals,full_game,,,,,,,136.5,-110.0,-110.0
3ecc3cfb52c490029cdb4ae26d8d1ad4,BetUS,2025-12-13 16:22:22.925734+00:00,2025-12-13 16:22:17+00:00,2025-12-13 21:30:36+00:00,Villanova Wildcats,Pittsburgh Panthers,h2h,2h,-545.0,422.0,,,,,,,
3ecc3cfb52c490029cdb4ae26d8d1ad4,BetUS,2025-12-13 16:22:22.925734+00:00,2025-12-13 16:22:17+00:00,2025-12-13 21:30:36+00:00,Villanova Wildcats,Pittsburgh Panthers,spreads,full_game,,,-10.0,-110.0,10.0,-110.0,,,
3ecc3cfb52c490029cdb4ae26d8d1ad4,BetUS,2025-12-13 16:22:22.925734+00:00,2025-12-13 16:22:17+00:00,2025-12-13 21:30:36+00:00,Villanova Wildcats,Pittsburgh Panthers,totals,full_game,,,,,,,136.5,-110.0,-110.0
3ecc3cfb52c490029cdb4ae26d8d1ad4,BetRivers,2025-12-13 16:22:22.925734+00:00,2025-12-13 16:22:17+00:00,2025-12-13 21:30:36+00:00,Villanova Wildcats,Pittsburgh Panthers,h2h,2h,-625.0,430.0,,,,,,,
3ecc3cfb52c490029cdb4ae26d8d1ad4,BetRivers,2025-12-13 16:22:22.925734+00:00,2025-12-13 16:22:17+00:00,2025-12-13 21:30:36+00:00,Villanova Wildcats,Pittsburgh Panthers,spreads,full_game,,,-10.5,-109.0,10.5,-114.0,,,
3ecc3cfb52c490029cdb4ae26d8d1ad4,BetRivers,2025-12-13 16:22:22.925734+00:00,2025-12-13 16:22:17+00:00,2025-12-13 21:30:36+00:00,Villanova Wildcats,Pittsburgh Panthers,totals,full_game,,,,,,,137.0,-110.0,-113.0
f8823abbebc1315451cbcdf4a8bf7f4b,FanDuel,2025-12-13 16:22:22.925734+00:00,2025-12-13 16:21:13+00:00,2025-12-13 22:00:00+00:00,California Golden Bears,Northwestern St Demons,h2h,2h,-4500.0,1600.0,,,,,,,
f8823abbebc1315451cbcdf4a8bf7f4b,FanDuel,2025-12-13 16:22:22.925734+00:00,2025-12-13 16:21:13+00:00,2025-12-13 22:00:00+00:00,California Golden Bears,Northwestern St Demons,spreads,full_game,,,-20.5,-108.0,20.5,-112.0,,,
f8823abbebc1315451cbcdf4a8bf7f4b,FanDuel,2025-12-13 16:22:22.925734+00:00,2025-12-13 16:21:13+00:00,2025-12-13 22:00:00+00:00,California Golden Bears,Northwestern St Demons,totals,full_game,,,,,,,145.5,-110.0,-110.0
f8823abbebc1315451cbcdf4a8bf7f4b,Fanatics,2025-12-13 16:22:22.925734+00:00,2025-12-13 16:21:50+00:00,2025-12-13 22:00:00+00:00,California Golden Bears,Northwestern St Demons,h2h,2h,-5000.0,1700.0,,,,,,,
f8823abbebc1315451cbcdf4a8bf7f4b,Fanatics,2025-12-13 16:22:22.925734+00:00,2025-12-13 16:21:50+00:00,2025-12-13 22:00:00+00:00,California Golden Bears,Northwestern St Demons,spreads,full_game,,,-20.5,-110.0,20.5,-110.0,,,
f8823abbebc1315451cbcdf4a8bf7f4b,Fanatics,2025-12-13 16:22:22.925734+00:00,2025-12-13 16:21:50+00:00,2025-12-13 22:00:00+00:00,California Golden Bears,Northwestern St Demons,totals,full_game,,,,,,,145.0,-110.0,-110.0
f8823abbebc1315451cbcdf4a8bf7f4b,DraftKings,2025-12-13 16:22:22.925734+00:00,2025-12-13 16:21:38+00:00,2025-12-13 22:00:00+00:00,California Golden Bears,Northwestern St Demons,spreads,full_game,,,-20.5,-108.0,20.5,-112.0,,,
f8823abbebc1315451cbcdf4a8bf7f4b,DraftKings,2025-12-13 16:22:22.925734+00:00,2025-12-13 16:21:38+00:00,2025-12-13 22:00:00+00:00,California Golden Bears,Northwestern St Demons,totals,full_game,,,,,,,145.5,-108.0,-112.0
f8823abbebc1315451cbcdf4a8bf7f4b,LowVig.ag,2025-12-13 16:22:22.925734+00:00,2025-12-13 16:21:25+00:00,2025-12-13 22:00:00+00:00,California Golden Bears,Northwestern St Demons,spreads,full_game,,,-20.0,-106.0,20.0,-106.0,,,
f8823abbebc1315451cbcdf4a8bf7f4b,LowVig.ag,2025-12-13 16:22:22.925734+00:00,2025-12-13 16:21:25+00:00,2025-12-13 22:00:00+00:00,California Golden Bears,Northwestern St Demons,totals,full_game,,,,,,,145.0,-113.0,-103.0
f8823abbebc1315451cbcdf4a8bf7f4b,BetOnline.ag,2025-12-13 16:22:22.925734+00:00,2025-12-13 16:21:39+00:00,2025-12-13 22:00:00+00:00,California Golden Bears,Northwestern St Demons,spreads,full_game,,,-20.0,-110.0,20.0,-110.0,,,
f8823abbebc1315451cbcdf4a8bf7f4b,BetOnline.ag,2025-12-13 16:22:22.925734+00:00,2025-12-13 16:21:39+00:00,2025-12-13 22:00:00+00:00,California Golden Bears,Northwestern St Demons,totals,full_game,,,,,,,145.0,-115.0,-105.0
f8823abbebc1315451cbcdf4a8bf7f4b,BetMGM,2025-12-13 16:22:22.925734+00:00,2025-12-13 16:21:54+00:00,2025-12-13 22:00:00+00:00,California Golden Bears,Northwestern St Demons,h2h,2h,-5000.0,1400.0,,,,,,,
f8823abbebc1315451cbcdf4a8bf7f4b,BetMGM,2025-12-13 16:22:22.925734+00:00,2025-12-13 16:21:54+00:00,2025-12-13 22:00:00+00:00,California Golden Bears,Northwestern St Demons,spreads,full_game,,,-20.5,-110.0,20.5,-110.0,,,
f8823abbebc1315451cbcdf4a8bf7f4b,BetMGM,2025-12-13 16:22:22.925734+00:00,2025-12-13 16:21:54+00:00,2025-12-13 22:00:00+00:00,California Golden Bears,Northwestern St Demons,totals,full_game,,,,,,,145.5,-110.0,-110.0
f8823abbebc1315451cbcdf4a8bf7f4b,BetRivers,2025-12-13 16:22:22.925734+00:00,2025-12-13 16:22:17+00:00,2025-12-13 22:00:00+00:00,California Golden Bears,Northwestern St Demons,h2h,2h,-5000.0,1300.0,,,,,,,
f8823abbebc1315451cbcdf4a8bf7f4b,BetRivers,2025-12-13 16:22:22.925734+00:00,2025-12-13 16:22:17+00:00,2025-12-13 22:00:00+00:00,California Golden Bears,Northwestern St Demons,spreads,full_game,,,-20.5,-110.0,20.5,-113.0,,,
f8823abbebc1315451cbcdf4a8bf7f4b,BetRivers,2025-12-13 16:22:22.925734+00:00,2025-12-13 16:22:17+00:00,2025-12-13 22:00:00+00:00,California Golden Bears,Northwestern St Demons,totals,full_game,,,,,,,145.5,-114.0,-109.0
f8823abbebc1315451cbcdf4a8bf7f4b,Bovada,2025-12-13 16:22:22.925734+00:00,2025-12-13 16:21:52+00:00,2025-12-13 22:00:00+00:00,California Golden Bears,Northwestern St Demons,spreads,full_game,,,-20.5,-105.0,20.5,-115.0,,,
f8823abbebc1315451cbcdf4a8bf7f4b,Bovada,2025-12-13 16:22:22.925734+00:00,2025-12-13 16:21:52+00:00,2025-12-13 22:00:00+00:00,California Golden Bears,Northwestern St Demons,totals,full_game,,,,,,,144.5,-110.0,-110.0
f8823abbebc1315451cbcdf4a8bf7f4b,Caesars,2025-12-13 16:22:22.925734+00:00,2025-12-13 16:17:55+00:00,2025-12-13 22:00:00+00:00,California Golden Bears,Northwestern St Demons,spreads,full_game,,,-20.5,-110.0,20.5,-110.0,,,
f8823abbebc1315451cbcdf4a8bf7f4b,Caesars,2025-12-13 16:22:22.925734+00:00,2025-12-13 16:17:55+00:00,2025-12-13 22:00:00+00:00,California Golden Bears,Northwestern St Demons,totals,full_game,,,,,,,145.5,-110.0,-110.0
61e1cb504c893348af81b0c1bbd4c5c8,FanDuel,2025-12-13 16:22:22.925734+00:00,2025-12-13 16:21:13+00:00,2025-12-13 22:00:00+00:00,Utah State Aggies,Illinois St Redbirds,h2h,2h,-430.0,330.0,,,,,,,
61e1cb504c893348af81b0c1bbd4c5c8,FanDuel,2025-12-13 16:22:22.925734+00:00,2025-12-13 16:21:13+00:00,2025-12-13 22:00:00+00:00,Utah State Aggies,Illinois St Redbirds,spreads,full_game,,,-8.5,-110.0,8.5,-110.0,,,
61e1cb504c893348af81b0c1bbd4c5c8,FanDuel,2025-12-13 16:22:22.925734+00:00,2025-12-13 16:21:13+00:00,2025-12-13 22:00:00+00:00,Utah State Aggies,Illinois St Redbirds,totals,full_game,,,,,,,148.5,-110.0,-110.0
61e1cb504c893348af81b0c1bbd4c5c8,BetOnline.ag,2025-12-13 16:22:22.925734+00:00,2025-12-13 16:21:39+00:00,2025-12-13 22:00:00+00:00,Utah State Aggies,Illinois St Redbirds,h2h,2h,-400.0,316.0,,,,,,,
61e1cb504c893348af81b0c1bbd4c5c8,BetOnline.ag,2025-12-13 16:22:22.925734+00:00,2025-12-13 16:21:39+00:00,2025-12-13 22:00:00+00:00,Utah State Aggies,Illinois St Redbirds,spreads,full_game,,,-8.5,-108.0,8.5,-112.0,,,
61e1cb504c893348af81b0c1bbd4c5c8,BetOnline.ag,2025-12-13 16:22:22.925734+00:00,2025-12-13 16:21:39+00:00,2025-12-13 22:00:00+00:00,Utah State Aggies,Illinois St Redbirds,totals,full_game,,,,,,,149.0,-112.0,-108.0
61e1cb504c893348af81b0c1bbd4c5c8,LowVig.ag,2025-12-13 16:22:22.925734+00:00,2025-12-13 16:21:24+00:00,2025-12-13 22:00:00+00:00,Utah State Aggies,Illinois St Redbirds,h2h,2h,-400.0,316.0,,,,,,,
61e1cb504c893348af81b0c1bbd4c5c8,LowVig.ag,2025-12-13 16:22:22.925734+00:00,2025-12-13 16:21:24+00:00,2025-12-13 22:00:00+00:00,Utah State Aggies,Illinois St Redbirds,spreads,full_game,,,-8.5,-104.0,8.5,-108.0,,,
61e1cb504c893348af81b0c1bbd4c5c8,LowVig.ag,2025-12-13 16:22:22.925734+00:00,2025-12-13 16:21:24+00:00,2025-12-13 22:00:00+00:00,Utah State Aggies,Illinois St Redbirds,totals,full_game,,,,,,,149.0,-110.0,-106.0
61e1cb504c893348af81b0c1bbd4c5c8,Fanatics,2025-12-13 16:22:22.925734+00:00,2025-12-13 16:21:50+00:00,2025-12-13 22:00:00+00:00,Utah State Aggies,Illinois St Redbirds,h2h,2h,-375.0,300.0,,,,,,,
61e1cb504c893348af81b0c1bbd4c5c8,Fanatics,2025-12-13 16:22:22.925734+00:00,2025-12-13 16:21:50+00:00,2025-12-13 22:00:00+00:00,Utah State Aggies,Illinois St Redbirds,spreads,full_game,,,-8.0,-115.0,8.0,-105.0,,,
61e1cb504c893348af81b0c1bbd4c5c8,Fanatics,2025-12-13 16:22:22.925734+00:00,2025-12-13 16:21:50+00:00,2025-12-13 22:00:00+00:00,Utah State Aggies,Illinois St Redbirds,totals,full_game,,,,,,,148.5,-110.0,-110.0
61e1cb504c893348af81b0c1bbd4c5c8,DraftKings,2025-12-13 16:22:22.925734+00:00,2025-12-13 16:21:38+00:00,2025-12-13 22:00:00+00:00,Utah State Aggies,Illinois St Redbirds,h2h,2h,-410.0,320.0,,,,,,,
61e1cb504c893348af81b0c1bbd4c5c8,DraftKings,2025-12-13 16:22:22.925734+00:00,2025-12-13 16:21:38+00:00,2025-12-13 22:00:00+00:00,Utah State Aggies,Illinois St Redbirds,spreads,full_game,,,-8.5,-105.0,8.5,-115.0,,,
61e1cb504c893348af81b0c1bbd4c5c8,DraftKings,2025-12-13 16:22:22.925734+00:00,2025-12-13 16:21:38+00:00,2025-12-13 22:00:00+00:00,Utah State Aggies,Illinois St Redbirds,totals,full_game,,,,,,,149.5,-105.0,-115.0
61e1cb504c893348af81b0c1bbd4c5c8,BetMGM,2025-12-13 16:22:22.925734+00:00,2025-12-13 16:21:54+00:00,2025-12-13 22:00:00+00:00,Utah State Aggies,Illinois St Redbirds,h2h,2h,-400.0,310.0,,,,,,,
61e1cb504c893348af81b0c1bbd4c5c8,BetMGM,2025-12-13 16:22:22.925734+00:00,2025-12-13 16:21:54+00:00,2025-12-13 22:00:00+00:00,Utah State Aggies,Illinois St Redbirds,spreads,full_game,,,-8.5,-110.0,8.5,-110.0,,,
61e1cb504c893348af81b0c1bbd4c5c8,BetMGM,2025-12-13 16:22:22.925734+00:00,2025-12-13 16:21:54+00:00,2025-12-13 22:00:00+00:00,Utah State Aggies,Illinois St Redbirds,totals,full_game,,,,,,,149.5,-105.0,-115.0
61e1cb504c893348af81b0c1bbd4c5c8,Bovada,2025-12-13 16:22:22.925734+00:00,2025-12-13 16:21:52+00:00,2025-12-13 22:00:00+00:00,Utah State Aggies,Illinois St Redbirds,h2h,2h,-400.0,300.0,,,,,,,
61e1cb504c893348af81b0c1bbd4c5c8,Bovada,2025-12-13 16:22:22.925734+00:00,2025-12-13 16:21:52+00:00,2025-12-13 22:00:00+00:00,Utah State Aggies,Illinois St Redbirds,spreads,full_game,,,-8.0,-115.0,8.0,-105.0,,,
61e1cb504c893348af81b0c1bbd4c5c8,Bovada,2025-12-13 16:22:22.925734+00:00,2025-12-13 16:21:52+00:00,2025-12-13 22:00:00+00:00,Utah State Aggies,Illinois St Redbirds,totals,full_game,,,,,,,148.5,-110.0,-110.0
61e1cb504c893348af81b0c1bbd4c5c8,BetUS,2025-12-13 16:22:22.925734+00:00,2025-12-13 16:22:17+00:00,2025-12-13 22:00:00+00:00,Utah State Aggies,Illinois St Redbirds,h2h,2h,-400.0,320.0,,,,,,,
61e1cb504c893348af81b0c1bbd4c5c8,BetUS,2025-12-13 16:22:22.925734+00:00,2025-12-13 16:22:17+00:00,2025-12-13 22:00:00+00:00,Utah State Aggies,Illinois St Redbirds,spreads,full_game,,,-8.5,-110.0,8.5,-110.0,,,
61e1cb504c893348af81b0c1bbd4c5c8,BetUS,2025-12-13 16:22:22.925734+00:00,2025-12-13 16:22:17+00:00,2025-12-13 22:00:00+00:00,Utah State Aggies,Illinois St Redbirds,totals,full_game,,,,,,,149.0,-110.0,-110.0
61e1cb504c893348af81b0c1bbd4c5c8,BetRivers,2025-12-13 16:22:22.925734+00:00,2025-12-13 16:22:17+00:00,2025-12-13 22:00:00+00:00,Utah State Aggies,Illinois St Redbirds,h2h,2h,-400.0,300.0,,,,,,,
61e1cb504c893348af81b0c1bbd4c5c8,BetRivers,2025-12-13 16:22:22.925734+00:00,2025-12-13 16:22:17+00:00,2025-12-13 22:00:00+00:00,Utah State Aggies,Illinois St Redbirds,spreads,full_game,,,-8.5,-112.0,8.5,-112.0,,,
61e1cb504c893348af81b0c1bbd4c5c8,BetRivers,2025-12-13 16:22:22.925734+00:00,2025-12-13 16:22:17+00:00,2025-12-13 22:00:00+00:00,Utah State Aggies,Illinois St Redbirds,totals,full_game,,,,,,,148.5,-109.0,-113.0
26677fb4d87ad3525d5e6d533ba1e4e9,FanDuel,2025-12-13 16:22:22.925734+00:00,2025-12-13 16:21:13+00:00,2025-12-13 22:00:00+00:00,Oregon St Beavers,Montana St Bobcats,h2h,2h,-192.0,158.0,,,,,,,
26677fb4d87ad3525d5e6d533ba1e4e9,FanDuel,2025-12-13 16:22:22.925734+00:00,2025-12-13 16:21:13+00:00,2025-12-13 22:00:00+00:00,Oregon St Beavers,Montana St Bobcats,spreads,full_game,,,-3.5,-110.0,3.5,-110.0,,,
26677fb4d87ad3525d5e6d533ba1e4e9,FanDuel,2025-12-13 16:22:22.925734+00:00,2025-12-13 16:21:13+00:00,2025-12-13 22:00:00+00:00,Oregon St Beavers,Montana St Bobcats,totals,full_game,,,,,,,139.5,-110.0,-110.0
26677fb4d87ad3525d5e6d533ba1e4e9,Fanatics,2025-12-13 16:22:22.925734+00:00,2025-12-13 16:21:50+00:00,2025-12-13 22:00:00+00:00,Oregon St Beavers,Montana St Bobcats,h2h,2h,-170.0,140.0,,,,,,,
26677fb4d87ad3525d5e6d533ba1e4e9,Fanatics,2025-12-13 16:22:22.925734+00:00,2025-12-13 16:21:50+00:00,2025-12-13 22:00:00+00:00,Oregon St Beavers,Montana St Bobcats,spreads,full_game,,,-3.5,-110.0,3.5,-110.0,,,
26677fb4d87ad3525d5e6d533ba1e4e9,Fanatics,2025-12-13 16:22:22.925734+00:00,2025-12-13 16:21:50+00:00,2025-12-13 22:00:00+00:00,Oregon St Beavers,Montana St Bobcats,totals,full_game,,,,,,,140.0,-110.0,-110.0
26677fb4d87ad3525d5e6d533ba1e4e9,BetOnline.ag,2025-12-13 16:22:22.925734+00:00,2025-12-13 16:21:39+00:00,2025-12-13 22:00:00+00:00,Oregon St Beavers,Montana St Bobcats,h2h,2h,-168.0,148.0,,,,,,,
26677fb4d87ad3525d5e6d533ba1e4e9,BetOnline.ag,2025-12-13 16:22:22.925734+00:00,2025-12-13 16:21:39+00:00,2025-12-13 22:00:00+00:00,Oregon St Beavers,Montana St Bobcats,spreads,full_game,,,-3.5,-110.0,3.5,-110.0,,,
26677fb4d87ad3525d5e6d533ba1e4e9,BetOnline.ag,2025-12-13 16:22:22.925734+00:00,2025-12-13 16:21:39+00:00,2025-12-13 22:00:00+00:00,Oregon St Beavers,Montana St Bobcats,totals,full_game,,,,,,,140.5,-110.0,-110.0
26677fb4d87ad3525d5e6d533ba1e4e9,LowVig.ag,2025-12-13 16:22:22.925734+00:00,2025-12-13 16:21:24+00:00,2025-12-13 22:00:00+00:00,Oregon St Beavers,Montana St Bobcats,h2h,2h,-168.0,148.0,,,,,,,
26677fb4d87ad3525d5e6d533ba1e4e9,LowVig.ag,2025-12-13 16:22:22.925734+00:00,2025-12-13 16:21:24+00:00,2025-12-13 22:00:00+00:00,Oregon St Beavers,Montana St Bobcats,spreads,full_game,,,-3.5,-106.0,3.5,-106.0,,,
26677fb4d87ad3525d5e6d533ba1e4e9,LowVig.ag,2025-12-13 16:22:22.925734+00:00,2025-12-13 16:21:24+00:00,2025-12-13 22:00:00+00:00,Oregon St Beavers,Montana St Bobcats,totals,full_game,,,,,,,140.5,-108.0,-108.0
26677fb4d87ad3525d5e6d533ba1e4e9,DraftKings,2025-12-13 16:22:22.925734+00:00,2025-12-13 16:21:38+00:00,2025-12-13 22:00:00+00:00,Oregon St Beavers,Montana St Bobcats,h2h,2h,-180.0,150.0,,,,,,,
26677fb4d87ad3525d5e6d533ba1e4e9,DraftKings,2025-12-13 16:22:22.925734+00:00,2025-12-13 16:21:38+00:00,2025-12-13 22:00:00+00:00,Oregon St Beavers,Montana St Bobcats,spreads,full_game,,,-3.5,-115.0,3.5,-105.0,,,
26677fb4d87ad3525d5e6d533ba1e4e9,DraftKings,2025-12-13 16:22:22.925734+00:00,2025-12-13 16:21:38+00:00,2025-12-13 22:00:00+00:00,Oregon St Beavers,Montana St Bobcats,totals,full_game,,,,,,,140.5,-108.0,-112.0
26677fb4d87ad3525d5e6d533ba1e4e9,BetMGM,2025-12-13 16:22:22.925734+00:00,2025-12-13 16:21:54+00:00,2025-12-13 22:00:00+00:00,Oregon St Beavers,Montana St Bobcats,h2h,2h,-175.0,145.0,,,,,,,
26677fb4d87ad3525d5e6d533ba1e4e9,BetMGM,2025-12-13 16:22:22.925734+00:00,2025-12-13 16:21:54+00:00,2025-12-13 22:00:00+00:00,Oregon St Beavers,Montana St Bobcats,spreads,full_game,,,-3.5,-110.0,3.5,-110.0,,,
26677fb4d87ad3525d5e6d533ba1e4e9,BetMGM,2025-12-13 16:22:22.925734+00:00,2025-12-13 16:21:54+00:00,2025-12-13 22:00:00+00:00,Oregon St Beavers,Montana St Bobcats,totals,full_game,,,,,,,140.5,-110.0,-110.0
26677fb4d87ad3525d5e6d533ba1e4e9,Bovada,2025-12-13 16:22:22.925734+00:00,2025-12-13 16:21:52+00:00,2025-12-13 22:00:00+00:00,Oregon St Beavers,Montana St Bobcats,h2h,2h,-175.0,150.0,,,,,,,
26677fb4d87ad3525d5e6d533ba1e4e9,Bovada,2025-12-13 16:22:22.925734+00:00,2025-12-13 16:21:52+00:00,2025-12-13 22:00:00+00:00,Oregon St Beavers,Montana St Bobcats,spreads,full_game,,,-3.5,-110.0,3.5,-110.0,,,
26677fb4d87ad3525d5e6d533ba1e4e9,Bovada,2025-12-13 16:22:22.925734+00:00,2025-12-13 16:21:52+00:00,2025-12-13 22:00:00+00:00,Oregon St Beavers,Montana St Bobcats,totals,full_game,,,,,,,140.0,-110.0,-110.0
26677fb4d87ad3525d5e6d533ba1e4e9,Caesars,2025-12-13 16:22:22.925734+00:00,2025-12-13 16:17:55+00:00,2025-12-13 22:00:00+00:00,Oregon St Beavers,Montana St Bobcats,h2h,2h,-175.0,148.0,,,,,,,
26677fb4d87ad3525d5e6d533ba1e4e9,Caesars,2025-12-13 16:22:22.925734+00:00,2025-12-13 16:17:55+00:00,2025-12-13 22:00:00+00:00,Oregon St Beavers,Montana St Bobcats,spreads,full_game,,,-3.5,-110.0,3.5,-110.0,,,
26677fb4d87ad3525d5e6d533ba1e4e9,Caesars,2025-12-13 16:22:22.925734+00:00,2025-12-13 16:17:55+00:00,2025-12-13 22:00:00+00:00,Oregon St Beavers,Montana St Bobcats,totals,full_game,,,,,,,140.5,-110.0,-110.0
26677fb4d87ad3525d5e6d533ba1e4e9,BetUS,2025-12-13 16:22:22.925734+00:00,2025-12-13 16:22:17+00:00,2025-12-13 22:00:00+00:00,Oregon St Beavers,Montana St Bobcats,h2h,2h,-170.0,146.0,,,,,,,
26677fb4d87ad3525d5e6d533ba1e4e9,BetUS,2025-12-13 16:22:22.925734+00:00,2025-12-13 16:22:17+00:00,2025-12-13 22:00:00+00:00,Oregon St Beavers,Montana St Bobcats,spreads,full_game,,,-3.5,-110.0,3.5,-110.0,,,
26677fb4d87ad3525d5e6d533ba1e4e9,BetUS,2025-12-13 16:22:22.925734+00:00,2025-12-13 16:22:17+00:00,2025-12-13 22:00:00+00:00,Oregon St Beavers,Montana St Bobcats,totals,full_game,,,,,,,140.5,-110.0,-110.0
26677fb4d87ad3525d5e6d533ba1e4e9,BetRivers,2025-12-13 16:22:22.925734+00:00,2025-12-13 16:22:17+00:00,2025-12-13 22:00:00+00:00,Oregon St Beavers,Montana St Bobcats,h2h,2h,-180.0,143.0,,,,,,,
26677fb4d87ad3525d5e6d533ba1e4e9,BetRivers,2025-12-13 16:22:22.925734+00:00,2025-12-13 16:22:17+00:00,2025-12-13 22:00:00+00:00,Oregon St Beavers,Montana St Bobcats,spreads,full_game,,,-3.5,-113.0,3.5,-110.0,,,
26677fb4d87ad3525d5e6d533ba1e4e9,BetRivers,2025-12-13 16:22:22.925734+00:00,2025-12-13 16:22:17+00:00,2025-12-13 22:00:00+00:00,Oregon St Beavers,Montana St Bobcats,totals,full_game,,,,,,,140.5,-112.0,-112.0
b588fc6fe8dcc1f53b3a0873c7ef8f7e,FanDuel,2025-12-13 16:22:22.925734+00:00,2025-12-13 16:21:13+00:00,2025-12-13 22:00:00+00:00,Ohio Bobcats,St. Bonaventure Bonnies,h2h,2h,210.0,-260.0,,,,,,,
b588fc6fe8dcc1f53b3a0873c7ef8f7e,FanDuel,2025-12-13 16:22:22.925734+00:00,2025-12-13 16:21:13+00:00,2025-12-13 22:00:00+00:00,Ohio Bobcats,St. Bonaventure Bonnies,spreads,full_game,,,5.5,-110.0,-5.5,-110.0,,,
b588fc6fe8dcc1f53b3a0873c7ef8f7e,FanDuel,2025-12-13 16:22:22.925734+00:00,2025-12-13 16:21:13+00:00,2025-12-13 22:00:00+00:00,Ohio Bobcats,St. Bonaventure Bonnies,totals,full_game,,,,,,,150.5,-110.0,-110.0
b588fc6fe8dcc1f53b3a0873c7ef8f7e,LowVig.ag,2025-12-13 16:22:22.925734+00:00,2025-12-13 16:21:24+00:00,2025-12-13 22:00:00+00:00,Ohio Bobcats,St. Bonaventure Bonnies,h2h,2h,207.0,-250.0,,,,,,,
b588fc6fe8dcc1f53b3a0873c7ef8f7e,LowVig.ag,2025-12-13 16:22:22.925734+00:00,2025-12-13 16:21:24+00:00,2025-12-13 22:00:00+00:00,Ohio Bobcats,St. Bonaventure Bonnies,spreads,full_game,,,6.0,-106.0,-6.0,-106.0,,,
b588fc6fe8dcc1f53b3a0873c7ef8f7e,LowVig.ag,2025-12-13 16:22:22.925734+00:00,2025-12-13 16:21:24+00:00,2025-12-13 22:00:00+00:00,Ohio Bobcats,St. Bonaventure Bonnies,totals,full_game,,,,,,,151.0,-108.0,-108.0
b588fc6fe8dcc1f53b3a0873c7ef8f7e,BetOnline.ag,2025-12-13 16:22:22.925734+00:00,2025-12-13 16:21:39+00:00,2025-12-13 22:00:00+00:00,Ohio Bobcats,St. Bonaventure Bonnies,h2h,2h,207.0,-250.0,,,,,,,
b588fc6fe8dcc1f53b3a0873c7ef8f7e,BetOnline.ag,2025-12-13 16:22:22.925734+00:00,2025-12-13 16:21:39+00:00,2025-12-13 22:00:00+00:00,Ohio Bobcats,St. Bonaventure Bonnies,spreads,full_game,,,6.0,-110.0,-6.0,-110.0,,,
b588fc6fe8dcc1f53b3a0873c7ef8f7e,BetOnline.ag,2025-12-13 16:22:22.925734+00:00,2025-12-13 16:21:39+00:00,2025-12-13 22:00:00+00:00,Ohio Bobcats,St. Bonaventure Bonnies,totals,full_game,,,,,,,151.0,-110.0,-110.0
b588fc6fe8dcc1f53b3a0873c7ef8f7e,Fanatics,2025-12-13 16:22:22.925734+00:00,2025-12-13 16:21:50+00:00,2025-12-13 22:00:00+00:00,Ohio Bobcats,St. Bonaventure Bonnies,h2h,2h,200.0,-250.0,,,,,,,
b588fc6fe8dcc1f53b3a0873c7ef8f7e,Fanatics,2025-12-13 16:22:22.925734+00:00,2025-12-13 16:21:50+00:00,2025-12-13 22:00:00+00:00,Ohio Bobcats,St. Bonaventure Bonnies,spreads,full_game,,,6.0,-110.0,-6.0,-110.0,,,
b588fc6fe8dcc1f53b3a0873c7ef8f7e,Fanatics,2025-12-13 16:22:22.925734+00:00,2025-12-13 16:21:50+00:00,2025-12-13 22:00:00+00:00,Ohio Bobcats,St. Bonaventure Bonnies,totals,full_game,,,,,,,151.0,-110.0,-110.0
b588fc6fe8dcc1f53b3a0873c7ef8f7e,DraftKings,2025-12-13 16:22:22.925734+00:00,2025-12-13 16:21:38+00:00,2025-12-13 22:00:00+00:00,Ohio Bobcats,St. Bonaventure Bonnies,h2h,2h,205.0,-250.0,,,,,,,
b588fc6fe8dcc1f53b3a0873c7ef8f7e,DraftKings,2025-12-13 16:22:22.925734+00:00,2025-12-13 16:21:38+00:00,2025-12-13 22:00:00+00:00,Ohio Bobcats,St. Bonaventure Bonnies,spreads,full_game,,,6.5,-112.0,-6.5,-108.0,,,
b588fc6fe8dcc1f53b3a0873c7ef8f7e,DraftKings,2025-12-13 16:22:22.925734+00:00,2025-12-13 16:21:38+00:00,2025-12-13 22:00:00+00:00,Ohio Bobcats,St. Bonaventure Bonnies,totals,full_game,,,,,,,150.5,-115.0,-105.0
b588fc6fe8dcc1f53b3a0873c7ef8f7e,BetMGM,2025-12-13 16:22:22.925734+00:00,2025-12-13 16:21:54+00:00,2025-12-13 22:00:00+00:00,Ohio Bobcats,St. Bonaventure Bonnies,h2h,2h,200.0,-250.0,,,,,,,
b588fc6fe8dcc1f53b3a0873c7ef8f7e,BetMGM,2025-12-13 16:22:22.925734+00:00,2025-12-13 16:21:54+00:00,2025-12-13 22:00:00+00:00,Ohio Bobcats,St. Bonaventure Bonnies,spreads,full_game,,,5.5,-105.0,-5.5,-115.0,,,
b588fc6fe8dcc1f53b3a0873c7ef8f7e,BetMGM,2025-12-13 16:22:22.925734+00:00,2025-12-13 16:21:54+00:00,2025-12-13 22:00:00+00:00,Ohio Bobcats,St. Bonaventure Bonnies,totals,full_game,,,,,,,151.5,-110.0,-110.0
b588fc6fe8dcc1f53b3a0873c7ef8f7e,Bovada,2025-12-13 16:22:22.925734+00:00,2025-12-13 16:21:52+00:00,2025-12-13 22:00:00+00:00,Ohio Bobcats,St. Bonaventure Bonnies,h2h,2h,210.0,-250.0,,,,,,,
b588fc6fe8dcc1f53b3a0873c7ef8f7e,Bovada,2025-12-13 16:22:22.925734+00:00,2025-12-13 16:21:52+00:00,2025-12-13 22:00:00+00:00,Ohio Bobcats,St. Bonaventure Bonnies,spreads,full_game,,,6.0,-110.0,-6.0,-110.0,,,
b588fc6fe8dcc1f53b3a0873c7ef8f7e,Bovada,2025-12-13 16:22:22.925734+00:00,2025-12-13 16:21:52+00:00,2025-12-13 22:00:00+00:00,Ohio Bobcats,St. Bonaventure Bonnies,totals,full_game,,,,,,,151.0,-110.0,-110.0
b588fc6fe8dcc1f53b3a0873c7ef8f7e,Caesars,2025-12-13 16:22:22.925734+00:00,2025-12-13 16:17:55+00:00,2025-12-13 22:00:00+00:00,Ohio Bobcats,St. Bonaventure Bonnies,h2h,2h,210.0,-260.0,,,,,,,
b588fc6fe8dcc1f53b3a0873c7ef8f7e,Caesars,2025-12-13 16:22:22.925734+00:00,2025-12-13 16:17:55+00:00,2025-12-13 22:00:00+00:00,Ohio Bobcats,St. Bonaventure Bonnies,spreads,full_game,,,5.5,-110.0,-5.5,-110.0,,,
b588fc6fe8dcc1f53b3a0873c7ef8f7e,Caesars,2025-12-13 16:22:22.925734+00:00,2025-12-13 16:17:55+00:00,2025-12-13 22:00:00+00:00,Ohio Bobcats,St. Bonaventure Bonnies,totals,full_game,,,,,,,149.5,-110.0,-110.0
b588fc6fe8dcc1f53b3a0873c7ef8f7e,BetUS,2025-12-13 16:22:22.925734+00:00,2025-12-13 16:22:17+00:00,2025-12-13 22:00:00+00:00,Ohio Bobcats,St. Bonaventure Bonnies,h2h,2h,210.0,-250.0,,,,,,,
b588fc6fe8dcc1f53b3a0873c7ef8f7e,BetUS,2025-12-13 16:22:22.925734+00:00,2025-12-13 16:22:17+00:00,2025-12-13 22:00:00+00:00,Ohio Bobcats,St. Bonaventure Bonnies,spreads,full_game,,,6.0,-110.0,-6.0,-110.0,,,
b588fc6fe8dcc1f53b3a0873c7ef8f7e,BetUS,2025-12-13 16:22:22.925734+00:00,2025-12-13 16:22:17+00:00,2025-12-13 22:00:00+00:00,Ohio Bobcats,St. Bonaventure Bonnies,totals,full_game,,,,,,,151.0,-110.0,-110.0
b588fc6fe8dcc1f53b3a0873c7ef8f7e,BetRivers,2025-12-13 16:22:22.925734+00:00,2025-12-13 16:22:17+00:00,2025-12-13 22:00:00+00:00,Ohio Bobcats,St. Bonaventure Bonnies,h2h,2h,205.0,-265.0,,,,,,,
b588fc6fe8dcc1f53b3a0873c7ef8f7e,BetRivers,2025-12-13 16:22:22.925734+00:00,2025-12-13 16:22:17+00:00,2025-12-13 22:00:00+00:00,Ohio Bobcats,St. Bonaventure Bonnies,spreads,full_game,,,6.0,-114.0,-6.0,-109.0,,,
b588fc6fe8dcc1f53b3a0873c7ef8f7e,BetRivers,2025-12-13 16:22:22.925734+00:00,2025-12-13 16:22:17+00:00,2025-12-13 22:00:00+00:00,Ohio Bobcats,St. Bonaventure Bonnies,totals,full_game,,,,,,,151.5,-113.0,-110.0
2e0db39bd808302b1811ad2867fa377e,FanDuel,2025-12-13 16:22:22.925734+00:00,2025-12-13 16:21:13+00:00,2025-12-13 22:30:15+00:00,NC State Wolfpack,Kansas Jayhawks,h2h,2h,-156.0,130.0,,,,,,,
2e0db39bd808302b1811ad2867fa377e,FanDuel,2025-12-13 16:22:22.925734+00:00,2025-12-13 16:21:13+00:00,2025-12-13 22:30:15+00:00,NC State Wolfpack,Kansas Jayhawks,spreads,full_game,,,-2.5,-120.0,2.5,-102.0,,,
2e0db39bd808302b1811ad2867fa377e,FanDuel,2025-12-13 16:22:22.925734+00:00,2025-12-13 16:21:13+00:00,2025-12-13 22:30:15+00:00,NC State Wolfpack,Kansas Jayhawks,totals,full_game,,,,,,,147.5,-115.0,-105.0
2e0db39bd808302b1811ad2867fa377e,Fanatics,2025-12-13 16:22:22.925734+00:00,2025-12-13 16:21:51+00:00,2025-12-13 22:30:15+00:00,NC State Wolfpack,Kansas Jayhawks,h2h,2h,-160.0,130.0,,,,,,,
2e0db39bd808302b1811ad2867fa377e,Fanatics,2025-12-13 16:22:22.925734+00:00,2025-12-13 16:21:51+00:00,2025-12-13 22:30:15+00:00,NC State Wolfpack,Kansas Jayhawks,spreads,full_game,,,-3.0,-110.0,3.0,-110.0,,,
2e0db39bd808302b1811ad2867fa377e,Fanatics,2025-12-13 16:22:22.925734+00:00,2025-12-13 16:21:51+00:00,2025-12-13 22:30:15+00:00,NC State Wolfpack,Kansas Jayhawks,totals,full_game,,,,,,,147.5,-110.0,-110.0
2e0db39bd808302b1811ad2867fa377e,DraftKings,2025-12-13 16:22:22.925734+00:00,2025-12-13 16:21:38+00:00,2025-12-13 22:30:15+00:00,NC State Wolfpack,Kansas Jayhawks,h2h,2h,-155.0,130.0,,,,,,,
2e0db39bd808302b1811ad2867fa377e,DraftKings,2025-12-13 16:22:22.925734+00:00,2025-12-13 16:21:38+00:00,2025-12-13 22:30:15+00:00,NC State Wolfpack,Kansas Jayhawks,spreads,full_game,,,-2.5,-115.0,2.5,-105.0,,,
2e0db39bd808302b1811ad2867fa377e,DraftKings,2025-12-13 16:22:22.925734+00:00,2025-12-13 16:21:38+00:00,2025-12-13 22:30:15+00:00,NC State Wolfpack,Kansas Jayhawks,totals,full_game,,,,,,,148.5,-105.0,-115.0
2e0db39bd808302b1811ad2867fa377e,BetRivers,2025-12-13 16:22:22.925734+00:00,2025-12-13 16:22:17+00:00,2025-12-13 22:30:15+00:00,NC State Wolfpack,Kansas Jayhawks,h2h,2h,-155.0,125.0,,,,,,,
2e0db39bd808302b1811ad2867fa377e,BetRivers,2025-12-13 16:22:22.925734+00:00,2025-12-13 16:22:17+00:00,2025-12-13 22:30:15+00:00,NC State Wolfpack,Kansas Jayhawks,spreads,full_game,,,-3.0,-109.0,3.0,-114.0,,,
2e0db39bd808302b1811ad2867fa377e,BetRivers,2025-12-13 16:22:22.925734+00:00,2025-12-13 16:22:17+00:00,2025-12-13 22:30:15+00:00,NC State Wolfpack,Kansas Jayhawks,totals,full_game,,,,,,,147.5,-112.0,-112.0
2e0db39bd808302b1811ad2867fa377e,Caesars,2025-12-13 16:22:22.925734+00:00,2025-12-13 16:17:55+00:00,2025-12-13 22:30:15+00:00,NC State Wolfpack,Kansas Jayhawks,h2h,2h,-165.0,140.0,,,,,,,
2e0db39bd808302b1811ad2867fa377e,Caesars,2025-12-13 16:22:22.925734+00:00,2025-12-13 16:17:55+00:00,2025-12-13 22:30:15+00:00,NC State Wolfpack,Kansas Jayhawks,spreads,full_game,,,-3.0,-110.0,3.0,-110.0,,,
2e0db39bd808302b1811ad2867fa377e,Caesars,2025-12-13 16:22:22.925734+00:00,2025-12-13 16:17:55+00:00,2025-12-13 22:30:15+00:00,NC State Wolfpack,Kansas Jayhawks,totals,full_game,,,,,,,149.0,-110.0,-110.0
2e0db39bd808302b1811ad2867fa377e,BetMGM,2025-12-13 16:22:22.925734+00:00,2025-12-13 16:21:54+00:00,2025-12-13 22:30:15+00:00,NC State Wolfpack,Kansas Jayhawks,h2h,2h,-160.0,135.0,,,,,,,
2e0db39bd808302b1811ad2867fa377e,BetMGM,2025-12-13 16:22:22.925734+00:00,2025-12-13 16:21:54+00:00,2025-12-13 22:30:15+00:00,NC State Wolfpack,Kansas Jayhawks,spreads,full_game,,,-2.5,-118.0,2.5,-102.0,,,
2e0db39bd808302b1811ad2867fa377e,BetMGM,2025-12-13 16:22:22.925734+00:00,2025-12-13 16:21:54+00:00,2025-12-13 22:30:15+00:00,NC State Wolfpack,Kansas Jayhawks,totals,full_game,,,,,,,147.5,-110.0,-110.0
2e0db39bd808302b1811ad2867fa377e,BetOnline.ag,2025-12-13 16:22:22.925734+00:00,2025-12-13 16:21:39+00:00,2025-12-13 22:30:15+00:00,NC State Wolfpack,Kansas Jayhawks,h2h,2h,-155.0,135.0,,,,,,,
2e0db39bd808302b1811ad2867fa377e,BetOnline.ag,2025-12-13 16:22:22.925734+00:00,2025-12-13 16:21:39+00:00,2025-12-13 22:30:15+00:00,NC State Wolfpack,Kansas Jayhawks,spreads,full_game,,,-2.5,-115.0,2.5,-105.0,,,
2e0db39bd808302b1811ad2867fa377e,BetOnline.ag,2025-12-13 16:22:22.925734+00:00,2025-12-13 16:21:39+00:00,2025-12-13 22:30:15+00:00,NC State Wolfpack,Kansas Jayhawks,totals,full_game,,,,,,,148.0,-110.0,-110.0
2e0db39bd808302b1811ad2867fa377e,LowVig.ag,2025-12-13 16:22:22.925734+00:00,2025-12-13 16:21:24+00:00,2025-12-13 22:30:15+00:00,NC State Wolfpack,Kansas Jayhawks,h2h,2h,-150.0,130.0,,,,,,,
2e0db39bd808302b1811ad2867fa377e,LowVig.ag,2025-12-13 16:22:22.925734+00:00,2025-12-13 16:21:24+00:00,2025-12-13 22:30:15+00:00,NC State Wolfpack,Kansas Jayhawks,spreads,full_game,,,-2.5,-111.0,2.5,-101.0,,,
2e0db39bd808302b1811ad2867fa377e,LowVig.ag,2025-12-13 16:22:22.925734+00:00,2025-12-13 16:21:24+00:00,2025-12-13 22:30:15+00:00,NC State Wolfpack,Kansas Jayhawks,totals,full_game,,,,,,,148.0,-108.0,-108.0
2e0db39bd808302b1811ad2867fa377e,Bovada,2025-12-13 16:22:22.925734+00:00,2025-12-13 16:21:52+00:00,2025-12-13 22:30:15+00:00,NC State Wolfpack,Kansas Jayhawks,h2h,2h,-165.0,140.0,,,,,,,
2e0db39bd808302b1811ad2867fa377e,Bovada,2025-12-13 16:22:22.925734+00:00,2025-12-13 16:21:52+00:00,2025-12-13 22:30:15+00:00,NC State Wolfpack,Kansas Jayhawks,spreads,full_game,,,-3.0,-120.0,3.0,100.0,,,
2e0db39bd808302b1811ad2867fa377e,Bovada,2025-12-13 16:22:22.925734+00:00,2025-12-13 16:21:52+00:00,2025-12-13 22:30:15+00:00,NC State Wolfpack,Kansas Jayhawks,totals,full_game,,,,,,,147.5,-110.0,-110.0
2e0db39bd808302b1811ad2867fa377e,BetUS,2025-12-13 16:22:22.925734+00:00,2025-12-13 16:22:17+00:00,2025-12-13 22:30:15+00:00,NC State Wolfpack,Kansas Jayhawks,h2h,2h,-155.0,134.0,,,,,,,
2e0db39bd808302b1811ad2867fa377e,BetUS,2025-12-13 16:22:22.925734+00:00,2025-12-13 16:22:17+00:00,2025-12-13 22:30:15+00:00,NC State Wolfpack,Kansas Jayhawks,spreads,full_game,,,-2.5,-115.0,2.5,-105.0,,,
2e0db39bd808302b1811ad2867fa377e,BetUS,2025-12-13 16:22:22.925734+00:00,2025-12-13 16:22:17+00:00,2025-12-13 22:30:15+00:00,NC State Wolfpack,Kansas Jayhawks,totals,full_game,,,,,,,147.5,-110.0,-110.0
b2c5cb233b5efb91d80f89473f2d9b67,DraftKings,2025-12-13 16:22:22.925734+00:00,2025-12-13 16:21:38+00:00,2025-12-13 23:00:00+00:00,Loyola (MD) Greyhounds,Mt. St. Mary's Mountaineers,h2h,2h,124.0,-148.0,,,,,,,
b2c5cb233b5efb91d80f89473f2d9b67,DraftKings,2025-12-13 16:22:22.925734+00:00,2025-12-13 16:21:38+00:00,2025-12-13 23:00:00+00:00,Loyola (MD) Greyhounds,Mt. St. Mary's Mountaineers,spreads,full_game,,,2.5,-110.0,-2.5,-110.0,,,
b2c5cb233b5efb91d80f89473f2d9b67,DraftKings,2025-12-13 16:22:22.925734+00:00,2025-12-13 16:21:38+00:00,2025-12-13 23:00:00+00:00,Loyola (MD) Greyhounds,Mt. St. Mary's Mountaineers,totals,full_game,,,,,,,151.5,-105.0,-115.0
b2c5cb233b5efb91d80f89473f2d9b67,BetOnline.ag,2025-12-13 16:22:22.925734+00:00,2025-12-13 16:21:39+00:00,2025-12-13 23:00:00+00:00,Loyola (MD) Greyhounds,Mt. St. Mary's Mountaineers,spreads,full_game,,,2.5,-115.0,-2.5,-105.0,,,
b2c5cb233b5efb91d80f89473f2d9b67,BetOnline.ag,2025-12-13 16:22:22.925734+00:00,2025-12-13 16:21:39+00:00,2025-12-13 23:00:00+00:00,Loyola (MD) Greyhounds,Mt. St. Mary's Mountaineers,totals,full_game,,,,,,,151.5,-110.0,-110.0
b2c5cb233b5efb91d80f89473f2d9b67,BetMGM,2025-12-13 16:22:22.925734+00:00,2025-12-13 16:21:54+00:00,2025-12-13 23:00:00+00:00,Loyola (MD) Greyhounds,Mt. St. Mary's Mountaineers,h2h,2h,125.0,-150.0,,,,,,,
b2c5cb233b5efb91d80f89473f2d9b67,BetMGM,2025-12-13 16:22:22.925734+00:00,2025-12-13 16:21:54+00:00,2025-12-13 23:00:00+00:00,Loyola (MD) Greyhounds,Mt. St. Mary's Mountaineers,spreads,full_game,,,2.5,-110.0,-2.5,-110.0,,,
b2c5cb233b5efb91d80f89473f2d9b67,BetMGM,2025-12-13 16:22:22.925734+00:00,2025-12-13 16:21:54+00:00,2025-12-13 23:00:00+00:00,Loyola (MD) Greyhounds,Mt. St. Mary's Mountaineers,totals,full_game,,,,,,,151.5,-105.0,-115.0
b2c5cb233b5efb91d80f89473f2d9b67,Fanatics,2025-12-13 16:22:22.925734+00:00,2025-12-13 16:21:51+00:00,2025-12-13 23:00:00+00:00,Loyola (MD) Greyhounds,Mt. St. Mary's Mountaineers,h2h,2h,125.0,-150.0,,,,,,,
b2c5cb233b5efb91d80f89473f2d9b67,Fanatics,2025-12-13 16:22:22.925734+00:00,2025-12-13 16:21:51+00:00,2025-12-13 23:00:00+00:00,Loyola (MD) Greyhounds,Mt. St. Mary's Mountaineers,spreads,full_game,,,2.5,-110.0,-2.5,-110.0,,,
b2c5cb233b5efb91d80f89473f2d9b67,Fanatics,2025-12-13 16:22:22.925734+00:00,2025-12-13 16:21:51+00:00,2025-12-13 23:00:00+00:00,Loyola (MD) Greyhounds,Mt. St. Mary's Mountaineers,totals,full_game,,,,,,,150.5,-110.0,-110.0
b2c5cb233b5efb91d80f89473f2d9b67,LowVig.ag,2025-12-13 16:22:22.925734+00:00,2025-12-13 16:21:25+00:00,2025-12-13 23:00:00+00:00,Loyola (MD) Greyhounds,Mt. St. Mary's Mountaineers,spreads,full_game,,,2.5,-111.0,-2.5,-101.0,,,
b2c5cb233b5efb91d80f89473f2d9b67,LowVig.ag,2025-12-13 16:22:22.925734+00:00,2025-12-13 16:21:25+00:00,2025-12-13 23:00:00+00:00,Loyola (MD) Greyhounds,Mt. St. Mary's Mountaineers,totals,full_game,,,,,,,151.5,-108.0,-108.0
b2c5cb233b5efb91d80f89473f2d9b67,FanDuel,2025-12-13 16:22:22.925734+00:00,2025-12-13 16:21:13+00:00,2025-12-13 23:00:00+00:00,Loyola (MD) Greyhounds,Mt. St. Mary's Mountaineers,h2h,2h,128.0,-158.0,,,,,,,
b2c5cb233b5efb91d80f89473f2d9b67,FanDuel,2025-12-13 16:22:22.925734+00:00,2025-12-13 16:21:13+00:00,2025-12-13 23:00:00+00:00,Loyola (MD) Greyhounds,Mt. St. Mary's Mountaineers,spreads,full_game,,,2.5,-106.0,-2.5,-114.0,,,
b2c5cb233b5efb91d80f89473f2d9b67,FanDuel,2025-12-13 16:22:22.925734+00:00,2025-12-13 16:21:13+00:00,2025-12-13 23:00:00+00:00,Loyola (MD) Greyhounds,Mt. St. Mary's Mountaineers,totals,full_game,,,,,,,150.5,-112.0,-112.0
b2c5cb233b5efb91d80f89473f2d9b67,BetRivers,2025-12-13 16:22:22.925734+00:00,2025-12-13 16:22:17+00:00,2025-12-13 23:00:00+00:00,Loyola (MD) Greyhounds,Mt. St. Mary's Mountaineers,h2h,2h,108.0,-137.0,,,,,,,
b2c5cb233b5efb91d80f89473f2d9b67,BetRivers,2025-12-13 16:22:22.925734+00:00,2025-12-13 16:22:17+00:00,2025-12-13 23:00:00+00:00,Loyola (MD) Greyhounds,Mt. St. Mary's Mountaineers,spreads,full_game,,,2.5,-117.0,-2.5,-109.0,,,
b2c5cb233b5efb91d80f89473f2d9b67,BetRivers,2025-12-13 16:22:22.925734+00:00,2025-12-13 16:22:17+00:00,2025-12-13 23:00:00+00:00,Loyola (MD) Greyhounds,Mt. St. Mary's Mountaineers,totals,full_game,,,,,,,150.5,-110.0,-115.0
b2c5cb233b5efb91d80f89473f2d9b67,Bovada,2025-12-13 16:22:22.925734+00:00,2025-12-13 16:21:52+00:00,2025-12-13 23:00:00+00:00,Loyola (MD) Greyhounds,Mt. St. Mary's Mountaineers,h2h,2h,120.0,-140.0,,,,,,,
b2c5cb233b5efb91d80f89473f2d9b67,Bovada,2025-12-13 16:22:22.925734+00:00,2025-12-13 16:21:52+00:00,2025-12-13 23:00:00+00:00,Loyola (MD) Greyhounds,Mt. St. Mary's Mountaineers,spreads,full_game,,,2.0,-105.0,-2.0,-115.0,,,
b2c5cb233b5efb91d80f89473f2d9b67,Bovada,2025-12-13 16:22:22.925734+00:00,2025-12-13 16:21:52+00:00,2025-12-13 23:00:00+00:00,Loyola (MD) Greyhounds,Mt. St. Mary's Mountaineers,totals,full_game,,,,,,,151.5,-110.0,-110.0
b2c5cb233b5efb91d80f89473f2d9b67,Caesars,2025-12-13 16:22:22.925734+00:00,2025-12-13 16:17:55+00:00,2025-12-13 23:00:00+00:00,Loyola (MD) Greyhounds,Mt. St. Mary's Mountaineers,h2h,2h,135.0,-160.0,,,,,,,
b2c5cb233b5efb91d80f89473f2d9b67,Caesars,2025-12-13 16:22:22.925734+00:00,2025-12-13 16:17:55+00:00,2025-12-13 23:00:00+00:00,Loyola (MD) Greyhounds,Mt. St. Mary's Mountaineers,spreads,full_game,,,3.0,-110.0,-3.0,-110.0,,,
b2c5cb233b5efb91d80f89473f2d9b67,Caesars,2025-12-13 16:22:22.925734+00:00,2025-12-13 16:17:55+00:00,2025-12-13 23:00:00+00:00,Loyola (MD) Greyhounds,Mt. St. Mary's Mountaineers,totals,full_game,,,,,,,151.5,-110.0,-110.0
5863439dcc66ad2245f636bf0c439b2f,DraftKings,2025-12-13 16:22:22.925734+00:00,2025-12-13 16:21:38+00:00,2025-12-13 23:00:00+00:00,San Diego Toreros,Northern Arizona Lumberjacks,h2h,2h,-205.0,170.0,,,,,,,
5863439dcc66ad2245f636bf0c439b2f,DraftKings,2025-12-13 16:22:22.925734+00:00,2025-12-13 16:21:38+00:00,2025-12-13 23:00:00+00:00,San Diego Toreros,Northern Arizona Lumberjacks,spreads,full_game,,,-4.5,-115.0,4.5,-105.0,,,
5863439dcc66ad2245f636bf0c439b2f,DraftKings,2025-12-13 16:22:22.925734+00:00,2025-12-13 16:21:38+00:00,2025-12-13 23:00:00+00:00,San Diego Toreros,Northern Arizona Lumberjacks,totals,full_game,,,,,,,148.5,-110.0,-110.0
5863439dcc66ad2245f636bf0c439b2f,Fanatics,2025-12-13 16:22:22.925734+00:00,2025-12-13 16:21:51+00:00,2025-12-13 23:00:00+00:00,San Diego Toreros,Northern Arizona Lumberjacks,h2h,2h,-200.0,165.0,,,,,,,
5863439dcc66ad2245f636bf0c439b2f,Fanatics,2025-12-13 16:22:22.925734+00:00,2025-12-13 16:21:51+00:00,2025-12-13 23:00:00+00:00,San Diego Toreros,Northern Arizona Lumberjacks,spreads,full_game,,,-5.0,-110.0,5.0,-110.0,,,
5863439dcc66ad2245f636bf0c439b2f,Fanatics,2025-12-13 16:22:22.925734+00:00,2025-12-13 16:21:51+00:00,2025-12-13 23:00:00+00:00,San Diego Toreros,Northern Arizona Lumberjacks,totals,full_game,,,,,,,148.5,-110.0,-110.0
5863439dcc66ad2245f636bf0c439b2f,BetOnline.ag,2025-12-13 16:22:22.925734+00:00,2025-12-13 16:21:39+00:00,2025-12-13 23:00:00+00:00,San Diego Toreros,Northern Arizona Lumberjacks,h2h,2h,-207.0,178.0,,,,,,,
5863439dcc66ad2245f636bf0c439b2f,BetOnline.ag,2025-12-13 16:22:22.925734+00:00,2025-12-13 16:21:39+00:00,2025-12-13 23:00:00+00:00,San Diego Toreros,Northern Arizona Lumberjacks,spreads,full_game,,,-5.0,-115.0,5.0,-105.0,,,
5863439dcc66ad2245f636bf0c439b2f,BetOnline.ag,2025-12-13 16:22:22.925734+00:00,2025-12-13 16:21:39+00:00,2025-12-13 23:00:00+00:00,San Diego Toreros,Northern Arizona Lumberjacks,totals,full_game,,,,,,,147.5,-115.0,-105.0
5863439dcc66ad2245f636bf0c439b2f,LowVig.ag,2025-12-13 16:22:22.925734+00:00,2025-12-13 16:21:24+00:00,2025-12-13 23:00:00+00:00,San Diego Toreros,Northern Arizona Lumberjacks,h2h,2h,-207.0,178.0,,,,,,,
5863439dcc66ad2245f636bf0c439b2f,LowVig.ag,2025-12-13 16:22:22.925734+00:00,2025-12-13 16:21:24+00:00,2025-12-13 23:00:00+00:00,San Diego Toreros,Northern Arizona Lumberjacks,spreads,full_game,,,-5.0,-111.0,5.0,-101.0,,,
5863439dcc66ad2245f636bf0c439b2f,LowVig.ag,2025-12-13 16:22:22.925734+00:00,2025-12-13 16:21:24+00:00,2025-12-13 23:00:00+00:00,San Diego Toreros,Northern Arizona Lumberjacks,totals,full_game,,,,,,,147.5,-113.0,-103.0
5863439dcc66ad2245f636bf0c439b2f,BetMGM,2025-12-13 16:22:22.925734+00:00,2025-12-13 16:21:54+00:00,2025-12-13 23:00:00+00:00,San Diego Toreros,Northern Arizona Lumberjacks,h2h,2h,-210.0,170.0,,,,,,,
5863439dcc66ad2245f636bf0c439b2f,BetMGM,2025-12-13 16:22:22.925734+00:00,2025-12-13 16:21:54+00:00,2025-12-13 23:00:00+00:00,San Diego Toreros,Northern Arizona Lumberjacks,spreads,full_game,,,-4.5,-118.0,4.5,-102.0,,,
5863439dcc66ad2245f636bf0c439b2f,BetMGM,2025-12-13 16:22:22.925734+00:00,2025-12-13 16:21:54+00:00,2025-12-13 23:00:00+00:00,San Diego Toreros,Northern Arizona Lumberjacks,totals,full_game,,,,,,,148.5,-105.0,-115.0
5863439dcc66ad2245f636bf0c439b2f,Caesars,2025-12-13 16:22:22.925734+00:00,2025-12-13 16:17:55+00:00,2025-12-13 23:00:00+00:00,San Diego Toreros,Northern Arizona Lumberjacks,h2h,2h,-235.0,192.0,,,,,,,
5863439dcc66ad2245f636bf0c439b2f,Caesars,2025-12-13 16:22:22.925734+00:00,2025-12-13 16:17:55+00:00,2025-12-13 23:00:00+00:00,San Diego Toreros,Northern Arizona Lumberjacks,spreads,full_game,,,-5.0,-110.0,5.0,-110.0,,,
5863439dcc66ad2245f636bf0c439b2f,Caesars,2025-12-13 16:22:22.925734+00:00,2025-12-13 16:17:55+00:00,2025-12-13 23:00:00+00:00,San Diego Toreros,Northern Arizona Lumberjacks,totals,full_game,,,,,,,148.0,-110.0,-110.0
5863439dcc66ad2245f636bf0c439b2f,Bovada,2025-12-13 16:22:22.925734+00:00,2025-12-13 16:21:52+00:00,2025-12-13 23:00:00+00:00,San Diego Toreros,Northern Arizona Lumberjacks,h2h,2h,-220.0,180.0,,,,,,,
5863439dcc66ad2245f636bf0c439b2f,Bovada,2025-12-13 16:22:22.925734+00:00,2025-12-13 16:21:52+00:00,2025-12-13 23:00:00+00:00,San Diego Toreros,Northern Arizona Lumberjacks,spreads,full_game,,,-5.0,-110.0,5.0,-110.0,,,
5863439dcc66ad2245f636bf0c439b2f,Bovada,2025-12-13 16:22:22.925734+00:00,2025-12-13 16:21:52+00:00,2025-12-13 23:00:00+00:00,San Diego Toreros,Northern Arizona Lumberjacks,totals,full_game,,,,,,,149.0,-110.0,-110.0
5863439dcc66ad2245f636bf0c439b2f,BetUS,2025-12-13 16:22:22.925734+00:00,2025-12-13 16:22:17+00:00,2025-12-13 23:00:00+00:00,San Diego Toreros,Northern Arizona Lumberjacks,h2h,2h,-205.0,175.0,,,,,,,
5863439dcc66ad2245f636bf0c439b2f,BetUS,2025-12-13 16:22:22.925734+00:00,2025-12-13 16:22:17+00:00,2025-12-13 23:00:00+00:00,San Diego Toreros,Northern Arizona Lumberjacks,spreads,full_game,,,-5.0,-110.0,5.0,-110.0,,,
5863439dcc66ad2245f636bf0c439b2f,BetUS,2025-12-13 16:22:22.925734+00:00,2025-12-13 16:22:17+00:00,2025-12-13 23:00:00+00:00,San Diego Toreros,Northern Arizona Lumberjacks,totals,full_game,,,,,,,148.0,-110.0,-110.0
5863439dcc66ad2245f636bf0c439b2f,BetRivers,2025-12-13 16:22:22.925734+00:00,2025-12-13 16:22:18+00:00,2025-12-13 23:00:00+00:00,San Diego Toreros,Northern Arizona Lumberjacks,h2h,2h,-200.0,155.0,,,,,,,
5863439dcc66ad2245f636bf0c439b2f,BetRivers,2025-12-13 16:22:22.925734+00:00,2025-12-13 16:22:18+00:00,2025-12-13 23:00:00+00:00,San Diego Toreros,Northern Arizona Lumberjacks,spreads,full_game,,,-4.0,-115.0,4.0,-108.0,,,
5863439dcc66ad2245f636bf0c439b2f,BetRivers,2025-12-13 16:22:22.925734+00:00,2025-12-13 16:22:18+00:00,2025-12-13 23:00:00+00:00,San Diego Toreros,Northern Arizona Lumberjacks,totals,full_game,,,,,,,149.0,-110.0,-113.0
5863439dcc66ad2245f636bf0c439b2f,FanDuel,2025-12-13 16:22:22.925734+00:00,2025-12-13 16:21:13+00:00,2025-12-13 23:00:00+00:00,San Diego Toreros,Northern Arizona Lumberjacks,h2h,2h,-215.0,172.0,,,,,,,
5863439dcc66ad2245f636bf0c439b2f,FanDuel,2025-12-13 16:22:22.925734+00:00,2025-12-13 16:21:13+00:00,2025-12-13 23:00:00+00:00,San Diego Toreros,Northern Arizona Lumberjacks,spreads,full_game,,,-4.5,-110.0,4.5,-110.0,,,
5863439dcc66ad2245f636bf0c439b2f,FanDuel,2025-12-13 16:22:22.925734+00:00,2025-12-13 16:21:13+00:00,2025-12-13 23:00:00+00:00,San Diego Toreros,Northern Arizona Lumberjacks,totals,full_game,,,,,,,148.5,-108.0,-116.0
02aa61013b770a7986a87c5499a4bdfb,FanDuel,2025-12-13 16:22:22.925734+00:00,2025-12-13 16:21:13+00:00,2025-12-13 23:00:00+00:00,Richmond Spiders,Southern Illinois Salukis,h2h,2h,-230.0,188.0,,,,,,,
02aa61013b770a7986a87c5499a4bdfb,FanDuel,2025-12-13 16:22:22.925734+00:00,2025-12-13 16:21:13+00:00,2025-12-13 23:00:00+00:00,Richmond Spiders,Southern Illinois Salukis,spreads,full_game,,,-4.5,-114.0,4.5,-106.0,,,
02aa61013b770a7986a87c5499a4bdfb,FanDuel,2025-12-13 16:22:22.925734+00:00,2025-12-13 16:21:13+00:00,2025-12-13 23:00:00+00:00,Richmond Spiders,Southern Illinois Salukis,totals,full_game,,,,,,,154.5,-110.0,-110.0
02aa61013b770a7986a87c5499a4bdfb,Fanatics,2025-12-13 16:22:22.925734+00:00,2025-12-13 16:21:51+00:00,2025-12-13 23:00:00+00:00,Richmond Spiders,Southern Illinois Salukis,h2h,2h,-190.0,160.0,,,,,,,
02aa61013b770a7986a87c5499a4bdfb,Fanatics,2025-12-13 16:22:22.925734+00:00,2025-12-13 16:21:51+00:00,2025-12-13 23:00:00+00:00,Richmond Spiders,Southern Illinois Salukis,spreads,full_game,,,-4.5,-110.0,4.5,-110.0,,,
02aa61013b770a7986a87c5499a4bdfb,Fanatics,2025-12-13 16:22:22.925734+00:00,2025-12-13 16:21:51+00:00,2025-12-13 23:00:00+00:00,Richmond Spiders,Southern Illinois Salukis,totals,full_game,,,,,,,155.0,-110.0,-110.0
02aa61013b770a7986a87c5499a4bdfb,LowVig.ag,2025-12-13 16:22:22.925734+00:00,2025-12-13 16:21:24+00:00,2025-12-13 23:00:00+00:00,Richmond Spiders,Southern Illinois Salukis,h2h,2h,-200.0,174.0,,,,,,,
02aa61013b770a7986a87c5499a4bdfb,LowVig.ag,2025-12-13 16:22:22.925734+00:00,2025-12-13 16:21:24+00:00,2025-12-13 23:00:00+00:00,Richmond Spiders,Southern Illinois Salukis,spreads,full_game,,,-4.5,-104.0,4.5,-108.0,,,
02aa61013b770a7986a87c5499a4bdfb,LowVig.ag,2025-12-13 16:22:22.925734+00:00,2025-12-13 16:21:24+00:00,2025-12-13 23:00:00+00:00,Richmond Spiders,Southern Illinois Salukis,totals,full_game,,,,,,,154.5,-113.0,-103.0
02aa61013b770a7986a87c5499a4bdfb,BetOnline.ag,2025-12-13 16:22:22.925734+00:00,2025-12-13 16:21:39+00:00,2025-12-13 23:00:00+00:00,Richmond Spiders,Southern Illinois Salukis,h2h,2h,-200.0,174.0,,,,,,,
02aa61013b770a7986a87c5499a4bdfb,BetOnline.ag,2025-12-13 16:22:22.925734+00:00,2025-12-13 16:21:39+00:00,2025-12-13 23:00:00+00:00,Richmond Spiders,Southern Illinois Salukis,spreads,full_game,,,-4.5,-108.0,4.5,-112.0,,,
02aa61013b770a7986a87c5499a4bdfb,BetOnline.ag,2025-12-13 16:22:22.925734+00:00,2025-12-13 16:21:39+00:00,2025-12-13 23:00:00+00:00,Richmond Spiders,Southern Illinois Salukis,totals,full_game,,,,,,,154.5,-115.0,-105.0
02aa61013b770a7986a87c5499a4bdfb,DraftKings,2025-12-13 16:22:22.925734+00:00,2025-12-13 16:21:38+00:00,2025-12-13 23:00:00+00:00,Richmond Spiders,Southern Illinois Salukis,h2h,2h,-218.0,180.0,,,,,,,
02aa61013b770a7986a87c5499a4bdfb,DraftKings,2025-12-13 16:22:22.925734+00:00,2025-12-13 16:21:38+00:00,2025-12-13 23:00:00+00:00,Richmond Spiders,Southern Illinois Salukis,spreads,full_game,,,-5.5,-105.0,5.5,-115.0,,,
02aa61013b770a7986a87c5499a4bdfb,DraftKings,2025-12-13 16:22:22.925734+00:00,2025-12-13 16:21:38+00:00,2025-12-13 23:00:00+00:00,Richmond Spiders,Southern Illinois Salukis,totals,full_game,,,,,,,154.5,-115.0,-105.0
02aa61013b770a7986a87c5499a4bdfb,BetMGM,2025-12-13 16:22:22.925734+00:00,2025-12-13 16:21:54+00:00,2025-12-13 23:00:00+00:00,Richmond Spiders,Southern Illinois Salukis,h2h,2h,-210.0,170.0,,,,,,,
02aa61013b770a7986a87c5499a4bdfb,BetMGM,2025-12-13 16:22:22.925734+00:00,2025-12-13 16:21:54+00:00,2025-12-13 23:00:00+00:00,Richmond Spiders,Southern Illinois Salukis,spreads,full_game,,,-4.5,-115.0,4.5,-105.0,,,
02aa61013b770a7986a87c5499a4bdfb,BetMGM,2025-12-13 16:22:22.925734+00:00,2025-12-13 16:21:54+00:00,2025-12-13 23:00:00+00:00,Richmond Spiders,Southern Illinois Salukis,totals,full_game,,,,,,,154.5,-115.0,-105.0
02aa61013b770a7986a87c5499a4bdfb,Bovada,2025-12-13 16:22:22.925734+00:00,2025-12-13 16:21:52+00:00,2025-12-13 23:00:00+00:00,Richmond Spiders,Southern Illinois Salukis,h2h,2h,-195.0,165.0,,,,,,,
02aa61013b770a7986a87c5499a4bdfb,Bovada,2025-12-13 16:22:22.925734+00:00,2025-12-13 16:21:52+00:00,2025-12-13 23:00:00+00:00,Richmond Spiders,Southern Illinois Salukis,spreads,full_game,,,-4.5,-115.0,4.5,-105.0,,,
02aa61013b770a7986a87c5499a4bdfb,Bovada,2025-12-13 16:22:22.925734+00:00,2025-12-13 16:21:52+00:00,2025-12-13 23:00:00+00:00,Richmond Spiders,Southern Illinois Salukis,totals,full_game,,,,,,,155.0,-110.0,-110.0
02aa61013b770a7986a87c5499a4bdfb,BetUS,2025-12-13 16:22:22.925734+00:00,2025-12-13 16:22:17+00:00,2025-12-13 23:00:00+00:00,Richmond Spiders,Southern Illinois Salukis,h2h,2h,-200.0,170.0,,,,,,,
02aa61013b770a7986a87c5499a4bdfb,BetUS,2025-12-13 16:22:22.925734+00:00,2025-12-13 16:22:17+00:00,2025-12-13 23:00:00+00:00,Richmond Spiders,Southern Illinois Salukis,spreads,full_game,,,-4.5,-110.0,4.5,-110.0,,,
02aa61013b770a7986a87c5499a4bdfb,BetUS,2025-12-13 16:22:22.925734+00:00,2025-12-13 16:22:17+00:00,2025-12-13 23:00:00+00:00,Richmond Spiders,Southern Illinois Salukis,totals,full_game,,,,,,,154.5,-115.0,-105.0
02aa61013b770a7986a87c5499a4bdfb,BetRivers,2025-12-13 16:22:22.925734+00:00,2025-12-13 16:22:17+00:00,2025-12-13 23:00:00+00:00,Richmond Spiders,Southern Illinois Salukis,h2h,2h,-200.0,160.0,,,,,,,
02aa61013b770a7986a87c5499a4bdfb,BetRivers,2025-12-13 16:22:22.925734+00:00,2025-12-13 16:22:17+00:00,2025-12-13 23:00:00+00:00,Richmond Spiders,Southern Illinois Salukis,spreads,full_game,,,-4.5,-112.0,4.5,-112.0,,,
02aa61013b770a7986a87c5499a4bdfb,BetRivers,2025-12-13 16:22:22.925734+00:00,2025-12-13 16:22:17+00:00,2025-12-13 23:00:00+00:00,Richmond Spiders,Southern Illinois Salukis,totals,full_game,,,,,,,154.0,-113.0,-110.0
e19d162a2e16f9a00eb4d75c05fc8958,FanDuel,2025-12-13 16:22:22.925734+00:00,2025-12-13 16:21:13+00:00,2025-12-13 23:00:00+00:00,Washington Huskies,Southern Utah Thunderbirds,h2h,2h,-30000.0,4000.0,,,,,,,
e19d162a2e16f9a00eb4d75c05fc8958,FanDuel,2025-12-13 16:22:22.925734+00:00,2025-12-13 16:21:13+00:00,2025-12-13 23:00:00+00:00,Washington Huskies,Southern Utah Thunderbirds,spreads,full_game,,,-26.5,-115.0,26.5,-105.0,,,
e19d162a2e16f9a00eb4d75c05fc8958,FanDuel,2025-12-13 16:22:22.925734+00:00,2025-12-13 16:21:13+00:00,2025-12-13 23:00:00+00:00,Washington Huskies,Southern Utah Thunderbirds,totals,full_game,,,,,,,153.5,-110.0,-110.0
e19d162a2e16f9a00eb4d75c05fc8958,LowVig.ag,2025-12-13 16:22:22.925734+00:00,2025-12-13 16:21:24+00:00,2025-12-13 23:00:00+00:00,Washington Huskies,Southern Utah Thunderbirds,spreads,full_game,,,-27.0,-101.0,27.0,-111.0,,,
e19d162a2e16f9a00eb4d75c05fc8958,LowVig.ag,2025-12-13 16:22:22.925734+00:00,2025-12-13 16:21:24+00:00,2025-12-13 23:00:00+00:00,Washington Huskies,Southern Utah Thunderbirds,totals,full_game,,,,,,,154.0,-108.0,-108.0
e19d162a2e16f9a00eb4d75c05fc8958,BetOnline.ag,2025-12-13 16:22:22.925734+00:00,2025-12-13 16:21:39+00:00,2025-12-13 23:00:00+00:00,Washington Huskies,Southern Utah Thunderbirds,spreads,full_game,,,-27.0,-105.0,27.0,-115.0,,,
e19d162a2e16f9a00eb4d75c05fc8958,BetOnline.ag,2025-12-13 16:22:22.925734+00:00,2025-12-13 16:21:39+00:00,2025-12-13 23:00:00+00:00,Washington Huskies,Southern Utah Thunderbirds,totals,full_game,,,,,,,154.0,-110.0,-110.0
e19d162a2e16f9a00eb4d75c05fc8958,Fanatics,2025-12-13 16:22:22.925734+00:00,2025-12-13 16:21:51+00:00,2025-12-13 23:00:00+00:00,Washington Huskies,Southern Utah Thunderbirds,h2h,2h,-20000.0,4500.0,,,,,,,
e19d162a2e16f9a00eb4d75c05fc8958,Fanatics,2025-12-13 16:22:22.925734+00:00,2025-12-13 16:21:51+00:00,2025-12-13 23:00:00+00:00,Washington Huskies,Southern Utah Thunderbirds,spreads,full_game,,,-26.5,-110.0,26.5,-110.0,,,
e19d162a2e16f9a00eb4d75c05fc8958,Fanatics,2025-12-13 16:22:22.925734+00:00,2025-12-13 16:21:51+00:00,2025-12-13 23:00:00+00:00,Washington Huskies,Southern Utah Thunderbirds,totals,full_game,,,,,,,153.5,-110.0,-110.0
e19d162a2e16f9a00eb4d75c05fc8958,DraftKings,2025-12-13 16:22:22.925734+00:00,2025-12-13 16:21:38+00:00,2025-12-13 23:00:00+00:00,Washington Huskies,Southern Utah Thunderbirds,spreads,full_game,,,-26.5,-115.0,26.5,-105.0,,,
e19d162a2e16f9a00eb4d75c05fc8958,DraftKings,2025-12-13 16:22:22.925734+00:00,2025-12-13 16:21:38+00:00,2025-12-13 23:00:00+00:00,Washington Huskies,Southern Utah Thunderbirds,totals,full_game,,,,,,,153.5,-112.0,-108.0
e19d162a2e16f9a00eb4d75c05fc8958,BetMGM,2025-12-13 16:22:22.925734+00:00,2025-12-13 16:21:54+00:00,2025-12-13 23:00:00+00:00,Washington Huskies,Southern Utah Thunderbirds,spreads,full_game,,,-26.5,-110.0,26.5,-110.0,,,
e19d162a2e16f9a00eb4d75c05fc8958,BetMGM,2025-12-13 16:22:22.925734+00:00,2025-12-13 16:21:54+00:00,2025-12-13 23:00:00+00:00,Washington Huskies,Southern Utah Thunderbirds,totals,full_game,,,,,,,154.5,-105.0,-115.0
e19d162a2e16f9a00eb4d75c05fc8958,Caesars,2025-12-13 16:22:22.925734+00:00,2025-12-13 16:17:55+00:00,2025-12-13 23:00:00+00:00,Washington Huskies,Southern Utah Thunderbirds,spreads,full_game,,,-26.5,-110.0,26.5,-110.0,,,
e19d162a2e16f9a00eb4d75c05fc8958,Caesars,2025-12-13 16:22:22.925734+00:00,2025-12-13 16:17:55+00:00,2025-12-13 23:00:00+00:00,Washington Huskies,Southern Utah Thunderbirds,totals,full_game,,,,,,,154.0,-110.0,-110.0
e19d162a2e16f9a00eb4d75c05fc8958,Bovada,2025-12-13 16:22:22.925734+00:00,2025-12-13 16:21:52+00:00,2025-12-13 23:00:00+00:00,Washington Huskies,Southern Utah Thunderbirds,h2h,2h,-20000.0,2000.0,,,,,,,
e19d162a2e16f9a00eb4d75c05fc8958,Bovada,2025-12-13 16:22:22.925734+00:00,2025-12-13 16:21:52+00:00,2025-12-13 23:00:00+00:00,Washington Huskies,Southern Utah Thunderbirds,spreads,full_game,,,-26.5,-105.0,26.5,-115.0,,,
e19d162a2e16f9a00eb4d75c05fc8958,Bovada,2025-12-13 16:22:22.925734+00:00,2025-12-13 16:21:52+00:00,2025-12-13 23:00:00+00:00,Washington Huskies,Southern Utah Thunderbirds,totals,full_game,,,,,,,153.0,-110.0,-110.0
e19d162a2e16f9a00eb4d75c05fc8958,BetUS,2025-12-13 16:22:22.925734+00:00,2025-12-13 16:22:17+00:00,2025-12-13 23:00:00+00:00,Washington Huskies,Southern Utah Thunderbirds,spreads,full_game,,,-26.0,-110.0,26.0,-110.0,,,
e19d162a2e16f9a00eb4d75c05fc8958,BetUS,2025-12-13 16:22:22.925734+00:00,2025-12-13 16:22:17+00:00,2025-12-13 23:00:00+00:00,Washington Huskies,Southern Utah Thunderbirds,totals,full_game,,,,,,,154.5,-110.0,-110.0
e19d162a2e16f9a00eb4d75c05fc8958,BetRivers,2025-12-13 16:22:22.925734+00:00,2025-12-13 16:22:17+00:00,2025-12-13 23:00:00+00:00,Washington Huskies,Southern Utah Thunderbirds,spreads,full_game,,,-27.0,-112.0,27.0,-112.0,,,
e19d162a2e16f9a00eb4d75c05fc8958,BetRivers,2025-12-13 16:22:22.925734+00:00,2025-12-13 16:22:17+00:00,2025-12-13 23:00:00+00:00,Washington Huskies,Southern Utah Thunderbirds,totals,full_game,,,,,,,153.0,-110.0,-113.0
0d0f22b5c578d29b4801e0a6bcc9bca6,FanDuel,2025-12-13 16:22:22.925734+00:00,2025-12-13 16:21:13+00:00,2025-12-13 23:00:12+00:00,Northern Iowa Panthers,Oakland Golden Grizzlies,h2h,2h,-430.0,330.0,,,,,,,
0d0f22b5c578d29b4801e0a6bcc9bca6,FanDuel,2025-12-13 16:22:22.925734+00:00,2025-12-13 16:21:13+00:00,2025-12-13 23:00:12+00:00,Northern Iowa Panthers,Oakland Golden Grizzlies,spreads,full_game,,,-8.5,-110.0,8.5,-110.0,,,
0d0f22b5c578d29b4801e0a6bcc9bca6,FanDuel,2025-12-13 16:22:22.925734+00:00,2025-12-13 16:21:13+00:00,2025-12-13 23:00:12+00:00,Northern Iowa Panthers,Oakland Golden Grizzlies,totals,full_game,,,,,,,147.5,-110.0,-110.0
0d0f22b5c578d29b4801e0a6bcc9bca6,BetOnline.ag,2025-12-13 16:22:22.925734+00:00,2025-12-13 16:21:39+00:00,2025-12-13 23:00:12+00:00,Northern Iowa Panthers,Oakland Golden Grizzlies,h2h,2h,-400.0,316.0,,,,,,,
0d0f22b5c578d29b4801e0a6bcc9bca6,BetOnline.ag,2025-12-13 16:22:22.925734+00:00,2025-12-13 16:21:39+00:00,2025-12-13 23:00:12+00:00,Northern Iowa Panthers,Oakland Golden Grizzlies,spreads,full_game,,,-9.0,-110.0,9.0,-110.0,,,
0d0f22b5c578d29b4801e0a6bcc9bca6,BetOnline.ag,2025-12-13 16:22:22.925734+00:00,2025-12-13 16:21:39+00:00,2025-12-13 23:00:12+00:00,Northern Iowa Panthers,Oakland Golden Grizzlies,totals,full_game,,,,,,,148.5,-110.0,-110.0
0d0f22b5c578d29b4801e0a6bcc9bca6,Fanatics,2025-12-13 16:22:22.925734+00:00,2025-12-13 16:21:51+00:00,2025-12-13 23:00:12+00:00,Northern Iowa Panthers,Oakland Golden Grizzlies,h2h,2h,-375.0,300.0,,,,,,,
0d0f22b5c578d29b4801e0a6bcc9bca6,Fanatics,2025-12-13 16:22:22.925734+00:00,2025-12-13 16:21:51+00:00,2025-12-13 23:00:12+00:00,Northern Iowa Panthers,Oakland Golden Grizzlies,spreads,full_game,,,-8.5,-110.0,8.5,-110.0,,,
0d0f22b5c578d29b4801e0a6bcc9bca6,Fanatics,2025-12-13 16:22:22.925734+00:00,2025-12-13 16:21:51+00:00,2025-12-13 23:00:12+00:00,Northern Iowa Panthers,Oakland Golden Grizzlies,totals,full_game,,,,,,,147.5,-110.0,-110.0
0d0f22b5c578d29b4801e0a6bcc9bca6,LowVig.ag,2025-12-13 16:22:22.925734+00:00,2025-12-13 16:21:24+00:00,2025-12-13 23:00:12+00:00,Northern Iowa Panthers,Oakland Golden Grizzlies,h2h,2h,-400.0,316.0,,,,,,,
0d0f22b5c578d29b4801e0a6bcc9bca6,LowVig.ag,2025-12-13 16:22:22.925734+00:00,2025-12-13 16:21:24+00:00,2025-12-13 23:00:12+00:00,Northern Iowa Panthers,Oakland Golden Grizzlies,spreads,full_game,,,-9.0,-106.0,9.0,-106.0,,,
0d0f22b5c578d29b4801e0a6bcc9bca6,LowVig.ag,2025-12-13 16:22:22.925734+00:00,2025-12-13 16:21:24+00:00,2025-12-13 23:00:12+00:00,Northern Iowa Panthers,Oakland Golden Grizzlies,totals,full_game,,,,,,,148.5,-108.0,-108.0
0d0f22b5c578d29b4801e0a6bcc9bca6,DraftKings,2025-12-13 16:22:22.925734+00:00,2025-12-13 16:21:38+00:00,2025-12-13 23:00:12+00:00,Northern Iowa Panthers,Oakland Golden Grizzlies,h2h,2h,-410.0,320.0,,,,,,,
0d0f22b5c578d29b4801e0a6bcc9bca6,DraftKings,2025-12-13 16:22:22.925734+00:00,2025-12-13 16:21:38+00:00,2025-12-13 23:00:12+00:00,Northern Iowa Panthers,Oakland Golden Grizzlies,spreads,full_game,,,-8.5,-115.0,8.5,-105.0,,,
0d0f22b5c578d29b4801e0a6bcc9bca6,DraftKings,2025-12-13 16:22:22.925734+00:00,2025-12-13 16:21:38+00:00,2025-12-13 23:00:12+00:00,Northern Iowa Panthers,Oakland Golden Grizzlies,totals,full_game,,,,,,,148.5,-105.0,-115.0
0d0f22b5c578d29b4801e0a6bcc9bca6,BetMGM,2025-12-13 16:22:22.925734+00:00,2025-12-13 16:21:54+00:00,2025-12-13 23:00:12+00:00,Northern Iowa Panthers,Oakland Golden Grizzlies,h2h,2h,-425.0,320.0,,,,,,,
0d0f22b5c578d29b4801e0a6bcc9bca6,BetMGM,2025-12-13 16:22:22.925734+00:00,2025-12-13 16:21:54+00:00,2025-12-13 23:00:12+00:00,Northern Iowa Panthers,Oakland Golden Grizzlies,spreads,full_game,,,-9.5,-102.0,9.5,-118.0,,,
0d0f22b5c578d29b4801e0a6bcc9bca6,BetMGM,2025-12-13 16:22:22.925734+00:00,2025-12-13 16:21:54+00:00,2025-12-13 23:00:12+00:00,Northern Iowa Panthers,Oakland Golden Grizzlies,totals,full_game,,,,,,,148.5,-105.0,-115.0
0d0f22b5c578d29b4801e0a6bcc9bca6,Caesars,2025-12-13 16:22:22.925734+00:00,2025-12-13 16:17:55+00:00,2025-12-13 23:00:12+00:00,Northern Iowa Panthers,Oakland Golden Grizzlies,h2h,2h,-420.0,320.0,,,,,,,
0d0f22b5c578d29b4801e0a6bcc9bca6,Caesars,2025-12-13 16:22:22.925734+00:00,2025-12-13 16:17:55+00:00,2025-12-13 23:00:12+00:00,Northern Iowa Panthers,Oakland Golden Grizzlies,spreads,full_game,,,-8.5,-110.0,8.5,-110.0,,,
0d0f22b5c578d29b4801e0a6bcc9bca6,Caesars,2025-12-13 16:22:22.925734+00:00,2025-12-13 16:17:55+00:00,2025-12-13 23:00:12+00:00,Northern Iowa Panthers,Oakland Golden Grizzlies,totals,full_game,,,,,,,148.5,-110.0,-110.0
0d0f22b5c578d29b4801e0a6bcc9bca6,Bovada,2025-12-13 16:22:22.925734+00:00,2025-12-13 16:21:52+00:00,2025-12-13 23:00:12+00:00,Northern Iowa Panthers,Oakland Golden Grizzlies,h2h,2h,-400.0,300.0,,,,,,,
0d0f22b5c578d29b4801e0a6bcc9bca6,Bovada,2025-12-13 16:22:22.925734+00:00,2025-12-13 16:21:52+00:00,2025-12-13 23:00:12+00:00,Northern Iowa Panthers,Oakland Golden Grizzlies,spreads,full_game,,,-8.5,-110.0,8.5,-110.0,,,
0d0f22b5c578d29b4801e0a6bcc9bca6,Bovada,2025-12-13 16:22:22.925734+00:00,2025-12-13 16:21:52+00:00,2025-12-13 23:00:12+00:00,Northern Iowa Panthers,Oakland Golden Grizzlies,totals,full_game,,,,,,,148.0,-110.0,-110.0
0d0f22b5c578d29b4801e0a6bcc9bca6,BetUS,2025-12-13 16:22:22.925734+00:00,2025-12-13 16:22:17+00:00,2025-12-13 23:00:12+00:00,Northern Iowa Panthers,Oakland Golden Grizzlies,h2h,2h,-400.0,320.0,,,,,,,
0d0f22b5c578d29b4801e0a6bcc9bca6,BetUS,2025-12-13 16:22:22.925734+00:00,2025-12-13 16:22:17+00:00,2025-12-13 23:00:12+00:00,Northern Iowa Panthers,Oakland Golden Grizzlies,spreads,full_game,,,-8.5,-110.0,8.5,-110.0,,,
0d0f22b5c578d29b4801e0a6bcc9bca6,BetUS,2025-12-13 16:22:22.925734+00:00,2025-12-13 16:22:17+00:00,2025-12-13 23:00:12+00:00,Northern Iowa Panthers,Oakland Golden Grizzlies,totals,full_game,,,,,,,148.0,-110.0,-110.0
0d0f22b5c578d29b4801e0a6bcc9bca6,BetRivers,2025-12-13 16:22:22.925734+00:00,2025-12-13 16:22:18+00:00,2025-12-13 23:00:12+00:00,Northern Iowa Panthers,Oakland Golden Grizzlies,h2h,2h,-400.0,300.0,,,,,,,
0d0f22b5c578d29b4801e0a6bcc9bca6,BetRivers,2025-12-13 16:22:22.925734+00:00,2025-12-13 16:22:18+00:00,2025-12-13 23:00:12+00:00,Northern Iowa Panthers,Oakland Golden Grizzlies,spreads,full_game,,,-8.5,-110.0,8.5,-113.0,,,
0d0f22b5c578d29b4801e0a6bcc9bca6,BetRivers,2025-12-13 16:22:22.925734+00:00,2025-12-13 16:22:18+00:00,2025-12-13 23:00:12+00:00,Northern Iowa Panthers,Oakland Golden Grizzlies,totals,full_game,,,,,,,148.0,-113.0,-110.0
9beb65c883df3e99a114d2712302f73a,FanDuel,2025-12-13 16:22:22.925734+00:00,2025-12-13 16:21:13+00:00,2025-12-13 23:30:00+00:00,Vanderbilt Commodores,Central Arkansas Bears,spreads,full_game,,,-36.5,-105.0,36.5,-115.0,,,
9beb65c883df3e99a114d2712302f73a,FanDuel,2025-12-13 16:22:22.925734+00:00,2025-12-13 16:21:13+00:00,2025-12-13 23:30:00+00:00,Vanderbilt Commodores,Central Arkansas Bears,totals,full_game,,,,,,,157.5,-110.0,-110.0
9beb65c883df3e99a114d2712302f73a,Fanatics,2025-12-13 16:22:22.925734+00:00,2025-12-13 16:21:51+00:00,2025-12-13 23:30:00+00:00,Vanderbilt Commodores,Central Arkansas Bears,spreads,full_game,,,-36.0,-110.0,36.0,-110.0,,,
9beb65c883df3e99a114d2712302f73a,Fanatics,2025-12-13 16:22:22.925734+00:00,2025-12-13 16:21:51+00:00,2025-12-13 23:30:00+00:00,Vanderbilt Commodores,Central Arkansas Bears,totals,full_game,,,,,,,157.5,-110.0,-110.0
9beb65c883df3e99a114d2712302f73a,BetOnline.ag,2025-12-13 16:22:22.925734+00:00,2025-12-13 16:21:39+00:00,2025-12-13 23:30:00+00:00,Vanderbilt Commodores,Central Arkansas Bears,spreads,full_game,,,-36.0,-105.0,36.0,-115.0,,,
9beb65c883df3e99a114d2712302f73a,BetOnline.ag,2025-12-13 16:22:22.925734+00:00,2025-12-13 16:21:39+00:00,2025-12-13 23:30:00+00:00,Vanderbilt Commodores,Central Arkansas Bears,totals,full_game,,,,,,,158.5,-110.0,-110.0
9beb65c883df3e99a114d2712302f73a,LowVig.ag,2025-12-13 16:22:22.925734+00:00,2025-12-13 16:21:25+00:00,2025-12-13 23:30:00+00:00,Vanderbilt Commodores,Central Arkansas Bears,spreads,full_game,,,-36.0,-101.0,36.0,-111.0,,,
9beb65c883df3e99a114d2712302f73a,LowVig.ag,2025-12-13 16:22:22.925734+00:00,2025-12-13 16:21:25+00:00,2025-12-13 23:30:00+00:00,Vanderbilt Commodores,Central Arkansas Bears,totals,full_game,,,,,,,158.5,-108.0,-108.0
9beb65c883df3e99a114d2712302f73a,BetMGM,2025-12-13 16:22:22.925734+00:00,2025-12-13 16:21:54+00:00,2025-12-13 23:30:00+00:00,Vanderbilt Commodores,Central Arkansas Bears,h2h,2h,-10000.0,3300.0,,,,,,,
9beb65c883df3e99a114d2712302f73a,BetMGM,2025-12-13 16:22:22.925734+00:00,2025-12-13 16:21:54+00:00,2025-12-13 23:30:00+00:00,Vanderbilt Commodores,Central Arkansas Bears,spreads,full_game,,,-36.5,-105.0,36.5,-115.0,,,
9beb65c883df3e99a114d2712302f73a,BetMGM,2025-12-13 16:22:22.925734+00:00,2025-12-13 16:21:54+00:00,2025-12-13 23:30:00+00:00,Vanderbilt Commodores,Central Arkansas Bears,totals,full_game,,,,,,,157.5,-115.0,-105.0
9beb65c883df3e99a114d2712302f73a,DraftKings,2025-12-13 16:22:22.925734+00:00,2025-12-13 16:21:38+00:00,2025-12-13 23:30:00+00:00,Vanderbilt Commodores,Central Arkansas Bears,spreads,full_game,,,-36.5,-108.0,36.5,-112.0,,,
9beb65c883df3e99a114d2712302f73a,DraftKings,2025-12-13 16:22:22.925734+00:00,2025-12-13 16:21:38+00:00,2025-12-13 23:30:00+00:00,Vanderbilt Commodores,Central Arkansas Bears,totals,full_game,,,,,,,157.5,-115.0,-105.0
9beb65c883df3e99a114d2712302f73a,BetRivers,2025-12-13 16:22:22.925734+00:00,2025-12-13 16:22:18+00:00,2025-12-13 23:30:00+00:00,Vanderbilt Commodores,Central Arkansas Bears,spreads,full_game,,,-36.5,-109.0,36.5,-114.0,,,
9beb65c883df3e99a114d2712302f73a,BetRivers,2025-12-13 16:22:22.925734+00:00,2025-12-13 16:22:18+00:00,2025-12-13 23:30:00+00:00,Vanderbilt Commodores,Central Arkansas Bears,totals,full_game,,,,,,,157.5,-113.0,-110.0
9beb65c883df3e99a114d2712302f73a,Bovada,2025-12-13 16:22:22.925734+00:00,2025-12-13 16:21:52+00:00,2025-12-13 23:30:00+00:00,Vanderbilt Commodores,Central Arkansas Bears,spreads,full_game,,,-36.0,-105.0,36.0,-115.0,,,
9beb65c883df3e99a114d2712302f73a,Bovada,2025-12-13 16:22:22.925734+00:00,2025-12-13 16:21:52+00:00,2025-12-13 23:30:00+00:00,Vanderbilt Commodores,Central Arkansas Bears,totals,full_game,,,,,,,157.0,-115.0,-105.0
9beb65c883df3e99a114d2712302f73a,Caesars,2025-12-13 16:22:22.925734+00:00,2025-12-13 16:17:55+00:00,2025-12-13 23:30:00+00:00,Vanderbilt Commodores,Central Arkansas Bears,spreads,full_game,,,-36.0,-110.0,36.0,-110.0,,,
9beb65c883df3e99a114d2712302f73a,Caesars,2025-12-13 16:22:22.925734+00:00,2025-12-13 16:17:55+00:00,2025-12-13 23:30:00+00:00,Vanderbilt Commodores,Central Arkansas Bears,totals,full_game,,,,,,,157.5,-110.0,-110.0
5564c6f862db4b590de3a593a3d9d660,DraftKings,2025-12-13 16:22:22.925734+00:00,2025-12-13 16:21:38+00:00,2025-12-14 00:00:00+00:00,Arizona St Sun Devils,Santa Clara Broncos,h2h,2h,100.0,-120.0,,,,,,,
5564c6f862db4b590de3a593a3d9d660,DraftKings,2025-12-13 16:22:22.925734+00:00,2025-12-13 16:21:38+00:00,2025-12-14 00:00:00+00:00,Arizona St Sun Devils,Santa Clara Broncos,spreads,full_game,,,1.5,-112.0,-1.5,-108.0,,,
5564c6f862db4b590de3a593a3d9d660,DraftKings,2025-12-13 16:22:22.925734+00:00,2025-12-13 16:21:38+00:00,2025-12-14 00:00:00+00:00,Arizona St Sun Devils,Santa Clara Broncos,totals,full_game,,,,,,,156.5,-115.0,-105.0
5564c6f862db4b590de3a593a3d9d660,BetOnline.ag,2025-12-13 16:22:22.925734+00:00,2025-12-13 16:21:39+00:00,2025-12-14 00:00:00+00:00,Arizona St Sun Devils,Santa Clara Broncos,h2h,2h,108.0,-128.0,,,,,,,
5564c6f862db4b590de3a593a3d9d660,BetOnline.ag,2025-12-13 16:22:22.925734+00:00,2025-12-13 16:21:39+00:00,2025-12-14 00:00:00+00:00,Arizona St Sun Devils,Santa Clara Broncos,spreads,full_game,,,1.5,-105.0,-1.5,-115.0,,,
5564c6f862db4b590de3a593a3d9d660,BetOnline.ag,2025-12-13 16:22:22.925734+00:00,2025-12-13 16:21:39+00:00,2025-12-14 00:00:00+00:00,Arizona St Sun Devils,Santa Clara Broncos,totals,full_game,,,,,,,157.0,-105.0,-115.0
5564c6f862db4b590de3a593a3d9d660,Caesars,2025-12-13 16:22:22.925734+00:00,2025-12-13 16:17:55+00:00,2025-12-14 00:00:00+00:00,Arizona St Sun Devils,Santa Clara Broncos,h2h,2h,100.0,-120.0,,,,,,,
5564c6f862db4b590de3a593a3d9d660,Caesars,2025-12-13 16:22:22.925734+00:00,2025-12-13 16:17:55+00:00,2025-12-14 00:00:00+00:00,Arizona St Sun Devils,Santa Clara Broncos,spreads,full_game,,,1.0,-110.0,-1.0,-110.0,,,
5564c6f862db4b590de3a593a3d9d660,Caesars,2025-12-13 16:22:22.925734+00:00,2025-12-13 16:17:55+00:00,2025-12-14 00:00:00+00:00,Arizona St Sun Devils,Santa Clara Broncos,totals,full_game,,,,,,,156.0,-110.0,-110.0
5564c6f862db4b590de3a593a3d9d660,LowVig.ag,2025-12-13 16:22:22.925734+00:00,2025-12-13 16:21:24+00:00,2025-12-14 00:00:00+00:00,Arizona St Sun Devils,Santa Clara Broncos,h2h,2h,108.0,-128.0,,,,,,,
5564c6f862db4b590de3a593a3d9d660,LowVig.ag,2025-12-13 16:22:22.925734+00:00,2025-12-13 16:21:24+00:00,2025-12-14 00:00:00+00:00,Arizona St Sun Devils,Santa Clara Broncos,spreads,full_game,,,1.5,-101.0,-1.5,-111.0,,,
5564c6f862db4b590de3a593a3d9d660,LowVig.ag,2025-12-13 16:22:22.925734+00:00,2025-12-13 16:21:24+00:00,2025-12-14 00:00:00+00:00,Arizona St Sun Devils,Santa Clara Broncos,totals,full_game,,,,,,,157.0,-103.0,-113.0
5564c6f862db4b590de3a593a3d9d660,Fanatics,2025-12-13 16:22:22.925734+00:00,2025-12-13 16:21:51+00:00,2025-12-14 00:00:00+00:00,Arizona St Sun Devils,Santa Clara Broncos,h2h,2h,105.0,-125.0,,,,,,,
5564c6f862db4b590de3a593a3d9d660,Fanatics,2025-12-13 16:22:22.925734+00:00,2025-12-13 16:21:51+00:00,2025-12-14 00:00:00+00:00,Arizona St Sun Devils,Santa Clara Broncos,spreads,full_game,,,1.5,-110.0,-1.5,-110.0,,,
5564c6f862db4b590de3a593a3d9d660,Fanatics,2025-12-13 16:22:22.925734+00:00,2025-12-13 16:21:51+00:00,2025-12-14 00:00:00+00:00,Arizona St Sun Devils,Santa Clara Broncos,totals,full_game,,,,,,,156.5,-110.0,-110.0
5564c6f862db4b590de3a593a3d9d660,FanDuel,2025-12-13 16:22:22.925734+00:00,2025-12-13 16:21:13+00:00,2025-12-14 00:00:00+00:00,Arizona St Sun Devils,Santa Clara Broncos,h2h,2h,114.0,-137.0,,,,,,,
5564c6f862db4b590de3a593a3d9d660,FanDuel,2025-12-13 16:22:22.925734+00:00,2025-12-13 16:21:13+00:00,2025-12-14 00:00:00+00:00,Arizona St Sun Devils,Santa Clara Broncos,spreads,full_game,,,1.5,-105.0,-1.5,-115.0,,,
5564c6f862db4b590de3a593a3d9d660,FanDuel,2025-12-13 16:22:22.925734+00:00,2025-12-13 16:21:13+00:00,2025-12-14 00:00:00+00:00,Arizona St Sun Devils,Santa Clara Broncos,totals,full_game,,,,,,,156.5,-110.0,-110.0
5564c6f862db4b590de3a593a3d9d660,BetMGM,2025-12-13 16:22:22.925734+00:00,2025-12-13 16:21:54+00:00,2025-12-14 00:00:00+00:00,Arizona St Sun Devils,Santa Clara Broncos,h2h,2h,105.0,-125.0,,,,,,,
5564c6f862db4b590de3a593a3d9d660,BetMGM,2025-12-13 16:22:22.925734+00:00,2025-12-13 16:21:54+00:00,2025-12-14 00:00:00+00:00,Arizona St Sun Devils,Santa Clara Broncos,spreads,full_game,,,1.5,-110.0,-1.5,-110.0,,,
5564c6f862db4b590de3a593a3d9d660,BetMGM,2025-12-13 16:22:22.925734+00:00,2025-12-13 16:21:54+00:00,2025-12-14 00:00:00+00:00,Arizona St Sun Devils,Santa Clara Broncos,totals,full_game,,,,,,,156.5,-110.0,-110.0
5564c6f862db4b590de3a593a3d9d660,Bovada,2025-12-13 16:22:22.925734+00:00,2025-12-13 16:21:52+00:00,2025-12-14 00:00:00+00:00,Arizona St Sun Devils,Santa Clara Broncos,h2h,2h,100.0,-120.0,,,,,,,
5564c6f862db4b590de3a593a3d9d660,Bovada,2025-12-13 16:22:22.925734+00:00,2025-12-13 16:21:52+00:00,2025-12-14 00:00:00+00:00,Arizona St Sun Devils,Santa Clara Broncos,spreads,full_game,,,1.5,-110.0,-1.5,-110.0,,,
5564c6f862db4b590de3a593a3d9d660,Bovada,2025-12-13 16:22:22.925734+00:00,2025-12-13 16:21:52+00:00,2025-12-14 00:00:00+00:00,Arizona St Sun Devils,Santa Clara Broncos,totals,full_game,,,,,,,156.5,-110.0,-110.0
5564c6f862db4b590de3a593a3d9d660,BetUS,2025-12-13 16:22:22.925734+00:00,2025-12-13 16:22:17+00:00,2025-12-14 00:00:00+00:00,Arizona St Sun Devils,Santa Clara Broncos,h2h,2h,105.0,-125.0,,,,,,,
5564c6f862db4b590de3a593a3d9d660,BetUS,2025-12-13 16:22:22.925734+00:00,2025-12-13 16:22:17+00:00,2025-12-14 00:00:00+00:00,Arizona St Sun Devils,Santa Clara Broncos,spreads,full_game,,,1.5,-105.0,-1.5,-115.0,,,
5564c6f862db4b590de3a593a3d9d660,BetUS,2025-12-13 16:22:22.925734+00:00,2025-12-13 16:22:17+00:00,2025-12-14 00:00:00+00:00,Arizona St Sun Devils,Santa Clara Broncos,totals,full_game,,,,,,,156.5,-110.0,-110.0
5564c6f862db4b590de3a593a3d9d660,BetRivers,2025-12-13 16:22:22.925734+00:00,2025-12-13 16:22:18+00:00,2025-12-14 00:00:00+00:00,Arizona St Sun Devils,Santa Clara Broncos,h2h,2h,105.0,-129.0,,,,,,,
5564c6f862db4b590de3a593a3d9d660,BetRivers,2025-12-13 16:22:22.925734+00:00,2025-12-13 16:22:18+00:00,2025-12-14 00:00:00+00:00,Arizona St Sun Devils,Santa Clara Broncos,spreads,full_game,,,1.5,-109.0,-1.5,-114.0,,,
5564c6f862db4b590de3a593a3d9d660,BetRivers,2025-12-13 16:22:22.925734+00:00,2025-12-13 16:22:18+00:00,2025-12-14 00:00:00+00:00,Arizona St Sun Devils,Santa Clara Broncos,totals,full_game,,,,,,,156.5,-110.0,-113.0
03c020571f7dbf46472d63c55593aa3c,BetOnline.ag,2025-12-13 16:22:22.925734+00:00,2025-12-13 16:21:39+00:00,2025-12-14 00:00:00+00:00,Dayton Flyers,North Florida Ospreys,spreads,full_game,,,-30.0,-115.0,30.0,-105.0,,,
03c020571f7dbf46472d63c55593aa3c,BetOnline.ag,2025-12-13 16:22:22.925734+00:00,2025-12-13 16:21:39+00:00,2025-12-14 00:00:00+00:00,Dayton Flyers,North Florida Ospreys,totals,full_game,,,,,,,159.5,-105.0,-115.0
03c020571f7dbf46472d63c55593aa3c,Fanatics,2025-12-13 16:22:22.925734+00:00,2025-12-13 16:21:51+00:00,2025-12-14 00:00:00+00:00,Dayton Flyers,North Florida Ospreys,spreads,full_game,,,-30.5,-110.0,30.5,-110.0,,,
03c020571f7dbf46472d63c55593aa3c,Fanatics,2025-12-13 16:22:22.925734+00:00,2025-12-13 16:21:51+00:00,2025-12-14 00:00:00+00:00,Dayton Flyers,North Florida Ospreys,totals,full_game,,,,,,,159.5,-110.0,-110.0
03c020571f7dbf46472d63c55593aa3c,LowVig.ag,2025-12-13 16:22:22.925734+00:00,2025-12-13 16:21:25+00:00,2025-12-14 00:00:00+00:00,Dayton Flyers,North Florida Ospreys,spreads,full_game,,,-30.0,-111.0,30.0,-101.0,,,
03c020571f7dbf46472d63c55593aa3c,LowVig.ag,2025-12-13 16:22:22.925734+00:00,2025-12-13 16:21:25+00:00,2025-12-14 00:00:00+00:00,Dayton Flyers,North Florida Ospreys,totals,full_game,,,,,,,159.5,-103.0,-113.0
03c020571f7dbf46472d63c55593aa3c,BetMGM,2025-12-13 16:22:22.925734+00:00,2025-12-13 16:21:54+00:00,2025-12-14 00:00:00+00:00,Dayton Flyers,North Florida Ospreys,spreads,full_game,,,-30.5,-110.0,30.5,-110.0,,,
03c020571f7dbf46472d63c55593aa3c,BetMGM,2025-12-13 16:22:22.925734+00:00,2025-12-13 16:21:54+00:00,2025-12-14 00:00:00+00:00,Dayton Flyers,North Florida Ospreys,totals,full_game,,,,,,,158.5,-110.0,-110.0
03c020571f7dbf46472d63c55593aa3c,FanDuel,2025-12-13 16:22:22.925734+00:00,2025-12-13 16:21:13+00:00,2025-12-14 00:00:00+00:00,Dayton Flyers,North Florida Ospreys,spreads,full_game,,,-30.5,-115.0,30.5,-105.0,,,
03c020571f7dbf46472d63c55593aa3c,FanDuel,2025-12-13 16:22:22.925734+00:00,2025-12-13 16:21:13+00:00,2025-12-14 00:00:00+00:00,Dayton Flyers,North Florida Ospreys,totals,full_game,,,,,,,159.5,-110.0,-114.0
03c020571f7dbf46472d63c55593aa3c,BetRivers,2025-12-13 16:22:22.925734+00:00,2025-12-13 16:22:18+00:00,2025-12-14 00:00:00+00:00,Dayton Flyers,North Florida Ospreys,spreads,full_game,,,-30.5,-113.0,30.5,-113.0,,,
03c020571f7dbf46472d63c55593aa3c,BetRivers,2025-12-13 16:22:22.925734+00:00,2025-12-13 16:22:18+00:00,2025-12-14 00:00:00+00:00,Dayton Flyers,North Florida Ospreys,totals,full_game,,,,,,,160.5,-115.0,-110.0
03c020571f7dbf46472d63c55593aa3c,Bovada,2025-12-13 16:22:22.925734+00:00,2025-12-13 16:21:52+00:00,2025-12-14 00:00:00+00:00,Dayton Flyers,North Florida Ospreys,spreads,full_game,,,-30.0,-105.0,30.0,-115.0,,,
03c020571f7dbf46472d63c55593aa3c,Bovada,2025-12-13 16:22:22.925734+00:00,2025-12-13 16:21:52+00:00,2025-12-14 00:00:00+00:00,Dayton Flyers,North Florida Ospreys,totals,full_game,,,,,,,159.0,-110.0,-110.0
03c020571f7dbf46472d63c55593aa3c,Caesars,2025-12-13 16:22:22.925734+00:00,2025-12-13 16:17:55+00:00,2025-12-14 00:00:00+00:00,Dayton Flyers,North Florida Ospreys,spreads,full_game,,,-30.5,-110.0,30.5,-110.0,,,
03c020571f7dbf46472d63c55593aa3c,Caesars,2025-12-13 16:22:22.925734+00:00,2025-12-13 16:17:55+00:00,2025-12-14 00:00:00+00:00,Dayton Flyers,North Florida Ospreys,totals,full_game,,,,,,,159.5,-110.0,-110.0
cd878634761938cffdc0bc7ee7ac42d8,BetOnline.ag,2025-12-13 16:22:22.925734+00:00,2025-12-13 16:21:39+00:00,2025-12-14 00:00:00+00:00,West Georgia Wolves,Georgia Southern Eagles,spreads,full_game,,,3.5,-105.0,-3.5,-115.0,,,
cd878634761938cffdc0bc7ee7ac42d8,BetOnline.ag,2025-12-13 16:22:22.925734+00:00,2025-12-13 16:21:39+00:00,2025-12-14 00:00:00+00:00,West Georgia Wolves,Georgia Southern Eagles,totals,full_game,,,,,,,155.5,-110.0,-110.0
cd878634761938cffdc0bc7ee7ac42d8,Fanatics,2025-12-13 16:22:22.925734+00:00,2025-12-13 16:21:51+00:00,2025-12-14 00:00:00+00:00,West Georgia Wolves,Georgia Southern Eagles,h2h,2h,145.0,-175.0,,,,,,,
cd878634761938cffdc0bc7ee7ac42d8,Fanatics,2025-12-13 16:22:22.925734+00:00,2025-12-13 16:21:51+00:00,2025-12-14 00:00:00+00:00,West Georgia Wolves,Georgia Southern Eagles,spreads,full_game,,,3.5,-110.0,-3.5,-110.0,,,
cd878634761938cffdc0bc7ee7ac42d8,Fanatics,2025-12-13 16:22:22.925734+00:00,2025-12-13 16:21:51+00:00,2025-12-14 00:00:00+00:00,West Georgia Wolves,Georgia Southern Eagles,totals,full_game,,,,,,,155.5,-110.0,-110.0
cd878634761938cffdc0bc7ee7ac42d8,LowVig.ag,2025-12-13 16:22:22.925734+00:00,2025-12-13 16:21:25+00:00,2025-12-14 00:00:00+00:00,West Georgia Wolves,Georgia Southern Eagles,spreads,full_game,,,3.5,-101.0,-3.5,-111.0,,,
cd878634761938cffdc0bc7ee7ac42d8,LowVig.ag,2025-12-13 16:22:22.925734+00:00,2025-12-13 16:21:25+00:00,2025-12-14 00:00:00+00:00,West Georgia Wolves,Georgia Southern Eagles,totals,full_game,,,,,,,155.5,-108.0,-108.0
cd878634761938cffdc0bc7ee7ac42d8,BetMGM,2025-12-13 16:22:22.925734+00:00,2025-12-13 16:21:54+00:00,2025-12-14 00:00:00+00:00,West Georgia Wolves,Georgia Southern Eagles,h2h,2h,140.0,-170.0,,,,,,,
cd878634761938cffdc0bc7ee7ac42d8,BetMGM,2025-12-13 16:22:22.925734+00:00,2025-12-13 16:21:54+00:00,2025-12-14 00:00:00+00:00,West Georgia Wolves,Georgia Southern Eagles,spreads,full_game,,,3.5,-110.0,-3.5,-110.0,,,
cd878634761938cffdc0bc7ee7ac42d8,BetMGM,2025-12-13 16:22:22.925734+00:00,2025-12-13 16:21:54+00:00,2025-12-14 00:00:00+00:00,West Georgia Wolves,Georgia Southern Eagles,totals,full_game,,,,,,,155.5,-105.0,-115.0
cd878634761938cffdc0bc7ee7ac42d8,FanDuel,2025-12-13 16:22:22.925734+00:00,2025-12-13 16:21:13+00:00,2025-12-14 00:00:00+00:00,West Georgia Wolves,Georgia Southern Eagles,h2h,2h,144.0,-178.0,,,,,,,
cd878634761938cffdc0bc7ee7ac42d8,FanDuel,2025-12-13 16:22:22.925734+00:00,2025-12-13 16:21:13+00:00,2025-12-14 00:00:00+00:00,West Georgia Wolves,Georgia Southern Eagles,spreads,full_game,,,3.5,-110.0,-3.5,-110.0,,,
cd878634761938cffdc0bc7ee7ac42d8,FanDuel,2025-12-13 16:22:22.925734+00:00,2025-12-13 16:21:13+00:00,2025-12-14 00:00:00+00:00,West Georgia Wolves,Georgia Southern Eagles,totals,full_game,,,,,,,155.5,-110.0,-114.0
cd878634761938cffdc0bc7ee7ac42d8,BetRivers,2025-12-13 16:22:22.925734+00:00,2025-12-13 16:22:18+00:00,2025-12-14 00:00:00+00:00,West Georgia Wolves,Georgia Southern Eagles,h2h,2h,163.0,-215.0,,,,,,,
cd878634761938cffdc0bc7ee7ac42d8,BetRivers,2025-12-13 16:22:22.925734+00:00,2025-12-13 16:22:18+00:00,2025-12-14 00:00:00+00:00,West Georgia Wolves,Georgia Southern Eagles,spreads,full_game,,,4.5,-112.0,-4.5,-114.0,,,
cd878634761938cffdc0bc7ee7ac42d8,BetRivers,2025-12-13 16:22:22.925734+00:00,2025-12-13 16:22:18+00:00,2025-12-14 00:00:00+00:00,West Georgia Wolves,Georgia Southern Eagles,totals,full_game,,,,,,,155.5,-115.0,-110.0
cd878634761938cffdc0bc7ee7ac42d8,Bovada,2025-12-13 16:22:22.925734+00:00,2025-12-13 16:21:52+00:00,2025-12-14 00:00:00+00:00,West Georgia Wolves,Georgia Southern Eagles,h2h,2h,140.0,-165.0,,,,,,,
cd878634761938cffdc0bc7ee7ac42d8,Bovada,2025-12-13 16:22:22.925734+00:00,2025-12-13 16:21:52+00:00,2025-12-14 00:00:00+00:00,West Georgia Wolves,Georgia Southern Eagles,spreads,full_game,,,3.5,-110.0,-3.5,-110.0,,,
cd878634761938cffdc0bc7ee7ac42d8,Bovada,2025-12-13 16:22:22.925734+00:00,2025-12-13 16:21:52+00:00,2025-12-14 00:00:00+00:00,West Georgia Wolves,Georgia Southern Eagles,totals,full_game,,,,,,,155.5,-110.0,-110.0
cd878634761938cffdc0bc7ee7ac42d8,Caesars,2025-12-13 16:22:22.925734+00:00,2025-12-13 16:17:55+00:00,2025-12-14 00:00:00+00:00,West Georgia Wolves,Georgia Southern Eagles,h2h,2h,135.0,-160.0,,,,,,,
cd878634761938cffdc0bc7ee7ac42d8,Caesars,2025-12-13 16:22:22.925734+00:00,2025-12-13 16:17:55+00:00,2025-12-14 00:00:00+00:00,West Georgia Wolves,Georgia Southern Eagles,spreads,full_game,,,3.5,-110.0,-3.5,-110.0,,,
cd878634761938cffdc0bc7ee7ac42d8,Caesars,2025-12-13 16:22:22.925734+00:00,2025-12-13 16:17:55+00:00,2025-12-14 00:00:00+00:00,West Georgia Wolves,Georgia Southern Eagles,totals,full_game,,,,,,,155.5,-110.0,-110.0
330ca49a892741cd97a55cf5edc2ba7f,FanDuel,2025-12-13 16:22:22.925734+00:00,2025-12-13 16:21:13+00:00,2025-12-14 00:00:00+00:00,San José St Spartans,Stanford Cardinal,h2h,2h,315.0,-410.0,,,,,,,
330ca49a892741cd97a55cf5edc2ba7f,FanDuel,2025-12-13 16:22:22.925734+00:00,2025-12-13 16:21:13+00:00,2025-12-14 00:00:00+00:00,San José St Spartans,Stanford Cardinal,spreads,full_game,,,8.5,-120.0,-8.5,-102.0,,,
330ca49a892741cd97a55cf5edc2ba7f,FanDuel,2025-12-13 16:22:22.925734+00:00,2025-12-13 16:21:13+00:00,2025-12-14 00:00:00+00:00,San José St Spartans,Stanford Cardinal,totals,full_game,,,,,,,145.5,-115.0,-105.0
330ca49a892741cd97a55cf5edc2ba7f,LowVig.ag,2025-12-13 16:22:22.925734+00:00,2025-12-13 16:21:24+00:00,2025-12-14 00:00:00+00:00,San José St Spartans,Stanford Cardinal,h2h,2h,299.0,-375.0,,,,,,,
330ca49a892741cd97a55cf5edc2ba7f,LowVig.ag,2025-12-13 16:22:22.925734+00:00,2025-12-13 16:21:24+00:00,2025-12-14 00:00:00+00:00,San José St Spartans,Stanford Cardinal,spreads,full_game,,,8.0,-101.0,-8.0,-111.0,,,
330ca49a892741cd97a55cf5edc2ba7f,LowVig.ag,2025-12-13 16:22:22.925734+00:00,2025-12-13 16:21:24+00:00,2025-12-14 00:00:00+00:00,San José St Spartans,Stanford Cardinal,totals,full_game,,,,,,,145.0,-113.0,-103.0
330ca49a892741cd97a55cf5edc2ba7f,Fanatics,2025-12-13 16:22:22.925734+00:00,2025-12-13 16:21:51+00:00,2025-12-14 00:00:00+00:00,San José St Spartans,Stanford Cardinal,h2h,2h,300.0,-375.0,,,,,,,
330ca49a892741cd97a55cf5edc2ba7f,Fanatics,2025-12-13 16:22:22.925734+00:00,2025-12-13 16:21:51+00:00,2025-12-14 00:00:00+00:00,San José St Spartans,Stanford Cardinal,spreads,full_game,,,8.5,-110.0,-8.5,-110.0,,,
330ca49a892741cd97a55cf5edc2ba7f,Fanatics,2025-12-13 16:22:22.925734+00:00,2025-12-13 16:21:51+00:00,2025-12-14 00:00:00+00:00,San José St Spartans,Stanford Cardinal,totals,full_game,,,,,,,145.5,-110.0,-110.0
330ca49a892741cd97a55cf5edc2ba7f,BetOnline.ag,2025-12-13 16:22:22.925734+00:00,2025-12-13 16:21:39+00:00,2025-12-14 00:00:00+00:00,San José St Spartans,Stanford Cardinal,h2h,2h,299.0,-375.0,,,,,,,
330ca49a892741cd97a55cf5edc2ba7f,BetOnline.ag,2025-12-13 16:22:22.925734+00:00,2025-12-13 16:21:39+00:00,2025-12-14 00:00:00+00:00,San José St Spartans,Stanford Cardinal,spreads,full_game,,,8.0,-105.0,-8.0,-115.0,,,
330ca49a892741cd97a55cf5edc2ba7f,BetOnline.ag,2025-12-13 16:22:22.925734+00:00,2025-12-13 16:21:39+00:00,2025-12-14 00:00:00+00:00,San José St Spartans,Stanford Cardinal,totals,full_game,,,,,,,145.0,-115.0,-105.0
330ca49a892741cd97a55cf5edc2ba7f,DraftKings,2025-12-13 16:22:22.925734+00:00,2025-12-13 16:21:38+00:00,2025-12-14 00:00:00+00:00,San José St Spartans,Stanford Cardinal,h2h,2h,310.0,-395.0,,,,,,,
330ca49a892741cd97a55cf5edc2ba7f,DraftKings,2025-12-13 16:22:22.925734+00:00,2025-12-13 16:21:38+00:00,2025-12-14 00:00:00+00:00,San José St Spartans,Stanford Cardinal,spreads,full_game,,,8.5,-115.0,-8.5,-105.0,,,
330ca49a892741cd97a55cf5edc2ba7f,DraftKings,2025-12-13 16:22:22.925734+00:00,2025-12-13 16:21:38+00:00,2025-12-14 00:00:00+00:00,San José St Spartans,Stanford Cardinal,totals,full_game,,,,,,,145.5,-110.0,-110.0
330ca49a892741cd97a55cf5edc2ba7f,BetMGM,2025-12-13 16:22:22.925734+00:00,2025-12-13 16:21:54+00:00,2025-12-14 00:00:00+00:00,San José St Spartans,Stanford Cardinal,h2h,2h,300.0,-375.0,,,,,,,
330ca49a892741cd97a55cf5edc2ba7f,BetMGM,2025-12-13 16:22:22.925734+00:00,2025-12-13 16:21:54+00:00,2025-12-14 00:00:00+00:00,San José St Spartans,Stanford Cardinal,spreads,full_game,,,8.5,-115.0,-8.5,-105.0,,,
330ca49a892741cd97a55cf5edc2ba7f,BetMGM,2025-12-13 16:22:22.925734+00:00,2025-12-13 16:21:54+00:00,2025-12-14 00:00:00+00:00,San José St Spartans,Stanford Cardinal,totals,full_game,,,,,,,145.5,-115.0,-105.0
330ca49a892741cd97a55cf5edc2ba7f,Caesars,2025-12-13 16:22:22.925734+00:00,2025-12-13 16:17:55+00:00,2025-12-14 00:00:00+00:00,San José St Spartans,Stanford Cardinal,h2h,2h,300.0,-385.0,,,,,,,
330ca49a892741cd97a55cf5edc2ba7f,Caesars,2025-12-13 16:22:22.925734+00:00,2025-12-13 16:17:55+00:00,2025-12-14 00:00:00+00:00,San José St Spartans,Stanford Cardinal,spreads,full_game,,,8.0,-110.0,-8.0,-110.0,,,
330ca49a892741cd97a55cf5edc2ba7f,Caesars,2025-12-13 16:22:22.925734+00:00,2025-12-13 16:17:55+00:00,2025-12-14 00:00:00+00:00,San José St Spartans,Stanford Cardinal,totals,full_game,,,,,,,145.0,-110.0,-110.0
330ca49a892741cd97a55cf5edc2ba7f,Bovada,2025-12-13 16:22:22.925734+00:00,2025-12-13 16:21:52+00:00,2025-12-14 00:00:00+00:00,San José St Spartans,Stanford Cardinal,h2h,2h,290.0,-380.0,,,,,,,
330ca49a892741cd97a55cf5edc2ba7f,Bovada,2025-12-13 16:22:22.925734+00:00,2025-12-13 16:21:52+00:00,2025-12-14 00:00:00+00:00,San José St Spartans,Stanford Cardinal,spreads,full_game,,,8.0,-105.0,-8.0,-115.0,,,
330ca49a892741cd97a55cf5edc2ba7f,Bovada,2025-12-13 16:22:22.925734+00:00,2025-12-13 16:21:52+00:00,2025-12-14 00:00:00+00:00,San José St Spartans,Stanford Cardinal,totals,full_game,,,,,,,145.0,-115.0,-105.0
330ca49a892741cd97a55cf5edc2ba7f,BetUS,2025-12-13 16:22:22.925734+00:00,2025-12-13 16:22:17+00:00,2025-12-14 00:00:00+00:00,San José St Spartans,Stanford Cardinal,h2h,2h,300.0,-375.0,,,,,,,
330ca49a892741cd97a55cf5edc2ba7f,BetUS,2025-12-13 16:22:22.925734+00:00,2025-12-13 16:22:17+00:00,2025-12-14 00:00:00+00:00,San José St Spartans,Stanford Cardinal,spreads,full_game,,,8.5,-110.0,-8.5,-110.0,,,
330ca49a892741cd97a55cf5edc2ba7f,BetUS,2025-12-13 16:22:22.925734+00:00,2025-12-13 16:22:17+00:00,2025-12-14 00:00:00+00:00,San José St Spartans,Stanford Cardinal,totals,full_game,,,,,,,145.0,-115.0,-105.0
330ca49a892741cd97a55cf5edc2ba7f,BetRivers,2025-12-13 16:22:22.925734+00:00,2025-12-13 16:22:18+00:00,2025-12-14 00:00:00+00:00,San José St Spartans,Stanford Cardinal,h2h,2h,270.0,-375.0,,,,,,,
330ca49a892741cd97a55cf5edc2ba7f,BetRivers,2025-12-13 16:22:22.925734+00:00,2025-12-13 16:22:18+00:00,2025-12-14 00:00:00+00:00,San José St Spartans,Stanford Cardinal,spreads,full_game,,,7.5,-113.0,-7.5,-113.0,,,
330ca49a892741cd97a55cf5edc2ba7f,BetRivers,2025-12-13 16:22:22.925734+00:00,2025-12-13 16:22:18+00:00,2025-12-14 00:00:00+00:00,San José St Spartans,Stanford Cardinal,totals,full_game,,,,,,,145.5,-117.0,-108.0
b9fa6049eaf003c68090fb2cd5cd5f15,DraftKings,2025-12-13 16:22:22.925734+00:00,2025-12-13 16:21:38+00:00,2025-12-14 00:00:00+00:00,South Carolina Gamecocks,The Citadel Bulldogs,spreads,full_game,,,-23.5,-110.0,23.5,-110.0,,,
b9fa6049eaf003c68090fb2cd5cd5f15,DraftKings,2025-12-13 16:22:22.925734+00:00,2025-12-13 16:21:38+00:00,2025-12-14 00:00:00+00:00,South Carolina Gamecocks,The Citadel Bulldogs,totals,full_game,,,,,,,141.5,-105.0,-115.0
b9fa6049eaf003c68090fb2cd5cd5f15,BetOnline.ag,2025-12-13 16:22:22.925734+00:00,2025-12-13 16:21:39+00:00,2025-12-14 00:00:00+00:00,South Carolina Gamecocks,The Citadel Bulldogs,spreads,full_game,,,-23.5,-108.0,23.5,-112.0,,,
b9fa6049eaf003c68090fb2cd5cd5f15,BetOnline.ag,2025-12-13 16:22:22.925734+00:00,2025-12-13 16:21:39+00:00,2025-12-14 00:00:00+00:00,South Carolina Gamecocks,The Citadel Bulldogs,totals,full_game,,,,,,,141.0,-110.0,-110.0
b9fa6049eaf003c68090fb2cd5cd5f15,Fanatics,2025-12-13 16:22:22.925734+00:00,2025-12-13 16:21:51+00:00,2025-12-14 00:00:00+00:00,South Carolina Gamecocks,The Citadel Bulldogs,h2h,2h,-10000.0,2500.0,,,,,,,
b9fa6049eaf003c68090fb2cd5cd5f15,Fanatics,2025-12-13 16:22:22.925734+00:00,2025-12-13 16:21:51+00:00,2025-12-14 00:00:00+00:00,South Carolina Gamecocks,The Citadel Bulldogs,spreads,full_game,,,-23.0,-110.0,23.0,-110.0,,,
b9fa6049eaf003c68090fb2cd5cd5f15,Fanatics,2025-12-13 16:22:22.925734+00:00,2025-12-13 16:21:51+00:00,2025-12-14 00:00:00+00:00,South Carolina Gamecocks,The Citadel Bulldogs,totals,full_game,,,,,,,140.5,-110.0,-110.0
b9fa6049eaf003c68090fb2cd5cd5f15,LowVig.ag,2025-12-13 16:22:22.925734+00:00,2025-12-13 16:21:24+00:00,2025-12-14 00:00:00+00:00,South Carolina Gamecocks,The Citadel Bulldogs,spreads,full_game,,,-23.5,-104.0,23.5,-108.0,,,
b9fa6049eaf003c68090fb2cd5cd5f15,LowVig.ag,2025-12-13 16:22:22.925734+00:00,2025-12-13 16:21:24+00:00,2025-12-14 00:00:00+00:00,South Carolina Gamecocks,The Citadel Bulldogs,totals,full_game,,,,,,,141.0,-108.0,-108.0
b9fa6049eaf003c68090fb2cd5cd5f15,BetMGM,2025-12-13 16:22:22.925734+00:00,2025-12-13 16:21:54+00:00,2025-12-14 00:00:00+00:00,South Carolina Gamecocks,The Citadel Bulldogs,h2h,2h,-10000.0,2200.0,,,,,,,
b9fa6049eaf003c68090fb2cd5cd5f15,BetMGM,2025-12-13 16:22:22.925734+00:00,2025-12-13 16:21:54+00:00,2025-12-14 00:00:00+00:00,South Carolina Gamecocks,The Citadel Bulldogs,spreads,full_game,,,-23.5,-110.0,23.5,-110.0,,,
b9fa6049eaf003c68090fb2cd5cd5f15,BetMGM,2025-12-13 16:22:22.925734+00:00,2025-12-13 16:21:54+00:00,2025-12-14 00:00:00+00:00,South Carolina Gamecocks,The Citadel Bulldogs,totals,full_game,,,,,,,140.5,-115.0,-105.0
b9fa6049eaf003c68090fb2cd5cd5f15,Caesars,2025-12-13 16:22:22.925734+00:00,2025-12-13 16:17:55+00:00,2025-12-14 00:00:00+00:00,South Carolina Gamecocks,The Citadel Bulldogs,spreads,full_game,,,-23.5,-110.0,23.5,-110.0,,,
b9fa6049eaf003c68090fb2cd5cd5f15,Caesars,2025-12-13 16:22:22.925734+00:00,2025-12-13 16:17:55+00:00,2025-12-14 00:00:00+00:00,South Carolina Gamecocks,The Citadel Bulldogs,totals,full_game,,,,,,,141.0,-110.0,-110.0
b9fa6049eaf003c68090fb2cd5cd5f15,Bovada,2025-12-13 16:22:22.925734+00:00,2025-12-13 16:21:52+00:00,2025-12-14 00:00:00+00:00,South Carolina Gamecocks,The Citadel Bulldogs,h2h,2h,-20000.0,2000.0,,,,,,,
b9fa6049eaf003c68090fb2cd5cd5f15,Bovada,2025-12-13 16:22:22.925734+00:00,2025-12-13 16:21:52+00:00,2025-12-14 00:00:00+00:00,South Carolina Gamecocks,The Citadel Bulldogs,spreads,full_game,,,-23.0,-115.0,23.0,-105.0,,,
b9fa6049eaf003c68090fb2cd5cd5f15,Bovada,2025-12-13 16:22:22.925734+00:00,2025-12-13 16:21:52+00:00,2025-12-14 00:00:00+00:00,South Carolina Gamecocks,The Citadel Bulldogs,totals,full_game,,,,,,,140.5,-115.0,-105.0
b9fa6049eaf003c68090fb2cd5cd5f15,BetUS,2025-12-13 16:22:22.925734+00:00,2025-12-13 16:22:17+00:00,2025-12-14 00:00:00+00:00,South Carolina Gamecocks,The Citadel Bulldogs,spreads,full_game,,,-23.5,-110.0,23.5,-110.0,,,
b9fa6049eaf003c68090fb2cd5cd5f15,BetUS,2025-12-13 16:22:22.925734+00:00,2025-12-13 16:22:17+00:00,2025-12-14 00:00:00+00:00,South Carolina Gamecocks,The Citadel Bulldogs,totals,full_game,,,,,,,141.0,-110.0,-110.0
b9fa6049eaf003c68090fb2cd5cd5f15,BetRivers,2025-12-13 16:22:22.925734+00:00,2025-12-13 16:22:18+00:00,2025-12-14 00:00:00+00:00,South Carolina Gamecocks,The Citadel Bulldogs,spreads,full_game,,,-23.5,-110.0,23.5,-112.0,,,
b9fa6049eaf003c68090fb2cd5cd5f15,BetRivers,2025-12-13 16:22:22.925734+00:00,2025-12-13 16:22:18+00:00,2025-12-14 00:00:00+00:00,South Carolina Gamecocks,The Citadel Bulldogs,totals,full_game,,,,,,,141.5,-110.0,-112.0
b9fa6049eaf003c68090fb2cd5cd5f15,FanDuel,2025-12-13 16:22:22.925734+00:00,2025-12-13 16:21:13+00:00,2025-12-14 00:00:00+00:00,South Carolina Gamecocks,The Citadel Bulldogs,h2h,2h,-10000.0,2500.0,,,,,,,
b9fa6049eaf003c68090fb2cd5cd5f15,FanDuel,2025-12-13 16:22:22.925734+00:00,2025-12-13 16:21:13+00:00,2025-12-14 00:00:00+00:00,South Carolina Gamecocks,The Citadel Bulldogs,spreads,full_game,,,-23.5,-110.0,23.5,-110.0,,,
b9fa6049eaf003c68090fb2cd5cd5f15,FanDuel,2025-12-13 16:22:22.925734+00:00,2025-12-13 16:21:13+00:00,2025-12-14 00:00:00+00:00,South Carolina Gamecocks,The Citadel Bulldogs,totals,full_game,,,,,,,140.5,-118.0,-106.0
160cb4edd1c80b9e3d9792f8681c59e7,FanDuel,2025-12-13 16:22:22.925734+00:00,2025-12-13 16:21:13+00:00,2025-12-14 00:30:47+00:00,Kentucky Wildcats,Indiana Hoosiers,h2h,2h,-164.0,134.0,,,,,,,
160cb4edd1c80b9e3d9792f8681c59e7,FanDuel,2025-12-13 16:22:22.925734+00:00,2025-12-13 16:21:13+00:00,2025-12-14 00:30:47+00:00,Kentucky Wildcats,Indiana Hoosiers,spreads,full_game,,,-2.5,-120.0,2.5,-102.0,,,
160cb4edd1c80b9e3d9792f8681c59e7,FanDuel,2025-12-13 16:22:22.925734+00:00,2025-12-13 16:21:13+00:00,2025-12-14 00:30:47+00:00,Kentucky Wildcats,Indiana Hoosiers,totals,full_game,,,,,,,159.5,-110.0,-110.0
160cb4edd1c80b9e3d9792f8681c59e7,Fanatics,2025-12-13 16:22:22.925734+00:00,2025-12-13 16:21:51+00:00,2025-12-14 00:30:47+00:00,Kentucky Wildcats,Indiana Hoosiers,h2h,2h,-160.0,130.0,,,,,,,
160cb4edd1c80b9e3d9792f8681c59e7,Fanatics,2025-12-13 16:22:22.925734+00:00,2025-12-13 16:21:51+00:00,2025-12-14 00:30:47+00:00,Kentucky Wildcats,Indiana Hoosiers,spreads,full_game,,,-3.0,-110.0,3.0,-110.0,,,
160cb4edd1c80b9e3d9792f8681c59e7,Fanatics,2025-12-13 16:22:22.925734+00:00,2025-12-13 16:21:51+00:00,2025-12-14 00:30:47+00:00,Kentucky Wildcats,Indiana Hoosiers,totals,full_game,,,,,,,159.0,-110.0,-110.0
160cb4edd1c80b9e3d9792f8681c59e7,BetRivers,2025-12-13 16:22:22.925734+00:00,2025-12-13 16:22:18+00:00,2025-12-14 00:30:47+00:00,Kentucky Wildcats,Indiana Hoosiers,h2h,2h,-148.0,120.0,,,,,,,
160cb4edd1c80b9e3d9792f8681c59e7,BetRivers,2025-12-13 16:22:22.925734+00:00,2025-12-13 16:22:18+00:00,2025-12-14 00:30:47+00:00,Kentucky Wildcats,Indiana Hoosiers,spreads,full_game,,,-3.0,-113.0,3.0,-110.0,,,
160cb4edd1c80b9e3d9792f8681c59e7,BetRivers,2025-12-13 16:22:22.925734+00:00,2025-12-13 16:22:18+00:00,2025-12-14 00:30:47+00:00,Kentucky Wildcats,Indiana Hoosiers,totals,full_game,,,,,,,159.5,-112.0,-112.0
160cb4edd1c80b9e3d9792f8681c59e7,Caesars,2025-12-13 16:22:22.925734+00:00,2025-12-13 16:17:55+00:00,2025-12-14 00:30:47+00:00,Kentucky Wildcats,Indiana Hoosiers,h2h,2h,-160.0,135.0,,,,,,,
160cb4edd1c80b9e3d9792f8681c59e7,Caesars,2025-12-13 16:22:22.925734+00:00,2025-12-13 16:17:55+00:00,2025-12-14 00:30:47+00:00,Kentucky Wildcats,Indiana Hoosiers,spreads,full_game,,,-3.0,-110.0,3.0,-110.0,,,
160cb4edd1c80b9e3d9792f8681c59e7,Caesars,2025-12-13 16:22:22.925734+00:00,2025-12-13 16:17:55+00:00,2025-12-14 00:30:47+00:00,Kentucky Wildcats,Indiana Hoosiers,totals,full_game,,,,,,,159.5,-110.0,-110.0
160cb4edd1c80b9e3d9792f8681c59e7,BetMGM,2025-12-13 16:22:22.925734+00:00,2025-12-13 16:21:54+00:00,2025-12-14 00:30:47+00:00,Kentucky Wildcats,Indiana Hoosiers,h2h,2h,-155.0,125.0,,,,,,,
160cb4edd1c80b9e3d9792f8681c59e7,BetMGM,2025-12-13 16:22:22.925734+00:00,2025-12-13 16:21:54+00:00,2025-12-14 00:30:47+00:00,Kentucky Wildcats,Indiana Hoosiers,spreads,full_game,,,-2.5,-115.0,2.5,-105.0,,,
160cb4edd1c80b9e3d9792f8681c59e7,BetMGM,2025-12-13 16:22:22.925734+00:00,2025-12-13 16:21:54+00:00,2025-12-14 00:30:47+00:00,Kentucky Wildcats,Indiana Hoosiers,totals,full_game,,,,,,,159.5,-110.0,-110.0
160cb4edd1c80b9e3d9792f8681c59e7,LowVig.ag,2025-12-13 16:22:22.925734+00:00,2025-12-13 16:21:24+00:00,2025-12-14 00:30:47+00:00,Kentucky Wildcats,Indiana Hoosiers,h2h,2h,-155.0,135.0,,,,,,,
160cb4edd1c80b9e3d9792f8681c59e7,LowVig.ag,2025-12-13 16:22:22.925734+00:00,2025-12-13 16:21:24+00:00,2025-12-14 00:30:47+00:00,Kentucky Wildcats,Indiana Hoosiers,spreads,full_game,,,-3.0,-107.0,3.0,-105.0,,,
160cb4edd1c80b9e3d9792f8681c59e7,LowVig.ag,2025-12-13 16:22:22.925734+00:00,2025-12-13 16:21:24+00:00,2025-12-14 00:30:47+00:00,Kentucky Wildcats,Indiana Hoosiers,totals,full_game,,,,,,,159.5,-108.0,-108.0
160cb4edd1c80b9e3d9792f8681c59e7,BetOnline.ag,2025-12-13 16:22:22.925734+00:00,2025-12-13 16:21:39+00:00,2025-12-14 00:30:47+00:00,Kentucky Wildcats,Indiana Hoosiers,h2h,2h,-155.0,135.0,,,,,,,
160cb4edd1c80b9e3d9792f8681c59e7,BetOnline.ag,2025-12-13 16:22:22.925734+00:00,2025-12-13 16:21:39+00:00,2025-12-14 00:30:47+00:00,Kentucky Wildcats,Indiana Hoosiers,spreads,full_game,,,-3.0,-111.0,3.0,-109.0,,,
160cb4edd1c80b9e3d9792f8681c59e7,BetOnline.ag,2025-12-13 16:22:22.925734+00:00,2025-12-13 16:21:39+00:00,2025-12-14 00:30:47+00:00,Kentucky Wildcats,Indiana Hoosiers,totals,full_game,,,,,,,159.5,-110.0,-110.0
160cb4edd1c80b9e3d9792f8681c59e7,BetUS,2025-12-13 16:22:22.925734+00:00,2025-12-13 16:22:17+00:00,2025-12-14 00:30:47+00:00,Kentucky Wildcats,Indiana Hoosiers,h2h,2h,-155.0,134.0,,,,,,,
160cb4edd1c80b9e3d9792f8681c59e7,BetUS,2025-12-13 16:22:22.925734+00:00,2025-12-13 16:22:17+00:00,2025-12-14 00:30:47+00:00,Kentucky Wildcats,Indiana Hoosiers,spreads,full_game,,,-3.0,-110.0,3.0,-110.0,,,
160cb4edd1c80b9e3d9792f8681c59e7,BetUS,2025-12-13 16:22:22.925734+00:00,2025-12-13 16:22:17+00:00,2025-12-14 00:30:47+00:00,Kentucky Wildcats,Indiana Hoosiers,totals,full_game,,,,,,,159.5,-110.0,-110.0
160cb4edd1c80b9e3d9792f8681c59e7,Bovada,2025-12-13 16:22:22.925734+00:00,2025-12-13 16:21:52+00:00,2025-12-14 00:30:47+00:00,Kentucky Wildcats,Indiana Hoosiers,h2h,2h,-150.0,130.0,,,,,,,
160cb4edd1c80b9e3d9792f8681c59e7,Bovada,2025-12-13 16:22:22.925734+00:00,2025-12-13 16:21:52+00:00,2025-12-14 00:30:47+00:00,Kentucky Wildcats,Indiana Hoosiers,spreads,full_game,,,-3.0,-115.0,3.0,-105.0,,,
160cb4edd1c80b9e3d9792f8681c59e7,Bovada,2025-12-13 16:22:22.925734+00:00,2025-12-13 16:21:52+00:00,2025-12-14 00:30:47+00:00,Kentucky Wildcats,Indiana Hoosiers,totals,full_game,,,,,,,159.0,-110.0,-110.0
bede122b243926aef4d7501c807ed4fa,LowVig.ag,2025-12-13 16:22:22.925734+00:00,2025-12-13 16:21:24+00:00,2025-12-14 01:00:00+00:00,Grand Canyon Antelopes,Coastal Carolina Chanticleers,h2h,2h,-2200.0,1096.0,,,,,,,
bede122b243926aef4d7501c807ed4fa,LowVig.ag,2025-12-13 16:22:22.925734+00:00,2025-12-13 16:21:24+00:00,2025-12-14 01:00:00+00:00,Grand Canyon Antelopes,Coastal Carolina Chanticleers,spreads,full_game,,,-17.5,-105.0,17.5,-107.0,,,
bede122b243926aef4d7501c807ed4fa,LowVig.ag,2025-12-13 16:22:22.925734+00:00,2025-12-13 16:21:24+00:00,2025-12-14 01:00:00+00:00,Grand Canyon Antelopes,Coastal Carolina Chanticleers,totals,full_game,,,,,,,141.0,-115.0,-101.0
bede122b243926aef4d7501c807ed4fa,Fanatics,2025-12-13 16:22:22.925734+00:00,2025-12-13 16:21:51+00:00,2025-12-14 01:00:00+00:00,Grand Canyon Antelopes,Coastal Carolina Chanticleers,h2h,2h,-2000.0,1100.0,,,,,,,
bede122b243926aef4d7501c807ed4fa,Fanatics,2025-12-13 16:22:22.925734+00:00,2025-12-13 16:21:51+00:00,2025-12-14 01:00:00+00:00,Grand Canyon Antelopes,Coastal Carolina Chanticleers,spreads,full_game,,,-17.0,-110.0,17.0,-110.0,,,
bede122b243926aef4d7501c807ed4fa,Fanatics,2025-12-13 16:22:22.925734+00:00,2025-12-13 16:21:51+00:00,2025-12-14 01:00:00+00:00,Grand Canyon Antelopes,Coastal Carolina Chanticleers,totals,full_game,,,,,,,141.0,-110.0,-110.0
bede122b243926aef4d7501c807ed4fa,BetOnline.ag,2025-12-13 16:22:22.925734+00:00,2025-12-13 16:21:39+00:00,2025-12-14 01:00:00+00:00,Grand Canyon Antelopes,Coastal Carolina Chanticleers,h2h,2h,-2200.0,1096.0,,,,,,,
bede122b243926aef4d7501c807ed4fa,BetOnline.ag,2025-12-13 16:22:22.925734+00:00,2025-12-13 16:21:39+00:00,2025-12-14 01:00:00+00:00,Grand Canyon Antelopes,Coastal Carolina Chanticleers,spreads,full_game,,,-17.5,-109.0,17.5,-111.0,,,
bede122b243926aef4d7501c807ed4fa,BetOnline.ag,2025-12-13 16:22:22.925734+00:00,2025-12-13 16:21:39+00:00,2025-12-14 01:00:00+00:00,Grand Canyon Antelopes,Coastal Carolina Chanticleers,totals,full_game,,,,,,,141.0,-117.0,-103.0
bede122b243926aef4d7501c807ed4fa,BetMGM,2025-12-13 16:22:22.925734+00:00,2025-12-13 16:21:54+00:00,2025-12-14 01:00:00+00:00,Grand Canyon Antelopes,Coastal Carolina Chanticleers,h2h,2h,-2500.0,1100.0,,,,,,,
bede122b243926aef4d7501c807ed4fa,BetMGM,2025-12-13 16:22:22.925734+00:00,2025-12-13 16:21:54+00:00,2025-12-14 01:00:00+00:00,Grand Canyon Antelopes,Coastal Carolina Chanticleers,spreads,full_game,,,-17.5,-110.0,17.5,-110.0,,,
bede122b243926aef4d7501c807ed4fa,BetMGM,2025-12-13 16:22:22.925734+00:00,2025-12-13 16:21:54+00:00,2025-12-14 01:00:00+00:00,Grand Canyon Antelopes,Coastal Carolina Chanticleers,totals,full_game,,,,,,,141.5,-115.0,-105.0
bede122b243926aef4d7501c807ed4fa,Caesars,2025-12-13 16:22:22.925734+00:00,2025-12-13 16:17:55+00:00,2025-12-14 01:00:00+00:00,Grand Canyon Antelopes,Coastal Carolina Chanticleers,spreads,full_game,,,-18.5,-110.0,18.5,-110.0,,,
bede122b243926aef4d7501c807ed4fa,Caesars,2025-12-13 16:22:22.925734+00:00,2025-12-13 16:17:55+00:00,2025-12-14 01:00:00+00:00,Grand Canyon Antelopes,Coastal Carolina Chanticleers,totals,full_game,,,,,,,141.0,-110.0,-110.0
bede122b243926aef4d7501c807ed4fa,BetUS,2025-12-13 16:22:22.925734+00:00,2025-12-13 16:22:17+00:00,2025-12-14 01:00:00+00:00,Grand Canyon Antelopes,Coastal Carolina Chanticleers,h2h,2h,-2200.0,1100.0,,,,,,,
bede122b243926aef4d7501c807ed4fa,BetUS,2025-12-13 16:22:22.925734+00:00,2025-12-13 16:22:17+00:00,2025-12-14 01:00:00+00:00,Grand Canyon Antelopes,Coastal Carolina Chanticleers,spreads,full_game,,,-17.5,-110.0,17.5,-110.0,,,
bede122b243926aef4d7501c807ed4fa,BetUS,2025-12-13 16:22:22.925734+00:00,2025-12-13 16:22:17+00:00,2025-12-14 01:00:00+00:00,Grand Canyon Antelopes,Coastal Carolina Chanticleers,totals,full_game,,,,,,,141.0,-115.0,-105.0
bede122b243926aef4d7501c807ed4fa,Bovada,2025-12-13 16:22:22.925734+00:00,2025-12-13 16:21:52+00:00,2025-12-14 01:00:00+00:00,Grand Canyon Antelopes,Coastal Carolina Chanticleers,h2h,2h,-2500.0,1050.0,,,,,,,
bede122b243926aef4d7501c807ed4fa,Bovada,2025-12-13 16:22:22.925734+00:00,2025-12-13 16:21:52+00:00,2025-12-14 01:00:00+00:00,Grand Canyon Antelopes,Coastal Carolina Chanticleers,spreads,full_game,,,-17.5,-110.0,17.5,-110.0,,,
bede122b243926aef4d7501c807ed4fa,Bovada,2025-12-13 16:22:22.925734+00:00,2025-12-13 16:21:52+00:00,2025-12-14 01:00:00+00:00,Grand Canyon Antelopes,Coastal Carolina Chanticleers,totals,full_game,,,,,,,141.0,-110.0,-110.0
bede122b243926aef4d7501c807ed4fa,BetRivers,2025-12-13 16:22:22.925734+00:00,2025-12-13 16:22:18+00:00,2025-12-14 01:00:00+00:00,Grand Canyon Antelopes,Coastal Carolina Chanticleers,h2h,2h,-2500.0,1000.0,,,,,,,
bede122b243926aef4d7501c807ed4fa,BetRivers,2025-12-13 16:22:22.925734+00:00,2025-12-13 16:22:18+00:00,2025-12-14 01:00:00+00:00,Grand Canyon Antelopes,Coastal Carolina Chanticleers,spreads,full_game,,,-17.5,-114.0,17.5,-112.0,,,
bede122b243926aef4d7501c807ed4fa,BetRivers,2025-12-13 16:22:22.925734+00:00,2025-12-13 16:22:18+00:00,2025-12-14 01:00:00+00:00,Grand Canyon Antelopes,Coastal Carolina Chanticleers,totals,full_game,,,,,,,141.5,-108.0,-118.0
bede122b243926aef4d7501c807ed4fa,FanDuel,2025-12-13 16:22:22.925734+00:00,2025-12-13 16:21:13+00:00,2025-12-14 01:00:00+00:00,Grand Canyon Antelopes,Coastal Carolina Chanticleers,h2h,2h,-4000.0,1260.0,,,,,,,
bede122b243926aef4d7501c807ed4fa,FanDuel,2025-12-13 16:22:22.925734+00:00,2025-12-13 16:21:13+00:00,2025-12-14 01:00:00+00:00,Grand Canyon Antelopes,Coastal Carolina Chanticleers,spreads,full_game,,,-17.5,-110.0,17.5,-110.0,,,
bede122b243926aef4d7501c807ed4fa,FanDuel,2025-12-13 16:22:22.925734+00:00,2025-12-13 16:21:13+00:00,2025-12-14 01:00:00+00:00,Grand Canyon Antelopes,Coastal Carolina Chanticleers,totals,full_game,,,,,,,141.5,-114.0,-110.0
7db6f84db97635ec1d5607fe126feb73,FanDuel,2025-12-13 16:22:22.925734+00:00,2025-12-13 16:21:13+00:00,2025-12-14 01:00:00+00:00,Ohio State Buckeyes,West Virginia Mountaineers,h2h,2h,-188.0,155.0,,,,,,,
7db6f84db97635ec1d5607fe126feb73,FanDuel,2025-12-13 16:22:22.925734+00:00,2025-12-13 16:21:13+00:00,2025-12-14 01:00:00+00:00,Ohio State Buckeyes,West Virginia Mountaineers,spreads,full_game,,,-4.5,-102.0,4.5,-120.0,,,
7db6f84db97635ec1d5607fe126feb73,FanDuel,2025-12-13 16:22:22.925734+00:00,2025-12-13 16:21:13+00:00,2025-12-14 01:00:00+00:00,Ohio State Buckeyes,West Virginia Mountaineers,totals,full_game,,,,,,,142.5,-110.0,-110.0
7db6f84db97635ec1d5607fe126feb73,BetOnline.ag,2025-12-13 16:22:22.925734+00:00,2025-12-13 16:21:39+00:00,2025-12-14 01:00:00+00:00,Ohio State Buckeyes,West Virginia Mountaineers,h2h,2h,-180.0,157.0,,,,,,,
7db6f84db97635ec1d5607fe126feb73,BetOnline.ag,2025-12-13 16:22:22.925734+00:00,2025-12-13 16:21:39+00:00,2025-12-14 01:00:00+00:00,Ohio State Buckeyes,West Virginia Mountaineers,spreads,full_game,,,-4.0,-112.0,4.0,-108.0,,,
7db6f84db97635ec1d5607fe126feb73,BetOnline.ag,2025-12-13 16:22:22.925734+00:00,2025-12-13 16:21:39+00:00,2025-12-14 01:00:00+00:00,Ohio State Buckeyes,West Virginia Mountaineers,totals,full_game,,,,,,,143.0,-113.0,-107.0
7db6f84db97635ec1d5607fe126feb73,Fanatics,2025-12-13 16:22:22.925734+00:00,2025-12-13 16:21:51+00:00,2025-12-14 01:00:00+00:00,Ohio State Buckeyes,West Virginia Mountaineers,h2h,2h,-175.0,145.0,,,,,,,
7db6f84db97635ec1d5607fe126feb73,Fanatics,2025-12-13 16:22:22.925734+00:00,2025-12-13 16:21:51+00:00,2025-12-14 01:00:00+00:00,Ohio State Buckeyes,West Virginia Mountaineers,spreads,full_game,,,-4.0,-110.0,4.0,-110.0,,,
7db6f84db97635ec1d5607fe126feb73,Fanatics,2025-12-13 16:22:22.925734+00:00,2025-12-13 16:21:51+00:00,2025-12-14 01:00:00+00:00,Ohio State Buckeyes,West Virginia Mountaineers,totals,full_game,,,,,,,143.5,-110.0,-110.0
7db6f84db97635ec1d5607fe126feb73,LowVig.ag,2025-12-13 16:22:22.925734+00:00,2025-12-13 16:21:24+00:00,2025-12-14 01:00:00+00:00,Ohio State Buckeyes,West Virginia Mountaineers,h2h,2h,-180.0,157.0,,,,,,,
7db6f84db97635ec1d5607fe126feb73,LowVig.ag,2025-12-13 16:22:22.925734+00:00,2025-12-13 16:21:24+00:00,2025-12-14 01:00:00+00:00,Ohio State Buckeyes,West Virginia Mountaineers,spreads,full_game,,,-4.0,-108.0,4.0,-104.0,,,
7db6f84db97635ec1d5607fe126feb73,LowVig.ag,2025-12-13 16:22:22.925734+00:00,2025-12-13 16:21:24+00:00,2025-12-14 01:00:00+00:00,Ohio State Buckeyes,West Virginia Mountaineers,totals,full_game,,,,,,,143.0,-111.0,-105.0
7db6f84db97635ec1d5607fe126feb73,Caesars,2025-12-13 16:22:22.925734+00:00,2025-12-13 16:17:55+00:00,2025-12-14 01:00:00+00:00,Ohio State Buckeyes,West Virginia Mountaineers,h2h,2h,-190.0,158.0,,,,,,,
7db6f84db97635ec1d5607fe126feb73,Caesars,2025-12-13 16:22:22.925734+00:00,2025-12-13 16:17:55+00:00,2025-12-14 01:00:00+00:00,Ohio State Buckeyes,West Virginia Mountaineers,spreads,full_game,,,-3.5,-110.0,3.5,-110.0,,,
7db6f84db97635ec1d5607fe126feb73,Caesars,2025-12-13 16:22:22.925734+00:00,2025-12-13 16:17:55+00:00,2025-12-14 01:00:00+00:00,Ohio State Buckeyes,West Virginia Mountaineers,totals,full_game,,,,,,,143.0,-110.0,-110.0
7db6f84db97635ec1d5607fe126feb73,BetMGM,2025-12-13 16:22:22.925734+00:00,2025-12-13 16:21:54+00:00,2025-12-14 01:00:00+00:00,Ohio State Buckeyes,West Virginia Mountaineers,h2h,2h,-190.0,154.0,,,,,,,
7db6f84db97635ec1d5607fe126feb73,BetMGM,2025-12-13 16:22:22.925734+00:00,2025-12-13 16:21:54+00:00,2025-12-14 01:00:00+00:00,Ohio State Buckeyes,West Virginia Mountaineers,totals,full_game,,,,,,,142.5,-115.0,-105.0
7db6f84db97635ec1d5607fe126feb73,BetUS,2025-12-13 16:22:22.925734+00:00,2025-12-13 16:22:17+00:00,2025-12-14 01:00:00+00:00,Ohio State Buckeyes,West Virginia Mountaineers,h2h,2h,-180.0,155.0,,,,,,,
7db6f84db97635ec1d5607fe126feb73,BetUS,2025-12-13 16:22:22.925734+00:00,2025-12-13 16:22:17+00:00,2025-12-14 01:00:00+00:00,Ohio State Buckeyes,West Virginia Mountaineers,spreads,full_game,,,-4.0,-110.0,4.0,-110.0,,,
7db6f84db97635ec1d5607fe126feb73,BetUS,2025-12-13 16:22:22.925734+00:00,2025-12-13 16:22:17+00:00,2025-12-14 01:00:00+00:00,Ohio State Buckeyes,West Virginia Mountaineers,totals,full_game,,,,,,,142.5,-110.0,-110.0
7db6f84db97635ec1d5607fe126feb73,Bovada,2025-12-13 16:22:22.925734+00:00,2025-12-13 16:21:52+00:00,2025-12-14 01:00:00+00:00,Ohio State Buckeyes,West Virginia Mountaineers,h2h,2h,-170.0,145.0,,,,,,,
7db6f84db97635ec1d5607fe126feb73,Bovada,2025-12-13 16:22:22.925734+00:00,2025-12-13 16:21:52+00:00,2025-12-14 01:00:00+00:00,Ohio State Buckeyes,West Virginia Mountaineers,spreads,full_game,,,-3.5,-115.0,3.5,-105.0,,,
7db6f84db97635ec1d5607fe126feb73,Bovada,2025-12-13 16:22:22.925734+00:00,2025-12-13 16:21:52+00:00,2025-12-14 01:00:00+00:00,Ohio State Buckeyes,West Virginia Mountaineers,totals,full_game,,,,,,,143.5,-110.0,-110.0
7db6f84db97635ec1d5607fe126feb73,BetRivers,2025-12-13 16:22:22.925734+00:00,2025-12-13 16:22:18+00:00,2025-12-14 01:00:00+00:00,Ohio State Buckeyes,West Virginia Mountaineers,h2h,2h,-186.0,148.0,,,,,,,
7db6f84db97635ec1d5607fe126feb73,BetRivers,2025-12-13 16:22:22.925734+00:00,2025-12-13 16:22:18+00:00,2025-12-14 01:00:00+00:00,Ohio State Buckeyes,West Virginia Mountaineers,spreads,full_game,,,-4.0,-109.0,4.0,-114.0,,,
7db6f84db97635ec1d5607fe126feb73,BetRivers,2025-12-13 16:22:22.925734+00:00,2025-12-13 16:22:18+00:00,2025-12-14 01:00:00+00:00,Ohio State Buckeyes,West Virginia Mountaineers,totals,full_game,,,,,,,143.0,-112.0,-112.0
c409cde847e2c2be60e19453bde56533,FanDuel,2025-12-13 16:22:22.925734+00:00,2025-12-13 16:21:13+00:00,2025-12-14 01:00:03+00:00,Maryland Terrapins,Michigan Wolverines,h2h,2h,1400.0,-4000.0,,,,,,,
c409cde847e2c2be60e19453bde56533,FanDuel,2025-12-13 16:22:22.925734+00:00,2025-12-13 16:21:13+00:00,2025-12-14 01:00:03+00:00,Maryland Terrapins,Michigan Wolverines,spreads,full_game,,,18.5,-118.0,-18.5,-104.0,,,
c409cde847e2c2be60e19453bde56533,FanDuel,2025-12-13 16:22:22.925734+00:00,2025-12-13 16:21:13+00:00,2025-12-14 01:00:03+00:00,Maryland Terrapins,Michigan Wolverines,totals,full_game,,,,,,,156.5,-115.0,-105.0
c409cde847e2c2be60e19453bde56533,Fanatics,2025-12-13 16:22:22.925734+00:00,2025-12-13 16:21:51+00:00,2025-12-14 01:00:03+00:00,Maryland Terrapins,Michigan Wolverines,h2h,2h,1300.0,-2500.0,,,,,,,
c409cde847e2c2be60e19453bde56533,Fanatics,2025-12-13 16:22:22.925734+00:00,2025-12-13 16:21:51+00:00,2025-12-14 01:00:03+00:00,Maryland Terrapins,Michigan Wolverines,spreads,full_game,,,18.0,-110.0,-18.0,-110.0,,,
c409cde847e2c2be60e19453bde56533,Fanatics,2025-12-13 16:22:22.925734+00:00,2025-12-13 16:21:51+00:00,2025-12-14 01:00:03+00:00,Maryland Terrapins,Michigan Wolverines,totals,full_game,,,,,,,157.5,-110.0,-110.0
c409cde847e2c2be60e19453bde56533,LowVig.ag,2025-12-13 16:22:22.925734+00:00,2025-12-13 16:21:24+00:00,2025-12-14 01:00:03+00:00,Maryland Terrapins,Michigan Wolverines,spreads,full_game,,,17.5,-106.0,-17.5,-106.0,,,
c409cde847e2c2be60e19453bde56533,LowVig.ag,2025-12-13 16:22:22.925734+00:00,2025-12-13 16:21:24+00:00,2025-12-14 01:00:03+00:00,Maryland Terrapins,Michigan Wolverines,totals,full_game,,,,,,,157.5,-108.0,-108.0
c409cde847e2c2be60e19453bde56533,BetOnline.ag,2025-12-13 16:22:22.925734+00:00,2025-12-13 16:21:39+00:00,2025-12-14 01:00:03+00:00,Maryland Terrapins,Michigan Wolverines,spreads,full_game,,,17.5,-110.0,-17.5,-110.0,,,
c409cde847e2c2be60e19453bde56533,BetOnline.ag,2025-12-13 16:22:22.925734+00:00,2025-12-13 16:21:39+00:00,2025-12-14 01:00:03+00:00,Maryland Terrapins,Michigan Wolverines,totals,full_game,,,,,,,157.5,-110.0,-110.0
c409cde847e2c2be60e19453bde56533,Caesars,2025-12-13 16:22:22.925734+00:00,2025-12-13 16:17:55+00:00,2025-12-14 01:00:03+00:00,Maryland Terrapins,Michigan Wolverines,spreads,full_game,,,17.5,-110.0,-17.5,-110.0,,,
c409cde847e2c2be60e19453bde56533,Caesars,2025-12-13 16:22:22.925734+00:00,2025-12-13 16:17:55+00:00,2025-12-14 01:00:03+00:00,Maryland Terrapins,Michigan Wolverines,totals,full_game,,,,,,,157.5,-110.0,-110.0
c409cde847e2c2be60e19453bde56533,BetMGM,2025-12-13 16:22:22.925734+00:00,2025-12-13 16:21:54+00:00,2025-12-14 01:00:03+00:00,Maryland Terrapins,Michigan Wolverines,h2h,2h,950.0,-2000.0,,,,,,,
c409cde847e2c2be60e19453bde56533,BetMGM,2025-12-13 16:22:22.925734+00:00,2025-12-13 16:21:54+00:00,2025-12-14 01:00:03+00:00,Maryland Terrapins,Michigan Wolverines,spreads,full_game,,,17.5,-110.0,-17.5,-110.0,,,
c409cde847e2c2be60e19453bde56533,BetMGM,2025-12-13 16:22:22.925734+00:00,2025-12-13 16:21:54+00:00,2025-12-14 01:00:03+00:00,Maryland Terrapins,Michigan Wolverines,totals,full_game,,,,,,,157.5,-110.0,-110.0
c409cde847e2c2be60e19453bde56533,BetUS,2025-12-13 16:22:22.925734+00:00,2025-12-13 16:22:17+00:00,2025-12-14 01:00:03+00:00,Maryland Terrapins,Michigan Wolverines,spreads,full_game,,,17.5,-110.0,-17.5,-110.0,,,
c409cde847e2c2be60e19453bde56533,BetUS,2025-12-13 16:22:22.925734+00:00,2025-12-13 16:22:17+00:00,2025-12-14 01:00:03+00:00,Maryland Terrapins,Michigan Wolverines,totals,full_game,,,,,,,157.5,-110.0,-110.0
c409cde847e2c2be60e19453bde56533,Bovada,2025-12-13 16:22:22.925734+00:00,2025-12-13 16:21:52+00:00,2025-12-14 01:00:03+00:00,Maryland Terrapins,Michigan Wolverines,h2h,2h,1250.0,-4500.0,,,,,,,
c409cde847e2c2be60e19453bde56533,Bovada,2025-12-13 16:22:22.925734+00:00,2025-12-13 16:21:52+00:00,2025-12-14 01:00:03+00:00,Maryland Terrapins,Michigan Wolverines,spreads,full_game,,,17.5,-110.0,-17.5,-110.0,,,
c409cde847e2c2be60e19453bde56533,Bovada,2025-12-13 16:22:22.925734+00:00,2025-12-13 16:21:52+00:00,2025-12-14 01:00:03+00:00,Maryland Terrapins,Michigan Wolverines,totals,full_game,,,,,,,157.5,-110.0,-110.0
c409cde847e2c2be60e19453bde56533,BetRivers,2025-12-13 16:22:22.925734+00:00,2025-12-13 16:22:18+00:00,2025-12-14 01:00:03+00:00,Maryland Terrapins,Michigan Wolverines,h2h,2h,950.0,-2000.0,,,,,,,
c409cde847e2c2be60e19453bde56533,BetRivers,2025-12-13 16:22:22.925734+00:00,2025-12-13 16:22:18+00:00,2025-12-14 01:00:03+00:00,Maryland Terrapins,Michigan Wolverines,spreads,full_game,,,18.5,-110.0,-18.5,-113.0,,,
c409cde847e2c2be60e19453bde56533,BetRivers,2025-12-13 16:22:22.925734+00:00,2025-12-13 16:22:18+00:00,2025-12-14 01:00:03+00:00,Maryland Terrapins,Michigan Wolverines,totals,full_game,,,,,,,157.0,-109.0,-114.0
0cf83ee73beedfe46340fae1c327de37,FanDuel,2025-12-13 16:22:22.925734+00:00,2025-12-13 16:21:13+00:00,2025-12-14 01:00:33+00:00,Saint Louis Billikens,San Francisco Dons,h2h,2h,-820.0,550.0,,,,,,,
0cf83ee73beedfe46340fae1c327de37,FanDuel,2025-12-13 16:22:22.925734+00:00,2025-12-13 16:21:13+00:00,2025-12-14 01:00:33+00:00,Saint Louis Billikens,San Francisco Dons,spreads,full_game,,,-11.5,-110.0,11.5,-110.0,,,
0cf83ee73beedfe46340fae1c327de37,FanDuel,2025-12-13 16:22:22.925734+00:00,2025-12-13 16:21:13+00:00,2025-12-14 01:00:33+00:00,Saint Louis Billikens,San Francisco Dons,totals,full_game,,,,,,,153.5,-115.0,-105.0
0cf83ee73beedfe46340fae1c327de37,LowVig.ag,2025-12-13 16:22:22.925734+00:00,2025-12-13 16:21:24+00:00,2025-12-14 01:00:33+00:00,Saint Louis Billikens,San Francisco Dons,h2h,2h,-760.0,538.0,,,,,,,
0cf83ee73beedfe46340fae1c327de37,LowVig.ag,2025-12-13 16:22:22.925734+00:00,2025-12-13 16:21:24+00:00,2025-12-14 01:00:33+00:00,Saint Louis Billikens,San Francisco Dons,spreads,full_game,,,-11.5,-106.0,11.5,-106.0,,,
0cf83ee73beedfe46340fae1c327de37,LowVig.ag,2025-12-13 16:22:22.925734+00:00,2025-12-13 16:21:24+00:00,2025-12-14 01:00:33+00:00,Saint Louis Billikens,San Francisco Dons,totals,full_game,,,,,,,153.5,-108.0,-108.0
0cf83ee73beedfe46340fae1c327de37,Fanatics,2025-12-13 16:22:22.925734+00:00,2025-12-13 16:21:51+00:00,2025-12-14 01:00:33+00:00,Saint Louis Billikens,San Francisco Dons,h2h,2h,-750.0,500.0,,,,,,,
0cf83ee73beedfe46340fae1c327de37,Fanatics,2025-12-13 16:22:22.925734+00:00,2025-12-13 16:21:51+00:00,2025-12-14 01:00:33+00:00,Saint Louis Billikens,San Francisco Dons,spreads,full_game,,,-12.0,-110.0,12.0,-110.0,,,
0cf83ee73beedfe46340fae1c327de37,Fanatics,2025-12-13 16:22:22.925734+00:00,2025-12-13 16:21:51+00:00,2025-12-14 01:00:33+00:00,Saint Louis Billikens,San Francisco Dons,totals,full_game,,,,,,,153.5,-110.0,-110.0
0cf83ee73beedfe46340fae1c327de37,BetOnline.ag,2025-12-13 16:22:22.925734+00:00,2025-12-13 16:21:39+00:00,2025-12-14 01:00:33+00:00,Saint Louis Billikens,San Francisco Dons,h2h,2h,-760.0,538.0,,,,,,,
0cf83ee73beedfe46340fae1c327de37,BetOnline.ag,2025-12-13 16:22:22.925734+00:00,2025-12-13 16:21:39+00:00,2025-12-14 01:00:33+00:00,Saint Louis Billikens,San Francisco Dons,spreads,full_game,,,-11.5,-110.0,11.5,-110.0,,,
0cf83ee73beedfe46340fae1c327de37,BetOnline.ag,2025-12-13 16:22:22.925734+00:00,2025-12-13 16:21:39+00:00,2025-12-14 01:00:33+00:00,Saint Louis Billikens,San Francisco Dons,totals,full_game,,,,,,,153.5,-110.0,-110.0
0cf83ee73beedfe46340fae1c327de37,BetMGM,2025-12-13 16:22:22.925734+00:00,2025-12-13 16:21:54+00:00,2025-12-14 01:00:33+00:00,Saint Louis Billikens,San Francisco Dons,h2h,2h,-750.0,525.0,,,,,,,
0cf83ee73beedfe46340fae1c327de37,BetMGM,2025-12-13 16:22:22.925734+00:00,2025-12-13 16:21:54+00:00,2025-12-14 01:00:33+00:00,Saint Louis Billikens,San Francisco Dons,spreads,full_game,,,-11.5,-110.0,11.5,-110.0,,,
0cf83ee73beedfe46340fae1c327de37,BetMGM,2025-12-13 16:22:22.925734+00:00,2025-12-13 16:21:54+00:00,2025-12-14 01:00:33+00:00,Saint Louis Billikens,San Francisco Dons,totals,full_game,,,,,,,154.5,-110.0,-110.0
0cf83ee73beedfe46340fae1c327de37,Caesars,2025-12-13 16:22:22.925734+00:00,2025-12-13 16:17:55+00:00,2025-12-14 01:00:33+00:00,Saint Louis Billikens,San Francisco Dons,h2h,2h,-800.0,550.0,,,,,,,
0cf83ee73beedfe46340fae1c327de37,Caesars,2025-12-13 16:22:22.925734+00:00,2025-12-13 16:17:55+00:00,2025-12-14 01:00:33+00:00,Saint Louis Billikens,San Francisco Dons,spreads,full_game,,,-11.5,-110.0,11.5,-110.0,,,
0cf83ee73beedfe46340fae1c327de37,Caesars,2025-12-13 16:22:22.925734+00:00,2025-12-13 16:17:55+00:00,2025-12-14 01:00:33+00:00,Saint Louis Billikens,San Francisco Dons,totals,full_game,,,,,,,153.5,-110.0,-110.0
0cf83ee73beedfe46340fae1c327de37,BetUS,2025-12-13 16:22:22.925734+00:00,2025-12-13 16:22:17+00:00,2025-12-14 01:00:33+00:00,Saint Louis Billikens,San Francisco Dons,h2h,2h,-760.0,530.0,,,,,,,
0cf83ee73beedfe46340fae1c327de37,BetUS,2025-12-13 16:22:22.925734+00:00,2025-12-13 16:22:17+00:00,2025-12-14 01:00:33+00:00,Saint Louis Billikens,San Francisco Dons,spreads,full_game,,,-11.5,-110.0,11.5,-110.0,,,
0cf83ee73beedfe46340fae1c327de37,BetUS,2025-12-13 16:22:22.925734+00:00,2025-12-13 16:22:17+00:00,2025-12-14 01:00:33+00:00,Saint Louis Billikens,San Francisco Dons,totals,full_game,,,,,,,154.0,-110.0,-110.0
0cf83ee73beedfe46340fae1c327de37,Bovada,2025-12-13 16:22:22.925734+00:00,2025-12-13 16:21:52+00:00,2025-12-14 01:00:33+00:00,Saint Louis Billikens,San Francisco Dons,h2h,2h,-800.0,525.0,,,,,,,
0cf83ee73beedfe46340fae1c327de37,Bovada,2025-12-13 16:22:22.925734+00:00,2025-12-13 16:21:52+00:00,2025-12-14 01:00:33+00:00,Saint Louis Billikens,San Francisco Dons,spreads,full_game,,,-12.0,-110.0,12.0,-110.0,,,
0cf83ee73beedfe46340fae1c327de37,Bovada,2025-12-13 16:22:22.925734+00:00,2025-12-13 16:21:52+00:00,2025-12-14 01:00:33+00:00,Saint Louis Billikens,San Francisco Dons,totals,full_game,,,,,,,153.5,-110.0,-110.0
0cf83ee73beedfe46340fae1c327de37,BetRivers,2025-12-13 16:22:22.925734+00:00,2025-12-13 16:22:18+00:00,2025-12-14 01:00:33+00:00,Saint Louis Billikens,San Francisco Dons,h2h,2h,-715.0,460.0,,,,,,,
0cf83ee73beedfe46340fae1c327de37,BetRivers,2025-12-13 16:22:22.925734+00:00,2025-12-13 16:22:18+00:00,2025-12-14 01:00:33+00:00,Saint Louis Billikens,San Francisco Dons,spreads,full_game,,,-11.5,-117.0,11.5,-109.0,,,
0cf83ee73beedfe46340fae1c327de37,BetRivers,2025-12-13 16:22:22.925734+00:00,2025-12-13 16:22:18+00:00,2025-12-14 01:00:33+00:00,Saint Louis Billikens,San Francisco Dons,totals,full_game,,,,,,,153.5,-114.0,-112.0
b61162b94e429e2a243af0d161adb91d,FanDuel,2025-12-13 16:22:22.925734+00:00,2025-12-13 16:21:13+00:00,2025-12-14 01:00:52+00:00,Seton Hall Pirates,Rutgers Scarlet Knights,h2h,2h,-880.0,580.0,,,,,,,
b61162b94e429e2a243af0d161adb91d,FanDuel,2025-12-13 16:22:22.925734+00:00,2025-12-13 16:21:13+00:00,2025-12-14 01:00:52+00:00,Seton Hall Pirates,Rutgers Scarlet Knights,spreads,full_game,,,-11.5,-115.0,11.5,-105.0,,,
b61162b94e429e2a243af0d161adb91d,FanDuel,2025-12-13 16:22:22.925734+00:00,2025-12-13 16:21:13+00:00,2025-12-14 01:00:52+00:00,Seton Hall Pirates,Rutgers Scarlet Knights,totals,full_game,,,,,,,131.5,-115.0,-105.0
b61162b94e429e2a243af0d161adb91d,Fanatics,2025-12-13 16:22:22.925734+00:00,2025-12-13 16:21:51+00:00,2025-12-14 01:00:52+00:00,Seton Hall Pirates,Rutgers Scarlet Knights,h2h,2h,-800.0,550.0,,,,,,,
b61162b94e429e2a243af0d161adb91d,Fanatics,2025-12-13 16:22:22.925734+00:00,2025-12-13 16:21:51+00:00,2025-12-14 01:00:52+00:00,Seton Hall Pirates,Rutgers Scarlet Knights,spreads,full_game,,,-12.0,-105.0,12.0,-115.0,,,
b61162b94e429e2a243af0d161adb91d,Fanatics,2025-12-13 16:22:22.925734+00:00,2025-12-13 16:21:51+00:00,2025-12-14 01:00:52+00:00,Seton Hall Pirates,Rutgers Scarlet Knights,totals,full_game,,,,,,,132.0,-110.0,-110.0
b61162b94e429e2a243af0d161adb91d,BetOnline.ag,2025-12-13 16:22:22.925734+00:00,2025-12-13 16:21:39+00:00,2025-12-14 01:00:52+00:00,Seton Hall Pirates,Rutgers Scarlet Knights,h2h,2h,-715.0,514.0,,,,,,,
b61162b94e429e2a243af0d161adb91d,BetOnline.ag,2025-12-13 16:22:22.925734+00:00,2025-12-13 16:21:39+00:00,2025-12-14 01:00:52+00:00,Seton Hall Pirates,Rutgers Scarlet Knights,spreads,full_game,,,-11.5,-105.0,11.5,-115.0,,,
b61162b94e429e2a243af0d161adb91d,BetOnline.ag,2025-12-13 16:22:22.925734+00:00,2025-12-13 16:21:39+00:00,2025-12-14 01:00:52+00:00,Seton Hall Pirates,Rutgers Scarlet Knights,totals,full_game,,,,,,,132.0,-110.0,-110.0
b61162b94e429e2a243af0d161adb91d,LowVig.ag,2025-12-13 16:22:22.925734+00:00,2025-12-13 16:21:24+00:00,2025-12-14 01:00:52+00:00,Seton Hall Pirates,Rutgers Scarlet Knights,h2h,2h,-715.0,514.0,,,,,,,
b61162b94e429e2a243af0d161adb91d,LowVig.ag,2025-12-13 16:22:22.925734+00:00,2025-12-13 16:21:24+00:00,2025-12-14 01:00:52+00:00,Seton Hall Pirates,Rutgers Scarlet Knights,spreads,full_game,,,-11.5,-101.0,11.5,-111.0,,,
b61162b94e429e2a243af0d161adb91d,LowVig.ag,2025-12-13 16:22:22.925734+00:00,2025-12-13 16:21:24+00:00,2025-12-14 01:00:52+00:00,Seton Hall Pirates,Rutgers Scarlet Knights,totals,full_game,,,,,,,132.0,-108.0,-108.0
b61162b94e429e2a243af0d161adb91d,Caesars,2025-12-13 16:22:22.925734+00:00,2025-12-13 16:17:55+00:00,2025-12-14 01:00:52+00:00,Seton Hall Pirates,Rutgers Scarlet Knights,h2h,2h,-800.0,550.0,,,,,,,
b61162b94e429e2a243af0d161adb91d,Caesars,2025-12-13 16:22:22.925734+00:00,2025-12-13 16:17:55+00:00,2025-12-14 01:00:52+00:00,Seton Hall Pirates,Rutgers Scarlet Knights,spreads,full_game,,,-11.5,-110.0,11.5,-110.0,,,
b61162b94e429e2a243af0d161adb91d,Caesars,2025-12-13 16:22:22.925734+00:00,2025-12-13 16:17:55+00:00,2025-12-14 01:00:52+00:00,Seton Hall Pirates,Rutgers Scarlet Knights,totals,full_game,,,,,,,132.0,-110.0,-110.0
b61162b94e429e2a243af0d161adb91d,BetMGM,2025-12-13 16:22:22.925734+00:00,2025-12-13 16:21:54+00:00,2025-12-14 01:00:52+00:00,Seton Hall Pirates,Rutgers Scarlet Knights,h2h,2h,-800.0,550.0,,,,,,,
b61162b94e429e2a243af0d161adb91d,BetMGM,2025-12-13 16:22:22.925734+00:00,2025-12-13 16:21:54+00:00,2025-12-14 01:00:52+00:00,Seton Hall Pirates,Rutgers Scarlet Knights,spreads,full_game,,,-11.5,-110.0,11.5,-110.0,,,
b61162b94e429e2a243af0d161adb91d,BetMGM,2025-12-13 16:22:22.925734+00:00,2025-12-13 16:21:54+00:00,2025-12-14 01:00:52+00:00,Seton Hall Pirates,Rutgers Scarlet Knights,totals,full_game,,,,,,,132.5,-105.0,-115.0
b61162b94e429e2a243af0d161adb91d,BetUS,2025-12-13 16:22:22.925734+00:00,2025-12-13 16:22:17+00:00,2025-12-14 01:00:52+00:00,Seton Hall Pirates,Rutgers Scarlet Knights,h2h,2h,-715.0,515.0,,,,,,,
b61162b94e429e2a243af0d161adb91d,BetUS,2025-12-13 16:22:22.925734+00:00,2025-12-13 16:22:17+00:00,2025-12-14 01:00:52+00:00,Seton Hall Pirates,Rutgers Scarlet Knights,spreads,full_game,,,-11.5,-110.0,11.5,-110.0,,,
b61162b94e429e2a243af0d161adb91d,BetUS,2025-12-13 16:22:22.925734+00:00,2025-12-13 16:22:17+00:00,2025-12-14 01:00:52+00:00,Seton Hall Pirates,Rutgers Scarlet Knights,totals,full_game,,,,,,,132.0,-110.0,-110.0
b61162b94e429e2a243af0d161adb91d,Bovada,2025-12-13 16:22:22.925734+00:00,2025-12-13 16:21:52+00:00,2025-12-14 01:00:52+00:00,Seton Hall Pirates,Rutgers Scarlet Knights,h2h,2h,-750.0,500.0,,,,,,,
b61162b94e429e2a243af0d161adb91d,Bovada,2025-12-13 16:22:22.925734+00:00,2025-12-13 16:21:52+00:00,2025-12-14 01:00:52+00:00,Seton Hall Pirates,Rutgers Scarlet Knights,spreads,full_game,,,-11.5,-110.0,11.5,-110.0,,,
b61162b94e429e2a243af0d161adb91d,Bovada,2025-12-13 16:22:22.925734+00:00,2025-12-13 16:21:52+00:00,2025-12-14 01:00:52+00:00,Seton Hall Pirates,Rutgers Scarlet Knights,totals,full_game,,,,,,,131.5,-115.0,-105.0
b61162b94e429e2a243af0d161adb91d,BetRivers,2025-12-13 16:22:22.925734+00:00,2025-12-13 16:22:18+00:00,2025-12-14 01:00:52+00:00,Seton Hall Pirates,Rutgers Scarlet Knights,h2h,2h,-1000.0,575.0,,,,,,,
b61162b94e429e2a243af0d161adb91d,BetRivers,2025-12-13 16:22:22.925734+00:00,2025-12-13 16:22:18+00:00,2025-12-14 01:00:52+00:00,Seton Hall Pirates,Rutgers Scarlet Knights,spreads,full_game,,,-12.0,-112.0,12.0,-112.0,,,
b61162b94e429e2a243af0d161adb91d,BetRivers,2025-12-13 16:22:22.925734+00:00,2025-12-13 16:22:18+00:00,2025-12-14 01:00:52+00:00,Seton Hall Pirates,Rutgers Scarlet Knights,totals,full_game,,,,,,,132.5,-113.0,-110.0
bceddea30d845f79c47f75a50e4b2981,FanDuel,2025-12-13 16:22:22.925734+00:00,2025-12-13 16:21:13+00:00,2025-12-14 01:30:37+00:00,LSU Tigers,SMU Mustangs,h2h,2h,102.0,-122.0,,,,,,,
bceddea30d845f79c47f75a50e4b2981,FanDuel,2025-12-13 16:22:22.925734+00:00,2025-12-13 16:21:13+00:00,2025-12-14 01:30:37+00:00,LSU Tigers,SMU Mustangs,spreads,full_game,,,1.5,-114.0,-1.5,-106.0,,,
bceddea30d845f79c47f75a50e4b2981,FanDuel,2025-12-13 16:22:22.925734+00:00,2025-12-13 16:21:13+00:00,2025-12-14 01:30:37+00:00,LSU Tigers,SMU Mustangs,totals,full_game,,,,,,,158.5,-110.0,-110.0
bceddea30d845f79c47f75a50e4b2981,BetOnline.ag,2025-12-13 16:22:22.925734+00:00,2025-12-13 16:21:39+00:00,2025-12-14 01:30:37+00:00,LSU Tigers,SMU Mustangs,h2h,2h,-105.0,-115.0,,,,,,,
bceddea30d845f79c47f75a50e4b2981,BetOnline.ag,2025-12-13 16:22:22.925734+00:00,2025-12-13 16:21:39+00:00,2025-12-14 01:30:37+00:00,LSU Tigers,SMU Mustangs,spreads,full_game,,,1.0,-109.0,-1.0,-111.0,,,
bceddea30d845f79c47f75a50e4b2981,BetOnline.ag,2025-12-13 16:22:22.925734+00:00,2025-12-13 16:21:39+00:00,2025-12-14 01:30:37+00:00,LSU Tigers,SMU Mustangs,totals,full_game,,,,,,,159.5,-110.0,-110.0
bceddea30d845f79c47f75a50e4b2981,LowVig.ag,2025-12-13 16:22:22.925734+00:00,2025-12-13 16:21:24+00:00,2025-12-14 01:30:37+00:00,LSU Tigers,SMU Mustangs,h2h,2h,-105.0,-115.0,,,,,,,
bceddea30d845f79c47f75a50e4b2981,LowVig.ag,2025-12-13 16:22:22.925734+00:00,2025-12-13 16:21:24+00:00,2025-12-14 01:30:37+00:00,LSU Tigers,SMU Mustangs,spreads,full_game,,,1.0,-105.0,-1.0,-107.0,,,
bceddea30d845f79c47f75a50e4b2981,LowVig.ag,2025-12-13 16:22:22.925734+00:00,2025-12-13 16:21:24+00:00,2025-12-14 01:30:37+00:00,LSU Tigers,SMU Mustangs,totals,full_game,,,,,,,159.5,-108.0,-108.0
bceddea30d845f79c47f75a50e4b2981,Fanatics,2025-12-13 16:22:22.925734+00:00,2025-12-13 16:21:51+00:00,2025-12-14 01:30:37+00:00,LSU Tigers,SMU Mustangs,h2h,2h,100.0,-120.0,,,,,,,
bceddea30d845f79c47f75a50e4b2981,Fanatics,2025-12-13 16:22:22.925734+00:00,2025-12-13 16:21:51+00:00,2025-12-14 01:30:37+00:00,LSU Tigers,SMU Mustangs,spreads,full_game,,,1.5,-110.0,-1.5,-110.0,,,
bceddea30d845f79c47f75a50e4b2981,Fanatics,2025-12-13 16:22:22.925734+00:00,2025-12-13 16:21:51+00:00,2025-12-14 01:30:37+00:00,LSU Tigers,SMU Mustangs,totals,full_game,,,,,,,159.5,-110.0,-110.0
bceddea30d845f79c47f75a50e4b2981,Caesars,2025-12-13 16:22:22.925734+00:00,2025-12-13 16:17:55+00:00,2025-12-14 01:30:37+00:00,LSU Tigers,SMU Mustangs,h2h,2h,100.0,-120.0,,,,,,,
bceddea30d845f79c47f75a50e4b2981,Caesars,2025-12-13 16:22:22.925734+00:00,2025-12-13 16:17:55+00:00,2025-12-14 01:30:37+00:00,LSU Tigers,SMU Mustangs,spreads,full_game,,,1.5,-110.0,-1.5,-110.0,,,
bceddea30d845f79c47f75a50e4b2981,Caesars,2025-12-13 16:22:22.925734+00:00,2025-12-13 16:17:55+00:00,2025-12-14 01:30:37+00:00,LSU Tigers,SMU Mustangs,totals,full_game,,,,,,,158.5,-110.0,-110.0
bceddea30d845f79c47f75a50e4b2981,BetMGM,2025-12-13 16:22:22.925734+00:00,2025-12-13 16:21:55+00:00,2025-12-14 01:30:37+00:00,LSU Tigers,SMU Mustangs,h2h,2h,-105.0,-115.0,,,,,,,
bceddea30d845f79c47f75a50e4b2981,BetMGM,2025-12-13 16:22:22.925734+00:00,2025-12-13 16:21:55+00:00,2025-12-14 01:30:37+00:00,LSU Tigers,SMU Mustangs,spreads,full_game,,,1.5,-120.0,-1.5,100.0,,,
bceddea30d845f79c47f75a50e4b2981,BetMGM,2025-12-13 16:22:22.925734+00:00,2025-12-13 16:21:55+00:00,2025-12-14 01:30:37+00:00,LSU Tigers,SMU Mustangs,totals,full_game,,,,,,,159.5,-110.0,-110.0
bceddea30d845f79c47f75a50e4b2981,BetUS,2025-12-13 16:22:22.925734+00:00,2025-12-13 16:22:17+00:00,2025-12-14 01:30:37+00:00,LSU Tigers,SMU Mustangs,h2h,2h,-105.0,-115.0,,,,,,,
bceddea30d845f79c47f75a50e4b2981,BetUS,2025-12-13 16:22:22.925734+00:00,2025-12-13 16:22:17+00:00,2025-12-14 01:30:37+00:00,LSU Tigers,SMU Mustangs,spreads,full_game,,,1.0,-110.0,-1.0,-110.0,,,
bceddea30d845f79c47f75a50e4b2981,BetUS,2025-12-13 16:22:22.925734+00:00,2025-12-13 16:22:17+00:00,2025-12-14 01:30:37+00:00,LSU Tigers,SMU Mustangs,totals,full_game,,,,,,,159.5,-110.0,-110.0
bceddea30d845f79c47f75a50e4b2981,Bovada,2025-12-13 16:22:22.925734+00:00,2025-12-13 16:21:52+00:00,2025-12-14 01:30:37+00:00,LSU Tigers,SMU Mustangs,h2h,2h,-105.0,-115.0,,,,,,,
bceddea30d845f79c47f75a50e4b2981,Bovada,2025-12-13 16:22:22.925734+00:00,2025-12-13 16:21:52+00:00,2025-12-14 01:30:37+00:00,LSU Tigers,SMU Mustangs,spreads,full_game,,,1.0,-110.0,-1.0,-110.0,,,
bceddea30d845f79c47f75a50e4b2981,Bovada,2025-12-13 16:22:22.925734+00:00,2025-12-13 16:21:52+00:00,2025-12-14 01:30:37+00:00,LSU Tigers,SMU Mustangs,totals,full_game,,,,,,,160.0,-105.0,-115.0
bceddea30d845f79c47f75a50e4b2981,BetRivers,2025-12-13 16:22:22.925734+00:00,2025-12-13 16:22:18+00:00,2025-12-14 01:30:37+00:00,LSU Tigers,SMU Mustangs,h2h,2h,-105.0,-124.0,,,,,,,
bceddea30d845f79c47f75a50e4b2981,BetRivers,2025-12-13 16:22:22.925734+00:00,2025-12-13 16:22:18+00:00,2025-12-14 01:30:37+00:00,LSU Tigers,SMU Mustangs,spreads,full_game,,,1.0,-109.0,-1.0,-114.0,,,
bceddea30d845f79c47f75a50e4b2981,BetRivers,2025-12-13 16:22:22.925734+00:00,2025-12-13 16:22:18+00:00,2025-12-14 01:30:37+00:00,LSU Tigers,SMU Mustangs,totals,full_game,,,,,,,159.5,-112.0,-112.0
352ccb4e01d8540f9fcd50411513c905,FanDuel,2025-12-13 16:22:22.925734+00:00,2025-12-13 16:21:13+00:00,2025-12-14 02:00:00+00:00,BYU Cougars,UC Riverside Highlanders,spreads,full_game,,,-34.5,-120.0,34.5,-102.0,,,
352ccb4e01d8540f9fcd50411513c905,FanDuel,2025-12-13 16:22:22.925734+00:00,2025-12-13 16:21:13+00:00,2025-12-14 02:00:00+00:00,BYU Cougars,UC Riverside Highlanders,totals,full_game,,,,,,,154.5,-112.0,-108.0
352ccb4e01d8540f9fcd50411513c905,LowVig.ag,2025-12-13 16:22:22.925734+00:00,2025-12-13 16:21:24+00:00,2025-12-14 02:00:00+00:00,BYU Cougars,UC Riverside Highlanders,spreads,full_game,,,-34.5,-106.0,34.5,-106.0,,,
352ccb4e01d8540f9fcd50411513c905,LowVig.ag,2025-12-13 16:22:22.925734+00:00,2025-12-13 16:21:24+00:00,2025-12-14 02:00:00+00:00,BYU Cougars,UC Riverside Highlanders,totals,full_game,,,,,,,154.5,-113.0,-103.0
352ccb4e01d8540f9fcd50411513c905,BetOnline.ag,2025-12-13 16:22:22.925734+00:00,2025-12-13 16:21:39+00:00,2025-12-14 02:00:00+00:00,BYU Cougars,UC Riverside Highlanders,spreads,full_game,,,-34.5,-110.0,34.5,-110.0,,,
352ccb4e01d8540f9fcd50411513c905,BetOnline.ag,2025-12-13 16:22:22.925734+00:00,2025-12-13 16:21:39+00:00,2025-12-14 02:00:00+00:00,BYU Cougars,UC Riverside Highlanders,totals,full_game,,,,,,,154.5,-115.0,-105.0
352ccb4e01d8540f9fcd50411513c905,Fanatics,2025-12-13 16:22:22.925734+00:00,2025-12-13 16:21:51+00:00,2025-12-14 02:00:00+00:00,BYU Cougars,UC Riverside Highlanders,spreads,full_game,,,-35.0,-110.0,35.0,-110.0,,,
352ccb4e01d8540f9fcd50411513c905,Fanatics,2025-12-13 16:22:22.925734+00:00,2025-12-13 16:21:51+00:00,2025-12-14 02:00:00+00:00,BYU Cougars,UC Riverside Highlanders,totals,full_game,,,,,,,155.0,-110.0,-110.0
352ccb4e01d8540f9fcd50411513c905,BetMGM,2025-12-13 16:22:22.925734+00:00,2025-12-13 16:21:55+00:00,2025-12-14 02:00:00+00:00,BYU Cougars,UC Riverside Highlanders,spreads,full_game,,,-34.5,-115.0,34.5,-105.0,,,
352ccb4e01d8540f9fcd50411513c905,BetMGM,2025-12-13 16:22:22.925734+00:00,2025-12-13 16:21:55+00:00,2025-12-14 02:00:00+00:00,BYU Cougars,UC Riverside Highlanders,totals,full_game,,,,,,,154.5,-115.0,-105.0
352ccb4e01d8540f9fcd50411513c905,Caesars,2025-12-13 16:22:22.925734+00:00,2025-12-13 16:17:55+00:00,2025-12-14 02:00:00+00:00,BYU Cougars,UC Riverside Highlanders,spreads,full_game,,,-34.5,-110.0,34.5,-110.0,,,
352ccb4e01d8540f9fcd50411513c905,Caesars,2025-12-13 16:22:22.925734+00:00,2025-12-13 16:17:55+00:00,2025-12-14 02:00:00+00:00,BYU Cougars,UC Riverside Highlanders,totals,full_game,,,,,,,154.5,-110.0,-110.0
352ccb4e01d8540f9fcd50411513c905,BetUS,2025-12-13 16:22:22.925734+00:00,2025-12-13 16:22:17+00:00,2025-12-14 02:00:00+00:00,BYU Cougars,UC Riverside Highlanders,spreads,full_game,,,-34.5,-110.0,34.5,-110.0,,,
352ccb4e01d8540f9fcd50411513c905,BetUS,2025-12-13 16:22:22.925734+00:00,2025-12-13 16:22:17+00:00,2025-12-14 02:00:00+00:00,BYU Cougars,UC Riverside Highlanders,totals,full_game,,,,,,,154.5,-115.0,-105.0
352ccb4e01d8540f9fcd50411513c905,Bovada,2025-12-13 16:22:22.925734+00:00,2025-12-13 16:21:52+00:00,2025-12-14 02:00:00+00:00,BYU Cougars,UC Riverside Highlanders,spreads,full_game,,,-35.0,-110.0,35.0,-110.0,,,
352ccb4e01d8540f9fcd50411513c905,Bovada,2025-12-13 16:22:22.925734+00:00,2025-12-13 16:21:52+00:00,2025-12-14 02:00:00+00:00,BYU Cougars,UC Riverside Highlanders,totals,full_game,,,,,,,155.5,-110.0,-110.0
352ccb4e01d8540f9fcd50411513c905,BetRivers,2025-12-13 16:22:22.925734+00:00,2025-12-13 16:22:18+00:00,2025-12-14 02:00:00+00:00,BYU Cougars,UC Riverside Highlanders,spreads,full_game,,,-33.5,-118.0,33.5,-107.0,,,
352ccb4e01d8540f9fcd50411513c905,BetRivers,2025-12-13 16:22:22.925734+00:00,2025-12-13 16:22:18+00:00,2025-12-14 02:00:00+00:00,BYU Cougars,UC Riverside Highlanders,totals,full_game,,,,,,,154.5,-113.0,-113.0
714c7736e2b40ce2e0755ba10543516f,Fanatics,2025-12-13 16:22:22.925734+00:00,2025-12-13 16:21:51+00:00,2025-12-14 02:30:00+00:00,CSU Bakersfield Roadrunners,Pepperdine Waves,h2h,2h,-160.0,130.0,,,,,,,
714c7736e2b40ce2e0755ba10543516f,Fanatics,2025-12-13 16:22:22.925734+00:00,2025-12-13 16:21:51+00:00,2025-12-14 02:30:00+00:00,CSU Bakersfield Roadrunners,Pepperdine Waves,spreads,full_game,,,-3.0,-110.0,3.0,-110.0,,,
714c7736e2b40ce2e0755ba10543516f,Fanatics,2025-12-13 16:22:22.925734+00:00,2025-12-13 16:21:51+00:00,2025-12-14 02:30:00+00:00,CSU Bakersfield Roadrunners,Pepperdine Waves,totals,full_game,,,,,,,147.0,-110.0,-110.0
714c7736e2b40ce2e0755ba10543516f,LowVig.ag,2025-12-13 16:22:22.925734+00:00,2025-12-13 16:21:24+00:00,2025-12-14 02:30:00+00:00,CSU Bakersfield Roadrunners,Pepperdine Waves,h2h,2h,-160.0,140.0,,,,,,,
714c7736e2b40ce2e0755ba10543516f,LowVig.ag,2025-12-13 16:22:22.925734+00:00,2025-12-13 16:21:24+00:00,2025-12-14 02:30:00+00:00,CSU Bakersfield Roadrunners,Pepperdine Waves,spreads,full_game,,,-3.0,-109.0,3.0,-103.0,,,
714c7736e2b40ce2e0755ba10543516f,LowVig.ag,2025-12-13 16:22:22.925734+00:00,2025-12-13 16:21:24+00:00,2025-12-14 02:30:00+00:00,CSU Bakersfield Roadrunners,Pepperdine Waves,totals,full_game,,,,,,,147.5,-108.0,-108.0
714c7736e2b40ce2e0755ba10543516f,BetOnline.ag,2025-12-13 16:22:22.925734+00:00,2025-12-13 16:21:39+00:00,2025-12-14 02:30:00+00:00,CSU Bakersfield Roadrunners,Pepperdine Waves,h2h,2h,-160.0,140.0,,,,,,,
714c7736e2b40ce2e0755ba10543516f,BetOnline.ag,2025-12-13 16:22:22.925734+00:00,2025-12-13 16:21:39+00:00,2025-12-14 02:30:00+00:00,CSU Bakersfield Roadrunners,Pepperdine Waves,spreads,full_game,,,-3.0,-113.0,3.0,-107.0,,,
714c7736e2b40ce2e0755ba10543516f,BetOnline.ag,2025-12-13 16:22:22.925734+00:00,2025-12-13 16:21:39+00:00,2025-12-14 02:30:00+00:00,CSU Bakersfield Roadrunners,Pepperdine Waves,totals,full_game,,,,,,,147.5,-110.0,-110.0
714c7736e2b40ce2e0755ba10543516f,BetMGM,2025-12-13 16:22:22.925734+00:00,2025-12-13 16:21:55+00:00,2025-12-14 02:30:00+00:00,CSU Bakersfield Roadrunners,Pepperdine Waves,h2h,2h,-160.0,135.0,,,,,,,
714c7736e2b40ce2e0755ba10543516f,BetMGM,2025-12-13 16:22:22.925734+00:00,2025-12-13 16:21:55+00:00,2025-12-14 02:30:00+00:00,CSU Bakersfield Roadrunners,Pepperdine Waves,spreads,full_game,,,-3.5,-110.0,3.5,-110.0,,,
714c7736e2b40ce2e0755ba10543516f,BetMGM,2025-12-13 16:22:22.925734+00:00,2025-12-13 16:21:55+00:00,2025-12-14 02:30:00+00:00,CSU Bakersfield Roadrunners,Pepperdine Waves,totals,full_game,,,,,,,147.5,-110.0,-110.0
714c7736e2b40ce2e0755ba10543516f,Caesars,2025-12-13 16:22:22.925734+00:00,2025-12-13 16:17:55+00:00,2025-12-14 02:30:00+00:00,CSU Bakersfield Roadrunners,Pepperdine Waves,h2h,2h,-165.0,140.0,,,,,,,
714c7736e2b40ce2e0755ba10543516f,Caesars,2025-12-13 16:22:22.925734+00:00,2025-12-13 16:17:55+00:00,2025-12-14 02:30:00+00:00,CSU Bakersfield Roadrunners,Pepperdine Waves,spreads,full_game,,,-3.0,-110.0,3.0,-110.0,,,
714c7736e2b40ce2e0755ba10543516f,Caesars,2025-12-13 16:22:22.925734+00:00,2025-12-13 16:17:55+00:00,2025-12-14 02:30:00+00:00,CSU Bakersfield Roadrunners,Pepperdine Waves,totals,full_game,,,,,,,147.5,-110.0,-110.0
714c7736e2b40ce2e0755ba10543516f,BetUS,2025-12-13 16:22:22.925734+00:00,2025-12-13 16:22:17+00:00,2025-12-14 02:30:00+00:00,CSU Bakersfield Roadrunners,Pepperdine Waves,h2h,2h,-160.0,138.0,,,,,,,
714c7736e2b40ce2e0755ba10543516f,BetUS,2025-12-13 16:22:22.925734+00:00,2025-12-13 16:22:17+00:00,2025-12-14 02:30:00+00:00,CSU Bakersfield Roadrunners,Pepperdine Waves,spreads,full_game,,,-3.5,-110.0,3.5,-110.0,,,
714c7736e2b40ce2e0755ba10543516f,BetUS,2025-12-13 16:22:22.925734+00:00,2025-12-13 16:22:17+00:00,2025-12-14 02:30:00+00:00,CSU Bakersfield Roadrunners,Pepperdine Waves,totals,full_game,,,,,,,147.5,-110.0,-110.0
714c7736e2b40ce2e0755ba10543516f,Bovada,2025-12-13 16:22:22.925734+00:00,2025-12-13 16:21:52+00:00,2025-12-14 02:30:00+00:00,CSU Bakersfield Roadrunners,Pepperdine Waves,h2h,2h,-150.0,130.0,,,,,,,
714c7736e2b40ce2e0755ba10543516f,Bovada,2025-12-13 16:22:22.925734+00:00,2025-12-13 16:21:52+00:00,2025-12-14 02:30:00+00:00,CSU Bakersfield Roadrunners,Pepperdine Waves,spreads,full_game,,,-3.0,-105.0,3.0,-115.0,,,
714c7736e2b40ce2e0755ba10543516f,Bovada,2025-12-13 16:22:22.925734+00:00,2025-12-13 16:21:52+00:00,2025-12-14 02:30:00+00:00,CSU Bakersfield Roadrunners,Pepperdine Waves,totals,full_game,,,,,,,147.0,-110.0,-110.0
714c7736e2b40ce2e0755ba10543516f,BetRivers,2025-12-13 16:22:22.925734+00:00,2025-12-13 16:22:18+00:00,2025-12-14 02:30:00+00:00,CSU Bakersfield Roadrunners,Pepperdine Waves,h2h,2h,-148.0,116.0,,,,,,,
714c7736e2b40ce2e0755ba10543516f,BetRivers,2025-12-13 16:22:22.925734+00:00,2025-12-13 16:22:18+00:00,2025-12-14 02:30:00+00:00,CSU Bakersfield Roadrunners,Pepperdine Waves,spreads,full_game,,,-2.5,-110.0,2.5,-115.0,,,
714c7736e2b40ce2e0755ba10543516f,BetRivers,2025-12-13 16:22:22.925734+00:00,2025-12-13 16:22:18+00:00,2025-12-14 02:30:00+00:00,CSU Bakersfield Roadrunners,Pepperdine Waves,totals,full_game,,,,,,,147.5,-117.0,-109.0
714c7736e2b40ce2e0755ba10543516f,FanDuel,2025-12-13 16:22:22.925734+00:00,2025-12-13 16:21:13+00:00,2025-12-14 02:30:00+00:00,CSU Bakersfield Roadrunners,Pepperdine Waves,h2h,2h,-170.0,138.0,,,,,,,
714c7736e2b40ce2e0755ba10543516f,FanDuel,2025-12-13 16:22:22.925734+00:00,2025-12-13 16:21:13+00:00,2025-12-14 02:30:00+00:00,CSU Bakersfield Roadrunners,Pepperdine Waves,spreads,full_game,,,-3.5,-106.0,3.5,-114.0,,,
714c7736e2b40ce2e0755ba10543516f,FanDuel,2025-12-13 16:22:22.925734+00:00,2025-12-13 16:21:13+00:00,2025-12-14 02:30:00+00:00,CSU Bakersfield Roadrunners,Pepperdine Waves,totals,full_game,,,,,,,147.5,-110.0,-114.0
7aa5a5ebbef10ae9124cf24716da7726,LowVig.ag,2025-12-13 16:22:22.925734+00:00,2025-12-13 16:21:24+00:00,2025-12-14 02:30:00+00:00,UNLV Rebels,Tennessee St Tigers,h2h,2h,-650.0,476.0,,,,,,,
7aa5a5ebbef10ae9124cf24716da7726,LowVig.ag,2025-12-13 16:22:22.925734+00:00,2025-12-13 16:21:24+00:00,2025-12-14 02:30:00+00:00,UNLV Rebels,Tennessee St Tigers,spreads,full_game,,,-11.0,-106.0,11.0,-106.0,,,
7aa5a5ebbef10ae9124cf24716da7726,LowVig.ag,2025-12-13 16:22:22.925734+00:00,2025-12-13 16:21:24+00:00,2025-12-14 02:30:00+00:00,UNLV Rebels,Tennessee St Tigers,totals,full_game,,,,,,,157.5,-106.0,-110.0
7aa5a5ebbef10ae9124cf24716da7726,BetOnline.ag,2025-12-13 16:22:22.925734+00:00,2025-12-13 16:21:39+00:00,2025-12-14 02:30:00+00:00,UNLV Rebels,Tennessee St Tigers,h2h,2h,-650.0,476.0,,,,,,,
7aa5a5ebbef10ae9124cf24716da7726,BetOnline.ag,2025-12-13 16:22:22.925734+00:00,2025-12-13 16:21:39+00:00,2025-12-14 02:30:00+00:00,UNLV Rebels,Tennessee St Tigers,spreads,full_game,,,-11.0,-110.0,11.0,-110.0,,,
7aa5a5ebbef10ae9124cf24716da7726,BetOnline.ag,2025-12-13 16:22:22.925734+00:00,2025-12-13 16:21:39+00:00,2025-12-14 02:30:00+00:00,UNLV Rebels,Tennessee St Tigers,totals,full_game,,,,,,,157.5,-108.0,-112.0
7aa5a5ebbef10ae9124cf24716da7726,FanDuel,2025-12-13 16:22:22.925734+00:00,2025-12-13 16:21:13+00:00,2025-12-14 02:30:00+00:00,UNLV Rebels,Tennessee St Tigers,h2h,2h,-850.0,570.0,,,,,,,
7aa5a5ebbef10ae9124cf24716da7726,FanDuel,2025-12-13 16:22:22.925734+00:00,2025-12-13 16:21:13+00:00,2025-12-14 02:30:00+00:00,UNLV Rebels,Tennessee St Tigers,spreads,full_game,,,-11.5,-110.0,11.5,-110.0,,,
7aa5a5ebbef10ae9124cf24716da7726,FanDuel,2025-12-13 16:22:22.925734+00:00,2025-12-13 16:21:13+00:00,2025-12-14 02:30:00+00:00,UNLV Rebels,Tennessee St Tigers,totals,full_game,,,,,,,157.5,-115.0,-105.0
7aa5a5ebbef10ae9124cf24716da7726,Fanatics,2025-12-13 16:22:22.925734+00:00,2025-12-13 16:21:51+00:00,2025-12-14 02:30:00+00:00,UNLV Rebels,Tennessee St Tigers,h2h,2h,-700.0,475.0,,,,,,,
7aa5a5ebbef10ae9124cf24716da7726,Fanatics,2025-12-13 16:22:22.925734+00:00,2025-12-13 16:21:51+00:00,2025-12-14 02:30:00+00:00,UNLV Rebels,Tennessee St Tigers,spreads,full_game,,,-11.0,-110.0,11.0,-110.0,,,
7aa5a5ebbef10ae9124cf24716da7726,Fanatics,2025-12-13 16:22:22.925734+00:00,2025-12-13 16:21:51+00:00,2025-12-14 02:30:00+00:00,UNLV Rebels,Tennessee St Tigers,totals,full_game,,,,,,,158.0,-110.0,-110.0
7aa5a5ebbef10ae9124cf24716da7726,BetMGM,2025-12-13 16:22:22.925734+00:00,2025-12-13 16:21:55+00:00,2025-12-14 02:30:00+00:00,UNLV Rebels,Tennessee St Tigers,h2h,2h,-650.0,475.0,,,,,,,
7aa5a5ebbef10ae9124cf24716da7726,BetMGM,2025-12-13 16:22:22.925734+00:00,2025-12-13 16:21:55+00:00,2025-12-14 02:30:00+00:00,UNLV Rebels,Tennessee St Tigers,spreads,full_game,,,-10.5,-118.0,10.5,-102.0,,,
7aa5a5ebbef10ae9124cf24716da7726,BetMGM,2025-12-13 16:22:22.925734+00:00,2025-12-13 16:21:55+00:00,2025-12-14 02:30:00+00:00,UNLV Rebels,Tennessee St Tigers,totals,full_game,,,,,,,157.5,-110.0,-110.0
7aa5a5ebbef10ae9124cf24716da7726,Caesars,2025-12-13 16:22:22.925734+00:00,2025-12-13 16:17:55+00:00,2025-12-14 02:30:00+00:00,UNLV Rebels,Tennessee St Tigers,h2h,2h,-700.0,500.0,,,,,,,
7aa5a5ebbef10ae9124cf24716da7726,Caesars,2025-12-13 16:22:22.925734+00:00,2025-12-13 16:17:55+00:00,2025-12-14 02:30:00+00:00,UNLV Rebels,Tennessee St Tigers,spreads,full_game,,,-11.0,-110.0,11.0,-110.0,,,
7aa5a5ebbef10ae9124cf24716da7726,Caesars,2025-12-13 16:22:22.925734+00:00,2025-12-13 16:17:55+00:00,2025-12-14 02:30:00+00:00,UNLV Rebels,Tennessee St Tigers,totals,full_game,,,,,,,157.5,-110.0,-110.0
7aa5a5ebbef10ae9124cf24716da7726,BetUS,2025-12-13 16:22:22.925734+00:00,2025-12-13 16:22:17+00:00,2025-12-14 02:30:00+00:00,UNLV Rebels,Tennessee St Tigers,h2h,2h,-650.0,475.0,,,,,,,
7aa5a5ebbef10ae9124cf24716da7726,BetUS,2025-12-13 16:22:22.925734+00:00,2025-12-13 16:22:17+00:00,2025-12-14 02:30:00+00:00,UNLV Rebels,Tennessee St Tigers,spreads,full_game,,,-11.0,-110.0,11.0,-110.0,,,
7aa5a5ebbef10ae9124cf24716da7726,BetUS,2025-12-13 16:22:22.925734+00:00,2025-12-13 16:22:17+00:00,2025-12-14 02:30:00+00:00,UNLV Rebels,Tennessee St Tigers,totals,full_game,,,,,,,158.0,-110.0,-110.0
7aa5a5ebbef10ae9124cf24716da7726,Bovada,2025-12-13 16:22:22.925734+00:00,2025-12-13 16:21:52+00:00,2025-12-14 02:30:00+00:00,UNLV Rebels,Tennessee St Tigers,h2h,2h,-700.0,475.0,,,,,,,
7aa5a5ebbef10ae9124cf24716da7726,Bovada,2025-12-13 16:22:22.925734+00:00,2025-12-13 16:21:52+00:00,2025-12-14 02:30:00+00:00,UNLV Rebels,Tennessee St Tigers,spreads,full_game,,,-11.0,-115.0,11.0,-105.0,,,
7aa5a5ebbef10ae9124cf24716da7726,Bovada,2025-12-13 16:22:22.925734+00:00,2025-12-13 16:21:52+00:00,2025-12-14 02:30:00+00:00,UNLV Rebels,Tennessee St Tigers,totals,full_game,,,,,,,158.0,-115.0,-105.0
7aa5a5ebbef10ae9124cf24716da7726,BetRivers,2025-12-13 16:22:22.925734+00:00,2025-12-13 16:22:18+00:00,2025-12-14 02:30:00+00:00,UNLV Rebels,Tennessee St Tigers,h2h,2h,-715.0,450.0,,,,,,,
7aa5a5ebbef10ae9124cf24716da7726,BetRivers,2025-12-13 16:22:22.925734+00:00,2025-12-13 16:22:18+00:00,2025-12-14 02:30:00+00:00,UNLV Rebels,Tennessee St Tigers,spreads,full_game,,,-11.5,-108.0,11.5,-118.0,,,
7aa5a5ebbef10ae9124cf24716da7726,BetRivers,2025-12-13 16:22:22.925734+00:00,2025-12-13 16:22:18+00:00,2025-12-14 02:30:00+00:00,UNLV Rebels,Tennessee St Tigers,totals,full_game,,,,,,,157.5,-110.0,-115.0
7632fdadc26dd15d8e1079b42dfc20e5,BetRivers,2025-12-13 16:22:22.925734+00:00,2025-12-13 16:22:18+00:00,2025-12-14 02:30:02+00:00,Alabama Crimson Tide,Arizona Wildcats,h2h,2h,102.0,-130.0,,,,,,,
7632fdadc26dd15d8e1079b42dfc20e5,BetRivers,2025-12-13 16:22:22.925734+00:00,2025-12-13 16:22:18+00:00,2025-12-14 02:30:02+00:00,Alabama Crimson Tide,Arizona Wildcats,spreads,full_game,,,1.5,-109.0,-1.5,-114.0,,,
7632fdadc26dd15d8e1079b42dfc20e5,BetRivers,2025-12-13 16:22:22.925734+00:00,2025-12-13 16:22:18+00:00,2025-12-14 02:30:02+00:00,Alabama Crimson Tide,Arizona Wildcats,totals,full_game,,,,,,,178.5,-113.0,-110.0
7632fdadc26dd15d8e1079b42dfc20e5,FanDuel,2025-12-13 16:22:22.925734+00:00,2025-12-13 16:21:13+00:00,2025-12-14 02:30:02+00:00,Alabama Crimson Tide,Arizona Wildcats,h2h,2h,105.0,-126.0,,,,,,,
7632fdadc26dd15d8e1079b42dfc20e5,FanDuel,2025-12-13 16:22:22.925734+00:00,2025-12-13 16:21:13+00:00,2025-12-14 02:30:02+00:00,Alabama Crimson Tide,Arizona Wildcats,spreads,full_game,,,1.5,-114.0,-1.5,-106.0,,,
7632fdadc26dd15d8e1079b42dfc20e5,FanDuel,2025-12-13 16:22:22.925734+00:00,2025-12-13 16:21:13+00:00,2025-12-14 02:30:02+00:00,Alabama Crimson Tide,Arizona Wildcats,totals,full_game,,,,,,,178.5,-105.0,-115.0
7632fdadc26dd15d8e1079b42dfc20e5,Fanatics,2025-12-13 16:22:22.925734+00:00,2025-12-13 16:21:51+00:00,2025-12-14 02:30:02+00:00,Alabama Crimson Tide,Arizona Wildcats,h2h,2h,115.0,-140.0,,,,,,,
7632fdadc26dd15d8e1079b42dfc20e5,Fanatics,2025-12-13 16:22:22.925734+00:00,2025-12-13 16:21:51+00:00,2025-12-14 02:30:02+00:00,Alabama Crimson Tide,Arizona Wildcats,spreads,full_game,,,2.0,-110.0,-2.0,-110.0,,,
7632fdadc26dd15d8e1079b42dfc20e5,Fanatics,2025-12-13 16:22:22.925734+00:00,2025-12-13 16:21:51+00:00,2025-12-14 02:30:02+00:00,Alabama Crimson Tide,Arizona Wildcats,totals,full_game,,,,,,,178.0,-110.0,-110.0
7632fdadc26dd15d8e1079b42dfc20e5,Caesars,2025-12-13 16:22:22.925734+00:00,2025-12-13 16:17:55+00:00,2025-12-14 02:30:02+00:00,Alabama Crimson Tide,Arizona Wildcats,h2h,2h,115.0,-135.0,,,,,,,
7632fdadc26dd15d8e1079b42dfc20e5,Caesars,2025-12-13 16:22:22.925734+00:00,2025-12-13 16:17:55+00:00,2025-12-14 02:30:02+00:00,Alabama Crimson Tide,Arizona Wildcats,spreads,full_game,,,2.0,-110.0,-2.0,-110.0,,,
7632fdadc26dd15d8e1079b42dfc20e5,Caesars,2025-12-13 16:22:22.925734+00:00,2025-12-13 16:17:55+00:00,2025-12-14 02:30:02+00:00,Alabama Crimson Tide,Arizona Wildcats,totals,full_game,,,,,,,178.0,-110.0,-110.0
7632fdadc26dd15d8e1079b42dfc20e5,BetMGM,2025-12-13 16:22:22.925734+00:00,2025-12-13 16:21:55+00:00,2025-12-14 02:30:02+00:00,Alabama Crimson Tide,Arizona Wildcats,h2h,2h,105.0,-130.0,,,,,,,
7632fdadc26dd15d8e1079b42dfc20e5,BetMGM,2025-12-13 16:22:22.925734+00:00,2025-12-13 16:21:55+00:00,2025-12-14 02:30:02+00:00,Alabama Crimson Tide,Arizona Wildcats,spreads,full_game,,,1.5,-105.0,-1.5,-115.0,,,
7632fdadc26dd15d8e1079b42dfc20e5,BetMGM,2025-12-13 16:22:22.925734+00:00,2025-12-13 16:21:55+00:00,2025-12-14 02:30:02+00:00,Alabama Crimson Tide,Arizona Wildcats,totals,full_game,,,,,,,178.5,-105.0,-115.0
7632fdadc26dd15d8e1079b42dfc20e5,LowVig.ag,2025-12-13 16:22:22.925734+00:00,2025-12-13 16:21:24+00:00,2025-12-14 02:30:02+00:00,Alabama Crimson Tide,Arizona Wildcats,h2h,2h,115.0,-135.0,,,,,,,
7632fdadc26dd15d8e1079b42dfc20e5,LowVig.ag,2025-12-13 16:22:22.925734+00:00,2025-12-13 16:21:24+00:00,2025-12-14 02:30:02+00:00,Alabama Crimson Tide,Arizona Wildcats,spreads,full_game,,,2.0,-106.0,-2.0,-106.0,,,
7632fdadc26dd15d8e1079b42dfc20e5,LowVig.ag,2025-12-13 16:22:22.925734+00:00,2025-12-13 16:21:24+00:00,2025-12-14 02:30:02+00:00,Alabama Crimson Tide,Arizona Wildcats,totals,full_game,,,,,,,178.0,-108.0,-108.0
7632fdadc26dd15d8e1079b42dfc20e5,BetOnline.ag,2025-12-13 16:22:22.925734+00:00,2025-12-13 16:21:39+00:00,2025-12-14 02:30:02+00:00,Alabama Crimson Tide,Arizona Wildcats,h2h,2h,115.0,-135.0,,,,,,,
7632fdadc26dd15d8e1079b42dfc20e5,BetOnline.ag,2025-12-13 16:22:22.925734+00:00,2025-12-13 16:21:39+00:00,2025-12-14 02:30:02+00:00,Alabama Crimson Tide,Arizona Wildcats,spreads,full_game,,,2.0,-110.0,-2.0,-110.0,,,
7632fdadc26dd15d8e1079b42dfc20e5,BetOnline.ag,2025-12-13 16:22:22.925734+00:00,2025-12-13 16:21:39+00:00,2025-12-14 02:30:02+00:00,Alabama Crimson Tide,Arizona Wildcats,totals,full_game,,,,,,,178.0,-110.0,-110.0
7632fdadc26dd15d8e1079b42dfc20e5,BetUS,2025-12-13 16:22:22.925734+00:00,2025-12-13 16:22:17+00:00,2025-12-14 02:30:02+00:00,Alabama Crimson Tide,Arizona Wildcats,h2h,2h,110.0,-130.0,,,,,,,
7632fdadc26dd15d8e1079b42dfc20e5,BetUS,2025-12-13 16:22:22.925734+00:00,2025-12-13 16:22:17+00:00,2025-12-14 02:30:02+00:00,Alabama Crimson Tide,Arizona Wildcats,spreads,full_game,,,2.0,-110.0,-2.0,-110.0,,,
7632fdadc26dd15d8e1079b42dfc20e5,BetUS,2025-12-13 16:22:22.925734+00:00,2025-12-13 16:22:17+00:00,2025-12-14 02:30:02+00:00,Alabama Crimson Tide,Arizona Wildcats,totals,full_game,,,,,,,178.0,-110.0,-110.0
7632fdadc26dd15d8e1079b42dfc20e5,Bovada,2025-12-13 16:22:22.925734+00:00,2025-12-13 16:21:52+00:00,2025-12-14 02:30:02+00:00,Alabama Crimson Tide,Arizona Wildcats,h2h,2h,120.0,-140.0,,,,,,,
7632fdadc26dd15d8e1079b42dfc20e5,Bovada,2025-12-13 16:22:22.925734+00:00,2025-12-13 16:21:52+00:00,2025-12-14 02:30:02+00:00,Alabama Crimson Tide,Arizona Wildcats,spreads,full_game,,,2.0,-105.0,-2.0,-115.0,,,
7632fdadc26dd15d8e1079b42dfc20e5,Bovada,2025-12-13 16:22:22.925734+00:00,2025-12-13 16:21:52+00:00,2025-12-14 02:30:02+00:00,Alabama Crimson Tide,Arizona Wildcats,totals,full_game,,,,,,,178.0,-110.0,-110.0
cf28fb25363d384e6f44a394f52c341f,FanDuel,2025-12-13 16:22:22.925734+00:00,2025-12-13 16:21:13+00:00,2025-12-14 03:00:00+00:00,Nevada Wolf Pack,Duquesne Dukes,h2h,2h,-375.0,290.0,,,,,,,
cf28fb25363d384e6f44a394f52c341f,FanDuel,2025-12-13 16:22:22.925734+00:00,2025-12-13 16:21:13+00:00,2025-12-14 03:00:00+00:00,Nevada Wolf Pack,Duquesne Dukes,spreads,full_game,,,-7.5,-110.0,7.5,-110.0,,,
cf28fb25363d384e6f44a394f52c341f,FanDuel,2025-12-13 16:22:22.925734+00:00,2025-12-13 16:21:13+00:00,2025-12-14 03:00:00+00:00,Nevada Wolf Pack,Duquesne Dukes,totals,full_game,,,,,,,152.5,-110.0,-110.0
cf28fb25363d384e6f44a394f52c341f,BetOnline.ag,2025-12-13 16:22:22.925734+00:00,2025-12-13 16:21:39+00:00,2025-12-14 03:00:00+00:00,Nevada Wolf Pack,Duquesne Dukes,h2h,2h,-345.0,278.0,,,,,,,
cf28fb25363d384e6f44a394f52c341f,BetOnline.ag,2025-12-13 16:22:22.925734+00:00,2025-12-13 16:21:39+00:00,2025-12-14 03:00:00+00:00,Nevada Wolf Pack,Duquesne Dukes,spreads,full_game,,,-7.5,-111.0,7.5,-109.0,,,
cf28fb25363d384e6f44a394f52c341f,BetOnline.ag,2025-12-13 16:22:22.925734+00:00,2025-12-13 16:21:39+00:00,2025-12-14 03:00:00+00:00,Nevada Wolf Pack,Duquesne Dukes,totals,full_game,,,,,,,153.5,-105.0,-115.0
cf28fb25363d384e6f44a394f52c341f,Fanatics,2025-12-13 16:22:22.925734+00:00,2025-12-13 16:21:51+00:00,2025-12-14 03:00:00+00:00,Nevada Wolf Pack,Duquesne Dukes,h2h,2h,-350.0,260.0,,,,,,,
cf28fb25363d384e6f44a394f52c341f,Fanatics,2025-12-13 16:22:22.925734+00:00,2025-12-13 16:21:51+00:00,2025-12-14 03:00:00+00:00,Nevada Wolf Pack,Duquesne Dukes,spreads,full_game,,,-7.5,-110.0,7.5,-110.0,,,
cf28fb25363d384e6f44a394f52c341f,Fanatics,2025-12-13 16:22:22.925734+00:00,2025-12-13 16:21:51+00:00,2025-12-14 03:00:00+00:00,Nevada Wolf Pack,Duquesne Dukes,totals,full_game,,,,,,,153.5,-110.0,-110.0
cf28fb25363d384e6f44a394f52c341f,LowVig.ag,2025-12-13 16:22:22.925734+00:00,2025-12-13 16:21:24+00:00,2025-12-14 03:00:00+00:00,Nevada Wolf Pack,Duquesne Dukes,h2h,2h,-345.0,278.0,,,,,,,
cf28fb25363d384e6f44a394f52c341f,LowVig.ag,2025-12-13 16:22:22.925734+00:00,2025-12-13 16:21:24+00:00,2025-12-14 03:00:00+00:00,Nevada Wolf Pack,Duquesne Dukes,spreads,full_game,,,-7.5,-107.0,7.5,-105.0,,,
cf28fb25363d384e6f44a394f52c341f,LowVig.ag,2025-12-13 16:22:22.925734+00:00,2025-12-13 16:21:24+00:00,2025-12-14 03:00:00+00:00,Nevada Wolf Pack,Duquesne Dukes,totals,full_game,,,,,,,153.5,-103.0,-113.0
cf28fb25363d384e6f44a394f52c341f,BetMGM,2025-12-13 16:22:22.925734+00:00,2025-12-13 16:21:55+00:00,2025-12-14 03:00:00+00:00,Nevada Wolf Pack,Duquesne Dukes,h2h,2h,-350.0,280.0,,,,,,,
cf28fb25363d384e6f44a394f52c341f,BetMGM,2025-12-13 16:22:22.925734+00:00,2025-12-13 16:21:55+00:00,2025-12-14 03:00:00+00:00,Nevada Wolf Pack,Duquesne Dukes,spreads,full_game,,,-7.5,-110.0,7.5,-110.0,,,
cf28fb25363d384e6f44a394f52c341f,BetMGM,2025-12-13 16:22:22.925734+00:00,2025-12-13 16:21:55+00:00,2025-12-14 03:00:00+00:00,Nevada Wolf Pack,Duquesne Dukes,totals,full_game,,,,,,,153.5,-110.0,-110.0
cf28fb25363d384e6f44a394f52c341f,Caesars,2025-12-13 16:22:22.925734+00:00,2025-12-13 16:17:55+00:00,2025-12-14 03:00:00+00:00,Nevada Wolf Pack,Duquesne Dukes,h2h,2h,-400.0,310.0,,,,,,,
cf28fb25363d384e6f44a394f52c341f,Caesars,2025-12-13 16:22:22.925734+00:00,2025-12-13 16:17:55+00:00,2025-12-14 03:00:00+00:00,Nevada Wolf Pack,Duquesne Dukes,spreads,full_game,,,-8.5,-110.0,8.5,-110.0,,,
cf28fb25363d384e6f44a394f52c341f,Caesars,2025-12-13 16:22:22.925734+00:00,2025-12-13 16:17:55+00:00,2025-12-14 03:00:00+00:00,Nevada Wolf Pack,Duquesne Dukes,totals,full_game,,,,,,,153.5,-110.0,-110.0
cf28fb25363d384e6f44a394f52c341f,BetUS,2025-12-13 16:22:22.925734+00:00,2025-12-13 16:22:18+00:00,2025-12-14 03:00:00+00:00,Nevada Wolf Pack,Duquesne Dukes,h2h,2h,-345.0,278.0,,,,,,,
cf28fb25363d384e6f44a394f52c341f,BetUS,2025-12-13 16:22:22.925734+00:00,2025-12-13 16:22:18+00:00,2025-12-14 03:00:00+00:00,Nevada Wolf Pack,Duquesne Dukes,spreads,full_game,,,-7.5,-110.0,7.5,-110.0,,,
cf28fb25363d384e6f44a394f52c341f,BetUS,2025-12-13 16:22:22.925734+00:00,2025-12-13 16:22:18+00:00,2025-12-14 03:00:00+00:00,Nevada Wolf Pack,Duquesne Dukes,totals,full_game,,,,,,,153.5,-110.0,-110.0
cf28fb25363d384e6f44a394f52c341f,Bovada,2025-12-13 16:22:22.925734+00:00,2025-12-13 16:21:52+00:00,2025-12-14 03:00:00+00:00,Nevada Wolf Pack,Duquesne Dukes,h2h,2h,-350.0,275.0,,,,,,,
cf28fb25363d384e6f44a394f52c341f,Bovada,2025-12-13 16:22:22.925734+00:00,2025-12-13 16:21:52+00:00,2025-12-14 03:00:00+00:00,Nevada Wolf Pack,Duquesne Dukes,spreads,full_game,,,-7.5,-105.0,7.5,-115.0,,,
cf28fb25363d384e6f44a394f52c341f,Bovada,2025-12-13 16:22:22.925734+00:00,2025-12-13 16:21:52+00:00,2025-12-14 03:00:00+00:00,Nevada Wolf Pack,Duquesne Dukes,totals,full_game,,,,,,,153.0,-110.0,-110.0
cf28fb25363d384e6f44a394f52c341f,BetRivers,2025-12-13 16:22:22.925734+00:00,2025-12-13 16:22:18+00:00,2025-12-14 03:00:00+00:00,Nevada Wolf Pack,Duquesne Dukes,h2h,2h,-360.0,265.0,,,,,,,
cf28fb25363d384e6f44a394f52c341f,BetRivers,2025-12-13 16:22:22.925734+00:00,2025-12-13 16:22:18+00:00,2025-12-14 03:00:00+00:00,Nevada Wolf Pack,Duquesne Dukes,spreads,full_game,,,-7.5,-110.0,7.5,-114.0,,,
cf28fb25363d384e6f44a394f52c341f,BetRivers,2025-12-13 16:22:22.925734+00:00,2025-12-13 16:22:18+00:00,2025-12-14 03:00:00+00:00,Nevada Wolf Pack,Duquesne Dukes,totals,full_game,,,,,,,153.5,-113.0,-113.0
245e91a2be79f2e6ca0b251153d79c03,FanDuel,2025-12-13 16:22:22.925734+00:00,2025-12-13 16:21:13+00:00,2025-12-14 03:00:32+00:00,Utah Utes,Mississippi St Bulldogs,h2h,2h,-102.0,-118.0,,,,,,,
245e91a2be79f2e6ca0b251153d79c03,FanDuel,2025-12-13 16:22:22.925734+00:00,2025-12-13 16:21:13+00:00,2025-12-14 03:00:32+00:00,Utah Utes,Mississippi St Bulldogs,spreads,full_game,,,1.5,-115.0,-1.5,-105.0,,,
245e91a2be79f2e6ca0b251153d79c03,FanDuel,2025-12-13 16:22:22.925734+00:00,2025-12-13 16:21:13+00:00,2025-12-14 03:00:32+00:00,Utah Utes,Mississippi St Bulldogs,totals,full_game,,,,,,,148.5,-115.0,-105.0
245e91a2be79f2e6ca0b251153d79c03,LowVig.ag,2025-12-13 16:22:22.925734+00:00,2025-12-13 16:21:24+00:00,2025-12-14 03:00:32+00:00,Utah Utes,Mississippi St Bulldogs,h2h,2h,105.0,-125.0,,,,,,,
245e91a2be79f2e6ca0b251153d79c03,LowVig.ag,2025-12-13 16:22:22.925734+00:00,2025-12-13 16:21:24+00:00,2025-12-14 03:00:32+00:00,Utah Utes,Mississippi St Bulldogs,spreads,full_game,,,1.5,-101.0,-1.5,-111.0,,,
245e91a2be79f2e6ca0b251153d79c03,LowVig.ag,2025-12-13 16:22:22.925734+00:00,2025-12-13 16:21:24+00:00,2025-12-14 03:00:32+00:00,Utah Utes,Mississippi St Bulldogs,totals,full_game,,,,,,,149.5,-103.0,-113.0
245e91a2be79f2e6ca0b251153d79c03,BetOnline.ag,2025-12-13 16:22:22.925734+00:00,2025-12-13 16:21:39+00:00,2025-12-14 03:00:32+00:00,Utah Utes,Mississippi St Bulldogs,h2h,2h,105.0,-125.0,,,,,,,
245e91a2be79f2e6ca0b251153d79c03,BetOnline.ag,2025-12-13 16:22:22.925734+00:00,2025-12-13 16:21:39+00:00,2025-12-14 03:00:32+00:00,Utah Utes,Mississippi St Bulldogs,spreads,full_game,,,1.5,-105.0,-1.5,-115.0,,,
245e91a2be79f2e6ca0b251153d79c03,BetOnline.ag,2025-12-13 16:22:22.925734+00:00,2025-12-13 16:21:39+00:00,2025-12-14 03:00:32+00:00,Utah Utes,Mississippi St Bulldogs,totals,full_game,,,,,,,149.5,-105.0,-115.0
245e91a2be79f2e6ca0b251153d79c03,Caesars,2025-12-13 16:22:22.925734+00:00,2025-12-13 16:17:55+00:00,2025-12-14 03:00:32+00:00,Utah Utes,Mississippi St Bulldogs,h2h,2h,105.0,-125.0,,,,,,,
245e91a2be79f2e6ca0b251153d79c03,Caesars,2025-12-13 16:22:22.925734+00:00,2025-12-13 16:17:55+00:00,2025-12-14 03:00:32+00:00,Utah Utes,Mississippi St Bulldogs,spreads,full_game,,,1.5,-110.0,-1.5,-110.0,,,
245e91a2be79f2e6ca0b251153d79c03,Caesars,2025-12-13 16:22:22.925734+00:00,2025-12-13 16:17:55+00:00,2025-12-14 03:00:32+00:00,Utah Utes,Mississippi St Bulldogs,totals,full_game,,,,,,,149.5,-110.0,-110.0
245e91a2be79f2e6ca0b251153d79c03,BetMGM,2025-12-13 16:22:22.925734+00:00,2025-12-13 16:21:55+00:00,2025-12-14 03:00:32+00:00,Utah Utes,Mississippi St Bulldogs,h2h,2h,105.0,-130.0,,,,,,,
245e91a2be79f2e6ca0b251153d79c03,BetMGM,2025-12-13 16:22:22.925734+00:00,2025-12-13 16:21:55+00:00,2025-12-14 03:00:32+00:00,Utah Utes,Mississippi St Bulldogs,spreads,full_game,,,1.5,-105.0,-1.5,-115.0,,,
245e91a2be79f2e6ca0b251153d79c03,BetMGM,2025-12-13 16:22:22.925734+00:00,2025-12-13 16:21:55+00:00,2025-12-14 03:00:32+00:00,Utah Utes,Mississippi St Bulldogs,totals,full_game,,,,,,,149.5,-110.0,-110.0
245e91a2be79f2e6ca0b251153d79c03,BetUS,2025-12-13 16:22:22.925734+00:00,2025-12-13 16:22:17+00:00,2025-12-14 03:00:32+00:00,Utah Utes,Mississippi St Bulldogs,h2h,2h,105.0,-125.0,,,,,,,
245e91a2be79f2e6ca0b251153d79c03,BetUS,2025-12-13 16:22:22.925734+00:00,2025-12-13 16:22:18+00:00,2025-12-14 03:00:32+00:00,Utah Utes,Mississippi St Bulldogs,spreads,full_game,,,2.0,-110.0,-2.0,-110.0,,,
245e91a2be79f2e6ca0b251153d79c03,BetUS,2025-12-13 16:22:22.925734+00:00,2025-12-13 16:22:18+00:00,2025-12-14 03:00:32+00:00,Utah Utes,Mississippi St Bulldogs,totals,full_game,,,,,,,149.5,-105.0,-115.0
245e91a2be79f2e6ca0b251153d79c03,Bovada,2025-12-13 16:22:22.925734+00:00,2025-12-13 16:21:52+00:00,2025-12-14 03:00:32+00:00,Utah Utes,Mississippi St Bulldogs,h2h,2h,105.0,-125.0,,,,,,,
245e91a2be79f2e6ca0b251153d79c03,Bovada,2025-12-13 16:22:22.925734+00:00,2025-12-13 16:21:52+00:00,2025-12-14 03:00:32+00:00,Utah Utes,Mississippi St Bulldogs,spreads,full_game,,,1.5,-110.0,-1.5,-110.0,,,
245e91a2be79f2e6ca0b251153d79c03,Bovada,2025-12-13 16:22:22.925734+00:00,2025-12-13 16:21:52+00:00,2025-12-14 03:00:32+00:00,Utah Utes,Mississippi St Bulldogs,totals,full_game,,,,,,,149.0,-110.0,-110.0
245e91a2be79f2e6ca0b251153d79c03,BetRivers,2025-12-13 16:22:22.925734+00:00,2025-12-13 16:22:18+00:00,2025-12-14 03:00:32+00:00,Utah Utes,Mississippi St Bulldogs,h2h,2h,-103.0,-125.0,,,,,,,
245e91a2be79f2e6ca0b251153d79c03,BetRivers,2025-12-13 16:22:22.925734+00:00,2025-12-13 16:22:18+00:00,2025-12-14 03:00:32+00:00,Utah Utes,Mississippi St Bulldogs,spreads,full_game,,,1.5,-112.0,-1.5,-110.0,,,
245e91a2be79f2e6ca0b251153d79c03,BetRivers,2025-12-13 16:22:22.925734+00:00,2025-12-13 16:22:18+00:00,2025-12-14 03:00:32+00:00,Utah Utes,Mississippi St Bulldogs,totals,full_game,,,,,,,148.5,-113.0,-110.0
121808c4a890277b03bebde2e60f87f2,BetRivers,2025-12-13 16:22:22.925734+00:00,2025-12-13 16:22:18+00:00,2025-12-14 04:30:00+00:00,Gonzaga Bulldogs,UCLA Bruins,h2h,2h,-590.0,410.0,,,,,,,
121808c4a890277b03bebde2e60f87f2,BetRivers,2025-12-13 16:22:22.925734+00:00,2025-12-13 16:22:18+00:00,2025-12-14 04:30:00+00:00,Gonzaga Bulldogs,UCLA Bruins,spreads,full_game,,,-10.0,-112.0,10.0,-112.0,,,
121808c4a890277b03bebde2e60f87f2,BetRivers,2025-12-13 16:22:22.925734+00:00,2025-12-13 16:22:18+00:00,2025-12-14 04:30:00+00:00,Gonzaga Bulldogs,UCLA Bruins,totals,full_game,,,,,,,147.0,-113.0,-110.0
121808c4a890277b03bebde2e60f87f2,FanDuel,2025-12-13 16:22:22.925734+00:00,2025-12-13 16:21:13+00:00,2025-12-14 04:30:00+00:00,Gonzaga Bulldogs,UCLA Bruins,h2h,2h,-580.0,420.0,,,,,,,
121808c4a890277b03bebde2e60f87f2,FanDuel,2025-12-13 16:22:22.925734+00:00,2025-12-13 16:21:13+00:00,2025-12-14 04:30:00+00:00,Gonzaga Bulldogs,UCLA Bruins,spreads,full_game,,,-9.5,-115.0,9.5,-105.0,,,
121808c4a890277b03bebde2e60f87f2,FanDuel,2025-12-13 16:22:22.925734+00:00,2025-12-13 16:21:13+00:00,2025-12-14 04:30:00+00:00,Gonzaga Bulldogs,UCLA Bruins,totals,full_game,,,,,,,146.5,-115.0,-105.0
121808c4a890277b03bebde2e60f87f2,Fanatics,2025-12-13 16:22:22.925734+00:00,2025-12-13 16:21:51+00:00,2025-12-14 04:30:00+00:00,Gonzaga Bulldogs,UCLA Bruins,h2h,2h,-575.0,425.0,,,,,,,
121808c4a890277b03bebde2e60f87f2,Fanatics,2025-12-13 16:22:22.925734+00:00,2025-12-13 16:21:51+00:00,2025-12-14 04:30:00+00:00,Gonzaga Bulldogs,UCLA Bruins,spreads,full_game,,,-10.0,-110.0,10.0,-110.0,,,
121808c4a890277b03bebde2e60f87f2,Fanatics,2025-12-13 16:22:22.925734+00:00,2025-12-13 16:21:51+00:00,2025-12-14 04:30:00+00:00,Gonzaga Bulldogs,UCLA Bruins,totals,full_game,,,,,,,147.5,-110.0,-110.0
121808c4a890277b03bebde2e60f87f2,BetMGM,2025-12-13 16:22:22.925734+00:00,2025-12-13 16:21:55+00:00,2025-12-14 04:30:00+00:00,Gonzaga Bulldogs,UCLA Bruins,h2h,2h,-500.0,375.0,,,,,,,
121808c4a890277b03bebde2e60f87f2,BetMGM,2025-12-13 16:22:22.925734+00:00,2025-12-13 16:21:55+00:00,2025-12-14 04:30:00+00:00,Gonzaga Bulldogs,UCLA Bruins,spreads,full_game,,,-9.5,-110.0,9.5,-110.0,,,
121808c4a890277b03bebde2e60f87f2,BetMGM,2025-12-13 16:22:22.925734+00:00,2025-12-13 16:21:55+00:00,2025-12-14 04:30:00+00:00,Gonzaga Bulldogs,UCLA Bruins,totals,full_game,,,,,,,147.5,-105.0,-115.0
121808c4a890277b03bebde2e60f87f2,Caesars,2025-12-13 16:22:22.925734+00:00,2025-12-13 16:17:55+00:00,2025-12-14 04:30:00+00:00,Gonzaga Bulldogs,UCLA Bruins,h2h,2h,-550.0,400.0,,,,,,,
121808c4a890277b03bebde2e60f87f2,Caesars,2025-12-13 16:22:22.925734+00:00,2025-12-13 16:17:55+00:00,2025-12-14 04:30:00+00:00,Gonzaga Bulldogs,UCLA Bruins,spreads,full_game,,,-9.5,-110.0,9.5,-110.0,,,
121808c4a890277b03bebde2e60f87f2,Caesars,2025-12-13 16:22:22.925734+00:00,2025-12-13 16:17:55+00:00,2025-12-14 04:30:00+00:00,Gonzaga Bulldogs,UCLA Bruins,totals,full_game,,,,,,,147.0,-110.0,-110.0
121808c4a890277b03bebde2e60f87f2,BetOnline.ag,2025-12-13 16:22:22.925734+00:00,2025-12-13 16:21:39+00:00,2025-12-14 04:30:00+00:00,Gonzaga Bulldogs,UCLA Bruins,h2h,2h,-530.0,403.0,,,,,,,
121808c4a890277b03bebde2e60f87f2,BetOnline.ag,2025-12-13 16:22:22.925734+00:00,2025-12-13 16:21:39+00:00,2025-12-14 04:30:00+00:00,Gonzaga Bulldogs,UCLA Bruins,spreads,full_game,,,-9.5,-110.0,9.5,-110.0,,,
121808c4a890277b03bebde2e60f87f2,BetOnline.ag,2025-12-13 16:22:22.925734+00:00,2025-12-13 16:21:39+00:00,2025-12-14 04:30:00+00:00,Gonzaga Bulldogs,UCLA Bruins,totals,full_game,,,,,,,147.0,-110.0,-110.0
121808c4a890277b03bebde2e60f87f2,LowVig.ag,2025-12-13 16:22:22.925734+00:00,2025-12-13 16:21:24+00:00,2025-12-14 04:30:00+00:00,Gonzaga Bulldogs,UCLA Bruins,h2h,2h,-530.0,403.0,,,,,,,
121808c4a890277b03bebde2e60f87f2,LowVig.ag,2025-12-13 16:22:22.925734+00:00,2025-12-13 16:21:24+00:00,2025-12-14 04:30:00+00:00,Gonzaga Bulldogs,UCLA Bruins,spreads,full_game,,,-9.5,-106.0,9.5,-106.0,,,
121808c4a890277b03bebde2e60f87f2,LowVig.ag,2025-12-13 16:22:22.925734+00:00,2025-12-13 16:21:24+00:00,2025-12-14 04:30:00+00:00,Gonzaga Bulldogs,UCLA Bruins,totals,full_game,,,,,,,147.0,-108.0,-108.0
121808c4a890277b03bebde2e60f87f2,BetUS,2025-12-13 16:22:22.925734+00:00,2025-12-13 16:22:18+00:00,2025-12-14 04:30:00+00:00,Gonzaga Bulldogs,UCLA Bruins,h2h,2h,-530.0,410.0,,,,,,,
121808c4a890277b03bebde2e60f87f2,BetUS,2025-12-13 16:22:22.925734+00:00,2025-12-13 16:22:18+00:00,2025-12-14 04:30:00+00:00,Gonzaga Bulldogs,UCLA Bruins,spreads,full_game,,,-9.5,-110.0,9.5,-110.0,,,
121808c4a890277b03bebde2e60f87f2,BetUS,2025-12-13 16:22:22.925734+00:00,2025-12-13 16:22:18+00:00,2025-12-14 04:30:00+00:00,Gonzaga Bulldogs,UCLA Bruins,totals,full_game,,,,,,,147.0,-110.0,-110.0
121808c4a890277b03bebde2e60f87f2,Bovada,2025-12-13 16:22:22.925734+00:00,2025-12-13 16:21:52+00:00,2025-12-14 04:30:00+00:00,Gonzaga Bulldogs,UCLA Bruins,h2h,2h,-550.0,390.0,,,,,,,
121808c4a890277b03bebde2e60f87f2,Bovada,2025-12-13 16:22:22.925734+00:00,2025-12-13 16:21:52+00:00,2025-12-14 04:30:00+00:00,Gonzaga Bulldogs,UCLA Bruins,spreads,full_game,,,-10.0,-105.0,10.0,-115.0,,,
121808c4a890277b03bebde2e60f87f2,Bovada,2025-12-13 16:22:22.925734+00:00,2025-12-13 16:21:52+00:00,2025-12-14 04:30:00+00:00,Gonzaga Bulldogs,UCLA Bruins,totals,full_game,,,,,,,147.5,-110.0,-110.0
36fcc273bbf85af0ba3a965ec94c7a97,Fanatics,2025-12-13 16:22:22.925734+00:00,2025-12-13 16:21:51+00:00,2025-12-14 05:00:00+00:00,Hawai'i Rainbow Warriors,UTEP Miners,h2h,2h,-800.0,550.0,,,,,,,
36fcc273bbf85af0ba3a965ec94c7a97,Fanatics,2025-12-13 16:22:22.925734+00:00,2025-12-13 16:21:51+00:00,2025-12-14 05:00:00+00:00,Hawai'i Rainbow Warriors,UTEP Miners,spreads,full_game,,,-12.0,-110.0,12.0,-110.0,,,
36fcc273bbf85af0ba3a965ec94c7a97,Fanatics,2025-12-13 16:22:22.925734+00:00,2025-12-13 16:21:51+00:00,2025-12-14 05:00:00+00:00,Hawai'i Rainbow Warriors,UTEP Miners,totals,full_game,,,,,,,138.0,-110.0,-110.0
36fcc273bbf85af0ba3a965ec94c7a97,LowVig.ag,2025-12-13 16:22:22.925734+00:00,2025-12-13 16:21:24+00:00,2025-12-14 05:00:00+00:00,Hawai'i Rainbow Warriors,UTEP Miners,h2h,2h,-885.0,604.0,,,,,,,
36fcc273bbf85af0ba3a965ec94c7a97,LowVig.ag,2025-12-13 16:22:22.925734+00:00,2025-12-13 16:21:24+00:00,2025-12-14 05:00:00+00:00,Hawai'i Rainbow Warriors,UTEP Miners,spreads,full_game,,,-13.0,-105.0,13.0,-107.0,,,
36fcc273bbf85af0ba3a965ec94c7a97,LowVig.ag,2025-12-13 16:22:22.925734+00:00,2025-12-13 16:21:24+00:00,2025-12-14 05:00:00+00:00,Hawai'i Rainbow Warriors,UTEP Miners,totals,full_game,,,,,,,137.5,-113.0,-103.0
36fcc273bbf85af0ba3a965ec94c7a97,FanDuel,2025-12-13 16:22:22.925734+00:00,2025-12-13 16:21:13+00:00,2025-12-14 05:00:00+00:00,Hawai'i Rainbow Warriors,UTEP Miners,h2h,2h,-1100.0,680.0,,,,,,,
36fcc273bbf85af0ba3a965ec94c7a97,FanDuel,2025-12-13 16:22:22.925734+00:00,2025-12-13 16:21:13+00:00,2025-12-14 05:00:00+00:00,Hawai'i Rainbow Warriors,UTEP Miners,spreads,full_game,,,-12.5,-110.0,12.5,-110.0,,,
36fcc273bbf85af0ba3a965ec94c7a97,FanDuel,2025-12-13 16:22:22.925734+00:00,2025-12-13 16:21:13+00:00,2025-12-14 05:00:00+00:00,Hawai'i Rainbow Warriors,UTEP Miners,totals,full_game,,,,,,,137.5,-110.0,-110.0
36fcc273bbf85af0ba3a965ec94c7a97,BetOnline.ag,2025-12-13 16:22:22.925734+00:00,2025-12-13 16:21:39+00:00,2025-12-14 05:00:00+00:00,Hawai'i Rainbow Warriors,UTEP Miners,h2h,2h,-885.0,604.0,,,,,,,
36fcc273bbf85af0ba3a965ec94c7a97,BetOnline.ag,2025-12-13 16:22:22.925734+00:00,2025-12-13 16:21:39+00:00,2025-12-14 05:00:00+00:00,Hawai'i Rainbow Warriors,UTEP Miners,spreads,full_game,,,-13.0,-109.0,13.0,-111.0,,,
36fcc273bbf85af0ba3a965ec94c7a97,BetOnline.ag,2025-12-13 16:22:22.925734+00:00,2025-12-13 16:21:39+00:00,2025-12-14 05:00:00+00:00,Hawai'i Rainbow Warriors,UTEP Miners,totals,full_game,,,,,,,137.5,-115.0,-105.0
36fcc273bbf85af0ba3a965ec94c7a97,BetMGM,2025-12-13 16:22:22.925734+00:00,2025-12-13 16:21:55+00:00,2025-12-14 05:00:00+00:00,Hawai'i Rainbow Warriors,UTEP Miners,h2h,2h,-1000.0,625.0,,,,,,,
36fcc273bbf85af0ba3a965ec94c7a97,BetMGM,2025-12-13 16:22:22.925734+00:00,2025-12-13 16:21:55+00:00,2025-12-14 05:00:00+00:00,Hawai'i Rainbow Warriors,UTEP Miners,spreads,full_game,,,-13.5,-102.0,13.5,-118.0,,,
36fcc273bbf85af0ba3a965ec94c7a97,BetMGM,2025-12-13 16:22:22.925734+00:00,2025-12-13 16:21:55+00:00,2025-12-14 05:00:00+00:00,Hawai'i Rainbow Warriors,UTEP Miners,totals,full_game,,,,,,,137.5,-115.0,-105.0
36fcc273bbf85af0ba3a965ec94c7a97,Caesars,2025-12-13 16:22:22.925734+00:00,2025-12-13 16:17:55+00:00,2025-12-14 05:00:00+00:00,Hawai'i Rainbow Warriors,UTEP Miners,h2h,2h,-1100.0,700.0,,,,,,,
36fcc273bbf85af0ba3a965ec94c7a97,Caesars,2025-12-13 16:22:22.925734+00:00,2025-12-13 16:17:55+00:00,2025-12-14 05:00:00+00:00,Hawai'i Rainbow Warriors,UTEP Miners,spreads,full_game,,,-13.0,-110.0,13.0,-110.0,,,
36fcc273bbf85af0ba3a965ec94c7a97,Caesars,2025-12-13 16:22:22.925734+00:00,2025-12-13 16:17:55+00:00,2025-12-14 05:00:00+00:00,Hawai'i Rainbow Warriors,UTEP Miners,totals,full_game,,,,,,,137.5,-110.0,-110.0
36fcc273bbf85af0ba3a965ec94c7a97,BetUS,2025-12-13 16:22:22.925734+00:00,2025-12-13 16:22:18+00:00,2025-12-14 05:00:00+00:00,Hawai'i Rainbow Warriors,UTEP Miners,h2h,2h,-885.0,595.0,,,,,,,
36fcc273bbf85af0ba3a965ec94c7a97,BetUS,2025-12-13 16:22:22.925734+00:00,2025-12-13 16:22:18+00:00,2025-12-14 05:00:00+00:00,Hawai'i Rainbow Warriors,UTEP Miners,spreads,full_game,,,-12.5,-110.0,12.5,-110.0,,,
36fcc273bbf85af0ba3a965ec94c7a97,BetUS,2025-12-13 16:22:22.925734+00:00,2025-12-13 16:22:18+00:00,2025-12-14 05:00:00+00:00,Hawai'i Rainbow Warriors,UTEP Miners,totals,full_game,,,,,,,137.5,-110.0,-110.0
36fcc273bbf85af0ba3a965ec94c7a97,Bovada,2025-12-13 16:22:22.925734+00:00,2025-12-13 16:21:52+00:00,2025-12-14 05:00:00+00:00,Hawai'i Rainbow Warriors,UTEP Miners,h2h,2h,-850.0,550.0,,,,,,,
36fcc273bbf85af0ba3a965ec94c7a97,Bovada,2025-12-13 16:22:22.925734+00:00,2025-12-13 16:21:52+00:00,2025-12-14 05:00:00+00:00,Hawai'i Rainbow Warriors,UTEP Miners,spreads,full_game,,,-12.5,-110.0,12.5,-110.0,,,
36fcc273bbf85af0ba3a965ec94c7a97,Bovada,2025-12-13 16:22:22.925734+00:00,2025-12-13 16:21:52+00:00,2025-12-14 05:00:00+00:00,Hawai'i Rainbow Warriors,UTEP Miners,totals,full_game,,,,,,,138.0,-115.0,-105.0
36fcc273bbf85af0ba3a965ec94c7a97,BetRivers,2025-12-13 16:22:22.925734+00:00,2025-12-13 16:22:18+00:00,2025-12-14 05:00:00+00:00,Hawai'i Rainbow Warriors,UTEP Miners,h2h,2h,-1115.0,600.0,,,,,,,
36fcc273bbf85af0ba3a965ec94c7a97,BetRivers,2025-12-13 16:22:22.925734+00:00,2025-12-13 16:22:18+00:00,2025-12-14 05:00:00+00:00,Hawai'i Rainbow Warriors,UTEP Miners,spreads,full_game,,,-12.5,-113.0,12.5,-113.0,,,
36fcc273bbf85af0ba3a965ec94c7a97,BetRivers,2025-12-13 16:22:22.925734+00:00,2025-12-13 16:22:18+00:00,2025-12-14 05:00:00+00:00,Hawai'i Rainbow Warriors,UTEP Miners,totals,full_game,,,,,,,137.5,-117.0,-109.0
42384b37913db3b2d62c9bfb13c44ddd,FanDuel,2025-12-13 16:22:22.925734+00:00,2025-12-13 16:21:13+00:00,2025-12-14 05:00:00+00:00,UC San Diego Tritons,Tulane Green Wave,h2h,2h,-265.0,215.0,,,,,,,
42384b37913db3b2d62c9bfb13c44ddd,FanDuel,2025-12-13 16:22:22.925734+00:00,2025-12-13 16:21:13+00:00,2025-12-14 05:00:00+00:00,UC San Diego Tritons,Tulane Green Wave,spreads,full_game,,,-5.5,-120.0,5.5,-102.0,,,
42384b37913db3b2d62c9bfb13c44ddd,FanDuel,2025-12-13 16:22:22.925734+00:00,2025-12-13 16:21:13+00:00,2025-12-14 05:00:00+00:00,UC San Diego Tritons,Tulane Green Wave,totals,full_game,,,,,,,149.5,-110.0,-110.0
42384b37913db3b2d62c9bfb13c44ddd,LowVig.ag,2025-12-13 16:22:22.925734+00:00,2025-12-13 16:21:24+00:00,2025-12-14 05:00:00+00:00,UC San Diego Tritons,Tulane Green Wave,h2h,2h,-260.0,215.0,,,,,,,
42384b37913db3b2d62c9bfb13c44ddd,LowVig.ag,2025-12-13 16:22:22.925734+00:00,2025-12-13 16:21:24+00:00,2025-12-14 05:00:00+00:00,UC San Diego Tritons,Tulane Green Wave,spreads,full_game,,,-6.0,-104.0,6.0,-108.0,,,
42384b37913db3b2d62c9bfb13c44ddd,LowVig.ag,2025-12-13 16:22:22.925734+00:00,2025-12-13 16:21:24+00:00,2025-12-14 05:00:00+00:00,UC San Diego Tritons,Tulane Green Wave,totals,full_game,,,,,,,149.5,-108.0,-108.0
42384b37913db3b2d62c9bfb13c44ddd,BetOnline.ag,2025-12-13 16:22:22.925734+00:00,2025-12-13 16:21:39+00:00,2025-12-14 05:00:00+00:00,UC San Diego Tritons,Tulane Green Wave,h2h,2h,-260.0,215.0,,,,,,,
42384b37913db3b2d62c9bfb13c44ddd,BetOnline.ag,2025-12-13 16:22:22.925734+00:00,2025-12-13 16:21:39+00:00,2025-12-14 05:00:00+00:00,UC San Diego Tritons,Tulane Green Wave,spreads,full_game,,,-6.0,-108.0,6.0,-112.0,,,
42384b37913db3b2d62c9bfb13c44ddd,BetOnline.ag,2025-12-13 16:22:22.925734+00:00,2025-12-13 16:21:39+00:00,2025-12-14 05:00:00+00:00,UC San Diego Tritons,Tulane Green Wave,totals,full_game,,,,,,,149.5,-110.0,-110.0
42384b37913db3b2d62c9bfb13c44ddd,Fanatics,2025-12-13 16:22:22.925734+00:00,2025-12-13 16:21:51+00:00,2025-12-14 05:00:00+00:00,UC San Diego Tritons,Tulane Green Wave,h2h,2h,-250.0,200.0,,,,,,,
42384b37913db3b2d62c9bfb13c44ddd,Fanatics,2025-12-13 16:22:22.925734+00:00,2025-12-13 16:21:51+00:00,2025-12-14 05:00:00+00:00,UC San Diego Tritons,Tulane Green Wave,spreads,full_game,,,-6.0,-110.0,6.0,-110.0,,,
42384b37913db3b2d62c9bfb13c44ddd,Fanatics,2025-12-13 16:22:22.925734+00:00,2025-12-13 16:21:51+00:00,2025-12-14 05:00:00+00:00,UC San Diego Tritons,Tulane Green Wave,totals,full_game,,,,,,,149.5,-110.0,-110.0
42384b37913db3b2d62c9bfb13c44ddd,BetMGM,2025-12-13 16:22:22.925734+00:00,2025-12-13 16:21:55+00:00,2025-12-14 05:00:00+00:00,UC San Diego Tritons,Tulane Green Wave,h2h,2h,-250.0,200.0,,,,,,,
42384b37913db3b2d62c9bfb13c44ddd,BetMGM,2025-12-13 16:22:22.925734+00:00,2025-12-13 16:21:55+00:00,2025-12-14 05:00:00+00:00,UC San Diego Tritons,Tulane Green Wave,spreads,full_game,,,-5.5,-115.0,5.5,-105.0,,,
42384b37913db3b2d62c9bfb13c44ddd,BetMGM,2025-12-13 16:22:22.925734+00:00,2025-12-13 16:21:55+00:00,2025-12-14 05:00:00+00:00,UC San Diego Tritons,Tulane Green Wave,totals,full_game,,,,,,,149.5,-110.0,-110.0
42384b37913db3b2d62c9bfb13c44ddd,Caesars,2025-12-13 16:22:22.925734+00:00,2025-12-13 16:17:55+00:00,2025-12-14 05:00:00+00:00,UC San Diego Tritons,Tulane Green Wave,h2h,2h,-278.0,222.0,,,,,,,
42384b37913db3b2d62c9bfb13c44ddd,Caesars,2025-12-13 16:22:22.925734+00:00,2025-12-13 16:17:55+00:00,2025-12-14 05:00:00+00:00,UC San Diego Tritons,Tulane Green Wave,spreads,full_game,,,-5.5,-110.0,5.5,-110.0,,,
42384b37913db3b2d62c9bfb13c44ddd,Caesars,2025-12-13 16:22:22.925734+00:00,2025-12-13 16:17:55+00:00,2025-12-14 05:00:00+00:00,UC San Diego Tritons,Tulane Green Wave,totals,full_game,,,,,,,149.5,-110.0,-110.0
42384b37913db3b2d62c9bfb13c44ddd,BetUS,2025-12-13 16:22:22.925734+00:00,2025-12-13 16:22:18+00:00,2025-12-14 05:00:00+00:00,UC San Diego Tritons,Tulane Green Wave,h2h,2h,-260.0,218.0,,,,,,,
42384b37913db3b2d62c9bfb13c44ddd,BetUS,2025-12-13 16:22:22.925734+00:00,2025-12-13 16:22:18+00:00,2025-12-14 05:00:00+00:00,UC San Diego Tritons,Tulane Green Wave,spreads,full_game,,,-6.0,-108.0,6.0,-112.0,,,
42384b37913db3b2d62c9bfb13c44ddd,BetUS,2025-12-13 16:22:22.925734+00:00,2025-12-13 16:22:18+00:00,2025-12-14 05:00:00+00:00,UC San Diego Tritons,Tulane Green Wave,totals,full_game,,,,,,,149.5,-110.0,-110.0
42384b37913db3b2d62c9bfb13c44ddd,Bovada,2025-12-13 16:22:22.925734+00:00,2025-12-13 16:21:52+00:00,2025-12-14 05:00:00+00:00,UC San Diego Tritons,Tulane Green Wave,h2h,2h,-250.0,210.0,,,,,,,
42384b37913db3b2d62c9bfb13c44ddd,Bovada,2025-12-13 16:22:22.925734+00:00,2025-12-13 16:21:52+00:00,2025-12-14 05:00:00+00:00,UC San Diego Tritons,Tulane Green Wave,spreads,full_game,,,-6.0,-105.0,6.0,-115.0,,,
42384b37913db3b2d62c9bfb13c44ddd,Bovada,2025-12-13 16:22:22.925734+00:00,2025-12-13 16:21:52+00:00,2025-12-14 05:00:00+00:00,UC San Diego Tritons,Tulane Green Wave,totals,full_game,,,,,,,149.5,-110.0,-110.0
42384b37913db3b2d62c9bfb13c44ddd,BetRivers,2025-12-13 16:22:22.925734+00:00,2025-12-13 16:22:18+00:00,2025-12-14 05:00:00+00:00,UC San Diego Tritons,Tulane Green Wave,h2h,2h,-250.0,190.0,,,,,,,
42384b37913db3b2d62c9bfb13c44ddd,BetRivers,2025-12-13 16:22:22.925734+00:00,2025-12-13 16:22:18+00:00,2025-12-14 05:00:00+00:00,UC San Diego Tritons,Tulane Green Wave,spreads,full_game,,,-5.5,-112.0,5.5,-114.0,,,
42384b37913db3b2d62c9bfb13c44ddd,BetRivers,2025-12-13 16:22:22.925734+00:00,2025-12-13 16:22:18+00:00,2025-12-14 05:00:00+00:00,UC San Diego Tritons,Tulane Green Wave,totals,full_game,,,,,,,149.5,-112.0,-114.0
