game_id,date,start_time,home_team,away_team,home_score,away_score,home_score_1h_x,away_score_1h_x,home_score_2h_x,away_score_2h_x,neutral_site,venue,status,home_score_m,away_score_m,home_score_1h_m,away_score_1h_m,home_score_2h_m,away_score_2h_m,pred_total,pred_margin,market_total,spread_home,actual_total,actual_margin,ats_result,ou_result_full,home_score_1h_y,away_score_1h_y,home_score_2h_y,away_score_2h_y,home_score_bs,away_score_bs,home_score_1h,away_score_1h,home_score_2h,away_score_2h,actual_total_1h,actual_total_2h,ml_home,_market_total_from_odds,_odds_list,commence_time_odds,_pair_key,_start_dt,start_time_normalized,_slate_date,_pair_unordered,_pair_slate_key,_row_score,_home_norm,_away_norm,closing_total,closing_spread_home,_closing_total_pair,_closing_spread_pair,kelly_frac_spread,kelly_side_spread,pred_total_basis,proj_home,proj_away,pred_total_adjusted,pred_margin_basis,market_total_basis,spread_home_basis,_commence,p_home_cover_meta,p_over_meta,p_home_cover_meta_cal,p_over_meta_cal,p_cover_display,p_over_display,p_home_cover,sigma_total_adj,sigma_margin_adj,edge_conf_tag,start_time_iso,start_time_display,start_tz_abbr,market_basis,p_over_emp,p_home_cover_emp,p_over,pred_total_p10,pred_total_p90,pred_margin_p10,pred_margin_p90,p_home_cover_dist,p_over_dist,p_home_cover_ensemble,p_over_ensemble,p_home_cover_final,p_over_final,confidence_total,edge_margin,confidence_margin,pred_total_model,pred_margin_model,pred_total_calibrated,pred_margin_calibrated,pred_total_model_basis,edge_total_agg,edge_margin_agg,kelly_fraction_total,kelly_fraction_ml_home,kelly_fraction_ml_away,pred_total_raw,pred_total_blend_w_model,pred_total_blend_w_derived,pred_total_blend_severe,derived_total,pred_total_1h,pred_total_2h,pred_margin_1h,pred_margin_2h,proj_home_1h,proj_away_1h,pred_winner_1h,proj_home_2h,proj_away_2h,pred_winner_2h,edge_ats,ml_prob_model,ml_prob_implied,ml_prob_edge,favored_side,favored_by,lean_ou_side,lean_ou_edge_abs,lean_ats_side,lean_ats_edge_abs,edge_closing_ats,_picks_list,season,start_time_local,source,_date,_home_key,_away_key,_fuse_key,_score_nonnull,_has_start,_quality,date_x,home_team_x,away_team_x,start_time_x,pred_total_1h_basis,pred_margin_1h_basis,edge_total_1h,spread_home_1h,market_total_1h,spread_home_2h,market_total_2h,pred_total_sigma,pred_margin_sigma,kelly_fraction_total_adj,date_y,home_team_y,away_team_y,start_time_y,pred_total_2h_basis,pred_margin_2h_basis,pred_total_basis_detail,pred_margin_basis_detail,start_time_parse_mode,_start_display,actual_margin_1h,actual_margin_2h,ou_result_1h,ou_result_2h,ats_result_1h,ats_result_2h,eval_winner_1h_ok,eval_winner_2h_ok,ats_close_result,ml_result,ou_close_result_full,eval_ou_ok,eval_ou_close_ok,eval_ats_ok,eval_ats_close_ok,eval_ml_ok,spread_home_1h_basis,market_total_1h_basis,spread_home_2h_basis,market_total_2h_basis,ml_home_1h,ml_away_1h,ml_home_2h,ml_away_2h,edge_total_2h
401817215,2025-12-06,2025-12-06 11:00,Boston College Eagles,New Haven Chargers,67.0,63.0,23.0,33.0,44.0,30.0,False,Conte Forum,,0.0,0.0,,,,,125.9288,9.625,127.5,-17.5,130.0,4.0,Away Cover,Over,,,,,,,23.0,33.0,44.0,30.0,56.0,74.0,,,[],2025-12-06 17:00:00+00:00,bostoncollege::newhavenchargers,2025-12-06 17:00:00+00:00,2025-12-06 11:00,2025-12-06,bostoncollege::newhavenchargers,bostoncollege::newhavenchargers@2025-12-06,7.2,bostoncollege,newhavenchargers,127.5,-17.5,127.5,-17.5,,,cal,67.7769,58.1519,False,cal,,,2025-12-06 17:00:00+00:00,0.00024098630048762285,0.019431347797565494,0.002817276180424191,0.1054657519683311,0.05,0.1054657519683311,0.5,12.0,7.0,light,2025-12-06T17:00:00Z,2025-12-06 11:00,,market,0.45086634891067756,0.5,0.45086634891067756,117.56918700358074,150.18484858398438,-29.365805098364255,23.66140343601685,0.9546528681182751,0.4508663489106776,0.7273264340591375,0.45086634891067756,0.002817276180424191,0.1054657519683311,,35.0,,125.80605,9.625,125.9288,9.625,model_synthetic,,,,,,125.9288,1.0,0.0,False,112.0,61.075467999999994,64.853332,8.75,8.75,34.912734,26.162733999999993,Home,36.801666,28.051665999999997,Home,27.125,0.9241418199787566,,,Home,17.5,Under,1.5712000000000046,,0.0,27.125,[],,,,,,,,,,,,,,,,,-0.7620320000000049,-8.75,61.8375,-8.75,65.6625,26.961706311939963,20.465228281772628,,,,,,,,cal_est,cal_est,naive_local,2025-12-06 11:00:00-06:00,-10.0,14.0,,,Away Cover,Home Cover,0.0,1.0,Away Cover,Home Win,Over,0.0,0.0,,0.0,1.0,derived2,derived,derived2,derived,,,,,-0.8091679999999997
401809081,2025-12-06,2025-12-06 11:00,Bucknell Bison,UMBC Retrievers,66.0,73.0,26.0,25.0,40.0,48.0,False,Sojka Pavilion,,0.0,0.0,,,,,145.43880000000001,1.375,144.5,-2.5,139.0,-7.0,Away Cover,Under,,,,,,,26.0,25.0,40.0,48.0,51.0,88.0,,,[],2025-12-06 17:00:00+00:00,bucknell::umbcretrievers,2025-12-06 17:00:00+00:00,2025-12-06 11:00,2025-12-06,bucknell::umbcretrievers,bucknell::umbcretrievers@2025-12-06,7.2,bucknell,umbcretrievers,144.5,-2.5,144.5,-2.5,,,cal,73.40690000000001,72.03190000000001,False,cal,,,2025-12-06 17:00:00+00:00,0.01842105448272591,0.00043016648300108124,0.2153533122317276,0.010758593770838328,0.2153533122317276,0.05,0.5,12.0,7.0,light,2025-12-06T17:00:00Z,2025-12-06 11:00,,market,0.5294055436035472,0.5,0.5294055436035472,137.07918700358076,169.6948485839844,-44.365805098364255,8.661403436016851,0.5954852046065655,0.5294055436035471,0.5477426023032828,0.5294055436035472,0.2153533122317276,0.010758593770838328,,5.0,,145.4223,1.375,145.43880000000001,1.375,model_synthetic,,,,,,145.43880000000001,1.0,0.0,False,112.0,70.537818,74.90098200000001,1.25,1.25,35.893909,34.643909,Home,38.07549100000001,36.82549100000001,Home,3.875,0.5883486248147178,,,Home,2.5,Over,0.9388000000000147,,0.0,3.875,[],,,,,,,,,,,,,,,,,0.45531800000000544,-1.25,70.0825,-1.25,74.4175,26.961706311939963,20.465228281772628,,,,,,,,cal_est,cal_est,naive_local,2025-12-06 11:00:00-06:00,1.0,-8.0,,,Away Cover,Away Cover,1.0,0.0,Away Cover,Away Win,Under,0.0,0.0,,0.0,0.0,derived2,derived,derived2,derived,,,,,0.4834820000000093
401825402,2025-12-06,2025-12-06 17:00,USC Trojans,Washington Huskies,76.0,84.0,48.0,30.0,28.0,54.0,False,Galen Center,,0.0,0.0,,,,,155.5572,2.475,154.5,-4.5,160.0,-8.0,Away Cover,Over,,,,,,,48.0,30.0,28.0,54.0,78.0,82.0,,,[],2025-12-06 23:00:00+00:00,usctrojans::washington,2025-12-06 23:00:00+00:00,2025-12-06 17:00,2025-12-06,usctrojans::washington,usctrojans::washington@2025-12-06,7.2,usctrojans,washington,154.5,-4.5,154.5,-4.5,,,cal,79.0161,76.5411,False,cal,,,2025-12-06 23:00:00+00:00,0.14715771320194196,0.00018117615563123066,0.486733989371853,0.004531270418373563,0.486733989371853,0.05,0.5,12.0,7.0,light,2025-12-06T23:00:00Z,2025-12-06 17:00,,market,0.5331060779755965,0.5,0.5331060779755965,147.19758700358074,179.81324858398438,-42.365805098364255,10.661403436016851,0.668226263293928,0.5331060779755965,0.584113131646964,0.5331060779755965,0.486733989371853,0.004531270418373563,,9.0,,155.54995,2.475,155.5572,2.475,model_synthetic,,,,,,155.5572,1.0,0.0,False,112.0,75.445242,80.111958,2.25,2.25,38.847621,36.597621,Home,41.180979,38.930979,Home,6.975,0.6553990357712653,,,Home,4.5,Over,1.0571999999999946,,0.0,6.975,[],,,,,,,,,,,,,,,,,0.5127419999999887,-2.25,74.9325,-2.25,79.5675,26.961706311939963,20.465228281772628,,,,,,,,cal_est,cal_est,naive_local,2025-12-06 17:00:00-06:00,18.0,-26.0,,,Home Cover,Away Cover,1.0,0.0,Away Cover,Away Win,Over,1.0,1.0,,0.0,0.0,derived2,derived,derived2,derived,,,,,0.5444580000000059
401825401,2025-12-06,2025-12-06 17:00,UCLA Bruins,Oregon Ducks,74.0,63.0,44.0,31.0,30.0,32.0,False,Pauley Pavilion,,0.0,0.0,,,,,143.1968,5.2250000000000005,144.0,-9.5,137.0,11.0,Home Cover,Under,,,,,,,44.0,31.0,30.0,32.0,75.0,62.0,,,[],2025-12-06 23:00:00+00:00,oregonducks::ucla,2025-12-06 23:00:00+00:00,2025-12-06 17:00,2025-12-06,oregonducks::ucla,oregonducks::ucla@2025-12-06,7.2,ucla,oregonducks,144.0,-9.5,144.0,-9.5,,,cal,74.2109,68.9859,False,cal,,,2025-12-06 23:00:00+00:00,0.021528336993036083,0.0008992397770342248,0.22742316998310427,0.022490258646362598,0.22742316998310427,0.05,0.5,12.0,7.0,light,2025-12-06T23:00:00Z,2025-12-06 17:00,,market,0.47483567100919344,0.5,0.47483567100919344,134.83718700358074,167.45284858398438,-37.365805098364255,15.661403436016851,0.8207891907399136,0.47483567100919344,0.6603945953699568,0.47483567100919344,0.22742316998310427,0.022490258646362598,,19.0,,143.13405,5.2250000000000005,143.1968,5.2250000000000005,model_synthetic,,,,,,143.1968,1.0,0.0,False,112.0,69.450448,73.746352,4.75,4.75,37.100224,32.350224,Home,39.248176,34.498176,Home,14.725000000000001,0.7952949447280375,,,Home,9.5,Under,0.8032000000000039,,0.0,14.725000000000001,[],,,,,,,,,,,,,,,,,-0.389552000000009,-4.75,69.84,-4.75,74.16,26.961706311939963,20.465228281772628,,,,,,,,cal_est,cal_est,naive_local,2025-12-06 17:00:00-06:00,13.0,-2.0,,,Home Cover,Away Cover,1.0,0.0,Home Cover,Home Win,Under,1.0,1.0,,1.0,1.0,derived2,derived,derived2,derived,,,,,-0.4136479999999949
401808899,2025-12-06,2025-12-06 17:00,New Orleans Privateers,Houston Christian Huskies,76.0,85.0,35.0,36.0,41.0,49.0,False,Lakefront Arena,,0.0,0.0,,,,,142.5264,3.575,141.0,-6.5,161.0,-9.0,Away Cover,Over,,,,,,,35.0,36.0,41.0,49.0,71.0,90.0,,,[],2025-12-06 23:00:00+00:00,houstonchristian::neworleans,2025-12-06 23:00:00+00:00,2025-12-06 17:00,2025-12-06,houstonchristian::neworleans,houstonchristian::neworleans@2025-12-06,7.2,neworleans,houstonchristian,141.0,-6.5,141.0,-6.5,,,cal,73.05069999999999,69.4757,False,cal,,,2025-12-06 23:00:00+00:00,0.002165486201856285,0.0011630028782215474,0.025315848590489902,0.029087053537525227,0.05,0.05,0.5,12.0,7.0,light,2025-12-06T23:00:00Z,2025-12-06 17:00,,market,0.5477394964685783,0.5,0.5477394964685783,134.16678700358074,166.78244858398438,-40.365805098364255,12.661403436016851,0.7351169452650828,0.5477394964685783,0.6175584726325414,0.5477394964685783,0.025315848590489902,0.029087053537525227,,13.0,,142.64565,3.575,142.5264,3.575,model_synthetic,,,,,,142.5264,1.0,0.0,False,112.0,69.125304,73.401096,3.25,3.25,36.187652,32.937652,Home,38.325548,35.075548,Home,10.075,0.7167853694650885,,,Home,6.5,Over,1.5263999999999953,,0.0,10.075,[],,,,,,,,,,,,,,,,,0.7403039999999947,-3.25,68.385,-3.25,72.615,26.961706311939963,20.465228281772628,,,,,,,,cal_est,cal_est,naive_local,2025-12-06 17:00:00-06:00,-1.0,-8.0,,,Away Cover,Away Cover,0.0,0.0,Away Cover,Away Win,Over,1.0,1.0,,0.0,0.0,derived2,derived,derived2,derived,,,,,0.7860960000000006
401824856,2025-12-06,2025-12-06 17:00,Idaho State Bengals,Denver Pioneers,93.0,79.0,43.0,37.0,50.0,42.0,False,Reed Gym,,0.0,0.0,,,,,143.1304,4.125,144.5,-7.5,172.0,14.0,Home Cover,Over,,,,,,,43.0,37.0,50.0,42.0,80.0,92.0,,,[],2025-12-06 23:00:00+00:00,denver::idahostate,2025-12-06 23:00:00+00:00,2025-12-06 17:00,2025-12-06,denver::idahostate,denver::idahostate@2025-12-06,7.2,idahostate,denver,144.5,-7.5,144.5,-7.5,,,cal,73.6277,69.5027,False,cal,,,2025-12-06 23:00:00+00:00,0.017418288840553603,0.0007141975369355509,0.20363037299193082,0.01786229628681596,0.20363037299193082,0.05,0.5,12.0,7.0,light,2025-12-06T23:00:00Z,2025-12-06 17:00,,market,0.45714457023514565,0.5,0.45714457023514565,134.77078700358075,167.3864485839844,-39.365805098364255,13.661403436016851,0.7657845171326501,0.45714457023514565,0.632892258566325,0.45714457023514565,0.20363037299193082,0.01786229628681596,,15.0,,143.0234,4.125,143.1304,4.125,model_synthetic,,,,,,143.1304,1.0,0.0,False,112.0,69.418244,73.71215600000001,3.75,3.75,36.584122,32.834122,Home,38.731078000000004,34.981078000000004,Home,11.625,0.7448684956686834,,,Home,7.5,Under,1.3695999999999913,,0.0,11.625,[],,,,,,,,,,,,,,,,,-0.6642559999999946,-3.75,70.0825,-3.75,74.4175,26.961706311939963,20.465228281772628,,,,,,,,cal_est,cal_est,naive_local,2025-12-06 17:00:00-06:00,6.0,8.0,,,Home Cover,Home Cover,1.0,1.0,Home Cover,Home Win,Over,0.0,0.0,,1.0,1.0,derived2,derived,derived2,derived,,,,,-0.7053439999999966
401830238,2025-12-06,2025-12-06 17:00,Howard Bison,Bowie State Bulldogs,85.0,69.0,42.0,39.0,43.0,30.0,False,Burr Gymnasium,,0.0,0.0,,,,,140.88,0.0,140.88,-0.0,154.0,16.0,Home Cover,Over,,,,,,,42.0,39.0,43.0,30.0,81.0,73.0,,,[],2025-12-06 23:00:00+00:00,bowiestate::howard,2025-12-06 23:00:00+00:00,2025-12-06 17:00,2025-12-06,bowiestate::howard,bowiestate::howard@2025-12-06,6.2,howard,bowiestate,,,,,,,cal,70.44,70.44,False,cal,synthetic_pred,synthetic_pred_margin,2025-12-06 23:00:00+00:00,0.0012269150783583327,0.0003308728551949431,0.014343382253132437,0.008275230124869722,0.05,0.05,,12.0,7.0,light,2025-12-06T23:00:00Z,2025-12-06 17:00,,market,0.5,,0.5,132.52038700358074,165.13604858398438,-46.865805098364255,6.16140343601685,0.5,0.5,,0.5,0.014343382253132437,0.008275230124869722,,0.0,,140.849,0.0,140.88,0.0,model_synthetic,,,,,,140.88,1.0,0.0,False,112.0,68.32679999999999,72.5532,0.0,0.0,34.163399999999996,34.163399999999996,Even,36.2766,36.2766,Even,0.0,0.5,,,Even,0.0,,0.0,,0.0,,[],,,,,,,,,,,,,,,,,0.0,-0.0,68.32679999999999,0.0,72.5532,26.961706311939963,20.465228281772628,,,,,,,,cal_est,cal_est,naive_local,2025-12-06 17:00:00-06:00,3.0,13.0,,,Home Cover,Home Cover,,,Push,Home Win,,,,,,,derived2,derived,derived2,derived,,,,,0.0
401817149,2025-12-06,2025-12-06 17:00,George Washington Revolutionaries,William & Mary Tribe,99.0,86.0,53.0,52.0,46.0,34.0,False,Charles E. Smith Center,,0.0,0.0,,,,,172.3064,7.562500000000001,173.5,-13.75,185.0,13.0,Away Cover,Over,,,,,,,53.0,52.0,46.0,34.0,105.0,80.0,,,[],2025-12-06 23:00:00+00:00,georgewashingtonrevolutionaries::williamandmarytribe,2025-12-06 23:00:00+00:00,2025-12-06 17:00,2025-12-06,georgewashingtonrevolutionaries::williamandmarytribe,georgewashingtonrevolutionaries::williamandmarytribe@2025-12-06,7.2,georgewashingtonrevolutionaries,williamandmarytribe,,,,,,,cal,89.93445,82.37195,False,cal,,,2025-12-06 23:00:00+00:00,0.017667055684244894,0.000667560136312075,0.20653860844677893,0.016695880799641526,0.20653860844677893,0.05,,12.0,7.0,light,2025-12-06T23:00:00Z,2025-12-06 17:00,,market,0.4626343709389251,,0.4626343709389251,163.94678700358074,196.56244858398438,-33.115805098364255,19.91140343601685,0.9081138866901804,0.4626343709389252,,0.4626343709389251,0.20653860844677893,0.016695880799641526,,27.5,,172.21314999999998,7.562500000000001,172.3064,7.562500000000001,model_synthetic,,,,,,172.3064,1.0,0.0,False,112.0,83.568604,88.737796,6.875,6.875,45.221802,38.346802,Home,47.806398,40.931398,Home,21.3125,0.8769960170544709,,,Home,13.75,Under,1.1936000000000035,,0.0,,[],,,,,,,,,,,,,,,,,-0.5788960000000003,-6.875,84.1475,-6.875,89.3525,26.961706311939963,20.465228281772628,,,,,,,,cal_est,cal_est,naive_local,2025-12-06 17:00:00-06:00,1.0,12.0,,,Away Cover,Home Cover,1.0,1.0,Push,Home Win,,0.0,0.0,,,1.0,derived2,derived,derived2,derived,,,,,-0.6147040000000032
401831242,2025-12-06,2025-12-06 16:30,Florida A&M Rattlers,Florida Memorial FLORIDA MEMORIAL,60.0,58.0,32.0,29.0,28.0,29.0,True,State Farm Field House,,0.0,0.0,,,,,140.0346,0.0,141.325,-0.0,118.0,2.0,Home Cover,Under,,,,,,,32.0,29.0,28.0,29.0,61.0,57.0,,,[],2025-12-06 22:30:00+00:00,floridaaandmrattlers::floridamemorialfloridamemorial,2025-12-06 22:30:00+00:00,2025-12-06 16:30,2025-12-06,floridaaandmrattlers::floridamemorialfloridamemorial,floridaaandmrattlers::floridamemorialfloridamemorial@2025-12-06,6.2,floridaaandmrattlers,floridamemorialfloridamemorial,,,,,,,cal,70.0173,70.0173,False,cal,synthetic_pred,synthetic_pred_margin,2025-12-06 22:30:00+00:00,0.0012254576064235029,0.00029081081395695003,0.014326343521232224,0.007273266363529774,0.05,0.05,,12.0,7.0,light,2025-12-06T22:30:00Z,2025-12-06 16:30,,market,0.5,,0.5,132.96538700358073,165.58104858398437,-46.865805098364255,6.16140343601685,0.5,0.5,,0.5,0.014326343521232224,0.007273266363529774,,0.0,,139.92685,6.044055094962912,140.0346,6.044055094962912,model_synthetic,,,,,,141.325,1.0,0.0,False,112.0,68.54262499999999,72.782375,0.0,0.0,34.27131249999999,34.27131249999999,Even,36.3911875,36.3911875,Even,0.0,0.5,,,Even,0.0,,0.0,,0.0,,[],,,,,,,,,,,,,,,,,0.0,-0.0,68.54262499999999,0.0,72.782375,26.961706311939963,20.465228281772628,,,,,,,,cal,cal_est,naive_local,2025-12-06 16:30:00-06:00,3.0,-1.0,,,Home Cover,Away Cover,,,Push,Home Win,,,,,,,derived2,derived,derived2,derived,,,,,0.0
401818535,2025-12-06,2025-12-06 16:30,Columbia Lions,UAlbany Great Danes,93.0,65.0,36.0,34.0,57.0,31.0,False,Levien Gymnasium,,0.0,0.0,,,,,145.4632,7.700000000000001,146.5,-14.0,158.0,28.0,Home Cover,Over,,,,,,,36.0,34.0,57.0,31.0,70.0,88.0,,,[],2025-12-06 22:30:00+00:00,columbia::ualbanygreatdanes,2025-12-06 22:30:00+00:00,2025-12-06 16:30,2025-12-06,columbia::ualbanygreatdanes,columbia::ualbanygreatdanes@2025-12-06,7.2,columbia,ualbanygreatdanes,146.5,-14.0,146.5,-14.0,,,cal,76.5816,68.8816,False,cal,,,2025-12-06 22:30:00+00:00,0.0020591324469348537,0.0011131496089524762,0.024072508617086687,0.027840208203429764,0.05,0.05,0.5,12.0,7.0,light,2025-12-06T22:30:00Z,2025-12-06 16:30,,market,0.4675313190635091,0.5,0.4675313190635091,137.10358700358074,169.71924858398438,-32.865805098364255,20.16140343601685,0.9120356507332295,0.4675313190635091,0.7060178253666147,0.4675313190635091,0.024072508617086687,0.027840208203429764,,28.0,,145.3822,7.700000000000001,145.4632,7.700000000000001,model_synthetic,,,,,,145.4632,1.0,0.0,False,112.0,70.549652,74.913548,7.0,7.0,38.774826,31.774825999999997,Home,40.956774,33.956774,Home,21.700000000000003,0.8807970779778823,,,Home,14.0,Under,1.0367999999999995,,0.0,21.700000000000003,[],,,,,,,,,,,,,,,,,-0.5028480000000002,-7.0,71.0525,-7.0,75.4475,26.961706311939963,20.465228281772628,,,,,,,,cal_est,cal_est,naive_local,2025-12-06 16:30:00-06:00,2.0,26.0,,,Away Cover,Home Cover,1.0,1.0,Home Cover,Home Win,Over,0.0,0.0,,1.0,1.0,derived2,derived,derived2,derived,,,,,-0.5339519999999993
401823355,2025-12-06,2025-12-06 16:00,Texas Southern Tigers,Sam Houston Bearkats,70.0,82.0,29.0,43.0,41.0,39.0,False,H&PE Arena,,0.0,0.0,,,,,160.2232,-3.575,159.5,6.5,152.0,-12.0,Away Cover,Under,,,,,,,29.0,43.0,41.0,39.0,72.0,80.0,,,[],2025-12-06 22:00:00+00:00,samhoustonbearkats::texassouthern,2025-12-06 22:00:00+00:00,2025-12-06 16:00,2025-12-06,samhoustonbearkats::texassouthern,samhoustonbearkats::texassouthern@2025-12-06,7.2,texassouthern,samhoustonbearkats,,,,,,,cal,78.3241,81.89909999999999,False,cal,,,2025-12-06 22:00:00+00:00,0.5446775548542497,0.0005105022934407754,0.5,0.012767816673891819,0.5,0.05,,12.0,7.0,light,2025-12-06T22:00:00Z,2025-12-06 16:00,,market,0.5226607683135737,,0.5226607683135737,151.86358700358073,184.47924858398437,-53.365805098364255,-0.33859656398314986,0.26488305473491724,0.5226607683135737,,0.5226607683135737,0.5,0.012767816673891819,,-13.0,,160.2797,-3.575,160.2232,-3.575,model_synthetic,,,,,,160.2232,1.0,0.0,False,112.0,77.70825199999999,82.514948,-3.25,-3.25,37.229125999999994,40.479125999999994,Away,39.632474,42.882474,Away,-10.075,0.2832146305349116,,,Away,6.5,Over,0.7231999999999914,,0.0,,[],,,,,,,,,,,,,,,,,0.35075199999998574,3.25,77.3575,3.25,82.1425,26.961706311939963,20.465228281772628,,,,,,,,cal_est,cal_est,naive_local,2025-12-06 16:00:00-06:00,-14.0,2.0,,,Away Cover,Home Cover,1.0,0.0,Push,Away Win,,0.0,0.0,,,1.0,derived2,derived,derived2,derived,,,,,0.37244800000000566
401826924,2025-12-06,2025-12-06 16:00,Portland State Vikings,Omaha Mavericks,55.0,60.0,25.0,30.0,30.0,30.0,False,Viking Pavilion,,0.0,0.0,,,,,150.3096,6.050000000000001,151.5,-11.0,115.0,-5.0,Away Cover,Under,,,,,,,25.0,30.0,30.0,30.0,55.0,60.0,,,[],2025-12-06 22:00:00+00:00,omaha::portlandstate,2025-12-06 22:00:00+00:00,2025-12-06 16:00,2025-12-06,omaha::portlandstate,omaha::portlandstate@2025-12-06,7.2,portlandstate,omaha,151.5,-11.0,151.5,-11.0,,,cal,78.1798,72.12979999999999,False,cal,,,2025-12-06 22:00:00+00:00,0.4971678167439501,9.685492486137446e-05,0.5,0.0024223709481474838,0.5,0.05,0.5,12.0,7.0,light,2025-12-06T22:00:00Z,2025-12-06 16:00,,market,0.46273425461785844,0.5,0.46273425461785844,141.94998700358073,174.56564858398437,-35.865805098364255,17.16140343601685,0.8561960077832507,0.4627342546178585,0.6780980038916253,0.46273425461785844,0.5,0.0024223709481474838,,22.0,,150.2166,6.050000000000001,150.3096,6.050000000000001,model_synthetic,,,,,,150.3096,1.0,0.0,False,112.0,72.900156,77.409444,5.5,5.5,39.200078,33.700078,Home,41.454722,35.954722,Home,17.05,0.8279871670642386,,,Home,11.0,Under,1.190400000000011,,0.0,17.05,[],,,,,,,,,,,,,,,,,-0.5773439999999965,-5.5,73.47749999999999,-5.5,78.02250000000001,26.961706311939963,20.465228281772628,,,,,,,,cal_est,cal_est,naive_local,2025-12-06 16:00:00-06:00,-5.0,0.0,,,Away Cover,Away Cover,0.0,,Away Cover,Away Win,Under,1.0,1.0,,0.0,0.0,derived2,derived,derived2,derived,,,,,-0.6130560000000145
401824073,2025-12-06,2025-12-06 16:00,Pepperdine Waves,Vermont Catamounts,56.0,65.0,28.0,26.0,28.0,39.0,False,Firestone Fieldhouse,,0.0,0.0,,,,,143.5688,-0.8250000000000001,144.5,1.5,121.0,-9.0,Away Cover,Under,,,,,,,28.0,26.0,28.0,39.0,54.0,67.0,,,[],2025-12-06 22:00:00+00:00,pepperdine::vermontcatamounts,2025-12-06 22:00:00+00:00,2025-12-06 16:00,2025-12-06,pepperdine::vermontcatamounts,pepperdine::vermontcatamounts@2025-12-06,7.2,pepperdine,vermontcatamounts,144.5,1.5,144.5,1.5,,,cal,71.37190000000001,72.1969,False,cal,,,2025-12-06 22:00:00+00:00,0.10727593462634977,0.0004427706609786761,0.4044142565736866,0.011073828072056419,0.4044142565736866,0.05,0.5,12.0,7.0,light,2025-12-06T22:00:00Z,2025-12-06 16:00,,market,0.4708320808824922,0.5,0.4708320808824922,135.20918700358075,167.8248485839844,-48.365805098364255,4.66140343601685,0.4423527248747506,0.4708320808824922,0.47117636243737526,0.4708320808824922,0.4044142565736866,0.011073828072056419,,-3.0,,143.49605,-0.8250000000000001,143.5688,-0.8250000000000001,model_synthetic,,,,,,143.5688,1.0,0.0,False,112.0,69.630868,73.937932,-0.75,-0.75,34.440434,35.190434,Away,36.593966,37.343966,Away,-2.325,0.44663262720034713,,,Away,1.5,Under,0.9311999999999898,,0.0,-2.325,[],,,,,,,,,,,,,,,,,-0.4516319999999894,0.75,70.0825,0.75,74.4175,26.961706311939963,20.465228281772628,,,,,,,,cal_est,cal_est,naive_local,2025-12-06 16:00:00-06:00,2.0,-11.0,,,Home Cover,Away Cover,0.0,1.0,Away Cover,Away Win,Under,1.0,1.0,,1.0,1.0,derived2,derived,derived2,derived,,,,,-0.47956800000000044
401823547,2025-12-06,2025-12-06 16:00,Oregon State Beavers,Southern Utah Thunderbirds,81.0,70.0,45.0,30.0,36.0,40.0,False,Gill Coliseum,,0.0,0.0,,,,,143.7252,6.325,144.25,-11.5,151.0,11.0,Away Cover,Over,,,,,,,45.0,30.0,36.0,40.0,75.0,76.0,,,[],2025-12-06 22:00:00+00:00,oregonstatebeavers::southernutahthunderbirds,2025-12-06 22:00:00+00:00,2025-12-06 16:00,2025-12-06,oregonstatebeavers::southernutahthunderbirds,oregonstatebeavers::southernutahthunderbirds@2025-12-06,7.2,oregonstatebeavers,southernutahthunderbirds,144.25,-11.5,144.25,-11.5,,,cal,75.0251,68.7001,False,cal,,,2025-12-06 22:00:00+00:00,0.043068430704848504,0.001851547403069458,0.27188394435511415,0.046307760237621495,0.27188394435511415,0.05,0.5,12.0,7.0,light,2025-12-06T22:00:00Z,2025-12-06 16:00,,market,0.4835517127038429,0.5,0.4835517127038429,135.36558700358074,167.98124858398438,-35.365805098364255,17.66140343601685,0.8668705740386426,0.48355171270384284,0.6834352870193213,0.4835517127038429,0.27188394435511415,0.046307760237621495,,23.0,,143.6842,6.325,143.7252,6.325,model_synthetic,,,,,,143.7252,1.0,0.0,False,112.0,69.706722,74.018478,5.75,5.75,37.728361,31.978361,Home,39.884239,34.134239,Home,17.825,0.837923334493486,,,Home,11.5,Under,0.524799999999999,,0.0,17.825,[],,,,,,,,,,,,,,,,,-0.2545279999999934,-5.75,69.96124999999999,-5.75,74.28875000000001,26.961706311939963,20.465228281772628,,,,,,,,cal_est,cal_est,naive_local,2025-12-06 16:00:00-06:00,15.0,-4.0,,,Home Cover,Away Cover,1.0,0.0,Away Cover,Home Win,Over,0.0,0.0,,0.0,1.0,derived2,derived,derived2,derived,,,,,-0.2702720000000056
401812360,2025-12-06,2025-12-06 16:00,Lehigh Mountain Hawks,Long Island University Sharks,82.0,87.0,30.0,39.0,52.0,48.0,False,Stabler Arena,,0.0,0.0,,,,,143.2296,-1.1,142.5,2.0,169.0,-5.0,Away Cover,Over,,,,,,,30.0,39.0,52.0,48.0,69.0,100.0,,,[],2025-12-06 22:00:00+00:00,lehighmountain::longisland,2025-12-06 22:00:00+00:00,2025-12-06 16:00,2025-12-06,lehighmountain::longisland,lehighmountain::longisland@2025-12-06,7.2,lehighmountain,longisland,,,,,,,cal,71.0648,72.1648,False,cal,,,2025-12-06 22:00:00+00:00,0.031284411403671754,0.00045170607848972244,0.2475606229083875,0.011297305565011028,0.2475606229083875,0.05,,12.0,7.0,light,2025-12-06T22:00:00Z,2025-12-06 16:00,,market,0.5228610873984453,,0.5228610873984453,134.86998700358075,167.48564858398439,-48.865805098364255,4.16140343601685,0.4233453760066045,0.5228610873984453,,0.5228610873984453,0.2475606229083875,0.011297305565011028,,-4.0,,143.2866,-1.1,143.2296,-1.1,model_synthetic,,,,,,143.2296,1.0,0.0,False,112.0,69.466356,73.763244,-1.0,-1.0,34.233178,35.233178,Away,36.381622,37.381622,Away,-3.1,0.42905340311653367,,,Away,2.0,Over,0.7296000000000049,,0.0,,[],,,,,,,,,,,,,,,,,0.3538560000000075,1.0,69.1125,1.0,73.3875,26.961706311939963,20.465228281772628,,,,,,,,cal_est,cal_est,naive_local,2025-12-06 16:00:00-06:00,-9.0,4.0,,,Away Cover,Home Cover,1.0,0.0,Push,Away Win,,1.0,0.0,,,1.0,derived2,derived,derived2,derived,,,,,0.3757439999999974
401823505,2025-12-06,2025-12-06 16:00,Eastern Washington Eagles,Kansas City Roos,90.0,66.0,47.0,28.0,43.0,38.0,False,Reese Court,,0.0,0.0,,,,,147.3576,5.2250000000000005,148.5,-9.5,156.0,24.0,Home Cover,Over,,,,,,,47.0,28.0,43.0,38.0,75.0,81.0,,,[],2025-12-06 22:00:00+00:00,easternwashington::kansascityroos,2025-12-06 22:00:00+00:00,2025-12-06 16:00,2025-12-06,easternwashington::kansascityroos,easternwashington::kansascityroos@2025-12-06,7.2,easternwashington,kansascityroos,,,,,,,cal,76.29129999999999,71.0663,False,cal,,,2025-12-06 22:00:00+00:00,0.016618886975502786,7.165238952953699e-05,0.1942848797898805,0.0017920479212608026,0.1942848797898805,0.05,,12.0,7.0,light,2025-12-06T22:00:00Z,2025-12-06 16:00,,market,0.464232788265051,,0.464232788265051,138.99798700358073,171.61364858398437,-37.365805098364255,15.661403436016851,0.8207891907399136,0.464232788265051,,0.464232788265051,0.1942848797898805,0.0017920479212608026,,19.0,,147.26835,5.2250000000000005,147.3576,5.2250000000000005,model_synthetic,,,,,,147.3576,1.0,0.0,False,112.0,71.468436,75.889164,4.75,4.75,38.109218,33.359218,Home,40.319582,35.569582,Home,14.725000000000001,0.7952949447280375,,,Home,9.5,Under,1.1424000000000092,,0.0,,[],,,,,,,,,,,,,,,,,-0.5540639999999968,-4.75,72.0225,-4.75,76.4775,26.961706311939963,20.465228281772628,,,,,,,,cal_est,cal_est,naive_local,2025-12-06 16:00:00-06:00,19.0,5.0,,,Home Cover,Home Cover,1.0,1.0,Push,Home Win,,0.0,0.0,,,1.0,derived2,derived,derived2,derived,,,,,-0.5883360000000124
401819867,2025-12-06,2025-12-06 16:00,Colorado State Rams,Colorado Buffaloes,91.0,86.0,48.0,41.0,43.0,45.0,False,Moby Arena,,0.0,0.0,,,,,149.4516,1.6500000000000001,148.5,-3.0,177.0,5.0,Home Cover,Over,,,,,,,48.0,41.0,43.0,45.0,89.0,88.0,,,[],2025-12-06 22:00:00+00:00,colorado::coloradostate,2025-12-06 22:00:00+00:00,2025-12-06 16:00,2025-12-06,colorado::coloradostate,colorado::coloradostate@2025-12-06,7.2,coloradostate,colorado,148.5,-3.0,148.5,-3.0,,,cal,75.55080000000001,73.9008,False,cal,,,2025-12-06 22:00:00+00:00,0.013264452792080826,0.004319887418502667,0.15506950736151817,0.06419772763161996,0.15506950736151817,0.06419772763161996,0.5,12.0,7.0,light,2025-12-06T22:00:00Z,2025-12-06 16:00,,market,0.5298057295544524,0.5,0.5298057295544524,141.09198700358075,173.7076485839844,-43.865805098364255,9.161403436016851,0.6140971349023693,0.5298057295544524,0.5570485674511847,0.5298057295544524,0.15506950736151817,0.06419772763161996,,6.0,,149.4361,1.6500000000000001,149.4516,1.6500000000000001,model_synthetic,,,,,,149.4516,1.0,0.0,False,112.0,72.484026,76.96757400000001,1.5,1.5,36.992013,35.492013,Home,39.23378700000001,37.73378700000001,Home,4.65,0.6055324872205857,,,Home,3.0,Over,0.9516000000000133,,0.0,4.65,[],,,,,,,,,,,,,,,,,0.4615260000000063,-1.5,72.0225,-1.5,76.4775,26.961706311939963,20.465228281772628,,,,,,,,cal_est,cal_est,naive_local,2025-12-06 16:00:00-06:00,7.0,-2.0,,,Home Cover,Away Cover,1.0,0.0,Home Cover,Home Win,Over,1.0,1.0,,1.0,1.0,derived2,derived,derived2,derived,,,,,0.490074000000007
401817225,2025-12-06,2025-12-06 16:00,California Golden Bears,Pacific Tigers,67.0,61.0,36.0,27.0,31.0,34.0,False,Haas Pavilion,,0.0,0.0,,,,,144.0792,4.95,145.5,-9.0,128.0,6.0,Away Cover,Under,,,,,,,36.0,27.0,31.0,34.0,63.0,65.0,,,[],2025-12-06 22:00:00+00:00,californiagolden::pacific,2025-12-06 22:00:00+00:00,2025-12-06 16:00,2025-12-06,californiagolden::pacific,californiagolden::pacific@2025-12-06,7.2,californiagolden,pacific,145.5,-9.0,145.5,-9.0,,,cal,74.51459999999999,69.5646,False,cal,,,2025-12-06 22:00:00+00:00,0.026796288092231356,0.0005641458373173515,0.23829671530550273,0.014109457921647453,0.23829671530550273,0.05,0.5,12.0,7.0,light,2025-12-06T22:00:00Z,2025-12-06 16:00,,market,0.45554902461371727,0.5,0.45554902461371727,135.71958700358073,168.33524858398437,-37.865805098364255,15.161403436016851,0.8078610564662448,0.45554902461371727,0.6539305282331225,0.45554902461371727,0.23829671530550273,0.014109457921647453,,18.0,,143.9682,4.95,144.0792,4.95,model_synthetic,,,,,,144.0792,1.0,0.0,False,112.0,69.878412,74.20078799999999,4.5,4.5,37.189206,32.689206,Home,39.350393999999994,34.850393999999994,Home,13.95,0.7834209042318241,,,Home,9.0,Under,1.420800000000014,,0.0,13.95,[],,,,,,,,,,,,,,,,,-0.6890879999999981,-4.5,70.5675,-4.5,74.9325,26.961706311939963,20.465228281772628,,,,,,,,cal_est,cal_est,naive_local,2025-12-06 16:00:00-06:00,9.0,-3.0,,,Home Cover,Away Cover,1.0,0.0,Away Cover,Home Win,Under,1.0,1.0,,0.0,1.0,derived2,derived,derived2,derived,,,,,-0.7317120000000159
401818555,2025-12-06,2025-12-06 16:00,Brown Bears,Elms College Blazers,115.0,34.0,63.0,19.0,52.0,15.0,False,Pizzitola Sports Center,,0.0,0.0,,,,,130.0056,3.575,131.5,-6.5,149.0,81.0,Home Cover,Over,,,,,,,63.0,19.0,52.0,15.0,82.0,67.0,,,[],2025-12-06 22:00:00+00:00,brown::elmscollegeblazers,2025-12-06 22:00:00+00:00,2025-12-06 16:00,2025-12-06,brown::elmscollegeblazers,brown::elmscollegeblazers@2025-12-06,7.2,brown,elmscollegeblazers,,,,,,,cal,66.79029999999999,63.2153,False,cal,,,2025-12-06 22:00:00+00:00,2.80702412148265e-05,0.004218173574724302,0.0003281581641498902,0.06391995637224904,0.05,0.06391995637224904,,12.0,7.0,light,2025-12-06T22:00:00Z,2025-12-06 16:00,,market,0.4532566897941064,,0.4532566897941064,121.64598700358073,154.26164858398437,-40.365805098364255,12.661403436016851,0.7351169452650828,0.4532566897941064,,0.4532566897941064,0.0003281581641498902,0.06391995637224904,,13.0,,129.88885,3.575,130.0056,3.575,model_synthetic,,,,,,130.0056,1.0,0.0,False,112.0,63.05271599999999,66.952884,3.25,3.25,33.151357999999995,29.901357999999995,Home,35.101442,31.851442,Home,10.075,0.7167853694650885,,,Home,6.5,Under,1.494400000000013,,0.0,,[],,,,,,,,,,,,,,,,,-0.7247840000000068,-3.25,63.777499999999996,-3.25,67.7225,26.961706311939963,20.465228281772628,,,,,,,,cal_est,cal_est,naive_local,2025-12-06 16:00:00-06:00,44.0,37.0,,,Home Cover,Home Cover,1.0,1.0,Push,Home Win,,0.0,0.0,,,1.0,derived2,derived,derived2,derived,,,,,-0.7696159999999992
401827211,2025-12-06,2025-12-06 15:30,Troy Trojans,LaGrange Panthers,101.0,47.0,60.0,17.0,41.0,30.0,False,Trojan Arena,,0.0,0.0,,,,,142.97,0.0,142.97,-0.0,148.0,54.0,Home Cover,Over,,,,,,,60.0,17.0,41.0,30.0,77.0,71.0,,,[],2025-12-06 21:30:00+00:00,lagrange::troytrojans,2025-12-06 21:30:00+00:00,2025-12-06 15:30,2025-12-06,lagrange::troytrojans,lagrange::troytrojans@2025-12-06,6.2,troytrojans,lagrange,,,,,,,cal,71.485,71.485,False,cal,synthetic_pred,synthetic_pred_margin,2025-12-06 21:30:00+00:00,0.005835033754616937,0.0006032553260252206,0.06821508764436068,0.015087598056270855,0.06821508764436068,0.05,,12.0,7.0,light,2025-12-06T21:30:00Z,2025-12-06 15:30,,market,0.5,,0.5,134.61038700358074,167.22604858398438,-46.865805098364255,6.16140343601685,0.5,0.5,,0.5,0.06821508764436068,0.015087598056270855,,0.0,,143.0435,0.0,142.97,0.0,model_synthetic,,,,,,142.97,1.0,0.0,False,112.0,69.34045,73.62955,0.0,0.0,34.670225,34.670225,Even,36.814775,36.814775,Even,0.0,0.5,,,Even,0.0,,0.0,,0.0,,[],,,,,,,,,,,,,,,,,0.0,-0.0,69.34045,0.0,73.62955,26.961706311939963,20.465228281772628,,,,,,,,cal_est,cal_est,naive_local,2025-12-06 15:30:00-06:00,43.0,11.0,,,Home Cover,Home Cover,,,Push,Home Win,,,,,,,derived2,derived,derived2,derived,,,,,0.0
401831239,2025-12-06,2025-12-06 15:30,Temple Owls,Saint Joseph's Hawks,69.0,70.0,25.0,33.0,44.0,37.0,True,Xfinity Mobile Arena,,0.0,0.0,,,,,150.6968,1.375,151.5,-2.5,139.0,-1.0,Away Cover,Under,,,,,,,25.0,33.0,44.0,37.0,58.0,81.0,,,[],2025-12-06 21:30:00+00:00,stjosephs::temple,2025-12-06 21:30:00+00:00,2025-12-06 15:30,2025-12-06,stjosephs::temple,stjosephs::temple@2025-12-06,7.2,temple,stjosephs,151.5,-2.5,151.5,-2.5,,,cal,76.0359,74.6609,False,cal,,,2025-12-06 21:30:00+00:00,0.41968719048069747,0.00022427770901810182,0.5,0.005609253297342499,0.5,0.05,0.5,12.0,7.0,light,2025-12-06T21:30:00Z,2025-12-06 15:30,,market,0.47483567100919344,0.5,0.47483567100919344,142.33718700358074,174.95284858398438,-44.365805098364255,8.661403436016851,0.5954852046065655,0.47483567100919344,0.5477426023032828,0.47483567100919344,0.5,0.005609253297342499,,5.0,,150.63405,1.375,150.6968,1.375,model_synthetic,,,,,,150.6968,1.0,0.0,False,112.0,73.087948,77.608852,1.25,1.25,37.168974,35.918974,Home,39.429426,38.179426,Home,3.875,0.5883486248147178,,,Home,2.5,Under,0.8032000000000039,,0.0,3.875,[],,,,,,,,,,,,,,,,,-0.3895519999999948,-1.25,73.47749999999999,-1.25,78.02250000000001,26.961706311939963,20.465228281772628,,,,,,,,cal_est,cal_est,naive_local,2025-12-06 15:30:00-06:00,-8.0,7.0,,,Away Cover,Home Cover,0.0,1.0,Away Cover,Away Win,Under,1.0,1.0,,0.0,0.0,derived2,derived,derived2,derived,,,,,-0.4136480000000091
401819829,2025-12-06,2025-12-06 15:30,Memphis Tigers,Baylor Bears,78.0,71.0,37.0,34.0,41.0,37.0,False,FedExForum,,0.0,0.0,,,,,157.9864,-1.6500000000000001,157.5,3.0,149.0,7.0,Home Cover,Under,,,,,,,37.0,34.0,41.0,37.0,71.0,78.0,,,[],2025-12-06 21:30:00+00:00,baylor::memphis,2025-12-06 21:30:00+00:00,2025-12-06 15:30,2025-12-06,baylor::memphis,baylor::memphis@2025-12-06,7.2,memphis,baylor,157.5,3.0,157.5,3.0,,,cal,78.1682,79.8182,False,cal,,,2025-12-06 21:30:00+00:00,0.2740806755358153,4.233480179628374e-05,0.5,0.0010588061899142165,0.5,0.05,0.5,12.0,7.0,light,2025-12-06T21:30:00Z,2025-12-06 15:30,,market,0.5152453632435523,0.5,0.5152453632435523,149.62678700358074,182.24244858398438,-49.865805098364255,3.16140343601685,0.3859028650976307,0.5152453632435523,0.44295143254881536,0.5152453632435523,0.5,0.0010588061899142165,,-6.0,,158.0244,-1.6500000000000001,157.9864,-1.6500000000000001,model_synthetic,,,,,,157.9864,1.0,0.0,False,112.0,76.623404,81.36299600000001,-1.5,-1.5,37.561702,39.061702,Away,39.931498000000005,41.431498000000005,Away,-4.65,0.3944675127794143,,,Away,3.0,Over,0.4864000000000033,,0.0,-4.65,[],,,,,,,,,,,,,,,,,0.2359039999999908,1.5,76.3875,1.5,81.1125,26.961706311939963,20.465228281772628,,,,,,,,cal_est,cal_est,naive_local,2025-12-06 15:30:00-06:00,3.0,4.0,,,Home Cover,Home Cover,0.0,0.0,Home Cover,Home Win,Under,0.0,0.0,,0.0,0.0,derived2,derived,derived2,derived,,,,,0.2504960000000125
401829350,2025-12-06,2025-12-06 15:30,Chattanooga Mocs,Southeast Missouri State Redhawks,70.0,74.0,46.0,44.0,24.0,30.0,False,McKenzie Arena,,0.0,0.0,,,,,149.3888,2.475,150.0,-4.5,144.0,-4.0,Away Cover,Under,,,,,,,46.0,44.0,24.0,30.0,90.0,54.0,,,[],2025-12-06 21:30:00+00:00,chattanoogamocs::southeastmissouristate,2025-12-06 21:30:00+00:00,2025-12-06 15:30,2025-12-06,chattanoogamocs::southeastmissouristate,chattanoogamocs::southeastmissouristate@2025-12-06,7.2,chattanoogamocs,southeastmissouristate,,,,,,,cal,75.9319,73.4569,False,cal,,,2025-12-06 21:30:00+00:00,0.014795708646826687,0.0003339697544364252,0.1729708180874039,0.008352684511031742,0.1729708180874039,0.05,,12.0,7.0,light,2025-12-06T21:30:00Z,2025-12-06 15:30,,market,0.48084569757339235,,0.48084569757339235,141.02918700358074,173.64484858398438,-42.365805098364255,10.661403436016851,0.668226263293928,0.4808456975733924,,0.48084569757339235,0.1729708180874039,0.008352684511031742,,9.0,,149.34105,2.475,149.3888,2.475,model_synthetic,,,,,,149.3888,1.0,0.0,False,112.0,72.453568,76.935232,2.25,2.25,37.351784,35.101784,Home,39.592616,37.342616,Home,6.975,0.6553990357712653,,,Home,4.5,Under,0.6111999999999966,,0.0,,[],,,,,,,,,,,,,,,,,-0.2964319999999958,-2.25,72.75,-2.25,77.25,26.961706311939963,20.465228281772628,,,,,,,,cal_est,cal_est,naive_local,2025-12-06 15:30:00-06:00,2.0,-6.0,,,Away Cover,Away Cover,1.0,0.0,Push,Away Win,,1.0,0.0,,,0.0,derived2,derived,derived2,derived,,,,,-0.3147680000000008
401823761,2025-12-06,2025-12-06 15:00,Wyoming Cowboys,Dartmouth Big Green,93.0,80.0,39.0,40.0,54.0,40.0,False,Arena-Auditorium,,0.0,0.0,,,,,156.2328,8.662500000000001,157.5,-15.75,173.0,13.0,Away Cover,Over,,,,,,,39.0,40.0,54.0,40.0,79.0,94.0,,,[],2025-12-06 21:00:00+00:00,dartmouthbiggreen::wyoming,2025-12-06 21:00:00+00:00,2025-12-06 15:00,2025-12-06,dartmouthbiggreen::wyoming,dartmouthbiggreen::wyoming@2025-12-06,7.2,wyoming,dartmouthbiggreen,157.5,-15.75,157.5,-15.75,,,cal,82.44765,73.78515,False,cal,,,2025-12-06 21:00:00+00:00,0.5105554236562228,0.00020064460338550943,0.5,0.0050181821816420846,0.5,0.05,0.5,12.0,7.0,light,2025-12-06T21:00:00Z,2025-12-06 15:00,,market,0.4603377092501243,0.5,0.4603377092501243,147.87318700358074,180.48884858398438,-31.115805098364255,21.91140343601685,0.9360671037103059,0.4603377092501243,0.7180335518551529,0.4603377092501243,0.5,0.0050181821816420846,,31.5,,156.1338,8.662500000000001,156.2328,8.662500000000001,model_synthetic,,,,,,156.2328,1.0,0.0,False,112.0,75.772908,80.459892,7.875,7.875,41.823954,33.948954,Home,44.167446,36.292446,Home,24.4125,0.9046505351008906,,,Home,15.75,Under,1.2672000000000025,,0.0,24.4125,[],,,,,,,,,,,,,,,,,-0.6145920000000018,-7.875,76.3875,-7.875,81.1125,26.961706311939963,20.465228281772628,,,,,,,,cal_est,cal_est,naive_local,2025-12-06 15:00:00-06:00,-1.0,14.0,,,Away Cover,Home Cover,0.0,1.0,Away Cover,Home Win,Over,0.0,0.0,,0.0,1.0,derived2,derived,derived2,derived,,,,,-0.6526080000000007
401827519,2025-12-06,2025-12-06 15:00,Wofford Terriers,Elon Phoenix,52.0,73.0,15.0,50.0,37.0,23.0,False,Jerry Richardson Indoor Stadium,,0.0,0.0,,,,,162.7576,2.3375000000000004,161.5,-4.25,125.0,-21.0,Away Cover,Under,,,,,,,15.0,50.0,37.0,23.0,65.0,60.0,,,[],2025-12-06 21:00:00+00:00,elonphoenix::wofford,2025-12-06 21:00:00+00:00,2025-12-06 15:00,2025-12-06,elonphoenix::wofford,elonphoenix::wofford@2025-12-06,7.2,wofford,elonphoenix,161.5,-4.25,161.5,-4.25,,,cal,82.54755,80.21005,False,cal,,,2025-12-06 21:00:00+00:00,0.30316625268048614,0.0006164255662152965,0.5,0.015416989744532721,0.5,0.05,0.5,12.0,7.0,light,2025-12-06T21:00:00Z,2025-12-06 15:00,,market,0.5393627995527908,0.5,0.5393627995527908,154.39798700358074,187.01364858398438,-42.615805098364255,10.411403436016851,0.6594097595382739,0.5393627995527908,0.5797048797691369,0.5393627995527908,0.5,0.015416989744532721,,8.5,,162.85585,2.3375000000000004,162.7576,2.3375000000000004,model_synthetic,,,,,,162.7576,1.0,0.0,False,112.0,78.93743599999999,83.820164,2.125,2.125,40.531217999999996,38.406217999999996,Home,42.972582,40.847582,Home,6.5875,0.6472887740081046,,,Home,4.25,Over,1.2575999999999965,,0.0,6.5875,[],,,,,,,,,,,,,,,,,0.6099359999999905,-2.125,78.3275,-2.125,83.1725,26.961706311939963,20.465228281772628,,,,,,,,cal_est,cal_est,naive_local,2025-12-06 15:00:00-06:00,-35.0,14.0,,,Away Cover,Home Cover,0.0,1.0,Away Cover,Away Win,Under,0.0,0.0,,0.0,0.0,derived2,derived,derived2,derived,,,,,0.647664000000006
401823363,2025-12-06,2025-12-06 15:00,Western Kentucky Hilltoppers,Evansville Purple Aces,80.0,79.0,36.0,32.0,44.0,47.0,False,E.A. Diddle Arena,,0.0,0.0,,,,,147.9432,6.6000000000000005,148.5,-12.0,159.0,1.0,Away Cover,Over,,,,,,,36.0,32.0,44.0,47.0,68.0,91.0,,,[],2025-12-06 21:00:00+00:00,evansville::westernkentuckyhilltoppers,2025-12-06 21:00:00+00:00,2025-12-06 15:00,2025-12-06,evansville::westernkentuckyhilltoppers,evansville::westernkentuckyhilltoppers@2025-12-06,7.2,westernkentuckyhilltoppers,evansville,148.5,-12.0,148.5,-12.0,,,cal,77.27159999999999,70.6716,False,cal,,,2025-12-06 21:00:00+00:00,0.002732358595978058,0.00019639212273350022,0.031942931084672305,0.004911826355092944,0.05,0.05,0.5,12.0,7.0,light,2025-12-06T21:00:00Z,2025-12-06 15:00,,market,0.48254938988187346,0.5,0.48254938988187346,139.58358700358073,172.19924858398437,-34.865805098364255,18.16140343601685,0.8769867805410895,0.4825493898818734,0.6884933902705448,0.48254938988187346,0.031942931084672305,0.004911826355092944,,24.0,,147.8997,6.6000000000000005,147.9432,6.6000000000000005,model_synthetic,,,,,,147.9432,1.0,0.0,False,112.0,71.75245199999999,76.190748,6.0,6.0,38.876225999999996,32.876225999999996,Home,41.095374,35.095374,Home,18.6,0.8473913351573689,,,Home,12.0,Under,0.5568000000000097,,0.0,18.6,[],,,,,,,,,,,,,,,,,-0.27004800000000273,-6.0,72.0225,-6.0,76.4775,26.961706311939963,20.465228281772628,,,,,,,,cal_est,cal_est,naive_local,2025-12-06 15:00:00-06:00,4.0,-3.0,,,Away Cover,Away Cover,1.0,0.0,Away Cover,Home Win,Over,0.0,0.0,,0.0,1.0,derived2,derived,derived2,derived,,,,,-0.286752000000007
401820601,2025-12-06,2025-12-06 15:00,Tulane Green Wave,Akron Zips,71.0,88.0,34.0,42.0,37.0,46.0,False,Devlin Fieldhouse,,0.0,0.0,,,,,162.7168,-3.575,164.0,6.5,159.0,-17.0,Away Cover,Under,,,,,,,34.0,42.0,37.0,46.0,76.0,83.0,,,[],2025-12-06 21:00:00+00:00,akron::tulanegreen,2025-12-06 21:00:00+00:00,2025-12-06 15:00,2025-12-06,akron::tulanegreen,akron::tulanegreen@2025-12-06,7.2,tulanegreen,akron,164.0,6.5,164.0,6.5,,,cal,79.57090000000001,83.1459,False,cal,,,2025-12-06 21:00:00+00:00,0.31308806477389794,0.00040027040135218064,0.5,0.010010883731793915,0.5,0.05,0.5,12.0,7.0,light,2025-12-06T21:00:00Z,2025-12-06 15:00,,market,0.4598386073361689,0.5,0.4598386073361689,154.35718700358075,186.9728485839844,-53.365805098364255,-0.33859656398314986,0.26488305473491724,0.45983860733616894,0.3824415273674586,0.4598386073361689,0.5,0.010010883731793915,,-13.0,,162.61655000000002,-3.575,162.7168,-3.575,model_synthetic,,,,,,162.7168,1.0,0.0,False,112.0,78.917648,83.799152,-3.25,-3.25,37.833824,41.083824,Away,40.274576,43.524576,Away,-10.075,0.2832146305349116,,,Away,6.5,Under,1.2831999999999937,,0.0,-10.075,[],,,,,,,,,,,,,,,,,-0.6223519999999922,3.25,79.53999999999999,3.25,84.46000000000001,26.961706311939963,20.465228281772628,,,,,,,,cal_est,cal_est,naive_local,2025-12-06 15:00:00-06:00,-8.0,-9.0,,,Away Cover,Away Cover,1.0,1.0,Away Cover,Away Win,Under,1.0,1.0,,1.0,1.0,derived2,derived,derived2,derived,,,,,-0.6608480000000014
401827043,2025-12-06,2025-12-06 15:00,Prairie View A&M Panthers,Champion Christian Tigers,124.0,62.0,63.0,33.0,61.0,29.0,False,William Nicks Building,,0.0,0.0,,,,,139.155,0.0,139.155,-0.0,186.0,62.0,Home Cover,Over,,,,,,,63.0,33.0,61.0,29.0,96.0,90.0,,,[],2025-12-06 21:00:00+00:00,championchristian::prairieviewaandm,2025-12-06 21:00:00+00:00,2025-12-06 15:00,2025-12-06,championchristian::prairieviewaandm,championchristian::prairieviewaandm@2025-12-06,6.2,prairieviewaandm,championchristian,,,,,,,cal,69.5775,69.5775,False,cal,synthetic_pred,synthetic_pred_margin,2025-12-06 21:00:00+00:00,0.0023682181207231134,0.0005314668142875727,0.02768590782157279,0.013292145677438095,0.05,0.05,,12.0,7.0,light,2025-12-06T21:00:00Z,2025-12-06 15:00,,market,0.5,,0.5,130.79538700358074,163.41104858398438,-46.865805098364255,6.16140343601685,0.5,0.5,,0.5,0.02768590782157279,0.013292145677438095,,0.0,,139.03775,0.0,139.155,0.0,model_synthetic,,,,,,139.155,1.0,0.0,False,112.0,67.490175,71.66482500000001,0.0,0.0,33.7450875,33.7450875,Even,35.832412500000004,35.832412500000004,Even,0.0,0.5,,,Even,0.0,,0.0,,0.0,,[],,,,,,,,,,,,,,,,,0.0,-0.0,67.490175,0.0,71.66482500000001,26.961706311939963,20.465228281772628,,,,,,,,cal_est,cal_est,naive_local,2025-12-06 15:00:00-06:00,30.0,32.0,,,Home Cover,Home Cover,,,Push,Home Win,,,,,,,derived2,derived,derived2,derived,,,,,0.0
401827263,2025-12-06,2025-12-06 15:00,Ohio Bobcats,Marshall Thundering Herd,88.0,81.0,40.0,34.0,48.0,47.0,False,Convocation Center (OH),,0.0,0.0,,,,,155.8956,1.9250000000000003,156.75,-3.5,169.0,7.0,Home Cover,Over,,,,,,,40.0,34.0,48.0,47.0,74.0,95.0,,,[],2025-12-06 21:00:00+00:00,marshallthunderingherd::ohio,2025-12-06 21:00:00+00:00,2025-12-06 15:00,2025-12-06,marshallthunderingherd::ohio,marshallthunderingherd::ohio@2025-12-06,7.2,ohio,marshallthunderingherd,156.75,-3.5,156.75,-3.5,,,cal,78.9103,76.9853,False,cal,,,2025-12-06 21:00:00+00:00,0.1344569127931833,0.0011876181724868604,0.46051834570415257,0.02970268948782655,0.46051834570415257,0.05,0.5,12.0,7.0,light,2025-12-06T21:00:00Z,2025-12-06 15:00,,market,0.4732339072356154,0.5,0.4732339072356154,147.53598700358074,180.15164858398438,-43.365805098364255,9.661403436016851,0.6324500334949338,0.4732339072356155,0.566225016747467,0.4732339072356154,0.46051834570415257,0.02970268948782655,,7.0,,155.82885,1.9250000000000003,155.8956,1.9250000000000003,model_synthetic,,,,,,155.8956,1.0,0.0,False,112.0,75.609366,80.28623400000001,1.75,1.75,38.679683,36.929683,Home,41.018117000000004,39.268117000000004,Home,5.425000000000001,0.6224593312018546,,,Home,3.5,Under,0.8543999999999983,,0.0,5.425000000000001,[],,,,,,,,,,,,,,,,,-0.4143839999999983,-1.75,76.02374999999999,-1.75,80.72625000000001,26.961706311939963,20.465228281772628,,,,,,,,cal_est,cal_est,naive_local,2025-12-06 15:00:00-06:00,6.0,1.0,,,Home Cover,Away Cover,1.0,1.0,Home Cover,Home Win,Over,0.0,0.0,,1.0,1.0,derived2,derived,derived2,derived,,,,,-0.44001599999999996
401817534,2025-12-06,2025-12-06 17:00,West Virginia Mountaineers,Wake Forest Demon Deacons,66.0,75.0,34.0,34.0,32.0,41.0,True,Charleston Coliseum,,0.0,0.0,,,,,140.51,0.8250000000000001,141.5,-1.5,141.0,-9.0,Away Cover,Under,,,,,,,34.0,34.0,32.0,41.0,68.0,73.0,,,[],2025-12-06 23:00:00+00:00,wakeforestdemon::westvirginia,2025-12-06 23:00:00+00:00,2025-12-06 17:00,2025-12-06,wakeforestdemon::westvirginia,wakeforestdemon::westvirginia@2025-12-06,7.2,westvirginia,wakeforestdemon,141.5,-1.5,141.5,-1.5,,,cal,70.66749999999999,69.8425,False,cal,,,2025-12-06 23:00:00+00:00,0.0012453829001482048,0.0007539400218664922,0.014559282303581977,0.01885626784832087,0.05,0.05,0.5,12.0,7.0,light,2025-12-06T23:00:00Z,2025-12-06 17:00,,market,0.46899389481271747,0.5,0.46899389481271747,132.15038700358073,164.76604858398437,-45.365805098364255,7.66140343601685,0.5576472751252494,0.4689938948127174,0.5288236375626247,0.46899389481271747,0.014559282303581977,0.01885626784832087,,3.0,,140.52249999999998,0.8250000000000001,140.51,0.8250000000000001,model_synthetic,,,,,,140.51,1.0,0.0,False,112.0,68.14734999999999,72.36265,0.75,0.75,34.448674999999994,33.698674999999994,Home,36.556325,35.806325,Home,2.325,0.5533673727996529,,,Home,1.5,Under,0.9900000000000091,,0.0,2.325,[],,,,,,,,,,,,,,,,,-0.48015000000000896,-0.75,68.6275,-0.75,72.8725,26.961706311939963,20.465228281772628,,,,,,,,cal_est,cal_est,naive_local,2025-12-06 17:00:00-06:00,0.0,-9.0,,,Away Cover,Away Cover,,0.0,Away Cover,Away Win,Under,1.0,1.0,,0.0,0.0,derived2,derived,derived2,derived,,,,,-0.5098500000000001
401809154,2025-12-06,2025-12-06 18:00,Cal Poly Mustangs,UC Riverside Highlanders,84.0,88.0,36.0,46.0,48.0,42.0,False,Mott Athletics Center,,0.0,0.0,,,,,163.0536,2.75,162.5,-5.0,172.0,-4.0,Away Cover,Over,,,,,,,36.0,46.0,48.0,42.0,82.0,90.0,,,[],2025-12-07 00:00:00+00:00,californiariverside::calpoly,2025-12-07 00:00:00+00:00,2025-12-06 18:00,2025-12-06,californiariverside::calpoly,californiariverside::calpoly@2025-12-06,7.2,calpoly,californiariverside,162.5,-5.0,162.5,-5.0,,,cal,82.9018,80.1518,False,cal,,,2025-12-07 00:00:00+00:00,0.2940554720564815,6.596095682320183e-05,0.5,0.0016497034688656843,0.5,0.05,0.5,12.0,7.0,light,2025-12-07T00:00:00Z,2025-12-06 18:00,,market,0.5173503826943283,0.5,0.5173503826943283,154.69398700358073,187.30964858398437,-41.865805098364255,11.161403436016851,0.6855785875780263,0.5173503826943283,0.5927892937890131,0.5173503826943283,0.5,0.0016497034688656843,,10.0,,163.09685,2.75,163.0536,2.75,model_synthetic,,,,,,163.0536,1.0,0.0,False,112.0,79.080996,83.97260399999999,2.5,2.5,40.790498,38.290498,Home,43.236301999999995,40.736301999999995,Home,7.75,0.6713474534827301,,,Home,5.0,Over,0.5535999999999888,,0.0,7.75,[],,,,,,,,,,,,,,,,,0.26849599999999896,-2.5,78.8125,-2.5,83.6875,26.961706311939963,20.465228281772628,,,,,,,,cal_est,cal_est,naive_local,2025-12-06 18:00:00-06:00,-10.0,6.0,,,Away Cover,Home Cover,0.0,1.0,Away Cover,Away Win,Over,1.0,1.0,,0.0,0.0,derived2,derived,derived2,derived,,,,,0.2851039999999898
401820488,2025-12-06,2025-12-06 18:00,Lamar Cardinals,Texas A&M-Corpus Christi Islanders,49.0,57.0,26.0,21.0,23.0,36.0,False,Montagne Center,,0.0,0.0,,,,,135.3812,1.9250000000000003,134.5,-3.5,106.0,-8.0,Away Cover,Under,,,,,,,26.0,21.0,23.0,36.0,47.0,59.0,,,[],2025-12-07 00:00:00+00:00,lamar::texasaandmcorpuschristi,2025-12-07 00:00:00+00:00,2025-12-06 18:00,2025-12-06,lamar::texasaandmcorpuschristi,lamar::texasaandmcorpuschristi@2025-12-06,7.2,lamar,texasaandmcorpuschristi,,,,,,,cal,68.65310000000001,66.7281,False,cal,,,2025-12-07 00:00:00+00:00,0.00014308660798310308,0.22838041603349626,0.0016727693300109161,0.1330275229357798,0.05,0.1330275229357798,,12.0,7.0,light,2025-12-07T00:00:00Z,2025-12-06 18:00,,market,0.5276043451160338,,0.5276043451160338,127.02158700358075,159.6372485839844,-43.365805098364255,9.661403436016851,0.6324500334949338,0.5276043451160338,,0.5276043451160338,0.0016727693300109161,0.1330275229357798,,7.0,,135.36020000000002,1.9250000000000003,135.3812,1.9250000000000003,model_synthetic,,,,,,135.3812,1.0,0.0,False,112.0,65.659882,69.72131800000001,1.75,1.75,33.704941,31.954940999999998,Home,35.735659000000005,33.985659000000005,Home,5.425000000000001,0.6224593312018546,,,Home,3.5,Over,0.8812000000000069,,0.0,,[],,,,,,,,,,,,,,,,,0.4273819999999944,-1.75,65.2325,-1.75,69.2675,26.961706311939963,20.465228281772628,,,,,,,,cal_est,cal_est,naive_local,2025-12-06 18:00:00-06:00,5.0,-13.0,,,Home Cover,Away Cover,1.0,0.0,Push,Away Win,,0.0,0.0,,,0.0,derived2,derived,derived2,derived,,,,,0.4538180000000125
401826916,2025-12-06,2025-12-06 19:00,St. John's Red Storm,Ole Miss Rebels,63.0,58.0,33.0,25.0,30.0,33.0,False,Madison Square Garden,,0.0,0.0,,,,,150.6572,7.15,151.5,-13.0,121.0,5.0,Away Cover,Under,,,,,,,33.0,25.0,30.0,33.0,58.0,63.0,,,[],2025-12-07 01:00:00+00:00,mississippiolemiss::stjohnsredstorm,2025-12-07 01:00:00+00:00,2025-12-06 19:00,2025-12-07,mississippiolemiss::stjohnsredstorm,mississippiolemiss::stjohnsredstorm@2025-12-07,7.2,stjohnsredstorm,mississippiolemiss,151.5,-13.0,151.5,-13.0,,,cal,78.9036,71.75359999999999,False,cal,,,2025-12-07 01:00:00+00:00,0.1271728934366986,0.0001577334323089167,0.44548344634564047,0.00394496082180209,0.44548344634564047,0.05,0.5,12.0,7.0,light,2025-12-07T01:00:00Z,2025-12-06 19:00,,market,0.47359676985697285,0.5,0.47359676985697285,142.29758700358073,174.91324858398437,-33.865805098364255,19.16140343601685,0.8955735982748958,0.4735967698569729,0.6977867991374479,0.47359676985697285,0.44548344634564047,0.00394496082180209,,26.0,,150.6812,7.15,150.6572,7.15,model_synthetic,,,,,,150.6572,1.0,0.0,False,112.0,73.06874199999999,77.588458,6.5,6.5,39.78437099999999,33.28437099999999,Home,42.044229,35.544229,Home,20.15,0.8649635770771975,,,Home,13.0,Under,0.8428000000000111,,0.0,20.15,[],,,,,,,,,,,,,,,,,-0.40875800000000595,-6.5,73.47749999999999,-6.5,78.02250000000001,26.961706311939963,20.465228281772628,,,,,,,,cal_est,cal_est,naive_local,2025-12-06 19:00:00-06:00,8.0,-3.0,,,Home Cover,Away Cover,1.0,0.0,Away Cover,Home Win,Under,1.0,1.0,,0.0,1.0,derived2,derived,derived2,derived,,,,,-0.43404200000000515
synthetic:towson::ucsandiegotritons@2025-12-06,2025-12-06,,Towson Tigers,UC San Diego Tritons,0.0,0.0,,,,,False,,,,,,,,,143.1524,0.0,,,,,,,,,,,,,,,,,,,,,,,,,,,,,,,,,,,,,,cal,71.5762,71.5762,,cal,,,,,,,,,,,,,,,,,,,,,,,,,,,,,,,,,,143.2739,0.0,143.1524,0.0,model_synthetic,,,,,,,,,,,69.42891399999999,73.72348600000001,0.0,0.0,34.714456999999996,34.714456999999996,,36.861743000000004,36.861743000000004,,,,,,,,,,,,,,2025.0,,,,,,,,,,,,,,,even,,,,,,26.961706311939963,20.465228281772628,,,,,,,even,cal_est,cal_est,fail,,,,,,,,,,,,,,,,,,,,,,,,,,
synthetic:iowastate::syracuse@2025-12-06,2025-12-06,,Syracuse Orange,Iowa State Cyclones,0.0,0.0,,,,,False,,,,,,,,,142.0338,0.0,,,,,,,,,,,,,,,,,,,,,,,,,,,,,,,,,,,,,,cal,71.0169,71.0169,,cal,,,,,,,,,,,,,,,,,,,,,,,,,,,,,,,,,,142.07305000000002,0.0,142.0338,0.0,model_synthetic,,,,,,,,,,,68.886393,73.14740700000002,0.0,0.0,34.4431965,34.4431965,,36.57370350000001,36.57370350000001,,,,,,,,,,,,,,2025.0,,,,,,,,,,,,,,,even,,,,,,26.961706311939963,20.465228281772628,,,,,,,even,cal_est,cal_est,fail,,,,,,,,,,,,,,,,,,,,,,,,,,
401809139,2025-12-06,2025-12-06 22:59,Hawai'i Rainbow Warriors,Cal State Fullerton Titans,69.0,59.0,39.0,25.0,30.0,34.0,False,Stan Sheriff Center,,0.0,0.0,,,,,162.7244,8.8,163.5,-16.0,128.0,10.0,Away Cover,Under,,,,,,,39.0,25.0,30.0,34.0,64.0,64.0,,,[],2025-12-07 04:59:00+00:00,calstfullerton::hawaiirainbow,2025-12-07 04:59:00+00:00,2025-12-06 22:59,2025-12-07,calstfullerton::hawaiirainbow,calstfullerton::hawaiirainbow@2025-12-07,7.2,hawaiirainbow,calstfullerton,163.5,-16.0,163.5,-16.0,,,cal,85.7622,76.9622,False,cal,,,2025-12-07 04:59:00+00:00,0.5270685343928578,0.0009468998154671379,0.5,0.023682250614274626,0.5,0.05,0.5,12.0,7.0,light,2025-12-07T04:59:00Z,2025-12-06 22:59,,market,0.4756992922085994,0.5,0.4756992922085994,154.36478700358074,186.98044858398438,-30.865805098364255,22.16140343601685,0.9390370133860787,0.4756992922085994,0.7195185066930394,0.4756992922085994,0.5,0.023682250614274626,,32.0,,162.75365,8.8,162.7244,8.8,model_synthetic,,,,,,162.7244,1.0,0.0,False,112.0,78.921334,83.803066,8.0,8.0,43.460667,35.460667,Home,45.901533,37.901533,Home,24.8,0.9076869712477019,,,Home,16.0,Under,0.7755999999999972,,0.0,24.8,[],,,,,,,,,,,,,,,,,-0.3761659999999978,-8.0,79.2975,-8.0,84.2025,26.961706311939963,20.465228281772628,,,,,,,,cal_est,cal_est,naive_local,2025-12-06 22:59:00-06:00,14.0,-4.0,,,Home Cover,Away Cover,1.0,0.0,Away Cover,Home Win,Under,1.0,1.0,,0.0,1.0,derived2,derived,derived2,derived,,,,,-0.3994339999999994
401809106,2025-12-06,2025-12-06 21:00,UC Irvine Anteaters,Cal State Northridge Matadors,85.0,71.0,37.0,41.0,48.0,30.0,False,Bren Events Center,,0.0,0.0,,,,,141.1028,6.875000000000001,142.0,-12.5,156.0,14.0,Home Cover,Over,,,,,,,37.0,41.0,48.0,30.0,78.0,78.0,,,[],2025-12-07 03:00:00+00:00,calstatenorthridge::ucirvineanteaters,2025-12-07 03:00:00+00:00,2025-12-06 21:00,2025-12-07,calstatenorthridge::ucirvineanteaters,calstatenorthridge::ucirvineanteaters@2025-12-07,7.2,ucirvineanteaters,calstatenorthridge,,,,,,,cal,73.9889,67.1139,False,cal,,,2025-12-07 03:00:00+00:00,0.0002770031291750924,0.0012410002450034567,0.003238334777324964,0.031037791257831373,0.05,0.05,,12.0,7.0,light,2025-12-07T03:00:00Z,2025-12-06 21:00,,market,0.47189526375874413,,0.47189526375874413,132.74318700358074,165.35884858398438,-34.365805098364255,18.66140343601685,0.8865514656387117,0.4718952637587441,,0.47189526375874413,0.003238334777324964,0.031037791257831373,,25.0,,141.12255,6.875000000000001,141.1028,6.875000000000001,model_synthetic,,,,,,141.1028,1.0,0.0,False,112.0,68.434858,72.667942,6.25,6.25,37.342429,31.092429000000003,Home,39.458971,33.208971,Home,19.375,0.85640103125154,,,Home,12.5,Under,0.897199999999998,,0.0,,[],,,,,,,,,,,,,,,,,-0.43514199999999903,-6.25,68.87,-6.25,73.13,26.961706311939963,20.465228281772628,,,,,,,,cal_est,cal_est,naive_local,2025-12-06 21:00:00-06:00,-4.0,18.0,,,Away Cover,Home Cover,0.0,1.0,Push,Home Win,,0.0,0.0,,,1.0,derived2,derived,derived2,derived,,,,,-0.46205799999999897
401823480,2025-12-06,2025-12-06 21:00,Arizona Wildcats,Auburn Tigers,97.0,68.0,44.0,32.0,53.0,36.0,False,McKale Memorial Center,,0.0,0.0,,,,,160.01319999999998,4.675000000000001,161.0,-8.5,165.0,29.0,Home Cover,Over,,,,,,,44.0,32.0,53.0,36.0,76.0,89.0,,,[],2025-12-07 03:00:00+00:00,arizona::auburn,2025-12-07 03:00:00+00:00,2025-12-06 21:00,2025-12-07,arizona::auburn,arizona::auburn@2025-12-07,7.2,arizona,auburn,161.0,-8.5,161.0,-8.5,,,cal,82.3441,77.66909999999999,False,cal,,,2025-12-07 03:00:00+00:00,0.5245896395964413,0.00016783184255286936,0.5,0.004197525114556824,0.5,0.05,0.5,12.0,7.0,light,2025-12-07T03:00:00Z,2025-12-06 21:00,,market,0.46909391550281265,0.5,0.46909391550281265,151.65358700358072,184.26924858398436,-38.365805098364255,14.661403436016851,0.7943777591399416,0.46909391550281265,0.6471888795699707,0.46909391550281265,0.5,0.004197525114556824,,17.0,,160.02595,4.675000000000001,160.01319999999998,4.675000000000001,model_synthetic,,,,,,160.01319999999998,1.0,0.0,False,112.0,77.60640199999999,82.406798,4.25,4.25,40.928200999999994,36.678200999999994,Home,43.328399,39.078399,Home,13.175,0.771056378226556,,,Home,8.5,Under,0.9868000000000166,,0.0,13.175,[],,,,,,,,,,,,,,,,,-0.4785980000000052,-4.25,78.085,-4.25,82.915,26.961706311939963,20.465228281772628,,,,,,,,cal_est,cal_est,naive_local,2025-12-06 21:00:00-06:00,12.0,17.0,,,Home Cover,Home Cover,1.0,1.0,Home Cover,Home Win,Over,0.0,0.0,,1.0,1.0,derived2,derived,derived2,derived,,,,,-0.5082020000000114
401819819,2025-12-06,2025-12-06 21:00,Arizona State Sun Devils,Oklahoma Sooners,86.0,70.0,47.0,28.0,39.0,42.0,True,Mortgage Matchup Center,,0.0,0.0,,,,,155.4964,-3.3000000000000003,154.5,6.0,156.0,16.0,Home Cover,Over,,,,,,,47.0,28.0,39.0,42.0,75.0,81.0,,,[],2025-12-07 03:00:00+00:00,arizonastate::oklahomasooners,2025-12-07 03:00:00+00:00,2025-12-06 21:00,2025-12-07,arizonastate::oklahomasooners,arizonastate::oklahomasooners@2025-12-07,7.2,arizonastate,oklahomasooners,154.5,6.0,154.5,6.0,,,cal,76.09819999999999,79.3982,False,cal,,,2025-12-07 03:00:00+00:00,0.1361493911776619,0.00011513111324430419,0.4640117798826929,0.002879463944141691,0.4640117798826929,0.05,0.5,12.0,7.0,light,2025-12-07T03:00:00Z,2025-12-06 21:00,,market,0.5312061406907309,0.5,0.5312061406907309,147.13678700358074,179.75244858398437,-52.865805098364255,0.16140343601685014,0.28094804685732255,0.5312061406907308,0.3904740234286613,0.5312061406907309,0.4640117798826929,0.002879463944141691,,-12.0,,155.4844,-3.3000000000000003,155.4964,-3.3000000000000003,model_synthetic,,,,,,155.4964,1.0,0.0,False,112.0,75.41575399999999,80.080646,-3.0,-3.0,36.207876999999996,39.207876999999996,Away,38.540323,41.540323,Away,-9.3,0.2979366301210704,,,Away,6.0,Over,0.9963999999999942,,0.0,-9.3,[],,,,,,,,,,,,,,,,,0.4832539999999881,3.0,74.9325,3.0,79.5675,26.961706311939963,20.465228281772628,,,,,,,,cal_est,cal_est,naive_local,2025-12-06 21:00:00-06:00,19.0,-3.0,,,Home Cover,Push,0.0,1.0,Home Cover,Home Win,Over,1.0,1.0,,0.0,0.0,derived2,derived,derived2,derived,,,,,0.5131460000000061
401823737,2025-12-06,2025-12-06 20:00,UC Santa Barbara Gauchos,Cal State Bakersfield Roadrunners,109.0,84.0,51.0,36.0,58.0,48.0,False,The Thunderdome,,0.0,0.0,,,,,144.9684,6.325,146.0,-11.5,193.0,25.0,Home Cover,Over,,,,,,,51.0,36.0,58.0,48.0,87.0,106.0,,,[],2025-12-07 02:00:00+00:00,calstbakersfield::ucsantabarbaragauchos,2025-12-07 02:00:00+00:00,2025-12-06 20:00,2025-12-07,calstbakersfield::ucsantabarbaragauchos,calstbakersfield::ucsantabarbaragauchos@2025-12-07,7.2,ucsantabarbaragauchos,calstbakersfield,146.0,-11.5,146.0,-11.5,,,cal,75.6467,69.3217,False,cal,,,2025-12-07 02:00:00+00:00,0.010126647618818334,0.00019658550298381607,0.11838665959981212,0.004916662853608441,0.11838665959981212,0.05,0.5,12.0,7.0,light,2025-12-07T02:00:00Z,2025-12-06 20:00,,market,0.4676938061999094,0.5,0.4676938061999094,136.60878700358074,169.22444858398438,-35.365805098364255,17.66140343601685,0.8668705740386426,0.46769380619990936,0.6834352870193213,0.4676938061999094,0.11838665959981212,0.004916662853608441,,23.0,,144.97765,6.325,144.9684,6.325,model_synthetic,,,,,,144.9684,1.0,0.0,False,112.0,70.309674,74.658726,5.75,5.75,38.029837,32.279837,Home,40.204363,34.454363,Home,17.825,0.837923334493486,,,Home,11.5,Under,1.0315999999999974,,0.0,17.825,[],,,,,,,,,,,,,,,,,-0.5003260000000012,-5.75,70.81,-5.75,75.19,26.961706311939963,20.465228281772628,,,,,,,,cal_est,cal_est,naive_local,2025-12-06 20:00:00-06:00,15.0,10.0,,,Home Cover,Home Cover,1.0,1.0,Home Cover,Home Win,Over,0.0,0.0,,1.0,1.0,derived2,derived,derived2,derived,,,,,-0.5312739999999962
401824122,2025-12-06,2025-12-06 20:00,New Mexico Lobos,Santa Clara Broncos,98.0,71.0,45.0,36.0,53.0,35.0,False,The Pit,,0.0,0.0,,,,,155.1112,-0.8250000000000001,154.5,1.5,169.0,27.0,Home Cover,Over,,,,,,,45.0,36.0,53.0,35.0,81.0,88.0,,,[],2025-12-07 02:00:00+00:00,newmexico::santaclara,2025-12-07 02:00:00+00:00,2025-12-06 20:00,2025-12-07,newmexico::santaclara,newmexico::santaclara@2025-12-07,7.2,newmexico,santaclara,154.5,1.5,154.5,1.5,,,cal,77.1431,77.96809999999999,False,cal,,,2025-12-07 02:00:00+00:00,0.1361497658231593,5.421520692508491e-05,0.46401255318614976,0.0013559387134014888,0.46401255318614976,0.05,0.5,12.0,7.0,light,2025-12-07T02:00:00Z,2025-12-06 20:00,,market,0.5191543024266077,0.5,0.5191543024266077,146.75158700358074,179.36724858398438,-48.365805098364255,4.66140343601685,0.4423527248747506,0.5191543024266077,0.47117636243737526,0.5191543024266077,0.46401255318614976,0.0013559387134014888,,-3.0,,155.15895,-0.8250000000000001,155.1112,-0.8250000000000001,model_synthetic,,,,,,155.1112,1.0,0.0,False,112.0,75.228932,79.882268,-0.75,-0.75,37.239466,37.989466,Away,39.566134,40.316134,Away,-2.325,0.44663262720034713,,,Away,1.5,Over,0.6111999999999966,,0.0,-2.325,[],,,,,,,,,,,,,,,,,0.2964319999999958,0.75,74.9325,0.75,79.5675,26.961706311939963,20.465228281772628,,,,,,,,cal_est,cal_est,naive_local,2025-12-06 20:00:00-06:00,9.0,18.0,,,Home Cover,Home Cover,0.0,0.0,Home Cover,Home Win,Over,1.0,1.0,,0.0,0.0,derived2,derived,derived2,derived,,,,,0.3147680000000008
401809085,2025-12-06,2025-12-06 20:00,Long Beach State Beach,UC San Diego Tritons,74.0,80.0,30.0,34.0,44.0,46.0,False,Walter Pyramid,,0.0,0.0,,,,,142.6848,-5.775,144.0,10.5,154.0,-6.0,Home Cover,Over,,,,,,,30.0,34.0,44.0,46.0,64.0,90.0,,,[],2025-12-07 02:00:00+00:00,longbeachstatebeach::ucsandiegotritons,2025-12-07 02:00:00+00:00,2025-12-06 20:00,2025-12-07,longbeachstatebeach::ucsandiegotritons,longbeachstatebeach::ucsandiegotritons@2025-12-07,7.2,longbeachstatebeach,ucsandiegotritons,,,,,,,cal,68.4549,74.2299,False,cal,,,2025-12-07 02:00:00+00:00,0.002257173608446468,0.0012894557538475535,0.02638773004644286,0.03224967818118238,0.05,0.05,,12.0,7.0,light,2025-12-07T02:00:00Z,2025-12-06 20:00,,market,0.4588405941244089,,0.4588405941244089,134.32518700358074,166.94084858398438,-57.365805098364255,-4.33859656398315,0.1550414566330489,0.4588405941244089,,0.4588405941244089,0.02638773004644286,0.03224967818118238,,-21.0,,142.58205,-5.775,142.6848,-5.775,model_synthetic,,,,,,142.6848,1.0,0.0,False,112.0,69.202128,73.482672,-5.25,-5.25,31.976064,37.226064,Away,34.116336,39.366336,Away,-16.275,0.18242552380635635,,,Away,10.5,Under,1.3152000000000044,,0.0,,[],,,,,,,,,,,,,,,,,-0.6378720000000015,5.25,69.84,5.25,74.16,26.961706311939963,20.465228281772628,,,,,,,,cal_est,cal_est,naive_local,2025-12-06 20:00:00-06:00,-4.0,-2.0,,,Home Cover,Home Cover,1.0,1.0,Push,Away Win,,0.0,0.0,,,1.0,derived2,derived,derived2,derived,,,,,-0.6773280000000028
401825189,2025-12-06,2025-12-06 20:33,Little Rock Trojans,Arkansas State Red Wolves,78.0,90.0,39.0,46.0,39.0,44.0,False,Jack Stephens Center,,0.0,0.0,,,,,150.1112,-5.2250000000000005,149.5,9.5,168.0,-12.0,Away Cover,Over,,,,,,,39.0,46.0,39.0,44.0,85.0,83.0,,,[],2025-12-07 02:00:00+00:00,arkansasstateredwolves::littlerocktrojans,2025-12-07 02:00:00+00:00,2025-12-06 20:33,2025-12-07,arkansasstateredwolves::littlerocktrojans,arkansasstateredwolves::littlerocktrojans@2025-12-07,7.2,littlerocktrojans,arkansasstateredwolves,,,,,,,cal,72.4431,77.6681,False,cal,,,2025-12-07 02:00:00+00:00,0.3321514666715627,0.0001634932745609871,0.5,0.004089016217614925,0.5,0.05,,12.0,7.0,light,2025-12-07T02:00:00Z,2025-12-06 20:00,,market,0.5191543024266077,,0.5191543024266077,141.75158700358074,174.36724858398438,-56.365805098364255,-3.33859656398315,0.17921080926008637,0.5191543024266077,,0.5191543024266077,0.5,0.004089016217614925,,-19.0,,150.15895,-5.2250000000000005,150.1112,-5.2250000000000005,model_synthetic,,,,,,150.1112,1.0,0.0,False,112.0,72.803932,77.307268,-4.75,-4.75,34.026966,38.776966,Away,36.278634,41.028634,Away,-14.725000000000001,0.20470505527196242,,,Away,9.5,Over,0.6111999999999966,,0.0,,[],,,,,,,,,,,,,,,,,0.29643200000001,4.75,72.5075,4.75,76.9925,26.961706311939963,20.465228281772628,,,,,,,,cal_est,cal_est,naive_local,2025-12-06 20:00:00-06:00,-7.0,-5.0,,,Away Cover,Away Cover,1.0,1.0,Push,Away Win,,1.0,0.0,,,1.0,derived2,derived,derived2,derived,,,,,0.3147679999999866
401825574,2025-12-06,2025-12-06 20:00,DePaul Blue Demons,Arkansas-Pine Bluff Golden Lions,76.0,72.0,28.0,37.0,48.0,35.0,False,Wintrust Arena,,0.0,0.0,,,,,155.8984,13.475000000000001,156.5,-24.5,148.0,4.0,Away Cover,Under,,,,,,,28.0,37.0,48.0,35.0,65.0,83.0,,,[],2025-12-07 02:00:00+00:00,arkansaspinebluffgolden::depaulblue,2025-12-07 02:00:00+00:00,2025-12-06 20:00,2025-12-07,arkansaspinebluffgolden::depaulblue,arkansaspinebluffgolden::depaulblue@2025-12-07,7.2,depaulblue,arkansaspinebluffgolden,156.5,-24.5,156.5,-24.5,,,cal,84.6867,71.21170000000001,False,cal,,,2025-12-07 02:00:00+00:00,0.03532742587745045,3.099209924546952e-05,0.2559057841090033,0.0007751217704394546,0.2559057841090033,0.05,0.5,12.0,7.0,light,2025-12-07T02:00:00Z,2025-12-06 20:00,,market,0.48114632462508844,0.5,0.48114632462508844,147.53878700358075,180.1544485839844,-22.365805098364255,30.66140343601685,0.9910684940230359,0.48114632462508844,0.7455342470115179,0.48114632462508844,0.2559057841090033,0.0007751217704394546,,49.0,,155.8514,13.475000000000001,155.8984,13.475000000000001,model_synthetic,,,,,,155.8984,1.0,0.0,False,112.0,75.610724,80.287676,12.25,12.25,43.930362,31.680362000000002,Home,46.268838,34.018838,Home,37.975,0.9706877692486436,,,Home,24.5,Under,0.6015999999999906,,0.0,37.975,[],,,,,,,,,,,,,,,,,-0.2917759999999987,-12.25,75.9025,-12.25,80.5975,26.961706311939963,20.465228281772628,,,,,,,,cal_est,cal_est,naive_local,2025-12-06 20:00:00-06:00,-9.0,13.0,,,Away Cover,Home Cover,0.0,1.0,Away Cover,Home Win,Under,1.0,1.0,,0.0,1.0,derived2,derived,derived2,derived,,,,,-0.3098239999999919
401811099,2025-12-06,2025-12-06 19:00,Tennessee Volunteers,Illinois Fighting Illini,62.0,75.0,34.0,32.0,28.0,43.0,True,Bridgestone Arena,,0.0,0.0,,,,,151.492,1.1,150.5,-2.0,137.0,-13.0,Away Cover,Under,,,,,,,34.0,32.0,28.0,43.0,66.0,71.0,,,[],2025-12-07 01:00:00+00:00,illinoisfightingillini::tennessee,2025-12-07 01:00:00+00:00,2025-12-06 19:00,2025-12-07,illinoisfightingillini::tennessee,illinoisfightingillini::tennessee@2025-12-07,7.2,tennessee,illinoisfightingillini,150.5,-2.0,150.5,-2.0,,,cal,76.29599999999999,75.196,False,cal,,,2025-12-07 01:00:00+00:00,0.3154059101304207,0.00024072164992016578,0.5,0.006020521229987392,0.5,0.05,0.5,12.0,7.0,light,2025-12-07T01:00:00Z,2025-12-06 19:00,,market,0.5310686171252939,0.5,0.5310686171252939,143.13238700358073,175.74804858398437,-44.865805098364255,8.161403436016851,0.5766546239933955,0.5310686171252937,0.5383273119966978,0.5310686171252939,0.5,0.006020521229987392,,4.0,,151.56949999999998,1.1,151.492,1.1,model_synthetic,,,,,,151.492,1.0,0.0,False,112.0,73.47362,78.01838,1.0,1.0,37.23681,36.23681,Home,39.50919,38.50919,Home,3.1,0.5709465968834663,,,Home,2.0,Over,0.9919999999999902,,0.0,3.1,[],,,,,,,,,,,,,,,,,0.4811200000000042,-1.0,72.99249999999999,-1.0,77.50750000000001,26.961706311939963,20.465228281772628,,,,,,,,cal_est,cal_est,naive_local,2025-12-06 19:00:00-06:00,2.0,-15.0,,,Home Cover,Away Cover,1.0,0.0,Away Cover,Away Win,Under,0.0,0.0,,0.0,0.0,derived2,derived,derived2,derived,,,,,0.510879999999986
401825581,2025-12-06,2025-12-06 19:00,Oral Roberts Golden Eagles,Montana State Bobcats,72.0,68.0,22.0,42.0,50.0,26.0,False,Mabee Center,,0.0,0.0,,,,,151.7392,-3.575,151.0,6.5,140.0,4.0,Home Cover,Under,,,,,,,22.0,42.0,50.0,26.0,64.0,76.0,,,[],2025-12-07 01:00:00+00:00,montanastate::oralrobertsgolden,2025-12-07 01:00:00+00:00,2025-12-06 19:00,2025-12-07,montanastate::oralrobertsgolden,montanastate::oralrobertsgolden@2025-12-07,7.2,oralrobertsgolden,montanastate,151.0,6.5,151.0,6.5,,,cal,74.08210000000001,77.6571,False,cal,,,2025-12-07 01:00:00+00:00,0.31853784642794897,0.0001552761586576828,0.5,0.0038835036649985844,0.5,0.05,0.5,12.0,7.0,light,2025-12-07T01:00:00Z,2025-12-06 19:00,,market,0.5231615551791361,0.5,0.5231615551791361,143.37958700358075,175.9952485839844,-53.365805098364255,-0.33859656398314986,0.26488305473491724,0.5231615551791361,0.3824415273674586,0.5231615551791361,0.5,0.0038835036649985844,,-13.0,,151.79695,-3.575,151.7392,-3.575,model_synthetic,,,,,,151.7392,1.0,0.0,False,112.0,73.593512,78.145688,-3.25,-3.25,35.171756,38.421756,Away,37.447844,40.697844,Away,-10.075,0.2832146305349116,,,Away,6.5,Over,0.739200000000011,,0.0,-10.075,[],,,,,,,,,,,,,,,,,0.3585120000000046,3.25,73.235,3.25,77.765,26.961706311939963,20.465228281772628,,,,,,,,cal_est,cal_est,naive_local,2025-12-06 19:00:00-06:00,-20.0,24.0,,,Away Cover,Home Cover,1.0,0.0,Home Cover,Home Win,Under,0.0,0.0,,0.0,0.0,derived2,derived,derived2,derived,,,,,0.38068800000000635
401824361,2025-12-06,2025-12-06 18:00,New Hampshire Wildcats,Boston University Terriers,88.0,82.0,33.0,38.0,41.0,36.0,False,Lundholm Gymnasium,,0.0,0.0,,,,,134.5056,-3.0250000000000004,134.0,5.5,170.0,6.0,Home Cover,Over,,,,,,,33.0,38.0,55.0,44.0,71.0,99.0,,,[],2025-12-07 00:00:00+00:00,boston::newhampshire,2025-12-07 00:00:00+00:00,2025-12-06 18:00,2025-12-06,boston::newhampshire,boston::newhampshire@2025-12-06,7.2,newhampshire,boston,134.0,5.5,134.0,5.5,,,cal,65.74029999999999,68.7653,False,cal,,,2025-12-07 00:00:00+00:00,8.355920670647998e-05,0.11375952463503353,0.0009768578638410944,0.1330275229357798,0.05,0.1330275229357798,0.5,12.0,7.0,light,2025-12-07T00:00:00Z,2025-12-06 18:00,,market,0.5158468432986287,0.5,0.5158468432986287,126.14598700358073,158.76164858398437,-52.365805098364255,0.6614034360168501,0.29746971983870407,0.5158468432986287,0.39873485991935204,0.5158468432986287,0.0009768578638410944,0.1330275229357798,,-11.0,,134.5451,-3.0250000000000004,134.5056,-3.0250000000000004,model_synthetic,,,,,,134.5056,1.0,0.0,False,112.0,65.235216,69.27038399999999,-2.75,-2.75,31.242607999999997,33.992608,Away,33.260191999999996,36.010191999999996,Away,-8.525,0.3130896353396875,,,Away,5.5,Over,0.505599999999987,,0.0,-8.525,[],,,,,,,,,,,,,,,,,0.2452159999999992,2.75,64.99,2.75,69.01,26.961706311939963,20.465228281772628,,,,,,,,cal_est,cal_est,naive_local,2025-12-06 18:00:00-06:00,-5.0,11.0,,,Away Cover,Home Cover,1.0,0.0,Home Cover,Home Win,Over,1.0,1.0,,0.0,0.0,derived2,derived,derived2,derived,,,,,0.26038399999998774
401820547,2025-12-06,2025-12-06 19:00,Northern Iowa Panthers,Wichita State Shockers,69.0,74.0,28.0,35.0,31.0,24.0,False,McLeod Center,,0.0,0.0,,,,,130.6464,1.375,130.0,-2.5,143.0,-5.0,Away Cover,Over,,,,,,,28.0,35.0,41.0,39.0,63.0,80.0,,,[],2025-12-07 01:00:00+00:00,northerniowa::wichitastateshockers,2025-12-07 01:00:00+00:00,2025-12-06 19:00,2025-12-07,northerniowa::wichitastateshockers,northerniowa::wichitastateshockers@2025-12-07,7.2,northerniowa,wichitastateshockers,130.0,-2.5,130.0,-2.5,,,cal,66.0107,64.6357,False,cal,,,2025-12-07 01:00:00+00:00,2.4881430802239115e-05,0.014091510808525,0.00029087903416991653,0.09088314265790919,0.05,0.09088314265790919,0.5,12.0,7.0,light,2025-12-07T01:00:00Z,2025-12-06 19:00,,market,0.5202565071209364,0.5,0.5202565071209364,122.28678700358074,154.90244858398438,-44.365805098364255,8.661403436016851,0.5954852046065655,0.5202565071209364,0.5477426023032828,0.5202565071209364,0.00029087903416991653,0.09088314265790919,,5.0,,130.6969,1.375,130.6464,1.375,model_synthetic,,,,,,130.6464,1.0,0.0,False,112.0,63.363504,67.28289600000001,1.25,1.25,32.306752,31.056751999999996,Home,34.266448000000004,33.016448000000004,Home,3.875,0.5883486248147178,,,Home,2.5,Over,0.6463999999999999,,0.0,3.875,[],,,,,,,,,,,,,,,,,0.3135040000000018,-1.25,63.05,-1.25,66.95,26.961706311939963,20.465228281772628,,,,,,,,cal_est,cal_est,naive_local,2025-12-06 19:00:00-06:00,-7.0,2.0,,,Away Cover,Home Cover,0.0,1.0,Away Cover,Away Win,Over,1.0,1.0,,0.0,0.0,derived2,derived,derived2,derived,,,,,0.3328960000000052
401811110,2025-12-06,2025-12-06 19:00,Northern Colorado Bears,South Dakota Coyotes,89.0,87.0,45.0,40.0,36.0,41.0,False,Bank of Colorado Arena,,0.0,0.0,,,,,162.6744,5.2250000000000005,163.5,-9.5,176.0,2.0,Away Cover,Over,,,,,,,45.0,40.0,44.0,47.0,85.0,91.0,,,[],2025-12-07 01:00:00+00:00,northerncolorado::southdakotacoyotes,2025-12-07 01:00:00+00:00,2025-12-06 19:00,2025-12-07,northerncolorado::southdakotacoyotes,northerncolorado::southdakotacoyotes@2025-12-07,7.2,northerncolorado,southdakotacoyotes,,,,,,,cal,83.94969999999999,78.7247,False,cal,,,2025-12-07 01:00:00+00:00,0.35469670566410383,0.0001403686533879385,0.5,0.003510662451952686,0.5,0.05,,12.0,7.0,light,2025-12-07T01:00:00Z,2025-12-06 19:00,,market,0.4741348477746753,,0.4741348477746753,154.31478700358073,186.93044858398437,-37.365805098364255,15.661403436016851,0.8207891907399136,0.4741348477746753,,0.4741348477746753,0.5,0.003510662451952686,,19.0,,162.60989999999998,5.2250000000000005,162.6744,5.2250000000000005,model_synthetic,,,,,,162.6744,1.0,0.0,False,112.0,78.89708399999999,83.777316,4.75,4.75,41.823541999999996,37.073541999999996,Home,44.263658,39.513658,Home,14.725000000000001,0.7952949447280375,,,Home,9.5,Under,0.8256000000000085,,0.0,,[],,,,,,,,,,,,,,,,,-0.400416000000007,-4.75,79.2975,-4.75,84.2025,26.961706311939963,20.465228281772628,,,,,,,,cal_est,cal_est,naive_local,2025-12-06 19:00:00-06:00,5.0,-3.0,,,Home Cover,Away Cover,1.0,0.0,Push,Home Win,,0.0,0.0,,,1.0,derived2,derived,derived2,derived,,,,,-0.42518400000000156
401825593,2025-12-06,2025-12-06 19:00,North Dakota State Bison,Northern Arizona Lumberjacks,69.0,68.0,30.0,22.0,39.0,46.0,False,Scheels Center,,0.0,0.0,,,,,147.4688,5.5,146.0,-10.0,137.0,1.0,Away Cover,Under,,,,,,,30.0,22.0,39.0,46.0,52.0,85.0,,,[],2025-12-07 01:00:00+00:00,northdakotastate::northernarizonalumberjacks,2025-12-07 01:00:00+00:00,2025-12-06 19:00,2025-12-07,northdakotastate::northernarizonalumberjacks,northdakotastate::northernarizonalumberjacks@2025-12-07,7.2,northdakotastate,northernarizonalumberjacks,146.0,-10.0,146.0,-10.0,,,cal,76.4844,70.9844,False,cal,,,2025-12-07 01:00:00+00:00,0.016572704583770453,0.00011587720352325626,0.19374497958841985,0.0028981238875468974,0.19374497958841985,0.05,0.5,12.0,7.0,light,2025-12-07T01:00:00Z,2025-12-06 19:00,,market,0.5459461490449475,0.5,0.5459461490449475,139.10918700358073,171.72484858398437,-36.865805098364255,16.16140343601685,0.8331560989681126,0.5459461490449475,0.6665780494840563,0.5459461490449475,0.19374497958841985,0.0028981238875468974,,20.0,,147.58354999999997,5.5,147.4688,5.5,model_synthetic,,,,,,147.4688,1.0,0.0,False,112.0,71.52236799999999,75.946432,5.0,5.0,38.26118399999999,33.26118399999999,Home,40.473216,35.473216,Home,15.5,0.8066786301976913,,,Home,10.0,Over,1.4687999999999874,,0.0,15.5,[],,,,,,,,,,,,,,,,,0.7123679999999837,-5.0,70.81,-5.0,75.19,26.961706311939963,20.465228281772628,,,,,,,,cal_est,cal_est,naive_local,2025-12-06 19:00:00-06:00,8.0,-7.0,,,Home Cover,Away Cover,1.0,0.0,Away Cover,Home Win,Under,0.0,0.0,,0.0,1.0,derived2,derived,derived2,derived,,,,,0.7564320000000038
401828293,2025-12-06,2025-12-06 19:00,North Dakota Fighting Hawks,Montana Grizzlies,75.0,79.0,39.0,33.0,36.0,46.0,False,Betty Engelstad Sioux Center,,0.0,0.0,,,,,156.8824,-3.3000000000000003,157.5,6.0,154.0,-4.0,Home Cover,Under,,,,,,,39.0,33.0,36.0,46.0,72.0,82.0,,,[],2025-12-07 01:00:00+00:00,montanagrizzlies::northdakotafighting,2025-12-07 01:00:00+00:00,2025-12-06 19:00,2025-12-07,montanagrizzlies::northdakotafighting,montanagrizzlies::northdakotafighting@2025-12-07,7.2,northdakotafighting,montanagrizzlies,157.5,6.0,157.5,6.0,,,cal,76.79119999999999,80.0912,False,cal,,,2025-12-07 01:00:00+00:00,0.2708253510165766,7.384149028184689e-05,0.5,0.0018467979927987556,0.5,0.05,0.5,12.0,7.0,light,2025-12-07T01:00:00Z,2025-12-06 19:00,,market,0.4806452855801556,0.5,0.4806452855801556,148.52278700358073,181.13844858398437,-52.865805098364255,0.16140343601685014,0.28094804685732255,0.48064528558015557,0.3904740234286613,0.4806452855801556,0.5,0.0018467979927987556,,-12.0,,156.83415,-3.3000000000000003,156.8824,-3.3000000000000003,model_synthetic,,,,,,156.8824,1.0,0.0,False,112.0,76.087964,80.79443599999999,-3.0,-3.0,36.543982,39.543982,Away,38.897217999999995,41.897217999999995,Away,-9.3,0.2979366301210704,,,Away,6.0,Under,0.6176000000000101,,0.0,-9.3,[],,,,,,,,,,,,,,,,,-0.29953600000000336,3.0,76.3875,3.0,81.1125,26.961706311939963,20.465228281772628,,,,,,,,cal_est,cal_est,naive_local,2025-12-06 19:00:00-06:00,6.0,-10.0,,,Home Cover,Away Cover,0.0,1.0,Home Cover,Away Win,Under,1.0,1.0,,0.0,1.0,derived2,derived,derived2,derived,,,,,-0.3180640000000068
401817509,2025-12-06,2025-12-06 19:00,Milwaukee Panthers,Robert Morris Colonials,74.0,72.0,34.0,41.0,40.0,31.0,False,UW-Milwaukee Panther Arena,,0.0,0.0,,,,,149.8344,2.475,150.5,-4.5,146.0,2.0,Away Cover,Under,,,,,,,34.0,41.0,40.0,31.0,75.0,71.0,,,[],2025-12-07 01:00:00+00:00,milwaukee::robertmorriscolonials,2025-12-07 01:00:00+00:00,2025-12-06 19:00,2025-12-07,milwaukee::robertmorriscolonials,milwaukee::robertmorriscolonials@2025-12-07,7.2,milwaukee,robertmorriscolonials,150.5,-4.5,150.5,-4.5,,,cal,76.15469999999999,73.6797,False,cal,,,2025-12-07 01:00:00+00:00,0.21933220046562665,0.0002745558874185726,0.5,0.006866725737256056,0.5,0.05,0.5,12.0,7.0,light,2025-12-07T01:00:00Z,2025-12-06 19:00,,market,0.47914235505535185,0.5,0.47914235505535185,141.47478700358073,174.09044858398437,-42.365805098364255,10.661403436016851,0.668226263293928,0.4791423550553518,0.584113131646964,0.47914235505535185,0.5,0.006866725737256056,,9.0,,149.7824,2.475,149.8344,2.475,model_synthetic,,,,,,149.8344,1.0,0.0,False,112.0,72.66968399999999,77.164716,2.25,2.25,37.459841999999995,35.209841999999995,Home,39.707358,37.457358,Home,6.975,0.6553990357712653,,,Home,4.5,Under,0.665600000000012,,0.0,6.975,[],,,,,,,,,,,,,,,,,-0.3228160000000031,-2.25,72.99249999999999,-2.25,77.50750000000001,26.961706311939963,20.465228281772628,,,,,,,,cal_est,cal_est,naive_local,2025-12-06 19:00:00-06:00,-7.0,9.0,,,Away Cover,Home Cover,0.0,1.0,Away Cover,Home Win,Under,1.0,1.0,,0.0,1.0,derived2,derived,derived2,derived,,,,,-0.34278400000000886
401813260,2025-12-06,2025-12-06 19:00,Illinois State Redbirds,Chicago State Cougars,95.0,53.0,45.0,13.0,50.0,40.0,False,CEFCU Arena,,0.0,0.0,,,,,146.6468,11.825000000000001,145.5,-21.5,148.0,42.0,Home Cover,Over,,,,,,,45.0,13.0,50.0,40.0,58.0,90.0,,,[],2025-12-07 01:00:00+00:00,chicagostate::illinoisstate,2025-12-07 01:00:00+00:00,2025-12-06 19:00,2025-12-07,chicagostate::illinoisstate,chicagostate::illinoisstate@2025-12-07,7.2,illinoisstate,chicagostate,145.5,-21.5,145.5,-21.5,,,cal,79.2359,67.41090000000001,False,cal,,,2025-12-07 01:00:00+00:00,0.0034697273885573557,9.945082210635014e-05,0.04056322000283218,0.002487295122933694,0.05,0.05,0.5,12.0,7.0,light,2025-12-07T01:00:00Z,2025-12-06 19:00,,market,0.535904598770023,0.5,0.535904598770023,138.28718700358075,170.9028485839844,-25.365805098364255,27.66140343601685,0.9811651952299371,0.5359045987700232,0.7405825976149685,0.535904598770023,0.04056322000283218,0.002487295122933694,,43.0,,146.64655000000002,11.825000000000001,146.6468,11.825000000000001,model_synthetic,,,,,,146.6468,1.0,0.0,False,112.0,71.123698,75.52310200000001,10.75,10.75,40.936849,30.186849000000002,Home,43.136551000000004,32.386551000000004,Home,33.325,0.9556986956564665,,,Home,21.5,Over,1.1468000000000131,,0.0,33.325,[],,,,,,,,,,,,,,,,,0.5561980000000091,-10.75,70.5675,-10.75,74.9325,26.961706311939963,20.465228281772628,,,,,,,,cal_est,cal_est,naive_local,2025-12-06 19:00:00-06:00,32.0,10.0,,,Home Cover,Away Cover,1.0,1.0,Home Cover,Home Win,Over,1.0,1.0,,1.0,1.0,derived2,derived,derived2,derived,,,,,0.5906020000000041
401824813,2025-12-06,2025-12-06 19:00,Houston Cougars,Florida State Seminoles,82.0,67.0,41.0,33.0,41.0,34.0,True,Toyota Center (Houston),,0.0,0.0,,,,,144.4816,8.525,145.0,-15.5,149.0,15.0,Away Cover,Over,,,,,,,41.0,33.0,41.0,34.0,74.0,75.0,,,[],2025-12-07 01:00:00+00:00,floridastateseminoles::houston,2025-12-07 01:00:00+00:00,2025-12-06 19:00,2025-12-07,floridastateseminoles::houston,floridastateseminoles::houston@2025-12-07,7.2,houston,floridastateseminoles,145.0,-15.5,145.0,-15.5,,,cal,76.5033,67.97829999999999,False,cal,,,2025-12-07 01:00:00+00:00,0.005644492828568356,0.011868603257475805,0.06598754852173655,0.08481258424635701,0.06598754852173655,0.08481258424635701,0.5,12.0,7.0,light,2025-12-07T01:00:00Z,2025-12-06 19:00,,market,0.48375218994557023,0.5,0.48375218994557023,136.12198700358073,168.73764858398437,-31.365805098364255,21.66140343601685,0.9329858795137438,0.48375218994557023,0.7164929397568719,0.48375218994557023,0.06598754852173655,0.08481258424635701,,31.0,,144.44109999999998,8.525,144.4816,8.525,model_synthetic,,,,,,144.4816,1.0,0.0,False,112.0,70.07357599999999,74.408024,7.75,7.75,38.911787999999994,31.161787999999994,Home,41.079012,33.329012,Home,24.025,0.901525057645576,,,Home,15.5,Under,0.518400000000014,,0.0,24.025,[],,,,,,,,,,,,,,,,,-0.2514240000000143,-7.75,70.325,-7.75,74.675,26.961706311939963,20.465228281772628,,,,,,,,cal_est,cal_est,naive_local,2025-12-06 19:00:00-06:00,8.0,7.0,,,Home Cover,Away Cover,1.0,1.0,Away Cover,Home Win,Over,0.0,0.0,,0.0,1.0,derived2,derived,derived2,derived,,,,,-0.26697599999999966
401806343,2025-12-06,2025-12-06 19:00,Eastern Illinois Panthers,Lindenwood Lions,74.0,82.0,41.0,34.0,33.0,48.0,False,Groniger Arena,,0.0,0.0,,,,,143.332,-3.1625,144.5,5.75,156.0,-8.0,Away Cover,Over,,,,,,,41.0,34.0,33.0,48.0,75.0,81.0,,,[],2025-12-07 01:00:00+00:00,easternillinois::lindenwood,2025-12-07 01:00:00+00:00,2025-12-06 19:00,2025-12-07,easternillinois::lindenwood,easternillinois::lindenwood@2025-12-07,7.2,easternillinois,lindenwood,144.5,5.75,144.5,5.75,,,cal,70.08475,73.24725,False,cal,,,2025-12-07 01:00:00+00:00,0.03603415866517133,0.0008570998487631023,0.2573645468904729,0.02143632630221915,0.2573645468904729,0.05,0.5,12.0,7.0,light,2025-12-07T01:00:00Z,2025-12-06 19:00,,market,0.46343350581281806,0.5,0.46343350581281806,134.97238700358074,167.58804858398437,-52.615805098364255,0.41140343601685014,0.28915339921081357,0.46343350581281806,0.39457669960540676,0.46343350581281806,0.2573645468904729,0.02143632630221915,,-11.5,,143.24075,-3.1625,143.332,-3.1625,model_synthetic,,,,,,143.332,1.0,0.0,False,112.0,69.51602,73.81598,-2.875,-2.875,33.32051,36.19551,Away,35.47049,38.34549,Away,-8.9125,0.3054604980019199,,,Away,5.75,Under,1.1680000000000064,,0.0,-8.9125,[],,,,,,,,,,,,,,,,,-0.5664799999999985,2.875,70.0825,2.875,74.4175,26.961706311939963,20.465228281772628,,,,,,,,cal_est,cal_est,naive_local,2025-12-06 19:00:00-06:00,7.0,-15.0,,,Home Cover,Away Cover,0.0,1.0,Away Cover,Away Win,Over,0.0,0.0,,1.0,1.0,derived2,derived,derived2,derived,,,,,-0.6015200000000078
401823465,2025-12-06,2025-12-06 19:00,Bradley Braves,Northern Illinois Huskies,84.0,55.0,39.0,26.0,45.0,29.0,False,Carver Arena,,0.0,0.0,,,,,143.6252,9.9,144.5,-18.0,139.0,29.0,Home Cover,Under,,,,,,,39.0,26.0,45.0,29.0,65.0,74.0,,,[],2025-12-07 01:00:00+00:00,bradley::northernillinois,2025-12-07 01:00:00+00:00,2025-12-06 19:00,2025-12-07,bradley::northernillinois,bradley::northernillinois@2025-12-07,7.2,bradley,northernillinois,144.5,-18.0,144.5,-18.0,,,cal,76.7626,66.8626,False,cal,,,2025-12-07 01:00:00+00:00,0.16956134522457034,0.012312152077249927,0.5,0.0860238757449814,0.5,0.0860238757449814,0.5,12.0,7.0,light,2025-12-07T01:00:00Z,2025-12-06 19:00,,market,0.47259582357817276,0.5,0.47259582357817276,135.26558700358075,167.8812485839844,-28.865805098364255,24.16140343601685,0.9590777256063522,0.4725958235781728,0.729538862803176,0.47259582357817276,0.5,0.0860238757449814,,36.0,,143.6467,9.9,143.6252,9.9,model_synthetic,,,,,,143.6252,1.0,0.0,False,112.0,69.658222,73.96697800000001,9.0,9.0,39.329111,30.329110999999997,Home,41.483489000000006,32.483489000000006,Home,27.9,0.9289999808492009,,,Home,18.0,Under,0.8747999999999934,,0.0,27.9,[],,,,,,,,,,,,,,,,,-0.42427800000000104,-9.0,70.0825,-9.0,74.4175,26.961706311939963,20.465228281772628,,,,,,,,cal_est,cal_est,naive_local,2025-12-06 19:00:00-06:00,13.0,16.0,,,Home Cover,Home Cover,1.0,1.0,Home Cover,Home Win,Under,1.0,1.0,,1.0,1.0,derived2,derived,derived2,derived,,,,,-0.4505219999999923
401831240,2025-12-06,2025-12-06 18:30,Villanova Wildcats,Pennsylvania Quakers,90.0,63.0,44.0,29.0,46.0,34.0,False,Xfinity Mobile Arena,,0.0,0.0,,,,,149.27880000000002,10.725000000000001,148.5,-19.5,153.0,27.0,Home Cover,Over,,,,,,,44.0,29.0,46.0,34.0,73.0,80.0,,,[],2025-12-07 00:30:00+00:00,pennsylvania::villanova,2025-12-07 00:30:00+00:00,2025-12-06 18:30,2025-12-06,pennsylvania::villanova,pennsylvania::villanova@2025-12-06,7.2,villanova,pennsylvania,148.5,-19.5,148.5,-19.5,,,cal,80.0019,69.27690000000001,False,cal,,,2025-12-07 00:30:00+00:00,0.007693950515881493,0.0003559854720159712,0.0899469533242975,0.00890330426262044,0.0899469533242975,0.05,0.5,12.0,7.0,light,2025-12-07T00:30:00Z,2025-12-06 18:30,,market,0.5244008437142433,0.5,0.5244008437142433,140.91918700358076,173.5348485839844,-27.365805098364255,25.66140343601685,0.9702911071359233,0.5244008437142433,0.7351455535679616,0.5244008437142433,0.0899469533242975,0.00890330426262044,,39.0,,149.24980000000002,10.725000000000001,149.27880000000002,10.725000000000001,model_synthetic,,,,,,149.27880000000002,1.0,0.0,False,112.0,72.40021800000001,76.87858200000001,9.75,9.75,41.075109000000005,31.325109000000005,Home,43.314291000000004,33.564291000000004,Home,30.225,0.9418989513483157,,,Home,19.5,Over,0.7788000000000181,,0.0,30.225,[],,,,,,,,,,,,,,,,,0.37771800000001576,-9.75,72.0225,-9.75,76.4775,26.961706311939963,20.465228281772628,,,,,,,,cal_est,cal_est,naive_local,2025-12-06 18:30:00-06:00,15.0,12.0,,,Home Cover,Home Cover,1.0,1.0,Home Cover,Home Win,Over,1.0,1.0,,1.0,1.0,derived2,derived,derived2,derived,,,,,0.4010820000000024
401813293,2025-12-06,2025-12-06 18:30,Grand Canyon Lopes,Oklahoma State Cowboys,78.0,84.0,39.0,42.0,39.0,42.0,True,Mortgage Matchup Center,,0.0,0.0,,,,,154.252,-1.375,153.5,2.5,162.0,-6.0,Away Cover,Over,,,,,,,39.0,42.0,39.0,42.0,81.0,81.0,,,[],2025-12-07 00:30:00+00:00,grandcanyon::oklahomastate,2025-12-07 00:30:00+00:00,2025-12-06 18:30,2025-12-06,grandcanyon::oklahomastate,grandcanyon::oklahomastate@2025-12-06,7.2,grandcanyon,oklahomastate,,,,,,,cal,76.4385,77.8135,False,cal,,,2025-12-07 00:30:00+00:00,0.1456675559749088,5.221933270166398e-05,0.4836581650446075,0.0013060212957596794,0.4836581650446075,0.05,,12.0,7.0,light,2025-12-07T00:30:00Z,2025-12-06 18:30,,market,0.523562158374584,,0.523562158374584,145.89238700358075,178.5080485839844,-49.365805098364255,3.66140343601685,0.4045147953934345,0.523562158374584,,0.523562158374584,0.4836581650446075,0.0013060212957596794,,-5.0,,154.31075,-1.375,154.252,-1.375,model_synthetic,,,,,,154.252,1.0,0.0,False,112.0,74.81222,79.43978000000001,-1.25,-1.25,36.78111,38.03111,Away,39.09489000000001,40.34489000000001,Away,-3.875,0.41165137518528216,,,Away,2.5,Over,0.7520000000000095,,0.0,,[],,,,,,,,,,,,,,,,,0.3647200000000055,1.25,74.44749999999999,1.25,79.05250000000001,26.961706311939963,20.465228281772628,,,,,,,,cal_est,cal_est,naive_local,2025-12-06 18:30:00-06:00,-3.0,-3.0,,,Away Cover,Away Cover,1.0,1.0,Push,Away Win,,1.0,0.0,,,1.0,derived2,derived,derived2,derived,,,,,0.38728000000000407
401819911,2025-12-06,2025-12-06 18:00,Utah Utes,California Baptist Lancers,91.0,85.0,41.0,38.0,50.0,47.0,False,Jon M. Huntsman Center,,0.0,0.0,,,,,144.332,3.3000000000000003,145.5,-6.0,176.0,6.0,Push,Over,,,,,,,41.0,38.0,50.0,47.0,79.0,97.0,,,[],2025-12-07 00:00:00+00:00,californiabaptist::utahutes,2025-12-07 00:00:00+00:00,2025-12-06 18:00,2025-12-06,californiabaptist::utahutes,californiabaptist::utahutes@2025-12-06,7.2,utahutes,californiabaptist,145.5,-6.0,145.5,-6.0,,,cal,73.816,70.51599999999999,False,cal,,,2025-12-07 00:00:00+00:00,0.032351598084368306,0.0003035096320009959,0.24976339634373443,0.007590867641417661,0.24976339634373443,0.05,0.5,12.0,7.0,light,2025-12-07T00:00:00Z,2025-12-06 18:00,,market,0.46343350581281806,0.5,0.46343350581281806,135.97238700358074,168.58804858398437,-40.865805098364255,12.161403436016851,0.7190519531426774,0.46343350581281806,0.6095259765713388,0.46343350581281806,0.24976339634373443,0.007590867641417661,,12.0,,144.24075,3.3000000000000003,144.332,3.3000000000000003,model_synthetic,,,,,,144.332,1.0,0.0,False,112.0,70.00102,74.33098,3.0,3.0,36.50051,33.50051,Home,38.66549,35.66549,Home,9.3,0.7020633698789296,,,Home,6.0,Under,1.1680000000000064,,0.0,9.3,[],,,,,,,,,,,,,,,,,-0.5664799999999985,-3.0,70.5675,-3.0,74.9325,26.961706311939963,20.465228281772628,,,,,,,,cal_est,cal_est,naive_local,2025-12-06 18:00:00-06:00,3.0,3.0,,,Push,Push,1.0,1.0,Push,Home Win,Over,0.0,0.0,,,1.0,derived2,derived,derived2,derived,,,,,-0.6015200000000078
401827528,2025-12-06,2025-12-06 15:00,North Carolina Central Eagles,North Carolina A&T Aggies,54.0,69.0,35.0,26.0,19.0,43.0,False,McDougald-McLendon Arena,,0.0,0.0,,,,,142.4184,-0.8250000000000001,143.5,1.5,123.0,-15.0,Away Cover,Under,,,,,,,35.0,26.0,19.0,43.0,61.0,62.0,,,[],2025-12-06 21:00:00+00:00,northcarolinaaandt::northcarolinacentral,2025-12-06 21:00:00+00:00,2025-12-06 15:00,2025-12-06,northcarolinaaandt::northcarolinacentral,northcarolinaaandt::northcarolinacentral@2025-12-06,7.2,northcarolinacentral,northcarolinaaandt,143.5,1.5,143.5,1.5,,,cal,70.7967,71.62169999999999,False,cal,,,2025-12-06 21:00:00+00:00,0.002454096787275303,0.0003117806649664108,0.028689881579394352,0.00779772867605547,0.05,0.05,0.5,12.0,7.0,light,2025-12-06T21:00:00Z,2025-12-06 15:00,,market,0.46613165680068913,0.5,0.46613165680068913,134.05878700358073,166.67444858398437,-48.365805098364255,4.66140343601685,0.4423527248747506,0.4661316568006892,0.47117636243737526,0.46613165680068913,0.028689881579394352,0.00779772867605547,,-3.0,,142.3339,-0.8250000000000001,142.4184,-0.8250000000000001,model_synthetic,,,,,,142.4184,1.0,0.0,False,112.0,69.072924,73.34547599999999,-0.75,-0.75,34.161462,34.911462,Away,36.297737999999995,37.047737999999995,Away,-2.325,0.44663262720034713,,,Away,1.5,Under,1.0816000000000088,,0.0,-2.325,[],,,,,,,,,,,,,,,,,-0.5245759999999962,0.75,69.5975,0.75,73.9025,26.961706311939963,20.465228281772628,,,,,,,,cal_est,cal_est,naive_local,2025-12-06 15:00:00-06:00,9.0,-24.0,,,Home Cover,Away Cover,0.0,1.0,Away Cover,Away Win,Under,1.0,1.0,,1.0,1.0,derived2,derived,derived2,derived,,,,,-0.5570240000000126
401808918,2025-12-06,2025-12-06 15:00,Nicholls Colonels,Incarnate Word Cardinals,74.0,67.0,34.0,33.0,40.0,34.0,False,David R. Stopher Gymnasium,,0.0,0.0,,,,,146.91320000000002,-0.55,146.0,1.0,141.0,7.0,Home Cover,Under,,,,,,,34.0,33.0,40.0,34.0,67.0,74.0,,,[],2025-12-06 21:00:00+00:00,incarnateword::nichollscolonels,2025-12-06 21:00:00+00:00,2025-12-06 15:00,2025-12-06,incarnateword::nichollscolonels,incarnateword::nichollscolonels@2025-12-06,7.2,nichollscolonels,incarnateword,,,,,,,cal,73.1816,73.73160000000001,False,cal,,,2025-12-06 21:00:00+00:00,0.012723279970812585,0.00011542814377125763,0.14874286847886403,0.002886892767407362,0.14874286847886403,0.05,,12.0,7.0,light,2025-12-06T21:00:00Z,2025-12-06 15:00,,market,0.5286050830077271,,0.5286050830077271,138.55358700358076,171.1692485839844,-47.865805098364255,5.16140343601685,0.4614937380503151,0.5286050830077272,,0.5286050830077271,0.14874286847886403,0.002886892767407362,,-2.0,,146.89470000000003,-0.55,146.91320000000002,-0.55,model_synthetic,,,,,,146.91320000000002,1.0,0.0,False,112.0,71.252902,75.66029800000001,-0.5,-0.5,35.376451,35.876451,Away,37.580149000000006,38.080149000000006,Away,-1.55,0.46434632916602836,,,Away,1.0,Over,0.9132000000000176,,0.0,,[],,,,,,,,,,,,,,,,,0.4429020000000037,0.5,70.81,0.5,75.19,26.961706311939963,20.465228281772628,,,,,,,,cal_est,cal_est,naive_local,2025-12-06 15:00:00-06:00,1.0,6.0,,,Home Cover,Home Cover,0.0,0.0,Push,Home Win,,0.0,0.0,,,0.0,derived2,derived,derived2,derived,,,,,0.47029800000001387
401813279,2025-12-06,2025-12-06 15:00,Morgan State Bears,Longwood Lancers,80.0,84.0,38.0,42.0,42.0,42.0,False,Hill Field House,,0.0,0.0,,,,,154.9344,-2.75,154.0,5.0,164.0,-4.0,Home Cover,Over,,,,,,,38.0,42.0,42.0,42.0,80.0,84.0,,,[],2025-12-06 21:00:00+00:00,longwood::morganstate,2025-12-06 21:00:00+00:00,2025-12-06 15:00,2025-12-06,longwood::morganstate,longwood::morganstate@2025-12-06,7.2,morganstate,longwood,154.0,5.0,154.0,5.0,,,cal,76.0922,78.8422,False,cal,,,2025-12-06 21:00:00+00:00,0.1361493911776619,0.0001108929344911077,0.4640117798826929,0.0027734658124050435,0.4640117798826929,0.05,0.5,12.0,7.0,light,2025-12-06T21:00:00Z,2025-12-06 15:00,,market,0.5292679728034008,0.5,0.5292679728034008,146.57478700358075,179.1904485839844,-51.865805098364255,1.1614034360168501,0.31442141242197374,0.5292679728034008,0.4072107062109869,0.5292679728034008,0.4640117798826929,0.0027734658124050435,,-10.0,,155.00740000000002,-2.75,154.9344,-2.75,model_synthetic,,,,,,154.9344,1.0,0.0,False,112.0,75.143184,79.791216,-2.5,-2.5,36.321592,38.821592,Away,38.645608,41.145608,Away,-7.75,0.32865254651727005,,,Away,5.0,Over,0.9344000000000108,,0.0,-7.75,[],,,,,,,,,,,,,,,,,0.45318400000000736,2.5,74.69,2.5,79.31,26.961706311939963,20.465228281772628,,,,,,,,cal_est,cal_est,naive_local,2025-12-06 15:00:00-06:00,-4.0,0.0,,,Away Cover,Home Cover,1.0,,Home Cover,Away Win,Over,1.0,1.0,,0.0,1.0,derived2,derived,derived2,derived,,,,,0.4812160000000034
401817202,2025-12-06,2025-12-06 13:00,Buffalo Bulls,St. Bonaventure Bonnies,69.0,77.0,32.0,38.0,37.0,39.0,False,Alumni Arena,,0.0,0.0,,,,,141.06,-3.575,142.5,6.5,146.0,-8.0,Away Cover,Over,,,,,,,32.0,38.0,37.0,39.0,70.0,76.0,,,[],2025-12-06 19:00:00+00:00,buffalobulls::stbonaventurebonnies,2025-12-06 19:00:00+00:00,2025-12-06 13:00,2025-12-06,buffalobulls::stbonaventurebonnies,buffalobulls::stbonaventurebonnies@2025-12-06,7.2,buffalobulls,stbonaventurebonnies,142.5,6.5,142.5,6.5,,,cal,68.7425,72.3175,False,cal,,,2025-12-06 19:00:00+00:00,0.0011683763217086656,0.0008666360331923671,0.013659028642960204,0.021674829157398587,0.05,0.05,0.5,12.0,7.0,light,2025-12-06T19:00:00Z,2025-12-06 13:00,,market,0.4549508783917514,0.5,0.4549508783917514,132.70038700358074,165.31604858398438,-53.365805098364255,-0.33859656398314986,0.26488305473491724,0.45495087839175147,0.3824415273674586,0.4549508783917514,0.013659028642960204,0.021674829157398587,,-13.0,,140.9475,-3.575,141.06,-3.575,model_synthetic,,,,,,141.06,1.0,0.0,False,112.0,68.4141,72.6459,-3.25,-3.25,32.58205,35.83205,Away,34.69795,37.94795,Away,-10.075,0.2832146305349116,,,Away,6.5,Under,1.4399999999999977,,0.0,-10.075,[],,,,,,,,,,,,,,,,,-0.6983999999999924,3.25,69.1125,3.25,73.3875,26.961706311939963,20.465228281772628,,,,,,,,cal_est,cal_est,naive_local,2025-12-06 13:00:00-06:00,-6.0,-2.0,,,Away Cover,Home Cover,1.0,1.0,Away Cover,Away Win,Over,0.0,0.0,,1.0,1.0,derived2,derived,derived2,derived,,,,,-0.7416000000000054
401831238,2025-12-06,2025-12-06 13:00,La Salle Explorers,Drexel Dragons,69.0,64.0,41.0,22.0,28.0,42.0,False,John Glaser Arena,,0.0,0.0,,,,,131.5688,-0.275,132.5,0.5,133.0,5.0,Home Cover,Over,,,,,,,41.0,22.0,28.0,42.0,63.0,70.0,,,[],2025-12-06 19:00:00+00:00,drexel::lasalle,2025-12-06 19:00:00+00:00,2025-12-06 13:00,2025-12-06,drexel::lasalle,drexel::lasalle@2025-12-06,7.2,lasalle,drexel,132.5,0.5,132.5,0.5,,,cal,65.6469,65.92190000000001,False,cal,,,2025-12-06 19:00:00+00:00,2.864855546666495e-05,0.003927614631862963,0.00033491900890831656,0.0631264663173855,0.05,0.0631264663173855,0.5,12.0,7.0,light,2025-12-06T19:00:00Z,2025-12-06 13:00,,market,0.4708320808824922,0.5,0.4708320808824922,123.20918700358075,155.8248485839844,-47.365805098364255,5.66140343601685,0.48072438255706107,0.4708320808824922,0.49036219127853053,0.4708320808824922,0.00033491900890831656,0.0631264663173855,,-1.0,,131.49605,-0.275,131.5688,-0.275,model_synthetic,,,,,,131.5688,1.0,0.0,False,112.0,63.810868000000006,67.75793200000001,-0.25,-0.25,31.780434000000003,32.030434,Away,33.753966000000005,34.003966000000005,Away,-0.775,0.48215044559386533,,,Away,0.5,Under,0.9311999999999898,,0.0,-0.775,[],,,,,,,,,,,,,,,,,-0.4516319999999965,0.25,64.2625,0.25,68.2375,26.961706311939963,20.465228281772628,,,,,,,,cal_est,cal_est,naive_local,2025-12-06 13:00:00-06:00,19.0,-14.0,,,Home Cover,Away Cover,0.0,1.0,Home Cover,Home Win,Over,0.0,0.0,,0.0,0.0,derived2,derived,derived2,derived,,,,,-0.4795679999999862
401828722,2025-12-06,2025-12-06 13:00,James Madison Dukes,Norfolk State Spartans,68.0,67.0,35.0,32.0,33.0,35.0,False,Atlantic Union Bank Center,,0.0,0.0,,,,,139.5752,5.775,138.5,-10.5,135.0,1.0,Away Cover,Under,,,,,,,35.0,32.0,33.0,35.0,67.0,68.0,,,[],2025-12-06 19:00:00+00:00,jamesmadison::norfolkstate,2025-12-06 19:00:00+00:00,2025-12-06 13:00,2025-12-06,jamesmadison::norfolkstate,jamesmadison::norfolkstate@2025-12-06,7.2,jamesmadison,norfolkstate,138.5,-10.5,138.5,-10.5,,,cal,72.6751,66.9001,False,cal,,,2025-12-06 19:00:00+00:00,0.0020465518859766763,0.000696016063007931,0.02392543422052501,0.017407572127979394,0.05,0.05,0.5,12.0,7.0,light,2025-12-06T19:00:00Z,2025-12-06 13:00,,market,0.5336684166851995,0.5,0.5336684166851995,131.21558700358074,163.83124858398438,-36.365805098364255,16.66140343601685,0.8449585433669511,0.5336684166851995,0.6724792716834755,0.5336684166851995,0.02392543422052501,0.017407572127979394,,21.0,,139.6592,5.775,139.5752,5.775,model_synthetic,,,,,,139.5752,1.0,0.0,False,112.0,67.693972,71.881228,5.25,5.25,36.471986,31.221986,Home,38.565614,33.315614,Home,16.275,0.8175744761936437,,,Home,10.5,Over,1.0751999999999953,,0.0,16.275,[],,,,,,,,,,,,,,,,,0.5214720000000028,-5.25,67.1725,-5.25,71.3275,26.961706311939963,20.465228281772628,,,,,,,,cal_est,cal_est,naive_local,2025-12-06 13:00:00-06:00,3.0,-2.0,,,Away Cover,Away Cover,1.0,0.0,Away Cover,Home Win,Under,0.0,0.0,,0.0,1.0,derived2,derived,derived2,derived,,,,,0.5537279999999924
401817508,2025-12-06,2025-12-06 13:00,IU Indianapolis Jaguars,Youngstown State Penguins,55.0,78.0,30.0,42.0,25.0,36.0,False,The Jungle,,0.0,0.0,,,,,173.0012,-4.125,173.75,7.5,133.0,-23.0,Away Cover,Under,,,,,,,30.0,42.0,25.0,36.0,72.0,61.0,,,[],2025-12-06 19:00:00+00:00,iuindianapolis::youngstownstate,2025-12-06 19:00:00+00:00,2025-12-06 13:00,2025-12-06,iuindianapolis::youngstownstate,iuindianapolis::youngstownstate@2025-12-06,7.2,iuindianapolis,youngstownstate,,,,,,,cal,84.4381,88.5631,False,cal,,,2025-12-06 19:00:00+00:00,0.07398313898709716,0.0003042158068325632,0.3356948027526244,0.007608529287418109,0.3356948027526244,0.05,,12.0,7.0,light,2025-12-06T19:00:00Z,2025-12-06 13:00,,market,0.4765379902076138,,0.4765379902076138,164.64158700358075,197.2572485839844,-54.365805098364255,-1.3385965639831499,0.23421548286734994,0.4765379902076137,,0.4765379902076138,0.3356948027526244,0.007608529287418109,,-15.0,,172.9427,-4.125,173.0012,-4.125,model_synthetic,,,,,,173.0012,1.0,0.0,False,112.0,83.90558200000001,89.095618,-3.75,-3.75,40.077791000000005,43.827791000000005,Away,42.672809,46.422809,Away,-11.625,0.25513150433131665,,,Away,7.5,Under,0.7487999999999886,,0.0,,[],,,,,,,,,,,,,,,,,-0.3631679999999875,3.75,84.26875,3.75,89.48125,26.961706311939963,20.465228281772628,,,,,,,,cal_est,cal_est,naive_local,2025-12-06 13:00:00-06:00,-12.0,-11.0,,,Away Cover,Away Cover,1.0,1.0,Push,Away Win,,1.0,0.0,,,1.0,derived2,derived,derived2,derived,,,,,-0.3856320000000011
401826970,2025-12-06,2025-12-06 13:00,Gardner-Webb Runnin' Bulldogs,Georgia Southern Eagles,84.0,88.0,43.0,46.0,41.0,42.0,False,Paul Porter Arena,,0.0,0.0,,,,,163.48680000000002,-6.325,162.5,11.5,172.0,-4.0,Home Cover,Over,,,,,,,43.0,46.0,41.0,42.0,89.0,83.0,,,[],2025-12-06 19:00:00+00:00,gardnerwebbrunnin::georgiasouthern,2025-12-06 19:00:00+00:00,2025-12-06 13:00,2025-12-06,gardnerwebbrunnin::georgiasouthern,gardnerwebbrunnin::georgiasouthern@2025-12-06,7.2,gardnerwebbrunnin,georgiasouthern,,,,,,,cal,78.58090000000001,84.9059,False,cal,,,2025-12-06 19:00:00+00:00,0.31308806477389794,0.00015042860736796086,0.5,0.0037622649419219406,0.5,0.05,,12.0,7.0,light,2025-12-06T19:00:00Z,2025-12-06 13:00,,market,0.5309060844971873,,0.5309060844971873,155.12718700358076,187.7428485839844,-58.365805098364255,-5.33859656398315,0.1331294259613573,0.5309060844971873,,0.5309060844971873,0.5,0.0037622649419219406,,-23.0,,163.47405,-6.325,163.48680000000002,-6.325,model_synthetic,,,,,,163.48680000000002,1.0,0.0,False,112.0,79.291098,84.19570200000001,-5.75,-5.75,36.770549,42.520549,Away,39.222851000000006,44.972851000000006,Away,-17.825,0.16207666550651398,,,Away,11.5,Over,0.9868000000000166,,0.0,,[],,,,,,,,,,,,,,,,,0.4785980000000052,5.75,78.8125,5.75,83.6875,26.961706311939963,20.465228281772628,,,,,,,,cal_est,cal_est,naive_local,2025-12-06 13:00:00-06:00,-3.0,-1.0,,,Home Cover,Home Cover,1.0,1.0,Push,Away Win,,1.0,0.0,,,1.0,derived2,derived,derived2,derived,,,,,0.5082020000000114
401812609,2025-12-06,2025-12-06 13:00,Furman Paladins,Harvard Crimson,79.0,69.0,37.0,30.0,42.0,39.0,False,Timmons Arena,,0.0,0.0,,,,,141.4812,3.575,142.5,-6.5,148.0,10.0,Home Cover,Over,,,,,,,37.0,30.0,42.0,39.0,67.0,81.0,,,[],2025-12-06 19:00:00+00:00,furmanpaladins::harvardcrimson,2025-12-06 19:00:00+00:00,2025-12-06 13:00,2025-12-06,furmanpaladins::harvardcrimson,furmanpaladins::harvardcrimson@2025-12-06,7.2,furmanpaladins,harvardcrimson,142.5,-6.5,142.5,-6.5,,,cal,72.5281,68.9531,False,cal,,,2025-12-06 19:00:00+00:00,0.002246413186266981,0.00027748962163434574,0.026261934177398704,0.006940099316803472,0.05,0.05,0.5,12.0,7.0,light,2025-12-06T19:00:00Z,2025-12-06 13:00,,market,0.4680937974130053,0.5,0.4680937974130053,133.12158700358074,165.73724858398438,-40.365805098364255,12.661403436016851,0.7351169452650828,0.46809379741300533,0.6175584726325414,0.4680937974130053,0.026261934177398704,0.006940099316803472,,13.0,,141.49145000000001,3.575,141.4812,3.575,model_synthetic,,,,,,141.4812,1.0,0.0,False,112.0,68.618382,72.862818,3.25,3.25,35.934191,32.684191,Home,38.056409,34.806409,Home,10.075,0.7167853694650885,,,Home,6.5,Under,1.0187999999999988,,0.0,10.075,[],,,,,,,,,,,,,,,,,-0.4941180000000003,-3.25,69.1125,-3.25,73.3875,26.961706311939963,20.465228281772628,,,,,,,,cal_est,cal_est,naive_local,2025-12-06 13:00:00-06:00,7.0,3.0,,,Home Cover,Away Cover,1.0,1.0,Home Cover,Home Win,Over,0.0,0.0,,1.0,1.0,derived2,derived,derived2,derived,,,,,-0.5246819999999985
401812668,2025-12-06,2025-12-06 13:00,Fordham Rams,Holy Cross Crusaders,69.0,70.0,37.0,28.0,32.0,42.0,False,Rose Hill Gym,,0.0,0.0,,,,,137.6264,5.775,138.5,-10.5,139.0,-1.0,Away Cover,Over,,,,,,,37.0,28.0,32.0,42.0,65.0,74.0,,,[],2025-12-06 19:00:00+00:00,fordham::holycrosscrusaders,2025-12-06 19:00:00+00:00,2025-12-06 13:00,2025-12-06,fordham::holycrosscrusaders,fordham::holycrosscrusaders@2025-12-06,7.2,fordham,holycrosscrusaders,138.5,-10.5,138.5,-10.5,,,cal,71.7007,65.92569999999999,False,cal,,,2025-12-06 19:00:00+00:00,0.00023117414400142326,0.004801443737869728,0.002702566113124807,0.06551281415592909,0.05,0.06551281415592909,0.5,12.0,7.0,light,2025-12-06T19:00:00Z,2025-12-06 13:00,,market,0.47263335598036327,0.5,0.47263335598036327,129.26678700358073,161.88244858398437,-36.365805098364255,16.66140343601685,0.8449585433669511,0.47263335598036327,0.6724792716834755,0.47263335598036327,0.002702566113124807,0.06551281415592909,,21.0,,137.55814999999998,5.775,137.6264,5.775,model_synthetic,,,,,,137.6264,1.0,0.0,False,112.0,66.74880399999999,70.877596,5.25,5.25,35.999401999999996,30.749401999999996,Home,38.063798,32.813798,Home,16.275,0.8175744761936437,,,Home,10.5,Under,0.8736000000000104,,0.0,16.275,[],,,,,,,,,,,,,,,,,-0.42369600000000673,-5.25,67.1725,-5.25,71.3275,26.961706311939963,20.465228281772628,,,,,,,,cal_est,cal_est,naive_local,2025-12-06 13:00:00-06:00,9.0,-10.0,,,Home Cover,Away Cover,1.0,0.0,Away Cover,Away Win,Over,0.0,0.0,,0.0,0.0,derived2,derived,derived2,derived,,,,,-0.44990400000000363
401823346,2025-12-06,2025-12-06 13:00,Florida International Panthers,Jacksonville Dolphins,88.0,65.0,41.0,23.0,47.0,42.0,False,Ocean Bank Convocation Center,,0.0,0.0,,,,,143.64759999999998,4.4,144.5,-8.0,153.0,23.0,Home Cover,Over,,,,,,,41.0,23.0,47.0,42.0,64.0,89.0,,,[],2025-12-06 19:00:00+00:00,floridainternational::jacksonville,2025-12-06 19:00:00+00:00,2025-12-06 13:00,2025-12-06,floridainternational::jacksonville,floridainternational::jacksonville@2025-12-06,7.2,floridainternational,jacksonville,,,,,,,cal,74.0238,69.62379999999999,False,cal,,,2025-12-06 19:00:00+00:00,0.1097716993414073,0.0005035242241419358,0.40956574910507454,0.012593293051392887,0.40956574910507454,0.05,,12.0,7.0,light,2025-12-06T19:00:00Z,2025-12-06 13:00,,market,0.4732964681804409,,0.4732964681804409,135.28798700358072,167.90364858398436,-38.865805098364255,14.161403436016851,0.7803482682935696,0.47329646818044085,,0.4732964681804409,0.40956574910507454,0.012593293051392887,,16.0,,143.67084999999997,4.4,143.64759999999998,4.4,model_synthetic,,,,,,143.64759999999998,1.0,0.0,False,112.0,69.669086,73.97851399999999,4.0,4.0,36.834543,32.834543,Home,38.989256999999995,34.989256999999995,Home,12.4,0.75820382759259,,,Home,8.0,Under,0.8524000000000171,,0.0,,[],,,,,,,,,,,,,,,,,-0.41341400000000306,-4.0,70.0825,-4.0,74.4175,26.961706311939963,20.465228281772628,,,,,,,,cal_est,cal_est,naive_local,2025-12-06 13:00:00-06:00,18.0,5.0,,,Home Cover,Home Cover,1.0,1.0,Push,Home Win,,0.0,0.0,,,1.0,derived2,derived,derived2,derived,,,,,-0.4389860000000141
401813452,2025-12-06,2025-12-06 13:00,Duquesne Dukes,Stony Brook Seawolves,84.0,75.0,40.0,28.0,44.0,47.0,False,UPMC Cooper Fieldhouse,,0.0,0.0,,,,,153.5028,5.2250000000000005,152.5,-9.5,159.0,9.0,Away Cover,Over,,,,,,,40.0,28.0,44.0,47.0,68.0,91.0,,,[],2025-12-06 19:00:00+00:00,duquesne::stonybrook,2025-12-06 19:00:00+00:00,2025-12-06 13:00,2025-12-06,duquesne::stonybrook,duquesne::stonybrook@2025-12-06,7.2,duquesne,stonybrook,152.5,-9.5,152.5,-9.5,,,cal,79.3639,74.1389,False,cal,,,2025-12-06 19:00:00+00:00,0.20828114506851922,4.123080303352762e-05,0.5,0.001031194847140281,0.5,0.05,0.5,12.0,7.0,light,2025-12-06T19:00:00Z,2025-12-06 13:00,,market,0.5314061683166151,0.5,0.5314061683166151,145.14318700358075,177.7588485839844,-37.365805098364255,15.661403436016851,0.8207891907399136,0.531406168316615,0.6603945953699568,0.5314061683166151,0.5,0.001031194847140281,,19.0,,153.4913,5.2250000000000005,153.5028,5.2250000000000005,model_synthetic,,,,,,153.5028,1.0,0.0,False,112.0,74.448858,79.053942,4.75,4.75,39.599429,34.849429,Home,41.901971,37.151971,Home,14.725000000000001,0.7952949447280375,,,Home,9.5,Over,1.0028000000000077,,0.0,14.725000000000001,[],,,,,,,,,,,,,,,,,0.48635800000000984,-4.75,73.96249999999999,-4.75,78.53750000000001,26.961706311939963,20.465228281772628,,,,,,,,cal_est,cal_est,naive_local,2025-12-06 13:00:00-06:00,12.0,-3.0,,,Home Cover,Away Cover,1.0,0.0,Away Cover,Home Win,Over,1.0,1.0,,0.0,1.0,derived2,derived,derived2,derived,,,,,0.5164419999999978
401828305,2025-12-06,2025-12-06 13:00,Delaware State Hornets,Delaware Blue Hens,75.0,72.0,28.0,28.0,37.0,37.0,False,Memorial Hall (DE),,0.0,0.0,,,,,128.748,-4.4,129.5,8.0,147.0,3.0,Home Cover,Over,,,,,,,28.0,28.0,47.0,44.0,56.0,91.0,,,[],2025-12-06 19:00:00+00:00,delawarebluehens::delawarestate,2025-12-06 19:00:00+00:00,2025-12-06 13:00,2025-12-06,delawarebluehens::delawarestate,delawarebluehens::delawarestate@2025-12-06,7.2,delawarestate,delawarebluehens,129.5,8.0,129.5,8.0,,,cal,62.17399999999999,66.574,False,cal,,,2025-12-06 19:00:00+00:00,2.8434402404639998e-05,0.002895984538851079,0.00033241542957875714,0.06030917833085283,0.05,0.06030917833085283,0.5,12.0,7.0,light,2025-12-06T19:00:00Z,2025-12-06 13:00,,market,0.476437841625416,0.5,0.476437841625416,120.38838700358073,153.00404858398437,-54.865805098364255,-1.8385965639831499,0.21965173170643043,0.476437841625416,0.3598258658532152,0.476437841625416,0.00033241542957875714,0.06030917833085283,,-16.0,,128.68925,-4.4,128.748,-4.4,model_synthetic,,,,,,128.748,1.0,0.0,False,112.0,62.44277999999999,66.30521999999999,-4.0,-4.0,29.221389999999996,33.22139,Away,31.152609999999996,35.152609999999996,Away,-12.4,0.24179617240741008,,,Away,8.0,Under,0.7520000000000095,,0.0,-12.4,[],,,,,,,,,,,,,,,,,-0.3647200000000055,4.0,62.8075,4.0,66.6925,26.961706311939963,20.465228281772628,,,,,,,,cal_est,cal_est,naive_local,2025-12-06 13:00:00-06:00,0.0,3.0,,,Home Cover,Home Cover,,0.0,Home Cover,Home Win,Over,0.0,0.0,,0.0,0.0,derived2,derived,derived2,derived,,,,,-0.38728000000000407
401829405,2025-12-06,2025-12-06 13:00,Colgate Raiders,St. John Fisher Cardinals,94.0,50.0,46.0,28.0,48.0,22.0,False,Cotterell Court,,0.0,0.0,,,,,140.98,0.0,140.98,-0.0,144.0,44.0,Home Cover,Over,,,,,,,46.0,28.0,48.0,22.0,74.0,70.0,,,[],2025-12-06 19:00:00+00:00,colgateraiders::stjohnfisher,2025-12-06 19:00:00+00:00,2025-12-06 13:00,2025-12-06,colgateraiders::stjohnfisher,colgateraiders::stjohnfisher@2025-12-06,6.2,colgateraiders,stjohnfisher,,,,,,,cal,70.49,70.49,False,cal,synthetic_pred,synthetic_pred_margin,2025-12-06 19:00:00+00:00,0.0010094657615766672,0.0003417297026710725,0.011801267703969652,0.008546763162062055,0.05,0.05,,12.0,7.0,light,2025-12-06T19:00:00Z,2025-12-06 13:00,,market,0.5,,0.5,132.62038700358073,165.23604858398437,-46.865805098364255,6.16140343601685,0.5,0.5,,0.5,0.011801267703969652,0.008546763162062055,,0.0,,140.95399999999998,0.0,140.98,0.0,model_synthetic,,,,,,140.98,1.0,0.0,False,112.0,68.3753,72.6047,0.0,0.0,34.18765,34.18765,Even,36.30235,36.30235,Even,0.0,0.5,,,Even,0.0,,0.0,,0.0,,[],,,,,,,,,,,,,,,,,0.0,-0.0,68.3753,0.0,72.6047,26.961706311939963,20.465228281772628,,,,,,,,cal_est,cal_est,naive_local,2025-12-06 13:00:00-06:00,18.0,26.0,,,Home Cover,Home Cover,,,Push,Home Win,,,,,,,derived2,derived,derived2,derived,,,,,0.0
401817507,2025-12-06,2025-12-06 13:00,Cleveland State Vikings,Detroit Mercy Titans,59.0,71.0,31.0,36.0,28.0,35.0,False,Wolstein Center,,0.0,0.0,,,,,161.092,1.375,160.5,-2.5,130.0,-12.0,Away Cover,Under,,,,,,,31.0,36.0,28.0,35.0,67.0,63.0,,,[],2025-12-06 19:00:00+00:00,clevelandstate::detroitmercy,2025-12-06 19:00:00+00:00,2025-12-06 13:00,2025-12-06,clevelandstate::detroitmercy,clevelandstate::detroitmercy@2025-12-06,7.2,clevelandstate,detroitmercy,160.5,-2.5,160.5,-2.5,,,cal,81.2335,79.8585,False,cal,,,2025-12-06 19:00:00+00:00,0.5410876081670071,0.0011136193050541546,0.5,0.027851955444912757,0.5,0.05,0.5,12.0,7.0,light,2025-12-06T19:00:00Z,2025-12-06 13:00,,market,0.5185530376007519,0.5,0.5185530376007519,152.73238700358075,185.3480485839844,-44.365805098364255,8.661403436016851,0.5954852046065655,0.5185530376007519,0.5477426023032828,0.5185530376007519,0.5,0.027851955444912757,,5.0,,161.13825,1.375,161.092,1.375,model_synthetic,,,,,,161.092,1.0,0.0,False,112.0,78.12962,82.96238000000001,1.25,1.25,39.68981,38.43981,Home,42.106190000000005,40.856190000000005,Home,3.875,0.5883486248147178,,,Home,2.5,Over,0.592000000000013,,0.0,3.875,[],,,,,,,,,,,,,,,,,0.2871200000000016,-1.25,77.8425,-1.25,82.6575,26.961706311939963,20.465228281772628,,,,,,,,cal_est,cal_est,naive_local,2025-12-06 13:00:00-06:00,-5.0,-7.0,,,Away Cover,Away Cover,0.0,0.0,Away Cover,Away Win,Under,0.0,0.0,,0.0,0.0,derived2,derived,derived2,derived,,,,,0.30488000000001136
401820828,2025-12-06,2025-12-06 13:00,Butler Bulldogs,Boise State Broncos,68.0,77.0,31.0,33.0,37.0,44.0,False,Hinkle Fieldhouse,,0.0,0.0,,,,,146.1048,3.0250000000000004,147.5,-5.5,145.0,-9.0,Away Cover,Under,,,,,,,31.0,33.0,37.0,44.0,64.0,81.0,,,[],2025-12-06 19:00:00+00:00,boisestate::butler,2025-12-06 19:00:00+00:00,2025-12-06 13:00,2025-12-06,boisestate::butler,boisestate::butler@2025-12-06,7.2,butler,boisestate,147.5,-5.5,147.5,-5.5,,,cal,74.56490000000001,71.5399,False,cal,,,2025-12-06 19:00:00+00:00,0.005750408220653848,4.71932487040278e-05,0.06722576376741218,0.0011803174156911273,0.06722576376741218,0.05,0.5,12.0,7.0,light,2025-12-06T19:00:00Z,2025-12-06 13:00,,market,0.4563467094401087,0.5,0.4563467094401087,137.74518700358075,170.3608485839844,-41.365805098364255,11.661403436016851,0.7025302801612959,0.4563467094401087,0.6012651400806479,0.4563467094401087,0.06722576376741218,0.0011803174156911273,,11.0,,145.9958,3.0250000000000004,146.1048,3.0250000000000004,model_synthetic,,,,,,146.1048,1.0,0.0,False,112.0,70.860828,75.24397200000001,2.75,2.75,36.805414,34.055414,Home,38.99698600000001,36.24698600000001,Home,8.525,0.6869103646603125,,,Home,5.5,Under,1.3951999999999884,,0.0,8.525,[],,,,,,,,,,,,,,,,,-0.6766719999999964,-2.75,71.5375,-2.75,75.9625,26.961706311939963,20.465228281772628,,,,,,,,cal_est,cal_est,naive_local,2025-12-06 13:00:00-06:00,-2.0,-7.0,,,Away Cover,Away Cover,0.0,0.0,Away Cover,Away Win,Under,1.0,1.0,,0.0,0.0,derived2,derived,derived2,derived,,,,,-0.7185279999999921
401823041,2025-12-06,2025-12-06 13:00,American University Eagles,Maryland Eastern Shore Hawks,78.0,60.0,32.0,20.0,46.0,40.0,False,Bender Arena,,0.0,0.0,,,,,130.8588,5.775,130.0,-10.5,138.0,18.0,Home Cover,Over,,,,,,,32.0,20.0,46.0,40.0,52.0,86.0,,,[],2025-12-06 19:00:00+00:00,american::marylandeasternshore,2025-12-06 19:00:00+00:00,2025-12-06 13:00,2025-12-06,american::marylandeasternshore,american::marylandeasternshore@2025-12-06,7.2,american,marylandeasternshore,130.0,-10.5,130.0,-10.5,,,cal,68.3169,62.5419,False,cal,,,2025-12-06 19:00:00+00:00,2.929088148858376e-05,0.009539720429006228,0.0003424281901271528,0.07845261698761405,0.05,0.07845261698761405,0.5,12.0,7.0,light,2025-12-06T19:00:00Z,2025-12-06 13:00,,market,0.5269037245169506,0.5,0.5269037245169506,122.49918700358074,155.11484858398438,-36.365805098364255,16.66140343601685,0.8449585433669511,0.5269037245169506,0.6724792716834755,0.5269037245169506,0.0003424281901271528,0.07845261698761405,,21.0,,130.83605,5.775,130.8588,5.775,model_synthetic,,,,,,130.8588,1.0,0.0,False,112.0,63.466518,67.39228200000001,5.25,5.25,34.358259000000004,29.108258999999997,Home,36.321141000000004,31.071141000000004,Home,16.275,0.8175744761936437,,,Home,10.5,Over,0.8588000000000022,,0.0,16.275,[],,,,,,,,,,,,,,,,,0.4165180000000035,-5.25,63.05,-5.25,66.95,26.961706311939963,20.465228281772628,,,,,,,,cal_est,cal_est,naive_local,2025-12-06 13:00:00-06:00,12.0,6.0,,,Home Cover,Home Cover,1.0,1.0,Home Cover,Home Win,Over,1.0,1.0,,1.0,1.0,derived2,derived,derived2,derived,,,,,0.44228200000000584
401825399,2025-12-06,2025-12-06 13:00,Northwestern Wildcats,Ohio State Buckeyes,82.0,86.0,44.0,40.0,38.0,46.0,False,Welsh-Ryan Arena,,0.0,0.0,,,,,154.9912,1.375,153.5,-2.5,168.0,-4.0,Away Cover,Over,,,,,,,44.0,40.0,38.0,46.0,84.0,84.0,,,[],2025-12-06 19:00:00+00:00,northwestern::ohiostatebuckeyes,2025-12-06 19:00:00+00:00,2025-12-06 13:00,2025-12-06,northwestern::ohiostatebuckeyes,northwestern::ohiostatebuckeyes@2025-12-06,7.2,northwestern,ohiostatebuckeyes,153.5,-2.5,153.5,-2.5,,,cal,78.1831,76.8081,False,cal,,,2025-12-06 19:00:00+00:00,0.1344569127931833,0.00024201824973673234,0.46051834570415257,0.006052949583336688,0.46051834570415257,0.05,0.5,12.0,7.0,light,2025-12-06T19:00:00Z,2025-12-06 13:00,,market,0.5466436752939196,0.5,0.5466436752939196,146.63158700358073,179.24724858398437,-44.365805098364255,8.661403436016851,0.5954852046065655,0.5466436752939196,0.5477426023032828,0.5466436752939196,0.46051834570415257,0.006052949583336688,,5.0,,155.1077,1.375,154.9912,1.375,model_synthetic,,,,,,154.9912,1.0,0.0,False,112.0,75.170732,79.82046799999999,1.25,1.25,38.210366,36.960366,Home,40.535233999999996,39.285233999999996,Home,3.875,0.5883486248147178,,,Home,2.5,Over,1.491199999999992,,0.0,3.875,[],,,,,,,,,,,,,,,,,0.7232320000000101,-1.25,74.44749999999999,-1.25,79.05250000000001,26.961706311939963,20.465228281772628,,,,,,,,cal_est,cal_est,naive_local,2025-12-06 13:00:00-06:00,4.0,-8.0,,,Home Cover,Away Cover,1.0,0.0,Away Cover,Away Win,Over,1.0,1.0,,0.0,0.0,derived2,derived,derived2,derived,,,,,0.767967999999982
401831529,2025-12-06,2025-12-06 12:00,Wagner Seahawks,Bryant Str-Alb Bobcats,92.0,36.0,43.0,13.0,49.0,23.0,False,Spiro Sports Center,,0.0,0.0,,,,,143.135,0.0,143.135,-0.0,128.0,56.0,Home Cover,Under,,,,,,,43.0,13.0,49.0,23.0,56.0,72.0,,,[],2025-12-06 18:00:00+00:00,bryantstralb::wagnerseahawks,2025-12-06 18:00:00+00:00,2025-12-06 12:00,2025-12-06,bryantstralb::wagnerseahawks,bryantstralb::wagnerseahawks@2025-12-06,6.2,wagnerseahawks,bryantstralb,,,,,,,cal,71.5675,71.5675,False,cal,synthetic_pred,synthetic_pred_margin,2025-12-06 18:00:00+00:00,0.016743112693348057,0.0005123684903281904,0.19573715386178173,0.012814490822161177,0.19573715386178173,0.05,,12.0,7.0,light,2025-12-06T18:00:00Z,2025-12-06 12:00,,market,0.5,,0.5,134.77538700358073,167.39104858398437,-46.865805098364255,6.16140343601685,0.5,0.5,,0.5,0.19573715386178173,0.012814490822161177,,0.0,,143.21675,0.0,143.135,0.0,model_synthetic,,,,,,143.135,1.0,0.0,False,112.0,69.420475,73.714525,0.0,0.0,34.7102375,34.7102375,Even,36.8572625,36.8572625,Even,0.0,0.5,,,Even,0.0,,0.0,,0.0,,[],,,,,,,,,,,,,,,,,0.0,-0.0,69.420475,0.0,73.714525,26.961706311939963,20.465228281772628,,,,,,,,cal_est,cal_est,naive_local,2025-12-06 12:00:00-06:00,30.0,26.0,,,Home Cover,Home Cover,,,Push,Home Win,,,,,,,derived2,derived,derived2,derived,,,,,0.0
401826956,2025-12-06,2025-12-06 18:00:00+00:00,St. Thomas-Minnesota Tommies,Weber State Wildcats,0.0,0.0,,,,,False,Lee & Penny Anderson Arena,,,,,,,,141.296,0.0,,,,,,,,,,,,,,,,,,,,,,,,2025-12-06 18:00:00+00:00,,,,,,,,,,,,,,cal,70.648,70.648,,cal,,,,,,,,,,,,,,2025-12-06T18:00:00Z,2025-12-06 12:00,,,,,,,,,,,,,,,,,,,141.281,0.0,141.296,0.0,model_synthetic,,,,,,,,,,,68.52856,72.76744,0.0,0.0,34.26428,34.26428,,36.38372,36.38372,,,,,,,,,,,,,,2025.0,,espn,2025-12-06,stthomasminnesotatommies,weberstatewildcats,2025-12-06|stthomasminnesotatommies|weberstatewildcats,2.0,True,12.0,,,,,,even,,,,,,26.961706311939963,20.465228281772628,,,,,,,even,cal_est,cal_est,offset,2025-12-06 12:00:00-06:00,,,,,,,,,,,,,,,,,,,,,,,,,
401817257,2025-12-06,2025-12-06 12:00,NC State Wolfpack,UNC Asheville Bulldogs,75.0,63.0,35.0,33.0,40.0,30.0,False,Lenovo Center,,0.0,0.0,,,,,157.6808,15.950000000000001,156.5,-29.0,138.0,12.0,Away Cover,Under,,,,,,,35.0,33.0,40.0,30.0,68.0,70.0,,,[],2025-12-06 18:00:00+00:00,ncstate::uncasheville,2025-12-06 18:00:00+00:00,2025-12-06 12:00,2025-12-06,ncstate::uncasheville,ncstate::uncasheville@2025-12-06,7.2,ncstate,uncasheville,156.5,-29.0,156.5,-29.0,,,cal,86.8154,70.86540000000001,False,cal,,,2025-12-06 18:00:00+00:00,0.06224925382667593,3.6096694322431514e-05,0.3114749628761401,0.0009027892363343212,0.3114749628761401,0.05,0.5,12.0,7.0,light,2025-12-06T18:00:00Z,2025-12-06 12:00,,market,0.5369660802718659,0.5,0.5369660802718659,149.32118700358075,181.93684858398439,-17.865805098364255,35.16140343601685,0.99747217267305,0.5369660802718659,0.748736086336525,0.5369660802718659,0.3114749628761401,0.0009027892363343212,,58.0,,157.77305,15.950000000000001,157.6808,15.950000000000001,model_synthetic,,,,,,157.6808,1.0,0.0,False,112.0,76.475188,81.205612,14.5,14.5,45.487594,30.987594,Home,47.852806,33.352806,Home,44.95,0.9843707299525929,,,Home,29.0,Over,1.180800000000005,,0.0,44.95,[],,,,,,,,,,,,,,,,,0.5726879999999994,-14.5,75.9025,-14.5,80.5975,26.961706311939963,20.465228281772628,,,,,,,,cal_est,cal_est,naive_local,2025-12-06 12:00:00-06:00,2.0,10.0,,,Away Cover,Away Cover,1.0,1.0,Away Cover,Home Win,Under,0.0,0.0,,0.0,1.0,derived2,derived,derived2,derived,,,,,0.6081120000000055
401820629,2025-12-06,2025-12-06 12:00,Miami (OH) RedHawks,Maine Black Bears,93.0,61.0,48.0,30.0,45.0,31.0,False,Millett Hall,,0.0,0.0,,,,,137.5624,9.625,138.5,-17.5,154.0,32.0,Home Cover,Over,,,,,,,48.0,30.0,45.0,31.0,78.0,76.0,,,[],2025-12-06 18:00:00+00:00,maine::miamioh,2025-12-06 18:00:00+00:00,2025-12-06 12:00,2025-12-06,maine::miamioh,maine::miamioh@2025-12-06,7.2,miamioh,maine,138.5,-17.5,138.5,-17.5,,,cal,73.5937,63.9687,False,cal,,,2025-12-06 18:00:00+00:00,0.0011335369760924862,0.020546125700324852,0.013251735538134649,0.10851010906335028,0.05,0.10851010906335028,0.5,12.0,7.0,light,2025-12-06T18:00:00Z,2025-12-06 12:00,,market,0.47063197535823786,0.5,0.47063197535823786,129.20278700358074,161.81844858398438,-29.365805098364255,23.66140343601685,0.9546528681182751,0.4706319753582379,0.7273264340591375,0.47063197535823786,0.013251735538134649,0.10851010906335028,,35.0,,137.48915,9.625,137.5624,9.625,model_synthetic,,,,,,137.5624,1.0,0.0,False,112.0,66.717764,70.844636,8.75,8.75,37.733882,28.983882,Home,39.797318,31.047317999999997,Home,27.125,0.9241418199787566,,,Home,17.5,Under,0.9376000000000033,,0.0,27.125,[],,,,,,,,,,,,,,,,,-0.4547359999999969,-8.75,67.1725,-8.75,71.3275,26.961706311939963,20.465228281772628,,,,,,,,cal_est,cal_est,naive_local,2025-12-06 12:00:00-06:00,18.0,14.0,,,Home Cover,Home Cover,1.0,1.0,Home Cover,Home Win,Over,0.0,0.0,,1.0,1.0,derived2,derived,derived2,derived,,,,,-0.4828640000000064
401823422,2025-12-06,2025-12-06 12:00,Bowling Green Falcons,Utah Valley Wolverines,71.0,82.0,31.0,38.0,40.0,44.0,False,Stroh Center,,0.0,0.0,,,,,146.7,0.55,145.5,-1.0,153.0,-11.0,Away Cover,Over,,,,,,,31.0,38.0,40.0,44.0,69.0,84.0,,,[],2025-12-06 18:00:00+00:00,bowlinggreen::utahvalleywolverines,2025-12-06 18:00:00+00:00,2025-12-06 12:00,2025-12-06,bowlinggreen::utahvalleywolverines,bowlinggreen::utahvalleywolverines@2025-12-06,7.2,bowlinggreen,utahvalleywolverines,145.5,-1.0,145.5,-1.0,,,cal,73.625,73.07499999999999,False,cal,,,2025-12-06 18:00:00+00:00,0.004751807876746553,0.00021606286829125876,0.055551519393517074,0.005403797647577196,0.055551519393517074,0.05,0.5,12.0,7.0,light,2025-12-06T18:00:00Z,2025-12-06 12:00,,market,0.5375653893446372,0.5,0.5375653893446372,138.34038700358073,170.95604858398437,-45.865805098364255,7.16140343601685,0.5385062619496849,0.5375653893446372,0.5192531309748425,0.5375653893446372,0.055551519393517074,0.005403797647577196,,2.0,,146.79375,0.55,146.7,0.55,model_synthetic,,,,,,146.7,1.0,0.0,False,112.0,71.14949999999999,75.5505,0.5,0.5,35.824749999999995,35.324749999999995,Home,38.02525,37.52525,Home,1.55,0.5356536708339716,,,Home,1.0,Over,1.1999999999999886,,0.0,1.55,[],,,,,,,,,,,,,,,,,0.5819999999999936,-0.5,70.5675,-0.5,74.9325,26.961706311939963,20.465228281772628,,,,,,,,cal_est,cal_est,naive_local,2025-12-06 12:00:00-06:00,-7.0,-4.0,,,Away Cover,Away Cover,0.0,0.0,Away Cover,Away Win,Over,1.0,1.0,,0.0,0.0,derived2,derived,derived2,derived,,,,,0.617999999999995
401817177,2025-12-06,2025-12-06 11:30,Richmond Spiders,Old Dominion Monarchs,86.0,77.0,35.0,36.0,51.0,41.0,False,Robins Center,,0.0,0.0,,,,,154.9528,7.15,153.5,-13.0,163.0,9.0,Away Cover,Over,,,,,,,35.0,36.0,51.0,41.0,71.0,92.0,,,[],2025-12-06 17:30:00+00:00,olddominion::richmond,2025-12-06 17:30:00+00:00,2025-12-06 11:30,2025-12-06,olddominion::richmond,olddominion::richmond@2025-12-06,7.2,richmond,olddominion,153.5,-13.0,153.5,-13.0,,,cal,81.0514,73.9014,False,cal,,,2025-12-06 17:30:00+00:00,0.03669365358557063,0.00013856822540950822,0.25872580628180414,0.003465633203977701,0.25872580628180414,0.05,0.5,12.0,7.0,light,2025-12-06T17:30:00Z,2025-12-06 11:30,,market,0.5454478291054806,0.5,0.5454478291054806,146.59318700358074,179.20884858398438,-33.865805098364255,19.16140343601685,0.8955735982748958,0.5454478291054806,0.6977867991374479,0.5454478291054806,0.25872580628180414,0.003465633203977701,,26.0,,155.06629999999998,7.15,154.9528,7.15,model_synthetic,,,,,,154.9528,1.0,0.0,False,112.0,75.152108,79.800692,6.5,6.5,40.826054,34.326054,Home,43.150346,36.650346,Home,20.15,0.8649635770771975,,,Home,13.0,Over,1.4527999999999963,,0.0,20.15,[],,,,,,,,,,,,,,,,,0.7046080000000075,-6.5,74.44749999999999,-6.5,79.05250000000001,26.961706311939963,20.465228281772628,,,,,,,,cal_est,cal_est,naive_local,2025-12-06 11:30:00-06:00,-1.0,10.0,,,Away Cover,Home Cover,0.0,1.0,Away Cover,Home Win,Over,1.0,1.0,,0.0,1.0,derived2,derived,derived2,derived,,,,,0.7481919999999889
401813441,2025-12-06,2025-12-06 11:00,Virginia Cavaliers,Dayton Flyers,86.0,73.0,37.0,33.0,49.0,40.0,True,Spectrum Center,,0.0,0.0,,,,,143.7908,3.0250000000000004,145.25,-5.5,159.0,13.0,Home Cover,Over,,,,,,,37.0,33.0,49.0,40.0,70.0,89.0,,,[],2025-12-06 17:00:00+00:00,dayton::virginiacavaliers,2025-12-06 17:00:00+00:00,2025-12-06 11:00,2025-12-06,dayton::virginiacavaliers,dayton::virginiacavaliers@2025-12-06,7.2,virginiacavaliers,dayton,145.25,-5.5,145.25,-5.5,,,cal,73.4079,70.38289999999999,False,cal,,,2025-12-06 17:00:00+00:00,0.10518965966773271,0.0003180401806032471,0.400107989319047,0.007954281054262869,0.400107989319047,0.05,0.5,12.0,7.0,light,2025-12-06T17:00:00Z,2025-12-06 11:00,,market,0.45435283429046625,0.5,0.45435283429046625,135.43118700358073,168.04684858398437,-41.365805098364255,11.661403436016851,0.7025302801612959,0.45435283429046625,0.6012651400806479,0.45435283429046625,0.400107989319047,0.007954281054262869,,11.0,,143.6768,3.0250000000000004,143.7908,3.0250000000000004,model_synthetic,,,,,,143.7908,1.0,0.0,False,112.0,69.73853799999999,74.052262,2.75,2.75,36.244268999999996,33.494268999999996,Home,38.401131,35.651131,Home,8.525,0.6869103646603125,,,Home,5.5,Under,1.4592000000000098,,0.0,8.525,[],,,,,,,,,,,,,,,,,-0.7077120000000008,-2.75,70.44624999999999,-2.75,74.80375000000001,26.961706311939963,20.465228281772628,,,,,,,,cal_est,cal_est,naive_local,2025-12-06 11:00:00-06:00,4.0,9.0,,,Home Cover,Home Cover,1.0,1.0,Home Cover,Home Win,Over,0.0,0.0,,1.0,1.0,derived2,derived,derived2,derived,,,,,-0.751488000000009
401819877,2025-12-06,2025-12-06 11:00,Purdue Boilermakers,Iowa State Cyclones,58.0,81.0,31.0,35.0,27.0,46.0,False,Mackey Arena,,0.0,0.0,,,,,155.956,2.475,154.5,-4.5,139.0,-23.0,Away Cover,Under,,,,,,,31.0,35.0,27.0,46.0,66.0,73.0,,,[],2025-12-06 17:00:00+00:00,iowastate::purdueboilermakers,2025-12-06 17:00:00+00:00,2025-12-06 11:00,2025-12-06,iowastate::purdueboilermakers,iowastate::purdueboilermakers@2025-12-06,7.2,purdueboilermakers,iowastate,154.5,-4.5,154.5,-4.5,,,cal,79.21549999999999,76.7405,False,cal,,,2025-12-06 17:00:00+00:00,0.14715771320194196,0.00011373764026681149,0.486733989371853,0.0028446127637547555,0.486733989371853,0.05,0.5,12.0,7.0,light,2025-12-06T17:00:00Z,2025-12-06 11:00,,market,0.5455474988414045,0.5,0.5455474988414045,147.59638700358073,180.21204858398437,-42.365805098364255,10.661403436016851,0.668226263293928,0.5455474988414045,0.584113131646964,0.5455474988414045,0.486733989371853,0.0028446127637547555,,9.0,,156.06975,2.475,155.956,2.475,model_synthetic,,,,,,155.956,1.0,0.0,False,112.0,75.63865999999999,80.31734,2.25,2.25,38.944329999999994,36.694329999999994,Home,41.28367,39.03367,Home,6.975,0.6553990357712653,,,Home,4.5,Over,1.4559999999999889,,0.0,6.975,[],,,,,,,,,,,,,,,,,0.7061599999999828,-2.25,74.9325,-2.25,79.5675,26.961706311939963,20.465228281772628,,,,,,,,cal_est,cal_est,naive_local,2025-12-06 11:00:00-06:00,-4.0,-19.0,,,Away Cover,Away Cover,0.0,0.0,Away Cover,Away Win,Under,0.0,0.0,,0.0,0.0,derived2,derived,derived2,derived,,,,,0.7498400000000061
401817169,2025-12-06,2025-12-06 11:00,Providence Friars,Rhode Island Rams,90.0,71.0,41.0,37.0,49.0,34.0,False,Amica Mutual Pavilion,,0.0,0.0,,,,,158.4748,4.125,159.5,-7.5,161.0,19.0,Home Cover,Over,,,,,,,41.0,37.0,49.0,34.0,78.0,83.0,,,[],2025-12-06 17:00:00+00:00,providence::rhodeisland,2025-12-06 17:00:00+00:00,2025-12-06 11:00,2025-12-06,providence::rhodeisland,providence::rhodeisland@2025-12-06,7.2,providence,rhodeisland,159.5,-7.5,159.5,-7.5,,,cal,81.2999,77.1749,False,cal,,,2025-12-06 17:00:00+00:00,0.25765549707610075,3.476520709534634e-05,0.5,0.0008694883383021672,0.5,0.05,0.5,12.0,7.0,light,2025-12-06T17:00:00Z,2025-12-06 11:00,,market,0.4678937977545562,0.5,0.4678937977545562,150.11518700358073,182.73084858398437,-39.365805098364255,13.661403436016851,0.7657845171326501,0.46789379775455614,0.632892258566325,0.4678937977545562,0.5,0.0008694883383021672,,15.0,,158.48454999999998,4.125,158.4748,4.125,model_synthetic,,,,,,158.4748,1.0,0.0,False,112.0,76.860278,81.614522,3.75,3.75,40.305139,36.555139,Home,42.682261,38.932261,Home,11.625,0.7448684956686834,,,Home,7.5,Under,1.0252000000000123,,0.0,11.625,[],,,,,,,,,,,,,,,,,-0.4972220000000078,-3.75,77.3575,-3.75,82.1425,26.961706311939963,20.465228281772628,,,,,,,,cal_est,cal_est,naive_local,2025-12-06 11:00:00-06:00,4.0,15.0,,,Home Cover,Home Cover,1.0,1.0,Home Cover,Home Win,Over,0.0,0.0,,1.0,1.0,derived2,derived,derived2,derived,,,,,-0.5279780000000045
401817235,2025-12-06,2025-12-06 11:00,Michigan State Spartans,Duke Blue Devils,60.0,66.0,34.0,31.0,26.0,35.0,False,Breslin Center,,0.0,0.0,,,,,140.2392,-0.55,141.5,1.0,126.0,-6.0,Away Cover,Under,,,,,,,34.0,31.0,26.0,35.0,65.0,61.0,,,[],2025-12-06 17:00:00+00:00,dukebluedevils::michiganstate,2025-12-06 17:00:00+00:00,2025-12-06 11:00,2025-12-06,dukebluedevils::michiganstate,dukebluedevils::michiganstate@2025-12-06,7.2,michiganstate,dukebluedevils,141.5,1.0,141.5,1.0,,,cal,69.8446,70.39460000000001,False,cal,,,2025-12-06 17:00:00+00:00,0.0034758137700676055,0.0003535170375591099,0.040634373498359126,0.008841567970694499,0.05,0.05,0.5,12.0,7.0,light,2025-12-06T17:00:00Z,2025-12-06 11:00,,market,0.4605373675587059,0.5,0.4605373675587059,131.87958700358075,164.4952485839844,-47.865805098364255,5.16140343601685,0.4614937380503151,0.4605373675587059,0.48074686902515756,0.4605373675587059,0.040634373498359126,0.008841567970694499,,-2.0,,140.1407,-0.55,140.2392,-0.55,model_synthetic,,,,,,140.2392,1.0,0.0,False,112.0,68.016012,72.22318800000001,-0.5,-0.5,33.758006,34.258006,Away,35.861594000000004,36.361594000000004,Away,-1.55,0.46434632916602836,,,Away,1.0,Under,1.260799999999989,,0.0,-1.55,[],,,,,,,,,,,,,,,,,-0.6114879999999943,0.5,68.6275,0.5,72.8725,26.961706311939963,20.465228281772628,,,,,,,,cal_est,cal_est,naive_local,2025-12-06 11:00:00-06:00,3.0,-9.0,,,Home Cover,Away Cover,0.0,1.0,Away Cover,Away Win,Under,1.0,1.0,,1.0,1.0,derived2,derived,derived2,derived,,,,,-0.6493119999999948
401809420,2025-12-06,2025-12-06 11:00,Miami Hurricanes,Southern Miss Golden Eagles,88.0,64.0,34.0,34.0,54.0,30.0,False,Watsco Center,,0.0,0.0,,,,,146.6432,10.725000000000001,148.0,-19.5,152.0,24.0,Home Cover,Over,,,,,,,34.0,34.0,54.0,30.0,68.0,84.0,,,[],2025-12-06 17:00:00+00:00,miamihurricanes::southernmissgolden,2025-12-06 17:00:00+00:00,2025-12-06 11:00,2025-12-06,miamihurricanes::southernmissgolden,miamihurricanes::southernmissgolden@2025-12-06,7.2,miamihurricanes,southernmissgolden,148.0,-19.5,148.0,-19.5,,,cal,78.6841,67.9591,False,cal,,,2025-12-06 17:00:00+00:00,0.004067046049126316,0.0003328051366656392,0.047546237838861596,0.008323557068543028,0.05,0.05,0.5,12.0,7.0,light,2025-12-06T17:00:00Z,2025-12-06 11:00,,market,0.45754356562379306,0.5,0.45754356562379306,138.28358700358075,170.8992485839844,-27.365805098364255,25.66140343601685,0.9702911071359233,0.45754356562379306,0.7351455535679616,0.45754356562379306,0.047546237838861596,0.008323557068543028,,39.0,,146.5372,10.725000000000001,146.6432,10.725000000000001,model_synthetic,,,,,,146.6432,1.0,0.0,False,112.0,71.12195200000001,75.521248,9.75,9.75,40.435976000000004,30.685976000000004,Home,42.635624,32.885624,Home,30.225,0.9418989513483157,,,Home,19.5,Under,1.3567999999999927,,0.0,30.225,[],,,,,,,,,,,,,,,,,-0.6580479999999937,-9.75,71.78,-9.75,76.22,26.961706311939963,20.465228281772628,,,,,,,,cal_est,cal_est,naive_local,2025-12-06 11:00:00-06:00,0.0,24.0,,,Away Cover,Home Cover,,1.0,Home Cover,Home Win,Over,0.0,0.0,,1.0,1.0,derived2,derived,derived2,derived,,,,,-0.6987519999999989
401824865,2025-12-06,2025-12-06 11:00,Georgia Tech Yellow Jackets,Monmouth Hawks,79.0,67.0,32.0,31.0,47.0,36.0,False,McCamish Pavilion,,0.0,0.0,,,,,141.94,4.95,142.5,-9.0,146.0,12.0,Home Cover,Over,,,,,,,32.0,31.0,47.0,36.0,63.0,83.0,,,[],2025-12-06 17:00:00+00:00,georgiatechyellowjackets::monmouth,2025-12-06 17:00:00+00:00,2025-12-06 11:00,2025-12-06,georgiatechyellowjackets::monmouth,georgiatechyellowjackets::monmouth@2025-12-06,7.2,georgiatechyellowjackets,monmouth,142.5,-9.0,142.5,-9.0,,,cal,73.445,68.495,False,cal,,,2025-12-06 17:00:00+00:00,0.002055184837916016,0.0001645984940629085,0.02402635867065448,0.00411665809144439,0.05,0.05,0.5,12.0,7.0,light,2025-12-06T17:00:00Z,2025-12-06 11:00,,market,0.4824491635609177,0.5,0.4824491635609177,133.58038700358074,166.19604858398438,-37.865805098364255,15.161403436016851,0.8078610564662448,0.4824491635609177,0.6539305282331225,0.4824491635609177,0.02402635867065448,0.00411665809144439,,18.0,,141.89625,4.95,141.94,4.95,model_synthetic,,,,,,141.94,1.0,0.0,False,112.0,68.84089999999999,73.0991,4.5,4.5,36.670449999999995,32.170449999999995,Home,38.79955,34.29955,Home,13.95,0.7834209042318241,,,Home,9.0,Under,0.5600000000000023,,0.0,13.95,[],,,,,,,,,,,,,,,,,-0.2716000000000065,-4.5,69.1125,-4.5,73.3875,26.961706311939963,20.465228281772628,,,,,,,,cal_est,cal_est,naive_local,2025-12-06 11:00:00-06:00,1.0,11.0,,,Away Cover,Home Cover,1.0,1.0,Home Cover,Home Win,Over,0.0,0.0,,1.0,1.0,derived2,derived,derived2,derived,,,,,-0.28839999999999577
401822763,2025-12-06,2025-12-06 13:00,Liberty Flames,Coppin State Eagles,92.0,50.0,55.0,14.0,37.0,36.0,False,Liberty Arena (VA),,0.0,0.0,,,,,142.652,17.875,143.5,-32.5,142.0,42.0,Home Cover,Under,,,,,,,55.0,14.0,37.0,36.0,69.0,73.0,,,[],2025-12-06 19:00:00+00:00,coppinstate::libertyflames,2025-12-06 19:00:00+00:00,2025-12-06 13:00,2025-12-06,coppinstate::libertyflames,coppinstate::libertyflames@2025-12-06,7.2,libertyflames,coppinstate,143.5,-32.5,143.5,-32.5,,,cal,80.2635,62.38849999999999,False,cal,,,2025-12-06 19:00:00+00:00,0.001133990680026811,0.001162147185613199,0.01325703961261752,0.02906565240673116,0.05,0.05,0.5,12.0,7.0,light,2025-12-06T19:00:00Z,2025-12-06 13:00,,market,0.47343410457536184,0.5,0.47343410457536184,134.29238700358073,166.90804858398437,-14.365805098364255,38.66140343601685,0.9991604808693748,0.47343410457536184,0.7495802404346874,0.47343410457536184,0.01325703961261752,0.02906565240673116,,65.0,,142.58575,17.875,142.652,17.875,model_synthetic,,,,,,142.652,1.0,0.0,False,112.0,69.18621999999999,73.46578,16.25,16.25,42.718109999999996,26.468109999999996,Home,44.85789,28.607889999999998,Home,50.375,0.9904617115004254,,,Home,32.5,Under,0.8480000000000132,,0.0,50.375,[],,,,,,,,,,,,,,,,,-0.411280000000005,-16.25,69.5975,-16.25,73.9025,26.961706311939963,20.465228281772628,,,,,,,,cal_est,cal_est,naive_local,2025-12-06 13:00:00-06:00,41.0,1.0,,,Home Cover,Away Cover,1.0,1.0,Home Cover,Home Win,Under,1.0,1.0,,1.0,1.0,derived2,derived,derived2,derived,,,,,-0.4367200000000082
401826944,2025-12-06,2025-12-06 13:00,Presbyterian Blue Hose,Morehead State Eagles,80.0,72.0,39.0,42.0,41.0,30.0,False,Templeton Center,,0.0,0.0,,,,,131.8312,3.575,132.5,-6.5,152.0,8.0,Home Cover,Over,,,,,,,39.0,42.0,41.0,30.0,81.0,71.0,,,[],2025-12-06 19:00:00+00:00,moreheadstate::presbyterianbluehose,2025-12-06 19:00:00+00:00,2025-12-06 13:00,2025-12-06,moreheadstate::presbyterianbluehose,moreheadstate::presbyterianbluehose@2025-12-06,7.2,presbyterianbluehose,moreheadstate,132.5,-6.5,132.5,-6.5,,,cal,67.70309999999999,64.1281,False,cal,,,2025-12-06 19:00:00+00:00,2.7410159311921345e-05,0.009289270703467288,0.00032044140590089057,0.07776866155846282,0.05,0.07776866155846282,0.5,12.0,7.0,light,2025-12-06T19:00:00Z,2025-12-06 13:00,,market,0.4790421699935018,0.5,0.4790421699935018,123.47158700358074,156.08724858398438,-40.365805098364255,12.661403436016851,0.7351169452650828,0.4790421699935018,0.6175584726325414,0.4790421699935018,0.00032044140590089057,0.07776866155846282,,13.0,,131.77895,3.575,131.8312,3.575,model_synthetic,,,,,,131.8312,1.0,0.0,False,112.0,63.938131999999996,67.893068,3.25,3.25,33.594066,30.344065999999998,Home,35.571534,32.321534,Home,10.075,0.7167853694650885,,,Home,6.5,Under,0.6688000000000045,,0.0,10.075,[],,,,,,,,,,,,,,,,,-0.3243680000000069,-3.25,64.2625,-3.25,68.2375,26.961706311939963,20.465228281772628,,,,,,,,cal_est,cal_est,naive_local,2025-12-06 13:00:00-06:00,-3.0,11.0,,,Away Cover,Home Cover,0.0,1.0,Home Cover,Home Win,Over,0.0,0.0,,1.0,1.0,derived2,derived,derived2,derived,,,,,-0.34443199999999763
401825400,2025-12-06,2025-12-06 15:00,Michigan Wolverines,Rutgers Scarlet Knights,101.0,60.0,50.0,25.0,51.0,35.0,False,Crisler Center,,0.0,0.0,,,,,147.1464,13.750000000000002,148.5,-25.0,161.0,41.0,Home Cover,Over,,,,,,,50.0,25.0,51.0,35.0,75.0,86.0,,,[],2025-12-06 21:00:00+00:00,michiganwolverines::rutgersscarlet,2025-12-06 21:00:00+00:00,2025-12-06 15:00,2025-12-06,michiganwolverines::rutgersscarlet,michiganwolverines::rutgersscarlet@2025-12-06,7.2,michiganwolverines,rutgersscarlet,148.5,-25.0,148.5,-25.0,,,cal,80.4482,66.6982,False,cal,,,2025-12-06 21:00:00+00:00,0.00688721214947158,9.945082210635014e-05,0.08051569196661007,0.002487295122933694,0.08051569196661007,0.05,0.5,12.0,7.0,light,2025-12-06T21:00:00Z,2025-12-06 15:00,,market,0.45764332117332185,0.5,0.45764332117332185,138.78678700358074,171.40244858398438,-21.865805098364255,31.16140343601685,0.9921707851725599,0.4576433211733218,0.7460853925862799,0.45764332117332185,0.08051569196661007,0.002487295122933694,,50.0,,147.04065,13.750000000000002,147.1464,13.750000000000002,model_synthetic,,,,,,147.1464,1.0,0.0,False,112.0,71.366004,75.780396,12.5,12.5,41.933002,29.433002000000002,Home,44.140198,31.640197999999998,Home,38.75,0.9726532132038171,,,Home,25.0,Under,1.3536000000000001,,0.0,38.75,[],,,,,,,,,,,,,,,,,-0.65649599999999,-12.5,72.0225,-12.5,76.4775,26.961706311939963,20.465228281772628,,,,,,,,cal_est,cal_est,naive_local,2025-12-06 15:00:00-06:00,25.0,16.0,,,Home Cover,Home Cover,1.0,1.0,Home Cover,Home Win,Over,0.0,0.0,,1.0,1.0,derived2,derived,derived2,derived,,,,,-0.6971040000000102
401823327,2025-12-06,2025-12-06 14:00,Tulsa Golden Hurricane,Missouri State Bears,98.0,74.0,48.0,32.0,50.0,42.0,False,Reynolds Center,,0.0,0.0,,,,,141.4888,6.325,140.5,-11.5,172.0,24.0,Home Cover,Over,,,,,,,48.0,32.0,50.0,42.0,80.0,92.0,,,[],2025-12-06 20:00:00+00:00,missouristate::tulsa,2025-12-06 20:00:00+00:00,2025-12-06 14:00,2025-12-06,missouristate::tulsa,missouristate::tulsa@2025-12-06,7.2,tulsa,missouristate,140.5,-11.5,140.5,-11.5,,,cal,73.9069,67.5819,False,cal,,,2025-12-06 20:00:00+00:00,0.0013027702911202362,0.0003840394086032958,0.015230175749869384,0.009604941696830129,0.05,0.05,0.5,12.0,7.0,light,2025-12-06T20:00:00Z,2025-12-06 14:00,,market,0.5309685976574734,0.5,0.5309685976574734,133.12918700358074,165.74484858398438,-35.365805098364255,17.66140343601685,0.8668705740386426,0.5309685976574734,0.6834352870193213,0.5309685976574734,0.015230175749869384,0.009604941696830129,,23.0,,141.56605,6.325,141.4888,6.325,model_synthetic,,,,,,141.4888,1.0,0.0,False,112.0,68.622068,72.866732,5.75,5.75,37.186034,31.436034,Home,39.308366,33.558366,Home,17.825,0.837923334493486,,,Home,11.5,Over,0.9887999999999977,,0.0,17.825,[],,,,,,,,,,,,,,,,,0.47956800000000044,-5.75,68.1425,-5.75,72.3575,26.961706311939963,20.465228281772628,,,,,,,,cal_est,cal_est,naive_local,2025-12-06 14:00:00-06:00,16.0,8.0,,,Home Cover,Home Cover,1.0,1.0,Home Cover,Home Win,Over,1.0,1.0,,1.0,1.0,derived2,derived,derived2,derived,,,,,0.5092319999999972
401826764,2025-12-06,2025-12-06 15:00,Massachusetts Minutemen,UMass Lowell River Hawks,80.0,60.0,42.0,32.0,38.0,28.0,False,Mullins Center,,0.0,0.0,,,,,154.544,6.325,156.0,-11.5,140.0,20.0,Home Cover,Under,,,,,,,42.0,32.0,38.0,28.0,74.0,66.0,,,[],2025-12-06 21:00:00+00:00,massachusetts::umasslowellriver,2025-12-06 21:00:00+00:00,2025-12-06 15:00,2025-12-06,massachusetts::umasslowellriver,massachusetts::umasslowellriver@2025-12-06,7.2,massachusetts,umasslowellriver,156.0,-11.5,156.0,-11.5,,,cal,80.4345,74.10950000000001,False,cal,,,2025-12-06 21:00:00+00:00,0.14125695377760872,9.060471257398612e-05,0.47455426829455244,0.0022660512495219997,0.47455426829455244,0.05,0.5,12.0,7.0,light,2025-12-06T21:00:00Z,2025-12-06 15:00,,market,0.4544525011585955,0.5,0.4544525011585955,146.18438700358075,178.8000485839844,-35.365805098364255,17.66140343601685,0.8668705740386426,0.4544525011585955,0.6834352870193213,0.4544525011585955,0.47455426829455244,0.0022660512495219997,,23.0,,154.43025,6.325,154.544,6.325,model_synthetic,,,,,,154.544,1.0,0.0,False,112.0,74.95384,79.59016000000001,5.75,5.75,40.35192,34.60192,Home,42.670080000000006,36.920080000000006,Home,17.825,0.837923334493486,,,Home,11.5,Under,1.4559999999999889,,0.0,17.825,[],,,,,,,,,,,,,,,,,-0.706159999999997,-5.75,75.66,-5.75,80.34,26.961706311939963,20.465228281772628,,,,,,,,cal_est,cal_est,naive_local,2025-12-06 15:00:00-06:00,10.0,10.0,,,Home Cover,Home Cover,1.0,1.0,Home Cover,Home Win,Under,1.0,1.0,,1.0,1.0,derived2,derived,derived2,derived,,,,,-0.7498399999999918
401823595,2025-12-06,2025-12-06 15:00,Louisiana Ragin' Cajuns,UNC Wilmington Seahawks,63.0,70.0,38.0,39.0,25.0,31.0,False,Cajundome,,0.0,0.0,,,,,126.154,-7.15,127.0,13.0,133.0,-7.0,Home Cover,Over,,,,,,,38.0,39.0,25.0,31.0,77.0,56.0,,,[],2025-12-06 21:00:00+00:00,louisiana::uncwilmingtonseahawks,2025-12-06 21:00:00+00:00,2025-12-06 15:00,2025-12-06,louisiana::uncwilmingtonseahawks,louisiana::uncwilmingtonseahawks@2025-12-06,7.2,louisiana,uncwilmingtonseahawks,127.0,13.0,127.0,13.0,,,cal,59.501999999999995,66.652,False,cal,,,2025-12-06 21:00:00+00:00,4.423060376688383e-05,0.0030625225844641995,0.0005170826150120609,0.0607639785915128,0.05,0.0607639785915128,0.5,12.0,7.0,light,2025-12-06T21:00:00Z,2025-12-06 15:00,,market,0.47349666762247244,0.5,0.47349666762247244,117.79438700358074,150.41004858398438,-59.865805098364255,-6.83859656398315,0.10442640172510415,0.47349666762247244,0.3022132008625521,0.47349666762247244,0.0005170826150120609,0.0607639785915128,,-26.0,,126.17775,-7.15,126.154,-7.15,model_synthetic,,,,,,126.154,1.0,0.0,False,112.0,61.184689999999996,64.96931,-6.5,-6.5,27.342344999999998,33.842344999999995,Away,29.234654999999997,35.734655,Away,-20.15,0.13503642292280238,,,Away,13.0,Under,0.8460000000000036,,0.0,-20.15,[],,,,,,,,,,,,,,,,,-0.4103100000000026,6.5,61.595,6.5,65.405,26.961706311939963,20.465228281772628,,,,,,,,cal_est,cal_est,naive_local,2025-12-06 15:00:00-06:00,-1.0,-6.0,,,Home Cover,Home Cover,1.0,1.0,Home Cover,Away Win,Over,0.0,0.0,,0.0,1.0,derived2,derived,derived2,derived,,,,,-0.4356900000000081
401823017,2025-12-06,2025-12-06 15:00,Kent State Golden Flashes,Roberts Wesleyan Redhawks,111.0,68.0,52.0,29.0,59.0,39.0,False,M.A.C. Center,,0.0,0.0,,,,,139.925,0.0,139.925,-0.0,179.0,43.0,Home Cover,Over,,,,,,,52.0,29.0,59.0,39.0,81.0,98.0,,,[],2025-12-06 21:00:00+00:00,kentstategoldenflashes::robertswesleyan,2025-12-06 21:00:00+00:00,2025-12-06 15:00,2025-12-06,kentstategoldenflashes::robertswesleyan,kentstategoldenflashes::robertswesleyan@2025-12-06,6.2,kentstategoldenflashes,robertswesleyan,,,,,,,cal,69.9625,69.9625,False,cal,synthetic_pred,synthetic_pred_margin,2025-12-06 21:00:00+00:00,0.0025353705546938997,0.0004172762507675309,0.02964002127023337,0.010436205166210138,0.05,0.05,,12.0,7.0,light,2025-12-06T21:00:00Z,2025-12-06 15:00,,market,0.5,,0.5,131.56538700358075,164.1810485839844,-46.865805098364255,6.16140343601685,0.5,0.5,,0.5,0.02964002127023337,0.010436205166210138,,0.0,,139.84625,0.0,139.925,0.0,model_synthetic,,,,,,139.925,1.0,0.0,False,112.0,67.863625,72.06137500000001,0.0,0.0,33.9318125,33.9318125,Even,36.030687500000006,36.030687500000006,Even,0.0,0.5,,,Even,0.0,,0.0,,0.0,,[],,,,,,,,,,,,,,,,,0.0,-0.0,67.863625,0.0,72.06137500000001,26.961706311939963,20.465228281772628,,,,,,,,cal_est,cal_est,naive_local,2025-12-06 15:00:00-06:00,23.0,20.0,,,Home Cover,Home Cover,,,Push,Home Win,,,,,,,derived2,derived,derived2,derived,,,,,0.0
401819894,2025-12-06,2025-12-06 15:00,Kansas State Wildcats,Seton Hall Pirates,67.0,78.0,29.0,35.0,38.0,43.0,False,Bramlage Coliseum,,0.0,0.0,,,,,147.394,1.375,146.5,-2.5,145.0,-11.0,Away Cover,Under,,,,,,,29.0,35.0,38.0,43.0,64.0,81.0,,,[],2025-12-06 21:00:00+00:00,kansasstate::setonhall,2025-12-06 21:00:00+00:00,2025-12-06 15:00,2025-12-06,kansasstate::setonhall,kansasstate::setonhall@2025-12-06,7.2,kansasstate,setonhall,146.5,-2.5,146.5,-2.5,,,cal,74.3845,73.0095,False,cal,,,2025-12-06 21:00:00+00:00,0.011642812063443793,0.00047950527570978077,0.13611154257783337,0.011992571890642617,0.13611154257783337,0.05,0.5,12.0,7.0,light,2025-12-06T21:00:00Z,2025-12-06 15:00,,market,0.5280046615397234,0.5,0.5280046615397234,139.03438700358075,171.6500485839844,-44.365805098364255,8.661403436016851,0.5954852046065655,0.5280046615397234,0.5477426023032828,0.5280046615397234,0.13611154257783337,0.011992571890642617,,5.0,,147.374,1.375,147.394,1.375,model_synthetic,,,,,,147.394,1.0,0.0,False,112.0,71.48609,75.90791,1.25,1.25,36.368045,35.118045,Home,38.578955,37.328955,Home,3.875,0.5883486248147178,,,Home,2.5,Over,0.8940000000000055,,0.0,3.875,[],,,,,,,,,,,,,,,,,0.43359000000000947,-1.25,71.0525,-1.25,75.4475,26.961706311939963,20.465228281772628,,,,,,,,cal_est,cal_est,naive_local,2025-12-06 15:00:00-06:00,-6.0,-5.0,,,Away Cover,Away Cover,0.0,0.0,Away Cover,Away Win,Under,0.0,0.0,,0.0,0.0,derived2,derived,derived2,derived,,,,,0.460409999999996
401825398,2025-12-06,2025-12-06 15:00,Iowa Hawkeyes,Maryland Terrapins,83.0,64.0,44.0,30.0,39.0,34.0,False,Carver-Hawkeye Arena,,0.0,0.0,,,,,133.4824,5.6375,134.5,-10.25,147.0,19.0,Home Cover,Over,,,,,,,44.0,30.0,39.0,34.0,74.0,73.0,,,[],2025-12-06 21:00:00+00:00,iowahawkeyes::marylandterrapins,2025-12-06 21:00:00+00:00,2025-12-06 15:00,2025-12-06,iowahawkeyes::marylandterrapins,iowahawkeyes::marylandterrapins@2025-12-06,7.2,iowahawkeyes,marylandterrapins,134.5,-10.25,134.5,-10.25,,,cal,69.55995,63.92245000000001,False,cal,,,2025-12-06 21:00:00+00:00,8.70199477101147e-05,0.010031026029459543,0.0010173160275476166,0.07979432791214927,0.05,0.07979432791214927,0.5,12.0,7.0,light,2025-12-06T21:00:00Z,2025-12-06 15:00,,market,0.4681312982470657,0.5,0.4681312982470657,125.12278700358075,157.7384485839844,-36.615805098364255,16.41140343601685,0.839127973837376,0.4681312982470657,0.669563986918688,0.4681312982470657,0.0010173160275476166,0.07979432791214927,,20.5,,133.40290000000002,5.6375,133.4824,5.6375,model_synthetic,,,,,,133.4824,1.0,0.0,False,112.0,64.73896400000001,68.743436,5.125,5.125,34.931982000000005,29.806982000000005,Home,36.934218,31.809218,Home,15.8875,0.8121872886082736,,,Home,10.25,Under,1.0175999999999874,,0.0,15.8875,[],,,,,,,,,,,,,,,,,-0.49353599999999176,-5.125,65.2325,-5.125,69.2675,26.961706311939963,20.465228281772628,,,,,,,,cal_est,cal_est,naive_local,2025-12-06 15:00:00-06:00,14.0,5.0,,,Home Cover,Away Cover,1.0,1.0,Home Cover,Home Win,Over,0.0,0.0,,1.0,1.0,derived2,derived,derived2,derived,,,,,-0.5240639999999956
401828546,2025-12-06,2025-12-06 15:00,Eastern Kentucky Colonels,Indiana University East IU EAST,122.0,67.0,52.0,31.0,70.0,36.0,False,Baptist Health Arena,,0.0,0.0,,,,,141.25,0.0,141.25,-0.0,189.0,55.0,Home Cover,Over,,,,,,,52.0,31.0,70.0,36.0,83.0,106.0,,,[],2025-12-06 21:00:00+00:00,easternkentuckycolonels::indianaeastiueast,2025-12-06 21:00:00+00:00,2025-12-06 15:00,2025-12-06,easternkentuckycolonels::indianaeastiueast,easternkentuckycolonels::indianaeastiueast@2025-12-06,6.2,easternkentuckycolonels,indianaeastiueast,,,,,,,cal,70.625,70.625,False,cal,synthetic_pred,synthetic_pred_margin,2025-12-06 21:00:00+00:00,0.0012254576064235029,0.0003004476731940159,0.014326343521232224,0.0075142871260843545,0.05,0.05,,12.0,7.0,light,2025-12-06T21:00:00Z,2025-12-06 15:00,,market,0.5,,0.5,132.89038700358074,165.50604858398438,-46.865805098364255,6.16140343601685,0.5,0.5,,0.5,0.014326343521232224,0.0075142871260843545,,0.0,,141.2375,0.0,141.25,0.0,model_synthetic,,,,,,141.25,1.0,0.0,False,112.0,68.50625,72.74375,0.0,0.0,34.253125,34.253125,Even,36.371875,36.371875,Even,0.0,0.5,,,Even,0.0,,0.0,,0.0,,[],,,,,,,,,,,,,,,,,0.0,-0.0,68.50625,0.0,72.74375,26.961706311939963,20.465228281772628,,,,,,,,cal_est,cal_est,naive_local,2025-12-06 15:00:00-06:00,21.0,34.0,,,Home Cover,Home Cover,,,Push,Home Win,,,,,,,derived2,derived,derived2,derived,,,,,0.0
401820812,2025-12-06,2025-12-06 15:00,East Carolina Pirates,UNC Greensboro Spartans,78.0,82.0,33.0,41.0,45.0,41.0,False,Minges Coliseum,,0.0,0.0,,,,,137.9352,3.0250000000000004,139.5,-5.5,160.0,-4.0,Away Cover,Over,,,,,,,33.0,41.0,45.0,41.0,74.0,86.0,,,[],2025-12-06 21:00:00+00:00,eastcarolina::uncgreensboro,2025-12-06 21:00:00+00:00,2025-12-06 15:00,2025-12-06,eastcarolina::uncgreensboro,eastcarolina::uncgreensboro@2025-12-06,7.2,eastcarolina,uncgreensboro,139.5,-5.5,139.5,-5.5,,,cal,70.48010000000001,67.4551,False,cal,,,2025-12-06 21:00:00+00:00,0.00017992187477254283,0.0008275772507588139,0.002103395965282197,0.02069795720202335,0.05,0.05,0.5,12.0,7.0,light,2025-12-06T21:00:00Z,2025-12-06 15:00,,market,0.45106547715702605,0.5,0.45106547715702605,129.57558700358075,162.1912485839844,-41.365805098364255,11.661403436016851,0.7025302801612959,0.4510654771570261,0.6012651400806479,0.45106547715702605,0.002103395965282197,0.02069795720202335,,11.0,,137.81295,3.0250000000000004,137.9352,3.0250000000000004,model_synthetic,,,,,,137.9352,1.0,0.0,False,112.0,66.898572,71.03662800000001,2.75,2.75,34.824286,32.074286,Home,36.893314000000004,34.143314000000004,Home,8.525,0.6869103646603125,,,Home,5.5,Under,1.564799999999991,,0.0,8.525,[],,,,,,,,,,,,,,,,,-0.7589279999999974,-2.75,67.6575,-2.75,71.8425,26.961706311939963,20.465228281772628,,,,,,,,cal_est,cal_est,naive_local,2025-12-06 15:00:00-06:00,-8.0,4.0,,,Away Cover,Home Cover,0.0,1.0,Away Cover,Away Win,Over,0.0,0.0,,0.0,0.0,derived2,derived,derived2,derived,,,,,-0.8058719999999937
401820610,2025-12-06,2025-12-06 15:00,Binghamton Bearcats,Le Moyne Dolphins,63.0,78.0,25.0,37.0,38.0,41.0,False,Events Center (Binghamton),,0.0,0.0,,,,,147.9304,-0.8250000000000001,146.5,1.5,141.0,-15.0,Away Cover,Under,,,,,,,25.0,37.0,38.0,41.0,62.0,79.0,,,[],2025-12-06 21:00:00+00:00,binghamton::lemoyne,2025-12-06 21:00:00+00:00,2025-12-06 15:00,2025-12-06,binghamton::lemoyne,binghamton::lemoyne@2025-12-06,7.2,binghamton,lemoyne,146.5,1.5,146.5,1.5,,,cal,73.5527,74.37769999999999,False,cal,,,2025-12-06 21:00:00+00:00,0.012723279970812585,9.717620295097127e-05,0.14874286847886403,0.0024304062102844326,0.14874286847886403,0.05,0.5,12.0,7.0,light,2025-12-06T21:00:00Z,2025-12-06 15:00,,market,0.5447500611783341,0.5,0.5447500611783341,139.57078700358073,172.18644858398437,-48.365805098364255,4.66140343601685,0.4423527248747506,0.5447500611783341,0.47117636243737526,0.5447500611783341,0.14874286847886403,0.0024304062102844326,,-3.0,,148.04215,-0.8250000000000001,147.9304,-0.8250000000000001,model_synthetic,,,,,,147.9304,1.0,0.0,False,112.0,71.74624399999999,76.184156,-0.75,-0.75,35.498121999999995,36.248121999999995,Away,37.717078,38.467078,Away,-2.325,0.44663262720034713,,,Away,1.5,Over,1.4303999999999917,,0.0,-2.325,[],,,,,,,,,,,,,,,,,0.6937439999999953,0.75,71.0525,0.75,75.4475,26.961706311939963,20.465228281772628,,,,,,,,cal_est,cal_est,naive_local,2025-12-06 15:00:00-06:00,-12.0,-3.0,,,Away Cover,Away Cover,1.0,1.0,Away Cover,Away Win,Under,0.0,0.0,,1.0,1.0,derived2,derived,derived2,derived,,,,,0.7366559999999964
401826791,2025-12-06,2025-12-06 15:00,Arkansas Razorbacks,Fresno State Bulldogs,82.0,58.0,34.0,24.0,48.0,34.0,True,Simmons Bank Arena,,0.0,0.0,,,,,158.9384,11.137500000000001,158.5,-20.25,140.0,24.0,Home Cover,Under,,,,,,,34.0,24.0,48.0,34.0,58.0,82.0,,,[],2025-12-06 21:00:00+00:00,arkansas::fresnostate,2025-12-06 21:00:00+00:00,2025-12-06 15:00,2025-12-06,arkansas::fresnostate,arkansas::fresnostate@2025-12-06,7.2,arkansas,fresnostate,158.5,-20.25,158.5,-20.25,,,cal,85.03795,73.90045,False,cal,,,2025-12-06 21:00:00+00:00,0.05310466700789234,7.301417906099435e-05,0.2925996777118871,0.0018261066890851037,0.2925996777118871,0.05,0.5,12.0,7.0,light,2025-12-06T21:00:00Z,2025-12-06 15:00,,market,0.5137415143271358,0.5,0.5137415143271358,150.57878700358074,183.19444858398438,-26.615805098364255,26.41140343601685,0.9748610882153484,0.5137415143271357,0.7374305441076743,0.5137415143271358,0.2925996777118871,0.0018261066890851037,,40.5,,158.97265,11.137500000000001,158.9384,11.137500000000001,model_synthetic,,,,,,158.9384,1.0,0.0,False,112.0,77.085124,81.85327600000001,10.125,10.125,43.605062,33.480062,Home,45.989138000000004,35.864138000000004,Home,31.387500000000003,0.9474922083638398,,,Home,20.25,Over,0.43840000000000146,,0.0,31.387500000000003,[],,,,,,,,,,,,,,,,,0.21262399999999104,-10.125,76.8725,-10.125,81.6275,26.961706311939963,20.465228281772628,,,,,,,,cal_est,cal_est,naive_local,2025-12-06 15:00:00-06:00,10.0,14.0,,,Away Cover,Home Cover,1.0,1.0,Home Cover,Home Win,Under,0.0,0.0,,1.0,1.0,derived2,derived,derived2,derived,,,,,0.2257760000000104
401823528,2025-12-06,2025-12-06 15:00,Abilene Christian Wildcats,New Mexico State Aggies,77.0,69.0,35.0,27.0,42.0,42.0,False,Moody Coliseum (Abilene),,0.0,0.0,,,,,132.5508,-1.6500000000000001,131.5,3.0,146.0,8.0,Home Cover,Over,,,,,,,35.0,27.0,42.0,42.0,62.0,84.0,,,[],2025-12-06 21:00:00+00:00,abilenechristian::newmexicostate,2025-12-06 21:00:00+00:00,2025-12-06 15:00,2025-12-06,abilenechristian::newmexicostate,abilenechristian::newmexicostate@2025-12-06,7.2,abilenechristian,newmexicostate,131.5,3.0,131.5,3.0,,,cal,65.4504,67.10040000000001,False,cal,,,2025-12-06 21:00:00+00:00,3.229755123093238e-05,0.003927614631862963,0.00037757798507558375,0.0631264663173855,0.05,0.0631264663173855,0.5,12.0,7.0,light,2025-12-06T21:00:00Z,2025-12-06 15:00,,market,0.5329061193386742,0.5,0.5329061193386742,124.19118700358075,156.8068485839844,-49.865805098364255,3.16140343601685,0.3859028650976307,0.5329061193386742,0.44295143254881536,0.5329061193386742,0.00037757798507558375,0.0631264663173855,,-6.0,,132.54305000000002,-1.6500000000000001,132.5508,-1.6500000000000001,model_synthetic,,,,,,132.5508,1.0,0.0,False,112.0,64.287138,68.26366200000001,-1.5,-1.5,31.393569,32.893569,Away,33.381831000000005,34.881831000000005,Away,-4.65,0.3944675127794143,,,Away,3.0,Over,1.0508000000000095,,0.0,-4.65,[],,,,,,,,,,,,,,,,,0.5096380000000025,1.5,63.777499999999996,1.5,67.7225,26.961706311939963,20.465228281772628,,,,,,,,cal_est,cal_est,naive_local,2025-12-06 15:00:00-06:00,8.0,0.0,,,Home Cover,Home Cover,0.0,,Home Cover,Home Win,Over,1.0,1.0,,0.0,0.0,derived2,derived,derived2,derived,,,,,0.5411620000000141
401817523,2025-12-06,2025-12-06 14:00,Virginia Tech Hokies,George Mason Patriots,73.0,62.0,43.0,30.0,30.0,32.0,False,Cassell Coliseum,,0.0,0.0,,,,,145.3896,1.9250000000000003,144.5,-3.5,135.0,11.0,Home Cover,Under,,,,,,,43.0,30.0,30.0,32.0,73.0,62.0,,,[],2025-12-06 20:00:00+00:00,georgemasonpatriots::virginiatech,2025-12-06 20:00:00+00:00,2025-12-06 14:00,2025-12-06,georgemasonpatriots::virginiatech,georgemasonpatriots::virginiatech@2025-12-06,7.2,virginiatech,georgemasonpatriots,144.5,-3.5,144.5,-3.5,,,cal,73.6573,71.7323,False,cal,,,2025-12-06 20:00:00+00:00,0.01842105448272591,0.0032578444864420943,0.2153533122317276,0.06129738494683002,0.2153533122317276,0.06129738494683002,0.5,12.0,7.0,light,2025-12-06T20:00:00Z,2025-12-06 14:00,,market,0.5278670559395011,0.5,0.5278670559395011,137.02998700358074,169.64564858398438,-43.365805098364255,9.661403436016851,0.6324500334949338,0.527867055939501,0.566225016747467,0.5278670559395011,0.2153533122317276,0.06129738494683002,,7.0,,145.4591,1.9250000000000003,145.3896,1.9250000000000003,model_synthetic,,,,,,145.3896,1.0,0.0,False,112.0,70.513956,74.87564400000001,1.75,1.75,36.131978,34.381978,Home,38.312822000000004,36.562822000000004,Home,5.425000000000001,0.6224593312018546,,,Home,3.5,Over,0.8896000000000015,,0.0,5.425000000000001,[],,,,,,,,,,,,,,,,,0.4314559999999972,-1.75,70.0825,-1.75,74.4175,26.961706311939963,20.465228281772628,,,,,,,,cal_est,cal_est,naive_local,2025-12-06 14:00:00-06:00,13.0,-2.0,,,Home Cover,Away Cover,1.0,0.0,Home Cover,Home Win,Under,0.0,0.0,,1.0,1.0,derived2,derived,derived2,derived,,,,,0.4581440000000043
401822336,2025-12-06,2025-12-06 14:00,Valparaiso Beacons,Calumet Crimson Wave,98.0,58.0,53.0,30.0,45.0,28.0,False,Athletics-Recreation Center,,0.0,0.0,,,,,142.375,0.0,142.375,-0.0,156.0,40.0,Home Cover,Over,,,,,,,53.0,30.0,45.0,28.0,83.0,73.0,,,[],2025-12-06 20:00:00+00:00,calumetcrimson::valparaisobeacons,2025-12-06 20:00:00+00:00,2025-12-06 14:00,2025-12-06,calumetcrimson::valparaisobeacons,calumetcrimson::valparaisobeacons@2025-12-06,6.2,valparaisobeacons,calumetcrimson,,,,,,,cal,71.1875,71.1875,False,cal,synthetic_pred,synthetic_pred_margin,2025-12-06 20:00:00+00:00,0.002553665945767793,0.00012009165103553116,0.029853905500912586,0.003003528493774603,0.05,0.05,,12.0,7.0,light,2025-12-06T20:00:00Z,2025-12-06 14:00,,market,0.5,,0.5,134.01538700358074,166.63104858398438,-46.865805098364255,6.16140343601685,0.5,0.5,,0.5,0.029853905500912586,0.003003528493774603,,0.0,,142.41875,0.0,142.375,0.0,model_synthetic,,,,,,142.375,1.0,0.0,False,112.0,69.051875,73.323125,0.0,0.0,34.5259375,34.5259375,Even,36.6615625,36.6615625,Even,0.0,0.5,,,Even,0.0,,0.0,,0.0,,[],,,,,,,,,,,,,,,,,0.0,-0.0,69.051875,0.0,73.323125,26.961706311939963,20.465228281772628,,,,,,,,cal_est,cal_est,naive_local,2025-12-06 14:00:00-06:00,23.0,17.0,,,Home Cover,Home Cover,,,Push,Home Win,,,,,,,derived2,derived,derived2,derived,,,,,0.0
401823569,2025-12-06,2025-12-06 14:00,South Dakota State Jackrabbits,Idaho Vandals,81.0,84.0,44.0,41.0,37.0,43.0,False,First Bank & Trust Arena,,0.0,0.0,,,,,146.3784,3.0250000000000004,147.25,-5.5,165.0,-3.0,Away Cover,Over,,,,,,,44.0,41.0,37.0,43.0,85.0,80.0,,,[],2025-12-06 20:00:00+00:00,idahovandals::southdakotastate,2025-12-06 20:00:00+00:00,2025-12-06 14:00,2025-12-06,idahovandals::southdakotastate,idahovandals::southdakotastate@2025-12-06,7.2,southdakotastate,idahovandals,147.25,-5.5,147.25,-5.5,,,cal,74.7017,71.6767,False,cal,,,2025-12-06 20:00:00+00:00,0.00603787765811403,4.914157696123962e-05,0.07058645604376881,0.0012290456943458237,0.07058645604376881,0.05,0.5,12.0,7.0,light,2025-12-06T20:00:00Z,2025-12-06 14:00,,market,0.4726959105238203,0.5,0.4726959105238203,138.01878700358074,170.63444858398438,-41.365805098364255,11.661403436016851,0.7025302801612959,0.4726959105238203,0.6012651400806479,0.4726959105238203,0.07058645604376881,0.0012290456943458237,,11.0,,146.40015,3.0250000000000004,146.3784,3.0250000000000004,model_synthetic,,,,,,146.3784,1.0,0.0,False,112.0,70.993524,75.384876,2.75,2.75,36.871762,34.121762,Home,39.067438,36.317438,Home,8.525,0.6869103646603125,,,Home,5.5,Under,0.8716000000000008,,0.0,8.525,[],,,,,,,,,,,,,,,,,-0.4227260000000115,-2.75,71.41625,-2.75,75.83375,26.961706311939963,20.465228281772628,,,,,,,,cal_est,cal_est,naive_local,2025-12-06 14:00:00-06:00,3.0,-6.0,,,Home Cover,Away Cover,1.0,0.0,Away Cover,Away Win,Over,0.0,0.0,,0.0,0.0,derived2,derived,derived2,derived,,,,,-0.44887399999998934
401817506,2025-12-06,2025-12-06 13:00,Purdue Fort Wayne Mastodons,Northern Kentucky Norse,79.0,77.0,29.0,44.0,50.0,33.0,False,Memorial Coliseum (IN),,0.0,0.0,,,,,154.2744,0.55,153.5,-1.0,156.0,2.0,Home Cover,Over,,,,,,,29.0,44.0,50.0,33.0,73.0,83.0,,,[],2025-12-06 19:00:00+00:00,northernkentucky::purduefortwaynemastodons,2025-12-06 19:00:00+00:00,2025-12-06 13:00,2025-12-06,northernkentucky::purduefortwaynemastodons,northernkentucky::purduefortwaynemastodons@2025-12-06,7.2,purduefortwaynemastodons,northernkentucky,153.5,-1.0,153.5,-1.0,,,cal,77.41220000000001,76.8622,False,cal,,,2025-12-06 19:00:00+00:00,0.14046743185675592,9.775155611696191e-05,0.47292462097479443,0.002444795966883957,0.47292462097479443,0.05,0.5,12.0,7.0,light,2025-12-06T19:00:00Z,2025-12-06 13:00,,market,0.5242631564242977,0.5,0.5242631564242977,145.91478700358076,178.5304485839844,-45.865805098364255,7.16140343601685,0.5385062619496849,0.5242631564242977,0.5192531309748425,0.5242631564242977,0.47292462097479443,0.002444795966883957,,2.0,,154.3349,0.55,154.2744,0.55,model_synthetic,,,,,,154.2744,1.0,0.0,False,112.0,74.82308400000001,79.451316,0.5,0.5,37.661542000000004,37.161542000000004,Home,39.975658,39.475658,Home,1.55,0.5356536708339716,,,Home,1.0,Over,0.7744000000000142,,0.0,1.55,[],,,,,,,,,,,,,,,,,0.3755840000000177,-0.5,74.44749999999999,-0.5,79.05250000000001,26.961706311939963,20.465228281772628,,,,,,,,cal_est,cal_est,naive_local,2025-12-06 13:00:00-06:00,-15.0,17.0,,,Away Cover,Home Cover,0.0,1.0,Home Cover,Home Win,Over,1.0,1.0,,1.0,1.0,derived2,derived,derived2,derived,,,,,0.3988159999999965
401823471,2025-12-06,2025-12-06 14:00,Oakland Golden Grizzlies,Toledo Rockets,98.0,97.0,45.0,48.0,53.0,49.0,False,OU Credit Union O'rena,,0.0,0.0,,,,,163.9416,2.475,165.5,-4.5,195.0,1.0,Away Cover,Over,,,,,,,45.0,48.0,53.0,49.0,93.0,102.0,,,[],2025-12-06 20:00:00+00:00,oaklandgoldengrizzlies::toledorockets,2025-12-06 20:00:00+00:00,2025-12-06 14:00,2025-12-06,oaklandgoldengrizzlies::toledorockets,oaklandgoldengrizzlies::toledorockets@2025-12-06,7.2,oaklandgoldengrizzlies,toledorockets,165.5,-4.5,165.5,-4.5,,,cal,83.2083,80.7333,False,cal,,,2025-12-06 20:00:00+00:00,0.2940554720564815,0.00019617978189275843,0.5,0.004906515646479476,0.5,0.05,0.5,12.0,7.0,light,2025-12-06T20:00:00Z,2025-12-06 14:00,,market,0.45126461771923754,0.5,0.45126461771923754,155.58198700358074,188.19764858398437,-42.365805098364255,10.661403436016851,0.668226263293928,0.45126461771923754,0.584113131646964,0.45126461771923754,0.5,0.004906515646479476,,9.0,,163.81985,2.475,163.9416,2.475,model_synthetic,,,,,,163.9416,1.0,0.0,False,112.0,79.511676,84.429924,2.25,2.25,40.880838,38.630838,Home,43.339962,41.089962,Home,6.975,0.6553990357712653,,,Home,4.5,Under,1.558400000000006,,0.0,6.975,[],,,,,,,,,,,,,,,,,-0.755824000000004,-2.25,80.2675,-2.25,85.2325,26.961706311939963,20.465228281772628,,,,,,,,cal_est,cal_est,naive_local,2025-12-06 14:00:00-06:00,-3.0,4.0,,,Away Cover,Home Cover,0.0,1.0,Away Cover,Home Win,Over,0.0,0.0,,0.0,1.0,derived2,derived,derived2,derived,,,,,-0.802576000000002
401823220,2025-12-06,2025-12-06 14:00,Murray State Racers,Bellarmine Knights,81.0,68.0,47.0,34.0,34.0,34.0,False,CFSB Center,,0.0,0.0,,,,,158.5552,9.625,159.0,-17.5,149.0,13.0,Away Cover,Under,,,,,,,47.0,34.0,34.0,34.0,81.0,68.0,,,[],2025-12-06 20:00:00+00:00,bellarmine::murraystate,2025-12-06 20:00:00+00:00,2025-12-06 14:00,2025-12-06,bellarmine::murraystate,bellarmine::murraystate@2025-12-06,7.2,murraystate,bellarmine,159.0,-17.5,159.0,-17.5,,,cal,84.0901,74.4651,False,cal,,,2025-12-06 20:00:00+00:00,0.5206837100985044,0.00038000071291708964,0.5,0.00950393269689877,0.5,0.05,0.5,12.0,7.0,light,2025-12-06T20:00:00Z,2025-12-06 14:00,,market,0.4860579607251395,0.5,0.4860579607251395,150.19558700358075,182.8112485839844,-29.365805098364255,23.66140343601685,0.9546528681182751,0.4860579607251395,0.7273264340591375,0.4860579607251395,0.5,0.00950393269689877,,35.0,,158.52045,9.625,158.5552,9.625,model_synthetic,,,,,,158.5552,1.0,0.0,False,112.0,76.89927200000001,81.655928,8.75,8.75,42.824636000000005,34.074636000000005,Home,45.202964,36.452964,Home,27.125,0.9241418199787566,,,Home,17.5,Under,0.44479999999998654,,0.0,27.125,[],,,,,,,,,,,,,,,,,-0.21572799999998438,-8.75,77.115,-8.75,81.885,26.961706311939963,20.465228281772628,,,,,,,,cal_est,cal_est,naive_local,2025-12-06 14:00:00-06:00,13.0,0.0,,,Home Cover,Away Cover,1.0,,Away Cover,Home Win,Under,1.0,1.0,,0.0,1.0,derived2,derived,derived2,derived,,,,,-0.22907200000000216
401828341,2025-12-06,2025-12-06 14:00,Kennesaw State Owls,Georgia State Panthers,92.0,69.0,43.0,28.0,49.0,41.0,False,KSU Convocation Center,,0.0,0.0,,,,,157.1912,7.425000000000001,158.5,-13.5,161.0,23.0,Home Cover,Over,,,,,,,43.0,28.0,49.0,41.0,71.0,90.0,,,[],2025-12-06 20:00:00+00:00,georgiastate::kennesawstate,2025-12-06 20:00:00+00:00,2025-12-06 14:00,2025-12-06,georgiastate::kennesawstate,georgiastate::kennesawstate@2025-12-06,7.2,kennesawstate,georgiastate,158.5,-13.5,158.5,-13.5,,,cal,82.30810000000001,74.8831,False,cal,,,2025-12-06 20:00:00+00:00,0.06859337129993148,0.00020994562273090467,0.32456981656348777,0.0052508034869881,0.32456981656348777,0.05,0.5,12.0,7.0,light,2025-12-06T20:00:00Z,2025-12-06 14:00,,market,0.4590401762178329,0.5,0.4590401762178329,148.83158700358075,181.4472485839844,-33.365805098364255,19.66140343601685,0.9040640985428019,0.4590401762178329,0.702032049271401,0.4590401762178329,0.32456981656348777,0.0052508034869881,,27.0,,157.08895,7.425000000000001,157.1912,7.425000000000001,model_synthetic,,,,,,157.1912,1.0,0.0,False,112.0,76.23773200000001,80.953468,6.75,6.75,41.493866000000004,34.743866000000004,Home,43.851734,37.101734,Home,20.925,0.8730912143037655,,,Home,13.5,Under,1.3087999999999909,,0.0,20.925,[],,,,,,,,,,,,,,,,,-0.634767999999994,-6.75,76.8725,-6.75,81.6275,26.961706311939963,20.465228281772628,,,,,,,,cal_est,cal_est,naive_local,2025-12-06 14:00:00-06:00,15.0,8.0,,,Home Cover,Home Cover,1.0,1.0,Home Cover,Home Win,Over,0.0,0.0,,1.0,1.0,derived2,derived,derived2,derived,,,,,-0.6740319999999969
401817160,2025-12-06,2025-12-06 13:30,Loyola Chicago Ramblers,Princeton Tigers,73.0,68.0,30.0,28.0,43.0,40.0,False,Gentile Arena,,0.0,0.0,,,,,136.00039999999998,3.3000000000000003,137.0,-6.0,141.0,5.0,Away Cover,Over,,,,,,,30.0,28.0,43.0,40.0,58.0,83.0,,,[],2025-12-06 19:30:00+00:00,loyolachicago::princeton,2025-12-06 19:30:00+00:00,2025-12-06 13:30,2025-12-06,loyolachicago::princeton,loyolachicago::princeton@2025-12-06,7.2,loyolachicago,princeton,,,,,,,cal,69.6502,66.35019999999999,False,cal,,,2025-12-06 19:30:00+00:00,0.0001576267713135174,0.0017382824414017087,0.0018427526681814503,0.04347496930851086,0.05,0.05,,12.0,7.0,light,2025-12-06T19:30:00Z,2025-12-06 13:30,,market,0.46869384450848806,,0.46869384450848806,127.64078700358073,160.25644858398437,-40.865805098364255,12.161403436016851,0.7190519531426774,0.468693844508488,,0.46869384450848806,0.0018427526681814503,0.04347496930851086,,12.0,,136.01215,3.3000000000000003,136.00039999999998,3.3000000000000003,model_synthetic,,,,,,136.00039999999998,1.0,0.0,False,112.0,65.96019399999999,70.040206,3.0,3.0,34.480096999999994,31.480096999999994,Home,36.520103,33.520103,Home,9.3,0.7020633698789296,,,Home,6.0,Under,0.9996000000000151,,0.0,,[],,,,,,,,,,,,,,,,,-0.48480600000000607,-3.0,66.445,-3.0,70.555,26.961706311939963,20.465228281772628,,,,,,,,cal_est,cal_est,naive_local,2025-12-06 13:30:00-06:00,2.0,3.0,,,Away Cover,Push,1.0,1.0,Push,Home Win,,0.0,0.0,,,1.0,derived2,derived,derived2,derived,,,,,-0.5147940000000091
401817246,2025-12-06,2025-12-06 13:15,Louisville Cardinals,Indiana Hoosiers,87.0,78.0,41.0,27.0,46.0,51.0,True,Gainbridge Fieldhouse,,0.0,0.0,,,,,160.9416,-2.2,160.5,4.0,165.0,9.0,Home Cover,Over,,,,,,,41.0,27.0,46.0,51.0,68.0,97.0,,,[],2025-12-06 19:15:00+00:00,indiana::louisville,2025-12-06 19:15:00+00:00,2025-12-06 13:15,2025-12-06,indiana::louisville,indiana::louisville@2025-12-06,7.2,louisville,indiana,160.5,4.0,160.5,4.0,,,cal,79.3708,81.57079999999999,False,cal,,,2025-12-06 19:15:00+00:00,0.5446775548542497,0.0005105022934407754,0.5,0.012767816673891819,0.5,0.05,0.5,12.0,7.0,light,2025-12-06T19:15:00Z,2025-12-06 13:15,,market,0.5138417772384872,0.5,0.5138417772384872,152.58198700358074,185.19764858398437,-50.865805098364255,2.16140343601685,0.3494947186841093,0.5138417772384872,0.42474735934205465,0.5138417772384872,0.5,0.012767816673891819,,-8.0,,160.9761,-2.2,160.9416,-2.2,model_synthetic,,,,,,160.9416,1.0,0.0,False,112.0,78.056676,82.884924,-2.0,-2.0,38.028338,40.028338,Away,40.442462,42.442462,Away,-6.2,0.36090725483714875,,,Away,4.0,Over,0.441599999999994,,0.0,-6.2,[],,,,,,,,,,,,,,,,,0.21417599999999481,2.0,77.8425,2.0,82.6575,26.961706311939963,20.465228281772628,,,,,,,,cal_est,cal_est,naive_local,2025-12-06 13:15:00-06:00,14.0,-5.0,,,Home Cover,Away Cover,0.0,1.0,Home Cover,Home Win,Over,1.0,1.0,,0.0,0.0,derived2,derived,derived2,derived,,,,,0.22742399999999918
401823027,2025-12-06,2025-12-06 13:00,Wisconsin Badgers,Marquette Golden Eagles,96.0,76.0,43.0,31.0,53.0,45.0,False,Kohl Center,,0.0,0.0,,,,,159.78,6.325,158.5,-11.5,172.0,20.0,Home Cover,Over,,,,,,,43.0,31.0,53.0,45.0,74.0,98.0,,,[],2025-12-06 19:00:00+00:00,marquettegolden::wisconsinbadgers,2025-12-06 19:00:00+00:00,2025-12-06 13:00,2025-12-06,marquettegolden::wisconsinbadgers,marquettegolden::wisconsinbadgers@2025-12-06,7.2,wisconsinbadgers,marquettegolden,158.5,-11.5,158.5,-11.5,,,cal,83.0525,76.7275,False,cal,,,2025-12-06 19:00:00+00:00,0.2662780137132455,0.0003987250160379339,0.5,0.00997223317794461,0.5,0.05,0.5,12.0,7.0,light,2025-12-06T19:00:00Z,2025-12-06 13:00,,market,0.5400615773183233,0.5,0.5400615773183233,151.42038700358074,184.03604858398438,-35.365805098364255,17.66140343601685,0.8668705740386426,0.5400615773183233,0.6834352870193213,0.5400615773183233,0.5,0.00997223317794461,,23.0,,159.88,6.325,159.78,6.325,model_synthetic,,,,,,159.78,1.0,0.0,False,112.0,77.4933,82.2867,5.75,5.75,41.62165,35.87165,Home,44.01835,38.26835,Home,17.825,0.837923334493486,,,Home,11.5,Over,1.2800000000000011,,0.0,17.825,[],,,,,,,,,,,,,,,,,0.6208000000000027,-5.75,76.8725,-5.75,81.6275,26.961706311939963,20.465228281772628,,,,,,,,cal_est,cal_est,naive_local,2025-12-06 13:00:00-06:00,12.0,8.0,,,Home Cover,Home Cover,1.0,1.0,Home Cover,Home Win,Over,1.0,1.0,,1.0,1.0,derived2,derived,derived2,derived,,,,,0.6591999999999985
401827070,2025-12-06,2025-12-06 13:00,Winthrop Eagles,Coastal Carolina Chanticleers,84.0,88.0,44.0,45.0,40.0,43.0,False,Winthrop Coliseum,,0.0,0.0,,,,,151.3256,8.25,150.5,-15.0,172.0,-4.0,Away Cover,Over,,,,,,,44.0,45.0,40.0,43.0,89.0,83.0,,,[],2025-12-06 19:00:00+00:00,coastalcarolinachanticleers::winthrop,2025-12-06 19:00:00+00:00,2025-12-06 13:00,2025-12-06,coastalcarolinachanticleers::winthrop,coastalcarolinachanticleers::winthrop@2025-12-06,7.2,winthrop,coastalcarolinachanticleers,150.5,-15.0,158.0,-6.5,,,cal,79.7878,71.5378,False,cal,,,2025-12-06 19:00:00+00:00,0.08987199394323243,0.0006719136040255608,0.3684908901181553,0.016804762343124627,0.3684908901181553,0.05,0.5,12.0,7.0,light,2025-12-06T19:00:00Z,2025-12-06 13:00,,market,0.5258651522253247,0.5,0.5258651522253247,142.96598700358075,175.5816485839844,-31.865805098364255,21.16140343601685,0.9264803150823796,0.5258651522253247,0.7132401575411897,0.5258651522253247,0.3684908901181553,0.016804762343124627,,30.0,,151.39010000000002,8.25,151.3256,8.25,model_synthetic,,,,,,151.3256,1.0,0.0,False,112.0,73.392916,77.93268400000001,7.5,7.5,40.446458,32.946458,Home,42.716342000000004,35.216342000000004,Home,23.25,0.8949994149797352,,,Home,15.0,Over,0.8256000000000085,,0.0,23.25,[],,,,,,,,,,,,,,,,,0.400416000000007,-7.5,72.99249999999999,-7.5,77.50750000000001,26.961706311939963,20.465228281772628,,,,,,,,cal_est,cal_est,naive_local,2025-12-06 13:00:00-06:00,-1.0,-3.0,,,Away Cover,Away Cover,0.0,0.0,Away Cover,Away Win,Over,1.0,1.0,,0.0,0.0,derived2,derived,derived2,derived,,,,,0.42518400000000156
401830634,2025-12-06,2025-12-06 13:00,Western Illinois Leathernecks,Hannibal-Lagrange Trojans,78.0,47.0,32.0,22.0,46.0,25.0,False,Western Hall,,0.0,0.0,,,,,140.145,0.0,140.145,-0.0,125.0,31.0,Home Cover,Under,,,,,,,32.0,22.0,46.0,25.0,54.0,71.0,,,[],2025-12-06 19:00:00+00:00,hanniballagrangetrojans::westernillinoisleathernecks,2025-12-06 19:00:00+00:00,2025-12-06 13:00,2025-12-06,hanniballagrangetrojans::westernillinoisleathernecks,hanniballagrangetrojans::westernillinoisleathernecks@2025-12-06,6.2,westernillinoisleathernecks,hanniballagrangetrojans,,,,,,,cal,70.0725,70.0725,False,cal,synthetic_pred,synthetic_pred_margin,2025-12-06 19:00:00+00:00,0.0034758137700676055,0.0003203804912776407,0.040634373498359126,0.00801281293165996,0.05,0.05,,12.0,7.0,light,2025-12-06T19:00:00Z,2025-12-06 13:00,,market,0.5,,0.5,131.78538700358075,164.4010485839844,-46.865805098364255,6.16140343601685,0.5,0.5,,0.5,0.040634373498359126,0.00801281293165996,,0.0,,140.07725000000002,0.0,140.145,0.0,model_synthetic,,,,,,140.145,1.0,0.0,False,112.0,67.970325,72.17467500000001,0.0,0.0,33.9851625,33.9851625,Even,36.087337500000004,36.087337500000004,Even,0.0,0.5,,,Even,0.0,,0.0,,0.0,,[],,,,,,,,,,,,,,,,,0.0,-0.0,67.970325,0.0,72.17467500000001,26.961706311939963,20.465228281772628,,,,,,,,cal_est,cal_est,naive_local,2025-12-06 13:00:00-06:00,10.0,21.0,,,Home Cover,Home Cover,,,Push,Home Win,,,,,,,derived2,derived,derived2,derived,,,,,0.0
401825388,2025-12-06,2025-12-06 13:00,West Georgia Wolves,Tennessee Tech Golden Eagles,59.0,87.0,33.0,38.0,26.0,49.0,False,The Coliseum,,0.0,0.0,,,,,152.6308,1.6500000000000001,151.5,-3.0,146.0,-28.0,Away Cover,Under,,,,,,,33.0,38.0,26.0,49.0,71.0,75.0,,,[],2025-12-06 19:00:00+00:00,tennesseetechgolden::westgeorgiawolves,2025-12-06 19:00:00+00:00,2025-12-06 13:00,2025-12-06,tennesseetechgolden::westgeorgiawolves,tennesseetechgolden::westgeorgiawolves@2025-12-06,7.2,westgeorgiawolves,tennesseetechgolden,151.5,-3.0,152.0,-4.0,,,cal,77.1404,75.4904,False,cal,,,2025-12-06 19:00:00+00:00,0.12862991653368502,0.0054204626584429235,0.44849087871973436,0.06720329854580932,0.44849087871973436,0.06720329854580932,0.5,12.0,7.0,light,2025-12-06T19:00:00Z,2025-12-06 13:00,,market,0.5354049891511223,0.5,0.5354049891511223,144.27118700358074,176.88684858398437,-43.865805098364255,9.161403436016851,0.6140971349023693,0.5354049891511223,0.5570485674511847,0.5354049891511223,0.44849087871973436,0.06720329854580932,,6.0,,152.6293,1.6500000000000001,152.6308,1.6500000000000001,model_synthetic,,,,,,152.6308,1.0,0.0,False,112.0,74.025938,78.604862,1.5,1.5,37.762969,36.262969,Home,40.052431,38.552431,Home,4.65,0.6055324872205857,,,Home,3.0,Over,1.1307999999999936,,0.0,4.65,[],,,,,,,,,,,,,,,,,0.5484380000000044,-1.5,73.47749999999999,-1.5,78.02250000000001,26.961706311939963,20.465228281772628,,,,,,,,cal_est,cal_est,naive_local,2025-12-06 13:00:00-06:00,-5.0,-23.0,,,Away Cover,Away Cover,0.0,0.0,Away Cover,Away Win,Under,0.0,0.0,,0.0,0.0,derived2,derived,derived2,derived,,,,,0.5823619999999892
401826754,2025-12-06,2025-12-06 13:00,South Carolina Upstate Spartans,Western Carolina Catamounts,78.0,67.0,40.0,38.0,38.0,29.0,False,G.B. Hodge Center,,0.0,0.0,,,,,151.8672,-0.55,151.0,1.0,145.0,11.0,Home Cover,Under,,,,,,,40.0,38.0,38.0,29.0,78.0,67.0,,,[],2025-12-06 19:00:00+00:00,uscupstate::westerncarolinacatamounts,2025-12-06 19:00:00+00:00,2025-12-06 13:00,2025-12-06,uscupstate::westerncarolinacatamounts,uscupstate::westerncarolinacatamounts@2025-12-06,7.2,uscupstate,westerncarolinacatamounts,151.0,1.0,151.0,1.0,,,cal,75.65859999999999,76.2086,False,cal,,,2025-12-06 19:00:00+00:00,0.20066844286432461,7.31210501747904e-05,0.5,0.001828779567946207,0.5,0.05,0.5,12.0,7.0,light,2025-12-06T19:00:00Z,2025-12-06 13:00,,market,0.52716646711229,0.5,0.52716646711229,143.50758700358074,176.12324858398438,-47.865805098364255,5.16140343601685,0.4614937380503151,0.52716646711229,0.48074686902515756,0.52716646711229,0.5,0.001828779567946207,,-2.0,,151.93495,-0.55,151.8672,-0.55,model_synthetic,,,,,,151.8672,1.0,0.0,False,112.0,73.655592,78.211608,-0.5,-0.5,36.577796,37.077796,Away,38.855804,39.355804,Away,-1.55,0.46434632916602836,,,Away,1.0,Over,0.8671999999999969,,0.0,-1.55,[],,,,,,,,,,,,,,,,,0.4205919999999992,0.5,73.235,0.5,77.765,26.961706311939963,20.465228281772628,,,,,,,,cal_est,cal_est,naive_local,2025-12-06 13:00:00-06:00,2.0,9.0,,,Home Cover,Home Cover,0.0,0.0,Home Cover,Home Win,Under,0.0,0.0,,0.0,0.0,derived2,derived,derived2,derived,,,,,0.4466079999999977
401825207,2025-12-06,2025-12-06 13:00,South Carolina Gamecocks,Stetson Hatters,82.0,51.0,43.0,24.0,39.0,27.0,False,Colonial Life Arena,,0.0,0.0,,,,,141.4632,12.375000000000002,140.5,-22.5,133.0,31.0,Home Cover,Under,,,,,,,43.0,24.0,39.0,27.0,67.0,66.0,,,[],2025-12-06 19:00:00+00:00,southcarolinagamecocks::stetsonhatters,2025-12-06 19:00:00+00:00,2025-12-06 13:00,2025-12-06,southcarolinagamecocks::stetsonhatters,southcarolinagamecocks::stetsonhatters@2025-12-06,7.2,southcarolinagamecocks,stetsonhatters,140.5,-22.5,140.5,-22.5,,,cal,76.9191,64.5441,False,cal,,,2025-12-06 19:00:00+00:00,0.0013024631211304765,0.0001928399675535972,0.015226584746174403,0.004822985880295981,0.05,0.05,0.5,12.0,7.0,light,2025-12-06T19:00:00Z,2025-12-06 13:00,,market,0.5301683720824786,0.5,0.5301683720824786,133.10358700358074,165.71924858398438,-24.365805098364255,28.66140343601685,0.9851888010221932,0.5301683720824786,0.7425944005110966,0.5301683720824786,0.015226584746174403,0.004822985880295981,,45.0,,141.53845,12.375000000000002,141.4632,12.375000000000002,model_synthetic,,,,,,141.4632,1.0,0.0,False,112.0,68.609652,72.853548,11.25,11.25,39.929826,28.679826,Home,42.051774,30.801774,Home,34.875,0.9613683488409503,,,Home,22.5,Over,0.9632000000000005,,0.0,34.875,[],,,,,,,,,,,,,,,,,0.4671519999999987,-11.25,68.1425,-11.25,72.3575,26.961706311939963,20.465228281772628,,,,,,,,cal_est,cal_est,naive_local,2025-12-06 13:00:00-06:00,19.0,12.0,,,Home Cover,Home Cover,1.0,1.0,Home Cover,Home Win,Under,0.0,0.0,,1.0,1.0,derived2,derived,derived2,derived,,,,,0.4960480000000018
401829275,2025-12-06,2025-12-06 13:00,SIU Edwardsville Cougars,Western Michigan Broncos,73.0,83.0,28.0,36.0,45.0,47.0,False,First Community Arena,,0.0,0.0,,,,,141.4432,3.575,142.0,-6.5,156.0,-10.0,Away Cover,Over,,,,,,,28.0,36.0,45.0,47.0,64.0,92.0,,,[],2025-12-06 19:00:00+00:00,siuedwardsville::westernmichigan,2025-12-06 19:00:00+00:00,2025-12-06 13:00,2025-12-06,siuedwardsville::westernmichigan,siuedwardsville::westernmichigan@2025-12-06,7.2,siuedwardsville,westernmichigan,142.0,-6.5,142.0,-6.5,,,cal,72.50909999999999,68.9341,False,cal,,,2025-12-06 19:00:00+00:00,0.002647914941182819,0.0003522547247775985,0.030955733485633647,0.008809997146456236,0.05,0.05,0.5,12.0,7.0,light,2025-12-06T19:00:00Z,2025-12-06 13:00,,market,0.48254938988187346,0.5,0.48254938988187346,133.08358700358073,165.69924858398437,-40.365805098364255,12.661403436016851,0.7351169452650828,0.4825493898818734,0.6175584726325414,0.48254938988187346,0.030955733485633647,0.008809997146456236,,13.0,,141.3997,3.575,141.4432,3.575,model_synthetic,,,,,,141.4432,1.0,0.0,False,112.0,68.59995199999999,72.843248,3.25,3.25,35.924975999999994,32.674975999999994,Home,38.046624,34.796624,Home,10.075,0.7167853694650885,,,Home,6.5,Under,0.5568000000000097,,0.0,10.075,[],,,,,,,,,,,,,,,,,-0.27004800000001694,-3.25,68.87,-3.25,73.13,26.961706311939963,20.465228281772628,,,,,,,,cal_est,cal_est,naive_local,2025-12-06 13:00:00-06:00,-8.0,-2.0,,,Away Cover,Away Cover,0.0,0.0,Away Cover,Away Win,Over,0.0,0.0,,0.0,0.0,derived2,derived,derived2,derived,,,,,-0.2867519999999928
synthetic:stfrancisparedflash::troytrojans@2025-12-06,2025-12-06,,Troy Trojans,Saint Francis (PA) Red Flash,0.0,0.0,,,,,False,,,,,,,,,142.724,0.0,,,,,,,,,,,,,,,,,,,,,,,,,,,,,,,,,,,,,,cal,71.362,71.362,,cal,,,,,,,,,,,,,,,,,,,,,,,,,,,,,,,,,,142.814,0.0,142.724,0.0,model_synthetic,,,,,,,,,,,69.22113999999999,73.50286,0.0,0.0,34.610569999999996,34.610569999999996,,36.75143,36.75143,,,,,,,,,,,,,,2025.0,,,,,,,,,,,,,,,even,,,,,,26.961706311939963,20.465228281772628,,,,,,,even,cal_est,cal_est,fail,,,,,,,,,,,,,,,,,,,,,,,,,,
