date,game_id,home_team,away_team,start_time_local,start_time_iso,start_tz_abbr,abs_margin_proxy,abs_margin_proxy_source,segment_probs_source,segment_probs_half1_len_passed,segment_probs_half2_len_passed,segment_probs_half1_hash_passed,segment_probs_half2_hash_passed,segment,half,start_min,end_min,mu_home_pts_seg,mu_away_pts_seg,mu_total_pts_seg,mu_margin_pts_seg,q10_home_pts_seg,q50_home_pts_seg,q90_home_pts_seg,q10_away_pts_seg,q50_away_pts_seg,q90_away_pts_seg,q10_total_pts_seg,q50_total_pts_seg,q90_total_pts_seg,q10_margin_pts_seg,q50_margin_pts_seg,q90_margin_pts_seg,mu_home_score_end,mu_away_score_end,mu_total_score_end,mu_margin_score_end,q10_home_score_end,q50_home_score_end,q90_home_score_end,q10_away_score_end,q50_away_score_end,q90_away_score_end,q10_total_score_end,q50_total_score_end,q90_total_score_end,q10_margin_score_end,q50_margin_score_end,q90_margin_score_end
2026-03-12,401851177,Virginia Cavaliers,NC State Wolfpack,2026-03-12 12:00,2026-03-12T16:00:00Z,EDT,6.5,spread,team,10,10,e71d8f615a21,0b68071d0b61,1,1,0,2,3.45275,3.12825,6.581,0.3245,1.0,3.0,6.0,1.0,3.0,6.0,3.0,6.0,10.0,-3.0,0.0,3.0,3.45275,3.12825,6.791126454772274,0.3245,1.0,3.0,6.0,1.0,3.0,6.0,3.210126454772273,6.210126454772274,10.210126454772274,-3.0,0.0,3.0
2026-03-12,401851177,Virginia Cavaliers,NC State Wolfpack,2026-03-12 12:00,2026-03-12T16:00:00Z,EDT,6.5,spread,team,10,10,e71d8f615a21,0b68071d0b61,2,1,2,4,4.16075,3.726,7.88675,0.43475,2.0,4.0,7.0,1.0,4.0,6.0,4.0,8.0,12.0,-3.0,0.0,4.0,7.6135,6.85425,14.888002909544548,0.75925,4.0,7.0,11.0,4.0,7.0,10.0,9.420252909544548,14.420252909544548,20.420252909544548,-4.0,1.0,5.0
2026-03-12,401851177,Virginia Cavaliers,NC State Wolfpack,2026-03-12 12:00,2026-03-12T16:00:00Z,EDT,6.5,spread,team,10,10,e71d8f615a21,0b68071d0b61,3,1,4,6,3.97975,3.6075,7.58725,0.37225,2.0,4.0,7.0,1.0,3.0,6.0,4.0,7.0,11.0,-3.0,0.0,4.0,11.59325,10.46175,22.68537936431682,1.1315,7.0,11.0,16.0,6.0,10.0,15.0,16.63037936431682,22.63037936431682,29.63037936431682,-4.0,1.0,7.0
2026-03-12,401851177,Virginia Cavaliers,NC State Wolfpack,2026-03-12 12:00,2026-03-12T16:00:00Z,EDT,6.5,spread,team,10,10,e71d8f615a21,0b68071d0b61,4,1,6,8,3.8645,3.4295,7.294,0.435,2.0,4.0,6.0,1.0,3.0,6.0,4.0,7.0,11.0,-3.0,0.0,4.0,15.45775,13.89125,30.189505819089096,1.5665,11.0,15.0,21.0,9.0,14.0,19.0,22.840505819089092,29.840505819089092,37.840505819089095,-5.0,2.0,8.0
2026-03-12,401851177,Virginia Cavaliers,NC State Wolfpack,2026-03-12 12:00,2026-03-12T16:00:00Z,EDT,6.5,spread,team,10,10,e71d8f615a21,0b68071d0b61,5,1,8,10,3.75825,3.422,7.18025,0.33625,1.0,4.0,6.0,1.0,3.0,6.0,4.0,7.0,11.0,-3.0,0.0,4.0,19.216,17.31325,32.06649195915492,1.90275,13.0,19.0,25.0,12.0,17.0,23.0,23.53724195915492,31.53724195915492,41.53724195915492,-5.0,2.0,9.0
2026-03-12,401851177,Virginia Cavaliers,NC State Wolfpack,2026-03-12 12:00,2026-03-12T16:00:00Z,EDT,6.5,spread,team,10,10,e71d8f615a21,0b68071d0b61,6,1,10,12,3.92325,3.59625,7.5195,0.327,2.0,4.0,7.0,1.0,3.0,6.0,4.0,7.0,11.0,-3.0,0.0,4.0,23.13925,20.9095,45.30950872863364,2.22975,17.0,23.0,30.0,15.0,21.0,27.0,35.26075872863364,45.26075872863364,55.26075872863364,-5.0,2.0,10.0
2026-03-12,401851177,Virginia Cavaliers,NC State Wolfpack,2026-03-12 12:00,2026-03-12T16:00:00Z,EDT,6.5,spread,team,10,10,e71d8f615a21,0b68071d0b61,7,1,12,14,3.93475,3.56175,7.4965,0.373,2.0,4.0,7.0,1.0,3.0,6.0,4.0,7.0,11.0,-3.0,0.0,4.0,27.074,24.47125,53.01613518340592,2.60275,20.0,27.0,34.0,18.0,24.0,31.0,42.47088518340591,52.47088518340591,64.47088518340591,-6.0,3.0,11.0
2026-03-12,401851177,Virginia Cavaliers,NC State Wolfpack,2026-03-12 12:00,2026-03-12T16:00:00Z,EDT,6.5,spread,team,10,10,e71d8f615a21,0b68071d0b61,8,1,14,16,4.01675,3.61,7.62675,0.40675,2.0,4.0,7.0,1.0,3.0,6.0,4.0,7.0,11.0,-3.0,0.0,4.0,31.09075,28.08125,60.85301163817819,3.0095,24.0,31.0,39.0,21.0,28.0,35.0,48.68101163817819,60.68101163817819,72.68101163817819,-5.0,3.0,11.0
2026-03-12,401851177,Virginia Cavaliers,NC State Wolfpack,2026-03-12 12:00,2026-03-12T16:00:00Z,EDT,6.5,spread,team,10,10,e71d8f615a21,0b68071d0b61,9,1,16,18,4.05775,3.64725,7.705,0.4105,2.0,4.0,7.0,1.0,3.0,6.0,4.0,8.0,11.099999999999907,-3.0,0.0,4.0,35.1485,31.7285,68.76813809295045,3.42,27.0,35.0,43.0,24.0,32.0,39.0,55.89113809295046,68.89113809295046,81.89113809295046,-5.0,3.0,12.0
2026-03-12,401851177,Virginia Cavaliers,NC State Wolfpack,2026-03-12 12:00,2026-03-12T16:00:00Z,EDT,6.5,spread,team,10,10,e71d8f615a21,0b68071d0b61,10,1,18,20,4.19025,3.8345,8.02475,0.35575,2.0,4.0,7.0,1.0,4.0,6.0,4.0,8.0,12.0,-3.0,0.0,4.0,39.33875,35.563,74.90175,3.77575,31.0,39.0,48.0,28.0,35.0,44.0,61.0,75.0,89.0,-5.0,4.0,13.0
2026-03-12,401851177,Virginia Cavaliers,NC State Wolfpack,2026-03-12 12:00,2026-03-12T16:00:00Z,EDT,6.5,spread,team,10,10,e71d8f615a21,0b68071d0b61,11,2,20,22,2.19725,1.88925,4.0865,0.308,0.0,2.0,4.0,0.0,2.0,4.0,2.0,4.0,7.0,-2.0,0.0,3.0,41.536,37.45225,80.78158813737492,4.08375,33.0,41.0,50.0,30.0,37.0,46.0,66.79333813737493,80.79333813737493,94.79333813737492,-5.0,4.0,13.0
2026-03-12,401851177,Virginia Cavaliers,NC State Wolfpack,2026-03-12 12:00,2026-03-12T16:00:00Z,EDT,6.5,spread,team,10,10,e71d8f615a21,0b68071d0b61,12,2,22,24,2.4235,2.17725,4.60075,0.24625,1.0,2.0,5.0,0.0,2.0,4.0,2.0,4.0,8.0,-2.0,0.0,3.0,43.9595,39.6295,85.07441172702713,4.33,35.0,44.0,53.0,32.0,39.0,48.0,71.48541172702713,85.48541172702713,98.58541172702704,-5.0,4.0,14.0
2026-03-12,401851177,Virginia Cavaliers,NC State Wolfpack,2026-03-12 12:00,2026-03-12T16:00:00Z,EDT,6.5,spread,team,10,10,e71d8f615a21,0b68071d0b61,13,2,24,26,2.344,2.0795,4.4235,0.2645,0.0,2.0,5.0,0.0,2.0,4.0,2.0,4.0,8.0,-2.0,0.0,3.0,46.3035,41.709,89.18998531667933,4.5945,37.0,46.0,55.0,34.0,42.0,50.0,75.17748531667932,89.17748531667932,103.17748531667932,-5.0,5.0,15.0
2026-03-12,401851177,Virginia Cavaliers,NC State Wolfpack,2026-03-12 12:00,2026-03-12T16:00:00Z,EDT,6.5,spread,team,10,10,e71d8f615a21,0b68071d0b61,14,2,26,28,2.25,2.03925,4.28925,0.21075,0.0,2.0,4.0,0.0,2.0,4.0,2.0,4.0,7.0,-2.0,0.0,3.0,48.5535,43.74825,93.17130890633152,4.80525,39.0,49.0,58.0,35.0,44.0,52.0,78.86955890633152,92.86955890633152,107.86955890633152,-6.0,5.0,15.0
2026-03-12,401851177,Virginia Cavaliers,NC State Wolfpack,2026-03-12 12:00,2026-03-12T16:00:00Z,EDT,6.5,spread,team,10,10,e71d8f615a21,0b68071d0b61,15,2,28,30,2.19625,1.97725,4.1735,0.219,0.0,2.0,4.0,0.0,2.0,4.0,2.0,4.0,7.0,-2.0,0.0,3.0,50.74975,45.7255,93.17130890633152,5.02425,41.0,51.0,60.0,37.0,46.0,55.0,78.86955890633152,92.86955890633152,107.86955890633152,-6.0,5.0,16.0
2026-03-12,401851177,Virginia Cavaliers,NC State Wolfpack,2026-03-12 12:00,2026-03-12T16:00:00Z,EDT,6.5,spread,team,10,10,e71d8f615a21,0b68071d0b61,16,2,30,32,2.35075,2.11075,4.4615,0.24,1.0,2.0,4.0,0.0,2.0,4.0,2.0,4.0,7.0,-2.0,0.0,3.0,53.1005,47.83625,101.19045608563592,5.26425,43.0,53.0,63.0,39.0,48.0,57.0,86.25370608563591,101.25370608563593,116.25370608563593,-6.0,5.0,16.0
2026-03-12,401851177,Virginia Cavaliers,NC State Wolfpack,2026-03-12 12:00,2026-03-12T16:00:00Z,EDT,6.5,spread,team,10,10,e71d8f615a21,0b68071d0b61,17,2,32,34,2.317,2.0555,4.3725,0.2615,0.0,2.0,4.0,0.0,2.0,4.0,2.0,4.0,7.0,-2.0,0.0,3.0,55.4175,49.89175,105.25502967528811,5.52575,45.0,55.0,66.0,41.0,50.0,59.0,89.94577967528811,104.94577967528812,120.94577967528812,-6.0,5.0,17.0
2026-03-12,401851177,Virginia Cavaliers,NC State Wolfpack,2026-03-12 12:00,2026-03-12T16:00:00Z,EDT,6.5,spread,team,10,10,e71d8f615a21,0b68071d0b61,18,2,34,36,2.401,2.1435,4.5445,0.2575,0.0,2.0,5.0,0.0,2.0,4.0,2.0,4.0,7.0,-2.0,0.0,3.0,57.8185,52.03525,109.49160326494032,5.78325,48.0,58.0,68.0,43.0,52.0,62.0,93.6378532649403,109.6378532649403,125.6378532649403,-6.0,6.0,18.0
2026-03-12,401851177,Virginia Cavaliers,NC State Wolfpack,2026-03-12 12:00,2026-03-12T16:00:00Z,EDT,6.5,spread,team,10,10,e71d8f615a21,0b68071d0b61,19,2,36,38,2.3485,2.07875,4.42725,0.26975,0.0,2.0,4.0,0.0,2.0,4.0,2.0,4.0,7.0,-2.0,0.0,3.0,60.167,54.114,113.6109268545925,6.053,50.0,60.0,71.0,44.0,54.0,64.0,97.3299268545925,113.3299268545925,130.3299268545925,-6.0,6.0,18.0
2026-03-12,401851177,Virginia Cavaliers,NC State Wolfpack,2026-03-12 12:00,2026-03-12T16:00:00Z,EDT,6.5,spread,team,10,10,e71d8f615a21,0b68071d0b61,20,2,38,40,3.85175,3.50425,7.356,0.3475,1.0,4.0,7.0,1.0,3.0,6.0,4.0,7.0,11.0,-3.0,0.0,4.0,64.01875,57.61825,121.637,6.4005,53.0,64.0,75.0,47.0,58.0,68.0,104.0,121.0,139.0,-6.0,6.0,19.0
2026-03-12,401851178,Miami Hurricanes,Louisville Cardinals,2026-03-12 14:30,2026-03-12T18:30:00Z,EDT,0.5,spread,team,10,10,e71d8f615a21,0b68071d0b61,1,1,0,2,3.00225,3.3895,6.39175,-0.38725,1.0,3.0,5.0,1.0,3.0,6.0,3.0,6.0,10.0,-4.0,0.0,3.0,3.00225,3.3895,6.601876454772274,-0.38725,1.0,3.0,5.0,1.0,3.0,6.0,3.210126454772273,6.210126454772274,10.210126454772274,-4.0,0.0,3.0
2026-03-12,401851178,Miami Hurricanes,Louisville Cardinals,2026-03-12 14:30,2026-03-12T18:30:00Z,EDT,0.5,spread,team,10,10,e71d8f615a21,0b68071d0b61,2,1,2,4,3.643,4.10325,7.74625,-0.46025,1.0,3.0,6.0,2.0,4.0,7.0,4.0,8.0,11.0,-4.0,0.0,3.0,6.64525,7.49275,14.558252909544548,-0.8475,3.0,6.0,10.0,4.0,7.0,11.0,9.420252909544548,14.420252909544548,19.420252909544548,-5.0,-1.0,4.0
2026-03-12,401851178,Miami Hurricanes,Louisville Cardinals,2026-03-12 14:30,2026-03-12T18:30:00Z,EDT,0.5,spread,team,10,10,e71d8f615a21,0b68071d0b61,3,1,4,6,3.51675,3.92525,7.442,-0.4085,1.0,3.0,6.0,2.0,4.0,7.0,4.0,7.0,11.0,-4.0,0.0,3.0,10.162,11.418,22.210379364316815,-1.256,6.0,10.0,14.099999999999907,7.0,11.0,16.0,15.63037936431682,21.63037936431682,28.63037936431682,-7.0,-1.0,4.0
2026-03-12,401851178,Miami Hurricanes,Louisville Cardinals,2026-03-12 14:30,2026-03-12T18:30:00Z,EDT,0.5,spread,team,10,10,e71d8f615a21,0b68071d0b61,4,1,6,8,3.453,3.8255,7.2785,-0.3725,1.0,3.0,6.0,2.0,4.0,6.0,4.0,7.0,11.0,-4.0,0.0,3.0,13.615,15.2435,29.69900581908909,-1.6285,9.0,13.0,19.0,10.0,15.0,21.0,21.840505819089092,29.840505819089092,37.840505819089095,-8.0,-2.0,5.0
2026-03-12,401851178,Miami Hurricanes,Louisville Cardinals,2026-03-12 14:30,2026-03-12T18:30:00Z,EDT,0.5,spread,team,10,10,e71d8f615a21,0b68071d0b61,5,1,8,10,3.37125,3.72625,7.0975,-0.355,1.0,3.0,6.0,1.0,4.0,6.0,4.0,7.0,11.0,-4.0,0.0,3.0,16.98625,18.96975,31.49324195915492,-1.9835,12.0,17.0,22.0,13.0,19.0,25.0,22.53724195915492,31.53724195915492,40.53724195915492,-9.0,-2.0,5.0
2026-03-12,401851178,Miami Hurricanes,Louisville Cardinals,2026-03-12 14:30,2026-03-12T18:30:00Z,EDT,0.5,spread,team,10,10,e71d8f615a21,0b68071d0b61,6,1,10,12,3.504,3.9555,7.4595,-0.4515,1.0,3.0,6.0,2.0,4.0,7.0,4.0,7.0,11.0,-4.0,0.0,3.0,20.49025,22.92525,44.67625872863364,-2.435,15.0,20.0,27.0,17.0,23.0,30.0,35.26075872863364,44.26075872863364,54.26075872863364,-10.0,-2.0,5.0
2026-03-12,401851178,Miami Hurricanes,Louisville Cardinals,2026-03-12 14:30,2026-03-12T18:30:00Z,EDT,0.5,spread,team,10,10,e71d8f615a21,0b68071d0b61,7,1,12,14,3.5345,3.89825,7.43275,-0.36375,1.0,3.0,6.0,1.900000000000034,4.0,7.0,4.0,7.0,11.0,-4.0,0.0,3.0,24.02475,26.8235,52.31913518340591,-2.79875,18.0,24.0,31.0,20.0,27.0,34.0,41.47088518340591,52.47088518340591,63.47088518340591,-11.0,-3.0,5.0
2026-03-12,401851178,Miami Hurricanes,Louisville Cardinals,2026-03-12 14:30,2026-03-12T18:30:00Z,EDT,0.5,spread,team,10,10,e71d8f615a21,0b68071d0b61,8,1,14,16,3.5935,4.034,7.6275,-0.4405,1.0,3.0,6.0,2.0,4.0,7.0,4.0,7.0,11.0,-4.0,0.0,3.0,27.61825,30.8575,60.15676163817819,-3.23925,21.0,27.0,35.0,23.0,31.0,39.0,47.68101163817819,59.68101163817819,72.68101163817819,-12.0,-3.0,5.0
2026-03-12,401851178,Miami Hurricanes,Louisville Cardinals,2026-03-12 14:30,2026-03-12T18:30:00Z,EDT,0.5,spread,team,10,10,e71d8f615a21,0b68071d0b61,9,1,16,18,3.5785,3.98925,7.56775,-0.41075,1.0,3.0,6.0,2.0,4.0,7.0,4.0,7.0,11.0,-4.0,0.0,3.0,31.19675,34.84675,67.93463809295045,-3.65,24.0,31.0,39.0,27.0,35.0,43.0,54.89113809295046,67.89113809295046,80.89113809295046,-12.0,-4.0,5.0
2026-03-12,401851178,Miami Hurricanes,Louisville Cardinals,2026-03-12 14:30,2026-03-12T18:30:00Z,EDT,0.5,spread,team,10,10,e71d8f615a21,0b68071d0b61,10,1,18,20,3.723,4.19025,7.91325,-0.46725,1.0,4.0,6.0,2.0,4.0,7.0,4.0,8.0,12.0,-4.0,0.0,3.0,34.91975,39.037,73.95675,-4.11725,27.0,35.0,43.0,30.0,39.0,48.0,60.0,74.0,88.0,-13.0,-4.0,5.0
2026-03-12,401851178,Miami Hurricanes,Louisville Cardinals,2026-03-12 14:30,2026-03-12T18:30:00Z,EDT,0.5,spread,team,10,10,e71d8f615a21,0b68071d0b61,11,2,20,22,1.89325,1.97,3.86325,-0.07675,0.0,2.0,4.0,0.0,2.0,4.0,1.0,4.0,7.0,-3.0,0.0,2.0,36.813,41.007,79.61333813737492,-4.194,29.0,37.0,45.0,32.0,41.0,50.0,65.79333813737493,79.79333813737493,93.79333813737492,-13.0,-4.0,5.0
2026-03-12,401851178,Miami Hurricanes,Louisville Cardinals,2026-03-12 14:30,2026-03-12T18:30:00Z,EDT,0.5,spread,team,10,10,e71d8f615a21,0b68071d0b61,12,2,22,24,2.16825,2.19475,4.363,-0.0265,0.0,2.0,4.0,0.0,2.0,4.0,2.0,4.0,7.0,-3.0,0.0,3.0,38.98125,43.20175,83.66841172702713,-4.2205,31.0,39.0,47.0,34.0,43.0,52.0,69.48541172702713,83.48541172702713,97.48541172702711,-14.0,-4.0,6.0
2026-03-12,401851178,Miami Hurricanes,Louisville Cardinals,2026-03-12 14:30,2026-03-12T18:30:00Z,EDT,0.5,spread,team,10,10,e71d8f615a21,0b68071d0b61,13,2,24,26,2.0895,2.145,4.2345,-0.0555,0.0,2.0,4.0,0.0,2.0,4.0,2.0,4.0,7.0,-3.0,0.0,3.0,41.07075,45.34675,87.59498531667933,-4.276,33.0,41.0,49.0,36.0,45.0,54.0,73.17748531667932,87.17748531667932,101.17748531667932,-14.0,-4.0,6.0
2026-03-12,401851178,Miami Hurricanes,Louisville Cardinals,2026-03-12 14:30,2026-03-12T18:30:00Z,EDT,0.5,spread,team,10,10,e71d8f615a21,0b68071d0b61,14,2,26,28,2.036,2.0815,4.1175,-0.0455,0.0,2.0,4.0,0.0,2.0,4.0,1.0,4.0,7.0,-3.0,0.0,3.0,43.10675,47.42825,91.40455890633152,-4.3215,34.0,43.0,52.0,38.0,47.0,57.0,76.86955890633152,91.86955890633152,105.86955890633152,-15.0,-4.0,6.0
2026-03-12,401851178,Miami Hurricanes,Louisville Cardinals,2026-03-12 14:30,2026-03-12T18:30:00Z,EDT,0.5,spread,team,10,10,e71d8f615a21,0b68071d0b61,15,2,28,30,2.0015,2.01375,4.01525,-0.01225,0.0,2.0,4.0,0.0,2.0,4.0,1.0,4.0,7.0,-2.0,0.0,2.0,45.10825,49.442,91.40455890633152,-4.33375,36.0,45.0,54.0,40.0,49.0,59.0,76.86955890633152,91.86955890633152,105.86955890633152,-15.0,-4.0,7.0
2026-03-12,401851178,Miami Hurricanes,Louisville Cardinals,2026-03-12 14:30,2026-03-12T18:30:00Z,EDT,0.5,spread,team,10,10,e71d8f615a21,0b68071d0b61,16,2,30,32,2.13175,2.184,4.31575,-0.05225,0.0,2.0,4.0,0.0,2.0,4.0,2.0,4.0,7.0,-3.0,0.0,3.0,47.24,51.626,99.11970608563593,-4.386,38.0,47.0,56.0,42.0,51.0,61.0,84.25370608563591,99.25370608563593,114.25370608563593,-16.0,-4.0,7.0
2026-03-12,401851178,Miami Hurricanes,Louisville Cardinals,2026-03-12 14:30,2026-03-12T18:30:00Z,EDT,0.5,spread,team,10,10,e71d8f615a21,0b68071d0b61,17,2,32,34,2.0745,2.0565,4.131,0.018,0.0,2.0,4.0,0.0,2.0,4.0,1.0,4.0,7.0,-3.0,0.0,3.0,49.3145,53.6825,102.94277967528812,-4.368,40.0,49.0,59.0,44.0,54.0,63.0,87.94577967528811,102.94577967528812,117.94577967528812,-16.0,-4.0,7.0
2026-03-12,401851178,Miami Hurricanes,Louisville Cardinals,2026-03-12 14:30,2026-03-12T18:30:00Z,EDT,0.5,spread,team,10,10,e71d8f615a21,0b68071d0b61,18,2,34,36,2.109,2.17175,4.28075,-0.06275,0.0,2.0,4.0,0.0,2.0,4.0,2.0,4.0,7.0,-3.0,0.0,3.0,51.4235,55.85425,106.9156032649403,-4.43075,42.0,51.0,61.0,46.0,56.0,66.0,91.6378532649403,106.6378532649403,122.6378532649403,-16.0,-5.0,7.0
2026-03-12,401851178,Miami Hurricanes,Louisville Cardinals,2026-03-12 14:30,2026-03-12T18:30:00Z,EDT,0.5,spread,team,10,10,e71d8f615a21,0b68071d0b61,19,2,36,38,2.088,2.099,4.187,-0.011,0.0,2.0,4.0,0.0,2.0,4.0,2.0,4.0,7.0,-3.0,0.0,3.0,53.5115,57.95325,110.7946768545925,-4.44175,44.0,53.0,63.0,48.0,58.0,68.0,95.3299268545925,110.3299268545925,127.3299268545925,-16.0,-4.0,7.0
2026-03-12,401851178,Miami Hurricanes,Louisville Cardinals,2026-03-12 14:30,2026-03-12T18:30:00Z,EDT,0.5,spread,team,10,10,e71d8f615a21,0b68071d0b61,20,2,38,40,3.4855,3.55125,7.03675,-0.06575,1.0,3.0,6.0,1.0,3.0,6.0,3.0,7.0,11.0,-3.0,0.0,3.0,56.997,61.5045,118.5015,-4.5075,46.900000000000034,57.0,68.0,51.0,61.5,72.0,102.0,118.0,136.0,-17.0,-5.0,8.0
2026-03-12,401851179,Duke Blue Devils,Florida State Seminoles,2026-03-12 19:00,2026-03-12T23:00:00Z,EDT,16.5,spread,team,10,10,e71d8f615a21,0b68071d0b61,1,1,0,2,3.543,3.105,6.648,0.438,1.0,3.0,6.0,1.0,3.0,5.0,3.0,6.0,10.0,-3.0,0.0,4.0,3.543,3.105,6.858126454772274,0.438,1.0,3.0,6.0,1.0,3.0,5.0,3.210126454772273,6.210126454772274,10.210126454772274,-3.0,0.0,4.0
2026-03-12,401851179,Duke Blue Devils,Florida State Seminoles,2026-03-12 19:00,2026-03-12T23:00:00Z,EDT,16.5,spread,team,10,10,e71d8f615a21,0b68071d0b61,2,1,2,4,4.31775,3.76725,8.085,0.5505,2.0,4.0,7.0,1.0,4.0,6.0,4.0,8.0,12.0,-3.0,1.0,4.0,7.86075,6.87225,15.153252909544548,0.9885,4.0,8.0,12.0,4.0,7.0,10.0,10.420252909544548,15.420252909544548,20.420252909544548,-4.0,1.0,6.0
2026-03-12,401851179,Duke Blue Devils,Florida State Seminoles,2026-03-12 19:00,2026-03-12T23:00:00Z,EDT,16.5,spread,team,10,10,e71d8f615a21,0b68071d0b61,3,1,4,6,4.13325,3.547,7.68025,0.58625,2.0,4.0,7.0,1.0,3.0,6.0,4.0,7.0,11.0,-3.0,1.0,4.0,11.994,10.41925,23.04362936431682,1.57475,8.0,12.0,17.0,6.0,10.0,15.0,16.63037936431682,22.63037936431682,29.63037936431682,-4.0,1.0,7.0
2026-03-12,401851179,Duke Blue Devils,Florida State Seminoles,2026-03-12 19:00,2026-03-12T23:00:00Z,EDT,16.5,spread,team,10,10,e71d8f615a21,0b68071d0b61,4,1,6,8,4.05075,3.51325,7.564,0.5375,2.0,4.0,7.0,1.0,3.0,6.0,4.0,7.0,11.0,-3.0,1.0,4.0,16.04475,13.9325,30.817755819089097,2.11225,11.0,16.0,21.0,9.0,14.0,19.0,22.840505819089092,30.840505819089092,38.840505819089095,-4.0,2.0,8.0
2026-03-12,401851179,Duke Blue Devils,Florida State Seminoles,2026-03-12 19:00,2026-03-12T23:00:00Z,EDT,16.5,spread,team,10,10,e71d8f615a21,0b68071d0b61,5,1,8,10,3.9245,3.40525,7.32975,0.51925,1.0,4.0,7.0,1.0,3.0,6.0,4.0,7.0,11.0,-3.0,0.5,4.0,19.96925,17.33775,32.84424195915492,2.6315,14.0,20.0,26.0,12.0,17.0,23.0,23.53724195915492,32.53724195915492,41.53724195915492,-4.0,3.0,10.0
2026-03-12,401851179,Duke Blue Devils,Florida State Seminoles,2026-03-12 19:00,2026-03-12T23:00:00Z,EDT,16.5,spread,team,10,10,e71d8f615a21,0b68071d0b61,6,1,10,12,4.175,3.67525,7.85025,0.49975,2.0,4.0,7.0,1.0,3.0,6.0,4.0,8.0,12.0,-3.0,0.0,4.0,24.14425,21.013,46.41800872863364,3.13125,18.0,24.0,31.0,15.0,21.0,27.0,36.26075872863364,46.26075872863364,56.26075872863364,-4.0,3.0,11.0
2026-03-12,401851179,Duke Blue Devils,Florida State Seminoles,2026-03-12 19:00,2026-03-12T23:00:00Z,EDT,16.5,spread,team,10,10,e71d8f615a21,0b68071d0b61,7,1,12,14,4.101,3.5835,7.6845,0.5175,2.0,4.0,7.0,1.0,3.0,6.0,4.0,8.0,11.0,-3.0,0.0,4.0,28.24525,24.5965,54.31263518340591,3.64875,21.0,28.0,35.0,18.0,25.0,31.0,43.47088518340591,54.47088518340591,65.47088518340591,-4.0,4.0,12.0
2026-03-12,401851179,Duke Blue Devils,Florida State Seminoles,2026-03-12 19:00,2026-03-12T23:00:00Z,EDT,16.5,spread,team,10,10,e71d8f615a21,0b68071d0b61,8,1,14,16,4.1825,3.6585,7.841,0.524,2.0,4.0,7.0,1.0,4.0,6.0,4.0,8.0,11.0,-3.0,0.0,4.0,32.42775,28.255,62.36376163817819,4.17275,25.0,32.0,40.0,21.0,28.0,35.0,50.68101163817819,61.68101163817819,74.68101163817819,-4.0,4.0,12.0
2026-03-12,401851179,Duke Blue Devils,Florida State Seminoles,2026-03-12 19:00,2026-03-12T23:00:00Z,EDT,16.5,spread,team,10,10,e71d8f615a21,0b68071d0b61,9,1,16,18,4.2405,3.6645,7.905,0.576,2.0,4.0,7.0,1.0,4.0,6.0,4.0,8.0,12.0,-3.0,1.0,4.0,36.66825,31.9195,70.47888809295046,4.74875,28.0,37.0,45.0,24.0,32.0,40.0,56.89113809295046,70.89113809295046,83.89113809295046,-4.0,5.0,13.0
2026-03-12,401851179,Duke Blue Devils,Florida State Seminoles,2026-03-12 19:00,2026-03-12T23:00:00Z,EDT,16.5,spread,team,10,10,e71d8f615a21,0b68071d0b61,10,1,18,20,4.3275,3.80975,8.13725,0.51775,2.0,4.0,7.0,1.0,4.0,6.0,4.0,8.0,12.0,-3.0,0.0,4.0,40.99575,35.72925,76.725,5.2665,32.0,41.0,50.0,28.0,36.0,44.0,63.0,76.0,91.0,-4.0,5.0,14.0
2026-03-12,401851179,Duke Blue Devils,Florida State Seminoles,2026-03-12 19:00,2026-03-12T23:00:00Z,EDT,16.5,spread,team,10,10,e71d8f615a21,0b68071d0b61,11,2,20,22,2.05425,1.7315,3.78575,0.32275,0.0,2.0,4.0,0.0,2.0,4.0,1.0,4.0,7.0,-2.0,0.0,3.0,43.05,37.46075,82.30408813737493,5.58925,34.0,43.0,52.0,29.0,37.0,46.0,67.79333813737493,81.79333813737493,96.79333813737492,-3.0,6.0,15.0
2026-03-12,401851179,Duke Blue Devils,Florida State Seminoles,2026-03-12 19:00,2026-03-12T23:00:00Z,EDT,16.5,spread,team,10,10,e71d8f615a21,0b68071d0b61,12,2,22,24,2.313,1.96075,4.27375,0.35225,0.0,2.0,4.0,0.0,2.0,4.0,2.0,4.0,7.0,-2.0,0.0,3.0,45.363,39.4215,86.26991172702712,5.9415,36.0,45.0,54.0,31.0,39.0,48.0,71.48541172702713,86.48541172702713,100.48541172702711,-3.0,6.0,15.0
2026-03-12,401851179,Duke Blue Devils,Florida State Seminoles,2026-03-12 19:00,2026-03-12T23:00:00Z,EDT,16.5,spread,team,10,10,e71d8f615a21,0b68071d0b61,13,2,24,26,2.20175,1.85325,4.055,0.3485,0.0,2.0,4.0,0.0,2.0,4.0,1.0,4.0,7.0,-2.0,0.0,3.0,47.56475,41.27475,90.01698531667932,6.29,38.0,47.5,57.0,33.0,41.0,50.0,75.17748531667932,90.17748531667932,105.17748531667932,-4.0,6.0,16.0
2026-03-12,401851179,Duke Blue Devils,Florida State Seminoles,2026-03-12 19:00,2026-03-12T23:00:00Z,EDT,16.5,spread,team,10,10,e71d8f615a21,0b68071d0b61,14,2,26,28,2.17125,1.835,4.00625,0.33625,0.0,2.0,4.0,0.0,2.0,4.0,1.0,4.0,7.0,-2.0,0.0,3.0,49.736,43.10975,93.71530890633152,6.62625,40.0,50.0,59.0,34.0,43.0,52.0,78.86955890633152,93.86955890633152,108.86955890633152,-4.0,7.0,17.0
2026-03-12,401851179,Duke Blue Devils,Florida State Seminoles,2026-03-12 19:00,2026-03-12T23:00:00Z,EDT,16.5,spread,team,10,10,e71d8f615a21,0b68071d0b61,15,2,28,30,2.1565,1.77625,3.93275,0.38025,0.0,2.0,4.0,0.0,2.0,4.0,1.0,4.0,7.0,-2.0,0.0,3.0,51.8925,44.886,93.71530890633152,7.0065,42.900000000000034,52.0,62.0,36.0,45.0,54.0,78.86955890633152,93.86955890633152,108.86955890633152,-4.0,7.0,17.0
2026-03-12,401851179,Duke Blue Devils,Florida State Seminoles,2026-03-12 19:00,2026-03-12T23:00:00Z,EDT,16.5,spread,team,10,10,e71d8f615a21,0b68071d0b61,16,2,30,32,2.24875,1.94575,4.1945,0.303,0.0,2.0,4.0,0.0,2.0,4.0,2.0,4.0,7.0,-2.0,0.0,3.0,54.14125,46.83175,101.22670608563593,7.3095,44.0,54.0,64.0,38.0,47.0,56.0,85.25370608563591,101.25370608563593,117.25370608563593,-4.0,7.0,18.0
2026-03-12,401851179,Duke Blue Devils,Florida State Seminoles,2026-03-12 19:00,2026-03-12T23:00:00Z,EDT,16.5,spread,team,10,10,e71d8f615a21,0b68071d0b61,17,2,32,34,2.16225,1.8705,4.03275,0.29175,0.0,2.0,4.0,0.0,2.0,4.0,1.0,4.0,7.0,-2.0,0.0,3.0,56.3035,48.70225,104.95152967528811,7.60125,46.0,56.0,66.0,39.0,49.0,58.0,88.94577967528811,104.94577967528812,120.94577967528812,-4.0,8.0,19.0
2026-03-12,401851179,Duke Blue Devils,Florida State Seminoles,2026-03-12 19:00,2026-03-12T23:00:00Z,EDT,16.5,spread,team,10,10,e71d8f615a21,0b68071d0b61,18,2,34,36,2.272,1.91925,4.19125,0.35275,0.0,2.0,4.0,0.0,2.0,4.0,1.900000000000034,4.0,7.0,-2.0,0.0,3.0,58.5755,50.6215,108.8348532649403,7.954,48.0,58.0,69.0,41.0,51.0,60.0,92.6378532649403,108.6378532649403,125.6378532649403,-4.0,8.0,20.0
2026-03-12,401851179,Duke Blue Devils,Florida State Seminoles,2026-03-12 19:00,2026-03-12T23:00:00Z,EDT,16.5,spread,team,10,10,e71d8f615a21,0b68071d0b61,19,2,36,38,2.2315,1.905,4.1365,0.3265,0.0,2.0,4.0,0.0,2.0,4.0,1.0,4.0,7.0,-2.0,0.0,3.0,60.807,52.5265,112.6634268545925,8.2805,50.0,61.0,72.0,42.0,52.0,63.0,95.3299268545925,112.3299268545925,130.3299268545925,-4.0,8.0,21.0
2026-03-12,401851179,Duke Blue Devils,Florida State Seminoles,2026-03-12 19:00,2026-03-12T23:00:00Z,EDT,16.5,spread,team,10,10,e71d8f615a21,0b68071d0b61,20,2,38,40,2.049,1.73325,3.78225,0.31575,0.0,2.0,4.0,0.0,1.0,4.0,1.0,4.0,7.0,-2.0,0.0,3.0,62.856,54.25975,117.11575,8.59625,51.0,63.0,74.0,44.0,54.0,65.0,100.0,117.0,135.0,-4.0,9.0,21.0
2026-03-12,401851180,North Carolina Tar Heels,Clemson Tigers,2026-03-12 21:30,2026-03-13T01:30:00Z,EDT,1.0,spread,team,10,10,e71d8f615a21,0b68071d0b61,1,1,0,2,3.444,3.13875,6.58275,0.30525,1.0,3.0,6.0,1.0,3.0,5.0,3.0,6.0,10.0,-3.0,0.0,3.0,3.444,3.13875,6.792876454772274,0.30525,1.0,3.0,6.0,1.0,3.0,5.0,3.210126454772273,6.210126454772274,10.210126454772274,-3.0,0.0,3.0
2026-03-12,401851180,North Carolina Tar Heels,Clemson Tigers,2026-03-12 21:30,2026-03-13T01:30:00Z,EDT,1.0,spread,team,10,10,e71d8f615a21,0b68071d0b61,2,1,2,4,4.1105,3.76675,7.87725,0.34375,2.0,4.0,7.0,1.0,4.0,6.0,4.0,8.0,12.0,-3.0,0.0,4.0,7.5545,6.9055,14.880252909544549,0.649,4.0,7.0,11.0,4.0,7.0,10.0,9.420252909544548,14.420252909544548,20.420252909544548,-4.0,1.0,5.0
2026-03-12,401851180,North Carolina Tar Heels,Clemson Tigers,2026-03-12 21:30,2026-03-13T01:30:00Z,EDT,1.0,spread,team,10,10,e71d8f615a21,0b68071d0b61,3,1,4,6,3.998,3.58075,7.57875,0.41725,2.0,4.0,7.0,1.0,3.0,6.0,4.0,7.0,11.0,-3.0,0.0,4.0,11.5525,10.48625,22.66912936431682,1.06625,7.0,11.0,16.0,6.0,10.0,15.0,16.63037936431682,22.63037936431682,29.63037936431682,-5.0,1.0,7.0
2026-03-12,401851180,North Carolina Tar Heels,Clemson Tigers,2026-03-12 21:30,2026-03-13T01:30:00Z,EDT,1.0,spread,team,10,10,e71d8f615a21,0b68071d0b61,4,1,6,8,3.891,3.57725,7.46825,0.31375,1.0,4.0,6.0,1.0,3.0,6.0,4.0,7.0,11.0,-3.0,0.0,4.0,15.4435,14.0635,30.347505819089097,1.38,10.0,15.0,21.0,9.0,14.0,19.0,22.840505819089092,29.840505819089092,37.840505819089095,-5.0,1.0,8.0
2026-03-12,401851180,North Carolina Tar Heels,Clemson Tigers,2026-03-12 21:30,2026-03-13T01:30:00Z,EDT,1.0,spread,team,10,10,e71d8f615a21,0b68071d0b61,5,1,8,10,3.8215,3.51325,7.33475,0.30825,1.0,4.0,6.0,1.0,3.0,6.0,4.0,7.0,11.0,-3.0,0.0,4.0,19.265,17.57675,32.37899195915492,1.68825,13.0,19.0,25.0,12.0,17.0,23.0,23.53724195915492,32.53724195915492,41.53724195915492,-6.0,2.0,9.0
2026-03-12,401851180,North Carolina Tar Heels,Clemson Tigers,2026-03-12 21:30,2026-03-13T01:30:00Z,EDT,1.0,spread,team,10,10,e71d8f615a21,0b68071d0b61,6,1,10,12,3.98675,3.66725,7.654,0.3195,2.0,4.0,7.0,1.0,3.0,6.0,4.0,7.0,11.0,-3.0,0.0,4.0,23.25175,21.244,45.75650872863364,2.00775,17.0,23.0,30.0,15.0,21.0,28.0,35.26075872863364,45.26075872863364,56.26075872863364,-6.0,2.0,10.0
2026-03-12,401851180,North Carolina Tar Heels,Clemson Tigers,2026-03-12 21:30,2026-03-13T01:30:00Z,EDT,1.0,spread,team,10,10,e71d8f615a21,0b68071d0b61,7,1,12,14,3.98075,3.52825,7.509,0.4525,2.0,4.0,7.0,1.0,3.0,6.0,4.0,7.0,11.0,-3.0,0.0,4.0,27.2325,24.77225,53.47563518340591,2.46025,20.0,27.0,35.0,18.0,25.0,32.0,42.47088518340591,53.47088518340591,65.47088518340591,-6.0,3.0,11.0
2026-03-12,401851180,North Carolina Tar Heels,Clemson Tigers,2026-03-12 21:30,2026-03-13T01:30:00Z,EDT,1.0,spread,team,10,10,e71d8f615a21,0b68071d0b61,8,1,14,16,4.041,3.716,7.757,0.325,2.0,4.0,7.0,1.0,4.0,6.0,4.0,8.0,12.0,-3.0,0.0,4.0,31.2735,28.48825,61.44276163817819,2.78525,24.0,31.0,39.0,21.0,28.0,36.0,49.68101163817819,61.68101163817819,73.68101163817819,-6.0,3.0,11.0
2026-03-12,401851180,North Carolina Tar Heels,Clemson Tigers,2026-03-12 21:30,2026-03-13T01:30:00Z,EDT,1.0,spread,team,10,10,e71d8f615a21,0b68071d0b61,9,1,16,18,4.0005,3.712,7.7125,0.2885,2.0,4.0,7.0,1.0,4.0,6.0,4.0,8.0,11.0,-3.0,0.0,4.0,35.274,32.20025,69.36538809295045,3.07375,27.0,35.0,44.0,24.0,32.0,40.0,55.89113809295046,68.89113809295046,82.89113809295046,-6.0,3.0,12.0
2026-03-12,401851180,North Carolina Tar Heels,Clemson Tigers,2026-03-12 21:30,2026-03-13T01:30:00Z,EDT,1.0,spread,team,10,10,e71d8f615a21,0b68071d0b61,10,1,18,20,4.1675,3.8485,8.016,0.319,2.0,4.0,7.0,1.0,4.0,6.0,4.0,8.0,12.0,-3.0,0.0,4.0,39.4415,36.04875,75.49025,3.39275,31.0,39.0,48.0,28.0,36.0,44.0,61.0,75.0,90.0,-6.0,3.0,12.0
2026-03-12,401851180,North Carolina Tar Heels,Clemson Tigers,2026-03-12 21:30,2026-03-13T01:30:00Z,EDT,1.0,spread,team,10,10,e71d8f615a21,0b68071d0b61,11,2,20,22,3.69,3.62275,7.31275,0.06725,1.0,4.0,6.0,1.0,3.0,6.0,4.0,7.0,11.0,-3.0,0.0,3.0,43.1315,39.6715,84.59633813737493,3.46,34.0,43.0,52.0,31.0,40.0,48.0,70.79333813737493,84.79333813737493,98.79333813737492,-6.0,3.0,13.0
2026-03-12,401851180,North Carolina Tar Heels,Clemson Tigers,2026-03-12 21:30,2026-03-13T01:30:00Z,EDT,1.0,spread,team,10,10,e71d8f615a21,0b68071d0b61,12,2,22,24,4.13075,4.0225,8.15325,0.10825,2.0,4.0,7.0,2.0,4.0,7.0,5.0,8.0,12.0,-3.0,0.0,4.0,47.26225,43.694,92.44166172702712,3.56825,38.0,47.0,56.0,35.0,44.0,53.0,78.48541172702713,92.48541172702711,107.48541172702711,-7.0,4.0,14.0
2026-03-12,401851180,North Carolina Tar Heels,Clemson Tigers,2026-03-12 21:30,2026-03-13T01:30:00Z,EDT,1.0,spread,team,10,10,e71d8f615a21,0b68071d0b61,13,2,24,26,4.002,3.84175,7.84375,0.16025,2.0,4.0,7.0,1.0,4.0,6.0,4.0,8.0,12.0,-3.0,0.0,4.0,51.26425,47.53575,99.97748531667932,3.7285,42.0,51.0,60.0,39.0,47.0,57.0,85.17748531667932,99.17748531667932,115.17748531667932,-7.0,4.0,14.0
2026-03-12,401851180,North Carolina Tar Heels,Clemson Tigers,2026-03-12 21:30,2026-03-13T01:30:00Z,EDT,1.0,spread,team,10,10,e71d8f615a21,0b68071d0b61,14,2,26,28,3.9255,3.7815,7.707,0.144,1.0,4.0,7.0,1.0,4.0,6.0,4.0,7.0,12.0,-3.0,0.0,4.0,55.18975,51.31725,107.37655890633152,3.8725,46.0,55.0,64.0,42.0,51.0,61.0,92.86955890633152,106.86955890633152,122.86955890633152,-7.0,4.0,15.0
2026-03-12,401851180,North Carolina Tar Heels,Clemson Tigers,2026-03-12 21:30,2026-03-13T01:30:00Z,EDT,1.0,spread,team,10,10,e71d8f615a21,0b68071d0b61,15,2,28,30,3.856,3.6855,7.5415,0.1705,1.0,4.0,6.0,1.0,4.0,6.0,4.0,7.0,11.0,-3.0,0.0,4.0,59.04575,55.00275,108.93922156133247,4.043,50.0,59.0,69.0,46.0,55.0,65.0,93.89072156133248,108.89072156133248,124.89072156133248,-7.0,4.0,16.0
2026-03-12,401851180,North Carolina Tar Heels,Clemson Tigers,2026-03-12 21:30,2026-03-13T01:30:00Z,EDT,1.0,spread,team,10,10,e71d8f615a21,0b68071d0b61,16,2,30,32,4.06825,3.89,7.95825,0.17825,2.0,4.0,7.0,2.0,4.0,7.0,4.0,8.0,12.0,-3.0,0.0,4.0,63.114,58.89275,122.26045608563592,4.22125,53.0,63.0,73.0,49.0,59.0,69.0,107.25370608563593,122.25370608563593,138.2537060856359,-8.0,4.0,16.0
2026-03-12,401851180,North Carolina Tar Heels,Clemson Tigers,2026-03-12 21:30,2026-03-13T01:30:00Z,EDT,1.0,spread,team,10,10,e71d8f615a21,0b68071d0b61,17,2,32,34,3.968,3.7875,7.7555,0.1805,2.0,4.0,7.0,1.0,4.0,6.0,4.0,7.5,12.0,-3.0,0.0,4.0,67.082,62.68025,129.70802967528812,4.40175,57.0,67.0,77.0,53.0,63.0,73.0,113.94577967528812,129.94577967528812,145.94577967528812,-8.0,4.5,17.0
2026-03-12,401851180,North Carolina Tar Heels,Clemson Tigers,2026-03-12 21:30,2026-03-13T01:30:00Z,EDT,1.0,spread,team,10,10,e71d8f615a21,0b68071d0b61,18,2,34,36,4.13975,3.9015,8.04125,0.23825,2.0,4.0,7.0,1.0,4.0,7.0,4.0,8.0,12.0,-3.0,0.0,4.0,71.22175,66.58175,137.44135326494032,4.64,61.0,71.0,81.0,56.900000000000034,66.0,77.0,121.6378532649403,137.6378532649403,153.6378532649403,-8.0,5.0,17.0
2026-03-12,401851180,North Carolina Tar Heels,Clemson Tigers,2026-03-12 21:30,2026-03-13T01:30:00Z,EDT,1.0,spread,team,10,10,e71d8f615a21,0b68071d0b61,19,2,36,38,4.05175,3.837,7.88875,0.21475,2.0,4.0,7.0,2.0,4.0,6.0,4.0,8.0,12.0,-3.0,0.0,4.0,75.2735,70.41875,145.0221768545925,4.85475,65.0,75.0,86.0,60.0,70.0,81.0,128.3299268545925,145.3299268545925,162.3299268545925,-8.0,5.0,18.0
2026-03-12,401851180,North Carolina Tar Heels,Clemson Tigers,2026-03-12 21:30,2026-03-13T01:30:00Z,EDT,1.0,spread,team,10,10,e71d8f615a21,0b68071d0b61,20,2,38,40,6.79875,6.475,13.27375,0.32375,4.0,7.0,10.0,3.0,6.0,10.0,9.0,13.0,18.0,-4.0,0.0,5.0,82.07225,76.89375,158.966,5.1785,71.0,82.0,93.0,66.0,77.0,88.0,141.0,159.0,177.0,-8.0,5.0,18.0
2026-03-12,401851223,Charlotte 49ers,Tulane Green Wave,2026-03-12 19:00,2026-03-12T23:00:00Z,EDT,1.0,spread,team,10,10,e71d8f615a21,0b68071d0b61,1,1,0,2,2.83225,3.1335,5.96575,-0.30125,1.0,3.0,5.0,1.0,3.0,6.0,3.0,6.0,9.0,-3.0,0.0,3.0,2.83225,3.1335,6.175876454772274,-0.30125,1.0,3.0,5.0,1.0,3.0,6.0,3.210126454772273,6.210126454772274,9.210126454772274,-3.0,0.0,3.0
2026-03-12,401851223,Charlotte 49ers,Tulane Green Wave,2026-03-12 19:00,2026-03-12T23:00:00Z,EDT,1.0,spread,team,10,10,e71d8f615a21,0b68071d0b61,2,1,2,4,3.4,3.74375,7.14375,-0.34375,1.0,3.0,6.0,1.0,4.0,6.0,4.0,7.0,11.0,-4.0,0.0,3.0,6.23225,6.87725,13.529752909544548,-0.645,3.0,6.0,10.0,4.0,7.0,10.0,8.420252909544548,13.420252909544548,18.420252909544548,-5.0,-1.0,4.0
2026-03-12,401851223,Charlotte 49ers,Tulane Green Wave,2026-03-12 19:00,2026-03-12T23:00:00Z,EDT,1.0,spread,team,10,10,e71d8f615a21,0b68071d0b61,3,1,4,6,3.264,3.6845,6.9485,-0.4205,1.0,3.0,6.0,1.0,4.0,6.0,3.0,7.0,11.0,-4.0,0.0,3.0,9.49625,10.56175,20.68837936431682,-1.0655,6.0,9.0,14.0,6.0,10.0,15.0,14.63037936431682,20.63037936431682,27.63037936431682,-6.0,-1.0,4.0
2026-03-12,401851223,Charlotte 49ers,Tulane Green Wave,2026-03-12 19:00,2026-03-12T23:00:00Z,EDT,1.0,spread,team,10,10,e71d8f615a21,0b68071d0b61,4,1,6,8,3.24325,3.53125,6.7745,-0.288,1.0,3.0,6.0,1.0,3.0,6.0,3.0,7.0,10.0,-4.0,0.0,3.0,12.7395,14.093,27.67300581908909,-1.3535,8.0,12.0,18.0,9.0,14.0,19.0,19.840505819089092,27.840505819089092,35.840505819089095,-7.0,-1.0,4.0
2026-03-12,401851223,Charlotte 49ers,Tulane Green Wave,2026-03-12 19:00,2026-03-12T23:00:00Z,EDT,1.0,spread,team,10,10,e71d8f615a21,0b68071d0b61,5,1,8,10,3.119,3.4965,6.6155,-0.3775,1.0,3.0,6.0,1.0,3.0,6.0,3.0,6.0,10.0,-3.0,0.0,3.0,15.8585,17.5895,28.985241959154923,-1.731,11.0,16.0,21.0,12.0,17.0,23.0,20.53724195915492,28.53724195915492,37.53724195915492,-8.0,-2.0,5.0
2026-03-12,401851223,Charlotte 49ers,Tulane Green Wave,2026-03-12 19:00,2026-03-12T23:00:00Z,EDT,1.0,spread,team,10,10,e71d8f615a21,0b68071d0b61,6,1,10,12,3.3005,3.66475,6.96525,-0.36425,1.0,3.0,6.0,1.0,3.0,6.0,4.0,7.0,11.0,-4.0,0.0,3.0,19.159,21.25425,41.67400872863364,-2.09525,13.0,19.0,25.0,15.0,21.0,28.0,32.26075872863364,41.26075872863364,51.26075872863364,-9.0,-2.0,5.0
2026-03-12,401851223,Charlotte 49ers,Tulane Green Wave,2026-03-12 19:00,2026-03-12T23:00:00Z,EDT,1.0,spread,team,10,10,e71d8f615a21,0b68071d0b61,7,1,12,14,3.248,3.57575,6.82375,-0.32775,1.0,3.0,6.0,1.0,3.0,6.0,4.0,7.0,10.0,-4.0,0.0,3.0,22.407,24.83,48.70788518340592,-2.423,16.0,22.0,29.0,18.0,25.0,32.0,38.47088518340591,48.47088518340591,59.47088518340591,-10.0,-2.0,5.0
2026-03-12,401851223,Charlotte 49ers,Tulane Green Wave,2026-03-12 19:00,2026-03-12T23:00:00Z,EDT,1.0,spread,team,10,10,e71d8f615a21,0b68071d0b61,8,1,14,16,3.3575,3.6995,7.057,-0.342,1.0,3.0,6.0,1.0,4.0,6.0,4.0,7.0,11.0,-4.0,0.0,3.0,25.7645,28.5295,55.97501163817819,-2.765,19.0,25.5,33.0,21.0,28.0,36.0,43.68101163817819,55.68101163817819,67.68101163817819,-11.0,-3.0,5.0
2026-03-12,401851223,Charlotte 49ers,Tulane Green Wave,2026-03-12 19:00,2026-03-12T23:00:00Z,EDT,1.0,spread,team,10,10,e71d8f615a21,0b68071d0b61,9,1,16,18,3.34975,3.65225,7.002,-0.3025,1.0,3.0,6.0,1.0,3.0,6.0,4.0,7.0,11.0,-4.0,0.0,3.0,29.11425,32.18175,63.18713809295046,-3.0675,22.0,29.0,37.0,24.0,32.0,40.0,49.89113809295046,62.89113809295046,75.89113809295046,-12.0,-3.0,6.0
2026-03-12,401851223,Charlotte 49ers,Tulane Green Wave,2026-03-12 19:00,2026-03-12T23:00:00Z,EDT,1.0,spread,team,10,10,e71d8f615a21,0b68071d0b61,10,1,18,20,3.47375,3.81675,7.2905,-0.343,1.0,3.0,6.0,1.0,4.0,6.0,4.0,7.0,11.0,-4.0,0.0,3.0,32.588,35.9985,68.5865,-3.4105,25.0,32.0,41.0,27.0,36.0,45.0,55.0,68.0,83.0,-12.0,-4.0,6.0
2026-03-12,401851223,Charlotte 49ers,Tulane Green Wave,2026-03-12 19:00,2026-03-12T23:00:00Z,EDT,1.0,spread,team,10,10,e71d8f615a21,0b68071d0b61,11,2,20,22,3.20375,3.26675,6.4705,-0.063,1.0,3.0,6.0,1.0,3.0,6.0,3.0,6.0,10.0,-3.0,0.0,3.0,35.79175,39.26525,76.85033813737493,-3.4735,28.0,36.0,44.0,30.0,39.0,48.0,62.79333813737493,76.79333813737493,90.79333813737492,-13.0,-4.0,6.0
2026-03-12,401851223,Charlotte 49ers,Tulane Green Wave,2026-03-12 19:00,2026-03-12T23:00:00Z,EDT,1.0,spread,team,10,10,e71d8f615a21,0b68071d0b61,12,2,22,24,3.61975,3.64925,7.269,-0.0295,1.0,3.0,6.0,1.0,3.0,6.0,4.0,7.0,11.0,-3.0,0.0,3.0,39.4115,42.9145,83.81141172702712,-3.503,31.0,39.0,48.0,34.0,43.0,52.0,69.48541172702713,83.48541172702713,98.48541172702711,-14.0,-3.0,7.0
2026-03-12,401851223,Charlotte 49ers,Tulane Green Wave,2026-03-12 19:00,2026-03-12T23:00:00Z,EDT,1.0,spread,team,10,10,e71d8f615a21,0b68071d0b61,13,2,24,26,3.4665,3.49575,6.96225,-0.02925,1.0,3.0,6.0,1.0,3.0,6.0,4.0,7.0,11.0,-3.0,0.0,3.0,42.878,46.41025,90.46573531667931,-3.53225,34.0,43.0,52.0,37.0,46.0,55.0,76.17748531667932,90.17748531667932,104.17748531667932,-14.0,-4.0,7.0
2026-03-12,401851223,Charlotte 49ers,Tulane Green Wave,2026-03-12 19:00,2026-03-12T23:00:00Z,EDT,1.0,spread,team,10,10,e71d8f615a21,0b68071d0b61,14,2,26,28,3.45525,3.38575,6.841,0.0695,1.0,3.0,6.0,1.0,3.0,6.0,4.0,7.0,10.0,-3.0,0.0,3.0,46.33325,49.796,96.99880890633152,-3.46275,37.0,46.0,55.0,41.0,50.0,59.0,82.86955890633152,96.86955890633152,110.86955890633152,-15.0,-3.0,8.0
2026-03-12,401851223,Charlotte 49ers,Tulane Green Wave,2026-03-12 19:00,2026-03-12T23:00:00Z,EDT,1.0,spread,team,10,10,e71d8f615a21,0b68071d0b61,15,2,28,30,3.327,3.31625,6.64325,0.01075,1.0,3.0,6.0,1.0,3.0,6.0,3.0,6.0,10.0,-3.0,0.0,3.0,49.66025,53.11225,97.66322156133246,-3.452,40.0,49.0,59.0,44.0,53.0,63.0,82.89072156133247,97.89072156133248,111.89072156133248,-15.0,-3.0,8.0
2026-03-12,401851223,Charlotte 49ers,Tulane Green Wave,2026-03-12 19:00,2026-03-12T23:00:00Z,EDT,1.0,spread,team,10,10,e71d8f615a21,0b68071d0b61,16,2,30,32,3.58,3.5575,7.1375,0.0225,1.0,3.0,6.0,1.0,3.0,6.0,4.0,7.0,11.0,-3.0,0.0,3.0,53.24025,56.66975,110.16370608563592,-3.4295,44.0,53.0,63.0,47.0,57.0,66.0,95.25370608563593,110.25370608563593,125.25370608563593,-15.0,-3.0,8.0
2026-03-12,401851223,Charlotte 49ers,Tulane Green Wave,2026-03-12 19:00,2026-03-12T23:00:00Z,EDT,1.0,spread,team,10,10,e71d8f615a21,0b68071d0b61,17,2,32,34,3.489,3.4735,6.9625,0.0155,1.0,3.0,6.0,1.0,3.0,6.0,4.0,7.0,11.0,-3.0,0.0,3.0,56.72925,60.14325,116.81827967528812,-3.414,47.0,57.0,66.0,50.0,60.0,70.0,100.94577967528812,116.94577967528812,131.94577967528812,-16.0,-3.0,9.0
2026-03-12,401851223,Charlotte 49ers,Tulane Green Wave,2026-03-12 19:00,2026-03-12T23:00:00Z,EDT,1.0,spread,team,10,10,e71d8f615a21,0b68071d0b61,18,2,34,36,3.60275,3.59725,7.2,0.0055,1.0,3.0,6.0,1.0,3.0,6.0,4.0,7.0,11.0,-3.0,0.0,3.0,60.332,63.7405,123.71035326494032,-3.4085,50.0,60.0,70.0,54.0,63.5,74.0,107.6378532649403,123.6378532649403,139.6378532649403,-16.0,-3.0,9.0
2026-03-12,401851223,Charlotte 49ers,Tulane Green Wave,2026-03-12 19:00,2026-03-12T23:00:00Z,EDT,1.0,spread,team,10,10,e71d8f615a21,0b68071d0b61,19,2,36,38,3.47275,3.546,7.01875,-0.07325,1.0,3.0,6.0,1.0,3.0,6.0,4.0,7.0,11.0,-3.0,0.0,3.0,63.80475,67.2865,130.4211768545925,-3.48175,54.0,64.0,74.0,57.0,67.0,78.0,114.3299268545925,130.3299268545925,147.3299268545925,-16.0,-4.0,9.0
2026-03-12,401851223,Charlotte 49ers,Tulane Green Wave,2026-03-12 19:00,2026-03-12T23:00:00Z,EDT,1.0,spread,team,10,10,e71d8f615a21,0b68071d0b61,20,2,38,40,5.97875,5.852,11.83075,0.12675,3.0,6.0,9.0,3.0,6.0,9.0,7.0,12.0,17.0,-4.0,0.0,5.0,69.7835,73.1385,142.922,-3.355,59.0,70.0,81.0,62.0,73.0,84.0,125.0,143.0,161.0,-16.0,-3.0,10.0
2026-03-12,401851224,North Texas Mean Green,Florida Atlantic Owls,2026-03-12 21:30,2026-03-13T01:30:00Z,EDT,0.5,spread,team,10,10,8ba11562675f,bb3ee6d4821e,1,1,0,2,2.81475,3.14875,5.9635,-0.334,1.0,3.0,5.0,1.0,3.0,6.0,3.0,6.0,9.0,-3.0,0.0,3.0,2.81475,3.14875,6.173626454772274,-0.334,1.0,3.0,5.0,1.0,3.0,6.0,3.210126454772273,6.210126454772274,9.210126454772274,-3.0,0.0,3.0
2026-03-12,401851224,North Texas Mean Green,Florida Atlantic Owls,2026-03-12 21:30,2026-03-13T01:30:00Z,EDT,0.5,spread,team,10,10,8ba11562675f,bb3ee6d4821e,2,1,2,4,3.58,4.09375,7.67375,-0.51375,1.0,3.0,6.0,2.0,4.0,7.0,4.0,7.0,11.0,-4.0,-1.0,3.0,6.39475,7.2425,14.057502909544548,-0.84775,3.0,6.0,10.0,4.0,7.0,11.0,9.420252909544548,13.420252909544548,19.420252909544548,-5.0,-1.0,4.0
2026-03-12,401851224,North Texas Mean Green,Florida Atlantic Owls,2026-03-12 21:30,2026-03-13T01:30:00Z,EDT,0.5,spread,team,10,10,8ba11562675f,bb3ee6d4821e,3,1,4,6,3.38875,3.86725,7.256,-0.4785,1.0,3.0,6.0,1.0,4.0,7.0,4.0,7.0,11.0,-4.0,0.0,3.0,9.7835,11.10975,21.523629364316815,-1.32625,6.0,10.0,14.0,7.0,11.0,16.0,14.63037936431682,21.63037936431682,28.63037936431682,-7.0,-1.0,4.0
2026-03-12,401851224,North Texas Mean Green,Florida Atlantic Owls,2026-03-12 21:30,2026-03-13T01:30:00Z,EDT,0.5,spread,team,10,10,8ba11562675f,bb3ee6d4821e,4,1,6,8,3.37225,3.863,7.23525,-0.49075,1.0,3.0,6.0,1.0,4.0,7.0,4.0,7.0,11.0,-4.0,0.0,3.0,13.15575,14.97275,28.96900581908909,-1.817,8.0,13.0,18.0,10.0,15.0,20.0,20.840505819089092,28.840505819089092,36.840505819089095,-8.0,-2.0,5.0
2026-03-12,401851224,North Texas Mean Green,Florida Atlantic Owls,2026-03-12 21:30,2026-03-13T01:30:00Z,EDT,0.5,spread,team,10,10,8ba11562675f,bb3ee6d4821e,5,1,8,10,2.91875,3.32175,6.2405,-0.403,1.0,3.0,5.0,1.0,3.0,6.0,3.0,6.0,10.0,-4.0,0.0,3.0,16.0745,18.2945,29.90624195915492,-2.22,11.0,16.0,22.0,13.0,18.0,24.0,21.53724195915492,29.53724195915492,38.53724195915492,-9.0,-2.0,5.0
2026-03-12,401851224,North Texas Mean Green,Florida Atlantic Owls,2026-03-12 21:30,2026-03-13T01:30:00Z,EDT,0.5,spread,team,10,10,8ba11562675f,bb3ee6d4821e,6,1,10,12,3.20375,3.668,6.87175,-0.46425,1.0,3.0,6.0,1.0,3.0,6.0,4.0,7.0,11.0,-4.0,0.0,3.0,19.27825,21.9625,42.50150872863364,-2.68425,14.0,19.0,25.0,16.0,22.0,29.0,33.26075872863364,42.26075872863364,52.36075872863355,-10.0,-3.0,5.0
2026-03-12,401851224,North Texas Mean Green,Florida Atlantic Owls,2026-03-12 21:30,2026-03-13T01:30:00Z,EDT,0.5,spread,team,10,10,8ba11562675f,bb3ee6d4821e,7,1,12,14,3.4085,3.861,7.2695,-0.4525,1.0,3.0,6.0,1.0,4.0,6.0,4.0,7.0,11.0,-4.0,0.0,3.0,22.68675,25.8235,49.98113518340591,-3.13675,16.0,23.0,29.0,19.0,26.0,33.0,39.47088518340591,49.47088518340591,61.47088518340591,-11.0,-3.0,5.0
2026-03-12,401851224,North Texas Mean Green,Florida Atlantic Owls,2026-03-12 21:30,2026-03-13T01:30:00Z,EDT,0.5,spread,team,10,10,8ba11562675f,bb3ee6d4821e,8,1,14,16,3.512,4.00475,7.51675,-0.49275,1.0,3.0,6.0,2.0,4.0,7.0,4.0,7.0,11.0,-4.0,0.0,3.0,26.19875,29.82825,57.70801163817819,-3.6295,19.0,26.0,33.0,22.0,30.0,38.0,45.68101163817819,57.68101163817819,69.68101163817819,-12.0,-4.0,5.0
2026-03-12,401851224,North Texas Mean Green,Florida Atlantic Owls,2026-03-12 21:30,2026-03-13T01:30:00Z,EDT,0.5,spread,team,10,10,8ba11562675f,bb3ee6d4821e,9,1,16,18,3.657,4.1325,7.7895,-0.4755,1.0,4.0,6.0,2.0,4.0,7.0,4.0,8.0,12.0,-4.0,0.0,3.0,29.85575,33.96075,65.70763809295046,-4.105,22.0,30.0,37.0,26.0,34.0,42.0,52.89113809295046,65.89113809295046,78.89113809295046,-13.0,-4.0,5.0
2026-03-12,401851224,North Texas Mean Green,Florida Atlantic Owls,2026-03-12 21:30,2026-03-13T01:30:00Z,EDT,0.5,spread,team,10,10,8ba11562675f,bb3ee6d4821e,10,1,18,20,3.4775,3.943,7.4205,-0.4655,1.0,3.0,6.0,2.0,4.0,7.0,4.0,7.0,11.0,-4.0,0.0,3.0,33.33325,37.90375,71.237,-4.5705,25.0,33.0,41.0,29.0,38.0,47.0,57.0,71.0,86.0,-14.0,-5.0,5.0
2026-03-12,401851224,North Texas Mean Green,Florida Atlantic Owls,2026-03-12 21:30,2026-03-13T01:30:00Z,EDT,0.5,spread,team,10,10,8ba11562675f,bb3ee6d4821e,11,2,20,22,3.40275,3.87525,7.278,-0.4725,1.0,3.0,6.0,1.0,4.0,7.0,4.0,7.0,11.0,-4.0,0.0,3.0,36.736,41.779,80.30833813737493,-5.043,29.0,37.0,45.0,33.0,41.0,51.0,65.79333813737493,79.79333813737493,94.79333813737492,-15.0,-5.0,5.0
2026-03-12,401851224,North Texas Mean Green,Florida Atlantic Owls,2026-03-12 21:30,2026-03-13T01:30:00Z,EDT,0.5,spread,team,10,10,8ba11562675f,bb3ee6d4821e,12,2,22,24,3.22625,3.60075,6.827,-0.3745,1.0,3.0,6.0,1.0,3.0,6.0,4.0,7.0,10.0,-4.0,0.0,3.0,39.96225,45.37975,86.82741172702713,-5.4175,32.0,40.0,49.0,36.0,45.0,55.0,72.48541172702713,86.48541172702713,101.48541172702711,-16.0,-5.0,5.0
2026-03-12,401851224,North Texas Mean Green,Florida Atlantic Owls,2026-03-12 21:30,2026-03-13T01:30:00Z,EDT,0.5,spread,team,10,10,8ba11562675f,bb3ee6d4821e,13,2,24,26,3.62775,4.09275,7.7205,-0.465,1.0,3.0,6.0,2.0,4.0,7.0,4.0,8.0,11.0,-4.0,0.0,3.0,43.59,49.4725,94.23998531667932,-5.8825,35.0,43.0,52.0,40.0,49.0,59.0,80.17748531667932,94.17748531667932,109.17748531667932,-17.0,-6.0,5.0
2026-03-12,401851224,North Texas Mean Green,Florida Atlantic Owls,2026-03-12 21:30,2026-03-13T01:30:00Z,EDT,0.5,spread,team,10,10,8ba11562675f,bb3ee6d4821e,14,2,26,28,3.6845,4.08125,7.76575,-0.39675,1.0,3.0,6.0,2.0,4.0,7.0,4.0,8.0,12.0,-4.0,0.0,3.0,47.2745,53.55375,101.69780890633152,-6.27925,38.0,47.0,56.0,44.0,53.0,63.0,86.86955890633152,100.86955890633152,116.86955890633152,-18.0,-6.0,5.0
2026-03-12,401851224,North Texas Mean Green,Florida Atlantic Owls,2026-03-12 21:30,2026-03-13T01:30:00Z,EDT,0.5,spread,team,10,10,8ba11562675f,bb3ee6d4821e,15,2,28,30,2.996,3.35725,6.35325,-0.36125,1.0,3.0,5.0,1.0,3.0,6.0,3.0,6.0,10.0,-4.0,0.0,3.0,50.2705,56.911,102.07222156133248,-6.6405,41.0,50.0,59.0,47.0,57.0,67.0,86.89072156133247,101.89072156133248,116.89072156133248,-18.0,-7.0,5.0
2026-03-12,401851224,North Texas Mean Green,Florida Atlantic Owls,2026-03-12 21:30,2026-03-13T01:30:00Z,EDT,0.5,spread,team,10,10,8ba11562675f,bb3ee6d4821e,16,2,30,32,3.5095,3.9125,7.422,-0.403,1.0,3.0,6.0,1.0,4.0,7.0,4.0,7.0,11.0,-4.0,0.0,3.0,53.78,60.8235,114.85720608563592,-7.0435,44.0,54.0,63.0,51.0,61.0,71.0,100.25370608563593,115.25370608563593,130.2537060856359,-19.0,-7.0,5.0
2026-03-12,401851224,North Texas Mean Green,Florida Atlantic Owls,2026-03-12 21:30,2026-03-13T01:30:00Z,EDT,0.5,spread,team,10,10,8ba11562675f,bb3ee6d4821e,17,2,32,34,3.66875,4.105,7.77375,-0.43625,1.0,4.0,6.0,2.0,4.0,7.0,4.0,8.0,12.0,-4.0,0.0,3.0,57.44875,64.9285,122.32302967528813,-7.47975,48.0,57.0,67.0,55.0,65.0,75.0,106.94577967528812,121.94577967528812,137.94577967528812,-20.0,-8.0,5.0
2026-03-12,401851224,North Texas Mean Green,Florida Atlantic Owls,2026-03-12 21:30,2026-03-13T01:30:00Z,EDT,0.5,spread,team,10,10,8ba11562675f,bb3ee6d4821e,18,2,34,36,3.68775,4.1295,7.81725,-0.44175,1.0,3.0,6.0,2.0,4.0,7.0,4.0,8.0,12.0,-4.0,0.0,3.0,61.1365,69.058,129.8323532649403,-7.9215,51.0,61.0,71.0,59.0,69.0,80.0,114.53785326494034,129.6378532649403,145.6378532649403,-20.0,-8.0,5.0
2026-03-12,401851224,North Texas Mean Green,Florida Atlantic Owls,2026-03-12 21:30,2026-03-13T01:30:00Z,EDT,0.5,spread,team,10,10,8ba11562675f,bb3ee6d4821e,19,2,36,38,3.332,3.771,7.103,-0.439,1.0,3.0,6.0,1.0,4.0,6.0,4.0,7.0,11.0,-4.0,0.0,3.0,64.4685,72.829,136.6274268545925,-8.3605,55.0,64.0,74.0,62.0,73.0,84.0,120.3299268545925,136.3299268545925,153.3299268545925,-21.0,-8.0,4.0
2026-03-12,401851224,North Texas Mean Green,Florida Atlantic Owls,2026-03-12 21:30,2026-03-13T01:30:00Z,EDT,0.5,spread,team,10,10,8ba11562675f,bb3ee6d4821e,20,2,38,40,5.75975,6.44775,12.2075,-0.688,3.0,6.0,9.0,3.0,6.0,10.0,8.0,12.0,17.0,-5.0,-1.0,4.0,70.22825,79.27675,149.505,-9.0485,60.0,70.0,81.0,68.0,79.0,91.0,132.0,149.0,167.0,-22.0,-9.0,4.0
2026-03-12,401851263,Fordham Rams,George Washington Revolutionaries,,,,6.905427190630917,expected,team,10,10,e71d8f615a21,0b68071d0b61,1,1,0,2,3.09775,2.93975,6.0375,0.158,1.0,3.0,5.0,1.0,3.0,5.0,3.0,6.0,9.0,-3.0,0.0,3.0,3.09775,2.93975,6.2476264547722735,0.158,1.0,3.0,5.0,1.0,3.0,5.0,3.210126454772273,6.210126454772274,9.210126454772274,-3.0,0.0,3.0
2026-03-12,401851263,Fordham Rams,George Washington Revolutionaries,,,,6.905427190630917,expected,team,10,10,e71d8f615a21,0b68071d0b61,2,1,2,4,3.661,3.53775,7.19875,0.12325,1.0,4.0,6.0,1.0,3.0,6.0,4.0,7.0,11.0,-3.0,0.0,3.0,6.75875,6.4775,13.656502909544548,0.28125,4.0,7.0,10.0,3.0,6.0,10.0,9.420252909544548,13.420252909544548,18.420252909544548,-4.0,0.0,5.0
2026-03-12,401851263,Fordham Rams,George Washington Revolutionaries,,,,6.905427190630917,expected,team,10,10,e71d8f615a21,0b68071d0b61,3,1,4,6,3.54975,3.39875,6.9485,0.151,1.0,3.0,6.0,1.0,3.0,6.0,3.0,7.0,11.0,-3.0,0.0,3.0,10.3085,9.87625,20.81512936431682,0.43225,6.0,10.0,14.0,6.0,10.0,14.0,14.63037936431682,20.63037936431682,27.63037936431682,-5.0,0.0,6.0
2026-03-12,401851263,Fordham Rams,George Washington Revolutionaries,,,,6.905427190630917,expected,team,10,10,e71d8f615a21,0b68071d0b61,4,1,6,8,3.52125,3.37325,6.8945,0.148,1.0,3.0,6.0,1.0,3.0,6.0,4.0,7.0,10.0,-3.0,0.0,3.0,13.82975,13.2495,27.919755819089094,0.58025,9.0,14.0,19.0,9.0,13.0,18.0,20.840505819089092,27.840505819089092,35.840505819089095,-6.0,1.0,7.0
2026-03-12,401851263,Fordham Rams,George Washington Revolutionaries,,,,6.905427190630917,expected,team,10,10,e71d8f615a21,0b68071d0b61,5,1,8,10,3.40325,3.27625,6.6795,0.127,1.0,3.0,6.0,1.0,3.0,6.0,3.0,6.0,10.0,-3.0,0.0,3.0,17.233,16.52575,29.29599195915492,0.70725,12.0,17.0,23.0,11.0,16.0,22.0,21.050632273861368,28.53724195915492,38.53724195915492,-6.0,1.0,8.0
2026-03-12,401851263,Fordham Rams,George Washington Revolutionaries,,,,6.905427190630917,expected,team,10,10,e71d8f615a21,0b68071d0b61,6,1,10,12,3.64875,3.4855,7.13425,0.16325,1.0,3.0,6.0,1.0,3.0,6.0,4.0,7.0,11.0,-3.0,0.0,3.0,20.88175,20.01125,42.15375872863364,0.8705,15.0,21.0,27.0,14.0,20.0,26.0,32.26075872863364,41.26075872863364,52.26075872863364,-7.0,1.0,8.0
2026-03-12,401851263,Fordham Rams,George Washington Revolutionaries,,,,6.905427190630917,expected,team,10,10,e71d8f615a21,0b68071d0b61,7,1,12,14,3.55575,3.347,6.90275,0.20875,1.0,3.0,6.0,1.0,3.0,6.0,4.0,7.0,10.0,-3.0,0.0,3.0,24.4375,23.35825,49.26663518340591,1.07925,18.0,24.0,32.0,17.0,23.0,30.0,38.47088518340591,48.47088518340591,60.47088518340591,-7.0,1.0,9.0
2026-03-12,401851263,Fordham Rams,George Washington Revolutionaries,,,,6.905427190630917,expected,team,10,10,e71d8f615a21,0b68071d0b61,8,1,14,16,3.585,3.46525,7.05025,0.11975,1.0,3.0,6.0,1.0,3.0,6.0,4.0,7.0,11.0,-3.0,0.0,3.0,28.0225,26.8235,56.52701163817819,1.199,21.0,28.0,36.0,20.0,27.0,34.0,44.68101163817819,55.68101163817819,68.68101163817819,-7.0,1.0,10.0
2026-03-12,401851263,Fordham Rams,George Washington Revolutionaries,,,,6.905427190630917,expected,team,10,10,e71d8f615a21,0b68071d0b61,9,1,16,18,3.66375,3.506,7.16975,0.15775,1.0,3.0,6.0,1.0,3.0,6.0,4.0,7.0,11.0,-3.0,0.0,3.0,31.68625,30.3295,63.90688809295046,1.35675,24.0,31.0,40.0,23.0,30.0,38.0,50.89113809295046,63.89113809295046,76.89113809295046,-7.0,1.0,10.0
2026-03-12,401851263,Fordham Rams,George Washington Revolutionaries,,,,6.905427190630917,expected,team,10,10,e71d8f615a21,0b68071d0b61,10,1,18,20,3.74425,3.63675,7.381,0.1075,1.0,4.0,6.0,1.0,3.0,6.0,4.0,7.0,11.0,-3.0,0.0,4.0,35.4305,33.96625,69.39675,1.46425,27.0,35.0,44.0,26.0,34.0,42.0,56.0,69.0,83.0,-8.0,1.0,10.0
2026-03-12,401851263,Fordham Rams,George Washington Revolutionaries,,,,6.905427190630917,expected,team,10,10,e71d8f615a21,0b68071d0b61,11,2,20,22,3.52125,3.02775,6.549,0.4935,1.0,3.0,6.0,1.0,3.0,5.0,3.0,6.0,10.0,-3.0,0.0,4.0,38.95175,36.994,77.73908813737494,1.95775,30.0,39.0,48.0,29.0,37.0,46.0,63.79333813737493,76.79333813737493,91.79333813737492,-8.0,2.0,11.0
2026-03-12,401851263,Fordham Rams,George Washington Revolutionaries,,,,6.905427190630917,expected,team,10,10,e71d8f615a21,0b68071d0b61,12,2,22,24,3.9755,3.42725,7.40275,0.54825,2.0,4.0,7.0,1.0,3.0,6.0,4.0,7.0,11.0,-3.0,1.0,4.0,42.92725,40.42125,84.83391172702713,2.506,34.0,43.0,52.0,32.0,40.0,49.0,71.48541172702713,84.48541172702713,99.48541172702711,-8.0,2.0,13.0
2026-03-12,401851263,Fordham Rams,George Washington Revolutionaries,,,,6.905427190630917,expected,team,10,10,e71d8f615a21,0b68071d0b61,13,2,24,26,3.918,3.32225,7.24025,0.59575,1.0,4.0,7.0,1.0,3.0,6.0,4.0,7.0,11.0,-3.0,1.0,4.0,46.84525,43.7435,91.76623531667931,3.10175,38.0,47.0,56.0,35.0,44.0,53.0,77.17748531667932,91.17748531667932,106.17748531667932,-8.0,3.0,14.0
2026-03-12,401851263,Fordham Rams,George Washington Revolutionaries,,,,6.905427190630917,expected,team,10,10,e71d8f615a21,0b68071d0b61,14,2,26,28,3.76975,3.2655,7.03525,0.50425,1.0,4.0,6.0,1.0,3.0,6.0,4.0,7.0,11.0,-3.0,0.0,4.0,50.615,47.009,98.49355890633151,3.606,41.0,51.0,60.0,38.0,47.0,56.0,83.86955890633152,97.86955890633152,112.86955890633152,-8.0,3.5,15.0
2026-03-12,401851263,Fordham Rams,George Washington Revolutionaries,,,,6.905427190630917,expected,team,10,10,e71d8f615a21,0b68071d0b61,15,2,28,30,3.662,3.21575,6.87775,0.44625,1.0,3.0,6.0,1.0,3.0,6.0,4.0,7.0,10.0,-3.0,0.0,4.0,54.277,50.22475,99.39247156133248,4.05225,45.0,54.0,64.0,41.0,50.0,60.0,84.89072156133247,98.89072156133248,113.89072156133248,-7.0,4.0,16.0
2026-03-12,401851263,Fordham Rams,George Washington Revolutionaries,,,,6.905427190630917,expected,team,10,10,e71d8f615a21,0b68071d0b61,16,2,30,32,3.9115,3.3865,7.298,0.525,1.0,4.0,7.0,1.0,3.0,6.0,4.0,7.0,11.0,-3.0,0.0,4.0,58.1885,53.61125,112.05345608563591,4.57725,49.0,58.0,68.0,44.0,53.0,63.0,97.25370608563593,111.25370608563593,127.25370608563593,-7.0,5.0,17.0
2026-03-12,401851263,Fordham Rams,George Washington Revolutionaries,,,,6.905427190630917,expected,team,10,10,e71d8f615a21,0b68071d0b61,17,2,32,34,3.76375,3.32,7.08375,0.44375,1.0,4.0,6.0,1.0,3.0,6.0,4.0,7.0,11.0,-3.0,0.0,4.0,61.95225,56.93125,118.8292796752881,5.021,52.0,62.0,72.0,47.0,57.0,67.0,102.94577967528812,117.94577967528812,134.94577967528812,-7.0,5.0,17.0
2026-03-12,401851263,Fordham Rams,George Washington Revolutionaries,,,,6.905427190630917,expected,team,10,10,e71d8f615a21,0b68071d0b61,18,2,34,36,3.93475,3.3605,7.29525,0.57425,1.0,4.0,7.0,1.0,3.0,6.0,4.0,7.0,11.0,-3.0,1.0,4.0,65.887,60.29175,125.8166032649403,5.59525,56.0,66.0,76.0,50.0,60.0,70.0,109.6378532649403,125.6378532649403,141.6378532649403,-7.0,6.0,18.0
2026-03-12,401851263,Fordham Rams,George Washington Revolutionaries,,,,6.905427190630917,expected,team,10,10,e71d8f615a21,0b68071d0b61,19,2,36,38,3.85175,3.33575,7.1875,0.516,1.0,4.0,6.0,1.0,3.0,6.0,4.0,7.0,11.0,-3.0,1.0,4.0,69.73875,63.6275,132.69617685459252,6.11125,59.0,69.0,80.0,53.0,63.0,74.0,116.3299268545925,132.3299268545925,149.3299268545925,-7.0,6.0,19.0
2026-03-12,401851263,Fordham Rams,George Washington Revolutionaries,,,,6.905427190630917,expected,team,10,10,e71d8f615a21,0b68071d0b61,20,2,38,40,5.87375,5.09975,10.9735,0.774,3.0,6.0,9.0,2.0,5.0,8.0,7.0,11.0,16.0,-3.0,1.0,5.0,75.6125,68.72725,144.33975,6.88525,65.0,75.0,87.0,58.0,69.0,80.0,127.0,144.0,162.0,-6.0,7.0,20.0
2026-03-12,401851264,George Mason Patriots,St. Bonaventure Bonnies,2026-03-12 14:00,2026-03-12T18:00:00Z,EDT,3.5,spread,team,10,10,f696e7762226,1b582e9c0a83,1,1,0,2,2.70125,2.88675,5.588,-0.1855,1.0,3.0,5.0,1.0,3.0,5.0,3.0,5.0,9.0,-3.0,0.0,3.0,2.70125,2.88675,5.798126454772274,-0.1855,1.0,3.0,5.0,1.0,3.0,5.0,3.210126454772273,5.210126454772274,9.210126454772274,-3.0,0.0,3.0
2026-03-12,401851264,George Mason Patriots,St. Bonaventure Bonnies,2026-03-12 14:00,2026-03-12T18:00:00Z,EDT,3.5,spread,team,10,10,f696e7762226,1b582e9c0a83,2,1,2,4,3.88925,4.1855,8.07475,-0.29625,1.0,4.0,6.0,2.0,4.0,7.0,4.0,8.0,12.0,-4.0,0.0,3.0,6.5905,7.07225,14.083002909544549,-0.48175,3.0,6.0,10.0,4.0,7.0,11.0,9.420252909544548,13.420252909544548,19.420252909544548,-5.0,-1.0,4.0
2026-03-12,401851264,George Mason Patriots,St. Bonaventure Bonnies,2026-03-12 14:00,2026-03-12T18:00:00Z,EDT,3.5,spread,team,10,10,f696e7762226,1b582e9c0a83,3,1,4,6,3.369,3.6445,7.0135,-0.2755,1.0,3.0,6.0,1.0,3.0,6.0,4.0,7.0,11.0,-4.0,0.0,3.0,9.9595,10.71675,21.30662936431682,-0.75725,6.0,10.0,14.0,6.0,11.0,15.0,14.63037936431682,20.63037936431682,27.63037936431682,-6.0,-1.0,5.0
2026-03-12,401851264,George Mason Patriots,St. Bonaventure Bonnies,2026-03-12 14:00,2026-03-12T18:00:00Z,EDT,3.5,spread,team,10,10,f696e7762226,1b582e9c0a83,4,1,6,8,3.50675,3.76575,7.2725,-0.259,1.0,3.0,6.0,1.0,4.0,6.0,4.0,7.0,11.0,-4.0,0.0,3.0,13.46625,14.4825,28.789255819089096,-1.01625,9.0,13.0,19.0,10.0,14.0,20.0,20.840505819089092,28.840505819089092,36.840505819089095,-7.0,-1.0,6.0
2026-03-12,401851264,George Mason Patriots,St. Bonaventure Bonnies,2026-03-12 14:00,2026-03-12T18:00:00Z,EDT,3.5,spread,team,10,10,f696e7762226,1b582e9c0a83,5,1,8,10,2.8495,3.071,5.9205,-0.2215,1.0,3.0,5.0,1.0,3.0,5.0,3.0,6.0,9.0,-3.0,0.0,3.0,16.31575,17.5535,29.406491959154923,-1.23775,11.0,16.0,22.0,12.0,17.0,23.0,21.050632273861368,29.53724195915492,38.53724195915492,-8.0,-1.0,6.0
2026-03-12,401851264,George Mason Patriots,St. Bonaventure Bonnies,2026-03-12 14:00,2026-03-12T18:00:00Z,EDT,3.5,spread,team,10,10,f696e7762226,1b582e9c0a83,6,1,10,12,3.4345,3.643,7.0775,-0.2085,1.0,3.0,6.0,1.0,3.0,6.0,4.0,7.0,11.0,-4.0,0.0,3.0,19.75025,21.1965,42.20750872863364,-1.44625,14.0,20.0,26.0,15.0,21.0,28.0,32.26075872863364,42.26075872863364,52.26075872863364,-9.0,-1.0,6.0
2026-03-12,401851264,George Mason Patriots,St. Bonaventure Bonnies,2026-03-12 14:00,2026-03-12T18:00:00Z,EDT,3.5,spread,team,10,10,f696e7762226,1b582e9c0a83,7,1,12,14,3.3695,3.646,7.0155,-0.2765,1.0,3.0,6.0,1.0,3.0,6.0,4.0,7.0,11.0,-4.0,0.0,3.0,23.11975,24.8425,49.43313518340591,-1.72275,17.0,23.0,30.0,18.0,25.0,32.0,38.47088518340591,49.47088518340591,60.47088518340591,-10.0,-2.0,6.0
2026-03-12,401851264,George Mason Patriots,St. Bonaventure Bonnies,2026-03-12 14:00,2026-03-12T18:00:00Z,EDT,3.5,spread,team,10,10,f696e7762226,1b582e9c0a83,8,1,14,16,3.73375,3.95925,7.693,-0.2255,1.0,4.0,6.0,2.0,4.0,7.0,4.0,8.0,12.0,-4.0,0.0,3.0,26.8535,28.80175,57.33626163817819,-1.94825,20.0,27.0,34.0,21.0,29.0,37.0,45.68101163817819,57.68101163817819,69.68101163817819,-10.0,-2.0,6.0
2026-03-12,401851264,George Mason Patriots,St. Bonaventure Bonnies,2026-03-12 14:00,2026-03-12T18:00:00Z,EDT,3.5,spread,team,10,10,f696e7762226,1b582e9c0a83,9,1,16,18,3.4045,3.6655,7.07,-0.261,1.0,3.0,6.0,1.0,3.0,6.0,4.0,7.0,11.0,-4.0,0.0,3.0,30.258,32.46725,64.61638809295046,-2.20925,23.0,30.0,38.0,25.0,32.0,41.0,50.89113809295046,63.89113809295046,77.89113809295046,-11.0,-2.0,7.0
2026-03-12,401851264,George Mason Patriots,St. Bonaventure Bonnies,2026-03-12 14:00,2026-03-12T18:00:00Z,EDT,3.5,spread,team,10,10,f696e7762226,1b582e9c0a83,10,1,18,20,3.3815,3.62575,7.00725,-0.24425,1.0,3.0,6.0,1.0,3.0,6.0,4.0,7.0,11.0,-3.0,0.0,3.0,33.6395,36.093,69.7325,-2.4535,25.0,33.0,42.0,28.0,36.0,45.0,56.0,69.0,84.0,-11.0,-2.0,6.0
2026-03-12,401851264,George Mason Patriots,St. Bonaventure Bonnies,2026-03-12 14:00,2026-03-12T18:00:00Z,EDT,3.5,spread,team,10,10,f696e7762226,1b582e9c0a83,11,2,20,22,3.15775,3.0805,6.23825,0.07725,1.0,3.0,6.0,1.0,3.0,5.0,3.0,6.0,10.0,-3.0,0.0,3.0,36.79725,39.1735,77.76408813737493,-2.37625,28.0,37.0,45.0,31.0,39.0,48.0,63.79333813737493,77.79333813737493,92.79333813737492,-12.0,-2.0,7.0
2026-03-12,401851264,George Mason Patriots,St. Bonaventure Bonnies,2026-03-12 14:00,2026-03-12T18:00:00Z,EDT,3.5,spread,team,10,10,f696e7762226,1b582e9c0a83,12,2,22,24,3.95075,3.8765,7.82725,0.07425,2.0,4.0,6.0,1.0,4.0,6.0,4.0,8.0,12.0,-3.0,0.0,3.0,40.748,43.05,85.28341172702713,-2.302,32.0,41.0,50.0,34.0,43.0,52.0,71.48541172702713,84.48541172702713,99.48541172702711,-12.0,-2.0,8.0
2026-03-12,401851264,George Mason Patriots,St. Bonaventure Bonnies,2026-03-12 14:00,2026-03-12T18:00:00Z,EDT,3.5,spread,team,10,10,f696e7762226,1b582e9c0a83,13,2,24,26,3.02075,2.98,6.00075,0.04075,1.0,3.0,5.0,1.0,3.0,5.0,3.0,6.0,9.0,-3.0,0.0,3.0,43.76875,46.03,90.97623531667932,-2.26125,35.0,43.5,53.0,37.0,46.0,55.0,77.17748531667932,90.17748531667932,106.17748531667932,-13.0,-2.0,8.0
2026-03-12,401851264,George Mason Patriots,St. Bonaventure Bonnies,2026-03-12 14:00,2026-03-12T18:00:00Z,EDT,3.5,spread,team,10,10,f696e7762226,1b582e9c0a83,14,2,26,28,4.027,3.873,7.9,0.154,2.0,4.0,7.0,1.0,4.0,7.0,4.0,8.0,12.0,-3.0,0.0,4.0,47.79575,49.903,98.56830890633152,-2.10725,39.0,48.0,57.0,41.0,50.0,59.0,83.86955890633152,97.86955890633152,112.86955890633152,-13.0,-2.0,9.0
2026-03-12,401851264,George Mason Patriots,St. Bonaventure Bonnies,2026-03-12 14:00,2026-03-12T18:00:00Z,EDT,3.5,spread,team,10,10,f696e7762226,1b582e9c0a83,15,2,28,30,3.4685,3.44125,6.90975,0.02725,1.0,3.0,6.0,1.0,3.0,6.0,4.0,7.0,11.0,-3.0,0.0,3.0,51.26425,53.34425,99.49922156133248,-2.08,42.0,51.0,61.0,44.0,53.0,63.0,84.89072156133247,99.89072156133248,114.89072156133248,-14.0,-2.0,9.0
2026-03-12,401851264,George Mason Patriots,St. Bonaventure Bonnies,2026-03-12 14:00,2026-03-12T18:00:00Z,EDT,3.5,spread,team,10,10,f696e7762226,1b582e9c0a83,16,2,30,32,3.79425,3.763,7.55725,0.03125,1.0,4.0,6.0,1.0,4.0,6.0,4.0,7.0,11.0,-3.0,0.0,3.0,55.0585,57.10725,112.41945608563591,-2.04875,45.900000000000034,55.0,65.0,47.0,57.0,67.0,97.25370608563593,112.25370608563593,128.2537060856359,-14.0,-2.0,10.0
2026-03-12,401851264,George Mason Patriots,St. Bonaventure Bonnies,2026-03-12 14:00,2026-03-12T18:00:00Z,EDT,3.5,spread,team,10,10,f696e7762226,1b582e9c0a83,17,2,32,34,3.27775,3.2395,6.51725,0.03825,1.0,3.0,6.0,1.0,3.0,6.0,3.0,6.0,10.0,-3.0,0.0,3.0,58.33625,60.34675,118.62877967528811,-2.0105,49.0,58.0,68.0,50.0,60.0,71.0,102.94577967528812,117.94577967528812,134.94577967528812,-14.0,-2.0,10.0
2026-03-12,401851264,George Mason Patriots,St. Bonaventure Bonnies,2026-03-12 14:00,2026-03-12T18:00:00Z,EDT,3.5,spread,team,10,10,f696e7762226,1b582e9c0a83,18,2,34,36,3.782,3.718,7.5,0.064,1.0,4.0,6.0,1.0,4.0,6.0,4.0,7.0,11.0,-3.0,0.0,4.0,62.11825,64.06475,125.82085326494033,-1.9465,52.0,62.0,72.09999999999991,54.0,64.0,75.0,109.6378532649403,125.6378532649403,142.6378532649403,-14.0,-2.0,10.0
2026-03-12,401851264,George Mason Patriots,St. Bonaventure Bonnies,2026-03-12 14:00,2026-03-12T18:00:00Z,EDT,3.5,spread,team,10,10,f696e7762226,1b582e9c0a83,19,2,36,38,3.6835,3.6005,7.284,0.083,1.0,3.0,6.0,1.0,3.0,6.0,4.0,7.0,11.0,-3.0,0.0,4.0,65.80175,67.66525,132.79692685459253,-1.8635,55.0,66.0,76.0,57.0,68.0,78.0,116.3299268545925,132.3299268545925,149.3299268545925,-14.0,-2.0,11.0
2026-03-12,401851264,George Mason Patriots,St. Bonaventure Bonnies,2026-03-12 14:00,2026-03-12T18:00:00Z,EDT,3.5,spread,team,10,10,f696e7762226,1b582e9c0a83,20,2,38,40,5.246,5.10425,10.35025,0.14175,2.0,5.0,8.0,2.0,5.0,8.0,6.0,10.0,15.0,-4.0,0.0,4.0,71.04775,72.7695,143.81725,-1.72175,60.0,71.0,82.0,62.0,73.0,84.0,126.0,144.0,161.0,-14.0,-2.0,11.0
2026-03-12,401851266,Duquesne Dukes,Rhode Island Rams,2026-03-12 17:00,2026-03-12T21:00:00Z,EDT,1.0,spread,team,10,10,e71d8f615a21,0b68071d0b61,1,1,0,2,2.8035,3.2545,6.058,-0.451,1.0,3.0,5.0,1.0,3.0,6.0,3.0,6.0,10.0,-3.0,0.0,3.0,2.8035,3.2545,6.268126454772274,-0.451,1.0,3.0,5.0,1.0,3.0,6.0,3.210126454772273,6.210126454772274,10.210126454772274,-3.0,0.0,3.0
2026-03-12,401851266,Duquesne Dukes,Rhode Island Rams,2026-03-12 17:00,2026-03-12T21:00:00Z,EDT,1.0,spread,team,10,10,e71d8f615a21,0b68071d0b61,2,1,2,4,3.42275,3.89875,7.3215,-0.476,1.0,3.0,6.0,2.0,4.0,7.0,4.0,7.0,11.0,-4.0,0.0,3.0,6.22625,7.15325,13.799752909544548,-0.927,3.0,6.0,10.0,4.0,7.0,11.0,9.420252909544548,13.420252909544548,19.420252909544548,-5.0,-1.0,3.0
2026-03-12,401851266,Duquesne Dukes,Rhode Island Rams,2026-03-12 17:00,2026-03-12T21:00:00Z,EDT,1.0,spread,team,10,10,e71d8f615a21,0b68071d0b61,3,1,4,6,3.35475,3.74475,7.0995,-0.39,1.0,3.0,6.0,1.0,4.0,6.0,4.0,7.0,11.0,-4.0,0.0,3.0,9.581,10.898,21.10937936431682,-1.317,6.0,9.0,14.0,7.0,11.0,15.0,14.63037936431682,20.63037936431682,27.63037936431682,-7.0,-1.0,4.0
2026-03-12,401851266,Duquesne Dukes,Rhode Island Rams,2026-03-12 17:00,2026-03-12T21:00:00Z,EDT,1.0,spread,team,10,10,e71d8f615a21,0b68071d0b61,4,1,6,8,3.25325,3.6865,6.93975,-0.43325,1.0,3.0,6.0,1.0,3.0,6.0,4.0,7.0,11.0,-4.0,0.0,3.0,12.83425,14.5845,28.25925581908909,-1.75025,8.0,13.0,18.0,10.0,14.0,20.0,20.840505819089092,27.840505819089092,35.840505819089095,-8.0,-2.0,5.0
2026-03-12,401851266,Duquesne Dukes,Rhode Island Rams,2026-03-12 17:00,2026-03-12T21:00:00Z,EDT,1.0,spread,team,10,10,e71d8f615a21,0b68071d0b61,5,1,8,10,3.146,3.5925,6.7385,-0.4465,1.0,3.0,5.099999999999909,1.0,3.0,6.0,3.0,7.0,10.0,-4.0,0.0,3.0,15.98025,18.177,29.69449195915492,-2.19675,11.0,16.0,22.0,13.0,18.0,24.0,21.53724195915492,29.53724195915492,38.53724195915492,-9.0,-2.0,5.0
2026-03-12,401851266,Duquesne Dukes,Rhode Island Rams,2026-03-12 17:00,2026-03-12T21:00:00Z,EDT,1.0,spread,team,10,10,e71d8f615a21,0b68071d0b61,6,1,10,12,3.34025,3.758,7.09825,-0.41775,1.0,3.0,6.0,1.0,4.0,6.0,4.0,7.0,11.0,-4.0,0.0,3.0,19.3205,21.935,42.51625872863364,-2.6145,13.0,19.0,26.0,16.0,22.0,29.0,32.26075872863364,42.26075872863364,53.26075872863364,-10.0,-3.0,5.0
2026-03-12,401851266,Duquesne Dukes,Rhode Island Rams,2026-03-12 17:00,2026-03-12T21:00:00Z,EDT,1.0,spread,team,10,10,e71d8f615a21,0b68071d0b61,7,1,12,14,3.33575,3.7865,7.12225,-0.45075,1.0,3.0,6.0,1.0,4.0,6.0,4.0,7.0,11.0,-4.0,0.0,3.0,22.65625,25.7215,49.84863518340591,-3.06525,16.0,22.0,30.0,19.0,26.0,33.0,38.47088518340591,49.47088518340591,61.47088518340591,-11.0,-3.0,5.0
2026-03-12,401851266,Duquesne Dukes,Rhode Island Rams,2026-03-12 17:00,2026-03-12T21:00:00Z,EDT,1.0,spread,team,10,10,e71d8f615a21,0b68071d0b61,8,1,14,16,3.362,3.8255,7.1875,-0.4635,1.0,3.0,6.0,1.0,4.0,7.0,4.0,7.0,11.0,-4.0,0.0,3.0,26.01825,29.547,57.24626163817819,-3.52875,19.0,26.0,34.0,22.0,29.0,37.0,45.68101163817819,56.68101163817819,69.68101163817819,-12.0,-3.0,5.0
2026-03-12,401851266,Duquesne Dukes,Rhode Island Rams,2026-03-12 17:00,2026-03-12T21:00:00Z,EDT,1.0,spread,team,10,10,e71d8f615a21,0b68071d0b61,9,1,16,18,3.35525,3.7955,7.15075,-0.44025,1.0,3.0,6.0,1.0,4.0,6.0,4.0,7.0,11.0,-4.0,0.0,3.0,29.3735,33.3425,64.60713809295046,-3.969,22.0,29.0,37.0,25.0,33.0,42.0,51.89113809295046,63.89113809295046,78.89113809295046,-13.0,-4.0,5.0
2026-03-12,401851266,Duquesne Dukes,Rhode Island Rams,2026-03-12 17:00,2026-03-12T21:00:00Z,EDT,1.0,spread,team,10,10,e71d8f615a21,0b68071d0b61,10,1,18,20,3.49075,4.01525,7.506,-0.5245,1.0,3.0,6.0,2.0,4.0,7.0,4.0,7.0,11.0,-4.0,0.0,3.0,32.86425,37.35775,70.222,-4.4935,25.0,33.0,41.0,29.0,37.0,46.0,56.0,70.0,85.0,-14.0,-4.0,5.0
2026-03-12,401851266,Duquesne Dukes,Rhode Island Rams,2026-03-12 17:00,2026-03-12T21:00:00Z,EDT,1.0,spread,team,10,10,e71d8f615a21,0b68071d0b61,11,2,20,22,3.16625,3.50725,6.6735,-0.341,1.0,3.0,5.0,1.0,3.0,6.0,3.0,7.0,10.0,-4.0,0.0,3.0,36.0305,40.865,78.68883813737493,-4.8345,28.0,36.0,45.0,32.0,41.0,50.0,64.79333813737493,77.79333813737493,93.79333813737492,-14.0,-5.0,5.0
2026-03-12,401851266,Duquesne Dukes,Rhode Island Rams,2026-03-12 17:00,2026-03-12T21:00:00Z,EDT,1.0,spread,team,10,10,e71d8f615a21,0b68071d0b61,12,2,22,24,3.58175,3.898,7.47975,-0.31625,1.0,3.0,6.0,1.0,4.0,7.0,4.0,7.0,11.0,-4.0,0.0,3.0,39.61225,44.763,85.86066172702712,-5.15075,31.0,39.0,48.0,36.0,45.0,54.0,71.48541172702713,85.48541172702713,100.48541172702711,-15.0,-5.0,5.0
2026-03-12,401851266,Duquesne Dukes,Rhode Island Rams,2026-03-12 17:00,2026-03-12T21:00:00Z,EDT,1.0,spread,team,10,10,e71d8f615a21,0b68071d0b61,13,2,24,26,3.45425,3.7795,7.23375,-0.32525,1.0,3.0,6.0,1.0,4.0,6.0,4.0,7.0,11.0,-4.0,0.0,3.0,43.0665,48.5425,92.78648531667932,-5.476,34.0,43.0,52.0,39.0,48.0,58.0,78.17748531667932,92.17748531667932,107.27748531667925,-16.0,-5.0,5.0
2026-03-12,401851266,Duquesne Dukes,Rhode Island Rams,2026-03-12 17:00,2026-03-12T21:00:00Z,EDT,1.0,spread,team,10,10,e71d8f615a21,0b68071d0b61,14,2,26,28,3.41125,3.705,7.11625,-0.29375,1.0,3.0,6.0,1.0,4.0,6.0,4.0,7.0,11.0,-4.0,0.0,3.0,46.47775,52.2475,99.59480890633152,-5.76975,37.0,46.0,56.0,43.0,52.0,62.0,84.86955890633152,99.86955890633152,114.86955890633152,-17.0,-6.0,5.0
2026-03-12,401851266,Duquesne Dukes,Rhode Island Rams,2026-03-12 17:00,2026-03-12T21:00:00Z,EDT,1.0,spread,team,10,10,e71d8f615a21,0b68071d0b61,15,2,28,30,3.3265,3.562,6.8885,-0.2355,1.0,3.0,6.0,1.0,3.0,6.0,4.0,7.0,10.0,-3.0,0.0,3.0,49.80425,55.8095,100.50447156133248,-6.00525,40.0,50.0,59.0,46.0,56.0,65.0,84.89072156133247,99.89072156133248,115.89072156133248,-17.0,-6.0,5.0
2026-03-12,401851266,Duquesne Dukes,Rhode Island Rams,2026-03-12 17:00,2026-03-12T21:00:00Z,EDT,1.0,spread,team,10,10,e71d8f615a21,0b68071d0b61,16,2,30,32,3.53125,3.90425,7.4355,-0.373,1.0,3.0,6.0,2.0,4.0,7.0,4.0,7.0,11.0,-4.0,0.0,3.0,53.3355,59.71375,113.30295608563593,-6.37825,44.0,53.0,63.0,50.0,60.0,70.0,98.25370608563593,113.25370608563593,129.2537060856359,-18.0,-6.0,5.0
2026-03-12,401851266,Duquesne Dukes,Rhode Island Rams,2026-03-12 17:00,2026-03-12T21:00:00Z,EDT,1.0,spread,team,10,10,e71d8f615a21,0b68071d0b61,17,2,32,34,3.4325,3.6885,7.121,-0.256,1.0,3.0,6.0,1.0,3.0,6.0,4.0,7.0,11.0,-4.0,0.0,3.0,56.768,63.40225,120.1160296752881,-6.63425,47.0,57.0,66.0,53.0,63.0,74.0,103.94577967528812,119.94577967528812,135.94577967528812,-19.0,-6.0,5.0
2026-03-12,401851266,Duquesne Dukes,Rhode Island Rams,2026-03-12 17:00,2026-03-12T21:00:00Z,EDT,1.0,spread,team,10,10,e71d8f615a21,0b68071d0b61,18,2,34,36,3.59175,3.843,7.43475,-0.25125,1.0,3.0,6.0,1.0,4.0,7.0,4.0,7.0,11.0,-4.0,0.0,3.0,60.35975,67.24525,127.24285326494032,-6.8855,51.0,60.0,70.0,57.0,67.0,78.0,110.6378532649403,127.6378532649403,143.6378532649403,-19.0,-7.0,5.0
2026-03-12,401851266,Duquesne Dukes,Rhode Island Rams,2026-03-12 17:00,2026-03-12T21:00:00Z,EDT,1.0,spread,team,10,10,e71d8f615a21,0b68071d0b61,19,2,36,38,3.45525,3.7235,7.17875,-0.26825,1.0,3.0,6.0,1.0,4.0,6.0,4.0,7.0,11.0,-4.0,0.0,3.0,63.815,70.96875,134.11367685459248,-7.15375,54.0,64.0,74.0,60.0,71.0,82.0,117.3299268545925,134.3299268545925,151.3299268545925,-20.0,-7.0,5.0
2026-03-12,401851266,Duquesne Dukes,Rhode Island Rams,2026-03-12 17:00,2026-03-12T21:00:00Z,EDT,1.0,spread,team,10,10,e71d8f615a21,0b68071d0b61,20,2,38,40,5.818,6.3675,12.1855,-0.5495,3.0,6.0,9.0,3.0,6.0,10.0,8.0,12.0,17.0,-5.0,-1.0,4.0,69.633,77.33625,146.96925,-7.70325,59.0,70.0,80.0,66.0,77.0,89.0,130.0,147.0,165.0,-21.0,-8.0,5.0
2026-03-12,401851268,Davidson Wildcats,Loyola Chicago Ramblers,2026-03-12 19:30,2026-03-12T23:30:00Z,EDT,6.5,spread,team,10,10,1351631d9405,525e971c351d,1,1,0,2,2.491,2.661,5.152,-0.17,1.0,2.0,5.0,1.0,2.0,5.0,2.0,5.0,8.0,-3.0,0.0,3.0,2.491,2.661,5.362126454772274,-0.17,1.0,2.0,5.0,1.0,2.0,5.0,2.210126454772273,5.210126454772274,8.210126454772274,-3.0,0.0,3.0
2026-03-12,401851268,Davidson Wildcats,Loyola Chicago Ramblers,2026-03-12 19:30,2026-03-12T23:30:00Z,EDT,6.5,spread,team,10,10,1351631d9405,525e971c351d,2,1,2,4,3.67225,3.91525,7.5875,-0.243,1.0,3.5,6.0,2.0,4.0,6.0,4.0,7.0,11.0,-4.0,0.0,3.0,6.16325,6.57625,13.159752909544547,-0.413,3.0,6.0,9.0,3.0,6.0,10.0,8.420252909544548,12.420252909544548,18.420252909544548,-5.0,0.0,4.0
2026-03-12,401851268,Davidson Wildcats,Loyola Chicago Ramblers,2026-03-12 19:30,2026-03-12T23:30:00Z,EDT,6.5,spread,team,10,10,1351631d9405,525e971c351d,3,1,4,6,3.49625,3.753,7.24925,-0.25675,1.0,3.0,6.0,1.0,4.0,6.0,4.0,7.0,11.0,-4.0,0.0,3.0,9.6595,10.32925,20.61912936431682,-0.66975,6.0,9.0,14.0,6.0,10.0,15.0,14.63037936431682,20.63037936431682,27.63037936431682,-6.0,-1.0,5.0
2026-03-12,401851268,Davidson Wildcats,Loyola Chicago Ramblers,2026-03-12 19:30,2026-03-12T23:30:00Z,EDT,6.5,spread,team,10,10,1351631d9405,525e971c351d,4,1,6,8,3.48925,3.73075,7.22,-0.2415,1.0,3.0,6.0,1.0,4.0,6.0,4.0,7.0,11.0,-4.0,0.0,3.0,13.14875,14.06,28.04925581908909,-0.91125,8.0,13.0,18.0,9.0,14.0,19.0,20.840505819089092,27.840505819089092,35.840505819089095,-7.0,-1.0,5.0
2026-03-12,401851268,Davidson Wildcats,Loyola Chicago Ramblers,2026-03-12 19:30,2026-03-12T23:30:00Z,EDT,6.5,spread,team,10,10,1351631d9405,525e971c351d,5,1,8,10,3.8645,4.146,8.0105,-0.2815,1.0,4.0,6.0,2.0,4.0,7.0,4.0,8.0,12.0,-4.0,0.0,3.0,17.01325,18.206,30.75649195915492,-1.19275,12.0,17.0,23.0,13.0,18.0,24.0,22.53724195915492,30.53724195915492,39.53724195915492,-8.0,-1.0,6.0
2026-03-12,401851268,Davidson Wildcats,Loyola Chicago Ramblers,2026-03-12 19:30,2026-03-12T23:30:00Z,EDT,6.5,spread,team,10,10,1351631d9405,525e971c351d,6,1,10,12,3.8515,4.14575,7.99725,-0.29425,1.0,4.0,6.0,2.0,4.0,7.0,4.0,8.0,12.0,-4.0,0.0,3.0,20.86475,22.35175,44.47725872863364,-1.487,15.0,21.0,27.0,16.0,22.0,29.0,34.26075872863364,44.26075872863364,55.26075872863364,-9.0,-2.0,6.0
2026-03-12,401851268,Davidson Wildcats,Loyola Chicago Ramblers,2026-03-12 19:30,2026-03-12T23:30:00Z,EDT,6.5,spread,team,10,10,1351631d9405,525e971c351d,7,1,12,14,3.29925,3.496,6.79525,-0.19675,1.0,3.0,6.0,1.0,3.0,6.0,3.0,7.0,10.0,-3.0,0.0,3.0,24.164,25.84775,51.48263518340591,-1.68375,17.0,24.0,31.0,19.0,26.0,33.0,40.47088518340591,51.47088518340591,63.47088518340591,-9.0,-2.0,6.0
2026-03-12,401851268,Davidson Wildcats,Loyola Chicago Ramblers,2026-03-12 19:30,2026-03-12T23:30:00Z,EDT,6.5,spread,team,10,10,1351631d9405,525e971c351d,8,1,14,16,3.818,4.0695,7.8875,-0.2515,1.0,4.0,6.0,2.0,4.0,7.0,4.0,8.0,12.0,-4.0,0.0,3.0,27.982,29.91725,59.58026163817819,-1.93525,21.0,28.0,35.0,23.0,30.0,37.0,47.68101163817819,58.68101163817819,72.68101163817819,-10.0,-2.0,6.099999999999909
2026-03-12,401851268,Davidson Wildcats,Loyola Chicago Ramblers,2026-03-12 19:30,2026-03-12T23:30:00Z,EDT,6.5,spread,team,10,10,1351631d9405,525e971c351d,9,1,16,18,3.4085,3.6055,7.014,-0.197,1.0,3.0,6.0,1.0,3.0,6.0,4.0,7.0,11.0,-3.0,0.0,3.0,31.3905,33.52275,66.80438809295046,-2.13225,24.0,31.0,39.0,26.0,33.0,41.0,53.89113809295046,66.89113809295046,79.89113809295046,-11.0,-2.0,7.0
2026-03-12,401851268,Davidson Wildcats,Loyola Chicago Ramblers,2026-03-12 19:30,2026-03-12T23:30:00Z,EDT,6.5,spread,team,10,10,1351631d9405,525e971c351d,10,1,18,20,3.365,3.5205,6.8855,-0.1555,1.0,3.0,6.0,1.0,3.0,6.0,4.0,7.0,11.0,-3.0,0.0,3.0,34.7555,37.04325,71.79875,-2.28775,27.0,35.0,43.0,29.0,37.0,45.0,58.0,71.0,86.0,-11.0,-2.0,7.0
2026-03-12,401851268,Davidson Wildcats,Loyola Chicago Ramblers,2026-03-12 19:30,2026-03-12T23:30:00Z,EDT,6.5,spread,team,10,10,1351631d9405,525e971c351d,11,2,20,22,3.4975,3.71725,7.21475,-0.21975,1.0,3.0,6.0,1.0,4.0,6.0,4.0,7.0,11.0,-3.099999999999966,0.0,3.0,38.253,40.7605,80.80683813737492,-2.5075,30.0,38.0,47.0,32.0,41.0,49.0,66.79333813737493,79.79333813737493,95.79333813737492,-12.0,-2.0,7.0
2026-03-12,401851268,Davidson Wildcats,Loyola Chicago Ramblers,2026-03-12 19:30,2026-03-12T23:30:00Z,EDT,6.5,spread,team,10,10,1351631d9405,525e971c351d,12,2,22,24,3.98625,4.14,8.12625,-0.15375,2.0,4.0,7.0,2.0,4.0,7.0,4.0,8.0,12.0,-4.0,0.0,3.0,42.23925,44.9005,88.62516172702713,-2.66125,34.0,42.0,51.0,36.0,45.0,54.0,74.48541172702713,88.48541172702713,103.48541172702711,-13.0,-3.0,7.0
2026-03-12,401851268,Davidson Wildcats,Loyola Chicago Ramblers,2026-03-12 19:30,2026-03-12T23:30:00Z,EDT,6.5,spread,team,10,10,1351631d9405,525e971c351d,13,2,24,26,3.71725,3.9325,7.64975,-0.21525,1.0,3.5,6.0,2.0,4.0,7.0,4.0,7.0,11.0,-4.0,0.0,3.0,45.9565,48.833,95.96698531667931,-2.8765,37.0,46.0,55.0,40.0,49.0,58.0,82.17748531667932,96.17748531667932,111.17748531667932,-14.0,-3.0,8.0
2026-03-12,401851268,Davidson Wildcats,Loyola Chicago Ramblers,2026-03-12 19:30,2026-03-12T23:30:00Z,EDT,6.5,spread,team,10,10,1351631d9405,525e971c351d,14,2,26,28,3.38225,3.5445,6.92675,-0.16225,1.0,3.0,6.0,1.0,3.0,6.0,3.0,7.0,11.0,-3.0,0.0,3.0,49.33875,52.3775,102.58580890633152,-3.03875,40.0,49.0,58.0,43.0,52.0,61.0,87.86955890633152,102.86955890633152,117.86955890633152,-14.0,-3.0,8.0
2026-03-12,401851268,Davidson Wildcats,Loyola Chicago Ramblers,2026-03-12 19:30,2026-03-12T23:30:00Z,EDT,6.5,spread,team,10,10,1351631d9405,525e971c351d,15,2,28,30,3.44725,3.5865,7.03375,-0.13925,1.0,3.0,6.0,1.0,3.0,6.0,4.0,7.0,11.0,-3.0,0.0,3.0,52.786,55.964,103.64072156133248,-3.178,44.0,53.0,62.0,47.0,56.0,65.0,88.89072156133247,103.89072156133248,118.89072156133248,-14.0,-3.0,8.0
2026-03-12,401851268,Davidson Wildcats,Loyola Chicago Ramblers,2026-03-12 19:30,2026-03-12T23:30:00Z,EDT,6.5,spread,team,10,10,1351631d9405,525e971c351d,16,2,30,32,3.577,3.8425,7.4195,-0.2655,1.0,3.0,6.0,1.0,4.0,6.0,4.0,7.0,11.0,-4.0,0.0,3.0,56.363,59.8065,116.42320608563593,-3.4435,47.0,56.0,66.0,50.0,60.0,69.0,101.25370608563593,116.25370608563593,131.2537060856359,-15.0,-4.0,8.0
2026-03-12,401851268,Davidson Wildcats,Loyola Chicago Ramblers,2026-03-12 19:30,2026-03-12T23:30:00Z,EDT,6.5,spread,team,10,10,1351631d9405,525e971c351d,17,2,32,34,3.64875,3.7795,7.42825,-0.13075,1.0,3.0,6.0,1.0,4.0,6.0,4.0,7.0,11.0,-4.0,0.0,3.0,60.01175,63.586,123.54352967528811,-3.57425,50.0,60.0,70.0,53.0,64.0,74.0,107.94577967528812,123.94577967528812,138.94577967528812,-15.0,-4.0,8.0
2026-03-12,401851268,Davidson Wildcats,Loyola Chicago Ramblers,2026-03-12 19:30,2026-03-12T23:30:00Z,EDT,6.5,spread,team,10,10,1351631d9405,525e971c351d,18,2,34,36,4.0565,4.27275,8.32925,-0.21625,2.0,4.0,7.0,2.0,4.0,7.0,5.0,8.0,12.0,-4.0,0.0,3.0,64.06825,67.85875,131.5648532649403,-3.7905,54.0,64.0,74.0,57.0,68.0,78.0,115.6378532649403,131.6378532649403,147.6378532649403,-16.0,-4.0,8.0
2026-03-12,401851268,Davidson Wildcats,Loyola Chicago Ramblers,2026-03-12 19:30,2026-03-12T23:30:00Z,EDT,6.5,spread,team,10,10,1351631d9405,525e971c351d,19,2,36,38,3.8625,4.089,7.9515,-0.2265,1.0,4.0,6.0,2.0,4.0,7.0,4.0,8.0,12.0,-4.0,0.0,3.0,67.93075,71.94775,139.20842685459252,-4.017,58.0,68.0,78.0,61.0,72.0,83.0,122.3299268545925,139.3299268545925,156.3299268545925,-16.0,-4.0,8.0
2026-03-12,401851268,Davidson Wildcats,Loyola Chicago Ramblers,2026-03-12 19:30,2026-03-12T23:30:00Z,EDT,6.5,spread,team,10,10,1351631d9405,525e971c351d,20,2,38,40,5.4375,5.726,11.1635,-0.2885,3.0,5.0,9.0,3.0,6.0,9.0,7.0,11.0,16.0,-4.0,0.0,4.0,73.36825,77.67375,151.042,-4.3055,63.0,73.0,84.0,67.0,78.0,89.0,134.0,151.0,169.0,-17.0,-4.0,8.0
2026-03-12,401851296,Texas Tech Red Raiders,Iowa State Cyclones,2026-03-12 12:30,2026-03-12T16:30:00Z,EDT,5.5,spread,team,10,10,e71d8f615a21,0b68071d0b61,1,1,0,2,3.29475,3.29725,6.592,-0.0025,1.0,3.0,6.0,1.0,3.0,6.0,3.0,6.0,10.0,-3.0,0.0,3.0,3.29475,3.29725,6.8021264547722735,-0.0025,1.0,3.0,6.0,1.0,3.0,6.0,3.210126454772273,6.210126454772274,10.210126454772274,-3.0,0.0,3.0
2026-03-12,401851296,Texas Tech Red Raiders,Iowa State Cyclones,2026-03-12 12:30,2026-03-12T16:30:00Z,EDT,5.5,spread,team,10,10,e71d8f615a21,0b68071d0b61,2,1,2,4,4.02325,3.9155,7.93875,0.10775,2.0,4.0,7.0,1.0,4.0,7.0,4.0,8.0,12.0,-3.0,0.0,4.0,7.318,7.21275,14.951002909544547,0.10525,4.0,7.0,11.0,4.0,7.0,11.0,9.420252909544548,14.420252909544548,20.420252909544548,-5.0,0.0,5.0
2026-03-12,401851296,Texas Tech Red Raiders,Iowa State Cyclones,2026-03-12 12:30,2026-03-12T16:30:00Z,EDT,5.5,spread,team,10,10,e71d8f615a21,0b68071d0b61,3,1,4,6,3.85725,3.76325,7.6205,0.094,1.0,4.0,6.0,1.0,4.0,6.0,4.0,7.0,11.0,-3.0,0.0,3.0,11.17525,10.976,22.78162936431682,0.19925,7.0,11.0,16.0,7.0,11.0,15.0,16.63037936431682,22.63037936431682,29.63037936431682,-5.0,0.0,6.0
2026-03-12,401851296,Texas Tech Red Raiders,Iowa State Cyclones,2026-03-12 12:30,2026-03-12T16:30:00Z,EDT,5.5,spread,team,10,10,e71d8f615a21,0b68071d0b61,4,1,6,8,3.80325,3.787,7.59025,0.01625,1.0,4.0,6.0,1.0,4.0,6.0,4.0,7.0,11.0,-3.0,0.0,3.0,14.9785,14.763,30.58200581908909,0.2155,10.0,15.0,20.0,10.0,15.0,20.0,22.840505819089092,29.840505819089092,38.840505819089095,-6.0,0.0,6.0
2026-03-12,401851296,Texas Tech Red Raiders,Iowa State Cyclones,2026-03-12 12:30,2026-03-12T16:30:00Z,EDT,5.5,spread,team,10,10,e71d8f615a21,0b68071d0b61,5,1,8,10,3.622,3.65775,7.27975,-0.03575,1.0,3.0,6.0,1.0,3.0,6.0,4.0,7.0,11.0,-3.0,0.0,3.0,18.6005,18.42075,32.55849195915492,0.17975,13.0,18.0,25.0,13.0,18.0,24.0,23.53724195915492,32.53724195915492,42.53724195915492,-7.0,0.0,7.0
2026-03-12,401851296,Texas Tech Red Raiders,Iowa State Cyclones,2026-03-12 12:30,2026-03-12T16:30:00Z,EDT,5.5,spread,team,10,10,e71d8f615a21,0b68071d0b61,6,1,10,12,3.8615,3.83375,7.69525,0.02775,1.0,4.0,6.0,1.0,4.0,6.0,4.0,8.0,11.0,-3.0,0.0,3.0,22.462,22.2545,45.97725872863364,0.2075,16.0,22.0,29.0,16.0,22.0,29.0,36.26075872863364,45.26075872863364,56.26075872863364,-7.0,0.0,8.0
2026-03-12,401851296,Texas Tech Red Raiders,Iowa State Cyclones,2026-03-12 12:30,2026-03-12T16:30:00Z,EDT,5.5,spread,team,10,10,e71d8f615a21,0b68071d0b61,7,1,12,14,3.755,3.7495,7.5045,0.0055,1.0,4.0,6.0,1.0,4.0,6.0,4.0,7.0,11.0,-3.0,0.0,3.0,26.217,26.004,53.69188518340591,0.213,19.0,26.0,33.0,19.0,26.0,33.0,42.47088518340591,53.47088518340591,65.47088518340591,-8.0,0.0,8.0
2026-03-12,401851296,Texas Tech Red Raiders,Iowa State Cyclones,2026-03-12 12:30,2026-03-12T16:30:00Z,EDT,5.5,spread,team,10,10,e71d8f615a21,0b68071d0b61,8,1,14,16,3.92925,3.9245,7.85375,0.00475,2.0,4.0,7.0,1.0,4.0,7.0,4.0,8.0,12.0,-3.0,0.0,3.0,30.14625,29.9285,61.75576163817819,0.21775,23.0,30.0,38.0,22.0,30.0,38.0,48.68101163817819,61.68101163817819,74.68101163817819,-8.0,0.0,9.0
2026-03-12,401851296,Texas Tech Red Raiders,Iowa State Cyclones,2026-03-12 12:30,2026-03-12T16:30:00Z,EDT,5.5,spread,team,10,10,e71d8f615a21,0b68071d0b61,9,1,16,18,3.88325,3.89275,7.776,-0.0095,1.0,4.0,7.0,2.0,4.0,7.0,4.0,8.0,12.0,-3.0,0.0,3.0,34.0295,33.82125,69.74188809295046,0.20825,26.0,34.0,42.0,26.0,34.0,42.0,55.89113809295046,69.89113809295046,83.89113809295046,-8.0,0.0,9.0
2026-03-12,401851296,Texas Tech Red Raiders,Iowa State Cyclones,2026-03-12 12:30,2026-03-12T16:30:00Z,EDT,5.5,spread,team,10,10,e71d8f615a21,0b68071d0b61,10,1,18,20,4.07575,4.036,8.11175,0.03975,2.0,4.0,7.0,2.0,4.0,7.0,4.0,8.0,12.0,-3.099999999999966,0.0,4.0,38.10525,37.85725,75.9625,0.248,29.0,38.0,47.0,29.0,38.0,47.0,61.0,76.0,91.0,-9.0,0.0,9.0
2026-03-12,401851296,Texas Tech Red Raiders,Iowa State Cyclones,2026-03-12 12:30,2026-03-12T16:30:00Z,EDT,5.5,spread,team,10,10,e71d8f615a21,0b68071d0b61,11,2,20,22,1.546,1.43325,2.97925,0.11275,0.0,1.0,3.0,0.0,1.0,3.0,1.0,3.0,5.0,-2.0,0.0,2.0,39.65125,39.2905,80.73508813737493,0.36075,31.0,40.0,48.0,31.0,39.0,48.0,65.79333813737493,80.79333813737493,95.79333813737492,-9.0,0.0,10.0
2026-03-12,401851296,Texas Tech Red Raiders,Iowa State Cyclones,2026-03-12 12:30,2026-03-12T16:30:00Z,EDT,5.5,spread,team,10,10,e71d8f615a21,0b68071d0b61,12,2,22,24,1.72525,1.636,3.36125,0.08925,0.0,2.0,4.0,0.0,1.0,3.0,1.0,3.0,6.0,-2.0,0.0,2.0,41.3765,40.9265,83.78841172702712,0.45,33.0,41.0,50.0,32.0,41.0,50.0,69.48541172702713,83.48541172702713,98.58541172702704,-9.0,0.5,10.0
2026-03-12,401851296,Texas Tech Red Raiders,Iowa State Cyclones,2026-03-12 12:30,2026-03-12T16:30:00Z,EDT,5.5,spread,team,10,10,e71d8f615a21,0b68071d0b61,13,2,24,26,1.673,1.58625,3.25925,0.08675,0.0,1.0,4.0,0.0,1.0,3.0,1.0,3.0,6.0,-2.0,0.0,2.0,43.0495,42.51275,86.73973531667933,0.53675,34.0,43.0,52.0,34.0,42.0,52.0,72.17748531667932,86.17748531667932,102.17748531667932,-9.0,1.0,10.0
2026-03-12,401851296,Texas Tech Red Raiders,Iowa State Cyclones,2026-03-12 12:30,2026-03-12T16:30:00Z,EDT,5.5,spread,team,10,10,e71d8f615a21,0b68071d0b61,14,2,26,28,1.636,1.58575,3.22175,0.05025,0.0,1.0,4.0,0.0,1.0,3.0,1.0,3.0,6.0,-2.0,0.0,2.0,44.6855,44.0985,89.65355890633153,0.587,36.0,45.0,54.0,35.0,44.0,53.0,74.86955890633152,89.86955890633152,104.86955890633152,-10.0,0.5,11.0
2026-03-12,401851296,Texas Tech Red Raiders,Iowa State Cyclones,2026-03-12 12:30,2026-03-12T16:30:00Z,EDT,5.5,spread,team,10,10,e71d8f615a21,0b68071d0b61,15,2,28,30,1.5765,1.4965,3.073,0.08,0.0,1.0,3.0,0.0,1.0,3.0,1.0,3.0,6.0,-2.0,0.0,2.0,46.262,45.595,89.65355890633153,0.667,37.0,46.0,56.0,36.0,45.0,55.0,74.86955890633152,89.86955890633152,104.86955890633152,-10.0,1.0,11.0
2026-03-12,401851296,Texas Tech Red Raiders,Iowa State Cyclones,2026-03-12 12:30,2026-03-12T16:30:00Z,EDT,5.5,spread,team,10,10,e71d8f615a21,0b68071d0b61,16,2,30,32,1.6735,1.62825,3.30175,0.04525,0.0,1.0,3.0,0.0,1.0,3.0,1.0,3.0,6.0,-2.0,0.0,2.0,47.9355,47.22325,95.41245608563592,0.71225,38.0,48.0,58.0,38.0,47.0,57.0,79.25370608563591,95.25370608563593,112.25370608563593,-10.0,1.0,12.0
2026-03-12,401851296,Texas Tech Red Raiders,Iowa State Cyclones,2026-03-12 12:30,2026-03-12T16:30:00Z,EDT,5.5,spread,team,10,10,e71d8f615a21,0b68071d0b61,17,2,32,34,1.66825,1.561,3.22925,0.10725,0.0,1.0,4.0,0.0,1.0,3.0,1.0,3.0,6.0,-2.0,0.0,2.0,49.60375,48.78425,98.33377967528811,0.8195,40.0,49.0,60.0,39.0,49.0,59.0,81.94577967528811,97.94577967528812,114.94577967528812,-10.0,1.0,12.0
2026-03-12,401851296,Texas Tech Red Raiders,Iowa State Cyclones,2026-03-12 12:30,2026-03-12T16:30:00Z,EDT,5.5,spread,team,10,10,e71d8f615a21,0b68071d0b61,18,2,34,36,1.70675,1.6335,3.34025,0.07325,0.0,1.0,4.0,0.0,1.0,3.0,1.0,3.0,6.0,-2.0,0.0,2.0,51.3105,50.41775,101.3661032649403,0.89275,41.0,51.0,62.0,40.0,50.0,61.0,84.6378532649403,101.6378532649403,118.6378532649403,-11.0,1.0,12.099999999999907
2026-03-12,401851296,Texas Tech Red Raiders,Iowa State Cyclones,2026-03-12 12:30,2026-03-12T16:30:00Z,EDT,5.5,spread,team,10,10,e71d8f615a21,0b68071d0b61,19,2,36,38,1.688,1.58525,3.27325,0.10275,0.0,1.0,4.0,0.0,1.0,3.0,1.0,3.0,6.0,-2.0,0.0,2.0,52.9985,52.003,104.3314268545925,0.9955,43.0,53.0,63.0,41.0,52.0,63.0,87.3299268545925,104.3299268545925,121.3299268545925,-11.0,1.0,13.0
2026-03-12,401851296,Texas Tech Red Raiders,Iowa State Cyclones,2026-03-12 12:30,2026-03-12T16:30:00Z,EDT,5.5,spread,team,10,10,e71d8f615a21,0b68071d0b61,20,2,38,40,2.82575,2.724,5.54975,0.10175,1.0,3.0,5.0,1.0,3.0,5.0,2.0,5.0,9.0,-3.0,0.0,3.0,55.82425,54.727,110.55125,1.09725,45.0,56.0,67.0,43.0,55.0,66.0,92.90000000000003,110.0,129.0,-12.0,1.0,14.0
2026-03-12,401851299,Arizona Wildcats,UCF Knights,2026-03-12 15:00,2026-03-12T19:00:00Z,EDT,16.5,spread,team,10,10,2122a92e9d48,3ed3b4d13060,1,1,0,2,3.96375,3.03225,6.996,0.9315,1.0,4.0,7.0,1.0,3.0,5.0,4.0,7.0,10.099999999999907,-2.0,1.0,4.0,3.96375,3.03225,7.206126454772274,0.9315,1.0,4.0,7.0,1.0,3.0,5.0,4.210126454772274,7.210126454772274,10.310126454772185,-2.0,1.0,4.0
2026-03-12,401851299,Arizona Wildcats,UCF Knights,2026-03-12 15:00,2026-03-12T19:00:00Z,EDT,16.5,spread,team,10,10,2122a92e9d48,3ed3b4d13060,2,1,2,4,4.39325,3.4655,7.85875,0.92775,2.0,4.0,7.0,1.0,3.0,6.0,4.0,8.0,12.0,-3.0,1.0,4.0,8.357,6.49775,15.275002909544549,1.85925,5.0,8.0,12.0,3.0,6.0,10.0,10.420252909544548,15.420252909544548,20.420252909544548,-3.0,2.0,7.0
2026-03-12,401851299,Arizona Wildcats,UCF Knights,2026-03-12 15:00,2026-03-12T19:00:00Z,EDT,16.5,spread,team,10,10,2122a92e9d48,3ed3b4d13060,3,1,4,6,3.957,3.1775,7.1345,0.7795,1.0,4.0,7.0,1.0,3.0,6.0,4.0,7.0,11.0,-3.0,1.0,4.0,12.314,9.67525,22.61962936431682,2.63875,8.0,12.0,17.0,6.0,10.0,14.0,16.63037936431682,22.63037936431682,29.63037936431682,-3.0,3.0,8.0
2026-03-12,401851299,Arizona Wildcats,UCF Knights,2026-03-12 15:00,2026-03-12T19:00:00Z,EDT,16.5,spread,team,10,10,2122a92e9d48,3ed3b4d13060,4,1,6,8,4.31525,3.3315,7.64675,0.98375,2.0,4.0,7.0,1.0,3.0,6.0,4.0,7.0,11.0,-2.0,1.0,4.0,16.62925,13.00675,30.47650581908909,3.6225,11.0,16.0,22.0,8.0,13.0,18.0,22.840505819089092,29.840505819089092,38.840505819089095,-3.0,4.0,10.0
2026-03-12,401851299,Arizona Wildcats,UCF Knights,2026-03-12 15:00,2026-03-12T19:00:00Z,EDT,16.5,spread,team,10,10,2122a92e9d48,3ed3b4d13060,5,1,8,10,3.94175,3.0215,6.96325,0.92025,1.0,4.0,7.0,1.0,3.0,5.0,4.0,7.0,11.0,-2.0,1.0,4.0,20.571,16.02825,32.13649195915492,4.54275,15.0,21.0,27.0,11.0,16.0,21.0,23.53724195915492,31.53724195915492,41.53724195915492,-2.0,5.0,12.0
2026-03-12,401851299,Arizona Wildcats,UCF Knights,2026-03-12 15:00,2026-03-12T19:00:00Z,EDT,16.5,spread,team,10,10,2122a92e9d48,3ed3b4d13060,6,1,10,12,4.177,3.30725,7.48425,0.86975,2.0,4.0,7.0,1.0,3.0,6.0,4.0,7.0,11.0,-3.0,1.0,4.0,24.748,19.3355,45.34425872863364,5.4125,18.0,25.0,31.0,13.0,19.0,25.0,35.26075872863364,45.26075872863364,55.26075872863364,-2.0,5.0,13.0
2026-03-12,401851299,Arizona Wildcats,UCF Knights,2026-03-12 15:00,2026-03-12T19:00:00Z,EDT,16.5,spread,team,10,10,2122a92e9d48,3ed3b4d13060,7,1,12,14,4.54975,3.54575,8.0955,1.004,2.0,4.0,7.0,1.0,3.0,6.0,4.0,8.0,12.0,-3.0,1.0,5.0,29.29775,22.88125,53.64988518340592,6.4165,22.0,29.0,37.0,16.0,23.0,29.0,42.47088518340591,53.47088518340591,64.47088518340591,-2.0,6.0,14.0
2026-03-12,401851299,Arizona Wildcats,UCF Knights,2026-03-12 15:00,2026-03-12T19:00:00Z,EDT,16.5,spread,team,10,10,2122a92e9d48,3ed3b4d13060,8,1,14,16,4.23475,3.3285,7.56325,0.90625,2.0,4.0,7.0,1.0,3.0,6.0,4.0,7.0,11.0,-2.0,1.0,4.0,33.5325,26.20975,61.42326163817819,7.32275,26.0,33.0,41.0,19.0,26.0,33.0,49.68101163817819,60.68101163817819,73.68101163817819,-1.0,7.0,16.0
2026-03-12,401851299,Arizona Wildcats,UCF Knights,2026-03-12 15:00,2026-03-12T19:00:00Z,EDT,16.5,spread,team,10,10,2122a92e9d48,3ed3b4d13060,9,1,16,18,4.2445,3.3415,7.586,0.903,2.0,4.0,7.0,1.0,3.0,6.0,4.0,7.0,11.0,-2.0,1.0,4.0,37.777,29.55125,69.21938809295045,8.22575,29.0,38.0,46.0,22.0,30.0,37.0,55.89113809295046,68.89113809295046,82.89113809295046,-1.0,8.0,17.0
2026-03-12,401851299,Arizona Wildcats,UCF Knights,2026-03-12 15:00,2026-03-12T19:00:00Z,EDT,16.5,spread,team,10,10,2122a92e9d48,3ed3b4d13060,10,1,18,20,4.45925,3.5515,8.01075,0.90775,2.0,4.0,7.0,1.0,3.0,6.0,4.0,8.0,12.0,-3.0,1.0,4.099999999999909,42.23625,33.10275,75.339,9.1335,33.0,42.0,51.0,25.0,33.0,41.0,62.0,75.0,90.0,0.0,9.0,18.0
2026-03-12,401851299,Arizona Wildcats,UCF Knights,2026-03-12 15:00,2026-03-12T19:00:00Z,EDT,16.5,spread,team,10,10,2122a92e9d48,3ed3b4d13060,11,2,20,22,4.3385,3.53325,7.87175,0.80525,2.0,4.0,7.0,1.0,3.0,6.0,4.0,8.0,12.0,-3.0,1.0,4.0,46.57475,36.636,85.00408813737494,9.93875,38.0,47.0,56.0,29.0,37.0,45.0,71.79333813737493,84.79333813737493,98.79333813737492,0.0,10.0,20.0
2026-03-12,401851299,Arizona Wildcats,UCF Knights,2026-03-12 15:00,2026-03-12T19:00:00Z,EDT,16.5,spread,team,10,10,2122a92e9d48,3ed3b4d13060,12,2,22,24,4.76,3.85225,8.61225,0.90775,2.0,5.0,8.0,2.0,4.0,6.0,5.0,8.0,13.0,-3.0,1.0,5.0,51.33475,40.48825,93.30841172702712,10.8465,42.0,51.0,61.0,32.0,40.0,49.0,79.48541172702713,92.98541172702711,107.48541172702711,0.0,11.0,21.0
2026-03-12,401851299,Arizona Wildcats,UCF Knights,2026-03-12 15:00,2026-03-12T19:00:00Z,EDT,16.5,spread,team,10,10,2122a92e9d48,3ed3b4d13060,13,2,24,26,4.513,3.60525,8.11825,0.90775,2.0,4.0,7.0,1.0,3.0,6.0,4.0,8.0,12.0,-3.0,1.0,4.0,55.84775,44.0935,101.11873531667932,11.75425,47.0,56.0,65.0,36.0,44.0,53.0,87.17748531667932,101.17748531667932,116.17748531667932,1.0,12.0,22.0
2026-03-12,401851299,Arizona Wildcats,UCF Knights,2026-03-12 15:00,2026-03-12T19:00:00Z,EDT,16.5,spread,team,10,10,2122a92e9d48,3ed3b4d13060,14,2,26,28,4.739,3.8305,8.5695,0.9085,2.0,5.0,8.0,1.0,4.0,6.0,5.0,8.0,13.0,-3.0,1.0,5.0,60.58675,47.924,109.38030890633152,12.66275,51.0,61.0,70.0,39.0,48.0,57.0,94.86955890633152,108.86955890633152,123.86955890633152,2.0,13.0,24.0
2026-03-12,401851299,Arizona Wildcats,UCF Knights,2026-03-12 15:00,2026-03-12T19:00:00Z,EDT,16.5,spread,team,10,10,2122a92e9d48,3ed3b4d13060,15,2,28,30,3.88725,3.16575,7.053,0.7215,1.0,4.0,7.0,1.0,3.0,6.0,4.0,7.0,11.0,-3.0,1.0,4.0,64.474,51.08975,110.45447156133248,13.38425,55.0,64.0,74.0,42.0,51.0,60.0,95.89072156133248,109.89072156133248,125.89072156133248,2.0,13.0,25.0
2026-03-12,401851299,Arizona Wildcats,UCF Knights,2026-03-12 15:00,2026-03-12T19:00:00Z,EDT,16.5,spread,team,10,10,2122a92e9d48,3ed3b4d13060,16,2,30,32,4.90125,3.98675,8.888,0.9145,2.0,5.0,8.0,2.0,4.0,7.0,5.0,9.0,13.0,-3.0,1.0,5.0,69.37525,55.0765,124.70545608563592,14.29875,59.0,69.0,79.0,46.0,55.0,64.0,109.25370608563593,124.25370608563593,140.2537060856359,2.0,14.0,26.0
2026-03-12,401851299,Arizona Wildcats,UCF Knights,2026-03-12 15:00,2026-03-12T19:00:00Z,EDT,16.5,spread,team,10,10,2122a92e9d48,3ed3b4d13060,17,2,32,34,4.79175,3.886,8.67775,0.90575,2.0,5.0,8.0,1.0,4.0,6.0,5.0,9.0,13.0,-3.0,1.0,4.0,74.167,58.9625,133.07527967528813,15.2045,64.0,74.0,84.0,50.0,59.0,68.0,116.94577967528812,132.94577967528812,148.94577967528812,3.0,15.0,27.0
2026-03-12,401851299,Arizona Wildcats,UCF Knights,2026-03-12 15:00,2026-03-12T19:00:00Z,EDT,16.5,spread,team,10,10,2122a92e9d48,3ed3b4d13060,18,2,34,36,4.7675,3.83625,8.60375,0.93125,2.0,5.0,8.0,1.0,4.0,6.0,5.0,8.0,13.0,-3.0,1.0,5.0,78.9345,62.79875,141.3711032649403,16.13575,68.0,79.0,90.0,53.0,63.0,72.0,124.6378532649403,141.6378532649403,157.6378532649403,4.0,16.0,28.0
2026-03-12,401851299,Arizona Wildcats,UCF Knights,2026-03-12 15:00,2026-03-12T19:00:00Z,EDT,16.5,spread,team,10,10,2122a92e9d48,3ed3b4d13060,19,2,36,38,5.2695,4.26175,9.53125,1.00775,2.0,5.0,8.0,2.0,4.0,7.0,5.0,9.0,14.0,-3.0,1.0,5.0,84.204,67.0605,150.59442685459248,17.1435,73.0,84.0,95.0,57.0,67.0,77.0,133.3299268545925,150.3299268545925,167.3299268545925,4.0,17.0,29.0
2026-03-12,401851299,Arizona Wildcats,UCF Knights,2026-03-12 15:00,2026-03-12T19:00:00Z,EDT,16.5,spread,team,10,10,2122a92e9d48,3ed3b4d13060,20,2,38,40,4.11925,3.38075,7.5,0.7385,2.0,4.0,7.0,1.0,3.0,6.0,4.0,7.0,11.0,-3.0,1.0,4.0,88.32325,70.44125,158.7645,17.882,77.0,88.0,100.0,60.0,70.0,81.0,141.0,159.0,176.0,5.0,18.0,30.0
2026-03-12,401851300,Houston Cougars,BYU Cougars,2026-03-12 19:00,2026-03-12T23:00:00Z,EDT,10.0,spread,team,10,10,e71d8f615a21,0b68071d0b61,1,1,0,2,3.57175,3.03375,6.6055,0.538,1.0,3.0,6.0,1.0,3.0,5.0,3.0,6.0,10.0,-3.0,0.5,4.0,3.57175,3.03375,6.815626454772274,0.538,1.0,3.0,6.0,1.0,3.0,5.0,3.210126454772273,6.210126454772274,10.210126454772274,-3.0,0.5,4.0
2026-03-12,401851300,Houston Cougars,BYU Cougars,2026-03-12 19:00,2026-03-12T23:00:00Z,EDT,10.0,spread,team,10,10,e71d8f615a21,0b68071d0b61,2,1,2,4,4.34075,3.72575,8.0665,0.615,2.0,4.0,7.0,1.0,4.0,6.0,4.0,8.0,12.0,-3.0,1.0,4.0,7.9125,6.7595,15.092252909544548,1.153,4.0,8.0,12.0,4.0,7.0,10.0,10.420252909544548,14.420252909544548,20.420252909544548,-4.0,1.0,6.0
2026-03-12,401851300,Houston Cougars,BYU Cougars,2026-03-12 19:00,2026-03-12T23:00:00Z,EDT,10.0,spread,team,10,10,e71d8f615a21,0b68071d0b61,3,1,4,6,4.212,3.4715,7.6835,0.7405,2.0,4.0,7.0,1.0,3.0,6.0,4.0,7.0,11.0,-3.0,1.0,4.0,12.1245,10.231,22.98587936431682,1.8935,8.0,12.0,17.0,6.0,10.0,14.0,16.63037936431682,22.63037936431682,29.63037936431682,-4.0,2.0,8.0
2026-03-12,401851300,Houston Cougars,BYU Cougars,2026-03-12 19:00,2026-03-12T23:00:00Z,EDT,10.0,spread,team,10,10,e71d8f615a21,0b68071d0b61,4,1,6,8,4.07625,3.46675,7.543,0.6095,2.0,4.0,7.0,1.0,3.0,6.0,4.0,7.0,11.0,-3.0,1.0,4.0,16.20075,13.69775,30.73900581908909,2.503,11.0,16.0,22.0,9.0,13.0,19.0,22.840505819089092,30.840505819089092,38.840505819089095,-4.0,2.0,9.0
2026-03-12,401851300,Houston Cougars,BYU Cougars,2026-03-12 19:00,2026-03-12T23:00:00Z,EDT,10.0,spread,team,10,10,e71d8f615a21,0b68071d0b61,5,1,8,10,4.07275,3.38675,7.4595,0.686,2.0,4.0,7.0,1.0,3.0,6.0,4.0,7.0,11.0,-3.0,1.0,4.0,20.2735,17.0845,32.89524195915492,3.189,14.0,20.0,26.09999999999991,12.0,17.0,23.0,24.53724195915492,32.53724195915492,41.53724195915492,-4.0,3.0,11.0
2026-03-12,401851300,Houston Cougars,BYU Cougars,2026-03-12 19:00,2026-03-12T23:00:00Z,EDT,10.0,spread,team,10,10,e71d8f615a21,0b68071d0b61,6,1,10,12,4.2175,3.51025,7.72775,0.70725,2.0,4.0,7.0,1.0,3.0,6.0,4.0,8.0,12.0,-3.0,1.0,4.0,24.491,20.59475,46.34650872863364,3.89625,18.0,24.0,31.0,15.0,20.0,27.0,36.26075872863364,46.26075872863364,56.26075872863364,-4.0,4.0,12.0
2026-03-12,401851300,Houston Cougars,BYU Cougars,2026-03-12 19:00,2026-03-12T23:00:00Z,EDT,10.0,spread,team,10,10,e71d8f615a21,0b68071d0b61,7,1,12,14,4.16975,3.547,7.71675,0.62275,2.0,4.0,7.0,1.0,3.0,6.0,4.0,8.0,11.0,-3.0,1.0,4.0,28.66075,24.14175,54.27338518340592,4.519,21.0,29.0,36.0,17.0,24.0,31.0,43.47088518340591,53.47088518340591,65.47088518340591,-5.0,4.0,13.0
2026-03-12,401851300,Houston Cougars,BYU Cougars,2026-03-12 19:00,2026-03-12T23:00:00Z,EDT,10.0,spread,team,10,10,e71d8f615a21,0b68071d0b61,8,1,14,16,4.22425,3.57325,7.7975,0.651,2.0,4.0,7.0,1.0,3.0,6.0,4.0,8.0,12.0,-3.0,1.0,4.0,32.885,27.715,62.28101163817819,5.17,25.0,33.0,41.0,20.0,28.0,35.0,49.68101163817819,61.68101163817819,74.68101163817819,-4.0,5.0,15.0
2026-03-12,401851300,Houston Cougars,BYU Cougars,2026-03-12 19:00,2026-03-12T23:00:00Z,EDT,10.0,spread,team,10,10,e71d8f615a21,0b68071d0b61,9,1,16,18,4.23875,3.62525,7.864,0.6135,2.0,4.0,7.0,1.0,3.0,6.0,4.0,8.0,12.0,-3.0,1.0,4.0,37.12375,31.34025,70.35513809295045,5.7835,29.0,37.0,46.0,23.0,31.0,39.0,56.89113809295046,69.89113809295046,83.89113809295046,-4.0,6.0,16.0
2026-03-12,401851300,Houston Cougars,BYU Cougars,2026-03-12 19:00,2026-03-12T23:00:00Z,EDT,10.0,spread,team,10,10,e71d8f615a21,0b68071d0b61,10,1,18,20,4.4035,3.69225,8.09575,0.71125,2.0,4.0,7.0,1.0,3.0,6.0,4.0,8.0,12.0,-3.0,1.0,4.0,41.52725,35.0325,76.55975,6.49475,32.0,41.0,51.0,27.0,35.0,44.0,62.0,76.0,92.0,-4.0,7.0,17.0
2026-03-12,401851300,Houston Cougars,BYU Cougars,2026-03-12 19:00,2026-03-12T23:00:00Z,EDT,10.0,spread,team,10,10,e71d8f615a21,0b68071d0b61,11,2,20,22,4.13875,3.67925,7.818,0.4595,2.0,4.0,7.0,1.0,4.0,6.0,4.0,8.0,12.0,-3.0,0.0,4.0,45.666,38.71175,86.17108813737494,6.95425,36.0,45.0,55.0,30.0,39.0,48.0,71.79333813737493,85.79333813737493,101.79333813737492,-4.0,7.0,18.0
2026-03-12,401851300,Houston Cougars,BYU Cougars,2026-03-12 19:00,2026-03-12T23:00:00Z,EDT,10.0,spread,team,10,10,e71d8f615a21,0b68071d0b61,12,2,22,24,4.641,4.18675,8.82775,0.45425,2.0,4.0,8.0,2.0,4.0,7.0,5.0,9.0,13.0,-3.0,0.0,4.0,50.307,42.8985,94.69091172702711,7.4085,40.0,50.0,61.0,34.0,43.0,52.0,80.48541172702713,94.48541172702711,109.48541172702711,-4.0,7.0,19.0
2026-03-12,401851300,Houston Cougars,BYU Cougars,2026-03-12 19:00,2026-03-12T23:00:00Z,EDT,10.0,spread,team,10,10,e71d8f615a21,0b68071d0b61,13,2,24,26,4.42725,4.0335,8.46075,0.39375,2.0,4.0,7.0,2.0,4.0,7.0,5.0,8.0,12.0,-3.0,0.0,4.0,54.73425,46.932,102.84373531667931,7.80225,45.0,55.0,65.0,38.0,47.0,57.0,88.17748531667932,103.17748531667932,118.17748531667932,-4.0,8.0,20.0
2026-03-12,401851300,Houston Cougars,BYU Cougars,2026-03-12 19:00,2026-03-12T23:00:00Z,EDT,10.0,spread,team,10,10,e71d8f615a21,0b68071d0b61,14,2,26,28,4.36475,3.97025,8.335,0.3945,2.0,4.0,7.0,2.0,4.0,7.0,5.0,8.0,12.0,-3.0,0.0,4.0,59.099,50.90225,110.87080890633152,8.19675,49.0,59.0,70.0,41.0,51.0,61.0,94.86955890633152,110.86955890633152,126.86955890633152,-4.0,8.0,20.0
2026-03-12,401851300,Houston Cougars,BYU Cougars,2026-03-12 19:00,2026-03-12T23:00:00Z,EDT,10.0,spread,team,10,10,e71d8f615a21,0b68071d0b61,15,2,28,30,4.30275,3.872,8.17475,0.43075,2.0,4.0,7.0,1.0,4.0,7.0,5.0,8.0,12.0,-3.0,0.0,4.0,63.40175,54.77425,113.06672156133249,8.6275,53.0,63.0,74.0,45.0,55.0,65.0,96.89072156133248,112.89072156133248,128.8907215613325,-4.0,9.0,21.0
2026-03-12,401851300,Houston Cougars,BYU Cougars,2026-03-12 19:00,2026-03-12T23:00:00Z,EDT,10.0,spread,team,10,10,e71d8f615a21,0b68071d0b61,16,2,30,32,4.592,4.0805,8.6725,0.5115,2.0,4.0,7.0,2.0,4.0,7.0,5.0,8.0,13.0,-3.0,1.0,4.0,67.99375,58.85475,127.10220608563591,9.139,57.0,68.0,79.0,49.0,59.0,69.0,110.25370608563593,127.25370608563593,143.2537060856359,-4.0,9.0,22.0
2026-03-12,401851300,Houston Cougars,BYU Cougars,2026-03-12 19:00,2026-03-12T23:00:00Z,EDT,10.0,spread,team,10,10,e71d8f615a21,0b68071d0b61,17,2,32,34,4.4575,3.96725,8.42475,0.49025,2.0,4.0,7.0,1.0,4.0,7.0,5.0,8.0,13.0,-3.0,0.0,4.0,72.45125,62.822,135.21902967528808,9.62925,61.0,72.0,84.0,53.0,63.0,73.0,117.94577967528812,134.94577967528812,151.94577967528812,-4.0,10.0,23.0
2026-03-12,401851300,Houston Cougars,BYU Cougars,2026-03-12 19:00,2026-03-12T23:00:00Z,EDT,10.0,spread,team,10,10,e71d8f615a21,0b68071d0b61,18,2,34,36,4.52725,4.11925,8.6465,0.408,2.0,4.0,7.0,2.0,4.0,7.0,5.0,8.0,13.0,-3.0,0.0,4.0,76.9785,66.94125,143.5576032649403,10.03725,66.0,77.0,89.0,56.0,67.0,78.0,125.6378532649403,143.6378532649403,160.6378532649403,-4.0,10.0,24.0
2026-03-12,401851300,Houston Cougars,BYU Cougars,2026-03-12 19:00,2026-03-12T23:00:00Z,EDT,10.0,spread,team,10,10,e71d8f615a21,0b68071d0b61,19,2,36,38,4.50625,3.98725,8.4935,0.519,2.0,4.0,7.0,2.0,4.0,7.0,5.0,8.0,12.0,-3.0,0.0,4.0,81.48475,70.9285,151.7431768545925,10.55625,70.0,81.0,93.0,60.0,71.0,82.0,133.3299268545925,152.3299268545925,169.3299268545925,-4.0,11.0,25.0
2026-03-12,401851300,Houston Cougars,BYU Cougars,2026-03-12 19:00,2026-03-12T23:00:00Z,EDT,10.0,spread,team,10,10,e71d8f615a21,0b68071d0b61,20,2,38,40,4.74175,4.307,9.04875,0.43475,2.0,5.0,8.0,2.0,4.0,7.0,5.0,9.0,13.0,-3.0,0.0,4.0,86.2265,75.2355,161.462,10.991,74.0,86.0,99.0,64.0,75.0,86.0,142.0,162.0,180.0,-3.099999999999966,11.0,25.0
2026-03-12,401851302,Kansas Jayhawks,TCU Horned Frogs,2026-03-12 21:30,2026-03-13T01:30:00Z,EDT,5.5,spread,team,10,10,e71d8f615a21,0b68071d0b61,1,1,0,2,3.55675,3.10975,6.6665,0.447,1.0,3.0,6.0,1.0,3.0,5.0,3.0,7.0,10.0,-3.0,0.0,4.0,3.55675,3.10975,6.876626454772274,0.447,1.0,3.0,6.0,1.0,3.0,5.0,3.210126454772273,7.210126454772274,10.210126454772274,-3.0,0.0,4.0
2026-03-12,401851302,Kansas Jayhawks,TCU Horned Frogs,2026-03-12 21:30,2026-03-13T01:30:00Z,EDT,5.5,spread,team,10,10,e71d8f615a21,0b68071d0b61,2,1,2,4,4.27575,3.7135,7.98925,0.56225,2.0,4.0,7.0,1.0,4.0,6.0,4.0,8.0,12.0,-3.0,1.0,4.0,7.8325,6.82325,15.076002909544547,1.00925,4.0,8.0,11.0,4.0,7.0,10.0,10.420252909544548,14.420252909544548,20.420252909544548,-4.0,1.0,6.0
2026-03-12,401851302,Kansas Jayhawks,TCU Horned Frogs,2026-03-12 21:30,2026-03-13T01:30:00Z,EDT,5.5,spread,team,10,10,e71d8f615a21,0b68071d0b61,3,1,4,6,4.0635,3.55625,7.61975,0.50725,2.0,4.0,7.0,1.0,3.0,6.0,4.0,7.0,11.0,-3.0,1.0,4.0,11.896,10.3795,22.90587936431682,1.5165,8.0,12.0,16.0,6.0,10.0,15.0,16.63037936431682,22.63037936431682,29.63037936431682,-4.0,2.0,7.0
2026-03-12,401851302,Kansas Jayhawks,TCU Horned Frogs,2026-03-12 21:30,2026-03-13T01:30:00Z,EDT,5.5,spread,team,10,10,e71d8f615a21,0b68071d0b61,4,1,6,8,4.01525,3.4605,7.47575,0.55475,2.0,4.0,7.0,1.0,3.0,6.0,4.0,7.0,11.0,-3.0,1.0,4.0,15.91125,13.84,30.59175581908909,2.07125,11.0,16.0,21.0,9.0,14.0,19.0,22.840505819089092,30.840505819089092,37.840505819089095,-4.0,2.0,9.0
2026-03-12,401851302,Kansas Jayhawks,TCU Horned Frogs,2026-03-12 21:30,2026-03-13T01:30:00Z,EDT,5.5,spread,team,10,10,e71d8f615a21,0b68071d0b61,5,1,8,10,3.90175,3.39825,7.3,0.5035,2.0,4.0,6.0,1.0,3.0,6.0,4.0,7.0,11.0,-3.0,0.0,4.0,19.813,17.23825,32.58849195915492,2.57475,14.0,20.0,26.0,12.0,17.0,23.0,24.53724195915492,32.53724195915492,41.53724195915492,-5.0,3.0,10.0
2026-03-12,401851302,Kansas Jayhawks,TCU Horned Frogs,2026-03-12 21:30,2026-03-13T01:30:00Z,EDT,5.5,spread,team,10,10,e71d8f615a21,0b68071d0b61,6,1,10,12,4.127,3.675,7.802,0.452,2.0,4.0,7.0,1.0,3.0,6.0,4.0,8.0,11.0,-3.0,0.0,4.0,23.94,20.91325,46.11400872863364,3.02675,18.0,24.0,30.0,15.0,21.0,27.0,36.26075872863364,46.26075872863364,56.26075872863364,-5.0,3.0,11.0
2026-03-12,401851302,Kansas Jayhawks,TCU Horned Frogs,2026-03-12 21:30,2026-03-13T01:30:00Z,EDT,5.5,spread,team,10,10,e71d8f615a21,0b68071d0b61,7,1,12,14,4.14175,3.52875,7.6705,0.613,2.0,4.0,7.0,1.0,3.0,6.0,4.0,7.0,11.0,-3.0,1.0,4.0,28.08175,24.442,53.99463518340591,3.63975,21.0,28.0,35.0,18.0,24.0,31.0,43.47088518340591,53.47088518340591,64.47088518340591,-4.0,4.0,12.0
2026-03-12,401851302,Kansas Jayhawks,TCU Horned Frogs,2026-03-12 21:30,2026-03-13T01:30:00Z,EDT,5.5,spread,team,10,10,e71d8f615a21,0b68071d0b61,8,1,14,16,4.16975,3.56875,7.7385,0.601,2.0,4.0,7.0,1.0,3.0,6.0,4.0,8.0,11.0,-3.0,1.0,4.0,32.2515,28.01075,61.94326163817819,4.24075,25.0,32.0,40.0,21.0,28.0,35.0,50.68101163817819,61.68101163817819,73.68101163817819,-4.0,4.0,13.0
2026-03-12,401851302,Kansas Jayhawks,TCU Horned Frogs,2026-03-12 21:30,2026-03-13T01:30:00Z,EDT,5.5,spread,team,10,10,e71d8f615a21,0b68071d0b61,9,1,16,18,4.18925,3.663,7.85225,0.52625,2.0,4.0,7.0,1.0,4.0,6.0,4.0,8.0,12.0,-3.0,0.0,4.0,36.44075,31.67375,70.00563809295046,4.767,29.0,36.0,45.0,24.0,31.0,39.0,57.89113809295046,69.89113809295046,82.89113809295046,-4.0,5.0,13.0
2026-03-12,401851302,Kansas Jayhawks,TCU Horned Frogs,2026-03-12 21:30,2026-03-13T01:30:00Z,EDT,5.5,spread,team,10,10,e71d8f615a21,0b68071d0b61,10,1,18,20,4.335,3.74275,8.07775,0.59225,2.0,4.0,7.0,1.0,4.0,6.0,5.0,8.0,12.0,-3.0,1.0,4.0,40.77575,35.4165,76.19225,5.35925,33.0,41.0,50.0,28.0,35.0,43.0,63.0,76.0,90.0,-3.099999999999966,5.0,15.0
2026-03-12,401851302,Kansas Jayhawks,TCU Horned Frogs,2026-03-12 21:30,2026-03-13T01:30:00Z,EDT,5.5,spread,team,10,10,e71d8f615a21,0b68071d0b61,11,2,20,22,1.583,1.6895,3.2725,-0.1065,0.0,1.0,3.0,0.0,1.0,4.0,1.0,3.0,6.0,-2.0,0.0,2.0,42.35875,37.106,81.25808813737493,5.25275,34.0,42.0,51.0,29.0,37.0,45.0,67.79333813737493,80.79333813737493,94.79333813737492,-4.0,5.0,15.0
2026-03-12,401851302,Kansas Jayhawks,TCU Horned Frogs,2026-03-12 21:30,2026-03-13T01:30:00Z,EDT,5.5,spread,team,10,10,e71d8f615a21,0b68071d0b61,12,2,22,24,1.80225,1.9705,3.77275,-0.16825,0.0,2.0,4.0,0.0,2.0,4.0,1.0,4.0,7.0,-3.0,0.0,2.0,44.161,39.0765,84.72291172702712,5.0845,36.0,44.0,53.0,31.0,39.0,47.0,71.48541172702713,84.48541172702713,98.48541172702711,-4.0,5.0,15.0
2026-03-12,401851302,Kansas Jayhawks,TCU Horned Frogs,2026-03-12 21:30,2026-03-13T01:30:00Z,EDT,5.5,spread,team,10,10,e71d8f615a21,0b68071d0b61,13,2,24,26,1.71825,1.855,3.57325,-0.13675,0.0,1.0,4.0,0.0,2.0,4.0,1.0,3.0,6.0,-3.0,0.0,2.0,45.87925,40.9315,87.98823531667932,4.94775,38.0,46.0,55.0,33.0,41.0,49.0,74.17748531667932,87.17748531667932,102.17748531667932,-5.0,5.0,15.0
2026-03-12,401851302,Kansas Jayhawks,TCU Horned Frogs,2026-03-12 21:30,2026-03-13T01:30:00Z,EDT,5.5,spread,team,10,10,e71d8f615a21,0b68071d0b61,14,2,26,28,1.73675,1.78925,3.526,-0.0525,0.0,2.0,4.0,0.0,2.0,4.0,1.0,3.0,6.0,-2.0,0.0,2.0,47.616,42.72075,91.20630890633151,4.89525,39.0,47.0,57.0,34.0,42.0,51.0,76.86955890633152,90.86955890633152,105.86955890633152,-5.0,5.0,15.0
2026-03-12,401851302,Kansas Jayhawks,TCU Horned Frogs,2026-03-12 21:30,2026-03-13T01:30:00Z,EDT,5.5,spread,team,10,10,e71d8f615a21,0b68071d0b61,15,2,28,30,1.6945,1.724,3.4185,-0.0295,0.0,1.0,4.0,0.0,1.0,4.0,1.0,3.0,6.0,-2.0,0.0,2.0,49.3105,44.44475,91.20630890633151,4.86575,40.0,49.0,59.0,36.0,44.0,53.0,76.86955890633152,90.86955890633152,105.86955890633152,-6.0,5.0,15.0
2026-03-12,401851302,Kansas Jayhawks,TCU Horned Frogs,2026-03-12 21:30,2026-03-13T01:30:00Z,EDT,5.5,spread,team,10,10,e71d8f615a21,0b68071d0b61,16,2,30,32,1.8005,1.866,3.6665,-0.0655,0.0,2.0,4.0,0.0,2.0,4.0,1.0,3.0,6.0,-2.0,0.0,2.0,51.111,46.31075,97.67545608563591,4.80025,42.0,51.0,61.0,38.0,46.0,55.0,82.25370608563591,97.25370608563593,112.25370608563593,-6.0,5.0,16.0
2026-03-12,401851302,Kansas Jayhawks,TCU Horned Frogs,2026-03-12 21:30,2026-03-13T01:30:00Z,EDT,5.5,spread,team,10,10,e71d8f615a21,0b68071d0b61,17,2,32,34,1.73875,1.829,3.56775,-0.09025,0.0,2.0,4.0,0.0,2.0,4.0,1.0,3.0,6.0,-2.0,0.0,2.0,52.84975,48.13975,100.93527967528811,4.71,43.0,53.0,63.0,39.0,48.0,58.0,84.94577967528811,100.94577967528812,115.94577967528812,-6.0,5.0,16.0
2026-03-12,401851302,Kansas Jayhawks,TCU Horned Frogs,2026-03-12 21:30,2026-03-13T01:30:00Z,EDT,5.5,spread,team,10,10,e71d8f615a21,0b68071d0b61,18,2,34,36,1.77925,1.89425,3.6735,-0.115,0.0,2.0,4.0,0.0,2.0,4.0,1.0,3.0,6.0,-3.0,0.0,2.0,54.629,50.034,104.3008532649403,4.595,45.0,54.0,65.0,41.0,50.0,60.0,88.6378532649403,103.6378532649403,120.6378532649403,-7.0,5.0,16.0
2026-03-12,401851302,Kansas Jayhawks,TCU Horned Frogs,2026-03-12 21:30,2026-03-13T01:30:00Z,EDT,5.5,spread,team,10,10,e71d8f615a21,0b68071d0b61,19,2,36,38,1.75575,1.839,3.59475,-0.08325,0.0,2.0,4.0,0.0,2.0,4.0,1.0,3.0,6.0,-2.0,0.0,2.0,56.38475,51.873,107.5876768545925,4.51175,46.0,56.0,67.0,42.0,51.0,62.0,91.3299268545925,107.3299268545925,124.3299268545925,-8.0,5.0,16.0
2026-03-12,401851302,Kansas Jayhawks,TCU Horned Frogs,2026-03-12 21:30,2026-03-13T01:30:00Z,EDT,5.5,spread,team,10,10,e71d8f615a21,0b68071d0b61,20,2,38,40,2.944,3.13225,6.07625,-0.18825,1.0,3.0,5.0,1.0,3.0,6.0,3.0,6.0,10.0,-3.0,0.0,3.0,59.32875,55.00525,114.334,4.3235,49.0,59.0,71.0,45.0,55.0,66.0,97.0,114.0,132.0,-8.0,4.0,17.0
2026-03-12,401851311,St. John's Red Storm,Providence Friars,2026-03-12 12:00,2026-03-12T16:00:00Z,EDT,11.0,spread,team,10,10,1f5d7d6fb93e,ac398cefe39d,1,1,0,2,4.04975,4.112,8.16175,-0.06225,2.0,4.0,7.0,2.0,4.0,7.0,5.0,8.0,12.0,-4.0,0.0,3.0,4.04975,4.112,8.371876454772273,-0.06225,2.0,4.0,7.0,2.0,4.0,7.0,5.210126454772274,8.210126454772274,12.210126454772274,-4.0,0.0,3.0
2026-03-12,401851311,St. John's Red Storm,Providence Friars,2026-03-12 12:00,2026-03-12T16:00:00Z,EDT,11.0,spread,team,10,10,1f5d7d6fb93e,ac398cefe39d,2,1,2,4,4.6335,4.605,9.2385,0.0285,2.0,4.0,8.0,2.0,4.0,7.0,5.0,9.0,13.0,-4.0,0.0,4.0,8.68325,8.717,17.820502909544548,-0.03375,5.0,9.0,13.0,5.0,9.0,13.0,12.420252909544548,17.420252909544548,23.420252909544548,-5.0,0.0,5.0
2026-03-12,401851311,St. John's Red Storm,Providence Friars,2026-03-12 12:00,2026-03-12T16:00:00Z,EDT,11.0,spread,team,10,10,1f5d7d6fb93e,ac398cefe39d,3,1,4,6,3.18125,3.15025,6.3315,0.031,1.0,3.0,6.0,1.0,3.0,6.0,3.0,6.0,10.0,-3.0,0.0,3.0,11.8645,11.86725,24.36212936431682,-0.00275,7.0,12.0,17.0,7.0,12.0,17.0,17.63037936431682,23.63037936431682,31.63037936431682,-6.0,0.0,6.0
2026-03-12,401851311,St. John's Red Storm,Providence Friars,2026-03-12 12:00,2026-03-12T16:00:00Z,EDT,11.0,spread,team,10,10,1f5d7d6fb93e,ac398cefe39d,4,1,6,8,3.32525,3.3545,6.67975,-0.02925,1.0,3.0,6.0,1.0,3.0,6.0,3.0,6.0,10.0,-3.0,0.0,3.0,15.18975,15.22175,31.252005819089096,-0.032,10.0,15.0,21.0,10.0,15.0,21.0,23.840505819089092,30.840505819089092,38.840505819089095,-7.0,0.0,7.0
2026-03-12,401851311,St. John's Red Storm,Providence Friars,2026-03-12 12:00,2026-03-12T16:00:00Z,EDT,11.0,spread,team,10,10,1f5d7d6fb93e,ac398cefe39d,5,1,8,10,3.98575,3.97025,7.956,0.0155,2.0,4.0,7.0,2.0,4.0,7.0,4.0,8.0,12.0,-4.0,0.0,4.0,19.1755,19.192,33.90474195915492,-0.0165,13.0,19.0,25.0,14.0,19.0,25.0,25.53724195915492,33.53724195915492,42.53724195915492,-7.0,0.0,7.0
2026-03-12,401851311,St. John's Red Storm,Providence Friars,2026-03-12 12:00,2026-03-12T16:00:00Z,EDT,11.0,spread,team,10,10,1f5d7d6fb93e,ac398cefe39d,6,1,10,12,3.844,3.80375,7.64775,0.04025,1.0,4.0,6.0,1.0,4.0,6.0,4.0,7.0,11.0,-3.0,0.0,3.0,23.0195,22.99575,47.27600872863364,0.02375,17.0,23.0,30.0,17.0,23.0,29.0,37.26075872863364,47.26075872863364,57.26075872863364,-8.0,0.0,8.0
2026-03-12,401851311,St. John's Red Storm,Providence Friars,2026-03-12 12:00,2026-03-12T16:00:00Z,EDT,11.0,spread,team,10,10,1f5d7d6fb93e,ac398cefe39d,7,1,12,14,2.899,2.8095,5.7085,0.0895,1.0,3.0,5.0,1.0,3.0,5.0,3.0,6.0,9.0,-3.0,0.0,3.0,25.9185,25.80525,53.19463518340592,0.11325,19.0,26.0,33.0,19.0,26.0,33.0,42.47088518340591,52.47088518340591,64.47088518340591,-8.0,0.0,8.0
2026-03-12,401851311,St. John's Red Storm,Providence Friars,2026-03-12 12:00,2026-03-12T16:00:00Z,EDT,11.0,spread,team,10,10,1f5d7d6fb93e,ac398cefe39d,8,1,14,16,3.64075,3.607,7.24775,0.03375,1.0,3.0,6.0,1.0,3.0,6.0,4.0,7.0,11.0,-3.0,0.0,3.0,29.55925,29.41225,60.65251163817819,0.147,22.0,29.0,37.0,22.0,29.0,37.0,48.68101163817819,60.68101163817819,72.68101163817819,-8.0,0.0,9.0
2026-03-12,401851311,St. John's Red Storm,Providence Friars,2026-03-12 12:00,2026-03-12T16:00:00Z,EDT,11.0,spread,team,10,10,1f5d7d6fb93e,ac398cefe39d,9,1,16,18,3.22675,3.29875,6.5255,-0.072,1.0,3.0,6.0,1.0,3.0,6.0,3.0,6.0,10.0,-3.0,0.0,3.0,32.786,32.711,67.38813809295046,0.075,25.0,33.0,41.0,25.0,33.0,40.0,54.89113809295046,66.89113809295046,79.89113809295046,-9.0,0.0,9.0
2026-03-12,401851311,St. John's Red Storm,Providence Friars,2026-03-12 12:00,2026-03-12T16:00:00Z,EDT,11.0,spread,team,10,10,1f5d7d6fb93e,ac398cefe39d,10,1,18,20,3.6655,3.68525,7.35075,-0.01975,1.0,4.0,6.0,1.0,4.0,6.0,4.0,7.0,11.0,-3.0,0.0,3.0,36.4515,36.39625,72.84775,0.05525,29.0,36.0,45.0,29.0,36.0,45.0,59.0,72.0,87.0,-9.0,0.0,9.0
2026-03-12,401851311,St. John's Red Storm,Providence Friars,2026-03-12 12:00,2026-03-12T16:00:00Z,EDT,11.0,spread,team,10,10,1f5d7d6fb93e,ac398cefe39d,11,2,20,22,2.71825,2.6435,5.36175,0.07475,1.0,2.0,5.0,1.0,2.0,5.0,2.0,5.0,9.0,-3.0,0.0,3.0,39.16975,39.03975,80.00283813737494,0.13,31.0,39.0,48.0,31.0,39.0,47.0,66.79333813737493,79.79333813737493,93.79333813737492,-9.0,0.0,10.0
2026-03-12,401851311,St. John's Red Storm,Providence Friars,2026-03-12 12:00,2026-03-12T16:00:00Z,EDT,11.0,spread,team,10,10,1f5d7d6fb93e,ac398cefe39d,12,2,22,24,2.59925,2.4825,5.08175,0.11675,1.0,2.0,5.0,1.0,2.0,5.0,2.0,5.0,8.0,-3.0,0.0,3.0,41.769,41.52225,84.77666172702713,0.24675,33.0,42.0,51.0,33.0,41.0,50.0,71.48541172702713,84.48541172702713,98.48541172702711,-10.0,0.0,10.0
2026-03-12,401851311,St. John's Red Storm,Providence Friars,2026-03-12 12:00,2026-03-12T16:00:00Z,EDT,11.0,spread,team,10,10,1f5d7d6fb93e,ac398cefe39d,13,2,24,26,2.721,2.57725,5.29825,0.14375,1.0,3.0,5.0,1.0,2.0,5.0,2.0,5.0,9.0,-3.0,0.0,3.0,44.49,44.0995,89.76698531667932,0.3905,36.0,44.0,54.0,36.0,44.0,53.0,75.17748531667932,89.17748531667932,104.17748531667932,-10.0,0.0,11.0
2026-03-12,401851311,St. John's Red Storm,Providence Friars,2026-03-12 12:00,2026-03-12T16:00:00Z,EDT,11.0,spread,team,10,10,1f5d7d6fb93e,ac398cefe39d,14,2,26,28,2.36375,2.3,4.66375,0.06375,1.0,2.0,4.0,0.0,2.0,4.0,2.0,4.0,8.0,-3.0,0.0,3.0,46.85375,46.3995,94.12280890633151,0.45425,38.0,47.0,56.0,38.0,46.0,55.0,79.86955890633152,93.86955890633152,108.86955890633152,-10.0,0.0,11.0
2026-03-12,401851311,St. John's Red Storm,Providence Friars,2026-03-12 12:00,2026-03-12T16:00:00Z,EDT,11.0,spread,team,10,10,1f5d7d6fb93e,ac398cefe39d,15,2,28,30,3.24775,3.10525,6.353,0.1425,1.0,3.0,6.0,1.0,3.0,6.0,3.0,6.0,10.0,-3.0,0.0,3.0,50.1015,49.50475,94.49697156133249,0.59675,41.0,50.0,60.0,41.0,49.0,59.0,79.89072156133247,93.89072156133248,109.89072156133248,-11.0,1.0,12.0
2026-03-12,401851311,St. John's Red Storm,Providence Friars,2026-03-12 12:00,2026-03-12T16:00:00Z,EDT,11.0,spread,team,10,10,1f5d7d6fb93e,ac398cefe39d,16,2,30,32,2.42325,2.3005,4.72375,0.12275,1.0,2.0,5.0,0.0,2.0,4.0,2.0,5.0,8.0,-3.0,0.0,3.0,52.52475,51.80525,104.58370608563592,0.7195,43.0,52.0,62.0,43.0,52.0,61.0,89.25370608563591,104.25370608563593,120.25370608563593,-10.0,1.0,12.0
2026-03-12,401851311,St. John's Red Storm,Providence Friars,2026-03-12 12:00,2026-03-12T16:00:00Z,EDT,11.0,spread,team,10,10,1f5d7d6fb93e,ac398cefe39d,17,2,32,34,2.70325,2.59575,5.299,0.1075,1.0,3.0,5.0,1.0,2.0,5.0,2.0,5.0,8.0,-3.0,0.0,3.0,55.228,54.401,109.57477967528811,0.827,45.0,55.0,65.0,45.0,54.0,64.0,93.94577967528812,108.94577967528812,125.94577967528812,-11.0,1.0,12.0
2026-03-12,401851311,St. John's Red Storm,Providence Friars,2026-03-12 12:00,2026-03-12T16:00:00Z,EDT,11.0,spread,team,10,10,1f5d7d6fb93e,ac398cefe39d,18,2,34,36,2.60925,2.505,5.11425,0.10425,1.0,2.0,5.0,1.0,2.0,5.0,2.0,5.0,8.0,-3.0,0.0,3.0,57.83725,56.906,114.38110326494032,0.93125,48.0,58.0,68.0,47.0,57.0,67.0,98.6378532649403,114.6378532649403,130.6378532649403,-11.0,1.0,13.0
2026-03-12,401851311,St. John's Red Storm,Providence Friars,2026-03-12 12:00,2026-03-12T16:00:00Z,EDT,11.0,spread,team,10,10,1f5d7d6fb93e,ac398cefe39d,19,2,36,38,2.633,2.54125,5.17425,0.09175,1.0,2.0,5.0,1.0,2.0,5.0,2.0,5.0,8.0,-3.0,0.0,3.0,60.47025,59.44725,119.2474268545925,1.023,50.0,60.0,71.0,49.0,59.0,70.0,102.3299268545925,118.3299268545925,136.3299268545925,-11.0,1.0,13.0
2026-03-12,401851311,St. John's Red Storm,Providence Friars,2026-03-12 12:00,2026-03-12T16:00:00Z,EDT,11.0,spread,team,10,10,1f5d7d6fb93e,ac398cefe39d,20,2,38,40,2.8145,2.79225,5.60675,0.02225,1.0,3.0,5.0,1.0,3.0,5.0,2.0,5.0,9.0,-3.0,0.0,3.0,63.28475,62.2395,125.52425,1.04525,52.0,63.0,74.0,52.0,62.0,73.0,109.0,125.0,143.0,-12.0,1.0,14.0
2026-03-12,401851312,Seton Hall Pirates,Creighton Bluejays,2026-03-12 14:30,2026-03-12T18:30:00Z,EDT,3.5,spread,team,10,10,bd53ea5bea98,6e897d779414,1,1,0,2,2.59575,3.15775,5.7535,-0.562,1.0,2.0,5.0,1.0,3.0,6.0,3.0,6.0,9.0,-3.0,-1.0,2.0,2.59575,3.15775,5.963626454772274,-0.562,1.0,2.0,5.0,1.0,3.0,6.0,3.210126454772273,6.210126454772274,9.210126454772274,-3.0,-1.0,2.0
2026-03-12,401851312,Seton Hall Pirates,Creighton Bluejays,2026-03-12 14:30,2026-03-12T18:30:00Z,EDT,3.5,spread,team,10,10,bd53ea5bea98,6e897d779414,2,1,2,4,3.29975,3.955,7.25475,-0.65525,1.0,3.0,6.0,1.0,4.0,7.0,4.0,7.0,11.0,-4.0,-1.0,3.0,5.8955,7.11275,13.428502909544548,-1.21725,3.0,6.0,9.0,4.0,7.0,11.0,8.420252909544548,13.420252909544548,18.420252909544548,-6.0,-1.0,3.0
2026-03-12,401851312,Seton Hall Pirates,Creighton Bluejays,2026-03-12 14:30,2026-03-12T18:30:00Z,EDT,3.5,spread,team,10,10,bd53ea5bea98,6e897d779414,3,1,4,6,2.89725,3.34175,6.239,-0.4445,1.0,3.0,5.0,1.0,3.0,6.0,3.0,6.0,10.0,-3.0,0.0,3.0,8.79275,10.4545,19.87762936431682,-1.66175,5.0,9.0,13.0,6.0,10.0,15.0,13.63037936431682,19.63037936431682,26.63037936431682,-7.0,-2.0,4.0
2026-03-12,401851312,Seton Hall Pirates,Creighton Bluejays,2026-03-12 14:30,2026-03-12T18:30:00Z,EDT,3.5,spread,team,10,10,bd53ea5bea98,6e897d779414,4,1,6,8,3.09025,3.6755,6.76575,-0.58525,1.0,3.0,5.0,1.0,3.0,6.0,3.0,7.0,10.0,-4.0,-1.0,3.0,11.883,14.13,26.853505819089097,-2.247,7.0,12.0,17.0,9.0,14.0,19.0,19.840505819089092,26.840505819089092,34.840505819089095,-9.0,-2.0,4.0
2026-03-12,401851312,Seton Hall Pirates,Creighton Bluejays,2026-03-12 14:30,2026-03-12T18:30:00Z,EDT,3.5,spread,team,10,10,bd53ea5bea98,6e897d779414,5,1,8,10,2.78,3.35125,6.13125,-0.57125,1.0,3.0,5.0,1.0,3.0,6.0,3.0,6.0,9.0,-4.0,-1.0,3.0,14.663,17.48125,27.68149195915492,-2.81825,9.0,15.0,20.0,12.0,17.0,23.0,20.050632273861368,27.53724195915492,36.53724195915492,-10.0,-3.0,4.0
2026-03-12,401851312,Seton Hall Pirates,Creighton Bluejays,2026-03-12 14:30,2026-03-12T18:30:00Z,EDT,3.5,spread,team,10,10,bd53ea5bea98,6e897d779414,6,1,10,12,3.07525,3.70375,6.779,-0.6285,1.0,3.0,5.0,1.0,4.0,6.0,3.0,7.0,10.0,-4.0,-1.0,3.0,17.73825,21.185,40.18400872863364,-3.44675,12.0,18.0,24.0,15.0,21.0,28.0,31.26075872863364,40.26075872863364,50.26075872863364,-11.0,-3.0,4.0
2026-03-12,401851312,Seton Hall Pirates,Creighton Bluejays,2026-03-12 14:30,2026-03-12T18:30:00Z,EDT,3.5,spread,team,10,10,bd53ea5bea98,6e897d779414,7,1,12,14,3.362,4.025,7.387,-0.663,1.0,3.0,6.0,1.0,4.0,7.0,4.0,7.0,11.0,-4.0,-1.0,3.0,21.10025,25.21,47.78113518340592,-4.10975,15.0,21.0,28.0,18.0,25.0,32.0,36.47088518340591,47.47088518340591,58.47088518340591,-12.0,-4.0,4.0
2026-03-12,401851312,Seton Hall Pirates,Creighton Bluejays,2026-03-12 14:30,2026-03-12T18:30:00Z,EDT,3.5,spread,team,10,10,bd53ea5bea98,6e897d779414,8,1,14,16,2.8595,3.41475,6.27425,-0.55525,1.0,3.0,5.0,1.0,3.0,6.0,3.0,6.0,10.0,-4.0,-1.0,3.0,23.95975,28.62475,54.26551163817819,-4.665,17.0,24.0,31.0,21.0,29.0,36.0,42.68101163817819,53.68101163817819,65.68101163817819,-13.0,-5.0,4.0
2026-03-12,401851312,Seton Hall Pirates,Creighton Bluejays,2026-03-12 14:30,2026-03-12T18:30:00Z,EDT,3.5,spread,team,10,10,bd53ea5bea98,6e897d779414,9,1,16,18,2.99975,3.56175,6.5615,-0.562,1.0,3.0,5.0,1.0,3.0,6.0,3.0,6.0,10.0,-4.0,-1.0,3.0,26.9595,32.1865,61.037138092950464,-5.227,20.0,27.0,34.0,24.0,32.0,40.0,47.89113809295046,60.89113809295046,73.89113809295046,-14.0,-5.0,3.0
2026-03-12,401851312,Seton Hall Pirates,Creighton Bluejays,2026-03-12 14:30,2026-03-12T18:30:00Z,EDT,3.5,spread,team,10,10,bd53ea5bea98,6e897d779414,10,1,18,20,3.139,3.75275,6.89175,-0.61375,1.0,3.0,6.0,1.0,4.0,6.0,4.0,7.0,10.0,-4.0,-1.0,3.0,30.0985,35.93925,66.03775,-5.84075,22.0,30.0,38.0,27.0,36.0,44.0,52.0,66.0,80.0,-15.0,-6.0,3.0
2026-03-12,401851312,Seton Hall Pirates,Creighton Bluejays,2026-03-12 14:30,2026-03-12T18:30:00Z,EDT,3.5,spread,team,10,10,bd53ea5bea98,6e897d779414,11,2,20,22,1.52125,1.557,3.07825,-0.03575,0.0,1.0,3.0,0.0,1.0,3.0,1.0,3.0,6.0,-2.0,0.0,2.0,31.61975,37.49625,70.90933813737493,-5.8765,24.0,32.0,40.0,29.0,37.0,46.0,56.79333813737493,70.79333813737493,84.79333813737493,-15.0,-6.0,3.0
2026-03-12,401851312,Seton Hall Pirates,Creighton Bluejays,2026-03-12 14:30,2026-03-12T18:30:00Z,EDT,3.5,spread,team,10,10,bd53ea5bea98,6e897d779414,12,2,22,24,1.5245,1.566,3.0905,-0.0415,0.0,1.0,3.0,0.0,1.0,3.0,1.0,3.0,6.0,-2.0,0.0,2.0,33.14425,39.06225,73.69191172702713,-5.918,25.0,33.0,41.0,30.0,39.0,48.0,59.48541172702713,73.48541172702713,87.48541172702713,-16.0,-6.0,4.0
2026-03-12,401851312,Seton Hall Pirates,Creighton Bluejays,2026-03-12 14:30,2026-03-12T18:30:00Z,EDT,3.5,spread,team,10,10,bd53ea5bea98,6e897d779414,13,2,24,26,1.574,1.58475,3.15875,-0.01075,0.0,1.0,3.0,0.0,1.0,3.0,1.0,3.0,6.0,-2.0,0.0,2.0,34.71825,40.647,76.54273531667933,-5.92875,26.0,35.0,43.0,32.0,41.0,50.0,62.17748531667932,76.17748531667932,90.17748531667932,-16.0,-6.0,4.0
2026-03-12,401851312,Seton Hall Pirates,Creighton Bluejays,2026-03-12 14:30,2026-03-12T18:30:00Z,EDT,3.5,spread,team,10,10,bd53ea5bea98,6e897d779414,14,2,26,28,1.595,1.58675,3.18175,0.00825,0.0,1.0,3.0,0.0,1.0,3.0,1.0,3.0,6.0,-2.0,0.0,2.0,36.31325,42.23375,79.41655890633152,-5.9205,28.0,36.0,45.0,33.0,42.0,51.0,64.86955890633152,79.86955890633152,93.86955890633152,-16.0,-6.0,4.0
2026-03-12,401851312,Seton Hall Pirates,Creighton Bluejays,2026-03-12 14:30,2026-03-12T18:30:00Z,EDT,3.5,spread,team,10,10,bd53ea5bea98,6e897d779414,15,2,28,30,1.46675,1.538,3.00475,-0.07125,0.0,1.0,3.0,0.0,1.0,3.0,1.0,3.0,6.0,-2.0,0.0,2.0,37.78,43.77175,79.41655890633152,-5.99175,29.0,38.0,47.0,34.0,44.0,53.0,64.86955890633152,79.86955890633152,93.86955890633152,-17.0,-6.0,5.0
2026-03-12,401851312,Seton Hall Pirates,Creighton Bluejays,2026-03-12 14:30,2026-03-12T18:30:00Z,EDT,3.5,spread,team,10,10,bd53ea5bea98,6e897d779414,16,2,30,32,1.59075,1.60925,3.2,-0.0185,0.0,1.0,3.0,0.0,1.0,3.0,1.0,3.0,6.0,-2.0,0.0,2.0,39.37075,45.381,85.00545608563591,-6.01025,31.0,39.0,49.0,36.0,45.0,55.0,70.25370608563591,85.25370608563591,100.25370608563593,-17.0,-6.0,5.0
2026-03-12,401851312,Seton Hall Pirates,Creighton Bluejays,2026-03-12 14:30,2026-03-12T18:30:00Z,EDT,3.5,spread,team,10,10,bd53ea5bea98,6e897d779414,17,2,32,34,1.5485,1.53225,3.08075,0.01625,0.0,1.0,3.0,0.0,1.0,3.0,1.0,3.0,6.0,-2.0,0.0,2.0,40.91925,46.91325,87.7782796752881,-5.994,32.0,41.0,50.0,37.0,47.0,57.0,71.94577967528811,87.94577967528811,102.94577967528812,-17.0,-6.0,5.0
2026-03-12,401851312,Seton Hall Pirates,Creighton Bluejays,2026-03-12 14:30,2026-03-12T18:30:00Z,EDT,3.5,spread,team,10,10,bd53ea5bea98,6e897d779414,18,2,34,36,1.50425,1.50475,3.009,-0.0005,0.0,1.0,3.0,0.0,1.0,3.0,1.0,3.0,6.0,-2.0,0.0,2.0,42.4235,48.418,90.4793532649403,-5.9945,33.0,42.0,52.0,38.0,48.0,59.0,74.6378532649403,90.6378532649403,106.6378532649403,-18.0,-6.0,6.0
2026-03-12,401851312,Seton Hall Pirates,Creighton Bluejays,2026-03-12 14:30,2026-03-12T18:30:00Z,EDT,3.5,spread,team,10,10,bd53ea5bea98,6e897d779414,19,2,36,38,1.514,1.5675,3.0815,-0.0535,0.0,1.0,3.0,0.0,1.0,3.0,1.0,3.0,6.0,-2.0,0.0,2.0,43.9375,49.9855,93.2529268545925,-6.048,34.0,44.0,54.0,40.0,50.0,60.0,77.3299268545925,93.3299268545925,109.3299268545925,-18.0,-6.0,6.0
2026-03-12,401851312,Seton Hall Pirates,Creighton Bluejays,2026-03-12 14:30,2026-03-12T18:30:00Z,EDT,3.5,spread,team,10,10,bd53ea5bea98,6e897d779414,20,2,38,40,2.786,2.8825,5.6685,-0.0965,1.0,3.0,5.0,1.0,3.0,5.0,2.0,5.0,9.0,-3.0,0.0,3.0,46.7235,52.868,99.5915,-6.1445,36.0,47.0,58.0,42.0,53.0,64.0,82.0,100.0,117.0,-19.0,-6.0,7.0
2026-03-12,401851313,UConn Huskies,Xavier Musketeers,2026-03-12 19:00,2026-03-12T23:00:00Z,EDT,15.5,spread,team,10,10,12cbaf567be7,17993dc6fb6c,1,1,0,2,3.59175,3.26475,6.8565,0.327,1.0,3.0,6.0,1.0,3.0,6.0,4.0,7.0,10.0,-3.0,0.0,4.0,3.59175,3.26475,7.0666264547722735,0.327,1.0,3.0,6.0,1.0,3.0,6.0,4.210126454772274,7.210126454772274,10.210126454772274,-3.0,0.0,4.0
2026-03-12,401851313,UConn Huskies,Xavier Musketeers,2026-03-12 19:00,2026-03-12T23:00:00Z,EDT,15.5,spread,team,10,10,12cbaf567be7,17993dc6fb6c,2,1,2,4,4.36075,4.05925,8.42,0.3015,2.0,4.0,7.0,2.0,4.0,7.0,5.0,8.0,12.0,-3.0,0.0,4.0,7.9525,7.324,15.696752909544548,0.6285,4.0,8.0,12.0,4.0,7.0,11.0,10.420252909544548,15.420252909544548,21.420252909544548,-4.0,1.0,5.099999999999909
2026-03-12,401851313,UConn Huskies,Xavier Musketeers,2026-03-12 19:00,2026-03-12T23:00:00Z,EDT,15.5,spread,team,10,10,12cbaf567be7,17993dc6fb6c,3,1,4,6,3.80225,3.616,7.41825,0.18625,1.0,4.0,6.0,1.0,3.0,6.0,4.0,7.0,11.0,-3.0,0.0,4.0,11.75475,10.94,23.32512936431682,0.81475,7.0,12.0,17.0,7.0,11.0,15.0,16.63037936431682,22.63037936431682,30.63037936431682,-5.0,1.0,7.0
2026-03-12,401851313,UConn Huskies,Xavier Musketeers,2026-03-12 19:00,2026-03-12T23:00:00Z,EDT,15.5,spread,team,10,10,12cbaf567be7,17993dc6fb6c,4,1,6,8,3.6495,3.41325,7.06275,0.23625,1.0,3.0,6.0,1.0,3.0,6.0,4.0,7.0,11.0,-3.0,0.0,4.0,15.40425,14.35325,30.598005819089096,1.051,10.0,15.0,21.0,10.0,14.0,19.0,22.840505819089092,29.840505819089092,37.940505819089005,-6.0,1.0,7.099999999999909
2026-03-12,401851313,UConn Huskies,Xavier Musketeers,2026-03-12 19:00,2026-03-12T23:00:00Z,EDT,15.5,spread,team,10,10,12cbaf567be7,17993dc6fb6c,5,1,8,10,3.68775,3.4045,7.09225,0.28325,1.0,3.0,6.0,1.0,3.0,6.0,4.0,7.0,11.0,-3.0,0.0,4.0,19.092,17.75775,32.38699195915492,1.33425,13.0,19.0,25.0,12.0,18.0,23.0,23.53724195915492,32.53724195915492,41.53724195915492,-6.0,1.0,9.0
2026-03-12,401851313,UConn Huskies,Xavier Musketeers,2026-03-12 19:00,2026-03-12T23:00:00Z,EDT,15.5,spread,team,10,10,12cbaf567be7,17993dc6fb6c,6,1,10,12,3.80175,3.53325,7.335,0.2685,1.0,4.0,6.0,1.0,3.0,6.0,4.0,7.0,11.0,-3.0,0.0,4.0,22.89375,21.291,45.44550872863364,1.60275,17.0,23.0,29.0,15.0,21.0,27.0,35.26075872863364,45.26075872863364,55.26075872863364,-6.0,2.0,9.0
2026-03-12,401851313,UConn Huskies,Xavier Musketeers,2026-03-12 19:00,2026-03-12T23:00:00Z,EDT,15.5,spread,team,10,10,12cbaf567be7,17993dc6fb6c,7,1,12,14,3.65625,3.4045,7.06075,0.25175,1.0,3.0,6.0,1.0,3.0,6.0,4.0,7.0,11.0,-3.0,0.0,4.0,26.55,24.6955,52.71638518340591,1.8545,20.0,26.0,34.0,18.0,25.0,31.0,41.47088518340591,52.47088518340591,63.47088518340591,-6.0,2.0,10.0
2026-03-12,401851313,UConn Huskies,Xavier Musketeers,2026-03-12 19:00,2026-03-12T23:00:00Z,EDT,15.5,spread,team,10,10,12cbaf567be7,17993dc6fb6c,8,1,14,16,4.19425,3.95025,8.1445,0.244,2.0,4.0,7.0,2.0,4.0,7.0,4.0,8.0,12.0,-3.0,0.0,4.0,30.74425,28.64575,61.07101163817819,2.0985,23.900000000000038,31.0,38.0,22.0,29.0,36.0,49.68101163817819,60.68101163817819,72.68101163817819,-6.0,2.0,11.0
2026-03-12,401851313,UConn Huskies,Xavier Musketeers,2026-03-12 19:00,2026-03-12T23:00:00Z,EDT,15.5,spread,team,10,10,12cbaf567be7,17993dc6fb6c,9,1,16,18,3.8315,3.6335,7.465,0.198,1.0,4.0,6.0,1.0,3.0,6.0,4.0,7.0,11.0,-3.0,0.0,4.0,34.57575,32.27925,68.74613809295046,2.2965,27.0,34.0,43.0,25.0,32.0,40.0,55.89113809295046,67.89113809295046,81.89113809295046,-6.0,2.0,11.0
2026-03-12,401851313,UConn Huskies,Xavier Musketeers,2026-03-12 19:00,2026-03-12T23:00:00Z,EDT,15.5,spread,team,10,10,12cbaf567be7,17993dc6fb6c,10,1,18,20,4.3625,4.06525,8.42775,0.29725,2.0,4.0,7.0,2.0,4.0,7.0,5.0,8.0,12.0,-3.0,0.0,4.0,38.93825,36.3445,75.28275,2.59375,30.0,39.0,47.0,28.0,36.0,45.0,62.0,75.0,89.0,-6.0,3.0,12.0
2026-03-12,401851313,UConn Huskies,Xavier Musketeers,2026-03-12 19:00,2026-03-12T23:00:00Z,EDT,15.5,spread,team,10,10,12cbaf567be7,17993dc6fb6c,11,2,20,22,4.18525,4.1605,8.34575,0.02475,2.0,4.0,7.0,2.0,4.0,7.0,5.0,8.0,12.0,-4.0,0.0,4.0,43.1235,40.505,85.42183813737493,2.6185,34.0,43.0,52.0,32.0,40.0,49.0,71.79333813737493,84.79333813737493,99.79333813737492,-7.0,3.0,12.0
2026-03-12,401851313,UConn Huskies,Xavier Musketeers,2026-03-12 19:00,2026-03-12T23:00:00Z,EDT,15.5,spread,team,10,10,12cbaf567be7,17993dc6fb6c,12,2,22,24,3.8475,3.79325,7.64075,0.05425,1.0,4.0,6.0,1.0,4.0,6.0,4.0,7.0,11.0,-3.0,0.0,3.0,46.971,44.29825,92.75466172702713,2.67275,38.0,47.0,56.0,36.0,44.0,53.0,78.48541172702713,92.48541172702711,107.48541172702711,-8.0,3.0,13.0
2026-03-12,401851313,UConn Huskies,Xavier Musketeers,2026-03-12 19:00,2026-03-12T23:00:00Z,EDT,15.5,spread,team,10,10,12cbaf567be7,17993dc6fb6c,13,2,24,26,4.61925,4.58575,9.205,0.0335,2.0,4.0,8.0,2.0,4.0,7.0,5.0,9.0,13.0,-4.0,0.0,4.0,51.59025,48.884,101.65173531667932,2.70625,43.0,52.0,61.0,40.0,49.0,58.0,87.17748531667932,101.17748531667932,116.17748531667932,-8.0,3.0,14.0
2026-03-12,401851313,UConn Huskies,Xavier Musketeers,2026-03-12 19:00,2026-03-12T23:00:00Z,EDT,15.5,spread,team,10,10,12cbaf567be7,17993dc6fb6c,14,2,26,28,4.018,3.94775,7.96575,0.07025,2.0,4.0,7.0,2.0,4.0,7.0,4.0,8.0,12.0,-3.0,0.0,4.0,55.60825,52.83175,109.30955890633152,2.7765,46.0,56.0,65.0,43.0,53.0,62.0,94.86955890633152,108.86955890633152,124.86955890633152,-9.0,3.0,14.0
2026-03-12,401851313,UConn Huskies,Xavier Musketeers,2026-03-12 19:00,2026-03-12T23:00:00Z,EDT,15.5,spread,team,10,10,12cbaf567be7,17993dc6fb6c,15,2,28,30,3.941,3.877,7.818,0.064,2.0,4.0,7.0,1.0,4.0,6.0,4.0,8.0,12.0,-3.0,0.0,3.0,59.54925,56.70875,111.14872156133248,2.8405,50.0,60.0,69.0,47.0,57.0,66.0,95.89072156133248,110.89072156133248,125.89072156133248,-8.0,3.0,14.0
2026-03-12,401851313,UConn Huskies,Xavier Musketeers,2026-03-12 19:00,2026-03-12T23:00:00Z,EDT,15.5,spread,team,10,10,12cbaf567be7,17993dc6fb6c,16,2,30,32,4.54225,4.39125,8.9335,0.151,2.0,4.0,7.0,2.0,4.0,7.0,5.0,9.0,13.0,-4.0,0.0,4.0,64.0915,61.1,125.44520608563592,2.9915,54.0,64.0,74.0,51.0,61.0,71.0,110.25370608563593,125.25370608563593,141.2537060856359,-9.0,3.0,15.0
2026-03-12,401851313,UConn Huskies,Xavier Musketeers,2026-03-12 19:00,2026-03-12T23:00:00Z,EDT,15.5,spread,team,10,10,12cbaf567be7,17993dc6fb6c,17,2,32,34,4.82175,4.7325,9.55425,0.08925,2.0,5.0,8.0,2.0,5.0,8.0,6.0,9.0,14.0,-4.0,0.0,4.0,68.91325,65.8325,134.6915296752881,3.08075,59.0,69.0,79.0,56.0,66.0,76.0,118.94577967528812,134.94577967528812,150.94577967528812,-9.0,3.0,15.0
2026-03-12,401851313,UConn Huskies,Xavier Musketeers,2026-03-12 19:00,2026-03-12T23:00:00Z,EDT,15.5,spread,team,10,10,12cbaf567be7,17993dc6fb6c,18,2,34,36,4.8775,4.863,9.7405,0.0145,2.0,5.0,8.0,2.0,5.0,8.0,6.0,10.0,14.0,-4.0,0.0,4.0,73.79075,70.6955,144.12410326494032,3.09525,63.0,74.0,84.0,61.0,71.0,81.0,127.6378532649403,143.6378532649403,160.6378532649403,-9.0,3.0,15.0
2026-03-12,401851313,UConn Huskies,Xavier Musketeers,2026-03-12 19:00,2026-03-12T23:00:00Z,EDT,15.5,spread,team,10,10,12cbaf567be7,17993dc6fb6c,19,2,36,38,3.8945,3.81225,7.70675,0.08225,1.0,4.0,7.0,1.0,4.0,6.0,4.0,8.0,12.0,-3.0,0.0,4.0,77.68525,74.50775,151.52292685459253,3.1775,67.0,78.0,88.0,64.0,74.0,85.0,134.3299268545925,151.3299268545925,168.3299268545925,-9.0,3.0,16.0
2026-03-12,401851313,UConn Huskies,Xavier Musketeers,2026-03-12 19:00,2026-03-12T23:00:00Z,EDT,15.5,spread,team,10,10,12cbaf567be7,17993dc6fb6c,20,2,38,40,3.5145,3.4465,6.961,0.068,1.0,3.0,6.0,1.0,3.0,6.0,4.0,7.0,11.0,-3.0,0.0,3.0,81.19975,77.95425,159.154,3.2455,71.0,81.0,92.0,67.0,78.0,89.0,142.0,159.0,177.0,-9.0,3.0,16.0
2026-03-12,401851314,Villanova Wildcats,Georgetown Hoyas,2026-03-12 21:30,2026-03-13T01:30:00Z,EDT,7.0,spread,team,10,10,6ca28e35c681,7f9899ee7ec0,1,1,0,2,3.606,2.83675,6.44275,0.76925,1.0,3.0,6.0,1.0,3.0,5.0,3.0,6.0,10.0,-2.0,1.0,4.0,3.606,2.83675,6.652876454772274,0.76925,1.0,3.0,6.0,1.0,3.0,5.0,3.210126454772273,6.210126454772274,10.210126454772274,-2.0,1.0,4.0
2026-03-12,401851314,Villanova Wildcats,Georgetown Hoyas,2026-03-12 21:30,2026-03-13T01:30:00Z,EDT,7.0,spread,team,10,10,6ca28e35c681,7f9899ee7ec0,2,1,2,4,4.49575,3.39325,7.889,1.1025,2.0,4.0,7.0,1.0,3.0,6.0,4.0,8.0,12.0,-2.0,1.0,5.0,8.10175,6.23,14.752002909544547,1.87175,5.0,8.0,12.0,3.0,6.0,10.0,9.420252909544548,14.420252909544548,20.420252909544548,-3.0,2.0,7.0
2026-03-12,401851314,Villanova Wildcats,Georgetown Hoyas,2026-03-12 21:30,2026-03-13T01:30:00Z,EDT,7.0,spread,team,10,10,6ca28e35c681,7f9899ee7ec0,3,1,4,6,4.41525,3.36325,7.7785,1.052,2.0,4.0,7.0,1.0,3.0,6.0,4.0,8.0,12.0,-2.0,1.0,4.0,12.517,9.59325,22.74062936431682,2.92375,8.0,12.0,17.0,6.0,9.0,14.0,16.63037936431682,22.63037936431682,29.63037936431682,-3.0,3.0,9.0
2026-03-12,401851314,Villanova Wildcats,Georgetown Hoyas,2026-03-12 21:30,2026-03-13T01:30:00Z,EDT,7.0,spread,team,10,10,6ca28e35c681,7f9899ee7ec0,4,1,6,8,4.23225,3.2185,7.45075,1.01375,2.0,4.0,7.0,1.0,3.0,6.0,4.0,7.0,11.0,-2.0,1.0,4.0,16.74925,12.81175,30.401505819089092,3.9375,11.0,17.0,22.0,8.0,13.0,18.0,22.840505819089092,29.840505819089092,37.840505819089095,-3.0,4.0,10.0
2026-03-12,401851314,Villanova Wildcats,Georgetown Hoyas,2026-03-12 21:30,2026-03-13T01:30:00Z,EDT,7.0,spread,team,10,10,6ca28e35c681,7f9899ee7ec0,5,1,8,10,4.433,3.34375,7.77675,1.08925,2.0,4.0,7.0,1.0,3.0,6.0,4.0,8.0,12.0,-2.0,1.0,5.0,21.18225,16.1555,32.87499195915492,5.02675,15.0,21.0,27.0,11.0,16.0,22.0,23.53724195915492,32.53724195915492,41.53724195915492,-2.0,5.0,12.0
2026-03-12,401851314,Villanova Wildcats,Georgetown Hoyas,2026-03-12 21:30,2026-03-13T01:30:00Z,EDT,7.0,spread,team,10,10,6ca28e35c681,7f9899ee7ec0,6,1,10,12,3.83925,2.9405,6.77975,0.89875,1.0,4.0,6.0,1.0,3.0,5.0,3.0,7.0,10.0,-2.0,1.0,4.0,25.0215,19.096,45.37825872863364,5.9255,18.0,25.0,32.0,13.0,19.0,25.0,35.26075872863364,45.26075872863364,55.26075872863364,-2.0,6.0,13.0
2026-03-12,401851314,Villanova Wildcats,Georgetown Hoyas,2026-03-12 21:30,2026-03-13T01:30:00Z,EDT,7.0,spread,team,10,10,6ca28e35c681,7f9899ee7ec0,7,1,12,14,4.50425,3.42675,7.931,1.0775,2.0,4.0,7.0,1.0,3.0,6.0,4.0,8.0,12.0,-2.0,1.0,5.0,29.52575,22.52275,53.51938518340591,7.003,23.0,29.0,37.0,16.0,22.0,29.0,42.47088518340591,53.47088518340591,64.47088518340591,-1.0,7.0,15.0
2026-03-12,401851314,Villanova Wildcats,Georgetown Hoyas,2026-03-12 21:30,2026-03-13T01:30:00Z,EDT,7.0,spread,team,10,10,6ca28e35c681,7f9899ee7ec0,8,1,14,16,4.74225,3.63175,8.374,1.1105,2.0,5.0,8.0,1.0,3.0,6.0,5.0,8.0,12.0,-3.0,1.0,5.0,34.268,26.1545,62.10351163817819,8.1135,27.0,34.0,42.0,19.0,26.0,33.0,50.68101163817819,61.68101163817819,74.68101163817819,0.0,8.0,17.0
2026-03-12,401851314,Villanova Wildcats,Georgetown Hoyas,2026-03-12 21:30,2026-03-13T01:30:00Z,EDT,7.0,spread,team,10,10,6ca28e35c681,7f9899ee7ec0,9,1,16,18,3.96075,3.02275,6.9835,0.938,2.0,4.0,7.0,1.0,3.0,5.0,4.0,7.0,10.099999999999907,-2.0,1.0,4.0,38.22875,29.17725,69.29713809295046,9.0515,30.0,38.0,47.0,22.0,29.0,36.0,56.89113809295046,68.89113809295046,81.89113809295046,1.0,9.0,18.0
2026-03-12,401851314,Villanova Wildcats,Georgetown Hoyas,2026-03-12 21:30,2026-03-13T01:30:00Z,EDT,7.0,spread,team,10,10,6ca28e35c681,7f9899ee7ec0,10,1,18,20,4.15975,3.21325,7.373,0.9465,2.0,4.0,7.0,1.0,3.0,6.0,4.0,7.0,11.0,-2.0,1.0,4.0,42.3885,32.3905,74.779,9.998,34.0,42.0,51.0,25.0,32.0,40.0,61.0,74.0,89.0,1.0,10.0,19.0
2026-03-12,401851314,Villanova Wildcats,Georgetown Hoyas,2026-03-12 21:30,2026-03-13T01:30:00Z,EDT,7.0,spread,team,10,10,6ca28e35c681,7f9899ee7ec0,11,2,20,22,2.825,1.84325,4.66825,0.98175,1.0,3.0,5.0,0.0,2.0,4.0,2.0,4.0,8.0,-2.0,1.0,4.0,45.2135,34.23375,81.24058813737493,10.97975,36.0,45.0,54.0,26.0,34.0,42.0,67.79333813737493,80.79333813737493,95.79333813737492,2.0,11.0,20.0
2026-03-12,401851314,Villanova Wildcats,Georgetown Hoyas,2026-03-12 21:30,2026-03-13T01:30:00Z,EDT,7.0,spread,team,10,10,6ca28e35c681,7f9899ee7ec0,12,2,22,24,3.51975,2.3715,5.89125,1.14825,1.0,3.0,6.0,0.0,2.0,4.0,3.0,6.0,9.0,-2.0,1.0,4.0,48.73325,36.60525,86.82391172702712,12.128,40.0,49.0,58.0,29.0,37.0,44.0,73.48541172702713,86.48541172702713,101.48541172702711,2.0,12.0,22.0
2026-03-12,401851314,Villanova Wildcats,Georgetown Hoyas,2026-03-12 21:30,2026-03-13T01:30:00Z,EDT,7.0,spread,team,10,10,6ca28e35c681,7f9899ee7ec0,13,2,24,26,3.14225,2.16,5.30225,0.98225,1.0,3.0,6.0,0.0,2.0,4.0,2.0,5.0,9.0,-2.0,1.0,4.0,51.8755,38.76525,91.81823531667932,13.11025,42.0,52.0,61.0,31.0,39.0,47.0,78.17748531667932,91.17748531667932,106.17748531667932,3.0,13.0,23.0
2026-03-12,401851314,Villanova Wildcats,Georgetown Hoyas,2026-03-12 21:30,2026-03-13T01:30:00Z,EDT,7.0,spread,team,10,10,6ca28e35c681,7f9899ee7ec0,14,2,26,28,2.6265,1.81925,4.44575,0.80725,1.0,2.0,5.0,0.0,2.0,4.0,2.0,4.0,7.0,-2.0,1.0,3.0,54.502,40.5845,95.95605890633152,13.9175,45.0,54.0,64.0,32.0,40.0,49.0,81.86955890633152,95.86955890633152,110.86955890633152,3.0,14.0,24.09999999999991
2026-03-12,401851314,Villanova Wildcats,Georgetown Hoyas,2026-03-12 21:30,2026-03-13T01:30:00Z,EDT,7.0,spread,team,10,10,6ca28e35c681,7f9899ee7ec0,15,2,28,30,3.04875,2.05375,5.1025,0.995,1.0,3.0,5.0,0.0,2.0,4.0,2.0,5.0,8.0,-2.0,1.0,4.0,57.55075,42.63825,95.95605890633152,14.9125,48.0,58.0,67.0,34.0,43.0,51.0,81.86955890633152,95.86955890633152,110.86955890633152,4.0,15.0,26.0
2026-03-12,401851314,Villanova Wildcats,Georgetown Hoyas,2026-03-12 21:30,2026-03-13T01:30:00Z,EDT,7.0,spread,team,10,10,6ca28e35c681,7f9899ee7ec0,16,2,30,32,3.278,2.228,5.506,1.05,1.0,3.0,6.0,0.0,2.0,4.0,2.0,5.0,9.0,-2.0,1.0,4.0,60.82875,44.86625,105.9487060856359,15.9625,51.0,61.0,71.0,36.0,45.0,54.0,91.25370608563593,105.25370608563593,121.25370608563593,4.0,16.0,27.0
2026-03-12,401851314,Villanova Wildcats,Georgetown Hoyas,2026-03-12 21:30,2026-03-13T01:30:00Z,EDT,7.0,spread,team,10,10,6ca28e35c681,7f9899ee7ec0,17,2,32,34,2.89125,1.943,4.83425,0.94825,1.0,3.0,5.0,0.0,2.0,4.0,2.0,5.0,8.0,-2.0,1.0,4.0,63.72,46.80925,110.47502967528813,16.91075,53.0,63.5,74.0,38.0,47.0,56.0,94.94577967528812,109.94577967528812,125.94577967528812,5.0,17.0,29.0
2026-03-12,401851314,Villanova Wildcats,Georgetown Hoyas,2026-03-12 21:30,2026-03-13T01:30:00Z,EDT,7.0,spread,team,10,10,6ca28e35c681,7f9899ee7ec0,18,2,34,36,3.353,2.25875,5.61175,1.09425,1.0,3.0,6.0,0.0,2.0,4.0,3.0,5.0,9.0,-2.0,1.0,4.0,67.073,49.068,115.77885326494032,18.005,57.0,67.0,78.0,40.0,49.0,58.0,99.6378532649403,115.6378532649403,131.6378532649403,6.0,18.0,30.0
2026-03-12,401851314,Villanova Wildcats,Georgetown Hoyas,2026-03-12 21:30,2026-03-13T01:30:00Z,EDT,7.0,spread,team,10,10,6ca28e35c681,7f9899ee7ec0,19,2,36,38,3.01275,2.0535,5.06625,0.95925,1.0,3.0,5.0,0.0,2.0,4.0,2.0,5.0,8.0,-2.0,1.0,4.0,70.08575,51.1215,120.5371768545925,18.96425,59.0,70.0,81.0,42.0,51.0,61.0,104.3299268545925,120.3299268545925,137.3299268545925,7.0,19.0,31.0
2026-03-12,401851314,Villanova Wildcats,Georgetown Hoyas,2026-03-12 21:30,2026-03-13T01:30:00Z,EDT,7.0,spread,team,10,10,6ca28e35c681,7f9899ee7ec0,20,2,38,40,4.633,3.155,7.788,1.478,2.0,4.0,8.0,1.0,3.0,6.0,4.0,8.0,12.0,-2.0,1.0,5.0,74.71875,54.2765,128.99525,20.44225,64.0,75.0,86.0,45.0,54.0,64.0,112.0,129.0,146.0,7.0,21.0,33.0
2026-03-12,401851375,Ohio State Buckeyes,Iowa Hawkeyes,2026-03-12 12:00,2026-03-12T16:00:00Z,EDT,1.5,spread,team,10,10,89659988fe98,fda55244563d,1,1,0,2,3.2375,3.43525,6.67275,-0.19775,1.0,3.0,6.0,1.0,3.0,6.0,3.0,7.0,10.0,-3.0,0.0,3.0,3.2375,3.43525,6.882876454772274,-0.19775,1.0,3.0,6.0,1.0,3.0,6.0,3.210126454772273,7.210126454772274,10.210126454772274,-3.0,0.0,3.0
2026-03-12,401851375,Ohio State Buckeyes,Iowa Hawkeyes,2026-03-12 12:00,2026-03-12T16:00:00Z,EDT,1.5,spread,team,10,10,89659988fe98,fda55244563d,2,1,2,4,3.93325,4.12225,8.0555,-0.189,2.0,4.0,7.0,2.0,4.0,7.0,4.0,8.0,12.0,-4.0,0.0,3.0,7.17075,7.5575,15.148502909544549,-0.38675,4.0,7.0,11.0,4.0,7.0,11.0,10.420252909544548,15.420252909544548,20.420252909544548,-5.0,0.0,4.0
2026-03-12,401851375,Ohio State Buckeyes,Iowa Hawkeyes,2026-03-12 12:00,2026-03-12T16:00:00Z,EDT,1.5,spread,team,10,10,89659988fe98,fda55244563d,3,1,4,6,3.63125,3.83425,7.4655,-0.203,1.0,3.0,6.0,2.0,4.0,6.0,4.0,7.0,11.0,-4.0,0.0,3.0,10.802,11.39175,22.82412936431682,-0.58975,7.0,11.0,15.0,7.0,11.0,16.0,16.63037936431682,22.63037936431682,29.63037936431682,-6.0,-1.0,5.0
2026-03-12,401851375,Ohio State Buckeyes,Iowa Hawkeyes,2026-03-12 12:00,2026-03-12T16:00:00Z,EDT,1.5,spread,team,10,10,89659988fe98,fda55244563d,4,1,6,8,3.29125,3.44675,6.738,-0.1555,1.0,3.0,6.0,1.0,3.0,6.0,3.0,7.0,10.0,-3.0,0.0,3.0,14.09325,14.8385,29.772255819089096,-0.74525,9.0,14.0,19.0,10.0,15.0,20.0,21.840505819089092,29.840505819089092,37.840505819089095,-7.0,-1.0,6.0
2026-03-12,401851375,Ohio State Buckeyes,Iowa Hawkeyes,2026-03-12 12:00,2026-03-12T16:00:00Z,EDT,1.5,spread,team,10,10,89659988fe98,fda55244563d,5,1,8,10,3.84675,4.034,7.88075,-0.18725,1.0,4.0,7.0,2.0,4.0,7.0,4.0,8.0,12.0,-4.0,0.0,3.0,17.94,18.8725,32.34974195915492,-0.9325,13.0,18.0,24.0,13.0,19.0,25.0,23.53724195915492,31.53724195915492,41.53724195915492,-8.0,-1.0,6.0
2026-03-12,401851375,Ohio State Buckeyes,Iowa Hawkeyes,2026-03-12 12:00,2026-03-12T16:00:00Z,EDT,1.5,spread,team,10,10,89659988fe98,fda55244563d,6,1,10,12,3.619,3.821,7.44,-0.202,1.0,3.0,6.0,1.0,4.0,6.0,4.0,7.0,11.0,-4.0,0.0,3.0,21.559,22.6935,45.51325872863364,-1.1345,16.0,21.0,28.0,16.900000000000034,22.0,29.0,35.26075872863364,45.26075872863364,56.26075872863364,-9.0,-1.0,6.0
2026-03-12,401851375,Ohio State Buckeyes,Iowa Hawkeyes,2026-03-12 12:00,2026-03-12T16:00:00Z,EDT,1.5,spread,team,10,10,89659988fe98,fda55244563d,7,1,12,14,3.55225,3.651,7.20325,-0.09875,1.0,3.0,6.0,1.0,3.0,6.0,4.0,7.0,11.0,-4.0,0.0,3.0,25.11125,26.3445,52.92663518340592,-1.23325,19.0,25.0,32.0,19.0,26.0,34.0,42.47088518340591,52.47088518340591,64.47088518340591,-9.0,-1.0,7.0
2026-03-12,401851375,Ohio State Buckeyes,Iowa Hawkeyes,2026-03-12 12:00,2026-03-12T16:00:00Z,EDT,1.5,spread,team,10,10,89659988fe98,fda55244563d,8,1,14,16,3.90225,4.086,7.98825,-0.18375,2.0,4.0,6.0,2.0,4.0,7.0,5.0,8.0,12.0,-4.0,0.0,3.0,29.0135,30.4305,61.125011638178194,-1.417,22.0,29.0,36.0,23.0,30.0,38.0,49.68101163817819,60.68101163817819,73.68101163817819,-10.0,-1.0,7.0
2026-03-12,401851375,Ohio State Buckeyes,Iowa Hawkeyes,2026-03-12 12:00,2026-03-12T16:00:00Z,EDT,1.5,spread,team,10,10,89659988fe98,fda55244563d,9,1,16,18,3.42025,3.603,7.02325,-0.18275,1.0,3.0,6.0,1.0,3.0,6.0,4.0,7.0,11.0,-3.0,0.0,3.0,32.43375,34.0335,68.35838809295046,-1.59975,25.0,32.0,40.0,26.0,34.0,42.0,54.89113809295046,67.89113809295046,81.89113809295046,-10.0,-2.0,7.0
2026-03-12,401851375,Ohio State Buckeyes,Iowa Hawkeyes,2026-03-12 12:00,2026-03-12T16:00:00Z,EDT,1.5,spread,team,10,10,89659988fe98,fda55244563d,10,1,18,20,4.076,4.3335,8.4095,-0.2575,2.0,4.0,7.0,2.0,4.0,7.0,5.0,8.0,12.0,-4.0,0.0,3.0,36.50975,38.367,74.87675,-1.85725,28.0,36.0,45.0,30.0,38.0,47.0,61.0,74.0,90.0,-10.0,-2.0,7.0
2026-03-12,401851375,Ohio State Buckeyes,Iowa Hawkeyes,2026-03-12 12:00,2026-03-12T16:00:00Z,EDT,1.5,spread,team,10,10,89659988fe98,fda55244563d,11,2,20,22,1.532,1.43675,2.96875,0.09525,0.0,1.0,3.0,0.0,1.0,3.0,1.0,3.0,5.0,-2.0,0.0,2.0,38.04175,39.80375,79.63883813737493,-1.762,30.0,38.0,47.0,31.0,40.0,49.0,65.79333813737493,78.79333813737493,94.79333813737492,-11.0,-2.0,8.0
2026-03-12,401851375,Ohio State Buckeyes,Iowa Hawkeyes,2026-03-12 12:00,2026-03-12T16:00:00Z,EDT,1.5,spread,team,10,10,89659988fe98,fda55244563d,12,2,22,24,1.55075,1.48625,3.037,0.0645,0.0,1.0,3.0,0.0,1.0,3.0,1.0,3.0,6.0,-2.0,0.0,2.0,39.5925,41.29,82.36791172702712,-1.6975,31.0,40.0,48.0,33.0,41.0,50.0,67.48541172702713,81.48541172702713,97.48541172702711,-11.0,-2.0,8.0
2026-03-12,401851375,Ohio State Buckeyes,Iowa Hawkeyes,2026-03-12 12:00,2026-03-12T16:00:00Z,EDT,1.5,spread,team,10,10,89659988fe98,fda55244563d,13,2,24,26,1.46075,1.4095,2.87025,0.05125,0.0,1.0,3.0,0.0,1.0,3.0,1.0,3.0,5.0,-2.0,0.0,2.0,41.05325,42.6995,84.93023531667933,-1.64625,32.0,41.0,50.0,34.0,43.0,52.0,70.17748531667932,84.17748531667932,100.17748531667932,-11.0,-2.0,8.0
2026-03-12,401851375,Ohio State Buckeyes,Iowa Hawkeyes,2026-03-12 12:00,2026-03-12T16:00:00Z,EDT,1.5,spread,team,10,10,89659988fe98,fda55244563d,14,2,26,28,1.3745,1.2565,2.631,0.118,0.0,1.0,3.0,0.0,1.0,3.0,1.0,2.0,5.0,-2.0,0.0,2.0,42.42775,43.956,87.25330890633153,-1.52825,34.0,42.0,51.0,35.0,44.0,53.0,72.86955890633152,86.86955890633152,101.86955890633152,-11.0,-2.0,9.0
2026-03-12,401851375,Ohio State Buckeyes,Iowa Hawkeyes,2026-03-12 12:00,2026-03-12T16:00:00Z,EDT,1.5,spread,team,10,10,89659988fe98,fda55244563d,15,2,28,30,1.369,1.33625,2.70525,0.03275,0.0,1.0,3.0,0.0,1.0,3.0,1.0,2.0,5.0,-2.0,0.0,2.0,43.79675,45.29225,87.25330890633153,-1.4955,35.0,44.0,53.0,36.0,45.0,55.0,72.86955890633152,86.86955890633152,101.86955890633152,-12.0,-2.0,9.0
2026-03-12,401851375,Ohio State Buckeyes,Iowa Hawkeyes,2026-03-12 12:00,2026-03-12T16:00:00Z,EDT,1.5,spread,team,10,10,89659988fe98,fda55244563d,16,2,30,32,1.68575,1.659,3.34475,0.02675,0.0,1.0,4.0,0.0,1.0,4.0,1.0,3.0,6.0,-2.0,0.0,2.0,45.4825,46.95125,92.68745608563592,-1.46875,36.0,45.0,55.0,37.0,47.0,57.0,77.25370608563591,92.25370608563593,108.25370608563593,-12.0,-1.0,9.0
2026-03-12,401851375,Ohio State Buckeyes,Iowa Hawkeyes,2026-03-12 12:00,2026-03-12T16:00:00Z,EDT,1.5,spread,team,10,10,89659988fe98,fda55244563d,17,2,32,34,1.5115,1.43775,2.94925,0.07375,0.0,1.0,3.0,0.0,1.0,3.0,1.0,3.0,5.0,-2.0,0.0,2.0,46.994,48.389,95.3287796752881,-1.395,38.0,47.0,57.0,39.0,48.0,58.0,78.94577967528811,94.94577967528812,111.94577967528812,-12.0,-1.0,10.0
2026-03-12,401851375,Ohio State Buckeyes,Iowa Hawkeyes,2026-03-12 12:00,2026-03-12T16:00:00Z,EDT,1.5,spread,team,10,10,89659988fe98,fda55244563d,18,2,34,36,1.544,1.4305,2.9745,0.1135,0.0,1.0,3.0,0.0,1.0,3.0,1.0,3.0,5.0,-2.0,0.0,2.0,48.538,49.8195,97.9953532649403,-1.2815,39.0,48.0,59.0,40.0,50.0,60.0,81.6378532649403,97.6378532649403,114.6378532649403,-13.0,-1.0,10.0
2026-03-12,401851375,Ohio State Buckeyes,Iowa Hawkeyes,2026-03-12 12:00,2026-03-12T16:00:00Z,EDT,1.5,spread,team,10,10,89659988fe98,fda55244563d,19,2,36,38,1.629,1.56225,3.19125,0.06675,0.0,1.0,3.0,0.0,1.0,3.0,1.0,3.0,6.0,-2.0,0.0,2.0,50.167,51.38175,100.8786768545925,-1.21475,40.0,50.0,61.0,41.0,51.0,62.0,83.3299268545925,100.3299268545925,118.3299268545925,-13.0,-1.0,11.0
2026-03-12,401851375,Ohio State Buckeyes,Iowa Hawkeyes,2026-03-12 12:00,2026-03-12T16:00:00Z,EDT,1.5,spread,team,10,10,89659988fe98,fda55244563d,20,2,38,40,2.4765,2.34675,4.82325,0.12975,0.0,2.0,5.0,0.0,2.0,5.0,2.0,5.0,8.0,-3.0,0.0,3.0,52.6435,53.7285,106.372,-1.085,42.0,52.0,64.0,43.0,54.0,65.0,88.0,106.0,125.0,-13.0,-1.0,11.0
2026-03-12,401851376,Wisconsin Badgers,Washington Huskies,2026-03-12 14:30,2026-03-12T18:30:00Z,EDT,7.0,spread,team,10,10,620cfbe5b5be,6fc0ad85d977,1,1,0,2,3.5885,2.90675,6.49525,0.68175,1.0,3.0,6.0,1.0,3.0,5.0,3.0,6.0,10.0,-2.0,1.0,4.0,3.5885,2.90675,6.705376454772274,0.68175,1.0,3.0,6.0,1.0,3.0,5.0,3.210126454772273,6.210126454772274,10.210126454772274,-2.0,1.0,4.0
2026-03-12,401851376,Wisconsin Badgers,Washington Huskies,2026-03-12 14:30,2026-03-12T18:30:00Z,EDT,7.0,spread,team,10,10,620cfbe5b5be,6fc0ad85d977,2,1,2,4,4.087,3.39825,7.48525,0.68875,2.0,4.0,7.0,1.0,3.0,6.0,4.0,7.0,11.0,-3.0,1.0,4.0,7.6755,6.305,14.400752909544549,1.3705,4.0,8.0,11.0,3.0,6.0,10.0,9.420252909544548,14.420252909544548,19.420252909544548,-3.0,1.0,6.0
2026-03-12,401851376,Wisconsin Badgers,Washington Huskies,2026-03-12 14:30,2026-03-12T18:30:00Z,EDT,7.0,spread,team,10,10,620cfbe5b5be,6fc0ad85d977,3,1,4,6,3.9875,3.31575,7.30325,0.67175,2.0,4.0,7.0,1.0,3.0,6.0,4.0,7.0,11.0,-3.0,1.0,4.0,11.663,9.62075,21.91412936431682,2.04225,7.0,11.0,16.0,6.0,9.0,14.0,15.63037936431682,21.63037936431682,28.63037936431682,-3.0,2.0,8.0
2026-03-12,401851376,Wisconsin Badgers,Washington Huskies,2026-03-12 14:30,2026-03-12T18:30:00Z,EDT,7.0,spread,team,10,10,620cfbe5b5be,6fc0ad85d977,4,1,6,8,3.90125,3.1915,7.09275,0.70975,1.0,4.0,7.0,1.0,3.0,6.0,4.0,7.0,11.0,-3.0,1.0,4.0,15.56425,12.81225,29.217005819089096,2.752,11.0,15.0,21.0,8.0,13.0,17.0,21.840505819089092,28.840505819089092,36.840505819089095,-4.0,3.0,9.0
2026-03-12,401851376,Wisconsin Badgers,Washington Huskies,2026-03-12 14:30,2026-03-12T18:30:00Z,EDT,7.0,spread,team,10,10,620cfbe5b5be,6fc0ad85d977,5,1,8,10,3.90725,3.1755,7.08275,0.73175,1.0,4.0,7.0,1.0,3.0,6.0,4.0,7.0,11.0,-3.0,1.0,4.0,19.4715,15.98775,30.99649195915492,3.48375,14.0,19.0,25.0,11.0,16.0,21.0,22.53724195915492,30.53724195915492,39.53724195915492,-3.0,3.0,11.0
2026-03-12,401851376,Wisconsin Badgers,Washington Huskies,2026-03-12 14:30,2026-03-12T18:30:00Z,EDT,7.0,spread,team,10,10,620cfbe5b5be,6fc0ad85d977,6,1,10,12,3.849,3.1415,6.9905,0.7075,1.0,4.0,6.0,1.0,3.0,6.0,4.0,7.0,11.0,-3.0,1.0,4.0,23.3205,19.12925,43.71050872863364,4.19125,17.0,23.0,30.0,14.0,19.0,25.0,35.26075872863364,43.26075872863364,53.26075872863364,-3.0,4.0,12.0
2026-03-12,401851376,Wisconsin Badgers,Washington Huskies,2026-03-12 14:30,2026-03-12T18:30:00Z,EDT,7.0,spread,team,10,10,620cfbe5b5be,6fc0ad85d977,7,1,12,14,4.20475,3.454,7.65875,0.75075,2.0,4.0,7.0,1.0,3.0,6.0,4.0,7.0,11.0,-3.0,1.0,4.0,27.52525,22.58325,51.57938518340591,4.942,21.0,27.0,34.0,17.0,22.0,29.0,41.47088518340591,51.47088518340591,61.47088518340591,-3.0,5.0,13.0
2026-03-12,401851376,Wisconsin Badgers,Washington Huskies,2026-03-12 14:30,2026-03-12T18:30:00Z,EDT,7.0,spread,team,10,10,620cfbe5b5be,6fc0ad85d977,8,1,14,16,4.529,3.72075,8.24975,0.80825,2.0,4.0,7.0,1.0,4.0,6.0,5.0,8.0,12.0,-3.0,1.0,4.0,32.05425,26.304,60.03926163817819,5.75025,25.0,32.0,39.0,20.0,26.0,33.0,49.68101163817819,59.68101163817819,71.68101163817819,-2.0,6.0,14.0
2026-03-12,401851376,Wisconsin Badgers,Washington Huskies,2026-03-12 14:30,2026-03-12T18:30:00Z,EDT,7.0,spread,team,10,10,620cfbe5b5be,6fc0ad85d977,9,1,16,18,4.4545,3.65375,8.10825,0.80075,2.0,4.0,7.0,1.0,3.0,6.0,5.0,8.0,12.0,-3.0,1.0,4.0,36.50875,29.95775,68.35763809295045,6.551,29.0,36.0,44.0,23.0,30.0,37.0,56.89113809295046,67.89113809295046,79.99113809295037,-2.0,6.0,16.0
2026-03-12,401851376,Wisconsin Badgers,Washington Huskies,2026-03-12 14:30,2026-03-12T18:30:00Z,EDT,7.0,spread,team,10,10,620cfbe5b5be,6fc0ad85d977,10,1,18,20,4.277,3.508,7.785,0.769,2.0,4.0,7.0,1.0,3.0,6.0,4.0,8.0,12.0,-3.0,1.0,4.0,40.78575,33.46575,74.2515,7.32,33.0,41.0,49.0,26.0,33.0,41.0,62.0,74.0,87.0,-2.0,7.0,16.0
2026-03-12,401851376,Wisconsin Badgers,Washington Huskies,2026-03-12 14:30,2026-03-12T18:30:00Z,EDT,7.0,spread,team,10,10,620cfbe5b5be,6fc0ad85d977,11,2,20,22,2.471,2.21225,4.68325,0.25875,1.0,2.0,5.0,0.0,2.0,4.0,2.0,4.0,8.0,-3.0,0.0,3.0,43.25675,35.678,80.72808813737493,7.57875,35.0,43.0,52.0,28.0,36.0,43.0,67.79333813737493,80.79333813737493,93.79333813737492,-2.0,7.0,17.0
2026-03-12,401851376,Wisconsin Badgers,Washington Huskies,2026-03-12 14:30,2026-03-12T18:30:00Z,EDT,7.0,spread,team,10,10,620cfbe5b5be,6fc0ad85d977,12,2,22,24,2.718,2.44225,5.16025,0.27575,1.0,3.0,5.0,1.0,2.0,5.0,2.0,5.0,8.0,-3.0,0.0,3.0,45.97475,38.12025,85.58041172702713,7.8545,37.0,46.0,55.0,30.0,38.0,46.0,72.48541172702713,85.48541172702713,98.48541172702711,-2.0,8.0,18.0
2026-03-12,401851376,Wisconsin Badgers,Washington Huskies,2026-03-12 14:30,2026-03-12T18:30:00Z,EDT,7.0,spread,team,10,10,620cfbe5b5be,6fc0ad85d977,13,2,24,26,2.403,2.188,4.591,0.215,1.0,2.0,4.0,0.0,2.0,4.0,2.0,4.0,8.0,-2.0,0.0,3.0,48.37775,40.30825,89.86348531667933,8.0695,39.0,48.0,57.0,32.0,40.0,48.0,76.17748531667932,89.17748531667932,103.17748531667932,-2.0,8.0,18.0
2026-03-12,401851376,Wisconsin Badgers,Washington Huskies,2026-03-12 14:30,2026-03-12T18:30:00Z,EDT,7.0,spread,team,10,10,620cfbe5b5be,6fc0ad85d977,14,2,26,28,2.46425,2.257,4.72125,0.20725,1.0,2.0,5.0,0.0,2.0,4.0,2.0,5.0,8.0,-3.0,0.0,3.0,50.842,42.56525,94.27680890633152,8.27675,42.0,51.0,60.0,34.0,42.0,51.0,80.86955890633152,93.86955890633152,107.86955890633152,-2.0,8.0,19.0
2026-03-12,401851376,Wisconsin Badgers,Washington Huskies,2026-03-12 14:30,2026-03-12T18:30:00Z,EDT,7.0,spread,team,10,10,620cfbe5b5be,6fc0ad85d977,15,2,28,30,2.3935,2.09225,4.48575,0.30125,1.0,2.0,4.0,0.0,2.0,4.0,2.0,4.0,7.0,-2.0,0.0,3.0,53.2355,44.6575,94.27680890633152,8.578,44.0,53.0,63.0,36.0,45.0,53.0,80.86955890633152,93.86955890633152,107.86955890633152,-2.0,9.0,19.0
2026-03-12,401851376,Wisconsin Badgers,Washington Huskies,2026-03-12 14:30,2026-03-12T18:30:00Z,EDT,7.0,spread,team,10,10,620cfbe5b5be,6fc0ad85d977,16,2,30,32,2.52675,2.2825,4.80925,0.24425,1.0,2.0,5.0,0.0,2.0,4.0,2.0,5.0,8.0,-2.0,0.0,3.0,55.76225,46.94,102.95595608563592,8.82225,46.0,56.0,65.0,38.0,47.0,56.0,88.25370608563591,102.25370608563593,117.25370608563593,-2.0,9.0,20.0
2026-03-12,401851376,Wisconsin Badgers,Washington Huskies,2026-03-12 14:30,2026-03-12T18:30:00Z,EDT,7.0,spread,team,10,10,620cfbe5b5be,6fc0ad85d977,17,2,32,34,2.512,2.254,4.766,0.258,1.0,2.0,5.0,0.0,2.0,4.0,2.0,5.0,8.0,-2.0,0.0,3.0,58.27425,49.194,107.4140296752881,9.08025,48.0,58.0,68.0,40.0,49.0,58.0,91.94577967528812,106.94577967528812,121.94577967528812,-2.0,9.0,21.0
2026-03-12,401851376,Wisconsin Badgers,Washington Huskies,2026-03-12 14:30,2026-03-12T18:30:00Z,EDT,7.0,spread,team,10,10,620cfbe5b5be,6fc0ad85d977,18,2,34,36,2.35375,2.199,4.55275,0.15475,1.0,2.0,4.0,0.0,2.0,4.0,2.0,4.0,7.0,-2.0,0.0,3.0,60.628,51.393,111.6588532649403,9.235,50.0,61.0,71.0,42.0,51.0,61.0,95.6378532649403,111.6378532649403,126.6378532649403,-2.0,9.0,21.0
2026-03-12,401851376,Wisconsin Badgers,Washington Huskies,2026-03-12 14:30,2026-03-12T18:30:00Z,EDT,7.0,spread,team,10,10,620cfbe5b5be,6fc0ad85d977,19,2,36,38,2.45225,2.21525,4.6675,0.237,1.0,2.0,5.0,0.0,2.0,4.0,2.0,4.0,8.0,-2.0,0.0,3.0,63.08025,53.60825,116.0184268545925,9.472,53.0,63.0,74.0,44.0,53.0,64.0,99.3299268545925,116.3299268545925,131.3299268545925,-3.0,9.0,22.0
2026-03-12,401851376,Wisconsin Badgers,Washington Huskies,2026-03-12 14:30,2026-03-12T18:30:00Z,EDT,7.0,spread,team,10,10,620cfbe5b5be,6fc0ad85d977,20,2,38,40,3.73,3.3395,7.0695,0.3905,1.0,4.0,6.0,1.0,3.0,6.0,4.0,7.0,11.0,-3.0,0.0,4.0,66.81025,56.94775,123.758,9.8625,56.0,67.0,78.0,47.0,57.0,67.0,107.0,124.0,141.0,-3.0,10.0,22.0
2026-03-12,401851377,Purdue Boilermakers,Northwestern Wildcats,2026-03-12 18:30,2026-03-12T22:30:00Z,EDT,12.0,spread,team,10,10,7abdb15defaf,efb74faf5f88,1,1,0,2,3.76025,2.8375,6.59775,0.92275,1.0,4.0,6.0,1.0,3.0,5.0,3.0,6.0,10.0,-2.0,1.0,4.0,3.76025,2.8375,6.807876454772273,0.92275,1.0,4.0,6.0,1.0,3.0,5.0,3.210126454772273,6.210126454772274,10.210126454772274,-2.0,1.0,4.0
2026-03-12,401851377,Purdue Boilermakers,Northwestern Wildcats,2026-03-12 18:30,2026-03-12T22:30:00Z,EDT,12.0,spread,team,10,10,7abdb15defaf,efb74faf5f88,2,1,2,4,4.78075,3.69925,8.48,1.0815,2.0,5.0,8.0,1.0,4.0,6.0,5.0,8.0,12.0,-2.0,1.0,5.0,8.541,6.53675,15.498002909544548,2.00425,5.0,8.0,12.0,3.0,6.0,10.0,10.420252909544548,15.420252909544548,20.420252909544548,-3.0,2.0,7.0
2026-03-12,401851377,Purdue Boilermakers,Northwestern Wildcats,2026-03-12 18:30,2026-03-12T22:30:00Z,EDT,12.0,spread,team,10,10,7abdb15defaf,efb74faf5f88,3,1,4,6,4.2315,3.27,7.5015,0.9615,2.0,4.0,7.0,1.0,3.0,6.0,4.0,7.0,11.0,-2.0,1.0,4.0,12.7725,9.80675,23.209629364316815,2.96575,8.0,13.0,17.0,6.0,10.0,14.0,16.63037936431682,22.63037936431682,29.63037936431682,-3.0,3.0,9.0
2026-03-12,401851377,Purdue Boilermakers,Northwestern Wildcats,2026-03-12 18:30,2026-03-12T22:30:00Z,EDT,12.0,spread,team,10,10,7abdb15defaf,efb74faf5f88,4,1,6,8,4.41375,3.447,7.86075,0.96675,2.0,4.0,7.0,1.0,3.0,6.0,4.0,8.0,12.0,-3.0,1.0,4.0,17.18625,13.25375,31.280505819089097,3.9325,12.0,17.0,23.0,9.0,13.0,18.0,23.840505819089092,30.840505819089092,38.840505819089095,-3.0,4.0,10.0
2026-03-12,401851377,Purdue Boilermakers,Northwestern Wildcats,2026-03-12 18:30,2026-03-12T22:30:00Z,EDT,12.0,spread,team,10,10,7abdb15defaf,efb74faf5f88,5,1,8,10,3.914,3.07225,6.98625,0.84175,2.0,4.0,7.0,1.0,3.0,5.0,4.0,7.0,11.0,-2.0,1.0,4.0,21.10025,16.326,32.96349195915492,4.77425,15.0,21.0,27.0,11.0,16.0,22.0,24.53724195915492,32.53724195915492,41.53724195915492,-2.0,5.0,12.0
2026-03-12,401851377,Purdue Boilermakers,Northwestern Wildcats,2026-03-12 18:30,2026-03-12T22:30:00Z,EDT,12.0,spread,team,10,10,7abdb15defaf,efb74faf5f88,6,1,10,12,4.47725,3.475,7.95225,1.00225,2.0,4.0,7.0,1.0,3.0,6.0,4.900000000000034,8.0,12.0,-3.0,1.0,5.0,25.5775,19.801,46.63925872863364,5.7765,19.0,25.0,32.0,14.0,20.0,26.0,36.26075872863364,46.26075872863364,56.26075872863364,-2.0,6.0,13.0
2026-03-12,401851377,Purdue Boilermakers,Northwestern Wildcats,2026-03-12 18:30,2026-03-12T22:30:00Z,EDT,12.0,spread,team,10,10,7abdb15defaf,efb74faf5f88,7,1,12,14,3.8045,2.972,6.7765,0.8325,1.0,4.0,6.0,1.0,3.0,5.0,4.0,7.0,10.0,-2.0,1.0,4.0,29.382,22.773,53.62588518340591,6.609,22.0,29.0,36.0,17.0,23.0,29.0,43.47088518340591,53.47088518340591,64.47088518340591,-2.0,7.0,15.0
2026-03-12,401851377,Purdue Boilermakers,Northwestern Wildcats,2026-03-12 18:30,2026-03-12T22:30:00Z,EDT,12.0,spread,team,10,10,7abdb15defaf,efb74faf5f88,8,1,14,16,4.466,3.47775,7.94375,0.98825,2.0,4.0,7.0,1.0,3.0,6.0,4.0,8.0,12.0,-3.0,1.0,4.0,33.848,26.25075,61.77976163817819,7.59725,26.0,34.0,42.0,20.0,26.0,33.0,50.68101163817819,61.68101163817819,73.68101163817819,-1.0,8.0,16.0
2026-03-12,401851377,Purdue Boilermakers,Northwestern Wildcats,2026-03-12 18:30,2026-03-12T22:30:00Z,EDT,12.0,spread,team,10,10,7abdb15defaf,efb74faf5f88,9,1,16,18,3.9585,3.075,7.0335,0.8835,2.0,4.0,7.0,1.0,3.0,5.0,4.0,7.0,11.0,-2.0,1.0,4.0,37.8065,29.32575,69.02338809295046,8.48075,30.0,38.0,46.0,22.0,29.0,36.0,56.89113809295046,68.89113809295046,81.89113809295046,0.0,8.0,17.0
2026-03-12,401851377,Purdue Boilermakers,Northwestern Wildcats,2026-03-12 18:30,2026-03-12T22:30:00Z,EDT,12.0,spread,team,10,10,7abdb15defaf,efb74faf5f88,10,1,18,20,4.48625,3.512,7.99825,0.97425,2.0,4.0,7.0,1.0,3.0,6.0,4.0,8.0,12.0,-3.0,1.0,4.0,42.29275,32.83775,75.1305,9.455,34.0,42.0,51.0,25.0,33.0,40.0,62.0,75.0,89.0,1.0,9.0,19.0
2026-03-12,401851377,Purdue Boilermakers,Northwestern Wildcats,2026-03-12 18:30,2026-03-12T22:30:00Z,EDT,12.0,spread,team,10,10,7abdb15defaf,efb74faf5f88,11,2,20,22,1.6495,1.068,2.7175,0.5815,0.0,1.0,3.0,0.0,1.0,2.0,1.0,2.0,5.0,-1.0,1.0,3.0,43.94225,33.90575,79.64133813737493,10.0365,35.0,44.0,53.0,26.0,34.0,42.0,65.79333813737493,78.79333813737493,93.79333813737492,1.0,10.0,19.0
2026-03-12,401851377,Purdue Boilermakers,Northwestern Wildcats,2026-03-12 18:30,2026-03-12T22:30:00Z,EDT,12.0,spread,team,10,10,7abdb15defaf,efb74faf5f88,12,2,22,24,2.13825,1.3705,3.50875,0.76775,0.0,2.0,4.0,0.0,1.0,3.0,1.0,3.0,6.0,-1.0,1.0,3.0,46.0805,35.27625,82.84216172702713,10.80425,37.0,46.0,55.0,27.0,35.0,43.0,69.48541172702713,82.48541172702713,97.48541172702711,1.0,11.0,20.0
2026-03-12,401851377,Purdue Boilermakers,Northwestern Wildcats,2026-03-12 18:30,2026-03-12T22:30:00Z,EDT,12.0,spread,team,10,10,7abdb15defaf,efb74faf5f88,13,2,24,26,2.03025,1.27575,3.306,0.7545,0.0,2.0,4.0,0.0,1.0,3.0,1.0,3.0,6.0,-1.0,1.0,3.0,48.11075,36.552,85.84023531667933,11.55875,39.0,48.0,57.0,29.0,36.0,45.0,72.17748531667932,85.17748531667932,100.17748531667932,2.0,11.0,21.0
2026-03-12,401851377,Purdue Boilermakers,Northwestern Wildcats,2026-03-12 18:30,2026-03-12T22:30:00Z,EDT,12.0,spread,team,10,10,7abdb15defaf,efb74faf5f88,14,2,26,28,1.874,1.21125,3.08525,0.66275,0.0,2.0,4.0,0.0,1.0,3.0,1.0,3.0,6.0,-2.0,1.0,3.0,49.98475,37.76325,88.61755890633152,12.2215,41.0,50.0,60.0,30.0,38.0,46.0,74.86955890633152,87.86955890633152,103.86955890633152,2.0,12.0,23.0
2026-03-12,401851377,Purdue Boilermakers,Northwestern Wildcats,2026-03-12 18:30,2026-03-12T22:30:00Z,EDT,12.0,spread,team,10,10,7abdb15defaf,efb74faf5f88,15,2,28,30,1.9855,1.2905,3.276,0.695,0.0,2.0,4.0,0.0,1.0,3.0,1.0,3.0,6.0,-2.0,1.0,3.0,51.97025,39.05375,88.61755890633152,12.9165,42.0,52.0,62.0,31.0,39.0,48.0,74.86955890633152,87.86955890633152,103.86955890633152,3.0,13.0,24.0
2026-03-12,401851377,Purdue Boilermakers,Northwestern Wildcats,2026-03-12 18:30,2026-03-12T22:30:00Z,EDT,12.0,spread,team,10,10,7abdb15defaf,efb74faf5f88,16,2,30,32,1.955,1.26025,3.21525,0.69475,0.0,2.0,4.0,0.0,1.0,3.0,1.0,3.0,6.0,-2.0,1.0,3.0,53.92525,40.314,94.49295608563592,13.61125,44.0,54.0,64.0,32.0,40.0,49.0,79.25370608563591,94.25370608563593,110.25370608563593,3.0,14.0,24.0
2026-03-12,401851377,Purdue Boilermakers,Northwestern Wildcats,2026-03-12 18:30,2026-03-12T22:30:00Z,EDT,12.0,spread,team,10,10,7abdb15defaf,efb74faf5f88,17,2,32,34,1.95225,1.27175,3.224,0.6805,0.0,2.0,4.0,0.0,1.0,3.0,1.0,3.0,6.0,-2.0,1.0,3.0,55.8775,41.58575,97.40902967528812,14.29175,46.0,56.0,66.0,33.0,41.0,51.0,81.94577967528811,96.94577967528812,113.94577967528812,3.0,14.0,26.0
2026-03-12,401851377,Purdue Boilermakers,Northwestern Wildcats,2026-03-12 18:30,2026-03-12T22:30:00Z,EDT,12.0,spread,team,10,10,7abdb15defaf,efb74faf5f88,18,2,34,36,2.16025,1.384,3.54425,0.77625,0.0,2.0,4.0,0.0,1.0,3.0,1.0,3.0,6.0,-2.0,1.0,3.0,58.03775,42.96975,100.6453532649403,15.068,47.0,58.0,69.0,34.0,43.0,52.0,84.6378532649403,100.6378532649403,117.6378532649403,3.0,15.0,27.0
2026-03-12,401851377,Purdue Boilermakers,Northwestern Wildcats,2026-03-12 18:30,2026-03-12T22:30:00Z,EDT,12.0,spread,team,10,10,7abdb15defaf,efb74faf5f88,19,2,36,38,2.349,1.5415,3.8905,0.8075,0.0,2.0,5.0,0.0,1.0,3.0,1.0,4.0,7.0,-2.0,1.0,3.0,60.38675,44.51125,104.2279268545925,15.8755,49.0,60.0,72.0,35.0,44.0,54.0,87.3299268545925,104.3299268545925,122.3299268545925,4.0,16.0,28.0
2026-03-12,401851377,Purdue Boilermakers,Northwestern Wildcats,2026-03-12 18:30,2026-03-12T22:30:00Z,EDT,12.0,spread,team,10,10,7abdb15defaf,efb74faf5f88,20,2,38,40,1.78725,1.10625,2.8935,0.681,0.0,2.0,4.0,0.0,1.0,3.0,1.0,3.0,5.0,-1.0,1.0,3.0,62.174,45.6175,107.7915,16.5565,50.0,62.0,74.0,36.0,46.0,56.0,90.0,108.0,126.0,4.0,17.0,29.0
2026-03-12,401851378,UCLA Bruins,Rutgers Scarlet Knights,2026-03-12 21:00,2026-03-13T01:00:00Z,EDT,11.5,spread,team,10,10,9b8d69eb1dfc,20fce61f284b,1,1,0,2,3.43425,2.923,6.35725,0.51125,1.0,3.0,6.0,1.0,3.0,5.0,3.0,6.0,10.0,-3.0,1.0,4.0,3.43425,2.923,6.5673764547722735,0.51125,1.0,3.0,6.0,1.0,3.0,5.0,3.210126454772273,6.210126454772274,10.210126454772274,-3.0,1.0,4.0
2026-03-12,401851378,UCLA Bruins,Rutgers Scarlet Knights,2026-03-12 21:00,2026-03-13T01:00:00Z,EDT,11.5,spread,team,10,10,9b8d69eb1dfc,20fce61f284b,2,1,2,4,3.49425,2.992,6.48625,0.50225,1.0,3.0,6.0,1.0,3.0,5.0,3.0,6.0,10.0,-3.0,0.0,4.0,6.9285,5.915,13.263752909544548,1.0135,4.0,7.0,10.0,3.0,6.0,9.0,8.420252909544548,13.420252909544548,18.420252909544548,-4.0,1.0,5.0
2026-03-12,401851378,UCLA Bruins,Rutgers Scarlet Knights,2026-03-12 21:00,2026-03-13T01:00:00Z,EDT,11.5,spread,team,10,10,9b8d69eb1dfc,20fce61f284b,3,1,4,6,3.9755,3.43925,7.41475,0.53625,2.0,4.0,7.0,1.0,3.0,6.0,4.0,7.0,11.0,-3.0,1.0,4.0,10.904,9.35425,20.88862936431682,1.54975,7.0,11.0,15.0,5.0,9.0,14.0,14.63037936431682,20.63037936431682,27.63037936431682,-4.0,1.0,7.0
2026-03-12,401851378,UCLA Bruins,Rutgers Scarlet Knights,2026-03-12 21:00,2026-03-13T01:00:00Z,EDT,11.5,spread,team,10,10,9b8d69eb1dfc,20fce61f284b,4,1,6,8,3.717,3.206,6.923,0.511,1.0,4.0,6.0,1.0,3.0,6.0,4.0,7.0,11.0,-3.0,1.0,4.0,14.621,12.56025,28.02175581908909,2.06075,10.0,14.0,20.0,8.0,12.0,17.0,20.840505819089092,27.840505819089092,35.840505819089095,-4.0,2.0,9.0
2026-03-12,401851378,UCLA Bruins,Rutgers Scarlet Knights,2026-03-12 21:00,2026-03-13T01:00:00Z,EDT,11.5,spread,team,10,10,9b8d69eb1dfc,20fce61f284b,5,1,8,10,4.0535,3.51525,7.56875,0.53825,2.0,4.0,7.0,1.0,3.0,6.0,4.0,7.0,11.0,-3.0,1.0,4.0,18.6745,16.0755,30.28724195915492,2.599,13.0,18.0,25.0,11.0,16.0,22.0,21.53724195915492,29.53724195915492,39.53724195915492,-5.0,3.0,10.0
2026-03-12,401851378,UCLA Bruins,Rutgers Scarlet Knights,2026-03-12 21:00,2026-03-13T01:00:00Z,EDT,11.5,spread,team,10,10,9b8d69eb1dfc,20fce61f284b,6,1,10,12,5.46825,4.69525,10.1635,0.773,3.0,5.0,9.0,2.0,5.0,8.0,6.0,10.0,15.0,-3.0,1.0,5.0,24.14275,20.77075,46.17425872863364,3.372,18.0,24.0,31.0,15.0,20.0,27.0,36.26075872863364,45.26075872863364,56.26075872863364,-5.0,3.0,12.0
2026-03-12,401851378,UCLA Bruins,Rutgers Scarlet Knights,2026-03-12 21:00,2026-03-13T01:00:00Z,EDT,11.5,spread,team,10,10,9b8d69eb1dfc,20fce61f284b,7,1,12,14,3.5195,3.09975,6.61925,0.41975,1.0,3.0,6.0,1.0,3.0,5.0,3.0,6.0,10.0,-3.0,0.0,4.0,27.66225,23.8705,53.00363518340591,3.79175,21.0,27.0,35.0,17.0,24.0,31.0,42.47088518340591,52.47088518340591,64.47088518340591,-5.0,4.0,13.0
2026-03-12,401851378,UCLA Bruins,Rutgers Scarlet Knights,2026-03-12 21:00,2026-03-13T01:00:00Z,EDT,11.5,spread,team,10,10,9b8d69eb1dfc,20fce61f284b,8,1,14,16,4.59,3.94225,8.53225,0.64775,2.0,4.0,7.0,2.0,4.0,7.0,5.0,8.0,13.0,-3.0,1.0,4.0,32.25225,27.81275,61.74601163817819,4.4395,24.0,32.0,40.0,21.0,28.0,35.0,49.68101163817819,61.68101163817819,74.68101163817819,-5.0,4.0,14.0
2026-03-12,401851378,UCLA Bruins,Rutgers Scarlet Knights,2026-03-12 21:00,2026-03-13T01:00:00Z,EDT,11.5,spread,team,10,10,9b8d69eb1dfc,20fce61f284b,9,1,16,18,4.248,3.65075,7.89875,0.59725,2.0,4.0,7.0,1.0,3.0,6.0,4.0,8.0,12.0,-3.0,1.0,4.0,36.50025,31.4635,69.85488809295046,5.03675,28.0,36.0,45.0,24.0,31.0,39.0,56.89113809295046,69.89113809295046,83.89113809295046,-4.0,5.0,15.0
2026-03-12,401851378,UCLA Bruins,Rutgers Scarlet Knights,2026-03-12 21:00,2026-03-13T01:00:00Z,EDT,11.5,spread,team,10,10,9b8d69eb1dfc,20fce61f284b,10,1,18,20,3.73375,3.252,6.98575,0.48175,1.0,4.0,6.0,1.0,3.0,6.0,4.0,7.0,11.0,-3.0,0.0,4.0,40.234,34.7155,74.9495,5.5185,31.0,40.0,50.0,27.0,35.0,43.0,61.0,75.0,89.0,-4.0,5.0,16.0
2026-03-12,401851378,UCLA Bruins,Rutgers Scarlet Knights,2026-03-12 21:00,2026-03-13T01:00:00Z,EDT,11.5,spread,team,10,10,9b8d69eb1dfc,20fce61f284b,11,2,20,22,3.839,3.484,7.323,0.355,1.0,4.0,6.0,1.0,3.0,6.0,4.0,7.0,11.0,-3.0,0.0,4.0,44.073,38.1995,84.06583813737493,5.8735,34.0,44.0,53.0,30.0,38.0,47.0,69.79333813737493,83.79333813737493,98.79333813737492,-5.0,6.0,17.0
2026-03-12,401851378,UCLA Bruins,Rutgers Scarlet Knights,2026-03-12 21:00,2026-03-13T01:00:00Z,EDT,11.5,spread,team,10,10,9b8d69eb1dfc,20fce61f284b,12,2,22,24,4.885,4.3695,9.2545,0.5155,2.0,5.0,8.0,2.0,4.0,7.0,5.0,9.0,13.0,-3.0,1.0,4.0,48.958,42.569,93.01241172702711,6.389,39.0,49.0,59.0,34.0,42.0,51.0,78.48541172702713,92.48541172702711,107.48541172702711,-5.0,6.0,18.0
2026-03-12,401851378,UCLA Bruins,Rutgers Scarlet Knights,2026-03-12 21:00,2026-03-13T01:00:00Z,EDT,11.5,spread,team,10,10,9b8d69eb1dfc,20fce61f284b,13,2,24,26,4.701,4.234,8.935,0.467,2.0,5.0,7.0,2.0,4.0,7.0,5.0,9.0,13.0,-3.0,0.0,4.0,53.659,46.803,101.63948531667933,6.856,44.0,54.0,63.0,38.0,47.0,56.0,87.17748531667932,101.17748531667932,117.17748531667932,-5.0,7.0,18.09999999999991
2026-03-12,401851378,UCLA Bruins,Rutgers Scarlet Knights,2026-03-12 21:00,2026-03-13T01:00:00Z,EDT,11.5,spread,team,10,10,9b8d69eb1dfc,20fce61f284b,14,2,26,28,4.84775,4.28525,9.133,0.5625,2.0,5.0,8.0,2.0,4.0,7.0,5.0,9.0,13.0,-3.0,1.0,4.0,58.50675,51.08825,110.46455890633152,7.4185,48.0,59.0,69.0,42.0,51.0,60.0,94.86955890633152,109.86955890633152,126.86955890633152,-5.0,8.0,20.0
2026-03-12,401851378,UCLA Bruins,Rutgers Scarlet Knights,2026-03-12 21:00,2026-03-13T01:00:00Z,EDT,11.5,spread,team,10,10,9b8d69eb1dfc,20fce61f284b,15,2,28,30,4.2795,3.85,8.1295,0.4295,2.0,4.0,7.0,1.0,4.0,6.0,5.0,8.0,12.0,-3.0,0.0,4.0,62.78625,54.93825,112.61522156133248,7.848,52.0,63.0,73.0,45.0,55.0,64.0,96.89072156133248,111.89072156133248,128.8907215613325,-5.0,8.0,20.0
2026-03-12,401851378,UCLA Bruins,Rutgers Scarlet Knights,2026-03-12 21:00,2026-03-13T01:00:00Z,EDT,11.5,spread,team,10,10,9b8d69eb1dfc,20fce61f284b,16,2,30,32,3.85625,3.57375,7.43,0.2825,1.0,4.0,6.0,1.0,3.0,6.0,4.0,7.0,11.0,-3.0,0.0,4.0,66.6425,58.512,125.40820608563592,8.1305,56.0,67.0,77.0,49.0,58.0,68.0,109.25370608563593,125.25370608563593,141.2537060856359,-5.0,8.0,21.0
2026-03-12,401851378,UCLA Bruins,Rutgers Scarlet Knights,2026-03-12 21:00,2026-03-13T01:00:00Z,EDT,11.5,spread,team,10,10,9b8d69eb1dfc,20fce61f284b,17,2,32,34,3.74725,3.2875,7.03475,0.45975,1.0,4.0,6.0,1.0,3.0,6.0,4.0,7.0,11.0,-3.0,0.0,4.0,70.38975,61.7995,132.13502967528808,8.59025,59.0,70.0,81.0,52.0,62.0,72.0,114.94577967528812,131.94577967528812,148.94577967528812,-4.0,9.0,22.0
2026-03-12,401851378,UCLA Bruins,Rutgers Scarlet Knights,2026-03-12 21:00,2026-03-13T01:00:00Z,EDT,11.5,spread,team,10,10,9b8d69eb1dfc,20fce61f284b,18,2,34,36,4.56625,4.07775,8.644,0.4885,2.0,4.0,7.0,2.0,4.0,7.0,5.0,8.5,13.0,-3.0,0.0,4.0,74.956,65.87725,140.4711032649403,9.07875,63.900000000000034,75.0,86.0,56.0,66.0,76.0,122.6378532649403,140.6378532649403,157.6378532649403,-4.0,9.0,22.0
2026-03-12,401851378,UCLA Bruins,Rutgers Scarlet Knights,2026-03-12 21:00,2026-03-13T01:00:00Z,EDT,11.5,spread,team,10,10,9b8d69eb1dfc,20fce61f284b,19,2,36,38,4.54025,4.17325,8.7135,0.367,2.0,4.0,7.0,2.0,4.0,7.0,5.0,9.0,13.0,-3.0,0.0,4.0,79.49625,70.0505,148.87667685459252,9.44575,68.0,79.0,91.0,60.0,70.0,80.0,131.3299268545925,149.3299268545925,166.3299268545925,-4.0,9.0,23.0
2026-03-12,401851378,UCLA Bruins,Rutgers Scarlet Knights,2026-03-12 21:00,2026-03-13T01:00:00Z,EDT,11.5,spread,team,10,10,9b8d69eb1dfc,20fce61f284b,20,2,38,40,4.43075,3.94375,8.3745,0.487,2.0,4.0,7.0,2.0,4.0,7.0,5.0,8.0,12.0,-3.0,0.0,4.0,83.927,73.99425,157.92125,9.93275,72.0,84.0,96.0,63.0,74.0,85.0,139.0,158.0,176.0,-3.0,10.0,23.0
2026-03-12,401851393,Cal State Northridge Matadors,UC San Diego Tritons,,,,4.917842176587101,expected,team,10,10,6a8cf7570756,2b49e8d2685d,1,1,0,2,2.709,2.977,5.686,-0.268,1.0,3.0,5.0,1.0,3.0,5.0,3.0,5.0,9.0,-3.0,0.0,3.0,2.709,2.977,5.896126454772274,-0.268,1.0,3.0,5.0,1.0,3.0,5.0,3.210126454772273,5.210126454772274,9.210126454772274,-3.0,0.0,3.0
2026-03-12,401851393,Cal State Northridge Matadors,UC San Diego Tritons,,,,4.917842176587101,expected,team,10,10,6a8cf7570756,2b49e8d2685d,2,1,2,4,3.065,3.3895,6.4545,-0.3245,1.0,3.0,5.0,1.0,3.0,6.0,3.0,6.0,10.0,-4.0,0.0,3.0,5.774,6.3665,12.560752909544547,-0.5925,3.0,6.0,9.0,3.0,6.0,10.0,8.320252909544582,12.420252909544548,17.420252909544548,-5.0,-1.0,4.0
2026-03-12,401851393,Cal State Northridge Matadors,UC San Diego Tritons,,,,4.917842176587101,expected,team,10,10,6a8cf7570756,2b49e8d2685d,3,1,4,6,3.38,3.7895,7.1695,-0.4095,1.0,3.0,6.0,1.0,4.0,6.0,4.0,7.0,11.0,-4.0,0.0,3.0,9.154,10.156,19.94037936431682,-1.002,5.0,9.0,13.0,6.0,10.0,14.0,13.63037936431682,19.63037936431682,26.63037936431682,-6.0,-1.0,4.0
2026-03-12,401851393,Cal State Northridge Matadors,UC San Diego Tritons,,,,4.917842176587101,expected,team,10,10,6a8cf7570756,2b49e8d2685d,4,1,6,8,3.11075,3.50525,6.616,-0.3945,1.0,3.0,5.0,1.0,3.0,6.0,3.0,6.0,10.0,-4.0,0.0,3.0,12.26475,13.66125,26.76650581908909,-1.3965,8.0,12.0,17.0,9.0,13.0,19.0,19.840505819089092,26.840505819089092,33.840505819089095,-7.0,-1.0,5.0
2026-03-12,401851393,Cal State Northridge Matadors,UC San Diego Tritons,,,,4.917842176587101,expected,team,10,10,6a8cf7570756,2b49e8d2685d,5,1,8,10,3.94675,4.35425,8.301,-0.4075,2.0,4.0,7.0,2.0,4.0,7.0,5.0,8.0,12.0,-4.0,0.0,3.0,16.2115,18.0155,29.76424195915492,-1.804,11.0,16.0,22.0,12.0,18.0,24.0,20.53724195915492,29.53724195915492,38.53724195915492,-9.0,-2.0,5.0
2026-03-12,401851393,Cal State Northridge Matadors,UC San Diego Tritons,,,,4.917842176587101,expected,team,10,10,6a8cf7570756,2b49e8d2685d,6,1,10,12,3.609,4.0675,7.6765,-0.4585,1.0,3.0,6.0,2.0,4.0,7.0,4.0,7.5,11.0,-4.0,0.0,3.0,19.8205,22.083,43.16425872863364,-2.2625,14.0,20.0,26.0,16.0,22.0,29.0,33.26075872863364,43.26075872863364,53.26075872863364,-10.0,-2.0,5.0
2026-03-12,401851393,Cal State Northridge Matadors,UC San Diego Tritons,,,,4.917842176587101,expected,team,10,10,6a8cf7570756,2b49e8d2685d,7,1,12,14,3.39,3.7945,7.1845,-0.4045,1.0,3.0,6.0,1.0,4.0,6.0,4.0,7.0,11.0,-4.0,0.0,3.0,23.2105,25.8775,50.55888518340591,-2.667,17.0,23.0,30.0,19.0,26.0,33.0,39.47088518340591,50.47088518340591,61.47088518340591,-11.0,-3.0,5.099999999999909
2026-03-12,401851393,Cal State Northridge Matadors,UC San Diego Tritons,,,,4.917842176587101,expected,team,10,10,6a8cf7570756,2b49e8d2685d,8,1,14,16,3.24625,3.55825,6.8045,-0.312,1.0,3.0,6.0,1.0,3.0,6.0,3.0,7.0,10.0,-4.0,0.0,3.0,26.45675,29.43575,57.57351163817819,-2.979,19.0,26.0,34.0,22.0,29.0,37.0,44.68101163817819,57.68101163817819,69.68101163817819,-11.0,-3.0,5.0
2026-03-12,401851393,Cal State Northridge Matadors,UC San Diego Tritons,,,,4.917842176587101,expected,team,10,10,6a8cf7570756,2b49e8d2685d,9,1,16,18,3.39975,3.70925,7.109,-0.3095,1.0,3.0,6.0,1.0,4.0,6.0,4.0,7.0,11.0,-4.0,0.0,3.0,29.8565,33.145,64.89263809295046,-3.2885,22.0,30.0,38.0,25.0,33.0,42.0,50.89113809295046,64.89113809295046,78.89113809295046,-12.0,-3.0,5.0
2026-03-12,401851393,Cal State Northridge Matadors,UC San Diego Tritons,,,,4.917842176587101,expected,team,10,10,6a8cf7570756,2b49e8d2685d,10,1,18,20,2.8525,3.236,6.0885,-0.3835,1.0,3.0,5.0,1.0,3.0,6.0,3.0,6.0,10.0,-3.0,0.0,3.0,32.709,36.381,69.09,-3.672,25.0,33.0,41.0,28.0,36.0,45.0,55.0,69.0,84.0,-13.0,-4.0,5.0
2026-03-12,401851393,Cal State Northridge Matadors,UC San Diego Tritons,,,,4.917842176587101,expected,team,10,10,6a8cf7570756,2b49e8d2685d,11,2,20,22,3.46175,3.5355,6.99725,-0.07375,1.0,3.0,6.0,1.0,3.0,6.0,4.0,7.0,11.0,-3.0,0.0,3.0,36.17075,39.9165,77.88058813737493,-3.74575,28.0,36.0,45.0,31.0,40.0,49.0,63.79333813737493,77.79333813737493,92.79333813737492,-13.0,-4.0,6.0
2026-03-12,401851393,Cal State Northridge Matadors,UC San Diego Tritons,,,,4.917842176587101,expected,team,10,10,6a8cf7570756,2b49e8d2685d,12,2,22,24,3.6425,3.74925,7.39175,-0.10675,1.0,3.0,6.0,1.0,4.0,6.0,4.0,7.0,11.0,-4.0,0.0,3.0,39.81325,43.66575,84.96441172702713,-3.8525,31.0,40.0,48.0,35.0,44.0,53.0,70.48541172702713,85.48541172702713,99.48541172702711,-14.0,-4.0,6.0
2026-03-12,401851393,Cal State Northridge Matadors,UC San Diego Tritons,,,,4.917842176587101,expected,team,10,10,6a8cf7570756,2b49e8d2685d,13,2,24,26,3.205,3.243,6.448,-0.038,1.0,3.0,6.0,1.0,3.0,6.0,3.0,6.0,10.0,-3.0,0.0,3.0,43.01825,46.90875,91.10448531667932,-3.8905,34.0,43.0,52.0,38.0,47.0,56.0,76.17748531667932,91.17748531667932,106.17748531667932,-15.0,-4.0,6.0
2026-03-12,401851393,Cal State Northridge Matadors,UC San Diego Tritons,,,,4.917842176587101,expected,team,10,10,6a8cf7570756,2b49e8d2685d,14,2,26,28,3.51575,3.64375,7.1595,-0.128,1.0,3.0,6.0,1.0,3.0,6.0,4.0,7.0,11.0,-3.0,0.0,3.0,46.534,50.5525,97.95605890633152,-4.0185,37.0,47.0,55.0,41.0,50.0,60.0,82.86955890633152,97.86955890633152,112.86955890633152,-15.0,-4.0,6.0
2026-03-12,401851393,Cal State Northridge Matadors,UC San Diego Tritons,,,,4.917842176587101,expected,team,10,10,6a8cf7570756,2b49e8d2685d,15,2,28,30,3.6365,3.71725,7.35375,-0.08075,1.0,3.0,6.0,1.0,4.0,6.0,4.0,7.0,11.0,-3.0,0.0,3.0,50.1705,54.26975,99.33097156133248,-4.09925,41.0,50.0,59.0,45.0,54.0,64.0,83.89072156133247,98.89072156133248,113.89072156133248,-15.0,-4.0,7.0
2026-03-12,401851393,Cal State Northridge Matadors,UC San Diego Tritons,,,,4.917842176587101,expected,team,10,10,6a8cf7570756,2b49e8d2685d,16,2,30,32,3.721,3.878,7.599,-0.157,1.0,4.0,6.0,1.0,4.0,7.0,4.0,7.0,11.0,-4.0,0.0,3.0,53.8915,58.14775,112.29295608563592,-4.25625,44.0,54.0,63.0,48.0,58.0,68.0,96.25370608563593,112.25370608563593,127.25370608563593,-16.0,-4.0,7.0
2026-03-12,401851393,Cal State Northridge Matadors,UC San Diego Tritons,,,,4.917842176587101,expected,team,10,10,6a8cf7570756,2b49e8d2685d,17,2,32,34,3.093,3.1795,6.2725,-0.0865,1.0,3.0,5.0,1.0,3.0,6.0,3.0,6.0,10.0,-3.0,0.0,3.0,56.9845,61.32725,118.25752967528813,-4.34275,47.0,57.0,67.0,51.0,61.0,72.0,101.94577967528812,117.94577967528812,133.94577967528812,-16.0,-4.0,7.0
2026-03-12,401851393,Cal State Northridge Matadors,UC San Diego Tritons,,,,4.917842176587101,expected,team,10,10,6a8cf7570756,2b49e8d2685d,18,2,34,36,3.89475,4.096,7.99075,-0.20125,1.0,4.0,7.0,2.0,4.0,7.0,4.0,8.0,12.0,-4.0,0.0,3.0,60.87925,65.42325,125.9403532649403,-4.544,51.0,61.0,71.0,55.0,66.0,76.0,109.6378532649403,125.6378532649403,142.6378532649403,-17.0,-5.0,7.0
2026-03-12,401851393,Cal State Northridge Matadors,UC San Diego Tritons,,,,4.917842176587101,expected,team,10,10,6a8cf7570756,2b49e8d2685d,19,2,36,38,3.52,3.64225,7.16225,-0.12225,1.0,3.0,6.0,1.0,3.0,6.0,4.0,7.0,11.0,-3.0,0.0,3.0,64.39925,69.0655,132.79467685459252,-4.66625,54.0,64.0,75.0,58.0,69.0,80.0,115.3299268545925,132.3299268545925,149.3299268545925,-17.0,-5.0,7.099999999999909
2026-03-12,401851393,Cal State Northridge Matadors,UC San Diego Tritons,,,,4.917842176587101,expected,team,10,10,6a8cf7570756,2b49e8d2685d,20,2,38,40,5.14775,5.3475,10.49525,-0.19975,2.0,5.0,8.0,2.0,5.0,8.0,6.0,10.0,15.0,-4.0,0.0,4.0,69.547,74.413,143.96,-4.866,59.0,69.0,80.0,63.0,74.0,85.0,126.0,144.0,162.0,-17.0,-5.0,8.0
2026-03-12,401851394,Cal State Fullerton Titans,UC Davis Aggies,2026-03-12 23:30,2026-03-13T03:30:00Z,EDT,1.5,spread,team,10,10,d8947ec86707,902a571b086a,1,1,0,2,2.36425,2.349,4.71325,0.01525,1.0,2.0,4.0,1.0,2.0,4.0,2.0,5.0,8.0,-3.0,0.0,3.0,2.36425,2.349,4.923376454772274,0.01525,1.0,2.0,4.0,1.0,2.0,4.0,2.210126454772273,5.210126454772274,8.210126454772274,-3.0,0.0,3.0
2026-03-12,401851394,Cal State Fullerton Titans,UC Davis Aggies,2026-03-12 23:30,2026-03-13T03:30:00Z,EDT,1.5,spread,team,10,10,d8947ec86707,902a571b086a,2,1,2,4,3.60975,3.61,7.21975,-0.00025,1.0,3.0,6.0,1.0,3.0,6.0,4.0,7.0,11.0,-3.0,0.0,3.0,5.974,5.959,12.353252909544548,0.015,3.0,6.0,9.0,3.0,6.0,9.0,7.420252909544547,12.420252909544548,17.420252909544548,-4.0,0.0,4.0
2026-03-12,401851394,Cal State Fullerton Titans,UC Davis Aggies,2026-03-12 23:30,2026-03-13T03:30:00Z,EDT,1.5,spread,team,10,10,d8947ec86707,902a571b086a,3,1,4,6,3.07475,3.0795,6.15425,-0.00475,1.0,3.0,5.0,1.0,3.0,5.0,3.0,6.0,10.0,-3.0,0.0,3.0,9.04875,9.0385,18.71762936431682,0.01025,5.0,9.0,13.0,5.0,9.0,13.0,12.63037936431682,18.63037936431682,24.63037936431682,-5.0,0.0,5.0
2026-03-12,401851394,Cal State Fullerton Titans,UC Davis Aggies,2026-03-12 23:30,2026-03-13T03:30:00Z,EDT,1.5,spread,team,10,10,d8947ec86707,902a571b086a,4,1,6,8,4.17375,4.21125,8.385,-0.0375,2.0,4.0,7.0,2.0,4.0,7.0,5.0,8.0,12.0,-4.0,0.0,4.0,13.2225,13.24975,27.31275581908909,-0.02725,9.0,13.0,18.0,9.0,13.0,18.0,19.840505819089092,26.840505819089092,34.840505819089095,-6.0,0.0,6.0
2026-03-12,401851394,Cal State Fullerton Titans,UC Davis Aggies,2026-03-12 23:30,2026-03-13T03:30:00Z,EDT,1.5,spread,team,10,10,d8947ec86707,902a571b086a,5,1,8,10,3.334,3.302,6.636,0.032,1.0,3.0,6.0,1.0,3.0,6.0,3.0,6.0,10.0,-3.0,0.0,3.0,16.5565,16.55175,28.64549195915492,0.00475,11.0,16.0,22.0,11.0,16.0,22.0,20.53724195915492,28.53724195915492,37.53724195915492,-7.0,0.0,7.0
2026-03-12,401851394,Cal State Fullerton Titans,UC Davis Aggies,2026-03-12 23:30,2026-03-13T03:30:00Z,EDT,1.5,spread,team,10,10,d8947ec86707,902a571b086a,6,1,10,12,3.3935,3.38925,6.78275,0.00425,1.0,3.0,6.0,1.0,3.0,6.0,3.0,7.0,10.0,-3.0,0.0,3.0,19.95,19.941,41.15175872863364,0.009,14.0,20.0,26.0,14.0,20.0,26.0,31.26075872863364,40.26075872863364,51.26075872863364,-7.0,0.0,7.0
2026-03-12,401851394,Cal State Fullerton Titans,UC Davis Aggies,2026-03-12 23:30,2026-03-13T03:30:00Z,EDT,1.5,spread,team,10,10,d8947ec86707,902a571b086a,7,1,12,14,3.57275,3.51425,7.087,0.0585,1.0,3.0,6.0,1.0,3.0,6.0,4.0,7.0,11.0,-3.0,0.0,3.0,23.52275,23.45525,48.44888518340591,0.0675,17.0,23.0,30.0,17.0,23.0,30.0,37.47088518340591,48.47088518340591,59.47088518340591,-8.0,0.0,8.0
2026-03-12,401851394,Cal State Fullerton Titans,UC Davis Aggies,2026-03-12 23:30,2026-03-13T03:30:00Z,EDT,1.5,spread,team,10,10,d8947ec86707,902a571b086a,8,1,14,16,4.27575,4.228,8.50375,0.04775,2.0,4.0,7.0,2.0,4.0,7.0,5.0,8.0,12.0,-3.0,0.0,4.0,27.7985,27.68325,57.16276163817819,0.11525,21.0,28.0,35.0,20.0,28.0,35.0,44.68101163817819,56.68101163817819,69.68101163817819,-8.0,0.0,9.0
2026-03-12,401851394,Cal State Fullerton Titans,UC Davis Aggies,2026-03-12 23:30,2026-03-13T03:30:00Z,EDT,1.5,spread,team,10,10,d8947ec86707,902a571b086a,9,1,16,18,3.4295,3.41625,6.84575,0.01325,1.0,3.0,6.0,1.0,3.0,6.0,3.0,7.0,10.0,-3.0,0.0,3.0,31.228,31.0995,64.21863809295046,0.1285,23.0,31.0,39.0,23.0,31.0,39.0,50.89113809295046,63.89113809295046,77.89113809295046,-9.0,0.0,9.0
2026-03-12,401851394,Cal State Fullerton Titans,UC Davis Aggies,2026-03-12 23:30,2026-03-13T03:30:00Z,EDT,1.5,spread,team,10,10,d8947ec86707,902a571b086a,10,1,18,20,3.63625,3.639,7.27525,-0.00275,1.0,3.0,6.0,1.0,3.0,6.0,4.0,7.0,11.0,-3.0,0.0,3.0,34.86425,34.7385,69.60275,0.12575,26.0,35.0,44.0,26.0,35.0,43.0,55.0,69.0,84.0,-9.0,0.0,9.0
2026-03-12,401851394,Cal State Fullerton Titans,UC Davis Aggies,2026-03-12 23:30,2026-03-13T03:30:00Z,EDT,1.5,spread,team,10,10,d8947ec86707,902a571b086a,11,2,20,22,2.8095,2.5495,5.359,0.26,1.0,3.0,5.0,1.0,2.0,5.0,2.0,5.0,9.0,-3.0,0.0,3.0,37.67375,37.288,76.75508813737493,0.38575,29.0,38.0,46.0,29.0,37.0,46.0,62.79333813737493,76.79333813737493,91.79333813737492,-9.0,0.0,10.0
2026-03-12,401851394,Cal State Fullerton Titans,UC Davis Aggies,2026-03-12 23:30,2026-03-13T03:30:00Z,EDT,1.5,spread,team,10,10,d8947ec86707,902a571b086a,12,2,22,24,4.02075,3.7125,7.73325,0.30825,2.0,4.0,7.0,1.0,4.0,6.0,4.0,8.0,12.0,-3.0,0.0,4.0,41.6945,41.0005,84.18041172702712,0.694,33.0,41.0,51.0,32.0,41.0,50.0,69.48541172702713,84.48541172702713,99.48541172702711,-9.0,1.0,11.0
2026-03-12,401851394,Cal State Fullerton Titans,UC Davis Aggies,2026-03-12 23:30,2026-03-13T03:30:00Z,EDT,1.5,spread,team,10,10,d8947ec86707,902a571b086a,13,2,24,26,2.9335,2.5995,5.533,0.334,1.0,3.0,5.0,1.0,2.0,5.0,3.0,5.0,9.0,-3.0,0.0,3.0,44.628,43.6,89.40548531667932,1.028,36.0,44.0,54.0,35.0,43.5,53.0,75.17748531667932,89.17748531667932,104.17748531667932,-9.0,1.0,12.0
2026-03-12,401851394,Cal State Fullerton Titans,UC Davis Aggies,2026-03-12 23:30,2026-03-13T03:30:00Z,EDT,1.5,spread,team,10,10,d8947ec86707,902a571b086a,14,2,26,28,4.074,3.7425,7.8165,0.3315,2.0,4.0,7.0,1.0,4.0,6.0,4.0,8.0,12.0,-3.0,0.0,4.0,48.702,47.3425,96.91405890633152,1.3595,40.0,49.0,58.0,38.0,47.0,56.0,81.86955890633152,96.86955890633152,111.86955890633152,-10.0,1.0,12.0
2026-03-12,401851394,Cal State Fullerton Titans,UC Davis Aggies,2026-03-12 23:30,2026-03-13T03:30:00Z,EDT,1.5,spread,team,10,10,d8947ec86707,902a571b086a,15,2,28,30,3.281,2.978,6.259,0.303,1.0,3.0,6.0,1.0,3.0,5.0,3.0,6.0,10.0,-3.0,0.0,3.0,51.983,50.3205,97.19422156133248,1.6625,43.0,52.0,61.0,41.0,50.0,60.0,82.89072156133247,96.89072156133248,111.89072156133248,-10.0,2.0,13.0
2026-03-12,401851394,Cal State Fullerton Titans,UC Davis Aggies,2026-03-12 23:30,2026-03-13T03:30:00Z,EDT,1.5,spread,team,10,10,d8947ec86707,902a571b086a,16,2,30,32,3.587,3.23725,6.82425,0.34975,1.0,3.0,6.0,1.0,3.0,6.0,3.0,7.0,10.0,-3.0,0.0,4.0,55.57,53.55775,109.38145608563592,2.01225,46.0,55.0,65.0,44.0,54.0,63.0,95.15370608563596,109.25370608563593,124.25370608563593,-9.0,2.0,14.0
2026-03-12,401851394,Cal State Fullerton Titans,UC Davis Aggies,2026-03-12 23:30,2026-03-13T03:30:00Z,EDT,1.5,spread,team,10,10,d8947ec86707,902a571b086a,17,2,32,34,4.323,3.9515,8.2745,0.3715,2.0,4.0,7.0,1.0,4.0,7.0,4.0,8.0,12.0,-3.0,0.0,4.0,59.893,57.50925,117.3480296752881,2.38375,50.0,60.0,70.0,48.0,57.0,67.0,101.94577967528812,116.94577967528812,132.94577967528812,-10.0,2.0,14.0
2026-03-12,401851394,Cal State Fullerton Titans,UC Davis Aggies,2026-03-12 23:30,2026-03-13T03:30:00Z,EDT,1.5,spread,team,10,10,d8947ec86707,902a571b086a,18,2,34,36,3.88975,3.5705,7.46025,0.31925,1.0,4.0,7.0,1.0,3.0,6.0,4.0,7.0,11.0,-3.0,0.0,4.0,63.78275,61.07975,124.5003532649403,2.703,54.0,64.0,74.0,51.0,61.0,71.0,108.6378532649403,124.6378532649403,140.6378532649403,-10.0,3.0,15.0
2026-03-12,401851394,Cal State Fullerton Titans,UC Davis Aggies,2026-03-12 23:30,2026-03-13T03:30:00Z,EDT,1.5,spread,team,10,10,d8947ec86707,902a571b086a,19,2,36,38,3.43425,3.2185,6.65275,0.21575,1.0,3.0,6.0,1.0,3.0,6.0,3.0,7.0,10.0,-3.0,0.0,3.0,67.217,64.29825,130.84517685459252,2.91875,57.0,67.0,78.0,54.0,64.0,74.0,114.3299268545925,130.3299268545925,147.3299268545925,-10.0,3.0,15.0
2026-03-12,401851394,Cal State Fullerton Titans,UC Davis Aggies,2026-03-12 23:30,2026-03-13T03:30:00Z,EDT,1.5,spread,team,10,10,d8947ec86707,902a571b086a,20,2,38,40,7.1115,6.4195,13.531,0.692,4.0,7.0,11.0,3.0,6.0,10.0,9.0,13.0,19.0,-4.0,1.0,5.0,74.3285,70.71775,145.04625,3.61075,64.0,74.0,85.0,60.0,71.0,81.0,128.0,145.0,162.0,-9.0,4.0,16.0
2026-03-12,401851410,Louisiana Tech Bulldogs,Middle Tennessee Blue Raiders,2026-03-12 18:30,2026-03-12T22:30:00Z,EDT,2.0,spread,team,10,10,62e9ce821e8a,1a86f27b5b96,1,1,0,2,3.07725,3.19425,6.2715,-0.117,1.0,3.0,5.0,1.0,3.0,6.0,3.0,6.0,10.0,-3.0,0.0,3.0,3.07725,3.19425,6.4816264547722735,-0.117,1.0,3.0,5.0,1.0,3.0,6.0,3.210126454772273,6.210126454772274,10.210126454772274,-3.0,0.0,3.0
2026-03-12,401851410,Louisiana Tech Bulldogs,Middle Tennessee Blue Raiders,2026-03-12 18:30,2026-03-12T22:30:00Z,EDT,2.0,spread,team,10,10,62e9ce821e8a,1a86f27b5b96,2,1,2,4,2.86575,2.8775,5.74325,-0.01175,1.0,3.0,5.0,1.0,3.0,5.0,3.0,6.0,9.0,-3.0,0.0,3.0,5.943,6.07175,12.435002909544547,-0.12875,3.0,6.0,9.0,3.0,6.0,9.0,7.420252909544547,12.420252909544548,17.420252909544548,-4.0,0.0,4.0
2026-03-12,401851410,Louisiana Tech Bulldogs,Middle Tennessee Blue Raiders,2026-03-12 18:30,2026-03-12T22:30:00Z,EDT,2.0,spread,team,10,10,62e9ce821e8a,1a86f27b5b96,3,1,4,6,3.44175,3.57925,7.021,-0.1375,1.0,3.0,6.0,1.0,3.0,6.0,4.0,7.0,11.0,-3.0,0.0,3.0,9.38475,9.651,19.66612936431682,-0.26625,5.0,9.0,13.0,6.0,9.0,14.0,13.63037936431682,19.63037936431682,25.63037936431682,-6.0,0.0,5.0
2026-03-12,401851410,Louisiana Tech Bulldogs,Middle Tennessee Blue Raiders,2026-03-12 18:30,2026-03-12T22:30:00Z,EDT,2.0,spread,team,10,10,62e9ce821e8a,1a86f27b5b96,4,1,6,8,3.19975,3.24175,6.4415,-0.042,1.0,3.0,6.0,1.0,3.0,6.0,3.0,6.0,10.0,-3.0,0.0,3.0,12.5845,12.89275,26.317755819089097,-0.30825,8.0,12.0,17.0,8.0,13.0,18.0,19.840505819089092,25.840505819089092,33.840505819089095,-7.0,0.0,6.0
2026-03-12,401851410,Louisiana Tech Bulldogs,Middle Tennessee Blue Raiders,2026-03-12 18:30,2026-03-12T22:30:00Z,EDT,2.0,spread,team,10,10,62e9ce821e8a,1a86f27b5b96,5,1,8,10,3.79675,3.83875,7.6355,-0.042,1.0,4.0,6.0,1.0,4.0,6.0,4.0,7.0,11.0,-3.0,0.0,3.0,16.38125,16.7315,28.64999195915492,-0.35025,11.0,16.0,22.0,12.0,17.0,22.0,20.53724195915492,28.53724195915492,36.63724195915483,-7.0,0.0,7.0
2026-03-12,401851410,Louisiana Tech Bulldogs,Middle Tennessee Blue Raiders,2026-03-12 18:30,2026-03-12T22:30:00Z,EDT,2.0,spread,team,10,10,62e9ce821e8a,1a86f27b5b96,6,1,10,12,4.00375,4.1355,8.13925,-0.13175,2.0,4.0,7.0,2.0,4.0,7.0,4.0,8.0,12.0,-4.0,0.0,3.0,20.385,20.867,42.51275872863364,-0.482,15.0,20.0,27.0,15.0,21.0,27.0,33.26075872863364,42.26075872863364,52.26075872863364,-8.0,0.0,7.0
2026-03-12,401851410,Louisiana Tech Bulldogs,Middle Tennessee Blue Raiders,2026-03-12 18:30,2026-03-12T22:30:00Z,EDT,2.0,spread,team,10,10,62e9ce821e8a,1a86f27b5b96,7,1,12,14,3.70925,3.825,7.53425,-0.11575,1.0,4.0,6.0,1.0,4.0,6.0,4.0,7.0,11.0,-4.0,0.0,3.0,24.09425,24.692,50.25713518340592,-0.59775,18.0,24.0,31.0,18.0,25.0,31.0,40.47088518340591,49.47088518340591,60.47088518340591,-8.0,-1.0,7.0
2026-03-12,401851410,Louisiana Tech Bulldogs,Middle Tennessee Blue Raiders,2026-03-12 18:30,2026-03-12T22:30:00Z,EDT,2.0,spread,team,10,10,62e9ce821e8a,1a86f27b5b96,8,1,14,16,3.7595,3.86075,7.62025,-0.10125,1.0,4.0,6.0,1.0,4.0,6.0,4.0,7.0,11.0,-4.0,0.0,3.0,27.85375,28.55275,58.08751163817819,-0.699,21.0,28.0,35.0,22.0,28.0,36.0,46.68101163817819,57.68101163817819,69.68101163817819,-9.0,-1.0,8.0
2026-03-12,401851410,Louisiana Tech Bulldogs,Middle Tennessee Blue Raiders,2026-03-12 18:30,2026-03-12T22:30:00Z,EDT,2.0,spread,team,10,10,62e9ce821e8a,1a86f27b5b96,9,1,16,18,3.46025,3.49525,6.9555,-0.035,1.0,3.0,6.0,1.0,3.0,6.0,4.0,7.0,11.0,-3.0,0.0,3.0,31.314,32.048,65.25313809295046,-0.734,24.0,31.0,39.0,25.0,32.0,40.0,52.89113809295046,64.89113809295046,77.89113809295046,-9.0,-1.0,8.0
2026-03-12,401851410,Louisiana Tech Bulldogs,Middle Tennessee Blue Raiders,2026-03-12 18:30,2026-03-12T22:30:00Z,EDT,2.0,spread,team,10,10,62e9ce821e8a,1a86f27b5b96,10,1,18,20,3.442,3.638,7.08,-0.196,1.0,3.0,6.0,1.0,3.0,6.0,4.0,7.0,11.0,-4.0,0.0,3.0,34.756,35.686,70.442,-0.93,27.0,35.0,43.0,28.0,36.0,44.0,57.900000000000034,70.0,84.0,-10.0,-1.0,8.0
2026-03-12,401851410,Louisiana Tech Bulldogs,Middle Tennessee Blue Raiders,2026-03-12 18:30,2026-03-12T22:30:00Z,EDT,2.0,spread,team,10,10,62e9ce821e8a,1a86f27b5b96,11,2,20,22,3.037,2.96475,6.00175,0.07225,1.0,3.0,5.0,1.0,3.0,5.0,3.0,6.0,9.0,-3.0,0.0,3.0,37.793,38.65075,78.23708813737493,-0.85775,30.0,38.0,46.0,30.0,39.0,47.0,64.79333813737493,77.79333813737493,91.79333813737492,-10.0,-1.0,9.0
2026-03-12,401851410,Louisiana Tech Bulldogs,Middle Tennessee Blue Raiders,2026-03-12 18:30,2026-03-12T22:30:00Z,EDT,2.0,spread,team,10,10,62e9ce821e8a,1a86f27b5b96,12,2,22,24,4.43725,4.268,8.70525,0.16925,2.0,4.0,7.0,2.0,4.0,7.0,5.0,9.0,13.0,-3.0,0.0,4.0,42.23025,42.91875,86.63441172702713,-0.6885,34.0,42.0,51.0,34.0,43.0,52.0,73.48541172702713,86.48541172702713,100.48541172702711,-11.0,-1.0,9.0
2026-03-12,401851410,Louisiana Tech Bulldogs,Middle Tennessee Blue Raiders,2026-03-12 18:30,2026-03-12T22:30:00Z,EDT,2.0,spread,team,10,10,62e9ce821e8a,1a86f27b5b96,13,2,24,26,3.57275,3.4185,6.99125,0.15425,1.0,3.0,6.0,1.0,3.0,6.0,4.0,7.0,11.0,-3.0,0.0,3.099999999999909,45.803,46.33725,93.31773531667932,-0.53425,37.0,46.0,55.0,38.0,46.0,55.0,79.17748531667932,93.17748531667932,107.17748531667932,-11.0,-1.0,10.0
2026-03-12,401851410,Louisiana Tech Bulldogs,Middle Tennessee Blue Raiders,2026-03-12 18:30,2026-03-12T22:30:00Z,EDT,2.0,spread,team,10,10,62e9ce821e8a,1a86f27b5b96,14,2,26,28,4.1705,3.997,8.1675,0.1735,2.0,4.0,7.0,2.0,4.0,7.0,5.0,8.0,12.0,-3.0,0.0,4.0,49.9735,50.33425,101.17730890633152,-0.36075,41.0,50.0,59.0,41.0,50.0,59.0,86.86955890633152,100.86955890633152,115.86955890633152,-11.0,0.0,11.0
2026-03-12,401851410,Louisiana Tech Bulldogs,Middle Tennessee Blue Raiders,2026-03-12 18:30,2026-03-12T22:30:00Z,EDT,2.0,spread,team,10,10,62e9ce821e8a,1a86f27b5b96,15,2,28,30,3.61625,3.449,7.06525,0.16725,1.0,3.0,6.0,1.0,3.0,6.0,4.0,7.0,11.0,-3.0,0.0,3.0,53.58975,53.78325,102.26372156133247,-0.1935,44.0,53.0,63.0,44.0,54.0,63.0,87.89072156133247,101.89072156133248,117.89072156133248,-12.0,0.0,11.0
2026-03-12,401851410,Louisiana Tech Bulldogs,Middle Tennessee Blue Raiders,2026-03-12 18:30,2026-03-12T22:30:00Z,EDT,2.0,spread,team,10,10,62e9ce821e8a,1a86f27b5b96,16,2,30,32,3.40525,3.28775,6.693,0.1175,1.0,3.0,6.0,1.0,3.0,6.0,3.0,6.0,10.0,-3.0,0.0,3.0,56.995,57.071,114.31970608563591,-0.076,48.0,57.0,67.0,48.0,57.0,66.0,99.25370608563593,114.25370608563593,130.2537060856359,-12.0,0.0,12.0
2026-03-12,401851410,Louisiana Tech Bulldogs,Middle Tennessee Blue Raiders,2026-03-12 18:30,2026-03-12T22:30:00Z,EDT,2.0,spread,team,10,10,62e9ce821e8a,1a86f27b5b96,17,2,32,34,3.46475,3.40675,6.8715,0.058,1.0,3.0,6.0,1.0,3.0,6.0,4.0,7.0,10.0,-3.0,0.0,3.0,60.45975,60.47775,120.88327967528812,-0.018,51.0,60.0,70.0,51.0,60.0,70.0,104.94577967528812,120.94577967528812,136.94577967528812,-12.0,0.0,12.0
2026-03-12,401851410,Louisiana Tech Bulldogs,Middle Tennessee Blue Raiders,2026-03-12 18:30,2026-03-12T22:30:00Z,EDT,2.0,spread,team,10,10,62e9ce821e8a,1a86f27b5b96,18,2,34,36,3.996,3.87025,7.86625,0.12575,2.0,4.0,7.0,2.0,4.0,7.0,4.0,8.0,12.0,-3.0,0.0,4.0,64.45575,64.348,128.4416032649403,0.10775,54.0,64.0,75.0,54.0,64.0,74.0,112.6378532649403,128.6378532649403,144.6378532649403,-12.0,0.0,12.0
2026-03-12,401851410,Louisiana Tech Bulldogs,Middle Tennessee Blue Raiders,2026-03-12 18:30,2026-03-12T22:30:00Z,EDT,2.0,spread,team,10,10,62e9ce821e8a,1a86f27b5b96,19,2,36,38,4.1955,4.07475,8.27025,0.12075,2.0,4.0,7.0,2.0,4.0,7.0,5.0,8.0,12.0,-3.0,0.0,4.0,68.65125,68.42275,136.4039268545925,0.2285,58.0,69.0,79.0,58.0,68.0,79.0,119.3299268545925,136.3299268545925,153.3299268545925,-12.0,0.0,13.0
2026-03-12,401851410,Louisiana Tech Bulldogs,Middle Tennessee Blue Raiders,2026-03-12 18:30,2026-03-12T22:30:00Z,EDT,2.0,spread,team,10,10,62e9ce821e8a,1a86f27b5b96,20,2,38,40,5.366,5.18575,10.55175,0.18025,3.0,5.0,8.0,2.0,5.0,8.0,7.0,10.0,15.0,-4.0,0.0,4.0,74.01725,73.6085,147.62575,0.40875,63.0,74.0,85.0,63.0,73.0,84.0,130.0,148.0,166.0,-12.0,0.0,13.0
2026-03-12,401851411,Western Kentucky Hilltoppers,Kennesaw State Owls,2026-03-12 21:00,2026-03-13T01:00:00Z,EDT,1.0,spread,team,10,10,7971fc4ff9de,1c42a6009695,1,1,0,2,3.09825,2.5645,5.66275,0.53375,1.0,3.0,5.0,1.0,2.0,5.0,3.0,5.0,9.0,-2.0,1.0,3.0,3.09825,2.5645,5.872876454772274,0.53375,1.0,3.0,5.0,1.0,2.0,5.0,3.210126454772273,5.210126454772274,9.210126454772274,-2.0,1.0,3.0
2026-03-12,401851411,Western Kentucky Hilltoppers,Kennesaw State Owls,2026-03-12 21:00,2026-03-13T01:00:00Z,EDT,1.0,spread,team,10,10,7971fc4ff9de,1c42a6009695,2,1,2,4,3.5045,2.8735,6.378,0.631,1.0,3.0,6.0,1.0,3.0,5.0,3.0,6.0,10.0,-2.0,1.0,4.0,6.60275,5.438,12.461002909544549,1.16475,4.0,6.0,10.0,3.0,5.0,9.0,7.420252909544547,12.420252909544548,17.420252909544548,-3.0,1.0,5.0
2026-03-12,401851411,Western Kentucky Hilltoppers,Kennesaw State Owls,2026-03-12 21:00,2026-03-13T01:00:00Z,EDT,1.0,spread,team,10,10,7971fc4ff9de,1c42a6009695,3,1,4,6,4.02325,3.31575,7.339,0.7075,2.0,4.0,7.0,1.0,3.0,6.0,4.0,7.0,11.0,-3.0,1.0,4.0,10.626,8.75375,20.01012936431682,1.87225,7.0,11.0,15.0,5.0,9.0,13.0,13.63037936431682,19.63037936431682,26.63037936431682,-3.099999999999966,2.0,7.0
2026-03-12,401851411,Western Kentucky Hilltoppers,Kennesaw State Owls,2026-03-12 21:00,2026-03-13T01:00:00Z,EDT,1.0,spread,team,10,10,7971fc4ff9de,1c42a6009695,4,1,6,8,3.8845,3.197,7.0815,0.6875,1.0,4.0,7.0,1.0,3.0,5.0,4.0,7.0,11.0,-3.0,1.0,4.0,14.5105,11.95075,27.30175581908909,2.55975,10.0,14.0,19.0,8.0,12.0,17.0,19.840505819089092,26.840505819089092,34.840505819089095,-3.0,3.0,8.0
2026-03-12,401851411,Western Kentucky Hilltoppers,Kennesaw State Owls,2026-03-12 21:00,2026-03-13T01:00:00Z,EDT,1.0,spread,team,10,10,7971fc4ff9de,1c42a6009695,5,1,8,10,3.5055,2.868,6.3735,0.6375,1.0,3.0,6.0,1.0,3.0,5.0,3.0,6.0,10.0,-2.0,1.0,4.0,18.016,14.81875,28.37199195915492,3.19725,13.0,18.0,24.0,10.0,15.0,20.0,20.53724195915492,28.53724195915492,36.53724195915492,-3.0,3.0,10.0
2026-03-12,401851411,Western Kentucky Hilltoppers,Kennesaw State Owls,2026-03-12 21:00,2026-03-13T01:00:00Z,EDT,1.0,spread,team,10,10,7971fc4ff9de,1c42a6009695,6,1,10,12,3.83975,3.17,7.00975,0.66975,1.0,4.0,7.0,1.0,3.0,6.0,4.0,7.0,11.0,-3.0,1.0,4.0,21.85575,17.98875,41.10525872863364,3.867,16.0,22.0,28.0,13.0,18.0,24.0,32.26075872863364,41.26075872863364,50.26075872863364,-3.0,4.0,11.0
2026-03-12,401851411,Western Kentucky Hilltoppers,Kennesaw State Owls,2026-03-12 21:00,2026-03-13T01:00:00Z,EDT,1.0,spread,team,10,10,7971fc4ff9de,1c42a6009695,7,1,12,14,3.8445,3.20725,7.05175,0.63725,1.0,4.0,6.0,1.0,3.0,6.0,4.0,7.0,11.0,-3.0,1.0,4.0,25.70025,21.196,48.36713518340592,4.50425,19.0,25.0,33.0,15.0,21.0,27.0,38.47088518340591,48.47088518340591,59.47088518340591,-3.0,5.0,12.0
2026-03-12,401851411,Western Kentucky Hilltoppers,Kennesaw State Owls,2026-03-12 21:00,2026-03-13T01:00:00Z,EDT,1.0,spread,team,10,10,7971fc4ff9de,1c42a6009695,8,1,14,16,4.10225,3.41975,7.522,0.6825,2.0,4.0,7.0,1.0,3.0,6.0,4.0,7.0,11.0,-3.0,1.0,4.0,29.8025,24.61575,56.09926163817819,5.18675,23.0,30.0,37.0,18.0,24.0,31.0,44.68101163817819,55.68101163817819,67.68101163817819,-3.0,5.0,13.0
2026-03-12,401851411,Western Kentucky Hilltoppers,Kennesaw State Owls,2026-03-12 21:00,2026-03-13T01:00:00Z,EDT,1.0,spread,team,10,10,7971fc4ff9de,1c42a6009695,9,1,16,18,4.3615,3.60475,7.96625,0.75675,2.0,4.0,7.0,1.0,3.0,6.0,4.0,8.0,12.0,-3.0,1.0,4.0,34.164,28.2205,64.27563809295046,5.9435,26.0,34.0,42.0,21.0,28.0,35.0,51.89113809295046,63.89113809295046,76.89113809295046,-2.0,6.0,14.0
2026-03-12,401851411,Western Kentucky Hilltoppers,Kennesaw State Owls,2026-03-12 21:00,2026-03-13T01:00:00Z,EDT,1.0,spread,team,10,10,7971fc4ff9de,1c42a6009695,10,1,18,20,4.102,3.37375,7.47575,0.72825,2.0,4.0,7.0,1.0,3.0,6.0,4.0,7.0,11.0,-3.0,1.0,4.0,38.266,31.59425,69.86025,6.67175,30.0,38.0,47.0,24.0,31.0,39.0,56.0,70.0,84.0,-2.0,7.0,15.0
2026-03-12,401851411,Western Kentucky Hilltoppers,Kennesaw State Owls,2026-03-12 21:00,2026-03-13T01:00:00Z,EDT,1.0,spread,team,10,10,7971fc4ff9de,1c42a6009695,11,2,20,22,3.5835,2.69125,6.27475,0.89225,1.0,3.0,6.0,1.0,3.0,5.0,3.0,6.0,10.0,-2.0,1.0,4.0,41.8495,34.2855,77.92833813737494,7.564,33.0,42.0,51.0,27.0,34.0,42.0,64.79333813737493,77.79333813737493,91.79333813737492,-2.0,8.0,17.0
2026-03-12,401851411,Western Kentucky Hilltoppers,Kennesaw State Owls,2026-03-12 21:00,2026-03-13T01:00:00Z,EDT,1.0,spread,team,10,10,7971fc4ff9de,1c42a6009695,12,2,22,24,4.29875,3.1645,7.46325,1.13425,2.0,4.0,7.0,1.0,3.0,6.0,4.0,7.0,11.0,-2.0,1.0,5.0,46.14825,37.45,85.08366172702712,8.69825,37.0,46.0,55.0,30.0,37.0,46.0,71.48541172702713,84.48541172702713,99.48541172702711,-2.0,9.0,19.0
2026-03-12,401851411,Western Kentucky Hilltoppers,Kennesaw State Owls,2026-03-12 21:00,2026-03-13T01:00:00Z,EDT,1.0,spread,team,10,10,7971fc4ff9de,1c42a6009695,13,2,24,26,3.6885,2.7585,6.447,0.93,1.0,4.0,6.0,1.0,3.0,5.0,3.0,6.0,10.0,-2.0,1.0,4.0,49.83675,40.2085,91.22273531667932,9.62825,41.0,50.0,59.0,32.0,40.0,48.0,77.17748531667932,91.17748531667932,105.17748531667932,-1.0,10.0,20.0
2026-03-12,401851411,Western Kentucky Hilltoppers,Kennesaw State Owls,2026-03-12 21:00,2026-03-13T01:00:00Z,EDT,1.0,spread,team,10,10,7971fc4ff9de,1c42a6009695,14,2,26,28,3.8515,2.88225,6.73375,0.96925,1.0,4.0,6.0,1.0,3.0,5.0,3.900000000000034,7.0,10.0,-2.0,1.0,4.0,53.68825,43.09075,97.64855890633152,10.5975,44.0,54.0,63.0,35.0,43.0,52.0,83.86955890633152,96.86955890633152,112.86955890633152,0.0,11.0,21.0
2026-03-12,401851411,Western Kentucky Hilltoppers,Kennesaw State Owls,2026-03-12 21:00,2026-03-13T01:00:00Z,EDT,1.0,spread,team,10,10,7971fc4ff9de,1c42a6009695,15,2,28,30,3.57525,2.64875,6.224,0.9265,1.0,3.0,6.0,1.0,2.0,5.0,3.0,6.0,10.0,-2.0,1.0,4.0,57.2635,45.7395,97.89372156133248,11.524,48.0,57.0,67.0,37.0,46.0,55.0,83.89072156133247,97.89072156133248,112.89072156133248,0.0,12.0,22.0
2026-03-12,401851411,Western Kentucky Hilltoppers,Kennesaw State Owls,2026-03-12 21:00,2026-03-13T01:00:00Z,EDT,1.0,spread,team,10,10,7971fc4ff9de,1c42a6009695,16,2,30,32,3.676,2.702,6.378,0.974,1.0,3.0,6.0,1.0,3.0,5.0,3.0,6.0,10.0,-2.0,1.0,4.0,60.9395,48.4415,109.63470608563593,12.498,51.0,61.0,71.0,40.0,48.0,58.0,95.25370608563593,109.25370608563593,124.25370608563593,1.0,12.0,24.0
2026-03-12,401851411,Western Kentucky Hilltoppers,Kennesaw State Owls,2026-03-12 21:00,2026-03-13T01:00:00Z,EDT,1.0,spread,team,10,10,7971fc4ff9de,1c42a6009695,17,2,32,34,3.8425,2.825,6.6675,1.0175,1.0,4.0,6.099999999999909,1.0,3.0,5.0,3.0,7.0,10.0,-2.0,1.0,4.0,64.782,51.2665,115.99427967528813,13.5155,55.0,65.0,75.0,42.0,51.0,61.0,100.94577967528812,115.94577967528812,131.94577967528812,2.0,14.0,25.0
2026-03-12,401851411,Western Kentucky Hilltoppers,Kennesaw State Owls,2026-03-12 21:00,2026-03-13T01:00:00Z,EDT,1.0,spread,team,10,10,7971fc4ff9de,1c42a6009695,18,2,34,36,3.719,2.70625,6.42525,1.01275,1.0,4.0,6.0,1.0,2.0,5.0,3.0,6.0,10.0,-2.0,1.0,4.0,68.501,53.97275,122.1116032649403,14.52825,58.0,68.0,79.0,45.0,54.0,63.0,106.6378532649403,121.6378532649403,138.6378532649403,3.0,14.0,26.0
2026-03-12,401851411,Western Kentucky Hilltoppers,Kennesaw State Owls,2026-03-12 21:00,2026-03-13T01:00:00Z,EDT,1.0,spread,team,10,10,7971fc4ff9de,1c42a6009695,19,2,36,38,3.94475,2.97875,6.9235,0.966,1.0,4.0,7.0,1.0,3.0,5.0,4.0,7.0,11.0,-2.0,1.0,4.0,72.44575,56.9515,128.72717685459253,15.49425,62.0,72.0,83.0,48.0,57.0,66.0,112.3299268545925,128.3299268545925,145.3299268545925,4.0,16.0,27.0
2026-03-12,401851411,Western Kentucky Hilltoppers,Kennesaw State Owls,2026-03-12 21:00,2026-03-13T01:00:00Z,EDT,1.0,spread,team,10,10,7971fc4ff9de,1c42a6009695,20,2,38,40,6.34525,4.80075,11.146,1.5445,3.0,6.0,10.0,2.0,5.0,8.0,7.0,11.0,16.0,-3.0,2.0,6.0,78.791,61.75225,140.54325,17.03875,67.90000000000003,79.0,90.0,52.0,62.0,72.0,123.0,140.0,158.0,5.0,17.0,30.0
2026-03-12,401851473,Norfolk State Spartans,South Carolina State Bulldogs,2026-03-12 18:00,2026-03-12T22:00:00Z,EDT,8.5,spread,team,10,10,e71d8f615a21,0b68071d0b61,1,1,0,2,3.294,2.732,6.026,0.562,1.0,3.0,6.0,1.0,3.0,5.0,3.0,6.0,9.0,-2.0,1.0,4.0,3.294,2.732,6.236126454772274,0.562,1.0,3.0,6.0,1.0,3.0,5.0,3.210126454772273,6.210126454772274,9.210126454772274,-2.0,1.0,4.0
2026-03-12,401851473,Norfolk State Spartans,South Carolina State Bulldogs,2026-03-12 18:00,2026-03-12T22:00:00Z,EDT,8.5,spread,team,10,10,e71d8f615a21,0b68071d0b61,2,1,2,4,3.9435,3.2835,7.227,0.66,1.0,4.0,7.0,1.0,3.0,6.0,4.0,7.0,11.0,-3.0,1.0,4.0,7.2375,6.0155,13.673252909544548,1.222,4.0,7.0,11.0,3.0,6.0,9.0,8.420252909544548,13.420252909544548,18.420252909544548,-3.0,1.0,6.0
2026-03-12,401851473,Norfolk State Spartans,South Carolina State Bulldogs,2026-03-12 18:00,2026-03-12T22:00:00Z,EDT,8.5,spread,team,10,10,e71d8f615a21,0b68071d0b61,3,1,4,6,3.75975,3.1715,6.93125,0.58825,1.0,4.0,6.0,1.0,3.0,5.0,4.0,7.0,10.0,-3.0,0.0,4.0,10.99725,9.187,20.81462936431682,1.81025,7.0,11.0,16.0,5.0,9.0,13.0,14.63037936431682,20.63037936431682,27.63037936431682,-4.0,2.0,7.0
2026-03-12,401851473,Norfolk State Spartans,South Carolina State Bulldogs,2026-03-12 18:00,2026-03-12T22:00:00Z,EDT,8.5,spread,team,10,10,e71d8f615a21,0b68071d0b61,4,1,6,8,3.74575,3.06325,6.809,0.6825,1.0,4.0,6.0,1.0,3.0,5.0,4.0,7.0,10.0,-3.0,1.0,4.0,14.743,12.25025,27.83375581908909,2.49275,10.0,15.0,20.0,8.0,12.0,17.0,20.840505819089092,27.840505819089092,35.840505819089095,-4.0,2.0,9.0
2026-03-12,401851473,Norfolk State Spartans,South Carolina State Bulldogs,2026-03-12 18:00,2026-03-12T22:00:00Z,EDT,8.5,spread,team,10,10,e71d8f615a21,0b68071d0b61,5,1,8,10,3.704,3.0105,6.7145,0.6935,1.0,4.0,6.0,1.0,3.0,5.0,3.0,7.0,10.0,-2.0,1.0,4.0,18.447,15.26075,29.24499195915492,3.18625,13.0,18.0,24.0,10.0,15.0,21.0,21.050632273861368,28.53724195915492,38.53724195915492,-4.0,3.0,10.0
2026-03-12,401851473,Norfolk State Spartans,South Carolina State Bulldogs,2026-03-12 18:00,2026-03-12T22:00:00Z,EDT,8.5,spread,team,10,10,e71d8f615a21,0b68071d0b61,6,1,10,12,3.891,3.18275,7.07375,0.70825,1.0,4.0,7.0,1.0,3.0,6.0,4.0,7.0,11.0,-3.0,1.0,4.0,22.338,18.4435,42.04225872863364,3.8945,16.0,22.0,29.0,13.0,18.0,24.0,32.26075872863364,42.26075872863364,52.26075872863364,-3.0,4.0,11.0
2026-03-12,401851473,Norfolk State Spartans,South Carolina State Bulldogs,2026-03-12 18:00,2026-03-12T22:00:00Z,EDT,8.5,spread,team,10,10,e71d8f615a21,0b68071d0b61,7,1,12,14,3.80475,3.142,6.94675,0.66275,1.0,4.0,6.0,1.0,3.0,6.0,4.0,7.0,11.0,-3.0,1.0,4.0,26.14275,21.5855,49.19913518340592,4.55725,19.0,26.0,33.0,15.0,21.0,28.0,38.47088518340591,48.47088518340591,60.47088518340591,-3.0,4.0,13.0
2026-03-12,401851473,Norfolk State Spartans,South Carolina State Bulldogs,2026-03-12 18:00,2026-03-12T22:00:00Z,EDT,8.5,spread,team,10,10,e71d8f615a21,0b68071d0b61,8,1,14,16,3.9145,3.17275,7.08725,0.74175,1.0,4.0,7.0,1.0,3.0,6.0,4.0,7.0,11.0,-2.0,1.0,4.0,30.05725,24.75825,56.49651163817819,5.299,23.0,30.0,38.0,18.0,25.0,32.0,44.68101163817819,56.68101163817819,68.68101163817819,-3.0,5.0,14.0
2026-03-12,401851473,Norfolk State Spartans,South Carolina State Bulldogs,2026-03-12 18:00,2026-03-12T22:00:00Z,EDT,8.5,spread,team,10,10,e71d8f615a21,0b68071d0b61,9,1,16,18,3.8415,3.2305,7.072,0.611,1.0,4.0,6.0,1.0,3.0,6.0,4.0,7.0,11.0,-3.0,1.0,4.0,33.89875,27.98875,63.77863809295047,5.91,26.0,34.0,42.0,21.0,28.0,35.0,50.89113809295046,62.89113809295046,76.89113809295046,-3.0,6.0,15.0
2026-03-12,401851473,Norfolk State Spartans,South Carolina State Bulldogs,2026-03-12 18:00,2026-03-12T22:00:00Z,EDT,8.5,spread,team,10,10,e71d8f615a21,0b68071d0b61,10,1,18,20,4.04475,3.28625,7.331,0.7585,2.0,4.0,7.0,1.0,3.0,6.0,4.0,7.0,11.0,-3.0,1.0,4.0,37.9435,31.275,69.2185,6.6685,29.0,38.0,47.0,24.0,31.0,39.0,55.0,69.0,84.0,-2.0,7.0,16.0
2026-03-12,401851473,Norfolk State Spartans,South Carolina State Bulldogs,2026-03-12 18:00,2026-03-12T22:00:00Z,EDT,8.5,spread,team,10,10,e71d8f615a21,0b68071d0b61,11,2,20,22,3.9365,2.81325,6.74975,1.12325,2.0,4.0,7.0,1.0,3.0,5.0,4.0,7.0,10.0,-2.0,1.0,4.0,41.88,34.08825,77.76158813737493,7.79175,33.0,42.0,51.0,26.0,34.0,42.0,63.79333813737493,77.79333813737493,91.79333813737492,-2.0,8.0,18.0
2026-03-12,401851473,Norfolk State Spartans,South Carolina State Bulldogs,2026-03-12 18:00,2026-03-12T22:00:00Z,EDT,8.5,spread,team,10,10,e71d8f615a21,0b68071d0b61,12,2,22,24,4.42425,3.16675,7.591,1.2575,2.0,4.0,7.0,1.0,3.0,6.0,4.0,7.0,11.0,-2.0,1.0,5.0,46.30425,37.255,85.04466172702713,9.04925,37.0,46.0,56.0,29.0,37.0,45.0,71.48541172702713,84.48541172702713,99.48541172702711,-1.0,9.0,19.0
2026-03-12,401851473,Norfolk State Spartans,South Carolina State Bulldogs,2026-03-12 18:00,2026-03-12T22:00:00Z,EDT,8.5,spread,team,10,10,e71d8f615a21,0b68071d0b61,13,2,24,26,4.22825,3.085,7.31325,1.14325,2.0,4.0,7.0,1.0,3.0,5.0,4.0,7.0,11.0,-2.0,1.0,5.0,50.5325,40.34,92.04998531667933,10.1925,41.0,50.0,60.0,32.0,40.0,49.0,78.17748531667932,92.17748531667932,106.17748531667932,-1.0,10.0,21.0
2026-03-12,401851473,Norfolk State Spartans,South Carolina State Bulldogs,2026-03-12 18:00,2026-03-12T22:00:00Z,EDT,8.5,spread,team,10,10,e71d8f615a21,0b68071d0b61,14,2,26,28,4.11925,2.992,7.11125,1.12725,2.0,4.0,7.0,1.0,3.0,5.0,4.0,7.0,11.0,-2.0,1.0,4.0,54.65175,43.332,98.85330890633152,11.31975,45.0,55.0,64.0,35.0,43.0,52.0,83.86955890633152,98.86955890633152,113.86955890633152,0.0,11.0,22.0
2026-03-12,401851473,Norfolk State Spartans,South Carolina State Bulldogs,2026-03-12 18:00,2026-03-12T22:00:00Z,EDT,8.5,spread,team,10,10,e71d8f615a21,0b68071d0b61,15,2,28,30,4.04075,2.9195,6.96025,1.12125,2.0,4.0,7.0,1.0,3.0,5.0,4.0,7.0,11.0,-2.0,1.0,4.0,58.6925,46.2515,99.83472156133249,12.441,49.0,59.0,69.0,38.0,46.0,55.0,84.89072156133247,99.89072156133248,114.89072156133248,1.0,13.0,24.0
2026-03-12,401851473,Norfolk State Spartans,South Carolina State Bulldogs,2026-03-12 18:00,2026-03-12T22:00:00Z,EDT,8.5,spread,team,10,10,e71d8f615a21,0b68071d0b61,16,2,30,32,4.34075,3.133,7.47375,1.20775,2.0,4.0,7.0,1.0,3.0,5.0,4.0,7.0,11.0,-2.0,1.0,5.0,63.03325,49.3845,112.67145608563592,13.64875,53.0,63.0,73.0,40.900000000000034,49.0,58.0,97.25370608563593,112.25370608563593,128.2537060856359,2.0,14.0,25.0
2026-03-12,401851473,Norfolk State Spartans,South Carolina State Bulldogs,2026-03-12 18:00,2026-03-12T22:00:00Z,EDT,8.5,spread,team,10,10,e71d8f615a21,0b68071d0b61,17,2,32,34,4.1855,3.065,7.2505,1.1205,2.0,4.0,7.0,1.0,3.0,5.0,4.0,7.0,11.0,-2.0,1.0,5.0,67.21875,52.4495,119.61402967528812,14.76925,57.0,67.0,78.0,43.0,52.0,62.0,103.94577967528812,118.94577967528812,135.94577967528812,3.0,15.0,27.0
2026-03-12,401851473,Norfolk State Spartans,South Carolina State Bulldogs,2026-03-12 18:00,2026-03-12T22:00:00Z,EDT,8.5,spread,team,10,10,e71d8f615a21,0b68071d0b61,18,2,34,36,4.31825,3.123,7.44125,1.19525,2.0,4.0,7.0,1.0,3.0,5.0,4.0,7.0,11.0,-2.0,1.0,5.0,71.537,55.5725,126.7473532649403,15.9645,61.0,71.0,83.0,46.0,55.0,65.0,110.6378532649403,126.6378532649403,143.6378532649403,4.0,16.0,28.0
2026-03-12,401851473,Norfolk State Spartans,South Carolina State Bulldogs,2026-03-12 18:00,2026-03-12T22:00:00Z,EDT,8.5,spread,team,10,10,e71d8f615a21,0b68071d0b61,19,2,36,38,4.229,3.02675,7.25575,1.20225,2.0,4.0,7.0,1.0,3.0,5.0,4.0,7.0,11.0,-2.0,1.0,5.0,75.766,58.59925,133.6951768545925,17.16675,65.0,76.0,87.0,49.0,58.0,69.0,117.3299268545925,133.3299268545925,151.3299268545925,5.0,17.0,29.0
2026-03-12,401851473,Norfolk State Spartans,South Carolina State Bulldogs,2026-03-12 18:00,2026-03-12T22:00:00Z,EDT,8.5,spread,team,10,10,e71d8f615a21,0b68071d0b61,20,2,38,40,5.88875,4.21425,10.103,1.6745,3.0,6.0,9.0,2.0,4.0,7.0,6.0,10.0,15.0,-2.0,2.0,6.0,81.65475,62.8135,144.46825,18.84125,70.0,81.0,93.0,53.0,63.0,73.0,127.0,144.0,163.0,6.0,19.0,31.0
2026-03-12,401851474,North Carolina Central Eagles,Maryland Eastern Shore Hawks,2026-03-12 20:00,2026-03-13T00:00:00Z,EDT,1.5,spread,team,10,10,e71d8f615a21,0b68071d0b61,1,1,0,2,3.425,2.605,6.03,0.82,1.0,3.0,6.0,1.0,2.0,5.0,3.0,6.0,9.0,-2.0,1.0,4.0,3.425,2.605,6.240126454772274,0.82,1.0,3.0,6.0,1.0,2.0,5.0,3.210126454772273,6.210126454772274,9.210126454772274,-2.0,1.0,4.0
2026-03-12,401851474,North Carolina Central Eagles,Maryland Eastern Shore Hawks,2026-03-12 20:00,2026-03-13T00:00:00Z,EDT,1.5,spread,team,10,10,e71d8f615a21,0b68071d0b61,2,1,2,4,4.091,3.16175,7.25275,0.92925,2.0,4.0,7.0,1.0,3.0,6.0,4.0,7.0,11.0,-2.0,1.0,4.0,7.516,5.76675,13.703002909544548,1.74925,4.0,7.0,11.0,3.0,6.0,9.0,9.420252909544548,13.420252909544548,18.420252909544548,-3.0,2.0,6.0
2026-03-12,401851474,North Carolina Central Eagles,Maryland Eastern Shore Hawks,2026-03-12 20:00,2026-03-13T00:00:00Z,EDT,1.5,spread,team,10,10,e71d8f615a21,0b68071d0b61,3,1,4,6,3.8915,3.042,6.9335,0.8495,1.0,4.0,7.0,1.0,3.0,5.0,4.0,7.0,11.0,-2.0,1.0,4.0,11.4075,8.80875,20.84662936431682,2.59875,7.0,11.0,16.0,5.0,9.0,13.0,14.63037936431682,20.63037936431682,27.63037936431682,-3.0,3.0,8.0
2026-03-12,401851474,North Carolina Central Eagles,Maryland Eastern Shore Hawks,2026-03-12 20:00,2026-03-13T00:00:00Z,EDT,1.5,spread,team,10,10,e71d8f615a21,0b68071d0b61,4,1,6,8,3.8545,2.9805,6.835,0.874,1.0,4.0,6.0,1.0,3.0,5.0,4.0,7.0,10.0,-2.0,1.0,4.0,15.262,11.78925,27.89175581908909,3.47275,10.0,15.0,21.0,7.0,12.0,16.0,20.840505819089092,27.840505819089092,34.840505819089095,-3.0,3.0,10.0
2026-03-12,401851474,North Carolina Central Eagles,Maryland Eastern Shore Hawks,2026-03-12 20:00,2026-03-13T00:00:00Z,EDT,1.5,spread,team,10,10,e71d8f615a21,0b68071d0b61,5,1,8,10,3.767,2.83575,6.60275,0.93125,1.0,4.0,6.0,1.0,3.0,5.0,3.0,6.0,10.0,-2.0,1.0,4.0,19.029,14.625,29.19124195915493,4.404,13.0,19.0,25.0,10.0,15.0,20.0,21.050632273861368,28.53724195915492,37.53724195915492,-3.0,4.0,12.0
2026-03-12,401851474,North Carolina Central Eagles,Maryland Eastern Shore Hawks,2026-03-12 20:00,2026-03-13T00:00:00Z,EDT,1.5,spread,team,10,10,e71d8f615a21,0b68071d0b61,6,1,10,12,3.98075,3.0625,7.04325,0.91825,1.0,4.0,7.0,1.0,3.0,5.0,4.0,7.0,11.0,-2.0,1.0,4.0,23.00975,17.6875,41.95800872863364,5.32225,16.0,23.0,30.0,12.0,18.0,23.0,33.26075872863364,41.26075872863364,51.26075872863364,-3.0,5.0,13.0
2026-03-12,401851474,North Carolina Central Eagles,Maryland Eastern Shore Hawks,2026-03-12 20:00,2026-03-13T00:00:00Z,EDT,1.5,spread,team,10,10,e71d8f615a21,0b68071d0b61,7,1,12,14,3.9145,2.98875,6.90325,0.92575,1.0,4.0,7.0,1.0,3.0,5.0,4.0,7.0,11.0,-2.0,1.0,4.0,26.92425,20.67625,49.07138518340591,6.248,20.0,27.0,34.0,15.0,21.0,27.0,39.47088518340591,48.47088518340591,59.47088518340591,-2.0,6.0,15.0
2026-03-12,401851474,North Carolina Central Eagles,Maryland Eastern Shore Hawks,2026-03-12 20:00,2026-03-13T00:00:00Z,EDT,1.5,spread,team,10,10,e71d8f615a21,0b68071d0b61,8,1,14,16,4.02325,3.112,7.13525,0.91125,2.0,4.0,7.0,1.0,3.0,6.0,4.0,7.0,11.0,-2.0,1.0,4.0,30.9475,23.78825,56.416761638178194,7.15925,23.0,31.0,39.0,17.0,24.0,31.0,45.68101163817819,55.68101163817819,67.68101163817819,-2.0,7.0,16.0
2026-03-12,401851474,North Carolina Central Eagles,Maryland Eastern Shore Hawks,2026-03-12 20:00,2026-03-13T00:00:00Z,EDT,1.5,spread,team,10,10,e71d8f615a21,0b68071d0b61,9,1,16,18,3.99775,3.0405,7.03825,0.95725,1.0,4.0,7.0,1.0,3.0,5.0,4.0,7.0,11.0,-2.0,1.0,4.0,34.94525,26.82875,63.665138092950464,8.1165,27.0,35.0,44.0,20.0,27.0,34.0,51.89113809295046,62.89113809295046,75.89113809295046,-1.0,8.0,18.0
2026-03-12,401851474,North Carolina Central Eagles,Maryland Eastern Shore Hawks,2026-03-12 20:00,2026-03-13T00:00:00Z,EDT,1.5,spread,team,10,10,e71d8f615a21,0b68071d0b61,10,1,18,20,4.111,3.20525,7.31625,0.90575,2.0,4.0,7.0,1.0,3.0,6.0,4.0,7.0,11.0,-2.0,1.0,4.0,39.05625,30.034,69.09025,9.02225,30.0,39.0,48.0,23.0,30.0,37.0,56.0,69.0,82.0,-1.0,9.0,19.0
2026-03-12,401851474,North Carolina Central Eagles,Maryland Eastern Shore Hawks,2026-03-12 20:00,2026-03-13T00:00:00Z,EDT,1.5,spread,team,10,10,e71d8f615a21,0b68071d0b61,11,2,20,22,3.90975,2.62225,6.532,1.2875,2.0,4.0,6.099999999999909,1.0,2.0,5.0,3.0,6.0,10.0,-2.0,1.0,4.0,42.966,32.65625,77.41558813737493,10.30975,34.0,43.0,52.0,25.0,32.0,40.0,63.79333813737493,76.79333813737493,90.79333813737492,0.0,10.0,21.0
2026-03-12,401851474,North Carolina Central Eagles,Maryland Eastern Shore Hawks,2026-03-12 20:00,2026-03-13T00:00:00Z,EDT,1.5,spread,team,10,10,e71d8f615a21,0b68071d0b61,12,2,22,24,4.44225,2.91575,7.358,1.5265,2.0,4.0,7.0,1.0,3.0,5.0,4.0,7.0,11.0,-2.0,1.0,5.0,47.40825,35.572,84.46566172702713,11.83625,38.0,47.0,57.0,27.900000000000038,35.0,44.0,70.48541172702713,84.48541172702713,98.48541172702711,1.0,12.0,23.0
2026-03-12,401851474,North Carolina Central Eagles,Maryland Eastern Shore Hawks,2026-03-12 20:00,2026-03-13T00:00:00Z,EDT,1.5,spread,team,10,10,e71d8f615a21,0b68071d0b61,13,2,24,26,4.226,2.808,7.034,1.418,2.0,4.0,7.0,1.0,3.0,5.0,4.0,7.0,11.0,-2.0,1.0,5.0,51.63425,38.38,91.19173531667931,13.25425,42.0,51.0,61.0,30.0,38.0,47.0,77.17748531667932,91.17748531667932,105.17748531667932,2.0,13.0,25.0
2026-03-12,401851474,North Carolina Central Eagles,Maryland Eastern Shore Hawks,2026-03-12 20:00,2026-03-13T00:00:00Z,EDT,1.5,spread,team,10,10,e71d8f615a21,0b68071d0b61,14,2,26,28,4.18375,2.74425,6.928,1.4395,2.0,4.0,7.0,1.0,3.0,5.0,4.0,7.0,10.0,-2.0,1.0,5.0,55.818,41.12425,97.81180890633152,14.69375,46.0,56.0,66.0,33.0,41.0,50.0,82.86955890633152,97.86955890633152,112.86955890633152,3.0,15.0,26.0
2026-03-12,401851474,North Carolina Central Eagles,Maryland Eastern Shore Hawks,2026-03-12 20:00,2026-03-13T00:00:00Z,EDT,1.5,spread,team,10,10,e71d8f615a21,0b68071d0b61,15,2,28,30,4.09275,2.677,6.76975,1.41575,2.0,4.0,7.0,1.0,2.0,5.0,4.0,7.0,10.0,-2.0,1.0,5.0,59.91075,43.80125,98.60272156133249,16.1095,49.0,60.0,70.09999999999991,35.0,44.0,53.0,83.89072156133247,98.39072156133248,113.89072156133248,4.0,16.0,28.0
2026-03-12,401851474,North Carolina Central Eagles,Maryland Eastern Shore Hawks,2026-03-12 20:00,2026-03-13T00:00:00Z,EDT,1.5,spread,team,10,10,e71d8f615a21,0b68071d0b61,16,2,30,32,4.333,2.844,7.177,1.489,2.0,4.0,7.0,1.0,3.0,5.0,4.0,7.0,11.0,-2.0,1.0,5.0,64.24375,46.64525,111.14270608563592,17.5985,53.0,64.0,75.0,38.0,47.0,56.0,95.25370608563593,111.25370608563593,127.25370608563593,5.0,18.0,30.0
2026-03-12,401851474,North Carolina Central Eagles,Maryland Eastern Shore Hawks,2026-03-12 20:00,2026-03-13T00:00:00Z,EDT,1.5,spread,team,10,10,e71d8f615a21,0b68071d0b61,17,2,32,34,4.19575,2.80175,6.9975,1.394,2.0,4.0,7.0,1.0,3.0,5.0,4.0,7.0,10.0,-2.0,1.0,5.0,68.4395,49.447,117.8322796752881,18.9925,57.0,68.0,79.0,40.0,49.0,59.0,101.94577967528812,116.94577967528812,133.94577967528812,6.0,19.0,32.0
2026-03-12,401851474,North Carolina Central Eagles,Maryland Eastern Shore Hawks,2026-03-12 20:00,2026-03-13T00:00:00Z,EDT,1.5,spread,team,10,10,e71d8f615a21,0b68071d0b61,18,2,34,36,4.34625,2.89575,7.242,1.4505,2.0,4.0,7.0,1.0,3.0,5.0,4.0,7.0,11.0,-2.0,1.0,5.0,72.78575,52.34275,124.7663532649403,20.443,62.0,73.0,84.0,43.0,52.0,62.0,108.6378532649403,124.6378532649403,141.6378532649403,7.0,20.0,33.0
2026-03-12,401851474,North Carolina Central Eagles,Maryland Eastern Shore Hawks,2026-03-12 20:00,2026-03-13T00:00:00Z,EDT,1.5,spread,team,10,10,e71d8f615a21,0b68071d0b61,19,2,36,38,4.2565,2.7885,7.045,1.468,2.0,4.0,7.0,1.0,3.0,5.0,4.0,7.0,11.0,-2.0,1.0,5.0,77.04225,55.13125,131.50342685459248,21.911,65.0,77.0,88.0,46.0,55.0,65.0,114.3299268545925,131.3299268545925,149.3299268545925,9.0,22.0,35.0
2026-03-12,401851474,North Carolina Central Eagles,Maryland Eastern Shore Hawks,2026-03-12 20:00,2026-03-13T00:00:00Z,EDT,1.5,spread,team,10,10,e71d8f615a21,0b68071d0b61,20,2,38,40,7.13875,4.75,11.88875,2.38875,4.0,7.0,11.0,2.0,5.0,8.0,7.0,12.0,17.0,-2.0,2.0,7.0,84.181,59.88125,144.06225,24.29975,72.0,84.0,96.0,50.0,60.0,70.0,126.0,144.0,162.0,11.0,24.0,38.0
2026-03-12,401851499,Utah State Aggies,UNLV Rebels,2026-03-12 15:00,2026-03-12T19:00:00Z,EDT,7.5,spread,team,10,10,b66f2e450f54,b4254430fec1,1,1,0,2,2.866,2.60925,5.47525,0.25675,1.0,3.0,5.0,1.0,2.0,5.0,3.0,5.0,9.0,-3.0,0.0,3.0,2.866,2.60925,5.685376454772274,0.25675,1.0,3.0,5.0,1.0,2.0,5.0,3.210126454772273,5.210126454772274,9.210126454772274,-3.0,0.0,3.0
2026-03-12,401851499,Utah State Aggies,UNLV Rebels,2026-03-12 15:00,2026-03-12T19:00:00Z,EDT,7.5,spread,team,10,10,b66f2e450f54,b4254430fec1,2,1,2,4,3.733,3.4095,7.1425,0.3235,1.0,4.0,6.0,1.0,3.0,6.0,4.0,7.0,11.0,-3.0,0.0,4.0,6.599,6.01875,13.038002909544549,0.58025,3.0,6.0,10.0,3.0,6.0,9.0,8.420252909544548,12.420252909544548,17.420252909544548,-4.0,1.0,5.0
2026-03-12,401851499,Utah State Aggies,UNLV Rebels,2026-03-12 15:00,2026-03-12T19:00:00Z,EDT,7.5,spread,team,10,10,b66f2e450f54,b4254430fec1,3,1,4,6,4.18,3.893,8.073,0.287,2.0,4.0,7.0,1.0,4.0,6.0,4.0,8.0,12.0,-3.0,0.0,4.0,10.779,9.91175,21.32112936431682,0.86725,7.0,11.0,15.0,6.0,10.0,14.0,14.63037936431682,20.63037936431682,27.63037936431682,-5.0,1.0,6.0
2026-03-12,401851499,Utah State Aggies,UNLV Rebels,2026-03-12 15:00,2026-03-12T19:00:00Z,EDT,7.5,spread,team,10,10,b66f2e450f54,b4254430fec1,4,1,6,8,3.474,3.178,6.652,0.296,1.0,3.0,6.0,1.0,3.0,6.0,3.0,6.0,10.0,-3.0,0.0,4.0,14.253,13.08975,28.18325581908909,1.16325,9.0,14.0,19.0,8.0,13.0,18.0,20.840505819089092,27.840505819089092,35.840505819089095,-5.0,1.0,7.0
2026-03-12,401851499,Utah State Aggies,UNLV Rebels,2026-03-12 15:00,2026-03-12T19:00:00Z,EDT,7.5,spread,team,10,10,b66f2e450f54,b4254430fec1,5,1,8,10,3.24525,3.0785,6.32375,0.16675,1.0,3.0,6.0,1.0,3.0,5.0,3.0,6.0,10.0,-3.0,0.0,3.0,17.49825,16.16825,29.20374195915492,1.33,12.0,17.0,23.0,11.0,16.0,22.0,21.050632273861368,28.53724195915492,38.53724195915492,-5.0,1.0,8.0
2026-03-12,401851499,Utah State Aggies,UNLV Rebels,2026-03-12 15:00,2026-03-12T19:00:00Z,EDT,7.5,spread,team,10,10,b66f2e450f54,b4254430fec1,6,1,10,12,4.13,3.735,7.865,0.395,2.0,4.0,7.0,1.0,4.0,6.0,4.0,8.0,12.0,-3.0,0.0,4.0,21.62825,19.90325,42.79225872863364,1.725,16.0,21.0,28.0,14.0,20.0,26.0,33.26075872863364,42.26075872863364,53.26075872863364,-6.0,2.0,9.0
2026-03-12,401851499,Utah State Aggies,UNLV Rebels,2026-03-12 15:00,2026-03-12T19:00:00Z,EDT,7.5,spread,team,10,10,b66f2e450f54,b4254430fec1,7,1,12,14,3.76975,3.44625,7.216,0.3235,1.0,4.0,6.0,1.0,3.0,6.0,4.0,7.0,11.0,-3.0,0.0,4.0,25.398,23.3495,50.21838518340592,2.0485,19.0,25.0,32.0,17.0,23.0,30.0,39.47088518340591,49.47088518340591,61.47088518340591,-6.0,2.0,10.0
2026-03-12,401851499,Utah State Aggies,UNLV Rebels,2026-03-12 15:00,2026-03-12T19:00:00Z,EDT,7.5,spread,team,10,10,b66f2e450f54,b4254430fec1,8,1,14,16,3.772,3.465,7.237,0.307,1.0,4.0,6.0,1.0,3.0,6.0,4.0,7.0,11.0,-3.0,0.0,4.0,29.17,26.8145,57.66551163817819,2.3555,22.0,29.0,37.0,20.0,27.0,34.0,45.68101163817819,57.18101163817819,70.68101163817819,-6.0,2.0,10.099999999999907
2026-03-12,401851499,Utah State Aggies,UNLV Rebels,2026-03-12 15:00,2026-03-12T19:00:00Z,EDT,7.5,spread,team,10,10,b66f2e450f54,b4254430fec1,9,1,16,18,4.371,3.99925,8.37025,0.37175,2.0,4.0,7.0,2.0,4.0,7.0,5.0,8.0,12.0,-3.0,0.0,4.0,33.541,30.81375,66.24588809295045,2.72725,26.0,33.0,42.0,23.0,31.0,39.0,52.89113809295046,65.89113809295046,79.89113809295046,-6.0,3.0,11.0
2026-03-12,401851499,Utah State Aggies,UNLV Rebels,2026-03-12 15:00,2026-03-12T19:00:00Z,EDT,7.5,spread,team,10,10,b66f2e450f54,b4254430fec1,10,1,18,20,4.11425,3.865,7.97925,0.24925,2.0,4.0,7.0,1.0,4.0,7.0,4.0,8.0,12.0,-3.0,0.0,4.0,37.65525,34.67875,72.334,2.9765,29.0,37.0,47.0,26.0,34.0,43.0,58.0,72.0,87.0,-6.0,3.0,12.0
2026-03-12,401851499,Utah State Aggies,UNLV Rebels,2026-03-12 15:00,2026-03-12T19:00:00Z,EDT,7.5,spread,team,10,10,b66f2e450f54,b4254430fec1,11,2,20,22,3.5315,3.2035,6.735,0.328,1.0,3.0,6.0,1.0,3.0,6.0,3.0,7.0,10.0,-3.0,0.0,3.0,41.18675,37.88225,80.86233813737493,3.3045,33.0,41.0,50.0,29.0,38.0,46.0,66.79333813737493,80.79333813737493,95.79333813737492,-6.0,3.0,13.0
2026-03-12,401851499,Utah State Aggies,UNLV Rebels,2026-03-12 15:00,2026-03-12T19:00:00Z,EDT,7.5,spread,team,10,10,b66f2e450f54,b4254430fec1,12,2,22,24,3.66275,3.2525,6.91525,0.41025,1.0,3.0,6.0,1.0,3.0,6.0,3.0,7.0,11.0,-3.0,0.0,4.0,44.8495,41.13475,87.46966172702713,3.71475,36.0,45.0,54.0,32.0,41.0,50.0,73.38541172702716,87.48541172702713,102.48541172702711,-6.0,4.0,14.0
2026-03-12,401851499,Utah State Aggies,UNLV Rebels,2026-03-12 15:00,2026-03-12T19:00:00Z,EDT,7.5,spread,team,10,10,b66f2e450f54,b4254430fec1,13,2,24,26,3.839,3.373,7.212,0.466,1.0,4.0,6.0,1.0,3.0,6.0,4.0,7.0,11.0,-3.0,0.0,4.0,48.6885,44.50775,94.37373531667932,4.18075,40.0,49.0,58.0,36.0,44.0,53.0,80.17748531667932,94.17748531667932,109.17748531667932,-6.0,4.0,15.0
2026-03-12,401851499,Utah State Aggies,UNLV Rebels,2026-03-12 15:00,2026-03-12T19:00:00Z,EDT,7.5,spread,team,10,10,b66f2e450f54,b4254430fec1,14,2,26,28,4.17475,3.688,7.86275,0.48675,2.0,4.0,7.0,1.0,4.0,6.0,4.0,8.0,12.0,-3.0,0.0,4.0,52.86325,48.19575,101.92855890633152,4.6675,44.0,53.0,62.0,39.0,48.0,57.0,86.86955890633152,101.86955890633152,116.86955890633152,-6.0,5.0,16.0
2026-03-12,401851499,Utah State Aggies,UNLV Rebels,2026-03-12 15:00,2026-03-12T19:00:00Z,EDT,7.5,spread,team,10,10,b66f2e450f54,b4254430fec1,15,2,28,30,4.351,3.8805,8.2315,0.4705,2.0,4.0,7.0,1.0,4.0,7.0,4.0,8.0,12.0,-3.0,0.0,4.0,57.21425,52.07625,104.18122156133246,5.138,48.0,57.0,67.0,43.0,52.0,61.0,89.89072156133247,103.89072156133248,118.89072156133248,-6.0,5.0,17.0
2026-03-12,401851499,Utah State Aggies,UNLV Rebels,2026-03-12 15:00,2026-03-12T19:00:00Z,EDT,7.5,spread,team,10,10,b66f2e450f54,b4254430fec1,16,2,30,32,4.407,3.99325,8.40025,0.41375,2.0,4.0,7.0,2.0,4.0,7.0,5.0,8.0,12.0,-3.0,0.0,4.0,61.62125,56.0695,117.9444560856359,5.55175,52.0,62.0,71.0,47.0,56.0,65.09999999999991,102.25370608563593,117.25370608563593,133.2537060856359,-6.0,5.0,17.0
2026-03-12,401851499,Utah State Aggies,UNLV Rebels,2026-03-12 15:00,2026-03-12T19:00:00Z,EDT,7.5,spread,team,10,10,b66f2e450f54,b4254430fec1,17,2,32,34,3.62125,3.202,6.82325,0.41925,1.0,3.0,6.0,1.0,3.0,6.0,3.0,7.0,10.0,-3.0,0.0,4.0,65.2425,59.2715,124.4597796752881,5.971,55.0,65.0,75.0,50.0,59.0,69.0,108.94577967528812,123.94577967528812,139.94577967528812,-6.0,6.0,18.0
2026-03-12,401851499,Utah State Aggies,UNLV Rebels,2026-03-12 15:00,2026-03-12T19:00:00Z,EDT,7.5,spread,team,10,10,b66f2e450f54,b4254430fec1,18,2,34,36,4.86675,4.4495,9.31625,0.41725,2.0,5.0,8.0,2.0,4.0,7.0,5.0,9.0,14.0,-3.0,0.0,4.0,70.10925,63.721,133.4681032649403,6.38825,60.0,70.0,81.0,54.0,64.0,74.0,117.6378532649403,133.6378532649403,149.6378532649403,-6.0,6.0,19.0
2026-03-12,401851499,Utah State Aggies,UNLV Rebels,2026-03-12 15:00,2026-03-12T19:00:00Z,EDT,7.5,spread,team,10,10,b66f2e450f54,b4254430fec1,19,2,36,38,3.78575,3.385,7.17075,0.40075,1.0,4.0,6.0,1.0,3.0,6.0,4.0,7.0,11.0,-3.0,0.0,4.0,73.895,67.106,140.33092685459252,6.789,63.0,74.0,84.0,57.0,67.0,77.0,124.3299268545925,140.3299268545925,156.3299268545925,-6.0,7.0,19.0
2026-03-12,401851499,Utah State Aggies,UNLV Rebels,2026-03-12 15:00,2026-03-12T19:00:00Z,EDT,7.5,spread,team,10,10,b66f2e450f54,b4254430fec1,20,2,38,40,5.53975,4.9485,10.48825,0.59125,3.0,5.0,9.0,2.0,5.0,8.0,6.0,10.0,15.0,-3.0,1.0,5.0,79.43475,72.0545,151.48925,7.38025,68.0,79.0,91.0,62.0,72.0,82.0,134.0,151.0,168.0999999999999,-5.0,7.0,20.0
2026-03-12,401851500,Grand Canyon Lopes,Nevada Wolf Pack,,,,5.134921291501037,expected,team,10,10,739dff0cf792,82f63a9fba1e,1,1,0,2,3.09125,3.57775,6.669,-0.4865,1.0,3.0,5.0,1.0,3.0,6.0,3.900000000000034,6.0,10.0,-4.0,0.0,3.0,3.09125,3.57775,6.8791264547722735,-0.4865,1.0,3.0,5.0,1.0,3.0,6.0,4.110126454772308,6.210126454772274,10.210126454772274,-4.0,0.0,3.0
2026-03-12,401851500,Grand Canyon Lopes,Nevada Wolf Pack,,,,5.134921291501037,expected,team,10,10,739dff0cf792,82f63a9fba1e,2,1,2,4,3.868,4.37925,8.24725,-0.51125,2.0,4.0,6.0,2.0,4.0,7.0,4.0,8.0,12.0,-4.0,0.0,3.0,6.95925,7.957,15.336502909544548,-0.99775,4.0,7.0,11.0,4.0,8.0,12.0,10.420252909544548,15.420252909544548,20.420252909544548,-6.0,-1.0,4.0
2026-03-12,401851500,Grand Canyon Lopes,Nevada Wolf Pack,,,,5.134921291501037,expected,team,10,10,739dff0cf792,82f63a9fba1e,3,1,4,6,2.78075,3.188,5.96875,-0.40725,1.0,3.0,5.0,1.0,3.0,6.0,3.0,6.0,9.0,-3.0,0.0,3.0,9.74,11.145,21.51537936431682,-1.405,6.0,10.0,14.0,7.0,11.0,16.0,15.63037936431682,21.63037936431682,27.63037936431682,-7.0,-1.0,4.0
2026-03-12,401851500,Grand Canyon Lopes,Nevada Wolf Pack,,,,5.134921291501037,expected,team,10,10,739dff0cf792,82f63a9fba1e,4,1,6,8,3.1805,3.726,6.9065,-0.5455,1.0,3.0,6.0,1.0,4.0,6.0,4.0,7.0,10.0,-4.0,-1.0,3.0,12.9205,14.871,28.63200581908909,-1.9505,8.0,13.0,18.0,10.0,15.0,20.0,20.840505819089092,27.840505819089092,35.840505819089095,-8.0,-2.0,4.0
2026-03-12,401851500,Grand Canyon Lopes,Nevada Wolf Pack,,,,5.134921291501037,expected,team,10,10,739dff0cf792,82f63a9fba1e,5,1,8,10,3.15675,3.6235,6.78025,-0.46675,1.0,3.0,6.0,1.0,3.0,6.0,3.0,7.0,10.0,-4.0,0.0,3.0,16.07725,18.4945,30.108991959154924,-2.41725,11.0,16.0,22.0,13.0,18.0,25.0,21.53724195915492,29.53724195915492,38.53724195915492,-9.0,-2.0,4.0
2026-03-12,401851500,Grand Canyon Lopes,Nevada Wolf Pack,,,,5.134921291501037,expected,team,10,10,739dff0cf792,82f63a9fba1e,6,1,10,12,3.373,3.94,7.313,-0.567,1.0,3.0,6.0,1.0,4.0,7.0,4.0,7.0,11.0,-4.0,-1.0,3.0,19.45025,22.4345,43.14550872863364,-2.98425,14.0,19.0,26.0,16.0,22.0,29.0,33.26075872863364,43.26075872863364,53.26075872863364,-11.0,-3.0,4.0
2026-03-12,401851500,Grand Canyon Lopes,Nevada Wolf Pack,,,,5.134921291501037,expected,team,10,10,739dff0cf792,82f63a9fba1e,7,1,12,14,3.80425,4.4475,8.25175,-0.64325,1.0,4.0,6.0,2.0,4.0,7.0,5.0,8.0,12.0,-4.0,-1.0,3.0,23.2545,26.882,51.60738518340591,-3.6275,17.0,23.0,30.0,20.0,27.0,34.0,40.47088518340591,51.47088518340591,63.47088518340591,-12.0,-4.0,4.0
2026-03-12,401851500,Grand Canyon Lopes,Nevada Wolf Pack,,,,5.134921291501037,expected,team,10,10,739dff0cf792,82f63a9fba1e,8,1,14,16,3.9205,4.4335,8.354,-0.513,1.0,4.0,7.0,2.0,4.0,7.0,5.0,8.0,12.0,-4.0,0.0,3.0,27.175,31.3155,60.17151163817819,-4.1405,20.0,27.0,34.0,24.0,31.0,39.0,48.68101163817819,59.68101163817819,72.68101163817819,-13.0,-4.0,4.0
2026-03-12,401851500,Grand Canyon Lopes,Nevada Wolf Pack,,,,5.134921291501037,expected,team,10,10,739dff0cf792,82f63a9fba1e,9,1,16,18,3.05175,3.45975,6.5115,-0.408,1.0,3.0,5.0,1.0,3.0,6.0,3.0,6.0,10.0,-4.0,0.0,3.0,30.22675,34.77525,66.89313809295045,-4.5485,23.0,30.0,38.0,27.0,35.0,43.0,53.89113809295046,66.89113809295046,80.89113809295046,-13.0,-5.0,4.0
2026-03-12,401851500,Grand Canyon Lopes,Nevada Wolf Pack,,,,5.134921291501037,expected,team,10,10,739dff0cf792,82f63a9fba1e,10,1,18,20,3.26225,3.793,7.05525,-0.53075,1.0,3.0,6.0,1.0,4.0,6.0,4.0,7.0,11.0,-4.0,0.0,3.0,33.489,38.56825,72.05725,-5.07925,26.0,33.0,42.0,30.0,38.0,47.09999999999991,58.0,72.0,86.09999999999991,-14.0,-5.0,4.0
2026-03-12,401851500,Grand Canyon Lopes,Nevada Wolf Pack,,,,5.134921291501037,expected,team,10,10,739dff0cf792,82f63a9fba1e,11,2,20,22,2.80675,2.854,5.66075,-0.04725,1.0,3.0,5.0,1.0,3.0,5.0,3.0,5.0,9.0,-3.0,0.0,3.0,36.29575,41.42225,79.51133813737493,-5.1265,28.0,36.0,44.0,33.0,41.0,50.0,65.79333813737493,78.79333813737493,93.79333813737492,-15.0,-5.0,5.0
2026-03-12,401851500,Grand Canyon Lopes,Nevada Wolf Pack,,,,5.134921291501037,expected,team,10,10,739dff0cf792,82f63a9fba1e,12,2,22,24,2.858,2.823,5.681,0.035,1.0,3.0,5.0,1.0,3.0,5.0,3.0,5.0,9.0,-3.0,0.0,3.0,39.15375,44.24525,84.88441172702713,-5.0915,31.0,39.0,47.0,35.0,44.0,53.0,70.48541172702713,84.48541172702713,99.48541172702711,-15.0,-5.0,5.0
2026-03-12,401851500,Grand Canyon Lopes,Nevada Wolf Pack,,,,5.134921291501037,expected,team,10,10,739dff0cf792,82f63a9fba1e,13,2,24,26,2.67375,2.652,5.32575,0.02175,1.0,2.0,5.0,1.0,2.0,5.0,2.0,5.0,8.0,-3.0,0.0,3.0,41.8275,46.89725,89.90223531667932,-5.06975,34.0,42.0,51.0,38.0,47.0,56.0,75.17748531667932,89.17748531667932,104.17748531667932,-15.0,-5.0,5.0
2026-03-12,401851500,Grand Canyon Lopes,Nevada Wolf Pack,,,,5.134921291501037,expected,team,10,10,739dff0cf792,82f63a9fba1e,14,2,26,28,2.9455,2.955,5.9005,-0.0095,1.0,3.0,5.0,1.0,3.0,5.0,3.0,6.0,9.0,-3.0,0.0,3.0,44.773,49.85225,95.49480890633151,-5.07925,36.0,45.0,54.0,41.0,50.0,59.0,80.86955890633152,94.86955890633152,110.86955890633152,-16.0,-5.0,6.0
2026-03-12,401851500,Grand Canyon Lopes,Nevada Wolf Pack,,,,5.134921291501037,expected,team,10,10,739dff0cf792,82f63a9fba1e,15,2,28,30,2.86725,2.9295,5.79675,-0.06225,1.0,3.0,5.0,1.0,3.0,5.0,3.0,6.0,9.0,-3.0,0.0,3.0,47.64025,52.78175,95.49480890633151,-5.1415,39.0,47.0,57.0,43.0,53.0,62.0,80.89072156133247,94.89072156133248,110.86955890633152,-16.0,-5.0,6.0
2026-03-12,401851500,Grand Canyon Lopes,Nevada Wolf Pack,,,,5.134921291501037,expected,team,10,10,739dff0cf792,82f63a9fba1e,16,2,30,32,2.97,2.99125,5.96125,-0.02125,1.0,3.0,5.0,1.0,3.0,5.0,3.0,6.0,9.0,-3.0,0.0,3.0,50.61025,55.773,106.63695608563592,-5.16275,41.0,51.0,60.0,46.0,56.0,66.0,91.25370608563593,106.25370608563593,122.25370608563593,-17.0,-5.0,6.0
2026-03-12,401851500,Grand Canyon Lopes,Nevada Wolf Pack,,,,5.134921291501037,expected,team,10,10,739dff0cf792,82f63a9fba1e,17,2,32,34,2.603,2.59475,5.19775,0.00825,1.0,2.0,5.0,1.0,2.0,5.0,2.0,5.0,8.0,-3.0,0.0,3.0,53.21325,58.36775,111.52677967528813,-5.1545,44.0,53.0,63.0,48.0,58.0,68.0,95.94577967528812,111.94577967528812,126.94577967528812,-17.0,-5.0,7.0
2026-03-12,401851500,Grand Canyon Lopes,Nevada Wolf Pack,,,,5.134921291501037,expected,team,10,10,739dff0cf792,82f63a9fba1e,18,2,34,36,3.28975,3.2615,6.55125,0.02825,1.0,3.0,6.0,1.0,3.0,6.0,3.0,6.0,10.0,-3.0,0.0,3.0,56.503,61.62925,117.7701032649403,-5.12625,47.0,56.0,67.0,51.0,62.0,72.0,101.6378532649403,117.6378532649403,134.6378532649403,-17.0,-5.0,7.0
2026-03-12,401851500,Grand Canyon Lopes,Nevada Wolf Pack,,,,5.134921291501037,expected,team,10,10,739dff0cf792,82f63a9fba1e,19,2,36,38,2.68025,2.7115,5.39175,-0.03125,1.0,2.0,5.0,1.0,2.0,5.0,2.0,5.0,9.0,-3.0,0.0,3.0,59.18325,64.34075,122.8539268545925,-5.1575,49.0,59.0,69.0,54.0,64.0,75.0,106.3299268545925,122.3299268545925,139.3299268545925,-18.0,-5.0,7.0
2026-03-12,401851500,Grand Canyon Lopes,Nevada Wolf Pack,,,,5.134921291501037,expected,team,10,10,739dff0cf792,82f63a9fba1e,20,2,38,40,3.884,3.9675,7.8515,-0.0835,1.0,4.0,7.0,1.0,4.0,7.0,4.0,8.0,12.0,-3.0,0.0,3.0,63.06725,68.30825,131.3755,-5.241,53.0,63.0,74.0,57.0,68.0,79.0,114.0,131.0,149.0,-18.0,-6.0,7.0
2026-03-12,401851501,San Diego State Aztecs,Colorado State Rams,2026-03-12 21:00,2026-03-13T01:00:00Z,EDT,5.5,spread,team,10,10,730c45b9ab77,9e16b28176b0,1,1,0,2,3.05175,2.5695,5.62125,0.48225,1.0,3.0,5.0,1.0,2.0,5.0,3.0,5.0,9.0,-3.0,1.0,3.0,3.05175,2.5695,5.831376454772274,0.48225,1.0,3.0,5.0,1.0,2.0,5.0,3.210126454772273,5.210126454772274,9.210126454772274,-3.0,1.0,3.0
2026-03-12,401851501,San Diego State Aztecs,Colorado State Rams,2026-03-12 21:00,2026-03-13T01:00:00Z,EDT,5.5,spread,team,10,10,730c45b9ab77,9e16b28176b0,2,1,2,4,3.84175,3.243,7.08475,0.59875,1.0,4.0,7.0,1.0,3.0,6.0,4.0,7.0,11.0,-3.0,1.0,4.0,6.8935,5.8125,13.126252909544547,1.081,4.0,7.0,10.0,3.0,6.0,9.0,8.420252909544548,12.420252909544548,18.420252909544548,-3.0,1.0,6.0
2026-03-12,401851501,San Diego State Aztecs,Colorado State Rams,2026-03-12 21:00,2026-03-13T01:00:00Z,EDT,5.5,spread,team,10,10,730c45b9ab77,9e16b28176b0,3,1,4,6,3.71925,3.107,6.82625,0.61225,1.0,4.0,6.0,1.0,3.0,5.0,3.0,7.0,10.0,-3.0,1.0,4.0,10.61275,8.9195,20.16262936431682,1.69325,6.0,10.0,15.0,5.0,9.0,13.0,13.63037936431682,19.63037936431682,26.63037936431682,-4.0,2.0,7.0
2026-03-12,401851501,San Diego State Aztecs,Colorado State Rams,2026-03-12 21:00,2026-03-13T01:00:00Z,EDT,5.5,spread,team,10,10,730c45b9ab77,9e16b28176b0,4,1,6,8,3.9645,3.291,7.2555,0.6735,1.0,4.0,7.0,1.0,3.0,6.0,4.0,7.0,11.0,-3.0,1.0,4.0,14.57725,12.2105,27.62825581908909,2.36675,9.0,14.0,20.0,8.0,12.0,17.0,19.840505819089092,26.840505819089092,35.840505819089095,-4.0,2.0,9.0
2026-03-12,401851501,San Diego State Aztecs,Colorado State Rams,2026-03-12 21:00,2026-03-13T01:00:00Z,EDT,5.5,spread,team,10,10,730c45b9ab77,9e16b28176b0,5,1,8,10,3.9265,3.26425,7.19075,0.66225,1.0,4.0,7.0,1.0,3.0,6.0,4.0,7.0,11.0,-3.0,1.0,4.0,18.50375,15.47475,29.51574195915492,3.029,13.0,18.0,25.0,10.0,15.0,21.0,20.53724195915492,29.53724195915492,38.53724195915492,-4.0,3.0,10.0
2026-03-12,401851501,San Diego State Aztecs,Colorado State Rams,2026-03-12 21:00,2026-03-13T01:00:00Z,EDT,5.5,spread,team,10,10,730c45b9ab77,9e16b28176b0,6,1,10,12,4.1165,3.496,7.6125,0.6205,2.0,4.0,7.0,1.0,3.0,6.0,4.0,7.0,11.0,-3.0,1.0,4.0,22.62025,18.97075,42.85175872863364,3.6495,16.0,22.0,29.0,13.0,19.0,25.0,32.26075872863364,42.26075872863364,53.26075872863364,-4.0,4.0,11.0
2026-03-12,401851501,San Diego State Aztecs,Colorado State Rams,2026-03-12 21:00,2026-03-13T01:00:00Z,EDT,5.5,spread,team,10,10,730c45b9ab77,9e16b28176b0,7,1,12,14,4.25525,3.59575,7.851,0.6595,2.0,4.0,7.0,1.0,3.0,6.0,4.0,8.0,12.0,-3.0,1.0,4.0,26.8755,22.5665,50.91288518340591,4.309,20.0,27.0,34.0,16.0,22.0,29.0,39.47088518340591,50.47088518340591,62.47088518340591,-4.0,4.0,12.0
2026-03-12,401851501,San Diego State Aztecs,Colorado State Rams,2026-03-12 21:00,2026-03-13T01:00:00Z,EDT,5.5,spread,team,10,10,730c45b9ab77,9e16b28176b0,8,1,14,16,4.295,3.64125,7.93625,0.65375,2.0,4.0,7.0,1.0,4.0,6.0,4.0,8.0,12.0,-3.0,1.0,4.0,31.1705,26.20775,59.05926163817819,4.96275,23.0,31.0,39.0,19.0,26.0,34.0,46.68101163817819,58.68101163817819,71.68101163817819,-3.0,5.0,13.0
2026-03-12,401851501,San Diego State Aztecs,Colorado State Rams,2026-03-12 21:00,2026-03-13T01:00:00Z,EDT,5.5,spread,team,10,10,730c45b9ab77,9e16b28176b0,9,1,16,18,4.287,3.59775,7.88475,0.68925,2.0,4.0,7.0,1.0,3.0,6.0,4.0,8.0,12.0,-3.0,1.0,4.0,35.4575,29.8055,67.15413809295046,5.652,27.0,35.0,44.0,22.0,30.0,38.0,53.89113809295046,66.89113809295046,80.89113809295046,-3.0,6.0,14.0
2026-03-12,401851501,San Diego State Aztecs,Colorado State Rams,2026-03-12 21:00,2026-03-13T01:00:00Z,EDT,5.5,spread,team,10,10,730c45b9ab77,9e16b28176b0,10,1,18,20,4.4815,3.75825,8.23975,0.72325,2.0,4.0,7.0,1.0,4.0,6.0,5.0,8.0,12.0,-3.0,1.0,4.0,39.939,33.56375,73.50275,6.37525,31.0,40.0,49.0,26.0,33.0,42.0,59.0,73.0,89.0,-3.0,6.0,15.0
2026-03-12,401851501,San Diego State Aztecs,Colorado State Rams,2026-03-12 21:00,2026-03-13T01:00:00Z,EDT,5.5,spread,team,10,10,730c45b9ab77,9e16b28176b0,11,2,20,22,4.1,3.399,7.499,0.701,2.0,4.0,7.0,1.0,3.0,6.0,4.0,7.0,11.0,-3.0,1.0,4.0,44.039,36.96275,82.79508813737493,7.07625,35.0,44.0,53.0,29.0,37.0,45.0,68.79333813737493,82.79333813737493,97.79333813737492,-3.0,7.0,17.0
2026-03-12,401851501,San Diego State Aztecs,Colorado State Rams,2026-03-12 21:00,2026-03-13T01:00:00Z,EDT,5.5,spread,team,10,10,730c45b9ab77,9e16b28176b0,12,2,22,24,4.296,3.65575,7.95175,0.64025,2.0,4.0,7.0,1.0,3.0,6.0,4.0,8.0,12.0,-3.0,1.0,4.0,48.335,40.6185,90.43891172702712,7.7165,39.0,48.0,58.0,32.0,41.0,49.0,76.48541172702713,90.48541172702711,105.48541172702711,-2.0,8.0,18.0
2026-03-12,401851501,San Diego State Aztecs,Colorado State Rams,2026-03-12 21:00,2026-03-13T01:00:00Z,EDT,5.5,spread,team,10,10,730c45b9ab77,9e16b28176b0,13,2,24,26,4.0795,3.38875,7.46825,0.69075,2.0,4.0,7.0,1.0,3.0,6.0,4.0,7.0,11.0,-3.0,1.0,4.0,52.4145,44.00725,97.59923531667933,8.40725,43.0,52.0,62.0,35.900000000000034,44.0,53.0,83.17748531667932,97.17748531667932,112.17748531667932,-2.0,9.0,19.0
2026-03-12,401851501,San Diego State Aztecs,Colorado State Rams,2026-03-12 21:00,2026-03-13T01:00:00Z,EDT,5.5,spread,team,10,10,730c45b9ab77,9e16b28176b0,14,2,26,28,3.86225,3.157,7.01925,0.70525,1.0,4.0,6.0,1.0,3.0,6.0,4.0,7.0,11.0,-3.0,1.0,4.0,56.27675,47.16425,104.31055890633152,9.1125,47.0,56.0,66.0,39.0,47.0,56.0,88.86955890633152,103.86955890633152,118.86955890633152,-2.0,9.0,20.0
2026-03-12,401851501,San Diego State Aztecs,Colorado State Rams,2026-03-12 21:00,2026-03-13T01:00:00Z,EDT,5.5,spread,team,10,10,730c45b9ab77,9e16b28176b0,15,2,28,30,3.90175,3.25,7.15175,0.65175,1.0,4.0,7.0,1.0,3.0,6.0,4.0,7.0,11.0,-3.0,1.0,4.0,60.1785,50.41425,105.48347156133246,9.76425,50.0,60.0,70.0,41.0,50.0,60.0,89.89072156133247,104.89072156133248,120.89072156133248,-2.0,10.0,21.0
2026-03-12,401851501,San Diego State Aztecs,Colorado State Rams,2026-03-12 21:00,2026-03-13T01:00:00Z,EDT,5.5,spread,team,10,10,730c45b9ab77,9e16b28176b0,16,2,30,32,4.15725,3.4525,7.60975,0.70475,2.0,4.0,7.0,1.0,3.0,6.0,4.0,7.0,11.0,-3.0,1.0,4.0,64.33575,53.86675,118.45620608563593,10.469,54.0,64.0,74.0,45.0,54.0,63.0,103.25370608563593,118.25370608563593,134.2537060856359,-1.0,10.0,23.0
2026-03-12,401851501,San Diego State Aztecs,Colorado State Rams,2026-03-12 21:00,2026-03-13T01:00:00Z,EDT,5.5,spread,team,10,10,730c45b9ab77,9e16b28176b0,17,2,32,34,4.22325,3.46475,7.688,0.7585,2.0,4.0,7.0,1.0,3.0,6.0,4.0,8.0,11.0,-3.0,1.0,4.0,68.559,57.3315,125.83627967528813,11.2275,58.0,69.0,79.0,48.0,57.0,67.0,109.94577967528812,124.94577967528812,141.94577967528812,-1.0,11.0,23.0
2026-03-12,401851501,San Diego State Aztecs,Colorado State Rams,2026-03-12 21:00,2026-03-13T01:00:00Z,EDT,5.5,spread,team,10,10,730c45b9ab77,9e16b28176b0,18,2,34,36,4.37575,3.65,8.02575,0.72575,2.0,4.0,7.0,1.0,3.0,6.0,4.0,8.0,12.0,-3.0,1.0,4.0,72.93475,60.9815,133.5541032649403,11.95325,62.0,73.0,84.0,51.0,61.0,71.0,117.6378532649403,132.6378532649403,149.6378532649403,0.0,12.0,24.0
2026-03-12,401851501,San Diego State Aztecs,Colorado State Rams,2026-03-12 21:00,2026-03-13T01:00:00Z,EDT,5.5,spread,team,10,10,730c45b9ab77,9e16b28176b0,19,2,36,38,4.0955,3.4225,7.518,0.673,2.0,4.0,7.0,1.0,3.0,6.0,4.0,7.0,11.0,-3.0,1.0,4.0,77.03025,64.404,140.7641768545925,12.62625,66.0,77.0,88.0,55.0,64.0,74.0,124.3299268545925,140.3299268545925,157.3299268545925,0.0,13.0,25.0
2026-03-12,401851501,San Diego State Aztecs,Colorado State Rams,2026-03-12 21:00,2026-03-13T01:00:00Z,EDT,5.5,spread,team,10,10,730c45b9ab77,9e16b28176b0,20,2,38,40,6.8,5.61825,12.41825,1.18175,3.0,7.0,10.0,3.0,5.0,9.0,8.0,12.0,17.0,-3.0,1.0,5.0,83.83025,70.02225,153.8525,13.808,72.0,84.0,95.0,60.0,70.0,80.0,137.0,154.0,172.0,1.0,14.0,27.0
2026-03-12,401851502,New Mexico Lobos,San José State Spartans,2026-03-12 23:30,2026-03-13T03:30:00Z,EDT,14.5,spread,team,10,10,ce5b937d46d6,cd01285746cc,1,1,0,2,3.3595,2.503,5.8625,0.8565,1.0,3.0,6.0,1.0,2.0,5.0,3.0,6.0,9.0,-2.0,1.0,4.0,3.3595,2.503,6.072626454772274,0.8565,1.0,3.0,6.0,1.0,2.0,5.0,3.210126454772273,6.210126454772274,9.210126454772274,-2.0,1.0,4.0
2026-03-12,401851502,New Mexico Lobos,San José State Spartans,2026-03-12 23:30,2026-03-13T03:30:00Z,EDT,14.5,spread,team,10,10,ce5b937d46d6,cd01285746cc,2,1,2,4,4.141,3.23375,7.37475,0.90725,2.0,4.0,7.0,1.0,3.0,6.0,4.0,7.0,11.0,-3.0,1.0,4.0,7.5005,5.73675,13.657502909544547,1.76375,4.0,7.0,11.0,3.0,6.0,9.0,8.420252909544548,13.420252909544548,18.420252909544548,-3.0,2.0,6.0
2026-03-12,401851502,New Mexico Lobos,San José State Spartans,2026-03-12 23:30,2026-03-13T03:30:00Z,EDT,14.5,spread,team,10,10,ce5b937d46d6,cd01285746cc,3,1,4,6,4.0415,3.104,7.1455,0.9375,2.0,4.0,7.0,1.0,3.0,5.0,4.0,7.0,11.0,-2.0,1.0,4.0,11.542,8.84075,21.01312936431682,2.70125,7.0,11.0,16.0,5.0,9.0,13.0,14.63037936431682,20.63037936431682,27.63037936431682,-3.0,3.0,8.0
2026-03-12,401851502,New Mexico Lobos,San José State Spartans,2026-03-12 23:30,2026-03-13T03:30:00Z,EDT,14.5,spread,team,10,10,ce5b937d46d6,cd01285746cc,4,1,6,8,3.686,2.8205,6.5065,0.8655,1.0,3.0,6.0,1.0,3.0,5.0,3.0,6.0,10.0,-2.0,1.0,4.0,15.228,11.66125,27.729755819089096,3.56675,10.0,15.0,21.0,7.0,11.5,16.0,19.840505819089092,27.840505819089092,35.840505819089095,-3.0,3.0,10.0
2026-03-12,401851502,New Mexico Lobos,San José State Spartans,2026-03-12 23:30,2026-03-13T03:30:00Z,EDT,14.5,spread,team,10,10,ce5b937d46d6,cd01285746cc,5,1,8,10,4.29525,3.2175,7.51275,1.07775,2.0,4.0,7.0,1.0,3.0,6.0,4.0,7.0,11.0,-2.0,1.0,5.0,19.52325,14.87875,29.939241959154923,4.6445,14.0,19.0,26.0,10.0,15.0,20.0,21.53724195915492,29.53724195915492,39.53724195915492,-2.0,5.0,12.0
2026-03-12,401851502,New Mexico Lobos,San José State Spartans,2026-03-12 23:30,2026-03-13T03:30:00Z,EDT,14.5,spread,team,10,10,ce5b937d46d6,cd01285746cc,6,1,10,12,3.90875,3.00425,6.913,0.9045,1.0,4.0,7.0,1.0,3.0,5.0,4.0,7.0,10.0,-2.0,1.0,4.0,23.432,17.883,42.57575872863364,5.549,17.0,23.0,30.0,12.0,18.0,24.0,33.26075872863364,42.26075872863364,53.26075872863364,-2.0,6.0,13.0
2026-03-12,401851502,New Mexico Lobos,San José State Spartans,2026-03-12 23:30,2026-03-13T03:30:00Z,EDT,14.5,spread,team,10,10,ce5b937d46d6,cd01285746cc,7,1,12,14,4.283,3.2825,7.5655,1.0005,2.0,4.0,7.0,1.0,3.0,6.0,4.0,7.0,11.0,-2.0,1.0,4.0,27.715,21.1655,50.35138518340591,6.5495,21.0,27.0,35.0,15.0,21.0,28.0,39.47088518340591,49.47088518340591,61.47088518340591,-1.0,7.0,15.0
2026-03-12,401851502,New Mexico Lobos,San José State Spartans,2026-03-12 23:30,2026-03-13T03:30:00Z,EDT,14.5,spread,team,10,10,ce5b937d46d6,cd01285746cc,8,1,14,16,3.94225,2.966,6.90825,0.97625,1.0,4.0,7.0,1.0,3.0,5.0,4.0,7.0,10.0,-2.0,1.0,4.0,31.65725,24.1315,57.46976163817819,7.52575,24.0,31.0,40.0,18.0,24.0,31.0,45.68101163817819,56.68101163817819,69.68101163817819,-1.0,7.0,16.0
2026-03-12,401851502,New Mexico Lobos,San José State Spartans,2026-03-12 23:30,2026-03-13T03:30:00Z,EDT,14.5,spread,team,10,10,ce5b937d46d6,cd01285746cc,9,1,16,18,4.22425,3.2445,7.46875,0.97975,2.0,4.0,7.0,1.0,3.0,6.0,4.0,7.0,11.0,-2.0,1.0,4.0,35.8815,27.376,65.14863809295046,8.5055,27.0,36.0,45.0,20.0,27.0,35.0,51.89113809295046,64.89113809295046,78.89113809295046,0.0,8.0,17.09999999999991
2026-03-12,401851502,New Mexico Lobos,San José State Spartans,2026-03-12 23:30,2026-03-13T03:30:00Z,EDT,14.5,spread,team,10,10,ce5b937d46d6,cd01285746cc,10,1,18,20,4.10225,3.088,7.19025,1.01425,2.0,4.0,7.0,1.0,3.0,5.0,4.0,7.0,11.0,-2.0,1.0,4.0,39.98375,30.464,70.44775,9.51975,31.0,40.0,49.0,23.0,30.0,38.0,56.0,70.0,85.0,1.0,9.0,19.0
2026-03-12,401851502,New Mexico Lobos,San José State Spartans,2026-03-12 23:30,2026-03-13T03:30:00Z,EDT,14.5,spread,team,10,10,ce5b937d46d6,cd01285746cc,11,2,20,22,3.89125,2.69475,6.586,1.1965,2.0,4.0,7.0,1.0,3.0,5.0,3.0,6.0,10.0,-2.0,1.0,4.0,43.875,33.15875,78.82708813737493,10.71625,34.0,44.0,53.0,25.0,33.0,41.0,64.79333813737493,78.79333813737493,93.79333813737492,1.0,11.0,20.0
2026-03-12,401851502,New Mexico Lobos,San José State Spartans,2026-03-12 23:30,2026-03-13T03:30:00Z,EDT,14.5,spread,team,10,10,ce5b937d46d6,cd01285746cc,12,2,22,24,4.72525,3.21175,7.937,1.5135,2.0,5.0,8.0,1.0,3.0,6.0,4.0,8.0,12.0,-2.0,1.0,5.0,48.60025,36.3705,86.45616172702712,12.22975,39.0,48.0,58.0,28.0,36.0,45.0,72.48541172702713,86.48541172702713,101.48541172702711,2.0,12.0,23.0
2026-03-12,401851502,New Mexico Lobos,San José State Spartans,2026-03-12 23:30,2026-03-13T03:30:00Z,EDT,14.5,spread,team,10,10,ce5b937d46d6,cd01285746cc,13,2,24,26,4.22825,3.00225,7.2305,1.226,2.0,4.0,7.0,1.0,3.0,5.0,4.0,7.0,11.0,-2.0,1.0,5.0,52.8285,39.37275,93.37873531667933,13.45575,43.0,53.0,63.0,31.0,39.0,48.0,79.17748531667932,93.17748531667932,108.17748531667932,3.0,13.0,24.0
2026-03-12,401851502,New Mexico Lobos,San José State Spartans,2026-03-12 23:30,2026-03-13T03:30:00Z,EDT,14.5,spread,team,10,10,ce5b937d46d6,cd01285746cc,14,2,26,28,4.94525,3.3825,8.32775,1.56275,2.0,5.0,8.0,1.0,3.0,6.0,5.0,8.0,12.0,-2.0,1.0,5.0,57.77375,42.75525,101.39855890633152,15.0185,48.0,58.0,68.0,34.0,43.0,51.0,86.86955890633152,100.86955890633152,115.86955890633152,4.0,15.0,26.0
2026-03-12,401851502,New Mexico Lobos,San José State Spartans,2026-03-12 23:30,2026-03-13T03:30:00Z,EDT,14.5,spread,team,10,10,ce5b937d46d6,cd01285746cc,15,2,28,30,4.98175,3.43225,8.414,1.5495,2.0,5.0,8.0,1.0,3.0,6.0,5.0,8.0,12.0,-2.0,1.0,5.0,62.7555,46.1875,103.83372156133248,16.568,52.900000000000034,63.0,73.0,38.0,46.0,55.0,88.89072156133247,103.89072156133248,118.89072156133248,5.0,17.0,28.0
2026-03-12,401851502,New Mexico Lobos,San José State Spartans,2026-03-12 23:30,2026-03-13T03:30:00Z,EDT,14.5,spread,team,10,10,ce5b937d46d6,cd01285746cc,16,2,30,32,4.88225,3.37225,8.2545,1.51,2.0,5.0,8.0,1.0,3.0,6.0,4.0,8.0,12.0,-2.0,1.0,5.0,67.63775,49.55975,117.45120608563592,18.078,57.0,67.0,78.0,41.0,50.0,59.0,102.25370608563593,117.25370608563593,133.2537060856359,6.0,18.0,30.0
2026-03-12,401851502,New Mexico Lobos,San José State Spartans,2026-03-12 23:30,2026-03-13T03:30:00Z,EDT,14.5,spread,team,10,10,ce5b937d46d6,cd01285746cc,17,2,32,34,4.51575,3.10575,7.6215,1.41,2.0,4.0,7.0,1.0,3.0,5.0,4.0,7.0,11.0,-2.0,1.0,5.0,72.1535,52.6655,124.76477967528812,19.488,61.0,72.0,83.0,43.0,53.0,62.0,108.94577967528812,124.94577967528812,140.94577967528812,7.0,20.0,31.0
2026-03-12,401851502,New Mexico Lobos,San José State Spartans,2026-03-12 23:30,2026-03-13T03:30:00Z,EDT,14.5,spread,team,10,10,ce5b937d46d6,cd01285746cc,18,2,34,36,4.5755,3.188,7.7635,1.3875,2.0,4.0,7.0,1.0,3.0,6.0,4.0,8.0,12.0,-2.0,1.0,5.0,76.729,55.8535,132.22035326494031,20.8755,66.0,76.0,88.0,46.0,56.0,65.0,115.6378532649403,132.6378532649403,148.6378532649403,8.0,21.0,33.0
2026-03-12,401851502,New Mexico Lobos,San José State Spartans,2026-03-12 23:30,2026-03-13T03:30:00Z,EDT,14.5,spread,team,10,10,ce5b937d46d6,cd01285746cc,19,2,36,38,4.5465,3.108,7.6545,1.4385,2.0,4.0,7.0,1.0,3.0,5.0,4.0,7.0,11.099999999999907,-2.0,1.0,5.0,81.2755,58.9615,139.5669268545925,22.314,70.0,81.0,93.0,49.0,59.0,69.0,122.3299268545925,139.3299268545925,156.3299268545925,10.0,22.0,35.0
2026-03-12,401851502,New Mexico Lobos,San José State Spartans,2026-03-12 23:30,2026-03-13T03:30:00Z,EDT,14.5,spread,team,10,10,ce5b937d46d6,cd01285746cc,20,2,38,40,3.97125,2.734,6.70525,1.23725,2.0,4.0,7.0,1.0,3.0,5.0,3.0,7.0,10.0,-2.0,1.0,4.0,85.24675,61.6955,146.94225,23.55125,73.0,85.0,97.0,52.0,62.0,72.0,129.0,147.0,164.0,11.0,24.0,36.0
2026-03-12,401851561,Missouri Tigers,Kentucky Wildcats,2026-03-12 12:30,2026-03-12T16:30:00Z,EDT,2.5,spread,team,10,10,f8b04c4b7866,a22241b5e666,1,1,0,2,2.576,3.37325,5.94925,-0.79725,1.0,2.0,5.0,1.0,3.0,6.0,3.0,6.0,9.0,-4.0,-1.0,2.0,2.576,3.37325,6.159376454772274,-0.79725,1.0,2.0,5.0,1.0,3.0,6.0,3.210126454772273,6.210126454772274,9.210126454772274,-4.0,-1.0,2.0
2026-03-12,401851561,Missouri Tigers,Kentucky Wildcats,2026-03-12 12:30,2026-03-12T16:30:00Z,EDT,2.5,spread,team,10,10,f8b04c4b7866,a22241b5e666,2,1,2,4,3.38725,4.35325,7.7405,-0.966,1.0,3.0,6.0,2.0,4.0,7.0,4.0,8.0,12.0,-4.0,-1.0,3.0,5.96325,7.7265,14.110002909544548,-1.76325,3.0,6.0,9.0,4.0,8.0,11.0,9.420252909544548,14.420252909544548,19.420252909544548,-6.0,-2.0,3.0
2026-03-12,401851561,Missouri Tigers,Kentucky Wildcats,2026-03-12 12:30,2026-03-12T16:30:00Z,EDT,2.5,spread,team,10,10,f8b04c4b7866,a22241b5e666,3,1,4,6,3.123,4.11575,7.23875,-0.99275,1.0,3.0,5.0,2.0,4.0,7.0,4.0,7.0,11.0,-4.0,-1.0,2.0,9.08625,11.84225,21.55887936431682,-2.756,5.0,9.0,13.0,7.0,12.0,16.0,15.63037936431682,21.63037936431682,27.63037936431682,-8.0,-3.0,3.0
2026-03-12,401851561,Missouri Tigers,Kentucky Wildcats,2026-03-12 12:30,2026-03-12T16:30:00Z,EDT,2.5,spread,team,10,10,f8b04c4b7866,a22241b5e666,4,1,6,8,3.324,4.29775,7.62175,-0.97375,1.0,3.0,6.0,2.0,4.0,7.0,4.0,8.0,11.0,-4.0,-1.0,2.0,12.41025,16.14,29.39075581908909,-3.72975,8.0,12.0,17.0,11.0,16.0,22.0,21.840505819089092,28.840505819089092,36.840505819089095,-10.0,-4.0,3.0
2026-03-12,401851561,Missouri Tigers,Kentucky Wildcats,2026-03-12 12:30,2026-03-12T16:30:00Z,EDT,2.5,spread,team,10,10,f8b04c4b7866,a22241b5e666,5,1,8,10,2.97475,3.86075,6.8355,-0.886,1.0,3.0,5.0,1.0,4.0,6.0,3.0,7.0,10.0,-4.0,-1.0,2.0,15.385,20.00075,30.92299195915492,-4.61575,10.0,15.0,21.0,14.0,20.0,26.0,22.53724195915492,30.53724195915492,39.53724195915492,-12.0,-5.0,2.0
2026-03-12,401851561,Missouri Tigers,Kentucky Wildcats,2026-03-12 12:30,2026-03-12T16:30:00Z,EDT,2.5,spread,team,10,10,f8b04c4b7866,a22241b5e666,6,1,10,12,3.4165,4.41225,7.82875,-0.99575,1.0,3.0,6.0,2.0,4.0,7.0,4.0,8.0,12.0,-4.0,-1.0,2.0,18.8015,24.413,44.47525872863364,-5.6115,13.0,19.0,25.0,18.0,24.0,31.0,34.26075872863364,44.26075872863364,54.26075872863364,-13.0,-5.0,2.0
2026-03-12,401851561,Missouri Tigers,Kentucky Wildcats,2026-03-12 12:30,2026-03-12T16:30:00Z,EDT,2.5,spread,team,10,10,f8b04c4b7866,a22241b5e666,7,1,12,14,3.2875,4.29425,7.58175,-1.00675,1.0,3.0,6.0,2.0,4.0,7.0,4.0,7.0,11.0,-4.0,-1.0,2.0,22.089,28.70725,52.26713518340591,-6.61825,16.0,22.0,29.0,21.0,28.0,36.0,41.47088518340591,52.47088518340591,63.47088518340591,-15.0,-6.0,1.0
2026-03-12,401851561,Missouri Tigers,Kentucky Wildcats,2026-03-12 12:30,2026-03-12T16:30:00Z,EDT,2.5,spread,team,10,10,f8b04c4b7866,a22241b5e666,8,1,14,16,3.1975,4.10225,7.29975,-0.90475,1.0,3.0,6.0,2.0,4.0,7.0,4.0,7.0,11.0,-4.0,-1.0,2.0,25.2865,32.8095,59.77701163817819,-7.523,19.0,25.0,32.0,25.0,33.0,41.0,47.68101163817819,59.68101163817819,72.68101163817819,-16.0,-7.0,1.0
2026-03-12,401851561,Missouri Tigers,Kentucky Wildcats,2026-03-12 12:30,2026-03-12T16:30:00Z,EDT,2.5,spread,team,10,10,f8b04c4b7866,a22241b5e666,9,1,16,18,3.531,4.595,8.126,-1.064,1.0,3.0,6.0,2.0,4.0,7.0,4.0,8.0,12.0,-5.0,-1.0,3.0,28.8175,37.4045,68.11313809295045,-8.587,22.0,29.0,36.0,29.0,37.0,46.0,54.89113809295046,67.89113809295046,81.89113809295046,-17.0,-9.0,0.0
2026-03-12,401851561,Missouri Tigers,Kentucky Wildcats,2026-03-12 12:30,2026-03-12T16:30:00Z,EDT,2.5,spread,team,10,10,f8b04c4b7866,a22241b5e666,10,1,18,20,3.4285,4.399,7.8275,-0.9705,1.0,3.0,6.0,2.0,4.0,7.0,4.0,8.0,12.0,-4.0,-1.0,2.0,32.246,41.8035,74.0495,-9.5575,25.0,32.0,40.0,33.0,42.0,51.0,59.0,74.0,89.0,-18.0,-10.0,-1.0
2026-03-12,401851561,Missouri Tigers,Kentucky Wildcats,2026-03-12 12:30,2026-03-12T16:30:00Z,EDT,2.5,spread,team,10,10,f8b04c4b7866,a22241b5e666,11,2,20,22,2.94225,3.9845,6.92675,-1.04225,1.0,3.0,5.0,2.0,4.0,7.0,3.900000000000034,7.0,11.0,-4.0,-1.0,2.0,35.18825,45.788,82.76958813737492,-10.59975,27.0,35.0,43.0,36.0,46.0,55.0,67.79333813737493,82.79333813737493,97.79333813737492,-20.0,-11.0,-1.0
2026-03-12,401851561,Missouri Tigers,Kentucky Wildcats,2026-03-12 12:30,2026-03-12T16:30:00Z,EDT,2.5,spread,team,10,10,f8b04c4b7866,a22241b5e666,12,2,22,24,3.3455,4.6095,7.955,-1.264,1.0,3.0,6.0,2.0,4.0,7.0,4.0,8.0,12.0,-5.0,-1.0,2.0,38.53375,50.3975,90.41666172702712,-11.86375,30.0,38.0,47.0,41.0,50.0,60.0,75.48541172702713,90.48541172702711,105.48541172702711,-22.0,-12.0,-2.0
2026-03-12,401851561,Missouri Tigers,Kentucky Wildcats,2026-03-12 12:30,2026-03-12T16:30:00Z,EDT,2.5,spread,team,10,10,f8b04c4b7866,a22241b5e666,13,2,24,26,2.98975,4.1155,7.10525,-1.12575,1.0,3.0,5.0,2.0,4.0,7.0,4.0,7.0,11.0,-5.0,-1.0,2.0,41.5235,54.513,97.21398531667931,-12.9895,33.0,41.0,50.0,45.0,54.0,64.0,82.17748531667932,97.17748531667932,112.17748531667932,-23.0,-13.0,-2.0
2026-03-12,401851561,Missouri Tigers,Kentucky Wildcats,2026-03-12 12:30,2026-03-12T16:30:00Z,EDT,2.5,spread,team,10,10,f8b04c4b7866,a22241b5e666,14,2,26,28,2.98525,4.222,7.20725,-1.23675,1.0,3.0,5.0,2.0,4.0,7.0,4.0,7.0,11.0,-5.0,-1.0,2.0,44.50875,58.735,104.11330890633153,-14.22625,36.0,44.0,53.0,49.0,59.0,69.0,88.86955890633152,103.86955890633152,118.86955890633152,-25.0,-14.0,-3.0
2026-03-12,401851561,Missouri Tigers,Kentucky Wildcats,2026-03-12 12:30,2026-03-12T16:30:00Z,EDT,2.5,spread,team,10,10,f8b04c4b7866,a22241b5e666,15,2,28,30,3.3065,4.588,7.8945,-1.2815,1.0,3.0,6.0,2.0,4.0,7.0,4.0,8.0,12.0,-5.0,-1.0,2.0,47.81525,63.323,106.02897156133248,-15.50775,39.0,48.0,57.0,53.0,63.0,74.0,90.89072156133248,105.89072156133248,120.89072156133248,-27.0,-16.0,-4.0
2026-03-12,401851561,Missouri Tigers,Kentucky Wildcats,2026-03-12 12:30,2026-03-12T16:30:00Z,EDT,2.5,spread,team,10,10,f8b04c4b7866,a22241b5e666,16,2,30,32,3.4815,4.848,8.3295,-1.3665,1.0,3.0,6.0,2.0,5.0,8.0,5.0,8.0,12.0,-5.0,-1.0,2.0,51.29675,68.171,119.72145608563592,-16.87425,42.900000000000034,51.0,60.0,58.0,68.0,79.0,104.25370608563593,119.25370608563593,135.2537060856359,-28.0,-17.0,-5.0
2026-03-12,401851561,Missouri Tigers,Kentucky Wildcats,2026-03-12 12:30,2026-03-12T16:30:00Z,EDT,2.5,spread,team,10,10,f8b04c4b7866,a22241b5e666,17,2,32,34,3.364,4.7,8.064,-1.336,1.0,3.0,6.0,2.0,4.0,8.0,4.0,8.0,12.0,-5.0,-1.0,2.0,54.66075,72.871,127.47752967528812,-18.21025,46.0,55.0,64.0,62.0,73.0,84.0,111.94577967528812,126.94577967528812,142.94577967528812,-30.0,-18.0,-6.0
2026-03-12,401851561,Missouri Tigers,Kentucky Wildcats,2026-03-12 12:30,2026-03-12T16:30:00Z,EDT,2.5,spread,team,10,10,f8b04c4b7866,a22241b5e666,18,2,34,36,3.3855,4.748,8.1335,-1.3625,1.0,3.0,6.0,2.0,5.0,8.0,5.0,8.0,12.0,-5.0,-1.0,2.0,58.04625,77.619,135.3031032649403,-19.57275,49.0,58.0,67.0,67.0,77.0,89.0,118.6378532649403,135.6378532649403,151.6378532649403,-32.0,-20.0,-7.0
2026-03-12,401851561,Missouri Tigers,Kentucky Wildcats,2026-03-12 12:30,2026-03-12T16:30:00Z,EDT,2.5,spread,team,10,10,f8b04c4b7866,a22241b5e666,19,2,36,38,2.86175,3.98875,6.8505,-1.127,1.0,3.0,5.0,2.0,4.0,7.0,4.0,7.0,10.0,-5.0,-1.0,2.0,60.908,81.60775,141.8456768545925,-20.69975,52.0,61.0,71.0,71.0,81.0,93.0,125.3299268545925,141.3299268545925,158.3299268545925,-33.0,-21.0,-8.0
2026-03-12,401851561,Missouri Tigers,Kentucky Wildcats,2026-03-12 12:30,2026-03-12T16:30:00Z,EDT,2.5,spread,team,10,10,f8b04c4b7866,a22241b5e666,20,2,38,40,5.43475,7.58125,13.016,-2.1465,3.0,5.0,8.0,4.0,7.0,11.0,8.0,13.0,18.0,-6.0,-2.0,2.0,66.34275,89.189,155.53175,-22.84625,57.0,66.0,76.0,78.0,89.0,101.0,138.0,155.0,173.0,-36.0,-23.0,-10.0
2026-03-12,401851562,Tennessee Volunteers,Auburn Tigers,2026-03-12 15:00,2026-03-12T19:00:00Z,EDT,5.5,spread,team,10,10,e71d8f615a21,0b68071d0b61,1,1,0,2,3.30175,3.40725,6.709,-0.1055,1.0,3.0,6.0,1.0,3.0,6.0,3.0,7.0,10.0,-3.0,0.0,3.0,3.30175,3.40725,6.9191264547722735,-0.1055,1.0,3.0,6.0,1.0,3.0,6.0,3.210126454772273,7.210126454772274,10.210126454772274,-3.0,0.0,3.0
2026-03-12,401851562,Tennessee Volunteers,Auburn Tigers,2026-03-12 15:00,2026-03-12T19:00:00Z,EDT,5.5,spread,team,10,10,e71d8f615a21,0b68071d0b61,2,1,2,4,3.9205,4.044,7.9645,-0.1235,2.0,4.0,7.0,2.0,4.0,7.0,4.0,8.0,12.0,-4.0,0.0,3.0,7.22225,7.45125,15.093752909544548,-0.229,4.0,7.0,11.0,4.0,7.0,11.0,10.420252909544548,14.420252909544548,20.420252909544548,-5.0,0.0,4.0
2026-03-12,401851562,Tennessee Volunteers,Auburn Tigers,2026-03-12 15:00,2026-03-12T19:00:00Z,EDT,5.5,spread,team,10,10,e71d8f615a21,0b68071d0b61,3,1,4,6,3.78575,3.91825,7.704,-0.1325,1.0,4.0,6.0,2.0,4.0,7.0,4.0,7.5,12.0,-4.0,0.0,3.0,11.008,11.3695,23.00787936431682,-0.3615,7.0,11.0,15.0,7.0,11.0,16.0,16.63037936431682,22.63037936431682,29.63037936431682,-6.0,0.0,5.0
2026-03-12,401851562,Tennessee Volunteers,Auburn Tigers,2026-03-12 15:00,2026-03-12T19:00:00Z,EDT,5.5,spread,team,10,10,e71d8f615a21,0b68071d0b61,4,1,6,8,3.7,3.8295,7.5295,-0.1295,1.0,3.0,6.0,1.0,4.0,6.0,4.0,7.0,11.0,-4.0,0.0,3.0,14.708,15.199,30.747505819089096,-0.491,10.0,15.0,20.0,10.0,15.0,20.0,22.840505819089092,30.840505819089092,38.840505819089095,-7.0,0.0,6.0
2026-03-12,401851562,Tennessee Volunteers,Auburn Tigers,2026-03-12 15:00,2026-03-12T19:00:00Z,EDT,5.5,spread,team,10,10,e71d8f615a21,0b68071d0b61,5,1,8,10,3.6035,3.81725,7.42075,-0.21375,1.0,3.0,6.0,1.0,4.0,6.0,4.0,7.0,11.0,-4.0,0.0,3.0,18.3115,19.01625,32.86499195915492,-0.70475,13.0,18.0,24.0,13.0,19.0,25.0,23.53724195915492,32.53724195915492,41.53724195915492,-8.0,-1.0,6.0
2026-03-12,401851562,Tennessee Volunteers,Auburn Tigers,2026-03-12 15:00,2026-03-12T19:00:00Z,EDT,5.5,spread,team,10,10,e71d8f615a21,0b68071d0b61,6,1,10,12,3.8255,3.95125,7.77675,-0.12575,1.0,4.0,6.0,1.0,4.0,7.0,4.0,8.0,12.0,-4.0,0.0,3.0,22.137,22.9675,46.36525872863364,-0.8305,16.0,22.0,28.0,16.0,23.0,30.0,36.26075872863364,46.26075872863364,57.26075872863364,-8.0,-1.0,6.0
2026-03-12,401851562,Tennessee Volunteers,Auburn Tigers,2026-03-12 15:00,2026-03-12T19:00:00Z,EDT,5.5,spread,team,10,10,e71d8f615a21,0b68071d0b61,7,1,12,14,3.7955,3.897,7.6925,-0.1015,1.0,4.0,6.0,1.0,4.0,7.0,4.0,7.0,11.0,-4.0,0.0,3.0,25.9325,26.8645,54.26788518340591,-0.932,19.0,26.0,33.0,20.0,27.0,34.0,42.47088518340591,53.97088518340591,65.47088518340591,-9.0,-1.0,7.0
2026-03-12,401851562,Tennessee Volunteers,Auburn Tigers,2026-03-12 15:00,2026-03-12T19:00:00Z,EDT,5.5,spread,team,10,10,e71d8f615a21,0b68071d0b61,8,1,14,16,3.8435,4.00675,7.85025,-0.16325,1.0,4.0,6.0,2.0,4.0,7.0,4.0,8.0,12.0,-4.0,0.0,3.0,29.776,30.87125,62.32826163817819,-1.09525,23.0,30.0,37.0,23.0,31.0,39.0,49.68101163817819,61.68101163817819,74.68101163817819,-10.0,-1.0,7.0
2026-03-12,401851562,Tennessee Volunteers,Auburn Tigers,2026-03-12 15:00,2026-03-12T19:00:00Z,EDT,5.5,spread,team,10,10,e71d8f615a21,0b68071d0b61,9,1,16,18,3.834,3.9635,7.7975,-0.1295,1.0,4.0,7.0,2.0,4.0,7.0,4.0,8.0,12.0,-4.0,0.0,3.0,33.61,34.83475,70.33588809295046,-1.22475,26.0,33.0,42.0,27.0,35.0,43.0,56.89113809295046,69.89113809295046,83.89113809295046,-10.0,-1.0,7.0
2026-03-12,401851562,Tennessee Volunteers,Auburn Tigers,2026-03-12 15:00,2026-03-12T19:00:00Z,EDT,5.5,spread,team,10,10,e71d8f615a21,0b68071d0b61,10,1,18,20,4.05325,4.154,8.20725,-0.10075,2.0,4.0,7.0,2.0,4.0,7.0,5.0,8.0,12.0,-4.0,0.0,3.0,37.66325,38.98875,76.652,-1.3255,29.0,38.0,46.0,30.0,39.0,48.0,62.0,76.0,91.0,-10.0,-1.0,8.0
2026-03-12,401851562,Tennessee Volunteers,Auburn Tigers,2026-03-12 15:00,2026-03-12T19:00:00Z,EDT,5.5,spread,team,10,10,e71d8f615a21,0b68071d0b61,11,2,20,22,3.428,3.91425,7.34225,-0.48625,1.0,3.0,6.0,1.0,4.0,7.0,4.0,7.0,11.0,-4.0,0.0,3.0,41.09125,42.903,85.78758813737493,-1.81175,32.0,41.0,50.0,34.0,43.0,52.0,71.79333813737493,85.79333813737493,100.79333813737492,-11.0,-2.0,8.0
2026-03-12,401851562,Tennessee Volunteers,Auburn Tigers,2026-03-12 15:00,2026-03-12T19:00:00Z,EDT,5.5,spread,team,10,10,e71d8f615a21,0b68071d0b61,12,2,22,24,3.8745,4.408,8.2825,-0.5335,1.0,4.0,6.099999999999909,2.0,4.0,7.0,4.0,8.0,12.0,-4.0,-1.0,3.0,44.96575,47.311,93.76216172702712,-2.34525,36.0,45.0,54.0,38.0,47.0,56.0,79.48541172702713,93.48541172702711,108.48541172702711,-13.0,-2.0,8.0
2026-03-12,401851562,Tennessee Volunteers,Auburn Tigers,2026-03-12 15:00,2026-03-12T19:00:00Z,EDT,5.5,spread,team,10,10,e71d8f615a21,0b68071d0b61,13,2,24,26,3.704,4.329,8.033,-0.625,1.0,4.0,6.0,2.0,4.0,7.0,4.0,8.0,12.0,-4.0,-1.0,3.0,48.66975,51.64,101.48723531667932,-2.97025,40.0,49.0,58.0,43.0,51.0,61.0,87.17748531667932,101.17748531667932,116.17748531667932,-14.0,-3.0,8.0
2026-03-12,401851562,Tennessee Volunteers,Auburn Tigers,2026-03-12 15:00,2026-03-12T19:00:00Z,EDT,5.5,spread,team,10,10,e71d8f615a21,0b68071d0b61,14,2,26,28,3.61225,4.227,7.83925,-0.61475,1.0,3.0,6.0,2.0,4.0,7.0,4.0,8.0,12.0,-4.0,-1.0,3.0,52.282,55.867,109.01855890633152,-3.585,43.0,52.0,61.0,47.0,56.0,65.0,93.86955890633152,108.86955890633152,123.86955890633152,-15.0,-4.0,8.0
2026-03-12,401851562,Tennessee Volunteers,Auburn Tigers,2026-03-12 15:00,2026-03-12T19:00:00Z,EDT,5.5,spread,team,10,10,e71d8f615a21,0b68071d0b61,15,2,28,30,3.54475,4.1275,7.67225,-0.58275,1.0,3.0,6.0,2.0,4.0,7.0,4.0,7.5,11.0,-4.0,-1.0,3.0,55.82675,59.9945,110.71197156133248,-4.16775,47.0,56.0,65.0,51.0,60.0,70.0,95.89072156133248,109.89072156133248,125.89072156133248,-16.0,-4.0,7.0
2026-03-12,401851562,Tennessee Volunteers,Auburn Tigers,2026-03-12 15:00,2026-03-12T19:00:00Z,EDT,5.5,spread,team,10,10,e71d8f615a21,0b68071d0b61,16,2,30,32,3.82125,4.301,8.12225,-0.47975,1.0,4.0,6.0,2.0,4.0,7.0,4.0,8.0,12.0,-4.0,0.0,3.0,59.648,64.2955,124.19720608563593,-4.6475,50.0,60.0,69.0,55.0,64.0,74.0,109.25370608563593,124.25370608563593,140.2537060856359,-17.0,-5.0,7.0
2026-03-12,401851562,Tennessee Volunteers,Auburn Tigers,2026-03-12 15:00,2026-03-12T19:00:00Z,EDT,5.5,spread,team,10,10,e71d8f615a21,0b68071d0b61,17,2,32,34,3.68925,4.29325,7.9825,-0.604,1.0,3.0,6.0,2.0,4.0,7.0,4.0,8.0,12.0,-4.0,-1.0,3.0,63.33725,68.58875,131.8717796752881,-5.2515,53.0,63.0,73.0,59.0,68.0,79.0,115.94577967528812,131.94577967528812,147.94577967528812,-17.0,-5.0,7.0
2026-03-12,401851562,Tennessee Volunteers,Auburn Tigers,2026-03-12 15:00,2026-03-12T19:00:00Z,EDT,5.5,spread,team,10,10,e71d8f615a21,0b68071d0b61,18,2,34,36,3.7975,4.27575,8.07325,-0.47825,1.0,4.0,6.0,2.0,4.0,7.0,4.0,8.0,12.0,-4.0,-1.0,3.0,67.13475,72.8645,139.6371032649403,-5.72975,57.0,67.0,77.0,63.0,73.0,83.0,123.6378532649403,139.6378532649403,156.6378532649403,-18.0,-6.0,7.0
2026-03-12,401851562,Tennessee Volunteers,Auburn Tigers,2026-03-12 15:00,2026-03-12T19:00:00Z,EDT,5.5,spread,team,10,10,e71d8f615a21,0b68071d0b61,19,2,36,38,3.69025,4.268,7.95825,-0.57775,1.0,4.0,6.0,2.0,4.0,7.0,4.0,8.0,12.0,-4.0,-1.0,3.0,70.825,77.1325,147.28742685459252,-6.3075,61.0,71.0,81.0,67.0,77.0,88.0,130.3299268545925,147.3299268545925,164.3299268545925,-19.0,-6.0,6.0
2026-03-12,401851562,Tennessee Volunteers,Auburn Tigers,2026-03-12 15:00,2026-03-12T19:00:00Z,EDT,5.5,spread,team,10,10,e71d8f615a21,0b68071d0b61,20,2,38,40,6.29625,7.2305,13.52675,-0.93425,3.0,6.0,10.0,4.0,7.0,11.0,9.0,13.0,19.0,-6.0,-1.0,4.0,77.12125,84.363,161.48425,-7.24175,66.0,77.0,88.0,73.0,84.0,95.0,144.0,161.0,179.0,-20.0,-7.0,5.099999999999909
2026-03-12,401851563,Georgia Bulldogs,Ole Miss Rebels,2026-03-12 19:00,2026-03-12T23:00:00Z,EDT,5.5,spread,team,10,10,e71d8f615a21,0b68071d0b61,1,1,0,2,3.019,3.25175,6.27075,-0.23275,1.0,3.0,5.0,1.0,3.0,6.0,3.0,6.0,10.0,-3.0,0.0,3.0,3.019,3.25175,6.4808764547722735,-0.23275,1.0,3.0,5.0,1.0,3.0,6.0,3.210126454772273,6.210126454772274,10.210126454772274,-3.0,0.0,3.0
2026-03-12,401851563,Georgia Bulldogs,Ole Miss Rebels,2026-03-12 19:00,2026-03-12T23:00:00Z,EDT,5.5,spread,team,10,10,e71d8f615a21,0b68071d0b61,2,1,2,4,3.6445,3.89125,7.53575,-0.24675,1.0,3.0,6.0,1.0,4.0,7.0,4.0,7.0,11.0,-4.0,0.0,3.0,6.6635,7.143,14.226752909544548,-0.4795,3.0,6.0,10.0,4.0,7.0,11.0,9.420252909544548,14.420252909544548,19.420252909544548,-5.0,0.0,4.0
2026-03-12,401851563,Georgia Bulldogs,Ole Miss Rebels,2026-03-12 19:00,2026-03-12T23:00:00Z,EDT,5.5,spread,team,10,10,e71d8f615a21,0b68071d0b61,3,1,4,6,3.4755,3.74075,7.21625,-0.26525,1.0,3.0,6.0,1.0,4.0,6.0,4.0,7.0,11.0,-4.0,0.0,3.0,10.139,10.88375,21.65312936431682,-0.74475,6.0,10.0,14.0,7.0,11.0,15.0,15.63037936431682,21.63037936431682,28.63037936431682,-6.0,-1.0,5.0
2026-03-12,401851563,Georgia Bulldogs,Ole Miss Rebels,2026-03-12 19:00,2026-03-12T23:00:00Z,EDT,5.5,spread,team,10,10,e71d8f615a21,0b68071d0b61,4,1,6,8,3.339,3.6645,7.0035,-0.3255,1.0,3.0,6.0,1.0,3.0,6.0,4.0,7.0,11.0,-4.0,0.0,3.0,13.478,14.54825,28.866755819089096,-1.07025,9.0,13.0,18.0,10.0,14.0,20.0,21.840505819089092,28.840505819089092,36.840505819089095,-7.0,-1.0,5.0
2026-03-12,401851563,Georgia Bulldogs,Ole Miss Rebels,2026-03-12 19:00,2026-03-12T23:00:00Z,EDT,5.5,spread,team,10,10,e71d8f615a21,0b68071d0b61,5,1,8,10,3.32375,3.6705,6.99425,-0.34675,1.0,3.0,6.0,1.0,4.0,6.0,4.0,7.0,11.0,-4.0,0.0,3.0,16.80175,18.21875,30.55774195915492,-1.417,12.0,17.0,22.0,13.0,18.0,24.0,22.53724195915492,30.53724195915492,39.53724195915492,-8.0,-1.0,5.0
2026-03-12,401851563,Georgia Bulldogs,Ole Miss Rebels,2026-03-12 19:00,2026-03-12T23:00:00Z,EDT,5.5,spread,team,10,10,e71d8f615a21,0b68071d0b61,6,1,10,12,3.52525,3.89925,7.4245,-0.374,1.0,3.0,6.0,1.0,4.0,7.0,4.0,7.0,11.0,-4.0,0.0,3.0,20.327,22.118,43.70575872863364,-1.791,14.0,20.0,26.0,16.0,22.0,29.0,34.26075872863364,43.26075872863364,53.26075872863364,-9.0,-2.0,6.0
2026-03-12,401851563,Georgia Bulldogs,Ole Miss Rebels,2026-03-12 19:00,2026-03-12T23:00:00Z,EDT,5.5,spread,team,10,10,e71d8f615a21,0b68071d0b61,7,1,12,14,3.47175,3.7525,7.22425,-0.28075,1.0,3.0,6.0,1.0,4.0,6.0,4.0,7.0,11.0,-4.0,0.0,3.0,23.79875,25.8705,51.14013518340591,-2.07175,18.0,24.0,30.0,19.0,26.0,33.0,40.47088518340591,50.47088518340591,62.47088518340591,-10.0,-2.0,6.0
2026-03-12,401851563,Georgia Bulldogs,Ole Miss Rebels,2026-03-12 19:00,2026-03-12T23:00:00Z,EDT,5.5,spread,team,10,10,e71d8f615a21,0b68071d0b61,8,1,14,16,3.50825,3.8845,7.39275,-0.37625,1.0,3.0,6.0,1.0,4.0,7.0,4.0,7.0,11.0,-4.0,0.0,3.0,27.307,29.755,58.74301163817819,-2.448,21.0,27.0,34.0,22.0,30.0,37.0,47.68101163817819,58.68101163817819,70.68101163817819,-11.0,-2.0,6.0
2026-03-12,401851563,Georgia Bulldogs,Ole Miss Rebels,2026-03-12 19:00,2026-03-12T23:00:00Z,EDT,5.5,spread,team,10,10,e71d8f615a21,0b68071d0b61,9,1,16,18,3.5195,3.9105,7.43,-0.391,1.0,3.0,6.0,2.0,4.0,7.0,4.0,7.0,11.0,-4.0,0.0,3.0,30.8265,33.6655,66.38313809295046,-2.839,24.0,31.0,38.0,26.0,34.0,42.0,53.89113809295046,65.89113809295046,78.89113809295046,-11.0,-3.0,6.0
2026-03-12,401851563,Georgia Bulldogs,Ole Miss Rebels,2026-03-12 19:00,2026-03-12T23:00:00Z,EDT,5.5,spread,team,10,10,e71d8f615a21,0b68071d0b61,10,1,18,20,3.6505,3.9925,7.643,-0.342,1.0,3.0,6.0,2.0,4.0,7.0,4.0,7.0,11.0,-4.0,0.0,3.0,34.477,37.658,72.135,-3.181,27.0,34.0,43.0,29.900000000000038,37.0,46.0,59.0,72.0,86.0,-12.0,-3.0,5.0
2026-03-12,401851563,Georgia Bulldogs,Ole Miss Rebels,2026-03-12 19:00,2026-03-12T23:00:00Z,EDT,5.5,spread,team,10,10,e71d8f615a21,0b68071d0b61,11,2,20,22,3.2875,3.5975,6.885,-0.31,1.0,3.0,6.0,1.0,3.0,6.0,4.0,7.0,10.0,-4.0,0.0,3.0,37.7645,41.2555,80.81333813737493,-3.491,30.0,37.0,46.0,33.0,41.0,50.0,67.79333813737493,80.79333813737493,94.79333813737492,-13.0,-3.0,6.0
2026-03-12,401851563,Georgia Bulldogs,Ole Miss Rebels,2026-03-12 19:00,2026-03-12T23:00:00Z,EDT,5.5,spread,team,10,10,e71d8f615a21,0b68071d0b61,12,2,22,24,3.65875,4.01025,7.669,-0.3515,1.0,3.0,6.0,2.0,4.0,7.0,4.0,8.0,11.0,-4.0,0.0,3.0,41.42325,45.26575,88.17441172702712,-3.8425,33.0,41.0,50.0,37.0,45.0,54.0,74.48541172702713,87.48541172702713,102.48541172702711,-14.0,-4.0,6.0
2026-03-12,401851563,Georgia Bulldogs,Ole Miss Rebels,2026-03-12 19:00,2026-03-12T23:00:00Z,EDT,5.5,spread,team,10,10,e71d8f615a21,0b68071d0b61,13,2,24,26,3.5305,3.917,7.4475,-0.3865,1.0,3.0,6.0,1.0,4.0,7.0,4.0,7.0,11.0,-4.0,0.0,3.0,44.95375,49.18275,95.31398531667932,-4.229,37.0,45.0,54.0,40.0,49.0,58.0,81.17748531667932,95.17748531667932,109.27748531667925,-15.0,-4.0,6.0
2026-03-12,401851563,Georgia Bulldogs,Ole Miss Rebels,2026-03-12 19:00,2026-03-12T23:00:00Z,EDT,5.5,spread,team,10,10,e71d8f615a21,0b68071d0b61,14,2,26,28,3.48575,3.85625,7.342,-0.3705,1.0,3.0,6.0,1.0,4.0,6.0,4.0,7.0,11.0,-4.0,0.0,3.0,48.4395,53.039,102.34805890633152,-4.5995,40.0,48.0,57.0,43.0,53.0,62.0,87.86955890633152,101.86955890633152,116.86955890633152,-16.0,-4.0,6.0
2026-03-12,401851563,Georgia Bulldogs,Ole Miss Rebels,2026-03-12 19:00,2026-03-12T23:00:00Z,EDT,5.5,spread,team,10,10,e71d8f615a21,0b68071d0b61,15,2,28,30,3.401,3.68925,7.09025,-0.28825,1.0,3.0,6.0,1.0,3.0,6.0,4.0,7.0,11.0,-4.0,0.0,3.0,51.8405,56.72825,103.45947156133246,-4.88775,43.0,52.0,61.0,47.0,57.0,66.0,88.89072156133247,102.89072156133248,117.89072156133248,-16.0,-5.0,6.0
2026-03-12,401851563,Georgia Bulldogs,Ole Miss Rebels,2026-03-12 19:00,2026-03-12T23:00:00Z,EDT,5.5,spread,team,10,10,e71d8f615a21,0b68071d0b61,16,2,30,32,3.6115,3.99275,7.60425,-0.38125,1.0,3.0,6.0,2.0,4.0,7.0,4.0,7.0,11.0,-4.0,0.0,3.0,55.452,60.721,116.42670608563591,-5.269,46.0,55.0,65.0,51.0,61.0,70.0,101.25370608563593,116.25370608563593,131.2537060856359,-17.0,-5.0,6.0
2026-03-12,401851563,Georgia Bulldogs,Ole Miss Rebels,2026-03-12 19:00,2026-03-12T23:00:00Z,EDT,5.5,spread,team,10,10,e71d8f615a21,0b68071d0b61,17,2,32,34,3.5275,3.91825,7.44575,-0.39075,1.0,3.0,6.0,2.0,4.0,7.0,4.0,7.0,11.0,-4.0,0.0,3.0,58.9795,64.63925,123.56452967528811,-5.65975,50.0,59.0,68.0,54.900000000000034,65.0,75.0,107.94577967528812,122.94577967528812,138.94577967528812,-17.0,-6.0,6.0
2026-03-12,401851563,Georgia Bulldogs,Ole Miss Rebels,2026-03-12 19:00,2026-03-12T23:00:00Z,EDT,5.5,spread,team,10,10,e71d8f615a21,0b68071d0b61,18,2,34,36,3.62975,3.9995,7.62925,-0.36975,1.0,3.0,6.0,2.0,4.0,7.0,4.0,7.0,11.0,-4.0,0.0,3.0,62.60925,68.63875,130.8858532649403,-6.0295,53.0,63.0,72.0,58.0,69.0,79.0,114.6378532649403,130.6378532649403,146.6378532649403,-18.0,-6.0,6.0
2026-03-12,401851563,Georgia Bulldogs,Ole Miss Rebels,2026-03-12 19:00,2026-03-12T23:00:00Z,EDT,5.5,spread,team,10,10,e71d8f615a21,0b68071d0b61,19,2,36,38,3.53025,3.90675,7.437,-0.3765,1.0,3.0,6.0,1.0,4.0,7.0,4.0,7.0,11.0,-4.0,0.0,3.0,66.1395,72.5455,138.0149268545925,-6.406,56.0,66.0,76.0,62.0,72.0,83.0,121.3299268545925,137.3299268545925,154.3299268545925,-19.0,-6.0,6.0
2026-03-12,401851563,Georgia Bulldogs,Ole Miss Rebels,2026-03-12 19:00,2026-03-12T23:00:00Z,EDT,5.5,spread,team,10,10,e71d8f615a21,0b68071d0b61,20,2,38,40,5.99,6.54325,12.53325,-0.55325,3.0,6.0,9.0,3.0,6.0,10.0,8.0,12.0,17.0,-5.0,0.0,4.0,72.1295,79.08875,151.21825,-6.95925,62.0,72.0,83.0,68.0,79.0,90.0,134.0,151.0,169.0,-19.0,-7.0,6.0
2026-03-12,401851564,Texas A&M Aggies,Oklahoma Sooners,2026-03-12 21:30,2026-03-13T01:30:00Z,EDT,2.5,spread,team,10,10,dfa791c98869,ce87f51be559,1,1,0,2,2.833,2.982,5.815,-0.149,1.0,3.0,5.0,1.0,3.0,5.0,3.0,6.0,9.0,-3.0,0.0,3.0,2.833,2.982,6.025126454772274,-0.149,1.0,3.0,5.0,1.0,3.0,5.0,3.210126454772273,6.210126454772274,9.210126454772274,-3.0,0.0,3.0
2026-03-12,401851564,Texas A&M Aggies,Oklahoma Sooners,2026-03-12 21:30,2026-03-13T01:30:00Z,EDT,2.5,spread,team,10,10,dfa791c98869,ce87f51be559,2,1,2,4,4.44,4.579,9.019,-0.139,2.0,4.0,7.0,2.0,4.0,7.0,5.0,9.0,13.0,-4.0,0.0,4.0,7.273,7.561,15.254252909544547,-0.288,4.0,7.0,11.0,4.0,7.0,11.0,10.420252909544548,15.420252909544548,20.420252909544548,-5.0,0.0,4.0
2026-03-12,401851564,Texas A&M Aggies,Oklahoma Sooners,2026-03-12 21:30,2026-03-13T01:30:00Z,EDT,2.5,spread,team,10,10,dfa791c98869,ce87f51be559,3,1,4,6,3.91375,4.03775,7.9515,-0.124,2.0,4.0,7.0,2.0,4.0,7.0,4.0,8.0,12.0,-4.0,0.0,3.0,11.18675,11.59875,23.41587936431682,-0.412,7.0,11.0,16.0,7.0,11.0,16.0,16.63037936431682,23.63037936431682,30.63037936431682,-6.0,0.0,5.0
2026-03-12,401851564,Texas A&M Aggies,Oklahoma Sooners,2026-03-12 21:30,2026-03-13T01:30:00Z,EDT,2.5,spread,team,10,10,dfa791c98869,ce87f51be559,4,1,6,8,3.51875,3.593,7.11175,-0.07425,1.0,3.0,6.0,1.0,3.0,6.0,4.0,7.0,11.0,-3.0,0.0,3.0,14.7055,15.19175,30.73775581908909,-0.48625,10.0,14.0,20.0,10.0,15.0,20.0,22.840505819089092,30.840505819089092,38.840505819089095,-7.0,-1.0,6.0
2026-03-12,401851564,Texas A&M Aggies,Oklahoma Sooners,2026-03-12 21:30,2026-03-13T01:30:00Z,EDT,2.5,spread,team,10,10,dfa791c98869,ce87f51be559,5,1,8,10,3.317,3.506,6.823,-0.189,1.0,3.0,6.0,1.0,3.0,6.0,3.0,7.0,10.0,-3.0,0.0,3.0,18.0225,18.69775,32.25749195915492,-0.67525,13.0,18.0,24.0,13.0,18.0,24.0,23.53724195915492,31.53724195915492,40.53724195915492,-8.0,-1.0,6.0
2026-03-12,401851564,Texas A&M Aggies,Oklahoma Sooners,2026-03-12 21:30,2026-03-13T01:30:00Z,EDT,2.5,spread,team,10,10,dfa791c98869,ce87f51be559,6,1,10,12,3.6115,3.765,7.3765,-0.1535,1.0,3.0,6.0,1.0,4.0,6.0,4.0,7.0,11.0,-4.0,0.0,3.0,21.634,22.46275,45.35750872863364,-0.82875,16.0,21.0,28.0,16.0,22.0,29.0,36.26075872863364,45.26075872863364,55.26075872863364,-9.0,-1.0,7.0
2026-03-12,401851564,Texas A&M Aggies,Oklahoma Sooners,2026-03-12 21:30,2026-03-13T01:30:00Z,EDT,2.5,spread,team,10,10,dfa791c98869,ce87f51be559,7,1,12,14,3.6625,3.815,7.4775,-0.1525,1.0,3.0,6.0,1.0,4.0,6.0,4.0,7.0,11.0,-4.0,0.0,3.0,25.2965,26.27775,53.04513518340591,-0.98125,19.0,25.0,32.0,20.0,26.0,33.0,42.47088518340591,52.47088518340591,63.47088518340591,-9.0,-1.0,7.0
2026-03-12,401851564,Texas A&M Aggies,Oklahoma Sooners,2026-03-12 21:30,2026-03-13T01:30:00Z,EDT,2.5,spread,team,10,10,dfa791c98869,ce87f51be559,8,1,14,16,3.92975,4.084,8.01375,-0.15425,2.0,4.0,7.0,2.0,4.0,7.0,4.0,8.0,12.0,-4.0,0.0,3.0,29.22625,30.36175,61.26901163817819,-1.1355,22.0,29.0,36.0,23.0,30.0,38.0,49.68101163817819,60.68101163817819,73.68101163817819,-10.0,-1.0,7.0
2026-03-12,401851564,Texas A&M Aggies,Oklahoma Sooners,2026-03-12 21:30,2026-03-13T01:30:00Z,EDT,2.5,spread,team,10,10,dfa791c98869,ce87f51be559,9,1,16,18,3.5615,3.63325,7.19475,-0.07175,1.0,3.0,6.0,1.0,3.0,6.0,4.0,7.0,11.0,-4.0,0.0,3.0,32.78775,33.995,68.67388809295045,-1.20725,25.0,33.0,40.0,26.0,34.0,42.0,55.89113809295046,67.89113809295046,81.89113809295046,-10.0,-1.0,8.0
2026-03-12,401851564,Texas A&M Aggies,Oklahoma Sooners,2026-03-12 21:30,2026-03-13T01:30:00Z,EDT,2.5,spread,team,10,10,dfa791c98869,ce87f51be559,10,1,18,20,3.674,3.85375,7.52775,-0.17975,1.0,3.5,6.0,1.0,4.0,6.0,4.0,7.0,11.0,-4.0,0.0,3.0,36.46175,37.84875,74.3105,-1.387,28.0,36.0,45.0,30.0,38.0,46.0,61.0,74.0,88.0,-11.0,-1.0,8.0
2026-03-12,401851564,Texas A&M Aggies,Oklahoma Sooners,2026-03-12 21:30,2026-03-13T01:30:00Z,EDT,2.5,spread,team,10,10,dfa791c98869,ce87f51be559,11,2,20,22,2.26175,2.42775,4.6895,-0.166,0.0,2.0,4.0,1.0,2.0,5.0,2.0,5.0,8.0,-3.0,0.0,3.0,38.7235,40.2765,80.79333813737493,-1.553,30.0,39.0,47.0,32.0,40.0,49.0,67.79333813737493,80.79333813737493,94.79333813737492,-11.0,-2.0,8.0
2026-03-12,401851564,Texas A&M Aggies,Oklahoma Sooners,2026-03-12 21:30,2026-03-13T01:30:00Z,EDT,2.5,spread,team,10,10,dfa791c98869,ce87f51be559,12,2,22,24,2.3655,2.60725,4.97275,-0.24175,0.0,2.0,4.0,1.0,2.0,5.0,2.0,5.0,8.0,-3.0,0.0,3.0,41.089,42.88375,85.45816172702713,-1.79475,33.0,41.0,50.0,34.0,43.0,51.0,71.48541172702713,85.48541172702713,99.48541172702711,-12.0,-2.0,8.0
2026-03-12,401851564,Texas A&M Aggies,Oklahoma Sooners,2026-03-12 21:30,2026-03-13T01:30:00Z,EDT,2.5,spread,team,10,10,dfa791c98869,ce87f51be559,13,2,24,26,2.58425,2.821,5.40525,-0.23675,1.0,2.0,5.0,1.0,3.0,5.0,2.0,5.0,9.0,-3.0,0.0,3.0,43.67325,45.70475,90.55548531667932,-2.0315,35.0,44.0,52.0,37.0,46.0,54.0,76.17748531667932,90.17748531667932,104.17748531667932,-13.0,-2.0,8.0
2026-03-12,401851564,Texas A&M Aggies,Oklahoma Sooners,2026-03-12 21:30,2026-03-13T01:30:00Z,EDT,2.5,spread,team,10,10,dfa791c98869,ce87f51be559,14,2,26,28,2.401,2.59175,4.99275,-0.19075,1.0,2.0,5.0,1.0,2.0,5.0,2.0,5.0,8.0,-3.0,0.0,2.099999999999909,46.07425,48.2965,95.24030890633152,-2.22225,37.0,46.0,55.0,40.0,48.0,57.0,80.86955890633152,94.86955890633152,109.86955890633152,-13.0,-2.0,8.0
2026-03-12,401851564,Texas A&M Aggies,Oklahoma Sooners,2026-03-12 21:30,2026-03-13T01:30:00Z,EDT,2.5,spread,team,10,10,dfa791c98869,ce87f51be559,15,2,28,30,2.5475,2.715,5.2625,-0.1675,1.0,2.0,5.0,1.0,3.0,5.0,2.0,5.0,8.0,-3.0,0.0,3.0,48.62175,51.0115,95.24030890633152,-2.38975,40.0,48.0,58.0,42.0,51.0,60.0,80.86955890633152,94.89072156133248,109.86955890633152,-13.0,-2.0,9.0
2026-03-12,401851564,Texas A&M Aggies,Oklahoma Sooners,2026-03-12 21:30,2026-03-13T01:30:00Z,EDT,2.5,spread,team,10,10,dfa791c98869,ce87f51be559,16,2,30,32,2.39025,2.60425,4.9945,-0.214,1.0,2.0,5.0,1.0,2.0,5.0,2.0,5.0,8.0,-3.0,0.0,3.0,51.012,53.61575,104.88145608563592,-2.60375,42.0,51.0,60.0,44.0,54.0,63.0,89.25370608563591,105.25370608563593,120.25370608563593,-14.0,-3.0,9.0
2026-03-12,401851564,Texas A&M Aggies,Oklahoma Sooners,2026-03-12 21:30,2026-03-13T01:30:00Z,EDT,2.5,spread,team,10,10,dfa791c98869,ce87f51be559,17,2,32,34,2.638,2.81825,5.45625,-0.18025,1.0,2.0,5.0,1.0,3.0,5.0,2.0,5.0,9.0,-3.0,0.0,3.0,53.65,56.434,110.02977967528813,-2.784,44.0,53.5,63.0,47.0,56.0,66.0,94.84577967528814,109.94577967528812,124.94577967528812,-15.0,-3.0,9.0
2026-03-12,401851564,Texas A&M Aggies,Oklahoma Sooners,2026-03-12 21:30,2026-03-13T01:30:00Z,EDT,2.5,spread,team,10,10,dfa791c98869,ce87f51be559,18,2,34,36,2.2785,2.496,4.7745,-0.2175,0.0,2.0,4.0,1.0,2.0,5.0,2.0,5.0,8.0,-3.0,0.0,2.0,55.9285,58.93,114.49635326494032,-3.0015,46.0,56.0,66.0,49.0,59.0,69.0,98.6378532649403,114.6378532649403,130.6378532649403,-15.0,-3.0,9.0
2026-03-12,401851564,Texas A&M Aggies,Oklahoma Sooners,2026-03-12 21:30,2026-03-13T01:30:00Z,EDT,2.5,spread,team,10,10,dfa791c98869,ce87f51be559,19,2,36,38,2.3435,2.47975,4.82325,-0.13625,0.0,2.0,4.0,1.0,2.0,5.0,2.0,5.0,8.0,-3.0,0.0,3.0,58.272,61.40975,119.0116768545925,-3.13775,48.0,58.0,68.0,51.0,61.0,72.0,102.3299268545925,119.3299268545925,135.3299268545925,-15.0,-3.0,9.0
2026-03-12,401851564,Texas A&M Aggies,Oklahoma Sooners,2026-03-12 21:30,2026-03-13T01:30:00Z,EDT,2.5,spread,team,10,10,dfa791c98869,ce87f51be559,20,2,38,40,4.1395,4.353,8.4925,-0.2135,2.0,4.0,7.0,2.0,4.0,7.0,5.0,8.0,13.0,-4.0,0.0,3.0,62.4115,65.76275,128.17425,-3.35125,52.0,62.0,73.0,55.0,66.0,77.0,110.0,128.0,146.0,-16.0,-3.0,9.0
2026-03-12,401851719,Texas Southern Tigers,Alabama A&M Bulldogs,2026-03-12 14:00,2026-03-12T18:00:00Z,EDT,0.0,spread,team,10,10,e71d8f615a21,0b68071d0b61,1,1,0,2,3.323,2.60975,5.93275,0.71325,1.0,3.0,6.0,1.0,2.0,5.0,3.0,6.0,9.0,-2.0,1.0,4.0,3.323,2.60975,6.142876454772274,0.71325,1.0,3.0,6.0,1.0,2.0,5.0,3.210126454772273,6.210126454772274,9.210126454772274,-2.0,1.0,4.0
2026-03-12,401851719,Texas Southern Tigers,Alabama A&M Bulldogs,2026-03-12 14:00,2026-03-12T18:00:00Z,EDT,0.0,spread,team,10,10,e71d8f615a21,0b68071d0b61,2,1,2,4,4.04725,3.08875,7.136,0.9585,2.0,4.0,7.0,1.0,3.0,5.0,4.0,7.0,11.0,-2.0,1.0,4.0,7.37025,5.6985,13.489002909544547,1.67175,4.0,7.0,11.0,3.0,5.0,9.0,8.420252909544548,13.420252909544548,18.420252909544548,-3.0,2.0,6.0
2026-03-12,401851719,Texas Southern Tigers,Alabama A&M Bulldogs,2026-03-12 14:00,2026-03-12T18:00:00Z,EDT,0.0,spread,team,10,10,e71d8f615a21,0b68071d0b61,3,1,4,6,3.8995,2.945,6.8445,0.9545,1.900000000000034,4.0,7.0,1.0,3.0,5.0,4.0,7.0,10.0,-2.0,1.0,4.0,11.26975,8.6435,20.54362936431682,2.62625,7.0,11.0,16.0,5.0,8.0,13.0,14.63037936431682,20.63037936431682,27.63037936431682,-3.0,3.0,8.0
2026-03-12,401851719,Texas Southern Tigers,Alabama A&M Bulldogs,2026-03-12 14:00,2026-03-12T18:00:00Z,EDT,0.0,spread,team,10,10,e71d8f615a21,0b68071d0b61,4,1,6,8,3.8335,2.907,6.7405,0.9265,1.0,4.0,6.0,1.0,3.0,5.0,3.0,7.0,10.0,-2.0,1.0,4.0,15.10325,11.5505,27.49425581908909,3.55275,10.0,15.0,21.0,7.0,11.0,16.0,19.840505819089092,26.840505819089092,35.840505819089095,-3.0,3.0,10.0
2026-03-12,401851719,Texas Southern Tigers,Alabama A&M Bulldogs,2026-03-12 14:00,2026-03-12T18:00:00Z,EDT,0.0,spread,team,10,10,e71d8f615a21,0b68071d0b61,5,1,8,10,3.73725,2.86725,6.6045,0.87,1.0,4.0,6.0,1.0,3.0,5.0,3.0,6.0,10.0,-2.0,1.0,4.0,18.8405,14.41775,28.79549195915492,4.42275,13.0,19.0,25.0,9.0,14.0,20.0,20.53724195915492,28.53724195915492,37.53724195915492,-2.0,4.0,11.0
2026-03-12,401851719,Texas Southern Tigers,Alabama A&M Bulldogs,2026-03-12 14:00,2026-03-12T18:00:00Z,EDT,0.0,spread,team,10,10,e71d8f615a21,0b68071d0b61,6,1,10,12,3.9355,2.97475,6.91025,0.96075,1.0,4.0,7.0,1.0,3.0,5.0,3.0,7.0,11.0,-2.0,1.0,4.0,22.776,17.3925,41.42925872863364,5.3835,16.0,23.0,30.0,12.0,17.0,23.0,31.26075872863364,41.26075872863364,51.26075872863364,-2.0,5.0,13.0
2026-03-12,401851719,Texas Southern Tigers,Alabama A&M Bulldogs,2026-03-12 14:00,2026-03-12T18:00:00Z,EDT,0.0,spread,team,10,10,e71d8f615a21,0b68071d0b61,7,1,12,14,3.848,2.98425,6.83225,0.86375,1.0,4.0,6.0,1.0,3.0,5.0,3.0,7.0,10.0,-2.0,1.0,4.0,26.624,20.37675,48.47163518340591,6.24725,19.0,26.0,34.0,14.0,20.0,27.0,37.47088518340591,48.47088518340591,59.47088518340591,-2.0,6.0,14.0
2026-03-12,401851719,Texas Southern Tigers,Alabama A&M Bulldogs,2026-03-12 14:00,2026-03-12T18:00:00Z,EDT,0.0,spread,team,10,10,e71d8f615a21,0b68071d0b61,8,1,14,16,3.9765,3.04,7.0165,0.9365,2.0,4.0,7.0,1.0,3.0,5.0,4.0,7.0,11.0,-2.0,1.0,4.0,30.6005,23.41675,55.69826163817819,7.18375,23.0,30.0,39.0,17.0,23.0,30.0,43.68101163817819,55.68101163817819,68.68101163817819,-1.0,7.0,15.0
2026-03-12,401851719,Texas Southern Tigers,Alabama A&M Bulldogs,2026-03-12 14:00,2026-03-12T18:00:00Z,EDT,0.0,spread,team,10,10,e71d8f615a21,0b68071d0b61,9,1,16,18,3.92,3.02675,6.94675,0.89325,2.0,4.0,6.0,1.0,3.0,5.0,4.0,7.0,11.0,-2.0,1.0,4.0,34.5205,26.4435,62.85513809295046,8.077,26.0,34.0,43.0,19.0,26.0,34.0,49.89113809295046,62.89113809295046,76.89113809295046,-1.0,8.0,17.0
2026-03-12,401851719,Texas Southern Tigers,Alabama A&M Bulldogs,2026-03-12 14:00,2026-03-12T18:00:00Z,EDT,0.0,spread,team,10,10,e71d8f615a21,0b68071d0b61,10,1,18,20,4.0855,3.13,7.2155,0.9555,2.0,4.0,7.0,1.0,3.0,6.0,4.0,7.0,11.0,-2.0,1.0,4.0,38.606,29.5735,68.1795,9.0325,29.900000000000038,38.0,48.0,22.0,29.0,38.0,54.0,68.0,83.0,0.0,9.0,18.0
2026-03-12,401851719,Texas Southern Tigers,Alabama A&M Bulldogs,2026-03-12 14:00,2026-03-12T18:00:00Z,EDT,0.0,spread,team,10,10,e71d8f615a21,0b68071d0b61,11,2,20,22,3.88,2.48075,6.36075,1.39925,2.0,4.0,7.0,1.0,2.0,5.0,3.0,6.0,10.0,-2.0,1.0,5.0,42.486,32.05425,76.33358813737493,10.43175,33.0,42.0,52.0,24.0,32.0,40.0,62.79333813737493,75.79333813737493,90.79333813737492,1.0,10.0,20.0
2026-03-12,401851719,Texas Southern Tigers,Alabama A&M Bulldogs,2026-03-12 14:00,2026-03-12T18:00:00Z,EDT,0.0,spread,team,10,10,e71d8f615a21,0b68071d0b61,12,2,22,24,4.4045,2.86475,7.26925,1.53975,2.0,4.0,7.0,1.0,3.0,5.0,4.0,7.0,11.0,-2.0,2.0,5.0,46.8905,34.919,83.29491172702713,11.9715,37.0,47.0,56.0,27.0,35.0,43.0,69.48541172702713,82.48541172702713,98.48541172702711,2.0,12.0,22.0
2026-03-12,401851719,Texas Southern Tigers,Alabama A&M Bulldogs,2026-03-12 14:00,2026-03-12T18:00:00Z,EDT,0.0,spread,team,10,10,e71d8f615a21,0b68071d0b61,13,2,24,26,4.25075,2.693,6.94375,1.55775,2.0,4.0,7.0,1.0,2.0,5.0,4.0,7.0,11.0,-2.0,2.0,5.0,51.14125,37.612,89.93073531667932,13.52925,41.0,51.0,61.0,30.0,37.0,46.0,76.17748531667932,89.17748531667932,104.17748531667932,3.0,14.0,24.0
2026-03-12,401851719,Texas Southern Tigers,Alabama A&M Bulldogs,2026-03-12 14:00,2026-03-12T18:00:00Z,EDT,0.0,spread,team,10,10,e71d8f615a21,0b68071d0b61,14,2,26,28,4.13825,2.689,6.82725,1.44925,2.0,4.0,7.0,1.0,3.0,5.0,3.0,7.0,10.0,-2.0,1.0,5.0,55.2795,40.301,96.45005890633152,14.9785,45.0,55.0,65.0,32.0,40.0,49.0,81.86955890633152,95.86955890633152,111.86955890633152,4.0,15.0,26.0
2026-03-12,401851719,Texas Southern Tigers,Alabama A&M Bulldogs,2026-03-12 14:00,2026-03-12T18:00:00Z,EDT,0.0,spread,team,10,10,e71d8f615a21,0b68071d0b61,15,2,28,30,4.0555,2.59325,6.64875,1.46225,2.0,4.0,7.0,1.0,2.0,5.0,3.0,6.0,10.0,-2.0,1.0,5.0,59.335,42.89425,97.11997156133246,16.44075,49.0,59.0,69.0,34.900000000000034,43.0,52.0,81.89072156133247,96.89072156133248,111.89072156133248,5.0,17.0,28.0
2026-03-12,401851719,Texas Southern Tigers,Alabama A&M Bulldogs,2026-03-12 14:00,2026-03-12T18:00:00Z,EDT,0.0,spread,team,10,10,e71d8f615a21,0b68071d0b61,16,2,30,32,4.3335,2.776,7.1095,1.5575,2.0,4.0,7.0,1.0,3.0,5.0,4.0,7.0,11.0,-2.0,2.0,5.0,63.6685,45.67025,109.59245608563592,17.99825,53.0,63.0,74.0,37.0,46.0,55.0,94.25370608563593,109.25370608563593,125.25370608563593,6.0,18.0,30.0
2026-03-12,401851719,Texas Southern Tigers,Alabama A&M Bulldogs,2026-03-12 14:00,2026-03-12T18:00:00Z,EDT,0.0,spread,team,10,10,e71d8f615a21,0b68071d0b61,17,2,32,34,4.2265,2.6615,6.888,1.565,2.0,4.0,7.0,1.0,2.0,5.0,4.0,7.0,11.0,-2.0,2.0,5.0,67.895,48.33175,116.1725296752881,19.56325,57.0,68.0,79.0,39.0,48.0,57.09999999999991,100.94577967528812,115.94577967528812,131.94577967528812,8.0,20.0,32.0
2026-03-12,401851719,Texas Southern Tigers,Alabama A&M Bulldogs,2026-03-12 14:00,2026-03-12T18:00:00Z,EDT,0.0,spread,team,10,10,e71d8f615a21,0b68071d0b61,18,2,34,36,4.32425,2.7985,7.12275,1.52575,2.0,4.0,7.0,1.0,3.0,5.0,4.0,7.0,11.0,-2.0,1.0,5.0,72.21925,51.13025,122.98735326494032,21.089,61.0,72.0,83.0,42.0,51.0,60.0,106.6378532649403,122.6378532649403,139.6378532649403,9.0,21.0,33.0
2026-03-12,401851719,Texas Southern Tigers,Alabama A&M Bulldogs,2026-03-12 14:00,2026-03-12T18:00:00Z,EDT,0.0,spread,team,10,10,e71d8f615a21,0b68071d0b61,19,2,36,38,4.16525,2.7035,6.86875,1.46175,2.0,4.0,7.0,1.0,3.0,5.0,4.0,7.0,10.0,-2.0,1.0,5.0,76.3845,53.83375,129.5481768545925,22.55075,65.0,76.0,88.0,44.0,54.0,63.0,113.3299268545925,129.3299268545925,146.3299268545925,10.0,23.0,35.0
2026-03-12,401851719,Texas Southern Tigers,Alabama A&M Bulldogs,2026-03-12 14:00,2026-03-12T18:00:00Z,EDT,0.0,spread,team,10,10,e71d8f615a21,0b68071d0b61,20,2,38,40,7.1535,4.609,11.7625,2.5445,4.0,7.0,11.0,2.0,4.0,8.0,7.0,12.0,17.0,-2.0,2.0,7.0,83.538,58.44275,141.98075,25.09525,72.0,83.0,95.0,49.0,58.0,68.0,124.0,142.0,160.0,12.900000000000034,25.0,38.0
2026-03-12,401851720,Southern Jaguars,Arkansas-Pine Bluff Golden Lions,2026-03-12 20:30,2026-03-13T00:30:00Z,EDT,4.5,spread,team,10,10,e71d8f615a21,0b68071d0b61,1,1,0,2,3.01925,2.898,5.91725,0.12125,1.0,3.0,5.0,1.0,3.0,5.0,3.0,6.0,9.0,-3.0,0.0,3.0,3.01925,2.898,6.127376454772274,0.12125,1.0,3.0,5.0,1.0,3.0,5.0,3.210126454772273,6.210126454772274,9.210126454772274,-3.0,0.0,3.0
2026-03-12,401851720,Southern Jaguars,Arkansas-Pine Bluff Golden Lions,2026-03-12 20:30,2026-03-13T00:30:00Z,EDT,4.5,spread,team,10,10,e71d8f615a21,0b68071d0b61,2,1,2,4,3.69625,3.33475,7.031,0.3615,1.0,4.0,6.0,1.0,3.0,6.0,4.0,7.0,11.0,-3.0,0.0,4.0,6.7155,6.23275,13.368502909544548,0.48275,4.0,7.0,10.0,3.0,6.0,10.0,8.420252909544548,13.420252909544548,18.420252909544548,-4.0,1.0,5.0
2026-03-12,401851720,Southern Jaguars,Arkansas-Pine Bluff Golden Lions,2026-03-12 20:30,2026-03-13T00:30:00Z,EDT,4.5,spread,team,10,10,e71d8f615a21,0b68071d0b61,3,1,4,6,3.512,3.259,6.771,0.253,1.0,3.0,6.0,1.0,3.0,6.0,3.0,7.0,10.0,-3.0,0.0,4.0,10.2275,9.49175,20.34962936431682,0.73575,6.0,10.0,14.0,6.0,9.0,14.0,14.63037936431682,20.63037936431682,26.63037936431682,-4.0,1.0,6.0
2026-03-12,401851720,Southern Jaguars,Arkansas-Pine Bluff Golden Lions,2026-03-12 20:30,2026-03-13T00:30:00Z,EDT,4.5,spread,team,10,10,e71d8f615a21,0b68071d0b61,4,1,6,8,3.4695,3.2045,6.674,0.265,1.0,3.0,6.0,1.0,3.0,6.0,3.0,7.0,10.0,-3.0,0.0,3.0,13.697,12.69625,27.23375581908909,1.00075,9.0,14.0,19.0,8.0,12.0,18.0,19.840505819089092,26.840505819089092,34.840505819089095,-5.0,1.0,7.0
2026-03-12,401851720,Southern Jaguars,Arkansas-Pine Bluff Golden Lions,2026-03-12 20:30,2026-03-13T00:30:00Z,EDT,4.5,spread,team,10,10,e71d8f615a21,0b68071d0b61,5,1,8,10,3.3735,3.15425,6.52775,0.21925,1.0,3.0,6.0,1.0,3.0,5.0,3.0,6.0,10.0,-3.0,0.0,3.0,17.0705,15.8505,28.45824195915492,1.22,12.0,17.0,23.0,11.0,16.0,21.0,20.53724195915492,28.53724195915492,37.53724195915492,-6.0,1.0,8.0
2026-03-12,401851720,Southern Jaguars,Arkansas-Pine Bluff Golden Lions,2026-03-12 20:30,2026-03-13T00:30:00Z,EDT,4.5,spread,team,10,10,e71d8f615a21,0b68071d0b61,6,1,10,12,3.53775,3.32175,6.8595,0.216,1.0,3.0,6.0,1.0,3.0,6.0,3.900000000000034,7.0,10.0,-3.0,0.0,4.0,20.60825,19.17225,41.04125872863364,1.436,15.0,20.0,27.0,13.0,19.0,25.0,32.26075872863364,41.26075872863364,50.26075872863364,-6.0,1.0,9.0
2026-03-12,401851720,Southern Jaguars,Arkansas-Pine Bluff Golden Lions,2026-03-12 20:30,2026-03-13T00:30:00Z,EDT,4.5,spread,team,10,10,e71d8f615a21,0b68071d0b61,7,1,12,14,3.55175,3.25425,6.806,0.2975,1.0,3.0,6.0,1.0,3.0,6.0,4.0,7.0,10.0,-3.0,0.0,4.0,24.16,22.4265,48.05738518340591,1.7335,18.0,24.0,31.0,16.0,22.0,29.0,37.47088518340591,47.47088518340591,58.47088518340591,-6.0,2.0,10.0
2026-03-12,401851720,Southern Jaguars,Arkansas-Pine Bluff Golden Lions,2026-03-12 20:30,2026-03-13T00:30:00Z,EDT,4.5,spread,team,10,10,e71d8f615a21,0b68071d0b61,8,1,14,16,3.66325,3.334,6.99725,0.32925,1.0,3.0,6.0,1.0,3.0,6.0,4.0,7.0,10.0,-3.0,0.0,4.0,27.82325,25.7605,55.26476163817819,2.06275,21.0,28.0,35.0,19.0,26.0,33.0,44.68101163817819,54.68101163817819,66.68101163817819,-6.0,2.0,10.0
2026-03-12,401851720,Southern Jaguars,Arkansas-Pine Bluff Golden Lions,2026-03-12 20:30,2026-03-13T00:30:00Z,EDT,4.5,spread,team,10,10,e71d8f615a21,0b68071d0b61,9,1,16,18,3.57575,3.27925,6.855,0.2965,1.0,3.0,6.0,1.0,3.0,6.0,4.0,7.0,10.0,-3.0,0.0,4.0,31.399,29.03975,62.32988809295046,2.35925,24.0,31.0,39.0,22.0,29.0,37.0,50.89113809295046,61.89113809295046,74.89113809295046,-6.0,2.0,11.0
2026-03-12,401851720,Southern Jaguars,Arkansas-Pine Bluff Golden Lions,2026-03-12 20:30,2026-03-13T00:30:00Z,EDT,4.5,spread,team,10,10,e71d8f615a21,0b68071d0b61,10,1,18,20,3.71525,3.49575,7.211,0.2195,1.0,4.0,6.0,1.0,3.0,6.0,4.0,7.0,11.0,-3.0,0.0,4.0,35.11425,32.5355,67.64975,2.57875,27.0,35.0,43.0,25.0,32.0,41.0,55.0,67.0,81.0,-6.0,3.0,11.0
2026-03-12,401851720,Southern Jaguars,Arkansas-Pine Bluff Golden Lions,2026-03-12 20:30,2026-03-13T00:30:00Z,EDT,4.5,spread,team,10,10,e71d8f615a21,0b68071d0b61,11,2,20,22,3.55875,2.805,6.36375,0.75375,1.0,3.0,6.0,1.0,3.0,5.0,3.0,6.0,10.0,-2.0,1.0,4.0,38.673,35.3405,75.80683813737492,3.3325,31.0,38.0,47.0,27.0,35.0,43.0,62.79333813737493,75.79333813737493,89.79333813737493,-6.0,3.0,13.0
2026-03-12,401851720,Southern Jaguars,Arkansas-Pine Bluff Golden Lions,2026-03-12 20:30,2026-03-13T00:30:00Z,EDT,4.5,spread,team,10,10,e71d8f615a21,0b68071d0b61,12,2,22,24,3.95325,3.14375,7.097,0.8095,2.0,4.0,7.0,1.0,3.0,5.0,4.0,7.0,11.0,-2.0,1.0,4.0,42.62625,38.48425,82.59591172702713,4.142,34.0,43.0,51.0,30.0,38.0,47.0,69.48541172702713,82.48541172702713,96.48541172702711,-6.0,4.0,14.0
2026-03-12,401851720,Southern Jaguars,Arkansas-Pine Bluff Golden Lions,2026-03-12 20:30,2026-03-13T00:30:00Z,EDT,4.5,spread,team,10,10,e71d8f615a21,0b68071d0b61,13,2,24,26,3.83625,3.01975,6.856,0.8165,1.0,4.0,6.0,1.0,3.0,5.0,4.0,7.0,10.0,-2.0,1.0,4.0,46.4625,41.504,89.14398531667932,4.9585,38.0,46.0,55.0,33.0,41.0,50.0,75.17748531667932,89.17748531667932,103.17748531667932,-6.0,5.0,15.099999999999907
2026-03-12,401851720,Southern Jaguars,Arkansas-Pine Bluff Golden Lions,2026-03-12 20:30,2026-03-13T00:30:00Z,EDT,4.5,spread,team,10,10,e71d8f615a21,0b68071d0b61,14,2,26,28,3.69225,2.9685,6.66075,0.72375,1.0,3.0,6.0,1.0,3.0,5.0,3.0,6.0,10.0,-2.0,1.0,4.0,50.15475,44.4725,95.49680890633152,5.68225,41.0,50.0,59.0,36.0,44.0,53.0,80.86955890633152,94.86955890633152,109.86955890633152,-5.0,6.0,17.0
2026-03-12,401851720,Southern Jaguars,Arkansas-Pine Bluff Golden Lions,2026-03-12 20:30,2026-03-13T00:30:00Z,EDT,4.5,spread,team,10,10,e71d8f615a21,0b68071d0b61,15,2,28,30,3.6595,2.89025,6.54975,0.76925,1.0,3.0,6.0,1.0,3.0,5.0,3.0,6.0,10.0,-2.099999999999966,1.0,4.0,53.81425,47.36275,96.06772156133248,6.4515,44.0,54.0,63.0,38.0,47.0,57.0,81.89072156133247,95.89072156133248,110.89072156133248,-5.0,6.0,18.0
2026-03-12,401851720,Southern Jaguars,Arkansas-Pine Bluff Golden Lions,2026-03-12 20:30,2026-03-13T00:30:00Z,EDT,4.5,spread,team,10,10,e71d8f615a21,0b68071d0b61,16,2,30,32,3.9455,3.12225,7.06775,0.82325,2.0,4.0,7.0,1.0,3.0,6.0,4.0,7.0,11.0,-2.0,1.0,4.0,57.75975,50.485,108.49845608563592,7.27475,48.0,58.0,67.0,41.0,50.0,60.0,93.25370608563593,108.25370608563593,123.25370608563593,-4.0,7.0,19.0
2026-03-12,401851720,Southern Jaguars,Arkansas-Pine Bluff Golden Lions,2026-03-12 20:30,2026-03-13T00:30:00Z,EDT,4.5,spread,team,10,10,e71d8f615a21,0b68071d0b61,17,2,32,34,3.8085,3.061,6.8695,0.7475,1.0,4.0,6.0,1.0,3.0,5.0,4.0,7.0,10.0,-2.0,1.0,4.0,61.56825,53.546,115.0600296752881,8.02225,51.0,62.0,71.0,44.0,53.0,63.0,98.94577967528812,114.94577967528812,130.94577967528812,-4.0,8.0,20.0
2026-03-12,401851720,Southern Jaguars,Arkansas-Pine Bluff Golden Lions,2026-03-12 20:30,2026-03-13T00:30:00Z,EDT,4.5,spread,team,10,10,e71d8f615a21,0b68071d0b61,18,2,34,36,3.969,3.145,7.114,0.824,2.0,4.0,7.0,1.0,3.0,6.0,4.0,7.0,11.0,-3.0,1.0,4.0,65.53725,56.691,121.8661032649403,8.84625,55.0,66.0,76.0,47.0,56.0,67.0,105.6378532649403,121.6378532649403,138.6378532649403,-3.0,9.0,21.0
2026-03-12,401851720,Southern Jaguars,Arkansas-Pine Bluff Golden Lions,2026-03-12 20:30,2026-03-13T00:30:00Z,EDT,4.5,spread,team,10,10,e71d8f615a21,0b68071d0b61,19,2,36,38,3.8135,3.06275,6.87625,0.75075,1.0,4.0,6.0,1.0,3.0,5.0,4.0,7.0,10.0,-3.0,1.0,4.0,69.35075,59.75375,128.43442685459252,9.597,59.0,69.0,80.0,50.0,60.0,70.0,112.3299268545925,128.3299268545925,145.3299268545925,-3.0,9.0,22.0
2026-03-12,401851720,Southern Jaguars,Arkansas-Pine Bluff Golden Lions,2026-03-12 20:30,2026-03-13T00:30:00Z,EDT,4.5,spread,team,10,10,e71d8f615a21,0b68071d0b61,20,2,38,40,6.48925,5.16675,11.656,1.3225,3.0,6.0,10.0,2.0,5.0,8.0,7.0,11.0,16.0,-3.0,1.0,5.0,75.84,64.9205,140.7605,10.9195,65.0,76.0,87.0,54.0,65.0,76.0,123.0,141.0,158.0,-2.0,11.0,24.0
2026-03-12,401851734,UT Arlington Mavericks,Southern Utah Thunderbirds,2026-03-12 21:00,2026-03-13T01:00:00Z,EDT,5.5,spread,team,10,10,6dafe7c23f77,7ee3c0f7c5e7,1,1,0,2,2.80525,2.963,5.76825,-0.15775,1.0,3.0,5.0,1.0,3.0,5.0,3.0,6.0,9.0,-3.0,0.0,3.0,2.80525,2.963,5.978376454772274,-0.15775,1.0,3.0,5.0,1.0,3.0,5.0,3.210126454772273,6.210126454772274,9.210126454772274,-3.0,0.0,3.0
2026-03-12,401851734,UT Arlington Mavericks,Southern Utah Thunderbirds,2026-03-12 21:00,2026-03-13T01:00:00Z,EDT,5.5,spread,team,10,10,6dafe7c23f77,7ee3c0f7c5e7,2,1,2,4,3.42275,3.50325,6.926,-0.0805,1.0,3.0,6.0,1.0,3.0,6.0,4.0,7.0,11.0,-3.0,0.0,3.0,6.228,6.46625,13.114502909544548,-0.23825,3.0,6.0,10.0,3.0,6.0,10.0,8.420252909544548,13.420252909544548,17.420252909544548,-5.0,0.0,4.0
2026-03-12,401851734,UT Arlington Mavericks,Southern Utah Thunderbirds,2026-03-12 21:00,2026-03-13T01:00:00Z,EDT,5.5,spread,team,10,10,6dafe7c23f77,7ee3c0f7c5e7,3,1,4,6,3.3355,3.4895,6.825,-0.154,1.0,3.0,6.0,1.0,3.0,6.0,3.0,7.0,11.0,-3.0,0.0,3.0,9.5635,9.95575,20.14962936431682,-0.39225,5.0,9.0,14.0,6.0,10.0,14.0,14.63037936431682,19.63037936431682,26.63037936431682,-6.0,0.0,5.0
2026-03-12,401851734,UT Arlington Mavericks,Southern Utah Thunderbirds,2026-03-12 21:00,2026-03-13T01:00:00Z,EDT,5.5,spread,team,10,10,6dafe7c23f77,7ee3c0f7c5e7,4,1,6,8,3.51625,3.70525,7.2215,-0.189,1.0,3.0,6.0,1.0,4.0,6.0,4.0,7.0,11.0,-4.0,0.0,3.0,13.07975,13.661,27.58125581908909,-0.58125,8.0,13.0,18.0,9.0,14.0,18.09999999999991,20.840505819089092,26.840505819089092,34.840505819089095,-7.0,-1.0,6.0
2026-03-12,401851734,UT Arlington Mavericks,Southern Utah Thunderbirds,2026-03-12 21:00,2026-03-13T01:00:00Z,EDT,5.5,spread,team,10,10,6dafe7c23f77,7ee3c0f7c5e7,5,1,8,10,3.2485,3.38375,6.63225,-0.13525,1.0,3.0,6.0,1.0,3.0,6.0,3.0,6.0,10.0,-3.0,0.0,3.0,16.32825,17.04475,28.91024195915492,-0.7165,11.0,16.0,22.0,12.0,17.0,23.0,21.050632273861368,28.53724195915492,37.53724195915492,-8.0,-1.0,6.0
2026-03-12,401851734,UT Arlington Mavericks,Southern Utah Thunderbirds,2026-03-12 21:00,2026-03-13T01:00:00Z,EDT,5.5,spread,team,10,10,6dafe7c23f77,7ee3c0f7c5e7,6,1,10,12,3.57325,3.78325,7.3565,-0.21,1.0,3.0,6.0,1.0,4.0,6.0,4.0,7.0,11.0,-4.0,0.0,3.0,19.9015,20.828,41.99025872863364,-0.9265,14.0,20.0,26.0,15.0,21.0,27.0,33.26075872863364,41.26075872863364,51.26075872863364,-9.0,-1.0,7.0
2026-03-12,401851734,UT Arlington Mavericks,Southern Utah Thunderbirds,2026-03-12 21:00,2026-03-13T01:00:00Z,EDT,5.5,spread,team,10,10,6dafe7c23f77,7ee3c0f7c5e7,7,1,12,14,3.52375,3.63175,7.1555,-0.108,1.0,3.0,6.0,1.0,3.0,6.0,4.0,7.0,11.0,-3.0,0.0,3.0,23.42525,24.45975,49.35588518340591,-1.0345,17.0,23.0,30.0,18.0,24.0,31.0,39.47088518340591,49.47088518340591,59.47088518340591,-9.0,-1.0,7.0
2026-03-12,401851734,UT Arlington Mavericks,Southern Utah Thunderbirds,2026-03-12 21:00,2026-03-13T01:00:00Z,EDT,5.5,spread,team,10,10,6dafe7c23f77,7ee3c0f7c5e7,8,1,14,16,3.74575,3.871,7.61675,-0.12525,1.0,4.0,6.0,1.0,4.0,7.0,4.0,7.0,11.0,-4.0,0.0,3.0,27.171,28.33075,57.18276163817819,-1.15975,20.0,27.0,35.0,21.0,28.0,36.0,45.68101163817819,56.68101163817819,68.68101163817819,-10.0,-1.0,8.0
2026-03-12,401851734,UT Arlington Mavericks,Southern Utah Thunderbirds,2026-03-12 21:00,2026-03-13T01:00:00Z,EDT,5.5,spread,team,10,10,6dafe7c23f77,7ee3c0f7c5e7,9,1,16,18,3.431,3.56825,6.99925,-0.13725,1.0,3.0,6.0,1.0,3.0,6.0,4.0,7.0,11.0,-4.0,0.0,3.0,30.602,31.899,64.39213809295046,-1.297,23.0,31.0,38.0,24.0,32.0,40.0,51.89113809295046,63.89113809295046,76.89113809295046,-11.0,-1.0,8.0
2026-03-12,401851734,UT Arlington Mavericks,Southern Utah Thunderbirds,2026-03-12 21:00,2026-03-13T01:00:00Z,EDT,5.5,spread,team,10,10,6dafe7c23f77,7ee3c0f7c5e7,10,1,18,20,3.882,4.05975,7.94175,-0.17775,1.0,4.0,7.0,2.0,4.0,7.0,4.0,8.0,12.0,-4.0,0.0,3.0,34.484,35.95875,70.44275,-1.47475,26.0,34.0,43.0,28.0,36.0,45.0,57.0,70.0,84.0,-12.0,-1.0,8.0
2026-03-12,401851734,UT Arlington Mavericks,Southern Utah Thunderbirds,2026-03-12 21:00,2026-03-13T01:00:00Z,EDT,5.5,spread,team,10,10,6dafe7c23f77,7ee3c0f7c5e7,11,2,20,22,3.06825,3.02775,6.096,0.0405,1.0,3.0,6.0,1.0,3.0,5.0,3.0,6.0,9.0,-3.0,0.0,3.0,37.55225,38.9865,78.33208813737492,-1.43425,29.0,37.0,46.0,30.0,39.0,48.0,64.79333813737493,77.79333813737493,92.79333813737492,-12.0,-2.0,9.0
2026-03-12,401851734,UT Arlington Mavericks,Southern Utah Thunderbirds,2026-03-12 21:00,2026-03-13T01:00:00Z,EDT,5.5,spread,team,10,10,6dafe7c23f77,7ee3c0f7c5e7,12,2,22,24,3.65475,3.576,7.23075,0.07875,1.0,3.0,6.0,1.0,3.0,6.0,4.0,7.0,11.0,-3.0,0.0,3.0,41.207,42.5625,85.25491172702712,-1.3555,32.900000000000034,41.0,50.0,34.0,42.0,52.0,71.48541172702713,84.48541172702713,99.48541172702711,-12.0,-1.0,10.0
2026-03-12,401851734,UT Arlington Mavericks,Southern Utah Thunderbirds,2026-03-12 21:00,2026-03-13T01:00:00Z,EDT,5.5,spread,team,10,10,6dafe7c23f77,7ee3c0f7c5e7,13,2,24,26,3.413,3.40225,6.81525,0.01075,1.0,3.0,6.0,1.0,3.0,6.0,3.0,7.0,10.0,-3.0,0.0,3.0,44.62,45.96475,91.76223531667932,-1.34475,36.0,45.0,54.0,37.0,46.0,55.0,78.17748531667932,91.17748531667932,106.17748531667932,-13.0,-1.0,10.0
2026-03-12,401851734,UT Arlington Mavericks,Southern Utah Thunderbirds,2026-03-12 21:00,2026-03-13T01:00:00Z,EDT,5.5,spread,team,10,10,6dafe7c23f77,7ee3c0f7c5e7,14,2,26,28,3.8985,3.78725,7.68575,0.11125,1.900000000000034,4.0,7.0,1.0,4.0,6.0,4.0,7.0,11.0,-3.0,0.0,4.0,48.5185,49.752,99.14005890633152,-1.2335,39.0,49.0,58.0,40.0,50.0,59.0,84.86955890633152,98.86955890633152,113.86955890633152,-13.0,-1.0,11.0
2026-03-12,401851734,UT Arlington Mavericks,Southern Utah Thunderbirds,2026-03-12 21:00,2026-03-13T01:00:00Z,EDT,5.5,spread,team,10,10,6dafe7c23f77,7ee3c0f7c5e7,15,2,28,30,3.4055,3.3725,6.778,0.033,1.0,3.0,6.0,1.0,3.0,6.0,4.0,7.0,10.0,-3.0,0.0,3.0,51.924,53.1245,99.93922156133247,-1.2005,42.0,52.0,62.0,43.0,53.0,63.0,84.89072156133247,99.89072156133248,114.89072156133248,-13.0,-1.0,11.0
2026-03-12,401851734,UT Arlington Mavericks,Southern Utah Thunderbirds,2026-03-12 21:00,2026-03-13T01:00:00Z,EDT,5.5,spread,team,10,10,6dafe7c23f77,7ee3c0f7c5e7,16,2,30,32,3.7925,3.75225,7.54475,0.04025,1.0,4.0,6.0,1.0,4.0,6.0,4.0,7.0,11.0,-3.0,0.0,4.0,55.7165,56.87675,112.84695608563592,-1.16025,46.0,56.0,66.0,47.0,57.0,67.0,97.25370608563593,112.25370608563593,128.2537060856359,-13.099999999999966,-1.0,11.0
2026-03-12,401851734,UT Arlington Mavericks,Southern Utah Thunderbirds,2026-03-12 21:00,2026-03-13T01:00:00Z,EDT,5.5,spread,team,10,10,6dafe7c23f77,7ee3c0f7c5e7,17,2,32,34,3.87175,3.80875,7.6805,0.063,2.0,4.0,6.0,1.0,4.0,6.0,4.0,8.0,11.0,-3.0,0.0,4.0,59.58825,60.6855,120.21952967528811,-1.09725,49.0,60.0,70.0,50.0,61.0,71.0,103.94577967528812,119.94577967528812,135.94577967528812,-14.0,-1.0,12.0
2026-03-12,401851734,UT Arlington Mavericks,Southern Utah Thunderbirds,2026-03-12 21:00,2026-03-13T01:00:00Z,EDT,5.5,spread,team,10,10,6dafe7c23f77,7ee3c0f7c5e7,18,2,34,36,3.86825,3.76725,7.6355,0.101,2.0,4.0,6.0,1.0,4.0,6.0,4.0,7.0,11.0,-3.0,0.0,3.0,63.4565,64.45275,127.5471032649403,-0.99625,53.0,63.0,74.0,54.0,64.0,75.0,111.6378532649403,127.6378532649403,143.6378532649403,-14.0,-1.0,12.0
2026-03-12,401851734,UT Arlington Mavericks,Southern Utah Thunderbirds,2026-03-12 21:00,2026-03-13T01:00:00Z,EDT,5.5,spread,team,10,10,6dafe7c23f77,7ee3c0f7c5e7,19,2,36,38,3.8905,3.87875,7.76925,0.01175,1.0,4.0,7.0,2.0,4.0,7.0,4.0,8.0,11.099999999999907,-3.0,0.0,3.0,67.347,68.3315,135.00842685459253,-0.9845,57.0,67.0,78.0,57.0,69.0,79.0,118.3299268545925,135.3299268545925,152.3299268545925,-14.0,-1.0,12.0
2026-03-12,401851734,UT Arlington Mavericks,Southern Utah Thunderbirds,2026-03-12 21:00,2026-03-13T01:00:00Z,EDT,5.5,spread,team,10,10,6dafe7c23f77,7ee3c0f7c5e7,20,2,38,40,5.872,5.82775,11.69975,0.04425,3.0,6.0,9.0,3.0,6.0,9.0,7.0,12.0,16.0,-4.0,0.0,4.0,73.219,74.15925,147.37825,-0.94025,62.0,73.0,84.09999999999991,63.0,74.0,85.0,130.0,147.0,165.0,-15.0,-1.0,13.0
2026-03-12,401851735,Utah Tech Trailblazers,Abilene Christian Wildcats,2026-03-12 23:30,2026-03-13T03:30:00Z,EDT,2.5,spread,team,10,10,f0456cbf9fe5,f6b8a8db3589,1,1,0,2,2.81125,3.0505,5.86175,-0.23925,1.0,3.0,5.0,1.0,3.0,5.0,3.0,6.0,9.0,-3.0,0.0,3.0,2.81125,3.0505,6.071876454772274,-0.23925,1.0,3.0,5.0,1.0,3.0,5.0,3.210126454772273,6.210126454772274,9.210126454772274,-3.0,0.0,3.0
2026-03-12,401851735,Utah Tech Trailblazers,Abilene Christian Wildcats,2026-03-12 23:30,2026-03-13T03:30:00Z,EDT,2.5,spread,team,10,10,f0456cbf9fe5,f6b8a8db3589,2,1,2,4,3.86175,4.3365,8.19825,-0.47475,1.0,4.0,6.0,2.0,4.0,7.0,4.0,8.0,12.0,-4.0,0.0,3.0,6.673,7.387,14.480252909544548,-0.714,3.0,7.0,10.0,4.0,7.0,11.0,9.420252909544548,14.420252909544548,19.420252909544548,-5.0,-1.0,4.0
2026-03-12,401851735,Utah Tech Trailblazers,Abilene Christian Wildcats,2026-03-12 23:30,2026-03-13T03:30:00Z,EDT,2.5,spread,team,10,10,f0456cbf9fe5,f6b8a8db3589,3,1,4,6,3.42575,3.80475,7.2305,-0.379,1.0,3.0,6.0,1.0,4.0,6.0,4.0,7.0,11.0,-4.0,0.0,3.0,10.09875,11.19175,21.92087936431682,-1.093,6.0,10.0,14.0,7.0,11.0,16.0,15.63037936431682,21.63037936431682,28.63037936431682,-7.0,-1.0,4.0
2026-03-12,401851735,Utah Tech Trailblazers,Abilene Christian Wildcats,2026-03-12 23:30,2026-03-13T03:30:00Z,EDT,2.5,spread,team,10,10,f0456cbf9fe5,f6b8a8db3589,4,1,6,8,3.334,3.751,7.085,-0.417,1.0,3.0,6.0,1.0,4.0,6.0,4.0,7.0,11.0,-4.0,0.0,3.0,13.43275,14.94275,29.21600581908909,-1.51,9.0,13.0,18.0,10.0,15.0,20.0,21.840505819089092,28.840505819089092,36.840505819089095,-8.0,-1.0,5.0
2026-03-12,401851735,Utah Tech Trailblazers,Abilene Christian Wildcats,2026-03-12 23:30,2026-03-13T03:30:00Z,EDT,2.5,spread,team,10,10,f0456cbf9fe5,f6b8a8db3589,5,1,8,10,2.836,3.23925,6.07525,-0.40325,1.0,3.0,5.0,1.0,3.0,6.0,3.0,6.0,9.0,-3.0,0.0,3.0,16.26875,18.182,29.98799195915492,-1.91325,11.0,16.0,22.0,13.0,18.0,24.0,22.050632273861368,29.53724195915492,38.53724195915492,-9.0,-2.0,5.0
2026-03-12,401851735,Utah Tech Trailblazers,Abilene Christian Wildcats,2026-03-12 23:30,2026-03-13T03:30:00Z,EDT,2.5,spread,team,10,10,f0456cbf9fe5,f6b8a8db3589,6,1,10,12,3.3625,3.76275,7.12525,-0.40025,1.0,3.0,6.0,1.0,4.0,6.0,4.0,7.0,11.0,-4.0,0.0,3.0,19.63125,21.94475,42.83675872863364,-2.3135,14.0,19.0,26.0,16.0,22.0,28.0,33.26075872863364,42.26075872863364,53.26075872863364,-10.0,-2.0,5.0
2026-03-12,401851735,Utah Tech Trailblazers,Abilene Christian Wildcats,2026-03-12 23:30,2026-03-13T03:30:00Z,EDT,2.5,spread,team,10,10,f0456cbf9fe5,f6b8a8db3589,7,1,12,14,3.22175,3.66025,6.882,-0.4385,1.0,3.0,6.0,1.0,3.0,6.0,4.0,7.0,10.0,-4.0,0.0,3.0,22.853,25.605,49.92888518340591,-2.752,17.0,23.0,29.09999999999991,19.0,25.0,33.0,39.47088518340591,49.47088518340591,60.47088518340591,-11.0,-3.0,5.0
2026-03-12,401851735,Utah Tech Trailblazers,Abilene Christian Wildcats,2026-03-12 23:30,2026-03-13T03:30:00Z,EDT,2.5,spread,team,10,10,f0456cbf9fe5,f6b8a8db3589,8,1,14,16,3.183,3.5975,6.7805,-0.4145,1.0,3.0,6.0,1.0,3.0,6.0,3.0,7.0,10.0,-4.0,0.0,3.0,26.036,29.2025,56.91951163817819,-3.1665,19.0,26.0,33.0,22.0,29.0,37.0,45.68101163817819,56.68101163817819,68.68101163817819,-12.0,-3.0,5.0
2026-03-12,401851735,Utah Tech Trailblazers,Abilene Christian Wildcats,2026-03-12 23:30,2026-03-13T03:30:00Z,EDT,2.5,spread,team,10,10,f0456cbf9fe5,f6b8a8db3589,9,1,16,18,3.65225,4.04575,7.698,-0.3935,1.0,3.0,6.0,2.0,4.0,7.0,4.0,7.0,12.0,-4.0,0.0,3.0,29.68825,33.24825,64.82763809295047,-3.56,22.0,30.0,37.0,25.0,33.0,41.0,51.89113809295046,63.89113809295046,77.89113809295046,-12.0,-3.0,5.0
2026-03-12,401851735,Utah Tech Trailblazers,Abilene Christian Wildcats,2026-03-12 23:30,2026-03-13T03:30:00Z,EDT,2.5,spread,team,10,10,f0456cbf9fe5,f6b8a8db3589,10,1,18,20,3.15175,3.54325,6.695,-0.3915,1.0,3.0,6.0,1.0,3.0,6.0,3.0,7.0,10.0,-4.0,0.0,3.0,32.84,36.7915,69.6315,-3.9515,25.0,33.0,41.0,28.0,37.0,45.0,56.0,69.0,84.0,-13.0,-4.0,5.0
2026-03-12,401851735,Utah Tech Trailblazers,Abilene Christian Wildcats,2026-03-12 23:30,2026-03-13T03:30:00Z,EDT,2.5,spread,team,10,10,f0456cbf9fe5,f6b8a8db3589,11,2,20,22,3.2155,3.342,6.5575,-0.1265,1.0,3.0,6.0,1.0,3.0,6.0,3.0,6.0,10.0,-3.0,0.0,3.0,36.0555,40.1335,77.98233813737492,-4.078,28.0,36.0,45.0,32.0,40.0,49.0,64.79333813737493,77.79333813737493,91.79333813737492,-14.0,-4.0,5.0
2026-03-12,401851735,Utah Tech Trailblazers,Abilene Christian Wildcats,2026-03-12 23:30,2026-03-13T03:30:00Z,EDT,2.5,spread,team,10,10,f0456cbf9fe5,f6b8a8db3589,12,2,22,24,3.617,3.784,7.401,-0.167,1.0,3.0,6.0,1.0,4.0,6.0,4.0,7.0,11.0,-4.0,0.0,3.0,39.6725,43.9175,85.07541172702713,-4.245,31.0,39.0,48.0,35.0,44.0,53.0,71.48541172702713,84.48541172702713,99.48541172702711,-15.0,-4.0,6.0
2026-03-12,401851735,Utah Tech Trailblazers,Abilene Christian Wildcats,2026-03-12 23:30,2026-03-13T03:30:00Z,EDT,2.5,spread,team,10,10,f0456cbf9fe5,f6b8a8db3589,13,2,24,26,3.67175,3.91675,7.5885,-0.245,1.0,3.5,6.0,2.0,4.0,7.0,4.0,7.0,11.0,-4.0,0.0,3.0,43.34425,47.83425,92.35598531667932,-4.49,35.0,43.0,52.0,39.0,48.0,57.0,78.17748531667932,92.17748531667932,107.17748531667932,-15.0,-5.0,6.0
2026-03-12,401851735,Utah Tech Trailblazers,Abilene Christian Wildcats,2026-03-12 23:30,2026-03-13T03:30:00Z,EDT,2.5,spread,team,10,10,f0456cbf9fe5,f6b8a8db3589,14,2,26,28,3.62575,3.7765,7.40225,-0.15075,1.0,3.0,6.0,1.0,4.0,6.0,4.0,7.0,11.0,-4.0,0.0,3.0,46.97,51.61075,99.45030890633151,-4.64075,38.0,47.0,56.0,43.0,51.0,61.0,84.86955890633152,98.86955890633152,113.86955890633152,-16.0,-5.0,7.0
2026-03-12,401851735,Utah Tech Trailblazers,Abilene Christian Wildcats,2026-03-12 23:30,2026-03-13T03:30:00Z,EDT,2.5,spread,team,10,10,f0456cbf9fe5,f6b8a8db3589,15,2,28,30,3.294,3.42725,6.72125,-0.13325,1.0,3.0,6.0,1.0,3.0,6.0,3.0,7.0,10.0,-3.0,0.0,3.0,50.264,55.038,100.19272156133248,-4.774,41.0,50.0,59.0,46.0,55.0,65.0,85.89072156133247,99.89072156133248,114.89072156133248,-16.0,-5.0,7.0
2026-03-12,401851735,Utah Tech Trailblazers,Abilene Christian Wildcats,2026-03-12 23:30,2026-03-13T03:30:00Z,EDT,2.5,spread,team,10,10,f0456cbf9fe5,f6b8a8db3589,16,2,30,32,3.14325,3.27125,6.4145,-0.128,1.0,3.0,6.0,1.0,3.0,6.0,3.0,6.0,10.0,-3.0,0.0,3.0,53.40725,58.30925,111.97020608563592,-4.902,44.0,53.0,63.0,49.0,58.0,68.0,97.25370608563593,111.25370608563593,127.25370608563593,-17.0,-5.0,7.0
2026-03-12,401851735,Utah Tech Trailblazers,Abilene Christian Wildcats,2026-03-12 23:30,2026-03-13T03:30:00Z,EDT,2.5,spread,team,10,10,f0456cbf9fe5,f6b8a8db3589,17,2,32,34,3.271,3.43425,6.70525,-0.16325,1.0,3.0,6.0,1.0,3.0,6.0,3.0,6.0,10.0,-3.0,0.0,3.0,56.67825,61.7435,118.36752967528813,-5.06525,47.0,57.0,66.0,52.0,62.0,72.0,102.94577967528812,117.94577967528812,133.94577967528812,-17.0,-5.0,7.0
2026-03-12,401851735,Utah Tech Trailblazers,Abilene Christian Wildcats,2026-03-12 23:30,2026-03-13T03:30:00Z,EDT,2.5,spread,team,10,10,f0456cbf9fe5,f6b8a8db3589,18,2,34,36,3.561,3.6825,7.2435,-0.1215,1.0,3.0,6.0,1.0,4.0,6.0,4.0,7.0,11.0,-3.0,0.0,3.0,60.23925,65.426,125.3031032649403,-5.18675,50.0,60.0,70.0,56.0,65.0,76.0,109.6378532649403,124.6378532649403,141.6378532649403,-17.0,-5.0,7.0
2026-03-12,401851735,Utah Tech Trailblazers,Abilene Christian Wildcats,2026-03-12 23:30,2026-03-13T03:30:00Z,EDT,2.5,spread,team,10,10,f0456cbf9fe5,f6b8a8db3589,19,2,36,38,3.363,3.6,6.963,-0.237,1.0,3.0,6.0,1.0,3.0,6.0,4.0,7.0,11.0,-4.0,0.0,3.0,63.60225,69.026,131.95817685459252,-5.42375,53.0,64.0,74.0,59.0,69.0,79.0,115.3299268545925,131.3299268545925,148.3299268545925,-18.0,-5.0,7.0
2026-03-12,401851735,Utah Tech Trailblazers,Abilene Christian Wildcats,2026-03-12 23:30,2026-03-13T03:30:00Z,EDT,2.5,spread,team,10,10,f0456cbf9fe5,f6b8a8db3589,20,2,38,40,6.211,6.5405,12.7515,-0.3295,3.0,6.0,10.0,3.0,6.0,10.0,8.0,13.0,18.0,-5.0,0.0,4.0,69.81325,75.5665,145.37975,-5.75325,59.0,70.0,80.0,65.0,75.0,87.0,128.0,145.0,163.0,-19.0,-6.0,7.0
2026-03-12,401858186,Miami (OH) RedHawks,Massachusetts Minutemen,2026-03-12 11:00,2026-03-12T15:00:00Z,EDT,7.5,spread,team,10,10,fd0f77ddda98,45f007ba734f,1,1,0,2,3.14425,3.15075,6.295,-0.0065,1.0,3.0,5.0,1.0,3.0,6.0,3.0,6.0,10.0,-3.0,0.0,3.0,3.14425,3.15075,6.505126454772274,-0.0065,1.0,3.0,5.0,1.0,3.0,6.0,3.210126454772273,6.210126454772274,10.210126454772274,-3.0,0.0,3.0
2026-03-12,401858186,Miami (OH) RedHawks,Massachusetts Minutemen,2026-03-12 11:00,2026-03-12T15:00:00Z,EDT,7.5,spread,team,10,10,fd0f77ddda98,45f007ba734f,2,1,2,4,3.96125,3.994,7.95525,-0.03275,2.0,4.0,7.0,2.0,4.0,7.0,4.0,8.0,12.0,-4.0,0.0,4.0,7.1055,7.14475,14.670502909544547,-0.03925,4.0,7.0,11.0,4.0,7.0,11.0,9.420252909544548,14.420252909544548,20.420252909544548,-5.0,0.0,5.0
2026-03-12,401858186,Miami (OH) RedHawks,Massachusetts Minutemen,2026-03-12 11:00,2026-03-12T15:00:00Z,EDT,7.5,spread,team,10,10,fd0f77ddda98,45f007ba734f,3,1,4,6,3.65775,3.7055,7.36325,-0.04775,1.0,3.0,6.0,1.0,4.0,6.0,4.0,7.0,11.0,-3.0,0.0,3.0,10.76325,10.85025,22.24387936431682,-0.087,7.0,11.0,15.0,7.0,11.0,15.0,15.63037936431682,21.63037936431682,28.63037936431682,-6.0,0.0,5.099999999999909
2026-03-12,401858186,Miami (OH) RedHawks,Massachusetts Minutemen,2026-03-12 11:00,2026-03-12T15:00:00Z,EDT,7.5,spread,team,10,10,fd0f77ddda98,45f007ba734f,4,1,6,8,3.7015,3.6475,7.349,0.054,1.0,4.0,6.0,1.0,3.0,6.0,4.0,7.0,11.0,-3.0,0.0,3.0,14.46475,14.49775,29.80300581908909,-0.033,10.0,14.0,20.0,10.0,14.0,20.0,21.840505819089092,29.840505819089092,37.840505819089095,-6.0,0.0,6.0
2026-03-12,401858186,Miami (OH) RedHawks,Massachusetts Minutemen,2026-03-12 11:00,2026-03-12T15:00:00Z,EDT,7.5,spread,team,10,10,fd0f77ddda98,45f007ba734f,5,1,8,10,2.987,3.03025,6.01725,-0.04325,1.0,3.0,5.0,1.0,3.0,5.0,3.0,6.0,9.0,-3.0,0.0,3.0,17.45175,17.528,30.51699195915492,-0.07625,12.0,17.0,23.0,12.0,17.0,23.0,22.050632273861368,30.53724195915492,39.53724195915492,-7.0,0.0,7.0
2026-03-12,401858186,Miami (OH) RedHawks,Massachusetts Minutemen,2026-03-12 11:00,2026-03-12T15:00:00Z,EDT,7.5,spread,team,10,10,fd0f77ddda98,45f007ba734f,6,1,10,12,3.42375,3.4145,6.83825,0.00925,1.0,3.0,6.0,1.0,3.0,6.0,4.0,7.0,10.0,-3.0,0.0,3.0,20.8755,20.9425,43.07875872863364,-0.067,15.0,21.0,27.0,15.0,21.0,27.0,33.26075872863364,43.26075872863364,53.26075872863364,-7.0,0.0,7.0
2026-03-12,401858186,Miami (OH) RedHawks,Massachusetts Minutemen,2026-03-12 11:00,2026-03-12T15:00:00Z,EDT,7.5,spread,team,10,10,fd0f77ddda98,45f007ba734f,7,1,12,14,3.643,3.752,7.395,-0.109,1.0,3.0,6.0,1.0,4.0,6.0,4.0,7.0,11.0,-3.0,0.0,3.0,24.5185,24.6945,50.68388518340591,-0.176,18.0,24.0,31.0,18.0,25.0,32.0,40.370885183405946,50.47088518340591,61.47088518340591,-8.0,0.0,8.0
2026-03-12,401858186,Miami (OH) RedHawks,Massachusetts Minutemen,2026-03-12 11:00,2026-03-12T15:00:00Z,EDT,7.5,spread,team,10,10,fd0f77ddda98,45f007ba734f,8,1,14,16,3.63075,3.58375,7.2145,0.047,1.0,3.0,6.0,1.0,3.0,6.0,4.0,7.0,11.0,-3.0,0.0,3.0,28.14925,28.27825,58.10851163817819,-0.129,21.0,28.0,36.0,21.0,28.0,36.0,46.68101163817819,57.68101163817819,69.68101163817819,-8.099999999999966,0.0,8.0
2026-03-12,401858186,Miami (OH) RedHawks,Massachusetts Minutemen,2026-03-12 11:00,2026-03-12T15:00:00Z,EDT,7.5,spread,team,10,10,fd0f77ddda98,45f007ba734f,9,1,16,18,3.2295,3.2595,6.489,-0.03,1.0,3.0,6.0,1.0,3.0,6.0,3.0,6.0,10.0,-3.0,0.0,3.0,31.37875,31.53775,64.80763809295046,-0.159,24.0,31.0,39.0,24.0,31.0,40.0,51.89113809295046,64.89113809295046,77.89113809295046,-9.0,0.0,9.0
2026-03-12,401858186,Miami (OH) RedHawks,Massachusetts Minutemen,2026-03-12 11:00,2026-03-12T15:00:00Z,EDT,7.5,spread,team,10,10,fd0f77ddda98,45f007ba734f,10,1,18,20,3.6685,3.656,7.3245,0.0125,1.0,3.0,6.0,1.0,3.0,6.0,4.0,7.0,11.0,-3.0,0.0,3.0,35.04725,35.19375,70.241,-0.1465,27.0,35.0,44.0,27.0,35.0,44.0,56.0,70.0,84.0,-9.0,0.0,9.0
2026-03-12,401858186,Miami (OH) RedHawks,Massachusetts Minutemen,2026-03-12 11:00,2026-03-12T15:00:00Z,EDT,7.5,spread,team,10,10,fd0f77ddda98,45f007ba734f,11,2,20,22,3.6805,3.374,7.0545,0.3065,1.0,4.0,6.0,1.0,3.0,6.0,4.0,7.0,11.0,-3.0,0.0,4.0,38.72775,38.56775,79.08883813737494,0.16,30.0,39.0,47.0,30.0,38.0,47.0,64.79333813737493,78.79333813737493,93.79333813737492,-9.0,0.0,10.0
2026-03-12,401858186,Miami (OH) RedHawks,Massachusetts Minutemen,2026-03-12 11:00,2026-03-12T15:00:00Z,EDT,7.5,spread,team,10,10,fd0f77ddda98,45f007ba734f,12,2,22,24,3.801,3.60075,7.40175,0.20025,1.0,4.0,6.0,1.0,3.0,6.0,4.0,7.0,11.0,-3.0,0.0,4.0,42.52875,42.1685,86.18266172702712,0.36025,34.0,42.0,51.0,33.0,42.0,51.0,71.48541172702713,85.48541172702713,100.48541172702711,-9.099999999999966,0.0,10.0
2026-03-12,401858186,Miami (OH) RedHawks,Massachusetts Minutemen,2026-03-12 11:00,2026-03-12T15:00:00Z,EDT,7.5,spread,team,10,10,fd0f77ddda98,45f007ba734f,13,2,24,26,3.64275,3.4335,7.07625,0.20925,1.0,3.0,6.0,1.0,3.0,6.0,4.0,7.0,11.0,-3.0,0.0,4.0,46.1715,45.602,92.95098531667932,0.5695,37.0,46.0,55.0,37.0,46.0,54.0,78.17748531667932,92.67748531667932,107.17748531667932,-10.0,1.0,11.0
2026-03-12,401858186,Miami (OH) RedHawks,Massachusetts Minutemen,2026-03-12 11:00,2026-03-12T15:00:00Z,EDT,7.5,spread,team,10,10,fd0f77ddda98,45f007ba734f,14,2,26,28,4.077,3.7795,7.8565,0.2975,2.0,4.0,7.0,1.0,4.0,6.0,4.0,8.0,12.0,-3.0,0.0,4.0,50.2485,49.3815,100.49955890633152,0.867,41.0,50.0,59.09999999999991,40.0,49.0,58.0,85.86955890633152,100.86955890633152,114.86955890633152,-10.0,1.0,12.0
2026-03-12,401858186,Miami (OH) RedHawks,Massachusetts Minutemen,2026-03-12 11:00,2026-03-12T15:00:00Z,EDT,7.5,spread,team,10,10,fd0f77ddda98,45f007ba734f,15,2,28,30,3.19125,2.9605,6.15175,0.23075,1.0,3.0,6.0,1.0,3.0,5.0,3.0,6.0,10.0,-3.0,0.0,3.0,53.43975,52.342,100.67247156133249,1.09775,44.0,53.0,63.0,43.0,52.0,62.0,85.89072156133247,100.89072156133248,114.89072156133248,-10.0,1.0,12.0
2026-03-12,401858186,Miami (OH) RedHawks,Massachusetts Minutemen,2026-03-12 11:00,2026-03-12T15:00:00Z,EDT,7.5,spread,team,10,10,fd0f77ddda98,45f007ba734f,16,2,30,32,3.80825,3.5335,7.34175,0.27475,1.0,4.0,6.0,1.0,3.0,6.0,4.0,7.0,11.0,-3.0,0.0,4.0,57.248,55.8755,113.37720608563592,1.3725,48.0,57.0,67.0,46.0,56.0,65.0,97.25370608563593,113.25370608563593,128.2537060856359,-10.0,1.0,13.0
2026-03-12,401858186,Miami (OH) RedHawks,Massachusetts Minutemen,2026-03-12 11:00,2026-03-12T15:00:00Z,EDT,7.5,spread,team,10,10,fd0f77ddda98,45f007ba734f,17,2,32,34,3.6655,3.314,6.9795,0.3515,1.0,3.0,6.0,1.0,3.0,6.0,4.0,7.0,11.0,-3.0,0.0,4.0,60.9135,59.1895,120.0487796752881,1.724,51.0,61.0,71.0,49.0,59.0,69.0,103.94577967528812,119.94577967528812,134.94577967528812,-10.0,2.0,14.0
2026-03-12,401858186,Miami (OH) RedHawks,Massachusetts Minutemen,2026-03-12 11:00,2026-03-12T15:00:00Z,EDT,7.5,spread,team,10,10,fd0f77ddda98,45f007ba734f,18,2,34,36,4.26175,3.98,8.24175,0.28175,2.0,4.0,7.0,2.0,4.0,7.0,5.0,8.0,12.0,-3.0,0.0,4.0,65.17525,63.1695,127.98260326494032,2.00575,55.0,65.0,75.0,53.0,63.0,73.0,111.6378532649403,127.6378532649403,143.6378532649403,-10.0,2.0,14.0
2026-03-12,401858186,Miami (OH) RedHawks,Massachusetts Minutemen,2026-03-12 11:00,2026-03-12T15:00:00Z,EDT,7.5,spread,team,10,10,fd0f77ddda98,45f007ba734f,19,2,36,38,3.91475,3.6465,7.56125,0.26825,2.0,4.0,7.0,1.0,3.0,6.0,4.0,7.0,11.0,-3.0,0.0,4.0,69.09,66.816,135.2359268545925,2.274,59.0,69.0,79.0,57.0,67.0,77.0,118.3299268545925,135.3299268545925,152.3299268545925,-10.0,2.0,14.0
2026-03-12,401858186,Miami (OH) RedHawks,Massachusetts Minutemen,2026-03-12 11:00,2026-03-12T15:00:00Z,EDT,7.5,spread,team,10,10,fd0f77ddda98,45f007ba734f,20,2,38,40,5.37875,5.0065,10.38525,0.37225,2.0,5.0,8.0,2.0,5.0,8.0,6.0,10.0,15.0,-4.0,0.0,4.0,74.46875,71.8225,146.29125,2.64625,64.0,75.0,85.0,61.0,72.0,82.0,129.0,146.0,164.0,-10.0,3.0,15.0
2026-03-12,401858187,Toledo Rockets,Bowling Green Falcons,2026-03-12 13:30,2026-03-12T17:30:00Z,EDT,1.0,spread,team,10,10,5bd77fdfbe31,ae37ba54c5dc,1,1,0,2,3.0655,2.796,5.8615,0.2695,1.0,3.0,5.0,1.0,3.0,5.0,3.0,6.0,9.0,-3.0,0.0,3.0,3.0655,2.796,6.071626454772274,0.2695,1.0,3.0,5.0,1.0,3.0,5.0,3.210126454772273,6.210126454772274,9.210126454772274,-3.0,0.0,3.0
2026-03-12,401858187,Toledo Rockets,Bowling Green Falcons,2026-03-12 13:30,2026-03-12T17:30:00Z,EDT,1.0,spread,team,10,10,5bd77fdfbe31,ae37ba54c5dc,2,1,2,4,3.87875,3.466,7.34475,0.41275,1.0,4.0,6.0,1.0,3.0,6.0,4.0,7.0,11.0,-3.0,0.0,4.0,6.94425,6.262,13.626502909544548,0.68225,4.0,7.0,10.0,3.0,6.0,10.0,9.420252909544548,13.420252909544548,18.420252909544548,-4.0,1.0,5.0
2026-03-12,401858187,Toledo Rockets,Bowling Green Falcons,2026-03-12 13:30,2026-03-12T17:30:00Z,EDT,1.0,spread,team,10,10,5bd77fdfbe31,ae37ba54c5dc,3,1,4,6,3.5015,3.1805,6.682,0.321,1.0,3.0,6.0,1.0,3.0,6.0,3.0,6.0,10.0,-3.0,0.0,4.0,10.44575,9.4425,20.51862936431682,1.00325,6.0,10.0,15.0,6.0,9.0,14.0,14.63037936431682,20.63037936431682,26.63037936431682,-5.0,1.0,7.0
2026-03-12,401858187,Toledo Rockets,Bowling Green Falcons,2026-03-12 13:30,2026-03-12T17:30:00Z,EDT,1.0,spread,team,10,10,5bd77fdfbe31,ae37ba54c5dc,4,1,6,8,3.7305,3.35775,7.08825,0.37275,1.0,4.0,6.0,1.0,3.0,6.0,4.0,7.0,11.0,-3.0,0.0,4.0,14.17625,12.80025,27.817005819089097,1.376,9.0,14.0,19.0,8.0,12.0,18.0,20.840505819089092,27.840505819089092,34.840505819089095,-5.0,1.0,8.0
2026-03-12,401858187,Toledo Rockets,Bowling Green Falcons,2026-03-12 13:30,2026-03-12T17:30:00Z,EDT,1.0,spread,team,10,10,5bd77fdfbe31,ae37ba54c5dc,5,1,8,10,3.53575,3.26675,6.8025,0.269,1.0,3.0,6.0,1.0,3.0,6.0,4.0,7.0,10.0,-3.0,0.0,3.0,17.712,16.067,29.31624195915493,1.645,12.0,18.0,23.0,11.0,16.0,22.0,21.53724195915492,28.53724195915492,37.53724195915492,-6.0,2.0,9.0
2026-03-12,401858187,Toledo Rockets,Bowling Green Falcons,2026-03-12 13:30,2026-03-12T17:30:00Z,EDT,1.0,spread,team,10,10,5bd77fdfbe31,ae37ba54c5dc,6,1,10,12,3.89275,3.52225,7.415,0.3705,1.0,4.0,7.0,1.0,3.0,6.0,4.0,7.0,11.0,-3.0,0.0,4.0,21.60475,19.58925,42.45475872863364,2.0155,15.0,21.0,28.0,14.0,19.0,26.0,33.26075872863364,42.26075872863364,52.26075872863364,-6.0,2.0,10.0
2026-03-12,401858187,Toledo Rockets,Bowling Green Falcons,2026-03-12 13:30,2026-03-12T17:30:00Z,EDT,1.0,spread,team,10,10,5bd77fdfbe31,ae37ba54c5dc,7,1,12,14,3.8015,3.44575,7.24725,0.35575,1.0,4.0,6.0,1.0,3.0,6.0,4.0,7.0,11.0,-3.0,0.0,4.0,25.40625,23.035,49.91213518340591,2.37125,19.0,25.0,32.0,17.0,23.0,30.0,39.47088518340591,49.47088518340591,60.47088518340591,-6.0,2.0,11.0
2026-03-12,401858187,Toledo Rockets,Bowling Green Falcons,2026-03-12 13:30,2026-03-12T17:30:00Z,EDT,1.0,spread,team,10,10,5bd77fdfbe31,ae37ba54c5dc,8,1,14,16,3.544,3.24125,6.78525,0.30275,1.0,3.0,6.0,1.0,3.0,6.0,4.0,7.0,10.0,-3.0,0.0,4.0,28.95025,26.27625,56.90751163817819,2.674,22.0,29.0,36.0,20.0,26.0,34.0,45.68101163817819,56.68101163817819,68.68101163817819,-6.0,3.0,12.0
2026-03-12,401858187,Toledo Rockets,Bowling Green Falcons,2026-03-12 13:30,2026-03-12T17:30:00Z,EDT,1.0,spread,team,10,10,5bd77fdfbe31,ae37ba54c5dc,9,1,16,18,3.96775,3.59075,7.5585,0.377,2.0,4.0,7.0,1.0,3.0,6.0,4.0,7.0,11.0,-3.0,0.0,4.0,32.918,29.867,64.67613809295045,3.051,25.0,33.0,41.0,23.0,30.0,37.0,52.89113809295046,63.89113809295046,76.89113809295046,-6.0,3.0,13.0
2026-03-12,401858187,Toledo Rockets,Bowling Green Falcons,2026-03-12 13:30,2026-03-12T17:30:00Z,EDT,1.0,spread,team,10,10,5bd77fdfbe31,ae37ba54c5dc,10,1,18,20,3.8865,3.6075,7.494,0.279,1.0,4.0,7.0,1.0,3.0,6.0,4.0,7.0,11.0,-3.0,0.0,4.0,36.8045,33.4745,70.279,3.33,28.0,37.0,45.0,26.0,33.0,41.0,57.0,70.0,84.0,-7.0,3.0,13.0
2026-03-12,401858187,Toledo Rockets,Bowling Green Falcons,2026-03-12 13:30,2026-03-12T17:30:00Z,EDT,1.0,spread,team,10,10,5bd77fdfbe31,ae37ba54c5dc,11,2,20,22,3.27175,2.8005,6.07225,0.47125,1.0,3.0,6.0,1.0,3.0,5.0,3.0,6.0,9.0,-3.0,1.0,3.0,40.07625,36.275,78.14458813737492,3.80125,31.0,40.0,49.0,28.0,36.0,44.0,65.79333813737493,77.79333813737493,91.79333813737492,-7.0,4.0,14.0
2026-03-12,401858187,Toledo Rockets,Bowling Green Falcons,2026-03-12 13:30,2026-03-12T17:30:00Z,EDT,1.0,spread,team,10,10,5bd77fdfbe31,ae37ba54c5dc,12,2,22,24,3.629,3.0955,6.7245,0.5335,1.0,3.0,6.0,1.0,3.0,6.0,4.0,6.0,10.0,-3.0,1.0,4.0,43.70525,39.3705,84.56116172702713,4.33475,35.0,44.0,53.0,31.0,39.0,48.0,71.48541172702713,84.48541172702713,98.48541172702711,-7.0,4.5,15.0
2026-03-12,401858187,Toledo Rockets,Bowling Green Falcons,2026-03-12 13:30,2026-03-12T17:30:00Z,EDT,1.0,spread,team,10,10,5bd77fdfbe31,ae37ba54c5dc,13,2,24,26,3.67475,3.031,6.70575,0.64375,1.0,3.0,6.0,1.0,3.0,5.0,3.0,6.0,10.0,-3.0,1.0,4.0,47.38,42.4015,90.95898531667932,4.9785,38.0,47.0,57.0,34.0,42.0,51.0,77.17748531667932,91.17748531667932,105.17748531667932,-7.0,5.0,16.0
2026-03-12,401858187,Toledo Rockets,Bowling Green Falcons,2026-03-12 13:30,2026-03-12T17:30:00Z,EDT,1.0,spread,team,10,10,5bd77fdfbe31,ae37ba54c5dc,14,2,26,28,3.271,2.73725,6.00825,0.53375,1.0,3.0,6.0,1.0,3.0,5.0,3.0,6.0,9.0,-2.0,1.0,4.0,50.651,45.13875,96.65930890633152,5.51225,41.0,51.0,60.0,36.0,45.0,54.0,82.86955890633152,96.86955890633152,110.86955890633152,-6.0,6.0,17.0
2026-03-12,401858187,Toledo Rockets,Bowling Green Falcons,2026-03-12 13:30,2026-03-12T17:30:00Z,EDT,1.0,spread,team,10,10,5bd77fdfbe31,ae37ba54c5dc,15,2,28,30,3.54025,3.07175,6.612,0.4685,1.0,3.0,6.0,1.0,3.0,5.0,3.0,6.0,10.0,-3.0,0.0,4.0,54.19125,48.2105,97.29247156133248,5.98075,44.0,54.0,64.0,39.0,48.0,57.0,82.89072156133247,96.89072156133248,111.89072156133248,-6.0,6.0,18.0
2026-03-12,401858187,Toledo Rockets,Bowling Green Falcons,2026-03-12 13:30,2026-03-12T17:30:00Z,EDT,1.0,spread,team,10,10,5bd77fdfbe31,ae37ba54c5dc,16,2,30,32,3.62025,3.01725,6.6375,0.603,1.0,3.0,6.0,1.0,3.0,5.0,3.0,6.0,10.0,-3.0,1.0,4.0,57.8115,51.22775,109.29295608563592,6.58375,48.0,58.0,68.0,42.0,51.0,61.0,94.25370608563593,109.25370608563593,124.25370608563593,-6.0,7.0,19.0
2026-03-12,401858187,Toledo Rockets,Bowling Green Falcons,2026-03-12 13:30,2026-03-12T17:30:00Z,EDT,1.0,spread,team,10,10,5bd77fdfbe31,ae37ba54c5dc,17,2,32,34,3.64825,3.0225,6.67075,0.62575,1.0,4.0,6.0,1.0,3.0,5.0,3.0,6.0,10.0,-3.0,1.0,4.0,61.45975,54.25025,115.6557796752881,7.2095,51.0,61.0,72.0,45.0,54.0,64.0,99.94577967528812,115.94577967528812,131.94577967528812,-6.0,7.0,20.0
2026-03-12,401858187,Toledo Rockets,Bowling Green Falcons,2026-03-12 13:30,2026-03-12T17:30:00Z,EDT,1.0,spread,team,10,10,5bd77fdfbe31,ae37ba54c5dc,18,2,34,36,3.57125,2.99375,6.565,0.5775,1.0,3.0,6.0,1.0,3.0,5.0,3.0,6.0,10.0,-2.0,1.0,4.0,65.031,57.244,121.91285326494032,7.787,55.0,65.0,76.0,47.0,57.0,67.0,105.6378532649403,121.6378532649403,138.6378532649403,-5.0,8.0,20.0
2026-03-12,401858187,Toledo Rockets,Bowling Green Falcons,2026-03-12 13:30,2026-03-12T17:30:00Z,EDT,1.0,spread,team,10,10,5bd77fdfbe31,ae37ba54c5dc,19,2,36,38,3.19825,2.6775,5.87575,0.52075,1.0,3.0,6.0,1.0,3.0,5.0,3.0,6.0,9.0,-2.0,0.0,4.0,68.22925,59.9215,127.48067685459247,8.30775,57.0,68.0,79.0,50.0,60.0,70.0,110.3299268545925,127.3299268545925,144.3299268545925,-5.0,8.0,21.0
2026-03-12,401858187,Toledo Rockets,Bowling Green Falcons,2026-03-12 13:30,2026-03-12T17:30:00Z,EDT,1.0,spread,team,10,10,5bd77fdfbe31,ae37ba54c5dc,20,2,38,40,6.426,5.43075,11.85675,0.99525,3.0,6.0,10.0,3.0,5.0,9.0,7.0,12.0,17.0,-3.0,1.0,5.0,74.65525,65.35225,140.0075,9.303,63.0,75.0,86.0,55.0,65.0,76.0,122.0,140.0,158.0,-4.0,9.0,23.0
2026-03-12,401858188,Akron Zips,Buffalo Bulls,2026-03-12 16:00,2026-03-12T20:00:00Z,EDT,13.0,spread,team,10,10,e3be83d1cf62,da3dcb975077,1,1,0,2,2.97725,3.029,6.00625,-0.05175,1.0,3.0,5.0,1.0,3.0,5.0,3.0,6.0,9.0,-3.0,0.0,3.0,2.97725,3.029,6.2163764547722735,-0.05175,1.0,3.0,5.0,1.0,3.0,5.0,3.210126454772273,6.210126454772274,9.210126454772274,-3.0,0.0,3.0
2026-03-12,401858188,Akron Zips,Buffalo Bulls,2026-03-12 16:00,2026-03-12T20:00:00Z,EDT,13.0,spread,team,10,10,e3be83d1cf62,da3dcb975077,2,1,2,4,4.01525,4.315,8.33025,-0.29975,2.0,4.0,7.0,2.0,4.0,7.0,5.0,8.0,12.0,-4.0,0.0,3.0,6.9925,7.344,14.756752909544549,-0.3515,4.0,7.0,11.0,4.0,7.0,11.0,9.420252909544548,14.420252909544548,20.420252909544548,-5.0,0.0,4.0
2026-03-12,401858188,Akron Zips,Buffalo Bulls,2026-03-12 16:00,2026-03-12T20:00:00Z,EDT,13.0,spread,team,10,10,e3be83d1cf62,da3dcb975077,3,1,4,6,3.79225,4.05025,7.8425,-0.258,1.0,4.0,6.0,2.0,4.0,7.0,4.0,8.0,12.0,-4.0,0.0,3.0,10.78475,11.39425,22.80937936431682,-0.6095,7.0,11.0,15.0,7.0,11.0,16.0,16.63037936431682,22.63037936431682,29.63037936431682,-6.0,-1.0,5.0
2026-03-12,401858188,Akron Zips,Buffalo Bulls,2026-03-12 16:00,2026-03-12T20:00:00Z,EDT,13.0,spread,team,10,10,e3be83d1cf62,da3dcb975077,4,1,6,8,3.11,3.28725,6.39725,-0.17725,1.0,3.0,5.0,1.0,3.0,6.0,3.0,6.0,10.0,-4.0,0.0,3.0,13.89475,14.6815,29.416755819089097,-0.78675,9.0,14.0,19.0,10.0,15.0,20.0,21.840505819089092,28.840505819089092,36.840505819089095,-7.0,-1.0,6.0
2026-03-12,401858188,Akron Zips,Buffalo Bulls,2026-03-12 16:00,2026-03-12T20:00:00Z,EDT,13.0,spread,team,10,10,e3be83d1cf62,da3dcb975077,5,1,8,10,3.377,3.51575,6.89275,-0.13875,1.0,3.0,6.0,1.0,3.0,6.0,4.0,7.0,10.0,-3.0,0.0,3.0,17.27175,18.19725,31.00624195915492,-0.9255,12.0,17.0,23.0,13.0,18.0,24.0,22.53724195915492,30.53724195915492,39.53724195915492,-8.0,-1.0,6.0
2026-03-12,401858188,Akron Zips,Buffalo Bulls,2026-03-12 16:00,2026-03-12T20:00:00Z,EDT,13.0,spread,team,10,10,e3be83d1cf62,da3dcb975077,6,1,10,12,3.606,3.7635,7.3695,-0.1575,1.0,3.0,6.0,1.0,4.0,6.0,4.0,7.0,11.0,-3.099999999999966,0.0,3.0,20.87775,21.96075,44.09925872863364,-1.083,15.0,21.0,27.0,16.0,22.0,28.0,34.26075872863364,44.26075872863364,54.26075872863364,-9.0,-1.0,7.0
2026-03-12,401858188,Akron Zips,Buffalo Bulls,2026-03-12 16:00,2026-03-12T20:00:00Z,EDT,13.0,spread,team,10,10,e3be83d1cf62,da3dcb975077,7,1,12,14,3.495,3.665,7.16,-0.17,1.0,3.0,6.0,1.0,3.0,6.0,4.0,7.0,11.0,-3.0,0.0,3.0,24.37275,25.62575,51.46938518340591,-1.253,18.0,24.0,31.0,19.0,25.0,32.0,40.47088518340591,51.47088518340591,62.47088518340591,-9.0,-1.0,7.0
2026-03-12,401858188,Akron Zips,Buffalo Bulls,2026-03-12 16:00,2026-03-12T20:00:00Z,EDT,13.0,spread,team,10,10,e3be83d1cf62,da3dcb975077,8,1,14,16,3.5495,3.81525,7.36475,-0.26575,1.0,3.0,6.0,1.0,4.0,6.0,4.0,7.0,11.0,-4.0,0.0,3.0,27.92225,29.441,59.04426163817819,-1.51875,21.0,28.0,35.0,22.0,29.0,37.0,47.68101163817819,58.68101163817819,70.68101163817819,-10.0,-2.0,7.0
2026-03-12,401858188,Akron Zips,Buffalo Bulls,2026-03-12 16:00,2026-03-12T20:00:00Z,EDT,13.0,spread,team,10,10,e3be83d1cf62,da3dcb975077,9,1,16,18,3.3995,3.61725,7.01675,-0.21775,1.0,3.0,6.0,1.0,3.0,6.0,4.0,7.0,11.0,-4.0,0.0,3.0,31.32175,33.05825,66.27113809295045,-1.7365,24.0,31.0,39.0,25.0,33.0,41.0,53.89113809295046,65.89113809295046,78.89113809295046,-11.0,-2.0,7.0
2026-03-12,401858188,Akron Zips,Buffalo Bulls,2026-03-12 16:00,2026-03-12T20:00:00Z,EDT,13.0,spread,team,10,10,e3be83d1cf62,da3dcb975077,10,1,18,20,3.4505,3.685,7.1355,-0.2345,1.0,3.0,6.0,1.0,4.0,6.0,4.0,7.0,11.0,-4.0,0.0,3.0,34.77225,36.74325,71.5155,-1.971,27.0,35.0,43.0,28.0,37.0,45.0,58.0,71.0,85.0,-11.0,-2.0,7.0
2026-03-12,401858188,Akron Zips,Buffalo Bulls,2026-03-12 16:00,2026-03-12T20:00:00Z,EDT,13.0,spread,team,10,10,e3be83d1cf62,da3dcb975077,11,2,20,22,2.153,2.03725,4.19025,0.11575,0.0,2.0,4.0,0.0,2.0,4.0,2.0,4.0,7.0,-2.0,0.0,3.0,36.92525,38.7805,77.49908813737493,-1.85525,29.0,37.0,45.0,30.0,39.0,47.0,63.79333813737493,77.29333813737493,90.79333813737492,-11.0,-2.0,8.0
2026-03-12,401858188,Akron Zips,Buffalo Bulls,2026-03-12 16:00,2026-03-12T20:00:00Z,EDT,13.0,spread,team,10,10,e3be83d1cf62,da3dcb975077,12,2,22,24,3.227,3.0235,6.2505,0.2035,1.0,3.0,6.0,1.0,3.0,5.0,3.0,6.0,10.0,-3.0,0.0,3.0,40.15225,41.804,83.44166172702712,-1.65175,32.0,40.0,49.0,34.0,42.0,50.0,69.48541172702713,83.48541172702713,97.48541172702711,-12.0,-2.0,8.0
2026-03-12,401858188,Akron Zips,Buffalo Bulls,2026-03-12 16:00,2026-03-12T20:00:00Z,EDT,13.0,spread,team,10,10,e3be83d1cf62,da3dcb975077,13,2,24,26,2.58675,2.50725,5.094,0.0795,1.0,2.0,5.0,1.0,2.0,5.0,2.0,5.0,8.0,-3.0,0.0,3.0,42.739,44.31125,88.22773531667933,-1.57225,34.0,43.0,51.0,36.0,44.0,53.0,74.17748531667932,88.17748531667932,102.17748531667932,-12.0,-2.0,9.0
2026-03-12,401858188,Akron Zips,Buffalo Bulls,2026-03-12 16:00,2026-03-12T20:00:00Z,EDT,13.0,spread,team,10,10,e3be83d1cf62,da3dcb975077,14,2,26,28,2.85575,2.712,5.56775,0.14375,1.0,3.0,5.0,1.0,2.0,5.0,2.0,5.0,9.0,-3.0,0.0,3.0,45.59475,47.02325,93.48755890633151,-1.4285,37.0,46.0,55.0,38.0,47.0,56.0,79.86955890633152,93.86955890633152,107.86955890633152,-12.0,-1.0,10.0
2026-03-12,401858188,Akron Zips,Buffalo Bulls,2026-03-12 16:00,2026-03-12T20:00:00Z,EDT,13.0,spread,team,10,10,e3be83d1cf62,da3dcb975077,15,2,28,30,2.53175,2.455,4.98675,0.07675,1.0,2.0,5.0,1.0,2.0,5.0,2.0,5.0,8.0,-3.0,0.0,3.0,48.1265,49.47825,93.48755890633151,-1.35175,39.0,48.0,57.0,40.0,49.0,59.0,79.86955890633152,93.86955890633152,107.86955890633152,-13.0,-1.0,10.0
2026-03-12,401858188,Akron Zips,Buffalo Bulls,2026-03-12 16:00,2026-03-12T20:00:00Z,EDT,13.0,spread,team,10,10,e3be83d1cf62,da3dcb975077,16,2,30,32,3.48775,3.295,6.78275,0.19275,1.0,3.0,6.0,1.0,3.0,6.0,3.0,7.0,11.0,-3.0,0.0,3.0,51.61425,52.77325,104.64120608563591,-1.159,42.0,52.0,61.0,43.0,53.0,62.0,89.25370608563591,104.25370608563593,119.25370608563593,-13.0,-1.0,11.0
2026-03-12,401858188,Akron Zips,Buffalo Bulls,2026-03-12 16:00,2026-03-12T20:00:00Z,EDT,13.0,spread,team,10,10,e3be83d1cf62,da3dcb975077,17,2,32,34,3.18625,2.98225,6.1685,0.204,1.0,3.0,6.0,1.0,3.0,5.0,3.0,6.0,10.0,-3.0,0.0,3.0,54.8005,55.7555,110.5017796752881,-0.955,45.0,55.0,65.0,46.0,56.0,66.0,94.94577967528812,109.94577967528812,125.94577967528812,-13.0,-1.0,11.0
2026-03-12,401858188,Akron Zips,Buffalo Bulls,2026-03-12 16:00,2026-03-12T20:00:00Z,EDT,13.0,spread,team,10,10,e3be83d1cf62,da3dcb975077,18,2,34,36,2.86425,2.73225,5.5965,0.132,1.0,3.0,5.0,1.0,3.0,5.0,3.0,5.0,9.0,-3.0,0.0,3.0,57.66475,58.48775,115.79035326494032,-0.823,47.0,58.0,68.0,48.0,58.0,69.0,99.6378532649403,115.6378532649403,132.6378532649403,-13.0,-1.0,12.0
2026-03-12,401858188,Akron Zips,Buffalo Bulls,2026-03-12 16:00,2026-03-12T20:00:00Z,EDT,13.0,spread,team,10,10,e3be83d1cf62,da3dcb975077,19,2,36,38,2.751,2.5665,5.3175,0.1845,1.0,3.0,5.0,1.0,2.0,5.0,2.0,5.0,9.0,-3.0,0.0,3.0,60.41575,61.05425,120.7999268545925,-0.6385,50.0,60.0,71.0,51.0,61.0,72.0,104.3299268545925,120.3299268545925,138.3299268545925,-13.0,-1.0,12.0
2026-03-12,401858188,Akron Zips,Buffalo Bulls,2026-03-12 16:00,2026-03-12T20:00:00Z,EDT,13.0,spread,team,10,10,e3be83d1cf62,da3dcb975077,20,2,38,40,2.72275,2.58425,5.307,0.1385,1.0,3.0,5.0,1.0,2.0,5.0,2.0,5.0,9.0,-3.0,0.0,3.0,63.1385,63.6385,126.777,-0.5,52.0,63.0,74.0,53.0,64.0,75.0,109.0,126.0,145.0,-13.0,-1.0,13.0
2026-03-12,401858189,Kent State Golden Flashes,Ohio Bobcats,2026-03-12 18:30,2026-03-12T22:30:00Z,EDT,4.0,spread,team,10,10,335e1e2d1a6c,fb01e9c74704,1,1,0,2,2.78175,3.0635,5.84525,-0.28175,1.0,3.0,5.0,1.0,3.0,5.0,3.0,6.0,9.0,-3.0,0.0,3.0,2.78175,3.0635,6.055376454772274,-0.28175,1.0,3.0,5.0,1.0,3.0,5.0,3.210126454772273,6.210126454772274,9.210126454772274,-3.0,0.0,3.0
2026-03-12,401858189,Kent State Golden Flashes,Ohio Bobcats,2026-03-12 18:30,2026-03-12T22:30:00Z,EDT,4.0,spread,team,10,10,335e1e2d1a6c,fb01e9c74704,2,1,2,4,3.50825,3.82025,7.3285,-0.312,1.0,3.0,6.0,1.0,4.0,6.0,4.0,7.0,11.0,-4.0,0.0,3.0,6.29,6.88375,13.594002909544548,-0.59375,3.0,6.0,10.0,4.0,7.0,10.0,9.420252909544548,13.420252909544548,18.420252909544548,-5.0,-1.0,4.0
2026-03-12,401858189,Kent State Golden Flashes,Ohio Bobcats,2026-03-12 18:30,2026-03-12T22:30:00Z,EDT,4.0,spread,team,10,10,335e1e2d1a6c,fb01e9c74704,3,1,4,6,2.865,3.1295,5.9945,-0.2645,1.0,3.0,5.0,1.0,3.0,6.0,3.0,6.0,9.0,-3.0,0.0,3.0,9.155,10.01325,19.79862936431682,-0.85825,5.0,9.0,13.0,6.0,10.0,14.0,13.63037936431682,19.63037936431682,25.63037936431682,-6.0,-1.0,5.0
2026-03-12,401858189,Kent State Golden Flashes,Ohio Bobcats,2026-03-12 18:30,2026-03-12T22:30:00Z,EDT,4.0,spread,team,10,10,335e1e2d1a6c,fb01e9c74704,4,1,6,8,3.5445,3.795,7.3395,-0.2505,1.0,3.0,6.0,1.0,4.0,6.0,4.0,7.0,11.0,-4.0,0.0,3.0,12.6995,13.80825,27.348255819089097,-1.10875,8.0,12.0,18.0,9.0,14.0,19.0,20.840505819089092,26.840505819089092,34.840505819089095,-7.0,-1.0,5.0
2026-03-12,401858189,Kent State Golden Flashes,Ohio Bobcats,2026-03-12 18:30,2026-03-12T22:30:00Z,EDT,4.0,spread,team,10,10,335e1e2d1a6c,fb01e9c74704,5,1,8,10,3.51275,3.74325,7.256,-0.2305,1.0,3.0,6.0,1.0,4.0,6.0,4.0,7.0,11.0,-4.0,0.0,3.0,16.21225,17.5515,29.300991959154924,-1.33925,11.0,16.0,22.0,12.0,17.0,23.0,21.050632273861368,28.53724195915492,37.53724195915492,-8.0,-1.0,5.0
2026-03-12,401858189,Kent State Golden Flashes,Ohio Bobcats,2026-03-12 18:30,2026-03-12T22:30:00Z,EDT,4.0,spread,team,10,10,335e1e2d1a6c,fb01e9c74704,6,1,10,12,3.5445,3.8395,7.384,-0.295,1.0,3.0,6.0,1.0,4.0,6.0,4.0,7.0,11.0,-4.0,0.0,3.0,19.75675,21.391,42.40850872863364,-1.63425,14.0,20.0,26.0,15.0,21.0,28.0,33.26075872863364,42.26075872863364,52.26075872863364,-9.0,-2.0,6.0
2026-03-12,401858189,Kent State Golden Flashes,Ohio Bobcats,2026-03-12 18:30,2026-03-12T22:30:00Z,EDT,4.0,spread,team,10,10,335e1e2d1a6c,fb01e9c74704,7,1,12,14,3.9885,4.3045,8.293,-0.316,2.0,4.0,7.0,2.0,4.0,7.0,5.0,8.0,12.0,-4.0,0.0,3.0,23.74525,25.6955,50.91163518340591,-1.95025,17.0,24.0,30.0,19.0,25.0,33.0,40.47088518340591,50.47088518340591,61.47088518340591,-10.0,-2.0,6.0
2026-03-12,401858189,Kent State Golden Flashes,Ohio Bobcats,2026-03-12 18:30,2026-03-12T22:30:00Z,EDT,4.0,spread,team,10,10,335e1e2d1a6c,fb01e9c74704,8,1,14,16,2.9065,3.17975,6.08625,-0.27325,1.0,3.0,5.0,1.0,3.0,6.0,3.0,6.0,9.0,-3.0,0.0,3.0,26.65175,28.87525,57.20801163817819,-2.2235,20.0,26.0,34.0,22.0,29.0,36.0,45.68101163817819,56.68101163817819,68.68101163817819,-10.0,-2.0,6.0
2026-03-12,401858189,Kent State Golden Flashes,Ohio Bobcats,2026-03-12 18:30,2026-03-12T22:30:00Z,EDT,4.0,spread,team,10,10,335e1e2d1a6c,fb01e9c74704,9,1,16,18,3.7685,4.0475,7.816,-0.279,1.0,4.0,6.0,2.0,4.0,7.0,4.0,8.0,12.0,-4.0,0.0,3.0,30.42025,32.92275,65.23413809295046,-2.5025,23.0,30.0,38.0,25.0,33.0,41.0,52.89113809295046,64.89113809295046,77.89113809295046,-11.0,-3.0,6.0
2026-03-12,401858189,Kent State Golden Flashes,Ohio Bobcats,2026-03-12 18:30,2026-03-12T22:30:00Z,EDT,4.0,spread,team,10,10,335e1e2d1a6c,fb01e9c74704,10,1,18,20,3.70625,3.9535,7.65975,-0.24725,1.0,4.0,6.0,1.0,4.0,7.0,4.0,7.0,11.0,-4.0,0.0,3.0,34.1265,36.87625,71.00275,-2.74975,26.0,34.0,42.0,29.0,37.0,45.0,57.0,71.0,85.0,-12.0,-3.0,6.0
2026-03-12,401858189,Kent State Golden Flashes,Ohio Bobcats,2026-03-12 18:30,2026-03-12T22:30:00Z,EDT,4.0,spread,team,10,10,335e1e2d1a6c,fb01e9c74704,11,2,20,22,2.85075,3.09275,5.9435,-0.242,1.0,3.0,5.0,1.0,3.0,5.0,3.0,6.0,9.0,-3.0,0.0,3.0,36.97725,39.969,78.73958813737494,-2.99175,29.0,37.0,45.0,32.0,40.0,49.0,64.79333813737493,78.79333813737493,92.79333813737492,-12.0,-3.0,7.0
2026-03-12,401858189,Kent State Golden Flashes,Ohio Bobcats,2026-03-12 18:30,2026-03-12T22:30:00Z,EDT,4.0,spread,team,10,10,335e1e2d1a6c,fb01e9c74704,12,2,22,24,2.9175,3.1495,6.067,-0.232,1.0,3.0,5.0,1.0,3.0,6.0,3.0,6.0,9.0,-3.0,0.0,3.0,39.89475,43.1185,84.49866172702713,-3.22375,31.0,40.0,48.0,35.0,43.0,52.0,70.48541172702713,84.48541172702713,98.48541172702711,-13.0,-3.0,7.0
2026-03-12,401858189,Kent State Golden Flashes,Ohio Bobcats,2026-03-12 18:30,2026-03-12T22:30:00Z,EDT,4.0,spread,team,10,10,335e1e2d1a6c,fb01e9c74704,13,2,24,26,2.714,2.9475,5.6615,-0.2335,1.0,3.0,5.0,1.0,3.0,5.0,3.0,5.0,9.0,-3.0,0.0,3.0,42.60875,46.066,89.85223531667933,-3.45725,34.0,42.0,51.0,37.0,46.0,55.0,76.17748531667932,89.17748531667932,104.17748531667932,-14.0,-4.0,7.0
2026-03-12,401858189,Kent State Golden Flashes,Ohio Bobcats,2026-03-12 18:30,2026-03-12T22:30:00Z,EDT,4.0,spread,team,10,10,335e1e2d1a6c,fb01e9c74704,14,2,26,28,2.959,3.24575,6.20475,-0.28675,1.0,3.0,5.0,1.0,3.0,6.0,3.0,6.0,10.0,-3.0,0.0,3.0,45.56775,49.31175,95.74905890633153,-3.744,37.0,45.0,54.0,40.0,49.0,59.0,81.86955890633152,95.86955890633152,110.86955890633152,-14.0,-4.0,7.0
2026-03-12,401858189,Kent State Golden Flashes,Ohio Bobcats,2026-03-12 18:30,2026-03-12T22:30:00Z,EDT,4.0,spread,team,10,10,335e1e2d1a6c,fb01e9c74704,15,2,28,30,2.40625,2.609,5.01525,-0.20275,1.0,2.0,4.0,1.0,2.0,5.0,2.0,5.0,8.0,-3.0,0.0,3.0,47.974,51.92075,95.74905890633153,-3.94675,39.0,48.0,57.0,43.0,52.0,62.0,81.86955890633152,95.86955890633152,110.86955890633152,-15.0,-4.0,7.0
2026-03-12,401858189,Kent State Golden Flashes,Ohio Bobcats,2026-03-12 18:30,2026-03-12T22:30:00Z,EDT,4.0,spread,team,10,10,335e1e2d1a6c,fb01e9c74704,16,2,30,32,3.32425,3.60675,6.931,-0.2825,1.0,3.0,6.0,1.0,3.0,6.0,3.0,7.0,11.0,-4.0,0.0,3.0,51.29825,55.5275,107.07945608563593,-4.22925,42.0,51.0,61.0,46.0,55.0,65.0,92.25370608563593,106.25370608563593,122.25370608563593,-16.0,-4.0,7.0
2026-03-12,401858189,Kent State Golden Flashes,Ohio Bobcats,2026-03-12 18:30,2026-03-12T22:30:00Z,EDT,4.0,spread,team,10,10,335e1e2d1a6c,fb01e9c74704,17,2,32,34,2.68525,2.91675,5.602,-0.2315,1.0,2.0,5.0,1.0,3.0,5.0,3.0,5.0,9.0,-3.0,0.0,3.0,53.9835,58.44425,112.37352967528813,-4.46075,45.0,54.0,64.0,48.900000000000034,58.0,69.0,96.94577967528812,111.94577967528812,127.94577967528812,-16.0,-4.0,7.0
2026-03-12,401858189,Kent State Golden Flashes,Ohio Bobcats,2026-03-12 18:30,2026-03-12T22:30:00Z,EDT,4.0,spread,team,10,10,335e1e2d1a6c,fb01e9c74704,18,2,34,36,2.49425,2.739,5.23325,-0.24475,1.0,2.0,5.0,1.0,3.0,5.0,2.0,5.0,8.0,-3.0,0.0,3.0,56.47775,61.18325,117.2988532649403,-4.7055,47.0,56.0,66.0,51.0,61.0,71.0,101.6378532649403,116.6378532649403,133.6378532649403,-16.0,-5.0,8.0
2026-03-12,401858189,Kent State Golden Flashes,Ohio Bobcats,2026-03-12 18:30,2026-03-12T22:30:00Z,EDT,4.0,spread,team,10,10,335e1e2d1a6c,fb01e9c74704,19,2,36,38,2.92475,3.259,6.18375,-0.33425,1.0,3.0,5.0,1.0,3.0,6.0,3.0,6.0,10.0,-4.0,0.0,3.0,59.4025,64.44225,123.1746768545925,-5.03975,50.0,59.0,70.0,54.0,64.0,75.0,107.3299268545925,123.3299268545925,139.3299268545925,-17.0,-5.0,7.0
2026-03-12,401858189,Kent State Golden Flashes,Ohio Bobcats,2026-03-12 18:30,2026-03-12T22:30:00Z,EDT,4.0,spread,team,10,10,335e1e2d1a6c,fb01e9c74704,20,2,38,40,5.229,5.749,10.978,-0.52,2.0,5.0,8.0,3.0,6.0,9.0,6.900000000000034,11.0,16.0,-5.0,-1.0,4.0,64.6315,70.19125,134.82275,-5.55975,54.0,64.0,75.0,59.0,70.0,81.0,118.0,135.0,153.0,-18.0,-6.0,7.0
