event_id,book,fetched_at,last_update,commence_time,home_team_name,away_team_name,market,period,moneyline_home,moneyline_away,home_spread,home_spread_price,away_spread,away_spread_price,total,over_price,under_price
f7941a2ca17e16dc2edfd7384e3eeef2,FanDuel,2025-11-25 15:12:34.983956+00:00,2025-11-25 15:12:25+00:00,2025-11-25 16:00:00+00:00,Bethune-Cookman Wildcats,Stony Brook Seawolves,h2h,2h,-182.0,150.0,,,,,,,
f7941a2ca17e16dc2edfd7384e3eeef2,FanDuel,2025-11-25 15:12:34.983956+00:00,2025-11-25 15:12:25+00:00,2025-11-25 16:00:00+00:00,Bethune-Cookman Wildcats,Stony Brook Seawolves,spreads,full_game,,,-3.5,-105.0,3.5,-115.0,,,
f7941a2ca17e16dc2edfd7384e3eeef2,FanDuel,2025-11-25 15:12:34.983956+00:00,2025-11-25 15:12:25+00:00,2025-11-25 16:00:00+00:00,Bethune-Cookman Wildcats,Stony Brook Seawolves,totals,full_game,,,,,,,145.5,-110.0,-110.0
f7941a2ca17e16dc2edfd7384e3eeef2,Fanatics,2025-11-25 15:12:34.983956+00:00,2025-11-25 15:12:09+00:00,2025-11-25 16:00:00+00:00,Bethune-Cookman Wildcats,Stony Brook Seawolves,h2h,2h,-160.0,130.0,,,,,,,
f7941a2ca17e16dc2edfd7384e3eeef2,Fanatics,2025-11-25 15:12:34.983956+00:00,2025-11-25 15:12:09+00:00,2025-11-25 16:00:00+00:00,Bethune-Cookman Wildcats,Stony Brook Seawolves,spreads,full_game,,,-3.0,-110.0,3.0,-110.0,,,
f7941a2ca17e16dc2edfd7384e3eeef2,Fanatics,2025-11-25 15:12:34.983956+00:00,2025-11-25 15:12:09+00:00,2025-11-25 16:00:00+00:00,Bethune-Cookman Wildcats,Stony Brook Seawolves,totals,full_game,,,,,,,145.0,-110.0,-110.0
f7941a2ca17e16dc2edfd7384e3eeef2,DraftKings,2025-11-25 15:12:34.983956+00:00,2025-11-25 15:12:22+00:00,2025-11-25 16:00:00+00:00,Bethune-Cookman Wildcats,Stony Brook Seawolves,h2h,2h,-162.0,136.0,,,,,,,
f7941a2ca17e16dc2edfd7384e3eeef2,DraftKings,2025-11-25 15:12:34.983956+00:00,2025-11-25 15:12:22+00:00,2025-11-25 16:00:00+00:00,Bethune-Cookman Wildcats,Stony Brook Seawolves,spreads,full_game,,,-3.5,-110.0,3.5,-110.0,,,
f7941a2ca17e16dc2edfd7384e3eeef2,DraftKings,2025-11-25 15:12:34.983956+00:00,2025-11-25 15:12:22+00:00,2025-11-25 16:00:00+00:00,Bethune-Cookman Wildcats,Stony Brook Seawolves,totals,full_game,,,,,,,144.5,-110.0,-110.0
f7941a2ca17e16dc2edfd7384e3eeef2,Caesars,2025-11-25 15:12:34.983956+00:00,2025-11-25 15:10:44+00:00,2025-11-25 16:00:00+00:00,Bethune-Cookman Wildcats,Stony Brook Seawolves,h2h,2h,-165.0,140.0,,,,,,,
f7941a2ca17e16dc2edfd7384e3eeef2,Caesars,2025-11-25 15:12:34.983956+00:00,2025-11-25 15:10:44+00:00,2025-11-25 16:00:00+00:00,Bethune-Cookman Wildcats,Stony Brook Seawolves,spreads,full_game,,,-3.5,-110.0,3.5,-110.0,,,
f7941a2ca17e16dc2edfd7384e3eeef2,Caesars,2025-11-25 15:12:34.983956+00:00,2025-11-25 15:10:44+00:00,2025-11-25 16:00:00+00:00,Bethune-Cookman Wildcats,Stony Brook Seawolves,totals,full_game,,,,,,,144.5,-110.0,-110.0
f7941a2ca17e16dc2edfd7384e3eeef2,LowVig.ag,2025-11-25 15:12:34.983956+00:00,2025-11-25 15:12:23+00:00,2025-11-25 16:00:00+00:00,Bethune-Cookman Wildcats,Stony Brook Seawolves,h2h,2h,-168.0,148.0,,,,,,,
f7941a2ca17e16dc2edfd7384e3eeef2,LowVig.ag,2025-11-25 15:12:34.983956+00:00,2025-11-25 15:12:23+00:00,2025-11-25 16:00:00+00:00,Bethune-Cookman Wildcats,Stony Brook Seawolves,spreads,full_game,,,-3.5,-108.0,3.5,-104.0,,,
f7941a2ca17e16dc2edfd7384e3eeef2,LowVig.ag,2025-11-25 15:12:34.983956+00:00,2025-11-25 15:12:23+00:00,2025-11-25 16:00:00+00:00,Bethune-Cookman Wildcats,Stony Brook Seawolves,totals,full_game,,,,,,,144.5,-103.0,-113.0
f7941a2ca17e16dc2edfd7384e3eeef2,BetOnline.ag,2025-11-25 15:12:34.983956+00:00,2025-11-25 15:12:11+00:00,2025-11-25 16:00:00+00:00,Bethune-Cookman Wildcats,Stony Brook Seawolves,h2h,2h,-168.0,148.0,,,,,,,
f7941a2ca17e16dc2edfd7384e3eeef2,BetOnline.ag,2025-11-25 15:12:34.983956+00:00,2025-11-25 15:12:11+00:00,2025-11-25 16:00:00+00:00,Bethune-Cookman Wildcats,Stony Brook Seawolves,spreads,full_game,,,-3.5,-112.0,3.5,-108.0,,,
f7941a2ca17e16dc2edfd7384e3eeef2,BetOnline.ag,2025-11-25 15:12:34.983956+00:00,2025-11-25 15:12:11+00:00,2025-11-25 16:00:00+00:00,Bethune-Cookman Wildcats,Stony Brook Seawolves,totals,full_game,,,,,,,144.5,-105.0,-115.0
f7941a2ca17e16dc2edfd7384e3eeef2,BetRivers,2025-11-25 15:12:34.983956+00:00,2025-11-25 15:11:57+00:00,2025-11-25 16:00:00+00:00,Bethune-Cookman Wildcats,Stony Brook Seawolves,h2h,2h,-152.0,123.0,,,,,,,
f7941a2ca17e16dc2edfd7384e3eeef2,BetRivers,2025-11-25 15:12:34.983956+00:00,2025-11-25 15:11:57+00:00,2025-11-25 16:00:00+00:00,Bethune-Cookman Wildcats,Stony Brook Seawolves,spreads,full_game,,,-3.0,-109.0,3.0,-114.0,,,
f7941a2ca17e16dc2edfd7384e3eeef2,BetRivers,2025-11-25 15:12:34.983956+00:00,2025-11-25 15:11:57+00:00,2025-11-25 16:00:00+00:00,Bethune-Cookman Wildcats,Stony Brook Seawolves,totals,full_game,,,,,,,144.5,-114.0,-109.0
f7941a2ca17e16dc2edfd7384e3eeef2,BetMGM,2025-11-25 15:12:34.983956+00:00,2025-11-25 15:11:57+00:00,2025-11-25 16:00:00+00:00,Bethune-Cookman Wildcats,Stony Brook Seawolves,h2h,2h,-170.0,140.0,,,,,,,
f7941a2ca17e16dc2edfd7384e3eeef2,BetMGM,2025-11-25 15:12:34.983956+00:00,2025-11-25 15:11:57+00:00,2025-11-25 16:00:00+00:00,Bethune-Cookman Wildcats,Stony Brook Seawolves,spreads,full_game,,,-3.5,-110.0,3.5,-110.0,,,
f7941a2ca17e16dc2edfd7384e3eeef2,BetMGM,2025-11-25 15:12:34.983956+00:00,2025-11-25 15:11:57+00:00,2025-11-25 16:00:00+00:00,Bethune-Cookman Wildcats,Stony Brook Seawolves,totals,full_game,,,,,,,144.5,-110.0,-110.0
f7941a2ca17e16dc2edfd7384e3eeef2,BetUS,2025-11-25 15:12:34.983956+00:00,2025-11-25 15:11:31+00:00,2025-11-25 16:00:00+00:00,Bethune-Cookman Wildcats,Stony Brook Seawolves,h2h,2h,-170.0,146.0,,,,,,,
f7941a2ca17e16dc2edfd7384e3eeef2,BetUS,2025-11-25 15:12:34.983956+00:00,2025-11-25 15:11:31+00:00,2025-11-25 16:00:00+00:00,Bethune-Cookman Wildcats,Stony Brook Seawolves,spreads,full_game,,,-3.5,-110.0,3.5,-110.0,,,
f7941a2ca17e16dc2edfd7384e3eeef2,BetUS,2025-11-25 15:12:34.983956+00:00,2025-11-25 15:11:31+00:00,2025-11-25 16:00:00+00:00,Bethune-Cookman Wildcats,Stony Brook Seawolves,totals,full_game,,,,,,,145.0,-110.0,-110.0
f7941a2ca17e16dc2edfd7384e3eeef2,Bovada,2025-11-25 15:12:34.983956+00:00,2025-11-25 15:11:59+00:00,2025-11-25 16:00:00+00:00,Bethune-Cookman Wildcats,Stony Brook Seawolves,h2h,2h,-140.0,120.0,,,,,,,
f7941a2ca17e16dc2edfd7384e3eeef2,Bovada,2025-11-25 15:12:34.983956+00:00,2025-11-25 15:11:59+00:00,2025-11-25 16:00:00+00:00,Bethune-Cookman Wildcats,Stony Brook Seawolves,spreads,full_game,,,-2.5,-105.0,2.5,-115.0,,,
f7941a2ca17e16dc2edfd7384e3eeef2,Bovada,2025-11-25 15:12:34.983956+00:00,2025-11-25 15:11:59+00:00,2025-11-25 16:00:00+00:00,Bethune-Cookman Wildcats,Stony Brook Seawolves,totals,full_game,,,,,,,145.0,-110.0,-110.0
0b9d91c697d19a6ea5fea37a5f902b2a,FanDuel,2025-11-25 15:12:34.983956+00:00,2025-11-25 15:12:25+00:00,2025-11-25 17:00:00+00:00,Liberty Flames,Towson Tigers,h2h,2h,-365.0,285.0,,,,,,,
0b9d91c697d19a6ea5fea37a5f902b2a,FanDuel,2025-11-25 15:12:34.983956+00:00,2025-11-25 15:12:25+00:00,2025-11-25 17:00:00+00:00,Liberty Flames,Towson Tigers,spreads,full_game,,,-7.5,-105.0,7.5,-115.0,,,
0b9d91c697d19a6ea5fea37a5f902b2a,FanDuel,2025-11-25 15:12:34.983956+00:00,2025-11-25 15:12:25+00:00,2025-11-25 17:00:00+00:00,Liberty Flames,Towson Tigers,totals,full_game,,,,,,,134.5,-110.0,-110.0
0b9d91c697d19a6ea5fea37a5f902b2a,DraftKings,2025-11-25 15:12:34.983956+00:00,2025-11-25 15:12:22+00:00,2025-11-25 17:00:00+00:00,Liberty Flames,Towson Tigers,spreads,full_game,,,-7.5,-105.0,7.5,-115.0,,,
0b9d91c697d19a6ea5fea37a5f902b2a,DraftKings,2025-11-25 15:12:34.983956+00:00,2025-11-25 15:12:22+00:00,2025-11-25 17:00:00+00:00,Liberty Flames,Towson Tigers,totals,full_game,,,,,,,134.5,-115.0,-105.0
0b9d91c697d19a6ea5fea37a5f902b2a,BetOnline.ag,2025-11-25 15:12:34.983956+00:00,2025-11-25 15:12:11+00:00,2025-11-25 17:00:00+00:00,Liberty Flames,Towson Tigers,h2h,2h,-320.0,260.0,,,,,,,
0b9d91c697d19a6ea5fea37a5f902b2a,BetOnline.ag,2025-11-25 15:12:34.983956+00:00,2025-11-25 15:12:11+00:00,2025-11-25 17:00:00+00:00,Liberty Flames,Towson Tigers,spreads,full_game,,,-7.5,-105.0,7.5,-115.0,,,
0b9d91c697d19a6ea5fea37a5f902b2a,BetOnline.ag,2025-11-25 15:12:34.983956+00:00,2025-11-25 15:12:11+00:00,2025-11-25 17:00:00+00:00,Liberty Flames,Towson Tigers,totals,full_game,,,,,,,134.5,-115.0,-105.0
0b9d91c697d19a6ea5fea37a5f902b2a,LowVig.ag,2025-11-25 15:12:34.983956+00:00,2025-11-25 15:12:23+00:00,2025-11-25 17:00:00+00:00,Liberty Flames,Towson Tigers,h2h,2h,-320.0,260.0,,,,,,,
0b9d91c697d19a6ea5fea37a5f902b2a,LowVig.ag,2025-11-25 15:12:34.983956+00:00,2025-11-25 15:12:23+00:00,2025-11-25 17:00:00+00:00,Liberty Flames,Towson Tigers,spreads,full_game,,,-7.5,-101.0,7.5,-111.0,,,
0b9d91c697d19a6ea5fea37a5f902b2a,LowVig.ag,2025-11-25 15:12:34.983956+00:00,2025-11-25 15:12:23+00:00,2025-11-25 17:00:00+00:00,Liberty Flames,Towson Tigers,totals,full_game,,,,,,,134.5,-113.0,-103.0
0b9d91c697d19a6ea5fea37a5f902b2a,Caesars,2025-11-25 15:12:34.983956+00:00,2025-11-25 15:10:44+00:00,2025-11-25 17:00:00+00:00,Liberty Flames,Towson Tigers,h2h,2h,-345.0,270.0,,,,,,,
0b9d91c697d19a6ea5fea37a5f902b2a,Caesars,2025-11-25 15:12:34.983956+00:00,2025-11-25 15:10:44+00:00,2025-11-25 17:00:00+00:00,Liberty Flames,Towson Tigers,spreads,full_game,,,-7.5,-110.0,7.5,-110.0,,,
0b9d91c697d19a6ea5fea37a5f902b2a,Caesars,2025-11-25 15:12:34.983956+00:00,2025-11-25 15:10:44+00:00,2025-11-25 17:00:00+00:00,Liberty Flames,Towson Tigers,totals,full_game,,,,,,,134.5,-110.0,-110.0
0b9d91c697d19a6ea5fea37a5f902b2a,Bovada,2025-11-25 15:12:34.983956+00:00,2025-11-25 15:11:59+00:00,2025-11-25 17:00:00+00:00,Liberty Flames,Towson Tigers,h2h,2h,-330.0,265.0,,,,,,,
0b9d91c697d19a6ea5fea37a5f902b2a,Bovada,2025-11-25 15:12:34.983956+00:00,2025-11-25 15:11:59+00:00,2025-11-25 17:00:00+00:00,Liberty Flames,Towson Tigers,spreads,full_game,,,-7.5,-105.0,7.5,-115.0,,,
0b9d91c697d19a6ea5fea37a5f902b2a,Bovada,2025-11-25 15:12:34.983956+00:00,2025-11-25 15:11:59+00:00,2025-11-25 17:00:00+00:00,Liberty Flames,Towson Tigers,totals,full_game,,,,,,,135.5,-110.0,-110.0
0b9d91c697d19a6ea5fea37a5f902b2a,BetRivers,2025-11-25 15:12:34.983956+00:00,2025-11-25 15:11:57+00:00,2025-11-25 17:00:00+00:00,Liberty Flames,Towson Tigers,h2h,2h,-360.0,265.0,,,,,,,
0b9d91c697d19a6ea5fea37a5f902b2a,BetRivers,2025-11-25 15:12:34.983956+00:00,2025-11-25 15:11:57+00:00,2025-11-25 17:00:00+00:00,Liberty Flames,Towson Tigers,spreads,full_game,,,-7.5,-113.0,7.5,-110.0,,,
0b9d91c697d19a6ea5fea37a5f902b2a,BetRivers,2025-11-25 15:12:34.983956+00:00,2025-11-25 15:11:57+00:00,2025-11-25 17:00:00+00:00,Liberty Flames,Towson Tigers,totals,full_game,,,,,,,135.0,-114.0,-109.0
0b9d91c697d19a6ea5fea37a5f902b2a,BetMGM,2025-11-25 15:12:34.983956+00:00,2025-11-25 15:11:57+00:00,2025-11-25 17:00:00+00:00,Liberty Flames,Towson Tigers,h2h,2h,-325.0,260.0,,,,,,,
0b9d91c697d19a6ea5fea37a5f902b2a,BetMGM,2025-11-25 15:12:34.983956+00:00,2025-11-25 15:11:57+00:00,2025-11-25 17:00:00+00:00,Liberty Flames,Towson Tigers,spreads,full_game,,,-7.5,-105.0,7.5,-115.0,,,
0b9d91c697d19a6ea5fea37a5f902b2a,BetMGM,2025-11-25 15:12:34.983956+00:00,2025-11-25 15:11:57+00:00,2025-11-25 17:00:00+00:00,Liberty Flames,Towson Tigers,totals,full_game,,,,,,,134.5,-115.0,-105.0
0b9d91c697d19a6ea5fea37a5f902b2a,BetUS,2025-11-25 15:12:34.983956+00:00,2025-11-25 15:11:31+00:00,2025-11-25 17:00:00+00:00,Liberty Flames,Towson Tigers,h2h,2h,-320.0,260.0,,,,,,,
0b9d91c697d19a6ea5fea37a5f902b2a,BetUS,2025-11-25 15:12:34.983956+00:00,2025-11-25 15:11:31+00:00,2025-11-25 17:00:00+00:00,Liberty Flames,Towson Tigers,spreads,full_game,,,-7.5,-105.0,7.5,-115.0,,,
0b9d91c697d19a6ea5fea37a5f902b2a,BetUS,2025-11-25 15:12:34.983956+00:00,2025-11-25 15:11:31+00:00,2025-11-25 17:00:00+00:00,Liberty Flames,Towson Tigers,totals,full_game,,,,,,,135.0,-110.0,-110.0
7cdc5820b4e518b9bddb60b6b3d194d9,DraftKings,2025-11-25 15:12:34.983956+00:00,2025-11-25 15:12:22+00:00,2025-11-25 18:00:00+00:00,Michigan St Spartans,East Carolina Pirates,h2h,2h,-4500.0,1700.0,,,,,,,
7cdc5820b4e518b9bddb60b6b3d194d9,DraftKings,2025-11-25 15:12:34.983956+00:00,2025-11-25 15:12:22+00:00,2025-11-25 18:00:00+00:00,Michigan St Spartans,East Carolina Pirates,spreads,full_game,,,-21.5,-112.0,21.5,-108.0,,,
7cdc5820b4e518b9bddb60b6b3d194d9,DraftKings,2025-11-25 15:12:34.983956+00:00,2025-11-25 15:12:22+00:00,2025-11-25 18:00:00+00:00,Michigan St Spartans,East Carolina Pirates,totals,full_game,,,,,,,141.5,-105.0,-115.0
7cdc5820b4e518b9bddb60b6b3d194d9,LowVig.ag,2025-11-25 15:12:34.983956+00:00,2025-11-25 15:12:23+00:00,2025-11-25 18:00:00+00:00,Michigan St Spartans,East Carolina Pirates,spreads,full_game,,,-22.0,-111.0,22.0,-101.0,,,
7cdc5820b4e518b9bddb60b6b3d194d9,LowVig.ag,2025-11-25 15:12:34.983956+00:00,2025-11-25 15:12:23+00:00,2025-11-25 18:00:00+00:00,Michigan St Spartans,East Carolina Pirates,totals,full_game,,,,,,,141.5,-108.0,-108.0
7cdc5820b4e518b9bddb60b6b3d194d9,BetOnline.ag,2025-11-25 15:12:34.983956+00:00,2025-11-25 15:12:11+00:00,2025-11-25 18:00:00+00:00,Michigan St Spartans,East Carolina Pirates,spreads,full_game,,,-22.0,-115.0,22.0,-105.0,,,
7cdc5820b4e518b9bddb60b6b3d194d9,BetOnline.ag,2025-11-25 15:12:34.983956+00:00,2025-11-25 15:12:11+00:00,2025-11-25 18:00:00+00:00,Michigan St Spartans,East Carolina Pirates,totals,full_game,,,,,,,141.5,-110.0,-110.0
7cdc5820b4e518b9bddb60b6b3d194d9,Fanatics,2025-11-25 15:12:34.983956+00:00,2025-11-25 15:12:09+00:00,2025-11-25 18:00:00+00:00,Michigan St Spartans,East Carolina Pirates,h2h,2h,-7000.0,2000.0,,,,,,,
7cdc5820b4e518b9bddb60b6b3d194d9,Fanatics,2025-11-25 15:12:34.983956+00:00,2025-11-25 15:12:09+00:00,2025-11-25 18:00:00+00:00,Michigan St Spartans,East Carolina Pirates,spreads,full_game,,,-21.5,-110.0,21.5,-110.0,,,
7cdc5820b4e518b9bddb60b6b3d194d9,Fanatics,2025-11-25 15:12:34.983956+00:00,2025-11-25 15:12:09+00:00,2025-11-25 18:00:00+00:00,Michigan St Spartans,East Carolina Pirates,totals,full_game,,,,,,,141.5,-110.0,-110.0
7cdc5820b4e518b9bddb60b6b3d194d9,Caesars,2025-11-25 15:12:34.983956+00:00,2025-11-25 15:10:44+00:00,2025-11-25 18:00:00+00:00,Michigan St Spartans,East Carolina Pirates,spreads,full_game,,,-22.0,-110.0,22.0,-110.0,,,
7cdc5820b4e518b9bddb60b6b3d194d9,Caesars,2025-11-25 15:12:34.983956+00:00,2025-11-25 15:10:44+00:00,2025-11-25 18:00:00+00:00,Michigan St Spartans,East Carolina Pirates,totals,full_game,,,,,,,141.0,-110.0,-110.0
7cdc5820b4e518b9bddb60b6b3d194d9,FanDuel,2025-11-25 15:12:34.983956+00:00,2025-11-25 15:12:25+00:00,2025-11-25 18:00:00+00:00,Michigan St Spartans,East Carolina Pirates,h2h,2h,-7000.0,2000.0,,,,,,,
7cdc5820b4e518b9bddb60b6b3d194d9,FanDuel,2025-11-25 15:12:34.983956+00:00,2025-11-25 15:12:25+00:00,2025-11-25 18:00:00+00:00,Michigan St Spartans,East Carolina Pirates,spreads,full_game,,,-21.5,-110.0,21.5,-110.0,,,
7cdc5820b4e518b9bddb60b6b3d194d9,FanDuel,2025-11-25 15:12:34.983956+00:00,2025-11-25 15:12:25+00:00,2025-11-25 18:00:00+00:00,Michigan St Spartans,East Carolina Pirates,totals,full_game,,,,,,,142.5,-110.0,-110.0
7cdc5820b4e518b9bddb60b6b3d194d9,Bovada,2025-11-25 15:12:34.983956+00:00,2025-11-25 15:11:59+00:00,2025-11-25 18:00:00+00:00,Michigan St Spartans,East Carolina Pirates,spreads,full_game,,,-22.0,-105.0,22.0,-115.0,,,
7cdc5820b4e518b9bddb60b6b3d194d9,Bovada,2025-11-25 15:12:34.983956+00:00,2025-11-25 15:11:59+00:00,2025-11-25 18:00:00+00:00,Michigan St Spartans,East Carolina Pirates,totals,full_game,,,,,,,142.5,-115.0,-105.0
7cdc5820b4e518b9bddb60b6b3d194d9,BetRivers,2025-11-25 15:12:34.983956+00:00,2025-11-25 15:11:57+00:00,2025-11-25 18:00:00+00:00,Michigan St Spartans,East Carolina Pirates,spreads,full_game,,,-22.0,-112.0,22.0,-112.0,,,
7cdc5820b4e518b9bddb60b6b3d194d9,BetRivers,2025-11-25 15:12:34.983956+00:00,2025-11-25 15:11:57+00:00,2025-11-25 18:00:00+00:00,Michigan St Spartans,East Carolina Pirates,totals,full_game,,,,,,,141.5,-114.0,-109.0
7cdc5820b4e518b9bddb60b6b3d194d9,BetUS,2025-11-25 15:12:34.983956+00:00,2025-11-25 15:11:31+00:00,2025-11-25 18:00:00+00:00,Michigan St Spartans,East Carolina Pirates,spreads,full_game,,,-22.0,-110.0,22.0,-110.0,,,
7cdc5820b4e518b9bddb60b6b3d194d9,BetUS,2025-11-25 15:12:34.983956+00:00,2025-11-25 15:11:31+00:00,2025-11-25 18:00:00+00:00,Michigan St Spartans,East Carolina Pirates,totals,full_game,,,,,,,142.0,-110.0,-110.0
7cdc5820b4e518b9bddb60b6b3d194d9,BetMGM,2025-11-25 15:12:34.983956+00:00,2025-11-25 15:11:57+00:00,2025-11-25 18:00:00+00:00,Michigan St Spartans,East Carolina Pirates,h2h,2h,-10000.0,1800.0,,,,,,,
7cdc5820b4e518b9bddb60b6b3d194d9,BetMGM,2025-11-25 15:12:34.983956+00:00,2025-11-25 15:11:57+00:00,2025-11-25 18:00:00+00:00,Michigan St Spartans,East Carolina Pirates,spreads,full_game,,,-21.5,-115.0,21.5,-105.0,,,
7cdc5820b4e518b9bddb60b6b3d194d9,BetMGM,2025-11-25 15:12:34.983956+00:00,2025-11-25 15:11:57+00:00,2025-11-25 18:00:00+00:00,Michigan St Spartans,East Carolina Pirates,totals,full_game,,,,,,,141.5,-105.0,-115.0
f335faa9ed4e12739d35f808e54d1726,DraftKings,2025-11-25 15:12:34.983956+00:00,2025-11-25 15:12:22+00:00,2025-11-25 18:00:00+00:00,Rutgers Scarlet Knights,Notre Dame Fighting Irish,spreads,full_game,,,7.5,-115.0,-7.5,-105.0,,,
f335faa9ed4e12739d35f808e54d1726,DraftKings,2025-11-25 15:12:34.983956+00:00,2025-11-25 15:12:22+00:00,2025-11-25 18:00:00+00:00,Rutgers Scarlet Knights,Notre Dame Fighting Irish,totals,full_game,,,,,,,139.5,-110.0,-110.0
f335faa9ed4e12739d35f808e54d1726,FanDuel,2025-11-25 15:12:34.983956+00:00,2025-11-25 15:12:25+00:00,2025-11-25 18:00:00+00:00,Rutgers Scarlet Knights,Notre Dame Fighting Irish,h2h,2h,290.0,-375.0,,,,,,,
f335faa9ed4e12739d35f808e54d1726,FanDuel,2025-11-25 15:12:34.983956+00:00,2025-11-25 15:12:25+00:00,2025-11-25 18:00:00+00:00,Rutgers Scarlet Knights,Notre Dame Fighting Irish,spreads,full_game,,,7.5,-110.0,-7.5,-110.0,,,
f335faa9ed4e12739d35f808e54d1726,FanDuel,2025-11-25 15:12:34.983956+00:00,2025-11-25 15:12:25+00:00,2025-11-25 18:00:00+00:00,Rutgers Scarlet Knights,Notre Dame Fighting Irish,totals,full_game,,,,,,,139.5,-105.0,-115.0
f335faa9ed4e12739d35f808e54d1726,Fanatics,2025-11-25 15:12:34.983956+00:00,2025-11-25 15:12:09+00:00,2025-11-25 18:00:00+00:00,Rutgers Scarlet Knights,Notre Dame Fighting Irish,h2h,2h,240.0,-300.0,,,,,,,
f335faa9ed4e12739d35f808e54d1726,Fanatics,2025-11-25 15:12:34.983956+00:00,2025-11-25 15:12:09+00:00,2025-11-25 18:00:00+00:00,Rutgers Scarlet Knights,Notre Dame Fighting Irish,spreads,full_game,,,7.0,-110.0,-7.0,-110.0,,,
f335faa9ed4e12739d35f808e54d1726,Fanatics,2025-11-25 15:12:34.983956+00:00,2025-11-25 15:12:09+00:00,2025-11-25 18:00:00+00:00,Rutgers Scarlet Knights,Notre Dame Fighting Irish,totals,full_game,,,,,,,140.0,-110.0,-110.0
f335faa9ed4e12739d35f808e54d1726,Caesars,2025-11-25 15:12:34.983956+00:00,2025-11-25 15:10:44+00:00,2025-11-25 18:00:00+00:00,Rutgers Scarlet Knights,Notre Dame Fighting Irish,h2h,2h,250.0,-320.0,,,,,,,
f335faa9ed4e12739d35f808e54d1726,Caesars,2025-11-25 15:12:34.983956+00:00,2025-11-25 15:10:44+00:00,2025-11-25 18:00:00+00:00,Rutgers Scarlet Knights,Notre Dame Fighting Irish,spreads,full_game,,,7.0,-110.0,-7.0,-110.0,,,
f335faa9ed4e12739d35f808e54d1726,Caesars,2025-11-25 15:12:34.983956+00:00,2025-11-25 15:10:44+00:00,2025-11-25 18:00:00+00:00,Rutgers Scarlet Knights,Notre Dame Fighting Irish,totals,full_game,,,,,,,140.0,-110.0,-110.0
f335faa9ed4e12739d35f808e54d1726,BetRivers,2025-11-25 15:12:34.983956+00:00,2025-11-25 15:11:57+00:00,2025-11-25 18:00:00+00:00,Rutgers Scarlet Knights,Notre Dame Fighting Irish,h2h,2h,260.0,-345.0,,,,,,,
f335faa9ed4e12739d35f808e54d1726,BetRivers,2025-11-25 15:12:34.983956+00:00,2025-11-25 15:11:57+00:00,2025-11-25 18:00:00+00:00,Rutgers Scarlet Knights,Notre Dame Fighting Irish,spreads,full_game,,,7.5,-113.0,-7.5,-110.0,,,
f335faa9ed4e12739d35f808e54d1726,BetRivers,2025-11-25 15:12:34.983956+00:00,2025-11-25 15:11:57+00:00,2025-11-25 18:00:00+00:00,Rutgers Scarlet Knights,Notre Dame Fighting Irish,totals,full_game,,,,,,,139.0,-112.0,-110.0
f335faa9ed4e12739d35f808e54d1726,BetMGM,2025-11-25 15:12:34.983956+00:00,2025-11-25 15:11:57+00:00,2025-11-25 18:00:00+00:00,Rutgers Scarlet Knights,Notre Dame Fighting Irish,h2h,2h,260.0,-325.0,,,,,,,
f335faa9ed4e12739d35f808e54d1726,BetMGM,2025-11-25 15:12:34.983956+00:00,2025-11-25 15:11:57+00:00,2025-11-25 18:00:00+00:00,Rutgers Scarlet Knights,Notre Dame Fighting Irish,spreads,full_game,,,7.5,-115.0,-7.5,-105.0,,,
f335faa9ed4e12739d35f808e54d1726,BetMGM,2025-11-25 15:12:34.983956+00:00,2025-11-25 15:11:57+00:00,2025-11-25 18:00:00+00:00,Rutgers Scarlet Knights,Notre Dame Fighting Irish,totals,full_game,,,,,,,139.5,-115.0,-105.0
f335faa9ed4e12739d35f808e54d1726,LowVig.ag,2025-11-25 15:12:34.983956+00:00,2025-11-25 15:12:23+00:00,2025-11-25 18:00:00+00:00,Rutgers Scarlet Knights,Notre Dame Fighting Irish,h2h,2h,256.0,-315.0,,,,,,,
f335faa9ed4e12739d35f808e54d1726,LowVig.ag,2025-11-25 15:12:34.983956+00:00,2025-11-25 15:12:23+00:00,2025-11-25 18:00:00+00:00,Rutgers Scarlet Knights,Notre Dame Fighting Irish,spreads,full_game,,,7.0,-104.0,-7.0,-108.0,,,
f335faa9ed4e12739d35f808e54d1726,LowVig.ag,2025-11-25 15:12:34.983956+00:00,2025-11-25 15:12:23+00:00,2025-11-25 18:00:00+00:00,Rutgers Scarlet Knights,Notre Dame Fighting Irish,totals,full_game,,,,,,,140.0,-108.0,-108.0
f335faa9ed4e12739d35f808e54d1726,BetOnline.ag,2025-11-25 15:12:34.983956+00:00,2025-11-25 15:12:11+00:00,2025-11-25 18:00:00+00:00,Rutgers Scarlet Knights,Notre Dame Fighting Irish,h2h,2h,256.0,-315.0,,,,,,,
f335faa9ed4e12739d35f808e54d1726,BetOnline.ag,2025-11-25 15:12:34.983956+00:00,2025-11-25 15:12:11+00:00,2025-11-25 18:00:00+00:00,Rutgers Scarlet Knights,Notre Dame Fighting Irish,spreads,full_game,,,7.0,-108.0,-7.0,-112.0,,,
f335faa9ed4e12739d35f808e54d1726,BetOnline.ag,2025-11-25 15:12:34.983956+00:00,2025-11-25 15:12:11+00:00,2025-11-25 18:00:00+00:00,Rutgers Scarlet Knights,Notre Dame Fighting Irish,totals,full_game,,,,,,,140.0,-110.0,-110.0
f335faa9ed4e12739d35f808e54d1726,BetUS,2025-11-25 15:12:34.983956+00:00,2025-11-25 15:11:31+00:00,2025-11-25 18:00:00+00:00,Rutgers Scarlet Knights,Notre Dame Fighting Irish,h2h,2h,258.0,-315.0,,,,,,,
f335faa9ed4e12739d35f808e54d1726,BetUS,2025-11-25 15:12:34.983956+00:00,2025-11-25 15:11:31+00:00,2025-11-25 18:00:00+00:00,Rutgers Scarlet Knights,Notre Dame Fighting Irish,spreads,full_game,,,7.0,-110.0,-7.0,-110.0,,,
f335faa9ed4e12739d35f808e54d1726,BetUS,2025-11-25 15:12:34.983956+00:00,2025-11-25 15:11:31+00:00,2025-11-25 18:00:00+00:00,Rutgers Scarlet Knights,Notre Dame Fighting Irish,totals,full_game,,,,,,,140.0,-110.0,-110.0
f335faa9ed4e12739d35f808e54d1726,Bovada,2025-11-25 15:12:34.983956+00:00,2025-11-25 15:12:00+00:00,2025-11-25 18:00:00+00:00,Rutgers Scarlet Knights,Notre Dame Fighting Irish,h2h,2h,215.0,-260.0,,,,,,,
f335faa9ed4e12739d35f808e54d1726,Bovada,2025-11-25 15:12:34.983956+00:00,2025-11-25 15:12:00+00:00,2025-11-25 18:00:00+00:00,Rutgers Scarlet Knights,Notre Dame Fighting Irish,spreads,full_game,,,6.0,-115.0,-6.0,-105.0,,,
f335faa9ed4e12739d35f808e54d1726,Bovada,2025-11-25 15:12:34.983956+00:00,2025-11-25 15:12:00+00:00,2025-11-25 18:00:00+00:00,Rutgers Scarlet Knights,Notre Dame Fighting Irish,totals,full_game,,,,,,,141.0,-110.0,-110.0
a91949f03d8cc27a67cee2198c78ad97,Fanatics,2025-11-25 15:12:34.983956+00:00,2025-11-25 15:12:09+00:00,2025-11-25 18:30:00+00:00,Delaware Blue Hens,UNC Greensboro Spartans,h2h,2h,-110.0,-110.0,,,,,,,
a91949f03d8cc27a67cee2198c78ad97,Fanatics,2025-11-25 15:12:34.983956+00:00,2025-11-25 15:12:09+00:00,2025-11-25 18:30:00+00:00,Delaware Blue Hens,UNC Greensboro Spartans,spreads,full_game,,,1.0,-110.0,-1.0,-110.0,,,
a91949f03d8cc27a67cee2198c78ad97,Fanatics,2025-11-25 15:12:34.983956+00:00,2025-11-25 15:12:09+00:00,2025-11-25 18:30:00+00:00,Delaware Blue Hens,UNC Greensboro Spartans,totals,full_game,,,,,,,143.0,-110.0,-110.0
a91949f03d8cc27a67cee2198c78ad97,DraftKings,2025-11-25 15:12:34.983956+00:00,2025-11-25 15:12:22+00:00,2025-11-25 18:30:00+00:00,Delaware Blue Hens,UNC Greensboro Spartans,h2h,2h,-105.0,-115.0,,,,,,,
a91949f03d8cc27a67cee2198c78ad97,DraftKings,2025-11-25 15:12:34.983956+00:00,2025-11-25 15:12:22+00:00,2025-11-25 18:30:00+00:00,Delaware Blue Hens,UNC Greensboro Spartans,spreads,full_game,,,1.5,-118.0,-1.5,-102.0,,,
a91949f03d8cc27a67cee2198c78ad97,DraftKings,2025-11-25 15:12:34.983956+00:00,2025-11-25 15:12:22+00:00,2025-11-25 18:30:00+00:00,Delaware Blue Hens,UNC Greensboro Spartans,totals,full_game,,,,,,,142.5,-112.0,-108.0
a91949f03d8cc27a67cee2198c78ad97,BetOnline.ag,2025-11-25 15:12:34.983956+00:00,2025-11-25 15:12:11+00:00,2025-11-25 18:30:00+00:00,Delaware Blue Hens,UNC Greensboro Spartans,h2h,2h,-105.0,-115.0,,,,,,,
a91949f03d8cc27a67cee2198c78ad97,BetOnline.ag,2025-11-25 15:12:34.983956+00:00,2025-11-25 15:12:11+00:00,2025-11-25 18:30:00+00:00,Delaware Blue Hens,UNC Greensboro Spartans,spreads,full_game,,,1.0,-110.0,-1.0,-110.0,,,
a91949f03d8cc27a67cee2198c78ad97,BetOnline.ag,2025-11-25 15:12:34.983956+00:00,2025-11-25 15:12:11+00:00,2025-11-25 18:30:00+00:00,Delaware Blue Hens,UNC Greensboro Spartans,totals,full_game,,,,,,,142.5,-115.0,-105.0
a91949f03d8cc27a67cee2198c78ad97,LowVig.ag,2025-11-25 15:12:34.983956+00:00,2025-11-25 15:12:23+00:00,2025-11-25 18:30:00+00:00,Delaware Blue Hens,UNC Greensboro Spartans,h2h,2h,-105.0,-115.0,,,,,,,
a91949f03d8cc27a67cee2198c78ad97,LowVig.ag,2025-11-25 15:12:34.983956+00:00,2025-11-25 15:12:23+00:00,2025-11-25 18:30:00+00:00,Delaware Blue Hens,UNC Greensboro Spartans,spreads,full_game,,,1.0,-106.0,-1.0,-106.0,,,
a91949f03d8cc27a67cee2198c78ad97,LowVig.ag,2025-11-25 15:12:34.983956+00:00,2025-11-25 15:12:23+00:00,2025-11-25 18:30:00+00:00,Delaware Blue Hens,UNC Greensboro Spartans,totals,full_game,,,,,,,142.5,-113.0,-103.0
a91949f03d8cc27a67cee2198c78ad97,Caesars,2025-11-25 15:12:34.983956+00:00,2025-11-25 15:10:44+00:00,2025-11-25 18:30:00+00:00,Delaware Blue Hens,UNC Greensboro Spartans,h2h,2h,-105.0,-115.0,,,,,,,
a91949f03d8cc27a67cee2198c78ad97,Caesars,2025-11-25 15:12:34.983956+00:00,2025-11-25 15:10:44+00:00,2025-11-25 18:30:00+00:00,Delaware Blue Hens,UNC Greensboro Spartans,spreads,full_game,,,1.0,-110.0,-1.0,-110.0,,,
a91949f03d8cc27a67cee2198c78ad97,Caesars,2025-11-25 15:12:34.983956+00:00,2025-11-25 15:10:44+00:00,2025-11-25 18:30:00+00:00,Delaware Blue Hens,UNC Greensboro Spartans,totals,full_game,,,,,,,142.5,-110.0,-110.0
a91949f03d8cc27a67cee2198c78ad97,BetRivers,2025-11-25 15:12:34.983956+00:00,2025-11-25 15:11:57+00:00,2025-11-25 18:30:00+00:00,Delaware Blue Hens,UNC Greensboro Spartans,h2h,2h,-107.0,-117.0,,,,,,,
a91949f03d8cc27a67cee2198c78ad97,BetRivers,2025-11-25 15:12:34.983956+00:00,2025-11-25 15:11:57+00:00,2025-11-25 18:30:00+00:00,Delaware Blue Hens,UNC Greensboro Spartans,spreads,full_game,,,1.0,-113.0,-1.0,-110.0,,,
a91949f03d8cc27a67cee2198c78ad97,BetRivers,2025-11-25 15:12:34.983956+00:00,2025-11-25 15:11:57+00:00,2025-11-25 18:30:00+00:00,Delaware Blue Hens,UNC Greensboro Spartans,totals,full_game,,,,,,,142.5,-114.0,-109.0
a91949f03d8cc27a67cee2198c78ad97,BetUS,2025-11-25 15:12:34.983956+00:00,2025-11-25 15:11:31+00:00,2025-11-25 18:30:00+00:00,Delaware Blue Hens,UNC Greensboro Spartans,h2h,2h,-105.0,-115.0,,,,,,,
a91949f03d8cc27a67cee2198c78ad97,BetUS,2025-11-25 15:12:34.983956+00:00,2025-11-25 15:11:31+00:00,2025-11-25 18:30:00+00:00,Delaware Blue Hens,UNC Greensboro Spartans,spreads,full_game,,,1.0,-110.0,-1.0,-110.0,,,
a91949f03d8cc27a67cee2198c78ad97,BetUS,2025-11-25 15:12:34.983956+00:00,2025-11-25 15:11:31+00:00,2025-11-25 18:30:00+00:00,Delaware Blue Hens,UNC Greensboro Spartans,totals,full_game,,,,,,,142.5,-110.0,-110.0
a91949f03d8cc27a67cee2198c78ad97,BetMGM,2025-11-25 15:12:34.983956+00:00,2025-11-25 15:11:57+00:00,2025-11-25 18:30:00+00:00,Delaware Blue Hens,UNC Greensboro Spartans,h2h,2h,-102.0,-118.0,,,,,,,
a91949f03d8cc27a67cee2198c78ad97,BetMGM,2025-11-25 15:12:34.983956+00:00,2025-11-25 15:11:57+00:00,2025-11-25 18:30:00+00:00,Delaware Blue Hens,UNC Greensboro Spartans,spreads,full_game,,,1.5,-115.0,-1.5,-105.0,,,
a91949f03d8cc27a67cee2198c78ad97,BetMGM,2025-11-25 15:12:34.983956+00:00,2025-11-25 15:11:57+00:00,2025-11-25 18:30:00+00:00,Delaware Blue Hens,UNC Greensboro Spartans,totals,full_game,,,,,,,142.5,-115.0,-105.0
a91949f03d8cc27a67cee2198c78ad97,FanDuel,2025-11-25 15:12:34.983956+00:00,2025-11-25 15:12:25+00:00,2025-11-25 18:30:00+00:00,Delaware Blue Hens,UNC Greensboro Spartans,h2h,2h,-108.0,-111.0,,,,,,,
a91949f03d8cc27a67cee2198c78ad97,FanDuel,2025-11-25 15:12:34.983956+00:00,2025-11-25 15:12:25+00:00,2025-11-25 18:30:00+00:00,Delaware Blue Hens,UNC Greensboro Spartans,spreads,full_game,,,1.5,-120.0,-1.5,-102.0,,,
a91949f03d8cc27a67cee2198c78ad97,FanDuel,2025-11-25 15:12:34.983956+00:00,2025-11-25 15:12:25+00:00,2025-11-25 18:30:00+00:00,Delaware Blue Hens,UNC Greensboro Spartans,totals,full_game,,,,,,,142.5,-115.0,-105.0
a91949f03d8cc27a67cee2198c78ad97,Bovada,2025-11-25 15:12:34.983956+00:00,2025-11-25 15:12:00+00:00,2025-11-25 18:30:00+00:00,Delaware Blue Hens,UNC Greensboro Spartans,h2h,2h,-105.0,-115.0,,,,,,,
a91949f03d8cc27a67cee2198c78ad97,Bovada,2025-11-25 15:12:34.983956+00:00,2025-11-25 15:12:00+00:00,2025-11-25 18:30:00+00:00,Delaware Blue Hens,UNC Greensboro Spartans,spreads,full_game,,,1.0,-110.0,-1.0,-110.0,,,
a91949f03d8cc27a67cee2198c78ad97,Bovada,2025-11-25 15:12:34.983956+00:00,2025-11-25 15:12:00+00:00,2025-11-25 18:30:00+00:00,Delaware Blue Hens,UNC Greensboro Spartans,totals,full_game,,,,,,,143.5,-110.0,-110.0
67870be5b8e3723b3bbabacd3edd1639,FanDuel,2025-11-25 15:12:34.983956+00:00,2025-11-25 15:12:25+00:00,2025-11-25 18:30:00+00:00,Jacksonville Dolphins,Pacific Tigers,h2h,2h,198.0,-245.0,,,,,,,
67870be5b8e3723b3bbabacd3edd1639,FanDuel,2025-11-25 15:12:34.983956+00:00,2025-11-25 15:12:25+00:00,2025-11-25 18:30:00+00:00,Jacksonville Dolphins,Pacific Tigers,spreads,full_game,,,5.5,-118.0,-5.5,-104.0,,,
67870be5b8e3723b3bbabacd3edd1639,FanDuel,2025-11-25 15:12:34.983956+00:00,2025-11-25 15:12:25+00:00,2025-11-25 18:30:00+00:00,Jacksonville Dolphins,Pacific Tigers,totals,full_game,,,,,,,138.5,-115.0,-105.0
67870be5b8e3723b3bbabacd3edd1639,Fanatics,2025-11-25 15:12:34.983956+00:00,2025-11-25 15:12:09+00:00,2025-11-25 18:30:00+00:00,Jacksonville Dolphins,Pacific Tigers,h2h,2h,165.0,-200.0,,,,,,,
67870be5b8e3723b3bbabacd3edd1639,Fanatics,2025-11-25 15:12:34.983956+00:00,2025-11-25 15:12:09+00:00,2025-11-25 18:30:00+00:00,Jacksonville Dolphins,Pacific Tigers,spreads,full_game,,,5.0,-110.0,-5.0,-110.0,,,
67870be5b8e3723b3bbabacd3edd1639,Fanatics,2025-11-25 15:12:34.983956+00:00,2025-11-25 15:12:09+00:00,2025-11-25 18:30:00+00:00,Jacksonville Dolphins,Pacific Tigers,totals,full_game,,,,,,,139.0,-110.0,-110.0
67870be5b8e3723b3bbabacd3edd1639,DraftKings,2025-11-25 15:12:34.983956+00:00,2025-11-25 15:12:22+00:00,2025-11-25 18:30:00+00:00,Jacksonville Dolphins,Pacific Tigers,spreads,full_game,,,5.5,-105.0,-5.5,-115.0,,,
67870be5b8e3723b3bbabacd3edd1639,DraftKings,2025-11-25 15:12:34.983956+00:00,2025-11-25 15:12:22+00:00,2025-11-25 18:30:00+00:00,Jacksonville Dolphins,Pacific Tigers,totals,full_game,,,,,,,138.5,-108.0,-112.0
67870be5b8e3723b3bbabacd3edd1639,Caesars,2025-11-25 15:12:34.983956+00:00,2025-11-25 15:10:44+00:00,2025-11-25 18:30:00+00:00,Jacksonville Dolphins,Pacific Tigers,h2h,2h,185.0,-225.0,,,,,,,
67870be5b8e3723b3bbabacd3edd1639,Caesars,2025-11-25 15:12:34.983956+00:00,2025-11-25 15:10:44+00:00,2025-11-25 18:30:00+00:00,Jacksonville Dolphins,Pacific Tigers,spreads,full_game,,,5.5,-110.0,-5.5,-110.0,,,
67870be5b8e3723b3bbabacd3edd1639,Caesars,2025-11-25 15:12:34.983956+00:00,2025-11-25 15:10:44+00:00,2025-11-25 18:30:00+00:00,Jacksonville Dolphins,Pacific Tigers,totals,full_game,,,,,,,138.5,-110.0,-110.0
67870be5b8e3723b3bbabacd3edd1639,LowVig.ag,2025-11-25 15:12:34.983956+00:00,2025-11-25 15:12:23+00:00,2025-11-25 18:30:00+00:00,Jacksonville Dolphins,Pacific Tigers,h2h,2h,189.0,-225.0,,,,,,,
67870be5b8e3723b3bbabacd3edd1639,LowVig.ag,2025-11-25 15:12:34.983956+00:00,2025-11-25 15:12:23+00:00,2025-11-25 18:30:00+00:00,Jacksonville Dolphins,Pacific Tigers,spreads,full_game,,,5.5,-103.0,-5.5,-109.0,,,
67870be5b8e3723b3bbabacd3edd1639,LowVig.ag,2025-11-25 15:12:34.983956+00:00,2025-11-25 15:12:23+00:00,2025-11-25 18:30:00+00:00,Jacksonville Dolphins,Pacific Tigers,totals,full_game,,,,,,,139.0,-103.0,-113.0
67870be5b8e3723b3bbabacd3edd1639,BetOnline.ag,2025-11-25 15:12:34.983956+00:00,2025-11-25 15:12:11+00:00,2025-11-25 18:30:00+00:00,Jacksonville Dolphins,Pacific Tigers,h2h,2h,189.0,-225.0,,,,,,,
67870be5b8e3723b3bbabacd3edd1639,BetOnline.ag,2025-11-25 15:12:34.983956+00:00,2025-11-25 15:12:11+00:00,2025-11-25 18:30:00+00:00,Jacksonville Dolphins,Pacific Tigers,spreads,full_game,,,5.5,-107.0,-5.5,-113.0,,,
67870be5b8e3723b3bbabacd3edd1639,BetOnline.ag,2025-11-25 15:12:34.983956+00:00,2025-11-25 15:12:11+00:00,2025-11-25 18:30:00+00:00,Jacksonville Dolphins,Pacific Tigers,totals,full_game,,,,,,,139.0,-105.0,-115.0
67870be5b8e3723b3bbabacd3edd1639,BetRivers,2025-11-25 15:12:34.983956+00:00,2025-11-25 15:11:57+00:00,2025-11-25 18:30:00+00:00,Jacksonville Dolphins,Pacific Tigers,h2h,2h,188.0,-245.0,,,,,,,
67870be5b8e3723b3bbabacd3edd1639,BetRivers,2025-11-25 15:12:34.983956+00:00,2025-11-25 15:11:57+00:00,2025-11-25 18:30:00+00:00,Jacksonville Dolphins,Pacific Tigers,spreads,full_game,,,5.5,-113.0,-5.5,-113.0,,,
67870be5b8e3723b3bbabacd3edd1639,BetRivers,2025-11-25 15:12:34.983956+00:00,2025-11-25 15:11:57+00:00,2025-11-25 18:30:00+00:00,Jacksonville Dolphins,Pacific Tigers,totals,full_game,,,,,,,138.5,-109.0,-117.0
67870be5b8e3723b3bbabacd3edd1639,BetMGM,2025-11-25 15:12:34.983956+00:00,2025-11-25 15:11:57+00:00,2025-11-25 18:30:00+00:00,Jacksonville Dolphins,Pacific Tigers,h2h,2h,180.0,-220.0,,,,,,,
67870be5b8e3723b3bbabacd3edd1639,BetMGM,2025-11-25 15:12:34.983956+00:00,2025-11-25 15:11:57+00:00,2025-11-25 18:30:00+00:00,Jacksonville Dolphins,Pacific Tigers,spreads,full_game,,,5.5,-105.0,-5.5,-115.0,,,
67870be5b8e3723b3bbabacd3edd1639,BetMGM,2025-11-25 15:12:34.983956+00:00,2025-11-25 15:11:57+00:00,2025-11-25 18:30:00+00:00,Jacksonville Dolphins,Pacific Tigers,totals,full_game,,,,,,,138.5,-110.0,-110.0
67870be5b8e3723b3bbabacd3edd1639,BetUS,2025-11-25 15:12:34.983956+00:00,2025-11-25 15:11:31+00:00,2025-11-25 18:30:00+00:00,Jacksonville Dolphins,Pacific Tigers,h2h,2h,190.0,-225.0,,,,,,,
67870be5b8e3723b3bbabacd3edd1639,BetUS,2025-11-25 15:12:34.983956+00:00,2025-11-25 15:11:31+00:00,2025-11-25 18:30:00+00:00,Jacksonville Dolphins,Pacific Tigers,spreads,full_game,,,6.0,-110.0,-6.0,-110.0,,,
67870be5b8e3723b3bbabacd3edd1639,BetUS,2025-11-25 15:12:34.983956+00:00,2025-11-25 15:11:31+00:00,2025-11-25 18:30:00+00:00,Jacksonville Dolphins,Pacific Tigers,totals,full_game,,,,,,,139.0,-105.0,-115.0
67870be5b8e3723b3bbabacd3edd1639,Bovada,2025-11-25 15:12:34.983956+00:00,2025-11-25 15:12:00+00:00,2025-11-25 18:30:00+00:00,Jacksonville Dolphins,Pacific Tigers,h2h,2h,150.0,-175.0,,,,,,,
67870be5b8e3723b3bbabacd3edd1639,Bovada,2025-11-25 15:12:34.983956+00:00,2025-11-25 15:12:00+00:00,2025-11-25 18:30:00+00:00,Jacksonville Dolphins,Pacific Tigers,spreads,full_game,,,4.0,-110.0,-4.0,-110.0,,,
67870be5b8e3723b3bbabacd3edd1639,Bovada,2025-11-25 15:12:34.983956+00:00,2025-11-25 15:12:00+00:00,2025-11-25 18:30:00+00:00,Jacksonville Dolphins,Pacific Tigers,totals,full_game,,,,,,,139.0,-110.0,-110.0
2c480d6139c07c53a293c683626bd76e,DraftKings,2025-11-25 15:12:34.983956+00:00,2025-11-25 15:12:22+00:00,2025-11-25 18:30:00+00:00,San José St Spartans,Tulsa Golden Hurricane,h2h,2h,210.0,-258.0,,,,,,,
2c480d6139c07c53a293c683626bd76e,DraftKings,2025-11-25 15:12:34.983956+00:00,2025-11-25 15:12:22+00:00,2025-11-25 18:30:00+00:00,San José St Spartans,Tulsa Golden Hurricane,spreads,full_game,,,6.5,-112.0,-6.5,-108.0,,,
2c480d6139c07c53a293c683626bd76e,DraftKings,2025-11-25 15:12:34.983956+00:00,2025-11-25 15:12:22+00:00,2025-11-25 18:30:00+00:00,San José St Spartans,Tulsa Golden Hurricane,totals,full_game,,,,,,,148.5,-115.0,-105.0
2c480d6139c07c53a293c683626bd76e,LowVig.ag,2025-11-25 15:12:34.983956+00:00,2025-11-25 15:12:23+00:00,2025-11-25 18:30:00+00:00,San José St Spartans,Tulsa Golden Hurricane,h2h,2h,215.0,-260.0,,,,,,,
2c480d6139c07c53a293c683626bd76e,LowVig.ag,2025-11-25 15:12:34.983956+00:00,2025-11-25 15:12:23+00:00,2025-11-25 18:30:00+00:00,San José St Spartans,Tulsa Golden Hurricane,spreads,full_game,,,6.0,-104.0,-6.0,-108.0,,,
2c480d6139c07c53a293c683626bd76e,LowVig.ag,2025-11-25 15:12:34.983956+00:00,2025-11-25 15:12:23+00:00,2025-11-25 18:30:00+00:00,San José St Spartans,Tulsa Golden Hurricane,totals,full_game,,,,,,,149.0,-103.0,-113.0
2c480d6139c07c53a293c683626bd76e,Fanatics,2025-11-25 15:12:34.983956+00:00,2025-11-25 15:12:09+00:00,2025-11-25 18:30:00+00:00,San José St Spartans,Tulsa Golden Hurricane,h2h,2h,210.0,-260.0,,,,,,,
2c480d6139c07c53a293c683626bd76e,Fanatics,2025-11-25 15:12:34.983956+00:00,2025-11-25 15:12:09+00:00,2025-11-25 18:30:00+00:00,San José St Spartans,Tulsa Golden Hurricane,spreads,full_game,,,6.0,-110.0,-6.0,-110.0,,,
2c480d6139c07c53a293c683626bd76e,Fanatics,2025-11-25 15:12:34.983956+00:00,2025-11-25 15:12:09+00:00,2025-11-25 18:30:00+00:00,San José St Spartans,Tulsa Golden Hurricane,totals,full_game,,,,,,,149.0,-110.0,-110.0
2c480d6139c07c53a293c683626bd76e,BetOnline.ag,2025-11-25 15:12:34.983956+00:00,2025-11-25 15:12:11+00:00,2025-11-25 18:30:00+00:00,San José St Spartans,Tulsa Golden Hurricane,h2h,2h,215.0,-260.0,,,,,,,
2c480d6139c07c53a293c683626bd76e,BetOnline.ag,2025-11-25 15:12:34.983956+00:00,2025-11-25 15:12:11+00:00,2025-11-25 18:30:00+00:00,San José St Spartans,Tulsa Golden Hurricane,spreads,full_game,,,6.0,-108.0,-6.0,-112.0,,,
2c480d6139c07c53a293c683626bd76e,BetOnline.ag,2025-11-25 15:12:34.983956+00:00,2025-11-25 15:12:11+00:00,2025-11-25 18:30:00+00:00,San José St Spartans,Tulsa Golden Hurricane,totals,full_game,,,,,,,149.0,-105.0,-115.0
2c480d6139c07c53a293c683626bd76e,Caesars,2025-11-25 15:12:34.983956+00:00,2025-11-25 15:10:44+00:00,2025-11-25 18:30:00+00:00,San José St Spartans,Tulsa Golden Hurricane,h2h,2h,210.0,-260.0,,,,,,,
2c480d6139c07c53a293c683626bd76e,Caesars,2025-11-25 15:12:34.983956+00:00,2025-11-25 15:10:44+00:00,2025-11-25 18:30:00+00:00,San José St Spartans,Tulsa Golden Hurricane,spreads,full_game,,,6.0,-110.0,-6.0,-110.0,,,
2c480d6139c07c53a293c683626bd76e,Caesars,2025-11-25 15:12:34.983956+00:00,2025-11-25 15:10:44+00:00,2025-11-25 18:30:00+00:00,San José St Spartans,Tulsa Golden Hurricane,totals,full_game,,,,,,,148.5,-110.0,-110.0
2c480d6139c07c53a293c683626bd76e,FanDuel,2025-11-25 15:12:34.983956+00:00,2025-11-25 15:12:25+00:00,2025-11-25 18:30:00+00:00,San José St Spartans,Tulsa Golden Hurricane,h2h,2h,245.0,-310.0,,,,,,,
2c480d6139c07c53a293c683626bd76e,FanDuel,2025-11-25 15:12:34.983956+00:00,2025-11-25 15:12:25+00:00,2025-11-25 18:30:00+00:00,San José St Spartans,Tulsa Golden Hurricane,spreads,full_game,,,6.5,-115.0,-6.5,-105.0,,,
2c480d6139c07c53a293c683626bd76e,FanDuel,2025-11-25 15:12:34.983956+00:00,2025-11-25 15:12:25+00:00,2025-11-25 18:30:00+00:00,San José St Spartans,Tulsa Golden Hurricane,totals,full_game,,,,,,,148.5,-115.0,-105.0
2c480d6139c07c53a293c683626bd76e,Bovada,2025-11-25 15:12:34.983956+00:00,2025-11-25 15:12:00+00:00,2025-11-25 18:30:00+00:00,San José St Spartans,Tulsa Golden Hurricane,h2h,2h,220.0,-270.0,,,,,,,
2c480d6139c07c53a293c683626bd76e,Bovada,2025-11-25 15:12:34.983956+00:00,2025-11-25 15:12:00+00:00,2025-11-25 18:30:00+00:00,San José St Spartans,Tulsa Golden Hurricane,spreads,full_game,,,6.0,-110.0,-6.0,-110.0,,,
2c480d6139c07c53a293c683626bd76e,Bovada,2025-11-25 15:12:34.983956+00:00,2025-11-25 15:12:00+00:00,2025-11-25 18:30:00+00:00,San José St Spartans,Tulsa Golden Hurricane,totals,full_game,,,,,,,149.0,-110.0,-110.0
2c480d6139c07c53a293c683626bd76e,BetRivers,2025-11-25 15:12:34.983956+00:00,2025-11-25 15:11:57+00:00,2025-11-25 18:30:00+00:00,San José St Spartans,Tulsa Golden Hurricane,h2h,2h,220.0,-286.0,,,,,,,
2c480d6139c07c53a293c683626bd76e,BetRivers,2025-11-25 15:12:34.983956+00:00,2025-11-25 15:11:57+00:00,2025-11-25 18:30:00+00:00,San José St Spartans,Tulsa Golden Hurricane,spreads,full_game,,,6.0,-108.0,-6.0,-114.0,,,
2c480d6139c07c53a293c683626bd76e,BetRivers,2025-11-25 15:12:34.983956+00:00,2025-11-25 15:11:57+00:00,2025-11-25 18:30:00+00:00,San José St Spartans,Tulsa Golden Hurricane,totals,full_game,,,,,,,149.5,-112.0,-112.0
2c480d6139c07c53a293c683626bd76e,BetUS,2025-11-25 15:12:34.983956+00:00,2025-11-25 15:11:32+00:00,2025-11-25 18:30:00+00:00,San José St Spartans,Tulsa Golden Hurricane,h2h,2h,218.0,-260.0,,,,,,,
2c480d6139c07c53a293c683626bd76e,BetUS,2025-11-25 15:12:34.983956+00:00,2025-11-25 15:11:32+00:00,2025-11-25 18:30:00+00:00,San José St Spartans,Tulsa Golden Hurricane,spreads,full_game,,,6.0,-110.0,-6.0,-110.0,,,
2c480d6139c07c53a293c683626bd76e,BetUS,2025-11-25 15:12:34.983956+00:00,2025-11-25 15:11:32+00:00,2025-11-25 18:30:00+00:00,San José St Spartans,Tulsa Golden Hurricane,totals,full_game,,,,,,,148.5,-110.0,-110.0
2c480d6139c07c53a293c683626bd76e,BetMGM,2025-11-25 15:12:34.983956+00:00,2025-11-25 15:11:57+00:00,2025-11-25 18:30:00+00:00,San José St Spartans,Tulsa Golden Hurricane,h2h,2h,220.0,-275.0,,,,,,,
2c480d6139c07c53a293c683626bd76e,BetMGM,2025-11-25 15:12:34.983956+00:00,2025-11-25 15:11:57+00:00,2025-11-25 18:30:00+00:00,San José St Spartans,Tulsa Golden Hurricane,spreads,full_game,,,6.5,-115.0,-6.5,-105.0,,,
2c480d6139c07c53a293c683626bd76e,BetMGM,2025-11-25 15:12:34.983956+00:00,2025-11-25 15:11:57+00:00,2025-11-25 18:30:00+00:00,San José St Spartans,Tulsa Golden Hurricane,totals,full_game,,,,,,,148.5,-115.0,-105.0
0c4cb4c5e6a40c742e39d032f9a5effe,FanDuel,2025-11-25 15:12:34.983956+00:00,2025-11-25 15:12:25+00:00,2025-11-25 19:00:00+00:00,Army Knights,East Texas A&M Lions,h2h,2h,168.0,-205.0,,,,,,,
0c4cb4c5e6a40c742e39d032f9a5effe,FanDuel,2025-11-25 15:12:34.983956+00:00,2025-11-25 15:12:25+00:00,2025-11-25 19:00:00+00:00,Army Knights,East Texas A&M Lions,spreads,full_game,,,4.5,-120.0,-4.5,-102.0,,,
0c4cb4c5e6a40c742e39d032f9a5effe,FanDuel,2025-11-25 15:12:34.983956+00:00,2025-11-25 15:12:25+00:00,2025-11-25 19:00:00+00:00,Army Knights,East Texas A&M Lions,totals,full_game,,,,,,,142.5,-110.0,-110.0
0c4cb4c5e6a40c742e39d032f9a5effe,BetRivers,2025-11-25 15:12:34.983956+00:00,2025-11-25 15:11:57+00:00,2025-11-25 19:00:00+00:00,Army Knights,East Texas A&M Lions,h2h,2h,135.0,-167.0,,,,,,,
0c4cb4c5e6a40c742e39d032f9a5effe,BetRivers,2025-11-25 15:12:34.983956+00:00,2025-11-25 15:11:57+00:00,2025-11-25 19:00:00+00:00,Army Knights,East Texas A&M Lions,spreads,full_game,,,3.5,-115.0,-3.5,-108.0,,,
0c4cb4c5e6a40c742e39d032f9a5effe,BetRivers,2025-11-25 15:12:34.983956+00:00,2025-11-25 15:11:57+00:00,2025-11-25 19:00:00+00:00,Army Knights,East Texas A&M Lions,totals,full_game,,,,,,,143.0,-112.0,-112.0
0c4cb4c5e6a40c742e39d032f9a5effe,LowVig.ag,2025-11-25 15:12:34.983956+00:00,2025-11-25 15:12:23+00:00,2025-11-25 19:00:00+00:00,Army Knights,East Texas A&M Lions,spreads,full_game,,,3.5,-101.0,-3.5,-111.0,,,
0c4cb4c5e6a40c742e39d032f9a5effe,LowVig.ag,2025-11-25 15:12:34.983956+00:00,2025-11-25 15:12:23+00:00,2025-11-25 19:00:00+00:00,Army Knights,East Texas A&M Lions,totals,full_game,,,,,,,142.5,-103.0,-113.0
0c4cb4c5e6a40c742e39d032f9a5effe,BetOnline.ag,2025-11-25 15:12:34.983956+00:00,2025-11-25 15:12:11+00:00,2025-11-25 19:00:00+00:00,Army Knights,East Texas A&M Lions,spreads,full_game,,,3.5,-105.0,-3.5,-115.0,,,
0c4cb4c5e6a40c742e39d032f9a5effe,BetOnline.ag,2025-11-25 15:12:34.983956+00:00,2025-11-25 15:12:11+00:00,2025-11-25 19:00:00+00:00,Army Knights,East Texas A&M Lions,totals,full_game,,,,,,,142.5,-105.0,-115.0
0c4cb4c5e6a40c742e39d032f9a5effe,Caesars,2025-11-25 15:12:34.983956+00:00,2025-11-25 15:10:44+00:00,2025-11-25 19:00:00+00:00,Army Knights,East Texas A&M Lions,spreads,full_game,,,3.5,-110.0,-3.5,-110.0,,,
0c4cb4c5e6a40c742e39d032f9a5effe,Caesars,2025-11-25 15:12:34.983956+00:00,2025-11-25 15:10:44+00:00,2025-11-25 19:00:00+00:00,Army Knights,East Texas A&M Lions,totals,full_game,,,,,,,142.5,-110.0,-110.0
0c4cb4c5e6a40c742e39d032f9a5effe,BetMGM,2025-11-25 15:12:34.983956+00:00,2025-11-25 15:11:57+00:00,2025-11-25 19:00:00+00:00,Army Knights,East Texas A&M Lions,h2h,2h,140.0,-170.0,,,,,,,
0c4cb4c5e6a40c742e39d032f9a5effe,BetMGM,2025-11-25 15:12:34.983956+00:00,2025-11-25 15:11:57+00:00,2025-11-25 19:00:00+00:00,Army Knights,East Texas A&M Lions,spreads,full_game,,,3.5,-110.0,-3.5,-110.0,,,
0c4cb4c5e6a40c742e39d032f9a5effe,BetMGM,2025-11-25 15:12:34.983956+00:00,2025-11-25 15:11:57+00:00,2025-11-25 19:00:00+00:00,Army Knights,East Texas A&M Lions,totals,full_game,,,,,,,142.5,-110.0,-110.0
0c4cb4c5e6a40c742e39d032f9a5effe,Bovada,2025-11-25 15:12:34.983956+00:00,2025-11-25 15:12:00+00:00,2025-11-25 19:00:00+00:00,Army Knights,East Texas A&M Lions,spreads,full_game,,,4.0,-110.0,-4.0,-110.0,,,
0c4cb4c5e6a40c742e39d032f9a5effe,Bovada,2025-11-25 15:12:34.983956+00:00,2025-11-25 15:12:00+00:00,2025-11-25 19:00:00+00:00,Army Knights,East Texas A&M Lions,totals,full_game,,,,,,,142.5,-110.0,-110.0
a7413c1ef3f3e7ecb7075bebe9145c90,DraftKings,2025-11-25 15:12:34.983956+00:00,2025-11-25 15:12:22+00:00,2025-11-25 19:00:00+00:00,Iowa State Cyclones,Creighton Bluejays,h2h,2h,-345.0,275.0,,,,,,,
a7413c1ef3f3e7ecb7075bebe9145c90,DraftKings,2025-11-25 15:12:34.983956+00:00,2025-11-25 15:12:22+00:00,2025-11-25 19:00:00+00:00,Iowa State Cyclones,Creighton Bluejays,spreads,full_game,,,-7.5,-102.0,7.5,-118.0,,,
a7413c1ef3f3e7ecb7075bebe9145c90,DraftKings,2025-11-25 15:12:34.983956+00:00,2025-11-25 15:12:22+00:00,2025-11-25 19:00:00+00:00,Iowa State Cyclones,Creighton Bluejays,totals,full_game,,,,,,,150.5,-115.0,-105.0
a7413c1ef3f3e7ecb7075bebe9145c90,FanDuel,2025-11-25 15:12:34.983956+00:00,2025-11-25 15:12:25+00:00,2025-11-25 19:00:00+00:00,Iowa State Cyclones,Creighton Bluejays,h2h,2h,-360.0,280.0,,,,,,,
a7413c1ef3f3e7ecb7075bebe9145c90,FanDuel,2025-11-25 15:12:34.983956+00:00,2025-11-25 15:12:25+00:00,2025-11-25 19:00:00+00:00,Iowa State Cyclones,Creighton Bluejays,spreads,full_game,,,-7.5,-102.0,7.5,-120.0,,,
a7413c1ef3f3e7ecb7075bebe9145c90,FanDuel,2025-11-25 15:12:34.983956+00:00,2025-11-25 15:12:25+00:00,2025-11-25 19:00:00+00:00,Iowa State Cyclones,Creighton Bluejays,totals,full_game,,,,,,,151.5,-110.0,-110.0
a7413c1ef3f3e7ecb7075bebe9145c90,Fanatics,2025-11-25 15:12:34.983956+00:00,2025-11-25 15:12:09+00:00,2025-11-25 19:00:00+00:00,Iowa State Cyclones,Creighton Bluejays,h2h,2h,-325.0,250.0,,,,,,,
a7413c1ef3f3e7ecb7075bebe9145c90,Fanatics,2025-11-25 15:12:34.983956+00:00,2025-11-25 15:12:09+00:00,2025-11-25 19:00:00+00:00,Iowa State Cyclones,Creighton Bluejays,spreads,full_game,,,-7.0,-110.0,7.0,-110.0,,,
a7413c1ef3f3e7ecb7075bebe9145c90,Fanatics,2025-11-25 15:12:34.983956+00:00,2025-11-25 15:12:09+00:00,2025-11-25 19:00:00+00:00,Iowa State Cyclones,Creighton Bluejays,totals,full_game,,,,,,,151.0,-110.0,-110.0
a7413c1ef3f3e7ecb7075bebe9145c90,Caesars,2025-11-25 15:12:34.983956+00:00,2025-11-25 15:10:44+00:00,2025-11-25 19:00:00+00:00,Iowa State Cyclones,Creighton Bluejays,h2h,2h,-350.0,275.0,,,,,,,
a7413c1ef3f3e7ecb7075bebe9145c90,Caesars,2025-11-25 15:12:34.983956+00:00,2025-11-25 15:10:44+00:00,2025-11-25 19:00:00+00:00,Iowa State Cyclones,Creighton Bluejays,spreads,full_game,,,-7.0,-110.0,7.0,-110.0,,,
a7413c1ef3f3e7ecb7075bebe9145c90,Caesars,2025-11-25 15:12:34.983956+00:00,2025-11-25 15:10:44+00:00,2025-11-25 19:00:00+00:00,Iowa State Cyclones,Creighton Bluejays,totals,full_game,,,,,,,150.5,-110.0,-110.0
a7413c1ef3f3e7ecb7075bebe9145c90,Bovada,2025-11-25 15:12:34.983956+00:00,2025-11-25 15:12:00+00:00,2025-11-25 19:00:00+00:00,Iowa State Cyclones,Creighton Bluejays,h2h,2h,-360.0,280.0,,,,,,,
a7413c1ef3f3e7ecb7075bebe9145c90,Bovada,2025-11-25 15:12:34.983956+00:00,2025-11-25 15:12:00+00:00,2025-11-25 19:00:00+00:00,Iowa State Cyclones,Creighton Bluejays,spreads,full_game,,,-7.0,-110.0,7.0,-110.0,,,
a7413c1ef3f3e7ecb7075bebe9145c90,Bovada,2025-11-25 15:12:34.983956+00:00,2025-11-25 15:12:00+00:00,2025-11-25 19:00:00+00:00,Iowa State Cyclones,Creighton Bluejays,totals,full_game,,,,,,,151.5,-110.0,-110.0
a7413c1ef3f3e7ecb7075bebe9145c90,BetRivers,2025-11-25 15:12:34.983956+00:00,2025-11-25 15:11:57+00:00,2025-11-25 19:00:00+00:00,Iowa State Cyclones,Creighton Bluejays,h2h,2h,-305.0,235.0,,,,,,,
a7413c1ef3f3e7ecb7075bebe9145c90,BetRivers,2025-11-25 15:12:34.983956+00:00,2025-11-25 15:11:57+00:00,2025-11-25 19:00:00+00:00,Iowa State Cyclones,Creighton Bluejays,spreads,full_game,,,-6.5,-114.0,6.5,-109.0,,,
a7413c1ef3f3e7ecb7075bebe9145c90,BetRivers,2025-11-25 15:12:34.983956+00:00,2025-11-25 15:11:57+00:00,2025-11-25 19:00:00+00:00,Iowa State Cyclones,Creighton Bluejays,totals,full_game,,,,,,,151.5,-113.0,-109.0
a7413c1ef3f3e7ecb7075bebe9145c90,BetMGM,2025-11-25 15:12:34.983956+00:00,2025-11-25 15:11:57+00:00,2025-11-25 19:00:00+00:00,Iowa State Cyclones,Creighton Bluejays,h2h,2h,-300.0,240.0,,,,,,,
a7413c1ef3f3e7ecb7075bebe9145c90,BetMGM,2025-11-25 15:12:34.983956+00:00,2025-11-25 15:11:57+00:00,2025-11-25 19:00:00+00:00,Iowa State Cyclones,Creighton Bluejays,spreads,full_game,,,-6.5,-115.0,6.5,-105.0,,,
a7413c1ef3f3e7ecb7075bebe9145c90,BetMGM,2025-11-25 15:12:34.983956+00:00,2025-11-25 15:11:57+00:00,2025-11-25 19:00:00+00:00,Iowa State Cyclones,Creighton Bluejays,totals,full_game,,,,,,,150.5,-115.0,-105.0
a7413c1ef3f3e7ecb7075bebe9145c90,LowVig.ag,2025-11-25 15:12:34.983956+00:00,2025-11-25 15:12:23+00:00,2025-11-25 19:00:00+00:00,Iowa State Cyclones,Creighton Bluejays,h2h,2h,-345.0,278.0,,,,,,,
a7413c1ef3f3e7ecb7075bebe9145c90,LowVig.ag,2025-11-25 15:12:34.983956+00:00,2025-11-25 15:12:23+00:00,2025-11-25 19:00:00+00:00,Iowa State Cyclones,Creighton Bluejays,spreads,full_game,,,-7.0,-106.0,7.0,-106.0,,,
a7413c1ef3f3e7ecb7075bebe9145c90,LowVig.ag,2025-11-25 15:12:34.983956+00:00,2025-11-25 15:12:23+00:00,2025-11-25 19:00:00+00:00,Iowa State Cyclones,Creighton Bluejays,totals,full_game,,,,,,,150.5,-108.0,-108.0
a7413c1ef3f3e7ecb7075bebe9145c90,BetOnline.ag,2025-11-25 15:12:34.983956+00:00,2025-11-25 15:12:11+00:00,2025-11-25 19:00:00+00:00,Iowa State Cyclones,Creighton Bluejays,h2h,2h,-345.0,278.0,,,,,,,
a7413c1ef3f3e7ecb7075bebe9145c90,BetOnline.ag,2025-11-25 15:12:34.983956+00:00,2025-11-25 15:12:11+00:00,2025-11-25 19:00:00+00:00,Iowa State Cyclones,Creighton Bluejays,spreads,full_game,,,-7.0,-110.0,7.0,-110.0,,,
a7413c1ef3f3e7ecb7075bebe9145c90,BetOnline.ag,2025-11-25 15:12:34.983956+00:00,2025-11-25 15:12:11+00:00,2025-11-25 19:00:00+00:00,Iowa State Cyclones,Creighton Bluejays,totals,full_game,,,,,,,150.5,-110.0,-110.0
a7413c1ef3f3e7ecb7075bebe9145c90,BetUS,2025-11-25 15:12:34.983956+00:00,2025-11-25 15:11:31+00:00,2025-11-25 19:00:00+00:00,Iowa State Cyclones,Creighton Bluejays,h2h,2h,-345.0,278.0,,,,,,,
a7413c1ef3f3e7ecb7075bebe9145c90,BetUS,2025-11-25 15:12:34.983956+00:00,2025-11-25 15:11:31+00:00,2025-11-25 19:00:00+00:00,Iowa State Cyclones,Creighton Bluejays,spreads,full_game,,,-7.0,-110.0,7.0,-110.0,,,
a7413c1ef3f3e7ecb7075bebe9145c90,BetUS,2025-11-25 15:12:34.983956+00:00,2025-11-25 15:11:31+00:00,2025-11-25 19:00:00+00:00,Iowa State Cyclones,Creighton Bluejays,totals,full_game,,,,,,,150.5,-110.0,-110.0
bc49475e8fd712809c6b6d0a7b232ee9,FanDuel,2025-11-25 15:12:34.983956+00:00,2025-11-25 15:12:25+00:00,2025-11-25 19:30:00+00:00,Vermont Catamounts,Rhode Island Rams,h2h,2h,195.0,-240.0,,,,,,,
bc49475e8fd712809c6b6d0a7b232ee9,FanDuel,2025-11-25 15:12:34.983956+00:00,2025-11-25 15:12:25+00:00,2025-11-25 19:30:00+00:00,Vermont Catamounts,Rhode Island Rams,spreads,full_game,,,5.5,-120.0,-5.5,-102.0,,,
bc49475e8fd712809c6b6d0a7b232ee9,FanDuel,2025-11-25 15:12:34.983956+00:00,2025-11-25 15:12:25+00:00,2025-11-25 19:30:00+00:00,Vermont Catamounts,Rhode Island Rams,totals,full_game,,,,,,,146.5,-115.0,-105.0
bc49475e8fd712809c6b6d0a7b232ee9,DraftKings,2025-11-25 15:12:34.983956+00:00,2025-11-25 15:12:22+00:00,2025-11-25 19:30:00+00:00,Vermont Catamounts,Rhode Island Rams,spreads,full_game,,,4.5,-102.0,-4.5,-118.0,,,
bc49475e8fd712809c6b6d0a7b232ee9,DraftKings,2025-11-25 15:12:34.983956+00:00,2025-11-25 15:12:22+00:00,2025-11-25 19:30:00+00:00,Vermont Catamounts,Rhode Island Rams,totals,full_game,,,,,,,146.5,-115.0,-105.0
bc49475e8fd712809c6b6d0a7b232ee9,Caesars,2025-11-25 15:12:34.983956+00:00,2025-11-25 15:10:44+00:00,2025-11-25 19:30:00+00:00,Vermont Catamounts,Rhode Island Rams,h2h,2h,185.0,-225.0,,,,,,,
bc49475e8fd712809c6b6d0a7b232ee9,Caesars,2025-11-25 15:12:34.983956+00:00,2025-11-25 15:10:44+00:00,2025-11-25 19:30:00+00:00,Vermont Catamounts,Rhode Island Rams,spreads,full_game,,,5.0,-110.0,-5.0,-110.0,,,
bc49475e8fd712809c6b6d0a7b232ee9,Caesars,2025-11-25 15:12:34.983956+00:00,2025-11-25 15:10:44+00:00,2025-11-25 19:30:00+00:00,Vermont Catamounts,Rhode Island Rams,totals,full_game,,,,,,,147.0,-110.0,-110.0
bc49475e8fd712809c6b6d0a7b232ee9,LowVig.ag,2025-11-25 15:12:34.983956+00:00,2025-11-25 15:12:23+00:00,2025-11-25 19:30:00+00:00,Vermont Catamounts,Rhode Island Rams,h2h,2h,180.0,-210.0,,,,,,,
bc49475e8fd712809c6b6d0a7b232ee9,LowVig.ag,2025-11-25 15:12:34.983956+00:00,2025-11-25 15:12:23+00:00,2025-11-25 19:30:00+00:00,Vermont Catamounts,Rhode Island Rams,spreads,full_game,,,5.0,-106.0,-5.0,-106.0,,,
bc49475e8fd712809c6b6d0a7b232ee9,LowVig.ag,2025-11-25 15:12:34.983956+00:00,2025-11-25 15:12:23+00:00,2025-11-25 19:30:00+00:00,Vermont Catamounts,Rhode Island Rams,totals,full_game,,,,,,,146.5,-113.0,-103.0
bc49475e8fd712809c6b6d0a7b232ee9,BetOnline.ag,2025-11-25 15:12:34.983956+00:00,2025-11-25 15:12:11+00:00,2025-11-25 19:30:00+00:00,Vermont Catamounts,Rhode Island Rams,h2h,2h,180.0,-210.0,,,,,,,
bc49475e8fd712809c6b6d0a7b232ee9,BetOnline.ag,2025-11-25 15:12:34.983956+00:00,2025-11-25 15:12:11+00:00,2025-11-25 19:30:00+00:00,Vermont Catamounts,Rhode Island Rams,spreads,full_game,,,5.0,-110.0,-5.0,-110.0,,,
bc49475e8fd712809c6b6d0a7b232ee9,BetOnline.ag,2025-11-25 15:12:34.983956+00:00,2025-11-25 15:12:11+00:00,2025-11-25 19:30:00+00:00,Vermont Catamounts,Rhode Island Rams,totals,full_game,,,,,,,146.5,-115.0,-105.0
bc49475e8fd712809c6b6d0a7b232ee9,Bovada,2025-11-25 15:12:34.983956+00:00,2025-11-25 15:12:00+00:00,2025-11-25 19:30:00+00:00,Vermont Catamounts,Rhode Island Rams,h2h,2h,180.0,-220.0,,,,,,,
bc49475e8fd712809c6b6d0a7b232ee9,Bovada,2025-11-25 15:12:34.983956+00:00,2025-11-25 15:12:00+00:00,2025-11-25 19:30:00+00:00,Vermont Catamounts,Rhode Island Rams,spreads,full_game,,,5.0,-110.0,-5.0,-110.0,,,
bc49475e8fd712809c6b6d0a7b232ee9,Bovada,2025-11-25 15:12:34.983956+00:00,2025-11-25 15:12:00+00:00,2025-11-25 19:30:00+00:00,Vermont Catamounts,Rhode Island Rams,totals,full_game,,,,,,,147.0,-110.0,-110.0
bc49475e8fd712809c6b6d0a7b232ee9,BetRivers,2025-11-25 15:12:34.983956+00:00,2025-11-25 15:11:57+00:00,2025-11-25 19:30:00+00:00,Vermont Catamounts,Rhode Island Rams,h2h,2h,170.0,-215.0,,,,,,,
bc49475e8fd712809c6b6d0a7b232ee9,BetRivers,2025-11-25 15:12:34.983956+00:00,2025-11-25 15:11:57+00:00,2025-11-25 19:30:00+00:00,Vermont Catamounts,Rhode Island Rams,spreads,full_game,,,5.0,-114.0,-5.0,-109.0,,,
bc49475e8fd712809c6b6d0a7b232ee9,BetRivers,2025-11-25 15:12:34.983956+00:00,2025-11-25 15:11:57+00:00,2025-11-25 19:30:00+00:00,Vermont Catamounts,Rhode Island Rams,totals,full_game,,,,,,,146.5,-114.0,-109.0
bc49475e8fd712809c6b6d0a7b232ee9,BetMGM,2025-11-25 15:12:34.983956+00:00,2025-11-25 15:11:57+00:00,2025-11-25 19:30:00+00:00,Vermont Catamounts,Rhode Island Rams,h2h,2h,180.0,-220.0,,,,,,,
bc49475e8fd712809c6b6d0a7b232ee9,BetMGM,2025-11-25 15:12:34.983956+00:00,2025-11-25 15:11:57+00:00,2025-11-25 19:30:00+00:00,Vermont Catamounts,Rhode Island Rams,spreads,full_game,,,4.5,-105.0,-4.5,-115.0,,,
bc49475e8fd712809c6b6d0a7b232ee9,BetMGM,2025-11-25 15:12:34.983956+00:00,2025-11-25 15:11:57+00:00,2025-11-25 19:30:00+00:00,Vermont Catamounts,Rhode Island Rams,totals,full_game,,,,,,,145.5,-115.0,-105.0
bc49475e8fd712809c6b6d0a7b232ee9,BetUS,2025-11-25 15:12:34.983956+00:00,2025-11-25 15:11:31+00:00,2025-11-25 19:30:00+00:00,Vermont Catamounts,Rhode Island Rams,h2h,2h,180.0,-210.0,,,,,,,
bc49475e8fd712809c6b6d0a7b232ee9,BetUS,2025-11-25 15:12:34.983956+00:00,2025-11-25 15:11:31+00:00,2025-11-25 19:30:00+00:00,Vermont Catamounts,Rhode Island Rams,spreads,full_game,,,5.0,-110.0,-5.0,-110.0,,,
bc49475e8fd712809c6b6d0a7b232ee9,BetUS,2025-11-25 15:12:34.983956+00:00,2025-11-25 15:11:31+00:00,2025-11-25 19:30:00+00:00,Vermont Catamounts,Rhode Island Rams,totals,full_game,,,,,,,147.5,-110.0,-110.0
01f385bd40cf22b2b0d72ebb2ba9ca11,FanDuel,2025-11-25 15:12:34.983956+00:00,2025-11-25 15:12:25+00:00,2025-11-25 19:30:17+00:00,Boise State Broncos,NC State Wolfpack,h2h,2h,240.0,-300.0,,,,,,,
01f385bd40cf22b2b0d72ebb2ba9ca11,FanDuel,2025-11-25 15:12:34.983956+00:00,2025-11-25 15:12:25+00:00,2025-11-25 19:30:17+00:00,Boise State Broncos,NC State Wolfpack,spreads,full_game,,,6.5,-115.0,-6.5,-105.0,,,
01f385bd40cf22b2b0d72ebb2ba9ca11,FanDuel,2025-11-25 15:12:34.983956+00:00,2025-11-25 15:12:25+00:00,2025-11-25 19:30:17+00:00,Boise State Broncos,NC State Wolfpack,totals,full_game,,,,,,,154.5,-115.0,-105.0
01f385bd40cf22b2b0d72ebb2ba9ca11,Fanatics,2025-11-25 15:12:34.983956+00:00,2025-11-25 15:12:09+00:00,2025-11-25 19:30:17+00:00,Boise State Broncos,NC State Wolfpack,h2h,2h,230.0,-285.0,,,,,,,
01f385bd40cf22b2b0d72ebb2ba9ca11,Fanatics,2025-11-25 15:12:34.983956+00:00,2025-11-25 15:12:09+00:00,2025-11-25 19:30:17+00:00,Boise State Broncos,NC State Wolfpack,spreads,full_game,,,6.5,-110.0,-6.5,-110.0,,,
01f385bd40cf22b2b0d72ebb2ba9ca11,Fanatics,2025-11-25 15:12:34.983956+00:00,2025-11-25 15:12:09+00:00,2025-11-25 19:30:17+00:00,Boise State Broncos,NC State Wolfpack,totals,full_game,,,,,,,155.0,-110.0,-110.0
01f385bd40cf22b2b0d72ebb2ba9ca11,DraftKings,2025-11-25 15:12:34.983956+00:00,2025-11-25 15:12:22+00:00,2025-11-25 19:30:17+00:00,Boise State Broncos,NC State Wolfpack,spreads,full_game,,,6.5,-112.0,-6.5,-108.0,,,
01f385bd40cf22b2b0d72ebb2ba9ca11,DraftKings,2025-11-25 15:12:34.983956+00:00,2025-11-25 15:12:22+00:00,2025-11-25 19:30:17+00:00,Boise State Broncos,NC State Wolfpack,totals,full_game,,,,,,,155.5,-108.0,-112.0
01f385bd40cf22b2b0d72ebb2ba9ca11,LowVig.ag,2025-11-25 15:12:34.983956+00:00,2025-11-25 15:12:23+00:00,2025-11-25 19:30:17+00:00,Boise State Broncos,NC State Wolfpack,h2h,2h,219.0,-265.0,,,,,,,
01f385bd40cf22b2b0d72ebb2ba9ca11,LowVig.ag,2025-11-25 15:12:34.983956+00:00,2025-11-25 15:12:23+00:00,2025-11-25 19:30:17+00:00,Boise State Broncos,NC State Wolfpack,spreads,full_game,,,6.5,-106.0,-6.5,-106.0,,,
01f385bd40cf22b2b0d72ebb2ba9ca11,LowVig.ag,2025-11-25 15:12:34.983956+00:00,2025-11-25 15:12:23+00:00,2025-11-25 19:30:17+00:00,Boise State Broncos,NC State Wolfpack,totals,full_game,,,,,,,155.0,-108.0,-108.0
01f385bd40cf22b2b0d72ebb2ba9ca11,Caesars,2025-11-25 15:12:34.983956+00:00,2025-11-25 15:10:44+00:00,2025-11-25 19:30:17+00:00,Boise State Broncos,NC State Wolfpack,h2h,2h,222.0,-278.0,,,,,,,
01f385bd40cf22b2b0d72ebb2ba9ca11,Caesars,2025-11-25 15:12:34.983956+00:00,2025-11-25 15:10:44+00:00,2025-11-25 19:30:17+00:00,Boise State Broncos,NC State Wolfpack,spreads,full_game,,,6.5,-110.0,-6.5,-110.0,,,
01f385bd40cf22b2b0d72ebb2ba9ca11,Caesars,2025-11-25 15:12:34.983956+00:00,2025-11-25 15:10:44+00:00,2025-11-25 19:30:17+00:00,Boise State Broncos,NC State Wolfpack,totals,full_game,,,,,,,155.0,-110.0,-110.0
01f385bd40cf22b2b0d72ebb2ba9ca11,BetOnline.ag,2025-11-25 15:12:34.983956+00:00,2025-11-25 15:12:11+00:00,2025-11-25 19:30:17+00:00,Boise State Broncos,NC State Wolfpack,h2h,2h,219.0,-265.0,,,,,,,
01f385bd40cf22b2b0d72ebb2ba9ca11,BetOnline.ag,2025-11-25 15:12:34.983956+00:00,2025-11-25 15:12:11+00:00,2025-11-25 19:30:17+00:00,Boise State Broncos,NC State Wolfpack,spreads,full_game,,,6.5,-110.0,-6.5,-110.0,,,
01f385bd40cf22b2b0d72ebb2ba9ca11,BetOnline.ag,2025-11-25 15:12:34.983956+00:00,2025-11-25 15:12:11+00:00,2025-11-25 19:30:17+00:00,Boise State Broncos,NC State Wolfpack,totals,full_game,,,,,,,155.0,-110.0,-110.0
01f385bd40cf22b2b0d72ebb2ba9ca11,BetMGM,2025-11-25 15:12:34.983956+00:00,2025-11-25 15:11:57+00:00,2025-11-25 19:30:17+00:00,Boise State Broncos,NC State Wolfpack,h2h,2h,240.0,-300.0,,,,,,,
01f385bd40cf22b2b0d72ebb2ba9ca11,BetMGM,2025-11-25 15:12:34.983956+00:00,2025-11-25 15:11:57+00:00,2025-11-25 19:30:17+00:00,Boise State Broncos,NC State Wolfpack,spreads,full_game,,,6.5,-110.0,-6.5,-110.0,,,
01f385bd40cf22b2b0d72ebb2ba9ca11,BetMGM,2025-11-25 15:12:34.983956+00:00,2025-11-25 15:11:57+00:00,2025-11-25 19:30:17+00:00,Boise State Broncos,NC State Wolfpack,totals,full_game,,,,,,,155.5,-105.0,-115.0
01f385bd40cf22b2b0d72ebb2ba9ca11,Bovada,2025-11-25 15:12:34.983956+00:00,2025-11-25 15:12:00+00:00,2025-11-25 19:30:17+00:00,Boise State Broncos,NC State Wolfpack,h2h,2h,235.0,-285.0,,,,,,,
01f385bd40cf22b2b0d72ebb2ba9ca11,Bovada,2025-11-25 15:12:34.983956+00:00,2025-11-25 15:12:00+00:00,2025-11-25 19:30:17+00:00,Boise State Broncos,NC State Wolfpack,spreads,full_game,,,6.5,-110.0,-6.5,-110.0,,,
01f385bd40cf22b2b0d72ebb2ba9ca11,Bovada,2025-11-25 15:12:34.983956+00:00,2025-11-25 15:12:00+00:00,2025-11-25 19:30:17+00:00,Boise State Broncos,NC State Wolfpack,totals,full_game,,,,,,,153.5,-105.0,-115.0
01f385bd40cf22b2b0d72ebb2ba9ca11,BetRivers,2025-11-25 15:12:34.983956+00:00,2025-11-25 15:11:57+00:00,2025-11-25 19:30:17+00:00,Boise State Broncos,NC State Wolfpack,h2h,2h,200.0,-278.0,,,,,,,
01f385bd40cf22b2b0d72ebb2ba9ca11,BetRivers,2025-11-25 15:12:34.983956+00:00,2025-11-25 15:11:57+00:00,2025-11-25 19:30:17+00:00,Boise State Broncos,NC State Wolfpack,spreads,full_game,,,6.5,-115.0,-6.5,-108.0,,,
01f385bd40cf22b2b0d72ebb2ba9ca11,BetRivers,2025-11-25 15:12:34.983956+00:00,2025-11-25 15:11:57+00:00,2025-11-25 19:30:17+00:00,Boise State Broncos,NC State Wolfpack,totals,full_game,,,,,,,154.5,-114.0,-109.0
01f385bd40cf22b2b0d72ebb2ba9ca11,BetUS,2025-11-25 15:12:34.983956+00:00,2025-11-25 15:11:32+00:00,2025-11-25 19:30:17+00:00,Boise State Broncos,NC State Wolfpack,h2h,2h,223.0,-265.0,,,,,,,
01f385bd40cf22b2b0d72ebb2ba9ca11,BetUS,2025-11-25 15:12:34.983956+00:00,2025-11-25 15:11:32+00:00,2025-11-25 19:30:17+00:00,Boise State Broncos,NC State Wolfpack,spreads,full_game,,,6.5,-110.0,-6.5,-110.0,,,
01f385bd40cf22b2b0d72ebb2ba9ca11,BetUS,2025-11-25 15:12:34.983956+00:00,2025-11-25 15:11:32+00:00,2025-11-25 19:30:17+00:00,Boise State Broncos,NC State Wolfpack,totals,full_game,,,,,,,155.0,-110.0,-110.0
db72cdd220b6eb4dd85ee55e5ae2c1be,DraftKings,2025-11-25 15:12:34.983956+00:00,2025-11-25 15:12:22+00:00,2025-11-25 20:00:00+00:00,Georgia St Panthers,Samford Bulldogs,h2h,2h,205.0,-250.0,,,,,,,
db72cdd220b6eb4dd85ee55e5ae2c1be,DraftKings,2025-11-25 15:12:34.983956+00:00,2025-11-25 15:12:22+00:00,2025-11-25 20:00:00+00:00,Georgia St Panthers,Samford Bulldogs,spreads,full_game,,,6.5,-115.0,-6.5,-105.0,,,
db72cdd220b6eb4dd85ee55e5ae2c1be,DraftKings,2025-11-25 15:12:34.983956+00:00,2025-11-25 15:12:22+00:00,2025-11-25 20:00:00+00:00,Georgia St Panthers,Samford Bulldogs,totals,full_game,,,,,,,148.5,-112.0,-108.0
db72cdd220b6eb4dd85ee55e5ae2c1be,LowVig.ag,2025-11-25 15:12:34.983956+00:00,2025-11-25 15:12:23+00:00,2025-11-25 20:00:00+00:00,Georgia St Panthers,Samford Bulldogs,h2h,2h,207.0,-250.0,,,,,,,
db72cdd220b6eb4dd85ee55e5ae2c1be,LowVig.ag,2025-11-25 15:12:34.983956+00:00,2025-11-25 15:12:23+00:00,2025-11-25 20:00:00+00:00,Georgia St Panthers,Samford Bulldogs,spreads,full_game,,,6.0,-101.0,-6.0,-111.0,,,
db72cdd220b6eb4dd85ee55e5ae2c1be,LowVig.ag,2025-11-25 15:12:34.983956+00:00,2025-11-25 15:12:23+00:00,2025-11-25 20:00:00+00:00,Georgia St Panthers,Samford Bulldogs,totals,full_game,,,,,,,148.0,-113.0,-103.0
db72cdd220b6eb4dd85ee55e5ae2c1be,BetOnline.ag,2025-11-25 15:12:34.983956+00:00,2025-11-25 15:12:11+00:00,2025-11-25 20:00:00+00:00,Georgia St Panthers,Samford Bulldogs,h2h,2h,207.0,-250.0,,,,,,,
db72cdd220b6eb4dd85ee55e5ae2c1be,BetOnline.ag,2025-11-25 15:12:34.983956+00:00,2025-11-25 15:12:11+00:00,2025-11-25 20:00:00+00:00,Georgia St Panthers,Samford Bulldogs,spreads,full_game,,,6.0,-105.0,-6.0,-115.0,,,
db72cdd220b6eb4dd85ee55e5ae2c1be,BetOnline.ag,2025-11-25 15:12:34.983956+00:00,2025-11-25 15:12:11+00:00,2025-11-25 20:00:00+00:00,Georgia St Panthers,Samford Bulldogs,totals,full_game,,,,,,,148.0,-115.0,-105.0
db72cdd220b6eb4dd85ee55e5ae2c1be,Fanatics,2025-11-25 15:12:34.983956+00:00,2025-11-25 15:12:09+00:00,2025-11-25 20:00:00+00:00,Georgia St Panthers,Samford Bulldogs,h2h,2h,190.0,-240.0,,,,,,,
db72cdd220b6eb4dd85ee55e5ae2c1be,Fanatics,2025-11-25 15:12:34.983956+00:00,2025-11-25 15:12:09+00:00,2025-11-25 20:00:00+00:00,Georgia St Panthers,Samford Bulldogs,spreads,full_game,,,5.5,-110.0,-5.5,-110.0,,,
db72cdd220b6eb4dd85ee55e5ae2c1be,Fanatics,2025-11-25 15:12:34.983956+00:00,2025-11-25 15:12:09+00:00,2025-11-25 20:00:00+00:00,Georgia St Panthers,Samford Bulldogs,totals,full_game,,,,,,,149.0,-110.0,-110.0
db72cdd220b6eb4dd85ee55e5ae2c1be,Caesars,2025-11-25 15:12:34.983956+00:00,2025-11-25 15:10:44+00:00,2025-11-25 20:00:00+00:00,Georgia St Panthers,Samford Bulldogs,spreads,full_game,,,6.5,-110.0,-6.5,-110.0,,,
db72cdd220b6eb4dd85ee55e5ae2c1be,Caesars,2025-11-25 15:12:34.983956+00:00,2025-11-25 15:10:44+00:00,2025-11-25 20:00:00+00:00,Georgia St Panthers,Samford Bulldogs,totals,full_game,,,,,,,148.5,-110.0,-110.0
db72cdd220b6eb4dd85ee55e5ae2c1be,FanDuel,2025-11-25 15:12:34.983956+00:00,2025-11-25 15:12:25+00:00,2025-11-25 20:00:00+00:00,Georgia St Panthers,Samford Bulldogs,h2h,2h,220.0,-275.0,,,,,,,
db72cdd220b6eb4dd85ee55e5ae2c1be,FanDuel,2025-11-25 15:12:34.983956+00:00,2025-11-25 15:12:25+00:00,2025-11-25 20:00:00+00:00,Georgia St Panthers,Samford Bulldogs,spreads,full_game,,,6.5,-120.0,-6.5,-102.0,,,
db72cdd220b6eb4dd85ee55e5ae2c1be,FanDuel,2025-11-25 15:12:34.983956+00:00,2025-11-25 15:12:25+00:00,2025-11-25 20:00:00+00:00,Georgia St Panthers,Samford Bulldogs,totals,full_game,,,,,,,148.5,-110.0,-110.0
db72cdd220b6eb4dd85ee55e5ae2c1be,Bovada,2025-11-25 15:12:34.983956+00:00,2025-11-25 15:12:00+00:00,2025-11-25 20:00:00+00:00,Georgia St Panthers,Samford Bulldogs,h2h,2h,185.0,-225.0,,,,,,,
db72cdd220b6eb4dd85ee55e5ae2c1be,Bovada,2025-11-25 15:12:34.983956+00:00,2025-11-25 15:12:00+00:00,2025-11-25 20:00:00+00:00,Georgia St Panthers,Samford Bulldogs,spreads,full_game,,,5.0,-110.0,-5.0,-110.0,,,
db72cdd220b6eb4dd85ee55e5ae2c1be,Bovada,2025-11-25 15:12:34.983956+00:00,2025-11-25 15:12:00+00:00,2025-11-25 20:00:00+00:00,Georgia St Panthers,Samford Bulldogs,totals,full_game,,,,,,,149.0,-110.0,-110.0
db72cdd220b6eb4dd85ee55e5ae2c1be,BetUS,2025-11-25 15:12:34.983956+00:00,2025-11-25 15:11:31+00:00,2025-11-25 20:00:00+00:00,Georgia St Panthers,Samford Bulldogs,h2h,2h,210.0,-250.0,,,,,,,
db72cdd220b6eb4dd85ee55e5ae2c1be,BetUS,2025-11-25 15:12:34.983956+00:00,2025-11-25 15:11:31+00:00,2025-11-25 20:00:00+00:00,Georgia St Panthers,Samford Bulldogs,spreads,full_game,,,6.0,-105.0,-6.0,-115.0,,,
db72cdd220b6eb4dd85ee55e5ae2c1be,BetUS,2025-11-25 15:12:34.983956+00:00,2025-11-25 15:11:31+00:00,2025-11-25 20:00:00+00:00,Georgia St Panthers,Samford Bulldogs,totals,full_game,,,,,,,148.5,-110.0,-110.0
db72cdd220b6eb4dd85ee55e5ae2c1be,BetRivers,2025-11-25 15:12:34.983956+00:00,2025-11-25 15:11:57+00:00,2025-11-25 20:00:00+00:00,Georgia St Panthers,Samford Bulldogs,h2h,2h,180.0,-245.0,,,,,,,
db72cdd220b6eb4dd85ee55e5ae2c1be,BetRivers,2025-11-25 15:12:34.983956+00:00,2025-11-25 15:11:57+00:00,2025-11-25 20:00:00+00:00,Georgia St Panthers,Samford Bulldogs,spreads,full_game,,,5.5,-115.0,-5.5,-107.0,,,
db72cdd220b6eb4dd85ee55e5ae2c1be,BetRivers,2025-11-25 15:12:34.983956+00:00,2025-11-25 15:11:57+00:00,2025-11-25 20:00:00+00:00,Georgia St Panthers,Samford Bulldogs,totals,full_game,,,,,,,149.5,-110.0,-113.0
db72cdd220b6eb4dd85ee55e5ae2c1be,BetMGM,2025-11-25 15:12:34.983956+00:00,2025-11-25 15:11:57+00:00,2025-11-25 20:00:00+00:00,Georgia St Panthers,Samford Bulldogs,h2h,2h,200.0,-250.0,,,,,,,
db72cdd220b6eb4dd85ee55e5ae2c1be,BetMGM,2025-11-25 15:12:34.983956+00:00,2025-11-25 15:11:57+00:00,2025-11-25 20:00:00+00:00,Georgia St Panthers,Samford Bulldogs,spreads,full_game,,,6.5,-115.0,-6.5,-105.0,,,
db72cdd220b6eb4dd85ee55e5ae2c1be,BetMGM,2025-11-25 15:12:34.983956+00:00,2025-11-25 15:11:57+00:00,2025-11-25 20:00:00+00:00,Georgia St Panthers,Samford Bulldogs,totals,full_game,,,,,,,148.5,-110.0,-110.0
a0e863275ddb7962df9edc8e24269119,DraftKings,2025-11-25 15:12:34.983956+00:00,2025-11-25 15:12:22+00:00,2025-11-25 20:30:00+00:00,Kansas Jayhawks,Syracuse Orange,h2h,2h,-218.0,180.0,,,,,,,
a0e863275ddb7962df9edc8e24269119,DraftKings,2025-11-25 15:12:34.983956+00:00,2025-11-25 15:12:22+00:00,2025-11-25 20:30:00+00:00,Kansas Jayhawks,Syracuse Orange,spreads,full_game,,,-5.5,-110.0,5.5,-110.0,,,
a0e863275ddb7962df9edc8e24269119,DraftKings,2025-11-25 15:12:34.983956+00:00,2025-11-25 15:12:22+00:00,2025-11-25 20:30:00+00:00,Kansas Jayhawks,Syracuse Orange,totals,full_game,,,,,,,146.5,-105.0,-115.0
a0e863275ddb7962df9edc8e24269119,FanDuel,2025-11-25 15:12:34.983956+00:00,2025-11-25 15:12:25+00:00,2025-11-25 20:30:00+00:00,Kansas Jayhawks,Syracuse Orange,h2h,2h,-225.0,184.0,,,,,,,
a0e863275ddb7962df9edc8e24269119,FanDuel,2025-11-25 15:12:34.983956+00:00,2025-11-25 15:12:25+00:00,2025-11-25 20:30:00+00:00,Kansas Jayhawks,Syracuse Orange,spreads,full_game,,,-4.5,-115.0,4.5,-105.0,,,
a0e863275ddb7962df9edc8e24269119,FanDuel,2025-11-25 15:12:34.983956+00:00,2025-11-25 15:12:25+00:00,2025-11-25 20:30:00+00:00,Kansas Jayhawks,Syracuse Orange,totals,full_game,,,,,,,146.5,-110.0,-110.0
a0e863275ddb7962df9edc8e24269119,Caesars,2025-11-25 15:12:34.983956+00:00,2025-11-25 15:10:44+00:00,2025-11-25 20:30:00+00:00,Kansas Jayhawks,Syracuse Orange,h2h,2h,-215.0,178.0,,,,,,,
a0e863275ddb7962df9edc8e24269119,Caesars,2025-11-25 15:12:34.983956+00:00,2025-11-25 15:10:44+00:00,2025-11-25 20:30:00+00:00,Kansas Jayhawks,Syracuse Orange,spreads,full_game,,,-5.0,-110.0,5.0,-110.0,,,
a0e863275ddb7962df9edc8e24269119,Caesars,2025-11-25 15:12:34.983956+00:00,2025-11-25 15:10:44+00:00,2025-11-25 20:30:00+00:00,Kansas Jayhawks,Syracuse Orange,totals,full_game,,,,,,,146.5,-110.0,-110.0
a0e863275ddb7962df9edc8e24269119,Fanatics,2025-11-25 15:12:34.983956+00:00,2025-11-25 15:12:09+00:00,2025-11-25 20:30:00+00:00,Kansas Jayhawks,Syracuse Orange,h2h,2h,-190.0,160.0,,,,,,,
a0e863275ddb7962df9edc8e24269119,Fanatics,2025-11-25 15:12:34.983956+00:00,2025-11-25 15:12:09+00:00,2025-11-25 20:30:00+00:00,Kansas Jayhawks,Syracuse Orange,spreads,full_game,,,-4.5,-110.0,4.5,-110.0,,,
a0e863275ddb7962df9edc8e24269119,Fanatics,2025-11-25 15:12:34.983956+00:00,2025-11-25 15:12:09+00:00,2025-11-25 20:30:00+00:00,Kansas Jayhawks,Syracuse Orange,totals,full_game,,,,,,,146.0,-110.0,-110.0
a0e863275ddb7962df9edc8e24269119,BetRivers,2025-11-25 15:12:34.983956+00:00,2025-11-25 15:11:57+00:00,2025-11-25 20:30:00+00:00,Kansas Jayhawks,Syracuse Orange,h2h,2h,-240.0,180.0,,,,,,,
a0e863275ddb7962df9edc8e24269119,BetRivers,2025-11-25 15:12:34.983956+00:00,2025-11-25 15:11:57+00:00,2025-11-25 20:30:00+00:00,Kansas Jayhawks,Syracuse Orange,spreads,full_game,,,-5.5,-109.0,5.5,-114.0,,,
a0e863275ddb7962df9edc8e24269119,BetRivers,2025-11-25 15:12:34.983956+00:00,2025-11-25 15:11:57+00:00,2025-11-25 20:30:00+00:00,Kansas Jayhawks,Syracuse Orange,totals,full_game,,,,,,,146.5,-110.0,-112.0
a0e863275ddb7962df9edc8e24269119,BetMGM,2025-11-25 15:12:34.983956+00:00,2025-11-25 15:11:57+00:00,2025-11-25 20:30:00+00:00,Kansas Jayhawks,Syracuse Orange,h2h,2h,-210.0,170.0,,,,,,,
a0e863275ddb7962df9edc8e24269119,BetMGM,2025-11-25 15:12:34.983956+00:00,2025-11-25 15:11:57+00:00,2025-11-25 20:30:00+00:00,Kansas Jayhawks,Syracuse Orange,spreads,full_game,,,-5.5,-110.0,5.5,-110.0,,,
a0e863275ddb7962df9edc8e24269119,BetMGM,2025-11-25 15:12:34.983956+00:00,2025-11-25 15:11:57+00:00,2025-11-25 20:30:00+00:00,Kansas Jayhawks,Syracuse Orange,totals,full_game,,,,,,,145.5,-105.0,-115.0
a0e863275ddb7962df9edc8e24269119,LowVig.ag,2025-11-25 15:12:34.983956+00:00,2025-11-25 15:12:23+00:00,2025-11-25 20:30:00+00:00,Kansas Jayhawks,Syracuse Orange,h2h,2h,-215.0,183.0,,,,,,,
a0e863275ddb7962df9edc8e24269119,LowVig.ag,2025-11-25 15:12:34.983956+00:00,2025-11-25 15:12:23+00:00,2025-11-25 20:30:00+00:00,Kansas Jayhawks,Syracuse Orange,spreads,full_game,,,-5.0,-111.0,5.0,-101.0,,,
a0e863275ddb7962df9edc8e24269119,LowVig.ag,2025-11-25 15:12:34.983956+00:00,2025-11-25 15:12:23+00:00,2025-11-25 20:30:00+00:00,Kansas Jayhawks,Syracuse Orange,totals,full_game,,,,,,,147.0,102.0,-119.0
a0e863275ddb7962df9edc8e24269119,BetOnline.ag,2025-11-25 15:12:34.983956+00:00,2025-11-25 15:12:11+00:00,2025-11-25 20:30:00+00:00,Kansas Jayhawks,Syracuse Orange,h2h,2h,-215.0,183.0,,,,,,,
a0e863275ddb7962df9edc8e24269119,BetOnline.ag,2025-11-25 15:12:34.983956+00:00,2025-11-25 15:12:11+00:00,2025-11-25 20:30:00+00:00,Kansas Jayhawks,Syracuse Orange,spreads,full_game,,,-5.0,-115.0,5.0,-105.0,,,
a0e863275ddb7962df9edc8e24269119,BetOnline.ag,2025-11-25 15:12:34.983956+00:00,2025-11-25 15:12:11+00:00,2025-11-25 20:30:00+00:00,Kansas Jayhawks,Syracuse Orange,totals,full_game,,,,,,,147.0,100.0,-120.0
a0e863275ddb7962df9edc8e24269119,BetUS,2025-11-25 15:12:34.983956+00:00,2025-11-25 15:11:31+00:00,2025-11-25 20:30:00+00:00,Kansas Jayhawks,Syracuse Orange,h2h,2h,-210.0,180.0,,,,,,,
a0e863275ddb7962df9edc8e24269119,BetUS,2025-11-25 15:12:34.983956+00:00,2025-11-25 15:11:31+00:00,2025-11-25 20:30:00+00:00,Kansas Jayhawks,Syracuse Orange,spreads,full_game,,,-5.5,-110.0,5.5,-110.0,,,
a0e863275ddb7962df9edc8e24269119,BetUS,2025-11-25 15:12:34.983956+00:00,2025-11-25 15:11:31+00:00,2025-11-25 20:30:00+00:00,Kansas Jayhawks,Syracuse Orange,totals,full_game,,,,,,,146.0,-110.0,-110.0
a0e863275ddb7962df9edc8e24269119,Bovada,2025-11-25 15:12:34.983956+00:00,2025-11-25 15:12:00+00:00,2025-11-25 20:30:00+00:00,Kansas Jayhawks,Syracuse Orange,h2h,2h,-165.0,140.0,,,,,,,
a0e863275ddb7962df9edc8e24269119,Bovada,2025-11-25 15:12:34.983956+00:00,2025-11-25 15:12:00+00:00,2025-11-25 20:30:00+00:00,Kansas Jayhawks,Syracuse Orange,spreads,full_game,,,-4.0,-105.0,4.0,-115.0,,,
a0e863275ddb7962df9edc8e24269119,Bovada,2025-11-25 15:12:34.983956+00:00,2025-11-25 15:12:00+00:00,2025-11-25 20:30:00+00:00,Kansas Jayhawks,Syracuse Orange,totals,full_game,,,,,,,147.0,-110.0,-110.0
f0603e3cb22c8c7ebf5fb0450f720944,DraftKings,2025-11-25 15:12:34.983956+00:00,2025-11-25 15:12:22+00:00,2025-11-25 21:00:00+00:00,Northern Iowa Panthers,Loyola (Chi) Ramblers,h2h,2h,-395.0,310.0,,,,,,,
f0603e3cb22c8c7ebf5fb0450f720944,DraftKings,2025-11-25 15:12:34.983956+00:00,2025-11-25 15:12:22+00:00,2025-11-25 21:00:00+00:00,Northern Iowa Panthers,Loyola (Chi) Ramblers,spreads,full_game,,,-7.5,-118.0,7.5,-102.0,,,
f0603e3cb22c8c7ebf5fb0450f720944,DraftKings,2025-11-25 15:12:34.983956+00:00,2025-11-25 15:12:22+00:00,2025-11-25 21:00:00+00:00,Northern Iowa Panthers,Loyola (Chi) Ramblers,totals,full_game,,,,,,,132.5,-115.0,-105.0
f0603e3cb22c8c7ebf5fb0450f720944,BetOnline.ag,2025-11-25 15:12:34.983956+00:00,2025-11-25 15:12:11+00:00,2025-11-25 21:00:00+00:00,Northern Iowa Panthers,Loyola (Chi) Ramblers,h2h,2h,-370.0,296.0,,,,,,,
f0603e3cb22c8c7ebf5fb0450f720944,BetOnline.ag,2025-11-25 15:12:34.983956+00:00,2025-11-25 15:12:11+00:00,2025-11-25 21:00:00+00:00,Northern Iowa Panthers,Loyola (Chi) Ramblers,spreads,full_game,,,-8.0,-110.0,8.0,-110.0,,,
f0603e3cb22c8c7ebf5fb0450f720944,BetOnline.ag,2025-11-25 15:12:34.983956+00:00,2025-11-25 15:12:11+00:00,2025-11-25 21:00:00+00:00,Northern Iowa Panthers,Loyola (Chi) Ramblers,totals,full_game,,,,,,,132.5,-110.0,-110.0
f0603e3cb22c8c7ebf5fb0450f720944,Fanatics,2025-11-25 15:12:34.983956+00:00,2025-11-25 15:12:09+00:00,2025-11-25 21:00:00+00:00,Northern Iowa Panthers,Loyola (Chi) Ramblers,h2h,2h,-400.0,310.0,,,,,,,
f0603e3cb22c8c7ebf5fb0450f720944,Fanatics,2025-11-25 15:12:34.983956+00:00,2025-11-25 15:12:09+00:00,2025-11-25 21:00:00+00:00,Northern Iowa Panthers,Loyola (Chi) Ramblers,spreads,full_game,,,-8.0,-110.0,8.0,-110.0,,,
f0603e3cb22c8c7ebf5fb0450f720944,Fanatics,2025-11-25 15:12:34.983956+00:00,2025-11-25 15:12:09+00:00,2025-11-25 21:00:00+00:00,Northern Iowa Panthers,Loyola (Chi) Ramblers,totals,full_game,,,,,,,133.5,-110.0,-110.0
f0603e3cb22c8c7ebf5fb0450f720944,LowVig.ag,2025-11-25 15:12:34.983956+00:00,2025-11-25 15:12:23+00:00,2025-11-25 21:00:00+00:00,Northern Iowa Panthers,Loyola (Chi) Ramblers,h2h,2h,-370.0,296.0,,,,,,,
f0603e3cb22c8c7ebf5fb0450f720944,LowVig.ag,2025-11-25 15:12:34.983956+00:00,2025-11-25 15:12:23+00:00,2025-11-25 21:00:00+00:00,Northern Iowa Panthers,Loyola (Chi) Ramblers,spreads,full_game,,,-8.0,-106.0,8.0,-106.0,,,
f0603e3cb22c8c7ebf5fb0450f720944,LowVig.ag,2025-11-25 15:12:34.983956+00:00,2025-11-25 15:12:23+00:00,2025-11-25 21:00:00+00:00,Northern Iowa Panthers,Loyola (Chi) Ramblers,totals,full_game,,,,,,,132.5,-108.0,-108.0
f0603e3cb22c8c7ebf5fb0450f720944,FanDuel,2025-11-25 15:12:34.983956+00:00,2025-11-25 15:12:24+00:00,2025-11-25 21:00:00+00:00,Northern Iowa Panthers,Loyola (Chi) Ramblers,h2h,2h,-365.0,285.0,,,,,,,
f0603e3cb22c8c7ebf5fb0450f720944,FanDuel,2025-11-25 15:12:34.983956+00:00,2025-11-25 15:12:24+00:00,2025-11-25 21:00:00+00:00,Northern Iowa Panthers,Loyola (Chi) Ramblers,spreads,full_game,,,-8.5,-102.0,8.5,-120.0,,,
f0603e3cb22c8c7ebf5fb0450f720944,FanDuel,2025-11-25 15:12:34.983956+00:00,2025-11-25 15:12:24+00:00,2025-11-25 21:00:00+00:00,Northern Iowa Panthers,Loyola (Chi) Ramblers,totals,full_game,,,,,,,133.5,-110.0,-110.0
f0603e3cb22c8c7ebf5fb0450f720944,Bovada,2025-11-25 15:12:34.983956+00:00,2025-11-25 15:12:00+00:00,2025-11-25 21:00:00+00:00,Northern Iowa Panthers,Loyola (Chi) Ramblers,h2h,2h,-430.0,320.0,,,,,,,
f0603e3cb22c8c7ebf5fb0450f720944,Bovada,2025-11-25 15:12:34.983956+00:00,2025-11-25 15:12:00+00:00,2025-11-25 21:00:00+00:00,Northern Iowa Panthers,Loyola (Chi) Ramblers,spreads,full_game,,,-8.0,-115.0,8.0,-105.0,,,
f0603e3cb22c8c7ebf5fb0450f720944,Bovada,2025-11-25 15:12:34.983956+00:00,2025-11-25 15:12:00+00:00,2025-11-25 21:00:00+00:00,Northern Iowa Panthers,Loyola (Chi) Ramblers,totals,full_game,,,,,,,136.0,-110.0,-110.0
f0603e3cb22c8c7ebf5fb0450f720944,BetUS,2025-11-25 15:12:34.983956+00:00,2025-11-25 15:11:32+00:00,2025-11-25 21:00:00+00:00,Northern Iowa Panthers,Loyola (Chi) Ramblers,h2h,2h,-370.0,295.0,,,,,,,
f0603e3cb22c8c7ebf5fb0450f720944,BetUS,2025-11-25 15:12:34.983956+00:00,2025-11-25 15:11:32+00:00,2025-11-25 21:00:00+00:00,Northern Iowa Panthers,Loyola (Chi) Ramblers,spreads,full_game,,,-8.0,-110.0,8.0,-110.0,,,
f0603e3cb22c8c7ebf5fb0450f720944,BetUS,2025-11-25 15:12:34.983956+00:00,2025-11-25 15:11:32+00:00,2025-11-25 21:00:00+00:00,Northern Iowa Panthers,Loyola (Chi) Ramblers,totals,full_game,,,,,,,133.0,-110.0,-110.0
f0603e3cb22c8c7ebf5fb0450f720944,BetRivers,2025-11-25 15:12:34.983956+00:00,2025-11-25 15:11:57+00:00,2025-11-25 21:00:00+00:00,Northern Iowa Panthers,Loyola (Chi) Ramblers,h2h,2h,-435.0,300.0,,,,,,,
f0603e3cb22c8c7ebf5fb0450f720944,BetRivers,2025-11-25 15:12:34.983956+00:00,2025-11-25 15:11:57+00:00,2025-11-25 21:00:00+00:00,Northern Iowa Panthers,Loyola (Chi) Ramblers,spreads,full_game,,,-7.5,-120.0,7.5,-107.0,,,
f0603e3cb22c8c7ebf5fb0450f720944,BetRivers,2025-11-25 15:12:34.983956+00:00,2025-11-25 15:11:57+00:00,2025-11-25 21:00:00+00:00,Northern Iowa Panthers,Loyola (Chi) Ramblers,totals,full_game,,,,,,,133.5,-108.0,-117.0
f0603e3cb22c8c7ebf5fb0450f720944,BetMGM,2025-11-25 15:12:34.983956+00:00,2025-11-25 15:11:57+00:00,2025-11-25 21:00:00+00:00,Northern Iowa Panthers,Loyola (Chi) Ramblers,h2h,2h,-375.0,290.0,,,,,,,
f0603e3cb22c8c7ebf5fb0450f720944,BetMGM,2025-11-25 15:12:34.983956+00:00,2025-11-25 15:11:57+00:00,2025-11-25 21:00:00+00:00,Northern Iowa Panthers,Loyola (Chi) Ramblers,spreads,full_game,,,-7.5,-115.0,7.5,-105.0,,,
f0603e3cb22c8c7ebf5fb0450f720944,BetMGM,2025-11-25 15:12:34.983956+00:00,2025-11-25 15:11:57+00:00,2025-11-25 21:00:00+00:00,Northern Iowa Panthers,Loyola (Chi) Ramblers,totals,full_game,,,,,,,133.5,-110.0,-110.0
2031580fa482c87c8433d0451754efe0,DraftKings,2025-11-25 15:12:34.983956+00:00,2025-11-25 15:12:22+00:00,2025-11-25 21:00:00+00:00,UAB Blazers,UTEP Miners,spreads,full_game,,,-8.5,-102.0,8.5,-118.0,,,
2031580fa482c87c8433d0451754efe0,DraftKings,2025-11-25 15:12:34.983956+00:00,2025-11-25 15:12:22+00:00,2025-11-25 21:00:00+00:00,UAB Blazers,UTEP Miners,totals,full_game,,,,,,,147.5,-105.0,-115.0
2031580fa482c87c8433d0451754efe0,Fanatics,2025-11-25 15:12:34.983956+00:00,2025-11-25 15:12:09+00:00,2025-11-25 21:00:00+00:00,UAB Blazers,UTEP Miners,h2h,2h,-375.0,300.0,,,,,,,
2031580fa482c87c8433d0451754efe0,Fanatics,2025-11-25 15:12:34.983956+00:00,2025-11-25 15:12:09+00:00,2025-11-25 21:00:00+00:00,UAB Blazers,UTEP Miners,spreads,full_game,,,-8.0,-110.0,8.0,-110.0,,,
2031580fa482c87c8433d0451754efe0,Fanatics,2025-11-25 15:12:34.983956+00:00,2025-11-25 15:12:09+00:00,2025-11-25 21:00:00+00:00,UAB Blazers,UTEP Miners,totals,full_game,,,,,,,147.5,-110.0,-110.0
2031580fa482c87c8433d0451754efe0,FanDuel,2025-11-25 15:12:34.983956+00:00,2025-11-25 15:12:25+00:00,2025-11-25 21:00:00+00:00,UAB Blazers,UTEP Miners,h2h,2h,-420.0,310.0,,,,,,,
2031580fa482c87c8433d0451754efe0,FanDuel,2025-11-25 15:12:34.983956+00:00,2025-11-25 15:12:25+00:00,2025-11-25 21:00:00+00:00,UAB Blazers,UTEP Miners,spreads,full_game,,,-8.5,-104.0,8.5,-118.0,,,
2031580fa482c87c8433d0451754efe0,FanDuel,2025-11-25 15:12:34.983956+00:00,2025-11-25 15:12:25+00:00,2025-11-25 21:00:00+00:00,UAB Blazers,UTEP Miners,totals,full_game,,,,,,,147.5,-108.0,-112.0
2031580fa482c87c8433d0451754efe0,LowVig.ag,2025-11-25 15:12:34.983956+00:00,2025-11-25 15:12:23+00:00,2025-11-25 21:00:00+00:00,UAB Blazers,UTEP Miners,h2h,2h,-380.0,303.0,,,,,,,
2031580fa482c87c8433d0451754efe0,LowVig.ag,2025-11-25 15:12:34.983956+00:00,2025-11-25 15:12:23+00:00,2025-11-25 21:00:00+00:00,UAB Blazers,UTEP Miners,spreads,full_game,,,-8.0,-111.0,8.0,-101.0,,,
2031580fa482c87c8433d0451754efe0,LowVig.ag,2025-11-25 15:12:34.983956+00:00,2025-11-25 15:12:23+00:00,2025-11-25 21:00:00+00:00,UAB Blazers,UTEP Miners,totals,full_game,,,,,,,147.5,-108.0,-108.0
2031580fa482c87c8433d0451754efe0,BetOnline.ag,2025-11-25 15:12:34.983956+00:00,2025-11-25 15:12:11+00:00,2025-11-25 21:00:00+00:00,UAB Blazers,UTEP Miners,h2h,2h,-380.0,303.0,,,,,,,
2031580fa482c87c8433d0451754efe0,BetOnline.ag,2025-11-25 15:12:34.983956+00:00,2025-11-25 15:12:11+00:00,2025-11-25 21:00:00+00:00,UAB Blazers,UTEP Miners,spreads,full_game,,,-8.0,-115.0,8.0,-105.0,,,
2031580fa482c87c8433d0451754efe0,BetOnline.ag,2025-11-25 15:12:34.983956+00:00,2025-11-25 15:12:11+00:00,2025-11-25 21:00:00+00:00,UAB Blazers,UTEP Miners,totals,full_game,,,,,,,147.5,-110.0,-110.0
2031580fa482c87c8433d0451754efe0,Caesars,2025-11-25 15:12:34.983956+00:00,2025-11-25 15:10:44+00:00,2025-11-25 21:00:00+00:00,UAB Blazers,UTEP Miners,h2h,2h,-400.0,310.0,,,,,,,
2031580fa482c87c8433d0451754efe0,Caesars,2025-11-25 15:12:34.983956+00:00,2025-11-25 15:10:44+00:00,2025-11-25 21:00:00+00:00,UAB Blazers,UTEP Miners,spreads,full_game,,,-8.0,-110.0,8.0,-110.0,,,
2031580fa482c87c8433d0451754efe0,Caesars,2025-11-25 15:12:34.983956+00:00,2025-11-25 15:10:44+00:00,2025-11-25 21:00:00+00:00,UAB Blazers,UTEP Miners,totals,full_game,,,,,,,147.5,-110.0,-110.0
2031580fa482c87c8433d0451754efe0,BetRivers,2025-11-25 15:12:34.983956+00:00,2025-11-25 15:11:57+00:00,2025-11-25 21:00:00+00:00,UAB Blazers,UTEP Miners,h2h,2h,-375.0,270.0,,,,,,,
2031580fa482c87c8433d0451754efe0,BetRivers,2025-11-25 15:12:34.983956+00:00,2025-11-25 15:11:57+00:00,2025-11-25 21:00:00+00:00,UAB Blazers,UTEP Miners,spreads,full_game,,,-8.5,-112.0,8.5,-114.0,,,
2031580fa482c87c8433d0451754efe0,BetRivers,2025-11-25 15:12:34.983956+00:00,2025-11-25 15:11:57+00:00,2025-11-25 21:00:00+00:00,UAB Blazers,UTEP Miners,totals,full_game,,,,,,,147.5,-113.0,-113.0
2031580fa482c87c8433d0451754efe0,BetMGM,2025-11-25 15:12:34.983956+00:00,2025-11-25 15:11:57+00:00,2025-11-25 21:00:00+00:00,UAB Blazers,UTEP Miners,h2h,2h,-375.0,300.0,,,,,,,
2031580fa482c87c8433d0451754efe0,BetMGM,2025-11-25 15:12:34.983956+00:00,2025-11-25 15:11:57+00:00,2025-11-25 21:00:00+00:00,UAB Blazers,UTEP Miners,spreads,full_game,,,-8.5,-105.0,8.5,-115.0,,,
2031580fa482c87c8433d0451754efe0,BetMGM,2025-11-25 15:12:34.983956+00:00,2025-11-25 15:11:57+00:00,2025-11-25 21:00:00+00:00,UAB Blazers,UTEP Miners,totals,full_game,,,,,,,147.5,-110.0,-110.0
2031580fa482c87c8433d0451754efe0,BetUS,2025-11-25 15:12:34.983956+00:00,2025-11-25 15:11:31+00:00,2025-11-25 21:00:00+00:00,UAB Blazers,UTEP Miners,h2h,2h,-380.0,305.0,,,,,,,
2031580fa482c87c8433d0451754efe0,BetUS,2025-11-25 15:12:34.983956+00:00,2025-11-25 15:11:31+00:00,2025-11-25 21:00:00+00:00,UAB Blazers,UTEP Miners,spreads,full_game,,,-8.0,-110.0,8.0,-110.0,,,
2031580fa482c87c8433d0451754efe0,BetUS,2025-11-25 15:12:34.983956+00:00,2025-11-25 15:11:31+00:00,2025-11-25 21:00:00+00:00,UAB Blazers,UTEP Miners,totals,full_game,,,,,,,147.5,-110.0,-110.0
2031580fa482c87c8433d0451754efe0,Bovada,2025-11-25 15:12:34.983956+00:00,2025-11-25 15:12:00+00:00,2025-11-25 21:00:00+00:00,UAB Blazers,UTEP Miners,h2h,2h,-390.0,295.0,,,,,,,
2031580fa482c87c8433d0451754efe0,Bovada,2025-11-25 15:12:34.983956+00:00,2025-11-25 15:12:00+00:00,2025-11-25 21:00:00+00:00,UAB Blazers,UTEP Miners,spreads,full_game,,,-8.5,-105.0,8.5,-115.0,,,
2031580fa482c87c8433d0451754efe0,Bovada,2025-11-25 15:12:34.983956+00:00,2025-11-25 15:12:00+00:00,2025-11-25 21:00:00+00:00,UAB Blazers,UTEP Miners,totals,full_game,,,,,,,146.5,-110.0,-110.0
be1c87f28714b3d07d2823b342af9be1,DraftKings,2025-11-25 15:12:34.983956+00:00,2025-11-25 15:12:22+00:00,2025-11-25 21:30:00+00:00,Baylor Bears,St. John's Red Storm,h2h,2h,210.0,-258.0,,,,,,,
be1c87f28714b3d07d2823b342af9be1,DraftKings,2025-11-25 15:12:34.983956+00:00,2025-11-25 15:12:22+00:00,2025-11-25 21:30:00+00:00,Baylor Bears,St. John's Red Storm,spreads,full_game,,,6.5,-112.0,-6.5,-108.0,,,
be1c87f28714b3d07d2823b342af9be1,DraftKings,2025-11-25 15:12:34.983956+00:00,2025-11-25 15:12:22+00:00,2025-11-25 21:30:00+00:00,Baylor Bears,St. John's Red Storm,totals,full_game,,,,,,,162.5,-112.0,-108.0
be1c87f28714b3d07d2823b342af9be1,FanDuel,2025-11-25 15:12:34.983956+00:00,2025-11-25 15:12:25+00:00,2025-11-25 21:30:00+00:00,Baylor Bears,St. John's Red Storm,h2h,2h,225.0,-280.0,,,,,,,
be1c87f28714b3d07d2823b342af9be1,FanDuel,2025-11-25 15:12:34.983956+00:00,2025-11-25 15:12:25+00:00,2025-11-25 21:30:00+00:00,Baylor Bears,St. John's Red Storm,spreads,full_game,,,6.5,-115.0,-6.5,-105.0,,,
be1c87f28714b3d07d2823b342af9be1,FanDuel,2025-11-25 15:12:34.983956+00:00,2025-11-25 15:12:25+00:00,2025-11-25 21:30:00+00:00,Baylor Bears,St. John's Red Storm,totals,full_game,,,,,,,162.5,-110.0,-110.0
be1c87f28714b3d07d2823b342af9be1,Caesars,2025-11-25 15:12:34.983956+00:00,2025-11-25 15:10:44+00:00,2025-11-25 21:30:00+00:00,Baylor Bears,St. John's Red Storm,h2h,2h,210.0,-260.0,,,,,,,
be1c87f28714b3d07d2823b342af9be1,Caesars,2025-11-25 15:12:34.983956+00:00,2025-11-25 15:10:44+00:00,2025-11-25 21:30:00+00:00,Baylor Bears,St. John's Red Storm,spreads,full_game,,,6.5,-110.0,-6.5,-110.0,,,
be1c87f28714b3d07d2823b342af9be1,Caesars,2025-11-25 15:12:34.983956+00:00,2025-11-25 15:10:44+00:00,2025-11-25 21:30:00+00:00,Baylor Bears,St. John's Red Storm,totals,full_game,,,,,,,162.5,-110.0,-110.0
be1c87f28714b3d07d2823b342af9be1,BetRivers,2025-11-25 15:12:34.983956+00:00,2025-11-25 15:11:57+00:00,2025-11-25 21:30:00+00:00,Baylor Bears,St. John's Red Storm,h2h,2h,205.0,-278.0,,,,,,,
be1c87f28714b3d07d2823b342af9be1,BetRivers,2025-11-25 15:12:34.983956+00:00,2025-11-25 15:11:57+00:00,2025-11-25 21:30:00+00:00,Baylor Bears,St. John's Red Storm,spreads,full_game,,,6.5,-114.0,-6.5,-109.0,,,
be1c87f28714b3d07d2823b342af9be1,BetRivers,2025-11-25 15:12:34.983956+00:00,2025-11-25 15:11:57+00:00,2025-11-25 21:30:00+00:00,Baylor Bears,St. John's Red Storm,totals,full_game,,,,,,,163.0,-109.0,-113.0
be1c87f28714b3d07d2823b342af9be1,Fanatics,2025-11-25 15:12:34.983956+00:00,2025-11-25 15:12:09+00:00,2025-11-25 21:30:00+00:00,Baylor Bears,St. John's Red Storm,h2h,2h,200.0,-250.0,,,,,,,
be1c87f28714b3d07d2823b342af9be1,Fanatics,2025-11-25 15:12:34.983956+00:00,2025-11-25 15:12:09+00:00,2025-11-25 21:30:00+00:00,Baylor Bears,St. John's Red Storm,spreads,full_game,,,6.5,-110.0,-6.5,-110.0,,,
be1c87f28714b3d07d2823b342af9be1,Fanatics,2025-11-25 15:12:34.983956+00:00,2025-11-25 15:12:09+00:00,2025-11-25 21:30:00+00:00,Baylor Bears,St. John's Red Storm,totals,full_game,,,,,,,162.5,-110.0,-110.0
be1c87f28714b3d07d2823b342af9be1,BetMGM,2025-11-25 15:12:34.983956+00:00,2025-11-25 15:11:57+00:00,2025-11-25 21:30:00+00:00,Baylor Bears,St. John's Red Storm,h2h,2h,220.0,-275.0,,,,,,,
be1c87f28714b3d07d2823b342af9be1,BetMGM,2025-11-25 15:12:34.983956+00:00,2025-11-25 15:11:57+00:00,2025-11-25 21:30:00+00:00,Baylor Bears,St. John's Red Storm,totals,full_game,,,,,,,162.5,-110.0,-110.0
be1c87f28714b3d07d2823b342af9be1,LowVig.ag,2025-11-25 15:12:34.983956+00:00,2025-11-25 15:12:23+00:00,2025-11-25 21:30:00+00:00,Baylor Bears,St. John's Red Storm,h2h,2h,211.0,-255.0,,,,,,,
be1c87f28714b3d07d2823b342af9be1,LowVig.ag,2025-11-25 15:12:34.983956+00:00,2025-11-25 15:12:23+00:00,2025-11-25 21:30:00+00:00,Baylor Bears,St. John's Red Storm,spreads,full_game,,,6.0,-101.0,-6.0,-111.0,,,
be1c87f28714b3d07d2823b342af9be1,LowVig.ag,2025-11-25 15:12:34.983956+00:00,2025-11-25 15:12:23+00:00,2025-11-25 21:30:00+00:00,Baylor Bears,St. John's Red Storm,totals,full_game,,,,,,,162.5,-108.0,-108.0
be1c87f28714b3d07d2823b342af9be1,BetOnline.ag,2025-11-25 15:12:34.983956+00:00,2025-11-25 15:12:11+00:00,2025-11-25 21:30:00+00:00,Baylor Bears,St. John's Red Storm,h2h,2h,211.0,-255.0,,,,,,,
be1c87f28714b3d07d2823b342af9be1,BetOnline.ag,2025-11-25 15:12:34.983956+00:00,2025-11-25 15:12:11+00:00,2025-11-25 21:30:00+00:00,Baylor Bears,St. John's Red Storm,spreads,full_game,,,6.0,-105.0,-6.0,-115.0,,,
be1c87f28714b3d07d2823b342af9be1,BetOnline.ag,2025-11-25 15:12:34.983956+00:00,2025-11-25 15:12:11+00:00,2025-11-25 21:30:00+00:00,Baylor Bears,St. John's Red Storm,totals,full_game,,,,,,,162.5,-110.0,-110.0
be1c87f28714b3d07d2823b342af9be1,BetUS,2025-11-25 15:12:34.983956+00:00,2025-11-25 15:11:31+00:00,2025-11-25 21:30:00+00:00,Baylor Bears,St. John's Red Storm,h2h,2h,215.0,-255.0,,,,,,,
be1c87f28714b3d07d2823b342af9be1,BetUS,2025-11-25 15:12:34.983956+00:00,2025-11-25 15:11:31+00:00,2025-11-25 21:30:00+00:00,Baylor Bears,St. John's Red Storm,spreads,full_game,,,6.5,-110.0,-6.5,-110.0,,,
be1c87f28714b3d07d2823b342af9be1,BetUS,2025-11-25 15:12:34.983956+00:00,2025-11-25 15:11:31+00:00,2025-11-25 21:30:00+00:00,Baylor Bears,St. John's Red Storm,totals,full_game,,,,,,,162.5,-110.0,-110.0
be1c87f28714b3d07d2823b342af9be1,Bovada,2025-11-25 15:12:34.983956+00:00,2025-11-25 15:12:00+00:00,2025-11-25 21:30:00+00:00,Baylor Bears,St. John's Red Storm,h2h,2h,190.0,-230.0,,,,,,,
be1c87f28714b3d07d2823b342af9be1,Bovada,2025-11-25 15:12:34.983956+00:00,2025-11-25 15:12:00+00:00,2025-11-25 21:30:00+00:00,Baylor Bears,St. John's Red Storm,spreads,full_game,,,5.5,-110.0,-5.5,-110.0,,,
be1c87f28714b3d07d2823b342af9be1,Bovada,2025-11-25 15:12:34.983956+00:00,2025-11-25 15:12:00+00:00,2025-11-25 21:30:00+00:00,Baylor Bears,St. John's Red Storm,totals,full_game,,,,,,,162.5,-105.0,-115.0
f03d2b52b077e24ffa674463fd3bf9bb,DraftKings,2025-11-25 15:12:34.983956+00:00,2025-11-25 15:12:22+00:00,2025-11-25 21:30:00+00:00,Oral Roberts Golden Eagles,Kennesaw St Owls,spreads,full_game,,,7.5,-112.0,-7.5,-108.0,,,
f03d2b52b077e24ffa674463fd3bf9bb,DraftKings,2025-11-25 15:12:34.983956+00:00,2025-11-25 15:12:22+00:00,2025-11-25 21:30:00+00:00,Oral Roberts Golden Eagles,Kennesaw St Owls,totals,full_game,,,,,,,171.5,-110.0,-110.0
f03d2b52b077e24ffa674463fd3bf9bb,Fanatics,2025-11-25 15:12:34.983956+00:00,2025-11-25 15:12:09+00:00,2025-11-25 21:30:00+00:00,Oral Roberts Golden Eagles,Kennesaw St Owls,h2h,2h,250.0,-325.0,,,,,,,
f03d2b52b077e24ffa674463fd3bf9bb,Fanatics,2025-11-25 15:12:34.983956+00:00,2025-11-25 15:12:09+00:00,2025-11-25 21:30:00+00:00,Oral Roberts Golden Eagles,Kennesaw St Owls,spreads,full_game,,,7.5,-110.0,-7.5,-110.0,,,
f03d2b52b077e24ffa674463fd3bf9bb,Fanatics,2025-11-25 15:12:34.983956+00:00,2025-11-25 15:12:09+00:00,2025-11-25 21:30:00+00:00,Oral Roberts Golden Eagles,Kennesaw St Owls,totals,full_game,,,,,,,171.5,-110.0,-110.0
f03d2b52b077e24ffa674463fd3bf9bb,FanDuel,2025-11-25 15:12:34.983956+00:00,2025-11-25 15:12:25+00:00,2025-11-25 21:30:00+00:00,Oral Roberts Golden Eagles,Kennesaw St Owls,h2h,2h,270.0,-355.0,,,,,,,
f03d2b52b077e24ffa674463fd3bf9bb,FanDuel,2025-11-25 15:12:34.983956+00:00,2025-11-25 15:12:25+00:00,2025-11-25 21:30:00+00:00,Oral Roberts Golden Eagles,Kennesaw St Owls,spreads,full_game,,,7.5,-114.0,-7.5,-106.0,,,
f03d2b52b077e24ffa674463fd3bf9bb,FanDuel,2025-11-25 15:12:34.983956+00:00,2025-11-25 15:12:25+00:00,2025-11-25 21:30:00+00:00,Oral Roberts Golden Eagles,Kennesaw St Owls,totals,full_game,,,,,,,171.5,-112.0,-112.0
f03d2b52b077e24ffa674463fd3bf9bb,LowVig.ag,2025-11-25 15:12:34.983956+00:00,2025-11-25 15:12:23+00:00,2025-11-25 21:30:00+00:00,Oral Roberts Golden Eagles,Kennesaw St Owls,h2h,2h,256.0,-315.0,,,,,,,
f03d2b52b077e24ffa674463fd3bf9bb,LowVig.ag,2025-11-25 15:12:34.983956+00:00,2025-11-25 15:12:23+00:00,2025-11-25 21:30:00+00:00,Oral Roberts Golden Eagles,Kennesaw St Owls,spreads,full_game,,,7.5,-106.0,-7.5,-106.0,,,
f03d2b52b077e24ffa674463fd3bf9bb,LowVig.ag,2025-11-25 15:12:34.983956+00:00,2025-11-25 15:12:23+00:00,2025-11-25 21:30:00+00:00,Oral Roberts Golden Eagles,Kennesaw St Owls,totals,full_game,,,,,,,170.5,-108.0,-108.0
f03d2b52b077e24ffa674463fd3bf9bb,BetOnline.ag,2025-11-25 15:12:34.983956+00:00,2025-11-25 15:12:11+00:00,2025-11-25 21:30:00+00:00,Oral Roberts Golden Eagles,Kennesaw St Owls,h2h,2h,256.0,-315.0,,,,,,,
f03d2b52b077e24ffa674463fd3bf9bb,BetOnline.ag,2025-11-25 15:12:34.983956+00:00,2025-11-25 15:12:11+00:00,2025-11-25 21:30:00+00:00,Oral Roberts Golden Eagles,Kennesaw St Owls,spreads,full_game,,,7.5,-110.0,-7.5,-110.0,,,
f03d2b52b077e24ffa674463fd3bf9bb,BetOnline.ag,2025-11-25 15:12:34.983956+00:00,2025-11-25 15:12:11+00:00,2025-11-25 21:30:00+00:00,Oral Roberts Golden Eagles,Kennesaw St Owls,totals,full_game,,,,,,,170.5,-110.0,-110.0
f03d2b52b077e24ffa674463fd3bf9bb,Caesars,2025-11-25 15:12:34.983956+00:00,2025-11-25 15:10:44+00:00,2025-11-25 21:30:00+00:00,Oral Roberts Golden Eagles,Kennesaw St Owls,h2h,2h,260.0,-335.0,,,,,,,
f03d2b52b077e24ffa674463fd3bf9bb,Caesars,2025-11-25 15:12:34.983956+00:00,2025-11-25 15:10:44+00:00,2025-11-25 21:30:00+00:00,Oral Roberts Golden Eagles,Kennesaw St Owls,spreads,full_game,,,7.5,-110.0,-7.5,-110.0,,,
f03d2b52b077e24ffa674463fd3bf9bb,Caesars,2025-11-25 15:12:34.983956+00:00,2025-11-25 15:10:44+00:00,2025-11-25 21:30:00+00:00,Oral Roberts Golden Eagles,Kennesaw St Owls,totals,full_game,,,,,,,171.5,-110.0,-110.0
f03d2b52b077e24ffa674463fd3bf9bb,BetRivers,2025-11-25 15:12:34.983956+00:00,2025-11-25 15:11:57+00:00,2025-11-25 21:30:00+00:00,Oral Roberts Golden Eagles,Kennesaw St Owls,h2h,2h,255.0,-345.0,,,,,,,
f03d2b52b077e24ffa674463fd3bf9bb,BetRivers,2025-11-25 15:12:34.983956+00:00,2025-11-25 15:11:57+00:00,2025-11-25 21:30:00+00:00,Oral Roberts Golden Eagles,Kennesaw St Owls,spreads,full_game,,,7.5,-106.0,-7.5,-120.0,,,
f03d2b52b077e24ffa674463fd3bf9bb,BetRivers,2025-11-25 15:12:34.983956+00:00,2025-11-25 15:11:57+00:00,2025-11-25 21:30:00+00:00,Oral Roberts Golden Eagles,Kennesaw St Owls,totals,full_game,,,,,,,171.5,-117.0,-109.0
f03d2b52b077e24ffa674463fd3bf9bb,BetMGM,2025-11-25 15:12:34.983956+00:00,2025-11-25 15:11:57+00:00,2025-11-25 21:30:00+00:00,Oral Roberts Golden Eagles,Kennesaw St Owls,h2h,2h,240.0,-300.0,,,,,,,
f03d2b52b077e24ffa674463fd3bf9bb,BetMGM,2025-11-25 15:12:34.983956+00:00,2025-11-25 15:11:57+00:00,2025-11-25 21:30:00+00:00,Oral Roberts Golden Eagles,Kennesaw St Owls,spreads,full_game,,,7.5,-115.0,-7.5,-105.0,,,
f03d2b52b077e24ffa674463fd3bf9bb,BetMGM,2025-11-25 15:12:34.983956+00:00,2025-11-25 15:11:57+00:00,2025-11-25 21:30:00+00:00,Oral Roberts Golden Eagles,Kennesaw St Owls,totals,full_game,,,,,,,170.5,-110.0,-110.0
f03d2b52b077e24ffa674463fd3bf9bb,BetUS,2025-11-25 15:12:34.983956+00:00,2025-11-25 15:11:31+00:00,2025-11-25 21:30:00+00:00,Oral Roberts Golden Eagles,Kennesaw St Owls,h2h,2h,275.0,-340.0,,,,,,,
f03d2b52b077e24ffa674463fd3bf9bb,BetUS,2025-11-25 15:12:34.983956+00:00,2025-11-25 15:11:31+00:00,2025-11-25 21:30:00+00:00,Oral Roberts Golden Eagles,Kennesaw St Owls,spreads,full_game,,,7.5,-110.0,-7.5,-110.0,,,
f03d2b52b077e24ffa674463fd3bf9bb,BetUS,2025-11-25 15:12:34.983956+00:00,2025-11-25 15:11:31+00:00,2025-11-25 21:30:00+00:00,Oral Roberts Golden Eagles,Kennesaw St Owls,totals,full_game,,,,,,,171.0,-110.0,-110.0
f03d2b52b077e24ffa674463fd3bf9bb,Bovada,2025-11-25 15:12:34.983956+00:00,2025-11-25 15:12:00+00:00,2025-11-25 21:30:00+00:00,Oral Roberts Golden Eagles,Kennesaw St Owls,h2h,2h,275.0,-350.0,,,,,,,
f03d2b52b077e24ffa674463fd3bf9bb,Bovada,2025-11-25 15:12:34.983956+00:00,2025-11-25 15:12:00+00:00,2025-11-25 21:30:00+00:00,Oral Roberts Golden Eagles,Kennesaw St Owls,spreads,full_game,,,7.5,-110.0,-7.5,-110.0,,,
f03d2b52b077e24ffa674463fd3bf9bb,Bovada,2025-11-25 15:12:34.983956+00:00,2025-11-25 15:12:00+00:00,2025-11-25 21:30:00+00:00,Oral Roberts Golden Eagles,Kennesaw St Owls,totals,full_game,,,,,,,171.5,-110.0,-110.0
f84c0ab445879ff33e706cf137b61d38,DraftKings,2025-11-25 15:12:34.983956+00:00,2025-11-25 15:12:22+00:00,2025-11-25 22:00:00+00:00,McNeese Cowboys,Middle Tennessee Blue Raiders,spreads,full_game,,,-7.5,-110.0,7.5,-110.0,,,
f84c0ab445879ff33e706cf137b61d38,DraftKings,2025-11-25 15:12:34.983956+00:00,2025-11-25 15:12:22+00:00,2025-11-25 22:00:00+00:00,McNeese Cowboys,Middle Tennessee Blue Raiders,totals,full_game,,,,,,,149.5,-105.0,-115.0
f84c0ab445879ff33e706cf137b61d38,Fanatics,2025-11-25 15:12:34.983956+00:00,2025-11-25 15:12:09+00:00,2025-11-25 22:00:00+00:00,McNeese Cowboys,Middle Tennessee Blue Raiders,h2h,2h,-350.0,260.0,,,,,,,
f84c0ab445879ff33e706cf137b61d38,Fanatics,2025-11-25 15:12:34.983956+00:00,2025-11-25 15:12:09+00:00,2025-11-25 22:00:00+00:00,McNeese Cowboys,Middle Tennessee Blue Raiders,spreads,full_game,,,-7.5,-110.0,7.5,-110.0,,,
f84c0ab445879ff33e706cf137b61d38,Fanatics,2025-11-25 15:12:34.983956+00:00,2025-11-25 15:12:09+00:00,2025-11-25 22:00:00+00:00,McNeese Cowboys,Middle Tennessee Blue Raiders,totals,full_game,,,,,,,149.0,-110.0,-110.0
f84c0ab445879ff33e706cf137b61d38,BetRivers,2025-11-25 15:12:34.983956+00:00,2025-11-25 15:11:57+00:00,2025-11-25 22:00:00+00:00,McNeese Cowboys,Middle Tennessee Blue Raiders,h2h,2h,-315.0,230.0,,,,,,,
f84c0ab445879ff33e706cf137b61d38,BetRivers,2025-11-25 15:12:34.983956+00:00,2025-11-25 15:11:57+00:00,2025-11-25 22:00:00+00:00,McNeese Cowboys,Middle Tennessee Blue Raiders,spreads,full_game,,,-7.5,-110.0,7.5,-115.0,,,
f84c0ab445879ff33e706cf137b61d38,BetRivers,2025-11-25 15:12:34.983956+00:00,2025-11-25 15:11:57+00:00,2025-11-25 22:00:00+00:00,McNeese Cowboys,Middle Tennessee Blue Raiders,totals,full_game,,,,,,,149.5,-110.0,-115.0
f84c0ab445879ff33e706cf137b61d38,Caesars,2025-11-25 15:12:34.983956+00:00,2025-11-25 15:10:44+00:00,2025-11-25 22:00:00+00:00,McNeese Cowboys,Middle Tennessee Blue Raiders,spreads,full_game,,,-7.5,-110.0,7.5,-110.0,,,
f84c0ab445879ff33e706cf137b61d38,Caesars,2025-11-25 15:12:34.983956+00:00,2025-11-25 15:10:44+00:00,2025-11-25 22:00:00+00:00,McNeese Cowboys,Middle Tennessee Blue Raiders,totals,full_game,,,,,,,149.0,-110.0,-110.0
f84c0ab445879ff33e706cf137b61d38,FanDuel,2025-11-25 15:12:34.983956+00:00,2025-11-25 15:12:25+00:00,2025-11-25 22:00:00+00:00,McNeese Cowboys,Middle Tennessee Blue Raiders,h2h,2h,-350.0,265.0,,,,,,,
f84c0ab445879ff33e706cf137b61d38,FanDuel,2025-11-25 15:12:34.983956+00:00,2025-11-25 15:12:25+00:00,2025-11-25 22:00:00+00:00,McNeese Cowboys,Middle Tennessee Blue Raiders,spreads,full_game,,,-7.5,-106.0,7.5,-114.0,,,
f84c0ab445879ff33e706cf137b61d38,FanDuel,2025-11-25 15:12:34.983956+00:00,2025-11-25 15:12:25+00:00,2025-11-25 22:00:00+00:00,McNeese Cowboys,Middle Tennessee Blue Raiders,totals,full_game,,,,,,,149.5,-112.0,-112.0
f84c0ab445879ff33e706cf137b61d38,LowVig.ag,2025-11-25 15:12:34.983956+00:00,2025-11-25 15:12:23+00:00,2025-11-25 22:00:00+00:00,McNeese Cowboys,Middle Tennessee Blue Raiders,spreads,full_game,,,-7.5,-106.0,7.5,-106.0,,,
f84c0ab445879ff33e706cf137b61d38,LowVig.ag,2025-11-25 15:12:34.983956+00:00,2025-11-25 15:12:23+00:00,2025-11-25 22:00:00+00:00,McNeese Cowboys,Middle Tennessee Blue Raiders,totals,full_game,,,,,,,149.0,-108.0,-108.0
f84c0ab445879ff33e706cf137b61d38,BetOnline.ag,2025-11-25 15:12:34.983956+00:00,2025-11-25 15:12:11+00:00,2025-11-25 22:00:00+00:00,McNeese Cowboys,Middle Tennessee Blue Raiders,spreads,full_game,,,-7.5,-110.0,7.5,-110.0,,,
f84c0ab445879ff33e706cf137b61d38,BetOnline.ag,2025-11-25 15:12:34.983956+00:00,2025-11-25 15:12:11+00:00,2025-11-25 22:00:00+00:00,McNeese Cowboys,Middle Tennessee Blue Raiders,totals,full_game,,,,,,,149.0,-110.0,-110.0
f84c0ab445879ff33e706cf137b61d38,BetMGM,2025-11-25 15:12:34.983956+00:00,2025-11-25 15:11:57+00:00,2025-11-25 22:00:00+00:00,McNeese Cowboys,Middle Tennessee Blue Raiders,h2h,2h,-325.0,260.0,,,,,,,
f84c0ab445879ff33e706cf137b61d38,BetMGM,2025-11-25 15:12:34.983956+00:00,2025-11-25 15:11:57+00:00,2025-11-25 22:00:00+00:00,McNeese Cowboys,Middle Tennessee Blue Raiders,spreads,full_game,,,-7.5,-110.0,7.5,-110.0,,,
f84c0ab445879ff33e706cf137b61d38,BetMGM,2025-11-25 15:12:34.983956+00:00,2025-11-25 15:11:57+00:00,2025-11-25 22:00:00+00:00,McNeese Cowboys,Middle Tennessee Blue Raiders,totals,full_game,,,,,,,149.5,-105.0,-115.0
f84c0ab445879ff33e706cf137b61d38,Bovada,2025-11-25 15:12:34.983956+00:00,2025-11-25 15:12:00+00:00,2025-11-25 22:00:00+00:00,McNeese Cowboys,Middle Tennessee Blue Raiders,spreads,full_game,,,-7.5,-110.0,7.5,-110.0,,,
f84c0ab445879ff33e706cf137b61d38,Bovada,2025-11-25 15:12:34.983956+00:00,2025-11-25 15:12:00+00:00,2025-11-25 22:00:00+00:00,McNeese Cowboys,Middle Tennessee Blue Raiders,totals,full_game,,,,,,,152.0,-105.0,-115.0
eccf75047654276fd4b03fbba86d6715,FanDuel,2025-11-25 15:12:34.983956+00:00,2025-11-25 15:12:25+00:00,2025-11-25 22:00:47+00:00,USC Trojans,Seton Hall Pirates,h2h,2h,-310.0,245.0,,,,,,,
eccf75047654276fd4b03fbba86d6715,FanDuel,2025-11-25 15:12:34.983956+00:00,2025-11-25 15:12:25+00:00,2025-11-25 22:00:47+00:00,USC Trojans,Seton Hall Pirates,spreads,full_game,,,-6.5,-110.0,6.5,-110.0,,,
eccf75047654276fd4b03fbba86d6715,FanDuel,2025-11-25 15:12:34.983956+00:00,2025-11-25 15:12:25+00:00,2025-11-25 22:00:47+00:00,USC Trojans,Seton Hall Pirates,totals,full_game,,,,,,,147.5,-115.0,-105.0
eccf75047654276fd4b03fbba86d6715,Fanatics,2025-11-25 15:12:34.983956+00:00,2025-11-25 15:12:09+00:00,2025-11-25 22:00:47+00:00,USC Trojans,Seton Hall Pirates,h2h,2h,-300.0,240.0,,,,,,,
eccf75047654276fd4b03fbba86d6715,Fanatics,2025-11-25 15:12:34.983956+00:00,2025-11-25 15:12:09+00:00,2025-11-25 22:00:47+00:00,USC Trojans,Seton Hall Pirates,spreads,full_game,,,-6.5,-110.0,6.5,-110.0,,,
eccf75047654276fd4b03fbba86d6715,Fanatics,2025-11-25 15:12:34.983956+00:00,2025-11-25 15:12:09+00:00,2025-11-25 22:00:47+00:00,USC Trojans,Seton Hall Pirates,totals,full_game,,,,,,,146.5,-110.0,-110.0
eccf75047654276fd4b03fbba86d6715,DraftKings,2025-11-25 15:12:34.983956+00:00,2025-11-25 15:12:22+00:00,2025-11-25 22:00:47+00:00,USC Trojans,Seton Hall Pirates,spreads,full_game,,,-7.5,-110.0,7.5,-110.0,,,
eccf75047654276fd4b03fbba86d6715,DraftKings,2025-11-25 15:12:34.983956+00:00,2025-11-25 15:12:22+00:00,2025-11-25 22:00:47+00:00,USC Trojans,Seton Hall Pirates,totals,full_game,,,,,,,146.5,-110.0,-110.0
eccf75047654276fd4b03fbba86d6715,LowVig.ag,2025-11-25 15:12:34.983956+00:00,2025-11-25 15:12:23+00:00,2025-11-25 22:00:47+00:00,USC Trojans,Seton Hall Pirates,h2h,2h,-290.0,237.0,,,,,,,
eccf75047654276fd4b03fbba86d6715,LowVig.ag,2025-11-25 15:12:34.983956+00:00,2025-11-25 15:12:23+00:00,2025-11-25 22:00:47+00:00,USC Trojans,Seton Hall Pirates,spreads,full_game,,,-6.5,-108.0,6.5,-104.0,,,
eccf75047654276fd4b03fbba86d6715,LowVig.ag,2025-11-25 15:12:34.983956+00:00,2025-11-25 15:12:23+00:00,2025-11-25 22:00:47+00:00,USC Trojans,Seton Hall Pirates,totals,full_game,,,,,,,148.0,-103.0,-113.0
eccf75047654276fd4b03fbba86d6715,BetOnline.ag,2025-11-25 15:12:34.983956+00:00,2025-11-25 15:12:11+00:00,2025-11-25 22:00:47+00:00,USC Trojans,Seton Hall Pirates,h2h,2h,-290.0,237.0,,,,,,,
eccf75047654276fd4b03fbba86d6715,BetOnline.ag,2025-11-25 15:12:34.983956+00:00,2025-11-25 15:12:11+00:00,2025-11-25 22:00:47+00:00,USC Trojans,Seton Hall Pirates,spreads,full_game,,,-6.5,-112.0,6.5,-108.0,,,
eccf75047654276fd4b03fbba86d6715,BetOnline.ag,2025-11-25 15:12:34.983956+00:00,2025-11-25 15:12:11+00:00,2025-11-25 22:00:47+00:00,USC Trojans,Seton Hall Pirates,totals,full_game,,,,,,,148.0,-105.0,-115.0
eccf75047654276fd4b03fbba86d6715,Caesars,2025-11-25 15:12:34.983956+00:00,2025-11-25 15:10:44+00:00,2025-11-25 22:00:47+00:00,USC Trojans,Seton Hall Pirates,h2h,2h,-305.0,240.0,,,,,,,
eccf75047654276fd4b03fbba86d6715,Caesars,2025-11-25 15:12:34.983956+00:00,2025-11-25 15:10:44+00:00,2025-11-25 22:00:47+00:00,USC Trojans,Seton Hall Pirates,spreads,full_game,,,-6.5,-110.0,6.5,-110.0,,,
eccf75047654276fd4b03fbba86d6715,Caesars,2025-11-25 15:12:34.983956+00:00,2025-11-25 15:10:44+00:00,2025-11-25 22:00:47+00:00,USC Trojans,Seton Hall Pirates,totals,full_game,,,,,,,147.5,-110.0,-110.0
eccf75047654276fd4b03fbba86d6715,BetRivers,2025-11-25 15:12:34.983956+00:00,2025-11-25 15:11:57+00:00,2025-11-25 22:00:47+00:00,USC Trojans,Seton Hall Pirates,h2h,2h,-315.0,240.0,,,,,,,
eccf75047654276fd4b03fbba86d6715,BetRivers,2025-11-25 15:12:34.983956+00:00,2025-11-25 15:11:57+00:00,2025-11-25 22:00:47+00:00,USC Trojans,Seton Hall Pirates,spreads,full_game,,,-6.5,-117.0,6.5,-109.0,,,
eccf75047654276fd4b03fbba86d6715,BetRivers,2025-11-25 15:12:34.983956+00:00,2025-11-25 15:11:57+00:00,2025-11-25 22:00:47+00:00,USC Trojans,Seton Hall Pirates,totals,full_game,,,,,,,147.5,-114.0,-112.0
eccf75047654276fd4b03fbba86d6715,BetMGM,2025-11-25 15:12:34.983956+00:00,2025-11-25 15:11:57+00:00,2025-11-25 22:00:47+00:00,USC Trojans,Seton Hall Pirates,h2h,2h,-300.0,240.0,,,,,,,
eccf75047654276fd4b03fbba86d6715,BetMGM,2025-11-25 15:12:34.983956+00:00,2025-11-25 15:11:57+00:00,2025-11-25 22:00:47+00:00,USC Trojans,Seton Hall Pirates,spreads,full_game,,,-6.5,-115.0,6.5,-105.0,,,
eccf75047654276fd4b03fbba86d6715,BetMGM,2025-11-25 15:12:34.983956+00:00,2025-11-25 15:11:57+00:00,2025-11-25 22:00:47+00:00,USC Trojans,Seton Hall Pirates,totals,full_game,,,,,,,146.5,-105.0,-115.0
eccf75047654276fd4b03fbba86d6715,BetUS,2025-11-25 15:12:34.983956+00:00,2025-11-25 15:11:32+00:00,2025-11-25 22:00:47+00:00,USC Trojans,Seton Hall Pirates,h2h,2h,-290.0,240.0,,,,,,,
eccf75047654276fd4b03fbba86d6715,BetUS,2025-11-25 15:12:34.983956+00:00,2025-11-25 15:11:32+00:00,2025-11-25 22:00:47+00:00,USC Trojans,Seton Hall Pirates,spreads,full_game,,,-6.5,-115.0,6.5,-105.0,,,
eccf75047654276fd4b03fbba86d6715,BetUS,2025-11-25 15:12:34.983956+00:00,2025-11-25 15:11:32+00:00,2025-11-25 22:00:47+00:00,USC Trojans,Seton Hall Pirates,totals,full_game,,,,,,,147.5,-110.0,-110.0
eccf75047654276fd4b03fbba86d6715,Bovada,2025-11-25 15:12:34.983956+00:00,2025-11-25 15:12:00+00:00,2025-11-25 22:00:47+00:00,USC Trojans,Seton Hall Pirates,h2h,2h,-280.0,230.0,,,,,,,
eccf75047654276fd4b03fbba86d6715,Bovada,2025-11-25 15:12:34.983956+00:00,2025-11-25 15:12:00+00:00,2025-11-25 22:00:47+00:00,USC Trojans,Seton Hall Pirates,spreads,full_game,,,-6.5,-105.0,6.5,-115.0,,,
eccf75047654276fd4b03fbba86d6715,Bovada,2025-11-25 15:12:34.983956+00:00,2025-11-25 15:12:00+00:00,2025-11-25 22:00:47+00:00,USC Trojans,Seton Hall Pirates,totals,full_game,,,,,,,146.5,-110.0,-110.0
fc8282f38a95c778ab2f04dfeab5deac,FanDuel,2025-11-25 15:12:34.983956+00:00,2025-11-25 15:12:25+00:00,2025-11-25 22:00:49+00:00,Bradley Braves,UC San Diego Tritons,h2h,2h,-104.0,-115.0,,,,,,,
fc8282f38a95c778ab2f04dfeab5deac,FanDuel,2025-11-25 15:12:34.983956+00:00,2025-11-25 15:12:25+00:00,2025-11-25 22:00:49+00:00,Bradley Braves,UC San Diego Tritons,spreads,full_game,,,1.5,-118.0,-1.5,-104.0,,,
fc8282f38a95c778ab2f04dfeab5deac,FanDuel,2025-11-25 15:12:34.983956+00:00,2025-11-25 15:12:25+00:00,2025-11-25 22:00:49+00:00,Bradley Braves,UC San Diego Tritons,totals,full_game,,,,,,,147.5,-110.0,-110.0
fc8282f38a95c778ab2f04dfeab5deac,Fanatics,2025-11-25 15:12:34.983956+00:00,2025-11-25 15:12:09+00:00,2025-11-25 22:00:49+00:00,Bradley Braves,UC San Diego Tritons,h2h,2h,-110.0,-110.0,,,,,,,
fc8282f38a95c778ab2f04dfeab5deac,Fanatics,2025-11-25 15:12:34.983956+00:00,2025-11-25 15:12:09+00:00,2025-11-25 22:00:49+00:00,Bradley Braves,UC San Diego Tritons,spreads,full_game,,,1.0,-115.0,-1.0,-105.0,,,
fc8282f38a95c778ab2f04dfeab5deac,Fanatics,2025-11-25 15:12:34.983956+00:00,2025-11-25 15:12:09+00:00,2025-11-25 22:00:49+00:00,Bradley Braves,UC San Diego Tritons,totals,full_game,,,,,,,147.0,-110.0,-110.0
fc8282f38a95c778ab2f04dfeab5deac,DraftKings,2025-11-25 15:12:34.983956+00:00,2025-11-25 15:12:22+00:00,2025-11-25 22:00:49+00:00,Bradley Braves,UC San Diego Tritons,h2h,2h,-108.0,-112.0,,,,,,,
fc8282f38a95c778ab2f04dfeab5deac,DraftKings,2025-11-25 15:12:34.983956+00:00,2025-11-25 15:12:22+00:00,2025-11-25 22:00:49+00:00,Bradley Braves,UC San Diego Tritons,spreads,full_game,,,1.5,-125.0,-1.5,105.0,,,
fc8282f38a95c778ab2f04dfeab5deac,DraftKings,2025-11-25 15:12:34.983956+00:00,2025-11-25 15:12:22+00:00,2025-11-25 22:00:49+00:00,Bradley Braves,UC San Diego Tritons,totals,full_game,,,,,,,147.5,-108.0,-112.0
fc8282f38a95c778ab2f04dfeab5deac,LowVig.ag,2025-11-25 15:12:34.983956+00:00,2025-11-25 15:12:23+00:00,2025-11-25 22:00:49+00:00,Bradley Braves,UC San Diego Tritons,spreads,full_game,,,0.0,-106.0,0.0,-106.0,,,
fc8282f38a95c778ab2f04dfeab5deac,LowVig.ag,2025-11-25 15:12:34.983956+00:00,2025-11-25 15:12:23+00:00,2025-11-25 22:00:49+00:00,Bradley Braves,UC San Diego Tritons,totals,full_game,,,,,,,146.0,-113.0,-103.0
fc8282f38a95c778ab2f04dfeab5deac,BetOnline.ag,2025-11-25 15:12:34.983956+00:00,2025-11-25 15:12:11+00:00,2025-11-25 22:00:49+00:00,Bradley Braves,UC San Diego Tritons,spreads,full_game,,,0.0,-110.0,0.0,-110.0,,,
fc8282f38a95c778ab2f04dfeab5deac,BetOnline.ag,2025-11-25 15:12:34.983956+00:00,2025-11-25 15:12:11+00:00,2025-11-25 22:00:49+00:00,Bradley Braves,UC San Diego Tritons,totals,full_game,,,,,,,146.0,-115.0,-105.0
fc8282f38a95c778ab2f04dfeab5deac,BetRivers,2025-11-25 15:12:34.983956+00:00,2025-11-25 15:11:57+00:00,2025-11-25 22:00:49+00:00,Bradley Braves,UC San Diego Tritons,h2h,2h,-105.0,-121.0,,,,,,,
fc8282f38a95c778ab2f04dfeab5deac,BetRivers,2025-11-25 15:12:34.983956+00:00,2025-11-25 15:11:57+00:00,2025-11-25 22:00:49+00:00,Bradley Braves,UC San Diego Tritons,spreads,full_game,,,1.5,-120.0,-1.5,-107.0,,,
fc8282f38a95c778ab2f04dfeab5deac,BetRivers,2025-11-25 15:12:34.983956+00:00,2025-11-25 15:11:57+00:00,2025-11-25 22:00:49+00:00,Bradley Braves,UC San Diego Tritons,totals,full_game,,,,,,,147.5,-112.0,-114.0
fc8282f38a95c778ab2f04dfeab5deac,BetMGM,2025-11-25 15:12:34.983956+00:00,2025-11-25 15:11:57+00:00,2025-11-25 22:00:49+00:00,Bradley Braves,UC San Diego Tritons,h2h,2h,-110.0,-110.0,,,,,,,
fc8282f38a95c778ab2f04dfeab5deac,BetMGM,2025-11-25 15:12:34.983956+00:00,2025-11-25 15:11:57+00:00,2025-11-25 22:00:49+00:00,Bradley Braves,UC San Diego Tritons,spreads,full_game,,,-1.5,105.0,1.5,-125.0,,,
fc8282f38a95c778ab2f04dfeab5deac,BetMGM,2025-11-25 15:12:34.983956+00:00,2025-11-25 15:11:57+00:00,2025-11-25 22:00:49+00:00,Bradley Braves,UC San Diego Tritons,totals,full_game,,,,,,,147.5,-105.0,-115.0
fc8282f38a95c778ab2f04dfeab5deac,BetUS,2025-11-25 15:12:34.983956+00:00,2025-11-25 15:11:31+00:00,2025-11-25 22:00:49+00:00,Bradley Braves,UC San Diego Tritons,spreads,full_game,,,0.0,-110.0,0.0,-110.0,,,
fc8282f38a95c778ab2f04dfeab5deac,BetUS,2025-11-25 15:12:34.983956+00:00,2025-11-25 15:11:31+00:00,2025-11-25 22:00:49+00:00,Bradley Braves,UC San Diego Tritons,totals,full_game,,,,,,,147.5,-110.0,-110.0
fc8282f38a95c778ab2f04dfeab5deac,Bovada,2025-11-25 15:12:34.983956+00:00,2025-11-25 15:12:00+00:00,2025-11-25 22:00:49+00:00,Bradley Braves,UC San Diego Tritons,h2h,2h,100.0,-120.0,,,,,,,
fc8282f38a95c778ab2f04dfeab5deac,Bovada,2025-11-25 15:12:34.983956+00:00,2025-11-25 15:12:00+00:00,2025-11-25 22:00:49+00:00,Bradley Braves,UC San Diego Tritons,spreads,full_game,,,1.5,-110.0,-1.5,-110.0,,,
fc8282f38a95c778ab2f04dfeab5deac,Bovada,2025-11-25 15:12:34.983956+00:00,2025-11-25 15:12:00+00:00,2025-11-25 22:00:49+00:00,Bradley Braves,UC San Diego Tritons,totals,full_game,,,,,,,147.5,-110.0,-110.0
7f815db326711ea57ab0a519bc32b1aa,FanDuel,2025-11-25 15:12:34.983956+00:00,2025-11-25 15:12:25+00:00,2025-11-25 22:00:53+00:00,Loyola Marymount Lions,Ohio Bobcats,h2h,2h,-200.0,164.0,,,,,,,
7f815db326711ea57ab0a519bc32b1aa,FanDuel,2025-11-25 15:12:34.983956+00:00,2025-11-25 15:12:25+00:00,2025-11-25 22:00:53+00:00,Loyola Marymount Lions,Ohio Bobcats,spreads,full_game,,,-3.5,-120.0,3.5,-102.0,,,
7f815db326711ea57ab0a519bc32b1aa,FanDuel,2025-11-25 15:12:34.983956+00:00,2025-11-25 15:12:25+00:00,2025-11-25 22:00:53+00:00,Loyola Marymount Lions,Ohio Bobcats,totals,full_game,,,,,,,146.5,-110.0,-110.0
7f815db326711ea57ab0a519bc32b1aa,DraftKings,2025-11-25 15:12:34.983956+00:00,2025-11-25 15:12:22+00:00,2025-11-25 22:00:53+00:00,Loyola Marymount Lions,Ohio Bobcats,spreads,full_game,,,-3.5,-112.0,3.5,-108.0,,,
7f815db326711ea57ab0a519bc32b1aa,DraftKings,2025-11-25 15:12:34.983956+00:00,2025-11-25 15:12:22+00:00,2025-11-25 22:00:53+00:00,Loyola Marymount Lions,Ohio Bobcats,totals,full_game,,,,,,,145.5,-110.0,-110.0
7f815db326711ea57ab0a519bc32b1aa,LowVig.ag,2025-11-25 15:12:34.983956+00:00,2025-11-25 15:12:23+00:00,2025-11-25 22:00:53+00:00,Loyola Marymount Lions,Ohio Bobcats,h2h,2h,-170.0,149.0,,,,,,,
7f815db326711ea57ab0a519bc32b1aa,LowVig.ag,2025-11-25 15:12:34.983956+00:00,2025-11-25 15:12:23+00:00,2025-11-25 22:00:53+00:00,Loyola Marymount Lions,Ohio Bobcats,spreads,full_game,,,-3.5,-103.0,3.5,-109.0,,,
7f815db326711ea57ab0a519bc32b1aa,LowVig.ag,2025-11-25 15:12:34.983956+00:00,2025-11-25 15:12:23+00:00,2025-11-25 22:00:53+00:00,Loyola Marymount Lions,Ohio Bobcats,totals,full_game,,,,,,,145.5,-103.0,-113.0
7f815db326711ea57ab0a519bc32b1aa,BetOnline.ag,2025-11-25 15:12:34.983956+00:00,2025-11-25 15:12:11+00:00,2025-11-25 22:00:53+00:00,Loyola Marymount Lions,Ohio Bobcats,h2h,2h,-170.0,149.0,,,,,,,
7f815db326711ea57ab0a519bc32b1aa,BetOnline.ag,2025-11-25 15:12:34.983956+00:00,2025-11-25 15:12:11+00:00,2025-11-25 22:00:53+00:00,Loyola Marymount Lions,Ohio Bobcats,spreads,full_game,,,-3.5,-107.0,3.5,-113.0,,,
7f815db326711ea57ab0a519bc32b1aa,BetOnline.ag,2025-11-25 15:12:34.983956+00:00,2025-11-25 15:12:11+00:00,2025-11-25 22:00:53+00:00,Loyola Marymount Lions,Ohio Bobcats,totals,full_game,,,,,,,145.5,-105.0,-115.0
7f815db326711ea57ab0a519bc32b1aa,Caesars,2025-11-25 15:12:34.983956+00:00,2025-11-25 15:10:44+00:00,2025-11-25 22:00:53+00:00,Loyola Marymount Lions,Ohio Bobcats,h2h,2h,-170.0,143.0,,,,,,,
7f815db326711ea57ab0a519bc32b1aa,Caesars,2025-11-25 15:12:34.983956+00:00,2025-11-25 15:10:44+00:00,2025-11-25 22:00:53+00:00,Loyola Marymount Lions,Ohio Bobcats,spreads,full_game,,,-3.5,-110.0,3.5,-110.0,,,
7f815db326711ea57ab0a519bc32b1aa,Caesars,2025-11-25 15:12:34.983956+00:00,2025-11-25 15:10:44+00:00,2025-11-25 22:00:53+00:00,Loyola Marymount Lions,Ohio Bobcats,totals,full_game,,,,,,,145.5,-110.0,-110.0
7f815db326711ea57ab0a519bc32b1aa,BetRivers,2025-11-25 15:12:34.983956+00:00,2025-11-25 15:11:57+00:00,2025-11-25 22:00:53+00:00,Loyola Marymount Lions,Ohio Bobcats,h2h,2h,-200.0,155.0,,,,,,,
7f815db326711ea57ab0a519bc32b1aa,BetRivers,2025-11-25 15:12:34.983956+00:00,2025-11-25 15:11:57+00:00,2025-11-25 22:00:53+00:00,Loyola Marymount Lions,Ohio Bobcats,spreads,full_game,,,-4.5,-107.0,4.5,-120.0,,,
7f815db326711ea57ab0a519bc32b1aa,BetRivers,2025-11-25 15:12:34.983956+00:00,2025-11-25 15:11:57+00:00,2025-11-25 22:00:53+00:00,Loyola Marymount Lions,Ohio Bobcats,totals,full_game,,,,,,,145.5,-115.0,-110.0
7f815db326711ea57ab0a519bc32b1aa,BetMGM,2025-11-25 15:12:34.983956+00:00,2025-11-25 15:11:57+00:00,2025-11-25 22:00:53+00:00,Loyola Marymount Lions,Ohio Bobcats,h2h,2h,-175.0,145.0,,,,,,,
7f815db326711ea57ab0a519bc32b1aa,BetMGM,2025-11-25 15:12:34.983956+00:00,2025-11-25 15:11:57+00:00,2025-11-25 22:00:53+00:00,Loyola Marymount Lions,Ohio Bobcats,spreads,full_game,,,-3.5,-110.0,3.5,-110.0,,,
7f815db326711ea57ab0a519bc32b1aa,BetMGM,2025-11-25 15:12:34.983956+00:00,2025-11-25 15:11:57+00:00,2025-11-25 22:00:53+00:00,Loyola Marymount Lions,Ohio Bobcats,totals,full_game,,,,,,,145.5,-110.0,-110.0
7f815db326711ea57ab0a519bc32b1aa,BetUS,2025-11-25 15:12:34.983956+00:00,2025-11-25 15:11:32+00:00,2025-11-25 22:00:53+00:00,Loyola Marymount Lions,Ohio Bobcats,h2h,2h,-185.0,159.0,,,,,,,
7f815db326711ea57ab0a519bc32b1aa,BetUS,2025-11-25 15:12:34.983956+00:00,2025-11-25 15:11:32+00:00,2025-11-25 22:00:53+00:00,Loyola Marymount Lions,Ohio Bobcats,spreads,full_game,,,-3.5,-105.0,3.5,-115.0,,,
7f815db326711ea57ab0a519bc32b1aa,BetUS,2025-11-25 15:12:34.983956+00:00,2025-11-25 15:11:32+00:00,2025-11-25 22:00:53+00:00,Loyola Marymount Lions,Ohio Bobcats,totals,full_game,,,,,,,145.5,-105.0,-115.0
7f815db326711ea57ab0a519bc32b1aa,Bovada,2025-11-25 15:12:34.983956+00:00,2025-11-25 15:12:00+00:00,2025-11-25 22:00:53+00:00,Loyola Marymount Lions,Ohio Bobcats,h2h,2h,-195.0,165.0,,,,,,,
7f815db326711ea57ab0a519bc32b1aa,Bovada,2025-11-25 15:12:34.983956+00:00,2025-11-25 15:12:00+00:00,2025-11-25 22:00:53+00:00,Loyola Marymount Lions,Ohio Bobcats,spreads,full_game,,,-4.5,-105.0,4.5,-115.0,,,
7f815db326711ea57ab0a519bc32b1aa,Bovada,2025-11-25 15:12:34.983956+00:00,2025-11-25 15:12:00+00:00,2025-11-25 22:00:53+00:00,Loyola Marymount Lions,Ohio Bobcats,totals,full_game,,,,,,,146.0,-110.0,-110.0
74a0afeb9adb0d6ab57f94ced12453f4,DraftKings,2025-11-25 15:12:34.983956+00:00,2025-11-25 15:12:22+00:00,2025-11-25 23:00:00+00:00,Morgan St Bears,Drexel Dragons,spreads,full_game,,,7.5,-110.0,-7.5,-110.0,,,
74a0afeb9adb0d6ab57f94ced12453f4,DraftKings,2025-11-25 15:12:34.983956+00:00,2025-11-25 15:12:22+00:00,2025-11-25 23:00:00+00:00,Morgan St Bears,Drexel Dragons,totals,full_game,,,,,,,147.5,-112.0,-108.0
74a0afeb9adb0d6ab57f94ced12453f4,BetOnline.ag,2025-11-25 15:12:34.983956+00:00,2025-11-25 15:12:11+00:00,2025-11-25 23:00:00+00:00,Morgan St Bears,Drexel Dragons,spreads,full_game,,,7.5,-110.0,-7.5,-110.0,,,
74a0afeb9adb0d6ab57f94ced12453f4,BetOnline.ag,2025-11-25 15:12:34.983956+00:00,2025-11-25 15:12:11+00:00,2025-11-25 23:00:00+00:00,Morgan St Bears,Drexel Dragons,totals,full_game,,,,,,,148.0,-105.0,-115.0
74a0afeb9adb0d6ab57f94ced12453f4,Fanatics,2025-11-25 15:12:34.983956+00:00,2025-11-25 15:12:09+00:00,2025-11-25 23:00:00+00:00,Morgan St Bears,Drexel Dragons,h2h,2h,260.0,-350.0,,,,,,,
74a0afeb9adb0d6ab57f94ced12453f4,Fanatics,2025-11-25 15:12:34.983956+00:00,2025-11-25 15:12:09+00:00,2025-11-25 23:00:00+00:00,Morgan St Bears,Drexel Dragons,spreads,full_game,,,7.5,-110.0,-7.5,-110.0,,,
74a0afeb9adb0d6ab57f94ced12453f4,Fanatics,2025-11-25 15:12:34.983956+00:00,2025-11-25 15:12:09+00:00,2025-11-25 23:00:00+00:00,Morgan St Bears,Drexel Dragons,totals,full_game,,,,,,,148.0,-110.0,-110.0
74a0afeb9adb0d6ab57f94ced12453f4,LowVig.ag,2025-11-25 15:12:34.983956+00:00,2025-11-25 15:12:23+00:00,2025-11-25 23:00:00+00:00,Morgan St Bears,Drexel Dragons,spreads,full_game,,,7.5,-106.0,-7.5,-106.0,,,
74a0afeb9adb0d6ab57f94ced12453f4,LowVig.ag,2025-11-25 15:12:34.983956+00:00,2025-11-25 15:12:23+00:00,2025-11-25 23:00:00+00:00,Morgan St Bears,Drexel Dragons,totals,full_game,,,,,,,148.0,-103.0,-113.0
74a0afeb9adb0d6ab57f94ced12453f4,Caesars,2025-11-25 15:12:34.983956+00:00,2025-11-25 15:10:44+00:00,2025-11-25 23:00:00+00:00,Morgan St Bears,Drexel Dragons,spreads,full_game,,,7.5,-110.0,-7.5,-110.0,,,
74a0afeb9adb0d6ab57f94ced12453f4,Caesars,2025-11-25 15:12:34.983956+00:00,2025-11-25 15:10:44+00:00,2025-11-25 23:00:00+00:00,Morgan St Bears,Drexel Dragons,totals,full_game,,,,,,,147.5,-110.0,-110.0
74a0afeb9adb0d6ab57f94ced12453f4,FanDuel,2025-11-25 15:12:34.983956+00:00,2025-11-25 15:12:25+00:00,2025-11-25 23:00:00+00:00,Morgan St Bears,Drexel Dragons,h2h,2h,280.0,-370.0,,,,,,,
74a0afeb9adb0d6ab57f94ced12453f4,FanDuel,2025-11-25 15:12:34.983956+00:00,2025-11-25 15:12:25+00:00,2025-11-25 23:00:00+00:00,Morgan St Bears,Drexel Dragons,spreads,full_game,,,7.5,-110.0,-7.5,-110.0,,,
74a0afeb9adb0d6ab57f94ced12453f4,FanDuel,2025-11-25 15:12:34.983956+00:00,2025-11-25 15:12:25+00:00,2025-11-25 23:00:00+00:00,Morgan St Bears,Drexel Dragons,totals,full_game,,,,,,,147.5,-112.0,-112.0
74a0afeb9adb0d6ab57f94ced12453f4,BetRivers,2025-11-25 15:12:34.983956+00:00,2025-11-25 15:11:57+00:00,2025-11-25 23:00:00+00:00,Morgan St Bears,Drexel Dragons,h2h,2h,240.0,-335.0,,,,,,,
74a0afeb9adb0d6ab57f94ced12453f4,BetRivers,2025-11-25 15:12:34.983956+00:00,2025-11-25 15:11:57+00:00,2025-11-25 23:00:00+00:00,Morgan St Bears,Drexel Dragons,spreads,full_game,,,7.5,-113.0,-7.5,-113.0,,,
74a0afeb9adb0d6ab57f94ced12453f4,BetRivers,2025-11-25 15:12:34.983956+00:00,2025-11-25 15:11:57+00:00,2025-11-25 23:00:00+00:00,Morgan St Bears,Drexel Dragons,totals,full_game,,,,,,,147.5,-117.0,-109.0
74a0afeb9adb0d6ab57f94ced12453f4,BetMGM,2025-11-25 15:12:34.983956+00:00,2025-11-25 15:11:57+00:00,2025-11-25 23:00:00+00:00,Morgan St Bears,Drexel Dragons,h2h,2h,260.0,-325.0,,,,,,,
74a0afeb9adb0d6ab57f94ced12453f4,BetMGM,2025-11-25 15:12:34.983956+00:00,2025-11-25 15:11:57+00:00,2025-11-25 23:00:00+00:00,Morgan St Bears,Drexel Dragons,spreads,full_game,,,7.5,-110.0,-7.5,-110.0,,,
74a0afeb9adb0d6ab57f94ced12453f4,BetMGM,2025-11-25 15:12:34.983956+00:00,2025-11-25 15:11:57+00:00,2025-11-25 23:00:00+00:00,Morgan St Bears,Drexel Dragons,totals,full_game,,,,,,,147.5,-110.0,-110.0
74a0afeb9adb0d6ab57f94ced12453f4,Bovada,2025-11-25 15:12:34.983956+00:00,2025-11-25 15:12:00+00:00,2025-11-25 23:00:00+00:00,Morgan St Bears,Drexel Dragons,spreads,full_game,,,7.5,-115.0,-7.5,-105.0,,,
74a0afeb9adb0d6ab57f94ced12453f4,Bovada,2025-11-25 15:12:34.983956+00:00,2025-11-25 15:12:00+00:00,2025-11-25 23:00:00+00:00,Morgan St Bears,Drexel Dragons,totals,full_game,,,,,,,148.0,-110.0,-110.0
3db36a23968b61f7bd64f0ce518f143f,DraftKings,2025-11-25 15:12:34.983956+00:00,2025-11-25 15:12:22+00:00,2025-11-25 23:00:00+00:00,Tennessee Volunteers,Houston Cougars,h2h,2h,142.0,-170.0,,,,,,,
3db36a23968b61f7bd64f0ce518f143f,DraftKings,2025-11-25 15:12:34.983956+00:00,2025-11-25 15:12:22+00:00,2025-11-25 23:00:00+00:00,Tennessee Volunteers,Houston Cougars,spreads,full_game,,,3.5,-110.0,-3.5,-110.0,,,
3db36a23968b61f7bd64f0ce518f143f,DraftKings,2025-11-25 15:12:34.983956+00:00,2025-11-25 15:12:22+00:00,2025-11-25 23:00:00+00:00,Tennessee Volunteers,Houston Cougars,totals,full_game,,,,,,,136.5,-105.0,-115.0
3db36a23968b61f7bd64f0ce518f143f,FanDuel,2025-11-25 15:12:34.983956+00:00,2025-11-25 15:12:25+00:00,2025-11-25 23:00:00+00:00,Tennessee Volunteers,Houston Cougars,h2h,2h,146.0,-176.0,,,,,,,
3db36a23968b61f7bd64f0ce518f143f,FanDuel,2025-11-25 15:12:34.983956+00:00,2025-11-25 15:12:25+00:00,2025-11-25 23:00:00+00:00,Tennessee Volunteers,Houston Cougars,spreads,full_game,,,3.5,-110.0,-3.5,-110.0,,,
3db36a23968b61f7bd64f0ce518f143f,FanDuel,2025-11-25 15:12:34.983956+00:00,2025-11-25 15:12:25+00:00,2025-11-25 23:00:00+00:00,Tennessee Volunteers,Houston Cougars,totals,full_game,,,,,,,135.5,-115.0,-105.0
3db36a23968b61f7bd64f0ce518f143f,Caesars,2025-11-25 15:12:34.983956+00:00,2025-11-25 15:10:44+00:00,2025-11-25 23:00:00+00:00,Tennessee Volunteers,Houston Cougars,h2h,2h,140.0,-165.0,,,,,,,
3db36a23968b61f7bd64f0ce518f143f,Caesars,2025-11-25 15:12:34.983956+00:00,2025-11-25 15:10:44+00:00,2025-11-25 23:00:00+00:00,Tennessee Volunteers,Houston Cougars,spreads,full_game,,,3.5,-110.0,-3.5,-110.0,,,
3db36a23968b61f7bd64f0ce518f143f,Caesars,2025-11-25 15:12:34.983956+00:00,2025-11-25 15:10:44+00:00,2025-11-25 23:00:00+00:00,Tennessee Volunteers,Houston Cougars,totals,full_game,,,,,,,136.5,-110.0,-110.0
3db36a23968b61f7bd64f0ce518f143f,Fanatics,2025-11-25 15:12:34.983956+00:00,2025-11-25 15:12:09+00:00,2025-11-25 23:00:00+00:00,Tennessee Volunteers,Houston Cougars,h2h,2h,140.0,-170.0,,,,,,,
3db36a23968b61f7bd64f0ce518f143f,Fanatics,2025-11-25 15:12:34.983956+00:00,2025-11-25 15:12:09+00:00,2025-11-25 23:00:00+00:00,Tennessee Volunteers,Houston Cougars,spreads,full_game,,,3.5,-110.0,-3.5,-110.0,,,
3db36a23968b61f7bd64f0ce518f143f,Fanatics,2025-11-25 15:12:34.983956+00:00,2025-11-25 15:12:09+00:00,2025-11-25 23:00:00+00:00,Tennessee Volunteers,Houston Cougars,totals,full_game,,,,,,,136.5,-110.0,-110.0
3db36a23968b61f7bd64f0ce518f143f,BetRivers,2025-11-25 15:12:34.983956+00:00,2025-11-25 15:11:57+00:00,2025-11-25 23:00:00+00:00,Tennessee Volunteers,Houston Cougars,h2h,2h,145.0,-186.0,,,,,,,
3db36a23968b61f7bd64f0ce518f143f,BetRivers,2025-11-25 15:12:34.983956+00:00,2025-11-25 15:11:57+00:00,2025-11-25 23:00:00+00:00,Tennessee Volunteers,Houston Cougars,spreads,full_game,,,3.5,-113.0,-3.5,-113.0,,,
3db36a23968b61f7bd64f0ce518f143f,BetRivers,2025-11-25 15:12:34.983956+00:00,2025-11-25 15:11:57+00:00,2025-11-25 23:00:00+00:00,Tennessee Volunteers,Houston Cougars,totals,full_game,,,,,,,136.5,-110.0,-114.0
3db36a23968b61f7bd64f0ce518f143f,BetMGM,2025-11-25 15:12:34.983956+00:00,2025-11-25 15:11:57+00:00,2025-11-25 23:00:00+00:00,Tennessee Volunteers,Houston Cougars,h2h,2h,140.0,-170.0,,,,,,,
3db36a23968b61f7bd64f0ce518f143f,BetMGM,2025-11-25 15:12:34.983956+00:00,2025-11-25 15:11:57+00:00,2025-11-25 23:00:00+00:00,Tennessee Volunteers,Houston Cougars,spreads,full_game,,,3.5,-110.0,-3.5,-110.0,,,
3db36a23968b61f7bd64f0ce518f143f,BetMGM,2025-11-25 15:12:34.983956+00:00,2025-11-25 15:11:57+00:00,2025-11-25 23:00:00+00:00,Tennessee Volunteers,Houston Cougars,totals,full_game,,,,,,,135.5,-110.0,-110.0
3db36a23968b61f7bd64f0ce518f143f,LowVig.ag,2025-11-25 15:12:34.983956+00:00,2025-11-25 15:12:23+00:00,2025-11-25 23:00:00+00:00,Tennessee Volunteers,Houston Cougars,h2h,2h,140.0,-160.0,,,,,,,
3db36a23968b61f7bd64f0ce518f143f,LowVig.ag,2025-11-25 15:12:34.983956+00:00,2025-11-25 15:12:23+00:00,2025-11-25 23:00:00+00:00,Tennessee Volunteers,Houston Cougars,spreads,full_game,,,3.5,-106.0,-3.5,-106.0,,,
3db36a23968b61f7bd64f0ce518f143f,LowVig.ag,2025-11-25 15:12:34.983956+00:00,2025-11-25 15:12:23+00:00,2025-11-25 23:00:00+00:00,Tennessee Volunteers,Houston Cougars,totals,full_game,,,,,,,135.0,-113.0,-103.0
3db36a23968b61f7bd64f0ce518f143f,BetOnline.ag,2025-11-25 15:12:34.983956+00:00,2025-11-25 15:12:11+00:00,2025-11-25 23:00:00+00:00,Tennessee Volunteers,Houston Cougars,h2h,2h,140.0,-160.0,,,,,,,
3db36a23968b61f7bd64f0ce518f143f,BetOnline.ag,2025-11-25 15:12:34.983956+00:00,2025-11-25 15:12:11+00:00,2025-11-25 23:00:00+00:00,Tennessee Volunteers,Houston Cougars,spreads,full_game,,,3.5,-110.0,-3.5,-110.0,,,
3db36a23968b61f7bd64f0ce518f143f,BetOnline.ag,2025-11-25 15:12:34.983956+00:00,2025-11-25 15:12:11+00:00,2025-11-25 23:00:00+00:00,Tennessee Volunteers,Houston Cougars,totals,full_game,,,,,,,135.0,-115.0,-105.0
3db36a23968b61f7bd64f0ce518f143f,BetUS,2025-11-25 15:12:34.983956+00:00,2025-11-25 15:11:31+00:00,2025-11-25 23:00:00+00:00,Tennessee Volunteers,Houston Cougars,h2h,2h,138.0,-160.0,,,,,,,
3db36a23968b61f7bd64f0ce518f143f,BetUS,2025-11-25 15:12:34.983956+00:00,2025-11-25 15:11:31+00:00,2025-11-25 23:00:00+00:00,Tennessee Volunteers,Houston Cougars,spreads,full_game,,,3.5,-110.0,-3.5,-110.0,,,
3db36a23968b61f7bd64f0ce518f143f,BetUS,2025-11-25 15:12:34.983956+00:00,2025-11-25 15:11:31+00:00,2025-11-25 23:00:00+00:00,Tennessee Volunteers,Houston Cougars,totals,full_game,,,,,,,136.5,-110.0,-110.0
3db36a23968b61f7bd64f0ce518f143f,Bovada,2025-11-25 15:12:34.983956+00:00,2025-11-25 15:12:00+00:00,2025-11-25 23:00:00+00:00,Tennessee Volunteers,Houston Cougars,h2h,2h,140.0,-165.0,,,,,,,
3db36a23968b61f7bd64f0ce518f143f,Bovada,2025-11-25 15:12:34.983956+00:00,2025-11-25 15:12:00+00:00,2025-11-25 23:00:00+00:00,Tennessee Volunteers,Houston Cougars,spreads,full_game,,,3.5,-110.0,-3.5,-110.0,,,
3db36a23968b61f7bd64f0ce518f143f,Bovada,2025-11-25 15:12:34.983956+00:00,2025-11-25 15:12:00+00:00,2025-11-25 23:00:00+00:00,Tennessee Volunteers,Houston Cougars,totals,full_game,,,,,,,136.5,-110.0,-110.0
2ebc70c0eb4f3b0eb23658f4bc45c3ac,DraftKings,2025-11-25 15:12:34.983956+00:00,2025-11-25 15:12:22+00:00,2025-11-25 23:00:00+00:00,North Carolina Tar Heels,St. Bonaventure Bonnies,h2h,2h,-800.0,550.0,,,,,,,
2ebc70c0eb4f3b0eb23658f4bc45c3ac,DraftKings,2025-11-25 15:12:34.983956+00:00,2025-11-25 15:12:22+00:00,2025-11-25 23:00:00+00:00,North Carolina Tar Heels,St. Bonaventure Bonnies,spreads,full_game,,,-12.5,-108.0,12.5,-112.0,,,
2ebc70c0eb4f3b0eb23658f4bc45c3ac,DraftKings,2025-11-25 15:12:34.983956+00:00,2025-11-25 15:12:22+00:00,2025-11-25 23:00:00+00:00,North Carolina Tar Heels,St. Bonaventure Bonnies,totals,full_game,,,,,,,153.5,-110.0,-110.0
2ebc70c0eb4f3b0eb23658f4bc45c3ac,LowVig.ag,2025-11-25 15:12:34.983956+00:00,2025-11-25 15:12:23+00:00,2025-11-25 23:00:00+00:00,North Carolina Tar Heels,St. Bonaventure Bonnies,h2h,2h,-800.0,561.0,,,,,,,
2ebc70c0eb4f3b0eb23658f4bc45c3ac,LowVig.ag,2025-11-25 15:12:34.983956+00:00,2025-11-25 15:12:23+00:00,2025-11-25 23:00:00+00:00,North Carolina Tar Heels,St. Bonaventure Bonnies,spreads,full_game,,,-12.0,-104.0,12.0,-108.0,,,
2ebc70c0eb4f3b0eb23658f4bc45c3ac,LowVig.ag,2025-11-25 15:12:34.983956+00:00,2025-11-25 15:12:23+00:00,2025-11-25 23:00:00+00:00,North Carolina Tar Heels,St. Bonaventure Bonnies,totals,full_game,,,,,,,153.5,-108.0,-108.0
2ebc70c0eb4f3b0eb23658f4bc45c3ac,BetOnline.ag,2025-11-25 15:12:34.983956+00:00,2025-11-25 15:12:11+00:00,2025-11-25 23:00:00+00:00,North Carolina Tar Heels,St. Bonaventure Bonnies,h2h,2h,-800.0,561.0,,,,,,,
2ebc70c0eb4f3b0eb23658f4bc45c3ac,BetOnline.ag,2025-11-25 15:12:34.983956+00:00,2025-11-25 15:12:11+00:00,2025-11-25 23:00:00+00:00,North Carolina Tar Heels,St. Bonaventure Bonnies,spreads,full_game,,,-12.0,-108.0,12.0,-112.0,,,
2ebc70c0eb4f3b0eb23658f4bc45c3ac,BetOnline.ag,2025-11-25 15:12:34.983956+00:00,2025-11-25 15:12:11+00:00,2025-11-25 23:00:00+00:00,North Carolina Tar Heels,St. Bonaventure Bonnies,totals,full_game,,,,,,,153.5,-110.0,-110.0
2ebc70c0eb4f3b0eb23658f4bc45c3ac,Caesars,2025-11-25 15:12:34.983956+00:00,2025-11-25 15:10:44+00:00,2025-11-25 23:00:00+00:00,North Carolina Tar Heels,St. Bonaventure Bonnies,h2h,2h,-800.0,550.0,,,,,,,
2ebc70c0eb4f3b0eb23658f4bc45c3ac,Caesars,2025-11-25 15:12:34.983956+00:00,2025-11-25 15:10:44+00:00,2025-11-25 23:00:00+00:00,North Carolina Tar Heels,St. Bonaventure Bonnies,spreads,full_game,,,-12.0,-110.0,12.0,-110.0,,,
2ebc70c0eb4f3b0eb23658f4bc45c3ac,Caesars,2025-11-25 15:12:34.983956+00:00,2025-11-25 15:10:44+00:00,2025-11-25 23:00:00+00:00,North Carolina Tar Heels,St. Bonaventure Bonnies,totals,full_game,,,,,,,153.5,-110.0,-110.0
2ebc70c0eb4f3b0eb23658f4bc45c3ac,Fanatics,2025-11-25 15:12:34.983956+00:00,2025-11-25 15:12:09+00:00,2025-11-25 23:00:00+00:00,North Carolina Tar Heels,St. Bonaventure Bonnies,h2h,2h,-750.0,500.0,,,,,,,
2ebc70c0eb4f3b0eb23658f4bc45c3ac,Fanatics,2025-11-25 15:12:34.983956+00:00,2025-11-25 15:12:09+00:00,2025-11-25 23:00:00+00:00,North Carolina Tar Heels,St. Bonaventure Bonnies,spreads,full_game,,,-12.0,-110.0,12.0,-110.0,,,
2ebc70c0eb4f3b0eb23658f4bc45c3ac,Fanatics,2025-11-25 15:12:34.983956+00:00,2025-11-25 15:12:09+00:00,2025-11-25 23:00:00+00:00,North Carolina Tar Heels,St. Bonaventure Bonnies,totals,full_game,,,,,,,153.5,-110.0,-110.0
2ebc70c0eb4f3b0eb23658f4bc45c3ac,FanDuel,2025-11-25 15:12:34.983956+00:00,2025-11-25 15:12:25+00:00,2025-11-25 23:00:00+00:00,North Carolina Tar Heels,St. Bonaventure Bonnies,h2h,2h,-850.0,570.0,,,,,,,
2ebc70c0eb4f3b0eb23658f4bc45c3ac,FanDuel,2025-11-25 15:12:34.983956+00:00,2025-11-25 15:12:25+00:00,2025-11-25 23:00:00+00:00,North Carolina Tar Heels,St. Bonaventure Bonnies,spreads,full_game,,,-11.5,-120.0,11.5,-102.0,,,
2ebc70c0eb4f3b0eb23658f4bc45c3ac,FanDuel,2025-11-25 15:12:34.983956+00:00,2025-11-25 15:12:25+00:00,2025-11-25 23:00:00+00:00,North Carolina Tar Heels,St. Bonaventure Bonnies,totals,full_game,,,,,,,152.5,-115.0,-105.0
2ebc70c0eb4f3b0eb23658f4bc45c3ac,Bovada,2025-11-25 15:12:34.983956+00:00,2025-11-25 15:12:00+00:00,2025-11-25 23:00:00+00:00,North Carolina Tar Heels,St. Bonaventure Bonnies,h2h,2h,-750.0,500.0,,,,,,,
2ebc70c0eb4f3b0eb23658f4bc45c3ac,Bovada,2025-11-25 15:12:34.983956+00:00,2025-11-25 15:12:00+00:00,2025-11-25 23:00:00+00:00,North Carolina Tar Heels,St. Bonaventure Bonnies,spreads,full_game,,,-11.0,-115.0,11.0,-105.0,,,
2ebc70c0eb4f3b0eb23658f4bc45c3ac,Bovada,2025-11-25 15:12:34.983956+00:00,2025-11-25 15:12:00+00:00,2025-11-25 23:00:00+00:00,North Carolina Tar Heels,St. Bonaventure Bonnies,totals,full_game,,,,,,,153.5,-110.0,-110.0
2ebc70c0eb4f3b0eb23658f4bc45c3ac,BetUS,2025-11-25 15:12:34.983956+00:00,2025-11-25 15:11:31+00:00,2025-11-25 23:00:00+00:00,North Carolina Tar Heels,St. Bonaventure Bonnies,h2h,2h,-800.0,550.0,,,,,,,
2ebc70c0eb4f3b0eb23658f4bc45c3ac,BetUS,2025-11-25 15:12:34.983956+00:00,2025-11-25 15:11:31+00:00,2025-11-25 23:00:00+00:00,North Carolina Tar Heels,St. Bonaventure Bonnies,spreads,full_game,,,-12.5,-110.0,12.5,-110.0,,,
2ebc70c0eb4f3b0eb23658f4bc45c3ac,BetUS,2025-11-25 15:12:34.983956+00:00,2025-11-25 15:11:31+00:00,2025-11-25 23:00:00+00:00,North Carolina Tar Heels,St. Bonaventure Bonnies,totals,full_game,,,,,,,153.5,-110.0,-110.0
2ebc70c0eb4f3b0eb23658f4bc45c3ac,BetRivers,2025-11-25 15:12:34.983956+00:00,2025-11-25 15:11:57+00:00,2025-11-25 23:00:00+00:00,North Carolina Tar Heels,St. Bonaventure Bonnies,h2h,2h,-770.0,475.0,,,,,,,
2ebc70c0eb4f3b0eb23658f4bc45c3ac,BetRivers,2025-11-25 15:12:34.983956+00:00,2025-11-25 15:11:57+00:00,2025-11-25 23:00:00+00:00,North Carolina Tar Heels,St. Bonaventure Bonnies,spreads,full_game,,,-12.5,-107.0,12.5,-118.0,,,
2ebc70c0eb4f3b0eb23658f4bc45c3ac,BetRivers,2025-11-25 15:12:34.983956+00:00,2025-11-25 15:11:57+00:00,2025-11-25 23:00:00+00:00,North Carolina Tar Heels,St. Bonaventure Bonnies,totals,full_game,,,,,,,152.5,-115.0,-110.0
2ebc70c0eb4f3b0eb23658f4bc45c3ac,BetMGM,2025-11-25 15:12:34.983956+00:00,2025-11-25 15:11:57+00:00,2025-11-25 23:00:00+00:00,North Carolina Tar Heels,St. Bonaventure Bonnies,h2h,2h,-800.0,550.0,,,,,,,
2ebc70c0eb4f3b0eb23658f4bc45c3ac,BetMGM,2025-11-25 15:12:34.983956+00:00,2025-11-25 15:11:57+00:00,2025-11-25 23:00:00+00:00,North Carolina Tar Heels,St. Bonaventure Bonnies,spreads,full_game,,,-12.5,-105.0,12.5,-115.0,,,
2ebc70c0eb4f3b0eb23658f4bc45c3ac,BetMGM,2025-11-25 15:12:34.983956+00:00,2025-11-25 15:11:57+00:00,2025-11-25 23:00:00+00:00,North Carolina Tar Heels,St. Bonaventure Bonnies,totals,full_game,,,,,,,153.5,-110.0,-110.0
7098d0218646e98df29d0afae5e815d7,DraftKings,2025-11-25 15:12:34.983956+00:00,2025-11-25 15:12:22+00:00,2025-11-25 23:00:00+00:00,South Dakota St Jackrabbits,Utah Valley Wolverines,h2h,2h,102.0,-122.0,,,,,,,
7098d0218646e98df29d0afae5e815d7,DraftKings,2025-11-25 15:12:34.983956+00:00,2025-11-25 15:12:22+00:00,2025-11-25 23:00:00+00:00,South Dakota St Jackrabbits,Utah Valley Wolverines,spreads,full_game,,,1.5,-110.0,-1.5,-110.0,,,
7098d0218646e98df29d0afae5e815d7,DraftKings,2025-11-25 15:12:34.983956+00:00,2025-11-25 15:12:22+00:00,2025-11-25 23:00:00+00:00,South Dakota St Jackrabbits,Utah Valley Wolverines,totals,full_game,,,,,,,154.5,-105.0,-115.0
7098d0218646e98df29d0afae5e815d7,Caesars,2025-11-25 15:12:34.983956+00:00,2025-11-25 15:10:44+00:00,2025-11-25 23:00:00+00:00,South Dakota St Jackrabbits,Utah Valley Wolverines,h2h,2h,105.0,-125.0,,,,,,,
7098d0218646e98df29d0afae5e815d7,Caesars,2025-11-25 15:12:34.983956+00:00,2025-11-25 15:10:44+00:00,2025-11-25 23:00:00+00:00,South Dakota St Jackrabbits,Utah Valley Wolverines,spreads,full_game,,,1.5,-110.0,-1.5,-110.0,,,
7098d0218646e98df29d0afae5e815d7,Caesars,2025-11-25 15:12:34.983956+00:00,2025-11-25 15:10:44+00:00,2025-11-25 23:00:00+00:00,South Dakota St Jackrabbits,Utah Valley Wolverines,totals,full_game,,,,,,,154.5,-110.0,-110.0
7098d0218646e98df29d0afae5e815d7,BetOnline.ag,2025-11-25 15:12:34.983956+00:00,2025-11-25 15:12:11+00:00,2025-11-25 23:00:00+00:00,South Dakota St Jackrabbits,Utah Valley Wolverines,h2h,2h,105.0,-125.0,,,,,,,
7098d0218646e98df29d0afae5e815d7,BetOnline.ag,2025-11-25 15:12:34.983956+00:00,2025-11-25 15:12:11+00:00,2025-11-25 23:00:00+00:00,South Dakota St Jackrabbits,Utah Valley Wolverines,spreads,full_game,,,1.5,-110.0,-1.5,-110.0,,,
7098d0218646e98df29d0afae5e815d7,BetOnline.ag,2025-11-25 15:12:34.983956+00:00,2025-11-25 15:12:11+00:00,2025-11-25 23:00:00+00:00,South Dakota St Jackrabbits,Utah Valley Wolverines,totals,full_game,,,,,,,154.5,-110.0,-110.0
7098d0218646e98df29d0afae5e815d7,LowVig.ag,2025-11-25 15:12:34.983956+00:00,2025-11-25 15:12:23+00:00,2025-11-25 23:00:00+00:00,South Dakota St Jackrabbits,Utah Valley Wolverines,h2h,2h,105.0,-125.0,,,,,,,
7098d0218646e98df29d0afae5e815d7,LowVig.ag,2025-11-25 15:12:34.983956+00:00,2025-11-25 15:12:23+00:00,2025-11-25 23:00:00+00:00,South Dakota St Jackrabbits,Utah Valley Wolverines,spreads,full_game,,,1.5,-106.0,-1.5,-106.0,,,
7098d0218646e98df29d0afae5e815d7,LowVig.ag,2025-11-25 15:12:34.983956+00:00,2025-11-25 15:12:23+00:00,2025-11-25 23:00:00+00:00,South Dakota St Jackrabbits,Utah Valley Wolverines,totals,full_game,,,,,,,154.5,-108.0,-108.0
7098d0218646e98df29d0afae5e815d7,Bovada,2025-11-25 15:12:34.983956+00:00,2025-11-25 15:12:00+00:00,2025-11-25 23:00:00+00:00,South Dakota St Jackrabbits,Utah Valley Wolverines,h2h,2h,-105.0,-115.0,,,,,,,
7098d0218646e98df29d0afae5e815d7,Bovada,2025-11-25 15:12:34.983956+00:00,2025-11-25 15:12:00+00:00,2025-11-25 23:00:00+00:00,South Dakota St Jackrabbits,Utah Valley Wolverines,spreads,full_game,,,1.0,-110.0,-1.0,-110.0,,,
7098d0218646e98df29d0afae5e815d7,Bovada,2025-11-25 15:12:34.983956+00:00,2025-11-25 15:12:00+00:00,2025-11-25 23:00:00+00:00,South Dakota St Jackrabbits,Utah Valley Wolverines,totals,full_game,,,,,,,151.5,-110.0,-110.0
7098d0218646e98df29d0afae5e815d7,BetUS,2025-11-25 15:12:34.983956+00:00,2025-11-25 15:11:31+00:00,2025-11-25 23:00:00+00:00,South Dakota St Jackrabbits,Utah Valley Wolverines,h2h,2h,105.0,-125.0,,,,,,,
7098d0218646e98df29d0afae5e815d7,BetUS,2025-11-25 15:12:34.983956+00:00,2025-11-25 15:11:31+00:00,2025-11-25 23:00:00+00:00,South Dakota St Jackrabbits,Utah Valley Wolverines,spreads,full_game,,,1.5,-110.0,-1.5,-110.0,,,
7098d0218646e98df29d0afae5e815d7,BetUS,2025-11-25 15:12:34.983956+00:00,2025-11-25 15:11:31+00:00,2025-11-25 23:00:00+00:00,South Dakota St Jackrabbits,Utah Valley Wolverines,totals,full_game,,,,,,,154.5,-110.0,-110.0
7098d0218646e98df29d0afae5e815d7,BetRivers,2025-11-25 15:12:34.983956+00:00,2025-11-25 15:11:57+00:00,2025-11-25 23:00:00+00:00,South Dakota St Jackrabbits,Utah Valley Wolverines,h2h,2h,-108.0,-118.0,,,,,,,
7098d0218646e98df29d0afae5e815d7,BetRivers,2025-11-25 15:12:34.983956+00:00,2025-11-25 15:11:57+00:00,2025-11-25 23:00:00+00:00,South Dakota St Jackrabbits,Utah Valley Wolverines,spreads,full_game,,,1.5,-120.0,-1.5,-106.0,,,
7098d0218646e98df29d0afae5e815d7,BetRivers,2025-11-25 15:12:34.983956+00:00,2025-11-25 15:11:57+00:00,2025-11-25 23:00:00+00:00,South Dakota St Jackrabbits,Utah Valley Wolverines,totals,full_game,,,,,,,154.5,-112.0,-114.0
7098d0218646e98df29d0afae5e815d7,BetMGM,2025-11-25 15:12:34.983956+00:00,2025-11-25 15:11:57+00:00,2025-11-25 23:00:00+00:00,South Dakota St Jackrabbits,Utah Valley Wolverines,h2h,2h,105.0,-125.0,,,,,,,
7098d0218646e98df29d0afae5e815d7,BetMGM,2025-11-25 15:12:34.983956+00:00,2025-11-25 15:11:57+00:00,2025-11-25 23:00:00+00:00,South Dakota St Jackrabbits,Utah Valley Wolverines,spreads,full_game,,,1.5,-110.0,-1.5,-110.0,,,
7098d0218646e98df29d0afae5e815d7,BetMGM,2025-11-25 15:12:34.983956+00:00,2025-11-25 15:11:57+00:00,2025-11-25 23:00:00+00:00,South Dakota St Jackrabbits,Utah Valley Wolverines,totals,full_game,,,,,,,154.5,-105.0,-115.0
7098d0218646e98df29d0afae5e815d7,FanDuel,2025-11-25 15:12:34.983956+00:00,2025-11-25 15:12:25+00:00,2025-11-25 23:00:00+00:00,South Dakota St Jackrabbits,Utah Valley Wolverines,h2h,2h,102.0,-124.0,,,,,,,
7098d0218646e98df29d0afae5e815d7,FanDuel,2025-11-25 15:12:34.983956+00:00,2025-11-25 15:12:25+00:00,2025-11-25 23:00:00+00:00,South Dakota St Jackrabbits,Utah Valley Wolverines,spreads,full_game,,,1.5,-110.0,-1.5,-110.0,,,
7098d0218646e98df29d0afae5e815d7,FanDuel,2025-11-25 15:12:34.983956+00:00,2025-11-25 15:12:25+00:00,2025-11-25 23:00:00+00:00,South Dakota St Jackrabbits,Utah Valley Wolverines,totals,full_game,,,,,,,152.5,-110.0,-114.0
a1335fa7997cc4da232fb197fbf1a191,DraftKings,2025-11-25 15:12:34.983956+00:00,2025-11-25 15:12:22+00:00,2025-11-25 23:30:00+00:00,Abilene Christian Wildcats,William & Mary Tribe,spreads,full_game,,,1.5,-110.0,-1.5,-110.0,,,
a1335fa7997cc4da232fb197fbf1a191,DraftKings,2025-11-25 15:12:34.983956+00:00,2025-11-25 15:12:22+00:00,2025-11-25 23:30:00+00:00,Abilene Christian Wildcats,William & Mary Tribe,totals,full_game,,,,,,,148.5,-108.0,-112.0
a1335fa7997cc4da232fb197fbf1a191,Fanatics,2025-11-25 15:12:34.983956+00:00,2025-11-25 15:12:09+00:00,2025-11-25 23:30:00+00:00,Abilene Christian Wildcats,William & Mary Tribe,h2h,2h,105.0,-125.0,,,,,,,
a1335fa7997cc4da232fb197fbf1a191,Fanatics,2025-11-25 15:12:34.983956+00:00,2025-11-25 15:12:09+00:00,2025-11-25 23:30:00+00:00,Abilene Christian Wildcats,William & Mary Tribe,spreads,full_game,,,1.5,-110.0,-1.5,-110.0,,,
a1335fa7997cc4da232fb197fbf1a191,Fanatics,2025-11-25 15:12:34.983956+00:00,2025-11-25 15:12:09+00:00,2025-11-25 23:30:00+00:00,Abilene Christian Wildcats,William & Mary Tribe,totals,full_game,,,,,,,148.0,-110.0,-110.0
a1335fa7997cc4da232fb197fbf1a191,LowVig.ag,2025-11-25 15:12:34.983956+00:00,2025-11-25 15:12:23+00:00,2025-11-25 23:30:00+00:00,Abilene Christian Wildcats,William & Mary Tribe,h2h,2h,100.0,-120.0,,,,,,,
a1335fa7997cc4da232fb197fbf1a191,LowVig.ag,2025-11-25 15:12:34.983956+00:00,2025-11-25 15:12:23+00:00,2025-11-25 23:30:00+00:00,Abilene Christian Wildcats,William & Mary Tribe,spreads,full_game,,,1.5,-106.0,-1.5,-106.0,,,
a1335fa7997cc4da232fb197fbf1a191,LowVig.ag,2025-11-25 15:12:34.983956+00:00,2025-11-25 15:12:23+00:00,2025-11-25 23:30:00+00:00,Abilene Christian Wildcats,William & Mary Tribe,totals,full_game,,,,,,,149.0,-108.0,-108.0
a1335fa7997cc4da232fb197fbf1a191,BetOnline.ag,2025-11-25 15:12:34.983956+00:00,2025-11-25 15:12:11+00:00,2025-11-25 23:30:00+00:00,Abilene Christian Wildcats,William & Mary Tribe,h2h,2h,100.0,-120.0,,,,,,,
a1335fa7997cc4da232fb197fbf1a191,BetOnline.ag,2025-11-25 15:12:34.983956+00:00,2025-11-25 15:12:11+00:00,2025-11-25 23:30:00+00:00,Abilene Christian Wildcats,William & Mary Tribe,spreads,full_game,,,1.5,-110.0,-1.5,-110.0,,,
a1335fa7997cc4da232fb197fbf1a191,BetOnline.ag,2025-11-25 15:12:34.983956+00:00,2025-11-25 15:12:11+00:00,2025-11-25 23:30:00+00:00,Abilene Christian Wildcats,William & Mary Tribe,totals,full_game,,,,,,,149.0,-110.0,-110.0
a1335fa7997cc4da232fb197fbf1a191,Caesars,2025-11-25 15:12:34.983956+00:00,2025-11-25 15:10:44+00:00,2025-11-25 23:30:00+00:00,Abilene Christian Wildcats,William & Mary Tribe,h2h,2h,100.0,-120.0,,,,,,,
a1335fa7997cc4da232fb197fbf1a191,Caesars,2025-11-25 15:12:34.983956+00:00,2025-11-25 15:10:44+00:00,2025-11-25 23:30:00+00:00,Abilene Christian Wildcats,William & Mary Tribe,spreads,full_game,,,1.5,-110.0,-1.5,-110.0,,,
a1335fa7997cc4da232fb197fbf1a191,Caesars,2025-11-25 15:12:34.983956+00:00,2025-11-25 15:10:44+00:00,2025-11-25 23:30:00+00:00,Abilene Christian Wildcats,William & Mary Tribe,totals,full_game,,,,,,,149.0,-110.0,-110.0
a1335fa7997cc4da232fb197fbf1a191,BetMGM,2025-11-25 15:12:34.983956+00:00,2025-11-25 15:11:57+00:00,2025-11-25 23:30:00+00:00,Abilene Christian Wildcats,William & Mary Tribe,h2h,2h,100.0,-120.0,,,,,,,
a1335fa7997cc4da232fb197fbf1a191,BetMGM,2025-11-25 15:12:34.983956+00:00,2025-11-25 15:11:57+00:00,2025-11-25 23:30:00+00:00,Abilene Christian Wildcats,William & Mary Tribe,spreads,full_game,,,1.5,-110.0,-1.5,-110.0,,,
a1335fa7997cc4da232fb197fbf1a191,BetMGM,2025-11-25 15:12:34.983956+00:00,2025-11-25 15:11:57+00:00,2025-11-25 23:30:00+00:00,Abilene Christian Wildcats,William & Mary Tribe,totals,full_game,,,,,,,148.5,-115.0,-105.0
a1335fa7997cc4da232fb197fbf1a191,BetRivers,2025-11-25 15:12:34.983956+00:00,2025-11-25 15:11:57+00:00,2025-11-25 23:30:00+00:00,Abilene Christian Wildcats,William & Mary Tribe,h2h,2h,102.0,-129.0,,,,,,,
a1335fa7997cc4da232fb197fbf1a191,BetRivers,2025-11-25 15:12:34.983956+00:00,2025-11-25 15:11:57+00:00,2025-11-25 23:30:00+00:00,Abilene Christian Wildcats,William & Mary Tribe,spreads,full_game,,,1.5,-112.0,-1.5,-114.0,,,
a1335fa7997cc4da232fb197fbf1a191,BetRivers,2025-11-25 15:12:34.983956+00:00,2025-11-25 15:11:57+00:00,2025-11-25 23:30:00+00:00,Abilene Christian Wildcats,William & Mary Tribe,totals,full_game,,,,,,,148.5,-115.0,-110.0
a1335fa7997cc4da232fb197fbf1a191,FanDuel,2025-11-25 15:12:34.983956+00:00,2025-11-25 15:12:25+00:00,2025-11-25 23:30:00+00:00,Abilene Christian Wildcats,William & Mary Tribe,h2h,2h,100.0,-122.0,,,,,,,
a1335fa7997cc4da232fb197fbf1a191,FanDuel,2025-11-25 15:12:34.983956+00:00,2025-11-25 15:12:25+00:00,2025-11-25 23:30:00+00:00,Abilene Christian Wildcats,William & Mary Tribe,spreads,full_game,,,1.5,-114.0,-1.5,-106.0,,,
a1335fa7997cc4da232fb197fbf1a191,FanDuel,2025-11-25 15:12:34.983956+00:00,2025-11-25 15:12:25+00:00,2025-11-25 23:30:00+00:00,Abilene Christian Wildcats,William & Mary Tribe,totals,full_game,,,,,,,148.5,-110.0,-114.0
a1335fa7997cc4da232fb197fbf1a191,BetUS,2025-11-25 15:12:34.983956+00:00,2025-11-25 15:11:31+00:00,2025-11-25 23:30:00+00:00,Abilene Christian Wildcats,William & Mary Tribe,h2h,2h,100.0,-120.0,,,,,,,
a1335fa7997cc4da232fb197fbf1a191,BetUS,2025-11-25 15:12:34.983956+00:00,2025-11-25 15:11:31+00:00,2025-11-25 23:30:00+00:00,Abilene Christian Wildcats,William & Mary Tribe,spreads,full_game,,,1.5,-110.0,-1.5,-110.0,,,
a1335fa7997cc4da232fb197fbf1a191,BetUS,2025-11-25 15:12:34.983956+00:00,2025-11-25 15:11:31+00:00,2025-11-25 23:30:00+00:00,Abilene Christian Wildcats,William & Mary Tribe,totals,full_game,,,,,,,148.5,-110.0,-110.0
a1335fa7997cc4da232fb197fbf1a191,Bovada,2025-11-25 15:12:34.983956+00:00,2025-11-25 15:12:00+00:00,2025-11-25 23:30:00+00:00,Abilene Christian Wildcats,William & Mary Tribe,h2h,2h,100.0,-120.0,,,,,,,
a1335fa7997cc4da232fb197fbf1a191,Bovada,2025-11-25 15:12:34.983956+00:00,2025-11-25 15:12:00+00:00,2025-11-25 23:30:00+00:00,Abilene Christian Wildcats,William & Mary Tribe,spreads,full_game,,,1.5,-110.0,-1.5,-110.0,,,
a1335fa7997cc4da232fb197fbf1a191,Bovada,2025-11-25 15:12:34.983956+00:00,2025-11-25 15:12:00+00:00,2025-11-25 23:30:00+00:00,Abilene Christian Wildcats,William & Mary Tribe,totals,full_game,,,,,,,148.0,-110.0,-110.0
2df37b86b38cc238e38e0e6d4fffc9e6,DraftKings,2025-11-25 15:12:34.983956+00:00,2025-11-25 15:12:22+00:00,2025-11-25 23:30:00+00:00,San Diego Toreros,Cal Baptist Lancers,h2h,2h,280.0,-355.0,,,,,,,
2df37b86b38cc238e38e0e6d4fffc9e6,DraftKings,2025-11-25 15:12:34.983956+00:00,2025-11-25 15:12:22+00:00,2025-11-25 23:30:00+00:00,San Diego Toreros,Cal Baptist Lancers,spreads,full_game,,,7.5,-105.0,-7.5,-115.0,,,
2df37b86b38cc238e38e0e6d4fffc9e6,DraftKings,2025-11-25 15:12:34.983956+00:00,2025-11-25 15:12:22+00:00,2025-11-25 23:30:00+00:00,San Diego Toreros,Cal Baptist Lancers,totals,full_game,,,,,,,146.5,-108.0,-112.0
2df37b86b38cc238e38e0e6d4fffc9e6,LowVig.ag,2025-11-25 15:12:34.983956+00:00,2025-11-25 15:12:23+00:00,2025-11-25 23:30:00+00:00,San Diego Toreros,Cal Baptist Lancers,h2h,2h,280.0,-350.0,,,,,,,
2df37b86b38cc238e38e0e6d4fffc9e6,LowVig.ag,2025-11-25 15:12:34.983956+00:00,2025-11-25 15:12:23+00:00,2025-11-25 23:30:00+00:00,San Diego Toreros,Cal Baptist Lancers,spreads,full_game,,,7.5,-101.0,-7.5,-111.0,,,
2df37b86b38cc238e38e0e6d4fffc9e6,LowVig.ag,2025-11-25 15:12:34.983956+00:00,2025-11-25 15:12:23+00:00,2025-11-25 23:30:00+00:00,San Diego Toreros,Cal Baptist Lancers,totals,full_game,,,,,,,146.5,-103.0,-113.0
2df37b86b38cc238e38e0e6d4fffc9e6,BetOnline.ag,2025-11-25 15:12:34.983956+00:00,2025-11-25 15:12:11+00:00,2025-11-25 23:30:00+00:00,San Diego Toreros,Cal Baptist Lancers,h2h,2h,280.0,-350.0,,,,,,,
2df37b86b38cc238e38e0e6d4fffc9e6,BetOnline.ag,2025-11-25 15:12:34.983956+00:00,2025-11-25 15:12:11+00:00,2025-11-25 23:30:00+00:00,San Diego Toreros,Cal Baptist Lancers,spreads,full_game,,,7.5,-105.0,-7.5,-115.0,,,
2df37b86b38cc238e38e0e6d4fffc9e6,BetOnline.ag,2025-11-25 15:12:34.983956+00:00,2025-11-25 15:12:11+00:00,2025-11-25 23:30:00+00:00,San Diego Toreros,Cal Baptist Lancers,totals,full_game,,,,,,,146.5,-105.0,-115.0
2df37b86b38cc238e38e0e6d4fffc9e6,Caesars,2025-11-25 15:12:34.983956+00:00,2025-11-25 15:10:44+00:00,2025-11-25 23:30:00+00:00,San Diego Toreros,Cal Baptist Lancers,h2h,2h,278.0,-355.0,,,,,,,
2df37b86b38cc238e38e0e6d4fffc9e6,Caesars,2025-11-25 15:12:34.983956+00:00,2025-11-25 15:10:44+00:00,2025-11-25 23:30:00+00:00,San Diego Toreros,Cal Baptist Lancers,spreads,full_game,,,7.5,-110.0,-7.5,-110.0,,,
2df37b86b38cc238e38e0e6d4fffc9e6,Caesars,2025-11-25 15:12:34.983956+00:00,2025-11-25 15:10:44+00:00,2025-11-25 23:30:00+00:00,San Diego Toreros,Cal Baptist Lancers,totals,full_game,,,,,,,146.5,-110.0,-110.0
2df37b86b38cc238e38e0e6d4fffc9e6,Fanatics,2025-11-25 15:12:34.983956+00:00,2025-11-25 15:12:09+00:00,2025-11-25 23:30:00+00:00,San Diego Toreros,Cal Baptist Lancers,h2h,2h,280.0,-350.0,,,,,,,
2df37b86b38cc238e38e0e6d4fffc9e6,Fanatics,2025-11-25 15:12:34.983956+00:00,2025-11-25 15:12:09+00:00,2025-11-25 23:30:00+00:00,San Diego Toreros,Cal Baptist Lancers,spreads,full_game,,,8.0,-110.0,-8.0,-110.0,,,
2df37b86b38cc238e38e0e6d4fffc9e6,Fanatics,2025-11-25 15:12:34.983956+00:00,2025-11-25 15:12:09+00:00,2025-11-25 23:30:00+00:00,San Diego Toreros,Cal Baptist Lancers,totals,full_game,,,,,,,147.0,-110.0,-110.0
2df37b86b38cc238e38e0e6d4fffc9e6,Bovada,2025-11-25 15:12:34.983956+00:00,2025-11-25 15:12:00+00:00,2025-11-25 23:30:00+00:00,San Diego Toreros,Cal Baptist Lancers,h2h,2h,250.0,-300.0,,,,,,,
2df37b86b38cc238e38e0e6d4fffc9e6,Bovada,2025-11-25 15:12:34.983956+00:00,2025-11-25 15:12:00+00:00,2025-11-25 23:30:00+00:00,San Diego Toreros,Cal Baptist Lancers,spreads,full_game,,,7.0,-110.0,-7.0,-110.0,,,
2df37b86b38cc238e38e0e6d4fffc9e6,Bovada,2025-11-25 15:12:34.983956+00:00,2025-11-25 15:12:00+00:00,2025-11-25 23:30:00+00:00,San Diego Toreros,Cal Baptist Lancers,totals,full_game,,,,,,,149.0,-110.0,-110.0
2df37b86b38cc238e38e0e6d4fffc9e6,BetUS,2025-11-25 15:12:34.983956+00:00,2025-11-25 15:11:31+00:00,2025-11-25 23:30:00+00:00,San Diego Toreros,Cal Baptist Lancers,h2h,2h,280.0,-350.0,,,,,,,
2df37b86b38cc238e38e0e6d4fffc9e6,BetUS,2025-11-25 15:12:34.983956+00:00,2025-11-25 15:11:31+00:00,2025-11-25 23:30:00+00:00,San Diego Toreros,Cal Baptist Lancers,spreads,full_game,,,7.5,-105.0,-7.5,-115.0,,,
2df37b86b38cc238e38e0e6d4fffc9e6,BetUS,2025-11-25 15:12:34.983956+00:00,2025-11-25 15:11:31+00:00,2025-11-25 23:30:00+00:00,San Diego Toreros,Cal Baptist Lancers,totals,full_game,,,,,,,146.0,-110.0,-110.0
2df37b86b38cc238e38e0e6d4fffc9e6,BetRivers,2025-11-25 15:12:34.983956+00:00,2025-11-25 15:11:57+00:00,2025-11-25 23:30:00+00:00,San Diego Toreros,Cal Baptist Lancers,h2h,2h,270.0,-385.0,,,,,,,
2df37b86b38cc238e38e0e6d4fffc9e6,BetRivers,2025-11-25 15:12:34.983956+00:00,2025-11-25 15:11:57+00:00,2025-11-25 23:30:00+00:00,San Diego Toreros,Cal Baptist Lancers,spreads,full_game,,,7.5,-115.0,-7.5,-110.0,,,
2df37b86b38cc238e38e0e6d4fffc9e6,BetRivers,2025-11-25 15:12:34.983956+00:00,2025-11-25 15:11:57+00:00,2025-11-25 23:30:00+00:00,San Diego Toreros,Cal Baptist Lancers,totals,full_game,,,,,,,146.5,-118.0,-108.0
2df37b86b38cc238e38e0e6d4fffc9e6,BetMGM,2025-11-25 15:12:34.983956+00:00,2025-11-25 15:11:57+00:00,2025-11-25 23:30:00+00:00,San Diego Toreros,Cal Baptist Lancers,h2h,2h,275.0,-350.0,,,,,,,
2df37b86b38cc238e38e0e6d4fffc9e6,BetMGM,2025-11-25 15:12:34.983956+00:00,2025-11-25 15:11:57+00:00,2025-11-25 23:30:00+00:00,San Diego Toreros,Cal Baptist Lancers,spreads,full_game,,,7.5,-105.0,-7.5,-115.0,,,
2df37b86b38cc238e38e0e6d4fffc9e6,BetMGM,2025-11-25 15:12:34.983956+00:00,2025-11-25 15:11:57+00:00,2025-11-25 23:30:00+00:00,San Diego Toreros,Cal Baptist Lancers,totals,full_game,,,,,,,146.5,-105.0,-115.0
2df37b86b38cc238e38e0e6d4fffc9e6,FanDuel,2025-11-25 15:12:34.983956+00:00,2025-11-25 15:12:25+00:00,2025-11-25 23:30:00+00:00,San Diego Toreros,Cal Baptist Lancers,h2h,2h,290.0,-400.0,,,,,,,
2df37b86b38cc238e38e0e6d4fffc9e6,FanDuel,2025-11-25 15:12:34.983956+00:00,2025-11-25 15:12:25+00:00,2025-11-25 23:30:00+00:00,San Diego Toreros,Cal Baptist Lancers,spreads,full_game,,,7.5,-105.0,-7.5,-115.0,,,
2df37b86b38cc238e38e0e6d4fffc9e6,FanDuel,2025-11-25 15:12:34.983956+00:00,2025-11-25 15:12:25+00:00,2025-11-25 23:30:00+00:00,San Diego Toreros,Cal Baptist Lancers,totals,full_game,,,,,,,146.5,-114.0,-110.0
0df333d06881f3a4b50c049bc681535d,DraftKings,2025-11-25 15:12:34.983956+00:00,2025-11-25 15:12:22+00:00,2025-11-25 23:30:00+00:00,Ohio State Buckeyes,Mt. St. Mary's Mountaineers,h2h,2h,-100000.0,5000.0,,,,,,,
0df333d06881f3a4b50c049bc681535d,DraftKings,2025-11-25 15:12:34.983956+00:00,2025-11-25 15:12:22+00:00,2025-11-25 23:30:00+00:00,Ohio State Buckeyes,Mt. St. Mary's Mountaineers,spreads,full_game,,,-30.5,-108.0,30.5,-112.0,,,
0df333d06881f3a4b50c049bc681535d,DraftKings,2025-11-25 15:12:34.983956+00:00,2025-11-25 15:12:22+00:00,2025-11-25 23:30:00+00:00,Ohio State Buckeyes,Mt. St. Mary's Mountaineers,totals,full_game,,,,,,,149.5,-115.0,-105.0
0df333d06881f3a4b50c049bc681535d,BetOnline.ag,2025-11-25 15:12:34.983956+00:00,2025-11-25 15:12:11+00:00,2025-11-25 23:30:00+00:00,Ohio State Buckeyes,Mt. St. Mary's Mountaineers,spreads,full_game,,,-28.0,-115.0,28.0,-105.0,,,
0df333d06881f3a4b50c049bc681535d,BetOnline.ag,2025-11-25 15:12:34.983956+00:00,2025-11-25 15:12:11+00:00,2025-11-25 23:30:00+00:00,Ohio State Buckeyes,Mt. St. Mary's Mountaineers,totals,full_game,,,,,,,149.5,-115.0,-105.0
0df333d06881f3a4b50c049bc681535d,Fanatics,2025-11-25 15:12:34.983956+00:00,2025-11-25 15:12:09+00:00,2025-11-25 23:30:00+00:00,Ohio State Buckeyes,Mt. St. Mary's Mountaineers,spreads,full_game,,,-28.0,-110.0,28.0,-110.0,,,
0df333d06881f3a4b50c049bc681535d,Fanatics,2025-11-25 15:12:34.983956+00:00,2025-11-25 15:12:09+00:00,2025-11-25 23:30:00+00:00,Ohio State Buckeyes,Mt. St. Mary's Mountaineers,totals,full_game,,,,,,,150.0,-110.0,-110.0
0df333d06881f3a4b50c049bc681535d,LowVig.ag,2025-11-25 15:12:34.983956+00:00,2025-11-25 15:12:23+00:00,2025-11-25 23:30:00+00:00,Ohio State Buckeyes,Mt. St. Mary's Mountaineers,spreads,full_game,,,-28.0,-111.0,28.0,-101.0,,,
0df333d06881f3a4b50c049bc681535d,LowVig.ag,2025-11-25 15:12:34.983956+00:00,2025-11-25 15:12:23+00:00,2025-11-25 23:30:00+00:00,Ohio State Buckeyes,Mt. St. Mary's Mountaineers,totals,full_game,,,,,,,149.5,-113.0,-103.0
0df333d06881f3a4b50c049bc681535d,Caesars,2025-11-25 15:12:34.983956+00:00,2025-11-25 15:10:44+00:00,2025-11-25 23:30:00+00:00,Ohio State Buckeyes,Mt. St. Mary's Mountaineers,totals,full_game,,,,,,,149.5,-110.0,-110.0
0df333d06881f3a4b50c049bc681535d,BetUS,2025-11-25 15:12:34.983956+00:00,2025-11-25 15:11:31+00:00,2025-11-25 23:30:00+00:00,Ohio State Buckeyes,Mt. St. Mary's Mountaineers,spreads,full_game,,,-28.0,-115.0,28.0,-105.0,,,
0df333d06881f3a4b50c049bc681535d,BetUS,2025-11-25 15:12:34.983956+00:00,2025-11-25 15:11:31+00:00,2025-11-25 23:30:00+00:00,Ohio State Buckeyes,Mt. St. Mary's Mountaineers,totals,full_game,,,,,,,149.5,-115.0,-105.0
0df333d06881f3a4b50c049bc681535d,BetRivers,2025-11-25 15:12:34.983956+00:00,2025-11-25 15:11:57+00:00,2025-11-25 23:30:00+00:00,Ohio State Buckeyes,Mt. St. Mary's Mountaineers,spreads,full_game,,,-27.5,-114.0,27.5,-112.0,,,
0df333d06881f3a4b50c049bc681535d,BetRivers,2025-11-25 15:12:34.983956+00:00,2025-11-25 15:11:57+00:00,2025-11-25 23:30:00+00:00,Ohio State Buckeyes,Mt. St. Mary's Mountaineers,totals,full_game,,,,,,,147.5,-118.0,-108.0
0df333d06881f3a4b50c049bc681535d,Bovada,2025-11-25 15:12:34.983956+00:00,2025-11-25 15:12:00+00:00,2025-11-25 23:30:00+00:00,Ohio State Buckeyes,Mt. St. Mary's Mountaineers,spreads,full_game,,,-27.0,-105.0,27.0,-115.0,,,
0df333d06881f3a4b50c049bc681535d,Bovada,2025-11-25 15:12:34.983956+00:00,2025-11-25 15:12:00+00:00,2025-11-25 23:30:00+00:00,Ohio State Buckeyes,Mt. St. Mary's Mountaineers,totals,full_game,,,,,,,147.5,-110.0,-110.0
0df333d06881f3a4b50c049bc681535d,BetMGM,2025-11-25 15:12:34.983956+00:00,2025-11-25 15:11:57+00:00,2025-11-25 23:30:00+00:00,Ohio State Buckeyes,Mt. St. Mary's Mountaineers,h2h,2h,-10000.0,3300.0,,,,,,,
0df333d06881f3a4b50c049bc681535d,BetMGM,2025-11-25 15:12:34.983956+00:00,2025-11-25 15:11:57+00:00,2025-11-25 23:30:00+00:00,Ohio State Buckeyes,Mt. St. Mary's Mountaineers,totals,full_game,,,,,,,151.5,-110.0,-110.0
0df333d06881f3a4b50c049bc681535d,FanDuel,2025-11-25 15:12:34.983956+00:00,2025-11-25 15:12:25+00:00,2025-11-25 23:30:00+00:00,Ohio State Buckeyes,Mt. St. Mary's Mountaineers,spreads,full_game,,,-28.5,-105.0,28.5,-115.0,,,
0df333d06881f3a4b50c049bc681535d,FanDuel,2025-11-25 15:12:34.983956+00:00,2025-11-25 15:12:25+00:00,2025-11-25 23:30:00+00:00,Ohio State Buckeyes,Mt. St. Mary's Mountaineers,totals,full_game,,,,,,,149.5,-112.0,-112.0
2a8888f94ea2e725d8de00b0ee946801,DraftKings,2025-11-25 15:12:34.983956+00:00,2025-11-25 15:12:22+00:00,2025-11-25 23:30:00+00:00,UNC Asheville Bulldogs,Tennessee St Tigers,h2h,2h,-250.0,205.0,,,,,,,
2a8888f94ea2e725d8de00b0ee946801,DraftKings,2025-11-25 15:12:34.983956+00:00,2025-11-25 15:12:22+00:00,2025-11-25 23:30:00+00:00,UNC Asheville Bulldogs,Tennessee St Tigers,spreads,full_game,,,-5.5,-112.0,5.5,-108.0,,,
2a8888f94ea2e725d8de00b0ee946801,DraftKings,2025-11-25 15:12:34.983956+00:00,2025-11-25 15:12:22+00:00,2025-11-25 23:30:00+00:00,UNC Asheville Bulldogs,Tennessee St Tigers,totals,full_game,,,,,,,159.5,-110.0,-110.0
2a8888f94ea2e725d8de00b0ee946801,BetOnline.ag,2025-11-25 15:12:34.983956+00:00,2025-11-25 15:12:11+00:00,2025-11-25 23:30:00+00:00,UNC Asheville Bulldogs,Tennessee St Tigers,spreads,full_game,,,-5.5,-116.0,5.5,-104.0,,,
2a8888f94ea2e725d8de00b0ee946801,BetOnline.ag,2025-11-25 15:12:34.983956+00:00,2025-11-25 15:12:11+00:00,2025-11-25 23:30:00+00:00,UNC Asheville Bulldogs,Tennessee St Tigers,totals,full_game,,,,,,,159.5,-115.0,-105.0
2a8888f94ea2e725d8de00b0ee946801,LowVig.ag,2025-11-25 15:12:34.983956+00:00,2025-11-25 15:12:23+00:00,2025-11-25 23:30:00+00:00,UNC Asheville Bulldogs,Tennessee St Tigers,spreads,full_game,,,-5.5,-112.0,5.5,100.0,,,
2a8888f94ea2e725d8de00b0ee946801,LowVig.ag,2025-11-25 15:12:34.983956+00:00,2025-11-25 15:12:23+00:00,2025-11-25 23:30:00+00:00,UNC Asheville Bulldogs,Tennessee St Tigers,totals,full_game,,,,,,,159.5,-108.0,-108.0
2a8888f94ea2e725d8de00b0ee946801,Fanatics,2025-11-25 15:12:34.983956+00:00,2025-11-25 15:12:09+00:00,2025-11-25 23:30:00+00:00,UNC Asheville Bulldogs,Tennessee St Tigers,h2h,2h,-250.0,200.0,,,,,,,
2a8888f94ea2e725d8de00b0ee946801,Fanatics,2025-11-25 15:12:34.983956+00:00,2025-11-25 15:12:09+00:00,2025-11-25 23:30:00+00:00,UNC Asheville Bulldogs,Tennessee St Tigers,spreads,full_game,,,-6.0,-110.0,6.0,-110.0,,,
2a8888f94ea2e725d8de00b0ee946801,Fanatics,2025-11-25 15:12:34.983956+00:00,2025-11-25 15:12:09+00:00,2025-11-25 23:30:00+00:00,UNC Asheville Bulldogs,Tennessee St Tigers,totals,full_game,,,,,,,157.5,-110.0,-110.0
2a8888f94ea2e725d8de00b0ee946801,Caesars,2025-11-25 15:12:34.983956+00:00,2025-11-25 15:10:44+00:00,2025-11-25 23:30:00+00:00,UNC Asheville Bulldogs,Tennessee St Tigers,spreads,full_game,,,-5.5,-115.0,5.5,-105.0,,,
2a8888f94ea2e725d8de00b0ee946801,Caesars,2025-11-25 15:12:34.983956+00:00,2025-11-25 15:10:44+00:00,2025-11-25 23:30:00+00:00,UNC Asheville Bulldogs,Tennessee St Tigers,totals,full_game,,,,,,,159.5,-115.0,-105.0
2a8888f94ea2e725d8de00b0ee946801,FanDuel,2025-11-25 15:12:34.983956+00:00,2025-11-25 15:12:25+00:00,2025-11-25 23:30:00+00:00,UNC Asheville Bulldogs,Tennessee St Tigers,h2h,2h,-260.0,205.0,,,,,,,
2a8888f94ea2e725d8de00b0ee946801,FanDuel,2025-11-25 15:12:34.983956+00:00,2025-11-25 15:12:25+00:00,2025-11-25 23:30:00+00:00,UNC Asheville Bulldogs,Tennessee St Tigers,spreads,full_game,,,-5.5,-114.0,5.5,-106.0,,,
2a8888f94ea2e725d8de00b0ee946801,FanDuel,2025-11-25 15:12:34.983956+00:00,2025-11-25 15:12:25+00:00,2025-11-25 23:30:00+00:00,UNC Asheville Bulldogs,Tennessee St Tigers,totals,full_game,,,,,,,158.5,-114.0,-110.0
2a8888f94ea2e725d8de00b0ee946801,BetRivers,2025-11-25 15:12:34.983956+00:00,2025-11-25 15:11:57+00:00,2025-11-25 23:30:00+00:00,UNC Asheville Bulldogs,Tennessee St Tigers,h2h,2h,-265.0,195.0,,,,,,,
2a8888f94ea2e725d8de00b0ee946801,BetRivers,2025-11-25 15:12:34.983956+00:00,2025-11-25 15:11:57+00:00,2025-11-25 23:30:00+00:00,UNC Asheville Bulldogs,Tennessee St Tigers,spreads,full_game,,,-6.5,-105.0,6.5,-121.0,,,
2a8888f94ea2e725d8de00b0ee946801,BetRivers,2025-11-25 15:12:34.983956+00:00,2025-11-25 15:11:57+00:00,2025-11-25 23:30:00+00:00,UNC Asheville Bulldogs,Tennessee St Tigers,totals,full_game,,,,,,,157.5,-109.0,-117.0
2a8888f94ea2e725d8de00b0ee946801,BetMGM,2025-11-25 15:12:34.983956+00:00,2025-11-25 15:11:57+00:00,2025-11-25 23:30:00+00:00,UNC Asheville Bulldogs,Tennessee St Tigers,h2h,2h,-250.0,200.0,,,,,,,
2a8888f94ea2e725d8de00b0ee946801,BetMGM,2025-11-25 15:12:34.983956+00:00,2025-11-25 15:11:57+00:00,2025-11-25 23:30:00+00:00,UNC Asheville Bulldogs,Tennessee St Tigers,spreads,full_game,,,-5.5,-115.0,5.5,-105.0,,,
2a8888f94ea2e725d8de00b0ee946801,BetMGM,2025-11-25 15:12:34.983956+00:00,2025-11-25 15:11:57+00:00,2025-11-25 23:30:00+00:00,UNC Asheville Bulldogs,Tennessee St Tigers,totals,full_game,,,,,,,159.5,-110.0,-110.0
2a8888f94ea2e725d8de00b0ee946801,Bovada,2025-11-25 15:12:34.983956+00:00,2025-11-25 15:12:00+00:00,2025-11-25 23:30:00+00:00,UNC Asheville Bulldogs,Tennessee St Tigers,spreads,full_game,,,-5.5,-115.0,5.5,-105.0,,,
2a8888f94ea2e725d8de00b0ee946801,Bovada,2025-11-25 15:12:34.983956+00:00,2025-11-25 15:12:00+00:00,2025-11-25 23:30:00+00:00,UNC Asheville Bulldogs,Tennessee St Tigers,totals,full_game,,,,,,,156.0,-110.0,-110.0
10f7f928eec55035818df355379ceb4f,DraftKings,2025-11-25 15:12:34.983956+00:00,2025-11-25 15:12:22+00:00,2025-11-26 00:00:00+00:00,Bellarmine Knights,Houston Christian Huskies,spreads,full_game,,,3.5,-110.0,-3.5,-110.0,,,
10f7f928eec55035818df355379ceb4f,DraftKings,2025-11-25 15:12:34.983956+00:00,2025-11-25 15:12:22+00:00,2025-11-26 00:00:00+00:00,Bellarmine Knights,Houston Christian Huskies,totals,full_game,,,,,,,148.5,-110.0,-110.0
10f7f928eec55035818df355379ceb4f,Fanatics,2025-11-25 15:12:34.983956+00:00,2025-11-25 15:12:09+00:00,2025-11-26 00:00:00+00:00,Bellarmine Knights,Houston Christian Huskies,h2h,2h,130.0,-160.0,,,,,,,
10f7f928eec55035818df355379ceb4f,Fanatics,2025-11-25 15:12:34.983956+00:00,2025-11-25 15:12:09+00:00,2025-11-26 00:00:00+00:00,Bellarmine Knights,Houston Christian Huskies,spreads,full_game,,,3.0,-110.0,-3.0,-110.0,,,
10f7f928eec55035818df355379ceb4f,Fanatics,2025-11-25 15:12:34.983956+00:00,2025-11-25 15:12:09+00:00,2025-11-26 00:00:00+00:00,Bellarmine Knights,Houston Christian Huskies,totals,full_game,,,,,,,147.0,-110.0,-110.0
10f7f928eec55035818df355379ceb4f,FanDuel,2025-11-25 15:12:34.983956+00:00,2025-11-25 15:12:25+00:00,2025-11-26 00:00:00+00:00,Bellarmine Knights,Houston Christian Huskies,h2h,2h,134.0,-164.0,,,,,,,
10f7f928eec55035818df355379ceb4f,FanDuel,2025-11-25 15:12:34.983956+00:00,2025-11-25 15:12:25+00:00,2025-11-26 00:00:00+00:00,Bellarmine Knights,Houston Christian Huskies,spreads,full_game,,,3.5,-118.0,-3.5,-104.0,,,
10f7f928eec55035818df355379ceb4f,FanDuel,2025-11-25 15:12:34.983956+00:00,2025-11-25 15:12:25+00:00,2025-11-26 00:00:00+00:00,Bellarmine Knights,Houston Christian Huskies,totals,full_game,,,,,,,146.5,-118.0,-106.0
10f7f928eec55035818df355379ceb4f,Caesars,2025-11-25 15:12:34.983956+00:00,2025-11-25 15:10:44+00:00,2025-11-26 00:00:00+00:00,Bellarmine Knights,Houston Christian Huskies,spreads,full_game,,,3.0,-110.0,-3.0,-110.0,,,
10f7f928eec55035818df355379ceb4f,Caesars,2025-11-25 15:12:34.983956+00:00,2025-11-25 15:10:44+00:00,2025-11-26 00:00:00+00:00,Bellarmine Knights,Houston Christian Huskies,totals,full_game,,,,,,,147.0,-110.0,-110.0
10f7f928eec55035818df355379ceb4f,BetRivers,2025-11-25 15:12:34.983956+00:00,2025-11-25 15:11:57+00:00,2025-11-26 00:00:00+00:00,Bellarmine Knights,Houston Christian Huskies,h2h,2h,133.0,-167.0,,,,,,,
10f7f928eec55035818df355379ceb4f,BetRivers,2025-11-25 15:12:34.983956+00:00,2025-11-25 15:11:57+00:00,2025-11-26 00:00:00+00:00,Bellarmine Knights,Houston Christian Huskies,spreads,full_game,,,3.5,-114.0,-3.5,-112.0,,,
10f7f928eec55035818df355379ceb4f,BetRivers,2025-11-25 15:12:34.983956+00:00,2025-11-25 15:11:57+00:00,2025-11-26 00:00:00+00:00,Bellarmine Knights,Houston Christian Huskies,totals,full_game,,,,,,,147.5,-109.0,-117.0
10f7f928eec55035818df355379ceb4f,LowVig.ag,2025-11-25 15:12:34.983956+00:00,2025-11-25 15:12:23+00:00,2025-11-26 00:00:00+00:00,Bellarmine Knights,Houston Christian Huskies,spreads,full_game,,,2.5,-106.0,-2.5,-106.0,,,
10f7f928eec55035818df355379ceb4f,LowVig.ag,2025-11-25 15:12:34.983956+00:00,2025-11-25 15:12:23+00:00,2025-11-26 00:00:00+00:00,Bellarmine Knights,Houston Christian Huskies,totals,full_game,,,,,,,146.0,-108.0,-108.0
10f7f928eec55035818df355379ceb4f,BetOnline.ag,2025-11-25 15:12:34.983956+00:00,2025-11-25 15:12:11+00:00,2025-11-26 00:00:00+00:00,Bellarmine Knights,Houston Christian Huskies,spreads,full_game,,,2.5,-110.0,-2.5,-110.0,,,
10f7f928eec55035818df355379ceb4f,BetOnline.ag,2025-11-25 15:12:34.983956+00:00,2025-11-25 15:12:11+00:00,2025-11-26 00:00:00+00:00,Bellarmine Knights,Houston Christian Huskies,totals,full_game,,,,,,,146.0,-110.0,-110.0
10f7f928eec55035818df355379ceb4f,BetMGM,2025-11-25 15:12:34.983956+00:00,2025-11-25 15:11:57+00:00,2025-11-26 00:00:00+00:00,Bellarmine Knights,Houston Christian Huskies,h2h,2h,120.0,-145.0,,,,,,,
10f7f928eec55035818df355379ceb4f,BetMGM,2025-11-25 15:12:34.983956+00:00,2025-11-25 15:11:57+00:00,2025-11-26 00:00:00+00:00,Bellarmine Knights,Houston Christian Huskies,spreads,full_game,,,2.5,-105.0,-2.5,-115.0,,,
10f7f928eec55035818df355379ceb4f,BetMGM,2025-11-25 15:12:34.983956+00:00,2025-11-25 15:11:57+00:00,2025-11-26 00:00:00+00:00,Bellarmine Knights,Houston Christian Huskies,totals,full_game,,,,,,,146.5,-110.0,-110.0
10f7f928eec55035818df355379ceb4f,Bovada,2025-11-25 15:12:34.983956+00:00,2025-11-25 15:12:00+00:00,2025-11-26 00:00:00+00:00,Bellarmine Knights,Houston Christian Huskies,spreads,full_game,,,1.5,-110.0,-1.5,-110.0,,,
10f7f928eec55035818df355379ceb4f,Bovada,2025-11-25 15:12:34.983956+00:00,2025-11-25 15:12:00+00:00,2025-11-26 00:00:00+00:00,Bellarmine Knights,Houston Christian Huskies,totals,full_game,,,,,,,146.0,-110.0,-110.0
d1ba094dd2b98398b4843c46318fac0c,FanDuel,2025-11-25 15:12:34.983956+00:00,2025-11-25 15:12:25+00:00,2025-11-26 00:00:00+00:00,Penn State Nittany Lions,Boston Univ. Terriers,h2h,2h,-1450.0,810.0,,,,,,,
d1ba094dd2b98398b4843c46318fac0c,FanDuel,2025-11-25 15:12:34.983956+00:00,2025-11-25 15:12:25+00:00,2025-11-26 00:00:00+00:00,Penn State Nittany Lions,Boston Univ. Terriers,spreads,full_game,,,-13.5,-120.0,13.5,-102.0,,,
d1ba094dd2b98398b4843c46318fac0c,FanDuel,2025-11-25 15:12:34.983956+00:00,2025-11-25 15:12:25+00:00,2025-11-26 00:00:00+00:00,Penn State Nittany Lions,Boston Univ. Terriers,totals,full_game,,,,,,,142.5,-110.0,-110.0
d1ba094dd2b98398b4843c46318fac0c,Fanatics,2025-11-25 15:12:34.983956+00:00,2025-11-25 15:12:09+00:00,2025-11-26 00:00:00+00:00,Penn State Nittany Lions,Boston Univ. Terriers,h2h,2h,-1400.0,800.0,,,,,,,
d1ba094dd2b98398b4843c46318fac0c,Fanatics,2025-11-25 15:12:34.983956+00:00,2025-11-25 15:12:09+00:00,2025-11-26 00:00:00+00:00,Penn State Nittany Lions,Boston Univ. Terriers,spreads,full_game,,,-14.0,-110.0,14.0,-110.0,,,
d1ba094dd2b98398b4843c46318fac0c,Fanatics,2025-11-25 15:12:34.983956+00:00,2025-11-25 15:12:09+00:00,2025-11-26 00:00:00+00:00,Penn State Nittany Lions,Boston Univ. Terriers,totals,full_game,,,,,,,142.0,-110.0,-110.0
d1ba094dd2b98398b4843c46318fac0c,BetOnline.ag,2025-11-25 15:12:34.983956+00:00,2025-11-25 15:12:11+00:00,2025-11-26 00:00:00+00:00,Penn State Nittany Lions,Boston Univ. Terriers,spreads,full_game,,,-14.5,-105.0,14.5,-115.0,,,
d1ba094dd2b98398b4843c46318fac0c,BetOnline.ag,2025-11-25 15:12:34.983956+00:00,2025-11-25 15:12:11+00:00,2025-11-26 00:00:00+00:00,Penn State Nittany Lions,Boston Univ. Terriers,totals,full_game,,,,,,,142.5,-110.0,-110.0
d1ba094dd2b98398b4843c46318fac0c,LowVig.ag,2025-11-25 15:12:34.983956+00:00,2025-11-25 15:12:23+00:00,2025-11-26 00:00:00+00:00,Penn State Nittany Lions,Boston Univ. Terriers,spreads,full_game,,,-14.5,-101.0,14.5,-111.0,,,
d1ba094dd2b98398b4843c46318fac0c,LowVig.ag,2025-11-25 15:12:34.983956+00:00,2025-11-25 15:12:23+00:00,2025-11-26 00:00:00+00:00,Penn State Nittany Lions,Boston Univ. Terriers,totals,full_game,,,,,,,142.5,-108.0,-108.0
d1ba094dd2b98398b4843c46318fac0c,DraftKings,2025-11-25 15:12:34.983956+00:00,2025-11-25 15:12:22+00:00,2025-11-26 00:00:00+00:00,Penn State Nittany Lions,Boston Univ. Terriers,spreads,full_game,,,-14.5,-105.0,14.5,-115.0,,,
d1ba094dd2b98398b4843c46318fac0c,DraftKings,2025-11-25 15:12:34.983956+00:00,2025-11-25 15:12:22+00:00,2025-11-26 00:00:00+00:00,Penn State Nittany Lions,Boston Univ. Terriers,totals,full_game,,,,,,,142.5,-108.0,-112.0
d1ba094dd2b98398b4843c46318fac0c,Caesars,2025-11-25 15:12:34.983956+00:00,2025-11-25 15:10:44+00:00,2025-11-26 00:00:00+00:00,Penn State Nittany Lions,Boston Univ. Terriers,spreads,full_game,,,-14.5,-105.0,14.5,-115.0,,,
d1ba094dd2b98398b4843c46318fac0c,Caesars,2025-11-25 15:12:34.983956+00:00,2025-11-25 15:10:44+00:00,2025-11-26 00:00:00+00:00,Penn State Nittany Lions,Boston Univ. Terriers,totals,full_game,,,,,,,142.5,-110.0,-110.0
d1ba094dd2b98398b4843c46318fac0c,BetRivers,2025-11-25 15:12:34.983956+00:00,2025-11-25 15:11:57+00:00,2025-11-26 00:00:00+00:00,Penn State Nittany Lions,Boston Univ. Terriers,h2h,2h,-1430.0,700.0,,,,,,,
d1ba094dd2b98398b4843c46318fac0c,BetRivers,2025-11-25 15:12:34.983956+00:00,2025-11-25 15:11:57+00:00,2025-11-26 00:00:00+00:00,Penn State Nittany Lions,Boston Univ. Terriers,spreads,full_game,,,-14.5,-110.0,14.5,-115.0,,,
d1ba094dd2b98398b4843c46318fac0c,BetRivers,2025-11-25 15:12:34.983956+00:00,2025-11-25 15:11:57+00:00,2025-11-26 00:00:00+00:00,Penn State Nittany Lions,Boston Univ. Terriers,totals,full_game,,,,,,,142.5,-110.0,-115.0
d1ba094dd2b98398b4843c46318fac0c,BetMGM,2025-11-25 15:12:34.983956+00:00,2025-11-25 15:11:57+00:00,2025-11-26 00:00:00+00:00,Penn State Nittany Lions,Boston Univ. Terriers,h2h,2h,-1400.0,775.0,,,,,,,
d1ba094dd2b98398b4843c46318fac0c,BetMGM,2025-11-25 15:12:34.983956+00:00,2025-11-25 15:11:57+00:00,2025-11-26 00:00:00+00:00,Penn State Nittany Lions,Boston Univ. Terriers,spreads,full_game,,,-14.5,-105.0,14.5,-115.0,,,
d1ba094dd2b98398b4843c46318fac0c,BetMGM,2025-11-25 15:12:34.983956+00:00,2025-11-25 15:11:57+00:00,2025-11-26 00:00:00+00:00,Penn State Nittany Lions,Boston Univ. Terriers,totals,full_game,,,,,,,142.5,-110.0,-110.0
d1ba094dd2b98398b4843c46318fac0c,Bovada,2025-11-25 15:12:34.983956+00:00,2025-11-25 15:12:00+00:00,2025-11-26 00:00:00+00:00,Penn State Nittany Lions,Boston Univ. Terriers,spreads,full_game,,,-14.0,-110.0,14.0,-110.0,,,
d1ba094dd2b98398b4843c46318fac0c,Bovada,2025-11-25 15:12:34.983956+00:00,2025-11-25 15:12:00+00:00,2025-11-26 00:00:00+00:00,Penn State Nittany Lions,Boston Univ. Terriers,totals,full_game,,,,,,,141.5,-110.0,-110.0
2962a46cec8bd626a0d92fb1ef9b5146,FanDuel,2025-11-25 15:12:34.983956+00:00,2025-11-25 15:12:25+00:00,2025-11-26 00:00:00+00:00,Florida St Seminoles,CSU Bakersfield Roadrunners,h2h,2h,-10000.0,2800.0,,,,,,,
2962a46cec8bd626a0d92fb1ef9b5146,FanDuel,2025-11-25 15:12:34.983956+00:00,2025-11-25 15:12:25+00:00,2025-11-26 00:00:00+00:00,Florida St Seminoles,CSU Bakersfield Roadrunners,spreads,full_game,,,-24.5,-115.0,24.5,-105.0,,,
2962a46cec8bd626a0d92fb1ef9b5146,FanDuel,2025-11-25 15:12:34.983956+00:00,2025-11-25 15:12:25+00:00,2025-11-26 00:00:00+00:00,Florida St Seminoles,CSU Bakersfield Roadrunners,totals,full_game,,,,,,,157.5,-110.0,-110.0
2962a46cec8bd626a0d92fb1ef9b5146,BetOnline.ag,2025-11-25 15:12:34.983956+00:00,2025-11-25 15:12:11+00:00,2025-11-26 00:00:00+00:00,Florida St Seminoles,CSU Bakersfield Roadrunners,spreads,full_game,,,-25.0,-111.0,25.0,-109.0,,,
2962a46cec8bd626a0d92fb1ef9b5146,BetOnline.ag,2025-11-25 15:12:34.983956+00:00,2025-11-25 15:12:11+00:00,2025-11-26 00:00:00+00:00,Florida St Seminoles,CSU Bakersfield Roadrunners,totals,full_game,,,,,,,158.5,-105.0,-115.0
2962a46cec8bd626a0d92fb1ef9b5146,LowVig.ag,2025-11-25 15:12:34.983956+00:00,2025-11-25 15:12:23+00:00,2025-11-26 00:00:00+00:00,Florida St Seminoles,CSU Bakersfield Roadrunners,spreads,full_game,,,-25.0,-107.0,25.0,-105.0,,,
2962a46cec8bd626a0d92fb1ef9b5146,LowVig.ag,2025-11-25 15:12:34.983956+00:00,2025-11-25 15:12:23+00:00,2025-11-26 00:00:00+00:00,Florida St Seminoles,CSU Bakersfield Roadrunners,totals,full_game,,,,,,,158.5,-103.0,-113.0
2962a46cec8bd626a0d92fb1ef9b5146,Fanatics,2025-11-25 15:12:34.983956+00:00,2025-11-25 15:12:09+00:00,2025-11-26 00:00:00+00:00,Florida St Seminoles,CSU Bakersfield Roadrunners,h2h,2h,-10000.0,2500.0,,,,,,,
2962a46cec8bd626a0d92fb1ef9b5146,Fanatics,2025-11-25 15:12:34.983956+00:00,2025-11-25 15:12:09+00:00,2025-11-26 00:00:00+00:00,Florida St Seminoles,CSU Bakersfield Roadrunners,spreads,full_game,,,-25.0,-110.0,25.0,-110.0,,,
2962a46cec8bd626a0d92fb1ef9b5146,Fanatics,2025-11-25 15:12:34.983956+00:00,2025-11-25 15:12:09+00:00,2025-11-26 00:00:00+00:00,Florida St Seminoles,CSU Bakersfield Roadrunners,totals,full_game,,,,,,,157.5,-110.0,-110.0
2962a46cec8bd626a0d92fb1ef9b5146,Caesars,2025-11-25 15:12:34.983956+00:00,2025-11-25 15:10:44+00:00,2025-11-26 00:00:00+00:00,Florida St Seminoles,CSU Bakersfield Roadrunners,spreads,full_game,,,-26.5,-110.0,26.5,-110.0,,,
2962a46cec8bd626a0d92fb1ef9b5146,Caesars,2025-11-25 15:12:34.983956+00:00,2025-11-25 15:10:44+00:00,2025-11-26 00:00:00+00:00,Florida St Seminoles,CSU Bakersfield Roadrunners,totals,full_game,,,,,,,157.5,-110.0,-110.0
2962a46cec8bd626a0d92fb1ef9b5146,Bovada,2025-11-25 15:12:34.983956+00:00,2025-11-25 15:12:00+00:00,2025-11-26 00:00:00+00:00,Florida St Seminoles,CSU Bakersfield Roadrunners,spreads,full_game,,,-25.0,-115.0,25.0,-105.0,,,
2962a46cec8bd626a0d92fb1ef9b5146,Bovada,2025-11-25 15:12:34.983956+00:00,2025-11-25 15:12:00+00:00,2025-11-26 00:00:00+00:00,Florida St Seminoles,CSU Bakersfield Roadrunners,totals,full_game,,,,,,,157.5,-110.0,-110.0
2962a46cec8bd626a0d92fb1ef9b5146,DraftKings,2025-11-25 15:12:34.983956+00:00,2025-11-25 15:12:22+00:00,2025-11-26 00:00:00+00:00,Florida St Seminoles,CSU Bakersfield Roadrunners,spreads,full_game,,,-25.5,-110.0,25.5,-110.0,,,
2962a46cec8bd626a0d92fb1ef9b5146,DraftKings,2025-11-25 15:12:34.983956+00:00,2025-11-25 15:12:22+00:00,2025-11-26 00:00:00+00:00,Florida St Seminoles,CSU Bakersfield Roadrunners,totals,full_game,,,,,,,157.5,-115.0,-105.0
2962a46cec8bd626a0d92fb1ef9b5146,BetUS,2025-11-25 15:12:34.983956+00:00,2025-11-25 15:11:31+00:00,2025-11-26 00:00:00+00:00,Florida St Seminoles,CSU Bakersfield Roadrunners,spreads,full_game,,,-25.0,-110.0,25.0,-110.0,,,
2962a46cec8bd626a0d92fb1ef9b5146,BetUS,2025-11-25 15:12:34.983956+00:00,2025-11-25 15:11:31+00:00,2025-11-26 00:00:00+00:00,Florida St Seminoles,CSU Bakersfield Roadrunners,totals,full_game,,,,,,,158.5,-110.0,-110.0
2962a46cec8bd626a0d92fb1ef9b5146,BetRivers,2025-11-25 15:12:34.983956+00:00,2025-11-25 15:11:58+00:00,2025-11-26 00:00:00+00:00,Florida St Seminoles,CSU Bakersfield Roadrunners,spreads,full_game,,,-24.5,-118.0,24.5,-108.0,,,
2962a46cec8bd626a0d92fb1ef9b5146,BetRivers,2025-11-25 15:12:34.983956+00:00,2025-11-25 15:11:58+00:00,2025-11-26 00:00:00+00:00,Florida St Seminoles,CSU Bakersfield Roadrunners,totals,full_game,,,,,,,157.5,-110.0,-115.0
2962a46cec8bd626a0d92fb1ef9b5146,BetMGM,2025-11-25 15:12:34.983956+00:00,2025-11-25 15:11:57+00:00,2025-11-26 00:00:00+00:00,Florida St Seminoles,CSU Bakersfield Roadrunners,h2h,2h,-10000.0,2800.0,,,,,,,
2962a46cec8bd626a0d92fb1ef9b5146,BetMGM,2025-11-25 15:12:34.983956+00:00,2025-11-25 15:11:57+00:00,2025-11-26 00:00:00+00:00,Florida St Seminoles,CSU Bakersfield Roadrunners,spreads,full_game,,,-25.5,-105.0,25.5,-115.0,,,
2962a46cec8bd626a0d92fb1ef9b5146,BetMGM,2025-11-25 15:12:34.983956+00:00,2025-11-25 15:11:57+00:00,2025-11-26 00:00:00+00:00,Florida St Seminoles,CSU Bakersfield Roadrunners,totals,full_game,,,,,,,158.5,-105.0,-115.0
7988a835690fbd5a9614916e5454402d,FanDuel,2025-11-25 15:12:34.983956+00:00,2025-11-25 15:12:25+00:00,2025-11-26 00:00:00+00:00,Wake Forest Demon Deacons,Campbell Fighting Camels,h2h,2h,-3000.0,1200.0,,,,,,,
7988a835690fbd5a9614916e5454402d,FanDuel,2025-11-25 15:12:34.983956+00:00,2025-11-25 15:12:25+00:00,2025-11-26 00:00:00+00:00,Wake Forest Demon Deacons,Campbell Fighting Camels,spreads,full_game,,,-17.5,-110.0,17.5,-110.0,,,
7988a835690fbd5a9614916e5454402d,FanDuel,2025-11-25 15:12:34.983956+00:00,2025-11-25 15:12:25+00:00,2025-11-26 00:00:00+00:00,Wake Forest Demon Deacons,Campbell Fighting Camels,totals,full_game,,,,,,,160.5,-110.0,-110.0
7988a835690fbd5a9614916e5454402d,BetOnline.ag,2025-11-25 15:12:34.983956+00:00,2025-11-25 15:12:11+00:00,2025-11-26 00:00:00+00:00,Wake Forest Demon Deacons,Campbell Fighting Camels,spreads,full_game,,,-17.5,-112.0,17.5,-108.0,,,
7988a835690fbd5a9614916e5454402d,BetOnline.ag,2025-11-25 15:12:34.983956+00:00,2025-11-25 15:12:11+00:00,2025-11-26 00:00:00+00:00,Wake Forest Demon Deacons,Campbell Fighting Camels,totals,full_game,,,,,,,160.0,-115.0,-105.0
7988a835690fbd5a9614916e5454402d,LowVig.ag,2025-11-25 15:12:34.983956+00:00,2025-11-25 15:12:23+00:00,2025-11-26 00:00:00+00:00,Wake Forest Demon Deacons,Campbell Fighting Camels,spreads,full_game,,,-17.5,-108.0,17.5,-104.0,,,
7988a835690fbd5a9614916e5454402d,LowVig.ag,2025-11-25 15:12:34.983956+00:00,2025-11-25 15:12:23+00:00,2025-11-26 00:00:00+00:00,Wake Forest Demon Deacons,Campbell Fighting Camels,totals,full_game,,,,,,,160.0,-113.0,-103.0
7988a835690fbd5a9614916e5454402d,Fanatics,2025-11-25 15:12:34.983956+00:00,2025-11-25 15:12:09+00:00,2025-11-26 00:00:00+00:00,Wake Forest Demon Deacons,Campbell Fighting Camels,h2h,2h,-2200.0,1200.0,,,,,,,
7988a835690fbd5a9614916e5454402d,Fanatics,2025-11-25 15:12:34.983956+00:00,2025-11-25 15:12:09+00:00,2025-11-26 00:00:00+00:00,Wake Forest Demon Deacons,Campbell Fighting Camels,spreads,full_game,,,-17.5,-110.0,17.5,-110.0,,,
7988a835690fbd5a9614916e5454402d,Fanatics,2025-11-25 15:12:34.983956+00:00,2025-11-25 15:12:09+00:00,2025-11-26 00:00:00+00:00,Wake Forest Demon Deacons,Campbell Fighting Camels,totals,full_game,,,,,,,160.0,-110.0,-110.0
7988a835690fbd5a9614916e5454402d,Caesars,2025-11-25 15:12:34.983956+00:00,2025-11-25 15:10:44+00:00,2025-11-26 00:00:00+00:00,Wake Forest Demon Deacons,Campbell Fighting Camels,h2h,2h,-2400.0,1150.0,,,,,,,
7988a835690fbd5a9614916e5454402d,Caesars,2025-11-25 15:12:34.983956+00:00,2025-11-25 15:10:44+00:00,2025-11-26 00:00:00+00:00,Wake Forest Demon Deacons,Campbell Fighting Camels,spreads,full_game,,,-17.5,-110.0,17.5,-110.0,,,
7988a835690fbd5a9614916e5454402d,Caesars,2025-11-25 15:12:34.983956+00:00,2025-11-25 15:10:44+00:00,2025-11-26 00:00:00+00:00,Wake Forest Demon Deacons,Campbell Fighting Camels,totals,full_game,,,,,,,160.5,-110.0,-110.0
7988a835690fbd5a9614916e5454402d,Bovada,2025-11-25 15:12:34.983956+00:00,2025-11-25 15:12:00+00:00,2025-11-26 00:00:00+00:00,Wake Forest Demon Deacons,Campbell Fighting Camels,spreads,full_game,,,-18.0,-110.0,18.0,-110.0,,,
7988a835690fbd5a9614916e5454402d,Bovada,2025-11-25 15:12:34.983956+00:00,2025-11-25 15:12:00+00:00,2025-11-26 00:00:00+00:00,Wake Forest Demon Deacons,Campbell Fighting Camels,totals,full_game,,,,,,,160.5,-110.0,-110.0
7988a835690fbd5a9614916e5454402d,DraftKings,2025-11-25 15:12:34.983956+00:00,2025-11-25 15:12:22+00:00,2025-11-26 00:00:00+00:00,Wake Forest Demon Deacons,Campbell Fighting Camels,h2h,2h,-2100.0,1100.0,,,,,,,
7988a835690fbd5a9614916e5454402d,DraftKings,2025-11-25 15:12:34.983956+00:00,2025-11-25 15:12:22+00:00,2025-11-26 00:00:00+00:00,Wake Forest Demon Deacons,Campbell Fighting Camels,spreads,full_game,,,-17.5,-112.0,17.5,-108.0,,,
7988a835690fbd5a9614916e5454402d,DraftKings,2025-11-25 15:12:34.983956+00:00,2025-11-25 15:12:22+00:00,2025-11-26 00:00:00+00:00,Wake Forest Demon Deacons,Campbell Fighting Camels,totals,full_game,,,,,,,160.5,-108.0,-112.0
7988a835690fbd5a9614916e5454402d,BetUS,2025-11-25 15:12:34.983956+00:00,2025-11-25 15:11:31+00:00,2025-11-26 00:00:00+00:00,Wake Forest Demon Deacons,Campbell Fighting Camels,spreads,full_game,,,-17.5,-110.0,17.5,-110.0,,,
7988a835690fbd5a9614916e5454402d,BetUS,2025-11-25 15:12:34.983956+00:00,2025-11-25 15:11:31+00:00,2025-11-26 00:00:00+00:00,Wake Forest Demon Deacons,Campbell Fighting Camels,totals,full_game,,,,,,,160.5,-110.0,-110.0
7988a835690fbd5a9614916e5454402d,BetRivers,2025-11-25 15:12:34.983956+00:00,2025-11-25 15:11:57+00:00,2025-11-26 00:00:00+00:00,Wake Forest Demon Deacons,Campbell Fighting Camels,h2h,2h,-3335.0,1050.0,,,,,,,
7988a835690fbd5a9614916e5454402d,BetRivers,2025-11-25 15:12:34.983956+00:00,2025-11-25 15:11:57+00:00,2025-11-26 00:00:00+00:00,Wake Forest Demon Deacons,Campbell Fighting Camels,spreads,full_game,,,-17.5,-117.0,17.5,-109.0,,,
7988a835690fbd5a9614916e5454402d,BetRivers,2025-11-25 15:12:34.983956+00:00,2025-11-25 15:11:57+00:00,2025-11-26 00:00:00+00:00,Wake Forest Demon Deacons,Campbell Fighting Camels,totals,full_game,,,,,,,159.5,-115.0,-110.0
7988a835690fbd5a9614916e5454402d,BetMGM,2025-11-25 15:12:34.983956+00:00,2025-11-25 15:11:57+00:00,2025-11-26 00:00:00+00:00,Wake Forest Demon Deacons,Campbell Fighting Camels,h2h,2h,-2500.0,1050.0,,,,,,,
7988a835690fbd5a9614916e5454402d,BetMGM,2025-11-25 15:12:34.983956+00:00,2025-11-25 15:11:57+00:00,2025-11-26 00:00:00+00:00,Wake Forest Demon Deacons,Campbell Fighting Camels,spreads,full_game,,,-17.5,-110.0,17.5,-110.0,,,
7988a835690fbd5a9614916e5454402d,BetMGM,2025-11-25 15:12:34.983956+00:00,2025-11-25 15:11:57+00:00,2025-11-26 00:00:00+00:00,Wake Forest Demon Deacons,Campbell Fighting Camels,totals,full_game,,,,,,,160.5,-110.0,-110.0
19d1a45a7d2e2d431334561a6f1f0cd4,DraftKings,2025-11-25 15:12:34.983956+00:00,2025-11-25 15:12:22+00:00,2025-11-26 00:00:00+00:00,Fort Wayne Mastodons,Chicago St Cougars,spreads,full_game,,,-12.5,-105.0,12.5,-115.0,,,
19d1a45a7d2e2d431334561a6f1f0cd4,DraftKings,2025-11-25 15:12:34.983956+00:00,2025-11-25 15:12:22+00:00,2025-11-26 00:00:00+00:00,Fort Wayne Mastodons,Chicago St Cougars,totals,full_game,,,,,,,149.5,-112.0,-108.0
19d1a45a7d2e2d431334561a6f1f0cd4,LowVig.ag,2025-11-25 15:12:34.983956+00:00,2025-11-25 15:12:23+00:00,2025-11-26 00:00:00+00:00,Fort Wayne Mastodons,Chicago St Cougars,spreads,full_game,,,-12.5,-103.0,12.5,-109.0,,,
19d1a45a7d2e2d431334561a6f1f0cd4,LowVig.ag,2025-11-25 15:12:34.983956+00:00,2025-11-25 15:12:23+00:00,2025-11-26 00:00:00+00:00,Fort Wayne Mastodons,Chicago St Cougars,totals,full_game,,,,,,,149.5,-106.0,-110.0
19d1a45a7d2e2d431334561a6f1f0cd4,Fanatics,2025-11-25 15:12:34.983956+00:00,2025-11-25 15:12:09+00:00,2025-11-26 00:00:00+00:00,Fort Wayne Mastodons,Chicago St Cougars,h2h,2h,-900.0,600.0,,,,,,,
19d1a45a7d2e2d431334561a6f1f0cd4,Fanatics,2025-11-25 15:12:34.983956+00:00,2025-11-25 15:12:09+00:00,2025-11-26 00:00:00+00:00,Fort Wayne Mastodons,Chicago St Cougars,spreads,full_game,,,-12.0,-110.0,12.0,-110.0,,,
19d1a45a7d2e2d431334561a6f1f0cd4,Fanatics,2025-11-25 15:12:34.983956+00:00,2025-11-25 15:12:09+00:00,2025-11-26 00:00:00+00:00,Fort Wayne Mastodons,Chicago St Cougars,totals,full_game,,,,,,,150.5,-110.0,-110.0
19d1a45a7d2e2d431334561a6f1f0cd4,BetOnline.ag,2025-11-25 15:12:34.983956+00:00,2025-11-25 15:12:11+00:00,2025-11-26 00:00:00+00:00,Fort Wayne Mastodons,Chicago St Cougars,spreads,full_game,,,-12.5,-107.0,12.5,-113.0,,,
19d1a45a7d2e2d431334561a6f1f0cd4,BetOnline.ag,2025-11-25 15:12:34.983956+00:00,2025-11-25 15:12:11+00:00,2025-11-26 00:00:00+00:00,Fort Wayne Mastodons,Chicago St Cougars,totals,full_game,,,,,,,149.5,-108.0,-112.0
19d1a45a7d2e2d431334561a6f1f0cd4,FanDuel,2025-11-25 15:12:34.983956+00:00,2025-11-25 15:12:25+00:00,2025-11-26 00:00:00+00:00,Fort Wayne Mastodons,Chicago St Cougars,h2h,2h,-1000.0,610.0,,,,,,,
19d1a45a7d2e2d431334561a6f1f0cd4,FanDuel,2025-11-25 15:12:34.983956+00:00,2025-11-25 15:12:25+00:00,2025-11-26 00:00:00+00:00,Fort Wayne Mastodons,Chicago St Cougars,spreads,full_game,,,-11.5,-115.0,11.5,-105.0,,,
19d1a45a7d2e2d431334561a6f1f0cd4,FanDuel,2025-11-25 15:12:34.983956+00:00,2025-11-25 15:12:25+00:00,2025-11-26 00:00:00+00:00,Fort Wayne Mastodons,Chicago St Cougars,totals,full_game,,,,,,,150.5,-112.0,-112.0
19d1a45a7d2e2d431334561a6f1f0cd4,BetRivers,2025-11-25 15:12:34.983956+00:00,2025-11-25 15:11:57+00:00,2025-11-26 00:00:00+00:00,Fort Wayne Mastodons,Chicago St Cougars,h2h,2h,-770.0,475.0,,,,,,,
19d1a45a7d2e2d431334561a6f1f0cd4,BetRivers,2025-11-25 15:12:34.983956+00:00,2025-11-25 15:11:57+00:00,2025-11-26 00:00:00+00:00,Fort Wayne Mastodons,Chicago St Cougars,spreads,full_game,,,-11.5,-115.0,11.5,-110.0,,,
19d1a45a7d2e2d431334561a6f1f0cd4,BetRivers,2025-11-25 15:12:34.983956+00:00,2025-11-25 15:11:57+00:00,2025-11-26 00:00:00+00:00,Fort Wayne Mastodons,Chicago St Cougars,totals,full_game,,,,,,,150.5,-113.0,-113.0
19d1a45a7d2e2d431334561a6f1f0cd4,Bovada,2025-11-25 15:12:34.983956+00:00,2025-11-25 15:12:00+00:00,2025-11-26 00:00:00+00:00,Fort Wayne Mastodons,Chicago St Cougars,spreads,full_game,,,-11.5,-115.0,11.5,-105.0,,,
19d1a45a7d2e2d431334561a6f1f0cd4,Bovada,2025-11-25 15:12:34.983956+00:00,2025-11-25 15:12:00+00:00,2025-11-26 00:00:00+00:00,Fort Wayne Mastodons,Chicago St Cougars,totals,full_game,,,,,,,150.5,-110.0,-110.0
19d1a45a7d2e2d431334561a6f1f0cd4,BetMGM,2025-11-25 15:12:34.983956+00:00,2025-11-25 15:11:57+00:00,2025-11-26 00:00:00+00:00,Fort Wayne Mastodons,Chicago St Cougars,h2h,2h,-900.0,575.0,,,,,,,
19d1a45a7d2e2d431334561a6f1f0cd4,BetMGM,2025-11-25 15:12:34.983956+00:00,2025-11-25 15:11:57+00:00,2025-11-26 00:00:00+00:00,Fort Wayne Mastodons,Chicago St Cougars,spreads,full_game,,,-12.5,-105.0,12.5,-115.0,,,
19d1a45a7d2e2d431334561a6f1f0cd4,BetMGM,2025-11-25 15:12:34.983956+00:00,2025-11-25 15:11:57+00:00,2025-11-26 00:00:00+00:00,Fort Wayne Mastodons,Chicago St Cougars,totals,full_game,,,,,,,149.5,-115.0,-105.0
408160ef2565ea0ec12b3914d7fee9eb,DraftKings,2025-11-25 15:12:34.983956+00:00,2025-11-25 15:12:22+00:00,2025-11-26 00:00:00+00:00,Rider Broncs,Coppin St Eagles,spreads,full_game,,,-8.5,-115.0,8.5,-105.0,,,
408160ef2565ea0ec12b3914d7fee9eb,DraftKings,2025-11-25 15:12:34.983956+00:00,2025-11-25 15:12:22+00:00,2025-11-26 00:00:00+00:00,Rider Broncs,Coppin St Eagles,totals,full_game,,,,,,,140.5,-108.0,-112.0
408160ef2565ea0ec12b3914d7fee9eb,BetOnline.ag,2025-11-25 15:12:34.983956+00:00,2025-11-25 15:12:11+00:00,2025-11-26 00:00:00+00:00,Rider Broncs,Coppin St Eagles,spreads,full_game,,,-9.0,-103.0,9.0,-117.0,,,
408160ef2565ea0ec12b3914d7fee9eb,BetOnline.ag,2025-11-25 15:12:34.983956+00:00,2025-11-25 15:12:11+00:00,2025-11-26 00:00:00+00:00,Rider Broncs,Coppin St Eagles,totals,full_game,,,,,,,140.0,-110.0,-110.0
408160ef2565ea0ec12b3914d7fee9eb,LowVig.ag,2025-11-25 15:12:34.983956+00:00,2025-11-25 15:12:23+00:00,2025-11-26 00:00:00+00:00,Rider Broncs,Coppin St Eagles,spreads,full_game,,,-9.0,101.0,9.0,-113.0,,,
408160ef2565ea0ec12b3914d7fee9eb,LowVig.ag,2025-11-25 15:12:34.983956+00:00,2025-11-25 15:12:23+00:00,2025-11-26 00:00:00+00:00,Rider Broncs,Coppin St Eagles,totals,full_game,,,,,,,140.0,-108.0,-108.0
408160ef2565ea0ec12b3914d7fee9eb,Caesars,2025-11-25 15:12:34.983956+00:00,2025-11-25 15:10:44+00:00,2025-11-26 00:00:00+00:00,Rider Broncs,Coppin St Eagles,spreads,full_game,,,-8.5,-115.0,8.5,-105.0,,,
408160ef2565ea0ec12b3914d7fee9eb,Caesars,2025-11-25 15:12:34.983956+00:00,2025-11-25 15:10:44+00:00,2025-11-26 00:00:00+00:00,Rider Broncs,Coppin St Eagles,totals,full_game,,,,,,,140.0,-110.0,-110.0
408160ef2565ea0ec12b3914d7fee9eb,Fanatics,2025-11-25 15:12:34.983956+00:00,2025-11-25 15:12:09+00:00,2025-11-26 00:00:00+00:00,Rider Broncs,Coppin St Eagles,h2h,2h,-425.0,330.0,,,,,,,
408160ef2565ea0ec12b3914d7fee9eb,Fanatics,2025-11-25 15:12:34.983956+00:00,2025-11-25 15:12:09+00:00,2025-11-26 00:00:00+00:00,Rider Broncs,Coppin St Eagles,spreads,full_game,,,-8.5,-110.0,8.5,-110.0,,,
408160ef2565ea0ec12b3914d7fee9eb,Fanatics,2025-11-25 15:12:34.983956+00:00,2025-11-25 15:12:09+00:00,2025-11-26 00:00:00+00:00,Rider Broncs,Coppin St Eagles,totals,full_game,,,,,,,141.0,-110.0,-110.0
408160ef2565ea0ec12b3914d7fee9eb,BetRivers,2025-11-25 15:12:34.983956+00:00,2025-11-25 15:11:57+00:00,2025-11-26 00:00:00+00:00,Rider Broncs,Coppin St Eagles,h2h,2h,-435.0,310.0,,,,,,,
408160ef2565ea0ec12b3914d7fee9eb,BetRivers,2025-11-25 15:12:34.983956+00:00,2025-11-25 15:11:57+00:00,2025-11-26 00:00:00+00:00,Rider Broncs,Coppin St Eagles,spreads,full_game,,,-9.5,-108.0,9.5,-118.0,,,
408160ef2565ea0ec12b3914d7fee9eb,BetRivers,2025-11-25 15:12:34.983956+00:00,2025-11-25 15:11:57+00:00,2025-11-26 00:00:00+00:00,Rider Broncs,Coppin St Eagles,totals,full_game,,,,,,,141.5,-110.0,-115.0
408160ef2565ea0ec12b3914d7fee9eb,FanDuel,2025-11-25 15:12:34.983956+00:00,2025-11-25 15:12:25+00:00,2025-11-26 00:00:00+00:00,Rider Broncs,Coppin St Eagles,h2h,2h,-470.0,350.0,,,,,,,
408160ef2565ea0ec12b3914d7fee9eb,FanDuel,2025-11-25 15:12:34.983956+00:00,2025-11-25 15:12:25+00:00,2025-11-26 00:00:00+00:00,Rider Broncs,Coppin St Eagles,spreads,full_game,,,-8.5,-114.0,8.5,-106.0,,,
408160ef2565ea0ec12b3914d7fee9eb,FanDuel,2025-11-25 15:12:34.983956+00:00,2025-11-25 15:12:25+00:00,2025-11-26 00:00:00+00:00,Rider Broncs,Coppin St Eagles,totals,full_game,,,,,,,140.5,-116.0,-108.0
408160ef2565ea0ec12b3914d7fee9eb,BetMGM,2025-11-25 15:12:34.983956+00:00,2025-11-25 15:11:57+00:00,2025-11-26 00:00:00+00:00,Rider Broncs,Coppin St Eagles,h2h,2h,-425.0,325.0,,,,,,,
408160ef2565ea0ec12b3914d7fee9eb,BetMGM,2025-11-25 15:12:34.983956+00:00,2025-11-25 15:11:57+00:00,2025-11-26 00:00:00+00:00,Rider Broncs,Coppin St Eagles,spreads,full_game,,,-8.5,-110.0,8.5,-110.0,,,
408160ef2565ea0ec12b3914d7fee9eb,BetMGM,2025-11-25 15:12:34.983956+00:00,2025-11-25 15:11:57+00:00,2025-11-26 00:00:00+00:00,Rider Broncs,Coppin St Eagles,totals,full_game,,,,,,,140.5,-110.0,-110.0
408160ef2565ea0ec12b3914d7fee9eb,Bovada,2025-11-25 15:12:34.983956+00:00,2025-11-25 15:12:00+00:00,2025-11-26 00:00:00+00:00,Rider Broncs,Coppin St Eagles,spreads,full_game,,,-8.5,-115.0,8.5,-105.0,,,
408160ef2565ea0ec12b3914d7fee9eb,Bovada,2025-11-25 15:12:34.983956+00:00,2025-11-25 15:12:00+00:00,2025-11-26 00:00:00+00:00,Rider Broncs,Coppin St Eagles,totals,full_game,,,,,,,141.0,-110.0,-110.0
b623275c926d1f890f8bb3308d75a5a7,DraftKings,2025-11-25 15:12:34.983956+00:00,2025-11-25 15:12:22+00:00,2025-11-26 00:00:00+00:00,Florida Gulf Coast Eagles,Rice Owls,spreads,full_game,,,-5.5,-110.0,5.5,-110.0,,,
b623275c926d1f890f8bb3308d75a5a7,DraftKings,2025-11-25 15:12:34.983956+00:00,2025-11-25 15:12:22+00:00,2025-11-26 00:00:00+00:00,Florida Gulf Coast Eagles,Rice Owls,totals,full_game,,,,,,,153.5,-110.0,-110.0
b623275c926d1f890f8bb3308d75a5a7,Fanatics,2025-11-25 15:12:34.983956+00:00,2025-11-25 15:12:09+00:00,2025-11-26 00:00:00+00:00,Florida Gulf Coast Eagles,Rice Owls,h2h,2h,-240.0,190.0,,,,,,,
b623275c926d1f890f8bb3308d75a5a7,Fanatics,2025-11-25 15:12:34.983956+00:00,2025-11-25 15:12:09+00:00,2025-11-26 00:00:00+00:00,Florida Gulf Coast Eagles,Rice Owls,spreads,full_game,,,-5.5,-110.0,5.5,-110.0,,,
b623275c926d1f890f8bb3308d75a5a7,Fanatics,2025-11-25 15:12:34.983956+00:00,2025-11-25 15:12:09+00:00,2025-11-26 00:00:00+00:00,Florida Gulf Coast Eagles,Rice Owls,totals,full_game,,,,,,,152.0,-110.0,-110.0
b623275c926d1f890f8bb3308d75a5a7,Caesars,2025-11-25 15:12:34.983956+00:00,2025-11-25 15:10:44+00:00,2025-11-26 00:00:00+00:00,Florida Gulf Coast Eagles,Rice Owls,spreads,full_game,,,-5.5,-110.0,5.5,-110.0,,,
b623275c926d1f890f8bb3308d75a5a7,Caesars,2025-11-25 15:12:34.983956+00:00,2025-11-25 15:10:44+00:00,2025-11-26 00:00:00+00:00,Florida Gulf Coast Eagles,Rice Owls,totals,full_game,,,,,,,151.5,-110.0,-110.0
b623275c926d1f890f8bb3308d75a5a7,BetRivers,2025-11-25 15:12:34.983956+00:00,2025-11-25 15:11:57+00:00,2025-11-26 00:00:00+00:00,Florida Gulf Coast Eagles,Rice Owls,h2h,2h,-225.0,175.0,,,,,,,
b623275c926d1f890f8bb3308d75a5a7,BetRivers,2025-11-25 15:12:34.983956+00:00,2025-11-25 15:11:57+00:00,2025-11-26 00:00:00+00:00,Florida Gulf Coast Eagles,Rice Owls,spreads,full_game,,,-5.5,-110.0,5.5,-115.0,,,
b623275c926d1f890f8bb3308d75a5a7,BetRivers,2025-11-25 15:12:34.983956+00:00,2025-11-25 15:11:57+00:00,2025-11-26 00:00:00+00:00,Florida Gulf Coast Eagles,Rice Owls,totals,full_game,,,,,,,152.5,-113.0,-113.0
b623275c926d1f890f8bb3308d75a5a7,FanDuel,2025-11-25 15:12:34.983956+00:00,2025-11-25 15:12:25+00:00,2025-11-26 00:00:00+00:00,Florida Gulf Coast Eagles,Rice Owls,h2h,2h,-250.0,198.0,,,,,,,
b623275c926d1f890f8bb3308d75a5a7,FanDuel,2025-11-25 15:12:34.983956+00:00,2025-11-25 15:12:25+00:00,2025-11-26 00:00:00+00:00,Florida Gulf Coast Eagles,Rice Owls,spreads,full_game,,,-5.5,-112.0,5.5,-108.0,,,
b623275c926d1f890f8bb3308d75a5a7,FanDuel,2025-11-25 15:12:34.983956+00:00,2025-11-25 15:12:25+00:00,2025-11-26 00:00:00+00:00,Florida Gulf Coast Eagles,Rice Owls,totals,full_game,,,,,,,152.5,-108.0,-116.0
b623275c926d1f890f8bb3308d75a5a7,BetOnline.ag,2025-11-25 15:12:34.983956+00:00,2025-11-25 15:12:11+00:00,2025-11-26 00:00:00+00:00,Florida Gulf Coast Eagles,Rice Owls,spreads,full_game,,,-5.5,-105.0,5.5,-115.0,,,
b623275c926d1f890f8bb3308d75a5a7,BetOnline.ag,2025-11-25 15:12:34.983956+00:00,2025-11-25 15:12:11+00:00,2025-11-26 00:00:00+00:00,Florida Gulf Coast Eagles,Rice Owls,totals,full_game,,,,,,,150.5,-109.0,-111.0
b623275c926d1f890f8bb3308d75a5a7,LowVig.ag,2025-11-25 15:12:34.983956+00:00,2025-11-25 15:12:23+00:00,2025-11-26 00:00:00+00:00,Florida Gulf Coast Eagles,Rice Owls,spreads,full_game,,,-5.5,-101.0,5.5,-111.0,,,
b623275c926d1f890f8bb3308d75a5a7,LowVig.ag,2025-11-25 15:12:34.983956+00:00,2025-11-25 15:12:23+00:00,2025-11-26 00:00:00+00:00,Florida Gulf Coast Eagles,Rice Owls,totals,full_game,,,,,,,150.5,-107.0,-109.0
b623275c926d1f890f8bb3308d75a5a7,BetMGM,2025-11-25 15:12:34.983956+00:00,2025-11-25 15:11:57+00:00,2025-11-26 00:00:00+00:00,Florida Gulf Coast Eagles,Rice Owls,h2h,2h,-220.0,180.0,,,,,,,
b623275c926d1f890f8bb3308d75a5a7,BetMGM,2025-11-25 15:12:34.983956+00:00,2025-11-25 15:11:57+00:00,2025-11-26 00:00:00+00:00,Florida Gulf Coast Eagles,Rice Owls,spreads,full_game,,,-5.5,-110.0,5.5,-110.0,,,
b623275c926d1f890f8bb3308d75a5a7,BetMGM,2025-11-25 15:12:34.983956+00:00,2025-11-25 15:11:57+00:00,2025-11-26 00:00:00+00:00,Florida Gulf Coast Eagles,Rice Owls,totals,full_game,,,,,,,150.5,-115.0,-105.0
b623275c926d1f890f8bb3308d75a5a7,Bovada,2025-11-25 15:12:34.983956+00:00,2025-11-25 15:12:00+00:00,2025-11-26 00:00:00+00:00,Florida Gulf Coast Eagles,Rice Owls,spreads,full_game,,,-5.5,-115.0,5.5,-105.0,,,
b623275c926d1f890f8bb3308d75a5a7,Bovada,2025-11-25 15:12:34.983956+00:00,2025-11-25 15:12:00+00:00,2025-11-26 00:00:00+00:00,Florida Gulf Coast Eagles,Rice Owls,totals,full_game,,,,,,,152.0,-110.0,-110.0
8fe0a22a2b22ce7786df3881c6053c89,DraftKings,2025-11-25 15:12:34.983956+00:00,2025-11-25 15:12:22+00:00,2025-11-26 00:00:00+00:00,Maryland-Eastern Shore Hawks,Hampton Pirates,spreads,full_game,,,2.5,-102.0,-2.5,-118.0,,,
8fe0a22a2b22ce7786df3881c6053c89,DraftKings,2025-11-25 15:12:34.983956+00:00,2025-11-25 15:12:22+00:00,2025-11-26 00:00:00+00:00,Maryland-Eastern Shore Hawks,Hampton Pirates,totals,full_game,,,,,,,126.5,-105.0,-115.0
8fe0a22a2b22ce7786df3881c6053c89,Fanatics,2025-11-25 15:12:34.983956+00:00,2025-11-25 15:12:09+00:00,2025-11-26 00:00:00+00:00,Maryland-Eastern Shore Hawks,Hampton Pirates,h2h,2h,130.0,-160.0,,,,,,,
8fe0a22a2b22ce7786df3881c6053c89,Fanatics,2025-11-25 15:12:34.983956+00:00,2025-11-25 15:12:09+00:00,2025-11-26 00:00:00+00:00,Maryland-Eastern Shore Hawks,Hampton Pirates,spreads,full_game,,,3.0,-110.0,-3.0,-110.0,,,
8fe0a22a2b22ce7786df3881c6053c89,Fanatics,2025-11-25 15:12:34.983956+00:00,2025-11-25 15:12:09+00:00,2025-11-26 00:00:00+00:00,Maryland-Eastern Shore Hawks,Hampton Pirates,totals,full_game,,,,,,,126.5,-110.0,-110.0
8fe0a22a2b22ce7786df3881c6053c89,FanDuel,2025-11-25 15:12:34.983956+00:00,2025-11-25 15:12:25+00:00,2025-11-26 00:00:00+00:00,Maryland-Eastern Shore Hawks,Hampton Pirates,h2h,2h,134.0,-164.0,,,,,,,
8fe0a22a2b22ce7786df3881c6053c89,FanDuel,2025-11-25 15:12:34.983956+00:00,2025-11-25 15:12:25+00:00,2025-11-26 00:00:00+00:00,Maryland-Eastern Shore Hawks,Hampton Pirates,spreads,full_game,,,2.5,-104.0,-2.5,-118.0,,,
8fe0a22a2b22ce7786df3881c6053c89,FanDuel,2025-11-25 15:12:34.983956+00:00,2025-11-25 15:12:25+00:00,2025-11-26 00:00:00+00:00,Maryland-Eastern Shore Hawks,Hampton Pirates,totals,full_game,,,,,,,126.5,-110.0,-114.0
8fe0a22a2b22ce7786df3881c6053c89,Caesars,2025-11-25 15:12:34.983956+00:00,2025-11-25 15:10:44+00:00,2025-11-26 00:00:00+00:00,Maryland-Eastern Shore Hawks,Hampton Pirates,spreads,full_game,,,3.0,-110.0,-3.0,-110.0,,,
8fe0a22a2b22ce7786df3881c6053c89,Caesars,2025-11-25 15:12:34.983956+00:00,2025-11-25 15:10:44+00:00,2025-11-26 00:00:00+00:00,Maryland-Eastern Shore Hawks,Hampton Pirates,totals,full_game,,,,,,,126.0,-110.0,-110.0
8fe0a22a2b22ce7786df3881c6053c89,BetRivers,2025-11-25 15:12:34.983956+00:00,2025-11-25 15:11:57+00:00,2025-11-26 00:00:00+00:00,Maryland-Eastern Shore Hawks,Hampton Pirates,h2h,2h,123.0,-159.0,,,,,,,
8fe0a22a2b22ce7786df3881c6053c89,BetRivers,2025-11-25 15:12:34.983956+00:00,2025-11-25 15:11:57+00:00,2025-11-26 00:00:00+00:00,Maryland-Eastern Shore Hawks,Hampton Pirates,spreads,full_game,,,3.5,-121.0,-3.5,-105.0,,,
8fe0a22a2b22ce7786df3881c6053c89,BetRivers,2025-11-25 15:12:34.983956+00:00,2025-11-25 15:11:57+00:00,2025-11-26 00:00:00+00:00,Maryland-Eastern Shore Hawks,Hampton Pirates,totals,full_game,,,,,,,127.5,-112.0,-114.0
8fe0a22a2b22ce7786df3881c6053c89,LowVig.ag,2025-11-25 15:12:34.983956+00:00,2025-11-25 15:12:23+00:00,2025-11-26 00:00:00+00:00,Maryland-Eastern Shore Hawks,Hampton Pirates,spreads,full_game,,,3.0,-108.0,-3.0,-104.0,,,
8fe0a22a2b22ce7786df3881c6053c89,LowVig.ag,2025-11-25 15:12:34.983956+00:00,2025-11-25 15:12:23+00:00,2025-11-26 00:00:00+00:00,Maryland-Eastern Shore Hawks,Hampton Pirates,totals,full_game,,,,,,,126.0,-105.0,-111.0
8fe0a22a2b22ce7786df3881c6053c89,BetOnline.ag,2025-11-25 15:12:34.983956+00:00,2025-11-25 15:12:11+00:00,2025-11-26 00:00:00+00:00,Maryland-Eastern Shore Hawks,Hampton Pirates,spreads,full_game,,,3.0,-112.0,-3.0,-108.0,,,
8fe0a22a2b22ce7786df3881c6053c89,BetOnline.ag,2025-11-25 15:12:34.983956+00:00,2025-11-25 15:12:11+00:00,2025-11-26 00:00:00+00:00,Maryland-Eastern Shore Hawks,Hampton Pirates,totals,full_game,,,,,,,126.0,-107.0,-113.0
8fe0a22a2b22ce7786df3881c6053c89,BetMGM,2025-11-25 15:12:34.983956+00:00,2025-11-25 15:11:57+00:00,2025-11-26 00:00:00+00:00,Maryland-Eastern Shore Hawks,Hampton Pirates,h2h,2h,135.0,-160.0,,,,,,,
8fe0a22a2b22ce7786df3881c6053c89,BetMGM,2025-11-25 15:12:34.983956+00:00,2025-11-25 15:11:57+00:00,2025-11-26 00:00:00+00:00,Maryland-Eastern Shore Hawks,Hampton Pirates,spreads,full_game,,,2.5,-105.0,-2.5,-115.0,,,
8fe0a22a2b22ce7786df3881c6053c89,BetMGM,2025-11-25 15:12:34.983956+00:00,2025-11-25 15:11:57+00:00,2025-11-26 00:00:00+00:00,Maryland-Eastern Shore Hawks,Hampton Pirates,totals,full_game,,,,,,,125.5,-105.0,-115.0
8fe0a22a2b22ce7786df3881c6053c89,Bovada,2025-11-25 15:12:34.983956+00:00,2025-11-25 15:12:00+00:00,2025-11-26 00:00:00+00:00,Maryland-Eastern Shore Hawks,Hampton Pirates,spreads,full_game,,,2.5,-105.0,-2.5,-115.0,,,
8fe0a22a2b22ce7786df3881c6053c89,Bovada,2025-11-25 15:12:34.983956+00:00,2025-11-25 15:12:00+00:00,2025-11-26 00:00:00+00:00,Maryland-Eastern Shore Hawks,Hampton Pirates,totals,full_game,,,,,,,127.0,-110.0,-110.0
fc9b46e056ef32b58b824f464f1b8ba2,DraftKings,2025-11-25 15:12:34.983956+00:00,2025-11-25 15:12:22+00:00,2025-11-26 00:00:00+00:00,James Madison Dukes,Omaha Mavericks,spreads,full_game,,,-1.5,-118.0,1.5,-102.0,,,
fc9b46e056ef32b58b824f464f1b8ba2,DraftKings,2025-11-25 15:12:34.983956+00:00,2025-11-25 15:12:22+00:00,2025-11-26 00:00:00+00:00,James Madison Dukes,Omaha Mavericks,totals,full_game,,,,,,,159.5,-112.0,-108.0
fc9b46e056ef32b58b824f464f1b8ba2,Fanatics,2025-11-25 15:12:34.983956+00:00,2025-11-25 15:12:09+00:00,2025-11-26 00:00:00+00:00,James Madison Dukes,Omaha Mavericks,h2h,2h,-140.0,115.0,,,,,,,
fc9b46e056ef32b58b824f464f1b8ba2,Fanatics,2025-11-25 15:12:34.983956+00:00,2025-11-25 15:12:09+00:00,2025-11-26 00:00:00+00:00,James Madison Dukes,Omaha Mavericks,spreads,full_game,,,-2.0,-110.0,2.0,-110.0,,,
fc9b46e056ef32b58b824f464f1b8ba2,Fanatics,2025-11-25 15:12:34.983956+00:00,2025-11-25 15:12:09+00:00,2025-11-26 00:00:00+00:00,James Madison Dukes,Omaha Mavericks,totals,full_game,,,,,,,159.0,-110.0,-110.0
fc9b46e056ef32b58b824f464f1b8ba2,FanDuel,2025-11-25 15:12:34.983956+00:00,2025-11-25 15:12:25+00:00,2025-11-26 00:00:00+00:00,James Madison Dukes,Omaha Mavericks,h2h,2h,-140.0,114.0,,,,,,,
fc9b46e056ef32b58b824f464f1b8ba2,FanDuel,2025-11-25 15:12:34.983956+00:00,2025-11-25 15:12:25+00:00,2025-11-26 00:00:00+00:00,James Madison Dukes,Omaha Mavericks,spreads,full_game,,,-2.5,-102.0,2.5,-120.0,,,
fc9b46e056ef32b58b824f464f1b8ba2,FanDuel,2025-11-25 15:12:34.983956+00:00,2025-11-25 15:12:25+00:00,2025-11-26 00:00:00+00:00,James Madison Dukes,Omaha Mavericks,totals,full_game,,,,,,,159.5,-106.0,-118.0
fc9b46e056ef32b58b824f464f1b8ba2,LowVig.ag,2025-11-25 15:12:34.983956+00:00,2025-11-25 15:12:23+00:00,2025-11-26 00:00:00+00:00,James Madison Dukes,Omaha Mavericks,h2h,2h,-130.0,110.0,,,,,,,
fc9b46e056ef32b58b824f464f1b8ba2,LowVig.ag,2025-11-25 15:12:34.983956+00:00,2025-11-25 15:12:23+00:00,2025-11-26 00:00:00+00:00,James Madison Dukes,Omaha Mavericks,spreads,full_game,,,-2.0,-101.0,2.0,-111.0,,,
fc9b46e056ef32b58b824f464f1b8ba2,LowVig.ag,2025-11-25 15:12:34.983956+00:00,2025-11-25 15:12:23+00:00,2025-11-26 00:00:00+00:00,James Madison Dukes,Omaha Mavericks,totals,full_game,,,,,,,160.0,-103.0,-113.0
fc9b46e056ef32b58b824f464f1b8ba2,BetOnline.ag,2025-11-25 15:12:34.983956+00:00,2025-11-25 15:12:11+00:00,2025-11-26 00:00:00+00:00,James Madison Dukes,Omaha Mavericks,h2h,2h,-130.0,110.0,,,,,,,
fc9b46e056ef32b58b824f464f1b8ba2,BetOnline.ag,2025-11-25 15:12:34.983956+00:00,2025-11-25 15:12:11+00:00,2025-11-26 00:00:00+00:00,James Madison Dukes,Omaha Mavericks,spreads,full_game,,,-2.0,-105.0,2.0,-115.0,,,
fc9b46e056ef32b58b824f464f1b8ba2,BetOnline.ag,2025-11-25 15:12:34.983956+00:00,2025-11-25 15:12:11+00:00,2025-11-26 00:00:00+00:00,James Madison Dukes,Omaha Mavericks,totals,full_game,,,,,,,160.0,-105.0,-115.0
fc9b46e056ef32b58b824f464f1b8ba2,Caesars,2025-11-25 15:12:34.983956+00:00,2025-11-25 15:10:44+00:00,2025-11-26 00:00:00+00:00,James Madison Dukes,Omaha Mavericks,h2h,2h,-130.0,110.0,,,,,,,
fc9b46e056ef32b58b824f464f1b8ba2,Caesars,2025-11-25 15:12:34.983956+00:00,2025-11-25 15:10:44+00:00,2025-11-26 00:00:00+00:00,James Madison Dukes,Omaha Mavericks,spreads,full_game,,,-2.0,-105.0,2.0,-115.0,,,
fc9b46e056ef32b58b824f464f1b8ba2,Caesars,2025-11-25 15:12:34.983956+00:00,2025-11-25 15:10:44+00:00,2025-11-26 00:00:00+00:00,James Madison Dukes,Omaha Mavericks,totals,full_game,,,,,,,159.5,-110.0,-110.0
fc9b46e056ef32b58b824f464f1b8ba2,BetMGM,2025-11-25 15:12:34.983956+00:00,2025-11-25 15:11:57+00:00,2025-11-26 00:00:00+00:00,James Madison Dukes,Omaha Mavericks,h2h,2h,-135.0,110.0,,,,,,,
fc9b46e056ef32b58b824f464f1b8ba2,BetMGM,2025-11-25 15:12:34.983956+00:00,2025-11-25 15:11:57+00:00,2025-11-26 00:00:00+00:00,James Madison Dukes,Omaha Mavericks,spreads,full_game,,,-1.5,-115.0,1.5,-105.0,,,
fc9b46e056ef32b58b824f464f1b8ba2,BetMGM,2025-11-25 15:12:34.983956+00:00,2025-11-25 15:11:57+00:00,2025-11-26 00:00:00+00:00,James Madison Dukes,Omaha Mavericks,totals,full_game,,,,,,,158.5,-105.0,-115.0
fc9b46e056ef32b58b824f464f1b8ba2,BetRivers,2025-11-25 15:12:34.983956+00:00,2025-11-25 15:11:58+00:00,2025-11-26 00:00:00+00:00,James Madison Dukes,Omaha Mavericks,h2h,2h,-152.0,120.0,,,,,,,
fc9b46e056ef32b58b824f464f1b8ba2,BetRivers,2025-11-25 15:12:34.983956+00:00,2025-11-25 15:11:58+00:00,2025-11-26 00:00:00+00:00,James Madison Dukes,Omaha Mavericks,spreads,full_game,,,-2.5,-114.0,2.5,-112.0,,,
fc9b46e056ef32b58b824f464f1b8ba2,BetRivers,2025-11-25 15:12:34.983956+00:00,2025-11-25 15:11:58+00:00,2025-11-26 00:00:00+00:00,James Madison Dukes,Omaha Mavericks,totals,full_game,,,,,,,158.5,-112.0,-114.0
fc9b46e056ef32b58b824f464f1b8ba2,BetUS,2025-11-25 15:12:34.983956+00:00,2025-11-25 15:11:31+00:00,2025-11-26 00:00:00+00:00,James Madison Dukes,Omaha Mavericks,h2h,2h,-130.0,110.0,,,,,,,
fc9b46e056ef32b58b824f464f1b8ba2,BetUS,2025-11-25 15:12:34.983956+00:00,2025-11-25 15:11:31+00:00,2025-11-26 00:00:00+00:00,James Madison Dukes,Omaha Mavericks,spreads,full_game,,,-2.0,-110.0,2.0,-110.0,,,
fc9b46e056ef32b58b824f464f1b8ba2,BetUS,2025-11-25 15:12:34.983956+00:00,2025-11-25 15:11:31+00:00,2025-11-26 00:00:00+00:00,James Madison Dukes,Omaha Mavericks,totals,full_game,,,,,,,159.5,-110.0,-110.0
fc9b46e056ef32b58b824f464f1b8ba2,Bovada,2025-11-25 15:12:34.983956+00:00,2025-11-25 15:12:00+00:00,2025-11-26 00:00:00+00:00,James Madison Dukes,Omaha Mavericks,h2h,2h,-145.0,125.0,,,,,,,
fc9b46e056ef32b58b824f464f1b8ba2,Bovada,2025-11-25 15:12:34.983956+00:00,2025-11-25 15:12:00+00:00,2025-11-26 00:00:00+00:00,James Madison Dukes,Omaha Mavericks,spreads,full_game,,,-2.5,-110.0,2.5,-110.0,,,
fc9b46e056ef32b58b824f464f1b8ba2,Bovada,2025-11-25 15:12:34.983956+00:00,2025-11-25 15:12:00+00:00,2025-11-26 00:00:00+00:00,James Madison Dukes,Omaha Mavericks,totals,full_game,,,,,,,159.5,-110.0,-110.0
fd99bdfc8b534dba1bfaea86192a11f8,DraftKings,2025-11-25 15:12:34.983956+00:00,2025-11-25 15:12:22+00:00,2025-11-26 00:00:00+00:00,Marist Red Foxes,Lehigh Mountain Hawks,spreads,full_game,,,-7.5,-110.0,7.5,-110.0,,,
fd99bdfc8b534dba1bfaea86192a11f8,DraftKings,2025-11-25 15:12:34.983956+00:00,2025-11-25 15:12:22+00:00,2025-11-26 00:00:00+00:00,Marist Red Foxes,Lehigh Mountain Hawks,totals,full_game,,,,,,,130.5,-115.0,-105.0
fd99bdfc8b534dba1bfaea86192a11f8,BetOnline.ag,2025-11-25 15:12:34.983956+00:00,2025-11-25 15:12:11+00:00,2025-11-26 00:00:00+00:00,Marist Red Foxes,Lehigh Mountain Hawks,spreads,full_game,,,-7.5,-110.0,7.5,-110.0,,,
fd99bdfc8b534dba1bfaea86192a11f8,BetOnline.ag,2025-11-25 15:12:34.983956+00:00,2025-11-25 15:12:11+00:00,2025-11-26 00:00:00+00:00,Marist Red Foxes,Lehigh Mountain Hawks,totals,full_game,,,,,,,131.0,-115.0,-105.0
fd99bdfc8b534dba1bfaea86192a11f8,Fanatics,2025-11-25 15:12:34.983956+00:00,2025-11-25 15:12:09+00:00,2025-11-26 00:00:00+00:00,Marist Red Foxes,Lehigh Mountain Hawks,h2h,2h,-350.0,260.0,,,,,,,
fd99bdfc8b534dba1bfaea86192a11f8,Fanatics,2025-11-25 15:12:34.983956+00:00,2025-11-25 15:12:09+00:00,2025-11-26 00:00:00+00:00,Marist Red Foxes,Lehigh Mountain Hawks,spreads,full_game,,,-7.5,-110.0,7.5,-110.0,,,
fd99bdfc8b534dba1bfaea86192a11f8,Fanatics,2025-11-25 15:12:34.983956+00:00,2025-11-25 15:12:09+00:00,2025-11-26 00:00:00+00:00,Marist Red Foxes,Lehigh Mountain Hawks,totals,full_game,,,,,,,130.0,-110.0,-110.0
fd99bdfc8b534dba1bfaea86192a11f8,LowVig.ag,2025-11-25 15:12:34.983956+00:00,2025-11-25 15:12:23+00:00,2025-11-26 00:00:00+00:00,Marist Red Foxes,Lehigh Mountain Hawks,spreads,full_game,,,-7.5,-106.0,7.5,-106.0,,,
fd99bdfc8b534dba1bfaea86192a11f8,LowVig.ag,2025-11-25 15:12:34.983956+00:00,2025-11-25 15:12:23+00:00,2025-11-26 00:00:00+00:00,Marist Red Foxes,Lehigh Mountain Hawks,totals,full_game,,,,,,,131.0,-113.0,-103.0
fd99bdfc8b534dba1bfaea86192a11f8,Caesars,2025-11-25 15:12:34.983956+00:00,2025-11-25 15:10:44+00:00,2025-11-26 00:00:00+00:00,Marist Red Foxes,Lehigh Mountain Hawks,spreads,full_game,,,-7.5,-110.0,7.5,-110.0,,,
fd99bdfc8b534dba1bfaea86192a11f8,Caesars,2025-11-25 15:12:34.983956+00:00,2025-11-25 15:10:44+00:00,2025-11-26 00:00:00+00:00,Marist Red Foxes,Lehigh Mountain Hawks,totals,full_game,,,,,,,131.5,-110.0,-110.0
fd99bdfc8b534dba1bfaea86192a11f8,FanDuel,2025-11-25 15:12:34.983956+00:00,2025-11-25 15:12:25+00:00,2025-11-26 00:00:00+00:00,Marist Red Foxes,Lehigh Mountain Hawks,h2h,2h,-355.0,270.0,,,,,,,
fd99bdfc8b534dba1bfaea86192a11f8,FanDuel,2025-11-25 15:12:34.983956+00:00,2025-11-25 15:12:25+00:00,2025-11-26 00:00:00+00:00,Marist Red Foxes,Lehigh Mountain Hawks,spreads,full_game,,,-7.5,-110.0,7.5,-110.0,,,
fd99bdfc8b534dba1bfaea86192a11f8,FanDuel,2025-11-25 15:12:34.983956+00:00,2025-11-25 15:12:25+00:00,2025-11-26 00:00:00+00:00,Marist Red Foxes,Lehigh Mountain Hawks,totals,full_game,,,,,,,130.5,-108.0,-116.0
fd99bdfc8b534dba1bfaea86192a11f8,BetRivers,2025-11-25 15:12:34.983956+00:00,2025-11-25 15:11:57+00:00,2025-11-26 00:00:00+00:00,Marist Red Foxes,Lehigh Mountain Hawks,h2h,2h,-345.0,255.0,,,,,,,
fd99bdfc8b534dba1bfaea86192a11f8,BetRivers,2025-11-25 15:12:34.983956+00:00,2025-11-25 15:11:57+00:00,2025-11-26 00:00:00+00:00,Marist Red Foxes,Lehigh Mountain Hawks,spreads,full_game,,,-7.5,-110.0,7.5,-114.0,,,
fd99bdfc8b534dba1bfaea86192a11f8,BetRivers,2025-11-25 15:12:34.983956+00:00,2025-11-25 15:11:57+00:00,2025-11-26 00:00:00+00:00,Marist Red Foxes,Lehigh Mountain Hawks,totals,full_game,,,,,,,130.5,-108.0,-118.0
fd99bdfc8b534dba1bfaea86192a11f8,BetMGM,2025-11-25 15:12:34.983956+00:00,2025-11-25 15:11:57+00:00,2025-11-26 00:00:00+00:00,Marist Red Foxes,Lehigh Mountain Hawks,h2h,2h,-325.0,260.0,,,,,,,
fd99bdfc8b534dba1bfaea86192a11f8,BetMGM,2025-11-25 15:12:34.983956+00:00,2025-11-25 15:11:57+00:00,2025-11-26 00:00:00+00:00,Marist Red Foxes,Lehigh Mountain Hawks,spreads,full_game,,,-7.5,-110.0,7.5,-110.0,,,
fd99bdfc8b534dba1bfaea86192a11f8,BetMGM,2025-11-25 15:12:34.983956+00:00,2025-11-25 15:11:57+00:00,2025-11-26 00:00:00+00:00,Marist Red Foxes,Lehigh Mountain Hawks,totals,full_game,,,,,,,131.5,-110.0,-110.0
fd99bdfc8b534dba1bfaea86192a11f8,Bovada,2025-11-25 15:12:34.983956+00:00,2025-11-25 15:12:00+00:00,2025-11-26 00:00:00+00:00,Marist Red Foxes,Lehigh Mountain Hawks,spreads,full_game,,,-7.5,-110.0,7.5,-110.0,,,
fd99bdfc8b534dba1bfaea86192a11f8,Bovada,2025-11-25 15:12:34.983956+00:00,2025-11-25 15:12:00+00:00,2025-11-26 00:00:00+00:00,Marist Red Foxes,Lehigh Mountain Hawks,totals,full_game,,,,,,,130.0,-110.0,-110.0
f3b66edeab7d2132d577de780a363a92,DraftKings,2025-11-25 15:12:34.983956+00:00,2025-11-25 15:12:22+00:00,2025-11-26 00:00:00+00:00,South Carolina Upstate Spartans,North Carolina Central Eagles,spreads,full_game,,,-5.5,-115.0,5.5,-105.0,,,
f3b66edeab7d2132d577de780a363a92,DraftKings,2025-11-25 15:12:34.983956+00:00,2025-11-25 15:12:22+00:00,2025-11-26 00:00:00+00:00,South Carolina Upstate Spartans,North Carolina Central Eagles,totals,full_game,,,,,,,148.5,-115.0,-105.0
f3b66edeab7d2132d577de780a363a92,Caesars,2025-11-25 15:12:34.983956+00:00,2025-11-25 15:10:44+00:00,2025-11-26 00:00:00+00:00,South Carolina Upstate Spartans,North Carolina Central Eagles,spreads,full_game,,,-6.0,-110.0,6.0,-110.0,,,
f3b66edeab7d2132d577de780a363a92,Caesars,2025-11-25 15:12:34.983956+00:00,2025-11-25 15:10:44+00:00,2025-11-26 00:00:00+00:00,South Carolina Upstate Spartans,North Carolina Central Eagles,totals,full_game,,,,,,,148.5,-110.0,-110.0
f3b66edeab7d2132d577de780a363a92,LowVig.ag,2025-11-25 15:12:34.983956+00:00,2025-11-25 15:12:23+00:00,2025-11-26 00:00:00+00:00,South Carolina Upstate Spartans,North Carolina Central Eagles,spreads,full_game,,,-6.0,-106.0,6.0,-106.0,,,
f3b66edeab7d2132d577de780a363a92,LowVig.ag,2025-11-25 15:12:34.983956+00:00,2025-11-25 15:12:23+00:00,2025-11-26 00:00:00+00:00,South Carolina Upstate Spartans,North Carolina Central Eagles,totals,full_game,,,,,,,149.5,-101.0,-115.0
f3b66edeab7d2132d577de780a363a92,Fanatics,2025-11-25 15:12:34.983956+00:00,2025-11-25 15:12:09+00:00,2025-11-26 00:00:00+00:00,South Carolina Upstate Spartans,North Carolina Central Eagles,h2h,2h,-260.0,210.0,,,,,,,
f3b66edeab7d2132d577de780a363a92,Fanatics,2025-11-25 15:12:34.983956+00:00,2025-11-25 15:12:09+00:00,2025-11-26 00:00:00+00:00,South Carolina Upstate Spartans,North Carolina Central Eagles,spreads,full_game,,,-6.0,-110.0,6.0,-110.0,,,
f3b66edeab7d2132d577de780a363a92,Fanatics,2025-11-25 15:12:34.983956+00:00,2025-11-25 15:12:09+00:00,2025-11-26 00:00:00+00:00,South Carolina Upstate Spartans,North Carolina Central Eagles,totals,full_game,,,,,,,149.0,-110.0,-110.0
f3b66edeab7d2132d577de780a363a92,BetOnline.ag,2025-11-25 15:12:34.983956+00:00,2025-11-25 15:12:11+00:00,2025-11-26 00:00:00+00:00,South Carolina Upstate Spartans,North Carolina Central Eagles,spreads,full_game,,,-6.0,-110.0,6.0,-110.0,,,
f3b66edeab7d2132d577de780a363a92,BetOnline.ag,2025-11-25 15:12:34.983956+00:00,2025-11-25 15:12:11+00:00,2025-11-26 00:00:00+00:00,South Carolina Upstate Spartans,North Carolina Central Eagles,totals,full_game,,,,,,,149.5,-103.0,-117.0
f3b66edeab7d2132d577de780a363a92,FanDuel,2025-11-25 15:12:34.983956+00:00,2025-11-25 15:12:25+00:00,2025-11-26 00:00:00+00:00,South Carolina Upstate Spartans,North Carolina Central Eagles,h2h,2h,-280.0,220.0,,,,,,,
f3b66edeab7d2132d577de780a363a92,FanDuel,2025-11-25 15:12:34.983956+00:00,2025-11-25 15:12:25+00:00,2025-11-26 00:00:00+00:00,South Carolina Upstate Spartans,North Carolina Central Eagles,spreads,full_game,,,-5.5,-118.0,5.5,-104.0,,,
f3b66edeab7d2132d577de780a363a92,FanDuel,2025-11-25 15:12:34.983956+00:00,2025-11-25 15:12:25+00:00,2025-11-26 00:00:00+00:00,South Carolina Upstate Spartans,North Carolina Central Eagles,totals,full_game,,,,,,,148.5,-118.0,-106.0
f3b66edeab7d2132d577de780a363a92,BetRivers,2025-11-25 15:12:34.983956+00:00,2025-11-25 15:11:57+00:00,2025-11-26 00:00:00+00:00,South Carolina Upstate Spartans,North Carolina Central Eagles,h2h,2h,-265.0,200.0,,,,,,,
f3b66edeab7d2132d577de780a363a92,BetRivers,2025-11-25 15:12:34.983956+00:00,2025-11-25 15:11:57+00:00,2025-11-26 00:00:00+00:00,South Carolina Upstate Spartans,North Carolina Central Eagles,spreads,full_game,,,-5.5,-115.0,5.5,-110.0,,,
f3b66edeab7d2132d577de780a363a92,BetRivers,2025-11-25 15:12:34.983956+00:00,2025-11-25 15:11:57+00:00,2025-11-26 00:00:00+00:00,South Carolina Upstate Spartans,North Carolina Central Eagles,totals,full_game,,,,,,,149.5,-113.0,-113.0
f3b66edeab7d2132d577de780a363a92,BetMGM,2025-11-25 15:12:34.983956+00:00,2025-11-25 15:11:57+00:00,2025-11-26 00:00:00+00:00,South Carolina Upstate Spartans,North Carolina Central Eagles,h2h,2h,-250.0,200.0,,,,,,,
f3b66edeab7d2132d577de780a363a92,BetMGM,2025-11-25 15:12:34.983956+00:00,2025-11-25 15:11:57+00:00,2025-11-26 00:00:00+00:00,South Carolina Upstate Spartans,North Carolina Central Eagles,spreads,full_game,,,-6.5,-105.0,6.5,-115.0,,,
f3b66edeab7d2132d577de780a363a92,BetMGM,2025-11-25 15:12:34.983956+00:00,2025-11-25 15:11:57+00:00,2025-11-26 00:00:00+00:00,South Carolina Upstate Spartans,North Carolina Central Eagles,totals,full_game,,,,,,,148.5,-115.0,-105.0
f3b66edeab7d2132d577de780a363a92,Bovada,2025-11-25 15:12:34.983956+00:00,2025-11-25 15:12:00+00:00,2025-11-26 00:00:00+00:00,South Carolina Upstate Spartans,North Carolina Central Eagles,spreads,full_game,,,-6.0,-110.0,6.0,-110.0,,,
f3b66edeab7d2132d577de780a363a92,Bovada,2025-11-25 15:12:34.983956+00:00,2025-11-25 15:12:00+00:00,2025-11-26 00:00:00+00:00,South Carolina Upstate Spartans,North Carolina Central Eagles,totals,full_game,,,,,,,149.0,-110.0,-110.0
cf8e1d4c9108238204c37a7976708b56,DraftKings,2025-11-25 15:12:34.983956+00:00,2025-11-25 15:12:22+00:00,2025-11-26 00:00:00+00:00,Villanova Wildcats,Old Dominion Monarchs,h2h,2h,-4000.0,1600.0,,,,,,,
cf8e1d4c9108238204c37a7976708b56,DraftKings,2025-11-25 15:12:34.983956+00:00,2025-11-25 15:12:22+00:00,2025-11-26 00:00:00+00:00,Villanova Wildcats,Old Dominion Monarchs,spreads,full_game,,,-21.5,-105.0,21.5,-115.0,,,
cf8e1d4c9108238204c37a7976708b56,DraftKings,2025-11-25 15:12:34.983956+00:00,2025-11-25 15:12:22+00:00,2025-11-26 00:00:00+00:00,Villanova Wildcats,Old Dominion Monarchs,totals,full_game,,,,,,,144.5,-115.0,-105.0
cf8e1d4c9108238204c37a7976708b56,BetOnline.ag,2025-11-25 15:12:34.983956+00:00,2025-11-25 15:12:11+00:00,2025-11-26 00:00:00+00:00,Villanova Wildcats,Old Dominion Monarchs,spreads,full_game,,,-21.5,-110.0,21.5,-110.0,,,
cf8e1d4c9108238204c37a7976708b56,BetOnline.ag,2025-11-25 15:12:34.983956+00:00,2025-11-25 15:12:11+00:00,2025-11-26 00:00:00+00:00,Villanova Wildcats,Old Dominion Monarchs,totals,full_game,,,,,,,145.5,-115.0,-105.0
cf8e1d4c9108238204c37a7976708b56,Fanatics,2025-11-25 15:12:34.983956+00:00,2025-11-25 15:12:09+00:00,2025-11-26 00:00:00+00:00,Villanova Wildcats,Old Dominion Monarchs,h2h,2h,-5000.0,1700.0,,,,,,,
cf8e1d4c9108238204c37a7976708b56,Fanatics,2025-11-25 15:12:34.983956+00:00,2025-11-25 15:12:09+00:00,2025-11-26 00:00:00+00:00,Villanova Wildcats,Old Dominion Monarchs,spreads,full_game,,,-21.0,-110.0,21.0,-110.0,,,
cf8e1d4c9108238204c37a7976708b56,Fanatics,2025-11-25 15:12:34.983956+00:00,2025-11-25 15:12:09+00:00,2025-11-26 00:00:00+00:00,Villanova Wildcats,Old Dominion Monarchs,totals,full_game,,,,,,,145.0,-110.0,-110.0
cf8e1d4c9108238204c37a7976708b56,LowVig.ag,2025-11-25 15:12:34.983956+00:00,2025-11-25 15:12:23+00:00,2025-11-26 00:00:00+00:00,Villanova Wildcats,Old Dominion Monarchs,spreads,full_game,,,-21.5,-106.0,21.5,-106.0,,,
cf8e1d4c9108238204c37a7976708b56,LowVig.ag,2025-11-25 15:12:34.983956+00:00,2025-11-25 15:12:23+00:00,2025-11-26 00:00:00+00:00,Villanova Wildcats,Old Dominion Monarchs,totals,full_game,,,,,,,145.5,-113.0,-103.0
cf8e1d4c9108238204c37a7976708b56,Caesars,2025-11-25 15:12:34.983956+00:00,2025-11-25 15:10:44+00:00,2025-11-26 00:00:00+00:00,Villanova Wildcats,Old Dominion Monarchs,spreads,full_game,,,-21.5,-105.0,21.5,-115.0,,,
cf8e1d4c9108238204c37a7976708b56,Caesars,2025-11-25 15:12:34.983956+00:00,2025-11-25 15:10:44+00:00,2025-11-26 00:00:00+00:00,Villanova Wildcats,Old Dominion Monarchs,totals,full_game,,,,,,,145.0,-110.0,-110.0
cf8e1d4c9108238204c37a7976708b56,BetUS,2025-11-25 15:12:34.983956+00:00,2025-11-25 15:11:31+00:00,2025-11-26 00:00:00+00:00,Villanova Wildcats,Old Dominion Monarchs,spreads,full_game,,,-21.0,-110.0,21.0,-110.0,,,
cf8e1d4c9108238204c37a7976708b56,BetUS,2025-11-25 15:12:34.983956+00:00,2025-11-25 15:11:31+00:00,2025-11-26 00:00:00+00:00,Villanova Wildcats,Old Dominion Monarchs,totals,full_game,,,,,,,145.5,-115.0,-105.0
cf8e1d4c9108238204c37a7976708b56,BetMGM,2025-11-25 15:12:34.983956+00:00,2025-11-25 15:11:57+00:00,2025-11-26 00:00:00+00:00,Villanova Wildcats,Old Dominion Monarchs,h2h,2h,-10000.0,1650.0,,,,,,,
cf8e1d4c9108238204c37a7976708b56,BetMGM,2025-11-25 15:12:34.983956+00:00,2025-11-25 15:11:57+00:00,2025-11-26 00:00:00+00:00,Villanova Wildcats,Old Dominion Monarchs,spreads,full_game,,,-21.5,-110.0,21.5,-110.0,,,
cf8e1d4c9108238204c37a7976708b56,BetMGM,2025-11-25 15:12:34.983956+00:00,2025-11-25 15:11:57+00:00,2025-11-26 00:00:00+00:00,Villanova Wildcats,Old Dominion Monarchs,totals,full_game,,,,,,,146.5,-105.0,-115.0
cf8e1d4c9108238204c37a7976708b56,BetRivers,2025-11-25 15:12:34.983956+00:00,2025-11-25 15:11:57+00:00,2025-11-26 00:00:00+00:00,Villanova Wildcats,Old Dominion Monarchs,h2h,2h,-5000.0,1200.0,,,,,,,
cf8e1d4c9108238204c37a7976708b56,BetRivers,2025-11-25 15:12:34.983956+00:00,2025-11-25 15:11:57+00:00,2025-11-26 00:00:00+00:00,Villanova Wildcats,Old Dominion Monarchs,spreads,full_game,,,-20.5,-113.0,20.5,-113.0,,,
cf8e1d4c9108238204c37a7976708b56,BetRivers,2025-11-25 15:12:34.983956+00:00,2025-11-25 15:11:57+00:00,2025-11-26 00:00:00+00:00,Villanova Wildcats,Old Dominion Monarchs,totals,full_game,,,,,,,145.5,-113.0,-113.0
cf8e1d4c9108238204c37a7976708b56,FanDuel,2025-11-25 15:12:34.983956+00:00,2025-11-25 15:12:25+00:00,2025-11-26 00:00:00+00:00,Villanova Wildcats,Old Dominion Monarchs,h2h,2h,-6000.0,1600.0,,,,,,,
cf8e1d4c9108238204c37a7976708b56,FanDuel,2025-11-25 15:12:34.983956+00:00,2025-11-25 15:12:25+00:00,2025-11-26 00:00:00+00:00,Villanova Wildcats,Old Dominion Monarchs,spreads,full_game,,,-21.5,-110.0,21.5,-110.0,,,
cf8e1d4c9108238204c37a7976708b56,FanDuel,2025-11-25 15:12:34.983956+00:00,2025-11-25 15:12:25+00:00,2025-11-26 00:00:00+00:00,Villanova Wildcats,Old Dominion Monarchs,totals,full_game,,,,,,,145.5,-110.0,-114.0
b144881df1d3069ff84ee54508b90d35,FanDuel,2025-11-25 15:12:34.983956+00:00,2025-11-25 15:12:25+00:00,2025-11-26 00:00:00+00:00,UCF Knights,Quinnipiac Bobcats,h2h,2h,-1000.0,640.0,,,,,,,
b144881df1d3069ff84ee54508b90d35,FanDuel,2025-11-25 15:12:34.983956+00:00,2025-11-25 15:12:25+00:00,2025-11-26 00:00:00+00:00,UCF Knights,Quinnipiac Bobcats,spreads,full_game,,,-12.5,-110.0,12.5,-110.0,,,
b144881df1d3069ff84ee54508b90d35,FanDuel,2025-11-25 15:12:34.983956+00:00,2025-11-25 15:12:25+00:00,2025-11-26 00:00:00+00:00,UCF Knights,Quinnipiac Bobcats,totals,full_game,,,,,,,162.5,-115.0,-105.0
b144881df1d3069ff84ee54508b90d35,BetOnline.ag,2025-11-25 15:12:34.983956+00:00,2025-11-25 15:12:11+00:00,2025-11-26 00:00:00+00:00,UCF Knights,Quinnipiac Bobcats,h2h,2h,-950.0,637.0,,,,,,,
b144881df1d3069ff84ee54508b90d35,BetOnline.ag,2025-11-25 15:12:34.983956+00:00,2025-11-25 15:12:11+00:00,2025-11-26 00:00:00+00:00,UCF Knights,Quinnipiac Bobcats,spreads,full_game,,,-12.0,-113.0,12.0,-107.0,,,
b144881df1d3069ff84ee54508b90d35,BetOnline.ag,2025-11-25 15:12:34.983956+00:00,2025-11-25 15:12:11+00:00,2025-11-26 00:00:00+00:00,UCF Knights,Quinnipiac Bobcats,totals,full_game,,,,,,,163.0,-110.0,-110.0
b144881df1d3069ff84ee54508b90d35,LowVig.ag,2025-11-25 15:12:34.983956+00:00,2025-11-25 15:12:23+00:00,2025-11-26 00:00:00+00:00,UCF Knights,Quinnipiac Bobcats,h2h,2h,-950.0,637.0,,,,,,,
b144881df1d3069ff84ee54508b90d35,LowVig.ag,2025-11-25 15:12:34.983956+00:00,2025-11-25 15:12:23+00:00,2025-11-26 00:00:00+00:00,UCF Knights,Quinnipiac Bobcats,spreads,full_game,,,-12.0,-109.0,12.0,-103.0,,,
b144881df1d3069ff84ee54508b90d35,LowVig.ag,2025-11-25 15:12:34.983956+00:00,2025-11-25 15:12:23+00:00,2025-11-26 00:00:00+00:00,UCF Knights,Quinnipiac Bobcats,totals,full_game,,,,,,,163.0,-108.0,-108.0
b144881df1d3069ff84ee54508b90d35,Fanatics,2025-11-25 15:12:34.983956+00:00,2025-11-25 15:12:09+00:00,2025-11-26 00:00:00+00:00,UCF Knights,Quinnipiac Bobcats,h2h,2h,-1000.0,650.0,,,,,,,
b144881df1d3069ff84ee54508b90d35,Fanatics,2025-11-25 15:12:34.983956+00:00,2025-11-25 15:12:09+00:00,2025-11-26 00:00:00+00:00,UCF Knights,Quinnipiac Bobcats,spreads,full_game,,,-12.5,-115.0,12.5,-105.0,,,
b144881df1d3069ff84ee54508b90d35,Fanatics,2025-11-25 15:12:34.983956+00:00,2025-11-25 15:12:09+00:00,2025-11-26 00:00:00+00:00,UCF Knights,Quinnipiac Bobcats,totals,full_game,,,,,,,162.0,-110.0,-110.0
b144881df1d3069ff84ee54508b90d35,Caesars,2025-11-25 15:12:34.983956+00:00,2025-11-25 15:10:44+00:00,2025-11-26 00:00:00+00:00,UCF Knights,Quinnipiac Bobcats,h2h,2h,-1000.0,650.0,,,,,,,
b144881df1d3069ff84ee54508b90d35,Caesars,2025-11-25 15:12:34.983956+00:00,2025-11-25 15:10:44+00:00,2025-11-26 00:00:00+00:00,UCF Knights,Quinnipiac Bobcats,spreads,full_game,,,-12.5,-110.0,12.5,-110.0,,,
b144881df1d3069ff84ee54508b90d35,Caesars,2025-11-25 15:12:34.983956+00:00,2025-11-25 15:10:44+00:00,2025-11-26 00:00:00+00:00,UCF Knights,Quinnipiac Bobcats,totals,full_game,,,,,,,162.5,-110.0,-110.0
b144881df1d3069ff84ee54508b90d35,Bovada,2025-11-25 15:12:34.983956+00:00,2025-11-25 15:12:00+00:00,2025-11-26 00:00:00+00:00,UCF Knights,Quinnipiac Bobcats,h2h,2h,-1400.0,750.0,,,,,,,
b144881df1d3069ff84ee54508b90d35,Bovada,2025-11-25 15:12:34.983956+00:00,2025-11-25 15:12:00+00:00,2025-11-26 00:00:00+00:00,UCF Knights,Quinnipiac Bobcats,spreads,full_game,,,-13.5,-110.0,13.5,-110.0,,,
b144881df1d3069ff84ee54508b90d35,Bovada,2025-11-25 15:12:34.983956+00:00,2025-11-25 15:12:00+00:00,2025-11-26 00:00:00+00:00,UCF Knights,Quinnipiac Bobcats,totals,full_game,,,,,,,162.5,-110.0,-110.0
b144881df1d3069ff84ee54508b90d35,DraftKings,2025-11-25 15:12:34.983956+00:00,2025-11-25 15:12:22+00:00,2025-11-26 00:00:00+00:00,UCF Knights,Quinnipiac Bobcats,h2h,2h,-1050.0,675.0,,,,,,,
b144881df1d3069ff84ee54508b90d35,DraftKings,2025-11-25 15:12:34.983956+00:00,2025-11-25 15:12:22+00:00,2025-11-26 00:00:00+00:00,UCF Knights,Quinnipiac Bobcats,spreads,full_game,,,-12.5,-112.0,12.5,-108.0,,,
b144881df1d3069ff84ee54508b90d35,DraftKings,2025-11-25 15:12:34.983956+00:00,2025-11-25 15:12:22+00:00,2025-11-26 00:00:00+00:00,UCF Knights,Quinnipiac Bobcats,totals,full_game,,,,,,,162.5,-110.0,-110.0
b144881df1d3069ff84ee54508b90d35,BetUS,2025-11-25 15:12:34.983956+00:00,2025-11-25 15:11:31+00:00,2025-11-26 00:00:00+00:00,UCF Knights,Quinnipiac Bobcats,h2h,2h,-950.0,630.0,,,,,,,
b144881df1d3069ff84ee54508b90d35,BetUS,2025-11-25 15:12:34.983956+00:00,2025-11-25 15:11:31+00:00,2025-11-26 00:00:00+00:00,UCF Knights,Quinnipiac Bobcats,spreads,full_game,,,-12.5,-110.0,12.5,-110.0,,,
b144881df1d3069ff84ee54508b90d35,BetUS,2025-11-25 15:12:34.983956+00:00,2025-11-25 15:11:31+00:00,2025-11-26 00:00:00+00:00,UCF Knights,Quinnipiac Bobcats,totals,full_game,,,,,,,163.0,-110.0,-110.0
b144881df1d3069ff84ee54508b90d35,BetMGM,2025-11-25 15:12:34.983956+00:00,2025-11-25 15:11:57+00:00,2025-11-26 00:00:00+00:00,UCF Knights,Quinnipiac Bobcats,h2h,2h,-900.0,600.0,,,,,,,
b144881df1d3069ff84ee54508b90d35,BetMGM,2025-11-25 15:12:34.983956+00:00,2025-11-25 15:11:57+00:00,2025-11-26 00:00:00+00:00,UCF Knights,Quinnipiac Bobcats,spreads,full_game,,,-12.5,-110.0,12.5,-110.0,,,
b144881df1d3069ff84ee54508b90d35,BetMGM,2025-11-25 15:12:34.983956+00:00,2025-11-25 15:11:57+00:00,2025-11-26 00:00:00+00:00,UCF Knights,Quinnipiac Bobcats,totals,full_game,,,,,,,162.5,-115.0,-105.0
b144881df1d3069ff84ee54508b90d35,BetRivers,2025-11-25 15:12:34.983956+00:00,2025-11-25 15:11:57+00:00,2025-11-26 00:00:00+00:00,UCF Knights,Quinnipiac Bobcats,h2h,2h,-1000.0,550.0,,,,,,,
b144881df1d3069ff84ee54508b90d35,BetRivers,2025-11-25 15:12:34.983956+00:00,2025-11-25 15:11:57+00:00,2025-11-26 00:00:00+00:00,UCF Knights,Quinnipiac Bobcats,spreads,full_game,,,-12.5,-114.0,12.5,-112.0,,,
b144881df1d3069ff84ee54508b90d35,BetRivers,2025-11-25 15:12:34.983956+00:00,2025-11-25 15:11:57+00:00,2025-11-26 00:00:00+00:00,UCF Knights,Quinnipiac Bobcats,totals,full_game,,,,,,,162.5,-115.0,-110.0
b1579c8f01cc9aead5e549a0eb10433c,DraftKings,2025-11-25 15:12:34.983956+00:00,2025-11-25 15:12:22+00:00,2025-11-26 00:00:00+00:00,Stetson Hatters,Wright St Raiders,spreads,full_game,,,9.5,-112.0,-9.5,-108.0,,,
b1579c8f01cc9aead5e549a0eb10433c,DraftKings,2025-11-25 15:12:34.983956+00:00,2025-11-25 15:12:22+00:00,2025-11-26 00:00:00+00:00,Stetson Hatters,Wright St Raiders,totals,full_game,,,,,,,148.5,-105.0,-115.0
b1579c8f01cc9aead5e549a0eb10433c,BetOnline.ag,2025-11-25 15:12:34.983956+00:00,2025-11-25 15:12:11+00:00,2025-11-26 00:00:00+00:00,Stetson Hatters,Wright St Raiders,spreads,full_game,,,9.5,-115.0,-9.5,-105.0,,,
b1579c8f01cc9aead5e549a0eb10433c,BetOnline.ag,2025-11-25 15:12:34.983956+00:00,2025-11-25 15:12:11+00:00,2025-11-26 00:00:00+00:00,Stetson Hatters,Wright St Raiders,totals,full_game,,,,,,,148.0,-115.0,-105.0
b1579c8f01cc9aead5e549a0eb10433c,LowVig.ag,2025-11-25 15:12:34.983956+00:00,2025-11-25 15:12:23+00:00,2025-11-26 00:00:00+00:00,Stetson Hatters,Wright St Raiders,spreads,full_game,,,9.5,-111.0,-9.5,-101.0,,,
b1579c8f01cc9aead5e549a0eb10433c,LowVig.ag,2025-11-25 15:12:34.983956+00:00,2025-11-25 15:12:23+00:00,2025-11-26 00:00:00+00:00,Stetson Hatters,Wright St Raiders,totals,full_game,,,,,,,148.0,-113.0,-103.0
b1579c8f01cc9aead5e549a0eb10433c,Fanatics,2025-11-25 15:12:34.983956+00:00,2025-11-25 15:12:09+00:00,2025-11-26 00:00:00+00:00,Stetson Hatters,Wright St Raiders,h2h,2h,330.0,-425.0,,,,,,,
b1579c8f01cc9aead5e549a0eb10433c,Fanatics,2025-11-25 15:12:34.983956+00:00,2025-11-25 15:12:09+00:00,2025-11-26 00:00:00+00:00,Stetson Hatters,Wright St Raiders,spreads,full_game,,,9.0,-110.0,-9.0,-110.0,,,
b1579c8f01cc9aead5e549a0eb10433c,Fanatics,2025-11-25 15:12:34.983956+00:00,2025-11-25 15:12:09+00:00,2025-11-26 00:00:00+00:00,Stetson Hatters,Wright St Raiders,totals,full_game,,,,,,,147.5,-110.0,-110.0
b1579c8f01cc9aead5e549a0eb10433c,Caesars,2025-11-25 15:12:34.983956+00:00,2025-11-25 15:10:44+00:00,2025-11-26 00:00:00+00:00,Stetson Hatters,Wright St Raiders,spreads,full_game,,,8.5,-110.0,-8.5,-110.0,,,
b1579c8f01cc9aead5e549a0eb10433c,Caesars,2025-11-25 15:12:34.983956+00:00,2025-11-25 15:10:44+00:00,2025-11-26 00:00:00+00:00,Stetson Hatters,Wright St Raiders,totals,full_game,,,,,,,148.0,-115.0,-105.0
b1579c8f01cc9aead5e549a0eb10433c,BetRivers,2025-11-25 15:12:34.983956+00:00,2025-11-25 15:11:58+00:00,2025-11-26 00:00:00+00:00,Stetson Hatters,Wright St Raiders,h2h,2h,310.0,-435.0,,,,,,,
b1579c8f01cc9aead5e549a0eb10433c,BetRivers,2025-11-25 15:12:34.983956+00:00,2025-11-25 15:11:58+00:00,2025-11-26 00:00:00+00:00,Stetson Hatters,Wright St Raiders,spreads,full_game,,,8.5,-107.0,-8.5,-120.0,,,
b1579c8f01cc9aead5e549a0eb10433c,BetRivers,2025-11-25 15:12:34.983956+00:00,2025-11-25 15:11:58+00:00,2025-11-26 00:00:00+00:00,Stetson Hatters,Wright St Raiders,totals,full_game,,,,,,,147.5,-114.0,-112.0
b1579c8f01cc9aead5e549a0eb10433c,FanDuel,2025-11-25 15:12:34.983956+00:00,2025-11-25 15:12:25+00:00,2025-11-26 00:00:00+00:00,Stetson Hatters,Wright St Raiders,h2h,2h,340.0,-470.0,,,,,,,
b1579c8f01cc9aead5e549a0eb10433c,FanDuel,2025-11-25 15:12:34.983956+00:00,2025-11-25 15:12:25+00:00,2025-11-26 00:00:00+00:00,Stetson Hatters,Wright St Raiders,spreads,full_game,,,8.5,-106.0,-8.5,-114.0,,,
b1579c8f01cc9aead5e549a0eb10433c,FanDuel,2025-11-25 15:12:34.983956+00:00,2025-11-25 15:12:25+00:00,2025-11-26 00:00:00+00:00,Stetson Hatters,Wright St Raiders,totals,full_game,,,,,,,147.5,-116.0,-108.0
b1579c8f01cc9aead5e549a0eb10433c,BetMGM,2025-11-25 15:12:34.983956+00:00,2025-11-25 15:11:57+00:00,2025-11-26 00:00:00+00:00,Stetson Hatters,Wright St Raiders,h2h,2h,333.0,-450.0,,,,,,,
b1579c8f01cc9aead5e549a0eb10433c,BetMGM,2025-11-25 15:12:34.983956+00:00,2025-11-25 15:11:57+00:00,2025-11-26 00:00:00+00:00,Stetson Hatters,Wright St Raiders,spreads,full_game,,,8.5,-105.0,-8.5,-115.0,,,
b1579c8f01cc9aead5e549a0eb10433c,BetMGM,2025-11-25 15:12:34.983956+00:00,2025-11-25 15:11:57+00:00,2025-11-26 00:00:00+00:00,Stetson Hatters,Wright St Raiders,totals,full_game,,,,,,,147.5,-110.0,-110.0
b1579c8f01cc9aead5e549a0eb10433c,Bovada,2025-11-25 15:12:34.983956+00:00,2025-11-25 15:12:00+00:00,2025-11-26 00:00:00+00:00,Stetson Hatters,Wright St Raiders,spreads,full_game,,,8.0,-105.0,-8.0,-115.0,,,
b1579c8f01cc9aead5e549a0eb10433c,Bovada,2025-11-25 15:12:34.983956+00:00,2025-11-25 15:12:00+00:00,2025-11-26 00:00:00+00:00,Stetson Hatters,Wright St Raiders,totals,full_game,,,,,,,147.5,-110.0,-110.0
4d56e5a9e911c99f22b73786f65c6ad0,DraftKings,2025-11-25 15:12:34.983956+00:00,2025-11-25 15:12:22+00:00,2025-11-26 00:30:00+00:00,Central Arkansas Bears,Eastern Illinois Panthers,h2h,2h,-170.0,142.0,,,,,,,
4d56e5a9e911c99f22b73786f65c6ad0,DraftKings,2025-11-25 15:12:34.983956+00:00,2025-11-25 15:12:22+00:00,2025-11-26 00:30:00+00:00,Central Arkansas Bears,Eastern Illinois Panthers,spreads,full_game,,,-4.5,-110.0,4.5,-110.0,,,
4d56e5a9e911c99f22b73786f65c6ad0,DraftKings,2025-11-25 15:12:34.983956+00:00,2025-11-25 15:12:22+00:00,2025-11-26 00:30:00+00:00,Central Arkansas Bears,Eastern Illinois Panthers,totals,full_game,,,,,,,139.5,-105.0,-115.0
4d56e5a9e911c99f22b73786f65c6ad0,BetOnline.ag,2025-11-25 15:12:34.983956+00:00,2025-11-25 15:12:11+00:00,2025-11-26 00:30:00+00:00,Central Arkansas Bears,Eastern Illinois Panthers,spreads,full_game,,,-4.5,-108.0,4.5,-112.0,,,
4d56e5a9e911c99f22b73786f65c6ad0,BetOnline.ag,2025-11-25 15:12:34.983956+00:00,2025-11-25 15:12:11+00:00,2025-11-26 00:30:00+00:00,Central Arkansas Bears,Eastern Illinois Panthers,totals,full_game,,,,,,,139.0,-110.0,-110.0
4d56e5a9e911c99f22b73786f65c6ad0,Fanatics,2025-11-25 15:12:34.983956+00:00,2025-11-25 15:12:09+00:00,2025-11-26 00:30:00+00:00,Central Arkansas Bears,Eastern Illinois Panthers,h2h,2h,-180.0,150.0,,,,,,,
4d56e5a9e911c99f22b73786f65c6ad0,Fanatics,2025-11-25 15:12:34.983956+00:00,2025-11-25 15:12:09+00:00,2025-11-26 00:30:00+00:00,Central Arkansas Bears,Eastern Illinois Panthers,spreads,full_game,,,-4.5,100.0,4.5,-120.0,,,
4d56e5a9e911c99f22b73786f65c6ad0,Fanatics,2025-11-25 15:12:34.983956+00:00,2025-11-25 15:12:09+00:00,2025-11-26 00:30:00+00:00,Central Arkansas Bears,Eastern Illinois Panthers,totals,full_game,,,,,,,139.0,-110.0,-110.0
4d56e5a9e911c99f22b73786f65c6ad0,LowVig.ag,2025-11-25 15:12:34.983956+00:00,2025-11-25 15:12:23+00:00,2025-11-26 00:30:00+00:00,Central Arkansas Bears,Eastern Illinois Panthers,spreads,full_game,,,-4.5,-104.0,4.5,-108.0,,,
4d56e5a9e911c99f22b73786f65c6ad0,LowVig.ag,2025-11-25 15:12:34.983956+00:00,2025-11-25 15:12:23+00:00,2025-11-26 00:30:00+00:00,Central Arkansas Bears,Eastern Illinois Panthers,totals,full_game,,,,,,,139.0,-108.0,-108.0
4d56e5a9e911c99f22b73786f65c6ad0,BetRivers,2025-11-25 15:12:34.983956+00:00,2025-11-25 15:11:58+00:00,2025-11-26 00:30:00+00:00,Central Arkansas Bears,Eastern Illinois Panthers,h2h,2h,-195.0,150.0,,,,,,,
4d56e5a9e911c99f22b73786f65c6ad0,BetRivers,2025-11-25 15:12:34.983956+00:00,2025-11-25 15:11:58+00:00,2025-11-26 00:30:00+00:00,Central Arkansas Bears,Eastern Illinois Panthers,spreads,full_game,,,-3.5,-120.0,3.5,-107.0,,,
4d56e5a9e911c99f22b73786f65c6ad0,BetRivers,2025-11-25 15:12:34.983956+00:00,2025-11-25 15:11:58+00:00,2025-11-26 00:30:00+00:00,Central Arkansas Bears,Eastern Illinois Panthers,totals,full_game,,,,,,,138.5,-115.0,-110.0
4d56e5a9e911c99f22b73786f65c6ad0,FanDuel,2025-11-25 15:12:34.983956+00:00,2025-11-25 15:12:25+00:00,2025-11-26 00:30:00+00:00,Central Arkansas Bears,Eastern Illinois Panthers,h2h,2h,-188.0,152.0,,,,,,,
4d56e5a9e911c99f22b73786f65c6ad0,FanDuel,2025-11-25 15:12:34.983956+00:00,2025-11-25 15:12:25+00:00,2025-11-26 00:30:00+00:00,Central Arkansas Bears,Eastern Illinois Panthers,spreads,full_game,,,-4.5,-104.0,4.5,-118.0,,,
4d56e5a9e911c99f22b73786f65c6ad0,FanDuel,2025-11-25 15:12:34.983956+00:00,2025-11-25 15:12:25+00:00,2025-11-26 00:30:00+00:00,Central Arkansas Bears,Eastern Illinois Panthers,totals,full_game,,,,,,,138.5,-116.0,-108.0
4d56e5a9e911c99f22b73786f65c6ad0,Bovada,2025-11-25 15:12:34.983956+00:00,2025-11-25 15:12:00+00:00,2025-11-26 00:30:00+00:00,Central Arkansas Bears,Eastern Illinois Panthers,spreads,full_game,,,-4.0,-110.0,4.0,-110.0,,,
4d56e5a9e911c99f22b73786f65c6ad0,Bovada,2025-11-25 15:12:34.983956+00:00,2025-11-25 15:12:00+00:00,2025-11-26 00:30:00+00:00,Central Arkansas Bears,Eastern Illinois Panthers,totals,full_game,,,,,,,139.0,-110.0,-110.0
4d56e5a9e911c99f22b73786f65c6ad0,BetMGM,2025-11-25 15:12:34.983956+00:00,2025-11-25 15:11:57+00:00,2025-11-26 00:30:00+00:00,Central Arkansas Bears,Eastern Illinois Panthers,h2h,2h,-175.0,145.0,,,,,,,
4d56e5a9e911c99f22b73786f65c6ad0,BetMGM,2025-11-25 15:12:34.983956+00:00,2025-11-25 15:11:57+00:00,2025-11-26 00:30:00+00:00,Central Arkansas Bears,Eastern Illinois Panthers,spreads,full_game,,,-4.5,-105.0,4.5,-115.0,,,
4d56e5a9e911c99f22b73786f65c6ad0,BetMGM,2025-11-25 15:12:34.983956+00:00,2025-11-25 15:11:57+00:00,2025-11-26 00:30:00+00:00,Central Arkansas Bears,Eastern Illinois Panthers,totals,full_game,,,,,,,139.5,-105.0,-115.0
9d570288e024ec956da11c62f4aea6dd,DraftKings,2025-11-25 15:12:34.983956+00:00,2025-11-25 15:12:22+00:00,2025-11-26 00:30:00+00:00,Murray St Racers,GW Revolutionaries,spreads,full_game,,,7.5,-115.0,-7.5,-105.0,,,
9d570288e024ec956da11c62f4aea6dd,DraftKings,2025-11-25 15:12:34.983956+00:00,2025-11-25 15:12:22+00:00,2025-11-26 00:30:00+00:00,Murray St Racers,GW Revolutionaries,totals,full_game,,,,,,,165.5,-112.0,-108.0
9d570288e024ec956da11c62f4aea6dd,LowVig.ag,2025-11-25 15:12:34.983956+00:00,2025-11-25 15:12:23+00:00,2025-11-26 00:30:00+00:00,Murray St Racers,GW Revolutionaries,h2h,2h,270.0,-335.0,,,,,,,
9d570288e024ec956da11c62f4aea6dd,LowVig.ag,2025-11-25 15:12:34.983956+00:00,2025-11-25 15:12:23+00:00,2025-11-26 00:30:00+00:00,Murray St Racers,GW Revolutionaries,spreads,full_game,,,7.5,-108.0,-7.5,-104.0,,,
9d570288e024ec956da11c62f4aea6dd,LowVig.ag,2025-11-25 15:12:34.983956+00:00,2025-11-25 15:12:23+00:00,2025-11-26 00:30:00+00:00,Murray St Racers,GW Revolutionaries,totals,full_game,,,,,,,165.5,-108.0,-108.0
9d570288e024ec956da11c62f4aea6dd,BetOnline.ag,2025-11-25 15:12:34.983956+00:00,2025-11-25 15:12:11+00:00,2025-11-26 00:30:00+00:00,Murray St Racers,GW Revolutionaries,h2h,2h,270.0,-335.0,,,,,,,
9d570288e024ec956da11c62f4aea6dd,BetOnline.ag,2025-11-25 15:12:34.983956+00:00,2025-11-25 15:12:11+00:00,2025-11-26 00:30:00+00:00,Murray St Racers,GW Revolutionaries,spreads,full_game,,,7.5,-112.0,-7.5,-108.0,,,
9d570288e024ec956da11c62f4aea6dd,BetOnline.ag,2025-11-25 15:12:34.983956+00:00,2025-11-25 15:12:11+00:00,2025-11-26 00:30:00+00:00,Murray St Racers,GW Revolutionaries,totals,full_game,,,,,,,165.5,-110.0,-110.0
9d570288e024ec956da11c62f4aea6dd,Caesars,2025-11-25 15:12:34.983956+00:00,2025-11-25 15:10:44+00:00,2025-11-26 00:30:00+00:00,Murray St Racers,GW Revolutionaries,h2h,2h,250.0,-320.0,,,,,,,
9d570288e024ec956da11c62f4aea6dd,Caesars,2025-11-25 15:12:34.983956+00:00,2025-11-25 15:10:44+00:00,2025-11-26 00:30:00+00:00,Murray St Racers,GW Revolutionaries,spreads,full_game,,,7.5,-110.0,-7.5,-110.0,,,
9d570288e024ec956da11c62f4aea6dd,Caesars,2025-11-25 15:12:34.983956+00:00,2025-11-25 15:10:44+00:00,2025-11-26 00:30:00+00:00,Murray St Racers,GW Revolutionaries,totals,full_game,,,,,,,165.5,-110.0,-110.0
9d570288e024ec956da11c62f4aea6dd,FanDuel,2025-11-25 15:12:34.983956+00:00,2025-11-25 15:12:25+00:00,2025-11-26 00:30:00+00:00,Murray St Racers,GW Revolutionaries,h2h,2h,270.0,-355.0,,,,,,,
9d570288e024ec956da11c62f4aea6dd,FanDuel,2025-11-25 15:12:34.983956+00:00,2025-11-25 15:12:25+00:00,2025-11-26 00:30:00+00:00,Murray St Racers,GW Revolutionaries,spreads,full_game,,,7.5,-112.0,-7.5,-108.0,,,
9d570288e024ec956da11c62f4aea6dd,FanDuel,2025-11-25 15:12:34.983956+00:00,2025-11-25 15:12:25+00:00,2025-11-26 00:30:00+00:00,Murray St Racers,GW Revolutionaries,totals,full_game,,,,,,,165.5,-114.0,-110.0
9d570288e024ec956da11c62f4aea6dd,BetMGM,2025-11-25 15:12:34.983956+00:00,2025-11-25 15:11:57+00:00,2025-11-26 00:30:00+00:00,Murray St Racers,GW Revolutionaries,h2h,2h,240.0,-300.0,,,,,,,
9d570288e024ec956da11c62f4aea6dd,BetMGM,2025-11-25 15:12:34.983956+00:00,2025-11-25 15:11:57+00:00,2025-11-26 00:30:00+00:00,Murray St Racers,GW Revolutionaries,spreads,full_game,,,7.5,-115.0,-7.5,-105.0,,,
9d570288e024ec956da11c62f4aea6dd,BetMGM,2025-11-25 15:12:34.983956+00:00,2025-11-25 15:11:57+00:00,2025-11-26 00:30:00+00:00,Murray St Racers,GW Revolutionaries,totals,full_game,,,,,,,166.5,-110.0,-110.0
9d570288e024ec956da11c62f4aea6dd,BetRivers,2025-11-25 15:12:34.983956+00:00,2025-11-25 15:11:58+00:00,2025-11-26 00:30:00+00:00,Murray St Racers,GW Revolutionaries,h2h,2h,225.0,-305.0,,,,,,,
9d570288e024ec956da11c62f4aea6dd,BetRivers,2025-11-25 15:12:34.983956+00:00,2025-11-25 15:11:58+00:00,2025-11-26 00:30:00+00:00,Murray St Racers,GW Revolutionaries,spreads,full_game,,,7.5,-120.0,-7.5,-107.0,,,
9d570288e024ec956da11c62f4aea6dd,BetRivers,2025-11-25 15:12:34.983956+00:00,2025-11-25 15:11:58+00:00,2025-11-26 00:30:00+00:00,Murray St Racers,GW Revolutionaries,totals,full_game,,,,,,,165.5,-112.0,-114.0
9d570288e024ec956da11c62f4aea6dd,BetUS,2025-11-25 15:12:34.983956+00:00,2025-11-25 15:11:31+00:00,2025-11-26 00:30:00+00:00,Murray St Racers,GW Revolutionaries,h2h,2h,272.0,-335.0,,,,,,,
9d570288e024ec956da11c62f4aea6dd,BetUS,2025-11-25 15:12:34.983956+00:00,2025-11-25 15:11:31+00:00,2025-11-26 00:30:00+00:00,Murray St Racers,GW Revolutionaries,spreads,full_game,,,7.5,-110.0,-7.5,-110.0,,,
9d570288e024ec956da11c62f4aea6dd,BetUS,2025-11-25 15:12:34.983956+00:00,2025-11-25 15:11:31+00:00,2025-11-26 00:30:00+00:00,Murray St Racers,GW Revolutionaries,totals,full_game,,,,,,,165.5,-110.0,-110.0
9d570288e024ec956da11c62f4aea6dd,Bovada,2025-11-25 15:12:34.983956+00:00,2025-11-25 15:12:00+00:00,2025-11-26 00:30:00+00:00,Murray St Racers,GW Revolutionaries,h2h,2h,270.0,-340.0,,,,,,,
9d570288e024ec956da11c62f4aea6dd,Bovada,2025-11-25 15:12:34.983956+00:00,2025-11-25 15:12:00+00:00,2025-11-26 00:30:00+00:00,Murray St Racers,GW Revolutionaries,spreads,full_game,,,7.5,-110.0,-7.5,-110.0,,,
9d570288e024ec956da11c62f4aea6dd,Bovada,2025-11-25 15:12:34.983956+00:00,2025-11-25 15:12:00+00:00,2025-11-26 00:30:00+00:00,Murray St Racers,GW Revolutionaries,totals,full_game,,,,,,,165.5,-110.0,-110.0
5eff26af600445fb312a0d86594ff73c,FanDuel,2025-11-25 15:12:34.983956+00:00,2025-11-25 15:12:25+00:00,2025-11-26 00:30:38+00:00,Florida Atlantic Owls,George Mason Patriots,h2h,2h,180.0,-220.0,,,,,,,
5eff26af600445fb312a0d86594ff73c,FanDuel,2025-11-25 15:12:34.983956+00:00,2025-11-25 15:12:25+00:00,2025-11-26 00:30:38+00:00,Florida Atlantic Owls,George Mason Patriots,spreads,full_game,,,4.5,-106.0,-4.5,-114.0,,,
5eff26af600445fb312a0d86594ff73c,FanDuel,2025-11-25 15:12:34.983956+00:00,2025-11-25 15:12:25+00:00,2025-11-26 00:30:38+00:00,Florida Atlantic Owls,George Mason Patriots,totals,full_game,,,,,,,147.5,-110.0,-110.0
5eff26af600445fb312a0d86594ff73c,DraftKings,2025-11-25 15:12:34.983956+00:00,2025-11-25 15:12:22+00:00,2025-11-26 00:30:38+00:00,Florida Atlantic Owls,George Mason Patriots,spreads,full_game,,,4.5,-105.0,-4.5,-115.0,,,
5eff26af600445fb312a0d86594ff73c,DraftKings,2025-11-25 15:12:34.983956+00:00,2025-11-25 15:12:22+00:00,2025-11-26 00:30:38+00:00,Florida Atlantic Owls,George Mason Patriots,totals,full_game,,,,,,,146.5,-115.0,-105.0
5eff26af600445fb312a0d86594ff73c,LowVig.ag,2025-11-25 15:12:34.983956+00:00,2025-11-25 15:12:23+00:00,2025-11-26 00:30:38+00:00,Florida Atlantic Owls,George Mason Patriots,h2h,2h,170.0,-195.0,,,,,,,
5eff26af600445fb312a0d86594ff73c,LowVig.ag,2025-11-25 15:12:34.983956+00:00,2025-11-25 15:12:23+00:00,2025-11-26 00:30:38+00:00,Florida Atlantic Owls,George Mason Patriots,spreads,full_game,,,4.5,-106.0,-4.5,-106.0,,,
5eff26af600445fb312a0d86594ff73c,LowVig.ag,2025-11-25 15:12:34.983956+00:00,2025-11-25 15:12:23+00:00,2025-11-26 00:30:38+00:00,Florida Atlantic Owls,George Mason Patriots,totals,full_game,,,,,,,147.0,-108.0,-108.0
5eff26af600445fb312a0d86594ff73c,BetOnline.ag,2025-11-25 15:12:34.983956+00:00,2025-11-25 15:12:11+00:00,2025-11-26 00:30:38+00:00,Florida Atlantic Owls,George Mason Patriots,h2h,2h,170.0,-195.0,,,,,,,
5eff26af600445fb312a0d86594ff73c,BetOnline.ag,2025-11-25 15:12:34.983956+00:00,2025-11-25 15:12:11+00:00,2025-11-26 00:30:38+00:00,Florida Atlantic Owls,George Mason Patriots,spreads,full_game,,,4.5,-110.0,-4.5,-110.0,,,
5eff26af600445fb312a0d86594ff73c,BetOnline.ag,2025-11-25 15:12:34.983956+00:00,2025-11-25 15:12:11+00:00,2025-11-26 00:30:38+00:00,Florida Atlantic Owls,George Mason Patriots,totals,full_game,,,,,,,147.0,-110.0,-110.0
5eff26af600445fb312a0d86594ff73c,Caesars,2025-11-25 15:12:34.983956+00:00,2025-11-25 15:10:44+00:00,2025-11-26 00:30:38+00:00,Florida Atlantic Owls,George Mason Patriots,h2h,2h,175.0,-210.0,,,,,,,
5eff26af600445fb312a0d86594ff73c,Caesars,2025-11-25 15:12:34.983956+00:00,2025-11-25 15:10:44+00:00,2025-11-26 00:30:38+00:00,Florida Atlantic Owls,George Mason Patriots,spreads,full_game,,,4.5,-110.0,-4.5,-110.0,,,
5eff26af600445fb312a0d86594ff73c,Caesars,2025-11-25 15:12:34.983956+00:00,2025-11-25 15:10:44+00:00,2025-11-26 00:30:38+00:00,Florida Atlantic Owls,George Mason Patriots,totals,full_game,,,,,,,147.0,-110.0,-110.0
5eff26af600445fb312a0d86594ff73c,BetMGM,2025-11-25 15:12:34.983956+00:00,2025-11-25 15:11:57+00:00,2025-11-26 00:30:38+00:00,Florida Atlantic Owls,George Mason Patriots,h2h,2h,170.0,-210.0,,,,,,,
5eff26af600445fb312a0d86594ff73c,BetMGM,2025-11-25 15:12:34.983956+00:00,2025-11-25 15:11:57+00:00,2025-11-26 00:30:38+00:00,Florida Atlantic Owls,George Mason Patriots,spreads,full_game,,,4.5,-110.0,-4.5,-110.0,,,
5eff26af600445fb312a0d86594ff73c,BetMGM,2025-11-25 15:12:34.983956+00:00,2025-11-25 15:11:57+00:00,2025-11-26 00:30:38+00:00,Florida Atlantic Owls,George Mason Patriots,totals,full_game,,,,,,,146.5,-110.0,-110.0
5eff26af600445fb312a0d86594ff73c,BetRivers,2025-11-25 15:12:34.983956+00:00,2025-11-25 15:11:58+00:00,2025-11-26 00:30:38+00:00,Florida Atlantic Owls,George Mason Patriots,h2h,2h,180.0,-235.0,,,,,,,
5eff26af600445fb312a0d86594ff73c,BetRivers,2025-11-25 15:12:34.983956+00:00,2025-11-25 15:11:58+00:00,2025-11-26 00:30:38+00:00,Florida Atlantic Owls,George Mason Patriots,spreads,full_game,,,4.5,-105.0,-4.5,-122.0,,,
5eff26af600445fb312a0d86594ff73c,BetRivers,2025-11-25 15:12:34.983956+00:00,2025-11-25 15:11:58+00:00,2025-11-26 00:30:38+00:00,Florida Atlantic Owls,George Mason Patriots,totals,full_game,,,,,,,146.5,-117.0,-109.0
5eff26af600445fb312a0d86594ff73c,BetUS,2025-11-25 15:12:34.983956+00:00,2025-11-25 15:11:32+00:00,2025-11-26 00:30:38+00:00,Florida Atlantic Owls,George Mason Patriots,h2h,2h,167.0,-195.0,,,,,,,
5eff26af600445fb312a0d86594ff73c,BetUS,2025-11-25 15:12:34.983956+00:00,2025-11-25 15:11:32+00:00,2025-11-26 00:30:38+00:00,Florida Atlantic Owls,George Mason Patriots,spreads,full_game,,,4.5,-110.0,-4.5,-110.0,,,
5eff26af600445fb312a0d86594ff73c,BetUS,2025-11-25 15:12:34.983956+00:00,2025-11-25 15:11:32+00:00,2025-11-26 00:30:38+00:00,Florida Atlantic Owls,George Mason Patriots,totals,full_game,,,,,,,147.0,-110.0,-110.0
5eff26af600445fb312a0d86594ff73c,Bovada,2025-11-25 15:12:34.983956+00:00,2025-11-25 15:12:00+00:00,2025-11-26 00:30:38+00:00,Florida Atlantic Owls,George Mason Patriots,h2h,2h,195.0,-235.0,,,,,,,
5eff26af600445fb312a0d86594ff73c,Bovada,2025-11-25 15:12:34.983956+00:00,2025-11-25 15:12:00+00:00,2025-11-26 00:30:38+00:00,Florida Atlantic Owls,George Mason Patriots,spreads,full_game,,,5.5,-110.0,-5.5,-110.0,,,
5eff26af600445fb312a0d86594ff73c,Bovada,2025-11-25 15:12:34.983956+00:00,2025-11-25 15:12:00+00:00,2025-11-26 00:30:38+00:00,Florida Atlantic Owls,George Mason Patriots,totals,full_game,,,,,,,148.5,-110.0,-110.0
ecd1170eb06184f4d97b449a14deac2f,FanDuel,2025-11-25 15:12:34.983956+00:00,2025-11-25 15:12:25+00:00,2025-11-26 00:30:55+00:00,Princeton Tigers,Temple Owls,h2h,2h,350.0,-465.0,,,,,,,
ecd1170eb06184f4d97b449a14deac2f,FanDuel,2025-11-25 15:12:34.983956+00:00,2025-11-25 15:12:25+00:00,2025-11-26 00:30:55+00:00,Princeton Tigers,Temple Owls,spreads,full_game,,,8.5,-110.0,-8.5,-110.0,,,
ecd1170eb06184f4d97b449a14deac2f,FanDuel,2025-11-25 15:12:34.983956+00:00,2025-11-25 15:12:25+00:00,2025-11-26 00:30:55+00:00,Princeton Tigers,Temple Owls,totals,full_game,,,,,,,149.5,-115.0,-105.0
ecd1170eb06184f4d97b449a14deac2f,Fanatics,2025-11-25 15:12:34.983956+00:00,2025-11-25 15:12:09+00:00,2025-11-26 00:30:55+00:00,Princeton Tigers,Temple Owls,h2h,2h,310.0,-400.0,,,,,,,
ecd1170eb06184f4d97b449a14deac2f,Fanatics,2025-11-25 15:12:34.983956+00:00,2025-11-25 15:12:09+00:00,2025-11-26 00:30:55+00:00,Princeton Tigers,Temple Owls,spreads,full_game,,,8.5,-110.0,-8.5,-110.0,,,
ecd1170eb06184f4d97b449a14deac2f,Fanatics,2025-11-25 15:12:34.983956+00:00,2025-11-25 15:12:09+00:00,2025-11-26 00:30:55+00:00,Princeton Tigers,Temple Owls,totals,full_game,,,,,,,149.5,-110.0,-110.0
ecd1170eb06184f4d97b449a14deac2f,DraftKings,2025-11-25 15:12:34.983956+00:00,2025-11-25 15:12:22+00:00,2025-11-26 00:30:55+00:00,Princeton Tigers,Temple Owls,spreads,full_game,,,8.5,-105.0,-8.5,-115.0,,,
ecd1170eb06184f4d97b449a14deac2f,DraftKings,2025-11-25 15:12:34.983956+00:00,2025-11-25 15:12:22+00:00,2025-11-26 00:30:55+00:00,Princeton Tigers,Temple Owls,totals,full_game,,,,,,,149.5,-108.0,-112.0
ecd1170eb06184f4d97b449a14deac2f,Caesars,2025-11-25 15:12:34.983956+00:00,2025-11-25 15:10:44+00:00,2025-11-26 00:30:55+00:00,Princeton Tigers,Temple Owls,h2h,2h,328.0,-430.0,,,,,,,
ecd1170eb06184f4d97b449a14deac2f,Caesars,2025-11-25 15:12:34.983956+00:00,2025-11-25 15:10:44+00:00,2025-11-26 00:30:55+00:00,Princeton Tigers,Temple Owls,spreads,full_game,,,8.5,-110.0,-8.5,-110.0,,,
ecd1170eb06184f4d97b449a14deac2f,Caesars,2025-11-25 15:12:34.983956+00:00,2025-11-25 15:10:44+00:00,2025-11-26 00:30:55+00:00,Princeton Tigers,Temple Owls,totals,full_game,,,,,,,149.5,-110.0,-110.0
ecd1170eb06184f4d97b449a14deac2f,LowVig.ag,2025-11-25 15:12:34.983956+00:00,2025-11-25 15:12:23+00:00,2025-11-26 00:30:55+00:00,Princeton Tigers,Temple Owls,h2h,2h,327.0,-415.0,,,,,,,
ecd1170eb06184f4d97b449a14deac2f,LowVig.ag,2025-11-25 15:12:34.983956+00:00,2025-11-25 15:12:23+00:00,2025-11-26 00:30:55+00:00,Princeton Tigers,Temple Owls,spreads,full_game,,,8.5,-101.0,-8.5,-111.0,,,
ecd1170eb06184f4d97b449a14deac2f,LowVig.ag,2025-11-25 15:12:34.983956+00:00,2025-11-25 15:12:23+00:00,2025-11-26 00:30:55+00:00,Princeton Tigers,Temple Owls,totals,full_game,,,,,,,148.5,-108.0,-108.0
ecd1170eb06184f4d97b449a14deac2f,BetOnline.ag,2025-11-25 15:12:34.983956+00:00,2025-11-25 15:12:11+00:00,2025-11-26 00:30:55+00:00,Princeton Tigers,Temple Owls,h2h,2h,327.0,-415.0,,,,,,,
ecd1170eb06184f4d97b449a14deac2f,BetOnline.ag,2025-11-25 15:12:34.983956+00:00,2025-11-25 15:12:11+00:00,2025-11-26 00:30:55+00:00,Princeton Tigers,Temple Owls,spreads,full_game,,,8.5,-105.0,-8.5,-115.0,,,
ecd1170eb06184f4d97b449a14deac2f,BetOnline.ag,2025-11-25 15:12:34.983956+00:00,2025-11-25 15:12:11+00:00,2025-11-26 00:30:55+00:00,Princeton Tigers,Temple Owls,totals,full_game,,,,,,,148.5,-110.0,-110.0
ecd1170eb06184f4d97b449a14deac2f,BetMGM,2025-11-25 15:12:34.983956+00:00,2025-11-25 15:11:57+00:00,2025-11-26 00:30:55+00:00,Princeton Tigers,Temple Owls,h2h,2h,333.0,-450.0,,,,,,,
ecd1170eb06184f4d97b449a14deac2f,BetMGM,2025-11-25 15:12:34.983956+00:00,2025-11-25 15:11:57+00:00,2025-11-26 00:30:55+00:00,Princeton Tigers,Temple Owls,spreads,full_game,,,8.5,-105.0,-8.5,-115.0,,,
ecd1170eb06184f4d97b449a14deac2f,BetMGM,2025-11-25 15:12:34.983956+00:00,2025-11-25 15:11:57+00:00,2025-11-26 00:30:55+00:00,Princeton Tigers,Temple Owls,totals,full_game,,,,,,,149.5,-110.0,-110.0
ecd1170eb06184f4d97b449a14deac2f,BetRivers,2025-11-25 15:12:34.983956+00:00,2025-11-25 15:11:58+00:00,2025-11-26 00:30:55+00:00,Princeton Tigers,Temple Owls,h2h,2h,320.0,-455.0,,,,,,,
ecd1170eb06184f4d97b449a14deac2f,BetRivers,2025-11-25 15:12:34.983956+00:00,2025-11-25 15:11:58+00:00,2025-11-26 00:30:55+00:00,Princeton Tigers,Temple Owls,spreads,full_game,,,8.5,-109.0,-8.5,-117.0,,,
ecd1170eb06184f4d97b449a14deac2f,BetRivers,2025-11-25 15:12:34.983956+00:00,2025-11-25 15:11:58+00:00,2025-11-26 00:30:55+00:00,Princeton Tigers,Temple Owls,totals,full_game,,,,,,,149.5,-117.0,-108.0
ecd1170eb06184f4d97b449a14deac2f,BetUS,2025-11-25 15:12:34.983956+00:00,2025-11-25 15:11:31+00:00,2025-11-26 00:30:55+00:00,Princeton Tigers,Temple Owls,h2h,2h,330.0,-415.0,,,,,,,
ecd1170eb06184f4d97b449a14deac2f,BetUS,2025-11-25 15:12:34.983956+00:00,2025-11-25 15:11:31+00:00,2025-11-26 00:30:55+00:00,Princeton Tigers,Temple Owls,spreads,full_game,,,8.5,-110.0,-8.5,-110.0,,,
ecd1170eb06184f4d97b449a14deac2f,BetUS,2025-11-25 15:12:34.983956+00:00,2025-11-25 15:11:31+00:00,2025-11-26 00:30:55+00:00,Princeton Tigers,Temple Owls,totals,full_game,,,,,,,149.5,-110.0,-110.0
ecd1170eb06184f4d97b449a14deac2f,Bovada,2025-11-25 15:12:34.983956+00:00,2025-11-25 15:12:00+00:00,2025-11-26 00:30:55+00:00,Princeton Tigers,Temple Owls,h2h,2h,335.0,-450.0,,,,,,,
ecd1170eb06184f4d97b449a14deac2f,Bovada,2025-11-25 15:12:34.983956+00:00,2025-11-25 15:12:00+00:00,2025-11-26 00:30:55+00:00,Princeton Tigers,Temple Owls,spreads,full_game,,,9.0,-110.0,-9.0,-110.0,,,
ecd1170eb06184f4d97b449a14deac2f,Bovada,2025-11-25 15:12:34.983956+00:00,2025-11-25 15:12:00+00:00,2025-11-26 00:30:55+00:00,Princeton Tigers,Temple Owls,totals,full_game,,,,,,,149.5,-110.0,-110.0
6b933b8754673bff24506c4e78dcdb7c,DraftKings,2025-11-25 15:12:34.983956+00:00,2025-11-25 15:12:22+00:00,2025-11-26 01:00:00+00:00,Arizona St Sun Devils,Washington St Cougars,spreads,full_game,,,-7.5,-110.0,7.5,-110.0,,,
6b933b8754673bff24506c4e78dcdb7c,DraftKings,2025-11-25 15:12:34.983956+00:00,2025-11-25 15:12:22+00:00,2025-11-26 01:00:00+00:00,Arizona St Sun Devils,Washington St Cougars,totals,full_game,,,,,,,158.5,-110.0,-110.0
6b933b8754673bff24506c4e78dcdb7c,LowVig.ag,2025-11-25 15:12:34.983956+00:00,2025-11-25 15:12:23+00:00,2025-11-26 01:00:00+00:00,Arizona St Sun Devils,Washington St Cougars,h2h,2h,-325.0,263.0,,,,,,,
6b933b8754673bff24506c4e78dcdb7c,LowVig.ag,2025-11-25 15:12:34.983956+00:00,2025-11-25 15:12:23+00:00,2025-11-26 01:00:00+00:00,Arizona St Sun Devils,Washington St Cougars,spreads,full_game,,,-7.5,-106.0,7.5,-106.0,,,
6b933b8754673bff24506c4e78dcdb7c,LowVig.ag,2025-11-25 15:12:34.983956+00:00,2025-11-25 15:12:23+00:00,2025-11-26 01:00:00+00:00,Arizona St Sun Devils,Washington St Cougars,totals,full_game,,,,,,,160.5,-108.0,-108.0
6b933b8754673bff24506c4e78dcdb7c,BetOnline.ag,2025-11-25 15:12:34.983956+00:00,2025-11-25 15:12:11+00:00,2025-11-26 01:00:00+00:00,Arizona St Sun Devils,Washington St Cougars,h2h,2h,-325.0,263.0,,,,,,,
6b933b8754673bff24506c4e78dcdb7c,BetOnline.ag,2025-11-25 15:12:34.983956+00:00,2025-11-25 15:12:11+00:00,2025-11-26 01:00:00+00:00,Arizona St Sun Devils,Washington St Cougars,spreads,full_game,,,-7.5,-110.0,7.5,-110.0,,,
6b933b8754673bff24506c4e78dcdb7c,BetOnline.ag,2025-11-25 15:12:34.983956+00:00,2025-11-25 15:12:11+00:00,2025-11-26 01:00:00+00:00,Arizona St Sun Devils,Washington St Cougars,totals,full_game,,,,,,,160.5,-110.0,-110.0
6b933b8754673bff24506c4e78dcdb7c,Caesars,2025-11-25 15:12:34.983956+00:00,2025-11-25 15:10:44+00:00,2025-11-26 01:00:00+00:00,Arizona St Sun Devils,Washington St Cougars,h2h,2h,-345.0,270.0,,,,,,,
6b933b8754673bff24506c4e78dcdb7c,Caesars,2025-11-25 15:12:34.983956+00:00,2025-11-25 15:10:44+00:00,2025-11-26 01:00:00+00:00,Arizona St Sun Devils,Washington St Cougars,spreads,full_game,,,-7.5,-110.0,7.5,-110.0,,,
6b933b8754673bff24506c4e78dcdb7c,Caesars,2025-11-25 15:12:34.983956+00:00,2025-11-25 15:10:44+00:00,2025-11-26 01:00:00+00:00,Arizona St Sun Devils,Washington St Cougars,totals,full_game,,,,,,,160.5,-110.0,-110.0
6b933b8754673bff24506c4e78dcdb7c,BetMGM,2025-11-25 15:12:34.983956+00:00,2025-11-25 15:11:57+00:00,2025-11-26 01:00:00+00:00,Arizona St Sun Devils,Washington St Cougars,h2h,2h,-325.0,260.0,,,,,,,
6b933b8754673bff24506c4e78dcdb7c,BetMGM,2025-11-25 15:12:34.983956+00:00,2025-11-25 15:11:57+00:00,2025-11-26 01:00:00+00:00,Arizona St Sun Devils,Washington St Cougars,spreads,full_game,,,-7.5,-110.0,7.5,-110.0,,,
6b933b8754673bff24506c4e78dcdb7c,BetMGM,2025-11-25 15:12:34.983956+00:00,2025-11-25 15:11:57+00:00,2025-11-26 01:00:00+00:00,Arizona St Sun Devils,Washington St Cougars,totals,full_game,,,,,,,159.5,-105.0,-115.0
6b933b8754673bff24506c4e78dcdb7c,FanDuel,2025-11-25 15:12:34.983956+00:00,2025-11-25 15:12:25+00:00,2025-11-26 01:00:00+00:00,Arizona St Sun Devils,Washington St Cougars,h2h,2h,-365.0,285.0,,,,,,,
6b933b8754673bff24506c4e78dcdb7c,FanDuel,2025-11-25 15:12:34.983956+00:00,2025-11-25 15:12:25+00:00,2025-11-26 01:00:00+00:00,Arizona St Sun Devils,Washington St Cougars,spreads,full_game,,,-7.5,-110.0,7.5,-110.0,,,
6b933b8754673bff24506c4e78dcdb7c,FanDuel,2025-11-25 15:12:34.983956+00:00,2025-11-25 15:12:25+00:00,2025-11-26 01:00:00+00:00,Arizona St Sun Devils,Washington St Cougars,totals,full_game,,,,,,,160.5,-110.0,-110.0
6b933b8754673bff24506c4e78dcdb7c,BetRivers,2025-11-25 15:12:34.983956+00:00,2025-11-25 15:11:58+00:00,2025-11-26 01:00:00+00:00,Arizona St Sun Devils,Washington St Cougars,h2h,2h,-345.0,255.0,,,,,,,
6b933b8754673bff24506c4e78dcdb7c,BetRivers,2025-11-25 15:12:34.983956+00:00,2025-11-25 15:11:58+00:00,2025-11-26 01:00:00+00:00,Arizona St Sun Devils,Washington St Cougars,spreads,full_game,,,-7.5,-110.0,7.5,-115.0,,,
6b933b8754673bff24506c4e78dcdb7c,BetRivers,2025-11-25 15:12:34.983956+00:00,2025-11-25 15:11:58+00:00,2025-11-26 01:00:00+00:00,Arizona St Sun Devils,Washington St Cougars,totals,full_game,,,,,,,160.5,-117.0,-109.0
6b933b8754673bff24506c4e78dcdb7c,BetUS,2025-11-25 15:12:34.983956+00:00,2025-11-25 15:11:32+00:00,2025-11-26 01:00:00+00:00,Arizona St Sun Devils,Washington St Cougars,h2h,2h,-325.0,265.0,,,,,,,
6b933b8754673bff24506c4e78dcdb7c,BetUS,2025-11-25 15:12:34.983956+00:00,2025-11-25 15:11:32+00:00,2025-11-26 01:00:00+00:00,Arizona St Sun Devils,Washington St Cougars,spreads,full_game,,,-7.5,-110.0,7.5,-110.0,,,
6b933b8754673bff24506c4e78dcdb7c,BetUS,2025-11-25 15:12:34.983956+00:00,2025-11-25 15:11:32+00:00,2025-11-26 01:00:00+00:00,Arizona St Sun Devils,Washington St Cougars,totals,full_game,,,,,,,160.5,-110.0,-110.0
6b933b8754673bff24506c4e78dcdb7c,Bovada,2025-11-25 15:12:34.983956+00:00,2025-11-25 15:12:00+00:00,2025-11-26 01:00:00+00:00,Arizona St Sun Devils,Washington St Cougars,h2h,2h,-340.0,270.0,,,,,,,
6b933b8754673bff24506c4e78dcdb7c,Bovada,2025-11-25 15:12:34.983956+00:00,2025-11-25 15:12:00+00:00,2025-11-26 01:00:00+00:00,Arizona St Sun Devils,Washington St Cougars,spreads,full_game,,,-8.0,-105.0,8.0,-115.0,,,
6b933b8754673bff24506c4e78dcdb7c,Bovada,2025-11-25 15:12:34.983956+00:00,2025-11-25 15:12:00+00:00,2025-11-26 01:00:00+00:00,Arizona St Sun Devils,Washington St Cougars,totals,full_game,,,,,,,158.0,-110.0,-110.0
be3b312a3b4fa7c6358fa786754e61ab,DraftKings,2025-11-25 15:12:34.983956+00:00,2025-11-25 15:12:22+00:00,2025-11-26 01:00:00+00:00,Austin Peay Governors,Northern Illinois Huskies,spreads,full_game,,,-7.5,-115.0,7.5,-105.0,,,
be3b312a3b4fa7c6358fa786754e61ab,DraftKings,2025-11-25 15:12:34.983956+00:00,2025-11-25 15:12:22+00:00,2025-11-26 01:00:00+00:00,Austin Peay Governors,Northern Illinois Huskies,totals,full_game,,,,,,,147.5,-105.0,-115.0
be3b312a3b4fa7c6358fa786754e61ab,Fanatics,2025-11-25 15:12:34.983956+00:00,2025-11-25 15:12:09+00:00,2025-11-26 01:00:00+00:00,Austin Peay Governors,Northern Illinois Huskies,h2h,2h,-350.0,260.0,,,,,,,
be3b312a3b4fa7c6358fa786754e61ab,Fanatics,2025-11-25 15:12:34.983956+00:00,2025-11-25 15:12:09+00:00,2025-11-26 01:00:00+00:00,Austin Peay Governors,Northern Illinois Huskies,spreads,full_game,,,-7.5,-110.0,7.5,-110.0,,,
be3b312a3b4fa7c6358fa786754e61ab,Fanatics,2025-11-25 15:12:34.983956+00:00,2025-11-25 15:12:09+00:00,2025-11-26 01:00:00+00:00,Austin Peay Governors,Northern Illinois Huskies,totals,full_game,,,,,,,147.0,-110.0,-110.0
be3b312a3b4fa7c6358fa786754e61ab,LowVig.ag,2025-11-25 15:12:34.983956+00:00,2025-11-25 15:12:23+00:00,2025-11-26 01:00:00+00:00,Austin Peay Governors,Northern Illinois Huskies,spreads,full_game,,,-7.5,-111.0,7.5,-101.0,,,
be3b312a3b4fa7c6358fa786754e61ab,LowVig.ag,2025-11-25 15:12:34.983956+00:00,2025-11-25 15:12:23+00:00,2025-11-26 01:00:00+00:00,Austin Peay Governors,Northern Illinois Huskies,totals,full_game,,,,,,,147.0,-108.0,-108.0
be3b312a3b4fa7c6358fa786754e61ab,BetOnline.ag,2025-11-25 15:12:34.983956+00:00,2025-11-25 15:12:11+00:00,2025-11-26 01:00:00+00:00,Austin Peay Governors,Northern Illinois Huskies,spreads,full_game,,,-7.5,-115.0,7.5,-105.0,,,
be3b312a3b4fa7c6358fa786754e61ab,BetOnline.ag,2025-11-25 15:12:34.983956+00:00,2025-11-25 15:12:11+00:00,2025-11-26 01:00:00+00:00,Austin Peay Governors,Northern Illinois Huskies,totals,full_game,,,,,,,147.0,-110.0,-110.0
be3b312a3b4fa7c6358fa786754e61ab,BetRivers,2025-11-25 15:12:34.983956+00:00,2025-11-25 15:11:58+00:00,2025-11-26 01:00:00+00:00,Austin Peay Governors,Northern Illinois Huskies,h2h,2h,-335.0,245.0,,,,,,,
be3b312a3b4fa7c6358fa786754e61ab,BetRivers,2025-11-25 15:12:34.983956+00:00,2025-11-25 15:11:58+00:00,2025-11-26 01:00:00+00:00,Austin Peay Governors,Northern Illinois Huskies,spreads,full_game,,,-7.5,-113.0,7.5,-113.0,,,
be3b312a3b4fa7c6358fa786754e61ab,BetRivers,2025-11-25 15:12:34.983956+00:00,2025-11-25 15:11:58+00:00,2025-11-26 01:00:00+00:00,Austin Peay Governors,Northern Illinois Huskies,totals,full_game,,,,,,,147.5,-112.0,-114.0
be3b312a3b4fa7c6358fa786754e61ab,FanDuel,2025-11-25 15:12:34.983956+00:00,2025-11-25 15:12:25+00:00,2025-11-26 01:00:00+00:00,Austin Peay Governors,Northern Illinois Huskies,h2h,2h,-370.0,280.0,,,,,,,
be3b312a3b4fa7c6358fa786754e61ab,FanDuel,2025-11-25 15:12:34.983956+00:00,2025-11-25 15:12:25+00:00,2025-11-26 01:00:00+00:00,Austin Peay Governors,Northern Illinois Huskies,spreads,full_game,,,-7.5,-114.0,7.5,-106.0,,,
be3b312a3b4fa7c6358fa786754e61ab,FanDuel,2025-11-25 15:12:34.983956+00:00,2025-11-25 15:12:25+00:00,2025-11-26 01:00:00+00:00,Austin Peay Governors,Northern Illinois Huskies,totals,full_game,,,,,,,146.5,-118.0,-106.0
be3b312a3b4fa7c6358fa786754e61ab,Bovada,2025-11-25 15:12:34.983956+00:00,2025-11-25 15:12:00+00:00,2025-11-26 01:00:00+00:00,Austin Peay Governors,Northern Illinois Huskies,spreads,full_game,,,-7.5,-110.0,7.5,-110.0,,,
be3b312a3b4fa7c6358fa786754e61ab,Bovada,2025-11-25 15:12:34.983956+00:00,2025-11-25 15:12:00+00:00,2025-11-26 01:00:00+00:00,Austin Peay Governors,Northern Illinois Huskies,totals,full_game,,,,,,,147.0,-110.0,-110.0
be3b312a3b4fa7c6358fa786754e61ab,BetMGM,2025-11-25 15:12:34.983956+00:00,2025-11-25 15:11:57+00:00,2025-11-26 01:00:00+00:00,Austin Peay Governors,Northern Illinois Huskies,h2h,2h,-350.0,280.0,,,,,,,
be3b312a3b4fa7c6358fa786754e61ab,BetMGM,2025-11-25 15:12:34.983956+00:00,2025-11-25 15:11:57+00:00,2025-11-26 01:00:00+00:00,Austin Peay Governors,Northern Illinois Huskies,totals,full_game,,,,,,,147.5,-105.0,-115.0
a6c3ad76e047e7d6f446eb17f6dfe52b,DraftKings,2025-11-25 15:12:34.983956+00:00,2025-11-25 15:12:22+00:00,2025-11-26 01:00:00+00:00,Cal Poly Mustangs,SE Missouri St Redhawks,spreads,full_game,,,-1.5,-110.0,1.5,-110.0,,,
a6c3ad76e047e7d6f446eb17f6dfe52b,DraftKings,2025-11-25 15:12:34.983956+00:00,2025-11-25 15:12:22+00:00,2025-11-26 01:00:00+00:00,Cal Poly Mustangs,SE Missouri St Redhawks,totals,full_game,,,,,,,168.5,-110.0,-110.0
a6c3ad76e047e7d6f446eb17f6dfe52b,LowVig.ag,2025-11-25 15:12:34.983956+00:00,2025-11-25 15:12:23+00:00,2025-11-26 01:00:00+00:00,Cal Poly Mustangs,SE Missouri St Redhawks,h2h,2h,-120.0,100.0,,,,,,,
a6c3ad76e047e7d6f446eb17f6dfe52b,LowVig.ag,2025-11-25 15:12:34.983956+00:00,2025-11-25 15:12:23+00:00,2025-11-26 01:00:00+00:00,Cal Poly Mustangs,SE Missouri St Redhawks,spreads,full_game,,,-1.5,-101.0,1.5,-111.0,,,
a6c3ad76e047e7d6f446eb17f6dfe52b,LowVig.ag,2025-11-25 15:12:34.983956+00:00,2025-11-25 15:12:23+00:00,2025-11-26 01:00:00+00:00,Cal Poly Mustangs,SE Missouri St Redhawks,totals,full_game,,,,,,,168.5,-103.0,-113.0
a6c3ad76e047e7d6f446eb17f6dfe52b,BetOnline.ag,2025-11-25 15:12:34.983956+00:00,2025-11-25 15:12:11+00:00,2025-11-26 01:00:00+00:00,Cal Poly Mustangs,SE Missouri St Redhawks,h2h,2h,-120.0,100.0,,,,,,,
a6c3ad76e047e7d6f446eb17f6dfe52b,BetOnline.ag,2025-11-25 15:12:34.983956+00:00,2025-11-25 15:12:11+00:00,2025-11-26 01:00:00+00:00,Cal Poly Mustangs,SE Missouri St Redhawks,spreads,full_game,,,-1.5,-105.0,1.5,-115.0,,,
a6c3ad76e047e7d6f446eb17f6dfe52b,BetOnline.ag,2025-11-25 15:12:34.983956+00:00,2025-11-25 15:12:11+00:00,2025-11-26 01:00:00+00:00,Cal Poly Mustangs,SE Missouri St Redhawks,totals,full_game,,,,,,,168.5,-105.0,-115.0
a6c3ad76e047e7d6f446eb17f6dfe52b,Caesars,2025-11-25 15:12:34.983956+00:00,2025-11-25 15:10:44+00:00,2025-11-26 01:00:00+00:00,Cal Poly Mustangs,SE Missouri St Redhawks,h2h,2h,-125.0,105.0,,,,,,,
a6c3ad76e047e7d6f446eb17f6dfe52b,Caesars,2025-11-25 15:12:34.983956+00:00,2025-11-25 15:10:44+00:00,2025-11-26 01:00:00+00:00,Cal Poly Mustangs,SE Missouri St Redhawks,spreads,full_game,,,-1.5,-110.0,1.5,-110.0,,,
a6c3ad76e047e7d6f446eb17f6dfe52b,Caesars,2025-11-25 15:12:34.983956+00:00,2025-11-25 15:10:44+00:00,2025-11-26 01:00:00+00:00,Cal Poly Mustangs,SE Missouri St Redhawks,totals,full_game,,,,,,,168.5,-110.0,-110.0
a6c3ad76e047e7d6f446eb17f6dfe52b,BetMGM,2025-11-25 15:12:34.983956+00:00,2025-11-25 15:11:57+00:00,2025-11-26 01:00:00+00:00,Cal Poly Mustangs,SE Missouri St Redhawks,h2h,2h,-135.0,110.0,,,,,,,
a6c3ad76e047e7d6f446eb17f6dfe52b,BetMGM,2025-11-25 15:12:34.983956+00:00,2025-11-25 15:11:57+00:00,2025-11-26 01:00:00+00:00,Cal Poly Mustangs,SE Missouri St Redhawks,totals,full_game,,,,,,,168.5,-110.0,-110.0
a6c3ad76e047e7d6f446eb17f6dfe52b,FanDuel,2025-11-25 15:12:34.983956+00:00,2025-11-25 15:12:25+00:00,2025-11-26 01:00:00+00:00,Cal Poly Mustangs,SE Missouri St Redhawks,h2h,2h,-140.0,112.0,,,,,,,
a6c3ad76e047e7d6f446eb17f6dfe52b,FanDuel,2025-11-25 15:12:34.983956+00:00,2025-11-25 15:12:25+00:00,2025-11-26 01:00:00+00:00,Cal Poly Mustangs,SE Missouri St Redhawks,spreads,full_game,,,-1.5,-120.0,1.5,-102.0,,,
a6c3ad76e047e7d6f446eb17f6dfe52b,FanDuel,2025-11-25 15:12:34.983956+00:00,2025-11-25 15:12:25+00:00,2025-11-26 01:00:00+00:00,Cal Poly Mustangs,SE Missouri St Redhawks,totals,full_game,,,,,,,168.5,-112.0,-112.0
a6c3ad76e047e7d6f446eb17f6dfe52b,BetRivers,2025-11-25 15:12:34.983956+00:00,2025-11-25 15:11:58+00:00,2025-11-26 01:00:00+00:00,Cal Poly Mustangs,SE Missouri St Redhawks,h2h,2h,-134.0,108.0,,,,,,,
a6c3ad76e047e7d6f446eb17f6dfe52b,BetRivers,2025-11-25 15:12:34.983956+00:00,2025-11-25 15:11:58+00:00,2025-11-26 01:00:00+00:00,Cal Poly Mustangs,SE Missouri St Redhawks,spreads,full_game,,,-1.5,-115.0,1.5,-110.0,,,
a6c3ad76e047e7d6f446eb17f6dfe52b,BetRivers,2025-11-25 15:12:34.983956+00:00,2025-11-25 15:11:58+00:00,2025-11-26 01:00:00+00:00,Cal Poly Mustangs,SE Missouri St Redhawks,totals,full_game,,,,,,,168.5,-112.0,-114.0
a6c3ad76e047e7d6f446eb17f6dfe52b,BetUS,2025-11-25 15:12:34.983956+00:00,2025-11-25 15:11:31+00:00,2025-11-26 01:00:00+00:00,Cal Poly Mustangs,SE Missouri St Redhawks,h2h,2h,-120.0,100.0,,,,,,,
a6c3ad76e047e7d6f446eb17f6dfe52b,BetUS,2025-11-25 15:12:34.983956+00:00,2025-11-25 15:11:31+00:00,2025-11-26 01:00:00+00:00,Cal Poly Mustangs,SE Missouri St Redhawks,spreads,full_game,,,-1.5,-110.0,1.5,-110.0,,,
a6c3ad76e047e7d6f446eb17f6dfe52b,BetUS,2025-11-25 15:12:34.983956+00:00,2025-11-25 15:11:31+00:00,2025-11-26 01:00:00+00:00,Cal Poly Mustangs,SE Missouri St Redhawks,totals,full_game,,,,,,,168.5,-110.0,-110.0
a6c3ad76e047e7d6f446eb17f6dfe52b,Bovada,2025-11-25 15:12:34.983956+00:00,2025-11-25 15:12:00+00:00,2025-11-26 01:00:00+00:00,Cal Poly Mustangs,SE Missouri St Redhawks,h2h,2h,-135.0,115.0,,,,,,,
a6c3ad76e047e7d6f446eb17f6dfe52b,Bovada,2025-11-25 15:12:34.983956+00:00,2025-11-25 15:12:00+00:00,2025-11-26 01:00:00+00:00,Cal Poly Mustangs,SE Missouri St Redhawks,spreads,full_game,,,-2.0,-115.0,2.0,-105.0,,,
a6c3ad76e047e7d6f446eb17f6dfe52b,Bovada,2025-11-25 15:12:34.983956+00:00,2025-11-25 15:12:00+00:00,2025-11-26 01:00:00+00:00,Cal Poly Mustangs,SE Missouri St Redhawks,totals,full_game,,,,,,,168.5,-110.0,-110.0
bce0e6cf96c939455ab9793c0536a7af,DraftKings,2025-11-25 15:12:34.983956+00:00,2025-11-25 15:12:22+00:00,2025-11-26 01:00:00+00:00,North Texas Mean Green,Eastern Washington Eagles,h2h,2h,-950.0,625.0,,,,,,,
bce0e6cf96c939455ab9793c0536a7af,DraftKings,2025-11-25 15:12:34.983956+00:00,2025-11-25 15:12:22+00:00,2025-11-26 01:00:00+00:00,North Texas Mean Green,Eastern Washington Eagles,spreads,full_game,,,-13.5,-105.0,13.5,-115.0,,,
bce0e6cf96c939455ab9793c0536a7af,DraftKings,2025-11-25 15:12:34.983956+00:00,2025-11-25 15:12:22+00:00,2025-11-26 01:00:00+00:00,North Texas Mean Green,Eastern Washington Eagles,totals,full_game,,,,,,,141.5,-110.0,-110.0
bce0e6cf96c939455ab9793c0536a7af,Bovada,2025-11-25 15:12:34.983956+00:00,2025-11-25 15:12:00+00:00,2025-11-26 01:00:00+00:00,North Texas Mean Green,Eastern Washington Eagles,h2h,2h,-850.0,550.0,,,,,,,
bce0e6cf96c939455ab9793c0536a7af,Bovada,2025-11-25 15:12:34.983956+00:00,2025-11-25 15:12:00+00:00,2025-11-26 01:00:00+00:00,North Texas Mean Green,Eastern Washington Eagles,spreads,full_game,,,-12.0,-110.0,12.0,-110.0,,,
bce0e6cf96c939455ab9793c0536a7af,Bovada,2025-11-25 15:12:34.983956+00:00,2025-11-25 15:12:00+00:00,2025-11-26 01:00:00+00:00,North Texas Mean Green,Eastern Washington Eagles,totals,full_game,,,,,,,141.0,-110.0,-110.0
bce0e6cf96c939455ab9793c0536a7af,BetOnline.ag,2025-11-25 15:12:34.983956+00:00,2025-11-25 15:12:11+00:00,2025-11-26 01:00:00+00:00,North Texas Mean Green,Eastern Washington Eagles,h2h,2h,-900.0,613.0,,,,,,,
bce0e6cf96c939455ab9793c0536a7af,BetOnline.ag,2025-11-25 15:12:34.983956+00:00,2025-11-25 15:12:11+00:00,2025-11-26 01:00:00+00:00,North Texas Mean Green,Eastern Washington Eagles,spreads,full_game,,,-13.0,-115.0,13.0,-105.0,,,
bce0e6cf96c939455ab9793c0536a7af,BetOnline.ag,2025-11-25 15:12:34.983956+00:00,2025-11-25 15:12:11+00:00,2025-11-26 01:00:00+00:00,North Texas Mean Green,Eastern Washington Eagles,totals,full_game,,,,,,,141.0,-110.0,-110.0
bce0e6cf96c939455ab9793c0536a7af,Fanatics,2025-11-25 15:12:34.983956+00:00,2025-11-25 15:12:09+00:00,2025-11-26 01:00:00+00:00,North Texas Mean Green,Eastern Washington Eagles,h2h,2h,-900.0,600.0,,,,,,,
bce0e6cf96c939455ab9793c0536a7af,Fanatics,2025-11-25 15:12:34.983956+00:00,2025-11-25 15:12:09+00:00,2025-11-26 01:00:00+00:00,North Texas Mean Green,Eastern Washington Eagles,spreads,full_game,,,-12.5,-110.0,12.5,-110.0,,,
bce0e6cf96c939455ab9793c0536a7af,Fanatics,2025-11-25 15:12:34.983956+00:00,2025-11-25 15:12:09+00:00,2025-11-26 01:00:00+00:00,North Texas Mean Green,Eastern Washington Eagles,totals,full_game,,,,,,,141.0,-110.0,-110.0
bce0e6cf96c939455ab9793c0536a7af,LowVig.ag,2025-11-25 15:12:34.983956+00:00,2025-11-25 15:12:23+00:00,2025-11-26 01:00:00+00:00,North Texas Mean Green,Eastern Washington Eagles,h2h,2h,-900.0,613.0,,,,,,,
bce0e6cf96c939455ab9793c0536a7af,LowVig.ag,2025-11-25 15:12:34.983956+00:00,2025-11-25 15:12:23+00:00,2025-11-26 01:00:00+00:00,North Texas Mean Green,Eastern Washington Eagles,spreads,full_game,,,-13.0,-111.0,13.0,-101.0,,,
bce0e6cf96c939455ab9793c0536a7af,LowVig.ag,2025-11-25 15:12:34.983956+00:00,2025-11-25 15:12:23+00:00,2025-11-26 01:00:00+00:00,North Texas Mean Green,Eastern Washington Eagles,totals,full_game,,,,,,,141.0,-108.0,-108.0
bce0e6cf96c939455ab9793c0536a7af,Caesars,2025-11-25 15:12:34.983956+00:00,2025-11-25 15:10:44+00:00,2025-11-26 01:00:00+00:00,North Texas Mean Green,Eastern Washington Eagles,h2h,2h,-1000.0,650.0,,,,,,,
bce0e6cf96c939455ab9793c0536a7af,Caesars,2025-11-25 15:12:34.983956+00:00,2025-11-25 15:10:44+00:00,2025-11-26 01:00:00+00:00,North Texas Mean Green,Eastern Washington Eagles,spreads,full_game,,,-13.0,-110.0,13.0,-110.0,,,
bce0e6cf96c939455ab9793c0536a7af,Caesars,2025-11-25 15:12:34.983956+00:00,2025-11-25 15:10:44+00:00,2025-11-26 01:00:00+00:00,North Texas Mean Green,Eastern Washington Eagles,totals,full_game,,,,,,,141.0,-110.0,-110.0
bce0e6cf96c939455ab9793c0536a7af,BetUS,2025-11-25 15:12:34.983956+00:00,2025-11-25 15:11:31+00:00,2025-11-26 01:00:00+00:00,North Texas Mean Green,Eastern Washington Eagles,h2h,2h,-900.0,600.0,,,,,,,
bce0e6cf96c939455ab9793c0536a7af,BetUS,2025-11-25 15:12:34.983956+00:00,2025-11-25 15:11:31+00:00,2025-11-26 01:00:00+00:00,North Texas Mean Green,Eastern Washington Eagles,spreads,full_game,,,-13.0,-115.0,13.0,-105.0,,,
bce0e6cf96c939455ab9793c0536a7af,BetUS,2025-11-25 15:12:34.983956+00:00,2025-11-25 15:11:31+00:00,2025-11-26 01:00:00+00:00,North Texas Mean Green,Eastern Washington Eagles,totals,full_game,,,,,,,141.0,-110.0,-110.0
bce0e6cf96c939455ab9793c0536a7af,BetMGM,2025-11-25 15:12:34.983956+00:00,2025-11-25 15:11:57+00:00,2025-11-26 01:00:00+00:00,North Texas Mean Green,Eastern Washington Eagles,h2h,2h,-1000.0,625.0,,,,,,,
bce0e6cf96c939455ab9793c0536a7af,BetMGM,2025-11-25 15:12:34.983956+00:00,2025-11-25 15:11:57+00:00,2025-11-26 01:00:00+00:00,North Texas Mean Green,Eastern Washington Eagles,spreads,full_game,,,-13.5,-105.0,13.5,-115.0,,,
bce0e6cf96c939455ab9793c0536a7af,BetMGM,2025-11-25 15:12:34.983956+00:00,2025-11-25 15:11:57+00:00,2025-11-26 01:00:00+00:00,North Texas Mean Green,Eastern Washington Eagles,totals,full_game,,,,,,,141.5,-105.0,-115.0
bce0e6cf96c939455ab9793c0536a7af,BetRivers,2025-11-25 15:12:34.983956+00:00,2025-11-25 15:11:58+00:00,2025-11-26 01:00:00+00:00,North Texas Mean Green,Eastern Washington Eagles,h2h,2h,-1250.0,650.0,,,,,,,
bce0e6cf96c939455ab9793c0536a7af,BetRivers,2025-11-25 15:12:34.983956+00:00,2025-11-25 15:11:58+00:00,2025-11-26 01:00:00+00:00,North Texas Mean Green,Eastern Washington Eagles,spreads,full_game,,,-12.5,-120.0,12.5,-106.0,,,
bce0e6cf96c939455ab9793c0536a7af,BetRivers,2025-11-25 15:12:34.983956+00:00,2025-11-25 15:11:58+00:00,2025-11-26 01:00:00+00:00,North Texas Mean Green,Eastern Washington Eagles,totals,full_game,,,,,,,141.5,-113.0,-113.0
bce0e6cf96c939455ab9793c0536a7af,FanDuel,2025-11-25 15:12:34.983956+00:00,2025-11-25 15:12:25+00:00,2025-11-26 01:00:00+00:00,North Texas Mean Green,Eastern Washington Eagles,h2h,2h,-1250.0,710.0,,,,,,,
bce0e6cf96c939455ab9793c0536a7af,FanDuel,2025-11-25 15:12:34.983956+00:00,2025-11-25 15:12:25+00:00,2025-11-26 01:00:00+00:00,North Texas Mean Green,Eastern Washington Eagles,spreads,full_game,,,-12.5,-118.0,12.5,-104.0,,,
bce0e6cf96c939455ab9793c0536a7af,FanDuel,2025-11-25 15:12:34.983956+00:00,2025-11-25 15:12:25+00:00,2025-11-26 01:00:00+00:00,North Texas Mean Green,Eastern Washington Eagles,totals,full_game,,,,,,,140.5,-118.0,-106.0
2dbfbda205e7d0041144bd74747a3929,DraftKings,2025-11-25 15:12:34.983956+00:00,2025-11-25 15:12:22+00:00,2025-11-26 01:00:00+00:00,Indiana Hoosiers,Kansas St Wildcats,h2h,2h,-550.0,410.0,,,,,,,
2dbfbda205e7d0041144bd74747a3929,DraftKings,2025-11-25 15:12:34.983956+00:00,2025-11-25 15:12:22+00:00,2025-11-26 01:00:00+00:00,Indiana Hoosiers,Kansas St Wildcats,spreads,full_game,,,-10.5,-112.0,10.5,-108.0,,,
2dbfbda205e7d0041144bd74747a3929,DraftKings,2025-11-25 15:12:34.983956+00:00,2025-11-25 15:12:22+00:00,2025-11-26 01:00:00+00:00,Indiana Hoosiers,Kansas St Wildcats,totals,full_game,,,,,,,164.5,-108.0,-112.0
2dbfbda205e7d0041144bd74747a3929,BetOnline.ag,2025-11-25 15:12:34.983956+00:00,2025-11-25 15:12:11+00:00,2025-11-26 01:00:00+00:00,Indiana Hoosiers,Kansas St Wildcats,h2h,2h,-550.0,415.0,,,,,,,
2dbfbda205e7d0041144bd74747a3929,BetOnline.ag,2025-11-25 15:12:34.983956+00:00,2025-11-25 15:12:11+00:00,2025-11-26 01:00:00+00:00,Indiana Hoosiers,Kansas St Wildcats,spreads,full_game,,,-11.0,-105.0,11.0,-115.0,,,
2dbfbda205e7d0041144bd74747a3929,BetOnline.ag,2025-11-25 15:12:34.983956+00:00,2025-11-25 15:12:11+00:00,2025-11-26 01:00:00+00:00,Indiana Hoosiers,Kansas St Wildcats,totals,full_game,,,,,,,163.5,-110.0,-110.0
2dbfbda205e7d0041144bd74747a3929,LowVig.ag,2025-11-25 15:12:34.983956+00:00,2025-11-25 15:12:23+00:00,2025-11-26 01:00:00+00:00,Indiana Hoosiers,Kansas St Wildcats,h2h,2h,-550.0,415.0,,,,,,,
2dbfbda205e7d0041144bd74747a3929,LowVig.ag,2025-11-25 15:12:34.983956+00:00,2025-11-25 15:12:23+00:00,2025-11-26 01:00:00+00:00,Indiana Hoosiers,Kansas St Wildcats,spreads,full_game,,,-11.0,-101.0,11.0,-111.0,,,
2dbfbda205e7d0041144bd74747a3929,LowVig.ag,2025-11-25 15:12:34.983956+00:00,2025-11-25 15:12:23+00:00,2025-11-26 01:00:00+00:00,Indiana Hoosiers,Kansas St Wildcats,totals,full_game,,,,,,,163.5,-108.0,-108.0
2dbfbda205e7d0041144bd74747a3929,Caesars,2025-11-25 15:12:34.983956+00:00,2025-11-25 15:10:44+00:00,2025-11-26 01:00:00+00:00,Indiana Hoosiers,Kansas St Wildcats,h2h,2h,-550.0,400.0,,,,,,,
2dbfbda205e7d0041144bd74747a3929,Caesars,2025-11-25 15:12:34.983956+00:00,2025-11-25 15:10:44+00:00,2025-11-26 01:00:00+00:00,Indiana Hoosiers,Kansas St Wildcats,spreads,full_game,,,-10.5,-110.0,10.5,-110.0,,,
2dbfbda205e7d0041144bd74747a3929,Caesars,2025-11-25 15:12:34.983956+00:00,2025-11-25 15:10:44+00:00,2025-11-26 01:00:00+00:00,Indiana Hoosiers,Kansas St Wildcats,totals,full_game,,,,,,,164.5,-110.0,-110.0
2dbfbda205e7d0041144bd74747a3929,FanDuel,2025-11-25 15:12:34.983956+00:00,2025-11-25 15:12:25+00:00,2025-11-26 01:00:00+00:00,Indiana Hoosiers,Kansas St Wildcats,h2h,2h,-630.0,450.0,,,,,,,
2dbfbda205e7d0041144bd74747a3929,FanDuel,2025-11-25 15:12:34.983956+00:00,2025-11-25 15:12:25+00:00,2025-11-26 01:00:00+00:00,Indiana Hoosiers,Kansas St Wildcats,spreads,full_game,,,-10.5,-106.0,10.5,-114.0,,,
2dbfbda205e7d0041144bd74747a3929,FanDuel,2025-11-25 15:12:34.983956+00:00,2025-11-25 15:12:25+00:00,2025-11-26 01:00:00+00:00,Indiana Hoosiers,Kansas St Wildcats,totals,full_game,,,,,,,163.5,-110.0,-110.0
2dbfbda205e7d0041144bd74747a3929,Fanatics,2025-11-25 15:12:34.983956+00:00,2025-11-25 15:12:09+00:00,2025-11-26 01:00:00+00:00,Indiana Hoosiers,Kansas St Wildcats,h2h,2h,-550.0,400.0,,,,,,,
2dbfbda205e7d0041144bd74747a3929,Fanatics,2025-11-25 15:12:34.983956+00:00,2025-11-25 15:12:09+00:00,2025-11-26 01:00:00+00:00,Indiana Hoosiers,Kansas St Wildcats,spreads,full_game,,,-10.5,-110.0,10.5,-110.0,,,
2dbfbda205e7d0041144bd74747a3929,Fanatics,2025-11-25 15:12:34.983956+00:00,2025-11-25 15:12:09+00:00,2025-11-26 01:00:00+00:00,Indiana Hoosiers,Kansas St Wildcats,totals,full_game,,,,,,,163.5,-110.0,-110.0
2dbfbda205e7d0041144bd74747a3929,Bovada,2025-11-25 15:12:34.983956+00:00,2025-11-25 15:12:00+00:00,2025-11-26 01:00:00+00:00,Indiana Hoosiers,Kansas St Wildcats,h2h,2h,-500.0,360.0,,,,,,,
2dbfbda205e7d0041144bd74747a3929,Bovada,2025-11-25 15:12:34.983956+00:00,2025-11-25 15:12:00+00:00,2025-11-26 01:00:00+00:00,Indiana Hoosiers,Kansas St Wildcats,spreads,full_game,,,-9.5,-115.0,9.5,-105.0,,,
2dbfbda205e7d0041144bd74747a3929,Bovada,2025-11-25 15:12:34.983956+00:00,2025-11-25 15:12:00+00:00,2025-11-26 01:00:00+00:00,Indiana Hoosiers,Kansas St Wildcats,totals,full_game,,,,,,,161.5,-110.0,-110.0
2dbfbda205e7d0041144bd74747a3929,BetUS,2025-11-25 15:12:34.983956+00:00,2025-11-25 15:11:31+00:00,2025-11-26 01:00:00+00:00,Indiana Hoosiers,Kansas St Wildcats,h2h,2h,-550.0,425.0,,,,,,,
2dbfbda205e7d0041144bd74747a3929,BetUS,2025-11-25 15:12:34.983956+00:00,2025-11-25 15:11:31+00:00,2025-11-26 01:00:00+00:00,Indiana Hoosiers,Kansas St Wildcats,spreads,full_game,,,-10.5,-110.0,10.5,-110.0,,,
2dbfbda205e7d0041144bd74747a3929,BetUS,2025-11-25 15:12:34.983956+00:00,2025-11-25 15:11:31+00:00,2025-11-26 01:00:00+00:00,Indiana Hoosiers,Kansas St Wildcats,totals,full_game,,,,,,,163.5,-110.0,-110.0
2dbfbda205e7d0041144bd74747a3929,BetMGM,2025-11-25 15:12:34.983956+00:00,2025-11-25 15:11:57+00:00,2025-11-26 01:00:00+00:00,Indiana Hoosiers,Kansas St Wildcats,h2h,2h,-550.0,400.0,,,,,,,
2dbfbda205e7d0041144bd74747a3929,BetMGM,2025-11-25 15:12:34.983956+00:00,2025-11-25 15:11:57+00:00,2025-11-26 01:00:00+00:00,Indiana Hoosiers,Kansas St Wildcats,spreads,full_game,,,-10.5,-110.0,10.5,-110.0,,,
2dbfbda205e7d0041144bd74747a3929,BetMGM,2025-11-25 15:12:34.983956+00:00,2025-11-25 15:11:57+00:00,2025-11-26 01:00:00+00:00,Indiana Hoosiers,Kansas St Wildcats,totals,full_game,,,,,,,164.5,-105.0,-115.0
2dbfbda205e7d0041144bd74747a3929,BetRivers,2025-11-25 15:12:34.983956+00:00,2025-11-25 15:11:58+00:00,2025-11-26 01:00:00+00:00,Indiana Hoosiers,Kansas St Wildcats,h2h,2h,-560.0,380.0,,,,,,,
2dbfbda205e7d0041144bd74747a3929,BetRivers,2025-11-25 15:12:34.983956+00:00,2025-11-25 15:11:58+00:00,2025-11-26 01:00:00+00:00,Indiana Hoosiers,Kansas St Wildcats,spreads,full_game,,,-9.5,-120.0,9.5,-107.0,,,
2dbfbda205e7d0041144bd74747a3929,BetRivers,2025-11-25 15:12:34.983956+00:00,2025-11-25 15:11:58+00:00,2025-11-26 01:00:00+00:00,Indiana Hoosiers,Kansas St Wildcats,totals,full_game,,,,,,,164.5,-110.0,-115.0
3227579c60c07279c05a499b6cf4b0a4,DraftKings,2025-11-25 15:12:34.983956+00:00,2025-11-25 15:12:22+00:00,2025-11-26 01:00:00+00:00,Texas A&M Aggies,Miss Valley St Delta Devils,spreads,full_game,,,-44.5,-108.0,44.5,-112.0,,,
3227579c60c07279c05a499b6cf4b0a4,DraftKings,2025-11-25 15:12:34.983956+00:00,2025-11-25 15:12:22+00:00,2025-11-26 01:00:00+00:00,Texas A&M Aggies,Miss Valley St Delta Devils,totals,full_game,,,,,,,155.5,-108.0,-112.0
3227579c60c07279c05a499b6cf4b0a4,BetOnline.ag,2025-11-25 15:12:34.983956+00:00,2025-11-25 15:12:11+00:00,2025-11-26 01:00:00+00:00,Texas A&M Aggies,Miss Valley St Delta Devils,spreads,full_game,,,-44.0,-115.0,44.0,-105.0,,,
3227579c60c07279c05a499b6cf4b0a4,BetOnline.ag,2025-11-25 15:12:34.983956+00:00,2025-11-25 15:12:11+00:00,2025-11-26 01:00:00+00:00,Texas A&M Aggies,Miss Valley St Delta Devils,totals,full_game,,,,,,,155.5,-115.0,-105.0
3227579c60c07279c05a499b6cf4b0a4,LowVig.ag,2025-11-25 15:12:34.983956+00:00,2025-11-25 15:12:23+00:00,2025-11-26 01:00:00+00:00,Texas A&M Aggies,Miss Valley St Delta Devils,spreads,full_game,,,-44.0,-111.0,44.0,-101.0,,,
3227579c60c07279c05a499b6cf4b0a4,LowVig.ag,2025-11-25 15:12:34.983956+00:00,2025-11-25 15:12:23+00:00,2025-11-26 01:00:00+00:00,Texas A&M Aggies,Miss Valley St Delta Devils,totals,full_game,,,,,,,155.5,-113.0,-103.0
3227579c60c07279c05a499b6cf4b0a4,Caesars,2025-11-25 15:12:34.983956+00:00,2025-11-25 15:10:44+00:00,2025-11-26 01:00:00+00:00,Texas A&M Aggies,Miss Valley St Delta Devils,spreads,full_game,,,-44.0,-110.0,44.0,-110.0,,,
3227579c60c07279c05a499b6cf4b0a4,Caesars,2025-11-25 15:12:34.983956+00:00,2025-11-25 15:10:44+00:00,2025-11-26 01:00:00+00:00,Texas A&M Aggies,Miss Valley St Delta Devils,totals,full_game,,,,,,,155.5,-110.0,-110.0
3227579c60c07279c05a499b6cf4b0a4,Fanatics,2025-11-25 15:12:34.983956+00:00,2025-11-25 15:12:09+00:00,2025-11-26 01:00:00+00:00,Texas A&M Aggies,Miss Valley St Delta Devils,spreads,full_game,,,-43.5,-110.0,43.5,-110.0,,,
3227579c60c07279c05a499b6cf4b0a4,Fanatics,2025-11-25 15:12:34.983956+00:00,2025-11-25 15:12:09+00:00,2025-11-26 01:00:00+00:00,Texas A&M Aggies,Miss Valley St Delta Devils,totals,full_game,,,,,,,154.5,-115.0,-105.0
3227579c60c07279c05a499b6cf4b0a4,BetRivers,2025-11-25 15:12:34.983956+00:00,2025-11-25 15:11:58+00:00,2025-11-26 01:00:00+00:00,Texas A&M Aggies,Miss Valley St Delta Devils,spreads,full_game,,,-42.5,-114.0,42.5,-112.0,,,
3227579c60c07279c05a499b6cf4b0a4,BetRivers,2025-11-25 15:12:34.983956+00:00,2025-11-25 15:11:58+00:00,2025-11-26 01:00:00+00:00,Texas A&M Aggies,Miss Valley St Delta Devils,totals,full_game,,,,,,,153.5,-112.0,-114.0
3227579c60c07279c05a499b6cf4b0a4,FanDuel,2025-11-25 15:12:34.983956+00:00,2025-11-25 15:12:25+00:00,2025-11-26 01:00:00+00:00,Texas A&M Aggies,Miss Valley St Delta Devils,spreads,full_game,,,-44.5,-110.0,44.5,-110.0,,,
3227579c60c07279c05a499b6cf4b0a4,FanDuel,2025-11-25 15:12:34.983956+00:00,2025-11-25 15:12:25+00:00,2025-11-26 01:00:00+00:00,Texas A&M Aggies,Miss Valley St Delta Devils,totals,full_game,,,,,,,154.5,-115.0,-105.0
3227579c60c07279c05a499b6cf4b0a4,Bovada,2025-11-25 15:12:34.983956+00:00,2025-11-25 15:12:00+00:00,2025-11-26 01:00:00+00:00,Texas A&M Aggies,Miss Valley St Delta Devils,spreads,full_game,,,-43.0,-115.0,43.0,-105.0,,,
3227579c60c07279c05a499b6cf4b0a4,Bovada,2025-11-25 15:12:34.983956+00:00,2025-11-25 15:12:00+00:00,2025-11-26 01:00:00+00:00,Texas A&M Aggies,Miss Valley St Delta Devils,totals,full_game,,,,,,,153.5,-110.0,-110.0
3227579c60c07279c05a499b6cf4b0a4,BetMGM,2025-11-25 15:12:34.983956+00:00,2025-11-25 15:11:57+00:00,2025-11-26 01:00:00+00:00,Texas A&M Aggies,Miss Valley St Delta Devils,totals,full_game,,,,,,,155.5,-110.0,-110.0
21b69f5b855a05e880390446822971b4,FanDuel,2025-11-25 15:12:34.983956+00:00,2025-11-25 15:12:25+00:00,2025-11-26 01:00:30+00:00,Missouri Tigers,South Carolina St Bulldogs,spreads,full_game,,,-33.5,-110.0,33.5,-110.0,,,
21b69f5b855a05e880390446822971b4,FanDuel,2025-11-25 15:12:34.983956+00:00,2025-11-25 15:12:25+00:00,2025-11-26 01:00:30+00:00,Missouri Tigers,South Carolina St Bulldogs,totals,full_game,,,,,,,160.5,-110.0,-110.0
21b69f5b855a05e880390446822971b4,BetOnline.ag,2025-11-25 15:12:34.983956+00:00,2025-11-25 15:12:11+00:00,2025-11-26 01:00:30+00:00,Missouri Tigers,South Carolina St Bulldogs,spreads,full_game,,,-33.0,-115.0,33.0,-105.0,,,
21b69f5b855a05e880390446822971b4,BetOnline.ag,2025-11-25 15:12:34.983956+00:00,2025-11-25 15:12:11+00:00,2025-11-26 01:00:30+00:00,Missouri Tigers,South Carolina St Bulldogs,totals,full_game,,,,,,,161.5,-115.0,-105.0
21b69f5b855a05e880390446822971b4,LowVig.ag,2025-11-25 15:12:34.983956+00:00,2025-11-25 15:12:23+00:00,2025-11-26 01:00:30+00:00,Missouri Tigers,South Carolina St Bulldogs,spreads,full_game,,,-33.0,-111.0,33.0,-101.0,,,
21b69f5b855a05e880390446822971b4,LowVig.ag,2025-11-25 15:12:34.983956+00:00,2025-11-25 15:12:23+00:00,2025-11-26 01:00:30+00:00,Missouri Tigers,South Carolina St Bulldogs,totals,full_game,,,,,,,161.5,-113.0,-103.0
21b69f5b855a05e880390446822971b4,DraftKings,2025-11-25 15:12:34.983956+00:00,2025-11-25 15:12:22+00:00,2025-11-26 01:00:30+00:00,Missouri Tigers,South Carolina St Bulldogs,spreads,full_game,,,-33.5,-112.0,33.5,-108.0,,,
21b69f5b855a05e880390446822971b4,DraftKings,2025-11-25 15:12:34.983956+00:00,2025-11-25 15:12:22+00:00,2025-11-26 01:00:30+00:00,Missouri Tigers,South Carolina St Bulldogs,totals,full_game,,,,,,,161.5,-108.0,-112.0
21b69f5b855a05e880390446822971b4,Fanatics,2025-11-25 15:12:34.983956+00:00,2025-11-25 15:12:09+00:00,2025-11-26 01:00:30+00:00,Missouri Tigers,South Carolina St Bulldogs,spreads,full_game,,,-33.5,-110.0,33.5,-110.0,,,
21b69f5b855a05e880390446822971b4,Fanatics,2025-11-25 15:12:34.983956+00:00,2025-11-25 15:12:09+00:00,2025-11-26 01:00:30+00:00,Missouri Tigers,South Carolina St Bulldogs,totals,full_game,,,,,,,161.5,-110.0,-110.0
21b69f5b855a05e880390446822971b4,Caesars,2025-11-25 15:12:34.983956+00:00,2025-11-25 15:10:44+00:00,2025-11-26 01:00:30+00:00,Missouri Tigers,South Carolina St Bulldogs,spreads,full_game,,,-33.5,-110.0,33.5,-110.0,,,
21b69f5b855a05e880390446822971b4,Caesars,2025-11-25 15:12:34.983956+00:00,2025-11-25 15:10:44+00:00,2025-11-26 01:00:30+00:00,Missouri Tigers,South Carolina St Bulldogs,totals,full_game,,,,,,,161.5,-110.0,-110.0
21b69f5b855a05e880390446822971b4,BetRivers,2025-11-25 15:12:34.983956+00:00,2025-11-25 15:11:58+00:00,2025-11-26 01:00:30+00:00,Missouri Tigers,South Carolina St Bulldogs,spreads,full_game,,,-33.5,-109.0,33.5,-117.0,,,
21b69f5b855a05e880390446822971b4,BetRivers,2025-11-25 15:12:34.983956+00:00,2025-11-25 15:11:58+00:00,2025-11-26 01:00:30+00:00,Missouri Tigers,South Carolina St Bulldogs,totals,full_game,,,,,,,160.5,-112.0,-114.0
21b69f5b855a05e880390446822971b4,Bovada,2025-11-25 15:12:34.983956+00:00,2025-11-25 15:12:00+00:00,2025-11-26 01:00:30+00:00,Missouri Tigers,South Carolina St Bulldogs,spreads,full_game,,,-33.0,-105.0,33.0,-115.0,,,
21b69f5b855a05e880390446822971b4,Bovada,2025-11-25 15:12:34.983956+00:00,2025-11-25 15:12:00+00:00,2025-11-26 01:00:30+00:00,Missouri Tigers,South Carolina St Bulldogs,totals,full_game,,,,,,,159.0,-110.0,-110.0
21b69f5b855a05e880390446822971b4,BetMGM,2025-11-25 15:12:34.983956+00:00,2025-11-25 15:11:57+00:00,2025-11-26 01:00:30+00:00,Missouri Tigers,South Carolina St Bulldogs,spreads,full_game,,,-33.5,-115.0,33.5,-105.0,,,
21b69f5b855a05e880390446822971b4,BetMGM,2025-11-25 15:12:34.983956+00:00,2025-11-25 15:11:57+00:00,2025-11-26 01:00:30+00:00,Missouri Tigers,South Carolina St Bulldogs,totals,full_game,,,,,,,161.5,-115.0,-105.0
bb28fdd9133ef8edc17f1b13199507a8,DraftKings,2025-11-25 15:12:34.983956+00:00,2025-11-25 15:12:22+00:00,2025-11-26 01:30:00+00:00,Auburn Tigers,Michigan Wolverines,h2h,2h,200.0,-245.0,,,,,,,
bb28fdd9133ef8edc17f1b13199507a8,DraftKings,2025-11-25 15:12:34.983956+00:00,2025-11-25 15:12:22+00:00,2025-11-26 01:30:00+00:00,Auburn Tigers,Michigan Wolverines,spreads,full_game,,,5.5,-105.0,-5.5,-115.0,,,
bb28fdd9133ef8edc17f1b13199507a8,DraftKings,2025-11-25 15:12:34.983956+00:00,2025-11-25 15:12:22+00:00,2025-11-26 01:30:00+00:00,Auburn Tigers,Michigan Wolverines,totals,full_game,,,,,,,161.5,-105.0,-115.0
bb28fdd9133ef8edc17f1b13199507a8,FanDuel,2025-11-25 15:12:34.983956+00:00,2025-11-25 15:12:25+00:00,2025-11-26 01:30:00+00:00,Auburn Tigers,Michigan Wolverines,h2h,2h,210.0,-260.0,,,,,,,
bb28fdd9133ef8edc17f1b13199507a8,FanDuel,2025-11-25 15:12:34.983956+00:00,2025-11-25 15:12:25+00:00,2025-11-26 01:30:00+00:00,Auburn Tigers,Michigan Wolverines,spreads,full_game,,,5.5,-110.0,-5.5,-110.0,,,
bb28fdd9133ef8edc17f1b13199507a8,FanDuel,2025-11-25 15:12:34.983956+00:00,2025-11-25 15:12:25+00:00,2025-11-26 01:30:00+00:00,Auburn Tigers,Michigan Wolverines,totals,full_game,,,,,,,161.5,-110.0,-110.0
bb28fdd9133ef8edc17f1b13199507a8,Caesars,2025-11-25 15:12:34.983956+00:00,2025-11-25 15:10:44+00:00,2025-11-26 01:30:00+00:00,Auburn Tigers,Michigan Wolverines,h2h,2h,205.0,-250.0,,,,,,,
bb28fdd9133ef8edc17f1b13199507a8,Caesars,2025-11-25 15:12:34.983956+00:00,2025-11-25 15:10:44+00:00,2025-11-26 01:30:00+00:00,Auburn Tigers,Michigan Wolverines,spreads,full_game,,,5.5,-110.0,-5.5,-110.0,,,
bb28fdd9133ef8edc17f1b13199507a8,Caesars,2025-11-25 15:12:34.983956+00:00,2025-11-25 15:10:44+00:00,2025-11-26 01:30:00+00:00,Auburn Tigers,Michigan Wolverines,totals,full_game,,,,,,,161.5,-110.0,-110.0
bb28fdd9133ef8edc17f1b13199507a8,BetRivers,2025-11-25 15:12:34.983956+00:00,2025-11-25 15:11:58+00:00,2025-11-26 01:30:00+00:00,Auburn Tigers,Michigan Wolverines,h2h,2h,195.0,-250.0,,,,,,,
bb28fdd9133ef8edc17f1b13199507a8,BetRivers,2025-11-25 15:12:34.983956+00:00,2025-11-25 15:11:58+00:00,2025-11-26 01:30:00+00:00,Auburn Tigers,Michigan Wolverines,spreads,full_game,,,5.5,-114.0,-5.5,-112.0,,,
bb28fdd9133ef8edc17f1b13199507a8,BetRivers,2025-11-25 15:12:34.983956+00:00,2025-11-25 15:11:58+00:00,2025-11-26 01:30:00+00:00,Auburn Tigers,Michigan Wolverines,totals,full_game,,,,,,,160.5,-117.0,-109.0
bb28fdd9133ef8edc17f1b13199507a8,BetMGM,2025-11-25 15:12:34.983956+00:00,2025-11-25 15:11:57+00:00,2025-11-26 01:30:00+00:00,Auburn Tigers,Michigan Wolverines,h2h,2h,195.0,-235.0,,,,,,,
bb28fdd9133ef8edc17f1b13199507a8,BetMGM,2025-11-25 15:12:34.983956+00:00,2025-11-25 15:11:57+00:00,2025-11-26 01:30:00+00:00,Auburn Tigers,Michigan Wolverines,spreads,full_game,,,5.5,-105.0,-5.5,-115.0,,,
bb28fdd9133ef8edc17f1b13199507a8,BetMGM,2025-11-25 15:12:34.983956+00:00,2025-11-25 15:11:57+00:00,2025-11-26 01:30:00+00:00,Auburn Tigers,Michigan Wolverines,totals,full_game,,,,,,,160.5,-110.0,-110.0
bb28fdd9133ef8edc17f1b13199507a8,Fanatics,2025-11-25 15:12:34.983956+00:00,2025-11-25 15:12:09+00:00,2025-11-26 01:30:00+00:00,Auburn Tigers,Michigan Wolverines,h2h,2h,175.0,-210.0,,,,,,,
bb28fdd9133ef8edc17f1b13199507a8,Fanatics,2025-11-25 15:12:34.983956+00:00,2025-11-25 15:12:09+00:00,2025-11-26 01:30:00+00:00,Auburn Tigers,Michigan Wolverines,spreads,full_game,,,5.5,-115.0,-5.5,-105.0,,,
bb28fdd9133ef8edc17f1b13199507a8,Fanatics,2025-11-25 15:12:34.983956+00:00,2025-11-25 15:12:09+00:00,2025-11-26 01:30:00+00:00,Auburn Tigers,Michigan Wolverines,totals,full_game,,,,,,,161.5,-110.0,-110.0
bb28fdd9133ef8edc17f1b13199507a8,LowVig.ag,2025-11-25 15:12:34.983956+00:00,2025-11-25 15:12:23+00:00,2025-11-26 01:30:00+00:00,Auburn Tigers,Michigan Wolverines,h2h,2h,200.0,-240.0,,,,,,,
bb28fdd9133ef8edc17f1b13199507a8,LowVig.ag,2025-11-25 15:12:34.983956+00:00,2025-11-25 15:12:23+00:00,2025-11-26 01:30:00+00:00,Auburn Tigers,Michigan Wolverines,spreads,full_game,,,5.5,101.0,-5.5,-113.0,,,
bb28fdd9133ef8edc17f1b13199507a8,LowVig.ag,2025-11-25 15:12:34.983956+00:00,2025-11-25 15:12:23+00:00,2025-11-26 01:30:00+00:00,Auburn Tigers,Michigan Wolverines,totals,full_game,,,,,,,161.5,-108.0,-108.0
bb28fdd9133ef8edc17f1b13199507a8,BetOnline.ag,2025-11-25 15:12:34.983956+00:00,2025-11-25 15:12:11+00:00,2025-11-26 01:30:00+00:00,Auburn Tigers,Michigan Wolverines,h2h,2h,200.0,-240.0,,,,,,,
bb28fdd9133ef8edc17f1b13199507a8,BetOnline.ag,2025-11-25 15:12:34.983956+00:00,2025-11-25 15:12:11+00:00,2025-11-26 01:30:00+00:00,Auburn Tigers,Michigan Wolverines,spreads,full_game,,,5.5,-103.0,-5.5,-117.0,,,
bb28fdd9133ef8edc17f1b13199507a8,BetOnline.ag,2025-11-25 15:12:34.983956+00:00,2025-11-25 15:12:11+00:00,2025-11-26 01:30:00+00:00,Auburn Tigers,Michigan Wolverines,totals,full_game,,,,,,,161.5,-110.0,-110.0
bb28fdd9133ef8edc17f1b13199507a8,BetUS,2025-11-25 15:12:34.983956+00:00,2025-11-25 15:11:32+00:00,2025-11-26 01:30:00+00:00,Auburn Tigers,Michigan Wolverines,h2h,2h,203.0,-240.0,,,,,,,
bb28fdd9133ef8edc17f1b13199507a8,BetUS,2025-11-25 15:12:34.983956+00:00,2025-11-25 15:11:32+00:00,2025-11-26 01:30:00+00:00,Auburn Tigers,Michigan Wolverines,spreads,full_game,,,5.5,-110.0,-5.5,-110.0,,,
bb28fdd9133ef8edc17f1b13199507a8,BetUS,2025-11-25 15:12:34.983956+00:00,2025-11-25 15:11:32+00:00,2025-11-26 01:30:00+00:00,Auburn Tigers,Michigan Wolverines,totals,full_game,,,,,,,161.5,-110.0,-110.0
bb28fdd9133ef8edc17f1b13199507a8,Bovada,2025-11-25 15:12:34.983956+00:00,2025-11-25 15:12:00+00:00,2025-11-26 01:30:00+00:00,Auburn Tigers,Michigan Wolverines,h2h,2h,170.0,-200.0,,,,,,,
bb28fdd9133ef8edc17f1b13199507a8,Bovada,2025-11-25 15:12:34.983956+00:00,2025-11-25 15:12:00+00:00,2025-11-26 01:30:00+00:00,Auburn Tigers,Michigan Wolverines,spreads,full_game,,,4.5,-105.0,-4.5,-115.0,,,
bb28fdd9133ef8edc17f1b13199507a8,Bovada,2025-11-25 15:12:34.983956+00:00,2025-11-25 15:12:00+00:00,2025-11-26 01:30:00+00:00,Auburn Tigers,Michigan Wolverines,totals,full_game,,,,,,,161.5,-110.0,-110.0
57558f37c8541332b73fb4c180ba0be5,FanDuel,2025-11-25 15:12:34.983956+00:00,2025-11-25 15:12:25+00:00,2025-11-26 01:30:00+00:00,Nebraska Cornhuskers,Winthrop Eagles,h2h,2h,-2500.0,1100.0,,,,,,,
57558f37c8541332b73fb4c180ba0be5,FanDuel,2025-11-25 15:12:34.983956+00:00,2025-11-25 15:12:25+00:00,2025-11-26 01:30:00+00:00,Nebraska Cornhuskers,Winthrop Eagles,spreads,full_game,,,-16.5,-110.0,16.5,-110.0,,,
57558f37c8541332b73fb4c180ba0be5,FanDuel,2025-11-25 15:12:34.983956+00:00,2025-11-25 15:12:25+00:00,2025-11-26 01:30:00+00:00,Nebraska Cornhuskers,Winthrop Eagles,totals,full_game,,,,,,,165.5,-110.0,-110.0
57558f37c8541332b73fb4c180ba0be5,BetOnline.ag,2025-11-25 15:12:34.983956+00:00,2025-11-25 15:12:11+00:00,2025-11-26 01:30:00+00:00,Nebraska Cornhuskers,Winthrop Eagles,spreads,full_game,,,-16.0,-110.0,16.0,-110.0,,,
57558f37c8541332b73fb4c180ba0be5,BetOnline.ag,2025-11-25 15:12:34.983956+00:00,2025-11-25 15:12:11+00:00,2025-11-26 01:30:00+00:00,Nebraska Cornhuskers,Winthrop Eagles,totals,full_game,,,,,,,166.5,-108.0,-112.0
57558f37c8541332b73fb4c180ba0be5,LowVig.ag,2025-11-25 15:12:34.983956+00:00,2025-11-25 15:12:23+00:00,2025-11-26 01:30:00+00:00,Nebraska Cornhuskers,Winthrop Eagles,spreads,full_game,,,-16.0,-106.0,16.0,-106.0,,,
57558f37c8541332b73fb4c180ba0be5,LowVig.ag,2025-11-25 15:12:34.983956+00:00,2025-11-25 15:12:23+00:00,2025-11-26 01:30:00+00:00,Nebraska Cornhuskers,Winthrop Eagles,totals,full_game,,,,,,,166.5,-106.0,-110.0
57558f37c8541332b73fb4c180ba0be5,Fanatics,2025-11-25 15:12:34.983956+00:00,2025-11-25 15:12:09+00:00,2025-11-26 01:30:00+00:00,Nebraska Cornhuskers,Winthrop Eagles,h2h,2h,-1700.0,1000.0,,,,,,,
57558f37c8541332b73fb4c180ba0be5,Fanatics,2025-11-25 15:12:34.983956+00:00,2025-11-25 15:12:09+00:00,2025-11-26 01:30:00+00:00,Nebraska Cornhuskers,Winthrop Eagles,spreads,full_game,,,-16.0,-110.0,16.0,-110.0,,,
57558f37c8541332b73fb4c180ba0be5,Fanatics,2025-11-25 15:12:34.983956+00:00,2025-11-25 15:12:09+00:00,2025-11-26 01:30:00+00:00,Nebraska Cornhuskers,Winthrop Eagles,totals,full_game,,,,,,,165.5,-110.0,-110.0
57558f37c8541332b73fb4c180ba0be5,Caesars,2025-11-25 15:12:34.983956+00:00,2025-11-25 15:10:44+00:00,2025-11-26 01:30:00+00:00,Nebraska Cornhuskers,Winthrop Eagles,spreads,full_game,,,-16.0,-110.0,16.0,-110.0,,,
57558f37c8541332b73fb4c180ba0be5,Caesars,2025-11-25 15:12:34.983956+00:00,2025-11-25 15:10:44+00:00,2025-11-26 01:30:00+00:00,Nebraska Cornhuskers,Winthrop Eagles,totals,full_game,,,,,,,165.5,-110.0,-110.0
57558f37c8541332b73fb4c180ba0be5,DraftKings,2025-11-25 15:12:34.983956+00:00,2025-11-25 15:12:22+00:00,2025-11-26 01:30:00+00:00,Nebraska Cornhuskers,Winthrop Eagles,spreads,full_game,,,-16.5,-105.0,16.5,-115.0,,,
57558f37c8541332b73fb4c180ba0be5,DraftKings,2025-11-25 15:12:34.983956+00:00,2025-11-25 15:12:22+00:00,2025-11-26 01:30:00+00:00,Nebraska Cornhuskers,Winthrop Eagles,totals,full_game,,,,,,,165.5,-115.0,-105.0
57558f37c8541332b73fb4c180ba0be5,BetRivers,2025-11-25 15:12:34.983956+00:00,2025-11-25 15:11:58+00:00,2025-11-26 01:30:00+00:00,Nebraska Cornhuskers,Winthrop Eagles,h2h,2h,-2500.0,900.0,,,,,,,
57558f37c8541332b73fb4c180ba0be5,BetRivers,2025-11-25 15:12:34.983956+00:00,2025-11-25 15:11:58+00:00,2025-11-26 01:30:00+00:00,Nebraska Cornhuskers,Winthrop Eagles,spreads,full_game,,,-16.5,-113.0,16.5,-113.0,,,
57558f37c8541332b73fb4c180ba0be5,BetRivers,2025-11-25 15:12:34.983956+00:00,2025-11-25 15:11:58+00:00,2025-11-26 01:30:00+00:00,Nebraska Cornhuskers,Winthrop Eagles,totals,full_game,,,,,,,165.5,-113.0,-113.0
57558f37c8541332b73fb4c180ba0be5,Bovada,2025-11-25 15:12:34.983956+00:00,2025-11-25 15:12:00+00:00,2025-11-26 01:30:00+00:00,Nebraska Cornhuskers,Winthrop Eagles,spreads,full_game,,,-16.5,-110.0,16.5,-110.0,,,
57558f37c8541332b73fb4c180ba0be5,Bovada,2025-11-25 15:12:34.983956+00:00,2025-11-25 15:12:00+00:00,2025-11-26 01:30:00+00:00,Nebraska Cornhuskers,Winthrop Eagles,totals,full_game,,,,,,,165.5,-110.0,-110.0
57558f37c8541332b73fb4c180ba0be5,BetMGM,2025-11-25 15:12:34.983956+00:00,2025-11-25 15:11:57+00:00,2025-11-26 01:30:00+00:00,Nebraska Cornhuskers,Winthrop Eagles,h2h,2h,-1600.0,850.0,,,,,,,
57558f37c8541332b73fb4c180ba0be5,BetMGM,2025-11-25 15:12:34.983956+00:00,2025-11-25 15:11:57+00:00,2025-11-26 01:30:00+00:00,Nebraska Cornhuskers,Winthrop Eagles,spreads,full_game,,,-16.5,-105.0,16.5,-115.0,,,
57558f37c8541332b73fb4c180ba0be5,BetMGM,2025-11-25 15:12:34.983956+00:00,2025-11-25 15:11:57+00:00,2025-11-26 01:30:00+00:00,Nebraska Cornhuskers,Winthrop Eagles,totals,full_game,,,,,,,166.5,-105.0,-115.0
745694064a2b7735eeb31e194133da01,DraftKings,2025-11-25 15:12:34.983956+00:00,2025-11-25 15:12:22+00:00,2025-11-26 01:30:00+00:00,UC Irvine Anteaters,New Mexico St Aggies,h2h,2h,-162.0,136.0,,,,,,,
745694064a2b7735eeb31e194133da01,DraftKings,2025-11-25 15:12:34.983956+00:00,2025-11-25 15:12:22+00:00,2025-11-26 01:30:00+00:00,UC Irvine Anteaters,New Mexico St Aggies,spreads,full_game,,,-3.5,-105.0,3.5,-115.0,,,
745694064a2b7735eeb31e194133da01,DraftKings,2025-11-25 15:12:34.983956+00:00,2025-11-25 15:12:22+00:00,2025-11-26 01:30:00+00:00,UC Irvine Anteaters,New Mexico St Aggies,totals,full_game,,,,,,,138.5,-105.0,-115.0
745694064a2b7735eeb31e194133da01,BetOnline.ag,2025-11-25 15:12:34.983956+00:00,2025-11-25 15:12:11+00:00,2025-11-26 01:30:00+00:00,UC Irvine Anteaters,New Mexico St Aggies,h2h,2h,-155.0,135.0,,,,,,,
745694064a2b7735eeb31e194133da01,BetOnline.ag,2025-11-25 15:12:34.983956+00:00,2025-11-25 15:12:11+00:00,2025-11-26 01:30:00+00:00,UC Irvine Anteaters,New Mexico St Aggies,spreads,full_game,,,-3.0,-115.0,3.0,-105.0,,,
745694064a2b7735eeb31e194133da01,BetOnline.ag,2025-11-25 15:12:34.983956+00:00,2025-11-25 15:12:11+00:00,2025-11-26 01:30:00+00:00,UC Irvine Anteaters,New Mexico St Aggies,totals,full_game,,,,,,,138.5,-105.0,-115.0
745694064a2b7735eeb31e194133da01,LowVig.ag,2025-11-25 15:12:34.983956+00:00,2025-11-25 15:12:23+00:00,2025-11-26 01:30:00+00:00,UC Irvine Anteaters,New Mexico St Aggies,h2h,2h,-155.0,135.0,,,,,,,
745694064a2b7735eeb31e194133da01,LowVig.ag,2025-11-25 15:12:34.983956+00:00,2025-11-25 15:12:23+00:00,2025-11-26 01:30:00+00:00,UC Irvine Anteaters,New Mexico St Aggies,spreads,full_game,,,-3.0,-111.0,3.0,-101.0,,,
745694064a2b7735eeb31e194133da01,LowVig.ag,2025-11-25 15:12:34.983956+00:00,2025-11-25 15:12:23+00:00,2025-11-26 01:30:00+00:00,UC Irvine Anteaters,New Mexico St Aggies,totals,full_game,,,,,,,138.5,-103.0,-113.0
745694064a2b7735eeb31e194133da01,Caesars,2025-11-25 15:12:34.983956+00:00,2025-11-25 15:10:44+00:00,2025-11-26 01:30:00+00:00,UC Irvine Anteaters,New Mexico St Aggies,h2h,2h,-165.0,140.0,,,,,,,
745694064a2b7735eeb31e194133da01,Caesars,2025-11-25 15:12:34.983956+00:00,2025-11-25 15:10:44+00:00,2025-11-26 01:30:00+00:00,UC Irvine Anteaters,New Mexico St Aggies,spreads,full_game,,,-3.5,-110.0,3.5,-110.0,,,
745694064a2b7735eeb31e194133da01,Caesars,2025-11-25 15:12:34.983956+00:00,2025-11-25 15:10:44+00:00,2025-11-26 01:30:00+00:00,UC Irvine Anteaters,New Mexico St Aggies,totals,full_game,,,,,,,138.5,-110.0,-110.0
745694064a2b7735eeb31e194133da01,Bovada,2025-11-25 15:12:34.983956+00:00,2025-11-25 15:12:00+00:00,2025-11-26 01:30:00+00:00,UC Irvine Anteaters,New Mexico St Aggies,h2h,2h,-185.0,160.0,,,,,,,
745694064a2b7735eeb31e194133da01,Bovada,2025-11-25 15:12:34.983956+00:00,2025-11-25 15:12:00+00:00,2025-11-26 01:30:00+00:00,UC Irvine Anteaters,New Mexico St Aggies,spreads,full_game,,,-4.0,-110.0,4.0,-110.0,,,
745694064a2b7735eeb31e194133da01,Bovada,2025-11-25 15:12:34.983956+00:00,2025-11-25 15:12:00+00:00,2025-11-26 01:30:00+00:00,UC Irvine Anteaters,New Mexico St Aggies,totals,full_game,,,,,,,138.0,-115.0,-105.0
745694064a2b7735eeb31e194133da01,BetUS,2025-11-25 15:12:34.983956+00:00,2025-11-25 15:11:31+00:00,2025-11-26 01:30:00+00:00,UC Irvine Anteaters,New Mexico St Aggies,h2h,2h,-155.0,134.0,,,,,,,
745694064a2b7735eeb31e194133da01,BetUS,2025-11-25 15:12:34.983956+00:00,2025-11-25 15:11:31+00:00,2025-11-26 01:30:00+00:00,UC Irvine Anteaters,New Mexico St Aggies,spreads,full_game,,,-3.0,-115.0,3.0,-105.0,,,
745694064a2b7735eeb31e194133da01,BetUS,2025-11-25 15:12:34.983956+00:00,2025-11-25 15:11:31+00:00,2025-11-26 01:30:00+00:00,UC Irvine Anteaters,New Mexico St Aggies,totals,full_game,,,,,,,138.5,-110.0,-110.0
745694064a2b7735eeb31e194133da01,BetMGM,2025-11-25 15:12:34.983956+00:00,2025-11-25 15:11:57+00:00,2025-11-26 01:30:00+00:00,UC Irvine Anteaters,New Mexico St Aggies,h2h,2h,-160.0,135.0,,,,,,,
745694064a2b7735eeb31e194133da01,BetMGM,2025-11-25 15:12:34.983956+00:00,2025-11-25 15:11:57+00:00,2025-11-26 01:30:00+00:00,UC Irvine Anteaters,New Mexico St Aggies,spreads,full_game,,,-3.5,-105.0,3.5,-115.0,,,
745694064a2b7735eeb31e194133da01,BetMGM,2025-11-25 15:12:34.983956+00:00,2025-11-25 15:11:57+00:00,2025-11-26 01:30:00+00:00,UC Irvine Anteaters,New Mexico St Aggies,totals,full_game,,,,,,,138.5,-105.0,-115.0
745694064a2b7735eeb31e194133da01,BetRivers,2025-11-25 15:12:34.983956+00:00,2025-11-25 15:11:58+00:00,2025-11-26 01:30:00+00:00,UC Irvine Anteaters,New Mexico St Aggies,h2h,2h,-177.0,138.0,,,,,,,
745694064a2b7735eeb31e194133da01,BetRivers,2025-11-25 15:12:34.983956+00:00,2025-11-25 15:11:58+00:00,2025-11-26 01:30:00+00:00,UC Irvine Anteaters,New Mexico St Aggies,spreads,full_game,,,-3.5,-112.0,3.5,-114.0,,,
745694064a2b7735eeb31e194133da01,BetRivers,2025-11-25 15:12:34.983956+00:00,2025-11-25 15:11:58+00:00,2025-11-26 01:30:00+00:00,UC Irvine Anteaters,New Mexico St Aggies,totals,full_game,,,,,,,138.5,-112.0,-114.0
745694064a2b7735eeb31e194133da01,FanDuel,2025-11-25 15:12:34.983956+00:00,2025-11-25 15:12:25+00:00,2025-11-26 01:30:00+00:00,UC Irvine Anteaters,New Mexico St Aggies,h2h,2h,-152.0,124.0,,,,,,,
745694064a2b7735eeb31e194133da01,FanDuel,2025-11-25 15:12:34.983956+00:00,2025-11-25 15:12:25+00:00,2025-11-26 01:30:00+00:00,UC Irvine Anteaters,New Mexico St Aggies,spreads,full_game,,,-2.5,-110.0,2.5,-110.0,,,
745694064a2b7735eeb31e194133da01,FanDuel,2025-11-25 15:12:34.983956+00:00,2025-11-25 15:12:25+00:00,2025-11-26 01:30:00+00:00,UC Irvine Anteaters,New Mexico St Aggies,totals,full_game,,,,,,,138.5,-114.0,-110.0
7bbf32ba57b74dda5a8c78ce54614249,DraftKings,2025-11-25 15:12:34.983956+00:00,2025-11-25 15:12:22+00:00,2025-11-26 02:00:00+00:00,Georgia Southern Eagles,UTSA Roadrunners,spreads,full_game,,,-2.5,-105.0,2.5,-115.0,,,
7bbf32ba57b74dda5a8c78ce54614249,DraftKings,2025-11-25 15:12:34.983956+00:00,2025-11-25 15:12:22+00:00,2025-11-26 02:00:00+00:00,Georgia Southern Eagles,UTSA Roadrunners,totals,full_game,,,,,,,161.5,-110.0,-110.0
7bbf32ba57b74dda5a8c78ce54614249,Fanatics,2025-11-25 15:12:34.983956+00:00,2025-11-25 15:12:09+00:00,2025-11-26 02:00:00+00:00,Georgia Southern Eagles,UTSA Roadrunners,h2h,2h,-140.0,115.0,,,,,,,
7bbf32ba57b74dda5a8c78ce54614249,Fanatics,2025-11-25 15:12:34.983956+00:00,2025-11-25 15:12:09+00:00,2025-11-26 02:00:00+00:00,Georgia Southern Eagles,UTSA Roadrunners,spreads,full_game,,,-2.0,-110.0,2.0,-110.0,,,
7bbf32ba57b74dda5a8c78ce54614249,Fanatics,2025-11-25 15:12:34.983956+00:00,2025-11-25 15:12:09+00:00,2025-11-26 02:00:00+00:00,Georgia Southern Eagles,UTSA Roadrunners,totals,full_game,,,,,,,161.5,-110.0,-110.0
7bbf32ba57b74dda5a8c78ce54614249,Caesars,2025-11-25 15:12:34.983956+00:00,2025-11-25 15:10:44+00:00,2025-11-26 02:00:00+00:00,Georgia Southern Eagles,UTSA Roadrunners,h2h,2h,-140.0,118.0,,,,,,,
7bbf32ba57b74dda5a8c78ce54614249,Caesars,2025-11-25 15:12:34.983956+00:00,2025-11-25 15:10:44+00:00,2025-11-26 02:00:00+00:00,Georgia Southern Eagles,UTSA Roadrunners,spreads,full_game,,,-2.5,-110.0,2.5,-110.0,,,
7bbf32ba57b74dda5a8c78ce54614249,Caesars,2025-11-25 15:12:34.983956+00:00,2025-11-25 15:10:44+00:00,2025-11-26 02:00:00+00:00,Georgia Southern Eagles,UTSA Roadrunners,totals,full_game,,,,,,,162.5,-110.0,-110.0
7bbf32ba57b74dda5a8c78ce54614249,LowVig.ag,2025-11-25 15:12:34.983956+00:00,2025-11-25 15:12:23+00:00,2025-11-26 02:00:00+00:00,Georgia Southern Eagles,UTSA Roadrunners,h2h,2h,-140.0,120.0,,,,,,,
7bbf32ba57b74dda5a8c78ce54614249,LowVig.ag,2025-11-25 15:12:34.983956+00:00,2025-11-25 15:12:23+00:00,2025-11-26 02:00:00+00:00,Georgia Southern Eagles,UTSA Roadrunners,spreads,full_game,,,-2.5,-104.0,2.5,-108.0,,,
7bbf32ba57b74dda5a8c78ce54614249,LowVig.ag,2025-11-25 15:12:34.983956+00:00,2025-11-25 15:12:23+00:00,2025-11-26 02:00:00+00:00,Georgia Southern Eagles,UTSA Roadrunners,totals,full_game,,,,,,,161.5,-113.0,-103.0
7bbf32ba57b74dda5a8c78ce54614249,BetOnline.ag,2025-11-25 15:12:34.983956+00:00,2025-11-25 15:12:11+00:00,2025-11-26 02:00:00+00:00,Georgia Southern Eagles,UTSA Roadrunners,h2h,2h,-140.0,120.0,,,,,,,
7bbf32ba57b74dda5a8c78ce54614249,BetOnline.ag,2025-11-25 15:12:34.983956+00:00,2025-11-25 15:12:11+00:00,2025-11-26 02:00:00+00:00,Georgia Southern Eagles,UTSA Roadrunners,spreads,full_game,,,-2.5,-108.0,2.5,-112.0,,,
7bbf32ba57b74dda5a8c78ce54614249,BetOnline.ag,2025-11-25 15:12:34.983956+00:00,2025-11-25 15:12:11+00:00,2025-11-26 02:00:00+00:00,Georgia Southern Eagles,UTSA Roadrunners,totals,full_game,,,,,,,161.5,-115.0,-105.0
7bbf32ba57b74dda5a8c78ce54614249,BetMGM,2025-11-25 15:12:34.983956+00:00,2025-11-25 15:11:57+00:00,2025-11-26 02:00:00+00:00,Georgia Southern Eagles,UTSA Roadrunners,h2h,2h,-145.0,118.0,,,,,,,
7bbf32ba57b74dda5a8c78ce54614249,BetMGM,2025-11-25 15:12:34.983956+00:00,2025-11-25 15:11:57+00:00,2025-11-26 02:00:00+00:00,Georgia Southern Eagles,UTSA Roadrunners,spreads,full_game,,,-2.5,-105.0,2.5,-115.0,,,
7bbf32ba57b74dda5a8c78ce54614249,BetMGM,2025-11-25 15:12:34.983956+00:00,2025-11-25 15:11:57+00:00,2025-11-26 02:00:00+00:00,Georgia Southern Eagles,UTSA Roadrunners,totals,full_game,,,,,,,161.5,-115.0,-105.0
7bbf32ba57b74dda5a8c78ce54614249,FanDuel,2025-11-25 15:12:34.983956+00:00,2025-11-25 15:12:25+00:00,2025-11-26 02:00:00+00:00,Georgia Southern Eagles,UTSA Roadrunners,h2h,2h,-148.0,120.0,,,,,,,
7bbf32ba57b74dda5a8c78ce54614249,FanDuel,2025-11-25 15:12:34.983956+00:00,2025-11-25 15:12:25+00:00,2025-11-26 02:00:00+00:00,Georgia Southern Eagles,UTSA Roadrunners,spreads,full_game,,,-2.5,-108.0,2.5,-112.0,,,
7bbf32ba57b74dda5a8c78ce54614249,FanDuel,2025-11-25 15:12:34.983956+00:00,2025-11-25 15:12:25+00:00,2025-11-26 02:00:00+00:00,Georgia Southern Eagles,UTSA Roadrunners,totals,full_game,,,,,,,162.5,-106.0,-118.0
7bbf32ba57b74dda5a8c78ce54614249,BetRivers,2025-11-25 15:12:34.983956+00:00,2025-11-25 15:11:58+00:00,2025-11-26 02:00:00+00:00,Georgia Southern Eagles,UTSA Roadrunners,h2h,2h,-139.0,110.0,,,,,,,
7bbf32ba57b74dda5a8c78ce54614249,BetRivers,2025-11-25 15:12:34.983956+00:00,2025-11-25 15:11:58+00:00,2025-11-26 02:00:00+00:00,Georgia Southern Eagles,UTSA Roadrunners,spreads,full_game,,,-2.5,-110.0,2.5,-115.0,,,
7bbf32ba57b74dda5a8c78ce54614249,BetRivers,2025-11-25 15:12:34.983956+00:00,2025-11-25 15:11:58+00:00,2025-11-26 02:00:00+00:00,Georgia Southern Eagles,UTSA Roadrunners,totals,full_game,,,,,,,160.5,-115.0,-110.0
7bbf32ba57b74dda5a8c78ce54614249,BetUS,2025-11-25 15:12:34.983956+00:00,2025-11-25 15:11:31+00:00,2025-11-26 02:00:00+00:00,Georgia Southern Eagles,UTSA Roadrunners,h2h,2h,-140.0,120.0,,,,,,,
7bbf32ba57b74dda5a8c78ce54614249,BetUS,2025-11-25 15:12:34.983956+00:00,2025-11-25 15:11:31+00:00,2025-11-26 02:00:00+00:00,Georgia Southern Eagles,UTSA Roadrunners,spreads,full_game,,,-2.5,-110.0,2.5,-110.0,,,
7bbf32ba57b74dda5a8c78ce54614249,BetUS,2025-11-25 15:12:34.983956+00:00,2025-11-25 15:11:31+00:00,2025-11-26 02:00:00+00:00,Georgia Southern Eagles,UTSA Roadrunners,totals,full_game,,,,,,,162.0,-110.0,-110.0
7bbf32ba57b74dda5a8c78ce54614249,Bovada,2025-11-25 15:12:34.983956+00:00,2025-11-25 15:12:00+00:00,2025-11-26 02:00:00+00:00,Georgia Southern Eagles,UTSA Roadrunners,h2h,2h,-120.0,100.0,,,,,,,
7bbf32ba57b74dda5a8c78ce54614249,Bovada,2025-11-25 15:12:34.983956+00:00,2025-11-25 15:12:00+00:00,2025-11-26 02:00:00+00:00,Georgia Southern Eagles,UTSA Roadrunners,spreads,full_game,,,-1.5,-110.0,1.5,-110.0,,,
7bbf32ba57b74dda5a8c78ce54614249,Bovada,2025-11-25 15:12:34.983956+00:00,2025-11-25 15:12:00+00:00,2025-11-26 02:00:00+00:00,Georgia Southern Eagles,UTSA Roadrunners,totals,full_game,,,,,,,161.0,-110.0,-110.0
b051150063d9410e97ce5df7d407e4b4,DraftKings,2025-11-25 15:12:34.983956+00:00,2025-11-25 15:12:22+00:00,2025-11-26 02:00:00+00:00,Montana Grizzlies,Oakland Golden Grizzlies,spreads,full_game,,,-2.5,-115.0,2.5,-105.0,,,
b051150063d9410e97ce5df7d407e4b4,DraftKings,2025-11-25 15:12:34.983956+00:00,2025-11-25 15:12:22+00:00,2025-11-26 02:00:00+00:00,Montana Grizzlies,Oakland Golden Grizzlies,totals,full_game,,,,,,,160.5,-112.0,-108.0
b051150063d9410e97ce5df7d407e4b4,Fanatics,2025-11-25 15:12:34.983956+00:00,2025-11-25 15:12:09+00:00,2025-11-26 02:00:00+00:00,Montana Grizzlies,Oakland Golden Grizzlies,h2h,2h,-150.0,125.0,,,,,,,
b051150063d9410e97ce5df7d407e4b4,Fanatics,2025-11-25 15:12:34.983956+00:00,2025-11-25 15:12:09+00:00,2025-11-26 02:00:00+00:00,Montana Grizzlies,Oakland Golden Grizzlies,spreads,full_game,,,-2.5,-115.0,2.5,-105.0,,,
b051150063d9410e97ce5df7d407e4b4,Fanatics,2025-11-25 15:12:34.983956+00:00,2025-11-25 15:12:09+00:00,2025-11-26 02:00:00+00:00,Montana Grizzlies,Oakland Golden Grizzlies,totals,full_game,,,,,,,162.5,-110.0,-110.0
b051150063d9410e97ce5df7d407e4b4,BetOnline.ag,2025-11-25 15:12:34.983956+00:00,2025-11-25 15:12:11+00:00,2025-11-26 02:00:00+00:00,Montana Grizzlies,Oakland Golden Grizzlies,h2h,2h,-155.0,135.0,,,,,,,
b051150063d9410e97ce5df7d407e4b4,BetOnline.ag,2025-11-25 15:12:34.983956+00:00,2025-11-25 15:12:11+00:00,2025-11-26 02:00:00+00:00,Montana Grizzlies,Oakland Golden Grizzlies,spreads,full_game,,,-3.0,-108.0,3.0,-112.0,,,
b051150063d9410e97ce5df7d407e4b4,BetOnline.ag,2025-11-25 15:12:34.983956+00:00,2025-11-25 15:12:11+00:00,2025-11-26 02:00:00+00:00,Montana Grizzlies,Oakland Golden Grizzlies,totals,full_game,,,,,,,160.5,-110.0,-110.0
b051150063d9410e97ce5df7d407e4b4,Caesars,2025-11-25 15:12:34.983956+00:00,2025-11-25 15:10:44+00:00,2025-11-26 02:00:00+00:00,Montana Grizzlies,Oakland Golden Grizzlies,h2h,2h,-165.0,140.0,,,,,,,
b051150063d9410e97ce5df7d407e4b4,Caesars,2025-11-25 15:12:34.983956+00:00,2025-11-25 15:10:44+00:00,2025-11-26 02:00:00+00:00,Montana Grizzlies,Oakland Golden Grizzlies,spreads,full_game,,,-2.5,-110.0,2.5,-110.0,,,
b051150063d9410e97ce5df7d407e4b4,Caesars,2025-11-25 15:12:34.983956+00:00,2025-11-25 15:10:44+00:00,2025-11-26 02:00:00+00:00,Montana Grizzlies,Oakland Golden Grizzlies,totals,full_game,,,,,,,162.0,-110.0,-110.0
b051150063d9410e97ce5df7d407e4b4,LowVig.ag,2025-11-25 15:12:34.983956+00:00,2025-11-25 15:12:23+00:00,2025-11-26 02:00:00+00:00,Montana Grizzlies,Oakland Golden Grizzlies,h2h,2h,-155.0,135.0,,,,,,,
b051150063d9410e97ce5df7d407e4b4,LowVig.ag,2025-11-25 15:12:34.983956+00:00,2025-11-25 15:12:23+00:00,2025-11-26 02:00:00+00:00,Montana Grizzlies,Oakland Golden Grizzlies,spreads,full_game,,,-3.0,-104.0,3.0,-108.0,,,
b051150063d9410e97ce5df7d407e4b4,LowVig.ag,2025-11-25 15:12:34.983956+00:00,2025-11-25 15:12:23+00:00,2025-11-26 02:00:00+00:00,Montana Grizzlies,Oakland Golden Grizzlies,totals,full_game,,,,,,,160.5,-108.0,-108.0
b051150063d9410e97ce5df7d407e4b4,BetMGM,2025-11-25 15:12:34.983956+00:00,2025-11-25 15:11:57+00:00,2025-11-26 02:00:00+00:00,Montana Grizzlies,Oakland Golden Grizzlies,h2h,2h,-160.0,135.0,,,,,,,
b051150063d9410e97ce5df7d407e4b4,BetMGM,2025-11-25 15:12:34.983956+00:00,2025-11-25 15:11:57+00:00,2025-11-26 02:00:00+00:00,Montana Grizzlies,Oakland Golden Grizzlies,spreads,full_game,,,-3.5,-110.0,3.5,-110.0,,,
b051150063d9410e97ce5df7d407e4b4,BetMGM,2025-11-25 15:12:34.983956+00:00,2025-11-25 15:11:57+00:00,2025-11-26 02:00:00+00:00,Montana Grizzlies,Oakland Golden Grizzlies,totals,full_game,,,,,,,160.5,-115.0,-105.0
b051150063d9410e97ce5df7d407e4b4,FanDuel,2025-11-25 15:12:34.983956+00:00,2025-11-25 15:12:25+00:00,2025-11-26 02:00:00+00:00,Montana Grizzlies,Oakland Golden Grizzlies,h2h,2h,-158.0,128.0,,,,,,,
b051150063d9410e97ce5df7d407e4b4,FanDuel,2025-11-25 15:12:34.983956+00:00,2025-11-25 15:12:25+00:00,2025-11-26 02:00:00+00:00,Montana Grizzlies,Oakland Golden Grizzlies,spreads,full_game,,,-2.5,-114.0,2.5,-106.0,,,
b051150063d9410e97ce5df7d407e4b4,FanDuel,2025-11-25 15:12:34.983956+00:00,2025-11-25 15:12:25+00:00,2025-11-26 02:00:00+00:00,Montana Grizzlies,Oakland Golden Grizzlies,totals,full_game,,,,,,,160.5,-112.0,-112.0
b051150063d9410e97ce5df7d407e4b4,BetRivers,2025-11-25 15:12:34.983956+00:00,2025-11-25 15:11:58+00:00,2025-11-26 02:00:00+00:00,Montana Grizzlies,Oakland Golden Grizzlies,h2h,2h,-148.0,115.0,,,,,,,
b051150063d9410e97ce5df7d407e4b4,BetRivers,2025-11-25 15:12:34.983956+00:00,2025-11-25 15:11:58+00:00,2025-11-26 02:00:00+00:00,Montana Grizzlies,Oakland Golden Grizzlies,spreads,full_game,,,-2.5,-118.0,2.5,-108.0,,,
b051150063d9410e97ce5df7d407e4b4,BetRivers,2025-11-25 15:12:34.983956+00:00,2025-11-25 15:11:58+00:00,2025-11-26 02:00:00+00:00,Montana Grizzlies,Oakland Golden Grizzlies,totals,full_game,,,,,,,161.5,-113.0,-113.0
b051150063d9410e97ce5df7d407e4b4,BetUS,2025-11-25 15:12:34.983956+00:00,2025-11-25 15:11:31+00:00,2025-11-26 02:00:00+00:00,Montana Grizzlies,Oakland Golden Grizzlies,h2h,2h,-155.0,134.0,,,,,,,
b051150063d9410e97ce5df7d407e4b4,BetUS,2025-11-25 15:12:34.983956+00:00,2025-11-25 15:11:31+00:00,2025-11-26 02:00:00+00:00,Montana Grizzlies,Oakland Golden Grizzlies,spreads,full_game,,,-3.0,-110.0,3.0,-110.0,,,
b051150063d9410e97ce5df7d407e4b4,BetUS,2025-11-25 15:12:34.983956+00:00,2025-11-25 15:11:31+00:00,2025-11-26 02:00:00+00:00,Montana Grizzlies,Oakland Golden Grizzlies,totals,full_game,,,,,,,160.5,-110.0,-110.0
b051150063d9410e97ce5df7d407e4b4,Bovada,2025-11-25 15:12:34.983956+00:00,2025-11-25 15:12:00+00:00,2025-11-26 02:00:00+00:00,Montana Grizzlies,Oakland Golden Grizzlies,h2h,2h,-140.0,120.0,,,,,,,
b051150063d9410e97ce5df7d407e4b4,Bovada,2025-11-25 15:12:34.983956+00:00,2025-11-25 15:12:00+00:00,2025-11-26 02:00:00+00:00,Montana Grizzlies,Oakland Golden Grizzlies,spreads,full_game,,,-2.0,-115.0,2.0,-105.0,,,
b051150063d9410e97ce5df7d407e4b4,Bovada,2025-11-25 15:12:34.983956+00:00,2025-11-25 15:12:00+00:00,2025-11-26 02:00:00+00:00,Montana Grizzlies,Oakland Golden Grizzlies,totals,full_game,,,,,,,163.5,-110.0,-110.0
7cc792bfbe117ccb41ccf817383ac598,DraftKings,2025-11-25 15:12:34.983956+00:00,2025-11-25 15:12:22+00:00,2025-11-26 02:00:00+00:00,Utah Tech Trailblazers,Portland St Vikings,h2h,2h,105.0,-125.0,,,,,,,
7cc792bfbe117ccb41ccf817383ac598,DraftKings,2025-11-25 15:12:34.983956+00:00,2025-11-25 15:12:22+00:00,2025-11-26 02:00:00+00:00,Utah Tech Trailblazers,Portland St Vikings,spreads,full_game,,,1.5,-108.0,-1.5,-112.0,,,
7cc792bfbe117ccb41ccf817383ac598,DraftKings,2025-11-25 15:12:34.983956+00:00,2025-11-25 15:12:22+00:00,2025-11-26 02:00:00+00:00,Utah Tech Trailblazers,Portland St Vikings,totals,full_game,,,,,,,146.5,-115.0,-105.0
7cc792bfbe117ccb41ccf817383ac598,LowVig.ag,2025-11-25 15:12:34.983956+00:00,2025-11-25 15:12:23+00:00,2025-11-26 02:00:00+00:00,Utah Tech Trailblazers,Portland St Vikings,h2h,2h,108.0,-128.0,,,,,,,
7cc792bfbe117ccb41ccf817383ac598,LowVig.ag,2025-11-25 15:12:34.983956+00:00,2025-11-25 15:12:23+00:00,2025-11-26 02:00:00+00:00,Utah Tech Trailblazers,Portland St Vikings,spreads,full_game,,,1.5,-106.0,-1.5,-106.0,,,
7cc792bfbe117ccb41ccf817383ac598,LowVig.ag,2025-11-25 15:12:34.983956+00:00,2025-11-25 15:12:23+00:00,2025-11-26 02:00:00+00:00,Utah Tech Trailblazers,Portland St Vikings,totals,full_game,,,,,,,147.5,-108.0,-108.0
7cc792bfbe117ccb41ccf817383ac598,BetOnline.ag,2025-11-25 15:12:34.983956+00:00,2025-11-25 15:12:11+00:00,2025-11-26 02:00:00+00:00,Utah Tech Trailblazers,Portland St Vikings,h2h,2h,108.0,-128.0,,,,,,,
7cc792bfbe117ccb41ccf817383ac598,BetOnline.ag,2025-11-25 15:12:34.983956+00:00,2025-11-25 15:12:11+00:00,2025-11-26 02:00:00+00:00,Utah Tech Trailblazers,Portland St Vikings,spreads,full_game,,,1.5,-110.0,-1.5,-110.0,,,
7cc792bfbe117ccb41ccf817383ac598,BetOnline.ag,2025-11-25 15:12:34.983956+00:00,2025-11-25 15:12:11+00:00,2025-11-26 02:00:00+00:00,Utah Tech Trailblazers,Portland St Vikings,totals,full_game,,,,,,,147.5,-110.0,-110.0
7cc792bfbe117ccb41ccf817383ac598,Bovada,2025-11-25 15:12:34.983956+00:00,2025-11-25 15:12:00+00:00,2025-11-26 02:00:00+00:00,Utah Tech Trailblazers,Portland St Vikings,h2h,2h,-105.0,-115.0,,,,,,,
7cc792bfbe117ccb41ccf817383ac598,Bovada,2025-11-25 15:12:34.983956+00:00,2025-11-25 15:12:00+00:00,2025-11-26 02:00:00+00:00,Utah Tech Trailblazers,Portland St Vikings,spreads,full_game,,,1.0,-110.0,-1.0,-110.0,,,
7cc792bfbe117ccb41ccf817383ac598,Bovada,2025-11-25 15:12:34.983956+00:00,2025-11-25 15:12:00+00:00,2025-11-26 02:00:00+00:00,Utah Tech Trailblazers,Portland St Vikings,totals,full_game,,,,,,,147.5,-110.0,-110.0
7cc792bfbe117ccb41ccf817383ac598,Caesars,2025-11-25 15:12:34.983956+00:00,2025-11-25 15:10:44+00:00,2025-11-26 02:00:00+00:00,Utah Tech Trailblazers,Portland St Vikings,spreads,full_game,,,1.5,-110.0,-1.5,-110.0,,,
7cc792bfbe117ccb41ccf817383ac598,Caesars,2025-11-25 15:12:34.983956+00:00,2025-11-25 15:10:44+00:00,2025-11-26 02:00:00+00:00,Utah Tech Trailblazers,Portland St Vikings,totals,full_game,,,,,,,147.5,-110.0,-110.0
7cc792bfbe117ccb41ccf817383ac598,Fanatics,2025-11-25 15:12:34.983956+00:00,2025-11-25 15:12:09+00:00,2025-11-26 02:00:00+00:00,Utah Tech Trailblazers,Portland St Vikings,h2h,2h,105.0,-125.0,,,,,,,
7cc792bfbe117ccb41ccf817383ac598,Fanatics,2025-11-25 15:12:34.983956+00:00,2025-11-25 15:12:09+00:00,2025-11-26 02:00:00+00:00,Utah Tech Trailblazers,Portland St Vikings,spreads,full_game,,,1.5,-110.0,-1.5,-110.0,,,
7cc792bfbe117ccb41ccf817383ac598,Fanatics,2025-11-25 15:12:34.983956+00:00,2025-11-25 15:12:09+00:00,2025-11-26 02:00:00+00:00,Utah Tech Trailblazers,Portland St Vikings,totals,full_game,,,,,,,147.5,-110.0,-110.0
7cc792bfbe117ccb41ccf817383ac598,BetUS,2025-11-25 15:12:34.983956+00:00,2025-11-25 15:11:31+00:00,2025-11-26 02:00:00+00:00,Utah Tech Trailblazers,Portland St Vikings,h2h,2h,110.0,-130.0,,,,,,,
7cc792bfbe117ccb41ccf817383ac598,BetUS,2025-11-25 15:12:34.983956+00:00,2025-11-25 15:11:31+00:00,2025-11-26 02:00:00+00:00,Utah Tech Trailblazers,Portland St Vikings,spreads,full_game,,,1.5,-110.0,-1.5,-110.0,,,
7cc792bfbe117ccb41ccf817383ac598,BetUS,2025-11-25 15:12:34.983956+00:00,2025-11-25 15:11:31+00:00,2025-11-26 02:00:00+00:00,Utah Tech Trailblazers,Portland St Vikings,totals,full_game,,,,,,,147.5,-110.0,-110.0
7cc792bfbe117ccb41ccf817383ac598,BetMGM,2025-11-25 15:12:34.983956+00:00,2025-11-25 15:11:57+00:00,2025-11-26 02:00:00+00:00,Utah Tech Trailblazers,Portland St Vikings,h2h,2h,105.0,-125.0,,,,,,,
7cc792bfbe117ccb41ccf817383ac598,BetMGM,2025-11-25 15:12:34.983956+00:00,2025-11-25 15:11:57+00:00,2025-11-26 02:00:00+00:00,Utah Tech Trailblazers,Portland St Vikings,spreads,full_game,,,1.5,-110.0,-1.5,-110.0,,,
7cc792bfbe117ccb41ccf817383ac598,BetMGM,2025-11-25 15:12:34.983956+00:00,2025-11-25 15:11:57+00:00,2025-11-26 02:00:00+00:00,Utah Tech Trailblazers,Portland St Vikings,totals,full_game,,,,,,,146.5,-110.0,-110.0
7cc792bfbe117ccb41ccf817383ac598,BetRivers,2025-11-25 15:12:34.983956+00:00,2025-11-25 15:11:58+00:00,2025-11-26 02:00:00+00:00,Utah Tech Trailblazers,Portland St Vikings,h2h,2h,-106.0,-121.0,,,,,,,
7cc792bfbe117ccb41ccf817383ac598,BetRivers,2025-11-25 15:12:34.983956+00:00,2025-11-25 15:11:58+00:00,2025-11-26 02:00:00+00:00,Utah Tech Trailblazers,Portland St Vikings,spreads,full_game,,,1.5,-120.0,-1.5,-107.0,,,
7cc792bfbe117ccb41ccf817383ac598,BetRivers,2025-11-25 15:12:34.983956+00:00,2025-11-25 15:11:58+00:00,2025-11-26 02:00:00+00:00,Utah Tech Trailblazers,Portland St Vikings,totals,full_game,,,,,,,147.5,-113.0,-113.0
7cc792bfbe117ccb41ccf817383ac598,FanDuel,2025-11-25 15:12:34.983956+00:00,2025-11-25 15:12:25+00:00,2025-11-26 02:00:00+00:00,Utah Tech Trailblazers,Portland St Vikings,h2h,2h,104.0,-128.0,,,,,,,
7cc792bfbe117ccb41ccf817383ac598,FanDuel,2025-11-25 15:12:34.983956+00:00,2025-11-25 15:12:25+00:00,2025-11-26 02:00:00+00:00,Utah Tech Trailblazers,Portland St Vikings,spreads,full_game,,,1.5,-110.0,-1.5,-110.0,,,
7cc792bfbe117ccb41ccf817383ac598,FanDuel,2025-11-25 15:12:34.983956+00:00,2025-11-25 15:12:25+00:00,2025-11-26 02:00:00+00:00,Utah Tech Trailblazers,Portland St Vikings,totals,full_game,,,,,,,146.5,-112.0,-112.0
ede12d4b460250218ccc71620fce72f9,DraftKings,2025-11-25 15:12:34.983956+00:00,2025-11-25 15:12:22+00:00,2025-11-26 02:30:00+00:00,Maryland Terrapins,Gonzaga Bulldogs,h2h,2h,850.0,-1450.0,,,,,,,
ede12d4b460250218ccc71620fce72f9,DraftKings,2025-11-25 15:12:34.983956+00:00,2025-11-25 15:12:22+00:00,2025-11-26 02:30:00+00:00,Maryland Terrapins,Gonzaga Bulldogs,spreads,full_game,,,14.5,-110.0,-14.5,-110.0,,,
ede12d4b460250218ccc71620fce72f9,DraftKings,2025-11-25 15:12:34.983956+00:00,2025-11-25 15:12:22+00:00,2025-11-26 02:30:00+00:00,Maryland Terrapins,Gonzaga Bulldogs,totals,full_game,,,,,,,157.5,-105.0,-115.0
ede12d4b460250218ccc71620fce72f9,FanDuel,2025-11-25 15:12:34.983956+00:00,2025-11-25 15:12:25+00:00,2025-11-26 02:30:00+00:00,Maryland Terrapins,Gonzaga Bulldogs,h2h,2h,860.0,-1600.0,,,,,,,
ede12d4b460250218ccc71620fce72f9,FanDuel,2025-11-25 15:12:34.983956+00:00,2025-11-25 15:12:25+00:00,2025-11-26 02:30:00+00:00,Maryland Terrapins,Gonzaga Bulldogs,spreads,full_game,,,14.5,-110.0,-14.5,-110.0,,,
ede12d4b460250218ccc71620fce72f9,FanDuel,2025-11-25 15:12:34.983956+00:00,2025-11-25 15:12:25+00:00,2025-11-26 02:30:00+00:00,Maryland Terrapins,Gonzaga Bulldogs,totals,full_game,,,,,,,156.5,-110.0,-110.0
ede12d4b460250218ccc71620fce72f9,Caesars,2025-11-25 15:12:34.983956+00:00,2025-11-25 15:10:44+00:00,2025-11-26 02:30:00+00:00,Maryland Terrapins,Gonzaga Bulldogs,h2h,2h,800.0,-1400.0,,,,,,,
ede12d4b460250218ccc71620fce72f9,Caesars,2025-11-25 15:12:34.983956+00:00,2025-11-25 15:10:44+00:00,2025-11-26 02:30:00+00:00,Maryland Terrapins,Gonzaga Bulldogs,spreads,full_game,,,14.5,-110.0,-14.5,-110.0,,,
ede12d4b460250218ccc71620fce72f9,Caesars,2025-11-25 15:12:34.983956+00:00,2025-11-25 15:10:44+00:00,2025-11-26 02:30:00+00:00,Maryland Terrapins,Gonzaga Bulldogs,totals,full_game,,,,,,,157.5,-110.0,-110.0
ede12d4b460250218ccc71620fce72f9,BetRivers,2025-11-25 15:12:34.983956+00:00,2025-11-25 15:11:58+00:00,2025-11-26 02:30:00+00:00,Maryland Terrapins,Gonzaga Bulldogs,h2h,2h,600.0,-1115.0,,,,,,,
ede12d4b460250218ccc71620fce72f9,BetRivers,2025-11-25 15:12:34.983956+00:00,2025-11-25 15:11:58+00:00,2025-11-26 02:30:00+00:00,Maryland Terrapins,Gonzaga Bulldogs,spreads,full_game,,,13.5,-110.0,-13.5,-114.0,,,
ede12d4b460250218ccc71620fce72f9,BetRivers,2025-11-25 15:12:34.983956+00:00,2025-11-25 15:11:58+00:00,2025-11-26 02:30:00+00:00,Maryland Terrapins,Gonzaga Bulldogs,totals,full_game,,,,,,,156.5,-112.0,-114.0
ede12d4b460250218ccc71620fce72f9,BetMGM,2025-11-25 15:12:34.983956+00:00,2025-11-25 15:11:57+00:00,2025-11-26 02:30:00+00:00,Maryland Terrapins,Gonzaga Bulldogs,h2h,2h,775.0,-1400.0,,,,,,,
ede12d4b460250218ccc71620fce72f9,BetMGM,2025-11-25 15:12:34.983956+00:00,2025-11-25 15:11:57+00:00,2025-11-26 02:30:00+00:00,Maryland Terrapins,Gonzaga Bulldogs,spreads,full_game,,,14.5,-110.0,-14.5,-110.0,,,
ede12d4b460250218ccc71620fce72f9,BetMGM,2025-11-25 15:12:34.983956+00:00,2025-11-25 15:11:57+00:00,2025-11-26 02:30:00+00:00,Maryland Terrapins,Gonzaga Bulldogs,totals,full_game,,,,,,,157.5,-105.0,-115.0
ede12d4b460250218ccc71620fce72f9,Fanatics,2025-11-25 15:12:34.983956+00:00,2025-11-25 15:12:09+00:00,2025-11-26 02:30:00+00:00,Maryland Terrapins,Gonzaga Bulldogs,h2h,2h,800.0,-1300.0,,,,,,,
ede12d4b460250218ccc71620fce72f9,Fanatics,2025-11-25 15:12:34.983956+00:00,2025-11-25 15:12:09+00:00,2025-11-26 02:30:00+00:00,Maryland Terrapins,Gonzaga Bulldogs,spreads,full_game,,,14.5,-110.0,-14.5,-110.0,,,
ede12d4b460250218ccc71620fce72f9,Fanatics,2025-11-25 15:12:34.983956+00:00,2025-11-25 15:12:09+00:00,2025-11-26 02:30:00+00:00,Maryland Terrapins,Gonzaga Bulldogs,totals,full_game,,,,,,,157.5,-110.0,-110.0
ede12d4b460250218ccc71620fce72f9,LowVig.ag,2025-11-25 15:12:34.983956+00:00,2025-11-25 15:12:23+00:00,2025-11-26 02:30:00+00:00,Maryland Terrapins,Gonzaga Bulldogs,h2h,2h,836.0,-1400.0,,,,,,,
ede12d4b460250218ccc71620fce72f9,LowVig.ag,2025-11-25 15:12:34.983956+00:00,2025-11-25 15:12:23+00:00,2025-11-26 02:30:00+00:00,Maryland Terrapins,Gonzaga Bulldogs,spreads,full_game,,,14.5,-106.0,-14.5,-106.0,,,
ede12d4b460250218ccc71620fce72f9,LowVig.ag,2025-11-25 15:12:34.983956+00:00,2025-11-25 15:12:23+00:00,2025-11-26 02:30:00+00:00,Maryland Terrapins,Gonzaga Bulldogs,totals,full_game,,,,,,,156.0,-113.0,-103.0
ede12d4b460250218ccc71620fce72f9,BetOnline.ag,2025-11-25 15:12:34.983956+00:00,2025-11-25 15:12:11+00:00,2025-11-26 02:30:00+00:00,Maryland Terrapins,Gonzaga Bulldogs,h2h,2h,836.0,-1400.0,,,,,,,
ede12d4b460250218ccc71620fce72f9,BetOnline.ag,2025-11-25 15:12:34.983956+00:00,2025-11-25 15:12:11+00:00,2025-11-26 02:30:00+00:00,Maryland Terrapins,Gonzaga Bulldogs,spreads,full_game,,,14.5,-110.0,-14.5,-110.0,,,
ede12d4b460250218ccc71620fce72f9,BetOnline.ag,2025-11-25 15:12:34.983956+00:00,2025-11-25 15:12:11+00:00,2025-11-26 02:30:00+00:00,Maryland Terrapins,Gonzaga Bulldogs,totals,full_game,,,,,,,156.0,-115.0,-105.0
ede12d4b460250218ccc71620fce72f9,BetUS,2025-11-25 15:12:34.983956+00:00,2025-11-25 15:11:32+00:00,2025-11-26 02:30:00+00:00,Maryland Terrapins,Gonzaga Bulldogs,h2h,2h,825.0,-1400.0,,,,,,,
ede12d4b460250218ccc71620fce72f9,BetUS,2025-11-25 15:12:34.983956+00:00,2025-11-25 15:11:32+00:00,2025-11-26 02:30:00+00:00,Maryland Terrapins,Gonzaga Bulldogs,spreads,full_game,,,14.5,-110.0,-14.5,-110.0,,,
ede12d4b460250218ccc71620fce72f9,BetUS,2025-11-25 15:12:34.983956+00:00,2025-11-25 15:11:32+00:00,2025-11-26 02:30:00+00:00,Maryland Terrapins,Gonzaga Bulldogs,totals,full_game,,,,,,,157.5,-110.0,-110.0
ede12d4b460250218ccc71620fce72f9,Bovada,2025-11-25 15:12:34.983956+00:00,2025-11-25 15:12:00+00:00,2025-11-26 02:30:00+00:00,Maryland Terrapins,Gonzaga Bulldogs,h2h,2h,850.0,-1800.0,,,,,,,
ede12d4b460250218ccc71620fce72f9,Bovada,2025-11-25 15:12:34.983956+00:00,2025-11-25 15:12:00+00:00,2025-11-26 02:30:00+00:00,Maryland Terrapins,Gonzaga Bulldogs,spreads,full_game,,,14.5,-105.0,-14.5,-115.0,,,
ede12d4b460250218ccc71620fce72f9,Bovada,2025-11-25 15:12:34.983956+00:00,2025-11-25 15:12:00+00:00,2025-11-26 02:30:00+00:00,Maryland Terrapins,Gonzaga Bulldogs,totals,full_game,,,,,,,157.5,-110.0,-110.0
ceb6340f908c9d243d8d53b420d3db7c,DraftKings,2025-11-25 15:12:34.983956+00:00,2025-11-25 15:12:22+00:00,2025-11-26 02:30:00+00:00,Iowa Hawkeyes,Ole Miss Rebels,h2h,2h,-205.0,170.0,,,,,,,
ceb6340f908c9d243d8d53b420d3db7c,DraftKings,2025-11-25 15:12:34.983956+00:00,2025-11-25 15:12:22+00:00,2025-11-26 02:30:00+00:00,Iowa Hawkeyes,Ole Miss Rebels,spreads,full_game,,,-4.5,-112.0,4.5,-108.0,,,
ceb6340f908c9d243d8d53b420d3db7c,DraftKings,2025-11-25 15:12:34.983956+00:00,2025-11-25 15:12:22+00:00,2025-11-26 02:30:00+00:00,Iowa Hawkeyes,Ole Miss Rebels,totals,full_game,,,,,,,143.5,-105.0,-115.0
ceb6340f908c9d243d8d53b420d3db7c,BetOnline.ag,2025-11-25 15:12:34.983956+00:00,2025-11-25 15:12:11+00:00,2025-11-26 02:30:00+00:00,Iowa Hawkeyes,Ole Miss Rebels,h2h,2h,-205.0,177.0,,,,,,,
ceb6340f908c9d243d8d53b420d3db7c,BetOnline.ag,2025-11-25 15:12:34.983956+00:00,2025-11-25 15:12:11+00:00,2025-11-26 02:30:00+00:00,Iowa Hawkeyes,Ole Miss Rebels,spreads,full_game,,,-4.5,-110.0,4.5,-110.0,,,
ceb6340f908c9d243d8d53b420d3db7c,BetOnline.ag,2025-11-25 15:12:34.983956+00:00,2025-11-25 15:12:11+00:00,2025-11-26 02:30:00+00:00,Iowa Hawkeyes,Ole Miss Rebels,totals,full_game,,,,,,,143.5,-105.0,-115.0
ceb6340f908c9d243d8d53b420d3db7c,Caesars,2025-11-25 15:12:34.983956+00:00,2025-11-25 15:10:44+00:00,2025-11-26 02:30:00+00:00,Iowa Hawkeyes,Ole Miss Rebels,h2h,2h,-210.0,175.0,,,,,,,
ceb6340f908c9d243d8d53b420d3db7c,Caesars,2025-11-25 15:12:34.983956+00:00,2025-11-25 15:10:44+00:00,2025-11-26 02:30:00+00:00,Iowa Hawkeyes,Ole Miss Rebels,spreads,full_game,,,-4.5,-110.0,4.5,-110.0,,,
ceb6340f908c9d243d8d53b420d3db7c,Caesars,2025-11-25 15:12:34.983956+00:00,2025-11-25 15:10:44+00:00,2025-11-26 02:30:00+00:00,Iowa Hawkeyes,Ole Miss Rebels,totals,full_game,,,,,,,143.5,-110.0,-110.0
ceb6340f908c9d243d8d53b420d3db7c,LowVig.ag,2025-11-25 15:12:34.983956+00:00,2025-11-25 15:12:23+00:00,2025-11-26 02:30:00+00:00,Iowa Hawkeyes,Ole Miss Rebels,h2h,2h,-205.0,177.0,,,,,,,
ceb6340f908c9d243d8d53b420d3db7c,LowVig.ag,2025-11-25 15:12:34.983956+00:00,2025-11-25 15:12:23+00:00,2025-11-26 02:30:00+00:00,Iowa Hawkeyes,Ole Miss Rebels,spreads,full_game,,,-4.5,-106.0,4.5,-106.0,,,
ceb6340f908c9d243d8d53b420d3db7c,LowVig.ag,2025-11-25 15:12:34.983956+00:00,2025-11-25 15:12:23+00:00,2025-11-26 02:30:00+00:00,Iowa Hawkeyes,Ole Miss Rebels,totals,full_game,,,,,,,143.5,-103.0,-113.0
ceb6340f908c9d243d8d53b420d3db7c,FanDuel,2025-11-25 15:12:34.983956+00:00,2025-11-25 15:12:24+00:00,2025-11-26 02:30:00+00:00,Iowa Hawkeyes,Ole Miss Rebels,h2h,2h,-225.0,184.0,,,,,,,
ceb6340f908c9d243d8d53b420d3db7c,FanDuel,2025-11-25 15:12:34.983956+00:00,2025-11-25 15:12:24+00:00,2025-11-26 02:30:00+00:00,Iowa Hawkeyes,Ole Miss Rebels,spreads,full_game,,,-4.5,-110.0,4.5,-110.0,,,
ceb6340f908c9d243d8d53b420d3db7c,FanDuel,2025-11-25 15:12:34.983956+00:00,2025-11-25 15:12:24+00:00,2025-11-26 02:30:00+00:00,Iowa Hawkeyes,Ole Miss Rebels,totals,full_game,,,,,,,144.5,-105.0,-115.0
ceb6340f908c9d243d8d53b420d3db7c,Bovada,2025-11-25 15:12:34.983956+00:00,2025-11-25 15:12:00+00:00,2025-11-26 02:30:00+00:00,Iowa Hawkeyes,Ole Miss Rebels,h2h,2h,-200.0,170.0,,,,,,,
ceb6340f908c9d243d8d53b420d3db7c,Bovada,2025-11-25 15:12:34.983956+00:00,2025-11-25 15:12:00+00:00,2025-11-26 02:30:00+00:00,Iowa Hawkeyes,Ole Miss Rebels,spreads,full_game,,,-4.5,-105.0,4.5,-115.0,,,
ceb6340f908c9d243d8d53b420d3db7c,Bovada,2025-11-25 15:12:34.983956+00:00,2025-11-25 15:12:00+00:00,2025-11-26 02:30:00+00:00,Iowa Hawkeyes,Ole Miss Rebels,totals,full_game,,,,,,,145.5,-110.0,-110.0
ceb6340f908c9d243d8d53b420d3db7c,BetUS,2025-11-25 15:12:34.983956+00:00,2025-11-25 15:11:32+00:00,2025-11-26 02:30:00+00:00,Iowa Hawkeyes,Ole Miss Rebels,h2h,2h,-205.0,175.0,,,,,,,
ceb6340f908c9d243d8d53b420d3db7c,BetUS,2025-11-25 15:12:34.983956+00:00,2025-11-25 15:11:32+00:00,2025-11-26 02:30:00+00:00,Iowa Hawkeyes,Ole Miss Rebels,spreads,full_game,,,-4.5,-110.0,4.5,-110.0,,,
ceb6340f908c9d243d8d53b420d3db7c,BetUS,2025-11-25 15:12:34.983956+00:00,2025-11-25 15:11:32+00:00,2025-11-26 02:30:00+00:00,Iowa Hawkeyes,Ole Miss Rebels,totals,full_game,,,,,,,143.0,-110.0,-110.0
ceb6340f908c9d243d8d53b420d3db7c,BetMGM,2025-11-25 15:12:34.983956+00:00,2025-11-25 15:11:57+00:00,2025-11-26 02:30:00+00:00,Iowa Hawkeyes,Ole Miss Rebels,h2h,2h,-210.0,170.0,,,,,,,
ceb6340f908c9d243d8d53b420d3db7c,BetMGM,2025-11-25 15:12:34.983956+00:00,2025-11-25 15:11:57+00:00,2025-11-26 02:30:00+00:00,Iowa Hawkeyes,Ole Miss Rebels,spreads,full_game,,,-4.5,-110.0,4.5,-110.0,,,
ceb6340f908c9d243d8d53b420d3db7c,BetMGM,2025-11-25 15:12:34.983956+00:00,2025-11-25 15:11:57+00:00,2025-11-26 02:30:00+00:00,Iowa Hawkeyes,Ole Miss Rebels,totals,full_game,,,,,,,143.5,-105.0,-115.0
ceb6340f908c9d243d8d53b420d3db7c,BetRivers,2025-11-25 15:12:34.983956+00:00,2025-11-25 15:11:58+00:00,2025-11-26 02:30:00+00:00,Iowa Hawkeyes,Ole Miss Rebels,h2h,2h,-225.0,170.0,,,,,,,
ceb6340f908c9d243d8d53b420d3db7c,BetRivers,2025-11-25 15:12:34.983956+00:00,2025-11-25 15:11:58+00:00,2025-11-26 02:30:00+00:00,Iowa Hawkeyes,Ole Miss Rebels,spreads,full_game,,,-4.5,-114.0,4.5,-112.0,,,
ceb6340f908c9d243d8d53b420d3db7c,BetRivers,2025-11-25 15:12:34.983956+00:00,2025-11-25 15:11:58+00:00,2025-11-26 02:30:00+00:00,Iowa Hawkeyes,Ole Miss Rebels,totals,full_game,,,,,,,143.5,-114.0,-112.0
ceb6340f908c9d243d8d53b420d3db7c,Fanatics,2025-11-25 15:12:34.983956+00:00,2025-11-25 15:12:09+00:00,2025-11-26 02:30:00+00:00,Iowa Hawkeyes,Ole Miss Rebels,h2h,2h,-200.0,165.0,,,,,,,
ceb6340f908c9d243d8d53b420d3db7c,Fanatics,2025-11-25 15:12:34.983956+00:00,2025-11-25 15:12:09+00:00,2025-11-26 02:30:00+00:00,Iowa Hawkeyes,Ole Miss Rebels,spreads,full_game,,,-4.5,-110.0,4.5,-110.0,,,
ceb6340f908c9d243d8d53b420d3db7c,Fanatics,2025-11-25 15:12:34.983956+00:00,2025-11-25 15:12:09+00:00,2025-11-26 02:30:00+00:00,Iowa Hawkeyes,Ole Miss Rebels,totals,full_game,,,,,,,144.0,-110.0,-110.0
aa05fdf57d3e6d46e4993410c806cc52,FanDuel,2025-11-25 15:12:34.983956+00:00,2025-11-25 15:12:25+00:00,2025-11-26 03:00:00+00:00,California Golden Bears,UCLA Bruins,h2h,2h,350.0,-465.0,,,,,,,
aa05fdf57d3e6d46e4993410c806cc52,FanDuel,2025-11-25 15:12:34.983956+00:00,2025-11-25 15:12:25+00:00,2025-11-26 03:00:00+00:00,California Golden Bears,UCLA Bruins,spreads,full_game,,,8.5,-105.0,-8.5,-115.0,,,
aa05fdf57d3e6d46e4993410c806cc52,FanDuel,2025-11-25 15:12:34.983956+00:00,2025-11-25 15:12:25+00:00,2025-11-26 03:00:00+00:00,California Golden Bears,UCLA Bruins,totals,full_game,,,,,,,144.5,-105.0,-115.0
aa05fdf57d3e6d46e4993410c806cc52,LowVig.ag,2025-11-25 15:12:34.983956+00:00,2025-11-25 15:12:23+00:00,2025-11-26 03:00:00+00:00,California Golden Bears,UCLA Bruins,h2h,2h,316.0,-400.0,,,,,,,
aa05fdf57d3e6d46e4993410c806cc52,LowVig.ag,2025-11-25 15:12:34.983956+00:00,2025-11-25 15:12:23+00:00,2025-11-26 03:00:00+00:00,California Golden Bears,UCLA Bruins,spreads,full_game,,,8.5,-101.0,-8.5,-111.0,,,
aa05fdf57d3e6d46e4993410c806cc52,LowVig.ag,2025-11-25 15:12:34.983956+00:00,2025-11-25 15:12:23+00:00,2025-11-26 03:00:00+00:00,California Golden Bears,UCLA Bruins,totals,full_game,,,,,,,145.5,-113.0,-103.0
aa05fdf57d3e6d46e4993410c806cc52,BetOnline.ag,2025-11-25 15:12:34.983956+00:00,2025-11-25 15:12:11+00:00,2025-11-26 03:00:00+00:00,California Golden Bears,UCLA Bruins,h2h,2h,316.0,-400.0,,,,,,,
aa05fdf57d3e6d46e4993410c806cc52,BetOnline.ag,2025-11-25 15:12:34.983956+00:00,2025-11-25 15:12:11+00:00,2025-11-26 03:00:00+00:00,California Golden Bears,UCLA Bruins,spreads,full_game,,,8.5,-105.0,-8.5,-115.0,,,
aa05fdf57d3e6d46e4993410c806cc52,BetOnline.ag,2025-11-25 15:12:34.983956+00:00,2025-11-25 15:12:11+00:00,2025-11-26 03:00:00+00:00,California Golden Bears,UCLA Bruins,totals,full_game,,,,,,,143.0,-110.0,-110.0
aa05fdf57d3e6d46e4993410c806cc52,Caesars,2025-11-25 15:12:34.983956+00:00,2025-11-25 15:10:44+00:00,2025-11-26 03:00:00+00:00,California Golden Bears,UCLA Bruins,h2h,2h,320.0,-420.0,,,,,,,
aa05fdf57d3e6d46e4993410c806cc52,Caesars,2025-11-25 15:12:34.983956+00:00,2025-11-25 15:10:44+00:00,2025-11-26 03:00:00+00:00,California Golden Bears,UCLA Bruins,spreads,full_game,,,8.5,-110.0,-8.5,-110.0,,,
aa05fdf57d3e6d46e4993410c806cc52,Caesars,2025-11-25 15:12:34.983956+00:00,2025-11-25 15:10:44+00:00,2025-11-26 03:00:00+00:00,California Golden Bears,UCLA Bruins,totals,full_game,,,,,,,142.5,-110.0,-110.0
aa05fdf57d3e6d46e4993410c806cc52,Bovada,2025-11-25 15:12:34.983956+00:00,2025-11-25 15:12:00+00:00,2025-11-26 03:00:00+00:00,California Golden Bears,UCLA Bruins,h2h,2h,300.0,-400.0,,,,,,,
aa05fdf57d3e6d46e4993410c806cc52,Bovada,2025-11-25 15:12:34.983956+00:00,2025-11-25 15:12:00+00:00,2025-11-26 03:00:00+00:00,California Golden Bears,UCLA Bruins,spreads,full_game,,,8.5,-115.0,-8.5,-105.0,,,
aa05fdf57d3e6d46e4993410c806cc52,Bovada,2025-11-25 15:12:34.983956+00:00,2025-11-25 15:12:00+00:00,2025-11-26 03:00:00+00:00,California Golden Bears,UCLA Bruins,totals,full_game,,,,,,,142.5,-110.0,-110.0
aa05fdf57d3e6d46e4993410c806cc52,DraftKings,2025-11-25 15:12:34.983956+00:00,2025-11-25 15:12:22+00:00,2025-11-26 03:00:00+00:00,California Golden Bears,UCLA Bruins,h2h,2h,320.0,-410.0,,,,,,,
aa05fdf57d3e6d46e4993410c806cc52,DraftKings,2025-11-25 15:12:34.983956+00:00,2025-11-25 15:12:22+00:00,2025-11-26 03:00:00+00:00,California Golden Bears,UCLA Bruins,spreads,full_game,,,8.5,-105.0,-8.5,-115.0,,,
aa05fdf57d3e6d46e4993410c806cc52,DraftKings,2025-11-25 15:12:34.983956+00:00,2025-11-25 15:12:22+00:00,2025-11-26 03:00:00+00:00,California Golden Bears,UCLA Bruins,totals,full_game,,,,,,,145.5,-105.0,-115.0
aa05fdf57d3e6d46e4993410c806cc52,BetUS,2025-11-25 15:12:34.983956+00:00,2025-11-25 15:11:31+00:00,2025-11-26 03:00:00+00:00,California Golden Bears,UCLA Bruins,h2h,2h,320.0,-400.0,,,,,,,
aa05fdf57d3e6d46e4993410c806cc52,BetUS,2025-11-25 15:12:34.983956+00:00,2025-11-25 15:11:31+00:00,2025-11-26 03:00:00+00:00,California Golden Bears,UCLA Bruins,spreads,full_game,,,8.5,-110.0,-8.5,-110.0,,,
aa05fdf57d3e6d46e4993410c806cc52,BetUS,2025-11-25 15:12:34.983956+00:00,2025-11-25 15:11:31+00:00,2025-11-26 03:00:00+00:00,California Golden Bears,UCLA Bruins,totals,full_game,,,,,,,143.5,-120.0,100.0
aa05fdf57d3e6d46e4993410c806cc52,BetMGM,2025-11-25 15:12:34.983956+00:00,2025-11-25 15:11:57+00:00,2025-11-26 03:00:00+00:00,California Golden Bears,UCLA Bruins,h2h,2h,310.0,-400.0,,,,,,,
aa05fdf57d3e6d46e4993410c806cc52,BetMGM,2025-11-25 15:12:34.983956+00:00,2025-11-25 15:11:57+00:00,2025-11-26 03:00:00+00:00,California Golden Bears,UCLA Bruins,spreads,full_game,,,8.5,-105.0,-8.5,-115.0,,,
aa05fdf57d3e6d46e4993410c806cc52,BetMGM,2025-11-25 15:12:34.983956+00:00,2025-11-25 15:11:57+00:00,2025-11-26 03:00:00+00:00,California Golden Bears,UCLA Bruins,totals,full_game,,,,,,,144.5,-110.0,-110.0
aa05fdf57d3e6d46e4993410c806cc52,BetRivers,2025-11-25 15:12:34.983956+00:00,2025-11-25 15:11:58+00:00,2025-11-26 03:00:00+00:00,California Golden Bears,UCLA Bruins,h2h,2h,275.0,-385.0,,,,,,,
aa05fdf57d3e6d46e4993410c806cc52,BetRivers,2025-11-25 15:12:34.983956+00:00,2025-11-25 15:11:58+00:00,2025-11-26 03:00:00+00:00,California Golden Bears,UCLA Bruins,spreads,full_game,,,8.5,-117.0,-8.5,-109.0,,,
aa05fdf57d3e6d46e4993410c806cc52,BetRivers,2025-11-25 15:12:34.983956+00:00,2025-11-25 15:11:58+00:00,2025-11-26 03:00:00+00:00,California Golden Bears,UCLA Bruins,totals,full_game,,,,,,,141.5,-117.0,-108.0
aa05fdf57d3e6d46e4993410c806cc52,Fanatics,2025-11-25 15:12:34.983956+00:00,2025-11-25 15:12:09+00:00,2025-11-26 03:00:00+00:00,California Golden Bears,UCLA Bruins,h2h,2h,310.0,-400.0,,,,,,,
aa05fdf57d3e6d46e4993410c806cc52,Fanatics,2025-11-25 15:12:34.983956+00:00,2025-11-25 15:12:09+00:00,2025-11-26 03:00:00+00:00,California Golden Bears,UCLA Bruins,spreads,full_game,,,8.5,-110.0,-8.5,-110.0,,,
aa05fdf57d3e6d46e4993410c806cc52,Fanatics,2025-11-25 15:12:34.983956+00:00,2025-11-25 15:12:09+00:00,2025-11-26 03:00:00+00:00,California Golden Bears,UCLA Bruins,totals,full_game,,,,,,,143.0,-110.0,-110.0
0855e898cfd54b90d16fd07fc6e393dc,DraftKings,2025-11-25 15:12:34.983956+00:00,2025-11-25 15:12:22+00:00,2025-11-26 04:00:00+00:00,San Diego St Aztecs,Oregon Ducks,h2h,2h,120.0,-142.0,,,,,,,
0855e898cfd54b90d16fd07fc6e393dc,DraftKings,2025-11-25 15:12:34.983956+00:00,2025-11-25 15:12:22+00:00,2025-11-26 04:00:00+00:00,San Diego St Aztecs,Oregon Ducks,spreads,full_game,,,2.5,-115.0,-2.5,-105.0,,,
0855e898cfd54b90d16fd07fc6e393dc,DraftKings,2025-11-25 15:12:34.983956+00:00,2025-11-25 15:12:22+00:00,2025-11-26 04:00:00+00:00,San Diego St Aztecs,Oregon Ducks,totals,full_game,,,,,,,143.5,-110.0,-110.0
0855e898cfd54b90d16fd07fc6e393dc,FanDuel,2025-11-25 15:12:34.983956+00:00,2025-11-25 15:12:25+00:00,2025-11-26 04:00:00+00:00,San Diego St Aztecs,Oregon Ducks,h2h,2h,122.0,-146.0,,,,,,,
0855e898cfd54b90d16fd07fc6e393dc,FanDuel,2025-11-25 15:12:34.983956+00:00,2025-11-25 15:12:25+00:00,2025-11-26 04:00:00+00:00,San Diego St Aztecs,Oregon Ducks,spreads,full_game,,,2.5,-115.0,-2.5,-105.0,,,
0855e898cfd54b90d16fd07fc6e393dc,FanDuel,2025-11-25 15:12:34.983956+00:00,2025-11-25 15:12:25+00:00,2025-11-26 04:00:00+00:00,San Diego St Aztecs,Oregon Ducks,totals,full_game,,,,,,,143.5,-110.0,-110.0
0855e898cfd54b90d16fd07fc6e393dc,Caesars,2025-11-25 15:12:34.983956+00:00,2025-11-25 15:10:44+00:00,2025-11-26 04:00:00+00:00,San Diego St Aztecs,Oregon Ducks,h2h,2h,118.0,-140.0,,,,,,,
0855e898cfd54b90d16fd07fc6e393dc,Caesars,2025-11-25 15:12:34.983956+00:00,2025-11-25 15:10:44+00:00,2025-11-26 04:00:00+00:00,San Diego St Aztecs,Oregon Ducks,spreads,full_game,,,2.5,-110.0,-2.5,-110.0,,,
0855e898cfd54b90d16fd07fc6e393dc,Caesars,2025-11-25 15:12:34.983956+00:00,2025-11-25 15:10:44+00:00,2025-11-26 04:00:00+00:00,San Diego St Aztecs,Oregon Ducks,totals,full_game,,,,,,,143.5,-110.0,-110.0
0855e898cfd54b90d16fd07fc6e393dc,BetRivers,2025-11-25 15:12:34.983956+00:00,2025-11-25 15:11:58+00:00,2025-11-26 04:00:00+00:00,San Diego St Aztecs,Oregon Ducks,h2h,2h,123.0,-155.0,,,,,,,
0855e898cfd54b90d16fd07fc6e393dc,BetRivers,2025-11-25 15:12:34.983956+00:00,2025-11-25 15:11:58+00:00,2025-11-26 04:00:00+00:00,San Diego St Aztecs,Oregon Ducks,spreads,full_game,,,3.5,-121.0,-3.5,-105.0,,,
0855e898cfd54b90d16fd07fc6e393dc,BetRivers,2025-11-25 15:12:34.983956+00:00,2025-11-25 15:11:58+00:00,2025-11-26 04:00:00+00:00,San Diego St Aztecs,Oregon Ducks,totals,full_game,,,,,,,143.5,-114.0,-112.0
0855e898cfd54b90d16fd07fc6e393dc,BetMGM,2025-11-25 15:12:34.983956+00:00,2025-11-25 15:11:57+00:00,2025-11-26 04:00:00+00:00,San Diego St Aztecs,Oregon Ducks,h2h,2h,118.0,-145.0,,,,,,,
0855e898cfd54b90d16fd07fc6e393dc,BetMGM,2025-11-25 15:12:34.983956+00:00,2025-11-25 15:11:57+00:00,2025-11-26 04:00:00+00:00,San Diego St Aztecs,Oregon Ducks,spreads,full_game,,,2.5,-115.0,-2.5,-105.0,,,
0855e898cfd54b90d16fd07fc6e393dc,BetMGM,2025-11-25 15:12:34.983956+00:00,2025-11-25 15:11:57+00:00,2025-11-26 04:00:00+00:00,San Diego St Aztecs,Oregon Ducks,totals,full_game,,,,,,,142.5,-110.0,-110.0
0855e898cfd54b90d16fd07fc6e393dc,Fanatics,2025-11-25 15:12:34.983956+00:00,2025-11-25 15:12:09+00:00,2025-11-26 04:00:00+00:00,San Diego St Aztecs,Oregon Ducks,h2h,2h,120.0,-145.0,,,,,,,
0855e898cfd54b90d16fd07fc6e393dc,Fanatics,2025-11-25 15:12:34.983956+00:00,2025-11-25 15:12:09+00:00,2025-11-26 04:00:00+00:00,San Diego St Aztecs,Oregon Ducks,spreads,full_game,,,2.5,-110.0,-2.5,-110.0,,,
0855e898cfd54b90d16fd07fc6e393dc,Fanatics,2025-11-25 15:12:34.983956+00:00,2025-11-25 15:12:09+00:00,2025-11-26 04:00:00+00:00,San Diego St Aztecs,Oregon Ducks,totals,full_game,,,,,,,143.5,-110.0,-110.0
0855e898cfd54b90d16fd07fc6e393dc,LowVig.ag,2025-11-25 15:12:34.983956+00:00,2025-11-25 15:12:23+00:00,2025-11-26 04:00:00+00:00,San Diego St Aztecs,Oregon Ducks,h2h,2h,120.0,-140.0,,,,,,,
0855e898cfd54b90d16fd07fc6e393dc,LowVig.ag,2025-11-25 15:12:34.983956+00:00,2025-11-25 15:12:23+00:00,2025-11-26 04:00:00+00:00,San Diego St Aztecs,Oregon Ducks,spreads,full_game,,,2.5,-111.0,-2.5,-101.0,,,
0855e898cfd54b90d16fd07fc6e393dc,LowVig.ag,2025-11-25 15:12:34.983956+00:00,2025-11-25 15:12:23+00:00,2025-11-26 04:00:00+00:00,San Diego St Aztecs,Oregon Ducks,totals,full_game,,,,,,,143.5,-108.0,-108.0
0855e898cfd54b90d16fd07fc6e393dc,BetOnline.ag,2025-11-25 15:12:34.983956+00:00,2025-11-25 15:12:11+00:00,2025-11-26 04:00:00+00:00,San Diego St Aztecs,Oregon Ducks,h2h,2h,120.0,-140.0,,,,,,,
0855e898cfd54b90d16fd07fc6e393dc,BetOnline.ag,2025-11-25 15:12:34.983956+00:00,2025-11-25 15:12:11+00:00,2025-11-26 04:00:00+00:00,San Diego St Aztecs,Oregon Ducks,spreads,full_game,,,2.5,-115.0,-2.5,-105.0,,,
0855e898cfd54b90d16fd07fc6e393dc,BetOnline.ag,2025-11-25 15:12:34.983956+00:00,2025-11-25 15:12:11+00:00,2025-11-26 04:00:00+00:00,San Diego St Aztecs,Oregon Ducks,totals,full_game,,,,,,,143.5,-110.0,-110.0
0855e898cfd54b90d16fd07fc6e393dc,BetUS,2025-11-25 15:12:34.983956+00:00,2025-11-25 15:11:32+00:00,2025-11-26 04:00:00+00:00,San Diego St Aztecs,Oregon Ducks,h2h,2h,120.0,-140.0,,,,,,,
0855e898cfd54b90d16fd07fc6e393dc,BetUS,2025-11-25 15:12:34.983956+00:00,2025-11-25 15:11:32+00:00,2025-11-26 04:00:00+00:00,San Diego St Aztecs,Oregon Ducks,spreads,full_game,,,2.5,-115.0,-2.5,-105.0,,,
0855e898cfd54b90d16fd07fc6e393dc,BetUS,2025-11-25 15:12:34.983956+00:00,2025-11-25 15:11:32+00:00,2025-11-26 04:00:00+00:00,San Diego St Aztecs,Oregon Ducks,totals,full_game,,,,,,,143.5,-110.0,-110.0
0855e898cfd54b90d16fd07fc6e393dc,Bovada,2025-11-25 15:12:34.983956+00:00,2025-11-25 15:12:00+00:00,2025-11-26 04:00:00+00:00,San Diego St Aztecs,Oregon Ducks,spreads,full_game,,,3.0,-105.0,-3.0,-115.0,,,
0855e898cfd54b90d16fd07fc6e393dc,Bovada,2025-11-25 15:12:34.983956+00:00,2025-11-25 15:12:00+00:00,2025-11-26 04:00:00+00:00,San Diego St Aztecs,Oregon Ducks,totals,full_game,,,,,,,143.5,-110.0,-110.0
eb2479bcd330d993a8b147d2371fb0d8,DraftKings,2025-11-25 15:12:34.983956+00:00,2025-11-25 15:12:22+00:00,2025-11-26 05:00:00+00:00,Alabama Crimson Tide,UNLV Rebels,h2h,2h,-1200.0,750.0,,,,,,,
eb2479bcd330d993a8b147d2371fb0d8,DraftKings,2025-11-25 15:12:34.983956+00:00,2025-11-25 15:12:22+00:00,2025-11-26 05:00:00+00:00,Alabama Crimson Tide,UNLV Rebels,spreads,full_game,,,-13.5,-110.0,13.5,-110.0,,,
eb2479bcd330d993a8b147d2371fb0d8,DraftKings,2025-11-25 15:12:34.983956+00:00,2025-11-25 15:12:22+00:00,2025-11-26 05:00:00+00:00,Alabama Crimson Tide,UNLV Rebels,totals,full_game,,,,,,,184.5,-105.0,-115.0
eb2479bcd330d993a8b147d2371fb0d8,Caesars,2025-11-25 15:12:34.983956+00:00,2025-11-25 15:10:44+00:00,2025-11-26 05:00:00+00:00,Alabama Crimson Tide,UNLV Rebels,h2h,2h,-1400.0,800.0,,,,,,,
eb2479bcd330d993a8b147d2371fb0d8,Caesars,2025-11-25 15:12:34.983956+00:00,2025-11-25 15:10:44+00:00,2025-11-26 05:00:00+00:00,Alabama Crimson Tide,UNLV Rebels,spreads,full_game,,,-13.5,-110.0,13.5,-110.0,,,
eb2479bcd330d993a8b147d2371fb0d8,Caesars,2025-11-25 15:12:34.983956+00:00,2025-11-25 15:10:44+00:00,2025-11-26 05:00:00+00:00,Alabama Crimson Tide,UNLV Rebels,totals,full_game,,,,,,,184.0,-110.0,-110.0
eb2479bcd330d993a8b147d2371fb0d8,FanDuel,2025-11-25 15:12:34.983956+00:00,2025-11-25 15:12:25+00:00,2025-11-26 05:00:00+00:00,Alabama Crimson Tide,UNLV Rebels,h2h,2h,-1400.0,800.0,,,,,,,
eb2479bcd330d993a8b147d2371fb0d8,FanDuel,2025-11-25 15:12:34.983956+00:00,2025-11-25 15:12:25+00:00,2025-11-26 05:00:00+00:00,Alabama Crimson Tide,UNLV Rebels,spreads,full_game,,,-13.5,-110.0,13.5,-110.0,,,
eb2479bcd330d993a8b147d2371fb0d8,FanDuel,2025-11-25 15:12:34.983956+00:00,2025-11-25 15:12:25+00:00,2025-11-26 05:00:00+00:00,Alabama Crimson Tide,UNLV Rebels,totals,full_game,,,,,,,184.5,-106.0,-114.0
eb2479bcd330d993a8b147d2371fb0d8,BetRivers,2025-11-25 15:12:34.983956+00:00,2025-11-25 15:11:58+00:00,2025-11-26 05:00:00+00:00,Alabama Crimson Tide,UNLV Rebels,h2h,2h,-1430.0,600.0,,,,,,,
eb2479bcd330d993a8b147d2371fb0d8,BetRivers,2025-11-25 15:12:34.983956+00:00,2025-11-25 15:11:58+00:00,2025-11-26 05:00:00+00:00,Alabama Crimson Tide,UNLV Rebels,spreads,full_game,,,-14.5,-109.0,14.5,-117.0,,,
eb2479bcd330d993a8b147d2371fb0d8,BetRivers,2025-11-25 15:12:34.983956+00:00,2025-11-25 15:11:58+00:00,2025-11-26 05:00:00+00:00,Alabama Crimson Tide,UNLV Rebels,totals,full_game,,,,,,,183.5,-115.0,-110.0
eb2479bcd330d993a8b147d2371fb0d8,BetMGM,2025-11-25 15:12:34.983956+00:00,2025-11-25 15:11:57+00:00,2025-11-26 05:00:00+00:00,Alabama Crimson Tide,UNLV Rebels,h2h,2h,-1000.0,625.0,,,,,,,
eb2479bcd330d993a8b147d2371fb0d8,BetMGM,2025-11-25 15:12:34.983956+00:00,2025-11-25 15:11:57+00:00,2025-11-26 05:00:00+00:00,Alabama Crimson Tide,UNLV Rebels,spreads,full_game,,,-13.5,-110.0,13.5,-110.0,,,
eb2479bcd330d993a8b147d2371fb0d8,BetMGM,2025-11-25 15:12:34.983956+00:00,2025-11-25 15:11:57+00:00,2025-11-26 05:00:00+00:00,Alabama Crimson Tide,UNLV Rebels,totals,full_game,,,,,,,184.5,-105.0,-115.0
eb2479bcd330d993a8b147d2371fb0d8,Fanatics,2025-11-25 15:12:34.983956+00:00,2025-11-25 15:12:09+00:00,2025-11-26 05:00:00+00:00,Alabama Crimson Tide,UNLV Rebels,h2h,2h,-1300.0,800.0,,,,,,,
eb2479bcd330d993a8b147d2371fb0d8,Fanatics,2025-11-25 15:12:34.983956+00:00,2025-11-25 15:12:09+00:00,2025-11-26 05:00:00+00:00,Alabama Crimson Tide,UNLV Rebels,spreads,full_game,,,-13.5,-110.0,13.5,-110.0,,,
eb2479bcd330d993a8b147d2371fb0d8,Fanatics,2025-11-25 15:12:34.983956+00:00,2025-11-25 15:12:09+00:00,2025-11-26 05:00:00+00:00,Alabama Crimson Tide,UNLV Rebels,totals,full_game,,,,,,,183.5,-110.0,-110.0
eb2479bcd330d993a8b147d2371fb0d8,LowVig.ag,2025-11-25 15:12:34.983956+00:00,2025-11-25 15:12:23+00:00,2025-11-26 05:00:00+00:00,Alabama Crimson Tide,UNLV Rebels,h2h,2h,-1100.0,709.0,,,,,,,
eb2479bcd330d993a8b147d2371fb0d8,LowVig.ag,2025-11-25 15:12:34.983956+00:00,2025-11-25 15:12:23+00:00,2025-11-26 05:00:00+00:00,Alabama Crimson Tide,UNLV Rebels,spreads,full_game,,,-13.5,-106.0,13.5,-106.0,,,
eb2479bcd330d993a8b147d2371fb0d8,LowVig.ag,2025-11-25 15:12:34.983956+00:00,2025-11-25 15:12:23+00:00,2025-11-26 05:00:00+00:00,Alabama Crimson Tide,UNLV Rebels,totals,full_game,,,,,,,184.0,-108.0,-108.0
eb2479bcd330d993a8b147d2371fb0d8,BetOnline.ag,2025-11-25 15:12:34.983956+00:00,2025-11-25 15:12:11+00:00,2025-11-26 05:00:00+00:00,Alabama Crimson Tide,UNLV Rebels,h2h,2h,-1100.0,709.0,,,,,,,
eb2479bcd330d993a8b147d2371fb0d8,BetOnline.ag,2025-11-25 15:12:34.983956+00:00,2025-11-25 15:12:11+00:00,2025-11-26 05:00:00+00:00,Alabama Crimson Tide,UNLV Rebels,spreads,full_game,,,-13.5,-110.0,13.5,-110.0,,,
eb2479bcd330d993a8b147d2371fb0d8,BetOnline.ag,2025-11-25 15:12:34.983956+00:00,2025-11-25 15:12:11+00:00,2025-11-26 05:00:00+00:00,Alabama Crimson Tide,UNLV Rebels,totals,full_game,,,,,,,184.0,-110.0,-110.0
eb2479bcd330d993a8b147d2371fb0d8,BetUS,2025-11-25 15:12:34.983956+00:00,2025-11-25 15:11:32+00:00,2025-11-26 05:00:00+00:00,Alabama Crimson Tide,UNLV Rebels,h2h,2h,-1100.0,700.0,,,,,,,
eb2479bcd330d993a8b147d2371fb0d8,BetUS,2025-11-25 15:12:34.983956+00:00,2025-11-25 15:11:32+00:00,2025-11-26 05:00:00+00:00,Alabama Crimson Tide,UNLV Rebels,spreads,full_game,,,-13.5,-110.0,13.5,-110.0,,,
eb2479bcd330d993a8b147d2371fb0d8,BetUS,2025-11-25 15:12:34.983956+00:00,2025-11-25 15:11:32+00:00,2025-11-26 05:00:00+00:00,Alabama Crimson Tide,UNLV Rebels,totals,full_game,,,,,,,184.0,-110.0,-110.0
eb2479bcd330d993a8b147d2371fb0d8,Bovada,2025-11-25 15:12:34.983956+00:00,2025-11-25 15:12:00+00:00,2025-11-26 05:00:00+00:00,Alabama Crimson Tide,UNLV Rebels,h2h,2h,-1400.0,750.0,,,,,,,
eb2479bcd330d993a8b147d2371fb0d8,Bovada,2025-11-25 15:12:34.983956+00:00,2025-11-25 15:12:00+00:00,2025-11-26 05:00:00+00:00,Alabama Crimson Tide,UNLV Rebels,spreads,full_game,,,-13.5,-110.0,13.5,-110.0,,,
eb2479bcd330d993a8b147d2371fb0d8,Bovada,2025-11-25 15:12:34.983956+00:00,2025-11-25 15:12:00+00:00,2025-11-26 05:00:00+00:00,Alabama Crimson Tide,UNLV Rebels,totals,full_game,,,,,,,180.5,-110.0,-110.0
60da2252c9a48851e990f799fb3888ab,DraftKings,2025-11-25 15:12:34.983956+00:00,2025-11-25 15:12:22+00:00,2025-11-26 05:00:00+00:00,Grand Canyon Antelopes,Utah Utes,h2h,2h,-192.0,160.0,,,,,,,
60da2252c9a48851e990f799fb3888ab,DraftKings,2025-11-25 15:12:34.983956+00:00,2025-11-25 15:12:22+00:00,2025-11-26 05:00:00+00:00,Grand Canyon Antelopes,Utah Utes,spreads,full_game,,,-4.5,-108.0,4.5,-112.0,,,
60da2252c9a48851e990f799fb3888ab,DraftKings,2025-11-25 15:12:34.983956+00:00,2025-11-25 15:12:22+00:00,2025-11-26 05:00:00+00:00,Grand Canyon Antelopes,Utah Utes,totals,full_game,,,,,,,154.5,-112.0,-108.0
60da2252c9a48851e990f799fb3888ab,BetOnline.ag,2025-11-25 15:12:34.983956+00:00,2025-11-25 15:12:11+00:00,2025-11-26 05:00:00+00:00,Grand Canyon Antelopes,Utah Utes,h2h,2h,-190.0,165.0,,,,,,,
60da2252c9a48851e990f799fb3888ab,BetOnline.ag,2025-11-25 15:12:34.983956+00:00,2025-11-25 15:12:11+00:00,2025-11-26 05:00:00+00:00,Grand Canyon Antelopes,Utah Utes,spreads,full_game,,,-4.0,-112.0,4.0,-108.0,,,
60da2252c9a48851e990f799fb3888ab,BetOnline.ag,2025-11-25 15:12:34.983956+00:00,2025-11-25 15:12:11+00:00,2025-11-26 05:00:00+00:00,Grand Canyon Antelopes,Utah Utes,totals,full_game,,,,,,,156.0,100.0,-120.0
60da2252c9a48851e990f799fb3888ab,LowVig.ag,2025-11-25 15:12:34.983956+00:00,2025-11-25 15:12:23+00:00,2025-11-26 05:00:00+00:00,Grand Canyon Antelopes,Utah Utes,h2h,2h,-190.0,165.0,,,,,,,
60da2252c9a48851e990f799fb3888ab,LowVig.ag,2025-11-25 15:12:34.983956+00:00,2025-11-25 15:12:23+00:00,2025-11-26 05:00:00+00:00,Grand Canyon Antelopes,Utah Utes,spreads,full_game,,,-4.0,-108.0,4.0,-104.0,,,
60da2252c9a48851e990f799fb3888ab,LowVig.ag,2025-11-25 15:12:34.983956+00:00,2025-11-25 15:12:23+00:00,2025-11-26 05:00:00+00:00,Grand Canyon Antelopes,Utah Utes,totals,full_game,,,,,,,156.0,102.0,-119.0
60da2252c9a48851e990f799fb3888ab,Caesars,2025-11-25 15:12:34.983956+00:00,2025-11-25 15:10:44+00:00,2025-11-26 05:00:00+00:00,Grand Canyon Antelopes,Utah Utes,h2h,2h,-195.0,162.0,,,,,,,
60da2252c9a48851e990f799fb3888ab,Caesars,2025-11-25 15:12:34.983956+00:00,2025-11-25 15:10:44+00:00,2025-11-26 05:00:00+00:00,Grand Canyon Antelopes,Utah Utes,spreads,full_game,,,-4.0,-110.0,4.0,-110.0,,,
60da2252c9a48851e990f799fb3888ab,Caesars,2025-11-25 15:12:34.983956+00:00,2025-11-25 15:10:44+00:00,2025-11-26 05:00:00+00:00,Grand Canyon Antelopes,Utah Utes,totals,full_game,,,,,,,154.5,-110.0,-110.0
60da2252c9a48851e990f799fb3888ab,FanDuel,2025-11-25 15:12:34.983956+00:00,2025-11-25 15:12:25+00:00,2025-11-26 05:00:00+00:00,Grand Canyon Antelopes,Utah Utes,h2h,2h,-230.0,188.0,,,,,,,
60da2252c9a48851e990f799fb3888ab,FanDuel,2025-11-25 15:12:34.983956+00:00,2025-11-25 15:12:25+00:00,2025-11-26 05:00:00+00:00,Grand Canyon Antelopes,Utah Utes,spreads,full_game,,,-4.5,-110.0,4.5,-110.0,,,
60da2252c9a48851e990f799fb3888ab,FanDuel,2025-11-25 15:12:34.983956+00:00,2025-11-25 15:12:25+00:00,2025-11-26 05:00:00+00:00,Grand Canyon Antelopes,Utah Utes,totals,full_game,,,,,,,154.5,-110.0,-110.0
60da2252c9a48851e990f799fb3888ab,Bovada,2025-11-25 15:12:34.983956+00:00,2025-11-25 15:12:00+00:00,2025-11-26 05:00:00+00:00,Grand Canyon Antelopes,Utah Utes,h2h,2h,-200.0,170.0,,,,,,,
60da2252c9a48851e990f799fb3888ab,Bovada,2025-11-25 15:12:34.983956+00:00,2025-11-25 15:12:00+00:00,2025-11-26 05:00:00+00:00,Grand Canyon Antelopes,Utah Utes,spreads,full_game,,,-4.5,-110.0,4.5,-110.0,,,
60da2252c9a48851e990f799fb3888ab,Bovada,2025-11-25 15:12:34.983956+00:00,2025-11-25 15:12:00+00:00,2025-11-26 05:00:00+00:00,Grand Canyon Antelopes,Utah Utes,totals,full_game,,,,,,,157.5,-110.0,-110.0
60da2252c9a48851e990f799fb3888ab,BetUS,2025-11-25 15:12:34.983956+00:00,2025-11-25 15:11:32+00:00,2025-11-26 05:00:00+00:00,Grand Canyon Antelopes,Utah Utes,h2h,2h,-190.0,163.0,,,,,,,
60da2252c9a48851e990f799fb3888ab,BetUS,2025-11-25 15:12:34.983956+00:00,2025-11-25 15:11:32+00:00,2025-11-26 05:00:00+00:00,Grand Canyon Antelopes,Utah Utes,spreads,full_game,,,-4.0,-110.0,4.0,-110.0,,,
60da2252c9a48851e990f799fb3888ab,BetUS,2025-11-25 15:12:34.983956+00:00,2025-11-25 15:11:32+00:00,2025-11-26 05:00:00+00:00,Grand Canyon Antelopes,Utah Utes,totals,full_game,,,,,,,155.0,-110.0,-110.0
60da2252c9a48851e990f799fb3888ab,BetMGM,2025-11-25 15:12:34.983956+00:00,2025-11-25 15:11:57+00:00,2025-11-26 05:00:00+00:00,Grand Canyon Antelopes,Utah Utes,h2h,2h,-190.0,155.0,,,,,,,
60da2252c9a48851e990f799fb3888ab,BetMGM,2025-11-25 15:12:34.983956+00:00,2025-11-25 15:11:57+00:00,2025-11-26 05:00:00+00:00,Grand Canyon Antelopes,Utah Utes,spreads,full_game,,,-4.5,-105.0,4.5,-115.0,,,
60da2252c9a48851e990f799fb3888ab,BetMGM,2025-11-25 15:12:34.983956+00:00,2025-11-25 15:11:57+00:00,2025-11-26 05:00:00+00:00,Grand Canyon Antelopes,Utah Utes,totals,full_game,,,,,,,154.5,-115.0,-105.0
60da2252c9a48851e990f799fb3888ab,BetRivers,2025-11-25 15:12:34.983956+00:00,2025-11-25 15:11:58+00:00,2025-11-26 05:00:00+00:00,Grand Canyon Antelopes,Utah Utes,h2h,2h,-195.0,150.0,,,,,,,
60da2252c9a48851e990f799fb3888ab,BetRivers,2025-11-25 15:12:34.983956+00:00,2025-11-25 15:11:58+00:00,2025-11-26 05:00:00+00:00,Grand Canyon Antelopes,Utah Utes,spreads,full_game,,,-4.5,-112.0,4.5,-114.0,,,
60da2252c9a48851e990f799fb3888ab,BetRivers,2025-11-25 15:12:34.983956+00:00,2025-11-25 15:11:58+00:00,2025-11-26 05:00:00+00:00,Grand Canyon Antelopes,Utah Utes,totals,full_game,,,,,,,154.5,-117.0,-109.0
60da2252c9a48851e990f799fb3888ab,Fanatics,2025-11-25 15:12:34.983956+00:00,2025-11-25 15:12:09+00:00,2025-11-26 05:00:00+00:00,Grand Canyon Antelopes,Utah Utes,h2h,2h,-200.0,165.0,,,,,,,
60da2252c9a48851e990f799fb3888ab,Fanatics,2025-11-25 15:12:34.983956+00:00,2025-11-25 15:12:09+00:00,2025-11-26 05:00:00+00:00,Grand Canyon Antelopes,Utah Utes,spreads,full_game,,,-4.5,-110.0,4.5,-110.0,,,
60da2252c9a48851e990f799fb3888ab,Fanatics,2025-11-25 15:12:34.983956+00:00,2025-11-25 15:12:09+00:00,2025-11-26 05:00:00+00:00,Grand Canyon Antelopes,Utah Utes,totals,full_game,,,,,,,156.5,100.0,-120.0
