event_id,book,fetched_at,last_update,commence_time,home_team_name,away_team_name,market,period,moneyline_home,moneyline_away,home_spread,home_spread_price,away_spread,away_spread_price,total,over_price,under_price
c7c7a4e3300099ab799f0698f18dd9f4,BetOnline.ag,2026-01-20 14:00:55.038303+00:00,2026-01-20 14:00:18+00:00,2026-01-20 23:00:00+00:00,Massachusetts Minutemen,Toledo Rockets,h2h,full_game,-124.0,104.0,,,,,,,
c7c7a4e3300099ab799f0698f18dd9f4,BetOnline.ag,2026-01-20 14:00:55.038303+00:00,2026-01-20 14:00:18+00:00,2026-01-20 23:00:00+00:00,Massachusetts Minutemen,Toledo Rockets,spreads,full_game,,,-1.5,-108.0,1.5,-112.0,,,
c7c7a4e3300099ab799f0698f18dd9f4,BetOnline.ag,2026-01-20 14:00:55.038303+00:00,2026-01-20 14:00:18+00:00,2026-01-20 23:00:00+00:00,Massachusetts Minutemen,Toledo Rockets,totals,full_game,,,,,,,164.5,-110.0,-110.0
c7c7a4e3300099ab799f0698f18dd9f4,LowVig.ag,2026-01-20 14:00:55.038303+00:00,2026-01-20 14:00:41+00:00,2026-01-20 23:00:00+00:00,Massachusetts Minutemen,Toledo Rockets,h2h,full_game,-124.0,104.0,,,,,,,
c7c7a4e3300099ab799f0698f18dd9f4,LowVig.ag,2026-01-20 14:00:55.038303+00:00,2026-01-20 14:00:41+00:00,2026-01-20 23:00:00+00:00,Massachusetts Minutemen,Toledo Rockets,spreads,full_game,,,-1.5,-104.0,1.5,-108.0,,,
c7c7a4e3300099ab799f0698f18dd9f4,LowVig.ag,2026-01-20 14:00:55.038303+00:00,2026-01-20 14:00:41+00:00,2026-01-20 23:00:00+00:00,Massachusetts Minutemen,Toledo Rockets,totals,full_game,,,,,,,164.5,-108.0,-108.0
c7c7a4e3300099ab799f0698f18dd9f4,DraftKings,2026-01-20 14:00:55.038303+00:00,2026-01-20 14:00:39+00:00,2026-01-20 23:00:00+00:00,Massachusetts Minutemen,Toledo Rockets,h2h,full_game,-125.0,105.0,,,,,,,
c7c7a4e3300099ab799f0698f18dd9f4,DraftKings,2026-01-20 14:00:55.038303+00:00,2026-01-20 14:00:39+00:00,2026-01-20 23:00:00+00:00,Massachusetts Minutemen,Toledo Rockets,spreads,full_game,,,-1.5,-115.0,1.5,-105.0,,,
c7c7a4e3300099ab799f0698f18dd9f4,DraftKings,2026-01-20 14:00:55.038303+00:00,2026-01-20 14:00:39+00:00,2026-01-20 23:00:00+00:00,Massachusetts Minutemen,Toledo Rockets,totals,full_game,,,,,,,164.5,-110.0,-110.0
c7c7a4e3300099ab799f0698f18dd9f4,Fanatics,2026-01-20 14:00:55.038303+00:00,2026-01-20 14:00:17+00:00,2026-01-20 23:00:00+00:00,Massachusetts Minutemen,Toledo Rockets,h2h,full_game,-130.0,110.0,,,,,,,
c7c7a4e3300099ab799f0698f18dd9f4,Fanatics,2026-01-20 14:00:55.038303+00:00,2026-01-20 14:00:17+00:00,2026-01-20 23:00:00+00:00,Massachusetts Minutemen,Toledo Rockets,spreads,full_game,,,-2.0,-110.0,2.0,-110.0,,,
c7c7a4e3300099ab799f0698f18dd9f4,Fanatics,2026-01-20 14:00:55.038303+00:00,2026-01-20 14:00:17+00:00,2026-01-20 23:00:00+00:00,Massachusetts Minutemen,Toledo Rockets,totals,full_game,,,,,,,164.0,-110.0,-110.0
c7c7a4e3300099ab799f0698f18dd9f4,BetRivers,2026-01-20 14:00:55.038303+00:00,2026-01-20 14:00:17+00:00,2026-01-20 23:00:00+00:00,Massachusetts Minutemen,Toledo Rockets,h2h,full_game,-132.0,104.0,,,,,,,
c7c7a4e3300099ab799f0698f18dd9f4,BetRivers,2026-01-20 14:00:55.038303+00:00,2026-01-20 14:00:17+00:00,2026-01-20 23:00:00+00:00,Massachusetts Minutemen,Toledo Rockets,spreads,full_game,,,-1.5,-118.0,1.5,-108.0,,,
c7c7a4e3300099ab799f0698f18dd9f4,Caesars,2026-01-20 14:00:55.038303+00:00,2026-01-20 14:00:33+00:00,2026-01-20 23:00:00+00:00,Massachusetts Minutemen,Toledo Rockets,spreads,full_game,,,-1.5,-110.0,1.5,-110.0,,,
c7c7a4e3300099ab799f0698f18dd9f4,Caesars,2026-01-20 14:00:55.038303+00:00,2026-01-20 14:00:33+00:00,2026-01-20 23:00:00+00:00,Massachusetts Minutemen,Toledo Rockets,totals,full_game,,,,,,,164.5,-110.0,-110.0
c7c7a4e3300099ab799f0698f18dd9f4,BetUS,2026-01-20 14:00:55.038303+00:00,2026-01-20 14:00:39+00:00,2026-01-20 23:00:00+00:00,Massachusetts Minutemen,Toledo Rockets,h2h,full_game,-125.0,105.0,,,,,,,
c7c7a4e3300099ab799f0698f18dd9f4,BetUS,2026-01-20 14:00:55.038303+00:00,2026-01-20 14:00:39+00:00,2026-01-20 23:00:00+00:00,Massachusetts Minutemen,Toledo Rockets,spreads,full_game,,,-1.5,-110.0,1.5,-110.0,,,
c7c7a4e3300099ab799f0698f18dd9f4,BetUS,2026-01-20 14:00:55.038303+00:00,2026-01-20 14:00:39+00:00,2026-01-20 23:00:00+00:00,Massachusetts Minutemen,Toledo Rockets,totals,full_game,,,,,,,164.5,-110.0,-110.0
c7c7a4e3300099ab799f0698f18dd9f4,FanDuel,2026-01-20 14:00:55.038303+00:00,2026-01-20 13:59:57+00:00,2026-01-20 23:00:00+00:00,Massachusetts Minutemen,Toledo Rockets,h2h,full_game,-134.0,112.0,,,,,,,
c7c7a4e3300099ab799f0698f18dd9f4,FanDuel,2026-01-20 14:00:55.038303+00:00,2026-01-20 13:59:57+00:00,2026-01-20 23:00:00+00:00,Massachusetts Minutemen,Toledo Rockets,spreads,full_game,,,-1.5,-115.0,1.5,-105.0,,,
c7c7a4e3300099ab799f0698f18dd9f4,FanDuel,2026-01-20 14:00:55.038303+00:00,2026-01-20 13:59:57+00:00,2026-01-20 23:00:00+00:00,Massachusetts Minutemen,Toledo Rockets,totals,full_game,,,,,,,164.5,-110.0,-110.0
c7c7a4e3300099ab799f0698f18dd9f4,BetMGM,2026-01-20 14:00:55.038303+00:00,2026-01-20 13:59:57+00:00,2026-01-20 23:00:00+00:00,Massachusetts Minutemen,Toledo Rockets,h2h,full_game,-125.0,105.0,,,,,,,
c7c7a4e3300099ab799f0698f18dd9f4,BetMGM,2026-01-20 14:00:55.038303+00:00,2026-01-20 13:59:57+00:00,2026-01-20 23:00:00+00:00,Massachusetts Minutemen,Toledo Rockets,spreads,full_game,,,-1.5,-110.0,1.5,-110.0,,,
c7c7a4e3300099ab799f0698f18dd9f4,BetMGM,2026-01-20 14:00:55.038303+00:00,2026-01-20 13:59:57+00:00,2026-01-20 23:00:00+00:00,Massachusetts Minutemen,Toledo Rockets,totals,full_game,,,,,,,164.5,-110.0,-110.0
c7c7a4e3300099ab799f0698f18dd9f4,Bovada,2026-01-20 14:00:55.038303+00:00,2026-01-20 13:55:14+00:00,2026-01-20 23:00:00+00:00,Massachusetts Minutemen,Toledo Rockets,h2h,full_game,-125.0,105.0,,,,,,,
c7c7a4e3300099ab799f0698f18dd9f4,Bovada,2026-01-20 14:00:55.038303+00:00,2026-01-20 13:55:14+00:00,2026-01-20 23:00:00+00:00,Massachusetts Minutemen,Toledo Rockets,spreads,full_game,,,-2.0,-105.0,2.0,-115.0,,,
c7c7a4e3300099ab799f0698f18dd9f4,Bovada,2026-01-20 14:00:55.038303+00:00,2026-01-20 13:55:14+00:00,2026-01-20 23:00:00+00:00,Massachusetts Minutemen,Toledo Rockets,totals,full_game,,,,,,,164.0,-110.0,-110.0
926a7143c3c86ef5d371e360322cd85d,BetOnline.ag,2026-01-20 14:00:55.038303+00:00,2026-01-20 14:00:18+00:00,2026-01-20 23:30:00+00:00,Buffalo Bulls,Akron Zips,h2h,full_game,289.0,-360.0,,,,,,,
926a7143c3c86ef5d371e360322cd85d,BetOnline.ag,2026-01-20 14:00:55.038303+00:00,2026-01-20 14:00:18+00:00,2026-01-20 23:30:00+00:00,Buffalo Bulls,Akron Zips,spreads,full_game,,,8.0,-110.0,-8.0,-110.0,,,
926a7143c3c86ef5d371e360322cd85d,BetOnline.ag,2026-01-20 14:00:55.038303+00:00,2026-01-20 14:00:18+00:00,2026-01-20 23:30:00+00:00,Buffalo Bulls,Akron Zips,totals,full_game,,,,,,,168.5,-110.0,-110.0
926a7143c3c86ef5d371e360322cd85d,LowVig.ag,2026-01-20 14:00:55.038303+00:00,2026-01-20 14:00:41+00:00,2026-01-20 23:30:00+00:00,Buffalo Bulls,Akron Zips,h2h,full_game,289.0,-360.0,,,,,,,
926a7143c3c86ef5d371e360322cd85d,LowVig.ag,2026-01-20 14:00:55.038303+00:00,2026-01-20 14:00:41+00:00,2026-01-20 23:30:00+00:00,Buffalo Bulls,Akron Zips,spreads,full_game,,,8.0,-106.0,-8.0,-106.0,,,
926a7143c3c86ef5d371e360322cd85d,LowVig.ag,2026-01-20 14:00:55.038303+00:00,2026-01-20 14:00:41+00:00,2026-01-20 23:30:00+00:00,Buffalo Bulls,Akron Zips,totals,full_game,,,,,,,168.5,-108.0,-108.0
926a7143c3c86ef5d371e360322cd85d,DraftKings,2026-01-20 14:00:55.038303+00:00,2026-01-20 14:00:39+00:00,2026-01-20 23:30:00+00:00,Buffalo Bulls,Akron Zips,h2h,full_game,280.0,-355.0,,,,,,,
926a7143c3c86ef5d371e360322cd85d,DraftKings,2026-01-20 14:00:55.038303+00:00,2026-01-20 14:00:39+00:00,2026-01-20 23:30:00+00:00,Buffalo Bulls,Akron Zips,spreads,full_game,,,7.5,-105.0,-7.5,-115.0,,,
926a7143c3c86ef5d371e360322cd85d,DraftKings,2026-01-20 14:00:55.038303+00:00,2026-01-20 14:00:39+00:00,2026-01-20 23:30:00+00:00,Buffalo Bulls,Akron Zips,totals,full_game,,,,,,,168.5,-108.0,-112.0
926a7143c3c86ef5d371e360322cd85d,Fanatics,2026-01-20 14:00:55.038303+00:00,2026-01-20 14:00:17+00:00,2026-01-20 23:30:00+00:00,Buffalo Bulls,Akron Zips,h2h,full_game,280.0,-350.0,,,,,,,
926a7143c3c86ef5d371e360322cd85d,Fanatics,2026-01-20 14:00:55.038303+00:00,2026-01-20 14:00:17+00:00,2026-01-20 23:30:00+00:00,Buffalo Bulls,Akron Zips,spreads,full_game,,,8.0,-110.0,-8.0,-110.0,,,
926a7143c3c86ef5d371e360322cd85d,Fanatics,2026-01-20 14:00:55.038303+00:00,2026-01-20 14:00:17+00:00,2026-01-20 23:30:00+00:00,Buffalo Bulls,Akron Zips,totals,full_game,,,,,,,168.5,-110.0,-110.0
926a7143c3c86ef5d371e360322cd85d,Caesars,2026-01-20 14:00:55.038303+00:00,2026-01-20 14:00:33+00:00,2026-01-20 23:30:00+00:00,Buffalo Bulls,Akron Zips,h2h,full_game,278.0,-355.0,,,,,,,
926a7143c3c86ef5d371e360322cd85d,Caesars,2026-01-20 14:00:55.038303+00:00,2026-01-20 14:00:33+00:00,2026-01-20 23:30:00+00:00,Buffalo Bulls,Akron Zips,spreads,full_game,,,8.0,-110.0,-8.0,-110.0,,,
926a7143c3c86ef5d371e360322cd85d,Caesars,2026-01-20 14:00:55.038303+00:00,2026-01-20 14:00:33+00:00,2026-01-20 23:30:00+00:00,Buffalo Bulls,Akron Zips,totals,full_game,,,,,,,168.5,-110.0,-110.0
926a7143c3c86ef5d371e360322cd85d,BetUS,2026-01-20 14:00:55.038303+00:00,2026-01-20 14:00:39+00:00,2026-01-20 23:30:00+00:00,Buffalo Bulls,Akron Zips,h2h,full_game,290.0,-360.0,,,,,,,
926a7143c3c86ef5d371e360322cd85d,BetUS,2026-01-20 14:00:55.038303+00:00,2026-01-20 14:00:39+00:00,2026-01-20 23:30:00+00:00,Buffalo Bulls,Akron Zips,spreads,full_game,,,8.0,-110.0,-8.0,-110.0,,,
926a7143c3c86ef5d371e360322cd85d,BetUS,2026-01-20 14:00:55.038303+00:00,2026-01-20 14:00:39+00:00,2026-01-20 23:30:00+00:00,Buffalo Bulls,Akron Zips,totals,full_game,,,,,,,168.5,-110.0,-110.0
926a7143c3c86ef5d371e360322cd85d,FanDuel,2026-01-20 14:00:55.038303+00:00,2026-01-20 13:59:57+00:00,2026-01-20 23:30:00+00:00,Buffalo Bulls,Akron Zips,h2h,full_game,310.0,-400.0,,,,,,,
926a7143c3c86ef5d371e360322cd85d,FanDuel,2026-01-20 14:00:55.038303+00:00,2026-01-20 13:59:57+00:00,2026-01-20 23:30:00+00:00,Buffalo Bulls,Akron Zips,spreads,full_game,,,8.5,-120.0,-8.5,-102.0,,,
926a7143c3c86ef5d371e360322cd85d,FanDuel,2026-01-20 14:00:55.038303+00:00,2026-01-20 13:59:57+00:00,2026-01-20 23:30:00+00:00,Buffalo Bulls,Akron Zips,totals,full_game,,,,,,,168.5,-110.0,-110.0
926a7143c3c86ef5d371e360322cd85d,BetMGM,2026-01-20 14:00:55.038303+00:00,2026-01-20 13:59:57+00:00,2026-01-20 23:30:00+00:00,Buffalo Bulls,Akron Zips,h2h,full_game,275.0,-350.0,,,,,,,
926a7143c3c86ef5d371e360322cd85d,BetMGM,2026-01-20 14:00:55.038303+00:00,2026-01-20 13:59:57+00:00,2026-01-20 23:30:00+00:00,Buffalo Bulls,Akron Zips,spreads,full_game,,,7.5,-105.0,-7.5,-115.0,,,
926a7143c3c86ef5d371e360322cd85d,BetMGM,2026-01-20 14:00:55.038303+00:00,2026-01-20 13:59:57+00:00,2026-01-20 23:30:00+00:00,Buffalo Bulls,Akron Zips,totals,full_game,,,,,,,168.5,-110.0,-110.0
926a7143c3c86ef5d371e360322cd85d,Bovada,2026-01-20 14:00:55.038303+00:00,2026-01-20 13:55:14+00:00,2026-01-20 23:30:00+00:00,Buffalo Bulls,Akron Zips,h2h,full_game,290.0,-380.0,,,,,,,
926a7143c3c86ef5d371e360322cd85d,Bovada,2026-01-20 14:00:55.038303+00:00,2026-01-20 13:55:14+00:00,2026-01-20 23:30:00+00:00,Buffalo Bulls,Akron Zips,spreads,full_game,,,8.0,-110.0,-8.0,-110.0,,,
926a7143c3c86ef5d371e360322cd85d,Bovada,2026-01-20 14:00:55.038303+00:00,2026-01-20 13:55:14+00:00,2026-01-20 23:30:00+00:00,Buffalo Bulls,Akron Zips,totals,full_game,,,,,,,168.5,-110.0,-110.0
926a7143c3c86ef5d371e360322cd85d,BetRivers,2026-01-20 14:00:55.038303+00:00,2026-01-20 14:00:17+00:00,2026-01-20 23:30:00+00:00,Buffalo Bulls,Akron Zips,h2h,full_game,290.0,-420.0,,,,,,,
926a7143c3c86ef5d371e360322cd85d,BetRivers,2026-01-20 14:00:55.038303+00:00,2026-01-20 14:00:17+00:00,2026-01-20 23:30:00+00:00,Buffalo Bulls,Akron Zips,spreads,full_game,,,8.5,-118.0,-8.5,-108.0,,,
3fc48aa959fc6ea9113eefa71b6a6174,BetOnline.ag,2026-01-20 14:00:55.038303+00:00,2026-01-20 14:00:18+00:00,2026-01-20 23:30:00+00:00,Ohio State Buckeyes,Minnesota Golden Gophers,h2h,full_game,-400.0,316.0,,,,,,,
3fc48aa959fc6ea9113eefa71b6a6174,BetOnline.ag,2026-01-20 14:00:55.038303+00:00,2026-01-20 14:00:18+00:00,2026-01-20 23:30:00+00:00,Ohio State Buckeyes,Minnesota Golden Gophers,spreads,full_game,,,-8.5,-110.0,8.5,-110.0,,,
3fc48aa959fc6ea9113eefa71b6a6174,BetOnline.ag,2026-01-20 14:00:55.038303+00:00,2026-01-20 14:00:18+00:00,2026-01-20 23:30:00+00:00,Ohio State Buckeyes,Minnesota Golden Gophers,totals,full_game,,,,,,,144.5,-110.0,-110.0
3fc48aa959fc6ea9113eefa71b6a6174,LowVig.ag,2026-01-20 14:00:55.038303+00:00,2026-01-20 14:00:41+00:00,2026-01-20 23:30:00+00:00,Ohio State Buckeyes,Minnesota Golden Gophers,h2h,full_game,-400.0,316.0,,,,,,,
3fc48aa959fc6ea9113eefa71b6a6174,LowVig.ag,2026-01-20 14:00:55.038303+00:00,2026-01-20 14:00:41+00:00,2026-01-20 23:30:00+00:00,Ohio State Buckeyes,Minnesota Golden Gophers,spreads,full_game,,,-8.5,-106.0,8.5,-106.0,,,
3fc48aa959fc6ea9113eefa71b6a6174,LowVig.ag,2026-01-20 14:00:55.038303+00:00,2026-01-20 14:00:41+00:00,2026-01-20 23:30:00+00:00,Ohio State Buckeyes,Minnesota Golden Gophers,totals,full_game,,,,,,,144.5,-108.0,-108.0
3fc48aa959fc6ea9113eefa71b6a6174,Fanatics,2026-01-20 14:00:55.038303+00:00,2026-01-20 14:00:17+00:00,2026-01-20 23:30:00+00:00,Ohio State Buckeyes,Minnesota Golden Gophers,h2h,full_game,-400.0,310.0,,,,,,,
3fc48aa959fc6ea9113eefa71b6a6174,Fanatics,2026-01-20 14:00:55.038303+00:00,2026-01-20 14:00:17+00:00,2026-01-20 23:30:00+00:00,Ohio State Buckeyes,Minnesota Golden Gophers,spreads,full_game,,,-8.0,-110.0,8.0,-110.0,,,
3fc48aa959fc6ea9113eefa71b6a6174,Fanatics,2026-01-20 14:00:55.038303+00:00,2026-01-20 14:00:17+00:00,2026-01-20 23:30:00+00:00,Ohio State Buckeyes,Minnesota Golden Gophers,totals,full_game,,,,,,,145.5,-110.0,-110.0
3fc48aa959fc6ea9113eefa71b6a6174,BetMGM,2026-01-20 14:00:55.038303+00:00,2026-01-20 13:59:57+00:00,2026-01-20 23:30:00+00:00,Ohio State Buckeyes,Minnesota Golden Gophers,h2h,full_game,-400.0,310.0,,,,,,,
3fc48aa959fc6ea9113eefa71b6a6174,BetMGM,2026-01-20 14:00:55.038303+00:00,2026-01-20 13:59:57+00:00,2026-01-20 23:30:00+00:00,Ohio State Buckeyes,Minnesota Golden Gophers,totals,full_game,,,,,,,144.5,-110.0,-110.0
3fc48aa959fc6ea9113eefa71b6a6174,DraftKings,2026-01-20 14:00:55.038303+00:00,2026-01-20 14:00:39+00:00,2026-01-20 23:30:00+00:00,Ohio State Buckeyes,Minnesota Golden Gophers,h2h,full_game,-410.0,320.0,,,,,,,
3fc48aa959fc6ea9113eefa71b6a6174,DraftKings,2026-01-20 14:00:55.038303+00:00,2026-01-20 14:00:39+00:00,2026-01-20 23:30:00+00:00,Ohio State Buckeyes,Minnesota Golden Gophers,spreads,full_game,,,-8.5,-108.0,8.5,-112.0,,,
3fc48aa959fc6ea9113eefa71b6a6174,DraftKings,2026-01-20 14:00:55.038303+00:00,2026-01-20 14:00:39+00:00,2026-01-20 23:30:00+00:00,Ohio State Buckeyes,Minnesota Golden Gophers,totals,full_game,,,,,,,144.5,-112.0,-108.0
3fc48aa959fc6ea9113eefa71b6a6174,FanDuel,2026-01-20 14:00:55.038303+00:00,2026-01-20 13:59:57+00:00,2026-01-20 23:30:00+00:00,Ohio State Buckeyes,Minnesota Golden Gophers,h2h,full_game,-465.0,350.0,,,,,,,
3fc48aa959fc6ea9113eefa71b6a6174,FanDuel,2026-01-20 14:00:55.038303+00:00,2026-01-20 13:59:57+00:00,2026-01-20 23:30:00+00:00,Ohio State Buckeyes,Minnesota Golden Gophers,spreads,full_game,,,-8.5,-110.0,8.5,-110.0,,,
3fc48aa959fc6ea9113eefa71b6a6174,FanDuel,2026-01-20 14:00:55.038303+00:00,2026-01-20 13:59:57+00:00,2026-01-20 23:30:00+00:00,Ohio State Buckeyes,Minnesota Golden Gophers,totals,full_game,,,,,,,144.5,-110.0,-110.0
3fc48aa959fc6ea9113eefa71b6a6174,BetRivers,2026-01-20 14:00:55.038303+00:00,2026-01-20 14:00:17+00:00,2026-01-20 23:30:00+00:00,Ohio State Buckeyes,Minnesota Golden Gophers,h2h,full_game,-420.0,300.0,,,,,,,
3fc48aa959fc6ea9113eefa71b6a6174,BetRivers,2026-01-20 14:00:55.038303+00:00,2026-01-20 14:00:17+00:00,2026-01-20 23:30:00+00:00,Ohio State Buckeyes,Minnesota Golden Gophers,spreads,full_game,,,-8.5,-107.0,8.5,-115.0,,,
3fc48aa959fc6ea9113eefa71b6a6174,Caesars,2026-01-20 14:00:55.038303+00:00,2026-01-20 14:00:33+00:00,2026-01-20 23:30:00+00:00,Ohio State Buckeyes,Minnesota Golden Gophers,h2h,full_game,-420.0,320.0,,,,,,,
3fc48aa959fc6ea9113eefa71b6a6174,Caesars,2026-01-20 14:00:55.038303+00:00,2026-01-20 14:00:33+00:00,2026-01-20 23:30:00+00:00,Ohio State Buckeyes,Minnesota Golden Gophers,spreads,full_game,,,-8.5,-110.0,8.5,-110.0,,,
3fc48aa959fc6ea9113eefa71b6a6174,Caesars,2026-01-20 14:00:55.038303+00:00,2026-01-20 14:00:33+00:00,2026-01-20 23:30:00+00:00,Ohio State Buckeyes,Minnesota Golden Gophers,totals,full_game,,,,,,,144.5,-110.0,-110.0
3fc48aa959fc6ea9113eefa71b6a6174,BetUS,2026-01-20 14:00:55.038303+00:00,2026-01-20 14:00:39+00:00,2026-01-20 23:30:00+00:00,Ohio State Buckeyes,Minnesota Golden Gophers,h2h,full_game,-400.0,320.0,,,,,,,
3fc48aa959fc6ea9113eefa71b6a6174,BetUS,2026-01-20 14:00:55.038303+00:00,2026-01-20 14:00:39+00:00,2026-01-20 23:30:00+00:00,Ohio State Buckeyes,Minnesota Golden Gophers,spreads,full_game,,,-8.5,-110.0,8.5,-110.0,,,
3fc48aa959fc6ea9113eefa71b6a6174,BetUS,2026-01-20 14:00:55.038303+00:00,2026-01-20 14:00:39+00:00,2026-01-20 23:30:00+00:00,Ohio State Buckeyes,Minnesota Golden Gophers,totals,full_game,,,,,,,145.0,-110.0,-110.0
3fc48aa959fc6ea9113eefa71b6a6174,Bovada,2026-01-20 14:00:55.038303+00:00,2026-01-20 13:55:14+00:00,2026-01-20 23:30:00+00:00,Ohio State Buckeyes,Minnesota Golden Gophers,h2h,full_game,-440.0,330.0,,,,,,,
3fc48aa959fc6ea9113eefa71b6a6174,Bovada,2026-01-20 14:00:55.038303+00:00,2026-01-20 13:55:14+00:00,2026-01-20 23:30:00+00:00,Ohio State Buckeyes,Minnesota Golden Gophers,spreads,full_game,,,-8.0,-115.0,8.0,-105.0,,,
3fc48aa959fc6ea9113eefa71b6a6174,Bovada,2026-01-20 14:00:55.038303+00:00,2026-01-20 13:55:14+00:00,2026-01-20 23:30:00+00:00,Ohio State Buckeyes,Minnesota Golden Gophers,totals,full_game,,,,,,,145.5,-110.0,-110.0
4ed4cf071cfe7da2c15ecc7e1d617c9a,BetOnline.ag,2026-01-20 14:00:55.038303+00:00,2026-01-20 14:00:18+00:00,2026-01-21 00:00:00+00:00,Central Michigan Chippewas,Ball State Cardinals,h2h,full_game,-115.0,-105.0,,,,,,,
4ed4cf071cfe7da2c15ecc7e1d617c9a,BetOnline.ag,2026-01-20 14:00:55.038303+00:00,2026-01-20 14:00:18+00:00,2026-01-21 00:00:00+00:00,Central Michigan Chippewas,Ball State Cardinals,spreads,full_game,,,-1.0,-110.0,1.0,-110.0,,,
4ed4cf071cfe7da2c15ecc7e1d617c9a,BetOnline.ag,2026-01-20 14:00:55.038303+00:00,2026-01-20 14:00:18+00:00,2026-01-21 00:00:00+00:00,Central Michigan Chippewas,Ball State Cardinals,totals,full_game,,,,,,,143.0,-110.0,-110.0
4ed4cf071cfe7da2c15ecc7e1d617c9a,LowVig.ag,2026-01-20 14:00:55.038303+00:00,2026-01-20 14:00:41+00:00,2026-01-21 00:00:00+00:00,Central Michigan Chippewas,Ball State Cardinals,h2h,full_game,-115.0,-105.0,,,,,,,
4ed4cf071cfe7da2c15ecc7e1d617c9a,LowVig.ag,2026-01-20 14:00:55.038303+00:00,2026-01-20 14:00:41+00:00,2026-01-21 00:00:00+00:00,Central Michigan Chippewas,Ball State Cardinals,spreads,full_game,,,-1.0,-106.0,1.0,-106.0,,,
4ed4cf071cfe7da2c15ecc7e1d617c9a,LowVig.ag,2026-01-20 14:00:55.038303+00:00,2026-01-20 14:00:41+00:00,2026-01-21 00:00:00+00:00,Central Michigan Chippewas,Ball State Cardinals,totals,full_game,,,,,,,143.0,-108.0,-108.0
4ed4cf071cfe7da2c15ecc7e1d617c9a,DraftKings,2026-01-20 14:00:55.038303+00:00,2026-01-20 14:00:39+00:00,2026-01-21 00:00:00+00:00,Central Michigan Chippewas,Ball State Cardinals,h2h,full_game,-115.0,-105.0,,,,,,,
4ed4cf071cfe7da2c15ecc7e1d617c9a,DraftKings,2026-01-20 14:00:55.038303+00:00,2026-01-20 14:00:39+00:00,2026-01-21 00:00:00+00:00,Central Michigan Chippewas,Ball State Cardinals,spreads,full_game,,,-1.5,102.0,1.5,-122.0,,,
4ed4cf071cfe7da2c15ecc7e1d617c9a,DraftKings,2026-01-20 14:00:55.038303+00:00,2026-01-20 14:00:39+00:00,2026-01-21 00:00:00+00:00,Central Michigan Chippewas,Ball State Cardinals,totals,full_game,,,,,,,142.5,-115.0,-105.0
4ed4cf071cfe7da2c15ecc7e1d617c9a,Fanatics,2026-01-20 14:00:55.038303+00:00,2026-01-20 14:00:17+00:00,2026-01-21 00:00:00+00:00,Central Michigan Chippewas,Ball State Cardinals,h2h,full_game,-120.0,100.0,,,,,,,
4ed4cf071cfe7da2c15ecc7e1d617c9a,Fanatics,2026-01-20 14:00:55.038303+00:00,2026-01-20 14:00:17+00:00,2026-01-21 00:00:00+00:00,Central Michigan Chippewas,Ball State Cardinals,spreads,full_game,,,-1.0,-110.0,1.0,-110.0,,,
4ed4cf071cfe7da2c15ecc7e1d617c9a,Fanatics,2026-01-20 14:00:55.038303+00:00,2026-01-20 14:00:17+00:00,2026-01-21 00:00:00+00:00,Central Michigan Chippewas,Ball State Cardinals,totals,full_game,,,,,,,142.5,-110.0,-110.0
4ed4cf071cfe7da2c15ecc7e1d617c9a,BetUS,2026-01-20 14:00:55.038303+00:00,2026-01-20 14:00:39+00:00,2026-01-21 00:00:00+00:00,Central Michigan Chippewas,Ball State Cardinals,h2h,full_game,-115.0,-105.0,,,,,,,
4ed4cf071cfe7da2c15ecc7e1d617c9a,BetUS,2026-01-20 14:00:55.038303+00:00,2026-01-20 14:00:39+00:00,2026-01-21 00:00:00+00:00,Central Michigan Chippewas,Ball State Cardinals,spreads,full_game,,,-1.0,-110.0,1.0,-110.0,,,
4ed4cf071cfe7da2c15ecc7e1d617c9a,BetUS,2026-01-20 14:00:55.038303+00:00,2026-01-20 14:00:39+00:00,2026-01-21 00:00:00+00:00,Central Michigan Chippewas,Ball State Cardinals,totals,full_game,,,,,,,143.0,-110.0,-110.0
4ed4cf071cfe7da2c15ecc7e1d617c9a,Caesars,2026-01-20 14:00:55.038303+00:00,2026-01-20 14:00:33+00:00,2026-01-21 00:00:00+00:00,Central Michigan Chippewas,Ball State Cardinals,spreads,full_game,,,-1.0,-110.0,1.0,-110.0,,,
4ed4cf071cfe7da2c15ecc7e1d617c9a,Caesars,2026-01-20 14:00:55.038303+00:00,2026-01-20 14:00:33+00:00,2026-01-21 00:00:00+00:00,Central Michigan Chippewas,Ball State Cardinals,totals,full_game,,,,,,,142.5,-110.0,-110.0
4ed4cf071cfe7da2c15ecc7e1d617c9a,BetMGM,2026-01-20 14:00:55.038303+00:00,2026-01-20 13:59:57+00:00,2026-01-21 00:00:00+00:00,Central Michigan Chippewas,Ball State Cardinals,h2h,full_game,-110.0,-110.0,,,,,,,
4ed4cf071cfe7da2c15ecc7e1d617c9a,BetMGM,2026-01-20 14:00:55.038303+00:00,2026-01-20 13:59:57+00:00,2026-01-21 00:00:00+00:00,Central Michigan Chippewas,Ball State Cardinals,spreads,full_game,,,-1.5,-102.0,1.5,-118.0,,,
4ed4cf071cfe7da2c15ecc7e1d617c9a,BetMGM,2026-01-20 14:00:55.038303+00:00,2026-01-20 13:59:57+00:00,2026-01-21 00:00:00+00:00,Central Michigan Chippewas,Ball State Cardinals,totals,full_game,,,,,,,143.5,-110.0,-110.0
4ed4cf071cfe7da2c15ecc7e1d617c9a,FanDuel,2026-01-20 14:00:55.038303+00:00,2026-01-20 13:59:57+00:00,2026-01-21 00:00:00+00:00,Central Michigan Chippewas,Ball State Cardinals,h2h,full_game,-118.0,-102.0,,,,,,,
4ed4cf071cfe7da2c15ecc7e1d617c9a,FanDuel,2026-01-20 14:00:55.038303+00:00,2026-01-20 13:59:57+00:00,2026-01-21 00:00:00+00:00,Central Michigan Chippewas,Ball State Cardinals,spreads,full_game,,,-1.5,-105.0,1.5,-115.0,,,
4ed4cf071cfe7da2c15ecc7e1d617c9a,FanDuel,2026-01-20 14:00:55.038303+00:00,2026-01-20 13:59:57+00:00,2026-01-21 00:00:00+00:00,Central Michigan Chippewas,Ball State Cardinals,totals,full_game,,,,,,,142.5,-110.0,-110.0
4ed4cf071cfe7da2c15ecc7e1d617c9a,Bovada,2026-01-20 14:00:55.038303+00:00,2026-01-20 13:55:14+00:00,2026-01-21 00:00:00+00:00,Central Michigan Chippewas,Ball State Cardinals,h2h,full_game,-120.0,100.0,,,,,,,
4ed4cf071cfe7da2c15ecc7e1d617c9a,Bovada,2026-01-20 14:00:55.038303+00:00,2026-01-20 13:55:14+00:00,2026-01-21 00:00:00+00:00,Central Michigan Chippewas,Ball State Cardinals,spreads,full_game,,,-1.5,-110.0,1.5,-110.0,,,
4ed4cf071cfe7da2c15ecc7e1d617c9a,Bovada,2026-01-20 14:00:55.038303+00:00,2026-01-20 13:55:14+00:00,2026-01-21 00:00:00+00:00,Central Michigan Chippewas,Ball State Cardinals,totals,full_game,,,,,,,142.5,-110.0,-110.0
4ed4cf071cfe7da2c15ecc7e1d617c9a,BetRivers,2026-01-20 14:00:55.038303+00:00,2026-01-20 14:00:17+00:00,2026-01-21 00:00:00+00:00,Central Michigan Chippewas,Ball State Cardinals,h2h,full_game,-122.0,-105.0,,,,,,,
4ed4cf071cfe7da2c15ecc7e1d617c9a,BetRivers,2026-01-20 14:00:55.038303+00:00,2026-01-20 14:00:17+00:00,2026-01-21 00:00:00+00:00,Central Michigan Chippewas,Ball State Cardinals,spreads,full_game,,,0.5,-121.0,-0.5,-104.0,,,
29ab3d4d4f14a573ef08c1438b55a111,BetOnline.ag,2026-01-20 14:00:55.038303+00:00,2026-01-20 14:00:18+00:00,2026-01-21 00:00:00+00:00,Western Michigan Broncos,Bowling Green Falcons,h2h,full_game,263.0,-325.0,,,,,,,
29ab3d4d4f14a573ef08c1438b55a111,BetOnline.ag,2026-01-20 14:00:55.038303+00:00,2026-01-20 14:00:18+00:00,2026-01-21 00:00:00+00:00,Western Michigan Broncos,Bowling Green Falcons,spreads,full_game,,,7.5,-110.0,-7.5,-110.0,,,
29ab3d4d4f14a573ef08c1438b55a111,BetOnline.ag,2026-01-20 14:00:55.038303+00:00,2026-01-20 14:00:18+00:00,2026-01-21 00:00:00+00:00,Western Michigan Broncos,Bowling Green Falcons,totals,full_game,,,,,,,154.0,-110.0,-110.0
29ab3d4d4f14a573ef08c1438b55a111,LowVig.ag,2026-01-20 14:00:55.038303+00:00,2026-01-20 14:00:41+00:00,2026-01-21 00:00:00+00:00,Western Michigan Broncos,Bowling Green Falcons,h2h,full_game,263.0,-325.0,,,,,,,
29ab3d4d4f14a573ef08c1438b55a111,LowVig.ag,2026-01-20 14:00:55.038303+00:00,2026-01-20 14:00:41+00:00,2026-01-21 00:00:00+00:00,Western Michigan Broncos,Bowling Green Falcons,spreads,full_game,,,7.5,-106.0,-7.5,-106.0,,,
29ab3d4d4f14a573ef08c1438b55a111,LowVig.ag,2026-01-20 14:00:55.038303+00:00,2026-01-20 14:00:41+00:00,2026-01-21 00:00:00+00:00,Western Michigan Broncos,Bowling Green Falcons,totals,full_game,,,,,,,154.0,-108.0,-108.0
29ab3d4d4f14a573ef08c1438b55a111,DraftKings,2026-01-20 14:00:55.038303+00:00,2026-01-20 14:00:39+00:00,2026-01-21 00:00:00+00:00,Western Michigan Broncos,Bowling Green Falcons,h2h,full_game,270.0,-340.0,,,,,,,
29ab3d4d4f14a573ef08c1438b55a111,DraftKings,2026-01-20 14:00:55.038303+00:00,2026-01-20 14:00:39+00:00,2026-01-21 00:00:00+00:00,Western Michigan Broncos,Bowling Green Falcons,spreads,full_game,,,7.5,-110.0,-7.5,-110.0,,,
29ab3d4d4f14a573ef08c1438b55a111,DraftKings,2026-01-20 14:00:55.038303+00:00,2026-01-20 14:00:39+00:00,2026-01-21 00:00:00+00:00,Western Michigan Broncos,Bowling Green Falcons,totals,full_game,,,,,,,154.5,-108.0,-112.0
29ab3d4d4f14a573ef08c1438b55a111,Fanatics,2026-01-20 14:00:55.038303+00:00,2026-01-20 14:00:17+00:00,2026-01-21 00:00:00+00:00,Western Michigan Broncos,Bowling Green Falcons,h2h,full_game,260.0,-350.0,,,,,,,
29ab3d4d4f14a573ef08c1438b55a111,Fanatics,2026-01-20 14:00:55.038303+00:00,2026-01-20 14:00:17+00:00,2026-01-21 00:00:00+00:00,Western Michigan Broncos,Bowling Green Falcons,spreads,full_game,,,7.5,-110.0,-7.5,-110.0,,,
29ab3d4d4f14a573ef08c1438b55a111,Fanatics,2026-01-20 14:00:55.038303+00:00,2026-01-20 14:00:17+00:00,2026-01-21 00:00:00+00:00,Western Michigan Broncos,Bowling Green Falcons,totals,full_game,,,,,,,153.5,-110.0,-110.0
29ab3d4d4f14a573ef08c1438b55a111,Caesars,2026-01-20 14:00:55.038303+00:00,2026-01-20 14:00:33+00:00,2026-01-21 00:00:00+00:00,Western Michigan Broncos,Bowling Green Falcons,h2h,full_game,270.0,-345.0,,,,,,,
29ab3d4d4f14a573ef08c1438b55a111,Caesars,2026-01-20 14:00:55.038303+00:00,2026-01-20 14:00:33+00:00,2026-01-21 00:00:00+00:00,Western Michigan Broncos,Bowling Green Falcons,spreads,full_game,,,7.5,-110.0,-7.5,-110.0,,,
29ab3d4d4f14a573ef08c1438b55a111,Caesars,2026-01-20 14:00:55.038303+00:00,2026-01-20 14:00:33+00:00,2026-01-21 00:00:00+00:00,Western Michigan Broncos,Bowling Green Falcons,totals,full_game,,,,,,,154.5,-110.0,-110.0
29ab3d4d4f14a573ef08c1438b55a111,BetUS,2026-01-20 14:00:55.038303+00:00,2026-01-20 14:00:39+00:00,2026-01-21 00:00:00+00:00,Western Michigan Broncos,Bowling Green Falcons,h2h,full_game,265.0,-325.0,,,,,,,
29ab3d4d4f14a573ef08c1438b55a111,BetUS,2026-01-20 14:00:55.038303+00:00,2026-01-20 14:00:39+00:00,2026-01-21 00:00:00+00:00,Western Michigan Broncos,Bowling Green Falcons,spreads,full_game,,,7.5,-110.0,-7.5,-110.0,,,
29ab3d4d4f14a573ef08c1438b55a111,BetUS,2026-01-20 14:00:55.038303+00:00,2026-01-20 14:00:39+00:00,2026-01-21 00:00:00+00:00,Western Michigan Broncos,Bowling Green Falcons,totals,full_game,,,,,,,154.0,-110.0,-110.0
29ab3d4d4f14a573ef08c1438b55a111,FanDuel,2026-01-20 14:00:55.038303+00:00,2026-01-20 13:59:57+00:00,2026-01-21 00:00:00+00:00,Western Michigan Broncos,Bowling Green Falcons,h2h,full_game,280.0,-360.0,,,,,,,
29ab3d4d4f14a573ef08c1438b55a111,FanDuel,2026-01-20 14:00:55.038303+00:00,2026-01-20 13:59:57+00:00,2026-01-21 00:00:00+00:00,Western Michigan Broncos,Bowling Green Falcons,spreads,full_game,,,7.5,-110.0,-7.5,-110.0,,,
29ab3d4d4f14a573ef08c1438b55a111,FanDuel,2026-01-20 14:00:55.038303+00:00,2026-01-20 13:59:57+00:00,2026-01-21 00:00:00+00:00,Western Michigan Broncos,Bowling Green Falcons,totals,full_game,,,,,,,154.5,-106.0,-114.0
29ab3d4d4f14a573ef08c1438b55a111,BetMGM,2026-01-20 14:00:55.038303+00:00,2026-01-20 13:59:57+00:00,2026-01-21 00:00:00+00:00,Western Michigan Broncos,Bowling Green Falcons,h2h,full_game,260.0,-325.0,,,,,,,
29ab3d4d4f14a573ef08c1438b55a111,BetMGM,2026-01-20 14:00:55.038303+00:00,2026-01-20 13:59:57+00:00,2026-01-21 00:00:00+00:00,Western Michigan Broncos,Bowling Green Falcons,spreads,full_game,,,7.5,-110.0,-7.5,-110.0,,,
29ab3d4d4f14a573ef08c1438b55a111,BetMGM,2026-01-20 14:00:55.038303+00:00,2026-01-20 13:59:57+00:00,2026-01-21 00:00:00+00:00,Western Michigan Broncos,Bowling Green Falcons,totals,full_game,,,,,,,154.5,-105.0,-115.0
29ab3d4d4f14a573ef08c1438b55a111,Bovada,2026-01-20 14:00:55.038303+00:00,2026-01-20 13:55:14+00:00,2026-01-21 00:00:00+00:00,Western Michigan Broncos,Bowling Green Falcons,h2h,full_game,275.0,-350.0,,,,,,,
29ab3d4d4f14a573ef08c1438b55a111,Bovada,2026-01-20 14:00:55.038303+00:00,2026-01-20 13:55:14+00:00,2026-01-21 00:00:00+00:00,Western Michigan Broncos,Bowling Green Falcons,spreads,full_game,,,7.5,-110.0,-7.5,-110.0,,,
29ab3d4d4f14a573ef08c1438b55a111,Bovada,2026-01-20 14:00:55.038303+00:00,2026-01-20 13:55:14+00:00,2026-01-21 00:00:00+00:00,Western Michigan Broncos,Bowling Green Falcons,totals,full_game,,,,,,,153.0,-110.0,-110.0
29ab3d4d4f14a573ef08c1438b55a111,BetRivers,2026-01-20 14:00:55.038303+00:00,2026-01-20 14:00:17+00:00,2026-01-21 00:00:00+00:00,Western Michigan Broncos,Bowling Green Falcons,h2h,full_game,250.0,-335.0,,,,,,,
29ab3d4d4f14a573ef08c1438b55a111,BetRivers,2026-01-20 14:00:55.038303+00:00,2026-01-20 14:00:17+00:00,2026-01-21 00:00:00+00:00,Western Michigan Broncos,Bowling Green Falcons,spreads,full_game,,,7.5,-118.0,-7.5,-107.0,,,
756646b154e96c5d493b74f74633150a,DraftKings,2026-01-20 14:00:55.038303+00:00,2026-01-20 14:00:39+00:00,2026-01-21 00:00:00+00:00,Clemson Tigers,NC State Wolfpack,h2h,full_game,-166.0,140.0,,,,,,,
756646b154e96c5d493b74f74633150a,DraftKings,2026-01-20 14:00:55.038303+00:00,2026-01-20 14:00:39+00:00,2026-01-21 00:00:00+00:00,Clemson Tigers,NC State Wolfpack,spreads,full_game,,,-3.5,-108.0,3.5,-112.0,,,
756646b154e96c5d493b74f74633150a,DraftKings,2026-01-20 14:00:55.038303+00:00,2026-01-20 14:00:39+00:00,2026-01-21 00:00:00+00:00,Clemson Tigers,NC State Wolfpack,totals,full_game,,,,,,,140.5,-115.0,-105.0
756646b154e96c5d493b74f74633150a,Fanatics,2026-01-20 14:00:55.038303+00:00,2026-01-20 14:00:17+00:00,2026-01-21 00:00:00+00:00,Clemson Tigers,NC State Wolfpack,h2h,full_game,-185.0,150.0,,,,,,,
756646b154e96c5d493b74f74633150a,Fanatics,2026-01-20 14:00:55.038303+00:00,2026-01-20 14:00:17+00:00,2026-01-21 00:00:00+00:00,Clemson Tigers,NC State Wolfpack,spreads,full_game,,,-3.5,-110.0,3.5,-110.0,,,
756646b154e96c5d493b74f74633150a,Fanatics,2026-01-20 14:00:55.038303+00:00,2026-01-20 14:00:17+00:00,2026-01-21 00:00:00+00:00,Clemson Tigers,NC State Wolfpack,totals,full_game,,,,,,,141.5,-110.0,-110.0
756646b154e96c5d493b74f74633150a,BetOnline.ag,2026-01-20 14:00:55.038303+00:00,2026-01-20 14:00:18+00:00,2026-01-21 00:00:00+00:00,Clemson Tigers,NC State Wolfpack,h2h,full_game,-160.0,140.0,,,,,,,
756646b154e96c5d493b74f74633150a,BetOnline.ag,2026-01-20 14:00:55.038303+00:00,2026-01-20 14:00:18+00:00,2026-01-21 00:00:00+00:00,Clemson Tigers,NC State Wolfpack,spreads,full_game,,,-3.5,-110.0,3.5,-110.0,,,
756646b154e96c5d493b74f74633150a,BetOnline.ag,2026-01-20 14:00:55.038303+00:00,2026-01-20 14:00:18+00:00,2026-01-21 00:00:00+00:00,Clemson Tigers,NC State Wolfpack,totals,full_game,,,,,,,141.0,-105.0,-115.0
756646b154e96c5d493b74f74633150a,LowVig.ag,2026-01-20 14:00:55.038303+00:00,2026-01-20 14:00:41+00:00,2026-01-21 00:00:00+00:00,Clemson Tigers,NC State Wolfpack,h2h,full_game,-160.0,140.0,,,,,,,
756646b154e96c5d493b74f74633150a,LowVig.ag,2026-01-20 14:00:55.038303+00:00,2026-01-20 14:00:41+00:00,2026-01-21 00:00:00+00:00,Clemson Tigers,NC State Wolfpack,spreads,full_game,,,-3.5,-106.0,3.5,-106.0,,,
756646b154e96c5d493b74f74633150a,LowVig.ag,2026-01-20 14:00:55.038303+00:00,2026-01-20 14:00:41+00:00,2026-01-21 00:00:00+00:00,Clemson Tigers,NC State Wolfpack,totals,full_game,,,,,,,141.0,-103.0,-113.0
756646b154e96c5d493b74f74633150a,FanDuel,2026-01-20 14:00:55.038303+00:00,2026-01-20 13:59:57+00:00,2026-01-21 00:00:00+00:00,Clemson Tigers,NC State Wolfpack,h2h,full_game,-188.0,155.0,,,,,,,
756646b154e96c5d493b74f74633150a,FanDuel,2026-01-20 14:00:55.038303+00:00,2026-01-20 13:59:57+00:00,2026-01-21 00:00:00+00:00,Clemson Tigers,NC State Wolfpack,spreads,full_game,,,-3.5,-110.0,3.5,-110.0,,,
756646b154e96c5d493b74f74633150a,FanDuel,2026-01-20 14:00:55.038303+00:00,2026-01-20 13:59:57+00:00,2026-01-21 00:00:00+00:00,Clemson Tigers,NC State Wolfpack,totals,full_game,,,,,,,141.5,-106.0,-114.0
756646b154e96c5d493b74f74633150a,BetMGM,2026-01-20 14:00:55.038303+00:00,2026-01-20 13:59:57+00:00,2026-01-21 00:00:00+00:00,Clemson Tigers,NC State Wolfpack,h2h,full_game,-165.0,135.0,,,,,,,
756646b154e96c5d493b74f74633150a,BetMGM,2026-01-20 14:00:55.038303+00:00,2026-01-20 13:59:57+00:00,2026-01-21 00:00:00+00:00,Clemson Tigers,NC State Wolfpack,spreads,full_game,,,-3.5,-110.0,3.5,-110.0,,,
756646b154e96c5d493b74f74633150a,BetMGM,2026-01-20 14:00:55.038303+00:00,2026-01-20 13:59:57+00:00,2026-01-21 00:00:00+00:00,Clemson Tigers,NC State Wolfpack,totals,full_game,,,,,,,140.5,-115.0,-105.0
756646b154e96c5d493b74f74633150a,BetRivers,2026-01-20 14:00:55.038303+00:00,2026-01-20 14:00:17+00:00,2026-01-21 00:00:00+00:00,Clemson Tigers,NC State Wolfpack,h2h,full_game,-186.0,150.0,,,,,,,
756646b154e96c5d493b74f74633150a,BetRivers,2026-01-20 14:00:55.038303+00:00,2026-01-20 14:00:17+00:00,2026-01-21 00:00:00+00:00,Clemson Tigers,NC State Wolfpack,spreads,full_game,,,-3.5,-114.0,3.5,-109.0,,,
756646b154e96c5d493b74f74633150a,Caesars,2026-01-20 14:00:55.038303+00:00,2026-01-20 14:00:34+00:00,2026-01-21 00:00:00+00:00,Clemson Tigers,NC State Wolfpack,spreads,full_game,,,-3.5,-110.0,3.5,-110.0,,,
756646b154e96c5d493b74f74633150a,Caesars,2026-01-20 14:00:55.038303+00:00,2026-01-20 14:00:34+00:00,2026-01-21 00:00:00+00:00,Clemson Tigers,NC State Wolfpack,totals,full_game,,,,,,,141.5,-110.0,-110.0
756646b154e96c5d493b74f74633150a,BetUS,2026-01-20 14:00:55.038303+00:00,2026-01-20 14:00:39+00:00,2026-01-21 00:00:00+00:00,Clemson Tigers,NC State Wolfpack,h2h,full_game,-160.0,138.0,,,,,,,
756646b154e96c5d493b74f74633150a,BetUS,2026-01-20 14:00:55.038303+00:00,2026-01-20 14:00:39+00:00,2026-01-21 00:00:00+00:00,Clemson Tigers,NC State Wolfpack,spreads,full_game,,,-3.5,-110.0,3.5,-110.0,,,
756646b154e96c5d493b74f74633150a,BetUS,2026-01-20 14:00:55.038303+00:00,2026-01-20 14:00:39+00:00,2026-01-21 00:00:00+00:00,Clemson Tigers,NC State Wolfpack,totals,full_game,,,,,,,141.0,-110.0,-110.0
756646b154e96c5d493b74f74633150a,Bovada,2026-01-20 14:00:55.038303+00:00,2026-01-20 13:55:14+00:00,2026-01-21 00:00:00+00:00,Clemson Tigers,NC State Wolfpack,h2h,full_game,-175.0,150.0,,,,,,,
756646b154e96c5d493b74f74633150a,Bovada,2026-01-20 14:00:55.038303+00:00,2026-01-20 13:55:14+00:00,2026-01-21 00:00:00+00:00,Clemson Tigers,NC State Wolfpack,spreads,full_game,,,-3.5,-110.0,3.5,-110.0,,,
756646b154e96c5d493b74f74633150a,Bovada,2026-01-20 14:00:55.038303+00:00,2026-01-20 13:55:14+00:00,2026-01-21 00:00:00+00:00,Clemson Tigers,NC State Wolfpack,totals,full_game,,,,,,,141.5,-110.0,-110.0
a02ce7fa5cf82ec800ea65c1c662b7ea,BetOnline.ag,2026-01-20 14:00:55.038303+00:00,2026-01-20 14:00:18+00:00,2026-01-21 00:00:00+00:00,Duquesne Dukes,Saint Louis Billikens,h2h,full_game,383.0,-500.0,,,,,,,
a02ce7fa5cf82ec800ea65c1c662b7ea,BetOnline.ag,2026-01-20 14:00:55.038303+00:00,2026-01-20 14:00:18+00:00,2026-01-21 00:00:00+00:00,Duquesne Dukes,Saint Louis Billikens,spreads,full_game,,,9.5,-110.0,-9.5,-110.0,,,
a02ce7fa5cf82ec800ea65c1c662b7ea,BetOnline.ag,2026-01-20 14:00:55.038303+00:00,2026-01-20 14:00:18+00:00,2026-01-21 00:00:00+00:00,Duquesne Dukes,Saint Louis Billikens,totals,full_game,,,,,,,166.0,-105.0,-115.0
a02ce7fa5cf82ec800ea65c1c662b7ea,LowVig.ag,2026-01-20 14:00:55.038303+00:00,2026-01-20 14:00:41+00:00,2026-01-21 00:00:00+00:00,Duquesne Dukes,Saint Louis Billikens,h2h,full_game,383.0,-500.0,,,,,,,
a02ce7fa5cf82ec800ea65c1c662b7ea,LowVig.ag,2026-01-20 14:00:55.038303+00:00,2026-01-20 14:00:41+00:00,2026-01-21 00:00:00+00:00,Duquesne Dukes,Saint Louis Billikens,spreads,full_game,,,9.5,-106.0,-9.5,-106.0,,,
a02ce7fa5cf82ec800ea65c1c662b7ea,LowVig.ag,2026-01-20 14:00:55.038303+00:00,2026-01-20 14:00:41+00:00,2026-01-21 00:00:00+00:00,Duquesne Dukes,Saint Louis Billikens,totals,full_game,,,,,,,166.0,-103.0,-113.0
a02ce7fa5cf82ec800ea65c1c662b7ea,BetMGM,2026-01-20 14:00:55.038303+00:00,2026-01-20 13:59:57+00:00,2026-01-21 00:00:00+00:00,Duquesne Dukes,Saint Louis Billikens,h2h,full_game,350.0,-475.0,,,,,,,
a02ce7fa5cf82ec800ea65c1c662b7ea,BetMGM,2026-01-20 14:00:55.038303+00:00,2026-01-20 13:59:57+00:00,2026-01-21 00:00:00+00:00,Duquesne Dukes,Saint Louis Billikens,spreads,full_game,,,9.5,-110.0,-9.5,-110.0,,,
a02ce7fa5cf82ec800ea65c1c662b7ea,BetMGM,2026-01-20 14:00:55.038303+00:00,2026-01-20 13:59:57+00:00,2026-01-21 00:00:00+00:00,Duquesne Dukes,Saint Louis Billikens,totals,full_game,,,,,,,166.5,-110.0,-110.0
a02ce7fa5cf82ec800ea65c1c662b7ea,Fanatics,2026-01-20 14:00:55.038303+00:00,2026-01-20 14:00:17+00:00,2026-01-21 00:00:00+00:00,Duquesne Dukes,Saint Louis Billikens,h2h,full_game,375.0,-500.0,,,,,,,
a02ce7fa5cf82ec800ea65c1c662b7ea,Fanatics,2026-01-20 14:00:55.038303+00:00,2026-01-20 14:00:17+00:00,2026-01-21 00:00:00+00:00,Duquesne Dukes,Saint Louis Billikens,spreads,full_game,,,9.5,-110.0,-9.5,-110.0,,,
a02ce7fa5cf82ec800ea65c1c662b7ea,Fanatics,2026-01-20 14:00:55.038303+00:00,2026-01-20 14:00:17+00:00,2026-01-21 00:00:00+00:00,Duquesne Dukes,Saint Louis Billikens,totals,full_game,,,,,,,165.5,-110.0,-110.0
a02ce7fa5cf82ec800ea65c1c662b7ea,DraftKings,2026-01-20 14:00:55.038303+00:00,2026-01-20 14:00:39+00:00,2026-01-21 00:00:00+00:00,Duquesne Dukes,Saint Louis Billikens,h2h,full_game,360.0,-470.0,,,,,,,
a02ce7fa5cf82ec800ea65c1c662b7ea,DraftKings,2026-01-20 14:00:55.038303+00:00,2026-01-20 14:00:39+00:00,2026-01-21 00:00:00+00:00,Duquesne Dukes,Saint Louis Billikens,spreads,full_game,,,9.5,-115.0,-9.5,-105.0,,,
a02ce7fa5cf82ec800ea65c1c662b7ea,DraftKings,2026-01-20 14:00:55.038303+00:00,2026-01-20 14:00:39+00:00,2026-01-21 00:00:00+00:00,Duquesne Dukes,Saint Louis Billikens,totals,full_game,,,,,,,165.5,-115.0,-105.0
a02ce7fa5cf82ec800ea65c1c662b7ea,BetRivers,2026-01-20 14:00:55.038303+00:00,2026-01-20 14:00:17+00:00,2026-01-21 00:00:00+00:00,Duquesne Dukes,Saint Louis Billikens,h2h,full_game,340.0,-480.0,,,,,,,
a02ce7fa5cf82ec800ea65c1c662b7ea,BetRivers,2026-01-20 14:00:55.038303+00:00,2026-01-20 14:00:17+00:00,2026-01-21 00:00:00+00:00,Duquesne Dukes,Saint Louis Billikens,spreads,full_game,,,9.5,-110.0,-9.5,-115.0,,,
a02ce7fa5cf82ec800ea65c1c662b7ea,Caesars,2026-01-20 14:00:55.038303+00:00,2026-01-20 14:00:34+00:00,2026-01-21 00:00:00+00:00,Duquesne Dukes,Saint Louis Billikens,spreads,full_game,,,9.5,-110.0,-9.5,-110.0,,,
a02ce7fa5cf82ec800ea65c1c662b7ea,Caesars,2026-01-20 14:00:55.038303+00:00,2026-01-20 14:00:34+00:00,2026-01-21 00:00:00+00:00,Duquesne Dukes,Saint Louis Billikens,totals,full_game,,,,,,,165.5,-110.0,-110.0
a02ce7fa5cf82ec800ea65c1c662b7ea,BetUS,2026-01-20 14:00:55.038303+00:00,2026-01-20 14:00:39+00:00,2026-01-21 00:00:00+00:00,Duquesne Dukes,Saint Louis Billikens,h2h,full_game,390.0,-500.0,,,,,,,
a02ce7fa5cf82ec800ea65c1c662b7ea,BetUS,2026-01-20 14:00:55.038303+00:00,2026-01-20 14:00:39+00:00,2026-01-21 00:00:00+00:00,Duquesne Dukes,Saint Louis Billikens,spreads,full_game,,,9.5,-110.0,-9.5,-110.0,,,
a02ce7fa5cf82ec800ea65c1c662b7ea,BetUS,2026-01-20 14:00:55.038303+00:00,2026-01-20 14:00:39+00:00,2026-01-21 00:00:00+00:00,Duquesne Dukes,Saint Louis Billikens,totals,full_game,,,,,,,165.5,-110.0,-110.0
a02ce7fa5cf82ec800ea65c1c662b7ea,FanDuel,2026-01-20 14:00:55.038303+00:00,2026-01-20 13:59:57+00:00,2026-01-21 00:00:00+00:00,Duquesne Dukes,Saint Louis Billikens,h2h,full_game,365.0,-500.0,,,,,,,
a02ce7fa5cf82ec800ea65c1c662b7ea,FanDuel,2026-01-20 14:00:55.038303+00:00,2026-01-20 13:59:57+00:00,2026-01-21 00:00:00+00:00,Duquesne Dukes,Saint Louis Billikens,spreads,full_game,,,9.5,-110.0,-9.5,-110.0,,,
a02ce7fa5cf82ec800ea65c1c662b7ea,FanDuel,2026-01-20 14:00:55.038303+00:00,2026-01-20 13:59:57+00:00,2026-01-21 00:00:00+00:00,Duquesne Dukes,Saint Louis Billikens,totals,full_game,,,,,,,166.5,-104.0,-118.0
a02ce7fa5cf82ec800ea65c1c662b7ea,Bovada,2026-01-20 14:00:55.038303+00:00,2026-01-20 13:55:14+00:00,2026-01-21 00:00:00+00:00,Duquesne Dukes,Saint Louis Billikens,h2h,full_game,375.0,-525.0,,,,,,,
a02ce7fa5cf82ec800ea65c1c662b7ea,Bovada,2026-01-20 14:00:55.038303+00:00,2026-01-20 13:55:14+00:00,2026-01-21 00:00:00+00:00,Duquesne Dukes,Saint Louis Billikens,spreads,full_game,,,9.5,-105.0,-9.5,-115.0,,,
a02ce7fa5cf82ec800ea65c1c662b7ea,Bovada,2026-01-20 14:00:55.038303+00:00,2026-01-20 13:55:14+00:00,2026-01-21 00:00:00+00:00,Duquesne Dukes,Saint Louis Billikens,totals,full_game,,,,,,,165.0,-110.0,-110.0
def368278f967609b9132cae9a33592c,BetOnline.ag,2026-01-20 14:00:55.038303+00:00,2026-01-20 14:00:18+00:00,2026-01-21 00:00:00+00:00,Florida Gators,LSU Tigers,h2h,full_game,-1600.0,910.0,,,,,,,
def368278f967609b9132cae9a33592c,BetOnline.ag,2026-01-20 14:00:55.038303+00:00,2026-01-20 14:00:18+00:00,2026-01-21 00:00:00+00:00,Florida Gators,LSU Tigers,spreads,full_game,,,-15.0,-110.0,15.0,-110.0,,,
def368278f967609b9132cae9a33592c,BetOnline.ag,2026-01-20 14:00:55.038303+00:00,2026-01-20 14:00:18+00:00,2026-01-21 00:00:00+00:00,Florida Gators,LSU Tigers,totals,full_game,,,,,,,158.0,-110.0,-110.0
def368278f967609b9132cae9a33592c,LowVig.ag,2026-01-20 14:00:55.038303+00:00,2026-01-20 14:00:41+00:00,2026-01-21 00:00:00+00:00,Florida Gators,LSU Tigers,h2h,full_game,-1600.0,910.0,,,,,,,
def368278f967609b9132cae9a33592c,LowVig.ag,2026-01-20 14:00:55.038303+00:00,2026-01-20 14:00:41+00:00,2026-01-21 00:00:00+00:00,Florida Gators,LSU Tigers,spreads,full_game,,,-15.0,-106.0,15.0,-106.0,,,
def368278f967609b9132cae9a33592c,LowVig.ag,2026-01-20 14:00:55.038303+00:00,2026-01-20 14:00:41+00:00,2026-01-21 00:00:00+00:00,Florida Gators,LSU Tigers,totals,full_game,,,,,,,158.0,-108.0,-108.0
def368278f967609b9132cae9a33592c,BetMGM,2026-01-20 14:00:55.038303+00:00,2026-01-20 13:59:57+00:00,2026-01-21 00:00:00+00:00,Florida Gators,LSU Tigers,h2h,full_game,-1400.0,825.0,,,,,,,
def368278f967609b9132cae9a33592c,BetMGM,2026-01-20 14:00:55.038303+00:00,2026-01-20 13:59:57+00:00,2026-01-21 00:00:00+00:00,Florida Gators,LSU Tigers,spreads,full_game,,,-15.5,-102.0,15.5,-118.0,,,
def368278f967609b9132cae9a33592c,BetMGM,2026-01-20 14:00:55.038303+00:00,2026-01-20 13:59:57+00:00,2026-01-21 00:00:00+00:00,Florida Gators,LSU Tigers,totals,full_game,,,,,,,158.5,-110.0,-110.0
def368278f967609b9132cae9a33592c,Fanatics,2026-01-20 14:00:55.038303+00:00,2026-01-20 14:00:17+00:00,2026-01-21 00:00:00+00:00,Florida Gators,LSU Tigers,h2h,full_game,-1500.0,850.0,,,,,,,
def368278f967609b9132cae9a33592c,Fanatics,2026-01-20 14:00:55.038303+00:00,2026-01-20 14:00:17+00:00,2026-01-21 00:00:00+00:00,Florida Gators,LSU Tigers,spreads,full_game,,,-15.0,-110.0,15.0,-110.0,,,
def368278f967609b9132cae9a33592c,Fanatics,2026-01-20 14:00:55.038303+00:00,2026-01-20 14:00:17+00:00,2026-01-21 00:00:00+00:00,Florida Gators,LSU Tigers,totals,full_game,,,,,,,158.0,-110.0,-110.0
def368278f967609b9132cae9a33592c,DraftKings,2026-01-20 14:00:55.038303+00:00,2026-01-20 14:00:39+00:00,2026-01-21 00:00:00+00:00,Florida Gators,LSU Tigers,h2h,full_game,-1600.0,900.0,,,,,,,
def368278f967609b9132cae9a33592c,DraftKings,2026-01-20 14:00:55.038303+00:00,2026-01-20 14:00:39+00:00,2026-01-21 00:00:00+00:00,Florida Gators,LSU Tigers,spreads,full_game,,,-14.5,-120.0,14.5,100.0,,,
def368278f967609b9132cae9a33592c,DraftKings,2026-01-20 14:00:55.038303+00:00,2026-01-20 14:00:39+00:00,2026-01-21 00:00:00+00:00,Florida Gators,LSU Tigers,totals,full_game,,,,,,,158.5,-110.0,-110.0
def368278f967609b9132cae9a33592c,FanDuel,2026-01-20 14:00:55.038303+00:00,2026-01-20 13:59:57+00:00,2026-01-21 00:00:00+00:00,Florida Gators,LSU Tigers,h2h,full_game,-1700.0,920.0,,,,,,,
def368278f967609b9132cae9a33592c,FanDuel,2026-01-20 14:00:55.038303+00:00,2026-01-20 13:59:57+00:00,2026-01-21 00:00:00+00:00,Florida Gators,LSU Tigers,spreads,full_game,,,-14.5,-120.0,14.5,-102.0,,,
def368278f967609b9132cae9a33592c,FanDuel,2026-01-20 14:00:55.038303+00:00,2026-01-20 13:59:57+00:00,2026-01-21 00:00:00+00:00,Florida Gators,LSU Tigers,totals,full_game,,,,,,,158.5,-110.0,-110.0
def368278f967609b9132cae9a33592c,BetRivers,2026-01-20 14:00:55.038303+00:00,2026-01-20 14:00:17+00:00,2026-01-21 00:00:00+00:00,Florida Gators,LSU Tigers,h2h,full_game,-1250.0,650.0,,,,,,,
def368278f967609b9132cae9a33592c,BetRivers,2026-01-20 14:00:55.038303+00:00,2026-01-20 14:00:17+00:00,2026-01-21 00:00:00+00:00,Florida Gators,LSU Tigers,spreads,full_game,,,-15.5,-108.0,15.5,-115.0,,,
def368278f967609b9132cae9a33592c,Caesars,2026-01-20 14:00:55.038303+00:00,2026-01-20 14:00:34+00:00,2026-01-21 00:00:00+00:00,Florida Gators,LSU Tigers,h2h,full_game,-1600.0,900.0,,,,,,,
def368278f967609b9132cae9a33592c,Caesars,2026-01-20 14:00:55.038303+00:00,2026-01-20 14:00:34+00:00,2026-01-21 00:00:00+00:00,Florida Gators,LSU Tigers,spreads,full_game,,,-15.0,-110.0,15.0,-110.0,,,
def368278f967609b9132cae9a33592c,Caesars,2026-01-20 14:00:55.038303+00:00,2026-01-20 14:00:34+00:00,2026-01-21 00:00:00+00:00,Florida Gators,LSU Tigers,totals,full_game,,,,,,,158.5,-110.0,-110.0
def368278f967609b9132cae9a33592c,BetUS,2026-01-20 14:00:55.038303+00:00,2026-01-20 14:00:39+00:00,2026-01-21 00:00:00+00:00,Florida Gators,LSU Tigers,h2h,full_game,-1600.0,900.0,,,,,,,
def368278f967609b9132cae9a33592c,BetUS,2026-01-20 14:00:55.038303+00:00,2026-01-20 14:00:39+00:00,2026-01-21 00:00:00+00:00,Florida Gators,LSU Tigers,spreads,full_game,,,-15.0,-110.0,15.0,-110.0,,,
def368278f967609b9132cae9a33592c,BetUS,2026-01-20 14:00:55.038303+00:00,2026-01-20 14:00:39+00:00,2026-01-21 00:00:00+00:00,Florida Gators,LSU Tigers,totals,full_game,,,,,,,158.0,-110.0,-110.0
def368278f967609b9132cae9a33592c,Bovada,2026-01-20 14:00:55.038303+00:00,2026-01-20 13:55:14+00:00,2026-01-21 00:00:00+00:00,Florida Gators,LSU Tigers,h2h,full_game,-1800.0,850.0,,,,,,,
def368278f967609b9132cae9a33592c,Bovada,2026-01-20 14:00:55.038303+00:00,2026-01-20 13:55:14+00:00,2026-01-21 00:00:00+00:00,Florida Gators,LSU Tigers,spreads,full_game,,,-15.0,-105.0,15.0,-115.0,,,
def368278f967609b9132cae9a33592c,Bovada,2026-01-20 14:00:55.038303+00:00,2026-01-20 13:55:14+00:00,2026-01-21 00:00:00+00:00,Florida Gators,LSU Tigers,totals,full_game,,,,,,,158.0,-110.0,-110.0
97a298bacab6eed4a73f07f71cebfe84,BetOnline.ag,2026-01-20 14:00:55.038303+00:00,2026-01-20 14:00:18+00:00,2026-01-21 00:00:00+00:00,Miami Hurricanes,Florida St Seminoles,h2h,full_game,-725.0,520.0,,,,,,,
97a298bacab6eed4a73f07f71cebfe84,BetOnline.ag,2026-01-20 14:00:55.038303+00:00,2026-01-20 14:00:18+00:00,2026-01-21 00:00:00+00:00,Miami Hurricanes,Florida St Seminoles,spreads,full_game,,,-11.5,-110.0,11.5,-110.0,,,
97a298bacab6eed4a73f07f71cebfe84,BetOnline.ag,2026-01-20 14:00:55.038303+00:00,2026-01-20 14:00:18+00:00,2026-01-21 00:00:00+00:00,Miami Hurricanes,Florida St Seminoles,totals,full_game,,,,,,,165.5,-110.0,-110.0
97a298bacab6eed4a73f07f71cebfe84,LowVig.ag,2026-01-20 14:00:55.038303+00:00,2026-01-20 14:00:41+00:00,2026-01-21 00:00:00+00:00,Miami Hurricanes,Florida St Seminoles,h2h,full_game,-725.0,520.0,,,,,,,
97a298bacab6eed4a73f07f71cebfe84,LowVig.ag,2026-01-20 14:00:55.038303+00:00,2026-01-20 14:00:41+00:00,2026-01-21 00:00:00+00:00,Miami Hurricanes,Florida St Seminoles,spreads,full_game,,,-11.5,-106.0,11.5,-106.0,,,
97a298bacab6eed4a73f07f71cebfe84,LowVig.ag,2026-01-20 14:00:55.038303+00:00,2026-01-20 14:00:41+00:00,2026-01-21 00:00:00+00:00,Miami Hurricanes,Florida St Seminoles,totals,full_game,,,,,,,165.5,-108.0,-108.0
97a298bacab6eed4a73f07f71cebfe84,BetMGM,2026-01-20 14:00:55.038303+00:00,2026-01-20 13:59:57+00:00,2026-01-21 00:00:00+00:00,Miami Hurricanes,Florida St Seminoles,h2h,full_game,-750.0,525.0,,,,,,,
97a298bacab6eed4a73f07f71cebfe84,BetMGM,2026-01-20 14:00:55.038303+00:00,2026-01-20 13:59:57+00:00,2026-01-21 00:00:00+00:00,Miami Hurricanes,Florida St Seminoles,spreads,full_game,,,-11.5,-110.0,11.5,-110.0,,,
97a298bacab6eed4a73f07f71cebfe84,BetMGM,2026-01-20 14:00:55.038303+00:00,2026-01-20 13:59:57+00:00,2026-01-21 00:00:00+00:00,Miami Hurricanes,Florida St Seminoles,totals,full_game,,,,,,,165.5,-110.0,-110.0
97a298bacab6eed4a73f07f71cebfe84,Fanatics,2026-01-20 14:00:55.038303+00:00,2026-01-20 14:00:17+00:00,2026-01-21 00:00:00+00:00,Miami Hurricanes,Florida St Seminoles,h2h,full_game,-750.0,500.0,,,,,,,
97a298bacab6eed4a73f07f71cebfe84,Fanatics,2026-01-20 14:00:55.038303+00:00,2026-01-20 14:00:17+00:00,2026-01-21 00:00:00+00:00,Miami Hurricanes,Florida St Seminoles,spreads,full_game,,,-11.5,-110.0,11.5,-110.0,,,
97a298bacab6eed4a73f07f71cebfe84,Fanatics,2026-01-20 14:00:55.038303+00:00,2026-01-20 14:00:17+00:00,2026-01-21 00:00:00+00:00,Miami Hurricanes,Florida St Seminoles,totals,full_game,,,,,,,165.5,-110.0,-110.0
97a298bacab6eed4a73f07f71cebfe84,FanDuel,2026-01-20 14:00:55.038303+00:00,2026-01-20 13:59:57+00:00,2026-01-21 00:00:00+00:00,Miami Hurricanes,Florida St Seminoles,h2h,full_game,-880.0,580.0,,,,,,,
97a298bacab6eed4a73f07f71cebfe84,FanDuel,2026-01-20 14:00:55.038303+00:00,2026-01-20 13:59:57+00:00,2026-01-21 00:00:00+00:00,Miami Hurricanes,Florida St Seminoles,spreads,full_game,,,-11.5,-112.0,11.5,-108.0,,,
97a298bacab6eed4a73f07f71cebfe84,FanDuel,2026-01-20 14:00:55.038303+00:00,2026-01-20 13:59:57+00:00,2026-01-21 00:00:00+00:00,Miami Hurricanes,Florida St Seminoles,totals,full_game,,,,,,,165.5,-115.0,-105.0
97a298bacab6eed4a73f07f71cebfe84,DraftKings,2026-01-20 14:00:55.038303+00:00,2026-01-20 14:00:39+00:00,2026-01-21 00:00:00+00:00,Miami Hurricanes,Florida St Seminoles,spreads,full_game,,,-11.5,-112.0,11.5,-108.0,,,
97a298bacab6eed4a73f07f71cebfe84,DraftKings,2026-01-20 14:00:55.038303+00:00,2026-01-20 14:00:39+00:00,2026-01-21 00:00:00+00:00,Miami Hurricanes,Florida St Seminoles,totals,full_game,,,,,,,165.5,-110.0,-110.0
97a298bacab6eed4a73f07f71cebfe84,BetRivers,2026-01-20 14:00:55.038303+00:00,2026-01-20 14:00:17+00:00,2026-01-21 00:00:00+00:00,Miami Hurricanes,Florida St Seminoles,h2h,full_game,-770.0,440.0,,,,,,,
97a298bacab6eed4a73f07f71cebfe84,BetRivers,2026-01-20 14:00:55.038303+00:00,2026-01-20 14:00:17+00:00,2026-01-21 00:00:00+00:00,Miami Hurricanes,Florida St Seminoles,spreads,full_game,,,-11.5,-118.0,11.5,-108.0,,,
97a298bacab6eed4a73f07f71cebfe84,Caesars,2026-01-20 14:00:55.038303+00:00,2026-01-20 14:00:34+00:00,2026-01-21 00:00:00+00:00,Miami Hurricanes,Florida St Seminoles,h2h,full_game,-700.0,500.0,,,,,,,
97a298bacab6eed4a73f07f71cebfe84,Caesars,2026-01-20 14:00:55.038303+00:00,2026-01-20 14:00:34+00:00,2026-01-21 00:00:00+00:00,Miami Hurricanes,Florida St Seminoles,spreads,full_game,,,-11.5,-110.0,11.5,-110.0,,,
97a298bacab6eed4a73f07f71cebfe84,Caesars,2026-01-20 14:00:55.038303+00:00,2026-01-20 14:00:34+00:00,2026-01-21 00:00:00+00:00,Miami Hurricanes,Florida St Seminoles,totals,full_game,,,,,,,165.5,-110.0,-110.0
97a298bacab6eed4a73f07f71cebfe84,BetUS,2026-01-20 14:00:55.038303+00:00,2026-01-20 14:00:39+00:00,2026-01-21 00:00:00+00:00,Miami Hurricanes,Florida St Seminoles,h2h,full_game,-725.0,515.0,,,,,,,
97a298bacab6eed4a73f07f71cebfe84,BetUS,2026-01-20 14:00:55.038303+00:00,2026-01-20 14:00:39+00:00,2026-01-21 00:00:00+00:00,Miami Hurricanes,Florida St Seminoles,spreads,full_game,,,-11.5,-110.0,11.5,-110.0,,,
97a298bacab6eed4a73f07f71cebfe84,BetUS,2026-01-20 14:00:55.038303+00:00,2026-01-20 14:00:39+00:00,2026-01-21 00:00:00+00:00,Miami Hurricanes,Florida St Seminoles,totals,full_game,,,,,,,165.5,-110.0,-110.0
97a298bacab6eed4a73f07f71cebfe84,Bovada,2026-01-20 14:00:55.038303+00:00,2026-01-20 13:55:14+00:00,2026-01-21 00:00:00+00:00,Miami Hurricanes,Florida St Seminoles,h2h,full_game,-850.0,550.0,,,,,,,
97a298bacab6eed4a73f07f71cebfe84,Bovada,2026-01-20 14:00:55.038303+00:00,2026-01-20 13:55:14+00:00,2026-01-21 00:00:00+00:00,Miami Hurricanes,Florida St Seminoles,spreads,full_game,,,-11.5,-110.0,11.5,-110.0,,,
97a298bacab6eed4a73f07f71cebfe84,Bovada,2026-01-20 14:00:55.038303+00:00,2026-01-20 13:55:14+00:00,2026-01-21 00:00:00+00:00,Miami Hurricanes,Florida St Seminoles,totals,full_game,,,,,,,165.5,-105.0,-115.0
931ce383b5d47f710c8318d7c719d8a5,BetOnline.ag,2026-01-20 14:00:55.038303+00:00,2026-01-20 14:00:18+00:00,2026-01-21 00:00:00+00:00,Michigan Wolverines,Indiana Hoosiers,h2h,full_game,-1800.0,979.0,,,,,,,
931ce383b5d47f710c8318d7c719d8a5,BetOnline.ag,2026-01-20 14:00:55.038303+00:00,2026-01-20 14:00:18+00:00,2026-01-21 00:00:00+00:00,Michigan Wolverines,Indiana Hoosiers,spreads,full_game,,,-16.0,-110.0,16.0,-110.0,,,
931ce383b5d47f710c8318d7c719d8a5,BetOnline.ag,2026-01-20 14:00:55.038303+00:00,2026-01-20 14:00:18+00:00,2026-01-21 00:00:00+00:00,Michigan Wolverines,Indiana Hoosiers,totals,full_game,,,,,,,163.0,-110.0,-110.0
931ce383b5d47f710c8318d7c719d8a5,LowVig.ag,2026-01-20 14:00:55.038303+00:00,2026-01-20 14:00:41+00:00,2026-01-21 00:00:00+00:00,Michigan Wolverines,Indiana Hoosiers,h2h,full_game,-1800.0,979.0,,,,,,,
931ce383b5d47f710c8318d7c719d8a5,LowVig.ag,2026-01-20 14:00:55.038303+00:00,2026-01-20 14:00:41+00:00,2026-01-21 00:00:00+00:00,Michigan Wolverines,Indiana Hoosiers,spreads,full_game,,,-16.0,-106.0,16.0,-106.0,,,
931ce383b5d47f710c8318d7c719d8a5,LowVig.ag,2026-01-20 14:00:55.038303+00:00,2026-01-20 14:00:41+00:00,2026-01-21 00:00:00+00:00,Michigan Wolverines,Indiana Hoosiers,totals,full_game,,,,,,,163.0,-108.0,-108.0
931ce383b5d47f710c8318d7c719d8a5,FanDuel,2026-01-20 14:00:55.038303+00:00,2026-01-20 13:59:57+00:00,2026-01-21 00:00:00+00:00,Michigan Wolverines,Indiana Hoosiers,h2h,full_game,-2300.0,1060.0,,,,,,,
931ce383b5d47f710c8318d7c719d8a5,FanDuel,2026-01-20 14:00:55.038303+00:00,2026-01-20 13:59:57+00:00,2026-01-21 00:00:00+00:00,Michigan Wolverines,Indiana Hoosiers,spreads,full_game,,,-15.5,-120.0,15.5,-102.0,,,
931ce383b5d47f710c8318d7c719d8a5,FanDuel,2026-01-20 14:00:55.038303+00:00,2026-01-20 13:59:57+00:00,2026-01-21 00:00:00+00:00,Michigan Wolverines,Indiana Hoosiers,totals,full_game,,,,,,,163.5,-106.0,-114.0
931ce383b5d47f710c8318d7c719d8a5,Fanatics,2026-01-20 14:00:55.038303+00:00,2026-01-20 14:00:17+00:00,2026-01-21 00:00:00+00:00,Michigan Wolverines,Indiana Hoosiers,h2h,full_game,-1700.0,1000.0,,,,,,,
931ce383b5d47f710c8318d7c719d8a5,Fanatics,2026-01-20 14:00:55.038303+00:00,2026-01-20 14:00:17+00:00,2026-01-21 00:00:00+00:00,Michigan Wolverines,Indiana Hoosiers,spreads,full_game,,,-16.0,-110.0,16.0,-110.0,,,
931ce383b5d47f710c8318d7c719d8a5,Fanatics,2026-01-20 14:00:55.038303+00:00,2026-01-20 14:00:17+00:00,2026-01-21 00:00:00+00:00,Michigan Wolverines,Indiana Hoosiers,totals,full_game,,,,,,,163.0,-110.0,-110.0
931ce383b5d47f710c8318d7c719d8a5,BetMGM,2026-01-20 14:00:55.038303+00:00,2026-01-20 13:59:57+00:00,2026-01-21 00:00:00+00:00,Michigan Wolverines,Indiana Hoosiers,h2h,full_game,-1600.0,875.0,,,,,,,
931ce383b5d47f710c8318d7c719d8a5,BetMGM,2026-01-20 14:00:55.038303+00:00,2026-01-20 13:59:57+00:00,2026-01-21 00:00:00+00:00,Michigan Wolverines,Indiana Hoosiers,spreads,full_game,,,-15.5,-118.0,15.5,-102.0,,,
931ce383b5d47f710c8318d7c719d8a5,BetMGM,2026-01-20 14:00:55.038303+00:00,2026-01-20 13:59:57+00:00,2026-01-21 00:00:00+00:00,Michigan Wolverines,Indiana Hoosiers,totals,full_game,,,,,,,163.5,-105.0,-115.0
931ce383b5d47f710c8318d7c719d8a5,BetRivers,2026-01-20 14:00:55.038303+00:00,2026-01-20 14:00:17+00:00,2026-01-21 00:00:00+00:00,Michigan Wolverines,Indiana Hoosiers,h2h,full_game,-1667.0,700.0,,,,,,,
931ce383b5d47f710c8318d7c719d8a5,BetRivers,2026-01-20 14:00:55.038303+00:00,2026-01-20 14:00:17+00:00,2026-01-21 00:00:00+00:00,Michigan Wolverines,Indiana Hoosiers,spreads,full_game,,,-15.5,-112.0,15.5,-112.0,,,
931ce383b5d47f710c8318d7c719d8a5,DraftKings,2026-01-20 14:00:55.038303+00:00,2026-01-20 14:00:39+00:00,2026-01-21 00:00:00+00:00,Michigan Wolverines,Indiana Hoosiers,h2h,full_game,-1650.0,950.0,,,,,,,
931ce383b5d47f710c8318d7c719d8a5,DraftKings,2026-01-20 14:00:55.038303+00:00,2026-01-20 14:00:39+00:00,2026-01-21 00:00:00+00:00,Michigan Wolverines,Indiana Hoosiers,spreads,full_game,,,-15.5,-118.0,15.5,-102.0,,,
931ce383b5d47f710c8318d7c719d8a5,DraftKings,2026-01-20 14:00:55.038303+00:00,2026-01-20 14:00:39+00:00,2026-01-21 00:00:00+00:00,Michigan Wolverines,Indiana Hoosiers,totals,full_game,,,,,,,163.5,-108.0,-112.0
931ce383b5d47f710c8318d7c719d8a5,Caesars,2026-01-20 14:00:55.038303+00:00,2026-01-20 14:00:33+00:00,2026-01-21 00:00:00+00:00,Michigan Wolverines,Indiana Hoosiers,spreads,full_game,,,-16.0,-110.0,16.0,-110.0,,,
931ce383b5d47f710c8318d7c719d8a5,Caesars,2026-01-20 14:00:55.038303+00:00,2026-01-20 14:00:33+00:00,2026-01-21 00:00:00+00:00,Michigan Wolverines,Indiana Hoosiers,totals,full_game,,,,,,,163.0,-110.0,-110.0
931ce383b5d47f710c8318d7c719d8a5,BetUS,2026-01-20 14:00:55.038303+00:00,2026-01-20 14:00:39+00:00,2026-01-21 00:00:00+00:00,Michigan Wolverines,Indiana Hoosiers,h2h,full_game,-1800.0,1000.0,,,,,,,
931ce383b5d47f710c8318d7c719d8a5,BetUS,2026-01-20 14:00:55.038303+00:00,2026-01-20 14:00:39+00:00,2026-01-21 00:00:00+00:00,Michigan Wolverines,Indiana Hoosiers,spreads,full_game,,,-16.0,-110.0,16.0,-110.0,,,
931ce383b5d47f710c8318d7c719d8a5,BetUS,2026-01-20 14:00:55.038303+00:00,2026-01-20 14:00:39+00:00,2026-01-21 00:00:00+00:00,Michigan Wolverines,Indiana Hoosiers,totals,full_game,,,,,,,163.0,-110.0,-110.0
931ce383b5d47f710c8318d7c719d8a5,Bovada,2026-01-20 14:00:55.038303+00:00,2026-01-20 13:55:14+00:00,2026-01-21 00:00:00+00:00,Michigan Wolverines,Indiana Hoosiers,h2h,full_game,-2200.0,1000.0,,,,,,,
931ce383b5d47f710c8318d7c719d8a5,Bovada,2026-01-20 14:00:55.038303+00:00,2026-01-20 13:55:14+00:00,2026-01-21 00:00:00+00:00,Michigan Wolverines,Indiana Hoosiers,spreads,full_game,,,-15.5,-115.0,15.5,-105.0,,,
931ce383b5d47f710c8318d7c719d8a5,Bovada,2026-01-20 14:00:55.038303+00:00,2026-01-20 13:55:14+00:00,2026-01-21 00:00:00+00:00,Michigan Wolverines,Indiana Hoosiers,totals,full_game,,,,,,,163.0,-110.0,-110.0
600dda484d982a99a2c3af1f90b16271,BetOnline.ag,2026-01-20 14:00:55.038303+00:00,2026-01-20 14:00:18+00:00,2026-01-21 00:00:00+00:00,Iowa State Cyclones,UCF Knights,h2h,full_game,-1300.0,795.0,,,,,,,
600dda484d982a99a2c3af1f90b16271,BetOnline.ag,2026-01-20 14:00:55.038303+00:00,2026-01-20 14:00:18+00:00,2026-01-21 00:00:00+00:00,Iowa State Cyclones,UCF Knights,spreads,full_game,,,-14.0,-110.0,14.0,-110.0,,,
600dda484d982a99a2c3af1f90b16271,BetOnline.ag,2026-01-20 14:00:55.038303+00:00,2026-01-20 14:00:18+00:00,2026-01-21 00:00:00+00:00,Iowa State Cyclones,UCF Knights,totals,full_game,,,,,,,156.0,-110.0,-110.0
600dda484d982a99a2c3af1f90b16271,LowVig.ag,2026-01-20 14:00:55.038303+00:00,2026-01-20 14:00:41+00:00,2026-01-21 00:00:00+00:00,Iowa State Cyclones,UCF Knights,h2h,full_game,-1300.0,795.0,,,,,,,
600dda484d982a99a2c3af1f90b16271,LowVig.ag,2026-01-20 14:00:55.038303+00:00,2026-01-20 14:00:41+00:00,2026-01-21 00:00:00+00:00,Iowa State Cyclones,UCF Knights,spreads,full_game,,,-14.0,-106.0,14.0,-106.0,,,
600dda484d982a99a2c3af1f90b16271,LowVig.ag,2026-01-20 14:00:55.038303+00:00,2026-01-20 14:00:41+00:00,2026-01-21 00:00:00+00:00,Iowa State Cyclones,UCF Knights,totals,full_game,,,,,,,156.0,-108.0,-108.0
600dda484d982a99a2c3af1f90b16271,BetMGM,2026-01-20 14:00:55.038303+00:00,2026-01-20 13:59:57+00:00,2026-01-21 00:00:00+00:00,Iowa State Cyclones,UCF Knights,h2h,full_game,-1200.0,725.0,,,,,,,
600dda484d982a99a2c3af1f90b16271,BetMGM,2026-01-20 14:00:55.038303+00:00,2026-01-20 13:59:57+00:00,2026-01-21 00:00:00+00:00,Iowa State Cyclones,UCF Knights,spreads,full_game,,,-13.5,-118.0,13.5,-102.0,,,
600dda484d982a99a2c3af1f90b16271,BetMGM,2026-01-20 14:00:55.038303+00:00,2026-01-20 13:59:57+00:00,2026-01-21 00:00:00+00:00,Iowa State Cyclones,UCF Knights,totals,full_game,,,,,,,156.5,-105.0,-115.0
600dda484d982a99a2c3af1f90b16271,Fanatics,2026-01-20 14:00:55.038303+00:00,2026-01-20 14:00:17+00:00,2026-01-21 00:00:00+00:00,Iowa State Cyclones,UCF Knights,h2h,full_game,-1100.0,700.0,,,,,,,
600dda484d982a99a2c3af1f90b16271,Fanatics,2026-01-20 14:00:55.038303+00:00,2026-01-20 14:00:17+00:00,2026-01-21 00:00:00+00:00,Iowa State Cyclones,UCF Knights,spreads,full_game,,,-13.5,-110.0,13.5,-110.0,,,
600dda484d982a99a2c3af1f90b16271,Fanatics,2026-01-20 14:00:55.038303+00:00,2026-01-20 14:00:17+00:00,2026-01-21 00:00:00+00:00,Iowa State Cyclones,UCF Knights,totals,full_game,,,,,,,155.5,-110.0,-110.0
600dda484d982a99a2c3af1f90b16271,DraftKings,2026-01-20 14:00:55.038303+00:00,2026-01-20 14:00:39+00:00,2026-01-21 00:00:00+00:00,Iowa State Cyclones,UCF Knights,h2h,full_game,-1200.0,750.0,,,,,,,
600dda484d982a99a2c3af1f90b16271,DraftKings,2026-01-20 14:00:55.038303+00:00,2026-01-20 14:00:39+00:00,2026-01-21 00:00:00+00:00,Iowa State Cyclones,UCF Knights,spreads,full_game,,,-13.5,-118.0,13.5,-102.0,,,
600dda484d982a99a2c3af1f90b16271,DraftKings,2026-01-20 14:00:55.038303+00:00,2026-01-20 14:00:39+00:00,2026-01-21 00:00:00+00:00,Iowa State Cyclones,UCF Knights,totals,full_game,,,,,,,156.5,-105.0,-115.0
600dda484d982a99a2c3af1f90b16271,FanDuel,2026-01-20 14:00:55.038303+00:00,2026-01-20 13:59:57+00:00,2026-01-21 00:00:00+00:00,Iowa State Cyclones,UCF Knights,h2h,full_game,-1250.0,760.0,,,,,,,
600dda484d982a99a2c3af1f90b16271,FanDuel,2026-01-20 14:00:55.038303+00:00,2026-01-20 13:59:57+00:00,2026-01-21 00:00:00+00:00,Iowa State Cyclones,UCF Knights,spreads,full_game,,,-13.5,-120.0,13.5,-102.0,,,
600dda484d982a99a2c3af1f90b16271,FanDuel,2026-01-20 14:00:55.038303+00:00,2026-01-20 13:59:57+00:00,2026-01-21 00:00:00+00:00,Iowa State Cyclones,UCF Knights,totals,full_game,,,,,,,156.5,-110.0,-110.0
600dda484d982a99a2c3af1f90b16271,BetRivers,2026-01-20 14:00:55.038303+00:00,2026-01-20 14:00:17+00:00,2026-01-21 00:00:00+00:00,Iowa State Cyclones,UCF Knights,h2h,full_game,-1115.0,650.0,,,,,,,
600dda484d982a99a2c3af1f90b16271,BetRivers,2026-01-20 14:00:55.038303+00:00,2026-01-20 14:00:17+00:00,2026-01-21 00:00:00+00:00,Iowa State Cyclones,UCF Knights,spreads,full_game,,,-13.5,-118.0,13.5,-106.0,,,
600dda484d982a99a2c3af1f90b16271,Caesars,2026-01-20 14:00:55.038303+00:00,2026-01-20 14:00:33+00:00,2026-01-21 00:00:00+00:00,Iowa State Cyclones,UCF Knights,spreads,full_game,,,-14.0,-110.0,14.0,-110.0,,,
600dda484d982a99a2c3af1f90b16271,Caesars,2026-01-20 14:00:55.038303+00:00,2026-01-20 14:00:33+00:00,2026-01-21 00:00:00+00:00,Iowa State Cyclones,UCF Knights,totals,full_game,,,,,,,156.5,-110.0,-110.0
600dda484d982a99a2c3af1f90b16271,BetUS,2026-01-20 14:00:55.038303+00:00,2026-01-20 14:00:39+00:00,2026-01-21 00:00:00+00:00,Iowa State Cyclones,UCF Knights,h2h,full_game,-1300.0,780.0,,,,,,,
600dda484d982a99a2c3af1f90b16271,BetUS,2026-01-20 14:00:55.038303+00:00,2026-01-20 14:00:39+00:00,2026-01-21 00:00:00+00:00,Iowa State Cyclones,UCF Knights,spreads,full_game,,,-14.0,-110.0,14.0,-110.0,,,
600dda484d982a99a2c3af1f90b16271,BetUS,2026-01-20 14:00:55.038303+00:00,2026-01-20 14:00:39+00:00,2026-01-21 00:00:00+00:00,Iowa State Cyclones,UCF Knights,totals,full_game,,,,,,,156.0,-110.0,-110.0
600dda484d982a99a2c3af1f90b16271,Bovada,2026-01-20 14:00:55.038303+00:00,2026-01-20 13:55:14+00:00,2026-01-21 00:00:00+00:00,Iowa State Cyclones,UCF Knights,h2h,full_game,-1300.0,725.0,,,,,,,
600dda484d982a99a2c3af1f90b16271,Bovada,2026-01-20 14:00:55.038303+00:00,2026-01-20 13:55:14+00:00,2026-01-21 00:00:00+00:00,Iowa State Cyclones,UCF Knights,spreads,full_game,,,-13.5,-115.0,13.5,-105.0,,,
600dda484d982a99a2c3af1f90b16271,Bovada,2026-01-20 14:00:55.038303+00:00,2026-01-20 13:55:14+00:00,2026-01-21 00:00:00+00:00,Iowa State Cyclones,UCF Knights,totals,full_game,,,,,,,155.5,-110.0,-110.0
fba33db9d46e5f8a7795a605a84f7125,BetOnline.ag,2026-01-20 14:00:55.038303+00:00,2026-01-20 14:00:18+00:00,2026-01-21 00:00:00+00:00,Kent State Golden Flashes,Miami (OH) RedHawks,h2h,full_game,100.0,-120.0,,,,,,,
fba33db9d46e5f8a7795a605a84f7125,BetOnline.ag,2026-01-20 14:00:55.038303+00:00,2026-01-20 14:00:18+00:00,2026-01-21 00:00:00+00:00,Kent State Golden Flashes,Miami (OH) RedHawks,spreads,full_game,,,1.0,-105.0,-1.0,-115.0,,,
fba33db9d46e5f8a7795a605a84f7125,BetOnline.ag,2026-01-20 14:00:55.038303+00:00,2026-01-20 14:00:18+00:00,2026-01-21 00:00:00+00:00,Kent State Golden Flashes,Miami (OH) RedHawks,totals,full_game,,,,,,,168.5,-110.0,-110.0
fba33db9d46e5f8a7795a605a84f7125,LowVig.ag,2026-01-20 14:00:55.038303+00:00,2026-01-20 14:00:41+00:00,2026-01-21 00:00:00+00:00,Kent State Golden Flashes,Miami (OH) RedHawks,h2h,full_game,100.0,-120.0,,,,,,,
fba33db9d46e5f8a7795a605a84f7125,LowVig.ag,2026-01-20 14:00:55.038303+00:00,2026-01-20 14:00:41+00:00,2026-01-21 00:00:00+00:00,Kent State Golden Flashes,Miami (OH) RedHawks,spreads,full_game,,,1.0,-101.0,-1.0,-111.0,,,
fba33db9d46e5f8a7795a605a84f7125,LowVig.ag,2026-01-20 14:00:55.038303+00:00,2026-01-20 14:00:41+00:00,2026-01-21 00:00:00+00:00,Kent State Golden Flashes,Miami (OH) RedHawks,totals,full_game,,,,,,,168.5,-108.0,-108.0
fba33db9d46e5f8a7795a605a84f7125,BetMGM,2026-01-20 14:00:55.038303+00:00,2026-01-20 13:59:57+00:00,2026-01-21 00:00:00+00:00,Kent State Golden Flashes,Miami (OH) RedHawks,h2h,full_game,-105.0,-115.0,,,,,,,
fba33db9d46e5f8a7795a605a84f7125,BetMGM,2026-01-20 14:00:55.038303+00:00,2026-01-20 13:59:57+00:00,2026-01-21 00:00:00+00:00,Kent State Golden Flashes,Miami (OH) RedHawks,totals,full_game,,,,,,,168.5,-115.0,-105.0
fba33db9d46e5f8a7795a605a84f7125,Fanatics,2026-01-20 14:00:55.038303+00:00,2026-01-20 14:00:17+00:00,2026-01-21 00:00:00+00:00,Kent State Golden Flashes,Miami (OH) RedHawks,h2h,full_game,100.0,-120.0,,,,,,,
fba33db9d46e5f8a7795a605a84f7125,Fanatics,2026-01-20 14:00:55.038303+00:00,2026-01-20 14:00:17+00:00,2026-01-21 00:00:00+00:00,Kent State Golden Flashes,Miami (OH) RedHawks,spreads,full_game,,,1.0,-110.0,-1.0,-110.0,,,
fba33db9d46e5f8a7795a605a84f7125,Fanatics,2026-01-20 14:00:55.038303+00:00,2026-01-20 14:00:17+00:00,2026-01-21 00:00:00+00:00,Kent State Golden Flashes,Miami (OH) RedHawks,totals,full_game,,,,,,,169.5,-110.0,-110.0
fba33db9d46e5f8a7795a605a84f7125,DraftKings,2026-01-20 14:00:55.038303+00:00,2026-01-20 14:00:39+00:00,2026-01-21 00:00:00+00:00,Kent State Golden Flashes,Miami (OH) RedHawks,h2h,full_game,100.0,-120.0,,,,,,,
fba33db9d46e5f8a7795a605a84f7125,DraftKings,2026-01-20 14:00:55.038303+00:00,2026-01-20 14:00:39+00:00,2026-01-21 00:00:00+00:00,Kent State Golden Flashes,Miami (OH) RedHawks,spreads,full_game,,,1.5,-115.0,-1.5,-105.0,,,
fba33db9d46e5f8a7795a605a84f7125,DraftKings,2026-01-20 14:00:55.038303+00:00,2026-01-20 14:00:39+00:00,2026-01-21 00:00:00+00:00,Kent State Golden Flashes,Miami (OH) RedHawks,totals,full_game,,,,,,,168.5,-115.0,-105.0
fba33db9d46e5f8a7795a605a84f7125,BetRivers,2026-01-20 14:00:55.038303+00:00,2026-01-20 14:00:17+00:00,2026-01-21 00:00:00+00:00,Kent State Golden Flashes,Miami (OH) RedHawks,h2h,full_game,-108.0,-118.0,,,,,,,
fba33db9d46e5f8a7795a605a84f7125,BetRivers,2026-01-20 14:00:55.038303+00:00,2026-01-20 14:00:17+00:00,2026-01-21 00:00:00+00:00,Kent State Golden Flashes,Miami (OH) RedHawks,spreads,full_game,,,0.5,-108.0,-0.5,-118.0,,,
fba33db9d46e5f8a7795a605a84f7125,Caesars,2026-01-20 14:00:55.038303+00:00,2026-01-20 14:00:34+00:00,2026-01-21 00:00:00+00:00,Kent State Golden Flashes,Miami (OH) RedHawks,spreads,full_game,,,1.0,-110.0,-1.0,-110.0,,,
fba33db9d46e5f8a7795a605a84f7125,Caesars,2026-01-20 14:00:55.038303+00:00,2026-01-20 14:00:34+00:00,2026-01-21 00:00:00+00:00,Kent State Golden Flashes,Miami (OH) RedHawks,totals,full_game,,,,,,,168.5,-110.0,-110.0
fba33db9d46e5f8a7795a605a84f7125,BetUS,2026-01-20 14:00:55.038303+00:00,2026-01-20 14:00:39+00:00,2026-01-21 00:00:00+00:00,Kent State Golden Flashes,Miami (OH) RedHawks,h2h,full_game,100.0,-120.0,,,,,,,
fba33db9d46e5f8a7795a605a84f7125,BetUS,2026-01-20 14:00:55.038303+00:00,2026-01-20 14:00:39+00:00,2026-01-21 00:00:00+00:00,Kent State Golden Flashes,Miami (OH) RedHawks,spreads,full_game,,,1.0,-105.0,-1.0,-115.0,,,
fba33db9d46e5f8a7795a605a84f7125,BetUS,2026-01-20 14:00:55.038303+00:00,2026-01-20 14:00:39+00:00,2026-01-21 00:00:00+00:00,Kent State Golden Flashes,Miami (OH) RedHawks,totals,full_game,,,,,,,169.0,-110.0,-110.0
fba33db9d46e5f8a7795a605a84f7125,FanDuel,2026-01-20 14:00:55.038303+00:00,2026-01-20 13:59:57+00:00,2026-01-21 00:00:00+00:00,Kent State Golden Flashes,Miami (OH) RedHawks,h2h,full_game,-102.0,-118.0,,,,,,,
fba33db9d46e5f8a7795a605a84f7125,FanDuel,2026-01-20 14:00:55.038303+00:00,2026-01-20 13:59:57+00:00,2026-01-21 00:00:00+00:00,Kent State Golden Flashes,Miami (OH) RedHawks,spreads,full_game,,,1.5,-118.0,-1.5,-104.0,,,
fba33db9d46e5f8a7795a605a84f7125,FanDuel,2026-01-20 14:00:55.038303+00:00,2026-01-20 13:59:57+00:00,2026-01-21 00:00:00+00:00,Kent State Golden Flashes,Miami (OH) RedHawks,totals,full_game,,,,,,,168.5,-104.0,-118.0
fba33db9d46e5f8a7795a605a84f7125,Bovada,2026-01-20 14:00:55.038303+00:00,2026-01-20 13:55:14+00:00,2026-01-21 00:00:00+00:00,Kent State Golden Flashes,Miami (OH) RedHawks,h2h,full_game,100.0,-120.0,,,,,,,
fba33db9d46e5f8a7795a605a84f7125,Bovada,2026-01-20 14:00:55.038303+00:00,2026-01-20 13:55:14+00:00,2026-01-21 00:00:00+00:00,Kent State Golden Flashes,Miami (OH) RedHawks,spreads,full_game,,,1.5,-110.0,-1.5,-110.0,,,
fba33db9d46e5f8a7795a605a84f7125,Bovada,2026-01-20 14:00:55.038303+00:00,2026-01-20 13:55:14+00:00,2026-01-21 00:00:00+00:00,Kent State Golden Flashes,Miami (OH) RedHawks,totals,full_game,,,,,,,169.5,-110.0,-110.0
1f06768b3ac4be7373e4fafc5c406838,BetOnline.ag,2026-01-20 14:00:55.038303+00:00,2026-01-20 14:00:18+00:00,2026-01-21 00:00:00+00:00,St. Bonaventure Bonnies,Loyola (Chi) Ramblers,h2h,full_game,-725.0,520.0,,,,,,,
1f06768b3ac4be7373e4fafc5c406838,BetOnline.ag,2026-01-20 14:00:55.038303+00:00,2026-01-20 14:00:18+00:00,2026-01-21 00:00:00+00:00,St. Bonaventure Bonnies,Loyola (Chi) Ramblers,spreads,full_game,,,-11.5,-110.0,11.5,-110.0,,,
1f06768b3ac4be7373e4fafc5c406838,BetOnline.ag,2026-01-20 14:00:55.038303+00:00,2026-01-20 14:00:18+00:00,2026-01-21 00:00:00+00:00,St. Bonaventure Bonnies,Loyola (Chi) Ramblers,totals,full_game,,,,,,,147.0,-115.0,-105.0
1f06768b3ac4be7373e4fafc5c406838,LowVig.ag,2026-01-20 14:00:55.038303+00:00,2026-01-20 14:00:41+00:00,2026-01-21 00:00:00+00:00,St. Bonaventure Bonnies,Loyola (Chi) Ramblers,h2h,full_game,-725.0,520.0,,,,,,,
1f06768b3ac4be7373e4fafc5c406838,LowVig.ag,2026-01-20 14:00:55.038303+00:00,2026-01-20 14:00:41+00:00,2026-01-21 00:00:00+00:00,St. Bonaventure Bonnies,Loyola (Chi) Ramblers,spreads,full_game,,,-11.5,-106.0,11.5,-106.0,,,
1f06768b3ac4be7373e4fafc5c406838,LowVig.ag,2026-01-20 14:00:55.038303+00:00,2026-01-20 14:00:41+00:00,2026-01-21 00:00:00+00:00,St. Bonaventure Bonnies,Loyola (Chi) Ramblers,totals,full_game,,,,,,,147.0,-113.0,-103.0
1f06768b3ac4be7373e4fafc5c406838,DraftKings,2026-01-20 14:00:55.038303+00:00,2026-01-20 14:00:39+00:00,2026-01-21 00:00:00+00:00,St. Bonaventure Bonnies,Loyola (Chi) Ramblers,h2h,full_game,-700.0,500.0,,,,,,,
1f06768b3ac4be7373e4fafc5c406838,DraftKings,2026-01-20 14:00:55.038303+00:00,2026-01-20 14:00:39+00:00,2026-01-21 00:00:00+00:00,St. Bonaventure Bonnies,Loyola (Chi) Ramblers,spreads,full_game,,,-11.5,-110.0,11.5,-110.0,,,
1f06768b3ac4be7373e4fafc5c406838,DraftKings,2026-01-20 14:00:55.038303+00:00,2026-01-20 14:00:39+00:00,2026-01-21 00:00:00+00:00,St. Bonaventure Bonnies,Loyola (Chi) Ramblers,totals,full_game,,,,,,,147.5,-110.0,-110.0
1f06768b3ac4be7373e4fafc5c406838,Fanatics,2026-01-20 14:00:55.038303+00:00,2026-01-20 14:00:17+00:00,2026-01-21 00:00:00+00:00,St. Bonaventure Bonnies,Loyola (Chi) Ramblers,h2h,full_game,-700.0,475.0,,,,,,,
1f06768b3ac4be7373e4fafc5c406838,Fanatics,2026-01-20 14:00:55.038303+00:00,2026-01-20 14:00:17+00:00,2026-01-21 00:00:00+00:00,St. Bonaventure Bonnies,Loyola (Chi) Ramblers,spreads,full_game,,,-11.0,-110.0,11.0,-110.0,,,
1f06768b3ac4be7373e4fafc5c406838,Fanatics,2026-01-20 14:00:55.038303+00:00,2026-01-20 14:00:17+00:00,2026-01-21 00:00:00+00:00,St. Bonaventure Bonnies,Loyola (Chi) Ramblers,totals,full_game,,,,,,,147.5,-110.0,-110.0
1f06768b3ac4be7373e4fafc5c406838,BetRivers,2026-01-20 14:00:55.038303+00:00,2026-01-20 14:00:17+00:00,2026-01-21 00:00:00+00:00,St. Bonaventure Bonnies,Loyola (Chi) Ramblers,h2h,full_game,-770.0,480.0,,,,,,,
1f06768b3ac4be7373e4fafc5c406838,BetRivers,2026-01-20 14:00:55.038303+00:00,2026-01-20 14:00:17+00:00,2026-01-21 00:00:00+00:00,St. Bonaventure Bonnies,Loyola (Chi) Ramblers,spreads,full_game,,,-11.5,-114.0,11.5,-112.0,,,
1f06768b3ac4be7373e4fafc5c406838,BetUS,2026-01-20 14:00:55.038303+00:00,2026-01-20 14:00:39+00:00,2026-01-21 00:00:00+00:00,St. Bonaventure Bonnies,Loyola (Chi) Ramblers,h2h,full_game,-725.0,515.0,,,,,,,
1f06768b3ac4be7373e4fafc5c406838,BetUS,2026-01-20 14:00:55.038303+00:00,2026-01-20 14:00:39+00:00,2026-01-21 00:00:00+00:00,St. Bonaventure Bonnies,Loyola (Chi) Ramblers,spreads,full_game,,,-11.5,-110.0,11.5,-110.0,,,
1f06768b3ac4be7373e4fafc5c406838,BetUS,2026-01-20 14:00:55.038303+00:00,2026-01-20 14:00:39+00:00,2026-01-21 00:00:00+00:00,St. Bonaventure Bonnies,Loyola (Chi) Ramblers,totals,full_game,,,,,,,147.5,-110.0,-110.0
1f06768b3ac4be7373e4fafc5c406838,FanDuel,2026-01-20 14:00:55.038303+00:00,2026-01-20 13:59:57+00:00,2026-01-21 00:00:00+00:00,St. Bonaventure Bonnies,Loyola (Chi) Ramblers,h2h,full_game,-750.0,520.0,,,,,,,
1f06768b3ac4be7373e4fafc5c406838,FanDuel,2026-01-20 14:00:55.038303+00:00,2026-01-20 13:59:57+00:00,2026-01-21 00:00:00+00:00,St. Bonaventure Bonnies,Loyola (Chi) Ramblers,spreads,full_game,,,-10.5,-120.0,10.5,-102.0,,,
1f06768b3ac4be7373e4fafc5c406838,FanDuel,2026-01-20 14:00:55.038303+00:00,2026-01-20 13:59:57+00:00,2026-01-21 00:00:00+00:00,St. Bonaventure Bonnies,Loyola (Chi) Ramblers,totals,full_game,,,,,,,147.5,-115.0,-105.0
1f06768b3ac4be7373e4fafc5c406838,BetMGM,2026-01-20 14:00:55.038303+00:00,2026-01-20 13:59:57+00:00,2026-01-21 00:00:00+00:00,St. Bonaventure Bonnies,Loyola (Chi) Ramblers,h2h,full_game,-700.0,500.0,,,,,,,
1f06768b3ac4be7373e4fafc5c406838,BetMGM,2026-01-20 14:00:55.038303+00:00,2026-01-20 13:59:57+00:00,2026-01-21 00:00:00+00:00,St. Bonaventure Bonnies,Loyola (Chi) Ramblers,spreads,full_game,,,-11.5,-110.0,11.5,-110.0,,,
1f06768b3ac4be7373e4fafc5c406838,BetMGM,2026-01-20 14:00:55.038303+00:00,2026-01-20 13:59:57+00:00,2026-01-21 00:00:00+00:00,St. Bonaventure Bonnies,Loyola (Chi) Ramblers,totals,full_game,,,,,,,147.5,-115.0,-105.0
1f06768b3ac4be7373e4fafc5c406838,Bovada,2026-01-20 14:00:55.038303+00:00,2026-01-20 13:55:14+00:00,2026-01-21 00:00:00+00:00,St. Bonaventure Bonnies,Loyola (Chi) Ramblers,h2h,full_game,-800.0,525.0,,,,,,,
1f06768b3ac4be7373e4fafc5c406838,Bovada,2026-01-20 14:00:55.038303+00:00,2026-01-20 13:55:14+00:00,2026-01-21 00:00:00+00:00,St. Bonaventure Bonnies,Loyola (Chi) Ramblers,spreads,full_game,,,-11.0,-105.0,11.0,-115.0,,,
1f06768b3ac4be7373e4fafc5c406838,Bovada,2026-01-20 14:00:55.038303+00:00,2026-01-20 13:55:14+00:00,2026-01-21 00:00:00+00:00,St. Bonaventure Bonnies,Loyola (Chi) Ramblers,totals,full_game,,,,,,,147.5,-105.0,-115.0
77273457f930b32bbb6299ae32b1d4c0,BetOnline.ag,2026-01-20 14:00:55.038303+00:00,2026-01-20 14:00:18+00:00,2026-01-21 00:00:00+00:00,Ohio Bobcats,Northern Illinois Huskies,h2h,full_game,-1000.0,661.0,,,,,,,
77273457f930b32bbb6299ae32b1d4c0,BetOnline.ag,2026-01-20 14:00:55.038303+00:00,2026-01-20 14:00:18+00:00,2026-01-21 00:00:00+00:00,Ohio Bobcats,Northern Illinois Huskies,spreads,full_game,,,-13.0,-110.0,13.0,-110.0,,,
77273457f930b32bbb6299ae32b1d4c0,BetOnline.ag,2026-01-20 14:00:55.038303+00:00,2026-01-20 14:00:18+00:00,2026-01-21 00:00:00+00:00,Ohio Bobcats,Northern Illinois Huskies,totals,full_game,,,,,,,153.0,-105.0,-115.0
77273457f930b32bbb6299ae32b1d4c0,LowVig.ag,2026-01-20 14:00:55.038303+00:00,2026-01-20 14:00:41+00:00,2026-01-21 00:00:00+00:00,Ohio Bobcats,Northern Illinois Huskies,h2h,full_game,-1000.0,661.0,,,,,,,
77273457f930b32bbb6299ae32b1d4c0,LowVig.ag,2026-01-20 14:00:55.038303+00:00,2026-01-20 14:00:41+00:00,2026-01-21 00:00:00+00:00,Ohio Bobcats,Northern Illinois Huskies,spreads,full_game,,,-13.0,-106.0,13.0,-106.0,,,
77273457f930b32bbb6299ae32b1d4c0,LowVig.ag,2026-01-20 14:00:55.038303+00:00,2026-01-20 14:00:41+00:00,2026-01-21 00:00:00+00:00,Ohio Bobcats,Northern Illinois Huskies,totals,full_game,,,,,,,153.0,-103.0,-113.0
77273457f930b32bbb6299ae32b1d4c0,DraftKings,2026-01-20 14:00:55.038303+00:00,2026-01-20 14:00:39+00:00,2026-01-21 00:00:00+00:00,Ohio Bobcats,Northern Illinois Huskies,h2h,full_game,-950.0,625.0,,,,,,,
77273457f930b32bbb6299ae32b1d4c0,DraftKings,2026-01-20 14:00:55.038303+00:00,2026-01-20 14:00:39+00:00,2026-01-21 00:00:00+00:00,Ohio Bobcats,Northern Illinois Huskies,spreads,full_game,,,-12.5,-108.0,12.5,-112.0,,,
77273457f930b32bbb6299ae32b1d4c0,DraftKings,2026-01-20 14:00:55.038303+00:00,2026-01-20 14:00:39+00:00,2026-01-21 00:00:00+00:00,Ohio Bobcats,Northern Illinois Huskies,totals,full_game,,,,,,,153.5,-105.0,-115.0
77273457f930b32bbb6299ae32b1d4c0,Fanatics,2026-01-20 14:00:55.038303+00:00,2026-01-20 14:00:17+00:00,2026-01-21 00:00:00+00:00,Ohio Bobcats,Northern Illinois Huskies,h2h,full_game,-1100.0,700.0,,,,,,,
77273457f930b32bbb6299ae32b1d4c0,Fanatics,2026-01-20 14:00:55.038303+00:00,2026-01-20 14:00:17+00:00,2026-01-21 00:00:00+00:00,Ohio Bobcats,Northern Illinois Huskies,spreads,full_game,,,-13.0,-110.0,13.0,-110.0,,,
77273457f930b32bbb6299ae32b1d4c0,Fanatics,2026-01-20 14:00:55.038303+00:00,2026-01-20 14:00:17+00:00,2026-01-21 00:00:00+00:00,Ohio Bobcats,Northern Illinois Huskies,totals,full_game,,,,,,,152.5,-110.0,-110.0
77273457f930b32bbb6299ae32b1d4c0,BetUS,2026-01-20 14:00:55.038303+00:00,2026-01-20 14:00:39+00:00,2026-01-21 00:00:00+00:00,Ohio Bobcats,Northern Illinois Huskies,h2h,full_game,-1000.0,650.0,,,,,,,
77273457f930b32bbb6299ae32b1d4c0,BetUS,2026-01-20 14:00:55.038303+00:00,2026-01-20 14:00:39+00:00,2026-01-21 00:00:00+00:00,Ohio Bobcats,Northern Illinois Huskies,spreads,full_game,,,-13.0,-110.0,13.0,-110.0,,,
77273457f930b32bbb6299ae32b1d4c0,BetUS,2026-01-20 14:00:55.038303+00:00,2026-01-20 14:00:39+00:00,2026-01-21 00:00:00+00:00,Ohio Bobcats,Northern Illinois Huskies,totals,full_game,,,,,,,153.0,-110.0,-110.0
77273457f930b32bbb6299ae32b1d4c0,FanDuel,2026-01-20 14:00:55.038303+00:00,2026-01-20 13:59:57+00:00,2026-01-21 00:00:00+00:00,Ohio Bobcats,Northern Illinois Huskies,h2h,full_game,-1050.0,660.0,,,,,,,
77273457f930b32bbb6299ae32b1d4c0,FanDuel,2026-01-20 14:00:55.038303+00:00,2026-01-20 13:59:57+00:00,2026-01-21 00:00:00+00:00,Ohio Bobcats,Northern Illinois Huskies,spreads,full_game,,,-12.5,-110.0,12.5,-110.0,,,
77273457f930b32bbb6299ae32b1d4c0,FanDuel,2026-01-20 14:00:55.038303+00:00,2026-01-20 13:59:57+00:00,2026-01-21 00:00:00+00:00,Ohio Bobcats,Northern Illinois Huskies,totals,full_game,,,,,,,153.5,-115.0,-105.0
77273457f930b32bbb6299ae32b1d4c0,BetMGM,2026-01-20 14:00:55.038303+00:00,2026-01-20 13:59:57+00:00,2026-01-21 00:00:00+00:00,Ohio Bobcats,Northern Illinois Huskies,h2h,full_game,-1000.0,625.0,,,,,,,
77273457f930b32bbb6299ae32b1d4c0,BetMGM,2026-01-20 14:00:55.038303+00:00,2026-01-20 13:59:57+00:00,2026-01-21 00:00:00+00:00,Ohio Bobcats,Northern Illinois Huskies,totals,full_game,,,,,,,152.5,-110.0,-110.0
77273457f930b32bbb6299ae32b1d4c0,Bovada,2026-01-20 14:00:55.038303+00:00,2026-01-20 13:55:14+00:00,2026-01-21 00:00:00+00:00,Ohio Bobcats,Northern Illinois Huskies,h2h,full_game,-1100.0,650.0,,,,,,,
77273457f930b32bbb6299ae32b1d4c0,Bovada,2026-01-20 14:00:55.038303+00:00,2026-01-20 13:55:14+00:00,2026-01-21 00:00:00+00:00,Ohio Bobcats,Northern Illinois Huskies,spreads,full_game,,,-12.5,-115.0,12.5,-105.0,,,
77273457f930b32bbb6299ae32b1d4c0,Bovada,2026-01-20 14:00:55.038303+00:00,2026-01-20 13:55:14+00:00,2026-01-21 00:00:00+00:00,Ohio Bobcats,Northern Illinois Huskies,totals,full_game,,,,,,,153.0,-110.0,-110.0
77273457f930b32bbb6299ae32b1d4c0,BetRivers,2026-01-20 14:00:55.038303+00:00,2026-01-20 14:00:17+00:00,2026-01-21 00:00:00+00:00,Ohio Bobcats,Northern Illinois Huskies,h2h,full_game,-1000.0,575.0,,,,,,,
77273457f930b32bbb6299ae32b1d4c0,BetRivers,2026-01-20 14:00:55.038303+00:00,2026-01-20 14:00:17+00:00,2026-01-21 00:00:00+00:00,Ohio Bobcats,Northern Illinois Huskies,spreads,full_game,,,-12.5,-112.0,12.5,-112.0,,,
c0602d78e0c5b6ee39e515119da29b52,DraftKings,2026-01-20 14:00:55.038303+00:00,2026-01-20 14:00:39+00:00,2026-01-21 00:00:00+00:00,South Carolina Gamecocks,Oklahoma Sooners,h2h,full_game,-108.0,-112.0,,,,,,,
c0602d78e0c5b6ee39e515119da29b52,DraftKings,2026-01-20 14:00:55.038303+00:00,2026-01-20 14:00:39+00:00,2026-01-21 00:00:00+00:00,South Carolina Gamecocks,Oklahoma Sooners,spreads,full_game,,,1.5,-125.0,-1.5,105.0,,,
c0602d78e0c5b6ee39e515119da29b52,DraftKings,2026-01-20 14:00:55.038303+00:00,2026-01-20 14:00:39+00:00,2026-01-21 00:00:00+00:00,South Carolina Gamecocks,Oklahoma Sooners,totals,full_game,,,,,,,150.5,-108.0,-112.0
c0602d78e0c5b6ee39e515119da29b52,Fanatics,2026-01-20 14:00:55.038303+00:00,2026-01-20 14:00:17+00:00,2026-01-21 00:00:00+00:00,South Carolina Gamecocks,Oklahoma Sooners,h2h,full_game,-110.0,-110.0,,,,,,,
c0602d78e0c5b6ee39e515119da29b52,Fanatics,2026-01-20 14:00:55.038303+00:00,2026-01-20 14:00:17+00:00,2026-01-21 00:00:00+00:00,South Carolina Gamecocks,Oklahoma Sooners,spreads,full_game,,,-1.0,-110.0,1.0,-110.0,,,
c0602d78e0c5b6ee39e515119da29b52,Fanatics,2026-01-20 14:00:55.038303+00:00,2026-01-20 14:00:17+00:00,2026-01-21 00:00:00+00:00,South Carolina Gamecocks,Oklahoma Sooners,totals,full_game,,,,,,,150.0,-110.0,-110.0
c0602d78e0c5b6ee39e515119da29b52,LowVig.ag,2026-01-20 14:00:55.038303+00:00,2026-01-20 14:00:41+00:00,2026-01-21 00:00:00+00:00,South Carolina Gamecocks,Oklahoma Sooners,spreads,full_game,,,0.0,-106.0,0.0,-106.0,,,
c0602d78e0c5b6ee39e515119da29b52,LowVig.ag,2026-01-20 14:00:55.038303+00:00,2026-01-20 14:00:41+00:00,2026-01-21 00:00:00+00:00,South Carolina Gamecocks,Oklahoma Sooners,totals,full_game,,,,,,,150.0,-108.0,-108.0
c0602d78e0c5b6ee39e515119da29b52,BetOnline.ag,2026-01-20 14:00:55.038303+00:00,2026-01-20 14:00:18+00:00,2026-01-21 00:00:00+00:00,South Carolina Gamecocks,Oklahoma Sooners,spreads,full_game,,,0.0,-110.0,0.0,-110.0,,,
c0602d78e0c5b6ee39e515119da29b52,BetOnline.ag,2026-01-20 14:00:55.038303+00:00,2026-01-20 14:00:18+00:00,2026-01-21 00:00:00+00:00,South Carolina Gamecocks,Oklahoma Sooners,totals,full_game,,,,,,,150.0,-110.0,-110.0
c0602d78e0c5b6ee39e515119da29b52,FanDuel,2026-01-20 14:00:55.038303+00:00,2026-01-20 13:59:57+00:00,2026-01-21 00:00:00+00:00,South Carolina Gamecocks,Oklahoma Sooners,h2h,full_game,-115.0,-104.0,,,,,,,
c0602d78e0c5b6ee39e515119da29b52,FanDuel,2026-01-20 14:00:55.038303+00:00,2026-01-20 13:59:57+00:00,2026-01-21 00:00:00+00:00,South Carolina Gamecocks,Oklahoma Sooners,spreads,full_game,,,-1.5,100.0,1.5,-122.0,,,
c0602d78e0c5b6ee39e515119da29b52,FanDuel,2026-01-20 14:00:55.038303+00:00,2026-01-20 13:59:57+00:00,2026-01-21 00:00:00+00:00,South Carolina Gamecocks,Oklahoma Sooners,totals,full_game,,,,,,,149.5,-110.0,-110.0
c0602d78e0c5b6ee39e515119da29b52,BetMGM,2026-01-20 14:00:55.038303+00:00,2026-01-20 13:59:57+00:00,2026-01-21 00:00:00+00:00,South Carolina Gamecocks,Oklahoma Sooners,h2h,full_game,-110.0,-110.0,,,,,,,
c0602d78e0c5b6ee39e515119da29b52,BetMGM,2026-01-20 14:00:55.038303+00:00,2026-01-20 13:59:57+00:00,2026-01-21 00:00:00+00:00,South Carolina Gamecocks,Oklahoma Sooners,spreads,full_game,,,-1.5,100.0,1.5,-120.0,,,
c0602d78e0c5b6ee39e515119da29b52,BetMGM,2026-01-20 14:00:55.038303+00:00,2026-01-20 13:59:57+00:00,2026-01-21 00:00:00+00:00,South Carolina Gamecocks,Oklahoma Sooners,totals,full_game,,,,,,,150.5,-105.0,-115.0
c0602d78e0c5b6ee39e515119da29b52,BetRivers,2026-01-20 14:00:55.038303+00:00,2026-01-20 14:00:17+00:00,2026-01-21 00:00:00+00:00,South Carolina Gamecocks,Oklahoma Sooners,h2h,full_game,-112.0,-114.0,,,,,,,
c0602d78e0c5b6ee39e515119da29b52,BetRivers,2026-01-20 14:00:55.038303+00:00,2026-01-20 14:00:17+00:00,2026-01-21 00:00:00+00:00,South Carolina Gamecocks,Oklahoma Sooners,spreads,full_game,,,-0.5,-112.0,0.5,-114.0,,,
c0602d78e0c5b6ee39e515119da29b52,Caesars,2026-01-20 14:00:55.038303+00:00,2026-01-20 14:00:34+00:00,2026-01-21 00:00:00+00:00,South Carolina Gamecocks,Oklahoma Sooners,spreads,full_game,,,0.0,-110.0,-0.0,-110.0,,,
c0602d78e0c5b6ee39e515119da29b52,Caesars,2026-01-20 14:00:55.038303+00:00,2026-01-20 14:00:34+00:00,2026-01-21 00:00:00+00:00,South Carolina Gamecocks,Oklahoma Sooners,totals,full_game,,,,,,,150.0,-110.0,-110.0
c0602d78e0c5b6ee39e515119da29b52,BetUS,2026-01-20 14:00:55.038303+00:00,2026-01-20 14:00:39+00:00,2026-01-21 00:00:00+00:00,South Carolina Gamecocks,Oklahoma Sooners,spreads,full_game,,,0.0,-110.0,0.0,-110.0,,,
c0602d78e0c5b6ee39e515119da29b52,BetUS,2026-01-20 14:00:55.038303+00:00,2026-01-20 14:00:39+00:00,2026-01-21 00:00:00+00:00,South Carolina Gamecocks,Oklahoma Sooners,totals,full_game,,,,,,,150.5,-110.0,-110.0
c0602d78e0c5b6ee39e515119da29b52,Bovada,2026-01-20 14:00:55.038303+00:00,2026-01-20 13:55:14+00:00,2026-01-21 00:00:00+00:00,South Carolina Gamecocks,Oklahoma Sooners,h2h,full_game,-115.0,-105.0,,,,,,,
c0602d78e0c5b6ee39e515119da29b52,Bovada,2026-01-20 14:00:55.038303+00:00,2026-01-20 13:55:14+00:00,2026-01-21 00:00:00+00:00,South Carolina Gamecocks,Oklahoma Sooners,spreads,full_game,,,1.0,-110.0,-1.0,-110.0,,,
c0602d78e0c5b6ee39e515119da29b52,Bovada,2026-01-20 14:00:55.038303+00:00,2026-01-20 13:55:14+00:00,2026-01-21 00:00:00+00:00,South Carolina Gamecocks,Oklahoma Sooners,totals,full_game,,,,,,,150.0,-110.0,-110.0
f2eecc8c9d97f488e109228c5a6a3bc0,BetOnline.ag,2026-01-20 14:00:55.038303+00:00,2026-01-20 14:00:18+00:00,2026-01-21 00:00:00+00:00,St. John's Red Storm,Seton Hall Pirates,h2h,full_game,-525.0,400.0,,,,,,,
f2eecc8c9d97f488e109228c5a6a3bc0,BetOnline.ag,2026-01-20 14:00:55.038303+00:00,2026-01-20 14:00:18+00:00,2026-01-21 00:00:00+00:00,St. John's Red Storm,Seton Hall Pirates,spreads,full_game,,,-10.0,-105.0,10.0,-115.0,,,
f2eecc8c9d97f488e109228c5a6a3bc0,BetOnline.ag,2026-01-20 14:00:55.038303+00:00,2026-01-20 14:00:18+00:00,2026-01-21 00:00:00+00:00,St. John's Red Storm,Seton Hall Pirates,totals,full_game,,,,,,,144.5,-110.0,-110.0
f2eecc8c9d97f488e109228c5a6a3bc0,LowVig.ag,2026-01-20 14:00:55.038303+00:00,2026-01-20 14:00:41+00:00,2026-01-21 00:00:00+00:00,St. John's Red Storm,Seton Hall Pirates,h2h,full_game,-525.0,400.0,,,,,,,
f2eecc8c9d97f488e109228c5a6a3bc0,LowVig.ag,2026-01-20 14:00:55.038303+00:00,2026-01-20 14:00:41+00:00,2026-01-21 00:00:00+00:00,St. John's Red Storm,Seton Hall Pirates,spreads,full_game,,,-10.0,-101.0,10.0,-111.0,,,
f2eecc8c9d97f488e109228c5a6a3bc0,LowVig.ag,2026-01-20 14:00:55.038303+00:00,2026-01-20 14:00:41+00:00,2026-01-21 00:00:00+00:00,St. John's Red Storm,Seton Hall Pirates,totals,full_game,,,,,,,144.5,-108.0,-108.0
f2eecc8c9d97f488e109228c5a6a3bc0,BetMGM,2026-01-20 14:00:55.038303+00:00,2026-01-20 13:59:57+00:00,2026-01-21 00:00:00+00:00,St. John's Red Storm,Seton Hall Pirates,h2h,full_game,-500.0,375.0,,,,,,,
f2eecc8c9d97f488e109228c5a6a3bc0,BetMGM,2026-01-20 14:00:55.038303+00:00,2026-01-20 13:59:57+00:00,2026-01-21 00:00:00+00:00,St. John's Red Storm,Seton Hall Pirates,totals,full_game,,,,,,,144.5,-115.0,-105.0
f2eecc8c9d97f488e109228c5a6a3bc0,Fanatics,2026-01-20 14:00:55.038303+00:00,2026-01-20 14:00:17+00:00,2026-01-21 00:00:00+00:00,St. John's Red Storm,Seton Hall Pirates,h2h,full_game,-500.0,375.0,,,,,,,
f2eecc8c9d97f488e109228c5a6a3bc0,Fanatics,2026-01-20 14:00:55.038303+00:00,2026-01-20 14:00:17+00:00,2026-01-21 00:00:00+00:00,St. John's Red Storm,Seton Hall Pirates,spreads,full_game,,,-9.5,-110.0,9.5,-110.0,,,
f2eecc8c9d97f488e109228c5a6a3bc0,Fanatics,2026-01-20 14:00:55.038303+00:00,2026-01-20 14:00:17+00:00,2026-01-21 00:00:00+00:00,St. John's Red Storm,Seton Hall Pirates,totals,full_game,,,,,,,144.5,-110.0,-110.0
f2eecc8c9d97f488e109228c5a6a3bc0,FanDuel,2026-01-20 14:00:55.038303+00:00,2026-01-20 13:59:57+00:00,2026-01-21 00:00:00+00:00,St. John's Red Storm,Seton Hall Pirates,h2h,full_game,-600.0,430.0,,,,,,,
f2eecc8c9d97f488e109228c5a6a3bc0,FanDuel,2026-01-20 14:00:55.038303+00:00,2026-01-20 13:59:57+00:00,2026-01-21 00:00:00+00:00,St. John's Red Storm,Seton Hall Pirates,spreads,full_game,,,-9.5,-114.0,9.5,-106.0,,,
f2eecc8c9d97f488e109228c5a6a3bc0,FanDuel,2026-01-20 14:00:55.038303+00:00,2026-01-20 13:59:57+00:00,2026-01-21 00:00:00+00:00,St. John's Red Storm,Seton Hall Pirates,totals,full_game,,,,,,,143.5,-115.0,-105.0
f2eecc8c9d97f488e109228c5a6a3bc0,BetRivers,2026-01-20 14:00:55.038303+00:00,2026-01-20 14:00:17+00:00,2026-01-21 00:00:00+00:00,St. John's Red Storm,Seton Hall Pirates,h2h,full_game,-560.0,375.0,,,,,,,
f2eecc8c9d97f488e109228c5a6a3bc0,BetRivers,2026-01-20 14:00:55.038303+00:00,2026-01-20 14:00:17+00:00,2026-01-21 00:00:00+00:00,St. John's Red Storm,Seton Hall Pirates,spreads,full_game,,,-9.5,-113.0,9.5,-110.0,,,
f2eecc8c9d97f488e109228c5a6a3bc0,DraftKings,2026-01-20 14:00:55.038303+00:00,2026-01-20 14:00:39+00:00,2026-01-21 00:00:00+00:00,St. John's Red Storm,Seton Hall Pirates,spreads,full_game,,,-9.5,-112.0,9.5,-108.0,,,
f2eecc8c9d97f488e109228c5a6a3bc0,DraftKings,2026-01-20 14:00:55.038303+00:00,2026-01-20 14:00:39+00:00,2026-01-21 00:00:00+00:00,St. John's Red Storm,Seton Hall Pirates,totals,full_game,,,,,,,144.5,-112.0,-108.0
f2eecc8c9d97f488e109228c5a6a3bc0,Caesars,2026-01-20 14:00:55.038303+00:00,2026-01-20 14:00:34+00:00,2026-01-21 00:00:00+00:00,St. John's Red Storm,Seton Hall Pirates,h2h,full_game,-550.0,400.0,,,,,,,
f2eecc8c9d97f488e109228c5a6a3bc0,Caesars,2026-01-20 14:00:55.038303+00:00,2026-01-20 14:00:34+00:00,2026-01-21 00:00:00+00:00,St. John's Red Storm,Seton Hall Pirates,spreads,full_game,,,-9.5,-110.0,9.5,-110.0,,,
f2eecc8c9d97f488e109228c5a6a3bc0,Caesars,2026-01-20 14:00:55.038303+00:00,2026-01-20 14:00:34+00:00,2026-01-21 00:00:00+00:00,St. John's Red Storm,Seton Hall Pirates,totals,full_game,,,,,,,144.5,-110.0,-110.0
f2eecc8c9d97f488e109228c5a6a3bc0,BetUS,2026-01-20 14:00:55.038303+00:00,2026-01-20 14:00:39+00:00,2026-01-21 00:00:00+00:00,St. John's Red Storm,Seton Hall Pirates,h2h,full_game,-525.0,405.0,,,,,,,
f2eecc8c9d97f488e109228c5a6a3bc0,BetUS,2026-01-20 14:00:55.038303+00:00,2026-01-20 14:00:39+00:00,2026-01-21 00:00:00+00:00,St. John's Red Storm,Seton Hall Pirates,spreads,full_game,,,-9.5,-110.0,9.5,-110.0,,,
f2eecc8c9d97f488e109228c5a6a3bc0,BetUS,2026-01-20 14:00:55.038303+00:00,2026-01-20 14:00:39+00:00,2026-01-21 00:00:00+00:00,St. John's Red Storm,Seton Hall Pirates,totals,full_game,,,,,,,144.5,-110.0,-110.0
f2eecc8c9d97f488e109228c5a6a3bc0,Bovada,2026-01-20 14:00:55.038303+00:00,2026-01-20 13:55:14+00:00,2026-01-21 00:00:00+00:00,St. John's Red Storm,Seton Hall Pirates,h2h,full_game,-575.0,400.0,,,,,,,
f2eecc8c9d97f488e109228c5a6a3bc0,Bovada,2026-01-20 14:00:55.038303+00:00,2026-01-20 13:55:14+00:00,2026-01-21 00:00:00+00:00,St. John's Red Storm,Seton Hall Pirates,spreads,full_game,,,-9.5,-115.0,9.5,-105.0,,,
f2eecc8c9d97f488e109228c5a6a3bc0,Bovada,2026-01-20 14:00:55.038303+00:00,2026-01-20 13:55:14+00:00,2026-01-21 00:00:00+00:00,St. John's Red Storm,Seton Hall Pirates,totals,full_game,,,,,,,144.5,-110.0,-110.0
fb44badfb5c9fab521e0a9a6c5d34df8,BetOnline.ag,2026-01-20 14:00:55.038303+00:00,2026-01-20 14:00:18+00:00,2026-01-21 00:30:00+00:00,Butler Bulldogs,DePaul Blue Demons,h2h,full_game,-360.0,289.0,,,,,,,
fb44badfb5c9fab521e0a9a6c5d34df8,BetOnline.ag,2026-01-20 14:00:55.038303+00:00,2026-01-20 14:00:18+00:00,2026-01-21 00:30:00+00:00,Butler Bulldogs,DePaul Blue Demons,spreads,full_game,,,-8.0,-107.0,8.0,-113.0,,,
fb44badfb5c9fab521e0a9a6c5d34df8,BetOnline.ag,2026-01-20 14:00:55.038303+00:00,2026-01-20 14:00:18+00:00,2026-01-21 00:30:00+00:00,Butler Bulldogs,DePaul Blue Demons,totals,full_game,,,,,,,150.0,-115.0,-105.0
fb44badfb5c9fab521e0a9a6c5d34df8,LowVig.ag,2026-01-20 14:00:55.038303+00:00,2026-01-20 14:00:41+00:00,2026-01-21 00:30:00+00:00,Butler Bulldogs,DePaul Blue Demons,h2h,full_game,-360.0,289.0,,,,,,,
fb44badfb5c9fab521e0a9a6c5d34df8,LowVig.ag,2026-01-20 14:00:55.038303+00:00,2026-01-20 14:00:41+00:00,2026-01-21 00:30:00+00:00,Butler Bulldogs,DePaul Blue Demons,spreads,full_game,,,-8.0,-103.0,8.0,-109.0,,,
fb44badfb5c9fab521e0a9a6c5d34df8,LowVig.ag,2026-01-20 14:00:55.038303+00:00,2026-01-20 14:00:41+00:00,2026-01-21 00:30:00+00:00,Butler Bulldogs,DePaul Blue Demons,totals,full_game,,,,,,,150.0,-113.0,-103.0
fb44badfb5c9fab521e0a9a6c5d34df8,FanDuel,2026-01-20 14:00:55.038303+00:00,2026-01-20 13:59:57+00:00,2026-01-21 00:30:00+00:00,Butler Bulldogs,DePaul Blue Demons,h2h,full_game,-365.0,285.0,,,,,,,
fb44badfb5c9fab521e0a9a6c5d34df8,FanDuel,2026-01-20 14:00:55.038303+00:00,2026-01-20 13:59:57+00:00,2026-01-21 00:30:00+00:00,Butler Bulldogs,DePaul Blue Demons,spreads,full_game,,,-7.5,-110.0,7.5,-110.0,,,
fb44badfb5c9fab521e0a9a6c5d34df8,FanDuel,2026-01-20 14:00:55.038303+00:00,2026-01-20 13:59:57+00:00,2026-01-21 00:30:00+00:00,Butler Bulldogs,DePaul Blue Demons,totals,full_game,,,,,,,149.5,-115.0,-105.0
fb44badfb5c9fab521e0a9a6c5d34df8,Fanatics,2026-01-20 14:00:55.038303+00:00,2026-01-20 14:00:17+00:00,2026-01-21 00:30:00+00:00,Butler Bulldogs,DePaul Blue Demons,h2h,full_game,-350.0,280.0,,,,,,,
fb44badfb5c9fab521e0a9a6c5d34df8,Fanatics,2026-01-20 14:00:55.038303+00:00,2026-01-20 14:00:17+00:00,2026-01-21 00:30:00+00:00,Butler Bulldogs,DePaul Blue Demons,spreads,full_game,,,-8.0,-110.0,8.0,-110.0,,,
fb44badfb5c9fab521e0a9a6c5d34df8,Fanatics,2026-01-20 14:00:55.038303+00:00,2026-01-20 14:00:17+00:00,2026-01-21 00:30:00+00:00,Butler Bulldogs,DePaul Blue Demons,totals,full_game,,,,,,,150.0,-110.0,-110.0
fb44badfb5c9fab521e0a9a6c5d34df8,BetRivers,2026-01-20 14:00:55.038303+00:00,2026-01-20 14:00:17+00:00,2026-01-21 00:30:00+00:00,Butler Bulldogs,DePaul Blue Demons,h2h,full_game,-385.0,275.0,,,,,,,
fb44badfb5c9fab521e0a9a6c5d34df8,BetRivers,2026-01-20 14:00:55.038303+00:00,2026-01-20 14:00:17+00:00,2026-01-21 00:30:00+00:00,Butler Bulldogs,DePaul Blue Demons,spreads,full_game,,,-7.5,-121.0,7.5,-105.0,,,
fb44badfb5c9fab521e0a9a6c5d34df8,DraftKings,2026-01-20 14:00:55.038303+00:00,2026-01-20 14:00:39+00:00,2026-01-21 00:30:00+00:00,Butler Bulldogs,DePaul Blue Demons,h2h,full_game,-360.0,285.0,,,,,,,
fb44badfb5c9fab521e0a9a6c5d34df8,DraftKings,2026-01-20 14:00:55.038303+00:00,2026-01-20 14:00:39+00:00,2026-01-21 00:30:00+00:00,Butler Bulldogs,DePaul Blue Demons,spreads,full_game,,,-7.5,-115.0,7.5,-105.0,,,
fb44badfb5c9fab521e0a9a6c5d34df8,DraftKings,2026-01-20 14:00:55.038303+00:00,2026-01-20 14:00:39+00:00,2026-01-21 00:30:00+00:00,Butler Bulldogs,DePaul Blue Demons,totals,full_game,,,,,,,150.5,-105.0,-115.0
fb44badfb5c9fab521e0a9a6c5d34df8,BetMGM,2026-01-20 14:00:55.038303+00:00,2026-01-20 13:59:57+00:00,2026-01-21 00:30:00+00:00,Butler Bulldogs,DePaul Blue Demons,h2h,full_game,-350.0,280.0,,,,,,,
fb44badfb5c9fab521e0a9a6c5d34df8,BetMGM,2026-01-20 14:00:55.038303+00:00,2026-01-20 13:59:57+00:00,2026-01-21 00:30:00+00:00,Butler Bulldogs,DePaul Blue Demons,spreads,full_game,,,-7.5,-118.0,7.5,-102.0,,,
fb44badfb5c9fab521e0a9a6c5d34df8,BetMGM,2026-01-20 14:00:55.038303+00:00,2026-01-20 13:59:57+00:00,2026-01-21 00:30:00+00:00,Butler Bulldogs,DePaul Blue Demons,totals,full_game,,,,,,,150.5,-105.0,-115.0
fb44badfb5c9fab521e0a9a6c5d34df8,BetUS,2026-01-20 14:00:55.038303+00:00,2026-01-20 14:00:39+00:00,2026-01-21 00:30:00+00:00,Butler Bulldogs,DePaul Blue Demons,h2h,full_game,-360.0,290.0,,,,,,,
fb44badfb5c9fab521e0a9a6c5d34df8,BetUS,2026-01-20 14:00:55.038303+00:00,2026-01-20 14:00:39+00:00,2026-01-21 00:30:00+00:00,Butler Bulldogs,DePaul Blue Demons,spreads,full_game,,,-8.0,-105.0,8.0,-115.0,,,
fb44badfb5c9fab521e0a9a6c5d34df8,BetUS,2026-01-20 14:00:55.038303+00:00,2026-01-20 14:00:39+00:00,2026-01-21 00:30:00+00:00,Butler Bulldogs,DePaul Blue Demons,totals,full_game,,,,,,,150.0,-110.0,-110.0
fb44badfb5c9fab521e0a9a6c5d34df8,Bovada,2026-01-20 14:00:55.038303+00:00,2026-01-20 13:55:14+00:00,2026-01-21 00:30:00+00:00,Butler Bulldogs,DePaul Blue Demons,h2h,full_game,-370.0,285.0,,,,,,,
fb44badfb5c9fab521e0a9a6c5d34df8,Bovada,2026-01-20 14:00:55.038303+00:00,2026-01-20 13:55:14+00:00,2026-01-21 00:30:00+00:00,Butler Bulldogs,DePaul Blue Demons,spreads,full_game,,,-7.5,-115.0,7.5,-105.0,,,
fb44badfb5c9fab521e0a9a6c5d34df8,Bovada,2026-01-20 14:00:55.038303+00:00,2026-01-20 13:55:14+00:00,2026-01-21 00:30:00+00:00,Butler Bulldogs,DePaul Blue Demons,totals,full_game,,,,,,,150.0,-110.0,-110.0
7db658ee64ca2cae0fdb236d7469460c,BetOnline.ag,2026-01-20 14:00:55.038303+00:00,2026-01-20 14:00:18+00:00,2026-01-21 01:00:00+00:00,UIC Flames,Evansville Purple Aces,h2h,full_game,-475.0,367.0,,,,,,,
7db658ee64ca2cae0fdb236d7469460c,BetOnline.ag,2026-01-20 14:00:55.038303+00:00,2026-01-20 14:00:18+00:00,2026-01-21 01:00:00+00:00,UIC Flames,Evansville Purple Aces,spreads,full_game,,,-9.0,-115.0,9.0,-105.0,,,
7db658ee64ca2cae0fdb236d7469460c,BetOnline.ag,2026-01-20 14:00:55.038303+00:00,2026-01-20 14:00:18+00:00,2026-01-21 01:00:00+00:00,UIC Flames,Evansville Purple Aces,totals,full_game,,,,,,,138.5,-110.0,-110.0
7db658ee64ca2cae0fdb236d7469460c,LowVig.ag,2026-01-20 14:00:55.038303+00:00,2026-01-20 14:00:41+00:00,2026-01-21 01:00:00+00:00,UIC Flames,Evansville Purple Aces,h2h,full_game,-475.0,367.0,,,,,,,
7db658ee64ca2cae0fdb236d7469460c,LowVig.ag,2026-01-20 14:00:55.038303+00:00,2026-01-20 14:00:41+00:00,2026-01-21 01:00:00+00:00,UIC Flames,Evansville Purple Aces,spreads,full_game,,,-9.0,-111.0,9.0,-101.0,,,
7db658ee64ca2cae0fdb236d7469460c,LowVig.ag,2026-01-20 14:00:55.038303+00:00,2026-01-20 14:00:41+00:00,2026-01-21 01:00:00+00:00,UIC Flames,Evansville Purple Aces,totals,full_game,,,,,,,138.5,-108.0,-108.0
7db658ee64ca2cae0fdb236d7469460c,DraftKings,2026-01-20 14:00:55.038303+00:00,2026-01-20 14:00:39+00:00,2026-01-21 01:00:00+00:00,UIC Flames,Evansville Purple Aces,spreads,full_game,,,-9.5,-105.0,9.5,-115.0,,,
7db658ee64ca2cae0fdb236d7469460c,DraftKings,2026-01-20 14:00:55.038303+00:00,2026-01-20 14:00:39+00:00,2026-01-21 01:00:00+00:00,UIC Flames,Evansville Purple Aces,totals,full_game,,,,,,,138.5,-105.0,-115.0
7db658ee64ca2cae0fdb236d7469460c,Fanatics,2026-01-20 14:00:55.038303+00:00,2026-01-20 14:00:17+00:00,2026-01-21 01:00:00+00:00,UIC Flames,Evansville Purple Aces,h2h,full_game,-500.0,375.0,,,,,,,
7db658ee64ca2cae0fdb236d7469460c,Fanatics,2026-01-20 14:00:55.038303+00:00,2026-01-20 14:00:17+00:00,2026-01-21 01:00:00+00:00,UIC Flames,Evansville Purple Aces,spreads,full_game,,,-9.0,-115.0,9.0,-105.0,,,
7db658ee64ca2cae0fdb236d7469460c,Fanatics,2026-01-20 14:00:55.038303+00:00,2026-01-20 14:00:17+00:00,2026-01-21 01:00:00+00:00,UIC Flames,Evansville Purple Aces,totals,full_game,,,,,,,138.0,-110.0,-110.0
7db658ee64ca2cae0fdb236d7469460c,BetUS,2026-01-20 14:00:55.038303+00:00,2026-01-20 14:00:39+00:00,2026-01-21 01:00:00+00:00,UIC Flames,Evansville Purple Aces,h2h,full_game,-475.0,375.0,,,,,,,
7db658ee64ca2cae0fdb236d7469460c,BetUS,2026-01-20 14:00:55.038303+00:00,2026-01-20 14:00:39+00:00,2026-01-21 01:00:00+00:00,UIC Flames,Evansville Purple Aces,spreads,full_game,,,-9.5,-110.0,9.5,-110.0,,,
7db658ee64ca2cae0fdb236d7469460c,BetUS,2026-01-20 14:00:55.038303+00:00,2026-01-20 14:00:39+00:00,2026-01-21 01:00:00+00:00,UIC Flames,Evansville Purple Aces,totals,full_game,,,,,,,138.5,-110.0,-110.0
7db658ee64ca2cae0fdb236d7469460c,FanDuel,2026-01-20 14:00:55.038303+00:00,2026-01-20 13:59:57+00:00,2026-01-21 01:00:00+00:00,UIC Flames,Evansville Purple Aces,h2h,full_game,-490.0,365.0,,,,,,,
7db658ee64ca2cae0fdb236d7469460c,FanDuel,2026-01-20 14:00:55.038303+00:00,2026-01-20 13:59:57+00:00,2026-01-21 01:00:00+00:00,UIC Flames,Evansville Purple Aces,spreads,full_game,,,-8.5,-120.0,8.5,-102.0,,,
7db658ee64ca2cae0fdb236d7469460c,FanDuel,2026-01-20 14:00:55.038303+00:00,2026-01-20 13:59:57+00:00,2026-01-21 01:00:00+00:00,UIC Flames,Evansville Purple Aces,totals,full_game,,,,,,,137.5,-110.0,-110.0
7db658ee64ca2cae0fdb236d7469460c,BetMGM,2026-01-20 14:00:55.038303+00:00,2026-01-20 13:59:57+00:00,2026-01-21 01:00:00+00:00,UIC Flames,Evansville Purple Aces,h2h,full_game,-475.0,360.0,,,,,,,
7db658ee64ca2cae0fdb236d7469460c,BetMGM,2026-01-20 14:00:55.038303+00:00,2026-01-20 13:59:57+00:00,2026-01-21 01:00:00+00:00,UIC Flames,Evansville Purple Aces,spreads,full_game,,,-9.5,-110.0,9.5,-110.0,,,
7db658ee64ca2cae0fdb236d7469460c,BetMGM,2026-01-20 14:00:55.038303+00:00,2026-01-20 13:59:57+00:00,2026-01-21 01:00:00+00:00,UIC Flames,Evansville Purple Aces,totals,full_game,,,,,,,138.5,-105.0,-115.0
7db658ee64ca2cae0fdb236d7469460c,Bovada,2026-01-20 14:00:55.038303+00:00,2026-01-20 13:55:14+00:00,2026-01-21 01:00:00+00:00,UIC Flames,Evansville Purple Aces,h2h,full_game,-525.0,375.0,,,,,,,
7db658ee64ca2cae0fdb236d7469460c,Bovada,2026-01-20 14:00:55.038303+00:00,2026-01-20 13:55:14+00:00,2026-01-21 01:00:00+00:00,UIC Flames,Evansville Purple Aces,spreads,full_game,,,-9.5,-105.0,9.5,-115.0,,,
7db658ee64ca2cae0fdb236d7469460c,Bovada,2026-01-20 14:00:55.038303+00:00,2026-01-20 13:55:14+00:00,2026-01-21 01:00:00+00:00,UIC Flames,Evansville Purple Aces,totals,full_game,,,,,,,138.0,-110.0,-110.0
7db658ee64ca2cae0fdb236d7469460c,BetRivers,2026-01-20 14:00:55.038303+00:00,2026-01-20 14:00:17+00:00,2026-01-21 01:00:00+00:00,UIC Flames,Evansville Purple Aces,h2h,full_game,-560.0,370.0,,,,,,,
7db658ee64ca2cae0fdb236d7469460c,BetRivers,2026-01-20 14:00:55.038303+00:00,2026-01-20 14:00:17+00:00,2026-01-21 01:00:00+00:00,UIC Flames,Evansville Purple Aces,spreads,full_game,,,-9.5,-109.0,9.5,-117.0,,,
a1a90c40bd010160f1d5190f06a62e16,BetOnline.ag,2026-01-20 14:00:55.038303+00:00,2026-01-20 14:00:18+00:00,2026-01-21 01:00:00+00:00,TCU Horned Frogs,Oklahoma St Cowboys,h2h,full_game,-400.0,316.0,,,,,,,
a1a90c40bd010160f1d5190f06a62e16,BetOnline.ag,2026-01-20 14:00:55.038303+00:00,2026-01-20 14:00:18+00:00,2026-01-21 01:00:00+00:00,TCU Horned Frogs,Oklahoma St Cowboys,spreads,full_game,,,-8.5,-110.0,8.5,-110.0,,,
a1a90c40bd010160f1d5190f06a62e16,BetOnline.ag,2026-01-20 14:00:55.038303+00:00,2026-01-20 14:00:18+00:00,2026-01-21 01:00:00+00:00,TCU Horned Frogs,Oklahoma St Cowboys,totals,full_game,,,,,,,161.0,-110.0,-110.0
a1a90c40bd010160f1d5190f06a62e16,LowVig.ag,2026-01-20 14:00:55.038303+00:00,2026-01-20 14:00:41+00:00,2026-01-21 01:00:00+00:00,TCU Horned Frogs,Oklahoma St Cowboys,h2h,full_game,-400.0,316.0,,,,,,,
a1a90c40bd010160f1d5190f06a62e16,LowVig.ag,2026-01-20 14:00:55.038303+00:00,2026-01-20 14:00:41+00:00,2026-01-21 01:00:00+00:00,TCU Horned Frogs,Oklahoma St Cowboys,spreads,full_game,,,-8.5,-106.0,8.5,-106.0,,,
a1a90c40bd010160f1d5190f06a62e16,LowVig.ag,2026-01-20 14:00:55.038303+00:00,2026-01-20 14:00:41+00:00,2026-01-21 01:00:00+00:00,TCU Horned Frogs,Oklahoma St Cowboys,totals,full_game,,,,,,,161.0,-108.0,-108.0
a1a90c40bd010160f1d5190f06a62e16,BetMGM,2026-01-20 14:00:55.038303+00:00,2026-01-20 13:59:57+00:00,2026-01-21 01:00:00+00:00,TCU Horned Frogs,Oklahoma St Cowboys,h2h,full_game,-400.0,310.0,,,,,,,
a1a90c40bd010160f1d5190f06a62e16,BetMGM,2026-01-20 14:00:55.038303+00:00,2026-01-20 13:59:57+00:00,2026-01-21 01:00:00+00:00,TCU Horned Frogs,Oklahoma St Cowboys,spreads,full_game,,,-8.5,-110.0,8.5,-110.0,,,
a1a90c40bd010160f1d5190f06a62e16,BetMGM,2026-01-20 14:00:55.038303+00:00,2026-01-20 13:59:57+00:00,2026-01-21 01:00:00+00:00,TCU Horned Frogs,Oklahoma St Cowboys,totals,full_game,,,,,,,161.5,-110.0,-110.0
a1a90c40bd010160f1d5190f06a62e16,Fanatics,2026-01-20 14:00:55.038303+00:00,2026-01-20 14:00:17+00:00,2026-01-21 01:00:00+00:00,TCU Horned Frogs,Oklahoma St Cowboys,h2h,full_game,-425.0,330.0,,,,,,,
a1a90c40bd010160f1d5190f06a62e16,Fanatics,2026-01-20 14:00:55.038303+00:00,2026-01-20 14:00:17+00:00,2026-01-21 01:00:00+00:00,TCU Horned Frogs,Oklahoma St Cowboys,spreads,full_game,,,-8.5,-110.0,8.5,-110.0,,,
a1a90c40bd010160f1d5190f06a62e16,Fanatics,2026-01-20 14:00:55.038303+00:00,2026-01-20 14:00:17+00:00,2026-01-21 01:00:00+00:00,TCU Horned Frogs,Oklahoma St Cowboys,totals,full_game,,,,,,,162.0,-110.0,-110.0
a1a90c40bd010160f1d5190f06a62e16,DraftKings,2026-01-20 14:00:55.038303+00:00,2026-01-20 14:00:39+00:00,2026-01-21 01:00:00+00:00,TCU Horned Frogs,Oklahoma St Cowboys,h2h,full_game,-395.0,310.0,,,,,,,
a1a90c40bd010160f1d5190f06a62e16,DraftKings,2026-01-20 14:00:55.038303+00:00,2026-01-20 14:00:39+00:00,2026-01-21 01:00:00+00:00,TCU Horned Frogs,Oklahoma St Cowboys,spreads,full_game,,,-8.5,-110.0,8.5,-110.0,,,
a1a90c40bd010160f1d5190f06a62e16,DraftKings,2026-01-20 14:00:55.038303+00:00,2026-01-20 14:00:39+00:00,2026-01-21 01:00:00+00:00,TCU Horned Frogs,Oklahoma St Cowboys,totals,full_game,,,,,,,161.5,-110.0,-110.0
a1a90c40bd010160f1d5190f06a62e16,FanDuel,2026-01-20 14:00:55.038303+00:00,2026-01-20 13:59:57+00:00,2026-01-21 01:00:00+00:00,TCU Horned Frogs,Oklahoma St Cowboys,h2h,full_game,-450.0,340.0,,,,,,,
a1a90c40bd010160f1d5190f06a62e16,FanDuel,2026-01-20 14:00:55.038303+00:00,2026-01-20 13:59:57+00:00,2026-01-21 01:00:00+00:00,TCU Horned Frogs,Oklahoma St Cowboys,spreads,full_game,,,-8.5,-110.0,8.5,-110.0,,,
a1a90c40bd010160f1d5190f06a62e16,FanDuel,2026-01-20 14:00:55.038303+00:00,2026-01-20 13:59:57+00:00,2026-01-21 01:00:00+00:00,TCU Horned Frogs,Oklahoma St Cowboys,totals,full_game,,,,,,,161.5,-110.0,-110.0
a1a90c40bd010160f1d5190f06a62e16,BetRivers,2026-01-20 14:00:55.038303+00:00,2026-01-20 14:00:17+00:00,2026-01-21 01:00:00+00:00,TCU Horned Frogs,Oklahoma St Cowboys,h2h,full_game,-435.0,300.0,,,,,,,
a1a90c40bd010160f1d5190f06a62e16,BetRivers,2026-01-20 14:00:55.038303+00:00,2026-01-20 14:00:17+00:00,2026-01-21 01:00:00+00:00,TCU Horned Frogs,Oklahoma St Cowboys,spreads,full_game,,,-8.5,-114.0,8.5,-112.0,,,
a1a90c40bd010160f1d5190f06a62e16,Caesars,2026-01-20 14:00:55.038303+00:00,2026-01-20 14:00:34+00:00,2026-01-21 01:00:00+00:00,TCU Horned Frogs,Oklahoma St Cowboys,h2h,full_game,-420.0,320.0,,,,,,,
a1a90c40bd010160f1d5190f06a62e16,Caesars,2026-01-20 14:00:55.038303+00:00,2026-01-20 14:00:34+00:00,2026-01-21 01:00:00+00:00,TCU Horned Frogs,Oklahoma St Cowboys,spreads,full_game,,,-8.5,-110.0,8.5,-110.0,,,
a1a90c40bd010160f1d5190f06a62e16,Caesars,2026-01-20 14:00:55.038303+00:00,2026-01-20 14:00:34+00:00,2026-01-21 01:00:00+00:00,TCU Horned Frogs,Oklahoma St Cowboys,totals,full_game,,,,,,,161.5,-110.0,-110.0
a1a90c40bd010160f1d5190f06a62e16,BetUS,2026-01-20 14:00:55.038303+00:00,2026-01-20 14:00:39+00:00,2026-01-21 01:00:00+00:00,TCU Horned Frogs,Oklahoma St Cowboys,h2h,full_game,-400.0,320.0,,,,,,,
a1a90c40bd010160f1d5190f06a62e16,BetUS,2026-01-20 14:00:55.038303+00:00,2026-01-20 14:00:39+00:00,2026-01-21 01:00:00+00:00,TCU Horned Frogs,Oklahoma St Cowboys,spreads,full_game,,,-8.5,-110.0,8.5,-110.0,,,
a1a90c40bd010160f1d5190f06a62e16,BetUS,2026-01-20 14:00:55.038303+00:00,2026-01-20 14:00:39+00:00,2026-01-21 01:00:00+00:00,TCU Horned Frogs,Oklahoma St Cowboys,totals,full_game,,,,,,,161.0,-110.0,-110.0
a1a90c40bd010160f1d5190f06a62e16,Bovada,2026-01-20 14:00:55.038303+00:00,2026-01-20 13:55:14+00:00,2026-01-21 01:00:00+00:00,TCU Horned Frogs,Oklahoma St Cowboys,h2h,full_game,-430.0,320.0,,,,,,,
a1a90c40bd010160f1d5190f06a62e16,Bovada,2026-01-20 14:00:55.038303+00:00,2026-01-20 13:55:14+00:00,2026-01-21 01:00:00+00:00,TCU Horned Frogs,Oklahoma St Cowboys,spreads,full_game,,,-8.5,-110.0,8.5,-110.0,,,
a1a90c40bd010160f1d5190f06a62e16,Bovada,2026-01-20 14:00:55.038303+00:00,2026-01-20 13:55:14+00:00,2026-01-21 01:00:00+00:00,TCU Horned Frogs,Oklahoma St Cowboys,totals,full_game,,,,,,,162.0,-110.0,-110.0
64ea65c5502e72e58bf6c86ae363875b,BetOnline.ag,2026-01-20 14:00:55.038303+00:00,2026-01-20 14:00:18+00:00,2026-01-21 01:30:00+00:00,Wyoming Cowboys,Boise State Broncos,h2h,full_game,-102.0,-118.0,,,,,,,
64ea65c5502e72e58bf6c86ae363875b,BetOnline.ag,2026-01-20 14:00:55.038303+00:00,2026-01-20 14:00:18+00:00,2026-01-21 01:30:00+00:00,Wyoming Cowboys,Boise State Broncos,spreads,full_game,,,1.0,-105.0,-1.0,-115.0,,,
64ea65c5502e72e58bf6c86ae363875b,BetOnline.ag,2026-01-20 14:00:55.038303+00:00,2026-01-20 14:00:18+00:00,2026-01-21 01:30:00+00:00,Wyoming Cowboys,Boise State Broncos,totals,full_game,,,,,,,146.0,-110.0,-110.0
64ea65c5502e72e58bf6c86ae363875b,LowVig.ag,2026-01-20 14:00:55.038303+00:00,2026-01-20 14:00:41+00:00,2026-01-21 01:30:00+00:00,Wyoming Cowboys,Boise State Broncos,h2h,full_game,-102.0,-118.0,,,,,,,
64ea65c5502e72e58bf6c86ae363875b,LowVig.ag,2026-01-20 14:00:55.038303+00:00,2026-01-20 14:00:41+00:00,2026-01-21 01:30:00+00:00,Wyoming Cowboys,Boise State Broncos,spreads,full_game,,,1.0,-101.0,-1.0,-111.0,,,
64ea65c5502e72e58bf6c86ae363875b,LowVig.ag,2026-01-20 14:00:55.038303+00:00,2026-01-20 14:00:41+00:00,2026-01-21 01:30:00+00:00,Wyoming Cowboys,Boise State Broncos,totals,full_game,,,,,,,146.0,-108.0,-108.0
64ea65c5502e72e58bf6c86ae363875b,Fanatics,2026-01-20 14:00:55.038303+00:00,2026-01-20 14:00:17+00:00,2026-01-21 01:30:00+00:00,Wyoming Cowboys,Boise State Broncos,h2h,full_game,-105.0,-115.0,,,,,,,
64ea65c5502e72e58bf6c86ae363875b,Fanatics,2026-01-20 14:00:55.038303+00:00,2026-01-20 14:00:17+00:00,2026-01-21 01:30:00+00:00,Wyoming Cowboys,Boise State Broncos,spreads,full_game,,,1.0,-110.0,-1.0,-110.0,,,
64ea65c5502e72e58bf6c86ae363875b,Fanatics,2026-01-20 14:00:55.038303+00:00,2026-01-20 14:00:17+00:00,2026-01-21 01:30:00+00:00,Wyoming Cowboys,Boise State Broncos,totals,full_game,,,,,,,146.0,-110.0,-110.0
64ea65c5502e72e58bf6c86ae363875b,DraftKings,2026-01-20 14:00:55.038303+00:00,2026-01-20 14:00:39+00:00,2026-01-21 01:30:00+00:00,Wyoming Cowboys,Boise State Broncos,h2h,full_game,-105.0,-115.0,,,,,,,
64ea65c5502e72e58bf6c86ae363875b,DraftKings,2026-01-20 14:00:55.038303+00:00,2026-01-20 14:00:39+00:00,2026-01-21 01:30:00+00:00,Wyoming Cowboys,Boise State Broncos,spreads,full_game,,,1.5,-120.0,-1.5,100.0,,,
64ea65c5502e72e58bf6c86ae363875b,DraftKings,2026-01-20 14:00:55.038303+00:00,2026-01-20 14:00:39+00:00,2026-01-21 01:30:00+00:00,Wyoming Cowboys,Boise State Broncos,totals,full_game,,,,,,,146.5,-105.0,-115.0
64ea65c5502e72e58bf6c86ae363875b,BetRivers,2026-01-20 14:00:55.038303+00:00,2026-01-20 14:00:17+00:00,2026-01-21 01:30:00+00:00,Wyoming Cowboys,Boise State Broncos,h2h,full_game,-104.0,-124.0,,,,,,,
64ea65c5502e72e58bf6c86ae363875b,BetRivers,2026-01-20 14:00:55.038303+00:00,2026-01-20 14:00:17+00:00,2026-01-21 01:30:00+00:00,Wyoming Cowboys,Boise State Broncos,spreads,full_game,,,1.5,-114.0,-1.5,-112.0,,,
64ea65c5502e72e58bf6c86ae363875b,Caesars,2026-01-20 14:00:55.038303+00:00,2026-01-20 14:00:34+00:00,2026-01-21 01:30:00+00:00,Wyoming Cowboys,Boise State Broncos,spreads,full_game,,,1.0,-110.0,-1.0,-110.0,,,
64ea65c5502e72e58bf6c86ae363875b,Caesars,2026-01-20 14:00:55.038303+00:00,2026-01-20 14:00:34+00:00,2026-01-21 01:30:00+00:00,Wyoming Cowboys,Boise State Broncos,totals,full_game,,,,,,,145.5,-110.0,-110.0
64ea65c5502e72e58bf6c86ae363875b,BetUS,2026-01-20 14:00:55.038303+00:00,2026-01-20 14:00:39+00:00,2026-01-21 01:30:00+00:00,Wyoming Cowboys,Boise State Broncos,h2h,full_game,100.0,-120.0,,,,,,,
64ea65c5502e72e58bf6c86ae363875b,BetUS,2026-01-20 14:00:55.038303+00:00,2026-01-20 14:00:39+00:00,2026-01-21 01:30:00+00:00,Wyoming Cowboys,Boise State Broncos,spreads,full_game,,,1.0,-110.0,-1.0,-110.0,,,
64ea65c5502e72e58bf6c86ae363875b,BetUS,2026-01-20 14:00:55.038303+00:00,2026-01-20 14:00:39+00:00,2026-01-21 01:30:00+00:00,Wyoming Cowboys,Boise State Broncos,totals,full_game,,,,,,,146.0,-110.0,-110.0
64ea65c5502e72e58bf6c86ae363875b,FanDuel,2026-01-20 14:00:55.038303+00:00,2026-01-20 13:59:57+00:00,2026-01-21 01:30:00+00:00,Wyoming Cowboys,Boise State Broncos,h2h,full_game,-102.0,-118.0,,,,,,,
64ea65c5502e72e58bf6c86ae363875b,FanDuel,2026-01-20 14:00:55.038303+00:00,2026-01-20 13:59:57+00:00,2026-01-21 01:30:00+00:00,Wyoming Cowboys,Boise State Broncos,spreads,full_game,,,1.5,-118.0,-1.5,-104.0,,,
64ea65c5502e72e58bf6c86ae363875b,FanDuel,2026-01-20 14:00:55.038303+00:00,2026-01-20 13:59:57+00:00,2026-01-21 01:30:00+00:00,Wyoming Cowboys,Boise State Broncos,totals,full_game,,,,,,,146.5,-104.0,-118.0
64ea65c5502e72e58bf6c86ae363875b,BetMGM,2026-01-20 14:00:55.038303+00:00,2026-01-20 13:59:57+00:00,2026-01-21 01:30:00+00:00,Wyoming Cowboys,Boise State Broncos,h2h,full_game,-105.0,-115.0,,,,,,,
64ea65c5502e72e58bf6c86ae363875b,BetMGM,2026-01-20 14:00:55.038303+00:00,2026-01-20 13:59:57+00:00,2026-01-21 01:30:00+00:00,Wyoming Cowboys,Boise State Broncos,spreads,full_game,,,1.5,-118.0,-1.5,-102.0,,,
64ea65c5502e72e58bf6c86ae363875b,BetMGM,2026-01-20 14:00:55.038303+00:00,2026-01-20 13:59:57+00:00,2026-01-21 01:30:00+00:00,Wyoming Cowboys,Boise State Broncos,totals,full_game,,,,,,,146.5,-105.0,-115.0
64ea65c5502e72e58bf6c86ae363875b,Bovada,2026-01-20 14:00:55.038303+00:00,2026-01-20 13:55:14+00:00,2026-01-21 01:30:00+00:00,Wyoming Cowboys,Boise State Broncos,h2h,full_game,100.0,-120.0,,,,,,,
64ea65c5502e72e58bf6c86ae363875b,Bovada,2026-01-20 14:00:55.038303+00:00,2026-01-20 13:55:14+00:00,2026-01-21 01:30:00+00:00,Wyoming Cowboys,Boise State Broncos,spreads,full_game,,,1.0,-110.0,-1.0,-110.0,,,
64ea65c5502e72e58bf6c86ae363875b,Bovada,2026-01-20 14:00:55.038303+00:00,2026-01-20 13:55:14+00:00,2026-01-21 01:30:00+00:00,Wyoming Cowboys,Boise State Broncos,totals,full_game,,,,,,,146.0,-110.0,-110.0
ac9f374f226b3c283a8065232923b2bb,BetOnline.ag,2026-01-20 14:00:55.038303+00:00,2026-01-20 14:00:18+00:00,2026-01-21 01:30:00+00:00,Iowa Hawkeyes,Rutgers Scarlet Knights,spreads,full_game,,,-19.0,-110.0,19.0,-110.0,,,
ac9f374f226b3c283a8065232923b2bb,BetOnline.ag,2026-01-20 14:00:55.038303+00:00,2026-01-20 14:00:18+00:00,2026-01-21 01:30:00+00:00,Iowa Hawkeyes,Rutgers Scarlet Knights,totals,full_game,,,,,,,139.0,-110.0,-110.0
ac9f374f226b3c283a8065232923b2bb,LowVig.ag,2026-01-20 14:00:55.038303+00:00,2026-01-20 14:00:41+00:00,2026-01-21 01:30:00+00:00,Iowa Hawkeyes,Rutgers Scarlet Knights,spreads,full_game,,,-19.0,-106.0,19.0,-106.0,,,
ac9f374f226b3c283a8065232923b2bb,LowVig.ag,2026-01-20 14:00:55.038303+00:00,2026-01-20 14:00:41+00:00,2026-01-21 01:30:00+00:00,Iowa Hawkeyes,Rutgers Scarlet Knights,totals,full_game,,,,,,,139.0,-108.0,-108.0
ac9f374f226b3c283a8065232923b2bb,BetMGM,2026-01-20 14:00:55.038303+00:00,2026-01-20 13:59:57+00:00,2026-01-21 01:30:00+00:00,Iowa Hawkeyes,Rutgers Scarlet Knights,h2h,full_game,-3000.0,1300.0,,,,,,,
ac9f374f226b3c283a8065232923b2bb,BetMGM,2026-01-20 14:00:55.038303+00:00,2026-01-20 13:59:57+00:00,2026-01-21 01:30:00+00:00,Iowa Hawkeyes,Rutgers Scarlet Knights,spreads,full_game,,,-19.5,-105.0,19.5,-115.0,,,
ac9f374f226b3c283a8065232923b2bb,BetMGM,2026-01-20 14:00:55.038303+00:00,2026-01-20 13:59:57+00:00,2026-01-21 01:30:00+00:00,Iowa Hawkeyes,Rutgers Scarlet Knights,totals,full_game,,,,,,,139.5,-105.0,-115.0
ac9f374f226b3c283a8065232923b2bb,Fanatics,2026-01-20 14:00:55.038303+00:00,2026-01-20 14:00:17+00:00,2026-01-21 01:30:00+00:00,Iowa Hawkeyes,Rutgers Scarlet Knights,h2h,full_game,-4000.0,1500.0,,,,,,,
ac9f374f226b3c283a8065232923b2bb,Fanatics,2026-01-20 14:00:55.038303+00:00,2026-01-20 14:00:17+00:00,2026-01-21 01:30:00+00:00,Iowa Hawkeyes,Rutgers Scarlet Knights,spreads,full_game,,,-19.5,-110.0,19.5,-110.0,,,
ac9f374f226b3c283a8065232923b2bb,Fanatics,2026-01-20 14:00:55.038303+00:00,2026-01-20 14:00:17+00:00,2026-01-21 01:30:00+00:00,Iowa Hawkeyes,Rutgers Scarlet Knights,totals,full_game,,,,,,,138.5,-110.0,-110.0
ac9f374f226b3c283a8065232923b2bb,FanDuel,2026-01-20 14:00:55.038303+00:00,2026-01-20 13:59:57+00:00,2026-01-21 01:30:00+00:00,Iowa Hawkeyes,Rutgers Scarlet Knights,h2h,full_game,-4500.0,1600.0,,,,,,,
ac9f374f226b3c283a8065232923b2bb,FanDuel,2026-01-20 14:00:55.038303+00:00,2026-01-20 13:59:57+00:00,2026-01-21 01:30:00+00:00,Iowa Hawkeyes,Rutgers Scarlet Knights,spreads,full_game,,,-19.5,-104.0,19.5,-118.0,,,
ac9f374f226b3c283a8065232923b2bb,FanDuel,2026-01-20 14:00:55.038303+00:00,2026-01-20 13:59:57+00:00,2026-01-21 01:30:00+00:00,Iowa Hawkeyes,Rutgers Scarlet Knights,totals,full_game,,,,,,,138.5,-115.0,-105.0
ac9f374f226b3c283a8065232923b2bb,DraftKings,2026-01-20 14:00:55.038303+00:00,2026-01-20 14:00:39+00:00,2026-01-21 01:30:00+00:00,Iowa Hawkeyes,Rutgers Scarlet Knights,spreads,full_game,,,-19.5,-108.0,19.5,-112.0,,,
ac9f374f226b3c283a8065232923b2bb,DraftKings,2026-01-20 14:00:55.038303+00:00,2026-01-20 14:00:39+00:00,2026-01-21 01:30:00+00:00,Iowa Hawkeyes,Rutgers Scarlet Knights,totals,full_game,,,,,,,138.5,-115.0,-105.0
ac9f374f226b3c283a8065232923b2bb,BetRivers,2026-01-20 14:00:55.038303+00:00,2026-01-20 14:00:17+00:00,2026-01-21 01:30:00+00:00,Iowa Hawkeyes,Rutgers Scarlet Knights,h2h,full_game,-5000.0,1200.0,,,,,,,
ac9f374f226b3c283a8065232923b2bb,BetRivers,2026-01-20 14:00:55.038303+00:00,2026-01-20 14:00:17+00:00,2026-01-21 01:30:00+00:00,Iowa Hawkeyes,Rutgers Scarlet Knights,spreads,full_game,,,-19.5,-108.0,19.5,-118.0,,,
ac9f374f226b3c283a8065232923b2bb,Caesars,2026-01-20 14:00:55.038303+00:00,2026-01-20 14:00:34+00:00,2026-01-21 01:30:00+00:00,Iowa Hawkeyes,Rutgers Scarlet Knights,spreads,full_game,,,-19.5,-110.0,19.5,-110.0,,,
ac9f374f226b3c283a8065232923b2bb,Caesars,2026-01-20 14:00:55.038303+00:00,2026-01-20 14:00:34+00:00,2026-01-21 01:30:00+00:00,Iowa Hawkeyes,Rutgers Scarlet Knights,totals,full_game,,,,,,,139.0,-110.0,-110.0
ac9f374f226b3c283a8065232923b2bb,BetUS,2026-01-20 14:00:55.038303+00:00,2026-01-20 14:00:39+00:00,2026-01-21 01:30:00+00:00,Iowa Hawkeyes,Rutgers Scarlet Knights,spreads,full_game,,,-19.0,-110.0,19.0,-110.0,,,
ac9f374f226b3c283a8065232923b2bb,BetUS,2026-01-20 14:00:55.038303+00:00,2026-01-20 14:00:39+00:00,2026-01-21 01:30:00+00:00,Iowa Hawkeyes,Rutgers Scarlet Knights,totals,full_game,,,,,,,139.0,-110.0,-110.0
ac9f374f226b3c283a8065232923b2bb,Bovada,2026-01-20 14:00:55.038303+00:00,2026-01-20 13:55:14+00:00,2026-01-21 01:30:00+00:00,Iowa Hawkeyes,Rutgers Scarlet Knights,h2h,full_game,-4500.0,1250.0,,,,,,,
ac9f374f226b3c283a8065232923b2bb,Bovada,2026-01-20 14:00:55.038303+00:00,2026-01-20 13:55:14+00:00,2026-01-21 01:30:00+00:00,Iowa Hawkeyes,Rutgers Scarlet Knights,spreads,full_game,,,-19.0,-115.0,19.0,-105.0,,,
ac9f374f226b3c283a8065232923b2bb,Bovada,2026-01-20 14:00:55.038303+00:00,2026-01-20 13:55:14+00:00,2026-01-21 01:30:00+00:00,Iowa Hawkeyes,Rutgers Scarlet Knights,totals,full_game,,,,,,,138.5,-110.0,-110.0
8b47588b491b8e1b74420aa2cc89d32e,BetOnline.ag,2026-01-20 14:00:55.038303+00:00,2026-01-20 14:00:18+00:00,2026-01-21 01:30:00+00:00,SE Missouri St Redhawks,Tenn-Martin Skyhawks,h2h,full_game,-145.0,125.0,,,,,,,
8b47588b491b8e1b74420aa2cc89d32e,BetOnline.ag,2026-01-20 14:00:55.038303+00:00,2026-01-20 14:00:18+00:00,2026-01-21 01:30:00+00:00,SE Missouri St Redhawks,Tenn-Martin Skyhawks,spreads,full_game,,,-3.0,-105.0,3.0,-115.0,,,
8b47588b491b8e1b74420aa2cc89d32e,BetOnline.ag,2026-01-20 14:00:55.038303+00:00,2026-01-20 14:00:18+00:00,2026-01-21 01:30:00+00:00,SE Missouri St Redhawks,Tenn-Martin Skyhawks,totals,full_game,,,,,,,141.5,-110.0,-110.0
8b47588b491b8e1b74420aa2cc89d32e,LowVig.ag,2026-01-20 14:00:55.038303+00:00,2026-01-20 14:00:41+00:00,2026-01-21 01:30:00+00:00,SE Missouri St Redhawks,Tenn-Martin Skyhawks,h2h,full_game,-145.0,125.0,,,,,,,
8b47588b491b8e1b74420aa2cc89d32e,LowVig.ag,2026-01-20 14:00:55.038303+00:00,2026-01-20 14:00:41+00:00,2026-01-21 01:30:00+00:00,SE Missouri St Redhawks,Tenn-Martin Skyhawks,spreads,full_game,,,-3.0,-101.0,3.0,-111.0,,,
8b47588b491b8e1b74420aa2cc89d32e,LowVig.ag,2026-01-20 14:00:55.038303+00:00,2026-01-20 14:00:41+00:00,2026-01-21 01:30:00+00:00,SE Missouri St Redhawks,Tenn-Martin Skyhawks,totals,full_game,,,,,,,141.5,-108.0,-108.0
8b47588b491b8e1b74420aa2cc89d32e,DraftKings,2026-01-20 14:00:55.038303+00:00,2026-01-20 14:00:39+00:00,2026-01-21 01:30:00+00:00,SE Missouri St Redhawks,Tenn-Martin Skyhawks,h2h,full_game,-148.0,124.0,,,,,,,
8b47588b491b8e1b74420aa2cc89d32e,DraftKings,2026-01-20 14:00:55.038303+00:00,2026-01-20 14:00:39+00:00,2026-01-21 01:30:00+00:00,SE Missouri St Redhawks,Tenn-Martin Skyhawks,spreads,full_game,,,-2.5,-110.0,2.5,-110.0,,,
8b47588b491b8e1b74420aa2cc89d32e,DraftKings,2026-01-20 14:00:55.038303+00:00,2026-01-20 14:00:39+00:00,2026-01-21 01:30:00+00:00,SE Missouri St Redhawks,Tenn-Martin Skyhawks,totals,full_game,,,,,,,141.5,-115.0,-105.0
8b47588b491b8e1b74420aa2cc89d32e,BetRivers,2026-01-20 14:00:55.038303+00:00,2026-01-20 14:00:17+00:00,2026-01-21 01:30:00+00:00,SE Missouri St Redhawks,Tenn-Martin Skyhawks,h2h,full_game,-162.0,125.0,,,,,,,
8b47588b491b8e1b74420aa2cc89d32e,BetRivers,2026-01-20 14:00:55.038303+00:00,2026-01-20 14:00:17+00:00,2026-01-21 01:30:00+00:00,SE Missouri St Redhawks,Tenn-Martin Skyhawks,spreads,full_game,,,-2.5,-120.0,2.5,-107.0,,,
8b47588b491b8e1b74420aa2cc89d32e,BetUS,2026-01-20 14:00:55.038303+00:00,2026-01-20 14:00:39+00:00,2026-01-21 01:30:00+00:00,SE Missouri St Redhawks,Tenn-Martin Skyhawks,h2h,full_game,-145.0,125.0,,,,,,,
8b47588b491b8e1b74420aa2cc89d32e,BetUS,2026-01-20 14:00:55.038303+00:00,2026-01-20 14:00:39+00:00,2026-01-21 01:30:00+00:00,SE Missouri St Redhawks,Tenn-Martin Skyhawks,spreads,full_game,,,-2.5,-110.0,2.5,-110.0,,,
8b47588b491b8e1b74420aa2cc89d32e,BetUS,2026-01-20 14:00:55.038303+00:00,2026-01-20 14:00:39+00:00,2026-01-21 01:30:00+00:00,SE Missouri St Redhawks,Tenn-Martin Skyhawks,totals,full_game,,,,,,,142.0,-110.0,-110.0
8b47588b491b8e1b74420aa2cc89d32e,Caesars,2026-01-20 14:00:55.038303+00:00,2026-01-20 14:00:34+00:00,2026-01-21 01:30:00+00:00,SE Missouri St Redhawks,Tenn-Martin Skyhawks,spreads,full_game,,,-2.5,-110.0,2.5,-110.0,,,
8b47588b491b8e1b74420aa2cc89d32e,Caesars,2026-01-20 14:00:55.038303+00:00,2026-01-20 14:00:34+00:00,2026-01-21 01:30:00+00:00,SE Missouri St Redhawks,Tenn-Martin Skyhawks,totals,full_game,,,,,,,141.5,-110.0,-110.0
8b47588b491b8e1b74420aa2cc89d32e,FanDuel,2026-01-20 14:00:55.038303+00:00,2026-01-20 13:59:57+00:00,2026-01-21 01:30:00+00:00,SE Missouri St Redhawks,Tenn-Martin Skyhawks,h2h,full_game,-152.0,126.0,,,,,,,
8b47588b491b8e1b74420aa2cc89d32e,FanDuel,2026-01-20 14:00:55.038303+00:00,2026-01-20 13:59:57+00:00,2026-01-21 01:30:00+00:00,SE Missouri St Redhawks,Tenn-Martin Skyhawks,spreads,full_game,,,-2.5,-110.0,2.5,-110.0,,,
8b47588b491b8e1b74420aa2cc89d32e,FanDuel,2026-01-20 14:00:55.038303+00:00,2026-01-20 13:59:57+00:00,2026-01-21 01:30:00+00:00,SE Missouri St Redhawks,Tenn-Martin Skyhawks,totals,full_game,,,,,,,141.5,-115.0,-105.0
8b47588b491b8e1b74420aa2cc89d32e,BetMGM,2026-01-20 14:00:55.038303+00:00,2026-01-20 13:59:57+00:00,2026-01-21 01:30:00+00:00,SE Missouri St Redhawks,Tenn-Martin Skyhawks,h2h,full_game,-150.0,125.0,,,,,,,
8b47588b491b8e1b74420aa2cc89d32e,BetMGM,2026-01-20 14:00:55.038303+00:00,2026-01-20 13:59:57+00:00,2026-01-21 01:30:00+00:00,SE Missouri St Redhawks,Tenn-Martin Skyhawks,spreads,full_game,,,-2.5,-110.0,2.5,-110.0,,,
8b47588b491b8e1b74420aa2cc89d32e,BetMGM,2026-01-20 14:00:55.038303+00:00,2026-01-20 13:59:57+00:00,2026-01-21 01:30:00+00:00,SE Missouri St Redhawks,Tenn-Martin Skyhawks,totals,full_game,,,,,,,141.5,-115.0,-105.0
8b47588b491b8e1b74420aa2cc89d32e,Bovada,2026-01-20 14:00:55.038303+00:00,2026-01-20 13:55:14+00:00,2026-01-21 01:30:00+00:00,SE Missouri St Redhawks,Tenn-Martin Skyhawks,h2h,full_game,-145.0,125.0,,,,,,,
8b47588b491b8e1b74420aa2cc89d32e,Bovada,2026-01-20 14:00:55.038303+00:00,2026-01-20 13:55:14+00:00,2026-01-21 01:30:00+00:00,SE Missouri St Redhawks,Tenn-Martin Skyhawks,spreads,full_game,,,-2.5,-110.0,2.5,-110.0,,,
8b47588b491b8e1b74420aa2cc89d32e,Bovada,2026-01-20 14:00:55.038303+00:00,2026-01-20 13:55:14+00:00,2026-01-21 01:30:00+00:00,SE Missouri St Redhawks,Tenn-Martin Skyhawks,totals,full_game,,,,,,,142.5,-110.0,-110.0
ab5f2a8929e72d7b59245e3148d063fb,BetOnline.ag,2026-01-20 14:00:55.038303+00:00,2026-01-20 14:00:18+00:00,2026-01-21 02:00:00+00:00,Colorado St Rams,Air Force Falcons,spreads,full_game,,,-21.0,-105.0,21.0,-115.0,,,
ab5f2a8929e72d7b59245e3148d063fb,BetOnline.ag,2026-01-20 14:00:55.038303+00:00,2026-01-20 14:00:18+00:00,2026-01-21 02:00:00+00:00,Colorado St Rams,Air Force Falcons,totals,full_game,,,,,,,132.5,-110.0,-110.0
ab5f2a8929e72d7b59245e3148d063fb,LowVig.ag,2026-01-20 14:00:55.038303+00:00,2026-01-20 14:00:41+00:00,2026-01-21 02:00:00+00:00,Colorado St Rams,Air Force Falcons,spreads,full_game,,,-21.0,-101.0,21.0,-111.0,,,
ab5f2a8929e72d7b59245e3148d063fb,LowVig.ag,2026-01-20 14:00:55.038303+00:00,2026-01-20 14:00:41+00:00,2026-01-21 02:00:00+00:00,Colorado St Rams,Air Force Falcons,totals,full_game,,,,,,,132.5,-108.0,-108.0
ab5f2a8929e72d7b59245e3148d063fb,DraftKings,2026-01-20 14:00:55.038303+00:00,2026-01-20 14:00:39+00:00,2026-01-21 02:00:00+00:00,Colorado St Rams,Air Force Falcons,h2h,full_game,-3200.0,1400.0,,,,,,,
ab5f2a8929e72d7b59245e3148d063fb,DraftKings,2026-01-20 14:00:55.038303+00:00,2026-01-20 14:00:39+00:00,2026-01-21 02:00:00+00:00,Colorado St Rams,Air Force Falcons,spreads,full_game,,,-20.5,-112.0,20.5,-108.0,,,
ab5f2a8929e72d7b59245e3148d063fb,DraftKings,2026-01-20 14:00:55.038303+00:00,2026-01-20 14:00:39+00:00,2026-01-21 02:00:00+00:00,Colorado St Rams,Air Force Falcons,totals,full_game,,,,,,,132.5,-108.0,-112.0
ab5f2a8929e72d7b59245e3148d063fb,Fanatics,2026-01-20 14:00:55.038303+00:00,2026-01-20 14:00:17+00:00,2026-01-21 02:00:00+00:00,Colorado St Rams,Air Force Falcons,h2h,full_game,-5000.0,1700.0,,,,,,,
ab5f2a8929e72d7b59245e3148d063fb,Fanatics,2026-01-20 14:00:55.038303+00:00,2026-01-20 14:00:17+00:00,2026-01-21 02:00:00+00:00,Colorado St Rams,Air Force Falcons,spreads,full_game,,,-20.5,-110.0,20.5,-110.0,,,
ab5f2a8929e72d7b59245e3148d063fb,Fanatics,2026-01-20 14:00:55.038303+00:00,2026-01-20 14:00:17+00:00,2026-01-21 02:00:00+00:00,Colorado St Rams,Air Force Falcons,totals,full_game,,,,,,,133.0,-110.0,-110.0
ab5f2a8929e72d7b59245e3148d063fb,BetRivers,2026-01-20 14:00:55.038303+00:00,2026-01-20 14:00:17+00:00,2026-01-21 02:00:00+00:00,Colorado St Rams,Air Force Falcons,h2h,full_game,-10000.0,1500.0,,,,,,,
ab5f2a8929e72d7b59245e3148d063fb,BetRivers,2026-01-20 14:00:55.038303+00:00,2026-01-20 14:00:17+00:00,2026-01-21 02:00:00+00:00,Colorado St Rams,Air Force Falcons,spreads,full_game,,,-20.5,-113.0,20.5,-113.0,,,
ab5f2a8929e72d7b59245e3148d063fb,BetUS,2026-01-20 14:00:55.038303+00:00,2026-01-20 14:00:39+00:00,2026-01-21 02:00:00+00:00,Colorado St Rams,Air Force Falcons,spreads,full_game,,,-20.5,-110.0,20.5,-110.0,,,
ab5f2a8929e72d7b59245e3148d063fb,BetUS,2026-01-20 14:00:55.038303+00:00,2026-01-20 14:00:39+00:00,2026-01-21 02:00:00+00:00,Colorado St Rams,Air Force Falcons,totals,full_game,,,,,,,132.5,-110.0,-110.0
ab5f2a8929e72d7b59245e3148d063fb,Caesars,2026-01-20 14:00:55.038303+00:00,2026-01-20 14:00:34+00:00,2026-01-21 02:00:00+00:00,Colorado St Rams,Air Force Falcons,h2h,full_game,-4500.0,1550.0,,,,,,,
ab5f2a8929e72d7b59245e3148d063fb,Caesars,2026-01-20 14:00:55.038303+00:00,2026-01-20 14:00:34+00:00,2026-01-21 02:00:00+00:00,Colorado St Rams,Air Force Falcons,spreads,full_game,,,-20.5,-110.0,20.5,-110.0,,,
ab5f2a8929e72d7b59245e3148d063fb,Caesars,2026-01-20 14:00:55.038303+00:00,2026-01-20 14:00:34+00:00,2026-01-21 02:00:00+00:00,Colorado St Rams,Air Force Falcons,totals,full_game,,,,,,,132.5,-110.0,-110.0
ab5f2a8929e72d7b59245e3148d063fb,FanDuel,2026-01-20 14:00:55.038303+00:00,2026-01-20 13:59:57+00:00,2026-01-21 02:00:00+00:00,Colorado St Rams,Air Force Falcons,h2h,full_game,-4500.0,1600.0,,,,,,,
ab5f2a8929e72d7b59245e3148d063fb,FanDuel,2026-01-20 14:00:55.038303+00:00,2026-01-20 13:59:57+00:00,2026-01-21 02:00:00+00:00,Colorado St Rams,Air Force Falcons,spreads,full_game,,,-20.5,-110.0,20.5,-110.0,,,
ab5f2a8929e72d7b59245e3148d063fb,FanDuel,2026-01-20 14:00:55.038303+00:00,2026-01-20 13:59:57+00:00,2026-01-21 02:00:00+00:00,Colorado St Rams,Air Force Falcons,totals,full_game,,,,,,,132.5,-110.0,-110.0
ab5f2a8929e72d7b59245e3148d063fb,BetMGM,2026-01-20 14:00:55.038303+00:00,2026-01-20 13:59:57+00:00,2026-01-21 02:00:00+00:00,Colorado St Rams,Air Force Falcons,h2h,full_game,-5000.0,1400.0,,,,,,,
ab5f2a8929e72d7b59245e3148d063fb,BetMGM,2026-01-20 14:00:55.038303+00:00,2026-01-20 13:59:57+00:00,2026-01-21 02:00:00+00:00,Colorado St Rams,Air Force Falcons,spreads,full_game,,,-20.5,-110.0,20.5,-110.0,,,
ab5f2a8929e72d7b59245e3148d063fb,BetMGM,2026-01-20 14:00:55.038303+00:00,2026-01-20 13:59:57+00:00,2026-01-21 02:00:00+00:00,Colorado St Rams,Air Force Falcons,totals,full_game,,,,,,,132.5,-110.0,-110.0
ab5f2a8929e72d7b59245e3148d063fb,Bovada,2026-01-20 14:00:55.038303+00:00,2026-01-20 13:55:14+00:00,2026-01-21 02:00:00+00:00,Colorado St Rams,Air Force Falcons,h2h,full_game,-6500.0,1350.0,,,,,,,
ab5f2a8929e72d7b59245e3148d063fb,Bovada,2026-01-20 14:00:55.038303+00:00,2026-01-20 13:55:14+00:00,2026-01-21 02:00:00+00:00,Colorado St Rams,Air Force Falcons,spreads,full_game,,,-20.5,-110.0,20.5,-110.0,,,
ab5f2a8929e72d7b59245e3148d063fb,Bovada,2026-01-20 14:00:55.038303+00:00,2026-01-20 13:55:14+00:00,2026-01-21 02:00:00+00:00,Colorado St Rams,Air Force Falcons,totals,full_game,,,,,,,133.0,-110.0,-110.0
86ac734c32a2cb5c8215455f3746dcc7,DraftKings,2026-01-20 14:00:55.038303+00:00,2026-01-20 14:00:39+00:00,2026-01-21 02:00:00+00:00,Arkansas Razorbacks,Vanderbilt Commodores,h2h,full_game,-130.0,110.0,,,,,,,
86ac734c32a2cb5c8215455f3746dcc7,DraftKings,2026-01-20 14:00:55.038303+00:00,2026-01-20 14:00:39+00:00,2026-01-21 02:00:00+00:00,Arkansas Razorbacks,Vanderbilt Commodores,spreads,full_game,,,-1.5,-110.0,1.5,-110.0,,,
86ac734c32a2cb5c8215455f3746dcc7,DraftKings,2026-01-20 14:00:55.038303+00:00,2026-01-20 14:00:39+00:00,2026-01-21 02:00:00+00:00,Arkansas Razorbacks,Vanderbilt Commodores,totals,full_game,,,,,,,172.5,-112.0,-108.0
86ac734c32a2cb5c8215455f3746dcc7,Fanatics,2026-01-20 14:00:55.038303+00:00,2026-01-20 14:00:17+00:00,2026-01-21 02:00:00+00:00,Arkansas Razorbacks,Vanderbilt Commodores,h2h,full_game,-125.0,105.0,,,,,,,
86ac734c32a2cb5c8215455f3746dcc7,Fanatics,2026-01-20 14:00:55.038303+00:00,2026-01-20 14:00:17+00:00,2026-01-21 02:00:00+00:00,Arkansas Razorbacks,Vanderbilt Commodores,spreads,full_game,,,-1.5,-110.0,1.5,-110.0,,,
86ac734c32a2cb5c8215455f3746dcc7,Fanatics,2026-01-20 14:00:55.038303+00:00,2026-01-20 14:00:17+00:00,2026-01-21 02:00:00+00:00,Arkansas Razorbacks,Vanderbilt Commodores,totals,full_game,,,,,,,172.0,-110.0,-110.0
86ac734c32a2cb5c8215455f3746dcc7,BetOnline.ag,2026-01-20 14:00:55.038303+00:00,2026-01-20 14:00:18+00:00,2026-01-21 02:00:00+00:00,Arkansas Razorbacks,Vanderbilt Commodores,h2h,full_game,-129.0,109.0,,,,,,,
86ac734c32a2cb5c8215455f3746dcc7,BetOnline.ag,2026-01-20 14:00:55.038303+00:00,2026-01-20 14:00:18+00:00,2026-01-21 02:00:00+00:00,Arkansas Razorbacks,Vanderbilt Commodores,spreads,full_game,,,-1.5,-117.0,1.5,-103.0,,,
86ac734c32a2cb5c8215455f3746dcc7,BetOnline.ag,2026-01-20 14:00:55.038303+00:00,2026-01-20 14:00:18+00:00,2026-01-21 02:00:00+00:00,Arkansas Razorbacks,Vanderbilt Commodores,totals,full_game,,,,,,,173.0,-105.0,-115.0
86ac734c32a2cb5c8215455f3746dcc7,LowVig.ag,2026-01-20 14:00:55.038303+00:00,2026-01-20 14:00:41+00:00,2026-01-21 02:00:00+00:00,Arkansas Razorbacks,Vanderbilt Commodores,h2h,full_game,-129.0,109.0,,,,,,,
86ac734c32a2cb5c8215455f3746dcc7,LowVig.ag,2026-01-20 14:00:55.038303+00:00,2026-01-20 14:00:41+00:00,2026-01-21 02:00:00+00:00,Arkansas Razorbacks,Vanderbilt Commodores,spreads,full_game,,,-1.5,-113.0,1.5,101.0,,,
86ac734c32a2cb5c8215455f3746dcc7,LowVig.ag,2026-01-20 14:00:55.038303+00:00,2026-01-20 14:00:41+00:00,2026-01-21 02:00:00+00:00,Arkansas Razorbacks,Vanderbilt Commodores,totals,full_game,,,,,,,173.0,-103.0,-113.0
86ac734c32a2cb5c8215455f3746dcc7,FanDuel,2026-01-20 14:00:55.038303+00:00,2026-01-20 13:59:57+00:00,2026-01-21 02:00:00+00:00,Arkansas Razorbacks,Vanderbilt Commodores,h2h,full_game,-122.0,100.0,,,,,,,
86ac734c32a2cb5c8215455f3746dcc7,FanDuel,2026-01-20 14:00:55.038303+00:00,2026-01-20 13:59:57+00:00,2026-01-21 02:00:00+00:00,Arkansas Razorbacks,Vanderbilt Commodores,spreads,full_game,,,-1.5,-110.0,1.5,-110.0,,,
86ac734c32a2cb5c8215455f3746dcc7,FanDuel,2026-01-20 14:00:55.038303+00:00,2026-01-20 13:59:57+00:00,2026-01-21 02:00:00+00:00,Arkansas Razorbacks,Vanderbilt Commodores,totals,full_game,,,,,,,172.5,-110.0,-110.0
86ac734c32a2cb5c8215455f3746dcc7,BetMGM,2026-01-20 14:00:55.038303+00:00,2026-01-20 13:59:57+00:00,2026-01-21 02:00:00+00:00,Arkansas Razorbacks,Vanderbilt Commodores,h2h,full_game,-130.0,105.0,,,,,,,
86ac734c32a2cb5c8215455f3746dcc7,BetMGM,2026-01-20 14:00:55.038303+00:00,2026-01-20 13:59:57+00:00,2026-01-21 02:00:00+00:00,Arkansas Razorbacks,Vanderbilt Commodores,spreads,full_game,,,-1.5,-110.0,1.5,-110.0,,,
86ac734c32a2cb5c8215455f3746dcc7,BetMGM,2026-01-20 14:00:55.038303+00:00,2026-01-20 13:59:57+00:00,2026-01-21 02:00:00+00:00,Arkansas Razorbacks,Vanderbilt Commodores,totals,full_game,,,,,,,172.5,-115.0,-105.0
86ac734c32a2cb5c8215455f3746dcc7,BetRivers,2026-01-20 14:00:55.038303+00:00,2026-01-20 14:00:17+00:00,2026-01-21 02:00:00+00:00,Arkansas Razorbacks,Vanderbilt Commodores,h2h,full_game,-124.0,100.0,,,,,,,
86ac734c32a2cb5c8215455f3746dcc7,BetRivers,2026-01-20 14:00:55.038303+00:00,2026-01-20 14:00:17+00:00,2026-01-21 02:00:00+00:00,Arkansas Razorbacks,Vanderbilt Commodores,spreads,full_game,,,-1.5,-113.0,1.5,-110.0,,,
86ac734c32a2cb5c8215455f3746dcc7,BetUS,2026-01-20 14:00:55.038303+00:00,2026-01-20 14:00:39+00:00,2026-01-21 02:00:00+00:00,Arkansas Razorbacks,Vanderbilt Commodores,h2h,full_game,-130.0,110.0,,,,,,,
86ac734c32a2cb5c8215455f3746dcc7,BetUS,2026-01-20 14:00:55.038303+00:00,2026-01-20 14:00:39+00:00,2026-01-21 02:00:00+00:00,Arkansas Razorbacks,Vanderbilt Commodores,spreads,full_game,,,-1.5,-110.0,1.5,-110.0,,,
86ac734c32a2cb5c8215455f3746dcc7,BetUS,2026-01-20 14:00:55.038303+00:00,2026-01-20 14:00:39+00:00,2026-01-21 02:00:00+00:00,Arkansas Razorbacks,Vanderbilt Commodores,totals,full_game,,,,,,,172.5,-110.0,-110.0
86ac734c32a2cb5c8215455f3746dcc7,Caesars,2026-01-20 14:00:55.038303+00:00,2026-01-20 14:00:34+00:00,2026-01-21 02:00:00+00:00,Arkansas Razorbacks,Vanderbilt Commodores,spreads,full_game,,,-2.0,-110.0,2.0,-110.0,,,
86ac734c32a2cb5c8215455f3746dcc7,Caesars,2026-01-20 14:00:55.038303+00:00,2026-01-20 14:00:34+00:00,2026-01-21 02:00:00+00:00,Arkansas Razorbacks,Vanderbilt Commodores,totals,full_game,,,,,,,173.0,-110.0,-110.0
86ac734c32a2cb5c8215455f3746dcc7,Bovada,2026-01-20 14:00:55.038303+00:00,2026-01-20 13:55:14+00:00,2026-01-21 02:00:00+00:00,Arkansas Razorbacks,Vanderbilt Commodores,h2h,full_game,-130.0,110.0,,,,,,,
86ac734c32a2cb5c8215455f3746dcc7,Bovada,2026-01-20 14:00:55.038303+00:00,2026-01-20 13:55:14+00:00,2026-01-21 02:00:00+00:00,Arkansas Razorbacks,Vanderbilt Commodores,spreads,full_game,,,-1.0,-115.0,1.0,-105.0,,,
86ac734c32a2cb5c8215455f3746dcc7,Bovada,2026-01-20 14:00:55.038303+00:00,2026-01-20 13:55:14+00:00,2026-01-21 02:00:00+00:00,Arkansas Razorbacks,Vanderbilt Commodores,totals,full_game,,,,,,,171.5,-110.0,-110.0
a6e6ddc5d50bf3f3c9183cc4ec5c5a21,DraftKings,2026-01-20 14:00:55.038303+00:00,2026-01-20 14:00:39+00:00,2026-01-21 02:00:00+00:00,Ole Miss Rebels,Auburn Tigers,h2h,full_game,130.0,-155.0,,,,,,,
a6e6ddc5d50bf3f3c9183cc4ec5c5a21,DraftKings,2026-01-20 14:00:55.038303+00:00,2026-01-20 14:00:39+00:00,2026-01-21 02:00:00+00:00,Ole Miss Rebels,Auburn Tigers,spreads,full_game,,,2.5,-105.0,-2.5,-115.0,,,
a6e6ddc5d50bf3f3c9183cc4ec5c5a21,DraftKings,2026-01-20 14:00:55.038303+00:00,2026-01-20 14:00:39+00:00,2026-01-21 02:00:00+00:00,Ole Miss Rebels,Auburn Tigers,totals,full_game,,,,,,,149.5,-105.0,-115.0
a6e6ddc5d50bf3f3c9183cc4ec5c5a21,Fanatics,2026-01-20 14:00:55.038303+00:00,2026-01-20 14:00:17+00:00,2026-01-21 02:00:00+00:00,Ole Miss Rebels,Auburn Tigers,h2h,full_game,125.0,-150.0,,,,,,,
a6e6ddc5d50bf3f3c9183cc4ec5c5a21,Fanatics,2026-01-20 14:00:55.038303+00:00,2026-01-20 14:00:17+00:00,2026-01-21 02:00:00+00:00,Ole Miss Rebels,Auburn Tigers,spreads,full_game,,,3.0,-110.0,-3.0,-110.0,,,
a6e6ddc5d50bf3f3c9183cc4ec5c5a21,Fanatics,2026-01-20 14:00:55.038303+00:00,2026-01-20 14:00:17+00:00,2026-01-21 02:00:00+00:00,Ole Miss Rebels,Auburn Tigers,totals,full_game,,,,,,,150.0,-110.0,-110.0
a6e6ddc5d50bf3f3c9183cc4ec5c5a21,LowVig.ag,2026-01-20 14:00:55.038303+00:00,2026-01-20 14:00:41+00:00,2026-01-21 02:00:00+00:00,Ole Miss Rebels,Auburn Tigers,h2h,full_game,130.0,-150.0,,,,,,,
a6e6ddc5d50bf3f3c9183cc4ec5c5a21,LowVig.ag,2026-01-20 14:00:55.038303+00:00,2026-01-20 14:00:41+00:00,2026-01-21 02:00:00+00:00,Ole Miss Rebels,Auburn Tigers,spreads,full_game,,,3.0,-104.0,-3.0,-108.0,,,
a6e6ddc5d50bf3f3c9183cc4ec5c5a21,LowVig.ag,2026-01-20 14:00:55.038303+00:00,2026-01-20 14:00:41+00:00,2026-01-21 02:00:00+00:00,Ole Miss Rebels,Auburn Tigers,totals,full_game,,,,,,,149.0,-108.0,-108.0
a6e6ddc5d50bf3f3c9183cc4ec5c5a21,BetOnline.ag,2026-01-20 14:00:55.038303+00:00,2026-01-20 14:00:18+00:00,2026-01-21 02:00:00+00:00,Ole Miss Rebels,Auburn Tigers,h2h,full_game,130.0,-150.0,,,,,,,
a6e6ddc5d50bf3f3c9183cc4ec5c5a21,BetOnline.ag,2026-01-20 14:00:55.038303+00:00,2026-01-20 14:00:18+00:00,2026-01-21 02:00:00+00:00,Ole Miss Rebels,Auburn Tigers,spreads,full_game,,,3.0,-108.0,-3.0,-112.0,,,
a6e6ddc5d50bf3f3c9183cc4ec5c5a21,BetOnline.ag,2026-01-20 14:00:55.038303+00:00,2026-01-20 14:00:18+00:00,2026-01-21 02:00:00+00:00,Ole Miss Rebels,Auburn Tigers,totals,full_game,,,,,,,149.0,-110.0,-110.0
a6e6ddc5d50bf3f3c9183cc4ec5c5a21,FanDuel,2026-01-20 14:00:55.038303+00:00,2026-01-20 13:59:57+00:00,2026-01-21 02:00:00+00:00,Ole Miss Rebels,Auburn Tigers,h2h,full_game,134.0,-162.0,,,,,,,
a6e6ddc5d50bf3f3c9183cc4ec5c5a21,FanDuel,2026-01-20 14:00:55.038303+00:00,2026-01-20 13:59:57+00:00,2026-01-21 02:00:00+00:00,Ole Miss Rebels,Auburn Tigers,spreads,full_game,,,2.5,-102.0,-2.5,-120.0,,,
a6e6ddc5d50bf3f3c9183cc4ec5c5a21,FanDuel,2026-01-20 14:00:55.038303+00:00,2026-01-20 13:59:57+00:00,2026-01-21 02:00:00+00:00,Ole Miss Rebels,Auburn Tigers,totals,full_game,,,,,,,149.5,-110.0,-110.0
a6e6ddc5d50bf3f3c9183cc4ec5c5a21,BetMGM,2026-01-20 14:00:55.038303+00:00,2026-01-20 13:59:57+00:00,2026-01-21 02:00:00+00:00,Ole Miss Rebels,Auburn Tigers,h2h,full_game,125.0,-155.0,,,,,,,
a6e6ddc5d50bf3f3c9183cc4ec5c5a21,BetMGM,2026-01-20 14:00:55.038303+00:00,2026-01-20 13:59:57+00:00,2026-01-21 02:00:00+00:00,Ole Miss Rebels,Auburn Tigers,spreads,full_game,,,2.5,-105.0,-2.5,-115.0,,,
a6e6ddc5d50bf3f3c9183cc4ec5c5a21,BetMGM,2026-01-20 14:00:55.038303+00:00,2026-01-20 13:59:57+00:00,2026-01-21 02:00:00+00:00,Ole Miss Rebels,Auburn Tigers,totals,full_game,,,,,,,148.5,-110.0,-110.0
a6e6ddc5d50bf3f3c9183cc4ec5c5a21,BetRivers,2026-01-20 14:00:55.038303+00:00,2026-01-20 14:00:17+00:00,2026-01-21 02:00:00+00:00,Ole Miss Rebels,Auburn Tigers,h2h,full_game,128.0,-159.0,,,,,,,
a6e6ddc5d50bf3f3c9183cc4ec5c5a21,BetRivers,2026-01-20 14:00:55.038303+00:00,2026-01-20 14:00:17+00:00,2026-01-21 02:00:00+00:00,Ole Miss Rebels,Auburn Tigers,spreads,full_game,,,2.5,-109.0,-2.5,-114.0,,,
a6e6ddc5d50bf3f3c9183cc4ec5c5a21,BetUS,2026-01-20 14:00:55.038303+00:00,2026-01-20 14:00:39+00:00,2026-01-21 02:00:00+00:00,Ole Miss Rebels,Auburn Tigers,h2h,full_game,129.0,-150.0,,,,,,,
a6e6ddc5d50bf3f3c9183cc4ec5c5a21,BetUS,2026-01-20 14:00:55.038303+00:00,2026-01-20 14:00:39+00:00,2026-01-21 02:00:00+00:00,Ole Miss Rebels,Auburn Tigers,spreads,full_game,,,3.0,-110.0,-3.0,-110.0,,,
a6e6ddc5d50bf3f3c9183cc4ec5c5a21,BetUS,2026-01-20 14:00:55.038303+00:00,2026-01-20 14:00:39+00:00,2026-01-21 02:00:00+00:00,Ole Miss Rebels,Auburn Tigers,totals,full_game,,,,,,,149.0,-110.0,-110.0
a6e6ddc5d50bf3f3c9183cc4ec5c5a21,Caesars,2026-01-20 14:00:55.038303+00:00,2026-01-20 14:00:34+00:00,2026-01-21 02:00:00+00:00,Ole Miss Rebels,Auburn Tigers,spreads,full_game,,,3.5,-110.0,-3.5,-110.0,,,
a6e6ddc5d50bf3f3c9183cc4ec5c5a21,Caesars,2026-01-20 14:00:55.038303+00:00,2026-01-20 14:00:34+00:00,2026-01-21 02:00:00+00:00,Ole Miss Rebels,Auburn Tigers,totals,full_game,,,,,,,149.0,-110.0,-110.0
a6e6ddc5d50bf3f3c9183cc4ec5c5a21,Bovada,2026-01-20 14:00:55.038303+00:00,2026-01-20 13:55:14+00:00,2026-01-21 02:00:00+00:00,Ole Miss Rebels,Auburn Tigers,h2h,full_game,125.0,-145.0,,,,,,,
a6e6ddc5d50bf3f3c9183cc4ec5c5a21,Bovada,2026-01-20 14:00:55.038303+00:00,2026-01-20 13:55:14+00:00,2026-01-21 02:00:00+00:00,Ole Miss Rebels,Auburn Tigers,spreads,full_game,,,3.0,-110.0,-3.0,-110.0,,,
a6e6ddc5d50bf3f3c9183cc4ec5c5a21,Bovada,2026-01-20 14:00:55.038303+00:00,2026-01-20 13:55:14+00:00,2026-01-21 02:00:00+00:00,Ole Miss Rebels,Auburn Tigers,totals,full_game,,,,,,,150.0,-110.0,-110.0
7afc76f206120a848a7ba4d98d64ca96,DraftKings,2026-01-20 14:00:55.038303+00:00,2026-01-20 14:00:39+00:00,2026-01-21 02:00:00+00:00,Baylor Bears,Texas Tech Red Raiders,h2h,full_game,110.0,-130.0,,,,,,,
7afc76f206120a848a7ba4d98d64ca96,DraftKings,2026-01-20 14:00:55.038303+00:00,2026-01-20 14:00:39+00:00,2026-01-21 02:00:00+00:00,Baylor Bears,Texas Tech Red Raiders,spreads,full_game,,,1.5,-105.0,-1.5,-115.0,,,
7afc76f206120a848a7ba4d98d64ca96,DraftKings,2026-01-20 14:00:55.038303+00:00,2026-01-20 14:00:39+00:00,2026-01-21 02:00:00+00:00,Baylor Bears,Texas Tech Red Raiders,totals,full_game,,,,,,,155.5,-105.0,-115.0
7afc76f206120a848a7ba4d98d64ca96,Fanatics,2026-01-20 14:00:55.038303+00:00,2026-01-20 14:00:17+00:00,2026-01-21 02:00:00+00:00,Baylor Bears,Texas Tech Red Raiders,h2h,full_game,110.0,-130.0,,,,,,,
7afc76f206120a848a7ba4d98d64ca96,Fanatics,2026-01-20 14:00:55.038303+00:00,2026-01-20 14:00:17+00:00,2026-01-21 02:00:00+00:00,Baylor Bears,Texas Tech Red Raiders,spreads,full_game,,,2.0,-110.0,-2.0,-110.0,,,
7afc76f206120a848a7ba4d98d64ca96,Fanatics,2026-01-20 14:00:55.038303+00:00,2026-01-20 14:00:17+00:00,2026-01-21 02:00:00+00:00,Baylor Bears,Texas Tech Red Raiders,totals,full_game,,,,,,,155.5,-110.0,-110.0
7afc76f206120a848a7ba4d98d64ca96,LowVig.ag,2026-01-20 14:00:55.038303+00:00,2026-01-20 14:00:41+00:00,2026-01-21 02:00:00+00:00,Baylor Bears,Texas Tech Red Raiders,h2h,full_game,109.0,-129.0,,,,,,,
7afc76f206120a848a7ba4d98d64ca96,LowVig.ag,2026-01-20 14:00:55.038303+00:00,2026-01-20 14:00:41+00:00,2026-01-21 02:00:00+00:00,Baylor Bears,Texas Tech Red Raiders,spreads,full_game,,,1.5,-101.0,-1.5,-111.0,,,
7afc76f206120a848a7ba4d98d64ca96,LowVig.ag,2026-01-20 14:00:55.038303+00:00,2026-01-20 14:00:41+00:00,2026-01-21 02:00:00+00:00,Baylor Bears,Texas Tech Red Raiders,totals,full_game,,,,,,,155.0,-108.0,-108.0
7afc76f206120a848a7ba4d98d64ca96,BetOnline.ag,2026-01-20 14:00:55.038303+00:00,2026-01-20 14:00:18+00:00,2026-01-21 02:00:00+00:00,Baylor Bears,Texas Tech Red Raiders,h2h,full_game,109.0,-129.0,,,,,,,
7afc76f206120a848a7ba4d98d64ca96,BetOnline.ag,2026-01-20 14:00:55.038303+00:00,2026-01-20 14:00:18+00:00,2026-01-21 02:00:00+00:00,Baylor Bears,Texas Tech Red Raiders,spreads,full_game,,,1.5,-105.0,-1.5,-115.0,,,
7afc76f206120a848a7ba4d98d64ca96,BetOnline.ag,2026-01-20 14:00:55.038303+00:00,2026-01-20 14:00:18+00:00,2026-01-21 02:00:00+00:00,Baylor Bears,Texas Tech Red Raiders,totals,full_game,,,,,,,155.0,-110.0,-110.0
7afc76f206120a848a7ba4d98d64ca96,BetMGM,2026-01-20 14:00:55.038303+00:00,2026-01-20 13:59:57+00:00,2026-01-21 02:00:00+00:00,Baylor Bears,Texas Tech Red Raiders,h2h,full_game,110.0,-135.0,,,,,,,
7afc76f206120a848a7ba4d98d64ca96,BetMGM,2026-01-20 14:00:55.038303+00:00,2026-01-20 13:59:57+00:00,2026-01-21 02:00:00+00:00,Baylor Bears,Texas Tech Red Raiders,spreads,full_game,,,1.5,-105.0,-1.5,-115.0,,,
7afc76f206120a848a7ba4d98d64ca96,BetMGM,2026-01-20 14:00:55.038303+00:00,2026-01-20 13:59:57+00:00,2026-01-21 02:00:00+00:00,Baylor Bears,Texas Tech Red Raiders,totals,full_game,,,,,,,155.5,-105.0,-115.0
7afc76f206120a848a7ba4d98d64ca96,FanDuel,2026-01-20 14:00:55.038303+00:00,2026-01-20 13:59:57+00:00,2026-01-21 02:00:00+00:00,Baylor Bears,Texas Tech Red Raiders,h2h,full_game,118.0,-142.0,,,,,,,
7afc76f206120a848a7ba4d98d64ca96,FanDuel,2026-01-20 14:00:55.038303+00:00,2026-01-20 13:59:57+00:00,2026-01-21 02:00:00+00:00,Baylor Bears,Texas Tech Red Raiders,spreads,full_game,,,2.5,-120.0,-2.5,-102.0,,,
7afc76f206120a848a7ba4d98d64ca96,FanDuel,2026-01-20 14:00:55.038303+00:00,2026-01-20 13:59:57+00:00,2026-01-21 02:00:00+00:00,Baylor Bears,Texas Tech Red Raiders,totals,full_game,,,,,,,155.5,-110.0,-110.0
7afc76f206120a848a7ba4d98d64ca96,BetRivers,2026-01-20 14:00:55.038303+00:00,2026-01-20 14:00:17+00:00,2026-01-21 02:00:00+00:00,Baylor Bears,Texas Tech Red Raiders,h2h,full_game,106.0,-132.0,,,,,,,
7afc76f206120a848a7ba4d98d64ca96,BetRivers,2026-01-20 14:00:55.038303+00:00,2026-01-20 14:00:17+00:00,2026-01-21 02:00:00+00:00,Baylor Bears,Texas Tech Red Raiders,spreads,full_game,,,1.5,-106.0,-1.5,-118.0,,,
7afc76f206120a848a7ba4d98d64ca96,BetUS,2026-01-20 14:00:55.038303+00:00,2026-01-20 14:00:39+00:00,2026-01-21 02:00:00+00:00,Baylor Bears,Texas Tech Red Raiders,h2h,full_game,110.0,-130.0,,,,,,,
7afc76f206120a848a7ba4d98d64ca96,BetUS,2026-01-20 14:00:55.038303+00:00,2026-01-20 14:00:39+00:00,2026-01-21 02:00:00+00:00,Baylor Bears,Texas Tech Red Raiders,spreads,full_game,,,2.0,-110.0,-2.0,-110.0,,,
7afc76f206120a848a7ba4d98d64ca96,BetUS,2026-01-20 14:00:55.038303+00:00,2026-01-20 14:00:39+00:00,2026-01-21 02:00:00+00:00,Baylor Bears,Texas Tech Red Raiders,totals,full_game,,,,,,,155.0,-110.0,-110.0
7afc76f206120a848a7ba4d98d64ca96,Caesars,2026-01-20 14:00:55.038303+00:00,2026-01-20 14:00:34+00:00,2026-01-21 02:00:00+00:00,Baylor Bears,Texas Tech Red Raiders,spreads,full_game,,,1.5,-110.0,-1.5,-110.0,,,
7afc76f206120a848a7ba4d98d64ca96,Caesars,2026-01-20 14:00:55.038303+00:00,2026-01-20 14:00:34+00:00,2026-01-21 02:00:00+00:00,Baylor Bears,Texas Tech Red Raiders,totals,full_game,,,,,,,155.0,-110.0,-110.0
7afc76f206120a848a7ba4d98d64ca96,Bovada,2026-01-20 14:00:55.038303+00:00,2026-01-20 13:55:14+00:00,2026-01-21 02:00:00+00:00,Baylor Bears,Texas Tech Red Raiders,h2h,full_game,115.0,-135.0,,,,,,,
7afc76f206120a848a7ba4d98d64ca96,Bovada,2026-01-20 14:00:55.038303+00:00,2026-01-20 13:55:14+00:00,2026-01-21 02:00:00+00:00,Baylor Bears,Texas Tech Red Raiders,spreads,full_game,,,2.0,-105.0,-2.0,-115.0,,,
7afc76f206120a848a7ba4d98d64ca96,Bovada,2026-01-20 14:00:55.038303+00:00,2026-01-20 13:55:14+00:00,2026-01-21 02:00:00+00:00,Baylor Bears,Texas Tech Red Raiders,totals,full_game,,,,,,,155.5,-110.0,-110.0
372ed690d06f7af3c39d42964167147a,DraftKings,2026-01-20 14:00:55.038303+00:00,2026-01-20 14:00:39+00:00,2026-01-21 02:00:00+00:00,Missouri Tigers,Georgia Bulldogs,h2h,full_game,-105.0,-115.0,,,,,,,
372ed690d06f7af3c39d42964167147a,DraftKings,2026-01-20 14:00:55.038303+00:00,2026-01-20 14:00:39+00:00,2026-01-21 02:00:00+00:00,Missouri Tigers,Georgia Bulldogs,spreads,full_game,,,1.5,-120.0,-1.5,100.0,,,
372ed690d06f7af3c39d42964167147a,DraftKings,2026-01-20 14:00:55.038303+00:00,2026-01-20 14:00:39+00:00,2026-01-21 02:00:00+00:00,Missouri Tigers,Georgia Bulldogs,totals,full_game,,,,,,,164.5,-115.0,-105.0
372ed690d06f7af3c39d42964167147a,Fanatics,2026-01-20 14:00:55.038303+00:00,2026-01-20 14:00:17+00:00,2026-01-21 02:00:00+00:00,Missouri Tigers,Georgia Bulldogs,h2h,full_game,-110.0,-110.0,,,,,,,
372ed690d06f7af3c39d42964167147a,Fanatics,2026-01-20 14:00:55.038303+00:00,2026-01-20 14:00:17+00:00,2026-01-21 02:00:00+00:00,Missouri Tigers,Georgia Bulldogs,spreads,full_game,,,1.0,-115.0,-1.0,-105.0,,,
372ed690d06f7af3c39d42964167147a,Fanatics,2026-01-20 14:00:55.038303+00:00,2026-01-20 14:00:17+00:00,2026-01-21 02:00:00+00:00,Missouri Tigers,Georgia Bulldogs,totals,full_game,,,,,,,165.5,-110.0,-110.0
372ed690d06f7af3c39d42964167147a,LowVig.ag,2026-01-20 14:00:55.038303+00:00,2026-01-20 14:00:41+00:00,2026-01-21 02:00:00+00:00,Missouri Tigers,Georgia Bulldogs,h2h,full_game,-103.0,-117.0,,,,,,,
372ed690d06f7af3c39d42964167147a,LowVig.ag,2026-01-20 14:00:55.038303+00:00,2026-01-20 14:00:41+00:00,2026-01-21 02:00:00+00:00,Missouri Tigers,Georgia Bulldogs,spreads,full_game,,,1.0,-103.0,-1.0,-109.0,,,
372ed690d06f7af3c39d42964167147a,LowVig.ag,2026-01-20 14:00:55.038303+00:00,2026-01-20 14:00:41+00:00,2026-01-21 02:00:00+00:00,Missouri Tigers,Georgia Bulldogs,totals,full_game,,,,,,,164.5,-108.0,-108.0
372ed690d06f7af3c39d42964167147a,BetOnline.ag,2026-01-20 14:00:55.038303+00:00,2026-01-20 14:00:18+00:00,2026-01-21 02:00:00+00:00,Missouri Tigers,Georgia Bulldogs,h2h,full_game,-103.0,-117.0,,,,,,,
372ed690d06f7af3c39d42964167147a,BetOnline.ag,2026-01-20 14:00:55.038303+00:00,2026-01-20 14:00:18+00:00,2026-01-21 02:00:00+00:00,Missouri Tigers,Georgia Bulldogs,spreads,full_game,,,1.0,-107.0,-1.0,-113.0,,,
372ed690d06f7af3c39d42964167147a,BetOnline.ag,2026-01-20 14:00:55.038303+00:00,2026-01-20 14:00:18+00:00,2026-01-21 02:00:00+00:00,Missouri Tigers,Georgia Bulldogs,totals,full_game,,,,,,,164.5,-110.0,-110.0
372ed690d06f7af3c39d42964167147a,BetMGM,2026-01-20 14:00:55.038303+00:00,2026-01-20 13:59:57+00:00,2026-01-21 02:00:00+00:00,Missouri Tigers,Georgia Bulldogs,h2h,full_game,-105.0,-115.0,,,,,,,
372ed690d06f7af3c39d42964167147a,BetMGM,2026-01-20 14:00:55.038303+00:00,2026-01-20 13:59:57+00:00,2026-01-21 02:00:00+00:00,Missouri Tigers,Georgia Bulldogs,spreads,full_game,,,1.5,-118.0,-1.5,-102.0,,,
372ed690d06f7af3c39d42964167147a,BetMGM,2026-01-20 14:00:55.038303+00:00,2026-01-20 13:59:57+00:00,2026-01-21 02:00:00+00:00,Missouri Tigers,Georgia Bulldogs,totals,full_game,,,,,,,164.5,-115.0,-105.0
372ed690d06f7af3c39d42964167147a,FanDuel,2026-01-20 14:00:55.038303+00:00,2026-01-20 13:59:57+00:00,2026-01-21 02:00:00+00:00,Missouri Tigers,Georgia Bulldogs,h2h,full_game,100.0,-120.0,,,,,,,
372ed690d06f7af3c39d42964167147a,FanDuel,2026-01-20 14:00:55.038303+00:00,2026-01-20 13:59:57+00:00,2026-01-21 02:00:00+00:00,Missouri Tigers,Georgia Bulldogs,spreads,full_game,,,1.5,-118.0,-1.5,-104.0,,,
372ed690d06f7af3c39d42964167147a,FanDuel,2026-01-20 14:00:55.038303+00:00,2026-01-20 13:59:57+00:00,2026-01-21 02:00:00+00:00,Missouri Tigers,Georgia Bulldogs,totals,full_game,,,,,,,164.5,-115.0,-105.0
372ed690d06f7af3c39d42964167147a,BetRivers,2026-01-20 14:00:55.038303+00:00,2026-01-20 14:00:17+00:00,2026-01-21 02:00:00+00:00,Missouri Tigers,Georgia Bulldogs,h2h,full_game,-106.0,-118.0,,,,,,,
372ed690d06f7af3c39d42964167147a,BetRivers,2026-01-20 14:00:55.038303+00:00,2026-01-20 14:00:17+00:00,2026-01-21 02:00:00+00:00,Missouri Tigers,Georgia Bulldogs,spreads,full_game,,,0.5,-106.0,-0.5,-118.0,,,
372ed690d06f7af3c39d42964167147a,BetUS,2026-01-20 14:00:55.038303+00:00,2026-01-20 14:00:39+00:00,2026-01-21 02:00:00+00:00,Missouri Tigers,Georgia Bulldogs,h2h,full_game,-105.0,-115.0,,,,,,,
372ed690d06f7af3c39d42964167147a,BetUS,2026-01-20 14:00:55.038303+00:00,2026-01-20 14:00:39+00:00,2026-01-21 02:00:00+00:00,Missouri Tigers,Georgia Bulldogs,spreads,full_game,,,1.0,-110.0,-1.0,-110.0,,,
372ed690d06f7af3c39d42964167147a,BetUS,2026-01-20 14:00:55.038303+00:00,2026-01-20 14:00:39+00:00,2026-01-21 02:00:00+00:00,Missouri Tigers,Georgia Bulldogs,totals,full_game,,,,,,,165.0,-110.0,-110.0
372ed690d06f7af3c39d42964167147a,Caesars,2026-01-20 14:00:55.038303+00:00,2026-01-20 14:00:34+00:00,2026-01-21 02:00:00+00:00,Missouri Tigers,Georgia Bulldogs,spreads,full_game,,,1.0,-110.0,-1.0,-110.0,,,
372ed690d06f7af3c39d42964167147a,Caesars,2026-01-20 14:00:55.038303+00:00,2026-01-20 14:00:34+00:00,2026-01-21 02:00:00+00:00,Missouri Tigers,Georgia Bulldogs,totals,full_game,,,,,,,164.5,-110.0,-110.0
372ed690d06f7af3c39d42964167147a,Bovada,2026-01-20 14:00:55.038303+00:00,2026-01-20 13:55:14+00:00,2026-01-21 02:00:00+00:00,Missouri Tigers,Georgia Bulldogs,h2h,full_game,-110.0,-110.0,,,,,,,
372ed690d06f7af3c39d42964167147a,Bovada,2026-01-20 14:00:55.038303+00:00,2026-01-20 13:55:14+00:00,2026-01-21 02:00:00+00:00,Missouri Tigers,Georgia Bulldogs,spreads,full_game,,,-1.0,-105.0,1.0,-115.0,,,
372ed690d06f7af3c39d42964167147a,Bovada,2026-01-20 14:00:55.038303+00:00,2026-01-20 13:55:14+00:00,2026-01-21 02:00:00+00:00,Missouri Tigers,Georgia Bulldogs,totals,full_game,,,,,,,165.5,-110.0,-110.0
fca7da029f6529fa9f3714e7de991dc6,BetOnline.ag,2026-01-20 14:00:55.038303+00:00,2026-01-20 14:00:18+00:00,2026-01-21 02:00:00+00:00,Kansas St Wildcats,Utah Utes,h2h,full_game,-400.0,316.0,,,,,,,
fca7da029f6529fa9f3714e7de991dc6,BetOnline.ag,2026-01-20 14:00:55.038303+00:00,2026-01-20 14:00:18+00:00,2026-01-21 02:00:00+00:00,Kansas St Wildcats,Utah Utes,spreads,full_game,,,-8.5,-110.0,8.5,-110.0,,,
fca7da029f6529fa9f3714e7de991dc6,BetOnline.ag,2026-01-20 14:00:55.038303+00:00,2026-01-20 14:00:18+00:00,2026-01-21 02:00:00+00:00,Kansas St Wildcats,Utah Utes,totals,full_game,,,,,,,169.0,-105.0,-115.0
fca7da029f6529fa9f3714e7de991dc6,LowVig.ag,2026-01-20 14:00:55.038303+00:00,2026-01-20 14:00:41+00:00,2026-01-21 02:00:00+00:00,Kansas St Wildcats,Utah Utes,h2h,full_game,-400.0,316.0,,,,,,,
fca7da029f6529fa9f3714e7de991dc6,LowVig.ag,2026-01-20 14:00:55.038303+00:00,2026-01-20 14:00:41+00:00,2026-01-21 02:00:00+00:00,Kansas St Wildcats,Utah Utes,spreads,full_game,,,-8.5,-106.0,8.5,-106.0,,,
fca7da029f6529fa9f3714e7de991dc6,LowVig.ag,2026-01-20 14:00:55.038303+00:00,2026-01-20 14:00:41+00:00,2026-01-21 02:00:00+00:00,Kansas St Wildcats,Utah Utes,totals,full_game,,,,,,,169.0,-103.0,-113.0
fca7da029f6529fa9f3714e7de991dc6,BetMGM,2026-01-20 14:00:55.038303+00:00,2026-01-20 13:59:57+00:00,2026-01-21 02:00:00+00:00,Kansas St Wildcats,Utah Utes,h2h,full_game,-400.0,300.0,,,,,,,
fca7da029f6529fa9f3714e7de991dc6,BetMGM,2026-01-20 14:00:55.038303+00:00,2026-01-20 13:59:57+00:00,2026-01-21 02:00:00+00:00,Kansas St Wildcats,Utah Utes,spreads,full_game,,,-8.5,-110.0,8.5,-110.0,,,
fca7da029f6529fa9f3714e7de991dc6,BetMGM,2026-01-20 14:00:55.038303+00:00,2026-01-20 13:59:57+00:00,2026-01-21 02:00:00+00:00,Kansas St Wildcats,Utah Utes,totals,full_game,,,,,,,168.5,-115.0,-105.0
fca7da029f6529fa9f3714e7de991dc6,Fanatics,2026-01-20 14:00:55.038303+00:00,2026-01-20 14:00:17+00:00,2026-01-21 02:00:00+00:00,Kansas St Wildcats,Utah Utes,h2h,full_game,-425.0,330.0,,,,,,,
fca7da029f6529fa9f3714e7de991dc6,Fanatics,2026-01-20 14:00:55.038303+00:00,2026-01-20 14:00:17+00:00,2026-01-21 02:00:00+00:00,Kansas St Wildcats,Utah Utes,spreads,full_game,,,-8.5,-110.0,8.5,-110.0,,,
fca7da029f6529fa9f3714e7de991dc6,Fanatics,2026-01-20 14:00:55.038303+00:00,2026-01-20 14:00:17+00:00,2026-01-21 02:00:00+00:00,Kansas St Wildcats,Utah Utes,totals,full_game,,,,,,,168.5,-110.0,-110.0
fca7da029f6529fa9f3714e7de991dc6,FanDuel,2026-01-20 14:00:55.038303+00:00,2026-01-20 13:59:57+00:00,2026-01-21 02:00:00+00:00,Kansas St Wildcats,Utah Utes,h2h,full_game,-420.0,320.0,,,,,,,
fca7da029f6529fa9f3714e7de991dc6,FanDuel,2026-01-20 14:00:55.038303+00:00,2026-01-20 13:59:57+00:00,2026-01-21 02:00:00+00:00,Kansas St Wildcats,Utah Utes,spreads,full_game,,,-8.5,-105.0,8.5,-115.0,,,
fca7da029f6529fa9f3714e7de991dc6,FanDuel,2026-01-20 14:00:55.038303+00:00,2026-01-20 13:59:57+00:00,2026-01-21 02:00:00+00:00,Kansas St Wildcats,Utah Utes,totals,full_game,,,,,,,168.5,-110.0,-110.0
fca7da029f6529fa9f3714e7de991dc6,DraftKings,2026-01-20 14:00:55.038303+00:00,2026-01-20 14:00:39+00:00,2026-01-21 02:00:00+00:00,Kansas St Wildcats,Utah Utes,spreads,full_game,,,-8.5,-108.0,8.5,-112.0,,,
fca7da029f6529fa9f3714e7de991dc6,DraftKings,2026-01-20 14:00:55.038303+00:00,2026-01-20 14:00:39+00:00,2026-01-21 02:00:00+00:00,Kansas St Wildcats,Utah Utes,totals,full_game,,,,,,,168.5,-110.0,-110.0
fca7da029f6529fa9f3714e7de991dc6,BetRivers,2026-01-20 14:00:55.038303+00:00,2026-01-20 14:00:17+00:00,2026-01-21 02:00:00+00:00,Kansas St Wildcats,Utah Utes,h2h,full_game,-455.0,300.0,,,,,,,
fca7da029f6529fa9f3714e7de991dc6,BetRivers,2026-01-20 14:00:55.038303+00:00,2026-01-20 14:00:17+00:00,2026-01-21 02:00:00+00:00,Kansas St Wildcats,Utah Utes,spreads,full_game,,,-8.5,-115.0,8.5,-110.0,,,
fca7da029f6529fa9f3714e7de991dc6,BetUS,2026-01-20 14:00:55.038303+00:00,2026-01-20 14:00:39+00:00,2026-01-21 02:00:00+00:00,Kansas St Wildcats,Utah Utes,h2h,full_game,-400.0,320.0,,,,,,,
fca7da029f6529fa9f3714e7de991dc6,BetUS,2026-01-20 14:00:55.038303+00:00,2026-01-20 14:00:39+00:00,2026-01-21 02:00:00+00:00,Kansas St Wildcats,Utah Utes,spreads,full_game,,,-8.5,-110.0,8.5,-110.0,,,
fca7da029f6529fa9f3714e7de991dc6,BetUS,2026-01-20 14:00:55.038303+00:00,2026-01-20 14:00:39+00:00,2026-01-21 02:00:00+00:00,Kansas St Wildcats,Utah Utes,totals,full_game,,,,,,,168.5,-110.0,-110.0
fca7da029f6529fa9f3714e7de991dc6,Caesars,2026-01-20 14:00:55.038303+00:00,2026-01-20 14:00:34+00:00,2026-01-21 02:00:00+00:00,Kansas St Wildcats,Utah Utes,h2h,full_game,-420.0,320.0,,,,,,,
fca7da029f6529fa9f3714e7de991dc6,Caesars,2026-01-20 14:00:55.038303+00:00,2026-01-20 14:00:34+00:00,2026-01-21 02:00:00+00:00,Kansas St Wildcats,Utah Utes,spreads,full_game,,,-8.5,-110.0,8.5,-110.0,,,
fca7da029f6529fa9f3714e7de991dc6,Caesars,2026-01-20 14:00:55.038303+00:00,2026-01-20 14:00:34+00:00,2026-01-21 02:00:00+00:00,Kansas St Wildcats,Utah Utes,totals,full_game,,,,,,,168.0,-110.0,-110.0
fca7da029f6529fa9f3714e7de991dc6,Bovada,2026-01-20 14:00:55.038303+00:00,2026-01-20 13:55:14+00:00,2026-01-21 02:00:00+00:00,Kansas St Wildcats,Utah Utes,h2h,full_game,-435.0,325.0,,,,,,,
fca7da029f6529fa9f3714e7de991dc6,Bovada,2026-01-20 14:00:55.038303+00:00,2026-01-20 13:55:14+00:00,2026-01-21 02:00:00+00:00,Kansas St Wildcats,Utah Utes,spreads,full_game,,,-8.0,-115.0,8.0,-105.0,,,
fca7da029f6529fa9f3714e7de991dc6,Bovada,2026-01-20 14:00:55.038303+00:00,2026-01-20 13:55:14+00:00,2026-01-21 02:00:00+00:00,Kansas St Wildcats,Utah Utes,totals,full_game,,,,,,,168.5,-110.0,-110.0
a8614a9b3ecdf7acd745ed487f360ec9,DraftKings,2026-01-20 14:00:55.038303+00:00,2026-01-20 14:00:39+00:00,2026-01-21 02:00:00+00:00,Oregon Ducks,Michigan St Spartans,h2h,full_game,490.0,-675.0,,,,,,,
a8614a9b3ecdf7acd745ed487f360ec9,DraftKings,2026-01-20 14:00:55.038303+00:00,2026-01-20 14:00:39+00:00,2026-01-21 02:00:00+00:00,Oregon Ducks,Michigan St Spartans,spreads,full_game,,,10.5,-105.0,-10.5,-115.0,,,
a8614a9b3ecdf7acd745ed487f360ec9,DraftKings,2026-01-20 14:00:55.038303+00:00,2026-01-20 14:00:39+00:00,2026-01-21 02:00:00+00:00,Oregon Ducks,Michigan St Spartans,totals,full_game,,,,,,,140.5,-105.0,-115.0
a8614a9b3ecdf7acd745ed487f360ec9,Fanatics,2026-01-20 14:00:55.038303+00:00,2026-01-20 14:00:17+00:00,2026-01-21 02:00:00+00:00,Oregon Ducks,Michigan St Spartans,h2h,full_game,475.0,-700.0,,,,,,,
a8614a9b3ecdf7acd745ed487f360ec9,Fanatics,2026-01-20 14:00:55.038303+00:00,2026-01-20 14:00:17+00:00,2026-01-21 02:00:00+00:00,Oregon Ducks,Michigan St Spartans,spreads,full_game,,,11.0,-110.0,-11.0,-110.0,,,
a8614a9b3ecdf7acd745ed487f360ec9,Fanatics,2026-01-20 14:00:55.038303+00:00,2026-01-20 14:00:17+00:00,2026-01-21 02:00:00+00:00,Oregon Ducks,Michigan St Spartans,totals,full_game,,,,,,,140.5,-110.0,-110.0
a8614a9b3ecdf7acd745ed487f360ec9,LowVig.ag,2026-01-20 14:00:55.038303+00:00,2026-01-20 14:00:41+00:00,2026-01-21 02:00:00+00:00,Oregon Ducks,Michigan St Spartans,h2h,full_game,446.0,-600.0,,,,,,,
a8614a9b3ecdf7acd745ed487f360ec9,LowVig.ag,2026-01-20 14:00:55.038303+00:00,2026-01-20 14:00:41+00:00,2026-01-21 02:00:00+00:00,Oregon Ducks,Michigan St Spartans,spreads,full_game,,,10.5,-103.0,-10.5,-109.0,,,
a8614a9b3ecdf7acd745ed487f360ec9,LowVig.ag,2026-01-20 14:00:55.038303+00:00,2026-01-20 14:00:41+00:00,2026-01-21 02:00:00+00:00,Oregon Ducks,Michigan St Spartans,totals,full_game,,,,,,,140.0,-108.0,-108.0
a8614a9b3ecdf7acd745ed487f360ec9,BetOnline.ag,2026-01-20 14:00:55.038303+00:00,2026-01-20 14:00:18+00:00,2026-01-21 02:00:00+00:00,Oregon Ducks,Michigan St Spartans,h2h,full_game,446.0,-600.0,,,,,,,
a8614a9b3ecdf7acd745ed487f360ec9,BetOnline.ag,2026-01-20 14:00:55.038303+00:00,2026-01-20 14:00:18+00:00,2026-01-21 02:00:00+00:00,Oregon Ducks,Michigan St Spartans,spreads,full_game,,,10.5,-107.0,-10.5,-113.0,,,
a8614a9b3ecdf7acd745ed487f360ec9,BetOnline.ag,2026-01-20 14:00:55.038303+00:00,2026-01-20 14:00:18+00:00,2026-01-21 02:00:00+00:00,Oregon Ducks,Michigan St Spartans,totals,full_game,,,,,,,140.0,-110.0,-110.0
a8614a9b3ecdf7acd745ed487f360ec9,BetMGM,2026-01-20 14:00:55.038303+00:00,2026-01-20 13:59:57+00:00,2026-01-21 02:00:00+00:00,Oregon Ducks,Michigan St Spartans,h2h,full_game,475.0,-650.0,,,,,,,
a8614a9b3ecdf7acd745ed487f360ec9,BetMGM,2026-01-20 14:00:55.038303+00:00,2026-01-20 13:59:57+00:00,2026-01-21 02:00:00+00:00,Oregon Ducks,Michigan St Spartans,spreads,full_game,,,10.5,-105.0,-10.5,-115.0,,,
a8614a9b3ecdf7acd745ed487f360ec9,BetMGM,2026-01-20 14:00:55.038303+00:00,2026-01-20 13:59:57+00:00,2026-01-21 02:00:00+00:00,Oregon Ducks,Michigan St Spartans,totals,full_game,,,,,,,140.5,-105.0,-115.0
a8614a9b3ecdf7acd745ed487f360ec9,FanDuel,2026-01-20 14:00:55.038303+00:00,2026-01-20 13:59:57+00:00,2026-01-21 02:00:00+00:00,Oregon Ducks,Michigan St Spartans,h2h,full_game,500.0,-720.0,,,,,,,
a8614a9b3ecdf7acd745ed487f360ec9,FanDuel,2026-01-20 14:00:55.038303+00:00,2026-01-20 13:59:57+00:00,2026-01-21 02:00:00+00:00,Oregon Ducks,Michigan St Spartans,spreads,full_game,,,10.5,-102.0,-10.5,-118.0,,,
a8614a9b3ecdf7acd745ed487f360ec9,FanDuel,2026-01-20 14:00:55.038303+00:00,2026-01-20 13:59:57+00:00,2026-01-21 02:00:00+00:00,Oregon Ducks,Michigan St Spartans,totals,full_game,,,,,,,139.5,-115.0,-105.0
a8614a9b3ecdf7acd745ed487f360ec9,BetRivers,2026-01-20 14:00:55.038303+00:00,2026-01-20 14:00:17+00:00,2026-01-21 02:00:00+00:00,Oregon Ducks,Michigan St Spartans,h2h,full_game,410.0,-590.0,,,,,,,
a8614a9b3ecdf7acd745ed487f360ec9,BetRivers,2026-01-20 14:00:55.038303+00:00,2026-01-20 14:00:17+00:00,2026-01-21 02:00:00+00:00,Oregon Ducks,Michigan St Spartans,spreads,full_game,,,10.5,-108.0,-10.5,-115.0,,,
a8614a9b3ecdf7acd745ed487f360ec9,BetUS,2026-01-20 14:00:55.038303+00:00,2026-01-20 14:00:39+00:00,2026-01-21 02:00:00+00:00,Oregon Ducks,Michigan St Spartans,h2h,full_game,450.0,-600.0,,,,,,,
a8614a9b3ecdf7acd745ed487f360ec9,BetUS,2026-01-20 14:00:55.038303+00:00,2026-01-20 14:00:39+00:00,2026-01-21 02:00:00+00:00,Oregon Ducks,Michigan St Spartans,spreads,full_game,,,11.0,-110.0,-11.0,-110.0,,,
a8614a9b3ecdf7acd745ed487f360ec9,BetUS,2026-01-20 14:00:55.038303+00:00,2026-01-20 14:00:39+00:00,2026-01-21 02:00:00+00:00,Oregon Ducks,Michigan St Spartans,totals,full_game,,,,,,,140.0,-110.0,-110.0
a8614a9b3ecdf7acd745ed487f360ec9,Caesars,2026-01-20 14:00:55.038303+00:00,2026-01-20 14:00:34+00:00,2026-01-21 02:00:00+00:00,Oregon Ducks,Michigan St Spartans,spreads,full_game,,,10.5,-110.0,-10.5,-110.0,,,
a8614a9b3ecdf7acd745ed487f360ec9,Caesars,2026-01-20 14:00:55.038303+00:00,2026-01-20 14:00:34+00:00,2026-01-21 02:00:00+00:00,Oregon Ducks,Michigan St Spartans,totals,full_game,,,,,,,140.0,-110.0,-110.0
a8614a9b3ecdf7acd745ed487f360ec9,Bovada,2026-01-20 14:00:55.038303+00:00,2026-01-20 13:55:14+00:00,2026-01-21 02:00:00+00:00,Oregon Ducks,Michigan St Spartans,h2h,full_game,450.0,-650.0,,,,,,,
a8614a9b3ecdf7acd745ed487f360ec9,Bovada,2026-01-20 14:00:55.038303+00:00,2026-01-20 13:55:14+00:00,2026-01-21 02:00:00+00:00,Oregon Ducks,Michigan St Spartans,spreads,full_game,,,11.5,-110.0,-11.5,-110.0,,,
a8614a9b3ecdf7acd745ed487f360ec9,Bovada,2026-01-20 14:00:55.038303+00:00,2026-01-20 13:55:14+00:00,2026-01-21 02:00:00+00:00,Oregon Ducks,Michigan St Spartans,totals,full_game,,,,,,,140.5,-110.0,-110.0
83f55af6575828d6084ca2f6f3dab66d,DraftKings,2026-01-20 14:00:55.038303+00:00,2026-01-20 14:00:39+00:00,2026-01-21 02:00:00+00:00,Wake Forest Demon Deacons,SMU Mustangs,h2h,full_game,-108.0,-112.0,,,,,,,
83f55af6575828d6084ca2f6f3dab66d,DraftKings,2026-01-20 14:00:55.038303+00:00,2026-01-20 14:00:39+00:00,2026-01-21 02:00:00+00:00,Wake Forest Demon Deacons,SMU Mustangs,spreads,full_game,,,1.5,-122.0,-1.5,102.0,,,
83f55af6575828d6084ca2f6f3dab66d,DraftKings,2026-01-20 14:00:55.038303+00:00,2026-01-20 14:00:39+00:00,2026-01-21 02:00:00+00:00,Wake Forest Demon Deacons,SMU Mustangs,totals,full_game,,,,,,,159.5,-112.0,-108.0
83f55af6575828d6084ca2f6f3dab66d,Fanatics,2026-01-20 14:00:55.038303+00:00,2026-01-20 14:00:17+00:00,2026-01-21 02:00:00+00:00,Wake Forest Demon Deacons,SMU Mustangs,h2h,full_game,-105.0,-115.0,,,,,,,
83f55af6575828d6084ca2f6f3dab66d,Fanatics,2026-01-20 14:00:55.038303+00:00,2026-01-20 14:00:17+00:00,2026-01-21 02:00:00+00:00,Wake Forest Demon Deacons,SMU Mustangs,spreads,full_game,,,1.0,-110.0,-1.0,-110.0,,,
83f55af6575828d6084ca2f6f3dab66d,Fanatics,2026-01-20 14:00:55.038303+00:00,2026-01-20 14:00:17+00:00,2026-01-21 02:00:00+00:00,Wake Forest Demon Deacons,SMU Mustangs,totals,full_game,,,,,,,159.0,-110.0,-110.0
83f55af6575828d6084ca2f6f3dab66d,BetOnline.ag,2026-01-20 14:00:55.038303+00:00,2026-01-20 14:00:18+00:00,2026-01-21 02:00:00+00:00,Wake Forest Demon Deacons,SMU Mustangs,spreads,full_game,,,0.0,-110.0,0.0,-110.0,,,
83f55af6575828d6084ca2f6f3dab66d,BetOnline.ag,2026-01-20 14:00:55.038303+00:00,2026-01-20 14:00:18+00:00,2026-01-21 02:00:00+00:00,Wake Forest Demon Deacons,SMU Mustangs,totals,full_game,,,,,,,160.0,-110.0,-110.0
83f55af6575828d6084ca2f6f3dab66d,LowVig.ag,2026-01-20 14:00:55.038303+00:00,2026-01-20 14:00:41+00:00,2026-01-21 02:00:00+00:00,Wake Forest Demon Deacons,SMU Mustangs,spreads,full_game,,,0.0,-106.0,0.0,-106.0,,,
83f55af6575828d6084ca2f6f3dab66d,LowVig.ag,2026-01-20 14:00:55.038303+00:00,2026-01-20 14:00:41+00:00,2026-01-21 02:00:00+00:00,Wake Forest Demon Deacons,SMU Mustangs,totals,full_game,,,,,,,160.0,-108.0,-108.0
83f55af6575828d6084ca2f6f3dab66d,FanDuel,2026-01-20 14:00:55.038303+00:00,2026-01-20 13:59:57+00:00,2026-01-21 02:00:00+00:00,Wake Forest Demon Deacons,SMU Mustangs,h2h,full_game,-105.0,-114.0,,,,,,,
83f55af6575828d6084ca2f6f3dab66d,FanDuel,2026-01-20 14:00:55.038303+00:00,2026-01-20 13:59:57+00:00,2026-01-21 02:00:00+00:00,Wake Forest Demon Deacons,SMU Mustangs,spreads,full_game,,,1.5,-128.0,-1.5,104.0,,,
83f55af6575828d6084ca2f6f3dab66d,FanDuel,2026-01-20 14:00:55.038303+00:00,2026-01-20 13:59:57+00:00,2026-01-21 02:00:00+00:00,Wake Forest Demon Deacons,SMU Mustangs,totals,full_game,,,,,,,159.5,-110.0,-110.0
83f55af6575828d6084ca2f6f3dab66d,BetMGM,2026-01-20 14:00:55.038303+00:00,2026-01-20 13:59:57+00:00,2026-01-21 02:00:00+00:00,Wake Forest Demon Deacons,SMU Mustangs,h2h,full_game,-110.0,-110.0,,,,,,,
83f55af6575828d6084ca2f6f3dab66d,BetMGM,2026-01-20 14:00:55.038303+00:00,2026-01-20 13:59:57+00:00,2026-01-21 02:00:00+00:00,Wake Forest Demon Deacons,SMU Mustangs,spreads,full_game,,,-1.5,100.0,1.5,-120.0,,,
83f55af6575828d6084ca2f6f3dab66d,BetMGM,2026-01-20 14:00:55.038303+00:00,2026-01-20 13:59:57+00:00,2026-01-21 02:00:00+00:00,Wake Forest Demon Deacons,SMU Mustangs,totals,full_game,,,,,,,159.5,-115.0,-105.0
83f55af6575828d6084ca2f6f3dab66d,BetRivers,2026-01-20 14:00:55.038303+00:00,2026-01-20 14:00:17+00:00,2026-01-21 02:00:00+00:00,Wake Forest Demon Deacons,SMU Mustangs,h2h,full_game,-107.0,-120.0,,,,,,,
83f55af6575828d6084ca2f6f3dab66d,BetRivers,2026-01-20 14:00:55.038303+00:00,2026-01-20 14:00:17+00:00,2026-01-21 02:00:00+00:00,Wake Forest Demon Deacons,SMU Mustangs,spreads,full_game,,,-0.5,-107.0,0.5,-120.0,,,
83f55af6575828d6084ca2f6f3dab66d,BetUS,2026-01-20 14:00:55.038303+00:00,2026-01-20 14:00:39+00:00,2026-01-21 02:00:00+00:00,Wake Forest Demon Deacons,SMU Mustangs,spreads,full_game,,,0.0,-110.0,0.0,-110.0,,,
83f55af6575828d6084ca2f6f3dab66d,BetUS,2026-01-20 14:00:55.038303+00:00,2026-01-20 14:00:39+00:00,2026-01-21 02:00:00+00:00,Wake Forest Demon Deacons,SMU Mustangs,totals,full_game,,,,,,,160.0,-110.0,-110.0
83f55af6575828d6084ca2f6f3dab66d,Caesars,2026-01-20 14:00:55.038303+00:00,2026-01-20 14:00:34+00:00,2026-01-21 02:00:00+00:00,Wake Forest Demon Deacons,SMU Mustangs,spreads,full_game,,,0.0,-110.0,-0.0,-110.0,,,
83f55af6575828d6084ca2f6f3dab66d,Caesars,2026-01-20 14:00:55.038303+00:00,2026-01-20 14:00:34+00:00,2026-01-21 02:00:00+00:00,Wake Forest Demon Deacons,SMU Mustangs,totals,full_game,,,,,,,159.5,-110.0,-110.0
83f55af6575828d6084ca2f6f3dab66d,Bovada,2026-01-20 14:00:55.038303+00:00,2026-01-20 13:55:14+00:00,2026-01-21 02:00:00+00:00,Wake Forest Demon Deacons,SMU Mustangs,h2h,full_game,-105.0,-115.0,,,,,,,
83f55af6575828d6084ca2f6f3dab66d,Bovada,2026-01-20 14:00:55.038303+00:00,2026-01-20 13:55:14+00:00,2026-01-21 02:00:00+00:00,Wake Forest Demon Deacons,SMU Mustangs,spreads,full_game,,,1.0,-110.0,-1.0,-110.0,,,
83f55af6575828d6084ca2f6f3dab66d,Bovada,2026-01-20 14:00:55.038303+00:00,2026-01-20 13:55:14+00:00,2026-01-21 02:00:00+00:00,Wake Forest Demon Deacons,SMU Mustangs,totals,full_game,,,,,,,159.0,-110.0,-110.0
cc4c30b9552640ae4bddefd41b8a2bca,BetOnline.ag,2026-01-20 14:00:55.038303+00:00,2026-01-20 14:00:18+00:00,2026-01-21 03:00:00+00:00,Nevada Wolf Pack,San José St Spartans,spreads,full_game,,,-16.5,-125.0,16.5,105.0,,,
cc4c30b9552640ae4bddefd41b8a2bca,BetOnline.ag,2026-01-20 14:00:55.038303+00:00,2026-01-20 14:00:18+00:00,2026-01-21 03:00:00+00:00,Nevada Wolf Pack,San José St Spartans,totals,full_game,,,,,,,141.0,-110.0,-110.0
cc4c30b9552640ae4bddefd41b8a2bca,LowVig.ag,2026-01-20 14:00:55.038303+00:00,2026-01-20 14:00:41+00:00,2026-01-21 03:00:00+00:00,Nevada Wolf Pack,San José St Spartans,spreads,full_game,,,-16.5,-122.0,16.5,109.0,,,
cc4c30b9552640ae4bddefd41b8a2bca,LowVig.ag,2026-01-20 14:00:55.038303+00:00,2026-01-20 14:00:41+00:00,2026-01-21 03:00:00+00:00,Nevada Wolf Pack,San José St Spartans,totals,full_game,,,,,,,141.0,-108.0,-108.0
cc4c30b9552640ae4bddefd41b8a2bca,Fanatics,2026-01-20 14:00:55.038303+00:00,2026-01-20 14:00:17+00:00,2026-01-21 03:00:00+00:00,Nevada Wolf Pack,San José St Spartans,h2h,full_game,-3000.0,1400.0,,,,,,,
cc4c30b9552640ae4bddefd41b8a2bca,Fanatics,2026-01-20 14:00:55.038303+00:00,2026-01-20 14:00:17+00:00,2026-01-21 03:00:00+00:00,Nevada Wolf Pack,San José St Spartans,spreads,full_game,,,-18.0,-110.0,18.0,-110.0,,,
cc4c30b9552640ae4bddefd41b8a2bca,Fanatics,2026-01-20 14:00:55.038303+00:00,2026-01-20 14:00:17+00:00,2026-01-21 03:00:00+00:00,Nevada Wolf Pack,San José St Spartans,totals,full_game,,,,,,,141.0,-110.0,-110.0
cc4c30b9552640ae4bddefd41b8a2bca,DraftKings,2026-01-20 14:00:55.038303+00:00,2026-01-20 14:00:39+00:00,2026-01-21 03:00:00+00:00,Nevada Wolf Pack,San José St Spartans,h2h,full_game,-2800.0,1300.0,,,,,,,
cc4c30b9552640ae4bddefd41b8a2bca,DraftKings,2026-01-20 14:00:55.038303+00:00,2026-01-20 14:00:39+00:00,2026-01-21 03:00:00+00:00,Nevada Wolf Pack,San José St Spartans,spreads,full_game,,,-18.5,-105.0,18.5,-115.0,,,
cc4c30b9552640ae4bddefd41b8a2bca,DraftKings,2026-01-20 14:00:55.038303+00:00,2026-01-20 14:00:39+00:00,2026-01-21 03:00:00+00:00,Nevada Wolf Pack,San José St Spartans,totals,full_game,,,,,,,140.5,-115.0,-105.0
cc4c30b9552640ae4bddefd41b8a2bca,BetRivers,2026-01-20 14:00:55.038303+00:00,2026-01-20 14:00:17+00:00,2026-01-21 03:00:00+00:00,Nevada Wolf Pack,San José St Spartans,h2h,full_game,-5000.0,1200.0,,,,,,,
cc4c30b9552640ae4bddefd41b8a2bca,BetRivers,2026-01-20 14:00:55.038303+00:00,2026-01-20 14:00:17+00:00,2026-01-21 03:00:00+00:00,Nevada Wolf Pack,San José St Spartans,spreads,full_game,,,-18.5,-110.0,18.5,-115.0,,,
cc4c30b9552640ae4bddefd41b8a2bca,BetUS,2026-01-20 14:00:55.038303+00:00,2026-01-20 14:00:39+00:00,2026-01-21 03:00:00+00:00,Nevada Wolf Pack,San José St Spartans,spreads,full_game,,,-18.0,-110.0,18.0,-110.0,,,
cc4c30b9552640ae4bddefd41b8a2bca,BetUS,2026-01-20 14:00:55.038303+00:00,2026-01-20 14:00:39+00:00,2026-01-21 03:00:00+00:00,Nevada Wolf Pack,San José St Spartans,totals,full_game,,,,,,,141.0,-110.0,-110.0
cc4c30b9552640ae4bddefd41b8a2bca,Caesars,2026-01-20 14:00:55.038303+00:00,2026-01-20 14:00:34+00:00,2026-01-21 03:00:00+00:00,Nevada Wolf Pack,San José St Spartans,h2h,full_game,-3500.0,1350.0,,,,,,,
cc4c30b9552640ae4bddefd41b8a2bca,Caesars,2026-01-20 14:00:55.038303+00:00,2026-01-20 14:00:34+00:00,2026-01-21 03:00:00+00:00,Nevada Wolf Pack,San José St Spartans,spreads,full_game,,,-18.5,-110.0,18.5,-110.0,,,
cc4c30b9552640ae4bddefd41b8a2bca,Caesars,2026-01-20 14:00:55.038303+00:00,2026-01-20 14:00:34+00:00,2026-01-21 03:00:00+00:00,Nevada Wolf Pack,San José St Spartans,totals,full_game,,,,,,,141.0,-110.0,-110.0
cc4c30b9552640ae4bddefd41b8a2bca,FanDuel,2026-01-20 14:00:55.038303+00:00,2026-01-20 13:59:57+00:00,2026-01-21 03:00:00+00:00,Nevada Wolf Pack,San José St Spartans,h2h,full_game,-4000.0,1400.0,,,,,,,
cc4c30b9552640ae4bddefd41b8a2bca,FanDuel,2026-01-20 14:00:55.038303+00:00,2026-01-20 13:59:57+00:00,2026-01-21 03:00:00+00:00,Nevada Wolf Pack,San José St Spartans,spreads,full_game,,,-18.5,-104.0,18.5,-118.0,,,
cc4c30b9552640ae4bddefd41b8a2bca,FanDuel,2026-01-20 14:00:55.038303+00:00,2026-01-20 13:59:57+00:00,2026-01-21 03:00:00+00:00,Nevada Wolf Pack,San José St Spartans,totals,full_game,,,,,,,141.5,-106.0,-114.0
cc4c30b9552640ae4bddefd41b8a2bca,BetMGM,2026-01-20 14:00:55.038303+00:00,2026-01-20 13:59:57+00:00,2026-01-21 03:00:00+00:00,Nevada Wolf Pack,San José St Spartans,h2h,full_game,-3000.0,1150.0,,,,,,,
cc4c30b9552640ae4bddefd41b8a2bca,BetMGM,2026-01-20 14:00:55.038303+00:00,2026-01-20 13:59:57+00:00,2026-01-21 03:00:00+00:00,Nevada Wolf Pack,San José St Spartans,spreads,full_game,,,-18.5,-102.0,18.5,-118.0,,,
cc4c30b9552640ae4bddefd41b8a2bca,BetMGM,2026-01-20 14:00:55.038303+00:00,2026-01-20 13:59:57+00:00,2026-01-21 03:00:00+00:00,Nevada Wolf Pack,San José St Spartans,totals,full_game,,,,,,,141.5,-105.0,-115.0
cc4c30b9552640ae4bddefd41b8a2bca,Bovada,2026-01-20 14:00:55.038303+00:00,2026-01-20 13:55:14+00:00,2026-01-21 03:00:00+00:00,Nevada Wolf Pack,San José St Spartans,h2h,full_game,-3500.0,1150.0,,,,,,,
cc4c30b9552640ae4bddefd41b8a2bca,Bovada,2026-01-20 14:00:55.038303+00:00,2026-01-20 13:55:14+00:00,2026-01-21 03:00:00+00:00,Nevada Wolf Pack,San José St Spartans,spreads,full_game,,,-18.0,-110.0,18.0,-110.0,,,
cc4c30b9552640ae4bddefd41b8a2bca,Bovada,2026-01-20 14:00:55.038303+00:00,2026-01-20 13:55:14+00:00,2026-01-21 03:00:00+00:00,Nevada Wolf Pack,San José St Spartans,totals,full_game,,,,,,,141.0,-110.0,-110.0
8e212addf2c897f4b5b3ff83094c7643,DraftKings,2026-01-20 14:00:55.038303+00:00,2026-01-20 14:00:39+00:00,2026-01-21 03:00:00+00:00,UCLA Bruins,Purdue Boilermakers,h2h,full_game,200.0,-245.0,,,,,,,
8e212addf2c897f4b5b3ff83094c7643,DraftKings,2026-01-20 14:00:55.038303+00:00,2026-01-20 14:00:39+00:00,2026-01-21 03:00:00+00:00,UCLA Bruins,Purdue Boilermakers,spreads,full_game,,,5.5,-108.0,-5.5,-112.0,,,
8e212addf2c897f4b5b3ff83094c7643,DraftKings,2026-01-20 14:00:55.038303+00:00,2026-01-20 14:00:39+00:00,2026-01-21 03:00:00+00:00,UCLA Bruins,Purdue Boilermakers,totals,full_game,,,,,,,147.5,-108.0,-112.0
8e212addf2c897f4b5b3ff83094c7643,Fanatics,2026-01-20 14:00:55.038303+00:00,2026-01-20 14:00:17+00:00,2026-01-21 03:00:00+00:00,UCLA Bruins,Purdue Boilermakers,h2h,full_game,210.0,-260.0,,,,,,,
8e212addf2c897f4b5b3ff83094c7643,Fanatics,2026-01-20 14:00:55.038303+00:00,2026-01-20 14:00:17+00:00,2026-01-21 03:00:00+00:00,UCLA Bruins,Purdue Boilermakers,spreads,full_game,,,5.5,-105.0,-5.5,-115.0,,,
8e212addf2c897f4b5b3ff83094c7643,Fanatics,2026-01-20 14:00:55.038303+00:00,2026-01-20 14:00:17+00:00,2026-01-21 03:00:00+00:00,UCLA Bruins,Purdue Boilermakers,totals,full_game,,,,,,,147.5,-110.0,-110.0
8e212addf2c897f4b5b3ff83094c7643,BetOnline.ag,2026-01-20 14:00:55.038303+00:00,2026-01-20 14:00:18+00:00,2026-01-21 03:00:00+00:00,UCLA Bruins,Purdue Boilermakers,h2h,full_game,207.0,-250.0,,,,,,,
8e212addf2c897f4b5b3ff83094c7643,BetOnline.ag,2026-01-20 14:00:55.038303+00:00,2026-01-20 14:00:18+00:00,2026-01-21 03:00:00+00:00,UCLA Bruins,Purdue Boilermakers,spreads,full_game,,,6.0,-110.0,-6.0,-110.0,,,
8e212addf2c897f4b5b3ff83094c7643,BetOnline.ag,2026-01-20 14:00:55.038303+00:00,2026-01-20 14:00:18+00:00,2026-01-21 03:00:00+00:00,UCLA Bruins,Purdue Boilermakers,totals,full_game,,,,,,,147.0,-115.0,-105.0
8e212addf2c897f4b5b3ff83094c7643,LowVig.ag,2026-01-20 14:00:55.038303+00:00,2026-01-20 14:00:41+00:00,2026-01-21 03:00:00+00:00,UCLA Bruins,Purdue Boilermakers,h2h,full_game,207.0,-250.0,,,,,,,
8e212addf2c897f4b5b3ff83094c7643,LowVig.ag,2026-01-20 14:00:55.038303+00:00,2026-01-20 14:00:41+00:00,2026-01-21 03:00:00+00:00,UCLA Bruins,Purdue Boilermakers,spreads,full_game,,,6.0,-106.0,-6.0,-106.0,,,
8e212addf2c897f4b5b3ff83094c7643,LowVig.ag,2026-01-20 14:00:55.038303+00:00,2026-01-20 14:00:41+00:00,2026-01-21 03:00:00+00:00,UCLA Bruins,Purdue Boilermakers,totals,full_game,,,,,,,147.0,-113.0,-103.0
8e212addf2c897f4b5b3ff83094c7643,BetMGM,2026-01-20 14:00:55.038303+00:00,2026-01-20 13:59:57+00:00,2026-01-21 03:00:00+00:00,UCLA Bruins,Purdue Boilermakers,h2h,full_game,225.0,-285.0,,,,,,,
8e212addf2c897f4b5b3ff83094c7643,BetMGM,2026-01-20 14:00:55.038303+00:00,2026-01-20 13:59:57+00:00,2026-01-21 03:00:00+00:00,UCLA Bruins,Purdue Boilermakers,spreads,full_game,,,6.5,-115.0,-6.5,-105.0,,,
8e212addf2c897f4b5b3ff83094c7643,BetMGM,2026-01-20 14:00:55.038303+00:00,2026-01-20 13:59:57+00:00,2026-01-21 03:00:00+00:00,UCLA Bruins,Purdue Boilermakers,totals,full_game,,,,,,,147.5,-110.0,-110.0
8e212addf2c897f4b5b3ff83094c7643,FanDuel,2026-01-20 14:00:55.038303+00:00,2026-01-20 13:59:57+00:00,2026-01-21 03:00:00+00:00,UCLA Bruins,Purdue Boilermakers,h2h,full_game,220.0,-275.0,,,,,,,
8e212addf2c897f4b5b3ff83094c7643,FanDuel,2026-01-20 14:00:55.038303+00:00,2026-01-20 13:59:57+00:00,2026-01-21 03:00:00+00:00,UCLA Bruins,Purdue Boilermakers,spreads,full_game,,,5.5,-104.0,-5.5,-118.0,,,
8e212addf2c897f4b5b3ff83094c7643,FanDuel,2026-01-20 14:00:55.038303+00:00,2026-01-20 13:59:57+00:00,2026-01-21 03:00:00+00:00,UCLA Bruins,Purdue Boilermakers,totals,full_game,,,,,,,147.5,-105.0,-115.0
8e212addf2c897f4b5b3ff83094c7643,BetRivers,2026-01-20 14:00:55.038303+00:00,2026-01-20 14:00:17+00:00,2026-01-21 03:00:00+00:00,UCLA Bruins,Purdue Boilermakers,h2h,full_game,195.0,-250.0,,,,,,,
8e212addf2c897f4b5b3ff83094c7643,BetRivers,2026-01-20 14:00:55.038303+00:00,2026-01-20 14:00:17+00:00,2026-01-21 03:00:00+00:00,UCLA Bruins,Purdue Boilermakers,spreads,full_game,,,5.5,-110.0,-5.5,-113.0,,,
8e212addf2c897f4b5b3ff83094c7643,BetUS,2026-01-20 14:00:55.038303+00:00,2026-01-20 14:00:39+00:00,2026-01-21 03:00:00+00:00,UCLA Bruins,Purdue Boilermakers,h2h,full_game,210.0,-250.0,,,,,,,
8e212addf2c897f4b5b3ff83094c7643,BetUS,2026-01-20 14:00:55.038303+00:00,2026-01-20 14:00:39+00:00,2026-01-21 03:00:00+00:00,UCLA Bruins,Purdue Boilermakers,spreads,full_game,,,6.0,-110.0,-6.0,-110.0,,,
8e212addf2c897f4b5b3ff83094c7643,BetUS,2026-01-20 14:00:55.038303+00:00,2026-01-20 14:00:39+00:00,2026-01-21 03:00:00+00:00,UCLA Bruins,Purdue Boilermakers,totals,full_game,,,,,,,147.5,-110.0,-110.0
8e212addf2c897f4b5b3ff83094c7643,Caesars,2026-01-20 14:00:55.038303+00:00,2026-01-20 14:00:34+00:00,2026-01-21 03:00:00+00:00,UCLA Bruins,Purdue Boilermakers,spreads,full_game,,,6.0,-110.0,-6.0,-110.0,,,
8e212addf2c897f4b5b3ff83094c7643,Caesars,2026-01-20 14:00:55.038303+00:00,2026-01-20 14:00:34+00:00,2026-01-21 03:00:00+00:00,UCLA Bruins,Purdue Boilermakers,totals,full_game,,,,,,,147.5,-110.0,-110.0
8e212addf2c897f4b5b3ff83094c7643,Bovada,2026-01-20 14:00:55.038303+00:00,2026-01-20 13:55:14+00:00,2026-01-21 03:00:00+00:00,UCLA Bruins,Purdue Boilermakers,h2h,full_game,200.0,-240.0,,,,,,,
8e212addf2c897f4b5b3ff83094c7643,Bovada,2026-01-20 14:00:55.038303+00:00,2026-01-20 13:55:14+00:00,2026-01-21 03:00:00+00:00,UCLA Bruins,Purdue Boilermakers,spreads,full_game,,,5.5,-110.0,-5.5,-110.0,,,
8e212addf2c897f4b5b3ff83094c7643,Bovada,2026-01-20 14:00:55.038303+00:00,2026-01-20 13:55:14+00:00,2026-01-21 03:00:00+00:00,UCLA Bruins,Purdue Boilermakers,totals,full_game,,,,,,,147.5,-110.0,-110.0
5448081f99ebd5dee2bdf1805f0fe725,BetOnline.ag,2026-01-20 14:00:55.038303+00:00,2026-01-20 14:00:18+00:00,2026-01-21 04:00:00+00:00,Colorado Buffaloes,Kansas Jayhawks,h2h,full_game,180.0,-210.0,,,,,,,
5448081f99ebd5dee2bdf1805f0fe725,BetOnline.ag,2026-01-20 14:00:55.038303+00:00,2026-01-20 14:00:18+00:00,2026-01-21 04:00:00+00:00,Colorado Buffaloes,Kansas Jayhawks,spreads,full_game,,,5.0,-110.0,-5.0,-110.0,,,
5448081f99ebd5dee2bdf1805f0fe725,BetOnline.ag,2026-01-20 14:00:55.038303+00:00,2026-01-20 14:00:18+00:00,2026-01-21 04:00:00+00:00,Colorado Buffaloes,Kansas Jayhawks,totals,full_game,,,,,,,155.0,-115.0,-105.0
5448081f99ebd5dee2bdf1805f0fe725,LowVig.ag,2026-01-20 14:00:55.038303+00:00,2026-01-20 14:00:41+00:00,2026-01-21 04:00:00+00:00,Colorado Buffaloes,Kansas Jayhawks,h2h,full_game,180.0,-210.0,,,,,,,
5448081f99ebd5dee2bdf1805f0fe725,LowVig.ag,2026-01-20 14:00:55.038303+00:00,2026-01-20 14:00:41+00:00,2026-01-21 04:00:00+00:00,Colorado Buffaloes,Kansas Jayhawks,spreads,full_game,,,5.0,-106.0,-5.0,-106.0,,,
5448081f99ebd5dee2bdf1805f0fe725,LowVig.ag,2026-01-20 14:00:55.038303+00:00,2026-01-20 14:00:41+00:00,2026-01-21 04:00:00+00:00,Colorado Buffaloes,Kansas Jayhawks,totals,full_game,,,,,,,155.0,-113.0,-103.0
5448081f99ebd5dee2bdf1805f0fe725,BetMGM,2026-01-20 14:00:55.038303+00:00,2026-01-20 13:59:57+00:00,2026-01-21 04:00:00+00:00,Colorado Buffaloes,Kansas Jayhawks,h2h,full_game,170.0,-210.0,,,,,,,
5448081f99ebd5dee2bdf1805f0fe725,BetMGM,2026-01-20 14:00:55.038303+00:00,2026-01-20 13:59:57+00:00,2026-01-21 04:00:00+00:00,Colorado Buffaloes,Kansas Jayhawks,spreads,full_game,,,4.5,-105.0,-4.5,-115.0,,,
5448081f99ebd5dee2bdf1805f0fe725,BetMGM,2026-01-20 14:00:55.038303+00:00,2026-01-20 13:59:57+00:00,2026-01-21 04:00:00+00:00,Colorado Buffaloes,Kansas Jayhawks,totals,full_game,,,,,,,155.5,-110.0,-110.0
5448081f99ebd5dee2bdf1805f0fe725,Fanatics,2026-01-20 14:00:55.038303+00:00,2026-01-20 14:00:17+00:00,2026-01-21 04:00:00+00:00,Colorado Buffaloes,Kansas Jayhawks,h2h,full_game,185.0,-225.0,,,,,,,
5448081f99ebd5dee2bdf1805f0fe725,Fanatics,2026-01-20 14:00:55.038303+00:00,2026-01-20 14:00:17+00:00,2026-01-21 04:00:00+00:00,Colorado Buffaloes,Kansas Jayhawks,spreads,full_game,,,5.0,-110.0,-5.0,-110.0,,,
5448081f99ebd5dee2bdf1805f0fe725,Fanatics,2026-01-20 14:00:55.038303+00:00,2026-01-20 14:00:17+00:00,2026-01-21 04:00:00+00:00,Colorado Buffaloes,Kansas Jayhawks,totals,full_game,,,,,,,155.5,-110.0,-110.0
5448081f99ebd5dee2bdf1805f0fe725,DraftKings,2026-01-20 14:00:55.038303+00:00,2026-01-20 14:00:39+00:00,2026-01-21 04:00:00+00:00,Colorado Buffaloes,Kansas Jayhawks,h2h,full_game,190.0,-230.0,,,,,,,
5448081f99ebd5dee2bdf1805f0fe725,DraftKings,2026-01-20 14:00:55.038303+00:00,2026-01-20 14:00:39+00:00,2026-01-21 04:00:00+00:00,Colorado Buffaloes,Kansas Jayhawks,spreads,full_game,,,4.5,-105.0,-4.5,-115.0,,,
5448081f99ebd5dee2bdf1805f0fe725,DraftKings,2026-01-20 14:00:55.038303+00:00,2026-01-20 14:00:39+00:00,2026-01-21 04:00:00+00:00,Colorado Buffaloes,Kansas Jayhawks,totals,full_game,,,,,,,155.5,-112.0,-108.0
5448081f99ebd5dee2bdf1805f0fe725,FanDuel,2026-01-20 14:00:55.038303+00:00,2026-01-20 13:59:57+00:00,2026-01-21 04:00:00+00:00,Colorado Buffaloes,Kansas Jayhawks,h2h,full_game,184.0,-225.0,,,,,,,
5448081f99ebd5dee2bdf1805f0fe725,FanDuel,2026-01-20 14:00:55.038303+00:00,2026-01-20 13:59:57+00:00,2026-01-21 04:00:00+00:00,Colorado Buffaloes,Kansas Jayhawks,spreads,full_game,,,4.5,-106.0,-4.5,-114.0,,,
5448081f99ebd5dee2bdf1805f0fe725,FanDuel,2026-01-20 14:00:55.038303+00:00,2026-01-20 13:59:57+00:00,2026-01-21 04:00:00+00:00,Colorado Buffaloes,Kansas Jayhawks,totals,full_game,,,,,,,155.5,-110.0,-110.0
5448081f99ebd5dee2bdf1805f0fe725,BetRivers,2026-01-20 14:00:55.038303+00:00,2026-01-20 14:00:17+00:00,2026-01-21 04:00:00+00:00,Colorado Buffaloes,Kansas Jayhawks,h2h,full_game,175.0,-225.0,,,,,,,
5448081f99ebd5dee2bdf1805f0fe725,BetRivers,2026-01-20 14:00:55.038303+00:00,2026-01-20 14:00:17+00:00,2026-01-21 04:00:00+00:00,Colorado Buffaloes,Kansas Jayhawks,spreads,full_game,,,4.5,-107.0,-4.5,-117.0,,,
5448081f99ebd5dee2bdf1805f0fe725,BetUS,2026-01-20 14:00:55.038303+00:00,2026-01-20 14:00:39+00:00,2026-01-21 04:00:00+00:00,Colorado Buffaloes,Kansas Jayhawks,h2h,full_game,180.0,-210.0,,,,,,,
5448081f99ebd5dee2bdf1805f0fe725,BetUS,2026-01-20 14:00:55.038303+00:00,2026-01-20 14:00:39+00:00,2026-01-21 04:00:00+00:00,Colorado Buffaloes,Kansas Jayhawks,spreads,full_game,,,5.0,-110.0,-5.0,-110.0,,,
5448081f99ebd5dee2bdf1805f0fe725,BetUS,2026-01-20 14:00:55.038303+00:00,2026-01-20 14:00:39+00:00,2026-01-21 04:00:00+00:00,Colorado Buffaloes,Kansas Jayhawks,totals,full_game,,,,,,,155.5,-110.0,-110.0
5448081f99ebd5dee2bdf1805f0fe725,Caesars,2026-01-20 14:00:55.038303+00:00,2026-01-20 14:00:34+00:00,2026-01-21 04:00:00+00:00,Colorado Buffaloes,Kansas Jayhawks,spreads,full_game,,,5.0,-110.0,-5.0,-110.0,,,
5448081f99ebd5dee2bdf1805f0fe725,Caesars,2026-01-20 14:00:55.038303+00:00,2026-01-20 14:00:34+00:00,2026-01-21 04:00:00+00:00,Colorado Buffaloes,Kansas Jayhawks,totals,full_game,,,,,,,155.5,-110.0,-110.0
5448081f99ebd5dee2bdf1805f0fe725,Bovada,2026-01-20 14:00:55.038303+00:00,2026-01-20 13:55:14+00:00,2026-01-21 04:00:00+00:00,Colorado Buffaloes,Kansas Jayhawks,h2h,full_game,180.0,-220.0,,,,,,,
5448081f99ebd5dee2bdf1805f0fe725,Bovada,2026-01-20 14:00:55.038303+00:00,2026-01-20 13:55:14+00:00,2026-01-21 04:00:00+00:00,Colorado Buffaloes,Kansas Jayhawks,spreads,full_game,,,5.0,-115.0,-5.0,-105.0,,,
5448081f99ebd5dee2bdf1805f0fe725,Bovada,2026-01-20 14:00:55.038303+00:00,2026-01-20 13:55:14+00:00,2026-01-21 04:00:00+00:00,Colorado Buffaloes,Kansas Jayhawks,totals,full_game,,,,,,,155.0,-110.0,-110.0
65401af78785ada946e8236838a4cebd,BetOnline.ag,2026-01-20 14:00:55.038303+00:00,2026-01-20 14:00:18+00:00,2026-01-21 04:00:00+00:00,Utah State Aggies,UNLV Rebels,spreads,full_game,,,-17.0,-115.0,17.0,-105.0,,,
65401af78785ada946e8236838a4cebd,BetOnline.ag,2026-01-20 14:00:55.038303+00:00,2026-01-20 14:00:18+00:00,2026-01-21 04:00:00+00:00,Utah State Aggies,UNLV Rebels,totals,full_game,,,,,,,157.5,-110.0,-110.0
65401af78785ada946e8236838a4cebd,LowVig.ag,2026-01-20 14:00:55.038303+00:00,2026-01-20 14:00:41+00:00,2026-01-21 04:00:00+00:00,Utah State Aggies,UNLV Rebels,spreads,full_game,,,-17.0,-111.0,17.0,-101.0,,,
65401af78785ada946e8236838a4cebd,LowVig.ag,2026-01-20 14:00:55.038303+00:00,2026-01-20 14:00:41+00:00,2026-01-21 04:00:00+00:00,Utah State Aggies,UNLV Rebels,totals,full_game,,,,,,,157.5,-108.0,-108.0
65401af78785ada946e8236838a4cebd,BetMGM,2026-01-20 14:00:55.038303+00:00,2026-01-20 13:59:57+00:00,2026-01-21 04:00:00+00:00,Utah State Aggies,UNLV Rebels,h2h,full_game,-2000.0,950.0,,,,,,,
65401af78785ada946e8236838a4cebd,BetMGM,2026-01-20 14:00:55.038303+00:00,2026-01-20 13:59:57+00:00,2026-01-21 04:00:00+00:00,Utah State Aggies,UNLV Rebels,spreads,full_game,,,-17.5,-105.0,17.5,-115.0,,,
65401af78785ada946e8236838a4cebd,BetMGM,2026-01-20 14:00:55.038303+00:00,2026-01-20 13:59:57+00:00,2026-01-21 04:00:00+00:00,Utah State Aggies,UNLV Rebels,totals,full_game,,,,,,,156.5,-115.0,-105.0
65401af78785ada946e8236838a4cebd,Fanatics,2026-01-20 14:00:55.038303+00:00,2026-01-20 14:00:17+00:00,2026-01-21 04:00:00+00:00,Utah State Aggies,UNLV Rebels,h2h,full_game,-2200.0,1200.0,,,,,,,
65401af78785ada946e8236838a4cebd,Fanatics,2026-01-20 14:00:55.038303+00:00,2026-01-20 14:00:17+00:00,2026-01-21 04:00:00+00:00,Utah State Aggies,UNLV Rebels,spreads,full_game,,,-17.0,-110.0,17.0,-110.0,,,
65401af78785ada946e8236838a4cebd,Fanatics,2026-01-20 14:00:55.038303+00:00,2026-01-20 14:00:17+00:00,2026-01-21 04:00:00+00:00,Utah State Aggies,UNLV Rebels,totals,full_game,,,,,,,156.5,-110.0,-110.0
65401af78785ada946e8236838a4cebd,DraftKings,2026-01-20 14:00:55.038303+00:00,2026-01-20 14:00:39+00:00,2026-01-21 04:00:00+00:00,Utah State Aggies,UNLV Rebels,h2h,full_game,-1650.0,950.0,,,,,,,
65401af78785ada946e8236838a4cebd,DraftKings,2026-01-20 14:00:55.038303+00:00,2026-01-20 14:00:39+00:00,2026-01-21 04:00:00+00:00,Utah State Aggies,UNLV Rebels,spreads,full_game,,,-17.5,-105.0,17.5,-115.0,,,
65401af78785ada946e8236838a4cebd,DraftKings,2026-01-20 14:00:55.038303+00:00,2026-01-20 14:00:39+00:00,2026-01-21 04:00:00+00:00,Utah State Aggies,UNLV Rebels,totals,full_game,,,,,,,156.5,-112.0,-108.0
65401af78785ada946e8236838a4cebd,BetRivers,2026-01-20 14:00:55.038303+00:00,2026-01-20 14:00:17+00:00,2026-01-21 04:00:00+00:00,Utah State Aggies,UNLV Rebels,h2h,full_game,-2000.0,900.0,,,,,,,
65401af78785ada946e8236838a4cebd,BetRivers,2026-01-20 14:00:55.038303+00:00,2026-01-20 14:00:17+00:00,2026-01-21 04:00:00+00:00,Utah State Aggies,UNLV Rebels,spreads,full_game,,,-16.5,-117.0,16.5,-109.0,,,
65401af78785ada946e8236838a4cebd,BetUS,2026-01-20 14:00:55.038303+00:00,2026-01-20 14:00:39+00:00,2026-01-21 04:00:00+00:00,Utah State Aggies,UNLV Rebels,spreads,full_game,,,-17.0,-110.0,17.0,-110.0,,,
65401af78785ada946e8236838a4cebd,BetUS,2026-01-20 14:00:55.038303+00:00,2026-01-20 14:00:39+00:00,2026-01-21 04:00:00+00:00,Utah State Aggies,UNLV Rebels,totals,full_game,,,,,,,157.0,-110.0,-110.0
65401af78785ada946e8236838a4cebd,Caesars,2026-01-20 14:00:55.038303+00:00,2026-01-20 14:00:34+00:00,2026-01-21 04:00:00+00:00,Utah State Aggies,UNLV Rebels,spreads,full_game,,,-17.5,-110.0,17.5,-110.0,,,
65401af78785ada946e8236838a4cebd,Caesars,2026-01-20 14:00:55.038303+00:00,2026-01-20 14:00:34+00:00,2026-01-21 04:00:00+00:00,Utah State Aggies,UNLV Rebels,totals,full_game,,,,,,,157.0,-110.0,-110.0
65401af78785ada946e8236838a4cebd,FanDuel,2026-01-20 14:00:55.038303+00:00,2026-01-20 13:59:57+00:00,2026-01-21 04:00:00+00:00,Utah State Aggies,UNLV Rebels,h2h,full_game,-2800.0,1160.0,,,,,,,
65401af78785ada946e8236838a4cebd,FanDuel,2026-01-20 14:00:55.038303+00:00,2026-01-20 13:59:57+00:00,2026-01-21 04:00:00+00:00,Utah State Aggies,UNLV Rebels,spreads,full_game,,,-17.5,-104.0,17.5,-118.0,,,
65401af78785ada946e8236838a4cebd,FanDuel,2026-01-20 14:00:55.038303+00:00,2026-01-20 13:59:57+00:00,2026-01-21 04:00:00+00:00,Utah State Aggies,UNLV Rebels,totals,full_game,,,,,,,156.5,-110.0,-110.0
65401af78785ada946e8236838a4cebd,Bovada,2026-01-20 14:00:55.038303+00:00,2026-01-20 13:55:14+00:00,2026-01-21 04:00:00+00:00,Utah State Aggies,UNLV Rebels,h2h,full_game,-2800.0,1100.0,,,,,,,
65401af78785ada946e8236838a4cebd,Bovada,2026-01-20 14:00:55.038303+00:00,2026-01-20 13:55:14+00:00,2026-01-21 04:00:00+00:00,Utah State Aggies,UNLV Rebels,spreads,full_game,,,-17.5,-105.0,17.5,-115.0,,,
65401af78785ada946e8236838a4cebd,Bovada,2026-01-20 14:00:55.038303+00:00,2026-01-20 13:55:14+00:00,2026-01-21 04:00:00+00:00,Utah State Aggies,UNLV Rebels,totals,full_game,,,,,,,156.5,-115.0,-105.0
